source,target,weight
DOI:10.1007/s10113-017-1259-5],DOI:10.1068/c0941,3
DOI:10.1007/s10584-019-02394-w,DOI:10.1016/j.cities.2020.103001,3
DOI:10.1007/s10584-019-02394-w,DOI:10.1016/j.envsci.2016.06.009,3
DOI:10.1007/s10584-019-02394-w,DOI:10.1016/j.jclepro.2018.03.220,4
DOI:10.1007/s10584-019-02394-w,DOI:10.1016/j.uclim.2015.06.005,3
DOI:10.1007/s10584-019-02394-w,DOI:10.1038/nclimate3012,3
DOI:10.1007/s10668-018-0242-8,DOI:10.1007/s11027-011-9301-2,4
DOI:10.1007/s10668-018-0242-8,DOI:10.1068/c0941,3
DOI:10.1007/s10668-018-0242-8,DOI:10.1007/s10113-017-1259-5,3
DOI:10.1007/s10668-018-0242-8,DOI:10.1007/s10584-019-02484-9,3
DOI:10.1007/s10668-018-0242-8,DOI:10.1016/j.envsci.2018.04.010,4
DOI:10.1007/s10668-018-0242-8,DOI:10.1016/j.gloenvcha.2012.07.005,3
DOI:10.1007/s10668-018-0242-8,DOI:10.1016/j.jclepro.2018.03.220,3
DOI:10.1007/s10668-018-0242-8,DOI:10.1017/9781009325844,4
DOI:10.1007/s10668-018-0242-8,DOI:10.1111/1477-8947.12262,3
DOI:10.1007/s10668-018-0242-8,DOI:10.1016/j.envsci.2023.03.013,3
DOI:10.1007/s11027-011-9301-2,DOI:10.1016/j.progress.2013.08.001,5
DOI:10.1007/s11027-011-9301-2,DOI:10.1016/j.uclim.2014.06.002,4
DOI:10.1007/s11027-011-9301-2,DOI:10.1068/c0941,10
DOI:10.1007/s11027-011-9301-2,DOI:10.1080/14649357.2018.1481993,3
DOI:10.1007/s11027-011-9301-2,DOI:10.1080/14693062.2019.1651244,3
DOI:10.1007/s11027-011-9301-2,"COAG, 2007, NAT CLIM CHANG AD FR",3
DOI:10.1007/s11027-011-9301-2,DOI:10.1007/s10584-013-0880-7,4
DOI:10.1007/s11027-011-9301-2,DOI:10.1016/j.envsci.2014.12.011,7
DOI:10.1007/s11027-011-9301-2,"IPCC, 2012, MANAGING THE RISKS OF EXTREME EVENTS AND DISASTERS TO ADVANCE CLIMATE CHANGE ADAPTATION.A SPECIAL REPORT OF WORKING GROUPS I AND II OF THE INTERGOVERNMENTAL PANEL ON CLIMATE CHANGE (IPCC).",3
DOI:10.1007/s11027-011-9301-2,"ADGER WN, 2005, GLOBAL ENVIRON CHANG, V15, P77, DOI [10.1016/J.GLOENVCHA.2005.03.001, 10.1016/J.GLOENVCHA.2004.12.005]",13
DOI:10.1007/s11027-011-9301-2,DOI:10.1007/s10584-008-9520-z,8
DOI:10.1007/s11027-011-9301-2,DOI:10.1007/s11027-011-9323-9,3
DOI:10.1007/s11027-011-9301-2,DOI:10.1016/j.envsci.2005.06.010,3
DOI:10.1007/s11027-011-9301-2,DOI:10.1016/j.gloenvcha.2004.12.006,6
DOI:10.1007/s11027-011-9301-2,DOI:10.1016/j.gloenvcha.2006.03.008,11
DOI:10.1007/s11027-011-9301-2,DOI:10.1016/j.gloenvcha.2006.05.002,5
DOI:10.1007/s11027-011-9301-2,DOI:10.1016/j.gloenvcha.2007.06.002,4
DOI:10.1007/s11027-011-9301-2,DOI:10.1016/j.gloenvcha.2010.05.001,4
DOI:10.1007/s11027-011-9301-2,DOI:10.1073/pnas.1007887107,18
DOI:10.1007/s11027-011-9301-2,"WONG PP, 2014, CLIMATE CHANGE 2014: IMPACTS, ADAPTATION, AND VULNERABILITY, PT A: GLOBAL AND SECTORAL ASPECTS, P361",3
DOI:10.1007/s11027-011-9301-2,"ADGER WN, 2007, AR4 CLIMATE CHANGE 2007: IMPACTS, ADAPTATION, AND VULNERABILITY, P717",5
DOI:10.1007/s11027-011-9301-2,"BIZIKOVA L., 2008, CANADIAN COMMUNITIES, VFIRST",3
DOI:10.1007/s11027-011-9301-2,DOI:10.1007/s10584-010-9975-6,5
DOI:10.1007/s11027-011-9301-2,DOI:10.1007/s10584-012-0653-8,4
DOI:10.1007/s11027-011-9301-2,DOI:10.1007/s11027-010-9270-x,13
DOI:10.1007/s11027-011-9301-2,DOI:10.1007/s11625-007-0032-y,8
DOI:10.1007/s11027-011-9301-2,DOI:10.1016/j.enpol.2009.06.070,8
DOI:10.1007/s11027-011-9301-2,DOI:10.1016/j.envsci.2011.12.011,3
DOI:10.1007/s11027-011-9301-2,DOI:10.1016/j.gloenvcha.2010.09.012,12
DOI:10.1007/s11027-011-9301-2,DOI:10.1016/j.landurbplan.2012.05.009,17
DOI:10.1007/s11027-011-9301-2,DOI:10.1080/09640560903399772,6
DOI:10.1007/s11027-011-9301-2,DOI:10.1080/1523908x.2010.505414,3
DOI:10.1007/s11027-011-9301-2,"[ANONYMOUS], CHANG CLIM CHANG COM",3
DOI:10.1007/s11027-011-9301-2,DOI:10.1016/j.gloenvcha.2006.02.006,4
DOI:10.1007/s11027-011-9301-2,DOI:10.1016/j.gloenvcha.2007.05.002,3
DOI:10.1007/s11027-011-9301-2,DOI:10.1016/j.gloenvcha.2009.11.004,3
DOI:10.1007/s11027-011-9301-2,DOI:10.1023/a:1005661622966,5
DOI:10.1007/s11027-011-9301-2,DOI:10.1023/a:1009601904210,3
DOI:10.1007/s11027-011-9301-2,DOI:10.1073/pnas.1231335100,3
DOI:10.1007/s11027-011-9301-2,DOI:10.1080/13549839.2012.678313,5
DOI:10.1007/s11027-011-9301-2,DOI:10.1080/14693062.2007.9685639,4
DOI:10.1007/s11027-011-9301-2,"WATSON RT, 2001, CLIMATE CHANGE 2001: IMPACTS, ADAPTATION, AND VULNERABILITY, PIX",3
DOI:10.1007/s11027-011-9301-2,DOI:10.1002/wcc.183,3
DOI:10.1007/s11027-011-9301-2,DOI:10.1002/wcc.96,3
DOI:10.1007/s11027-011-9301-2,DOI:10.1007/s10113-012-0348-8,7
DOI:10.1007/s11027-011-9301-2,DOI:10.1016/j.envsci.2008.01.003,3
DOI:10.1007/s11027-011-9301-2,DOI:10.1016/j.gloenvcha.2009.11.009,16
DOI:10.1007/s11027-011-9301-2,DOI:10.1080/13549830600853635,4
DOI:10.1007/s11027-011-9301-2,DOI:10.1007/s10584-006-0329-3,3
DOI:10.1007/s11027-011-9301-2,DOI:10.1007/s11027-012-9423-1,6
DOI:10.1007/s11027-011-9301-2,DOI:10.1080/09640568.2013.776951,3
DOI:10.1007/s11027-011-9301-2,DOI:10.1080/1523908x.2012.659847,3
DOI:10.1007/s11027-011-9301-2,DOI:10.1007/s10113-017-1259-5,5
DOI:10.1007/s11027-011-9301-2,DOI:10.1007/s10584-007-9268-x,3
DOI:10.1007/s11027-011-9301-2,DOI:10.1080/09640568.2012.756805,4
DOI:10.1007/s11027-011-9301-2,DOI:10.1080/13549839.2014.880412,3
DOI:10.1007/s11027-011-9301-2,DOI:10.1007/s10584-009-9623-1,3
DOI:10.1007/s11027-011-9301-2,DOI:10.1007/s11027-013-9505-8,7
DOI:10.1007/s11027-011-9301-2,DOI:10.1016/j.envsci.2010.05.006,3
DOI:10.1007/s11027-011-9301-2,DOI:10.1016/j.gloenvcha.2010.03.005,3
DOI:10.1007/s11027-011-9301-2,DOI:10.1016/j.gloenvcha.2015.10.004,3
DOI:10.1007/s11027-011-9301-2,DOI:10.1016/j.habitatint.2013.05.003,7
DOI:10.1007/s11027-011-9301-2,DOI:10.1080/17565529.2014.886994,6
DOI:10.1007/s11027-011-9301-2,DOI:10.1177/1070496514525406,5
DOI:10.1007/s11027-011-9301-2,"CARMIN JOANN., 2012, PROGRESS AND CHALLENGES IN URBAN CLIMATE ADAPTATION PLANNING: RESULTS OF A GLOBAL SURVEY",5
DOI:10.1007/s11027-011-9301-2,DOI:10.1002/wcc.573,3
DOI:10.1007/s11027-011-9301-2,DOI:10.1007/s10584-019-02484-9,4
DOI:10.1007/s11027-011-9301-2,DOI:10.1016/j.cities.2020.102717,3
DOI:10.1007/s11027-011-9301-2,DOI:10.1016/j.envsci.2016.06.009,8
DOI:10.1007/s11027-011-9301-2,DOI:10.1016/j.envsci.2017.11.003,3
DOI:10.1007/s11027-011-9301-2,DOI:10.1016/j.envsci.2018.04.010,3
DOI:10.1007/s11027-011-9301-2,DOI:10.1016/j.envsci.2018.05.017,3
DOI:10.1007/s11027-011-9301-2,DOI:10.1016/j.gloenvcha.2012.07.005,5
DOI:10.1007/s11027-011-9301-2,DOI:10.1016/j.gloenvcha.2014.05.010,5
DOI:10.1007/s11027-011-9301-2,DOI:10.1016/j.jclepro.2018.03.220,5
DOI:10.1007/s11027-011-9301-2,DOI:10.1016/j.uclim.2015.06.005,7
DOI:10.1007/s11027-011-9301-2,DOI:10.1017/9781009325844,4
DOI:10.1007/s11027-011-9301-2,DOI:10.1068/c1234,3
DOI:10.1007/s11027-011-9301-2,DOI:10.1080/13549839.2013.839643,3
DOI:10.1007/s11027-011-9301-2,DOI:10.1080/1523908x.2019.1673154,3
DOI:10.1007/s11027-011-9301-2,DOI:10.1177/1609406917733847,3
DOI:10.1007/s11027-011-9301-2,"LESNIKOWSKI A, 2016, NAT CLIM CHANGE, V6, P261, DOI [10.1038/NCLIMATE2863, 10.1038/NCLIMATE2863]",3
DOI:10.1007/s11027-011-9301-2,"ADGER WN, 2013, NAT CLIM CHANGE, V3, P112, DOI [10.1038/NCLIMATE1666, 10.1038/NCLIMATE1666]",3
DOI:10.1007/s11027-011-9301-2,DOI:10.1007/s10584-011-0045-5,5
DOI:10.1007/s11027-011-9301-2,DOI:10.1007/s10584-011-0256-9,3
DOI:10.1007/s11027-011-9301-2,DOI:10.1016/j.gloenvcha.2004.10.003,3
DOI:10.1007/s11027-011-9301-2,DOI:10.1016/j.ocecoaman.2010.10.008,3
DOI:10.1007/s11027-011-9301-2,DOI:10.1073/pnas.1115521109,5
DOI:10.1007/s11027-011-9301-2,"LAZARUS RJ, 2009, CORNELL LAW REV, V94, P1153",3
DOI:10.1007/s11027-011-9301-2,"PELLING M, 2011, ADAPTATION TO CLIMATE CHANGE: FROM RESILIENCE TO TRANSFORMATION, P1",5
DOI:10.1007/s11027-011-9301-2,"[ANONYMOUS], REGIONAL ENV CHANGE",3
DOI:10.1007/s11027-011-9301-2,DOI:10.1007/s11027-013-9480-0,6
DOI:10.1007/s11027-011-9301-2,DOI:10.1016/j.gloenvcha.2013.12.002,6
DOI:10.1007/s11027-011-9301-2,DOI:10.1016/j.landurbplan.2012.05.014,3
DOI:10.1007/s11027-011-9301-2,DOI:10.1038/nclimate3012,5
DOI:10.1007/s11027-011-9301-2,DOI:10.1080/01944360802377973,5
DOI:10.1007/s11027-011-9301-2,DOI:10.1080/01944363.2015.1074526,3
DOI:10.1007/s11027-011-9301-2,"NOBLE IR, 2014, CLIMATE CHANGE 2014: IMPACTS, ADAPTATION, AND VULNERABILITY, PT A: GLOBAL AND SECTORAL ASPECTS, P833",3
DOI:10.1007/s11027-011-9301-2,DOI:10.1016/j.envsci.2007.07.003,3
DOI:10.1007/s11027-011-9301-2,DOI:10.1080/01944363.2014.949590,5
DOI:10.1007/s11027-011-9301-2,DOI:10.1080/13549839.2013.872092,3
DOI:10.1007/s11027-011-9301-2,DOI:10.1146/annurev-environ-072809-101747,3
DOI:10.1007/s11027-011-9301-2,DOI:10.1002/wcc.133,3
DOI:10.1007/s11027-011-9301-2,DOI:10.1007/s10584-010-9980-9,5
DOI:10.1007/s11027-011-9301-2,DOI:10.1038/nclimate2199,3
DOI:10.1007/s11027-011-9301-2,DOI:10.1038/s41558-019-0539-0,3
DOI:10.1007/s11027-011-9301-2,DOI:10.1111/j.1541-0072.2010.00394.x,3
DOI:10.1007/s11027-011-9301-2,DOI:10.1146/annurev.energy.32.051807.090348,3
DOI:10.1007/s11027-011-9301-2,"KLEIN RJT, 2014, CLIMATE CHANGE 2014: IMPACTS, ADAPTATION, AND VULNERABILITY, PT A: GLOBAL AND SECTORAL ASPECTS, P899",4
DOI:10.1007/s11027-011-9301-2,DOI:10.1080/13549830120091699],3
DOI:10.1007/s11027-011-9301-2,DOI:10.4324/9780203219256,3
DOI:10.1007/s11027-011-9301-2,"SMIT B, 2001, CLIMATE CHANGE 2001: IMPACTS, ADAPTATION, AND VULNERABILITY, P877",3
DOI:10.1007/s11027-011-9301-2,DOI:10.1007/s10113-013-0421-y,7
DOI:10.1007/s11027-011-9301-2,DOI:10.1007/s10584-014-1138-8,5
DOI:10.1007/s11027-011-9301-2,DOI:10.1038/nclimate2350,10
DOI:10.1007/s11027-011-9301-2,DOI:10.1038/s41558-019-0490-0,4
DOI:10.1007/s11027-011-9301-2,DOI:10.5751/es-05965-180431,5
DOI:10.1007/s11027-011-9301-2,"FIELD CB, 2014, CLIMATE CHANGE 2014: IMPACTS, ADAPTATION, AND VULNERABILITY, PT A: GLOBAL AND SECTORAL ASPECTS, P1",4
DOI:10.1007/s11027-011-9301-2,DOI:10.1111/j.1467-9906.2010.00510.x,3
DOI:10.1007/s11027-011-9301-2,DOI:10.1371/journal.pone.0135597,3
DOI:10.1007/s11027-011-9301-2,DOI:10.1177/1078087410392348,3
DOI:10.1007/s11027-011-9301-2,DOI:10.1007/s11027-015-9699-z,3
DOI:10.1007/s11027-011-9301-2,DOI:10.1080/02697459.2013.787695,3
DOI:10.1007/s11027-011-9301-2,DOI:10.1080/14649357.2012.677124,3
DOI:10.1007/s11027-011-9301-2,DOI:10.1016/j.rser.2019.05.014,4
DOI:10.1007/s11027-011-9301-2,DOI:10.1080/0964401042000310178,3
DOI:10.1007/s11027-011-9301-2,DOI:10.1080/1523908x.2015.1065717,3
DOI:10.1007/s11027-011-9301-2,DOI:10.1016/j.gloenvcha.2007.08.002,4
DOI:10.1007/s11027-011-9301-2,DOI:10.3233/cl-2011-033,3
DOI:10.1007/s11027-011-9301-2,DOI:10.1080/13549830701659683,3
DOI:10.1016/j.cities.2010.08.001,DOI:10.1016/j.progress.2013.08.001,3
DOI:10.1016/j.cities.2020.103001,DOI:10.1016/j.envsci.2016.05.006,3
DOI:10.1016/j.cities.2020.103001,DOI:10.1007/s11027-013-9505-8,4
DOI:10.1016/j.cities.2020.103001,DOI:10.1016/j.uclim.2021.100859,3
DOI:10.1016/j.envsci.2016.05.006,DOI:10.1016/j.progress.2013.08.001,3
DOI:10.1016/j.envsci.2016.05.006,DOI:10.1016/j.uclim.2019.100501,3
DOI:10.1016/j.envsci.2016.05.006,DOI:10.1080/14649357.2018.1481993,3
DOI:10.1016/j.envsci.2016.05.006,DOI:10.1016/j.uclim.2021.100859,4
DOI:10.1016/j.envsci.2016.05.006,DOI:10.1002/wcc.29,3
DOI:10.1016/j.envsci.2016.05.006,DOI:10.1038/s41558-021-01170-y,3
DOI:10.1016/j.progress.2013.08.001,DOI:10.1016/j.uclim.2014.06.002,4
DOI:10.1016/j.progress.2013.08.001,DOI:10.5751/es-07698-200305,3
DOI:10.1016/j.progress.2013.08.001,DOI:10.1002/wcc.183,5
DOI:10.1016/j.progress.2013.08.001,DOI:10.1146/annurev-environ-072809-101747,3
DOI:10.1016/j.progress.2013.08.001,DOI:10.1002/wcc.29,3
DOI:10.1016/j.progress.2013.08.001,DOI:10.1016/j.uclim.2015.06.005,3
DOI:10.1016/j.progress.2013.08.001,DOI:10.1080/09644016.2013.755797,3
DOI:10.1016/j.progress.2013.08.001,"PELLING M, 2011, ADAPTATION TO CLIMATE CHANGE: FROM RESILIENCE TO TRANSFORMATION, P1",3
DOI:10.1016/j.progress.2013.08.001,DOI:10.1016/j.habitatint.2008.10.001,3
DOI:10.1016/j.progress.2013.08.001,DOI:10.1016/j.landurbplan.2012.05.009,6
DOI:10.1016/j.progress.2013.08.001,DOI:10.1080/09640568.2012.756805,5
DOI:10.1016/j.progress.2013.08.001,DOI:10.1080/13549830600853635,3
DOI:10.1016/j.progress.2013.08.001,DOI:10.1177/0739456x13513614,3
DOI:10.1016/j.progress.2013.08.001,DOI:10.1016/j.gloenvcha.2009.11.009,3
DOI:10.1016/j.progress.2013.08.001,DOI:10.1007/s11625-007-0032-y,3
DOI:10.1016/j.progress.2013.08.001,DOI:10.5751/es-07489-200230,3
DOI:10.1016/j.progress.2013.08.001,DOI:10.1007/s11027-010-9270-x,3
DOI:10.1016/j.progress.2013.08.001,DOI:10.1038/nclimate2350,3
DOI:10.1016/j.uclim.2014.06.002,DOI:10.1080/14649357.2018.1481993,3
DOI:10.1016/j.uclim.2014.06.002,DOI:10.1016/j.uclim.2015.06.005,3
DOI:10.1016/j.uclim.2014.06.002,DOI:10.1073/pnas.1007887107,4
DOI:10.1016/j.uclim.2014.06.002,"PELLING M, 2011, ADAPTATION TO CLIMATE CHANGE: FROM RESILIENCE TO TRANSFORMATION, P1",3
DOI:10.1016/j.uclim.2014.06.002,DOI:10.1007/s10113-013-0421-y,3
DOI:10.1016/j.uclim.2014.06.002,DOI:10.1016/j.habitatint.2013.05.003,4
DOI:10.1016/j.uclim.2014.06.002,DOI:10.1038/nclimate2350,3
DOI:10.1016/j.uclim.2014.06.002,DOI:10.1177/0739456x11430951,3
DOI:10.1068/c0941,DOI:10.1080/14649357.2018.1481993,3
DOI:10.1068/c0941,"ADGER WN, 2005, GLOBAL ENVIRON CHANG, V15, P77, DOI [10.1016/J.GLOENVCHA.2005.03.001, 10.1016/J.GLOENVCHA.2004.12.005]",15
DOI:10.1068/c0941,DOI:10.1007/s10113-013-0421-y,8
DOI:10.1068/c0941,DOI:10.1007/s10584-006-9089-3,3
DOI:10.1068/c0941,DOI:10.1016/j.envsci.2005.06.012,4
DOI:10.1068/c0941,DOI:10.1016/j.gloenvcha.2007.08.002,12
DOI:10.1068/c0941,DOI:10.1016/j.gloenvcha.2009.11.009,11
DOI:10.1068/c0941,DOI:10.1016/j.gloenvcha.2010.09.012,6
DOI:10.1068/c0941,DOI:10.1016/j.gloenvcha.2012.07.005,5
DOI:10.1068/c0941,DOI:10.1016/j.gloenvcha.2013.07.022,7
DOI:10.1068/c0941,DOI:10.1068/a39148,3
DOI:10.1068/c0941,DOI:10.1073/pnas.1007887107,13
DOI:10.1068/c0941,DOI:10.1080/13549830600853635,4
DOI:10.1068/c0941,DOI:10.1146/annurev-environ-072809-101747,3
DOI:10.1068/c0941,DOI:10.1007/s10584-010-9980-9,5
DOI:10.1068/c0941,DOI:10.1016/j.gloenvcha.2011.06.002,3
DOI:10.1068/c0941,DOI:10.1007/s10113-021-01834-7,3
DOI:10.1068/c0941,DOI:10.1007/s10584-010-9975-6,5
DOI:10.1068/c0941,DOI:10.1007/s10584-013-0989-8,3
DOI:10.1068/c0941,DOI:10.1007/s10584-019-02533-3,3
DOI:10.1068/c0941,DOI:10.1007/s10584-021-03142-9,3
DOI:10.1068/c0941,DOI:10.1007/s11027-010-9270-x,5
DOI:10.1068/c0941,DOI:10.1007/s11027-014-9627-7,5
DOI:10.1068/c0941,DOI:10.1016/j.cosust.2014.10.011,4
DOI:10.1068/c0941,DOI:10.1016/j.envsci.2010.12.006,5
DOI:10.1068/c0941,DOI:10.1016/j.envsci.2011.01.001,3
DOI:10.1068/c0941,DOI:10.1016/j.envsci.2018.04.010,4
DOI:10.1068/c0941,DOI:10.1016/j.gloenvcha.2010.05.001,5
DOI:10.1068/c0941,DOI:10.1016/j.gloenvcha.2014.09.002,4
DOI:10.1068/c0941,DOI:10.1017/s1537592714000784,3
DOI:10.1068/c0941,DOI:10.1038/nclimate3012,3
DOI:10.1068/c0941,DOI:10.1038/s41558-019-0490-0,4
DOI:10.1068/c0941,DOI:10.1080/01944363.2015.1074526,4
DOI:10.1068/c0941,DOI:10.1080/13549839.2013.872092,4
DOI:10.1068/c0941,DOI:10.1080/14693062.2016.1248889,3
DOI:10.1068/c0941,DOI:10.1080/1523908x.2010.505414,5
DOI:10.1068/c0941,DOI:10.1111/j.1468-5965.2009.00806.x,3
DOI:10.1068/c0941,DOI:10.1111/ropr.12103,3
DOI:10.1068/c0941,DOI:10.1111/ropr.12173,3
DOI:10.1068/c0941,DOI:10.1007/s11625-007-0032-y,10
DOI:10.1068/c0941,DOI:10.1007/s11625-010-0108-y,3
DOI:10.1068/c0941,DOI:10.1016/j.cosust.2010.12.017,4
DOI:10.1068/c0941,DOI:10.4324/9780203219256,4
DOI:10.1068/c0941,DOI:10.1016/j.gloenvcha.2010.03.005,12
DOI:10.1068/c0941,DOI:10.1068/c1152,4
DOI:10.1068/c0941,DOI:10.1080/13549839.2012.678318,3
DOI:10.1068/c0941,DOI:10.1080/1523908x.2015.1065717,3
DOI:10.1068/c0941,"REVI A, 2014, CLIMATE CHANGE 2014: IMPACTS, ADAPTATION, AND VULNERABILITY, PT A: GLOBAL AND SECTORAL ASPECTS, P535",3
DOI:10.1068/c0941,DOI:10.1007/s10584-009-9623-1,3
DOI:10.1068/c0941,DOI:10.1007/s11027-013-9505-8,6
DOI:10.1068/c0941,DOI:10.1016/j.envsci.2010.05.006,4
DOI:10.1068/c0941,DOI:10.1016/j.habitatint.2013.05.003,3
DOI:10.1068/c0941,DOI:10.1016/j.landurbplan.2012.05.009,3
DOI:10.1068/c0941,DOI:10.1080/1523908x.2012.707406,6
DOI:10.1068/c0941,DOI:10.5751/es-05732-180340,3
DOI:10.1068/c0941,"CASH DW, 2006, ECOL SOC, V11",3
DOI:10.1068/c0941,DOI:10.1016/j.gloenvcha.2009.06.001,6
DOI:10.1068/c0941,DOI:10.1080/13549830701656960,4
DOI:10.1068/c0941,DOI:10.1080/13549839.2010.487525,4
DOI:10.1068/c0941,DOI:10.1080/15239080500251908,3
DOI:10.1068/c0941,"[ANONYMOUS], 2009, 1 PEER",3
DOI:10.1068/c0941,DOI:10.1016/j.gloenvcha.2004.10.003,5
DOI:10.1068/c0941,DOI:10.1080/13549830701656911,3
DOI:10.1068/c0941,DOI:10.1007/s10113-012-0348-8,3
DOI:10.1068/c0941,DOI:10.1007/s10113-017-1259-5,3
DOI:10.1068/c0941,DOI:10.1016/j.envsci.2007.07.003,3
DOI:10.1068/c0941,DOI:10.1016/j.envsci.2014.12.011,3
DOI:10.1068/c0941,DOI:10.1016/j.envsci.2016.06.009,4
DOI:10.1068/c0941,DOI:10.1016/j.uclim.2015.06.005,4
DOI:10.1068/c0941,DOI:10.1080/01944363.2014.949590,3
DOI:10.1068/c0941,DOI:10.1080/13549839.2014.880412,5
DOI:10.1068/c0941,"KINGDON J.W., 2014, AGENDAS, ALTERNATIVES AND PUBLIC POLICIES",4
DOI:10.1068/c0941,DOI:10.1007/s10584-008-9520-z,4
DOI:10.1068/c0941,DOI:10.1007/s10584-013-0880-7,3
DOI:10.1068/c0941,DOI:10.1007/s11027-012-9423-1,3
DOI:10.1068/c0941,DOI:10.1080/01944363.2010.508428,3
DOI:10.1068/c0941,"MIMURA N, 2014, CLIMATE CHANGE 2014: IMPACTS, ADAPTATION, AND VULNERABILITY, PT A: GLOBAL AND SECTORAL ASPECTS, P869",3
DOI:10.1068/c0941,"TERMEER CJAM, 2010, ECOL SOC, V15",3
DOI:10.1068/c0941,DOI:10.1002/wcc.29,6
DOI:10.1068/c0941,DOI:10.1016/j.gloenvcha.2014.01.003,3
DOI:10.1068/c0941,DOI:10.1016/j.jclepro.2018.03.220,3
DOI:10.1068/c0941,DOI:10.1038/nclimate2350,6
DOI:10.1068/c0941,DOI:10.1038/nclimate2615,3
DOI:10.1068/c0941,DOI:10.1080/14693062.2015.1015946,3
DOI:10.1068/c0941,DOI:10.1111/ropr.12316,3
DOI:10.1068/c0941,DOI:10.1080/13549839.2012.738657,3
DOI:10.1068/c0941,DOI:10.1016/j.envsci.2014.07.002,3
DOI:10.1068/c0941,DOI:10.1038/nclimate2744,3
DOI:10.1068/c0941,DOI:10.1080/14693062.2007.9685639,3
DOI:10.1068/c0941,"SUTER G, 2022, INTEGR ENVIRON ASSES, V18, P1117",3
DOI:10.1068/c0941,"PELLING M, 2011, ADAPTATION TO CLIMATE CHANGE: FROM RESILIENCE TO TRANSFORMATION, P1",4
DOI:10.1068/c0941,"TSCHAKERT P, 2010, ECOL SOC, V15",4
DOI:10.1068/c0941,DOI:10.1007/978-3-642-29831-8_3,3
DOI:10.1068/c0941,DOI:10.5751/es-05965-180431,3
DOI:10.1068/c0941,DOI:10.1007/s10584-011-0045-5,4
DOI:10.1068/c0941,DOI:10.1080/09640560903399772,3
DOI:10.1068/c0941,DOI:10.1007/978-90-481-9325-7_4,3
DOI:10.1068/c0941,DOI:10.1007/s10584-014-1078-3,3
DOI:10.1068/c0941,DOI:10.1080/13549839.2012.678317,4
DOI:10.1068/c0941,DOI:10.1162/glep.2007.7.2.83,3
DOI:10.1068/c0941,DOI:10.1007/s11027-015-9699-z,3
DOI:10.1068/c0941,DOI:10.3233/cl-2011-033,3
DOI:10.1068/c0941,"SMIT B, 2001, CLIMATE CHANGE 2001: IMPACTS, ADAPTATION, AND VULNERABILITY, P877",3
DOI:10.1068/c0941,DOI:10.1007/s11027-013-9480-0,3
DOI:10.1068/c0941,DOI:10.1371/journal.pone.0135597,3
DOI:10.1080/14649357.2018.1481993,DOI:10.1111/disa.12338,3
DOI:10.1080/14649357.2018.1481993,DOI:10.1007/s10113-013-0421-y,3
DOI:10.1080/14649357.2018.1481993,DOI:10.1038/nclimate2350,4
DOI:10.5751/es-07698-200305,DOI:10.1038/nclimate1847,3
DOI:10.5751/es-07698-200305,"PELLING M, 2011, ADAPTATION TO CLIMATE CHANGE: FROM RESILIENCE TO TRANSFORMATION, P1",3
DOI:10.1002/wcc.183,DOI:10.1016/j.landurbplan.2015.02.010,3
DOI:10.1002/wcc.183,DOI:10.1080/09654313.2011.638493,3
DOI:10.1002/wcc.183,DOI:10.1007/s10113-017-1259-5,3
DOI:10.1002/wcc.183,DOI:10.1007/s10113-012-0348-8,3
DOI:10.1002/wcc.183,DOI:10.1080/13549830600853635,4
DOI:10.1002/wcc.183,DOI:10.1016/j.gloenvcha.2006.03.008,3
DOI:10.1002/wcc.183,DOI:10.1016/j.habitatint.2008.10.001,3
DOI:10.1007/s10584-011-0045-5,DOI:10.1080/09654313.2011.638493,4
DOI:10.1007/s10584-011-0045-5,"ADGER WN, 2005, GLOBAL ENVIRON CHANG, V15, P77, DOI [10.1016/J.GLOENVCHA.2005.03.001, 10.1016/J.GLOENVCHA.2004.12.005]",8
DOI:10.1007/s10584-011-0045-5,"ADGER WN, 2013, NAT CLIM CHANGE, V3, P112, DOI [10.1038/NCLIMATE1666, 10.1038/NCLIMATE1666]",4
DOI:10.1007/s10584-011-0045-5,DOI:10.1002/wcc.29,5
DOI:10.1007/s10584-011-0045-5,DOI:10.1007/978-90-481-9325-7,3
DOI:10.1007/s10584-011-0045-5,DOI:10.1007/s10584-008-9520-z,4
DOI:10.1007/s10584-011-0045-5,DOI:10.1016/j.envsci.2010.12.006,3
DOI:10.1007/s10584-011-0045-5,DOI:10.1016/j.gloenvcha.2010.09.012,10
DOI:10.1007/s10584-011-0045-5,DOI:10.1073/pnas.1007887107,8
DOI:10.1007/s10584-011-0045-5,DOI:10.1073/pnas.1115521109,9
DOI:10.1007/s10584-011-0045-5,DOI:10.1080/14693062.2007.9685639,6
DOI:10.1007/s10584-011-0045-5,"PELLING M, 2011, ADAPTATION TO CLIMATE CHANGE: FROM RESILIENCE TO TRANSFORMATION, P1",4
DOI:10.1007/s10584-011-0045-5,DOI:10.1007/s10113-014-0708-7,3
DOI:10.1007/s10584-011-0045-5,DOI:10.1007/s10584-014-1078-3,5
DOI:10.1007/s10584-011-0045-5,DOI:10.1007/s11027-013-9491-x,4
DOI:10.1007/s10584-011-0045-5,DOI:10.1016/j.gloenvcha.2006.03.008,5
DOI:10.1007/s10584-011-0045-5,DOI:10.1016/j.gloenvcha.2013.04.008,4
DOI:10.1007/s10584-011-0045-5,DOI:10.1016/j.gloenvcha.2014.09.002,5
DOI:10.1007/s10584-011-0045-5,DOI:10.3763/cdev.2010.0060,3
DOI:10.1007/s10584-011-0045-5,"LESNIKOWSKI A, 2016, NAT CLIM CHANGE, V6, P261, DOI [10.1038/NCLIMATE2863, 10.1038/NCLIMATE2863]",4
DOI:10.1007/s10584-011-0045-5,DOI:10.1002/wea.543,4
DOI:10.1007/s10584-011-0045-5,DOI:10.1016/j.gloenvcha.2007.08.002,3
DOI:10.1007/s10584-011-0045-5,DOI:10.1016/j.gloenvcha.2010.03.005,9
DOI:10.1007/s10584-011-0045-5,DOI:10.1016/j.gloenvcha.2010.05.001,3
DOI:10.1007/s10584-011-0045-5,DOI:10.5751/es-05732-180340,4
DOI:10.1007/s10584-011-0045-5,DOI:10.1007/s11027-010-9270-x,7
DOI:10.1007/s10584-011-0045-5,DOI:10.1007/s11625-007-0032-y,9
DOI:10.1007/s10584-011-0045-5,DOI:10.1038/nclimate3012,3
DOI:10.1007/s10584-011-0045-5,DOI:10.1177/0309132511425767,3
DOI:10.1007/s10584-011-0045-5,"LEMOS MC, 2012, NAT CLIM CHANGE, V2, P789, DOI [10.1038/NCLIMATE1614, 10.1038/NCLIMATE1614]",3
DOI:10.1007/s10584-011-0045-5,DOI:10.1007/s10113-013-0421-y,5
DOI:10.1007/s10584-011-0045-5,DOI:10.1016/j.gloenvcha.2004.12.006,3
DOI:10.1007/s10584-011-0045-5,DOI:10.1080/01944363.2015.1074526,4
DOI:10.1007/s10584-011-0045-5,DOI:10.1080/09640560903399772,4
DOI:10.1007/s10584-011-0045-5,DOI:10.1007/s10584-010-9975-6,3
DOI:10.1007/s10584-011-0045-5,DOI:10.1016/j.gloenvcha.2013.07.022,3
DOI:10.1007/s10584-011-0045-5,DOI:10.1080/14693062.2016.1248889,4
DOI:10.1007/s10584-011-0045-5,DOI:10.1080/14649357.2012.677124,3
DOI:10.1007/s10584-011-0045-5,DOI:10.1007/s10584-013-0989-8,3
DOI:10.1007/s10584-011-0045-5,DOI:10.1016/j.gloenvcha.2008.12.003,3
DOI:10.1007/s10584-011-0045-5,DOI:10.1016/j.gloenvcha.2009.11.004,3
DOI:10.1007/s10584-011-0045-5,"FIELD CB, 2014, CLIMATE CHANGE 2014: IMPACTS, ADAPTATION, AND VULNERABILITY, PT A: GLOBAL AND SECTORAL ASPECTS, P1",3
DOI:10.1007/s10584-011-0045-5,DOI:10.1080/1523908x.2012.707406,3
DOI:10.1007/s10584-011-0045-5,DOI:10.1016/j.gloenvcha.2012.07.005,3
DOI:10.1016/j.cosust.2010.12.017,DOI:10.1007/s10584-010-9975-6,3
DOI:10.1016/j.cosust.2010.12.017,DOI:10.1080/14693062.2007.9685637,3
DOI:10.1016/j.cosust.2010.12.017,"ADGER WN, 2005, GLOBAL ENVIRON CHANG, V15, P77, DOI [10.1016/J.GLOENVCHA.2005.03.001, 10.1016/J.GLOENVCHA.2004.12.005]",5
DOI:10.1016/j.cosust.2010.12.017,DOI:10.1007/s11625-010-0108-y,4
DOI:10.1016/j.cosust.2010.12.017,DOI:10.4324/9780203219256,3
DOI:10.1016/j.cosust.2010.12.017,DOI:10.1016/j.gloenvcha.2009.11.009,3
DOI:10.1016/j.cosust.2010.12.017,DOI:10.1016/j.gloenvcha.2010.03.005,3
DOI:10.1016/j.cosust.2010.12.017,DOI:10.1073/pnas.1007887107,3
DOI:10.1016/j.cosust.2010.12.017,DOI:10.1007/s11027-012-9423-1,3
DOI:10.1016/j.landurbplan.2015.02.010,DOI:10.2148/benv.33.1.115,3
DOI:10.1080/09654313.2011.638493,DOI:10.1080/13549830600853635,3
DOI:10.1111/j.1468-5965.2009.00806.x,DOI:10.1007/s10784-019-09446-7,3
DOI:10.1111/j.1468-5965.2009.00806.x,DOI:10.1111/j.0020-8833.2004.00310.x,3
DOI:10.1111/j.1468-5965.2009.00806.x,DOI:10.1016/j.jclepro.2020.120474,3
DOI:10.1146/annurev-environ-072809-101747,DOI:10.1016/j.gloenvcha.2009.11.009,4
DOI:10.1146/annurev-environ-072809-101747,DOI:10.1016/j.gloenvcha.2012.07.005,5
DOI:10.1146/annurev-environ-072809-101747,DOI:10.1016/j.landurbplan.2012.05.009,4
DOI:10.1146/annurev-environ-072809-101747,DOI:10.1038/nclimate2841,3
DOI:10.1146/annurev-environ-072809-101747,DOI:10.1016/j.habitatint.2013.05.003,3
DOI:10.1146/annurev-environ-072809-101747,DOI:10.1016/j.uclim.2015.06.005,4
DOI:10.1146/annurev-environ-072809-101747,DOI:10.1080/17565529.2014.886994,3
DOI:10.1146/annurev-environ-072809-101747,DOI:10.1177/1070496514525406,3
DOI:10.1146/annurev-environ-072809-101747,DOI:10.1177/0739456x11430951,3
DOI:10.5751/es-06639-190258,DOI:10.1038/nclimate2350,3
DOI:10.5751/es-06639-190258,DOI:10.1038/nclimate2615,3
DOI:10.5751/es-06639-190258,DOI:10.1080/14693062.2015.1015946,5
DOI:10.5751/es-06639-190258,DOI:10.1007/978-1-349-17169-9],3
DOI:10.5751/es-06639-190258,DOI:10.1016/j.gloenvcha.2013.07.022,3
DOI:10.5751/es-06639-190258,DOI:10.1016/j.gloenvcha.2014.01.003,3
DOI:10.5751/es-06639-190258,DOI:10.1016/j.uclim.2015.06.005,3
DOI:10.5751/es-06639-190258,DOI:10.1016/s1449-4035(07)70118-2],3
DOI:10.5751/es-06639-190258,DOI:10.1038/s41558-019-0490-0,3
DOI:10.5751/es-06639-190258,DOI:10.1007/s10584-019-02533-3,3
DOI:10.5751/es-06639-190258,DOI:10.1016/j.gloenvcha.2010.03.005,4
"[ANONYMOUS], 2009, PLANNING CLIMATE CHA",DOI:10.1007/s11027-010-9270-x,3
"[ANONYMOUS], 2009, PLANNING CLIMATE CHA",DOI:10.1016/j.gloenvcha.2006.03.008,3
DOI:10.1017/9781009325844,",, 2007, CLIMATE CHANGE 2007: SYNTHESIS REPORT. CONTRIBUTION OF WORKING GROUP I, II AND III TO THE FOURTH ASSESSMENT REPORT OF THE INTERGOVERNMENTAL PANEL ON CLIMATE CHANGE. SUMMARY FOR POLICYMAKERS",6
DOI:10.1017/9781009325844,DOI:10.1046/j.1523-1739.2001.015003578.x,3
DOI:10.1017/9781009325844,DOI:10.1641/0006-3568(2001)051[0723:ccafd]2.0.co;2,3
DOI:10.1017/9781009325844,"SPITTLEHOUSE D. L., 2003, BC JOURNAL OF ECOSYSTEMS AND MANAGEMENT, V4, P7",4
DOI:10.1017/9781009325844,"LOBELL DB, 2011, SCIENCE, V333, P616, DOI [10.1126/SCIENCE.1204531, 10.1126/SCIENCE.1206376]",3
DOI:10.1017/9781009325844,DOI:10.1002/eet.1601,3
DOI:10.1017/9781009325844,DOI:10.1007/s10113-017-1259-5,4
DOI:10.1017/9781009325844,DOI:10.1016/j.gloenvcha.2006.03.008,6
DOI:10.1017/9781009325844,DOI:10.1016/j.gloenvcha.2007.08.002,5
DOI:10.1017/9781009325844,DOI:10.1038/s41558-019-0490-0,3
DOI:10.1017/9781009325844,DOI:10.3763/cdev.2009.0004,3
DOI:10.1017/9781009325844,DOI:10.1007/s11027-010-9270-x,5
DOI:10.1017/9781009325844,DOI:10.1023/a:1005661622966,3
DOI:10.1017/9781009325844,"BRYMAN A., 2016, SOCIAL RESEARCH METHODS",3
DOI:10.1017/9781009325844,DOI:10.1002/eet.1936,3
DOI:10.1017/9781009325844,DOI:10.1007/s10584-019-02484-9,3
DOI:10.1017/9781009325844,DOI:10.1016/j.envsci.2018.04.010,4
DOI:10.1017/9781009325844,DOI:10.1016/j.gloenvcha.2009.11.009,3
DOI:10.1017/9781009325844,DOI:10.1016/j.gloenvcha.2012.07.005,3
DOI:10.1017/9781009325844,DOI:10.1016/j.jclepro.2018.03.220,4
DOI:10.1017/9781009325844,DOI:10.1016/j.landurbplan.2012.05.009,3
DOI:10.1017/9781009325844,DOI:10.1016/j.uclim.2015.06.005,4
DOI:10.1017/9781009325844,DOI:10.1068/c1152,3
DOI:10.1017/9781009325844,DOI:10.1068/c1234,3
DOI:10.1017/9781009325844,DOI:10.1080/09644010412331308254,3
DOI:10.1017/9781009325844,DOI:10.1080/14693062.2023.2208098,3
DOI:10.1017/9781009325844,DOI:10.1080/17565529.2014.886994,5
DOI:10.1017/9781009325844,DOI:10.1111/1477-8947.12262,3
DOI:10.1017/9781009325844,DOI:10.59327/ipcc/ar6-9789291691647,3
DOI:10.1017/9781009325844,"LESNIKOWSKI A, 2016, NAT CLIM CHANGE, V6, P261, DOI [10.1038/NCLIMATE2863, 10.1038/NCLIMATE2863]",3
DOI:10.1017/9781009325844,DOI:10.1016/j.cosust.2021.07.003,4
DOI:10.1017/9781009325844,DOI:10.1016/j.envsci.2023.03.013,3
DOI:10.1017/9781009325844,DOI:10.1016/j.gloenvcha.2006.02.006,4
DOI:10.1017/9781009325844,DOI:10.1007/s10113-013-0421-y,3
DOI:10.1017/9781009325844,DOI:10.1073/pnas.1007887107,6
DOI:10.1017/9781009325844,DOI:10.5751/es-05965-180431,3
DOI:10.1017/9781009325844,"FIELD CB, 2014, CLIMATE CHANGE 2014: IMPACTS, ADAPTATION, AND VULNERABILITY, PT A: GLOBAL AND SECTORAL ASPECTS, P1",12
DOI:10.1017/9781009325844,"ABRHAM BELAY ABRHAM BELAY, 2017, AGRICULTURE AND FOOD SECURITY, V6, DOI [10.1186/S40066-017-0100-1, 10.1186/S40066-017-0100-1]",4
DOI:10.1017/9781009325844,DOI:10.1007/s42452-021-04503-w,3
DOI:10.1017/9781009325844,DOI:10.1088/1748-9326/abb330,3
DOI:10.1017/9781009325844,DOI:10.1017/9781009157926.005],4
DOI:10.1017/9781009325844,DOI:10.1073/pnas.0701890104,4
DOI:10.1017/9781009325844,"AGRAWAL A, 2010, NEW FRONT SOC POLICY, P173",4
DOI:10.1017/9781009325844,DOI:10.1016/j.envsci.2022.06.004,3
DOI:10.1017/9781009325844,"ADGER WN, 2005, GLOBAL ENVIRON CHANG, V15, P77, DOI [10.1016/J.GLOENVCHA.2005.03.001, 10.1016/J.GLOENVCHA.2004.12.005]",5
DOI:10.1017/9781009325844,"ADGER WN, 2007, AR4 CLIMATE CHANGE 2007: IMPACTS, ADAPTATION, AND VULNERABILITY, P717",4
DOI:10.1017/9781009325844,DOI:10.1007/s10584-008-9520-z,6
DOI:10.1017/9781009325844,DOI:10.1016/j.gloenvcha.2010.03.005,3
DOI:10.1017/9781009325844,DOI:10.1016/j.gloenvcha.2010.09.012,3
DOI:10.1017/9781009325844,DOI:10.1146/annurev.energy.32.051807.090348,3
DOI:10.1017/9781009325844,DOI:10.1016/j.gloenvcha.2009.06.001,5
DOI:10.1017/9781009325844,DOI:10.1016/j.gloenvcha.2013.12.002,3
DOI:10.1017/9781009325844,DOI:10.1177/0309132511425767,3
DOI:10.1017/9781009325844,"PELLING M, 2011, ADAPTATION TO CLIMATE CHANGE: FROM RESILIENCE TO TRANSFORMATION, P1",4
DOI:10.1017/9781009325844,DOI:10.1002/jid.1677,3
DOI:10.1017/9781009325844,DOI:10.1016/j.gloenvcha.2006.02.004,3
DOI:10.1017/9781009325844,DOI:10.1073/pnas.1231335100,3
DOI:10.1017/9781009325844,DOI:10.1111/j.1467-9523.2006.00305.x,6
DOI:10.1017/9781009325844,DOI:10.1111/j.1467-9523.2006.00307.x,5
DOI:10.1017/9781009325844,DOI:10.1007/s11269-006-9040-4,4
DOI:10.1017/9781009325844,DOI:10.1016/j.crm.2017.06.006,3
DOI:10.1017/9781009325844,DOI:10.1016/j.ijdrr.2018.04.023,5
DOI:10.1017/9781009325844,DOI:10.1108/ijdrbe-03-2015-0014,3
DOI:10.1017/9781009325844,DOI:10.1111/j.1467-9523.2006.00304.x,6
DOI:10.1017/9781009325844,DOI:10.2307/143141,3
DOI:10.1017/9781009325844,DOI:10.1080/09640560903399772,3
DOI:10.1017/9781009325844,DOI:10.1016/j.crm.2014.09.001,3
DOI:10.1017/9781009325844,DOI:10.1017/s0021859610000687,3
DOI:10.1017/9781009325844,DOI:10.1007/s11625-010-0108-y,3
DOI:10.1017/9781009325844,DOI:10.1007/s13753-018-0210-9,3
DOI:10.1017/9781009325844,DOI:10.1007/s13753-021-00351-9,3
DOI:10.1017/9781009325844,DOI:10.1016/j.ijdrr.2016.07.010,3
DOI:10.1017/9781009325844,DOI:10.1016/j.ijdrr.2017.05.021,3
DOI:10.1017/9781009325844,DOI:10.1080/17565529.2015.1064809,3
DOI:10.1017/9781009325844,DOI:10.1080/17565529.2019.1613217,3
DOI:10.1017/9781009325844,DOI:10.1146/annurev.energy.30.050504.144511,3
DOI:10.1017/9781009325844,DOI:10.1108/17595901211245260,4
DOI:10.1017/9781009325844,"[ANONYMOUS], 2015, THE PARIS AGREEMENT",3
DOI:10.1017/9781009325844,DOI:10.1016/j.gloenvcha.2020.102071,3
DOI:10.1017/9781009325844,DOI:10.1007/s10668-019-00414-4,3
DOI:10.1017/9781009325844,DOI:10.1007/s11356-022-19718-6,3
DOI:10.1017/9781009325844,DOI:10.1016/s1469-3062(02)00038-4,3
DOI:10.1017/9781009325844,DOI:10.1080/17565529.2021.1964937,3
DOI:10.1017/9781009325844,DOI:10.1038/s41558-021-01170-y,3
DOI:10.1017/9781009325844,DOI:10.1162/glep_a_00043,3
DOI:10.1017/9781009325844,DOI:10.1016/j.envsci.2008.11.002,3
DOI:10.1017/9781009325844,DOI:10.1016/j.gloenvcha.2009.01.002,4
DOI:10.1017/9781009325844,DOI:10.1186/s40066-017-0144-2],3
DOI:10.1017/9781009325844,DOI:10.1016/j.jenvman.2012.10.036,3
DOI:10.5194/bg-2021-,DOI:10.1007/s11625-007-0032-y,3
"BARROS V, 2014, CLIMATE CHANGE 2014: IMPACTS, ADAPTATION, AND VULNERABILITY, PT A: GLOBAL AND SECTORAL ASPECTS, PIX","ADGER WN, 2005, GLOBAL ENVIRON CHANG, V15, P77, DOI [10.1016/J.GLOENVCHA.2005.03.001, 10.1016/J.GLOENVCHA.2004.12.005]",3
"BARROS V, 2014, CLIMATE CHANGE 2014: IMPACTS, ADAPTATION, AND VULNERABILITY, PT A: GLOBAL AND SECTORAL ASPECTS, PIX",DOI:10.1073/pnas.1007887107,3
DOI:10.1007/s10584-010-9975-6,DOI:10.1177/0956247808089157,3
DOI:10.1007/s10584-010-9975-6,DOI:10.1007/s10584-012-0653-8,3
DOI:10.1007/s10584-010-9975-6,DOI:10.1007/s11027-010-9270-x,4
DOI:10.1007/s10584-010-9975-6,DOI:10.1007/s11625-007-0032-y,7
DOI:10.1007/s10584-010-9975-6,DOI:10.1016/j.enpol.2009.06.070,3
DOI:10.1007/s10584-010-9975-6,DOI:10.1016/j.envsci.2011.12.011,3
DOI:10.1007/s10584-010-9975-6,DOI:10.1016/j.gloenvcha.2006.03.008,4
DOI:10.1007/s10584-010-9975-6,DOI:10.1016/j.gloenvcha.2010.09.012,6
DOI:10.1007/s10584-010-9975-6,DOI:10.1016/j.landurbplan.2012.05.009,4
DOI:10.1007/s10584-010-9975-6,DOI:10.1080/09640560903399772,4
DOI:10.1007/s10584-010-9975-6,DOI:10.1080/1523908x.2010.505414,4
DOI:10.1007/s10584-010-9975-6,"ADGER WN, 2005, GLOBAL ENVIRON CHANG, V15, P77, DOI [10.1016/J.GLOENVCHA.2005.03.001, 10.1016/J.GLOENVCHA.2004.12.005]",7
DOI:10.1007/s10584-010-9975-6,DOI:10.1007/s10113-013-0421-y,3
DOI:10.1007/s10584-010-9975-6,DOI:10.1007/s10584-013-0989-8,3
DOI:10.1007/s10584-010-9975-6,DOI:10.1016/j.gloenvcha.2010.05.001,4
DOI:10.1007/s10584-010-9975-6,DOI:10.1016/j.gloenvcha.2010.03.005,4
DOI:10.1007/s10584-010-9975-6,DOI:10.1016/j.gloenvcha.2009.11.009,3
DOI:10.1007/s10584-010-9975-6,DOI:10.1016/j.cosust.2010.12.015,3
DOI:10.1007/s10584-010-9975-6,DOI:10.1073/pnas.1007887107,3
DOI:10.1007/s10584-010-9975-6,DOI:10.4324/9780203219256,3
DOI:10.1007/s10584-010-9975-6,"FIELD CB, 2014, CLIMATE CHANGE 2014: IMPACTS, ADAPTATION, AND VULNERABILITY, PT A: GLOBAL AND SECTORAL ASPECTS, P1",3
DOI:10.1007/s10584-010-9975-6,DOI:10.1080/17565529.2012.745389,3
DOI:10.1007/s10584-010-9975-6,DOI:10.1016/j.habitatint.2008.10.005,3
DOI:10.1016/j.ecolecon.2005.03.015,DOI:10.1016/j.gloenvcha.2006.03.008,3
DOI:10.1016/j.ecolecon.2005.03.015,DOI:10.1007/s10584-008-9520-z,3
DOI:10.1016/j.gloenvcha.2014.05.010,DOI:10.1177/0739456x11430951,5
DOI:10.1016/j.gloenvcha.2014.05.010,DOI:10.1016/j.envsci.2016.06.009,3
DOI:10.1016/j.gloenvcha.2014.05.010,DOI:10.1016/j.gloenvcha.2009.11.009,5
DOI:10.1016/j.gloenvcha.2014.05.010,DOI:10.1016/j.gloenvcha.2012.07.005,3
DOI:10.1016/j.gloenvcha.2014.05.010,DOI:10.1016/j.habitatint.2013.05.003,4
DOI:10.1016/j.gloenvcha.2014.05.010,DOI:10.1016/j.landurbplan.2012.05.009,4
DOI:10.1016/j.gloenvcha.2014.05.010,DOI:10.1016/j.uclim.2015.06.005,4
DOI:10.1016/j.gloenvcha.2014.05.010,DOI:10.1080/13549839.2013.839643,3
DOI:10.1016/j.gloenvcha.2014.05.010,DOI:10.1080/17565529.2014.886994,3
DOI:10.1016/j.gloenvcha.2014.05.010,DOI:10.1007/s11027-013-9480-0,3
DOI:10.1016/j.gloenvcha.2014.05.010,DOI:10.1007/s10113-013-0421-y,3
DOI:10.1016/j.gloenvcha.2014.05.010,DOI:10.1038/nclimate2350,3
DOI:10.1016/j.jclepro.2012.12.008,DOI:10.1007/s11027-013-9505-8,3
DOI:10.1016/j.jclepro.2012.12.008,DOI:10.1016/j.landurbplan.2012.05.009,3
DOI:10.1016/j.jclepro.2012.12.008,DOI:10.1016/j.jclepro.2018.03.220,3
DOI:10.1016/j.jclepro.2012.12.008,DOI:10.1007/s11625-010-0108-y,3
DOI:10.1016/j.jclepro.2012.12.008,DOI:10.1111/j.1467-9523.2006.00304.x,3
DOI:10.1016/j.jclepro.2012.12.008,"ADGER WN, 2005, GLOBAL ENVIRON CHANG, V15, P77, DOI [10.1016/J.GLOENVCHA.2005.03.001, 10.1016/J.GLOENVCHA.2004.12.005]",3
DOI:10.1016/j.jclepro.2012.12.008,DOI:10.1073/pnas.1007887107,3
DOI:10.1016/j.jclepro.2012.12.008,DOI:10.1080/14649357.2012.677124,3
DOI:10.1016/j.jclepro.2012.12.008,DOI:10.1007/s11027-013-9480-0,3
DOI:10.1038/nclimate2841,DOI:10.1177/0739456x11430951,3
DOI:10.1038/nclimate2841,DOI:10.1191/1464993403ps060oa,3
DOI:10.1038/nclimate2841,"ADGER WN, 2005, GLOBAL ENVIRON CHANG, V15, P77, DOI [10.1016/J.GLOENVCHA.2005.03.001, 10.1016/J.GLOENVCHA.2004.12.005]",5
DOI:10.1038/nclimate2841,DOI:10.1007/s10584-013-0989-8,3
DOI:10.1038/nclimate2841,DOI:10.1007/s11027-014-9627-7,6
DOI:10.1038/nclimate2841,DOI:10.1016/j.gloenvcha.2013.07.022,5
DOI:10.1038/nclimate2841,DOI:10.1016/j.gloenvcha.2015.01.001,3
DOI:10.1038/nclimate2841,DOI:10.1016/j.gloenvcha.2015.09.014,3
DOI:10.1038/nclimate2841,DOI:10.1016/j.worlddev.2020.105383,3
DOI:10.1038/nclimate2841,DOI:10.1017/s1537592714000784,3
DOI:10.1038/nclimate2841,DOI:10.1038/nclimate3012,3
DOI:10.1038/nclimate2841,DOI:10.1016/j.jclepro.2018.03.220,3
DOI:10.1038/nclimate2841,DOI:10.1017/9781316563878.013,3
DOI:10.1038/nclimate2841,DOI:10.1007/s10113-014-0708-7,5
DOI:10.1038/nclimate2841,DOI:10.1016/j.gloenvcha.2014.01.003,3
DOI:10.1038/nclimate2841,DOI:10.1016/j.uclim.2015.06.005,3
DOI:10.1038/nclimate2841,"[ANONYMOUS], 2015, ADOPTION PARIS AGREE",3
DOI:10.1038/nclimate2841,DOI:10.1016/j.gloenvcha.2006.03.008,3
DOI:10.1038/nclimate2841,DOI:10.1016/j.cosust.2021.02.009,3
DOI:10.1038/nclimate2841,DOI:10.1016/j.gloenvcha.2013.05.010,3
DOI:10.1038/nclimate2841,DOI:10.1177/0739456x16645166,5
DOI:10.1038/nclimate2841,DOI:10.1177/1078087419910827,3
DOI:10.1080/14693062.2007.9685637,DOI:10.1080/14693062.2015.1019822,3
DOI:10.1080/14693062.2007.9685637,DOI:10.1191/1464993403ps060oa,3
DOI:10.1080/14693062.2007.9685637,"ADGER WN, 2005, GLOBAL ENVIRON CHANG, V15, P77, DOI [10.1016/J.GLOENVCHA.2005.03.001, 10.1016/J.GLOENVCHA.2004.12.005]",9
DOI:10.1080/14693062.2007.9685637,DOI:10.1007/s10584-008-9520-z,3
DOI:10.1080/14693062.2007.9685637,DOI:10.1016/j.gloenvcha.2006.03.008,3
DOI:10.1080/14693062.2007.9685637,DOI:10.1016/j.gloenvcha.2007.06.002,3
DOI:10.1080/14693062.2007.9685637,DOI:10.1016/j.gloenvcha.2010.05.001,3
DOI:10.1080/14693062.2007.9685637,DOI:10.1016/j.jenvman.2007.07.025,5
DOI:10.1080/14693062.2007.9685637,DOI:10.1016/s0921-8009(98)00117-7,3
DOI:10.1080/14693062.2007.9685637,DOI:10.1016/s0959-3780(98)00011-9,3
DOI:10.1080/14693062.2007.9685637,DOI:10.1038/nature08823,3
DOI:10.1080/14693062.2007.9685637,DOI:10.1073/pnas.1007887107,6
DOI:10.1080/14693062.2007.9685637,DOI:10.1007/s10584-006-0329-3,3
DOI:10.1080/14693062.2007.9685637,DOI:10.1016/j.gloenvcha.2007.08.002,3
DOI:10.1080/14693062.2007.9685637,DOI:10.1023/a:1005661622966,3
DOI:10.1080/14693062.2007.9685637,"LIM B., 2004, ADAPTATION POLICY FR",3
DOI:10.1080/14693062.2007.9685637,"ADGER WN, 2003, ECON GEOGR, V79, P387",3
DOI:10.1080/14693062.2007.9685637,DOI:10.1007/s10584-008-9539-1,3
DOI:10.1080/14693062.2007.9685637,DOI:10.1007/s11625-007-0032-y,7
DOI:10.1080/14693062.2007.9685637,DOI:10.1016/j.biocon.2008.07.014,4
DOI:10.1080/14693062.2007.9685637,DOI:10.1093/jopart/mum032,3
DOI:10.1080/14693062.2007.9685637,DOI:10.1002/eet.509,3
DOI:10.1080/14693062.2007.9685637,DOI:10.1080/08111146.2013.778196,6
DOI:10.1080/14693062.2007.9685637,DOI:10.1016/j.gloenvcha.2010.07.004,3
DOI:10.1080/14693062.2007.9685637,DOI:10.1007/s10584-009-9576-4,3
DOI:10.1080/14693062.2007.9685637,DOI:10.1007/s11027-010-9270-x,5
DOI:10.1080/14693062.2007.9685637,DOI:10.1016/j.envsci.2014.10.004,3
DOI:10.1080/14693062.2007.9685637,DOI:10.1016/j.envsoft.2010.03.007,3
DOI:10.1080/14693062.2007.9685637,DOI:10.1016/j.gloenvcha.2009.06.001,3
DOI:10.1080/14693062.2007.9685637,DOI:10.1146/annurev.energy.32.051807.090348,3
DOI:10.1080/14693062.2007.9685637,DOI:10.1073/pnas.1115521109,3
DOI:10.1080/14693062.2007.9685637,DOI:10.1016/j.gloenvcha.2010.09.012,3
DOI:10.1080/14693062.2007.9685637,DOI:10.1017/9781009157926.005],3
DOI:10.1080/14693062.2007.9685637,DOI:10.1007/s10584-019-02557-9,3
DOI:10.1080/14693062.2007.9685637,DOI:10.1080/01944366908977225,5
DOI:10.1080/14693062.2007.9685637,DOI:10.1016/j.gloenvcha.2010.03.005,3
DOI:10.1080/14693062.2007.9685637,DOI:10.1002/eet.523,3
DOI:10.1080/14693062.2007.9685637,DOI:10.1007/978-1-84996-125-7,3
DOI:10.1080/14693062.2015.1019822,DOI:10.1016/j.gloenvcha.2006.03.008,3
DOI:10.1080/14693062.2015.1019822,DOI:10.1002/wcc.645,3
DOI:10.1177/0739456x11430951,DOI:10.3828/idpr.2014.23,3
DOI:10.1177/0739456x11430951,DOI:10.1016/j.gloenvcha.2012.07.005,3
DOI:10.1177/0739456x11430951,DOI:10.1016/j.uclim.2015.06.005,3
DOI:10.1177/0739456x11430951,"REVI A, 2014, CLIMATE CHANGE 2014: IMPACTS, ADAPTATION, AND VULNERABILITY, PT A: GLOBAL AND SECTORAL ASPECTS, P535",3
DOI:10.1177/0739456x11430951,DOI:10.1007/s10113-013-0421-y,3
DOI:10.1177/0739456x11430951,DOI:10.1016/j.gloenvcha.2009.11.009,3
DOI:10.1177/0739456x11430951,DOI:10.1038/nclimate2350,3
DOI:10.1177/0739456x11430951,"PELLING M, 2011, ADAPTATION TO CLIMATE CHANGE: FROM RESILIENCE TO TRANSFORMATION, P1",3
DOI:10.1177/0739456x11430951,DOI:10.1016/j.habitatint.2013.05.003,3
DOI:10.1177/0956247808089157,DOI:10.1177/0956247810377390,3
DOI:10.1191/1464993403ps060oa,"ADGER WN, 2005, GLOBAL ENVIRON CHANG, V15, P77, DOI [10.1016/J.GLOENVCHA.2005.03.001, 10.1016/J.GLOENVCHA.2004.12.005]",6
DOI:10.1191/1464993403ps060oa,DOI:10.1007/s10113-014-0708-7,4
DOI:10.1191/1464993403ps060oa,DOI:10.1016/j.gloenvcha.2006.03.008,5
DOI:10.1191/1464993403ps060oa,DOI:10.1016/j.gloenvcha.2009.06.001,3
DOI:10.1191/1464993403ps060oa,DOI:10.1016/j.gloenvcha.2011.09.015,3
DOI:10.1191/1464993403ps060oa,DOI:10.1146/annurev.energy.30.050504.144511,3
DOI:10.1191/1464993403ps060oa,DOI:10.5751/es-06880-190423,3
DOI:10.1191/1464993403ps060oa,"PELLING M, 2011, ADAPTATION TO CLIMATE CHANGE: FROM RESILIENCE TO TRANSFORMATION, P1",4
DOI:10.1191/1464993403ps060oa,DOI:10.1016/j.gloenvcha.2010.07.004,3
DOI:10.1191/1464993403ps060oa,DOI:10.1023/a:1005661622966,3
DOI:10.1191/1464993403ps060oa,DOI:10.5751/es-01396-1001r02,3
DOI:10.1191/1464993403ps060oa,DOI:10.1016/j.gloenvcha.2008.08.005,4
DOI:10.1191/1464993403ps060oa,"ADGER WN, 2003, ECON GEOGR, V79, P387",3
DOI:10.1191/1464993403ps060oa,DOI:10.1016/j.agsy.2009.05.002,3
DOI:10.1191/1464993403ps060oa,"HUQ S, 2004, CLIM POLICY, V4, P25",7
DOI:10.1191/1464993403ps060oa,DOI:10.1016/j.envsci.2012.03.007,3
DOI:10.1191/1464993403ps060oa,DOI:10.1038/nature01286,3
DOI:10.1191/1464993403ps060oa,DOI:10.1016/j.gloenvcha.2006.04.002,3
DOI:10.1191/1464993403ps060oa,"TSCHAKERT P, 2010, ECOL SOC, V15",3
DOI:10.1191/1464993403ps060oa,DOI:10.1080/14693062.2007.9685639,3
DOI:10.1191/1464993403ps060oa,DOI:10.1016/j.gloenvcha.2015.09.014,3
DOI:10.1191/1464993403ps060oa,DOI:10.1126/science.1239402,4
"SCHON D.A.M. REIN., 1994, FRAME REFLECTION RES",DOI:10.1007/978-3-642-29831-8_3,3
"SCHON D.A.M. REIN., 1994, FRAME REFLECTION RES",DOI:10.1016/j.envsci.2012.10.010,4
"SCHON D.A.M. REIN., 1994, FRAME REFLECTION RES",DOI:10.1073/pnas.1007887107,3
"SCHON D.A.M. REIN., 1994, FRAME REFLECTION RES",DOI:10.1126/science.7455683,3
"SCHON D.A.M. REIN., 1994, FRAME REFLECTION RES",DOI:10.1146/annurev.soc.26.1.611,3
"SCHON D.A.M. REIN., 1994, FRAME REFLECTION RES",DOI:10.1177/0018726708100356,4
"SCHON D.A.M. REIN., 1994, FRAME REFLECTION RES",DOI:10.1016/j.envsci.2010.05.006,3
"SCHON D.A.M. REIN., 1994, FRAME REFLECTION RES","LAZARUS RJ, 2009, CORNELL LAW REV, V94, P1153",3
"SCHON D.A.M. REIN., 1994, FRAME REFLECTION RES","PELLING M, 2011, ADAPTATION TO CLIMATE CHANGE: FROM RESILIENCE TO TRANSFORMATION, P1",3
"SCHON D.A.M. REIN., 1994, FRAME REFLECTION RES",DOI:10.1016/j.gloenvcha.2009.06.001,3
",, 2007, CLIMATE CHANGE 2007: SYNTHESIS REPORT. CONTRIBUTION OF WORKING GROUP I, II AND III TO THE FOURTH ASSESSMENT REPORT OF THE INTERGOVERNMENTAL PANEL ON CLIMATE CHANGE. SUMMARY FOR POLICYMAKERS",DOI:10.1177/0333102417738202,3
",, 2007, CLIMATE CHANGE 2007: SYNTHESIS REPORT. CONTRIBUTION OF WORKING GROUP I, II AND III TO THE FOURTH ASSESSMENT REPORT OF THE INTERGOVERNMENTAL PANEL ON CLIMATE CHANGE. SUMMARY FOR POLICYMAKERS",DOI:10.1007/s11625-007-0032-y,4
",, 2007, CLIMATE CHANGE 2007: SYNTHESIS REPORT. CONTRIBUTION OF WORKING GROUP I, II AND III TO THE FOURTH ASSESSMENT REPORT OF THE INTERGOVERNMENTAL PANEL ON CLIMATE CHANGE. SUMMARY FOR POLICYMAKERS",DOI:10.1016/j.progress.2009.03.001,3
",, 2007, CLIMATE CHANGE 2007: SYNTHESIS REPORT. CONTRIBUTION OF WORKING GROUP I, II AND III TO THE FOURTH ASSESSMENT REPORT OF THE INTERGOVERNMENTAL PANEL ON CLIMATE CHANGE. SUMMARY FOR POLICYMAKERS","CASH DW, 2006, ECOL SOC, V11",3
",, 2007, CLIMATE CHANGE 2007: SYNTHESIS REPORT. CONTRIBUTION OF WORKING GROUP I, II AND III TO THE FOURTH ASSESSMENT REPORT OF THE INTERGOVERNMENTAL PANEL ON CLIMATE CHANGE. SUMMARY FOR POLICYMAKERS",DOI:10.1016/j.gloenvcha.2007.07.002,3
",, 2007, CLIMATE CHANGE 2007: SYNTHESIS REPORT. CONTRIBUTION OF WORKING GROUP I, II AND III TO THE FOURTH ASSESSMENT REPORT OF THE INTERGOVERNMENTAL PANEL ON CLIMATE CHANGE. SUMMARY FOR POLICYMAKERS",DOI:10.1016/j.gloenvcha.2006.03.008,5
",, 2007, CLIMATE CHANGE 2007: SYNTHESIS REPORT. CONTRIBUTION OF WORKING GROUP I, II AND III TO THE FOURTH ASSESSMENT REPORT OF THE INTERGOVERNMENTAL PANEL ON CLIMATE CHANGE. SUMMARY FOR POLICYMAKERS","WATSON RT, 2001, CLIMATE CHANGE 2001: IMPACTS, ADAPTATION, AND VULNERABILITY, PIX",3
",, 2007, CLIMATE CHANGE 2007: SYNTHESIS REPORT. CONTRIBUTION OF WORKING GROUP I, II AND III TO THE FOURTH ASSESSMENT REPORT OF THE INTERGOVERNMENTAL PANEL ON CLIMATE CHANGE. SUMMARY FOR POLICYMAKERS","ADGER WN, 2005, GLOBAL ENVIRON CHANG, V15, P77, DOI [10.1016/J.GLOENVCHA.2005.03.001, 10.1016/J.GLOENVCHA.2004.12.005]",3
DOI:10.1038/nature01286,DOI:10.1038/nature01333,4
DOI:10.1038/nature01286,DOI:10.1111/j.1523-1739.2007.00676.x,3
DOI:10.1038/nature01286,DOI:10.1146/annurev.ecolsys.37.091305.110100,3
DOI:10.1038/nature01333,DOI:10.1046/j.1466-822x.2002.00306.x,3
DOI:10.1038/nature01333,DOI:10.1146/annurev.ecolsys.37.091305.110100,3
DOI:10.1046/j.1466-822x.2002.00306.x,DOI:10.1146/annurev.ecolsys.37.091305.110100,3
DOI:10.1046/j.1466-822x.2002.00306.x,DOI:10.1146/annurev.es.04.110173.000245,3
DOI:10.1046/j.1523-1739.2001.015003578.x,DOI:10.1111/j.1365-2664.2005.01082.x,3
DOI:10.1046/j.1523-1739.2001.015003578.x,DOI:10.1641/0006-3568(2001)051[0723:ccafd]2.0.co;2,4
DOI:10.1046/j.1523-1739.2001.015003578.x,DOI:10.1890/06-1715.1,3
DOI:10.1046/j.1523-1739.2001.015003578.x,"SPITTLEHOUSE D. L., 2003, BC JOURNAL OF ECOSYSTEMS AND MANAGEMENT, V4, P7",4
DOI:10.1046/j.1523-1739.2001.015003578.x,DOI:10.5558/tfc76445-3,3
DOI:10.1046/j.1523-1739.2003.01491.x,DOI:10.1111/j.1523-1739.2007.00676.x,3
DOI:10.1046/j.1523-1739.2003.01491.x,DOI:10.1890/06-1715.1,3
DOI:10.1111/j.1523-1739.2004.00492.x,DOI:10.1890/06-1715.1,3
DOI:10.1111/j.1523-1739.2007.00676.x,DOI:10.1126/science.1157897,3
DOI:10.1111/j.1523-1739.2007.00676.x,DOI:10.1890/06-1715.1,3
DOI:10.1111/j.1523-1739.2007.00676.x,"HALPIN PN, 1997, ECOL APPL, V7, P828",3
DOI:10.1111/j.1523-1739.2007.00676.x,"SPITTLEHOUSE D. L., 2003, BC JOURNAL OF ECOSYSTEMS AND MANAGEMENT, V4, P7",3
DOI:10.1111/j.1523-1739.2007.00676.x,DOI:10.1016/j.biocon.2008.10.006,3
DOI:10.1146/annurev.ecolsys.37.091305.110100,DOI:10.1016/j.biocon.2008.10.006,3
DOI:10.1146/annurev.ecolsys.37.091305.110100,DOI:10.1111/j.1365-2486.2010.02263.x,3
DOI:10.1146/annurev.es.04.110173.000245,DOI:10.1111/j.1523-1739.2009.01405.x,3
DOI:10.1146/annurev.es.04.110173.000245,DOI:10.1146/annurev.energy.30.050504.144511,3
DOI:10.1641/0006-3568(2001)051[0723:ccafd]2.0.co;2,DOI:10.1890/06-1715.1,4
DOI:10.1641/0006-3568(2001)051[0723:ccafd]2.0.co;2,"SPITTLEHOUSE D. L., 2003, BC JOURNAL OF ECOSYSTEMS AND MANAGEMENT, V4, P7",4
DOI:10.1641/0006-3568(2001)051[0723:ccafd]2.0.co;2,DOI:10.5558/tfc76445-3,3
DOI:10.1641/0006-3568(2001)051[0723:ccafd]2.0.co;2,DOI:10.1016/j.biocon.2008.10.006,3
DOI:10.1890/06-1715.1,"SPITTLEHOUSE D. L., 2003, BC JOURNAL OF ECOSYSTEMS AND MANAGEMENT, V4, P7",3
DOI:10.1890/06-1715.1,DOI:10.1016/j.biocon.2008.10.006,4
"HOLLING C.S., 1978, ADAPTIVE ENV ASSESSM","WALTERS C.J., 1986, ADAPTIVE MANAGEMENT OF RENEWABLE RESOURCES",4
"SPITTLEHOUSE D. L., 2003, BC JOURNAL OF ECOSYSTEMS AND MANAGEMENT, V4, P7",DOI:10.1016/j.biocon.2008.10.006,4
DOI:10.1016/j.envsci.2010.12.006,DOI:10.1016/j.gloenvcha.2006.03.008,3
DOI:10.1016/j.envsci.2010.12.006,DOI:10.1080/13549839.2012.738657,3
DOI:10.1016/j.envsci.2010.12.006,DOI:10.1080/14693062.2015.1015946,3
DOI:10.1016/j.envsci.2010.12.006,DOI:10.1007/978-90-481-9325-7,4
DOI:10.1016/j.envsci.2010.12.006,"ADGER WN, 2005, GLOBAL ENVIRON CHANG, V15, P77, DOI [10.1016/J.GLOENVCHA.2005.03.001, 10.1016/J.GLOENVCHA.2004.12.005]",5
DOI:10.1016/j.envsci.2010.12.006,DOI:10.1007/s10113-013-0421-y,3
DOI:10.1016/j.envsci.2010.12.006,DOI:10.1007/s11027-010-9270-x,5
DOI:10.1016/j.envsci.2010.12.006,DOI:10.1016/j.gloenvcha.2010.05.001,3
DOI:10.1016/j.envsci.2010.12.006,DOI:10.1016/j.gloenvcha.2013.07.022,3
DOI:10.1016/j.envsci.2010.12.006,DOI:10.1002/wcc.29,4
DOI:10.1016/j.envsci.2010.12.006,DOI:10.1007/s10584-008-9520-z,5
DOI:10.1016/j.envsci.2010.12.006,DOI:10.1016/j.envsci.2010.05.006,3
DOI:10.1016/j.envsci.2010.12.006,DOI:10.1016/j.gloenvcha.2010.09.012,5
DOI:10.1016/j.envsci.2010.12.006,DOI:10.1073/pnas.1007887107,5
DOI:10.1016/j.envsci.2010.12.006,DOI:10.1073/pnas.1115521109,3
DOI:10.1016/j.envsci.2010.12.006,DOI:10.1080/14693062.2007.9685639,3
DOI:10.1016/j.envsci.2010.12.006,DOI:10.1007/s10584-010-9980-9,3
DOI:10.1016/j.envsci.2010.12.006,"CASH DW, 2006, ECOL SOC, V11",4
DOI:10.1016/j.envsci.2010.12.006,"TERMEER CJAM, 2010, ECOL SOC, V15",3
DOI:10.1016/j.envsci.2010.12.006,DOI:10.1016/j.envsci.2009.04.001,3
DOI:10.1016/j.envsci.2010.12.006,DOI:10.1016/j.gloenvcha.2007.08.002,3
DOI:10.1016/j.envsci.2010.12.006,DOI:10.1016/j.gloenvcha.2010.03.005,3
DOI:10.1016/j.envsci.2010.12.006,DOI:10.5751/es-05732-180340,3
DOI:10.1016/j.envsci.2010.12.006,DOI:10.1007/s11625-007-0032-y,3
DOI:10.1016/j.gloenvcha.2006.03.008,DOI:10.5751/es-05965-180431,4
DOI:10.1016/j.gloenvcha.2006.03.008,"ONTARIO, 2011, CLIM READ ONT AD STR",3
DOI:10.1016/j.gloenvcha.2006.03.008,"ADGER WN, 2005, GLOBAL ENVIRON CHANG, V15, P77, DOI [10.1016/J.GLOENVCHA.2005.03.001, 10.1016/J.GLOENVCHA.2004.12.005]",13
DOI:10.1016/j.gloenvcha.2006.03.008,DOI:10.1007/s10584-008-9520-z,9
DOI:10.1016/j.gloenvcha.2006.03.008,DOI:10.1016/j.envsci.2005.06.010,5
DOI:10.1016/j.gloenvcha.2006.03.008,DOI:10.1016/j.gloenvcha.2004.12.006,8
DOI:10.1016/j.gloenvcha.2006.03.008,DOI:10.1016/j.gloenvcha.2006.05.002,4
DOI:10.1016/j.gloenvcha.2006.03.008,DOI:10.1016/j.gloenvcha.2007.06.002,6
DOI:10.1016/j.gloenvcha.2006.03.008,DOI:10.1016/j.gloenvcha.2008.12.003,7
DOI:10.1016/j.gloenvcha.2006.03.008,DOI:10.1016/j.gloenvcha.2010.05.001,5
DOI:10.1016/j.gloenvcha.2006.03.008,DOI:10.1016/s0921-8009(98)00117-7,5
DOI:10.1016/j.gloenvcha.2006.03.008,DOI:10.1016/s0959-3780(98)00011-9,3
DOI:10.1016/j.gloenvcha.2006.03.008,DOI:10.1038/nature08823,3
DOI:10.1016/j.gloenvcha.2006.03.008,DOI:10.1073/pnas.1007887107,6
DOI:10.1016/j.gloenvcha.2006.03.008,"AGRAWAL A, 2010, NEW FRONT SOC POLICY, P173",3
DOI:10.1016/j.gloenvcha.2006.03.008,DOI:10.1002/wcc.29,5
DOI:10.1016/j.gloenvcha.2006.03.008,DOI:10.1007/978-90-481-9325-7,3
DOI:10.1016/j.gloenvcha.2006.03.008,DOI:10.1007/s10113-014-0708-7,3
DOI:10.1016/j.gloenvcha.2006.03.008,DOI:10.1007/s10584-006-0329-3,8
DOI:10.1016/j.gloenvcha.2006.03.008,DOI:10.1007/s10584-014-1303-0,4
DOI:10.1016/j.gloenvcha.2006.03.008,DOI:10.1007/s11027-012-9423-1,4
DOI:10.1016/j.gloenvcha.2006.03.008,DOI:10.1016/j.envsci.2008.01.003,3
DOI:10.1016/j.gloenvcha.2006.03.008,DOI:10.1016/j.envsci.2010.05.006,3
DOI:10.1016/j.gloenvcha.2006.03.008,DOI:10.1016/j.gloenvcha.2005.02.001,3
DOI:10.1016/j.gloenvcha.2006.03.008,DOI:10.1016/j.gloenvcha.2006.02.004,5
DOI:10.1016/j.gloenvcha.2006.03.008,DOI:10.1016/j.gloenvcha.2006.02.006,10
DOI:10.1016/j.gloenvcha.2006.03.008,DOI:10.1016/j.gloenvcha.2007.08.002,8
DOI:10.1016/j.gloenvcha.2006.03.008,DOI:10.1016/j.gloenvcha.2009.06.001,4
DOI:10.1016/j.gloenvcha.2006.03.008,DOI:10.1017/cbo9780511541957,3
DOI:10.1016/j.gloenvcha.2006.03.008,DOI:10.1073/pnas.1231332100,3
DOI:10.1016/j.gloenvcha.2006.03.008,DOI:10.1080/17565529.2012.745389,3
DOI:10.1016/j.gloenvcha.2006.03.008,DOI:10.1126/science.1151915,3
DOI:10.1016/j.gloenvcha.2006.03.008,DOI:10.1146/annurev.energy.30.050504.144511,7
DOI:10.1016/j.gloenvcha.2006.03.008,DOI:10.2307/422246,5
DOI:10.1016/j.gloenvcha.2006.03.008,"MIMURA N, 2014, CLIMATE CHANGE 2014: IMPACTS, ADAPTATION, AND VULNERABILITY, PT A: GLOBAL AND SECTORAL ASPECTS, P869",4
DOI:10.1016/j.gloenvcha.2006.03.008,"PELLING M, 2011, ADAPTATION TO CLIMATE CHANGE: FROM RESILIENCE TO TRANSFORMATION, P1",6
DOI:10.1016/j.gloenvcha.2006.03.008,"RIBOT J, 2010, NEW FRONT SOC POLICY, P47",3
DOI:10.1016/j.gloenvcha.2006.03.008,"ADGER WN, 2007, AR4 CLIMATE CHANGE 2007: IMPACTS, ADAPTATION, AND VULNERABILITY, P717",8
DOI:10.1016/j.gloenvcha.2006.03.008,"BIZIKOVA L., 2008, CANADIAN COMMUNITIES, VFIRST",4
DOI:10.1016/j.gloenvcha.2006.03.008,DOI:10.1007/s11027-010-9270-x,8
DOI:10.1016/j.gloenvcha.2006.03.008,DOI:10.1007/s11625-007-0032-y,14
DOI:10.1016/j.gloenvcha.2006.03.008,DOI:10.1016/j.envsci.2011.12.011,3
DOI:10.1016/j.gloenvcha.2006.03.008,DOI:10.1016/j.gloenvcha.2010.09.012,10
DOI:10.1016/j.gloenvcha.2006.03.008,DOI:10.1016/j.landurbplan.2012.05.009,5
DOI:10.1016/j.gloenvcha.2006.03.008,DOI:10.1080/09640560903399772,4
DOI:10.1016/j.gloenvcha.2006.03.008,DOI:10.1080/14693062.2007.9685657,4
DOI:10.1016/j.gloenvcha.2006.03.008,DOI:10.3200/env.51.4.22-31,3
DOI:10.1016/j.gloenvcha.2006.03.008,"RODENHUIS D.R., 2009, HYDROCLIMATOLOGY FUT",3
DOI:10.1016/j.gloenvcha.2006.03.008,"WALKER I.J., 2008, FROM IMPACTS TO ADAPTATION: CANADA IN A CHANGING CLIMATE 2007, V1ST, P329",3
DOI:10.1016/j.gloenvcha.2006.03.008,DOI:10.1016/j.envsci.2009.04.001,6
DOI:10.1016/j.gloenvcha.2006.03.008,DOI:10.1016/s1469-3062(02)00038-4,5
DOI:10.1016/j.gloenvcha.2006.03.008,DOI:10.1023/a:1005661622966,6
DOI:10.1016/j.gloenvcha.2006.03.008,"[ANONYMOUS], 2007, CLIMATE CHANGE 2007",3
DOI:10.1016/j.gloenvcha.2006.03.008,DOI:10.1016/j.gloenvcha.2011.09.010,4
DOI:10.1016/j.gloenvcha.2006.03.008,DOI:10.1023/a:1005627828199,8
DOI:10.1016/j.gloenvcha.2006.03.008,DOI:10.1111/j.1467-9248.1996.tb01747.x,3
DOI:10.1016/j.gloenvcha.2006.03.008,"FIELD CB, 2014, CLIMATE CHANGE 2014: IMPACTS, ADAPTATION, AND VULNERABILITY, PT A: GLOBAL AND SECTORAL ASPECTS, P1",5
DOI:10.1016/j.gloenvcha.2006.03.008,DOI:10.1007/978-94-007-0567-8_1,3
DOI:10.1016/j.gloenvcha.2006.03.008,DOI:10.1016/j.gloenvcha.2009.11.009,3
DOI:10.1016/j.gloenvcha.2006.03.008,DOI:10.1007/s10113-017-1259-5,3
DOI:10.1016/j.gloenvcha.2006.03.008,DOI:10.1038/s41558-019-0490-0,4
DOI:10.1016/j.gloenvcha.2006.03.008,DOI:10.1016/s0959-3780(01)00026-7,4
DOI:10.1016/j.gloenvcha.2006.03.008,"SUTER G, 2022, INTEGR ENVIRON ASSES, V18, P1117",3
DOI:10.1016/j.gloenvcha.2006.03.008,"LIM B., 2005, ADAPTATION POLICY FRAMEWORKS FOR CLIMATE CHANGE: DEVELOPING STRATEGIES, POLICIES AND MEASURES",5
DOI:10.1016/j.gloenvcha.2006.03.008,DOI:10.1007/s11027-013-9491-x,4
DOI:10.1016/j.gloenvcha.2006.03.008,DOI:10.1016/j.gloenvcha.2013.07.022,3
DOI:10.1016/j.gloenvcha.2006.03.008,DOI:10.1038/nclimate3012,4
DOI:10.1016/j.gloenvcha.2006.03.008,DOI:10.1080/14649357.2012.677124,3
DOI:10.1016/j.gloenvcha.2006.03.008,DOI:10.1080/14693062.2007.9685639,6
DOI:10.1016/j.gloenvcha.2006.03.008,DOI:10.1146/annurev.energy.32.051807.090348,7
DOI:10.1016/j.gloenvcha.2006.03.008,"MILLER F, 2010, ECOL SOC, V15",3
DOI:10.1016/j.gloenvcha.2006.03.008,DOI:10.1016/j.geoforum.2013.04.010,3
DOI:10.1016/j.gloenvcha.2006.03.008,DOI:10.1016/j.gloenvcha.2013.04.008,3
DOI:10.1016/j.gloenvcha.2006.03.008,DOI:10.1016/j.gloenvcha.2014.09.002,3
DOI:10.1016/j.gloenvcha.2006.03.008,DOI:10.1038/s41558-017-0065-x,3
DOI:10.1016/j.gloenvcha.2006.03.008,DOI:10.14430/arctic516,3
DOI:10.1016/j.gloenvcha.2006.03.008,DOI:10.3763/cdev.2010.0060,4
DOI:10.1016/j.gloenvcha.2006.03.008,DOI:10.1080/17565529.2014.977761,3
DOI:10.1016/j.gloenvcha.2006.03.008,DOI:10.1177/0739456x16645166,3
DOI:10.1016/j.gloenvcha.2006.03.008,"SMIT B, 2001, CLIMATE CHANGE 2001: IMPACTS, ADAPTATION, AND VULNERABILITY, P877",7
DOI:10.1016/j.gloenvcha.2006.03.008,DOI:10.1016/j.cosust.2010.12.014,3
DOI:10.1016/j.gloenvcha.2006.03.008,DOI:10.1016/j.gloenvcha.2009.07.001,3
DOI:10.1016/j.gloenvcha.2006.03.008,DOI:10.1639/0044-7447(2002)031[0437:rasdba]2.0.co;2,3
DOI:10.1016/j.gloenvcha.2006.03.008,"LEBEL L, 2006, ECOL SOC, V11",3
DOI:10.1016/j.gloenvcha.2006.03.008,DOI:10.1007/s10113-013-0421-y,6
DOI:10.1016/j.gloenvcha.2006.03.008,DOI:10.1016/j.gloenvcha.2010.03.005,4
DOI:10.1016/j.gloenvcha.2006.03.008,DOI:10.1080/13501760210162357,3
DOI:10.1016/j.gloenvcha.2006.03.008,"BURTON I., 2006, ADAPTATION TO CLIMATE CHANGE",3
DOI:10.1016/j.gloenvcha.2006.03.008,DOI:10.1002/jid.1677,3
DOI:10.1016/j.gloenvcha.2006.03.008,DOI:10.1017/cbo9781107415324,3
DOI:10.1016/j.gloenvcha.2006.03.008,DOI:10.1017/s0892679412000615,3
DOI:10.1016/j.gloenvcha.2006.03.008,"LAZARUS RJ, 2009, CORNELL LAW REV, V94, P1153",3
DOI:10.1016/j.gloenvcha.2006.03.008,DOI:10.1038/nclimate2350,3
DOI:10.1016/j.gloenvcha.2006.03.008,"KLEIN RJT, 2014, CLIMATE CHANGE 2014: IMPACTS, ADAPTATION, AND VULNERABILITY, PT A: GLOBAL AND SECTORAL ASPECTS, P899",3
DOI:10.1016/j.gloenvcha.2006.03.008,DOI:10.1038/445597a,3
DOI:10.1016/j.gloenvcha.2006.03.008,DOI:10.1177/0956247807076912,3
DOI:10.1016/j.gloenvcha.2006.03.008,"MCCARTHY J.J., 2001, CLIMATE CHANGE IMPAC",3
DOI:10.1016/j.gloenvcha.2006.03.008,"ADGER WN, 2003, ECON GEOGR, V79, P387",7
DOI:10.1016/j.gloenvcha.2006.03.008,DOI:10.1016/j.gloenvcha.2005.01.002,4
DOI:10.1016/j.gloenvcha.2006.03.008,DOI:10.1073/pnas.1115521109,4
DOI:10.1016/j.gloenvcha.2006.03.008,DOI:10.1002/wcc.133,4
DOI:10.1016/j.gloenvcha.2006.03.008,DOI:10.1016/j.gloenvcha.2011.01.019,5
DOI:10.1016/j.gloenvcha.2006.03.008,DOI:10.1068/a39148,3
DOI:10.1016/j.gloenvcha.2006.03.008,"SKINNER M.W., 2004, MITIG ADAPT STRAT GL, V7, P85",3
DOI:10.1016/j.gloenvcha.2006.03.008,"WATSON RT, 2001, CLIMATE CHANGE 2001: IMPACTS, ADAPTATION, AND VULNERABILITY, PIX",5
DOI:10.1016/j.gloenvcha.2006.03.008,DOI:10.1016/j.gloenvcha.2009.11.004,3
DOI:10.1016/j.gloenvcha.2006.03.008,DOI:10.1073/pnas.0701890104,3
DOI:10.1016/j.gloenvcha.2006.03.008,DOI:10.1002/wcc.87,3
DOI:10.1016/j.gloenvcha.2006.03.008,DOI:10.1016/j.gloenvcha.2008.07.010,3
DOI:10.1016/j.gloenvcha.2006.03.008,DOI:10.1080/09640560220133414,3
DOI:10.1016/j.gloenvcha.2006.03.008,"ADGER WN, 2013, NAT CLIM CHANGE, V3, P330, DOI [10.1038/NCLIMATE1751, 10.1038/NCLIMATE1751]",3
DOI:10.1016/j.gloenvcha.2006.03.008,"[ANONYMOUS], 2009, 1 PEER",3
DOI:10.1016/j.gloenvcha.2006.03.008,"TSCHAKERT P, 2010, ECOL SOC, V15",3
DOI:10.1016/j.gloenvcha.2006.03.008,DOI:10.1007/s00267-020-01291-8,3
DOI:10.1016/j.gloenvcha.2006.03.008,DOI:10.1016/j.jenvman.2008.12.001,3
DOI:10.1016/j.gloenvcha.2006.03.008,DOI:10.1007/s11027-006-3460-6,3
DOI:10.1017/s1537592714000784,DOI:10.1080/14693062.2015.1015946,3
DOI:10.1017/s1537592714000784,"ADGER WN, 2005, GLOBAL ENVIRON CHANG, V15, P77, DOI [10.1016/J.GLOENVCHA.2005.03.001, 10.1016/J.GLOENVCHA.2004.12.005]",3
DOI:10.1017/s1537592714000784,DOI:10.1007/s10584-013-0989-8,3
DOI:10.1017/s1537592714000784,DOI:10.1007/s10584-019-02533-3,3
DOI:10.1017/s1537592714000784,DOI:10.1007/s10584-021-03142-9,3
DOI:10.1017/s1537592714000784,DOI:10.1007/s11027-014-9627-7,5
DOI:10.1017/s1537592714000784,DOI:10.1016/j.cosust.2014.10.011,3
DOI:10.1017/s1537592714000784,DOI:10.1016/j.envsci.2018.04.010,3
DOI:10.1017/s1537592714000784,DOI:10.1016/j.gloenvcha.2013.07.022,4
DOI:10.1017/s1537592714000784,DOI:10.1016/j.gloenvcha.2014.09.002,3
DOI:10.1017/s1537592714000784,DOI:10.1016/j.gloenvcha.2015.01.001,4
DOI:10.1017/s1537592714000784,DOI:10.1038/nclimate3012,3
DOI:10.1017/s1537592714000784,DOI:10.1038/s41558-019-0490-0,3
DOI:10.1017/s1537592714000784,DOI:10.1080/01944363.2015.1074526,3
DOI:10.1017/s1537592714000784,DOI:10.1080/09644016.2014.923614,3
DOI:10.1017/s1537592714000784,DOI:10.1080/14693062.2016.1248889,4
DOI:10.1017/s1537592714000784,DOI:10.1111/j.1541-1338.2012.00582.x,3
DOI:10.1017/s1537592714000784,DOI:10.1111/ropr.12103,3
DOI:10.1017/s1537592714000784,DOI:10.1111/ropr.12173,3
DOI:10.1017/s1537592714000784,DOI:10.1111/ropr.12383,3
DOI:10.1017/s1537592714000784,DOI:10.1146/annurev-environ-102017-025739,3
DOI:10.1017/s1537592714000784,DOI:10.1016/j.gloenvcha.2014.01.003,4
DOI:10.1017/s1537592714000784,DOI:10.1007/s10113-014-0708-7,3
DOI:10.1017/s1537592714000784,DOI:10.1007/s11027-013-9505-8,3
DOI:10.1017/s1537592714000784,DOI:10.1016/j.envsci.2016.06.009,3
DOI:10.1017/s1537592714000784,DOI:10.1016/j.jenvman.2015.11.043,3
DOI:10.1017/s1537592714000784,DOI:10.1016/j.uclim.2015.06.005,3
DOI:10.1017/s1537592714000784,DOI:10.1088/1748-9326/6/4/044009,3
DOI:10.1017/s1537592714000784,DOI:10.1111/psj.12095,3
DOI:10.1017/s1537592714000784,"LESNIKOWSKI A, 2016, NAT CLIM CHANGE, V6, P261, DOI [10.1038/NCLIMATE2863, 10.1038/NCLIMATE2863]",3
DOI:10.1080/09640568.2012.706600,DOI:10.1016/j.gloenvcha.2011.09.010,3
DOI:10.1080/09640568.2012.706600,DOI:10.1038/nclimate2350,3
DOI:10.1080/09640568.2012.706600,DOI:10.1073/pnas.1007887107,3
DOI:10.1080/09640568.2012.706600,DOI:10.1002/wcc.29,3
DOI:10.1080/09640568.2012.706600,DOI:10.1016/j.gloenvcha.2007.08.002,3
DOI:10.1080/09640568.2012.706600,DOI:10.1080/1523908x.2012.707407,3
DOI:10.1080/14693062.2015.1015946,DOI:10.5751/es-05965-180431,3
DOI:10.1080/14693062.2015.1015946,DOI:10.1038/nclimate2615,4
DOI:10.1080/14693062.2015.1015946,DOI:10.1111/ropr.12236,3
DOI:10.1080/14693062.2015.1015946,DOI:10.5751/es-05685-180323,3
DOI:10.1080/14693062.2015.1015946,DOI:10.1007/978-1-349-17169-9],4
DOI:10.1080/14693062.2015.1015946,DOI:10.1007/s10113-014-0708-7,4
DOI:10.1080/14693062.2015.1015946,DOI:10.1007/s10584-013-0989-8,3
DOI:10.1080/14693062.2015.1015946,DOI:10.1007/s11027-014-9627-7,3
DOI:10.1080/14693062.2015.1015946,DOI:10.1016/j.cosust.2014.10.011,3
DOI:10.1080/14693062.2015.1015946,DOI:10.1016/j.envsci.2016.06.009,3
DOI:10.1080/14693062.2015.1015946,DOI:10.1016/j.gloenvcha.2013.07.022,5
DOI:10.1080/14693062.2015.1015946,DOI:10.1016/j.gloenvcha.2014.01.003,4
DOI:10.1080/14693062.2015.1015946,DOI:10.1016/j.gloenvcha.2015.01.001,3
DOI:10.1080/14693062.2015.1015946,DOI:10.1016/j.uclim.2015.06.005,4
DOI:10.1080/14693062.2015.1015946,DOI:10.1016/s1449-4035(07)70118-2],4
DOI:10.1080/14693062.2015.1015946,DOI:10.1038/s41558-019-0490-0,3
DOI:10.1080/14693062.2015.1015946,DOI:10.1111/j.1541-0072.1991.tb01878.x,3
DOI:10.1080/14693062.2015.1015946,DOI:10.1111/psj.12095,3
DOI:10.1080/14693062.2015.1015946,DOI:10.17645/pag.v6i3.1432,3
DOI:10.1080/14693062.2015.1015946,"LESNIKOWSKI A, 2016, NAT CLIM CHANGE, V6, P261, DOI [10.1038/NCLIMATE2863, 10.1038/NCLIMATE2863]",3
DOI:10.1080/14693062.2015.1015946,DOI:10.1007/s11077-009-9079-1,4
DOI:10.1080/14693062.2015.1015946,DOI:10.1007/s10584-019-02533-3,4
DOI:10.1080/14693062.2015.1015946,DOI:10.1016/j.gloenvcha.2010.03.005,3
DOI:10.1080/14693062.2015.1015946,DOI:10.1007/s10113-013-0421-y,4
DOI:10.1163/cl-2011-032,DOI:10.3233/cl-2011-051,3
DOI:10.1163/cl-2011-032,DOI:10.1007/bf01405730,3
DOI:10.1163/cl-2011-032,DOI:10.1073/pnas.1007887107,3
DOI:10.1163/cl-2011-032,DOI:10.1016/j.gloenvcha.2010.03.005,4
DOI:10.1163/cl-2011-032,DOI:10.1007/s11625-007-0032-y,3
DOI:10.1163/cl-2011-032,"CASH DW, 2006, ECOL SOC, V11",3
DOI:10.5751/es-05965-180431,DOI:10.1038/nclimate2350,5
DOI:10.5751/es-05965-180431,DOI:10.1073/pnas.1007887107,7
DOI:10.5751/es-05965-180431,"FIELD CB, 2014, CLIMATE CHANGE 2014: IMPACTS, ADAPTATION, AND VULNERABILITY, PT A: GLOBAL AND SECTORAL ASPECTS, P1",7
DOI:10.5751/es-05965-180431,DOI:10.1007/s10113-013-0421-y,7
DOI:10.5751/es-05965-180431,DOI:10.1007/s11625-007-0032-y,4
DOI:10.5751/es-05965-180431,DOI:10.1016/j.gloenvcha.2013.07.022,3
DOI:10.5751/es-05965-180431,DOI:10.1038/nclimate3012,3
DOI:10.5751/es-05965-180431,DOI:10.1111/1477-8947.12013,3
DOI:10.5751/es-05965-180431,DOI:10.1007/s10113-017-1259-5,3
DOI:10.5751/es-05965-180431,DOI:10.1038/s41558-019-0490-0,3
DOI:10.5751/es-05965-180431,DOI:10.1007/s10584-019-02533-3,3
DOI:10.5751/es-05965-180431,"MIMURA N, 2014, CLIMATE CHANGE 2014: IMPACTS, ADAPTATION, AND VULNERABILITY, PT A: GLOBAL AND SECTORAL ASPECTS, P869",3
DOI:10.5751/es-05965-180431,"ADGER WN, 2005, GLOBAL ENVIRON CHANG, V15, P77, DOI [10.1016/J.GLOENVCHA.2005.03.001, 10.1016/J.GLOENVCHA.2004.12.005]",3
"REVI A, 2014, CLIMATE CHANGE 2014: IMPACTS, ADAPTATION, AND VULNERABILITY, PT A: GLOBAL AND SECTORAL ASPECTS, P535","ADGER WN, 2005, GLOBAL ENVIRON CHANG, V15, P77, DOI [10.1016/J.GLOENVCHA.2005.03.001, 10.1016/J.GLOENVCHA.2004.12.005]",5
"CASH DW, 2006, ECOL SOC, V11",DOI:10.1016/j.gloenvcha.2007.07.002,3
"CASH DW, 2006, ECOL SOC, V11",DOI:10.1016/s0959-3780(00)00017-0,4
"CASH DW, 2006, ECOL SOC, V11",DOI:10.1126/science.1091015,3
"CASH DW, 2006, ECOL SOC, V11",DOI:10.1146/annurev.energy.30.050504.144511,6
"CASH DW, 2006, ECOL SOC, V11","ADGER WN, 2005, GLOBAL ENVIRON CHANG, V15, P77, DOI [10.1016/J.GLOENVCHA.2005.03.001, 10.1016/J.GLOENVCHA.2004.12.005]",7
"CASH DW, 2006, ECOL SOC, V11",DOI:10.1007/s11027-007-9132-3,3
"CASH DW, 2006, ECOL SOC, V11",DOI:10.1016/j.gloenvcha.2007.08.002,3
"CASH DW, 2006, ECOL SOC, V11",DOI:10.1016/j.gloenvcha.2010.07.004,4
"CASH DW, 2006, ECOL SOC, V11",DOI:10.1016/s0921-8009(99)00092-0,4
"CASH DW, 2006, ECOL SOC, V11",DOI:10.1016/j.gloenvcha.2009.06.001,5
"CASH DW, 2006, ECOL SOC, V11",DOI:10.1073/pnas.1007887107,4
"CASH DW, 2006, ECOL SOC, V11","ADGER WN, 2005, ECOL SOC, V10",3
"CASH DW, 2006, ECOL SOC, V11",DOI:10.1007/s10584-008-9520-z,4
"CASH DW, 2006, ECOL SOC, V11",DOI:10.1257/aer.100.3.641,3
"CASH DW, 2006, ECOL SOC, V11",DOI:10.2307/1952530,3
"CASH DW, 2006, ECOL SOC, V11",DOI:10.1016/j.gloenvcha.2013.02.016,3
"CASH DW, 2006, ECOL SOC, V11","TERMEER CJAM, 2010, ECOL SOC, V15",4
"CASH DW, 2006, ECOL SOC, V11",DOI:10.1002/wcc.64,3
"CASH DW, 2006, ECOL SOC, V11",DOI:10.1016/j.gloenvcha.2012.12.006,3
DOI:10.1016/j.envsci.2008.06.005,DOI:10.1068/a39148,3
DOI:10.1016/j.envsci.2008.06.005,DOI:10.1016/j.gloenvcha.2009.06.001,3
DOI:10.1016/j.gloenvcha.2007.07.002,DOI:10.1068/a39148,3
DOI:10.1016/j.gloenvcha.2007.07.002,DOI:10.1146/annurev.energy.30.050504.144511,4
DOI:10.1016/s0959-3780(00)00017-0,"ADGER WN, 2005, GLOBAL ENVIRON CHANG, V15, P77, DOI [10.1016/J.GLOENVCHA.2005.03.001, 10.1016/J.GLOENVCHA.2004.12.005]",3
DOI:10.1068/a39148,DOI:10.1146/annurev.energy.30.050504.144511,6
DOI:10.1068/a39148,"ADGER WN, 2005, GLOBAL ENVIRON CHANG, V15, P77, DOI [10.1016/J.GLOENVCHA.2005.03.001, 10.1016/J.GLOENVCHA.2004.12.005]",4
DOI:10.1068/a39148,DOI:10.1007/s10584-006-9089-3,3
DOI:10.1068/a39148,DOI:10.1016/j.gloenvcha.2007.08.002,4
DOI:10.1068/a39148,DOI:10.1073/pnas.1007887107,3
DOI:10.1068/a39148,DOI:10.1007/bf01405730,4
DOI:10.1068/a39148,DOI:10.1016/j.gloenvcha.2011.09.015,3
DOI:10.1068/a39148,DOI:10.1016/j.envsci.2010.05.006,3
DOI:10.1068/a39148,DOI:10.1016/j.gloenvcha.2009.06.001,6
DOI:10.1068/a39148,DOI:10.1016/j.gloenvcha.2011.09.007,3
DOI:10.1068/a39148,"TSCHAKERT P, 2010, ECOL SOC, V15",4
DOI:10.1068/a39148,DOI:10.1038/461472a,3
DOI:10.1068/a39148,DOI:10.5751/es-01595-110118,3
DOI:10.1068/a39148,DOI:10.1007/978-3-642-12194-4_10,3
DOI:10.1068/a39148,DOI:10.1007/s11625-007-0032-y,3
DOI:10.1073/pnas.1210508110,DOI:10.1007/s13753-011-0015-6,3
DOI:10.1073/pnas.1210508110,DOI:10.1007/s13753-015-0076-z,3
DOI:10.1126/science.1091015,"ADGER WN, 2005, GLOBAL ENVIRON CHANG, V15, P77, DOI [10.1016/J.GLOENVCHA.2005.03.001, 10.1016/J.GLOENVCHA.2004.12.005]",3
DOI:10.1146/annurev.energy.30.050504.144511,"ADGER WN, 2005, GLOBAL ENVIRON CHANG, V15, P77, DOI [10.1016/J.GLOENVCHA.2005.03.001, 10.1016/J.GLOENVCHA.2004.12.005]",5
DOI:10.1146/annurev.energy.30.050504.144511,"AGRAWAL A, 2010, NEW FRONT SOC POLICY, P173",3
DOI:10.1146/annurev.energy.30.050504.144511,DOI:10.1007/s10584-006-0329-3,4
DOI:10.1146/annurev.energy.30.050504.144511,DOI:10.1007/s10584-008-9520-z,5
DOI:10.1146/annurev.energy.30.050504.144511,DOI:10.1016/j.envsci.2010.05.006,4
DOI:10.1146/annurev.energy.30.050504.144511,DOI:10.1016/j.gloenvcha.2006.02.004,6
DOI:10.1146/annurev.energy.30.050504.144511,DOI:10.1016/j.gloenvcha.2006.02.006,4
DOI:10.1146/annurev.energy.30.050504.144511,DOI:10.1016/j.gloenvcha.2006.03.004,3
DOI:10.1146/annurev.energy.30.050504.144511,DOI:10.1016/j.gloenvcha.2008.12.003,4
DOI:10.1146/annurev.energy.30.050504.144511,DOI:10.1016/j.gloenvcha.2009.06.001,7
DOI:10.1146/annurev.energy.30.050504.144511,DOI:10.1016/j.gloenvcha.2011.09.015,4
DOI:10.1146/annurev.energy.30.050504.144511,DOI:10.1017/cbo9780511541957,3
DOI:10.1146/annurev.energy.30.050504.144511,DOI:10.1038/nclimate1847,3
DOI:10.1146/annurev.energy.30.050504.144511,DOI:10.1073/pnas.1007887107,3
DOI:10.1146/annurev.energy.30.050504.144511,DOI:10.1126/science.1151915,3
DOI:10.1146/annurev.energy.30.050504.144511,DOI:10.5751/es-06824-190356,3
DOI:10.1146/annurev.energy.30.050504.144511,"ADGER WN, 2003, ECON GEOGR, V79, P387",4
DOI:10.1146/annurev.energy.30.050504.144511,DOI:10.1002/wcc.64,4
DOI:10.1146/annurev.energy.30.050504.144511,DOI:10.1016/j.gloenvcha.2011.09.010,3
DOI:10.1146/annurev.energy.30.050504.144511,DOI:10.1017/cbo9780511596667.002,3
DOI:10.1146/annurev.energy.30.050504.144511,DOI:10.1038/nclimate2350,3
DOI:10.1146/annurev.energy.30.050504.144511,DOI:10.1126/science.1172133,4
DOI:10.1146/annurev.energy.30.050504.144511,DOI:10.5751/es-05699-180402,3
DOI:10.1146/annurev.energy.30.050504.144511,"OSTROM E, 2005, UNDERSTANDING INSTITUTIONAL DIVERSITY, P1",4
DOI:10.1146/annurev.energy.30.050504.144511,"OSTROM E., 1990, GOVERNING COMMONS EV",3
DOI:10.1146/annurev.energy.30.050504.144511,DOI:10.1007/s11027-010-9270-x,4
DOI:10.1146/annurev.energy.30.050504.144511,DOI:10.1007/s11625-010-0108-y,4
DOI:10.1146/annurev.energy.30.050504.144511,DOI:10.1016/j.gloenvcha.2012.12.006,3
DOI:10.1146/annurev.energy.30.050504.144511,DOI:10.1023/a:1005661622966,3
DOI:10.1146/annurev.energy.30.050504.144511,DOI:10.1007/s11625-007-0032-y,5
DOI:10.1146/annurev.energy.30.050504.144511,DOI:10.1016/j.gloenvcha.2009.05.002,3
DOI:10.1146/annurev.energy.30.050504.144511,DOI:10.1016/j.gloenvcha.2010.07.004,4
DOI:10.1146/annurev.energy.30.050504.144511,DOI:10.1016/j.jenvman.2008.12.001,4
DOI:10.1146/annurev.energy.30.050504.144511,DOI:10.1146/annurev.so.16.080190.002251,3
DOI:10.1146/annurev.energy.30.050504.144511,DOI:10.1639/0044-7447(2002)031[0437:rasdba]2.0.co;2,4
DOI:10.1146/annurev.energy.30.050504.144511,DOI:10.5751/es-01396-1001r02,4
DOI:10.1146/annurev.energy.30.050504.144511,"LAZARUS RJ, 2009, CORNELL LAW REV, V94, P1153",4
DOI:10.1146/annurev.energy.30.050504.144511,"BERKES F., 2003, SYSTEMS",3
DOI:10.1146/annurev.energy.30.050504.144511,DOI:10.1007/s00267-003-0101-7,5
DOI:10.1146/annurev.energy.30.050504.144511,DOI:10.1016/j.gloenvcha.2006.04.002,3
DOI:10.1146/annurev.energy.30.050504.144511,DOI:10.1017/cbo9780511541957.020,3
DOI:10.1146/annurev.energy.30.050504.144511,DOI:10.1080/14693062.2007.9685639,3
DOI:10.1146/annurev.energy.30.050504.144511,DOI:10.5751/es-01595-110118,8
DOI:10.1146/annurev.energy.30.050504.144511,DOI:10.1007/s11077-006-9027-2,4
DOI:10.1146/annurev.energy.30.050504.144511,DOI:10.1007/s11027-006-3460-6,3
DOI:10.1146/annurev.energy.30.050504.144511,DOI:10.1016/j.gloenvcha.2004.12.006,5
DOI:10.1146/annurev.energy.30.050504.144511,DOI:10.1146/annurev.energy.32.051807.090348,5
DOI:10.1146/annurev.energy.30.050504.144511,"LEE KAIN., 1993, COMPASS GYROSCOPE IN",3
DOI:10.1146/annurev.energy.30.050504.144511,DOI:10.1080/08941920802199202,3
DOI:10.1146/annurev.energy.30.050504.144511,"OLSSON P, 2004, ECOL SOC, V9",4
DOI:10.1146/annurev.energy.30.050504.144511,"ADGER WN, 2013, NAT CLIM CHANGE, V3, P112, DOI [10.1038/NCLIMATE1666, 10.1038/NCLIMATE1666]",3
DOI:10.1146/annurev.energy.30.050504.144511,DOI:10.1111/j.1467-9523.2006.00305.x,3
DOI:10.1146/annurev.energy.30.050504.144511,"ADGER WN, 2007, AR4 CLIMATE CHANGE 2007: IMPACTS, ADAPTATION, AND VULNERABILITY, P717",4
DOI:10.1146/annurev.energy.30.050504.144511,DOI:10.1016/j.gloenvcha.2011.01.019,4
DOI:10.1146/annurev.energy.30.050504.144511,"HUITEMA D, 2009, ECOL SOC, V14",3
DOI:10.1146/annurev.energy.30.050504.144511,"LEBEL L, 2006, ECOL SOC, V11",3
DOI:10.1146/annurev.energy.30.050504.144511,"TSCHAKERT P, 2010, ECOL SOC, V15",3
DOI:10.1146/annurev.energy.30.050504.144511,DOI:10.1016/j.gloenvcha.2010.03.005,3
DOI:10.1007/s10113-017-1259-5,DOI:10.1016/j.envsci.2016.06.009,5
DOI:10.1007/s10113-017-1259-5,DOI:10.1016/j.envsci.2018.04.010,4
DOI:10.1007/s10113-017-1259-5,DOI:10.1007/s11027-013-9505-8,4
DOI:10.1007/s10113-017-1259-5,DOI:10.1016/j.envsci.2023.05.017,3
DOI:10.1007/s10113-017-1259-5,DOI:10.1016/j.landurbplan.2012.05.009,3
DOI:10.1007/s10113-017-1259-5,DOI:10.1080/17565529.2014.886994,6
DOI:10.1007/s10113-017-1259-5,"FIELD CB, 2014, CLIMATE CHANGE 2014: IMPACTS, ADAPTATION, AND VULNERABILITY, PT A: GLOBAL AND SECTORAL ASPECTS, P1",5
DOI:10.1007/s10113-017-1259-5,DOI:10.1002/eet.1601,4
DOI:10.1007/s10113-017-1259-5,DOI:10.1002/eet.539,4
DOI:10.1007/s10113-017-1259-5,DOI:10.1007/s11077-016-9248-y,3
DOI:10.1007/s10113-017-1259-5,DOI:10.1007/s11077-017-9281-5,4
DOI:10.1007/s10113-017-1259-5,DOI:10.1007/s12571-017-0752-5,3
DOI:10.1007/s10113-017-1259-5,DOI:10.1016/j.jclepro.2019.119154,4
DOI:10.1007/s10113-017-1259-5,DOI:10.1016/j.rser.2019.05.014,4
DOI:10.1007/s10113-017-1259-5,DOI:10.1080/01442872.2017.1339239,4
DOI:10.1007/s10113-017-1259-5,"SUTER G, 2022, INTEGR ENVIRON ASSES, V18, P1117",3
DOI:10.1007/s10113-017-1259-5,DOI:10.1080/13549839.2014.880412,6
DOI:10.1007/s10113-017-1259-5,DOI:10.1038/s41558-019-0490-0,6
DOI:10.1007/s10113-017-1259-5,DOI:10.1002/eet.1936,4
DOI:10.1007/s10113-017-1259-5,DOI:10.1007/s10584-016-1660-y,4
DOI:10.1007/s10113-017-1259-5,DOI:10.1016/j.envsci.2014.12.011,3
DOI:10.1007/s10113-017-1259-5,DOI:10.1016/j.gloenvcha.2009.11.009,4
DOI:10.1007/s10113-017-1259-5,DOI:10.1016/j.habitatint.2013.05.003,4
DOI:10.1007/s10113-017-1259-5,DOI:10.1016/j.jclepro.2018.03.220,3
DOI:10.1007/s10113-017-1259-5,DOI:10.1016/j.uclim.2015.06.005,3
DOI:10.1007/s10113-017-1259-5,DOI:10.1017/s2047102523000158,3
DOI:10.1007/s10113-017-1259-5,DOI:10.1080/14693062.2023.2208098,4
DOI:10.1007/s10113-017-1259-5,DOI:10.1177/1609406917733847,3
DOI:10.1007/s10113-017-1259-5,DOI:10.3390/cli11070145,3
DOI:10.1007/s10113-017-1259-5,"LESNIKOWSKI A, 2016, NAT CLIM CHANGE, V6, P261, DOI [10.1038/NCLIMATE2863, 10.1038/NCLIMATE2863]",3
DOI:10.1007/s10113-017-1259-5,DOI:10.1016/j.gloenvcha.2013.07.022,6
DOI:10.1007/s10113-017-1259-5,DOI:10.1080/09644016.2014.923614,3
DOI:10.1007/s10113-017-1259-5,DOI:10.1080/14693062.2016.1248889,3
DOI:10.1007/s10113-017-1259-5,DOI:10.1080/19463138.2019.1583234,4
DOI:10.1007/s10113-017-1259-5,DOI:10.1007/s10113-012-0348-8,5
DOI:10.1007/s10113-017-1259-5,DOI:10.1038/nclimate2350,3
DOI:10.1007/s10113-017-1259-5,DOI:10.1038/nclimate2615,3
DOI:10.1007/s10113-017-1259-5,DOI:10.1016/j.gloenvcha.2010.03.005,4
DOI:10.1007/s10113-017-1259-5,"MIMURA N, 2014, CLIMATE CHANGE 2014: IMPACTS, ADAPTATION, AND VULNERABILITY, PT A: GLOBAL AND SECTORAL ASPECTS, P869",3
DOI:10.1007/s10113-017-1259-5,DOI:10.1080/1523908x.2012.707406,3
DOI:10.1007/s10584-013-0989-8,DOI:10.1016/j.envsci.2016.06.009,6
DOI:10.1007/s10584-013-0989-8,DOI:10.1016/j.envsci.2018.04.010,4
DOI:10.1007/s10584-013-0989-8,DOI:10.1371/journal.pone.0135597,5
DOI:10.1007/s10584-013-0989-8,"ADGER WN, 2005, GLOBAL ENVIRON CHANG, V15, P77, DOI [10.1016/J.GLOENVCHA.2005.03.001, 10.1016/J.GLOENVCHA.2004.12.005]",6
DOI:10.1007/s10584-013-0989-8,DOI:10.1007/s10113-013-0421-y,3
DOI:10.1007/s10584-013-0989-8,DOI:10.1007/s11027-010-9270-x,6
DOI:10.1007/s10584-013-0989-8,DOI:10.1007/s11027-014-9627-7,4
DOI:10.1007/s10584-013-0989-8,DOI:10.1016/j.gloenvcha.2013.07.022,6
DOI:10.1007/s10584-013-0989-8,DOI:10.1016/j.gloenvcha.2015.01.001,3
DOI:10.1007/s10584-013-0989-8,DOI:10.1038/nclimate3012,4
DOI:10.1007/s10584-013-0989-8,DOI:10.1038/s41558-019-0490-0,3
DOI:10.1007/s10584-013-0989-8,DOI:10.1080/01944363.2015.1074526,4
DOI:10.1007/s10584-013-0989-8,DOI:10.1080/14693062.2016.1248889,4
DOI:10.1007/s10584-013-0989-8,DOI:10.3390/cli4010007,4
DOI:10.1007/s10584-013-0989-8,DOI:10.1007/s10113-014-0708-7,4
DOI:10.1007/s10584-013-0989-8,DOI:10.1007/s10584-013-0846-9,4
DOI:10.1007/s10584-013-0989-8,DOI:10.1007/s11027-013-9491-x,3
DOI:10.1007/s10584-013-0989-8,DOI:10.1016/j.gloenvcha.2014.01.003,5
DOI:10.1007/s10584-013-0989-8,DOI:10.1016/j.jclepro.2018.03.220,3
DOI:10.1007/s10584-013-0989-8,DOI:10.1016/j.jenvman.2015.11.043,3
DOI:10.1007/s10584-013-0989-8,DOI:10.1016/j.uclim.2015.06.005,3
DOI:10.1007/s10584-013-0989-8,DOI:10.1080/19463138.2019.1583234,3
DOI:10.1007/s10584-013-0989-8,"LESNIKOWSKI A, 2016, NAT CLIM CHANGE, V6, P261, DOI [10.1038/NCLIMATE2863, 10.1038/NCLIMATE2863]",3
DOI:10.1007/s10584-013-0989-8,DOI:10.1016/j.gloenvcha.2012.07.005,4
DOI:10.1007/s10584-013-0989-8,DOI:10.1016/j.gloenvcha.2010.03.005,3
DOI:10.1007/s10584-013-0989-8,DOI:10.1007/s11625-007-0032-y,3
DOI:10.1007/s11027-018-9789-9,DOI:10.1016/j.envsci.2016.06.009,3
DOI:10.1016/j.envsci.2016.06.009,DOI:10.1016/j.envsci.2018.04.010,7
DOI:10.1016/j.envsci.2016.06.009,DOI:10.1371/journal.pone.0135597,6
DOI:10.1016/j.envsci.2016.06.009,DOI:10.1007/s10584-019-02484-9,4
DOI:10.1016/j.envsci.2016.06.009,DOI:10.1016/j.envsci.2014.12.011,5
DOI:10.1016/j.envsci.2016.06.009,DOI:10.1016/j.envsci.2017.11.003,3
DOI:10.1016/j.envsci.2016.06.009,DOI:10.1016/j.envsci.2018.05.017,3
DOI:10.1016/j.envsci.2016.06.009,DOI:10.1016/j.gloenvcha.2009.11.009,4
DOI:10.1016/j.envsci.2016.06.009,DOI:10.1016/j.gloenvcha.2012.07.005,7
DOI:10.1016/j.envsci.2016.06.009,DOI:10.1016/j.habitatint.2013.05.003,4
DOI:10.1016/j.envsci.2016.06.009,DOI:10.1016/j.jclepro.2018.03.220,9
DOI:10.1016/j.envsci.2016.06.009,DOI:10.1016/j.landurbplan.2012.05.009,7
DOI:10.1016/j.envsci.2016.06.009,DOI:10.1016/j.oneear.2021.05.006,3
DOI:10.1016/j.envsci.2016.06.009,DOI:10.1016/j.uclim.2015.06.005,8
DOI:10.1016/j.envsci.2016.06.009,DOI:10.1068/c1234,3
DOI:10.1016/j.envsci.2016.06.009,DOI:10.1080/13549839.2013.839643,3
DOI:10.1016/j.envsci.2016.06.009,DOI:10.1080/1523908x.2019.1673154,3
DOI:10.1016/j.envsci.2016.06.009,DOI:10.1080/17565529.2014.886994,3
DOI:10.1016/j.envsci.2016.06.009,DOI:10.1111/1477-8947.12262,3
DOI:10.1016/j.envsci.2016.06.009,"LESNIKOWSKI A, 2016, NAT CLIM CHANGE, V6, P261, DOI [10.1038/NCLIMATE2863, 10.1038/NCLIMATE2863]",5
DOI:10.1016/j.envsci.2016.06.009,DOI:10.1007/s10113-014-0648-2,4
DOI:10.1016/j.envsci.2016.06.009,DOI:10.1007/s10113-014-0708-7,3
DOI:10.1016/j.envsci.2016.06.009,DOI:10.1007/s10584-013-0846-9,3
DOI:10.1016/j.envsci.2016.06.009,DOI:10.1007/s11027-013-9491-x,4
DOI:10.1016/j.envsci.2016.06.009,DOI:10.1007/s11027-013-9505-8,6
DOI:10.1016/j.envsci.2016.06.009,DOI:10.1007/s11027-014-9627-7,5
DOI:10.1016/j.envsci.2016.06.009,DOI:10.1016/j.cosust.2014.10.011,3
DOI:10.1016/j.envsci.2016.06.009,DOI:10.1016/j.gloenvcha.2013.07.022,7
DOI:10.1016/j.envsci.2016.06.009,DOI:10.1016/j.gloenvcha.2014.01.003,6
DOI:10.1016/j.envsci.2016.06.009,DOI:10.1016/j.gloenvcha.2015.01.001,4
DOI:10.1016/j.envsci.2016.06.009,DOI:10.1016/j.jenvman.2015.11.043,5
DOI:10.1016/j.envsci.2016.06.009,DOI:10.1017/s0143814x00003287,3
DOI:10.1016/j.envsci.2016.06.009,DOI:10.1038/s41558-019-0490-0,3
DOI:10.1016/j.envsci.2016.06.009,DOI:10.1080/14693062.2016.1248889,5
DOI:10.1016/j.envsci.2016.06.009,DOI:10.1080/19463138.2019.1583234,7
DOI:10.1016/j.envsci.2016.06.009,DOI:10.1111/j.1541-0072.1991.tb01878.x,3
DOI:10.1016/j.envsci.2016.06.009,DOI:10.1111/psj.12095,4
DOI:10.1016/j.envsci.2016.06.009,DOI:10.1126/science.aaf5002,3
DOI:10.1016/j.envsci.2016.06.009,DOI:10.3390/cli4010007,5
DOI:10.1016/j.envsci.2016.06.009,DOI:10.1007/s10584-018-2312-1,4
DOI:10.1016/j.envsci.2016.06.009,DOI:10.1007/s11027-010-9270-x,8
DOI:10.1016/j.envsci.2016.06.009,DOI:10.1007/s11027-012-9423-1,3
DOI:10.1016/j.envsci.2016.06.009,DOI:10.1038/nclimate3012,8
DOI:10.1016/j.envsci.2016.06.009,DOI:10.1007/s11625-007-0032-y,3
DOI:10.1016/j.envsci.2016.06.009,DOI:10.1016/j.landusepol.2015.09.003,3
DOI:10.1016/j.envsci.2016.06.009,DOI:10.1080/01944363.2015.1074526,5
DOI:10.1016/j.envsci.2016.06.009,DOI:10.1177/0739456x16645166,4
DOI:10.1016/j.envsci.2016.06.009,DOI:10.1007/s10113-021-01834-7,3
DOI:10.1016/j.envsci.2016.06.009,DOI:10.1016/j.uclim.2018.03.004,3
DOI:10.1016/j.envsci.2016.06.009,DOI:10.1080/01944363.2014.949590,3
DOI:10.1016/j.envsci.2016.06.009,DOI:10.1177/1070496514525406,3
DOI:10.1016/j.envsci.2016.06.009,"ADGER WN, 2005, GLOBAL ENVIRON CHANG, V15, P77, DOI [10.1016/J.GLOENVCHA.2005.03.001, 10.1016/J.GLOENVCHA.2004.12.005]",3
DOI:10.1016/j.envsci.2016.06.009,DOI:10.1002/wcc.29,3
DOI:10.1016/j.envsci.2016.06.009,DOI:10.1007/s10584-019-02533-3,3
DOI:10.1016/j.envsci.2016.06.009,DOI:10.1007/s11027-021-09971-4,5
DOI:10.1016/j.envsci.2016.06.009,DOI:10.1016/j.gloenvcha.2010.03.005,3
DOI:10.1016/j.envsci.2016.06.009,DOI:10.1111/ropr.12103,3
DOI:10.1016/j.envsci.2016.06.009,DOI:10.1111/ropr.12316,3
DOI:10.1016/j.envsci.2016.06.009,DOI:10.3390/su12135393,3
DOI:10.1016/j.envsci.2016.06.009,"FIELD CB, 2014, CLIMATE CHANGE 2014: IMPACTS, ADAPTATION, AND VULNERABILITY, PT A: GLOBAL AND SECTORAL ASPECTS, P1",3
DOI:10.1016/j.envsci.2016.06.009,DOI:10.2166/wcc.2014.119,3
DOI:10.1016/j.envsci.2016.06.009,DOI:10.1016/j.gloenvcha.2013.09.019,3
DOI:10.1016/j.envsci.2016.06.009,DOI:10.1016/j.envsci.2021.08.017,3
DOI:10.1016/j.envsci.2016.06.009,DOI:10.1016/j.landurbplan.2020.103974,5
DOI:10.1016/j.envsci.2016.06.009,DOI:10.1016/j.envsci.2016.06.017,3
DOI:10.1016/j.envsci.2016.06.009,DOI:10.1016/j.rser.2019.05.014,4
DOI:10.1016/j.envsci.2016.06.009,DOI:10.1080/09640568.2021.1902789,3
DOI:10.1016/j.envsci.2016.06.009,DOI:10.1038/nclimate2744,3
DOI:10.1016/j.envsci.2018.04.010,DOI:10.1371/journal.pone.0135597,3
DOI:10.1016/j.envsci.2018.04.010,"ADGER WN, 2005, GLOBAL ENVIRON CHANG, V15, P77, DOI [10.1016/J.GLOENVCHA.2005.03.001, 10.1016/J.GLOENVCHA.2004.12.005]",5
DOI:10.1016/j.envsci.2018.04.010,DOI:10.1002/wcc.573,3
DOI:10.1016/j.envsci.2018.04.010,DOI:10.1007/s10113-021-01834-7,3
DOI:10.1016/j.envsci.2018.04.010,DOI:10.1007/s10584-019-02533-3,5
DOI:10.1016/j.envsci.2018.04.010,DOI:10.1007/s10584-021-03142-9,5
DOI:10.1016/j.envsci.2018.04.010,DOI:10.1007/s11027-010-9270-x,6
DOI:10.1016/j.envsci.2018.04.010,DOI:10.1007/s11027-014-9627-7,4
DOI:10.1016/j.envsci.2018.04.010,DOI:10.1016/j.gloenvcha.2013.07.022,4
DOI:10.1016/j.envsci.2018.04.010,DOI:10.1016/j.gloenvcha.2013.12.002,3
DOI:10.1016/j.envsci.2018.04.010,DOI:10.1016/j.gloenvcha.2015.01.001,7
DOI:10.1016/j.envsci.2018.04.010,DOI:10.1038/nclimate3012,4
DOI:10.1016/j.envsci.2018.04.010,DOI:10.1038/s41558-019-0490-0,5
DOI:10.1016/j.envsci.2018.04.010,DOI:10.1080/01944363.2015.1074526,3
DOI:10.1016/j.envsci.2018.04.010,DOI:10.1080/09644016.2014.923614,3
DOI:10.1016/j.envsci.2018.04.010,DOI:10.1080/14693062.2016.1248889,3
DOI:10.1016/j.envsci.2018.04.010,DOI:10.1111/j.1541-1338.2012.00582.x,3
DOI:10.1016/j.envsci.2018.04.010,DOI:10.1146/annurev-environ-102017-025739,3
DOI:10.1016/j.envsci.2018.04.010,DOI:10.1016/j.envsci.2014.12.011,3
DOI:10.1016/j.envsci.2018.04.010,DOI:10.1016/j.jclepro.2018.03.220,10
DOI:10.1016/j.envsci.2018.04.010,DOI:10.1016/j.landurbplan.2012.05.009,4
DOI:10.1016/j.envsci.2018.04.010,DOI:10.1007/s10584-019-02484-9,3
DOI:10.1016/j.envsci.2018.04.010,DOI:10.1016/j.gloenvcha.2012.07.005,4
DOI:10.1016/j.envsci.2018.04.010,DOI:10.1016/j.uclim.2015.06.005,5
DOI:10.1016/j.envsci.2018.04.010,DOI:10.1111/1477-8947.12262,3
DOI:10.1016/j.envsci.2018.04.010,"LESNIKOWSKI A, 2016, NAT CLIM CHANGE, V6, P261, DOI [10.1038/NCLIMATE2863, 10.1038/NCLIMATE2863]",3
DOI:10.1016/j.envsci.2018.04.010,"BARROS VR, 2014, CLIMATE CHANGE 2014: IMPACTS, ADAPTATION, AND VULNERABILITY, PT B: REGIONAL ASPECTS, P1133",3
DOI:10.1016/j.envsci.2018.04.010,DOI:10.1016/j.gloenvcha.2010.07.004,3
DOI:10.1016/j.envsci.2018.04.010,DOI:10.1088/1748-9326/ab5532,4
DOI:10.1016/j.envsci.2018.04.010,DOI:10.1007/s10113-022-02020-z,3
DOI:10.1016/j.envsci.2018.04.010,DOI:10.1016/j.gloenvcha.2021.102279,3
DOI:10.1016/j.envsci.2018.04.010,DOI:10.1016/j.jenvman.2015.11.043,5
DOI:10.1016/j.envsci.2018.04.010,DOI:10.1080/13549839.2012.678317,3
DOI:10.1016/j.envsci.2018.04.010,DOI:10.1007/s11027-013-9505-8,3
DOI:10.1016/j.envsci.2018.04.010,DOI:10.1007/s11027-021-09971-4,4
DOI:10.1016/j.envsci.2018.04.010,DOI:10.1016/j.gloenvcha.2010.03.005,3
DOI:10.1016/j.envsci.2018.04.010,DOI:10.1016/j.gloenvcha.2014.01.003,3
DOI:10.1016/j.envsci.2018.04.010,DOI:10.3390/su12135393,3
DOI:10.1016/j.envsci.2018.04.010,DOI:10.1016/j.rser.2019.05.014,4
DOI:10.1016/j.envsci.2018.04.010,DOI:10.1038/s41558-019-0539-0,3
DOI:10.1016/j.envsci.2018.04.010,DOI:10.1080/19463138.2019.1583234,5
DOI:10.1016/j.envsci.2018.04.010,DOI:10.1016/j.landurbplan.2020.103974,4
DOI:10.1289/ehp.0900708,"SMITH KR, 2014, CLIMATE CHANGE 2014: IMPACTS, ADAPTATION, AND VULNERABILITY, PT A: GLOBAL AND SECTORAL ASPECTS, P709",3
DOI:10.1371/journal.pone.0135597,"ADGER WN, 2005, GLOBAL ENVIRON CHANG, V15, P77, DOI [10.1016/J.GLOENVCHA.2005.03.001, 10.1016/J.GLOENVCHA.2004.12.005]",4
DOI:10.1371/journal.pone.0135597,DOI:10.1007/s11027-010-9270-x,6
DOI:10.1371/journal.pone.0135597,"LESNIKOWSKI A, 2016, NAT CLIM CHANGE, V6, P261, DOI [10.1038/NCLIMATE2863, 10.1038/NCLIMATE2863]",3
DOI:10.1371/journal.pone.0135597,DOI:10.1007/s10584-013-0846-9,3
DOI:10.1371/journal.pone.0135597,DOI:10.1016/j.gloenvcha.2012.07.005,3
DOI:10.1371/journal.pone.0135597,DOI:10.1016/j.gloenvcha.2013.07.022,3
DOI:10.1371/journal.pone.0135597,DOI:10.1016/j.gloenvcha.2014.01.003,3
DOI:10.1371/journal.pone.0135597,DOI:10.1016/j.uclim.2015.06.005,4
DOI:10.1371/journal.pone.0135597,DOI:10.1007/s10113-013-0421-y,3
DOI:10.1371/journal.pone.0135597,DOI:10.1038/nclimate2350,3
DOI:10.1371/journal.pone.0135597,DOI:10.3390/cli4010007,3
DOI:10.1371/journal.pone.0135597,DOI:10.1016/j.jclepro.2018.03.220,4
DOI:10.1371/journal.pone.0135597,DOI:10.1038/nclimate3012,4
DOI:10.1371/journal.pone.0135597,DOI:10.1080/19463138.2019.1583234,3
DOI:10.1371/journal.pone.0135597,DOI:10.1080/01944363.2015.1074526,3
"SMITH KR, 2014, CLIMATE CHANGE 2014: IMPACTS, ADAPTATION, AND VULNERABILITY, PT A: GLOBAL AND SECTORAL ASPECTS, P709",DOI:10.2105/ajph.2007.119362,3
"SMITH KR, 2014, CLIMATE CHANGE 2014: IMPACTS, ADAPTATION, AND VULNERABILITY, PT A: GLOBAL AND SECTORAL ASPECTS, P709",DOI:10.1007/s00038-012-0422-5,3
"SMITH KR, 2014, CLIMATE CHANGE 2014: IMPACTS, ADAPTATION, AND VULNERABILITY, PT A: GLOBAL AND SECTORAL ASPECTS, P709",DOI:10.1007/s00038-013-0465-2,3
DOI:10.1002/wcc.565,DOI:10.1038/s41558-017-0065-x,3
DOI:10.1007/s11027-013-9505-8,DOI:10.1007/s11625-016-0400-6,3
DOI:10.1007/s11027-013-9505-8,DOI:10.1016/j.envsci.2021.07.025,3
DOI:10.1007/s11027-013-9505-8,DOI:10.1016/j.landurbplan.2012.05.009,4
DOI:10.1007/s11027-013-9505-8,DOI:10.1016/j.uclim.2021.100859,5
DOI:10.1007/s11027-013-9505-8,DOI:10.1080/17565529.2014.886994,4
DOI:10.1007/s11027-013-9505-8,"[ANONYMOUS], 2015, ADOPTION PARIS AGREE",3
DOI:10.1007/s11027-013-9505-8,DOI:10.1007/s10584-009-9623-1,4
DOI:10.1007/s11027-013-9505-8,DOI:10.1016/j.gloenvcha.2010.03.005,4
DOI:10.1007/s11027-013-9505-8,DOI:10.1016/j.gloenvcha.2010.05.001,3
DOI:10.1007/s11027-013-9505-8,DOI:10.1073/pnas.1007887107,7
DOI:10.1007/s11027-013-9505-8,DOI:10.1080/1523908x.2012.707406,4
DOI:10.1007/s11027-013-9505-8,DOI:10.5751/es-05732-180340,3
DOI:10.1007/s11027-013-9505-8,DOI:10.1007/s10113-014-0708-7,3
DOI:10.1007/s11027-013-9505-8,DOI:10.1007/s11027-014-9627-7,5
DOI:10.1007/s11027-013-9505-8,DOI:10.1016/j.gloenvcha.2013.07.022,4
DOI:10.1007/s11027-013-9505-8,DOI:10.1016/j.gloenvcha.2014.01.003,4
DOI:10.1007/s11027-013-9505-8,DOI:10.1016/j.gloenvcha.2015.01.001,3
DOI:10.1007/s11027-013-9505-8,DOI:10.1016/j.jclepro.2018.03.220,4
DOI:10.1007/s11027-013-9505-8,DOI:10.1016/j.jenvman.2015.11.043,3
DOI:10.1007/s11027-013-9505-8,DOI:10.1016/j.uclim.2015.06.005,4
DOI:10.1007/s11027-013-9505-8,DOI:10.1038/s41558-019-0490-0,4
DOI:10.1007/s11027-013-9505-8,DOI:10.1080/19463138.2019.1583234,4
DOI:10.1007/s11027-013-9505-8,DOI:10.1111/psj.12095,3
DOI:10.1007/s11027-013-9505-8,"LESNIKOWSKI A, 2016, NAT CLIM CHANGE, V6, P261, DOI [10.1038/NCLIMATE2863, 10.1038/NCLIMATE2863]",3
DOI:10.1007/s11027-013-9505-8,DOI:10.1007/s10113-021-01834-7,3
DOI:10.1007/s11027-013-9505-8,DOI:10.1016/j.envsci.2014.12.011,3
DOI:10.1007/s11027-013-9505-8,DOI:10.1016/j.gloenvcha.2012.07.005,3
DOI:10.1007/s11027-013-9505-8,DOI:10.1016/j.uclim.2018.03.004,4
DOI:10.1007/s11027-013-9505-8,"ADGER WN, 2005, GLOBAL ENVIRON CHANG, V15, P77, DOI [10.1016/J.GLOENVCHA.2005.03.001, 10.1016/J.GLOENVCHA.2004.12.005]",4
DOI:10.1007/s11027-013-9505-8,DOI:10.1002/wcc.573,3
DOI:10.1007/s11027-013-9505-8,DOI:10.1007/s10584-019-02533-3,3
DOI:10.1007/s11027-013-9505-8,DOI:10.1007/s10584-021-03142-9,3
DOI:10.1007/s11027-013-9505-8,DOI:10.1038/nclimate2350,4
DOI:10.1007/s11027-013-9505-8,DOI:10.1038/nclimate3012,3
DOI:10.1007/s11027-013-9505-8,DOI:10.1080/01944363.2015.1074526,3
DOI:10.1007/s11027-013-9505-8,DOI:10.1111/ropr.12103,3
DOI:10.1007/s11027-013-9505-8,DOI:10.1007/s10113-013-0421-y,5
DOI:10.1007/s11027-013-9505-8,DOI:10.1038/nclimate2744,3
DOI:10.1007/s11027-013-9505-8,DOI:10.1007/s11027-010-9270-x,3
DOI:10.1007/s11027-013-9505-8,DOI:10.1016/j.gloenvcha.2014.09.002,4
DOI:10.1016/j.envsci.2021.07.025,DOI:10.1016/j.uclim.2021.100859,3
DOI:10.1016/j.envsci.2023.05.017,DOI:10.1016/j.landurbplan.2012.05.009,3
DOI:10.1016/j.envsci.2023.05.017,DOI:10.1016/j.uclim.2021.100859,3
DOI:10.1016/j.envsci.2023.05.017,DOI:10.1080/17565529.2014.886994,3
DOI:10.1016/j.landurbplan.2012.05.009,DOI:10.1080/17565529.2014.886994,7
DOI:10.1016/j.landurbplan.2012.05.009,"BIZIKOVA L., 2008, CANADIAN COMMUNITIES, VFIRST",3
DOI:10.1016/j.landurbplan.2012.05.009,DOI:10.1007/s10584-012-0653-8,4
DOI:10.1016/j.landurbplan.2012.05.009,DOI:10.1007/s11027-010-9270-x,14
DOI:10.1016/j.landurbplan.2012.05.009,DOI:10.1007/s11625-007-0032-y,7
DOI:10.1016/j.landurbplan.2012.05.009,DOI:10.1016/j.enpol.2009.06.070,5
DOI:10.1016/j.landurbplan.2012.05.009,DOI:10.1016/j.envsci.2011.12.011,4
DOI:10.1016/j.landurbplan.2012.05.009,DOI:10.1016/j.gloenvcha.2007.06.002,4
DOI:10.1016/j.landurbplan.2012.05.009,DOI:10.1016/j.gloenvcha.2010.09.012,7
DOI:10.1016/j.landurbplan.2012.05.009,DOI:10.1080/09640560903399772,6
DOI:10.1016/j.landurbplan.2012.05.009,DOI:10.1080/1523908x.2010.505414,3
DOI:10.1016/j.landurbplan.2012.05.009,DOI:10.3200/env.51.4.22-31,3
DOI:10.1016/j.landurbplan.2012.05.009,"[ANONYMOUS], CHANG CLIM CHANG COM",3
DOI:10.1016/j.landurbplan.2012.05.009,DOI:10.1016/j.crte.2004.11.004,3
DOI:10.1016/j.landurbplan.2012.05.009,DOI:10.1016/j.envsci.2010.05.006,4
DOI:10.1016/j.landurbplan.2012.05.009,DOI:10.1016/j.gloenvcha.2012.12.006,3
DOI:10.1016/j.landurbplan.2012.05.009,DOI:10.1007/s10113-012-0348-8,3
DOI:10.1016/j.landurbplan.2012.05.009,DOI:10.1007/s11027-012-9423-1,5
DOI:10.1016/j.landurbplan.2012.05.009,DOI:10.1016/j.gloenvcha.2009.11.009,8
DOI:10.1016/j.landurbplan.2012.05.009,DOI:10.1080/09640568.2013.776951,4
DOI:10.1016/j.landurbplan.2012.05.009,DOI:10.1007/s10584-018-2312-1,6
DOI:10.1016/j.landurbplan.2012.05.009,DOI:10.1016/j.jclepro.2018.03.220,5
DOI:10.1016/j.landurbplan.2012.05.009,DOI:10.1080/09640568.2012.756805,6
DOI:10.1016/j.landurbplan.2012.05.009,DOI:10.1080/13549830600853635,3
DOI:10.1016/j.landurbplan.2012.05.009,DOI:10.1177/0739456x13513614,4
DOI:10.1016/j.landurbplan.2012.05.009,DOI:10.1016/j.gloenvcha.2010.03.005,3
DOI:10.1016/j.landurbplan.2012.05.009,DOI:10.1016/j.gloenvcha.2015.10.004,4
DOI:10.1016/j.landurbplan.2012.05.009,DOI:10.1016/j.habitatint.2013.05.003,5
DOI:10.1016/j.landurbplan.2012.05.009,DOI:10.1073/pnas.1007887107,4
DOI:10.1016/j.landurbplan.2012.05.009,DOI:10.1177/0956247810379948,3
DOI:10.1016/j.landurbplan.2012.05.009,DOI:10.1177/1070496514525406,4
DOI:10.1016/j.landurbplan.2012.05.009,DOI:10.1016/j.cities.2020.102658,3
DOI:10.1016/j.landurbplan.2012.05.009,DOI:10.1038/nclimate3012,8
DOI:10.1016/j.landurbplan.2012.05.009,DOI:10.1061/(asce)nh.1527-6996.0000063,3
DOI:10.1016/j.landurbplan.2012.05.009,DOI:10.1080/01944363.2019.1652108,4
DOI:10.1016/j.landurbplan.2012.05.009,DOI:10.1177/0885412208327014,4
DOI:10.1016/j.landurbplan.2012.05.009,"ADGER WN, 2005, GLOBAL ENVIRON CHANG, V15, P77, DOI [10.1016/J.GLOENVCHA.2005.03.001, 10.1016/J.GLOENVCHA.2004.12.005]",6
DOI:10.1016/j.landurbplan.2012.05.009,DOI:10.1007/s10113-013-0421-y,5
DOI:10.1016/j.landurbplan.2012.05.009,DOI:10.1016/j.gloenvcha.2007.08.002,3
DOI:10.1016/j.landurbplan.2012.05.009,DOI:10.1016/j.envsci.2014.12.011,5
DOI:10.1016/j.landurbplan.2012.05.009,"SUTER G, 2022, INTEGR ENVIRON ASSES, V18, P1117",3
DOI:10.1016/j.landurbplan.2012.05.009,"CARMIN JOANN., 2012, PROGRESS AND CHALLENGES IN URBAN CLIMATE ADAPTATION PLANNING: RESULTS OF A GLOBAL SURVEY",4
DOI:10.1016/j.landurbplan.2012.05.009,DOI:10.1007/s10584-019-02484-9,3
DOI:10.1016/j.landurbplan.2012.05.009,DOI:10.1016/j.envsci.2017.11.003,3
DOI:10.1016/j.landurbplan.2012.05.009,DOI:10.1016/j.envsci.2018.05.017,3
DOI:10.1016/j.landurbplan.2012.05.009,DOI:10.1016/j.gloenvcha.2012.07.005,4
DOI:10.1016/j.landurbplan.2012.05.009,DOI:10.1016/j.uclim.2015.06.005,5
DOI:10.1016/j.landurbplan.2012.05.009,DOI:10.1080/13549839.2013.839643,3
DOI:10.1016/j.landurbplan.2012.05.009,DOI:10.1080/1523908x.2019.1673154,3
DOI:10.1016/j.landurbplan.2012.05.009,DOI:10.1007/s11027-013-9480-0,3
DOI:10.1016/j.landurbplan.2012.05.009,DOI:10.1016/j.gloenvcha.2013.12.002,3
DOI:10.1016/j.landurbplan.2012.05.009,DOI:10.1016/j.landurbplan.2012.05.014,3
DOI:10.1016/j.landurbplan.2012.05.009,DOI:10.1080/01944360802377973,3
DOI:10.1016/j.landurbplan.2012.05.009,DOI:10.1080/01944363.2015.1074526,3
DOI:10.1016/j.landurbplan.2012.05.009,DOI:10.1080/01944363.2014.949590,3
DOI:10.1016/j.landurbplan.2012.05.009,DOI:10.1002/jid.1772,3
DOI:10.1016/j.landurbplan.2012.05.009,DOI:10.1002/wcc.193,3
DOI:10.1016/j.landurbplan.2012.05.009,DOI:10.1007/s10584-010-9980-9,4
DOI:10.1016/j.landurbplan.2012.05.009,DOI:10.1038/s41558-019-0539-0,3
DOI:10.1016/j.landurbplan.2012.05.009,DOI:10.1016/j.gloenvcha.2004.12.006,4
DOI:10.1016/j.landurbplan.2012.05.009,"SMIT B, 2001, CLIMATE CHANGE 2001: IMPACTS, ADAPTATION, AND VULNERABILITY, P877",3
DOI:10.1016/j.landurbplan.2012.05.009,DOI:10.1038/nclimate2350,3
DOI:10.1016/j.landurbplan.2012.05.009,"BERKE P, 2013, CITYSCAPE, V15, P181",3
DOI:10.1016/j.landurbplan.2012.05.009,DOI:10.1177/1078087410392348,3
DOI:10.1016/j.landurbplan.2012.05.009,DOI:10.1016/j.rser.2019.05.014,3
DOI:10.1016/j.uclim.2021.100859,DOI:10.1007/s10584-008-9520-z,3
DOI:10.1016/j.uclim.2021.100859,DOI:10.1080/17565529.2012.745389,3
DOI:10.1016/j.uclim.2021.100859,DOI:10.1016/j.cosust.2021.07.003,3
DOI:10.1016/j.uclim.2021.100859,DOI:10.1080/00343404.2022.2049224,3
DOI:10.1038/s41558-017-0065-x,DOI:10.1016/j.gloenvcha.2011.01.019,3
DOI:10.1080/17565529.2014.886994,"FIELD CB, 2014, CLIMATE CHANGE 2014: IMPACTS, ADAPTATION, AND VULNERABILITY, PT A: GLOBAL AND SECTORAL ASPECTS, P1",4
DOI:10.1080/17565529.2014.886994,DOI:10.1016/j.envsci.2010.05.006,3
DOI:10.1080/17565529.2014.886994,DOI:10.1016/j.habitatint.2013.05.003,6
DOI:10.1080/17565529.2014.886994,DOI:10.1073/pnas.1007887107,3
DOI:10.1080/17565529.2014.886994,DOI:10.1177/1070496514525406,4
DOI:10.1080/17565529.2014.886994,DOI:10.1007/s10584-016-1660-y,3
DOI:10.1080/17565529.2014.886994,DOI:10.1007/s10584-019-02484-9,3
DOI:10.1080/17565529.2014.886994,DOI:10.1016/j.envsci.2014.12.011,4
DOI:10.1080/17565529.2014.886994,DOI:10.1016/j.envsci.2017.11.003,3
DOI:10.1080/17565529.2014.886994,DOI:10.1016/j.envsci.2018.05.017,3
DOI:10.1080/17565529.2014.886994,DOI:10.1016/j.gloenvcha.2009.11.009,4
DOI:10.1080/17565529.2014.886994,DOI:10.1016/j.gloenvcha.2012.07.005,4
DOI:10.1080/17565529.2014.886994,DOI:10.1016/j.uclim.2015.06.005,4
DOI:10.1080/17565529.2014.886994,DOI:10.1080/13549839.2013.839643,3
DOI:10.1080/17565529.2014.886994,DOI:10.1080/1523908x.2019.1673154,3
DOI:10.1080/17565529.2014.886994,DOI:10.1007/s10113-012-0348-8,3
DOI:10.1080/17565529.2014.886994,DOI:10.1080/01944363.2014.949590,3
DOI:10.1080/17565529.2014.886994,DOI:10.1080/13549839.2014.880412,3
DOI:10.1080/17565529.2014.886994,DOI:10.1016/j.ijdrr.2013.12.008,3
DOI:10.1080/17565529.2014.886994,DOI:10.1016/j.ijdrr.2017.05.021,4
DOI:10.1080/17565529.2014.886994,DOI:10.1007/s11625-010-0108-y,3
DOI:10.1080/17565529.2014.886994,DOI:10.1007/s13753-018-0210-9,3
DOI:10.1080/17565529.2014.886994,DOI:10.1016/j.ijdrr.2016.07.010,3
DOI:10.1080/17565529.2014.886994,DOI:10.1016/j.ijdrr.2018.04.023,3
DOI:10.1080/17565529.2014.886994,DOI:10.1080/17565529.2015.1064809,3
DOI:10.1080/17565529.2014.886994,DOI:10.1111/j.1467-9523.2006.00305.x,3
DOI:10.1177/1078087419910827,DOI:10.1177/0739456x16645166,3
"FIELD CB, 2014, CLIMATE CHANGE 2014: IMPACTS, ADAPTATION, AND VULNERABILITY, PT A: GLOBAL AND SECTORAL ASPECTS, P1","[ANONYMOUS], 2015, ADOPTION PARIS AGREE",3
"FIELD CB, 2014, CLIMATE CHANGE 2014: IMPACTS, ADAPTATION, AND VULNERABILITY, PT A: GLOBAL AND SECTORAL ASPECTS, P1",DOI:10.1002/jid.1677,3
"FIELD CB, 2014, CLIMATE CHANGE 2014: IMPACTS, ADAPTATION, AND VULNERABILITY, PT A: GLOBAL AND SECTORAL ASPECTS, P1",DOI:10.1007/s11625-010-0108-y,5
"FIELD CB, 2014, CLIMATE CHANGE 2014: IMPACTS, ADAPTATION, AND VULNERABILITY, PT A: GLOBAL AND SECTORAL ASPECTS, P1",DOI:10.1016/j.ijdrr.2013.12.008,3
"FIELD CB, 2014, CLIMATE CHANGE 2014: IMPACTS, ADAPTATION, AND VULNERABILITY, PT A: GLOBAL AND SECTORAL ASPECTS, P1",DOI:10.1016/j.ijdrr.2014.10.011,3
"FIELD CB, 2014, CLIMATE CHANGE 2014: IMPACTS, ADAPTATION, AND VULNERABILITY, PT A: GLOBAL AND SECTORAL ASPECTS, P1",DOI:10.1080/09640568.2014.891974,3
"FIELD CB, 2014, CLIMATE CHANGE 2014: IMPACTS, ADAPTATION, AND VULNERABILITY, PT A: GLOBAL AND SECTORAL ASPECTS, P1",DOI:10.1108/17595901211245260,3
"FIELD CB, 2014, CLIMATE CHANGE 2014: IMPACTS, ADAPTATION, AND VULNERABILITY, PT A: GLOBAL AND SECTORAL ASPECTS, P1",DOI:10.1111/j.1467-9523.2006.00304.x,3
"FIELD CB, 2014, CLIMATE CHANGE 2014: IMPACTS, ADAPTATION, AND VULNERABILITY, PT A: GLOBAL AND SECTORAL ASPECTS, P1",DOI:10.1111/j.1467-9523.2006.00305.x,4
"FIELD CB, 2014, CLIMATE CHANGE 2014: IMPACTS, ADAPTATION, AND VULNERABILITY, PT A: GLOBAL AND SECTORAL ASPECTS, P1",DOI:10.1002/wcc.64,3
"FIELD CB, 2014, CLIMATE CHANGE 2014: IMPACTS, ADAPTATION, AND VULNERABILITY, PT A: GLOBAL AND SECTORAL ASPECTS, P1",DOI:10.1007/s10584-006-0329-3,3
"FIELD CB, 2014, CLIMATE CHANGE 2014: IMPACTS, ADAPTATION, AND VULNERABILITY, PT A: GLOBAL AND SECTORAL ASPECTS, P1",DOI:10.1007/s10584-008-9520-z,6
"FIELD CB, 2014, CLIMATE CHANGE 2014: IMPACTS, ADAPTATION, AND VULNERABILITY, PT A: GLOBAL AND SECTORAL ASPECTS, P1",DOI:10.1016/j.gloenvcha.2011.09.010,4
"FIELD CB, 2014, CLIMATE CHANGE 2014: IMPACTS, ADAPTATION, AND VULNERABILITY, PT A: GLOBAL AND SECTORAL ASPECTS, P1",DOI:10.1038/nclimate2350,3
"FIELD CB, 2014, CLIMATE CHANGE 2014: IMPACTS, ADAPTATION, AND VULNERABILITY, PT A: GLOBAL AND SECTORAL ASPECTS, P1",DOI:10.1073/pnas.1007887107,6
"FIELD CB, 2014, CLIMATE CHANGE 2014: IMPACTS, ADAPTATION, AND VULNERABILITY, PT A: GLOBAL AND SECTORAL ASPECTS, P1","WONG PP, 2014, CLIMATE CHANGE 2014: IMPACTS, ADAPTATION, AND VULNERABILITY, PT A: GLOBAL AND SECTORAL ASPECTS, P361",3
"FIELD CB, 2014, CLIMATE CHANGE 2014: IMPACTS, ADAPTATION, AND VULNERABILITY, PT A: GLOBAL AND SECTORAL ASPECTS, P1",DOI:10.1080/1523908x.2012.707406,3
"FIELD CB, 2014, CLIMATE CHANGE 2014: IMPACTS, ADAPTATION, AND VULNERABILITY, PT A: GLOBAL AND SECTORAL ASPECTS, P1","ADGER WN, 2005, GLOBAL ENVIRON CHANG, V15, P77, DOI [10.1016/J.GLOENVCHA.2005.03.001, 10.1016/J.GLOENVCHA.2004.12.005]",4
"FIELD CB, 2014, CLIMATE CHANGE 2014: IMPACTS, ADAPTATION, AND VULNERABILITY, PT A: GLOBAL AND SECTORAL ASPECTS, P1",DOI:10.1007/s11625-007-0032-y,4
"FIELD CB, 2014, CLIMATE CHANGE 2014: IMPACTS, ADAPTATION, AND VULNERABILITY, PT A: GLOBAL AND SECTORAL ASPECTS, P1",DOI:10.1016/j.gloenvcha.2010.03.005,5
"FIELD CB, 2014, CLIMATE CHANGE 2014: IMPACTS, ADAPTATION, AND VULNERABILITY, PT A: GLOBAL AND SECTORAL ASPECTS, P1",DOI:10.1016/j.gloenvcha.2013.07.022,4
"FIELD CB, 2014, CLIMATE CHANGE 2014: IMPACTS, ADAPTATION, AND VULNERABILITY, PT A: GLOBAL AND SECTORAL ASPECTS, P1",DOI:10.1016/j.ijdrr.2017.05.021,4
"FIELD CB, 2014, CLIMATE CHANGE 2014: IMPACTS, ADAPTATION, AND VULNERABILITY, PT A: GLOBAL AND SECTORAL ASPECTS, P1",DOI:10.1016/j.gloenvcha.2006.05.002,4
"FIELD CB, 2014, CLIMATE CHANGE 2014: IMPACTS, ADAPTATION, AND VULNERABILITY, PT A: GLOBAL AND SECTORAL ASPECTS, P1",DOI:10.1016/j.gloenvcha.2008.12.003,4
"FIELD CB, 2014, CLIMATE CHANGE 2014: IMPACTS, ADAPTATION, AND VULNERABILITY, PT A: GLOBAL AND SECTORAL ASPECTS, P1",DOI:10.1016/j.landurbplan.2015.11.011,3
"FIELD CB, 2014, CLIMATE CHANGE 2014: IMPACTS, ADAPTATION, AND VULNERABILITY, PT A: GLOBAL AND SECTORAL ASPECTS, P1",DOI:10.1038/nclimate3012,3
"FIELD CB, 2014, CLIMATE CHANGE 2014: IMPACTS, ADAPTATION, AND VULNERABILITY, PT A: GLOBAL AND SECTORAL ASPECTS, P1",DOI:10.1146/annurev.energy.32.051807.090348,4
"FIELD CB, 2014, CLIMATE CHANGE 2014: IMPACTS, ADAPTATION, AND VULNERABILITY, PT A: GLOBAL AND SECTORAL ASPECTS, P1","PELLING M, 2011, ADAPTATION TO CLIMATE CHANGE: FROM RESILIENCE TO TRANSFORMATION, P1",3
"FIELD CB, 2014, CLIMATE CHANGE 2014: IMPACTS, ADAPTATION, AND VULNERABILITY, PT A: GLOBAL AND SECTORAL ASPECTS, P1",DOI:10.1016/j.gloenvcha.2012.12.006,3
"FIELD CB, 2014, CLIMATE CHANGE 2014: IMPACTS, ADAPTATION, AND VULNERABILITY, PT A: GLOBAL AND SECTORAL ASPECTS, P1",DOI:10.1007/s13280-016-0825-2,3
"FIELD CB, 2014, CLIMATE CHANGE 2014: IMPACTS, ADAPTATION, AND VULNERABILITY, PT A: GLOBAL AND SECTORAL ASPECTS, P1",DOI:10.1016/j.geoforum.2010.03.004,3
"FIELD CB, 2014, CLIMATE CHANGE 2014: IMPACTS, ADAPTATION, AND VULNERABILITY, PT A: GLOBAL AND SECTORAL ASPECTS, P1",DOI:10.1007/s10584-019-02607-2,3
"FIELD CB, 2014, CLIMATE CHANGE 2014: IMPACTS, ADAPTATION, AND VULNERABILITY, PT A: GLOBAL AND SECTORAL ASPECTS, P1",DOI:10.1016/j.gloenvcha.2005.01.002,3
"FIELD CB, 2014, CLIMATE CHANGE 2014: IMPACTS, ADAPTATION, AND VULNERABILITY, PT A: GLOBAL AND SECTORAL ASPECTS, P1",DOI:10.1016/j.gloenvcha.2009.01.002,9
"FIELD CB, 2014, CLIMATE CHANGE 2014: IMPACTS, ADAPTATION, AND VULNERABILITY, PT A: GLOBAL AND SECTORAL ASPECTS, P1",DOI:10.1016/j.landusepol.2019.04.007,3
"FIELD CB, 2014, CLIMATE CHANGE 2014: IMPACTS, ADAPTATION, AND VULNERABILITY, PT A: GLOBAL AND SECTORAL ASPECTS, P1",DOI:10.1016/j.scitotenv.2021.148499,5
"FIELD CB, 2014, CLIMATE CHANGE 2014: IMPACTS, ADAPTATION, AND VULNERABILITY, PT A: GLOBAL AND SECTORAL ASPECTS, P1",DOI:10.1017/s0021859610000687,3
"FIELD CB, 2014, CLIMATE CHANGE 2014: IMPACTS, ADAPTATION, AND VULNERABILITY, PT A: GLOBAL AND SECTORAL ASPECTS, P1",DOI:10.1007/s00267-008-9259-3,3
"FIELD CB, 2014, CLIMATE CHANGE 2014: IMPACTS, ADAPTATION, AND VULNERABILITY, PT A: GLOBAL AND SECTORAL ASPECTS, P1","HASSAN R, 2008, AFR J AGRIC RESOUR E, V2, P83",3
"FIELD CB, 2014, CLIMATE CHANGE 2014: IMPACTS, ADAPTATION, AND VULNERABILITY, PT A: GLOBAL AND SECTORAL ASPECTS, P1","NHEMACHENA C., 2007, IFPRI DISCUSSION PAP, P30",3
"FIELD CB, 2014, CLIMATE CHANGE 2014: IMPACTS, ADAPTATION, AND VULNERABILITY, PT A: GLOBAL AND SECTORAL ASPECTS, P1","ABRHAM BELAY ABRHAM BELAY, 2017, AGRICULTURE AND FOOD SECURITY, V6, DOI [10.1186/S40066-017-0100-1, 10.1186/S40066-017-0100-1]",4
"FIELD CB, 2014, CLIMATE CHANGE 2014: IMPACTS, ADAPTATION, AND VULNERABILITY, PT A: GLOBAL AND SECTORAL ASPECTS, P1","AGIDEW A. A., 2018, AGRICULTURAL AND FOOD ECONOMICS, V6, DOI [10.1186/S40100-018-0106-4, 10.1186/S40100-018-0106-4]",3
"FIELD CB, 2014, CLIMATE CHANGE 2014: IMPACTS, ADAPTATION, AND VULNERABILITY, PT A: GLOBAL AND SECTORAL ASPECTS, P1","ATUBE FRANCIS, 2021, AGRICULTURE AND FOOD SECURITY, V10, DOI [10.1186/S40066-020-00279-1, 10.1186/S40066-020-00279-1]",5
"FIELD CB, 2014, CLIMATE CHANGE 2014: IMPACTS, ADAPTATION, AND VULNERABILITY, PT A: GLOBAL AND SECTORAL ASPECTS, P1","DE PINTO A., 2019, ADAPTING GLOBAL FOOD",3
"FIELD CB, 2014, CLIMATE CHANGE 2014: IMPACTS, ADAPTATION, AND VULNERABILITY, PT A: GLOBAL AND SECTORAL ASPECTS, P1",DOI:10.1007/s00267-020-01291-8,3
"FIELD CB, 2014, CLIMATE CHANGE 2014: IMPACTS, ADAPTATION, AND VULNERABILITY, PT A: GLOBAL AND SECTORAL ASPECTS, P1",DOI:10.1007/s10584-018-2320-1,3
"FIELD CB, 2014, CLIMATE CHANGE 2014: IMPACTS, ADAPTATION, AND VULNERABILITY, PT A: GLOBAL AND SECTORAL ASPECTS, P1",DOI:10.1007/s10584-021-03180-3,3
"FIELD CB, 2014, CLIMATE CHANGE 2014: IMPACTS, ADAPTATION, AND VULNERABILITY, PT A: GLOBAL AND SECTORAL ASPECTS, P1",DOI:10.1007/s12571-019-00965-4,3
"FIELD CB, 2014, CLIMATE CHANGE 2014: IMPACTS, ADAPTATION, AND VULNERABILITY, PT A: GLOBAL AND SECTORAL ASPECTS, P1",DOI:10.1016/j.crm.2016.12.001,5
"FIELD CB, 2014, CLIMATE CHANGE 2014: IMPACTS, ADAPTATION, AND VULNERABILITY, PT A: GLOBAL AND SECTORAL ASPECTS, P1",DOI:10.1016/j.crm.2017.01.002,4
"FIELD CB, 2014, CLIMATE CHANGE 2014: IMPACTS, ADAPTATION, AND VULNERABILITY, PT A: GLOBAL AND SECTORAL ASPECTS, P1",DOI:10.1016/j.crm.2021.100333,3
"FIELD CB, 2014, CLIMATE CHANGE 2014: IMPACTS, ADAPTATION, AND VULNERABILITY, PT A: GLOBAL AND SECTORAL ASPECTS, P1",DOI:10.1016/j.foodpol.2014.06.010,3
"FIELD CB, 2014, CLIMATE CHANGE 2014: IMPACTS, ADAPTATION, AND VULNERABILITY, PT A: GLOBAL AND SECTORAL ASPECTS, P1",DOI:10.1016/j.ijdrr.2017.05.006,3
"FIELD CB, 2014, CLIMATE CHANGE 2014: IMPACTS, ADAPTATION, AND VULNERABILITY, PT A: GLOBAL AND SECTORAL ASPECTS, P1",DOI:10.1016/j.jenvman.2012.10.036,5
"FIELD CB, 2014, CLIMATE CHANGE 2014: IMPACTS, ADAPTATION, AND VULNERABILITY, PT A: GLOBAL AND SECTORAL ASPECTS, P1",DOI:10.1016/j.wace.2021.100374,3
"FIELD CB, 2014, CLIMATE CHANGE 2014: IMPACTS, ADAPTATION, AND VULNERABILITY, PT A: GLOBAL AND SECTORAL ASPECTS, P1",DOI:10.1037/e576842013-001],3
"FIELD CB, 2014, CLIMATE CHANGE 2014: IMPACTS, ADAPTATION, AND VULNERABILITY, PT A: GLOBAL AND SECTORAL ASPECTS, P1",DOI:10.1080/17565529.2019.1710097,3
"FIELD CB, 2014, CLIMATE CHANGE 2014: IMPACTS, ADAPTATION, AND VULNERABILITY, PT A: GLOBAL AND SECTORAL ASPECTS, P1",DOI:10.1093/ajae/aar006,5
"FIELD CB, 2014, CLIMATE CHANGE 2014: IMPACTS, ADAPTATION, AND VULNERABILITY, PT A: GLOBAL AND SECTORAL ASPECTS, P1",DOI:10.1111/jac.12191,3
"FIELD CB, 2014, CLIMATE CHANGE 2014: IMPACTS, ADAPTATION, AND VULNERABILITY, PT A: GLOBAL AND SECTORAL ASPECTS, P1",DOI:10.1186/s40064-016-2779-z,3
"FIELD CB, 2014, CLIMATE CHANGE 2014: IMPACTS, ADAPTATION, AND VULNERABILITY, PT A: GLOBAL AND SECTORAL ASPECTS, P1",DOI:10.1186/s40066-017-0144-2],4
"FIELD CB, 2014, CLIMATE CHANGE 2014: IMPACTS, ADAPTATION, AND VULNERABILITY, PT A: GLOBAL AND SECTORAL ASPECTS, P1",DOI:10.12944/crnfsj.7.3.02,3
"FIELD CB, 2014, CLIMATE CHANGE 2014: IMPACTS, ADAPTATION, AND VULNERABILITY, PT A: GLOBAL AND SECTORAL ASPECTS, P1",DOI:10.3329/bjar.v39i3.21984,3
"FIELD CB, 2014, CLIMATE CHANGE 2014: IMPACTS, ADAPTATION, AND VULNERABILITY, PT A: GLOBAL AND SECTORAL ASPECTS, P1",DOI:10.3390/environments5010015,3
"FIELD CB, 2014, CLIMATE CHANGE 2014: IMPACTS, ADAPTATION, AND VULNERABILITY, PT A: GLOBAL AND SECTORAL ASPECTS, P1",DOI:10.3390/su14052847,3
"FIELD CB, 2014, CLIMATE CHANGE 2014: IMPACTS, ADAPTATION, AND VULNERABILITY, PT A: GLOBAL AND SECTORAL ASPECTS, P1",DOI:10.5194/esd-6-225-2015,4
"FIELD CB, 2014, CLIMATE CHANGE 2014: IMPACTS, ADAPTATION, AND VULNERABILITY, PT A: GLOBAL AND SECTORAL ASPECTS, P1","HEADEY D., 2012, IFPRI - DISCUSSION PAPERS",3
"FIELD CB, 2014, CLIMATE CHANGE 2014: IMPACTS, ADAPTATION, AND VULNERABILITY, PT A: GLOBAL AND SECTORAL ASPECTS, P1","SUTER G, 2022, INTEGR ENVIRON ASSES, V18, P1117",5
"FIELD CB, 2014, CLIMATE CHANGE 2014: IMPACTS, ADAPTATION, AND VULNERABILITY, PT A: GLOBAL AND SECTORAL ASPECTS, P1",DOI:10.1002/wcc.335,3
"FIELD CB, 2014, CLIMATE CHANGE 2014: IMPACTS, ADAPTATION, AND VULNERABILITY, PT A: GLOBAL AND SECTORAL ASPECTS, P1",DOI:10.1007/s10113-013-0421-y,8
"FIELD CB, 2014, CLIMATE CHANGE 2014: IMPACTS, ADAPTATION, AND VULNERABILITY, PT A: GLOBAL AND SECTORAL ASPECTS, P1",DOI:10.1016/j.envsci.2017.12.010,3
"FIELD CB, 2014, CLIMATE CHANGE 2014: IMPACTS, ADAPTATION, AND VULNERABILITY, PT A: GLOBAL AND SECTORAL ASPECTS, P1",DOI:10.1111/1540-6237.8402002,3
"FIELD CB, 2014, CLIMATE CHANGE 2014: IMPACTS, ADAPTATION, AND VULNERABILITY, PT A: GLOBAL AND SECTORAL ASPECTS, P1",DOI:10.1016/j.envsci.2017.05.013,3
"FIELD CB, 2014, CLIMATE CHANGE 2014: IMPACTS, ADAPTATION, AND VULNERABILITY, PT A: GLOBAL AND SECTORAL ASPECTS, P1",DOI:10.1080/17565529.2014.886995,3
"FIELD CB, 2014, CLIMATE CHANGE 2014: IMPACTS, ADAPTATION, AND VULNERABILITY, PT A: GLOBAL AND SECTORAL ASPECTS, P1",DOI:10.1111/1477-8947.12013,3
"FIELD CB, 2014, CLIMATE CHANGE 2014: IMPACTS, ADAPTATION, AND VULNERABILITY, PT A: GLOBAL AND SECTORAL ASPECTS, P1",DOI:10.1038/s41558-019-0490-0,3
"FIELD CB, 2014, CLIMATE CHANGE 2014: IMPACTS, ADAPTATION, AND VULNERABILITY, PT A: GLOBAL AND SECTORAL ASPECTS, P1",DOI:10.1080/23311932.2019.1613770,3
"FIELD CB, 2014, CLIMATE CHANGE 2014: IMPACTS, ADAPTATION, AND VULNERABILITY, PT A: GLOBAL AND SECTORAL ASPECTS, P1",DOI:10.1007/s11027-011-9323-9,3
"FIELD CB, 2014, CLIMATE CHANGE 2014: IMPACTS, ADAPTATION, AND VULNERABILITY, PT A: GLOBAL AND SECTORAL ASPECTS, P1",DOI:10.1016/j.apgeog.2011.06.010,3
"FIELD CB, 2014, CLIMATE CHANGE 2014: IMPACTS, ADAPTATION, AND VULNERABILITY, PT A: GLOBAL AND SECTORAL ASPECTS, P1",DOI:10.1007/s10113-014-0655-3,3
"FIELD CB, 2014, CLIMATE CHANGE 2014: IMPACTS, ADAPTATION, AND VULNERABILITY, PT A: GLOBAL AND SECTORAL ASPECTS, P1","MIMURA N, 2014, CLIMATE CHANGE 2014: IMPACTS, ADAPTATION, AND VULNERABILITY, PT A: GLOBAL AND SECTORAL ASPECTS, P869",4
"FIELD CB, 2014, CLIMATE CHANGE 2014: IMPACTS, ADAPTATION, AND VULNERABILITY, PT A: GLOBAL AND SECTORAL ASPECTS, P1","[ANONYMOUS], 1992, UN FRAMEWORK CONVENT",3
"FIELD CB, 2014, CLIMATE CHANGE 2014: IMPACTS, ADAPTATION, AND VULNERABILITY, PT A: GLOBAL AND SECTORAL ASPECTS, P1",DOI:10.1891/9780826190123.ap02,3
"FIELD CB, 2014, CLIMATE CHANGE 2014: IMPACTS, ADAPTATION, AND VULNERABILITY, PT A: GLOBAL AND SECTORAL ASPECTS, P1",DOI:10.1038/s41598-021-89391-1,3
"FIELD CB, 2014, CLIMATE CHANGE 2014: IMPACTS, ADAPTATION, AND VULNERABILITY, PT A: GLOBAL AND SECTORAL ASPECTS, P1","NOBLE IR, 2014, CLIMATE CHANGE 2014: IMPACTS, ADAPTATION, AND VULNERABILITY, PT A: GLOBAL AND SECTORAL ASPECTS, P833",5
"FIELD CB, 2014, CLIMATE CHANGE 2014: IMPACTS, ADAPTATION, AND VULNERABILITY, PT A: GLOBAL AND SECTORAL ASPECTS, P1","[ANONYMOUS], 2022, SHARM EL-SHEIKH IMPLEMENTATION PLAN",3
"FIELD CB, 2014, CLIMATE CHANGE 2014: IMPACTS, ADAPTATION, AND VULNERABILITY, PT A: GLOBAL AND SECTORAL ASPECTS, P1",DOI:10.1111/1477-9552.12011,3
"FIELD CB, 2014, CLIMATE CHANGE 2014: IMPACTS, ADAPTATION, AND VULNERABILITY, PT A: GLOBAL AND SECTORAL ASPECTS, P1",DOI:10.1016/j.scitotenv.2021.150065,3
"FIELD CB, 2014, CLIMATE CHANGE 2014: IMPACTS, ADAPTATION, AND VULNERABILITY, PT A: GLOBAL AND SECTORAL ASPECTS, P1",DOI:10.1073/pnas.0701890104,3
"FIELD CB, 2014, CLIMATE CHANGE 2014: IMPACTS, ADAPTATION, AND VULNERABILITY, PT A: GLOBAL AND SECTORAL ASPECTS, P1",DOI:10.2134/agronj2010.0303,3
"FIELD CB, 2014, CLIMATE CHANGE 2014: IMPACTS, ADAPTATION, AND VULNERABILITY, PT A: GLOBAL AND SECTORAL ASPECTS, P1",DOI:10.1177/0739456x16645166,3
"FIELD CB, 2014, CLIMATE CHANGE 2014: IMPACTS, ADAPTATION, AND VULNERABILITY, PT A: GLOBAL AND SECTORAL ASPECTS, P1",DOI:10.1016/j.gloenvcha.2010.09.012,3
"FIELD CB, 2014, CLIMATE CHANGE 2014: IMPACTS, ADAPTATION, AND VULNERABILITY, PT A: GLOBAL AND SECTORAL ASPECTS, P1",DOI:10.1073/pnas.1115521109,4
"FIELD CB, 2014, CLIMATE CHANGE 2014: IMPACTS, ADAPTATION, AND VULNERABILITY, PT A: GLOBAL AND SECTORAL ASPECTS, P1","HALLEGATTE S, 2013, NAT CLIM CHANGE, V3, P802, DOI [10.1038/NCLIMATE1979, 10.1038/NCLIMATE1979]",3
"FIELD CB, 2014, CLIMATE CHANGE 2014: IMPACTS, ADAPTATION, AND VULNERABILITY, PT A: GLOBAL AND SECTORAL ASPECTS, P1",DOI:10.1016/j.ecolind.2022.109657,3
"FIELD CB, 2014, CLIMATE CHANGE 2014: IMPACTS, ADAPTATION, AND VULNERABILITY, PT A: GLOBAL AND SECTORAL ASPECTS, P1",DOI:10.1080/19463138.2019.1583234,3
"FIELD CB, 2014, CLIMATE CHANGE 2014: IMPACTS, ADAPTATION, AND VULNERABILITY, PT A: GLOBAL AND SECTORAL ASPECTS, P1",DOI:10.1016/j.gloenvcha.2010.11.006,3
"FIELD CB, 2014, CLIMATE CHANGE 2014: IMPACTS, ADAPTATION, AND VULNERABILITY, PT A: GLOBAL AND SECTORAL ASPECTS, P1",DOI:10.1007/s10668-019-00414-4,3
"FIELD CB, 2014, CLIMATE CHANGE 2014: IMPACTS, ADAPTATION, AND VULNERABILITY, PT A: GLOBAL AND SECTORAL ASPECTS, P1",DOI:10.1016/j.landusepol.2020.104858,3
"FIELD CB, 2014, CLIMATE CHANGE 2014: IMPACTS, ADAPTATION, AND VULNERABILITY, PT A: GLOBAL AND SECTORAL ASPECTS, P1",DOI:10.1016/j.techfore.2012.08.007,3
"FIELD CB, 2014, CLIMATE CHANGE 2014: IMPACTS, ADAPTATION, AND VULNERABILITY, PT A: GLOBAL AND SECTORAL ASPECTS, P1",DOI:10.1007/s10584-006-9060-3,3
"FIELD CB, 2014, CLIMATE CHANGE 2014: IMPACTS, ADAPTATION, AND VULNERABILITY, PT A: GLOBAL AND SECTORAL ASPECTS, P1",DOI:10.1017/cbo9781107415324,3
"[ANONYMOUS], 2015, ADOPTION PARIS AGREE",DOI:10.1007/s10113-014-0708-7,3
"[ANONYMOUS], 2015, ADOPTION PARIS AGREE",DOI:10.1007/s11027-014-9627-7,3
"[ANONYMOUS], 2015, ADOPTION PARIS AGREE",DOI:10.1016/j.gloenvcha.2013.07.022,3
"[ANONYMOUS], 2015, ADOPTION PARIS AGREE",DOI:10.1007/s10113-013-0421-y,3
"COAG, 2007, NAT CLIM CHANG AD FR","HOWES M., 2013, RETHINKING DISASTER",3
"COAG, 2007, NAT CLIM CHANG AD FR","ADGER WN, 2005, GLOBAL ENVIRON CHANG, V15, P77, DOI [10.1016/J.GLOENVCHA.2005.03.001, 10.1016/J.GLOENVCHA.2004.12.005]",3
DOI:10.1007/s10584-013-0880-7,DOI:10.1073/pnas.1007887107,3
DOI:10.1007/s11625-010-0108-y,DOI:10.1007/s13753-015-0038-5,6
DOI:10.1007/s11625-010-0108-y,DOI:10.1007/s13753-015-0046-5,4
DOI:10.1007/s11625-010-0108-y,DOI:10.1007/s13753-015-0076-z,5
DOI:10.1007/s11625-010-0108-y,DOI:10.1016/j.envsci.2013.05.009,4
DOI:10.1007/s11625-010-0108-y,DOI:10.1016/j.envsci.2015.01.017,6
DOI:10.1007/s11625-010-0108-y,DOI:10.1016/j.ijdrr.2013.12.008,5
DOI:10.1007/s11625-010-0108-y,DOI:10.1016/j.ijdrr.2014.10.011,8
DOI:10.1007/s11625-010-0108-y,DOI:10.1016/j.ijdrr.2016.07.010,4
DOI:10.1007/s11625-010-0108-y,DOI:10.1080/09640568.2014.891974,4
DOI:10.1007/s11625-010-0108-y,DOI:10.1080/17565529.2011.624791,6
DOI:10.1007/s11625-010-0108-y,DOI:10.1080/17565529.2016.1174659,3
DOI:10.1007/s11625-010-0108-y,DOI:10.1108/17595901211245260,7
DOI:10.1007/s11625-010-0108-y,DOI:10.1108/ijdrbe-03-2015-0014,3
DOI:10.1007/s11625-010-0108-y,DOI:10.1111/j.1467-9523.2006.00305.x,12
DOI:10.1007/s11625-010-0108-y,DOI:10.1111/j.1467-9523.2006.00307.x,6
DOI:10.1007/s11625-010-0108-y,DOI:10.1002/jid.1677,10
DOI:10.1007/s11625-010-0108-y,DOI:10.1007/s13753-011-0015-6,3
DOI:10.1007/s11625-010-0108-y,DOI:10.1080/17565529.2015.1064809,5
DOI:10.1007/s11625-010-0108-y,DOI:10.1111/j.1467-9523.2006.00304.x,10
DOI:10.1007/s11625-010-0108-y,DOI:10.1111/j.2040-0209.2009.00320_2.x,3
DOI:10.1007/s11625-010-0108-y,DOI:10.3763/cdev.2010.0053,5
DOI:10.1007/s11625-010-0108-y,DOI:10.5194/nhess-11-101-2011,3
DOI:10.1007/s11625-010-0108-y,"[ANONYMOUS], 2015, SENDAI FRAMEWORK DIS",4
DOI:10.1007/s11625-010-0108-y,"ADGER WN, 2005, GLOBAL ENVIRON CHANG, V15, P77, DOI [10.1016/J.GLOENVCHA.2005.03.001, 10.1016/J.GLOENVCHA.2004.12.005]",5
DOI:10.1007/s11625-010-0108-y,DOI:10.1007/s11027-010-9270-x,3
DOI:10.1007/s11625-010-0108-y,DOI:10.1023/a:1005661622966,3
DOI:10.1007/s11625-010-0108-y,DOI:10.1073/pnas.1007887107,4
DOI:10.1007/s11625-010-0108-y,"WISNER B., 2004, AT RISK: NATURAL HAZARDS, PEOPLE'S VULNERABILITY AND DISASTERS",3
DOI:10.1007/s11625-010-0108-y,DOI:10.1038/467909a,3
DOI:10.1007/s11625-010-0108-y,DOI:10.1080/01944363.2010.508428,3
DOI:10.1007/s11625-010-0108-y,DOI:10.1080/09640560903399772,3
DOI:10.1007/s11625-010-0108-y,DOI:10.1007/s11625-007-0032-y,4
DOI:10.1007/s11625-010-0108-y,DOI:10.1093/jopart/mum032,3
DOI:10.1007/s11625-010-0108-y,DOI:10.1093/jopart/mur011,3
DOI:10.1007/s11625-010-0108-y,DOI:10.4324/9780203219256,3
DOI:10.1007/s11625-010-0108-y,DOI:10.1002/wcc.29,4
DOI:10.1007/s11625-010-0108-y,"[ANONYMOUS], 2008, LINKING CLIMATE CHAN",3
DOI:10.1007/s11625-010-0108-y,DOI:10.1016/j.ijdrr.2018.04.023,5
DOI:10.1007/s11625-010-0108-y,DOI:10.1080/17565529.2019.1613217,4
DOI:10.1007/s11625-010-0108-y,DOI:10.1007/s11027-008-9147-4,4
DOI:10.1007/s11625-010-0108-y,DOI:10.1007/s13753-018-0210-9,5
DOI:10.1007/s11625-010-0108-y,DOI:10.1016/j.ijdrr.2017.05.021,4
DOI:10.1007/s11625-010-0108-y,DOI:10.3763/cdev.2009.0004,5
DOI:10.1007/s11625-010-0108-y,DOI:10.1007/s10584-008-9520-z,3
DOI:10.1007/s11625-010-0108-y,DOI:10.1016/j.cosust.2011.03.001,3
DOI:10.1007/s13753-015-0038-5,DOI:10.1007/s13753-015-0046-5,3
DOI:10.1007/s13753-015-0038-5,DOI:10.1016/j.ijdrr.2013.12.008,4
DOI:10.1007/s13753-015-0038-5,DOI:10.1016/j.ijdrr.2014.10.011,3
DOI:10.1007/s13753-015-0038-5,DOI:10.1080/17565529.2011.624791,3
DOI:10.1007/s13753-015-0038-5,DOI:10.1108/17595901211245260,4
DOI:10.1007/s13753-015-0038-5,DOI:10.1111/j.1467-9523.2006.00305.x,4
DOI:10.1007/s13753-015-0038-5,DOI:10.1111/j.1467-9523.2006.00307.x,3
DOI:10.1007/s13753-015-0038-5,DOI:10.1002/jid.1677,3
DOI:10.1007/s13753-015-0038-5,DOI:10.3763/cdev.2010.0053,3
DOI:10.1007/s13753-015-0046-5,DOI:10.1016/j.ijdrr.2014.10.011,3
DOI:10.1007/s13753-015-0046-5,DOI:10.1080/17565529.2011.624791,3
DOI:10.1007/s13753-015-0046-5,DOI:10.1111/j.1467-9523.2006.00305.x,3
DOI:10.1007/s13753-015-0046-5,"[ANONYMOUS], 2015, SENDAI FRAMEWORK DIS",3
DOI:10.1007/s13753-015-0076-z,DOI:10.1016/j.envsci.2015.01.017,4
DOI:10.1007/s13753-015-0076-z,DOI:10.1016/j.ijdrr.2014.10.011,3
DOI:10.1007/s13753-015-0076-z,DOI:10.1016/j.ijdrr.2016.07.010,3
DOI:10.1007/s13753-015-0076-z,DOI:10.1080/17565529.2011.624791,3
DOI:10.1007/s13753-015-0076-z,DOI:10.1108/17595901211245260,3
DOI:10.1007/s13753-015-0076-z,DOI:10.1108/ijdrbe-03-2015-0014,3
DOI:10.1007/s13753-015-0076-z,DOI:10.1111/j.1467-9523.2006.00305.x,6
DOI:10.1007/s13753-015-0076-z,DOI:10.1111/j.1467-9523.2006.00304.x,4
DOI:10.1007/s13753-015-0076-z,DOI:10.1007/s13753-011-0015-6,3
DOI:10.1007/s13753-015-0076-z,DOI:10.1007/s13753-018-0210-9,3
DOI:10.1007/s13753-015-0076-z,DOI:10.1016/j.ijdrr.2018.04.023,3
DOI:10.1007/s13753-015-0076-z,DOI:10.1080/17565529.2015.1064809,3
DOI:10.1007/s13753-015-0076-z,DOI:10.5194/nhess-12-2923-2012,3
DOI:10.1016/j.envsci.2013.05.009,DOI:10.1016/j.ijdrr.2013.12.008,3
DOI:10.1016/j.envsci.2013.05.009,DOI:10.1080/17565529.2011.624791,3
DOI:10.1016/j.envsci.2013.05.009,DOI:10.1111/j.1467-9523.2006.00305.x,3
DOI:10.1016/j.envsci.2013.05.009,DOI:10.1111/j.1467-9523.2006.00307.x,3
DOI:10.1016/j.envsci.2013.05.009,DOI:10.1002/jid.1677,3
DOI:10.1016/j.envsci.2013.05.009,DOI:10.1111/j.1467-9523.2006.00304.x,4
DOI:10.1016/j.envsci.2014.12.011,"ADGER WN, 2005, GLOBAL ENVIRON CHANG, V15, P77, DOI [10.1016/J.GLOENVCHA.2005.03.001, 10.1016/J.GLOENVCHA.2004.12.005]",4
DOI:10.1016/j.envsci.2014.12.011,DOI:10.1007/s10584-008-9520-z,3
DOI:10.1016/j.envsci.2014.12.011,DOI:10.1016/j.uclim.2015.06.005,6
DOI:10.1016/j.envsci.2014.12.011,DOI:10.1073/pnas.1007887107,5
DOI:10.1016/j.envsci.2014.12.011,DOI:10.1007/s11027-010-9270-x,4
DOI:10.1016/j.envsci.2014.12.011,DOI:10.1016/j.jclepro.2018.03.220,3
DOI:10.1016/j.envsci.2014.12.011,"SUTER G, 2022, INTEGR ENVIRON ASSES, V18, P1117",3
DOI:10.1016/j.envsci.2014.12.011,DOI:10.1002/eet.1936,3
DOI:10.1016/j.envsci.2014.12.011,DOI:10.1007/s10584-019-02484-9,3
DOI:10.1016/j.envsci.2014.12.011,DOI:10.1016/j.envsci.2017.11.003,3
DOI:10.1016/j.envsci.2014.12.011,DOI:10.1016/j.envsci.2018.05.017,3
DOI:10.1016/j.envsci.2014.12.011,DOI:10.1016/j.gloenvcha.2009.11.009,3
DOI:10.1016/j.envsci.2014.12.011,DOI:10.1016/j.gloenvcha.2012.07.005,4
DOI:10.1016/j.envsci.2014.12.011,DOI:10.1016/j.habitatint.2013.05.003,3
DOI:10.1016/j.envsci.2014.12.011,DOI:10.1080/13549839.2013.839643,3
DOI:10.1016/j.envsci.2014.12.011,DOI:10.1080/1523908x.2019.1673154,3
DOI:10.1016/j.envsci.2014.12.011,DOI:10.1080/01944363.2014.949590,4
DOI:10.1016/j.envsci.2014.12.011,DOI:10.1016/j.gloenvcha.2013.12.002,3
DOI:10.1016/j.envsci.2014.12.011,DOI:10.1038/s41558-019-0490-0,3
DOI:10.1016/j.envsci.2015.01.017,DOI:10.1016/j.ijdrr.2014.10.011,4
DOI:10.1016/j.envsci.2015.01.017,DOI:10.1016/j.ijdrr.2016.07.010,3
DOI:10.1016/j.envsci.2015.01.017,DOI:10.1108/17595901211245260,3
DOI:10.1016/j.envsci.2015.01.017,DOI:10.1111/j.1467-9523.2006.00305.x,4
DOI:10.1016/j.envsci.2015.01.017,DOI:10.1016/j.ijdrr.2018.04.023,4
DOI:10.1016/j.envsci.2015.01.017,DOI:10.1007/s13753-018-0210-9,3
DOI:10.1016/j.envsci.2015.01.017,DOI:10.1080/17565529.2015.1064809,3
DOI:10.1016/j.envsci.2015.01.017,DOI:10.1111/j.1467-9523.2006.00304.x,3
DOI:10.1016/j.ijdrr.2013.12.008,DOI:10.1016/j.ijdrr.2014.10.011,3
DOI:10.1016/j.ijdrr.2013.12.008,DOI:10.1016/j.ijdrr.2016.07.010,3
DOI:10.1016/j.ijdrr.2013.12.008,DOI:10.1080/17565529.2011.624791,3
DOI:10.1016/j.ijdrr.2013.12.008,DOI:10.1108/17595901211245260,3
DOI:10.1016/j.ijdrr.2013.12.008,DOI:10.1111/j.1467-9523.2006.00305.x,5
DOI:10.1016/j.ijdrr.2013.12.008,DOI:10.1111/j.1467-9523.2006.00307.x,3
DOI:10.1016/j.ijdrr.2013.12.008,DOI:10.1002/jid.1677,4
DOI:10.1016/j.ijdrr.2013.12.008,DOI:10.1016/s2212-5671(14)00965-4,3
DOI:10.1016/j.ijdrr.2013.12.008,DOI:10.1080/17565529.2015.1064809,3
DOI:10.1016/j.ijdrr.2013.12.008,DOI:10.1111/j.1467-9523.2006.00304.x,3
DOI:10.1016/j.ijdrr.2013.12.008,DOI:10.1007/s11027-010-9270-x,3
DOI:10.1016/j.ijdrr.2013.12.008,DOI:10.1007/s11625-007-0032-y,3
DOI:10.1016/j.ijdrr.2013.12.008,DOI:10.1016/j.ijdrr.2017.05.021,3
DOI:10.1016/j.ijdrr.2013.12.008,"MIMURA N, 2014, CLIMATE CHANGE 2014: IMPACTS, ADAPTATION, AND VULNERABILITY, PT A: GLOBAL AND SECTORAL ASPECTS, P869",3
DOI:10.1016/j.ijdrr.2014.10.011,DOI:10.1080/09640568.2014.891974,3
DOI:10.1016/j.ijdrr.2014.10.011,DOI:10.1080/17565529.2011.624791,5
DOI:10.1016/j.ijdrr.2014.10.011,DOI:10.1108/17595901211245260,6
DOI:10.1016/j.ijdrr.2014.10.011,DOI:10.1108/ijdrbe-03-2015-0014,3
DOI:10.1016/j.ijdrr.2014.10.011,DOI:10.1111/j.1467-9523.2006.00305.x,6
DOI:10.1016/j.ijdrr.2014.10.011,DOI:10.1111/j.1467-9523.2006.00307.x,3
DOI:10.1016/j.ijdrr.2014.10.011,DOI:10.1002/jid.1677,4
DOI:10.1016/j.ijdrr.2014.10.011,DOI:10.1080/17565529.2015.1064809,3
DOI:10.1016/j.ijdrr.2014.10.011,DOI:10.1108/s2040-7262(2010)0000004008,3
DOI:10.1016/j.ijdrr.2014.10.011,DOI:10.1016/j.ijdrr.2018.04.023,4
DOI:10.1016/j.ijdrr.2014.10.011,DOI:10.1007/s13753-018-0210-9,3
DOI:10.1016/j.ijdrr.2016.07.010,DOI:10.1108/17595901211245260,3
DOI:10.1016/j.ijdrr.2016.07.010,DOI:10.1111/j.1467-9523.2006.00305.x,4
DOI:10.1016/j.ijdrr.2016.07.010,DOI:10.1007/s13753-018-0210-9,3
DOI:10.1016/j.ijdrr.2016.07.010,DOI:10.1016/j.ijdrr.2017.05.021,3
DOI:10.1016/j.ijdrr.2016.07.010,DOI:10.1016/j.ijdrr.2018.04.023,3
DOI:10.1016/j.ijdrr.2016.07.010,DOI:10.1080/17565529.2015.1064809,3
DOI:10.1080/09640568.2014.891974,DOI:10.1108/17595901211245260,4
DOI:10.1080/09640568.2014.891974,DOI:10.1111/j.1467-9523.2006.00305.x,3
DOI:10.1080/17565529.2011.624791,DOI:10.1108/17595901211245260,3
DOI:10.1080/17565529.2011.624791,DOI:10.1108/ijdrbe-03-2015-0014,3
DOI:10.1080/17565529.2011.624791,DOI:10.1111/j.1467-9523.2006.00305.x,5
DOI:10.1080/17565529.2011.624791,DOI:10.1111/j.1467-9523.2006.00307.x,4
DOI:10.1080/17565529.2011.624791,DOI:10.1002/jid.1677,5
DOI:10.1080/17565529.2011.624791,DOI:10.1111/j.1467-9523.2006.00304.x,4
DOI:10.1080/17565529.2011.624791,DOI:10.1002/eet.539,3
DOI:10.1080/17565529.2011.624791,DOI:10.3763/cdev.2009.0004,3
DOI:10.1108/17595901211245260,DOI:10.1111/j.1467-9523.2006.00305.x,7
DOI:10.1108/17595901211245260,DOI:10.1111/j.1467-9523.2006.00307.x,3
DOI:10.1108/17595901211245260,DOI:10.1002/jid.1677,4
DOI:10.1108/17595901211245260,DOI:10.1080/17565529.2015.1064809,4
DOI:10.1108/17595901211245260,DOI:10.1108/s2040-7262(2010)0000004008,3
DOI:10.1108/17595901211245260,DOI:10.1111/j.1467-9523.2006.00304.x,4
DOI:10.1108/17595901211245260,DOI:10.3763/cdev.2010.0053,4
DOI:10.1108/17595901211245260,DOI:10.1007/s13753-018-0210-9,4
DOI:10.1108/17595901211245260,DOI:10.1016/j.ijdrr.2017.05.021,3
DOI:10.1108/17595901211245260,DOI:10.1016/j.ijdrr.2018.04.023,4
DOI:10.1108/17595901211245260,DOI:10.1080/17565529.2019.1613217,3
DOI:10.1108/17595901211245260,DOI:10.3763/cdev.2009.0004,3
DOI:10.1108/ijdrbe-03-2015-0014,DOI:10.1111/j.1467-9523.2006.00305.x,4
DOI:10.1108/ijdrbe-03-2015-0014,DOI:10.1016/j.ijdrr.2018.04.023,3
DOI:10.1111/j.1467-9523.2006.00305.x,DOI:10.1111/j.1467-9523.2006.00307.x,9
DOI:10.1111/j.1467-9523.2006.00305.x,DOI:10.1002/jid.1677,9
DOI:10.1111/j.1467-9523.2006.00305.x,DOI:10.1007/s13753-011-0015-6,3
DOI:10.1111/j.1467-9523.2006.00305.x,DOI:10.1016/j.gloenvcha.2007.06.002,5
DOI:10.1111/j.1467-9523.2006.00305.x,DOI:10.1080/17565529.2015.1064809,5
DOI:10.1111/j.1467-9523.2006.00305.x,DOI:10.1108/s2040-7262(2010)0000004008,3
DOI:10.1111/j.1467-9523.2006.00305.x,DOI:10.1111/j.1467-9523.2006.00304.x,10
DOI:10.1111/j.1467-9523.2006.00305.x,DOI:10.3763/cdev.2010.0053,4
DOI:10.1111/j.1467-9523.2006.00305.x,DOI:10.5194/nhess-11-101-2011,3
DOI:10.1111/j.1467-9523.2006.00305.x,DOI:10.5194/nhess-12-2923-2012,3
DOI:10.1111/j.1467-9523.2006.00305.x,"UNISDR, 2008, LINKING DISASTER RISK REDUCTION AND POVERTY REDUCTION: GOOD PRACTICES AND LESSONS LEARNED",3
DOI:10.1111/j.1467-9523.2006.00305.x,"[ANONYMOUS], 2015, SENDAI FRAMEWORK DIS",3
DOI:10.1111/j.1467-9523.2006.00305.x,DOI:10.1016/j.gloenvcha.2006.02.006,4
DOI:10.1111/j.1467-9523.2006.00305.x,DOI:10.1016/j.gloenvcha.2006.05.002,3
DOI:10.1111/j.1467-9523.2006.00305.x,DOI:10.1073/pnas.1231335100,3
DOI:10.1111/j.1467-9523.2006.00305.x,DOI:10.1007/s11027-008-9147-4,5
DOI:10.1111/j.1467-9523.2006.00305.x,DOI:10.3763/cdev.2009.0004,4
DOI:10.1111/j.1467-9523.2006.00305.x,"VENTON P., 2008, LINKING CLIMATE CHANGE ADAPTATION AND DISASTER RISK REDUCTION",3
DOI:10.1111/j.1467-9523.2006.00305.x,DOI:10.1007/s13753-018-0210-9,4
DOI:10.1111/j.1467-9523.2006.00305.x,DOI:10.1007/s13753-021-00351-9,3
DOI:10.1111/j.1467-9523.2006.00305.x,DOI:10.1016/j.ijdrr.2017.05.021,3
DOI:10.1111/j.1467-9523.2006.00305.x,DOI:10.1016/j.ijdrr.2018.04.023,5
DOI:10.1111/j.1467-9523.2006.00305.x,DOI:10.1080/17565529.2019.1613217,3
DOI:10.1111/j.1467-9523.2006.00305.x,DOI:10.4324/9780203428764,3
DOI:10.1111/j.1467-9523.2006.00307.x,DOI:10.1002/jid.1677,6
DOI:10.1111/j.1467-9523.2006.00307.x,DOI:10.1016/j.gloenvcha.2007.06.002,4
DOI:10.1111/j.1467-9523.2006.00307.x,DOI:10.1108/s2040-7262(2010)0000004008,3
DOI:10.1111/j.1467-9523.2006.00307.x,DOI:10.1111/j.1467-9523.2006.00304.x,9
DOI:10.1111/j.1467-9523.2006.00307.x,DOI:10.5194/nhess-11-101-2011,3
DOI:10.1111/j.1467-9523.2006.00307.x,"UNISDR, 2008, LINKING DISASTER RISK REDUCTION AND POVERTY REDUCTION: GOOD PRACTICES AND LESSONS LEARNED",3
DOI:10.1111/j.1467-9523.2006.00307.x,"ADGER WN, 2005, GLOBAL ENVIRON CHANG, V15, P77, DOI [10.1016/J.GLOENVCHA.2005.03.001, 10.1016/J.GLOENVCHA.2004.12.005]",3
DOI:10.1111/j.1467-9523.2006.00307.x,DOI:10.1007/s11027-008-9147-4,3
DOI:10.1111/j.1467-9523.2006.00307.x,DOI:10.3763/cdev.2009.0004,4
"ADGER WN, 2013, NAT CLIM CHANGE, V3, P112, DOI [10.1038/NCLIMATE1666, 10.1038/NCLIMATE1666]","ADGER WN, 2005, GLOBAL ENVIRON CHANG, V15, P77, DOI [10.1016/J.GLOENVCHA.2005.03.001, 10.1016/J.GLOENVCHA.2004.12.005]",5
"ADGER WN, 2013, NAT CLIM CHANGE, V3, P112, DOI [10.1038/NCLIMATE1666, 10.1038/NCLIMATE1666]",DOI:10.1002/wcc.30,3
"ADGER WN, 2013, NAT CLIM CHANGE, V3, P112, DOI [10.1038/NCLIMATE1666, 10.1038/NCLIMATE1666]",DOI:10.1007/s10584-008-9520-z,3
"ADGER WN, 2013, NAT CLIM CHANGE, V3, P112, DOI [10.1038/NCLIMATE1666, 10.1038/NCLIMATE1666]",DOI:10.1016/j.amepre.2008.08.018,3
"ADGER WN, 2013, NAT CLIM CHANGE, V3, P112, DOI [10.1038/NCLIMATE1666, 10.1038/NCLIMATE1666]",DOI:10.1016/j.gloenvcha.2010.03.005,3
"ADGER WN, 2013, NAT CLIM CHANGE, V3, P112, DOI [10.1038/NCLIMATE1666, 10.1038/NCLIMATE1666]",DOI:10.1016/j.gloenvcha.2010.09.012,4
"ADGER WN, 2013, NAT CLIM CHANGE, V3, P112, DOI [10.1038/NCLIMATE1666, 10.1038/NCLIMATE1666]",DOI:10.1073/pnas.1115521109,3
"ADGER WN, 2013, NAT CLIM CHANGE, V3, P112, DOI [10.1038/NCLIMATE1666, 10.1038/NCLIMATE1666]",DOI:10.1016/j.gloenvcha.2004.12.006,3
DOI:10.1007/s10668-019-00414-4,DOI:10.3390/environments5010015,3
DOI:10.1007/s10668-019-00414-4,DOI:10.1016/j.landusepol.2020.104858,3
DOI:10.1007/s10668-019-00414-4,DOI:10.3390/cli11100202,3
DOI:10.1080/17565529.2014.977761,"ADGER WN, 2005, GLOBAL ENVIRON CHANG, V15, P77, DOI [10.1016/J.GLOENVCHA.2005.03.001, 10.1016/J.GLOENVCHA.2004.12.005]",3
DOI:10.3390/environments5010015,"ATUBE FRANCIS, 2021, AGRICULTURE AND FOOD SECURITY, V10, DOI [10.1186/S40066-020-00279-1, 10.1186/S40066-020-00279-1]",5
DOI:10.3390/environments5010015,DOI:10.1007/s10668-018-0150-y,3
DOI:10.3390/environments5010015,DOI:10.1007/s12571-019-00965-4,3
DOI:10.3390/environments5010015,DOI:10.1016/j.crm.2016.12.001,8
DOI:10.3390/environments5010015,DOI:10.1016/j.heliyon.2020.e03867,5
DOI:10.3390/environments5010015,DOI:10.1108/ijccsm-01-2019-0002,3
DOI:10.3390/environments5010015,"ABRHAM BELAY ABRHAM BELAY, 2017, AGRICULTURE AND FOOD SECURITY, V6, DOI [10.1186/S40066-017-0100-1, 10.1186/S40066-017-0100-1]",5
DOI:10.3390/environments5010015,DOI:10.1016/j.crm.2017.01.002,3
DOI:10.3390/environments5010015,DOI:10.1016/j.ecolecon.2017.08.006,3
DOI:10.3390/environments5010015,DOI:10.1016/j.gloenvcha.2009.01.002,7
DOI:10.3390/environments5010015,DOI:10.1016/j.ijdrr.2017.05.006,3
DOI:10.3390/environments5010015,DOI:10.1016/j.jenvman.2012.10.036,4
DOI:10.3390/environments5010015,DOI:10.1016/j.scitotenv.2020.141151,3
DOI:10.3390/environments5010015,DOI:10.1016/j.scitotenv.2021.148499,3
DOI:10.3390/environments5010015,DOI:10.1177/1536867x0400400306,3
DOI:10.3390/environments5010015,DOI:10.1177/1536867x1101100303,3
DOI:10.3390/environments5010015,DOI:10.1186/s40064-016-2779-z,3
DOI:10.3390/environments5010015,DOI:10.22610/jebs.v11i1(j).2757],4
DOI:10.3390/environments5010015,DOI:10.3368/le.90.1.26,5
DOI:10.3390/environments5010015,DOI:10.3390/cli5040095,3
DOI:10.3390/environments5010015,DOI:10.3390/su14052847,3
DOI:10.3390/environments5010015,DOI:10.5194/esd-6-225-2015,4
DOI:10.3390/environments5010015,DOI:10.1016/j.landusepol.2019.04.007,3
DOI:10.3390/environments5010015,DOI:10.1016/j.landusepol.2020.104858,3
DOI:10.1007/978-94-007-0567-8_7,DOI:10.1111/j.1467-9299.2011.01916.x,3
DOI:10.1007/978-94-007-0567-8_7,"PIERRE JONPETERS., 2000, GOVERNANCE, POLITICS AND THE STATE",3
DOI:10.1007/s11027-012-9423-1,"ADGER WN, 2005, GLOBAL ENVIRON CHANG, V15, P77, DOI [10.1016/J.GLOENVCHA.2005.03.001, 10.1016/J.GLOENVCHA.2004.12.005]",6
DOI:10.1007/s11027-012-9423-1,DOI:10.1002/wcc.29,4
DOI:10.1007/s11027-012-9423-1,DOI:10.1007/s10584-008-9520-z,7
DOI:10.1007/s11027-012-9423-1,DOI:10.1016/j.envsci.2008.01.003,3
DOI:10.1007/s11027-012-9423-1,DOI:10.1016/j.gloenvcha.2006.02.006,3
DOI:10.1007/s11027-012-9423-1,DOI:10.1016/j.gloenvcha.2007.08.002,3
DOI:10.1007/s11027-012-9423-1,DOI:10.1016/j.uclim.2013.10.009,3
DOI:10.1007/s11027-012-9423-1,DOI:10.1073/pnas.1007887107,8
DOI:10.1007/s11027-012-9423-1,"MIMURA N, 2014, CLIMATE CHANGE 2014: IMPACTS, ADAPTATION, AND VULNERABILITY, PT A: GLOBAL AND SECTORAL ASPECTS, P869",3
DOI:10.1007/s11027-012-9423-1,"ADGER WN, 2007, AR4 CLIMATE CHANGE 2007: IMPACTS, ADAPTATION, AND VULNERABILITY, P717",3
DOI:10.1007/s11027-012-9423-1,DOI:10.1007/s10113-012-0348-8,3
DOI:10.1007/s11027-012-9423-1,DOI:10.1007/s11625-007-0032-y,6
DOI:10.1007/s11027-012-9423-1,DOI:10.1016/j.gloenvcha.2009.11.009,3
DOI:10.1007/s11027-012-9423-1,DOI:10.1016/j.gloenvcha.2010.09.012,5
DOI:10.1007/s11027-012-9423-1,DOI:10.1007/s11027-010-9270-x,9
DOI:10.1007/s11027-012-9423-1,DOI:10.1038/nclimate3012,4
DOI:10.1007/s11027-012-9423-1,DOI:10.1890/120277,3
DOI:10.1007/s11027-012-9423-1,"CARMIN JOANN., 2012, PROGRESS AND CHALLENGES IN URBAN CLIMATE ADAPTATION PLANNING: RESULTS OF A GLOBAL SURVEY",5
DOI:10.1007/s11027-012-9423-1,DOI:10.1080/01944360802377973,5
DOI:10.1007/s11027-012-9423-1,DOI:10.1016/j.gloenvcha.2004.12.006,3
DOI:10.1007/s11027-012-9423-1,DOI:10.1080/01944363.2015.1074526,3
DOI:10.1007/s11027-012-9423-1,DOI:10.1080/09640560903399772,3
DOI:10.1007/s11027-012-9423-1,DOI:10.1080/01944363.2014.949590,3
DOI:10.1007/s11027-012-9423-1,DOI:10.1080/1523908x.2012.707407,3
DOI:10.1016/j.landusepol.2017.04.007,DOI:10.1016/j.landusepol.2018.08.018,4
DOI:10.1016/j.landusepol.2017.04.007,DOI:10.1016/j.scitotenv.2018.06.349,3
DOI:10.1016/j.landusepol.2017.04.007,DOI:10.1017/s0021859610000687,3
DOI:10.1016/j.landusepol.2017.04.007,DOI:10.1016/j.landusepol.2017.10.023,4
DOI:10.1080/13549839.2012.665860,DOI:10.1080/09644016.2013.755797,3
DOI:10.1111/ropr.12383,"ADGER WN, 2005, GLOBAL ENVIRON CHANG, V15, P77, DOI [10.1016/J.GLOENVCHA.2005.03.001, 10.1016/J.GLOENVCHA.2004.12.005]",3
DOI:10.1002/jid.1677,DOI:10.1016/j.gloenvcha.2007.06.002,3
DOI:10.1002/jid.1677,DOI:10.1111/j.1467-9523.2006.00304.x,8
DOI:10.1002/jid.1677,DOI:10.1111/j.2040-0209.2009.00320_2.x,3
DOI:10.1002/jid.1677,DOI:10.3763/cdev.2010.0053,3
DOI:10.1002/jid.1677,DOI:10.5194/nhess-11-101-2011,4
DOI:10.1002/jid.1677,"UNISDR, 2008, LINKING DISASTER RISK REDUCTION AND POVERTY REDUCTION: GOOD PRACTICES AND LESSONS LEARNED",3
DOI:10.1002/jid.1677,"[ANONYMOUS], 2015, SENDAI FRAMEWORK DIS",3
DOI:10.1002/jid.1677,DOI:10.1007/s11625-007-0032-y,4
DOI:10.1002/jid.1677,DOI:10.1016/j.ijdrr.2017.05.021,3
DOI:10.1002/jid.1677,DOI:10.1061/(asce)nh.1527-6996.0000063,3
DOI:10.1002/jid.1677,DOI:10.1002/eet.539,3
DOI:10.1002/jid.1677,DOI:10.1016/j.gloenvcha.2004.12.006,4
DOI:10.1002/jid.1677,DOI:10.1016/j.gloenvcha.2006.05.002,3
DOI:10.1002/jid.1677,DOI:10.1016/j.ijdrr.2018.04.023,3
DOI:10.1002/jid.1677,DOI:10.1007/s11027-008-9147-4,3
DOI:10.1002/jid.1677,DOI:10.3763/cdev.2009.0004,7
DOI:10.1002/jid.1677,DOI:10.1080/17565529.2019.1613217,3
DOI:10.1002/jid.1677,DOI:10.4324/9780203428764,3
DOI:10.1002/jid.1677,DOI:10.1002/wcc.29,3
DOI:10.1002/jid.1677,DOI:10.1007/s10584-008-9520-z,3
DOI:10.1007/s13753-011-0015-6,DOI:10.1080/17565529.2015.1064809,3
DOI:10.1007/s13753-011-0015-6,DOI:10.1111/j.1467-9523.2006.00304.x,3
DOI:10.1007/s13753-011-0015-6,DOI:10.5194/nhess-12-2923-2012,3
DOI:10.1016/j.gloenvcha.2007.06.002,DOI:10.1111/j.1467-9523.2006.00304.x,3
DOI:10.1016/j.gloenvcha.2007.06.002,DOI:10.5194/nhess-11-101-2011,3
DOI:10.1016/j.gloenvcha.2007.06.002,DOI:10.1016/j.envsci.2005.06.010,3
DOI:10.1016/j.gloenvcha.2007.06.002,DOI:10.1016/j.gloenvcha.2008.12.003,3
DOI:10.1016/j.gloenvcha.2007.06.002,"BIZIKOVA L., 2008, CANADIAN COMMUNITIES, VFIRST",3
DOI:10.1016/j.gloenvcha.2007.06.002,DOI:10.1016/j.envsci.2011.12.011,3
DOI:10.1016/j.gloenvcha.2007.06.002,DOI:10.1016/j.gloenvcha.2010.09.012,4
DOI:10.1016/j.gloenvcha.2007.06.002,DOI:10.3200/env.51.4.22-31,3
DOI:10.1016/j.gloenvcha.2007.06.002,"COOKE B.U. KOTHARI., 2001, PARTICIPATION NEW TY",3
DOI:10.1016/j.gloenvcha.2007.06.002,DOI:10.1016/j.gloenvcha.2005.01.002,4
DOI:10.1080/17565529.2015.1064809,DOI:10.1111/j.1467-9523.2006.00304.x,4
DOI:10.1080/17565529.2015.1064809,DOI:10.3763/cdev.2010.0053,3
DOI:10.1080/17565529.2015.1064809,DOI:10.1007/s13753-018-0210-9,4
DOI:10.1080/17565529.2015.1064809,DOI:10.1016/j.ijdrr.2017.05.021,3
DOI:10.1080/17565529.2015.1064809,DOI:10.1016/j.ijdrr.2018.04.023,4
DOI:10.1108/s2040-7262(2010)0000004008,DOI:10.1111/j.1467-9523.2006.00304.x,3
DOI:10.1111/1468-2451.00107,DOI:10.1177/0170840607076586,3
DOI:10.1111/j.1467-9523.2006.00304.x,DOI:10.3763/cdev.2010.0053,4
DOI:10.1111/j.1467-9523.2006.00304.x,"ADGER WN, 2005, GLOBAL ENVIRON CHANG, V15, P77, DOI [10.1016/J.GLOENVCHA.2005.03.001, 10.1016/J.GLOENVCHA.2004.12.005]",5
DOI:10.1111/j.1467-9523.2006.00304.x,DOI:10.1016/j.gloenvcha.2009.11.004,4
DOI:10.1111/j.1467-9523.2006.00304.x,DOI:10.1023/a:1005661622966,4
DOI:10.1111/j.1467-9523.2006.00304.x,DOI:10.1023/a:1009601904210,3
DOI:10.1111/j.1467-9523.2006.00304.x,"WATSON RT, 2001, CLIMATE CHANGE 2001: IMPACTS, ADAPTATION, AND VULNERABILITY, PIX",3
DOI:10.1111/j.1467-9523.2006.00304.x,"WISNER B., 2004, AT RISK: NATURAL HAZARDS, PEOPLE'S VULNERABILITY AND DISASTERS",3
DOI:10.1111/j.1467-9523.2006.00304.x,"[ANONYMOUS], 2008, LINKING CLIMATE CHAN",3
DOI:10.1111/j.1467-9523.2006.00304.x,DOI:10.1002/eet.539,4
DOI:10.1111/j.1467-9523.2006.00304.x,"[ANONYMOUS], 2015, AUST J EMERG MANAG, V30, P9",3
DOI:10.1111/j.1467-9523.2006.00304.x,DOI:10.1016/j.envsci.2005.06.010,3
DOI:10.1111/j.1467-9523.2006.00304.x,"LIM B., 2005, ADAPTATION POLICY FRAMEWORKS FOR CLIMATE CHANGE: DEVELOPING STRATEGIES, POLICIES AND MEASURES",3
DOI:10.1111/j.1467-9523.2006.00304.x,DOI:10.1007/s10584-008-9520-z,3
DOI:10.1111/j.1467-9523.2006.00304.x,DOI:10.1007/s11625-007-0032-y,3
DOI:10.1111/j.1467-9523.2006.00304.x,DOI:10.1016/j.ijdrr.2018.04.023,4
DOI:10.1111/j.1467-9523.2006.00304.x,DOI:10.1007/s13753-018-0210-9,3
DOI:10.1111/j.1467-9523.2006.00304.x,DOI:10.1007/s11027-008-9147-4,3
DOI:10.1111/j.1467-9523.2006.00304.x,DOI:10.1016/j.cosust.2011.03.001,3
DOI:10.1111/j.1467-9523.2006.00304.x,DOI:10.3763/cdev.2009.0004,3
DOI:10.1111/j.1467-9523.2006.00304.x,DOI:10.1002/wcc.29,3
DOI:10.1111/j.1467-9523.2006.00304.x,DOI:10.1016/j.gloenvcha.2009.11.009,3
DOI:10.1111/j.1467-9523.2006.00308.x,DOI:10.1016/j.gloenvcha.2010.09.012,3
DOI:10.5194/nhess-11-101-2011,DOI:10.1016/j.envhaz.2006.11.001,3
"ADGER WN, 2005, GLOBAL ENVIRON CHANG, V15, P77, DOI [10.1016/J.GLOENVCHA.2005.03.001, 10.1016/J.GLOENVCHA.2004.12.005]",DOI:10.1002/wea.543,3
"ADGER WN, 2005, GLOBAL ENVIRON CHANG, V15, P77, DOI [10.1016/J.GLOENVCHA.2005.03.001, 10.1016/J.GLOENVCHA.2004.12.005]",DOI:10.1007/s10584-008-9520-z,17
"ADGER WN, 2005, GLOBAL ENVIRON CHANG, V15, P77, DOI [10.1016/J.GLOENVCHA.2005.03.001, 10.1016/J.GLOENVCHA.2004.12.005]",DOI:10.1007/s11027-011-9323-9,4
"ADGER WN, 2005, GLOBAL ENVIRON CHANG, V15, P77, DOI [10.1016/J.GLOENVCHA.2005.03.001, 10.1016/J.GLOENVCHA.2004.12.005]",DOI:10.1016/j.envsci.2005.06.010,3
"ADGER WN, 2005, GLOBAL ENVIRON CHANG, V15, P77, DOI [10.1016/J.GLOENVCHA.2005.03.001, 10.1016/J.GLOENVCHA.2004.12.005]",DOI:10.1016/j.gloenvcha.2004.12.006,4
"ADGER WN, 2005, GLOBAL ENVIRON CHANG, V15, P77, DOI [10.1016/J.GLOENVCHA.2005.03.001, 10.1016/J.GLOENVCHA.2004.12.005]",DOI:10.1016/j.gloenvcha.2006.05.002,5
"ADGER WN, 2005, GLOBAL ENVIRON CHANG, V15, P77, DOI [10.1016/J.GLOENVCHA.2005.03.001, 10.1016/J.GLOENVCHA.2004.12.005]",DOI:10.1016/j.gloenvcha.2008.12.003,7
"ADGER WN, 2005, GLOBAL ENVIRON CHANG, V15, P77, DOI [10.1016/J.GLOENVCHA.2005.03.001, 10.1016/J.GLOENVCHA.2004.12.005]",DOI:10.1016/j.gloenvcha.2010.05.001,7
"ADGER WN, 2005, GLOBAL ENVIRON CHANG, V15, P77, DOI [10.1016/J.GLOENVCHA.2005.03.001, 10.1016/J.GLOENVCHA.2004.12.005]",DOI:10.1016/s0921-8009(98)00117-7,4
"ADGER WN, 2005, GLOBAL ENVIRON CHANG, V15, P77, DOI [10.1016/J.GLOENVCHA.2005.03.001, 10.1016/J.GLOENVCHA.2004.12.005]",DOI:10.1038/nature08823,4
"ADGER WN, 2005, GLOBAL ENVIRON CHANG, V15, P77, DOI [10.1016/J.GLOENVCHA.2005.03.001, 10.1016/J.GLOENVCHA.2004.12.005]",DOI:10.1073/pnas.1007887107,21
"ADGER WN, 2005, GLOBAL ENVIRON CHANG, V15, P77, DOI [10.1016/J.GLOENVCHA.2005.03.001, 10.1016/J.GLOENVCHA.2004.12.005]","AGRAWAL A, 2010, NEW FRONT SOC POLICY, P173",3
"ADGER WN, 2005, GLOBAL ENVIRON CHANG, V15, P77, DOI [10.1016/J.GLOENVCHA.2005.03.001, 10.1016/J.GLOENVCHA.2004.12.005]",DOI:10.1002/wcc.29,7
"ADGER WN, 2005, GLOBAL ENVIRON CHANG, V15, P77, DOI [10.1016/J.GLOENVCHA.2005.03.001, 10.1016/J.GLOENVCHA.2004.12.005]",DOI:10.1002/wcc.322,3
"ADGER WN, 2005, GLOBAL ENVIRON CHANG, V15, P77, DOI [10.1016/J.GLOENVCHA.2005.03.001, 10.1016/J.GLOENVCHA.2004.12.005]",DOI:10.1007/978-90-481-9325-7,11
"ADGER WN, 2005, GLOBAL ENVIRON CHANG, V15, P77, DOI [10.1016/J.GLOENVCHA.2005.03.001, 10.1016/J.GLOENVCHA.2004.12.005]",DOI:10.1007/s10113-014-0708-7,4
"ADGER WN, 2005, GLOBAL ENVIRON CHANG, V15, P77, DOI [10.1016/J.GLOENVCHA.2005.03.001, 10.1016/J.GLOENVCHA.2004.12.005]",DOI:10.1007/s10584-006-0329-3,3
"ADGER WN, 2005, GLOBAL ENVIRON CHANG, V15, P77, DOI [10.1016/J.GLOENVCHA.2005.03.001, 10.1016/J.GLOENVCHA.2004.12.005]",DOI:10.1007/s10584-010-9980-9,5
"ADGER WN, 2005, GLOBAL ENVIRON CHANG, V15, P77, DOI [10.1016/J.GLOENVCHA.2005.03.001, 10.1016/J.GLOENVCHA.2004.12.005]",DOI:10.1007/s10584-014-1303-0,4
"ADGER WN, 2005, GLOBAL ENVIRON CHANG, V15, P77, DOI [10.1016/J.GLOENVCHA.2005.03.001, 10.1016/J.GLOENVCHA.2004.12.005]",DOI:10.1007/s11027-012-9406-2,3
"ADGER WN, 2005, GLOBAL ENVIRON CHANG, V15, P77, DOI [10.1016/J.GLOENVCHA.2005.03.001, 10.1016/J.GLOENVCHA.2004.12.005]",DOI:10.1016/j.envsci.2008.01.003,3
"ADGER WN, 2005, GLOBAL ENVIRON CHANG, V15, P77, DOI [10.1016/J.GLOENVCHA.2005.03.001, 10.1016/J.GLOENVCHA.2004.12.005]",DOI:10.1016/j.envsci.2010.05.006,4
"ADGER WN, 2005, GLOBAL ENVIRON CHANG, V15, P77, DOI [10.1016/J.GLOENVCHA.2005.03.001, 10.1016/J.GLOENVCHA.2004.12.005]",DOI:10.1016/j.gloenvcha.2005.02.001,4
"ADGER WN, 2005, GLOBAL ENVIRON CHANG, V15, P77, DOI [10.1016/J.GLOENVCHA.2005.03.001, 10.1016/J.GLOENVCHA.2004.12.005]",DOI:10.1016/j.gloenvcha.2006.02.006,5
"ADGER WN, 2005, GLOBAL ENVIRON CHANG, V15, P77, DOI [10.1016/J.GLOENVCHA.2005.03.001, 10.1016/J.GLOENVCHA.2004.12.005]",DOI:10.1016/j.gloenvcha.2006.03.004,3
"ADGER WN, 2005, GLOBAL ENVIRON CHANG, V15, P77, DOI [10.1016/J.GLOENVCHA.2005.03.001, 10.1016/J.GLOENVCHA.2004.12.005]",DOI:10.1016/j.gloenvcha.2007.08.002,16
"ADGER WN, 2005, GLOBAL ENVIRON CHANG, V15, P77, DOI [10.1016/J.GLOENVCHA.2005.03.001, 10.1016/J.GLOENVCHA.2004.12.005]",DOI:10.1016/j.gloenvcha.2009.06.001,9
"ADGER WN, 2005, GLOBAL ENVIRON CHANG, V15, P77, DOI [10.1016/J.GLOENVCHA.2005.03.001, 10.1016/J.GLOENVCHA.2004.12.005]",DOI:10.1016/j.gloenvcha.2011.09.015,4
"ADGER WN, 2005, GLOBAL ENVIRON CHANG, V15, P77, DOI [10.1016/J.GLOENVCHA.2005.03.001, 10.1016/J.GLOENVCHA.2004.12.005]",DOI:10.1016/j.gloenvcha.2014.04.013,3
"ADGER WN, 2005, GLOBAL ENVIRON CHANG, V15, P77, DOI [10.1016/J.GLOENVCHA.2005.03.001, 10.1016/J.GLOENVCHA.2004.12.005]",DOI:10.1016/j.gloenvcha.2015.01.001,4
"ADGER WN, 2005, GLOBAL ENVIRON CHANG, V15, P77, DOI [10.1016/J.GLOENVCHA.2005.03.001, 10.1016/J.GLOENVCHA.2004.12.005]",DOI:10.1016/j.ocecoaman.2010.12.007,3
"ADGER WN, 2005, GLOBAL ENVIRON CHANG, V15, P77, DOI [10.1016/J.GLOENVCHA.2005.03.001, 10.1016/J.GLOENVCHA.2004.12.005]",DOI:10.1016/j.uclim.2015.06.005,3
"ADGER WN, 2005, GLOBAL ENVIRON CHANG, V15, P77, DOI [10.1016/J.GLOENVCHA.2005.03.001, 10.1016/J.GLOENVCHA.2004.12.005]",DOI:10.1073/pnas.1231332100,3
"ADGER WN, 2005, GLOBAL ENVIRON CHANG, V15, P77, DOI [10.1016/J.GLOENVCHA.2005.03.001, 10.1016/J.GLOENVCHA.2004.12.005]",DOI:10.1080/09644016.2013.755797,4
"ADGER WN, 2005, GLOBAL ENVIRON CHANG, V15, P77, DOI [10.1016/J.GLOENVCHA.2005.03.001, 10.1016/J.GLOENVCHA.2004.12.005]",DOI:10.1080/17565529.2012.745389,4
"ADGER WN, 2005, GLOBAL ENVIRON CHANG, V15, P77, DOI [10.1016/J.GLOENVCHA.2005.03.001, 10.1016/J.GLOENVCHA.2004.12.005]",DOI:10.1111/j.1539-6924.2007.00940.x,3
"ADGER WN, 2005, GLOBAL ENVIRON CHANG, V15, P77, DOI [10.1016/J.GLOENVCHA.2005.03.001, 10.1016/J.GLOENVCHA.2004.12.005]",DOI:10.1177/0042098012461675,6
"ADGER WN, 2005, GLOBAL ENVIRON CHANG, V15, P77, DOI [10.1016/J.GLOENVCHA.2005.03.001, 10.1016/J.GLOENVCHA.2004.12.005]",DOI:10.2307/422246,5
"ADGER WN, 2005, GLOBAL ENVIRON CHANG, V15, P77, DOI [10.1016/J.GLOENVCHA.2005.03.001, 10.1016/J.GLOENVCHA.2004.12.005]",DOI:10.5751/es-08797-210337,4
"ADGER WN, 2005, GLOBAL ENVIRON CHANG, V15, P77, DOI [10.1016/J.GLOENVCHA.2005.03.001, 10.1016/J.GLOENVCHA.2004.12.005]","MIMURA N, 2014, CLIMATE CHANGE 2014: IMPACTS, ADAPTATION, AND VULNERABILITY, PT A: GLOBAL AND SECTORAL ASPECTS, P869",3
"ADGER WN, 2005, GLOBAL ENVIRON CHANG, V15, P77, DOI [10.1016/J.GLOENVCHA.2005.03.001, 10.1016/J.GLOENVCHA.2004.12.005]","PELLING M, 2011, ADAPTATION TO CLIMATE CHANGE: FROM RESILIENCE TO TRANSFORMATION, P1",6
"ADGER WN, 2005, GLOBAL ENVIRON CHANG, V15, P77, DOI [10.1016/J.GLOENVCHA.2005.03.001, 10.1016/J.GLOENVCHA.2004.12.005]","ADGER WN, 2013, NAT CLIM CHANGE, V3, P330, DOI [10.1038/NCLIMATE1751, 10.1038/NCLIMATE1751]",3
"ADGER WN, 2005, GLOBAL ENVIRON CHANG, V15, P77, DOI [10.1016/J.GLOENVCHA.2005.03.001, 10.1016/J.GLOENVCHA.2004.12.005]",DOI:10.1007/s10113-013-0421-y,8
"ADGER WN, 2005, GLOBAL ENVIRON CHANG, V15, P77, DOI [10.1016/J.GLOENVCHA.2005.03.001, 10.1016/J.GLOENVCHA.2004.12.005]",DOI:10.1007/s10584-006-9089-3,4
"ADGER WN, 2005, GLOBAL ENVIRON CHANG, V15, P77, DOI [10.1016/J.GLOENVCHA.2005.03.001, 10.1016/J.GLOENVCHA.2004.12.005]",DOI:10.1007/s10584-012-0398-4,3
"ADGER WN, 2005, GLOBAL ENVIRON CHANG, V15, P77, DOI [10.1016/J.GLOENVCHA.2005.03.001, 10.1016/J.GLOENVCHA.2004.12.005]",DOI:10.1016/j.envsci.2005.06.012,4
"ADGER WN, 2005, GLOBAL ENVIRON CHANG, V15, P77, DOI [10.1016/J.GLOENVCHA.2005.03.001, 10.1016/J.GLOENVCHA.2004.12.005]",DOI:10.1016/j.gloenvcha.2009.11.009,12
"ADGER WN, 2005, GLOBAL ENVIRON CHANG, V15, P77, DOI [10.1016/J.GLOENVCHA.2005.03.001, 10.1016/J.GLOENVCHA.2004.12.005]",DOI:10.1016/j.gloenvcha.2010.07.004,5
"ADGER WN, 2005, GLOBAL ENVIRON CHANG, V15, P77, DOI [10.1016/J.GLOENVCHA.2005.03.001, 10.1016/J.GLOENVCHA.2004.12.005]",DOI:10.1016/j.gloenvcha.2010.09.012,12
"ADGER WN, 2005, GLOBAL ENVIRON CHANG, V15, P77, DOI [10.1016/J.GLOENVCHA.2005.03.001, 10.1016/J.GLOENVCHA.2004.12.005]",DOI:10.1016/j.gloenvcha.2012.07.005,4
"ADGER WN, 2005, GLOBAL ENVIRON CHANG, V15, P77, DOI [10.1016/J.GLOENVCHA.2005.03.001, 10.1016/J.GLOENVCHA.2004.12.005]",DOI:10.1016/j.gloenvcha.2013.07.022,8
"ADGER WN, 2005, GLOBAL ENVIRON CHANG, V15, P77, DOI [10.1016/J.GLOENVCHA.2005.03.001, 10.1016/J.GLOENVCHA.2004.12.005]",DOI:10.1016/s0959-3780(00)00016-9,3
"ADGER WN, 2005, GLOBAL ENVIRON CHANG, V15, P77, DOI [10.1016/J.GLOENVCHA.2005.03.001, 10.1016/J.GLOENVCHA.2004.12.005]",DOI:10.1080/13549830600853635,4
"ADGER WN, 2005, GLOBAL ENVIRON CHANG, V15, P77, DOI [10.1016/J.GLOENVCHA.2005.03.001, 10.1016/J.GLOENVCHA.2004.12.005]",DOI:10.1002/wcc.30,4
"ADGER WN, 2005, GLOBAL ENVIRON CHANG, V15, P77, DOI [10.1016/J.GLOENVCHA.2005.03.001, 10.1016/J.GLOENVCHA.2004.12.005]",DOI:10.1007/s11027-010-9270-x,15
"ADGER WN, 2005, GLOBAL ENVIRON CHANG, V15, P77, DOI [10.1016/J.GLOENVCHA.2005.03.001, 10.1016/J.GLOENVCHA.2004.12.005]",DOI:10.1016/j.cosust.2009.10.005,3
"ADGER WN, 2005, GLOBAL ENVIRON CHANG, V15, P77, DOI [10.1016/J.GLOENVCHA.2005.03.001, 10.1016/J.GLOENVCHA.2004.12.005]",DOI:10.1016/j.gloenvcha.2007.05.002,5
"ADGER WN, 2005, GLOBAL ENVIRON CHANG, V15, P77, DOI [10.1016/J.GLOENVCHA.2005.03.001, 10.1016/J.GLOENVCHA.2004.12.005]",DOI:10.1016/j.gloenvcha.2009.11.004,7
"ADGER WN, 2005, GLOBAL ENVIRON CHANG, V15, P77, DOI [10.1016/J.GLOENVCHA.2005.03.001, 10.1016/J.GLOENVCHA.2004.12.005]",DOI:10.1023/a:1005661622966,11
"ADGER WN, 2005, GLOBAL ENVIRON CHANG, V15, P77, DOI [10.1016/J.GLOENVCHA.2005.03.001, 10.1016/J.GLOENVCHA.2004.12.005]",DOI:10.1068/a42244,3
"ADGER WN, 2005, GLOBAL ENVIRON CHANG, V15, P77, DOI [10.1016/J.GLOENVCHA.2005.03.001, 10.1016/J.GLOENVCHA.2004.12.005]",DOI:10.1080/13549839.2012.678313,5
"ADGER WN, 2005, GLOBAL ENVIRON CHANG, V15, P77, DOI [10.1016/J.GLOENVCHA.2005.03.001, 10.1016/J.GLOENVCHA.2004.12.005]",DOI:10.1080/14693062.2007.9685639,5
"ADGER WN, 2005, GLOBAL ENVIRON CHANG, V15, P77, DOI [10.1016/J.GLOENVCHA.2005.03.001, 10.1016/J.GLOENVCHA.2004.12.005]",DOI:10.1007/s10113-012-0348-8,5
"ADGER WN, 2005, GLOBAL ENVIRON CHANG, V15, P77, DOI [10.1016/J.GLOENVCHA.2005.03.001, 10.1016/J.GLOENVCHA.2004.12.005]",DOI:10.1016/s1449-4035(07)70118-2],3
"ADGER WN, 2005, GLOBAL ENVIRON CHANG, V15, P77, DOI [10.1016/J.GLOENVCHA.2005.03.001, 10.1016/J.GLOENVCHA.2004.12.005]",DOI:10.1016/j.gloenvcha.2004.10.003,3
"ADGER WN, 2005, GLOBAL ENVIRON CHANG, V15, P77, DOI [10.1016/J.GLOENVCHA.2005.03.001, 10.1016/J.GLOENVCHA.2004.12.005]",DOI:10.1016/s1469-3062(02)00038-4,6
"ADGER WN, 2005, GLOBAL ENVIRON CHANG, V15, P77, DOI [10.1016/J.GLOENVCHA.2005.03.001, 10.1016/J.GLOENVCHA.2004.12.005]","LIM B., 2005, ADAPTATION POLICY FRAMEWORKS FOR CLIMATE CHANGE: DEVELOPING STRATEGIES, POLICIES AND MEASURES",4
"ADGER WN, 2005, GLOBAL ENVIRON CHANG, V15, P77, DOI [10.1016/J.GLOENVCHA.2005.03.001, 10.1016/J.GLOENVCHA.2004.12.005]","SMIT B, 2001, CLIMATE CHANGE 2001: IMPACTS, ADAPTATION, AND VULNERABILITY, P877",6
"ADGER WN, 2005, GLOBAL ENVIRON CHANG, V15, P77, DOI [10.1016/J.GLOENVCHA.2005.03.001, 10.1016/J.GLOENVCHA.2004.12.005]","BERKHOUT F, 2005, CLIM POLICY, V5, P377",4
"ADGER WN, 2005, GLOBAL ENVIRON CHANG, V15, P77, DOI [10.1016/J.GLOENVCHA.2005.03.001, 10.1016/J.GLOENVCHA.2004.12.005]",DOI:10.1007/s10584-009-9623-1,4
"ADGER WN, 2005, GLOBAL ENVIRON CHANG, V15, P77, DOI [10.1016/J.GLOENVCHA.2005.03.001, 10.1016/J.GLOENVCHA.2004.12.005]",DOI:10.1016/j.envsci.2009.04.001,4
"ADGER WN, 2005, GLOBAL ENVIRON CHANG, V15, P77, DOI [10.1016/J.GLOENVCHA.2005.03.001, 10.1016/J.GLOENVCHA.2004.12.005]",DOI:10.1016/j.envsci.2011.12.011,4
"ADGER WN, 2005, GLOBAL ENVIRON CHANG, V15, P77, DOI [10.1016/J.GLOENVCHA.2005.03.001, 10.1016/J.GLOENVCHA.2004.12.005]",DOI:10.1111/1477-8947.12013,3
"ADGER WN, 2005, GLOBAL ENVIRON CHANG, V15, P77, DOI [10.1016/J.GLOENVCHA.2005.03.001, 10.1016/J.GLOENVCHA.2004.12.005]","ROUX DJ, 2006, ECOL SOC, V11",3
"ADGER WN, 2005, GLOBAL ENVIRON CHANG, V15, P77, DOI [10.1016/J.GLOENVCHA.2005.03.001, 10.1016/J.GLOENVCHA.2004.12.005]","[ANONYMOUS], 2007, CLIMATE CHANGE 2007",5
"ADGER WN, 2005, GLOBAL ENVIRON CHANG, V15, P77, DOI [10.1016/J.GLOENVCHA.2005.03.001, 10.1016/J.GLOENVCHA.2004.12.005]",DOI:10.1007/s10584-019-02533-3,3
"ADGER WN, 2005, GLOBAL ENVIRON CHANG, V15, P77, DOI [10.1016/J.GLOENVCHA.2005.03.001, 10.1016/J.GLOENVCHA.2004.12.005]",DOI:10.1007/s10584-021-03142-9,3
"ADGER WN, 2005, GLOBAL ENVIRON CHANG, V15, P77, DOI [10.1016/J.GLOENVCHA.2005.03.001, 10.1016/J.GLOENVCHA.2004.12.005]",DOI:10.1007/s11027-014-9627-7,5
"ADGER WN, 2005, GLOBAL ENVIRON CHANG, V15, P77, DOI [10.1016/J.GLOENVCHA.2005.03.001, 10.1016/J.GLOENVCHA.2004.12.005]",DOI:10.1016/j.gloenvcha.2013.12.002,3
"ADGER WN, 2005, GLOBAL ENVIRON CHANG, V15, P77, DOI [10.1016/J.GLOENVCHA.2005.03.001, 10.1016/J.GLOENVCHA.2004.12.005]",DOI:10.1016/j.gloenvcha.2015.09.014,3
"ADGER WN, 2005, GLOBAL ENVIRON CHANG, V15, P77, DOI [10.1016/J.GLOENVCHA.2005.03.001, 10.1016/J.GLOENVCHA.2004.12.005]",DOI:10.1016/j.worlddev.2020.105383,4
"ADGER WN, 2005, GLOBAL ENVIRON CHANG, V15, P77, DOI [10.1016/J.GLOENVCHA.2005.03.001, 10.1016/J.GLOENVCHA.2004.12.005]",DOI:10.1038/nclimate3012,5
"ADGER WN, 2005, GLOBAL ENVIRON CHANG, V15, P77, DOI [10.1016/J.GLOENVCHA.2005.03.001, 10.1016/J.GLOENVCHA.2004.12.005]",DOI:10.1038/s41558-019-0490-0,5
"ADGER WN, 2005, GLOBAL ENVIRON CHANG, V15, P77, DOI [10.1016/J.GLOENVCHA.2005.03.001, 10.1016/J.GLOENVCHA.2004.12.005]",DOI:10.1080/01944363.2015.1074526,5
"ADGER WN, 2005, GLOBAL ENVIRON CHANG, V15, P77, DOI [10.1016/J.GLOENVCHA.2005.03.001, 10.1016/J.GLOENVCHA.2004.12.005]",DOI:10.1080/09644016.2014.923614,3
"ADGER WN, 2005, GLOBAL ENVIRON CHANG, V15, P77, DOI [10.1016/J.GLOENVCHA.2005.03.001, 10.1016/J.GLOENVCHA.2004.12.005]",DOI:10.1080/13549839.2013.872092,3
"ADGER WN, 2005, GLOBAL ENVIRON CHANG, V15, P77, DOI [10.1016/J.GLOENVCHA.2005.03.001, 10.1016/J.GLOENVCHA.2004.12.005]",DOI:10.1080/1523908x.2010.505414,3
"ADGER WN, 2005, GLOBAL ENVIRON CHANG, V15, P77, DOI [10.1016/J.GLOENVCHA.2005.03.001, 10.1016/J.GLOENVCHA.2004.12.005]","ADGER WN, 2003, ECON GEOGR, V79, P387",8
"ADGER WN, 2005, GLOBAL ENVIRON CHANG, V15, P77, DOI [10.1016/J.GLOENVCHA.2005.03.001, 10.1016/J.GLOENVCHA.2004.12.005]","ADGER WN, 2007, AR4 CLIMATE CHANGE 2007: IMPACTS, ADAPTATION, AND VULNERABILITY, P717",4
"ADGER WN, 2005, GLOBAL ENVIRON CHANG, V15, P77, DOI [10.1016/J.GLOENVCHA.2005.03.001, 10.1016/J.GLOENVCHA.2004.12.005]",DOI:10.1007/s10584-008-9539-1,3
"ADGER WN, 2005, GLOBAL ENVIRON CHANG, V15, P77, DOI [10.1016/J.GLOENVCHA.2005.03.001, 10.1016/J.GLOENVCHA.2004.12.005]",DOI:10.1007/s11625-007-0032-y,16
"ADGER WN, 2005, GLOBAL ENVIRON CHANG, V15, P77, DOI [10.1016/J.GLOENVCHA.2005.03.001, 10.1016/J.GLOENVCHA.2004.12.005]",DOI:10.1093/jopart/mum032,3
"ADGER WN, 2005, GLOBAL ENVIRON CHANG, V15, P77, DOI [10.1016/J.GLOENVCHA.2005.03.001, 10.1016/J.GLOENVCHA.2004.12.005]",DOI:10.4324/9780203219256,5
"ADGER WN, 2005, GLOBAL ENVIRON CHANG, V15, P77, DOI [10.1016/J.GLOENVCHA.2005.03.001, 10.1016/J.GLOENVCHA.2004.12.005]",DOI:10.1007/s10584-009-9576-4,4
"ADGER WN, 2005, GLOBAL ENVIRON CHANG, V15, P77, DOI [10.1016/J.GLOENVCHA.2005.03.001, 10.1016/J.GLOENVCHA.2004.12.005]",DOI:10.1016/j.gloenvcha.2010.03.005,16
"ADGER WN, 2005, GLOBAL ENVIRON CHANG, V15, P77, DOI [10.1016/J.GLOENVCHA.2005.03.001, 10.1016/J.GLOENVCHA.2004.12.005]",DOI:10.1080/01944363.2010.508428,3
"ADGER WN, 2005, GLOBAL ENVIRON CHANG, V15, P77, DOI [10.1016/J.GLOENVCHA.2005.03.001, 10.1016/J.GLOENVCHA.2004.12.005]","[ANONYMOUS], 2009, 1 PEER",3
"ADGER WN, 2005, GLOBAL ENVIRON CHANG, V15, P77, DOI [10.1016/J.GLOENVCHA.2005.03.001, 10.1016/J.GLOENVCHA.2004.12.005]",DOI:10.1016/s0959-3780(00)00021-2,3
"ADGER WN, 2005, GLOBAL ENVIRON CHANG, V15, P77, DOI [10.1016/J.GLOENVCHA.2005.03.001, 10.1016/J.GLOENVCHA.2004.12.005]",DOI:10.1146/annurev.energy.32.051807.090348,9
"ADGER WN, 2005, GLOBAL ENVIRON CHANG, V15, P77, DOI [10.1016/J.GLOENVCHA.2005.03.001, 10.1016/J.GLOENVCHA.2004.12.005]",DOI:10.1177/0309132511425767,3
"ADGER WN, 2005, GLOBAL ENVIRON CHANG, V15, P77, DOI [10.1016/J.GLOENVCHA.2005.03.001, 10.1016/J.GLOENVCHA.2004.12.005]",DOI:10.1016/j.gloenvcha.2009.01.002,6
"ADGER WN, 2005, GLOBAL ENVIRON CHANG, V15, P77, DOI [10.1016/J.GLOENVCHA.2005.03.001, 10.1016/J.GLOENVCHA.2004.12.005]",DOI:10.1016/j.jenvman.2008.12.001,3
"ADGER WN, 2005, GLOBAL ENVIRON CHANG, V15, P77, DOI [10.1016/J.GLOENVCHA.2005.03.001, 10.1016/J.GLOENVCHA.2004.12.005]",DOI:10.1088/1748-9326/5/1/014010,3
"ADGER WN, 2005, GLOBAL ENVIRON CHANG, V15, P77, DOI [10.1016/J.GLOENVCHA.2005.03.001, 10.1016/J.GLOENVCHA.2004.12.005]",DOI:10.5751/es-01396-1001r02,3
"ADGER WN, 2005, GLOBAL ENVIRON CHANG, V15, P77, DOI [10.1016/J.GLOENVCHA.2005.03.001, 10.1016/J.GLOENVCHA.2004.12.005]","LAZARUS RJ, 2009, CORNELL LAW REV, V94, P1153",3
"ADGER WN, 2005, GLOBAL ENVIRON CHANG, V15, P77, DOI [10.1016/J.GLOENVCHA.2005.03.001, 10.1016/J.GLOENVCHA.2004.12.005]",DOI:10.1016/j.gloenvcha.2011.09.010,6
"ADGER WN, 2005, GLOBAL ENVIRON CHANG, V15, P77, DOI [10.1016/J.GLOENVCHA.2005.03.001, 10.1016/J.GLOENVCHA.2004.12.005]",DOI:10.1080/08111146.2013.778196,3
"ADGER WN, 2005, GLOBAL ENVIRON CHANG, V15, P77, DOI [10.1016/J.GLOENVCHA.2005.03.001, 10.1016/J.GLOENVCHA.2004.12.005]",DOI:10.1007/s10584-006-9087-5,3
"ADGER WN, 2005, GLOBAL ENVIRON CHANG, V15, P77, DOI [10.1016/J.GLOENVCHA.2005.03.001, 10.1016/J.GLOENVCHA.2004.12.005]",DOI:10.1016/j.cosust.2010.12.015,3
"ADGER WN, 2005, GLOBAL ENVIRON CHANG, V15, P77, DOI [10.1016/J.GLOENVCHA.2005.03.001, 10.1016/J.GLOENVCHA.2004.12.005]",DOI:10.1016/j.gloenvcha.2011.06.002,3
"ADGER WN, 2005, GLOBAL ENVIRON CHANG, V15, P77, DOI [10.1016/J.GLOENVCHA.2005.03.001, 10.1016/J.GLOENVCHA.2004.12.005]",DOI:10.1080/09644016.2011.589571,3
"ADGER WN, 2005, GLOBAL ENVIRON CHANG, V15, P77, DOI [10.1016/J.GLOENVCHA.2005.03.001, 10.1016/J.GLOENVCHA.2004.12.005]",DOI:10.1080/13549830701656960,3
"ADGER WN, 2005, GLOBAL ENVIRON CHANG, V15, P77, DOI [10.1016/J.GLOENVCHA.2005.03.001, 10.1016/J.GLOENVCHA.2004.12.005]",DOI:10.1016/j.gloenvcha.2004.12.004,4
"ADGER WN, 2005, GLOBAL ENVIRON CHANG, V15, P77, DOI [10.1016/J.GLOENVCHA.2005.03.001, 10.1016/J.GLOENVCHA.2004.12.005]",DOI:10.1016/j.polgeo.2005.07.002,3
"ADGER WN, 2005, GLOBAL ENVIRON CHANG, V15, P77, DOI [10.1016/J.GLOENVCHA.2005.03.001, 10.1016/J.GLOENVCHA.2004.12.005]",DOI:10.1068/c2g,3
"ADGER WN, 2005, GLOBAL ENVIRON CHANG, V15, P77, DOI [10.1016/J.GLOENVCHA.2005.03.001, 10.1016/J.GLOENVCHA.2004.12.005]",DOI:10.1080/0964401042000310178,6
"ADGER WN, 2005, GLOBAL ENVIRON CHANG, V15, P77, DOI [10.1016/J.GLOENVCHA.2005.03.001, 10.1016/J.GLOENVCHA.2004.12.005]",DOI:10.1038/438283a,3
"ADGER WN, 2005, GLOBAL ENVIRON CHANG, V15, P77, DOI [10.1016/J.GLOENVCHA.2005.03.001, 10.1016/J.GLOENVCHA.2004.12.005]",DOI:10.1073/pnas.1115521109,8
"ADGER WN, 2005, GLOBAL ENVIRON CHANG, V15, P77, DOI [10.1016/J.GLOENVCHA.2005.03.001, 10.1016/J.GLOENVCHA.2004.12.005]","SABATIER P.A., 2019, THEORIES OF THE POLICY PROCESS, VSECOND",3
"ADGER WN, 2005, GLOBAL ENVIRON CHANG, V15, P77, DOI [10.1016/J.GLOENVCHA.2005.03.001, 10.1016/J.GLOENVCHA.2004.12.005]",DOI:10.1002/jid.1772,3
"ADGER WN, 2005, GLOBAL ENVIRON CHANG, V15, P77, DOI [10.1016/J.GLOENVCHA.2005.03.001, 10.1016/J.GLOENVCHA.2004.12.005]","BARROS VR, 2014, CLIMATE CHANGE 2014: IMPACTS, ADAPTATION, AND VULNERABILITY, PT B: REGIONAL ASPECTS, P1133",3
"ADGER WN, 2005, GLOBAL ENVIRON CHANG, V15, P77, DOI [10.1016/J.GLOENVCHA.2005.03.001, 10.1016/J.GLOENVCHA.2004.12.005]",DOI:10.1038/467909a,3
"ADGER WN, 2005, GLOBAL ENVIRON CHANG, V15, P77, DOI [10.1016/J.GLOENVCHA.2005.03.001, 10.1016/J.GLOENVCHA.2004.12.005]",DOI:10.3233/cl-2011-033,5
"ADGER WN, 2005, GLOBAL ENVIRON CHANG, V15, P77, DOI [10.1016/J.GLOENVCHA.2005.03.001, 10.1016/J.GLOENVCHA.2004.12.005]","HALLEGATTE S, 2013, NAT CLIM CHANGE, V3, P802, DOI [10.1038/NCLIMATE1979, 10.1038/NCLIMATE1979]",3
"ADGER WN, 2005, GLOBAL ENVIRON CHANG, V15, P77, DOI [10.1016/J.GLOENVCHA.2005.03.001, 10.1016/J.GLOENVCHA.2004.12.005]",DOI:10.1002/wcc.335,3
"ADGER WN, 2005, GLOBAL ENVIRON CHANG, V15, P77, DOI [10.1016/J.GLOENVCHA.2005.03.001, 10.1016/J.GLOENVCHA.2004.12.005]","TSCHAKERT P, 2010, ECOL SOC, V15",4
"ADGER WN, 2005, GLOBAL ENVIRON CHANG, V15, P77, DOI [10.1016/J.GLOENVCHA.2005.03.001, 10.1016/J.GLOENVCHA.2004.12.005]","CARMIN JOANN., 2012, PROGRESS AND CHALLENGES IN URBAN CLIMATE ADAPTATION PLANNING: RESULTS OF A GLOBAL SURVEY",3
"ADGER WN, 2005, GLOBAL ENVIRON CHANG, V15, P77, DOI [10.1016/J.GLOENVCHA.2005.03.001, 10.1016/J.GLOENVCHA.2004.12.005]",DOI:10.1016/j.gloenvcha.2014.01.003,4
"ADGER WN, 2005, GLOBAL ENVIRON CHANG, V15, P77, DOI [10.1016/J.GLOENVCHA.2005.03.001, 10.1016/J.GLOENVCHA.2004.12.005]",DOI:10.1177/0739456x16645166,3
"ADGER WN, 2005, GLOBAL ENVIRON CHANG, V15, P77, DOI [10.1016/J.GLOENVCHA.2005.03.001, 10.1016/J.GLOENVCHA.2004.12.005]",DOI:10.1016/j.jclepro.2018.03.220,4
"ADGER WN, 2005, GLOBAL ENVIRON CHANG, V15, P77, DOI [10.1016/J.GLOENVCHA.2005.03.001, 10.1016/J.GLOENVCHA.2004.12.005]",DOI:10.1038/nclimate2350,6
"ADGER WN, 2005, GLOBAL ENVIRON CHANG, V15, P77, DOI [10.1016/J.GLOENVCHA.2005.03.001, 10.1016/J.GLOENVCHA.2004.12.005]","SUTER G, 2022, INTEGR ENVIRON ASSES, V18, P1117",4
"ADGER WN, 2005, GLOBAL ENVIRON CHANG, V15, P77, DOI [10.1016/J.GLOENVCHA.2005.03.001, 10.1016/J.GLOENVCHA.2004.12.005]",DOI:10.1098/rsta.2010.0277,3
"ADGER WN, 2005, GLOBAL ENVIRON CHANG, V15, P77, DOI [10.1016/J.GLOENVCHA.2005.03.001, 10.1016/J.GLOENVCHA.2004.12.005]",DOI:10.1007/978-90-481-9325-7_1,3
"ADGER WN, 2005, GLOBAL ENVIRON CHANG, V15, P77, DOI [10.1016/J.GLOENVCHA.2005.03.001, 10.1016/J.GLOENVCHA.2004.12.005]","MOSER S.C., 2009, IHDP UPDATE, P31",3
"ADGER WN, 2005, GLOBAL ENVIRON CHANG, V15, P77, DOI [10.1016/J.GLOENVCHA.2005.03.001, 10.1016/J.GLOENVCHA.2004.12.005]",DOI:10.1080/1523908x.2012.707406,4
"ADGER WN, 2005, GLOBAL ENVIRON CHANG, V15, P77, DOI [10.1016/J.GLOENVCHA.2005.03.001, 10.1016/J.GLOENVCHA.2004.12.005]",DOI:10.3763/cdev.2010.0060,4
"ADGER WN, 2005, GLOBAL ENVIRON CHANG, V15, P77, DOI [10.1016/J.GLOENVCHA.2005.03.001, 10.1016/J.GLOENVCHA.2004.12.005]","HOOGHE L, 2003, AM POLIT SCI REV, V97, P233",3
"ADGER WN, 2005, GLOBAL ENVIRON CHANG, V15, P77, DOI [10.1016/J.GLOENVCHA.2005.03.001, 10.1016/J.GLOENVCHA.2004.12.005]",DOI:10.1002/bse.679,3
"ADGER WN, 2005, GLOBAL ENVIRON CHANG, V15, P77, DOI [10.1016/J.GLOENVCHA.2005.03.001, 10.1016/J.GLOENVCHA.2004.12.005]","KLEIN RJT, 2014, CLIMATE CHANGE 2014: IMPACTS, ADAPTATION, AND VULNERABILITY, PT A: GLOBAL AND SECTORAL ASPECTS, P899",3
"ADGER WN, 2005, GLOBAL ENVIRON CHANG, V15, P77, DOI [10.1016/J.GLOENVCHA.2005.03.001, 10.1016/J.GLOENVCHA.2004.12.005]",DOI:10.1002/jid.833,3
"ADGER WN, 2005, GLOBAL ENVIRON CHANG, V15, P77, DOI [10.1016/J.GLOENVCHA.2005.03.001, 10.1016/J.GLOENVCHA.2004.12.005]",DOI:10.1163/19426720-01202004,3
"ADGER WN, 2005, GLOBAL ENVIRON CHANG, V15, P77, DOI [10.1016/J.GLOENVCHA.2005.03.001, 10.1016/J.GLOENVCHA.2004.12.005]",DOI:10.1073/pnas.0701890104,3
"ADGER WN, 2005, GLOBAL ENVIRON CHANG, V15, P77, DOI [10.1016/J.GLOENVCHA.2005.03.001, 10.1016/J.GLOENVCHA.2004.12.005]",DOI:10.1177/0956247807076912,3
"ADGER WN, 2005, GLOBAL ENVIRON CHANG, V15, P77, DOI [10.1016/J.GLOENVCHA.2005.03.001, 10.1016/J.GLOENVCHA.2004.12.005]",DOI:10.1080/13549839.2013.788479,3
"ADGER WN, 2005, GLOBAL ENVIRON CHANG, V15, P77, DOI [10.1016/J.GLOENVCHA.2005.03.001, 10.1016/J.GLOENVCHA.2004.12.005]",DOI:10.1080/13549839.2010.544296,3
"ADGER WN, 2005, GLOBAL ENVIRON CHANG, V15, P77, DOI [10.1016/J.GLOENVCHA.2005.03.001, 10.1016/J.GLOENVCHA.2004.12.005]",DOI:10.1080/13549839.2012.678317,5
"ADGER WN, 2005, GLOBAL ENVIRON CHANG, V15, P77, DOI [10.1016/J.GLOENVCHA.2005.03.001, 10.1016/J.GLOENVCHA.2004.12.005]",DOI:10.1080/14649357.2012.677124,5
"ADGER WN, 2005, GLOBAL ENVIRON CHANG, V15, P77, DOI [10.1016/J.GLOENVCHA.2005.03.001, 10.1016/J.GLOENVCHA.2004.12.005]","KINGDON J.W., 2014, AGENDAS, ALTERNATIVES AND PUBLIC POLICIES",4
"ADGER WN, 2005, GLOBAL ENVIRON CHANG, V15, P77, DOI [10.1016/J.GLOENVCHA.2005.03.001, 10.1016/J.GLOENVCHA.2004.12.005]",DOI:10.3763/cdev.2009.0009,3
"ADGER WN, 2005, GLOBAL ENVIRON CHANG, V15, P77, DOI [10.1016/J.GLOENVCHA.2005.03.001, 10.1016/J.GLOENVCHA.2004.12.005]",DOI:10.1126/science.1152339,3
"ADGER WN, 2005, GLOBAL ENVIRON CHANG, V15, P77, DOI [10.1016/J.GLOENVCHA.2005.03.001, 10.1016/J.GLOENVCHA.2004.12.005]",DOI:10.1080/19463138.2019.1583234,4
"ADGER WN, 2005, GLOBAL ENVIRON CHANG, V15, P77, DOI [10.1016/J.GLOENVCHA.2005.03.001, 10.1016/J.GLOENVCHA.2004.12.005]",DOI:10.1016/j.gloenvcha.2005.01.002,3
"DESSAI S, 2009, ADAPTING TO CLIMATE CHANGE: THRESHOLDS, VALUES, GOVERNANCE, P64",DOI:10.1073/pnas.1007887107,3
DOI:10.1002/wea.543,DOI:10.1007/s10584-008-9520-z,3
DOI:10.1002/wea.543,DOI:10.1016/j.gloenvcha.2010.05.001,3
DOI:10.1002/wea.543,DOI:10.1073/pnas.1007887107,4
DOI:10.1002/wea.543,DOI:10.1016/j.gloenvcha.2010.03.005,3
DOI:10.1002/wea.543,DOI:10.1016/s1469-3062(02)00038-4,3
DOI:10.1002/wea.543,DOI:10.1073/pnas.1115521109,3
DOI:10.1002/wea.543,DOI:10.1080/14693062.2007.9685639,3
DOI:10.1002/wea.543,DOI:10.1007/s11625-007-0032-y,3
DOI:10.1007/s10584-008-9520-z,DOI:10.1007/s11027-011-9323-9,4
DOI:10.1007/s10584-008-9520-z,DOI:10.1016/j.gloenvcha.2004.12.006,3
DOI:10.1007/s10584-008-9520-z,DOI:10.1016/j.gloenvcha.2006.05.002,3
DOI:10.1007/s10584-008-9520-z,DOI:10.1016/j.gloenvcha.2008.12.003,4
DOI:10.1007/s10584-008-9520-z,DOI:10.1016/j.gloenvcha.2010.05.001,6
DOI:10.1007/s10584-008-9520-z,DOI:10.1016/s0921-8009(98)00117-7,4
DOI:10.1007/s10584-008-9520-z,DOI:10.1073/pnas.1007887107,19
DOI:10.1007/s10584-008-9520-z,"WONG PP, 2014, CLIMATE CHANGE 2014: IMPACTS, ADAPTATION, AND VULNERABILITY, PT A: GLOBAL AND SECTORAL ASPECTS, P361",3
DOI:10.1007/s10584-008-9520-z,DOI:10.1002/wcc.29,6
DOI:10.1007/s10584-008-9520-z,DOI:10.1007/978-90-481-9325-7,6
DOI:10.1007/s10584-008-9520-z,DOI:10.1007/s10584-006-0329-3,4
DOI:10.1007/s10584-008-9520-z,DOI:10.1007/s11027-012-9406-2,3
DOI:10.1007/s10584-008-9520-z,DOI:10.1016/j.envsci.2008.01.003,5
DOI:10.1007/s10584-008-9520-z,DOI:10.1016/j.envsci.2010.05.006,4
DOI:10.1007/s10584-008-9520-z,DOI:10.1016/j.gloenvcha.2005.02.001,4
DOI:10.1007/s10584-008-9520-z,DOI:10.1016/j.gloenvcha.2006.02.006,4
DOI:10.1007/s10584-008-9520-z,DOI:10.1016/j.gloenvcha.2007.08.002,6
DOI:10.1007/s10584-008-9520-z,DOI:10.1016/j.gloenvcha.2009.06.001,5
DOI:10.1007/s10584-008-9520-z,DOI:10.1016/j.gloenvcha.2011.09.015,4
DOI:10.1007/s10584-008-9520-z,DOI:10.1016/j.ocecoaman.2010.12.007,3
DOI:10.1007/s10584-008-9520-z,DOI:10.1073/pnas.0702288104,3
DOI:10.1007/s10584-008-9520-z,DOI:10.1073/pnas.1231332100,3
DOI:10.1007/s10584-008-9520-z,"MIMURA N, 2014, CLIMATE CHANGE 2014: IMPACTS, ADAPTATION, AND VULNERABILITY, PT A: GLOBAL AND SECTORAL ASPECTS, P869",3
DOI:10.1007/s10584-008-9520-z,"PELLING M, 2011, ADAPTATION TO CLIMATE CHANGE: FROM RESILIENCE TO TRANSFORMATION, P1",4
DOI:10.1007/s10584-008-9520-z,"ADGER WN, 2003, ECON GEOGR, V79, P387",6
DOI:10.1007/s10584-008-9520-z,DOI:10.1002/wcc.64,3
DOI:10.1007/s10584-008-9520-z,DOI:10.1016/j.gloenvcha.2011.09.010,4
DOI:10.1007/s10584-008-9520-z,DOI:10.1017/cbo9780511596667.002,4
DOI:10.1007/s10584-008-9520-z,DOI:10.1038/nclimate2350,4
DOI:10.1007/s10584-008-9520-z,DOI:10.1007/s10113-012-0348-8,3
DOI:10.1007/s10584-008-9520-z,DOI:10.1016/j.gloenvcha.2009.11.009,7
DOI:10.1007/s10584-008-9520-z,"ADGER WN, 2007, AR4 CLIMATE CHANGE 2007: IMPACTS, ADAPTATION, AND VULNERABILITY, P717",4
DOI:10.1007/s10584-008-9520-z,DOI:10.1007/s11625-007-0032-y,11
DOI:10.1007/s10584-008-9520-z,DOI:10.1016/j.gloenvcha.2010.09.012,9
DOI:10.1007/s10584-008-9520-z,DOI:10.1002/wcc.30,4
DOI:10.1007/s10584-008-9520-z,DOI:10.1016/j.gloenvcha.2009.10.002,3
DOI:10.1007/s10584-008-9520-z,DOI:10.1016/j.gloenvcha.2010.03.005,8
DOI:10.1007/s10584-008-9520-z,DOI:10.1016/s0140-6736(09)60929-6,3
DOI:10.1007/s10584-008-9520-z,DOI:10.1016/s0959-3780(00)00021-2,3
DOI:10.1007/s10584-008-9520-z,DOI:10.1146/annurev.energy.32.051807.090348,8
DOI:10.1007/s10584-008-9520-z,DOI:10.1177/0309132511425767,3
DOI:10.1007/s10584-008-9520-z,"[ANONYMOUS], 2007, CLIMATE CHANGE 2007",3
DOI:10.1007/s10584-008-9520-z,DOI:10.1007/s10584-006-9089-3,4
DOI:10.1007/s10584-008-9520-z,DOI:10.1007/s10584-009-9623-1,3
DOI:10.1007/s10584-008-9520-z,DOI:10.1007/s11027-007-9132-3,4
DOI:10.1007/s10584-008-9520-z,DOI:10.1016/j.gloenvcha.2005.01.002,7
DOI:10.1007/s10584-008-9520-z,DOI:10.1038/445597a,4
DOI:10.1007/s10584-008-9520-z,DOI:10.1111/j.1467-9388.2006.00501.x,4
DOI:10.1007/s10584-008-9520-z,DOI:10.5751/es-01595-110118,4
DOI:10.1007/s10584-008-9520-z,DOI:10.1073/pnas.1115521109,5
DOI:10.1007/s10584-008-9520-z,DOI:10.1080/14693062.2007.9685639,4
DOI:10.1007/s10584-008-9520-z,DOI:10.1007/s11027-010-9270-x,4
DOI:10.1007/s10584-008-9520-z,DOI:10.1098/rsta.2010.0277,3
DOI:10.1007/s10584-008-9520-z,DOI:10.5751/es-05187-170420,3
DOI:10.1007/s10584-008-9520-z,"KLEIN RJT, 2014, CLIMATE CHANGE 2014: IMPACTS, ADAPTATION, AND VULNERABILITY, PT A: GLOBAL AND SECTORAL ASPECTS, P899",5
DOI:10.1007/s10584-008-9520-z,DOI:10.1023/a:1009601904210,4
DOI:10.1007/s10584-008-9520-z,"SMIT B, 2001, CLIMATE CHANGE 2001: IMPACTS, ADAPTATION, AND VULNERABILITY, P877",3
DOI:10.1007/s10584-008-9520-z,DOI:10.1016/j.envsci.2009.04.001,3
DOI:10.1007/s10584-008-9520-z,DOI:10.1016/s1469-3062(02)00038-4,4
DOI:10.1007/s10584-008-9520-z,"GAGNON-LEBRUN F., 2006, PROGR ADAPTATION CLI",3
DOI:10.1007/s10584-008-9520-z,"BERKHOUT F, 2005, CLIM POLICY, V5, P377",3
DOI:10.1007/s10584-008-9520-z,DOI:10.1080/1523908x.2010.505414,3
DOI:10.1007/s10584-008-9520-z,"KLEIN RJT, 2007, AR4 CLIMATE CHANGE 2007: IMPACTS, ADAPTATION, AND VULNERABILITY, P745",3
DOI:10.1007/s10584-008-9520-z,"MOSER S.C., 2009, IHDP UPDATE, P31",4
DOI:10.1007/s10584-008-9520-z,DOI:10.1016/j.gloenvcha.2011.06.002,3
DOI:10.1007/s10584-008-9520-z,DOI:10.1016/j.gloenvcha.2010.11.006,4
DOI:10.1007/s10584-008-9520-z,DOI:10.1016/j.gloenvcha.2009.01.002,6
DOI:10.1007/s10584-008-9520-z,DOI:10.1073/pnas.0701890104,3
DOI:10.1007/s10584-008-9520-z,DOI:10.1016/j.gloenvcha.2009.11.004,5
DOI:10.1007/s10584-008-9520-z,DOI:10.1023/a:1005661622966,4
DOI:10.1007/s10584-008-9520-z,"PELLING M, 2011, ECOL SOC, V16",4
DOI:10.1007/s10584-008-9520-z,"TSCHAKERT P, 2010, ECOL SOC, V15",3
DOI:10.1007/s10584-008-9520-z,DOI:10.1016/j.gloenvcha.2007.01.004,3
DOI:10.1007/s10584-008-9520-z,DOI:10.1007/s10584-006-9059-9,3
DOI:10.1007/s10584-008-9520-z,DOI:10.1016/j.jenvman.2012.10.036,3
DOI:10.1007/s10584-008-9520-z,DOI:10.1007/s10113-013-0421-y,4
DOI:10.1007/s11027-011-9323-9,DOI:10.1073/pnas.1007887107,4
DOI:10.1007/s11027-011-9323-9,DOI:10.1016/j.gloenvcha.2010.09.012,4
DOI:10.1007/s11027-011-9323-9,DOI:10.1016/j.gloenvcha.2009.01.002,3
DOI:10.1016/j.envsci.2005.06.010,DOI:10.1073/pnas.1007887107,3
DOI:10.1016/j.envsci.2005.06.010,DOI:10.1007/s11625-007-0032-y,4
DOI:10.1016/j.envsci.2005.06.010,"NOBLE IR, 2014, CLIMATE CHANGE 2014: IMPACTS, ADAPTATION, AND VULNERABILITY, PT A: GLOBAL AND SECTORAL ASPECTS, P833",3
DOI:10.1016/j.envsci.2005.06.010,DOI:10.1146/annurev.energy.32.051807.090348,3
DOI:10.1016/j.gloenvcha.2004.12.006,DOI:10.1016/j.gloenvcha.2006.05.002,7
DOI:10.1016/j.gloenvcha.2004.12.006,DOI:10.1016/s0959-3780(98)00011-9,3
DOI:10.1016/j.gloenvcha.2004.12.006,DOI:10.1023/a:1005627828199,4
DOI:10.1016/j.gloenvcha.2004.12.006,"SMIT B, 2001, CLIMATE CHANGE 2001: IMPACTS, ADAPTATION, AND VULNERABILITY, P877",3
DOI:10.1016/j.gloenvcha.2004.12.006,DOI:10.1007/s11027-010-9270-x,4
DOI:10.1016/j.gloenvcha.2004.12.006,DOI:10.1016/j.gloenvcha.2006.02.004,5
DOI:10.1016/j.gloenvcha.2004.12.006,DOI:10.1016/j.gloenvcha.2006.02.006,6
DOI:10.1016/j.gloenvcha.2004.12.006,DOI:10.1146/annurev.energy.32.051807.090348,3
DOI:10.1016/j.gloenvcha.2004.12.006,DOI:10.1639/0044-7447(2002)031[0437:rasdba]2.0.co;2,3
DOI:10.1016/j.gloenvcha.2004.12.006,"LEBEL L, 2006, ECOL SOC, V11",3
DOI:10.1016/j.gloenvcha.2004.12.006,DOI:10.1007/s11027-006-3460-6,4
DOI:10.1016/j.gloenvcha.2004.12.006,DOI:10.1016/s0959-3780(01)00026-7,3
DOI:10.1016/j.gloenvcha.2004.12.006,DOI:10.1111/1540-6237.8402002,3
DOI:10.1016/j.gloenvcha.2004.12.006,DOI:10.1016/j.gloenvcha.2010.07.009,3
DOI:10.1016/j.gloenvcha.2004.12.006,DOI:10.1007/s11625-007-0032-y,3
DOI:10.1016/j.gloenvcha.2004.12.006,DOI:10.1007/s10584-006-0329-3,3
DOI:10.1016/j.gloenvcha.2004.12.006,DOI:10.1073/pnas.1231335100,3
DOI:10.1016/j.gloenvcha.2004.12.006,DOI:10.1016/j.gloenvcha.2010.08.002,3
DOI:10.1016/j.gloenvcha.2004.12.006,DOI:10.1016/j.gloenvcha.2005.04.003,3
DOI:10.1016/j.gloenvcha.2006.05.002,DOI:10.1016/j.gloenvcha.2008.12.003,3
DOI:10.1016/j.gloenvcha.2006.05.002,DOI:10.1073/pnas.1007887107,4
DOI:10.1016/j.gloenvcha.2006.05.002,DOI:10.1016/j.cosust.2010.07.001,3
DOI:10.1016/j.gloenvcha.2006.05.002,DOI:10.1016/j.gloenvcha.2006.02.006,8
DOI:10.1016/j.gloenvcha.2006.05.002,DOI:10.1016/j.gloenvcha.2009.11.004,3
DOI:10.1016/j.gloenvcha.2006.05.002,DOI:10.1073/pnas.1231335100,3
DOI:10.1016/j.gloenvcha.2006.05.002,DOI:10.1080/14693062.2007.9685639,4
DOI:10.1016/j.gloenvcha.2006.05.002,"FUNFGELD H., 2011, FRAMING CLIMATE CHANGE ADAPTATION IN POLICY AND PRACTICE",3
DOI:10.1016/j.gloenvcha.2006.05.002,DOI:10.1007/s10584-006-0329-3,8
DOI:10.1016/j.gloenvcha.2006.05.002,DOI:10.1016/j.gloenvcha.2006.02.004,5
DOI:10.1016/j.gloenvcha.2006.05.002,DOI:10.1016/s0305-750x(98)00136-3,3
DOI:10.1016/j.gloenvcha.2006.05.002,"PELLING M, 2011, ADAPTATION TO CLIMATE CHANGE: FROM RESILIENCE TO TRANSFORMATION, P1",3
DOI:10.1016/j.gloenvcha.2006.05.002,DOI:10.1007/s11027-006-3460-6,3
DOI:10.1016/j.gloenvcha.2006.05.002,DOI:10.1023/a:1005627828199,3
DOI:10.1016/j.gloenvcha.2006.05.002,DOI:10.1111/1540-6237.8402002,3
DOI:10.1016/j.gloenvcha.2006.05.002,DOI:10.1016/j.gloenvcha.2009.11.009,3
DOI:10.1016/j.gloenvcha.2006.05.002,DOI:10.1016/j.gloenvcha.2010.09.012,3
DOI:10.1016/j.gloenvcha.2006.05.002,DOI:10.1016/j.gloenvcha.2010.08.002,3
DOI:10.1016/j.gloenvcha.2006.05.002,DOI:10.1016/s0959-3780(00)00021-2,3
DOI:10.1016/j.gloenvcha.2006.05.002,DOI:10.1073/pnas.1115521109,3
DOI:10.1016/j.gloenvcha.2006.05.002,DOI:10.1177/030913259602000407,3
DOI:10.1016/j.gloenvcha.2008.12.003,DOI:10.1073/pnas.1007887107,4
DOI:10.1016/j.gloenvcha.2008.12.003,DOI:10.1002/wcc.29,3
DOI:10.1016/j.gloenvcha.2008.12.003,DOI:10.1007/s10584-006-0329-3,4
DOI:10.1016/j.gloenvcha.2008.12.003,DOI:10.1007/s10584-014-1303-0,3
DOI:10.1016/j.gloenvcha.2008.12.003,DOI:10.1016/j.gloenvcha.2006.02.004,3
DOI:10.1016/j.gloenvcha.2008.12.003,DOI:10.1016/j.gloenvcha.2007.08.002,3
DOI:10.1016/j.gloenvcha.2008.12.003,DOI:10.1126/science.1151915,3
DOI:10.1016/j.gloenvcha.2008.12.003,"PELLING M, 2011, ADAPTATION TO CLIMATE CHANGE: FROM RESILIENCE TO TRANSFORMATION, P1",5
DOI:10.1016/j.gloenvcha.2008.12.003,DOI:10.1007/s11027-010-9270-x,4
DOI:10.1016/j.gloenvcha.2008.12.003,DOI:10.1016/j.gloenvcha.2012.12.006,5
DOI:10.1016/j.gloenvcha.2008.12.003,DOI:10.1080/01944363.2010.508428,3
DOI:10.1016/j.gloenvcha.2008.12.003,DOI:10.3390/su5030955,3
DOI:10.1016/j.gloenvcha.2008.12.003,DOI:10.1080/14649357.2012.677124,3
DOI:10.1016/j.gloenvcha.2008.12.003,DOI:10.5751/es-01595-110118,3
DOI:10.1016/j.gloenvcha.2008.12.003,DOI:10.1007/s11625-007-0032-y,9
DOI:10.1016/j.gloenvcha.2008.12.003,DOI:10.1098/rsta.2010.0277,3
DOI:10.1016/j.gloenvcha.2008.12.003,DOI:10.1073/pnas.0701890104,3
DOI:10.1016/j.gloenvcha.2008.12.003,DOI:10.1016/j.gloenvcha.2010.03.005,3
DOI:10.1016/j.gloenvcha.2008.12.003,DOI:10.1016/j.gloenvcha.2010.09.012,3
DOI:10.1016/j.gloenvcha.2010.05.001,DOI:10.1073/pnas.1007887107,7
DOI:10.1016/j.gloenvcha.2010.05.001,DOI:10.1007/s10113-013-0421-y,3
DOI:10.1016/j.gloenvcha.2010.05.001,DOI:10.1007/s11027-010-9270-x,3
DOI:10.1016/j.gloenvcha.2010.05.001,DOI:10.1016/j.gloenvcha.2013.07.022,4
DOI:10.1016/j.gloenvcha.2010.05.001,DOI:10.1016/j.gloenvcha.2013.12.002,4
DOI:10.1016/j.gloenvcha.2010.05.001,DOI:10.1023/a:1005661622966,6
DOI:10.1016/j.gloenvcha.2010.05.001,DOI:10.1038/s41558-019-0490-0,3
DOI:10.1016/j.gloenvcha.2010.05.001,DOI:10.1111/j.1467-9388.2006.00501.x,3
DOI:10.1016/j.gloenvcha.2010.05.001,DOI:10.1016/j.gloenvcha.2010.03.005,8
DOI:10.1016/j.gloenvcha.2010.05.001,DOI:10.5751/es-05732-180340,3
DOI:10.1016/j.gloenvcha.2010.05.001,DOI:10.1016/j.gloenvcha.2007.08.002,4
DOI:10.1016/j.gloenvcha.2010.05.001,DOI:10.1016/j.gloenvcha.2009.06.001,3
DOI:10.1016/j.gloenvcha.2010.05.001,DOI:10.1080/09644016.2011.589571,3
DOI:10.1016/j.gloenvcha.2010.05.001,DOI:10.1080/13549839.2010.487525,3
DOI:10.1016/j.gloenvcha.2010.05.001,"[ANONYMOUS], 2009, 1 PEER",3
DOI:10.1016/j.gloenvcha.2010.05.001,DOI:10.1016/j.gloenvcha.2010.09.012,6
DOI:10.1016/j.gloenvcha.2010.05.001,DOI:10.1007/s11625-007-0032-y,4
DOI:10.1016/j.gloenvcha.2010.05.001,DOI:10.1002/wcc.29,5
DOI:10.1016/j.gloenvcha.2010.05.001,DOI:10.1016/j.gloenvcha.2014.01.003,3
DOI:10.1016/j.gloenvcha.2010.05.001,DOI:10.1007/978-90-481-9325-7,3
DOI:10.1016/j.gloenvcha.2010.05.001,DOI:10.1016/s1469-3062(02)00038-4,5
DOI:10.1016/j.gloenvcha.2010.05.001,DOI:10.1073/pnas.1115521109,6
DOI:10.1016/j.gloenvcha.2010.05.001,DOI:10.1080/09644010412331308254,3
DOI:10.1016/j.gloenvcha.2010.05.001,DOI:10.1038/nclimate1847,3
DOI:10.1016/j.gloenvcha.2010.05.001,DOI:10.2307/422246,3
DOI:10.1016/j.gloenvcha.2010.05.001,DOI:10.1038/445597a,3
DOI:10.1016/s0921-8009(98)00117-7,DOI:10.1073/pnas.1007887107,5
DOI:10.1016/s0921-8009(98)00117-7,DOI:10.1002/wcc.29,3
DOI:10.1016/s0921-8009(98)00117-7,DOI:10.1007/s10584-006-0329-3,3
DOI:10.1016/s0921-8009(98)00117-7,DOI:10.1016/j.envsci.2010.05.006,3
DOI:10.1016/s0921-8009(98)00117-7,DOI:10.1007/s11625-007-0032-y,4
DOI:10.1016/s0921-8009(98)00117-7,DOI:10.1007/s10113-013-0421-y,3
DOI:10.1016/s0959-3780(98)00011-9,DOI:10.1016/j.gloenvcha.2006.02.006,3
DOI:10.1073/pnas.1007887107,"WONG PP, 2014, CLIMATE CHANGE 2014: IMPACTS, ADAPTATION, AND VULNERABILITY, PT A: GLOBAL AND SECTORAL ASPECTS, P361",3
DOI:10.1073/pnas.1007887107,DOI:10.1002/wcc.29,6
DOI:10.1073/pnas.1007887107,DOI:10.1007/978-90-481-9325-7,6
DOI:10.1073/pnas.1007887107,DOI:10.1007/s10113-014-0708-7,3
DOI:10.1073/pnas.1007887107,DOI:10.1007/s10584-006-0329-3,4
DOI:10.1073/pnas.1007887107,DOI:10.1007/s10584-010-9980-9,4
DOI:10.1073/pnas.1007887107,DOI:10.1007/s11027-012-9406-2,3
DOI:10.1073/pnas.1007887107,DOI:10.1007/s11027-015-9699-z,5
DOI:10.1073/pnas.1007887107,DOI:10.1016/j.envsci.2008.01.003,6
DOI:10.1073/pnas.1007887107,DOI:10.1016/j.envsci.2010.05.006,7
DOI:10.1073/pnas.1007887107,DOI:10.1016/j.gloenvcha.2006.02.006,7
DOI:10.1073/pnas.1007887107,DOI:10.1016/j.gloenvcha.2007.08.002,11
DOI:10.1073/pnas.1007887107,DOI:10.1016/j.gloenvcha.2009.06.001,5
DOI:10.1073/pnas.1007887107,DOI:10.1016/j.gloenvcha.2011.09.015,4
DOI:10.1073/pnas.1007887107,DOI:10.1016/j.ocecoaman.2010.12.007,5
DOI:10.1073/pnas.1007887107,DOI:10.1016/j.uclim.2015.06.005,3
DOI:10.1073/pnas.1007887107,DOI:10.1038/nclimate1847,3
DOI:10.1073/pnas.1007887107,DOI:10.1073/pnas.1231332100,4
DOI:10.1073/pnas.1007887107,DOI:10.2307/422246,3
DOI:10.1073/pnas.1007887107,"MIMURA N, 2014, CLIMATE CHANGE 2014: IMPACTS, ADAPTATION, AND VULNERABILITY, PT A: GLOBAL AND SECTORAL ASPECTS, P869",7
DOI:10.1073/pnas.1007887107,"PELLING M, 2011, ADAPTATION TO CLIMATE CHANGE: FROM RESILIENCE TO TRANSFORMATION, P1",5
DOI:10.1073/pnas.1007887107,DOI:10.1007/s10113-013-0421-y,15
DOI:10.1073/pnas.1007887107,DOI:10.1007/s10584-006-9089-3,5
DOI:10.1073/pnas.1007887107,DOI:10.1016/j.gloenvcha.2009.11.009,7
DOI:10.1073/pnas.1007887107,DOI:10.1016/j.gloenvcha.2010.07.004,5
DOI:10.1073/pnas.1007887107,DOI:10.1016/j.gloenvcha.2010.09.012,14
DOI:10.1073/pnas.1007887107,DOI:10.1016/j.gloenvcha.2012.07.005,4
DOI:10.1073/pnas.1007887107,DOI:10.1017/cbo9780511596667.002,4
DOI:10.1073/pnas.1007887107,"ADGER WN, 2003, ECON GEOGR, V79, P387",3
DOI:10.1073/pnas.1007887107,DOI:10.1007/bf01405730,3
DOI:10.1073/pnas.1007887107,DOI:10.1016/j.gloenvcha.2011.09.010,3
DOI:10.1073/pnas.1007887107,DOI:10.1038/nclimate2350,13
DOI:10.1073/pnas.1007887107,DOI:10.1007/s11027-010-9270-x,11
DOI:10.1073/pnas.1007887107,DOI:10.1023/a:1005661622966,4
DOI:10.1073/pnas.1007887107,DOI:10.1023/a:1009652531101,3
DOI:10.1073/pnas.1007887107,DOI:10.1080/14693062.2007.9685639,7
DOI:10.1073/pnas.1007887107,DOI:10.1080/15239080500251908,3
DOI:10.1073/pnas.1007887107,DOI:10.1126/science.7455683,3
DOI:10.1073/pnas.1007887107,DOI:10.1146/annurev.soc.26.1.611,3
DOI:10.1073/pnas.1007887107,"HULME M, 2009, WHY WE DISAGREE ABOUT CLIMATE CHANGE: UNDERSTANDING CONTROVERSY, INACTION AND OPPORTUNITY, P1",3
DOI:10.1073/pnas.1007887107,DOI:10.1007/s10113-012-0348-8,4
DOI:10.1073/pnas.1007887107,DOI:10.1007/s10584-009-9623-1,3
DOI:10.1073/pnas.1007887107,DOI:10.1016/j.gloenvcha.2010.03.005,9
DOI:10.1073/pnas.1007887107,DOI:10.1016/j.gloenvcha.2015.10.004,3
DOI:10.1073/pnas.1007887107,DOI:10.1016/j.habitatint.2013.05.003,3
DOI:10.1073/pnas.1007887107,DOI:10.1068/c11129,4
DOI:10.1073/pnas.1007887107,DOI:10.1080/1523908x.2012.707406,5
DOI:10.1073/pnas.1007887107,DOI:10.5751/es-05732-180340,3
DOI:10.1073/pnas.1007887107,"LEMOS MC, 2012, NAT CLIM CHANGE, V2, P789, DOI [10.1038/NCLIMATE1614, 10.1038/NCLIMATE1614]",4
DOI:10.1073/pnas.1007887107,DOI:10.1007/s10584-006-9087-5,3
DOI:10.1073/pnas.1007887107,DOI:10.1016/j.gloenvcha.2011.06.002,3
DOI:10.1073/pnas.1007887107,DOI:10.1080/09644016.2011.589571,3
DOI:10.1073/pnas.1007887107,DOI:10.1579/0044-7447(2006)35[50:qccciv]2.0.co;2,3
DOI:10.1073/pnas.1007887107,DOI:10.4324/9780203219256,4
DOI:10.1073/pnas.1007887107,DOI:10.1002/wcc.335,3
DOI:10.1073/pnas.1007887107,DOI:10.1016/j.geoforum.2017.05.011,4
DOI:10.1073/pnas.1007887107,DOI:10.1016/j.gloenvcha.2015.09.014,3
DOI:10.1073/pnas.1007887107,DOI:10.3233/cl-2011-033,5
DOI:10.1073/pnas.1007887107,DOI:10.3763/cdev.2010.0060,4
DOI:10.1073/pnas.1007887107,DOI:10.1016/j.gloenvcha.2013.12.002,5
DOI:10.1073/pnas.1007887107,DOI:10.1023/b:clim.0000037561.75281.b3,3
DOI:10.1073/pnas.1007887107,DOI:10.1098/rsta.2010.0277,5
DOI:10.1073/pnas.1007887107,DOI:10.1007/978-3-642-29831-8_3,3
DOI:10.1073/pnas.1007887107,DOI:10.1007/s10584-011-0256-9,3
DOI:10.1073/pnas.1007887107,DOI:10.1016/j.ocecoaman.2010.10.008,5
DOI:10.1073/pnas.1007887107,DOI:10.1017/s0143814x10000152,3
DOI:10.1073/pnas.1007887107,DOI:10.1073/pnas.1115521109,9
DOI:10.1073/pnas.1007887107,"TSCHAKERT P, 2010, ECOL SOC, V15",4
DOI:10.1073/pnas.1007887107,DOI:10.1007/s11625-007-0032-y,11
DOI:10.1073/pnas.1007887107,DOI:10.1146/annurev.energy.32.051807.090348,5
DOI:10.1073/pnas.1007887107,DOI:10.1080/01944360802377973,5
DOI:10.1073/pnas.1007887107,DOI:10.1080/09640560903399772,4
DOI:10.1073/pnas.1007887107,"DILLMAN D., 2000, MAIL INTERNET SURVEY, V2ND",3
DOI:10.1073/pnas.1007887107,DOI:10.1016/j.gloenvcha.2013.02.016,3
DOI:10.1073/pnas.1007887107,DOI:10.1080/01944363.2010.508428,3
DOI:10.1073/pnas.1007887107,DOI:10.5751/es-05187-170420,4
DOI:10.1073/pnas.1007887107,"KLEIN RJT, 2014, CLIMATE CHANGE 2014: IMPACTS, ADAPTATION, AND VULNERABILITY, PT A: GLOBAL AND SECTORAL ASPECTS, P899",6
DOI:10.1073/pnas.1007887107,"TERMEER CJAM, 2010, ECOL SOC, V15",3
DOI:10.1073/pnas.1007887107,DOI:10.1016/j.envsci.2017.05.013,3
DOI:10.1073/pnas.1007887107,DOI:10.1016/j.gloenvcha.2007.01.004,3
DOI:10.1073/pnas.1007887107,DOI:10.1080/17565529.2014.886995,3
DOI:10.1073/pnas.1007887107,DOI:10.1111/1477-8947.12013,4
DOI:10.1073/pnas.1007887107,"ADGER WN, 2007, AR4 CLIMATE CHANGE 2007: IMPACTS, ADAPTATION, AND VULNERABILITY, P717",7
DOI:10.1073/pnas.1007887107,DOI:10.1007/s00267-017-0933-1,3
DOI:10.1073/pnas.1007887107,DOI:10.1007/s10584-014-1138-8,4
DOI:10.1073/pnas.1007887107,DOI:10.1016/j.geoforum.2013.10.006,3
DOI:10.1073/pnas.1007887107,DOI:10.1038/nclimate2199,3
DOI:10.1073/pnas.1007887107,DOI:10.1038/s41558-019-0490-0,4
DOI:10.1073/pnas.1007887107,DOI:10.1016/s1469-3062(02)00038-4,3
DOI:10.1073/pnas.1007887107,"BERKHOUT F, 2005, CLIM POLICY, V5, P377",3
DOI:10.1073/pnas.1007887107,"MOSER S.C., 2009, IHDP UPDATE, P31",4
DOI:10.1073/pnas.1007887107,"BERKE P, 2013, CITYSCAPE, V15, P181",3
DOI:10.1073/pnas.1007887107,DOI:10.1038/nclimate3012,5
DOI:10.1073/pnas.1007887107,DOI:10.1080/01944363.2014.949590,3
DOI:10.1073/pnas.1007887107,DOI:10.1080/01944363.2015.1074526,3
DOI:10.1073/pnas.1007887107,DOI:10.1080/14693062.2014.859501,3
DOI:10.1073/pnas.1007887107,"LIM B., 2005, ADAPTATION POLICY FRAMEWORKS FOR CLIMATE CHANGE: DEVELOPING STRATEGIES, POLICIES AND MEASURES",3
DOI:10.1073/pnas.1007887107,DOI:10.1002/wcc.154,3
DOI:10.1073/pnas.1007887107,DOI:10.1016/j.gloenvcha.2010.11.006,4
DOI:10.1073/pnas.1007887107,"CARMIN JOANN., 2012, PROGRESS AND CHALLENGES IN URBAN CLIMATE ADAPTATION PLANNING: RESULTS OF A GLOBAL SURVEY",4
DOI:10.1073/pnas.1007887107,DOI:10.1016/j.gloenvcha.2014.09.002,3
DOI:10.1073/pnas.1007887107,DOI:10.1016/j.gloenvcha.2005.01.002,3
DOI:10.1073/pnas.1007887107,"SMIT B, 2001, CLIMATE CHANGE 2001: IMPACTS, ADAPTATION, AND VULNERABILITY, P877",4
DOI:10.1073/pnas.1007887107,DOI:10.1016/j.jclepro.2018.03.220,3
DOI:10.1073/pnas.1007887107,DOI:10.1080/19463138.2019.1583234,3
DOI:10.1073/pnas.1007887107,DOI:10.1080/09640568.2018.1557609,3
DOI:10.1073/pnas.1007887107,DOI:10.1007/s11027-013-9480-0,3
"AGRAWAL A, 2010, NEW FRONT SOC POLICY, P173","PELLING M, 2011, ADAPTATION TO CLIMATE CHANGE: FROM RESILIENCE TO TRANSFORMATION, P1",3
"AGRAWAL A, 2010, NEW FRONT SOC POLICY, P173",DOI:10.2307/143141,3
"AGRAWAL A, 2010, NEW FRONT SOC POLICY, P173",DOI:10.1002/wcc.193,3
DOI:10.1002/wcc.204,DOI:10.1016/j.envsci.2010.05.006,3
DOI:10.1002/wcc.204,DOI:10.1016/j.gloenvcha.2009.06.001,3
DOI:10.1002/wcc.29,DOI:10.1007/978-90-481-9325-7,5
DOI:10.1002/wcc.29,DOI:10.1016/j.envsci.2010.05.006,4
DOI:10.1002/wcc.29,DOI:10.1016/j.gloenvcha.2007.08.002,6
DOI:10.1002/wcc.29,DOI:10.1016/j.gloenvcha.2009.06.001,4
DOI:10.1002/wcc.29,DOI:10.1016/j.gloenvcha.2011.09.015,3
DOI:10.1002/wcc.29,DOI:10.1016/j.uclim.2013.10.009,3
DOI:10.1002/wcc.29,DOI:10.2307/2586011,3
DOI:10.1002/wcc.29,DOI:10.2307/422246,5
DOI:10.1002/wcc.29,"PELLING M, 2011, ADAPTATION TO CLIMATE CHANGE: FROM RESILIENCE TO TRANSFORMATION, P1",4
DOI:10.1002/wcc.29,DOI:10.1016/j.gloenvcha.2009.11.009,5
DOI:10.1002/wcc.29,DOI:10.1016/j.gloenvcha.2013.07.022,6
DOI:10.1002/wcc.29,DOI:10.1016/j.gloenvcha.2010.09.012,4
DOI:10.1002/wcc.29,DOI:10.1038/438283a,3
DOI:10.1002/wcc.29,DOI:10.1073/pnas.1115521109,4
DOI:10.1002/wcc.29,DOI:10.1080/13549839.2012.678313,3
DOI:10.1002/wcc.29,DOI:10.1080/14693062.2007.9685639,4
DOI:10.1002/wcc.29,"LAZARUS RJ, 2009, CORNELL LAW REV, V94, P1153",3
DOI:10.1002/wcc.29,DOI:10.1016/j.gloenvcha.2010.03.005,7
DOI:10.1002/wcc.29,DOI:10.1111/ropr.12316,3
DOI:10.1002/wcc.29,DOI:10.1007/978-3-642-29831-8_3,3
DOI:10.1002/wcc.29,DOI:10.1016/j.envsci.2005.06.013,3
DOI:10.1002/wcc.29,DOI:10.5751/es-05732-180340,3
DOI:10.1002/wcc.29,DOI:10.1080/14693062.2007.9685657,3
DOI:10.1002/wcc.29,DOI:10.1007/s11027-010-9270-x,4
DOI:10.1002/wcc.29,DOI:10.1007/s11625-007-0032-y,5
DOI:10.1002/wcc.29,"ADGER WN, 2013, NAT CLIM CHANGE, V3, P330, DOI [10.1038/NCLIMATE1751, 10.1038/NCLIMATE1751]",3
DOI:10.1002/wcc.29,DOI:10.1007/s11077-009-9079-1,3
DOI:10.1002/wcc.29,DOI:10.1016/j.gloenvcha.2009.11.004,3
DOI:10.1007/978-90-481-9325-7,DOI:10.1016/j.envsci.2010.05.006,3
DOI:10.1007/978-90-481-9325-7,DOI:10.1016/j.gloenvcha.2007.08.002,7
DOI:10.1007/978-90-481-9325-7,DOI:10.1016/j.gloenvcha.2009.06.001,3
DOI:10.1007/978-90-481-9325-7,DOI:10.1016/j.gloenvcha.2011.09.015,3
DOI:10.1007/978-90-481-9325-7,DOI:10.1080/09644016.2013.755797,3
DOI:10.1007/978-90-481-9325-7,DOI:10.2307/422246,5
DOI:10.1007/978-90-481-9325-7,DOI:10.1080/1523908x.2012.707406,3
DOI:10.1007/978-90-481-9325-7,DOI:10.1016/j.gloenvcha.2009.11.009,4
DOI:10.1007/978-90-481-9325-7,DOI:10.1016/j.gloenvcha.2010.09.012,5
DOI:10.1007/978-90-481-9325-7,DOI:10.1073/pnas.1115521109,3
DOI:10.1007/978-90-481-9325-7,DOI:10.1080/13549839.2012.678313,3
DOI:10.1007/978-90-481-9325-7,DOI:10.1080/14693062.2007.9685639,3
DOI:10.1007/978-90-481-9325-7,"LAZARUS RJ, 2009, CORNELL LAW REV, V94, P1153",3
DOI:10.1007/978-90-481-9325-7,"SABATIER P.A., 2019, THEORIES OF THE POLICY PROCESS, VSECOND",4
DOI:10.1007/978-90-481-9325-7,DOI:10.1111/j.1467-9388.2006.00501.x,3
DOI:10.1007/978-90-481-9325-7,"YOUNG O.R., 2002, INSTITUTIONAL DIMENS",3
DOI:10.1007/978-90-481-9325-7,DOI:10.1016/j.gloenvcha.2010.03.005,7
DOI:10.1007/978-90-481-9325-7,DOI:10.1016/s1469-3062(02)00038-4,4
DOI:10.1007/978-90-481-9325-7,DOI:10.1080/09644016.2011.589571,3
DOI:10.1007/978-90-481-9325-7,DOI:10.5751/es-05732-180340,3
DOI:10.1007/978-90-481-9325-7,"BERKHOUT F, 2005, CLIM POLICY, V5, P377",3
DOI:10.1007/978-90-481-9325-7,DOI:10.1111/j.1541-0072.2006.00178.x,3
DOI:10.1007/978-90-481-9325-7,"KINGDON J.W., 2014, AGENDAS, ALTERNATIVES AND PUBLIC POLICIES",4
DOI:10.1007/s10113-014-0708-7,DOI:10.1016/j.gloenvcha.2015.01.001,3
DOI:10.1007/s10113-014-0708-7,DOI:10.1016/j.uclim.2015.06.005,4
DOI:10.1007/s10113-014-0708-7,DOI:10.2307/422246,3
DOI:10.1007/s10113-014-0708-7,"PELLING M, 2011, ADAPTATION TO CLIMATE CHANGE: FROM RESILIENCE TO TRANSFORMATION, P1",3
DOI:10.1007/s10113-014-0708-7,DOI:10.1007/s10584-013-0846-9,3
DOI:10.1007/s10113-014-0708-7,DOI:10.1007/s11027-014-9627-7,6
DOI:10.1007/s10113-014-0708-7,DOI:10.1016/j.gloenvcha.2013.07.022,5
DOI:10.1007/s10113-014-0708-7,DOI:10.1016/j.gloenvcha.2014.01.003,4
DOI:10.1007/s10113-014-0708-7,DOI:10.1016/j.jenvman.2015.11.043,3
DOI:10.1007/s10113-014-0708-7,DOI:10.1038/s41558-019-0490-0,3
DOI:10.1007/s10113-014-0708-7,DOI:10.1080/14693062.2016.1248889,3
DOI:10.1007/s10113-014-0708-7,DOI:10.1088/1748-9326/6/4/044009,3
DOI:10.1007/s10113-014-0708-7,"LESNIKOWSKI A, 2016, NAT CLIM CHANGE, V6, P261, DOI [10.1038/NCLIMATE2863, 10.1038/NCLIMATE2863]",4
DOI:10.1007/s10113-014-0708-7,DOI:10.1007/s10584-014-1078-3,4
DOI:10.1007/s10113-014-0708-7,DOI:10.1016/j.gloenvcha.2014.09.002,3
DOI:10.1007/s10113-014-0708-7,DOI:10.1016/j.gloenvcha.2015.09.014,3
DOI:10.1007/s10113-014-0708-7,DOI:10.1080/14693062.2007.9685639,4
DOI:10.1007/s10113-014-0708-7,DOI:10.1016/j.rser.2019.05.014,3
DOI:10.1007/s10113-014-0708-7,DOI:10.1080/1523908x.2012.707406,4
DOI:10.1007/s10113-014-0708-7,DOI:10.1007/s11027-010-9270-x,3
DOI:10.1007/s10113-014-0708-7,DOI:10.1038/nclimate2744,4
DOI:10.1007/s10113-014-0708-7,DOI:10.1002/wcc.416,3
DOI:10.1007/s10113-014-0708-7,DOI:10.1007/s10113-013-0421-y,5
DOI:10.1007/s10113-014-0708-7,DOI:10.1016/j.gloenvcha.2010.03.005,5
DOI:10.1007/s10113-014-0708-7,DOI:10.5751/es-05897-180446,3
DOI:10.1007/s10113-014-0708-7,"KURUPPU N, 2015, WEATHER CLIM EXTREME, V7, P72, DOI [10.1016/J.WACE.2014.06.001, 10.1010/J.WACE.2014.06.001]",3
DOI:10.1007/s10584-006-0329-3,DOI:10.1016/j.gloenvcha.2006.02.004,8
DOI:10.1007/s10584-006-0329-3,DOI:10.1016/j.gloenvcha.2006.02.006,8
DOI:10.1007/s10584-006-0329-3,DOI:10.1016/j.gloenvcha.2007.08.002,3
DOI:10.1007/s10584-006-0329-3,"MIMURA N, 2014, CLIMATE CHANGE 2014: IMPACTS, ADAPTATION, AND VULNERABILITY, PT A: GLOBAL AND SECTORAL ASPECTS, P869",3
DOI:10.1007/s10584-006-0329-3,"PELLING M, 2011, ADAPTATION TO CLIMATE CHANGE: FROM RESILIENCE TO TRANSFORMATION, P1",4
DOI:10.1007/s10584-006-0329-3,"ADGER WN, 2007, AR4 CLIMATE CHANGE 2007: IMPACTS, ADAPTATION, AND VULNERABILITY, P717",4
DOI:10.1007/s10584-006-0329-3,DOI:10.1007/s11625-007-0032-y,5
DOI:10.1007/s10584-006-0329-3,"LIM B., 2005, ADAPTATION POLICY FRAMEWORKS FOR CLIMATE CHANGE: DEVELOPING STRATEGIES, POLICIES AND MEASURES",3
DOI:10.1007/s10584-006-0329-3,DOI:10.1080/14693062.2007.9685639,4
DOI:10.1007/s10584-006-0329-3,DOI:10.1146/annurev.energy.32.051807.090348,3
DOI:10.1007/s10584-006-0329-3,DOI:10.1023/a:1005627828199,5
DOI:10.1007/s10584-006-0329-3,DOI:10.1073/pnas.1231335100,4
DOI:10.1007/s10584-006-0329-3,DOI:10.1016/j.gloenvcha.2010.08.002,3
DOI:10.1007/s10584-006-0329-3,DOI:10.1111/1540-6237.8402002,3
DOI:10.1007/s10584-006-0329-3,DOI:10.1177/030913259602000407,3
DOI:10.1007/s10584-010-9980-9,DOI:10.1016/j.envsci.2010.05.006,3
DOI:10.1007/s10584-010-9980-9,DOI:10.1016/j.gloenvcha.2009.06.001,4
DOI:10.1007/s10584-010-9980-9,"PELLING M, 2011, ADAPTATION TO CLIMATE CHANGE: FROM RESILIENCE TO TRANSFORMATION, P1",3
DOI:10.1007/s10584-010-9980-9,"ADGER WN, 2003, ECON GEOGR, V79, P387",3
DOI:10.1007/s10584-010-9980-9,DOI:10.1007/s11625-007-0032-y,3
DOI:10.1007/s10584-010-9980-9,DOI:10.1016/j.envsci.2005.06.012,3
DOI:10.1007/s10584-010-9980-9,DOI:10.4324/9780203219256,3
DOI:10.1007/s10584-010-9980-9,DOI:10.1007/s11027-010-9270-x,6
DOI:10.1007/s10584-010-9980-9,DOI:10.1038/s41558-019-0539-0,3
DOI:10.1007/s10584-010-9980-9,DOI:10.1016/j.gloenvcha.2010.07.004,3
DOI:10.1007/s10584-014-1303-0,DOI:10.1016/j.gloenvcha.2006.02.006,3
DOI:10.1007/s10584-014-1303-0,DOI:10.1016/j.gloenvcha.2009.06.001,3
DOI:10.1007/s10584-014-1303-0,DOI:10.1038/nclimate1847,4
DOI:10.1007/s10584-014-1303-0,"PELLING M, 2011, ADAPTATION TO CLIMATE CHANGE: FROM RESILIENCE TO TRANSFORMATION, P1",5
DOI:10.1007/s10584-014-1303-0,DOI:10.1016/j.gloenvcha.2014.09.002,3
DOI:10.1007/s10584-014-1303-0,DOI:10.1016/j.gloenvcha.2013.12.002,3
DOI:10.1007/s10584-014-1303-0,DOI:10.1073/pnas.1115521109,3
DOI:10.1007/s11027-012-9406-2,DOI:10.1002/wcc.96,3
DOI:10.1007/s11027-015-9699-z,DOI:10.1007/s10113-013-0421-y,3
DOI:10.1007/s11027-015-9699-z,DOI:10.1038/nclimate2350,3
DOI:10.1007/s11077-012-9151-0,DOI:10.1016/j.gloenvcha.2015.01.001,3
DOI:10.1007/s11077-012-9151-0,DOI:10.2307/2586011,3
DOI:10.1016/j.envsci.2008.01.003,DOI:10.1016/j.gloenvcha.2006.02.006,3
DOI:10.1016/j.envsci.2008.01.003,DOI:10.1080/13549830600853635,3
DOI:10.1016/j.envsci.2008.01.003,DOI:10.1016/j.gloenvcha.2005.01.002,3
DOI:10.1016/j.envsci.2008.01.003,DOI:10.1016/j.gloenvcha.2007.05.002,3
DOI:10.1016/j.envsci.2008.01.003,DOI:10.1038/445597a,3
DOI:10.1016/j.envsci.2008.01.003,DOI:10.1016/j.gloenvcha.2010.09.012,4
DOI:10.1016/j.envsci.2008.01.003,DOI:10.1080/01944360802377973,3
DOI:10.1016/j.envsci.2008.01.003,DOI:10.1080/09640560903399772,3
DOI:10.1016/j.envsci.2010.05.006,DOI:10.1016/j.gloenvcha.2006.02.004,3
DOI:10.1016/j.envsci.2010.05.006,DOI:10.1016/j.gloenvcha.2009.06.001,8
DOI:10.1016/j.envsci.2010.05.006,DOI:10.1016/j.gloenvcha.2011.09.015,3
DOI:10.1016/j.envsci.2010.05.006,DOI:10.2307/422246,3
DOI:10.1016/j.envsci.2010.05.006,"PELLING M, 2011, ADAPTATION TO CLIMATE CHANGE: FROM RESILIENCE TO TRANSFORMATION, P1",3
DOI:10.1016/j.envsci.2010.05.006,DOI:10.1007/s11027-010-9270-x,5
DOI:10.1016/j.envsci.2010.05.006,DOI:10.1016/j.gloenvcha.2010.03.005,3
DOI:10.1016/j.envsci.2010.05.006,DOI:10.1068/a35289,3
DOI:10.1016/j.envsci.2010.05.006,DOI:10.5751/es-05732-180340,3
DOI:10.1016/j.envsci.2010.05.006,DOI:10.1016/j.gloenvcha.2010.09.012,4
DOI:10.1016/j.envsci.2010.05.006,DOI:10.1016/j.gloenvcha.2018.10.003,4
DOI:10.1016/j.envsci.2010.05.006,DOI:10.1038/s41558-019-0539-0,3
DOI:10.1016/j.envsci.2010.05.006,DOI:10.1146/annurev.energy.32.051807.090348,3
DOI:10.1016/j.envsci.2010.05.006,"HUITEMA D, 2009, ECOL SOC, V14",4
DOI:10.1016/j.envsci.2010.05.006,DOI:10.1007/s10113-013-0421-y,3
DOI:10.1016/j.gloenvcha.2005.02.001,DOI:10.1016/j.gloenvcha.2006.02.006,3
DOI:10.1016/j.gloenvcha.2005.02.001,DOI:10.1016/j.gloenvcha.2009.11.004,3
DOI:10.1016/j.gloenvcha.2006.02.004,DOI:10.1016/j.gloenvcha.2006.02.006,8
DOI:10.1016/j.gloenvcha.2006.02.004,DOI:10.1017/cbo9780511541957,3
DOI:10.1016/j.gloenvcha.2006.02.004,DOI:10.1007/s11625-007-0032-y,3
DOI:10.1016/j.gloenvcha.2006.02.004,DOI:10.1146/annurev.energy.32.051807.090348,6
DOI:10.1016/j.gloenvcha.2006.02.004,"LEBEL L, 2006, ECOL SOC, V11",3
DOI:10.1016/j.gloenvcha.2006.02.004,DOI:10.1023/a:1005627828199,4
DOI:10.1016/j.gloenvcha.2006.02.004,DOI:10.1111/1540-6237.8402002,3
DOI:10.1016/j.gloenvcha.2006.02.004,DOI:10.1073/pnas.1231335100,4
DOI:10.1016/j.gloenvcha.2006.02.004,"ADGER WN, 2007, AR4 CLIMATE CHANGE 2007: IMPACTS, ADAPTATION, AND VULNERABILITY, P717",3
DOI:10.1016/j.gloenvcha.2006.02.004,DOI:10.1016/j.gloenvcha.2010.08.002,3
DOI:10.1016/j.gloenvcha.2006.02.004,DOI:10.1177/030913259602000407,3
DOI:10.1016/j.gloenvcha.2006.02.004,DOI:10.5751/es-01595-110118,3
DOI:10.1016/j.gloenvcha.2006.02.006,DOI:10.1016/j.gloenvcha.2007.08.002,3
DOI:10.1016/j.gloenvcha.2006.02.006,"MIMURA N, 2014, CLIMATE CHANGE 2014: IMPACTS, ADAPTATION, AND VULNERABILITY, PT A: GLOBAL AND SECTORAL ASPECTS, P869",3
DOI:10.1016/j.gloenvcha.2006.02.006,"PELLING M, 2011, ADAPTATION TO CLIMATE CHANGE: FROM RESILIENCE TO TRANSFORMATION, P1",3
DOI:10.1016/j.gloenvcha.2006.02.006,"RIBOT J, 2010, NEW FRONT SOC POLICY, P47",3
DOI:10.1016/j.gloenvcha.2006.02.006,DOI:10.1007/s11027-010-9270-x,3
DOI:10.1016/j.gloenvcha.2006.02.006,DOI:10.1016/j.gloenvcha.2009.11.004,4
DOI:10.1016/j.gloenvcha.2006.02.006,DOI:10.1023/a:1005661622966,4
DOI:10.1016/j.gloenvcha.2006.02.006,DOI:10.1023/a:1009652531101,3
DOI:10.1016/j.gloenvcha.2006.02.006,DOI:10.1073/pnas.1231335100,4
DOI:10.1016/j.gloenvcha.2006.02.006,DOI:10.1080/14693062.2007.9685639,6
DOI:10.1016/j.gloenvcha.2006.02.006,DOI:10.3197/096327100129342047,3
DOI:10.1016/j.gloenvcha.2006.02.006,"FUNFGELD H., 2011, FRAMING CLIMATE CHANGE ADAPTATION IN POLICY AND PRACTICE",3
DOI:10.1016/j.gloenvcha.2006.02.006,DOI:10.1007/s11625-007-0032-y,4
DOI:10.1016/j.gloenvcha.2006.02.006,DOI:10.1038/nclimate3012,4
DOI:10.1016/j.gloenvcha.2006.02.006,DOI:10.1146/annurev.energy.32.051807.090348,6
DOI:10.1016/j.gloenvcha.2006.02.006,DOI:10.1016/j.gloenvcha.2006.04.002,3
DOI:10.1016/j.gloenvcha.2006.02.006,DOI:10.1016/j.gloenvcha.2010.09.012,4
DOI:10.1016/j.gloenvcha.2006.02.006,DOI:10.4324/9780203428764,3
DOI:10.1016/j.gloenvcha.2006.02.006,"SMIT B, 2001, CLIMATE CHANGE 2001: IMPACTS, ADAPTATION, AND VULNERABILITY, P877",3
DOI:10.1016/j.gloenvcha.2006.02.006,DOI:10.1023/a:1005627828199,4
DOI:10.1016/j.gloenvcha.2006.02.006,DOI:10.1111/1540-6237.8402002,3
DOI:10.1016/j.gloenvcha.2006.02.006,DOI:10.1177/0956247807076960,3
DOI:10.1016/j.gloenvcha.2007.08.002,DOI:10.1016/j.gloenvcha.2009.06.001,6
DOI:10.1016/j.gloenvcha.2007.08.002,DOI:10.1016/j.gloenvcha.2011.09.015,3
DOI:10.1016/j.gloenvcha.2007.08.002,DOI:10.1080/09644016.2013.755797,4
DOI:10.1016/j.gloenvcha.2007.08.002,DOI:10.2307/422246,4
DOI:10.1016/j.gloenvcha.2007.08.002,DOI:10.5751/es-08797-210337,3
DOI:10.1016/j.gloenvcha.2007.08.002,"PELLING M, 2011, ADAPTATION TO CLIMATE CHANGE: FROM RESILIENCE TO TRANSFORMATION, P1",6
DOI:10.1016/j.gloenvcha.2007.08.002,"BECK S, 2009, PEER CLIMATE CHANGE INITIATIVE-PROJECT 2. UFZ-BERICHT 1/2009",4
DOI:10.1016/j.gloenvcha.2007.08.002,DOI:10.1002/eet.1601,3
DOI:10.1016/j.gloenvcha.2007.08.002,DOI:10.1002/eet.539,3
DOI:10.1016/j.gloenvcha.2007.08.002,DOI:10.1007/s10113-013-0421-y,4
DOI:10.1016/j.gloenvcha.2007.08.002,DOI:10.1007/s10584-006-9089-3,3
DOI:10.1016/j.gloenvcha.2007.08.002,DOI:10.1016/j.envsci.2005.06.012,3
DOI:10.1016/j.gloenvcha.2007.08.002,DOI:10.1016/j.gloenvcha.2009.11.009,5
DOI:10.1016/j.gloenvcha.2007.08.002,DOI:10.1080/13549830600853635,3
DOI:10.1016/j.gloenvcha.2007.08.002,DOI:10.1016/j.envsci.2009.04.001,4
DOI:10.1016/j.gloenvcha.2007.08.002,DOI:10.1016/s1469-3062(02)00038-4,4
DOI:10.1016/j.gloenvcha.2007.08.002,DOI:10.1023/a:1005661622966,3
DOI:10.1016/j.gloenvcha.2007.08.002,DOI:10.1111/1477-8947.12013,4
DOI:10.1016/j.gloenvcha.2007.08.002,"[ANONYMOUS], 2007, CLIMATE CHANGE 2007",4
DOI:10.1016/j.gloenvcha.2007.08.002,DOI:10.1016/j.gloenvcha.2009.09.004,3
DOI:10.1016/j.gloenvcha.2007.08.002,DOI:10.1016/j.gloenvcha.2011.09.010,3
DOI:10.1016/j.gloenvcha.2007.08.002,DOI:10.1080/13549839.2010.544296,3
DOI:10.1016/j.gloenvcha.2007.08.002,DOI:10.1080/1523908x.2012.707406,5
DOI:10.1016/j.gloenvcha.2007.08.002,DOI:10.1007/bf01405730,3
DOI:10.1016/j.gloenvcha.2007.08.002,DOI:10.1007/s10584-009-9682-3,3
DOI:10.1016/j.gloenvcha.2007.08.002,DOI:10.1007/s11625-007-0032-y,6
DOI:10.1016/j.gloenvcha.2007.08.002,DOI:10.1016/j.gloenvcha.2010.03.005,17
DOI:10.1016/j.gloenvcha.2007.08.002,DOI:10.1068/c1152,3
DOI:10.1016/j.gloenvcha.2007.08.002,DOI:10.1080/1523908x.2010.505414,3
DOI:10.1016/j.gloenvcha.2007.08.002,DOI:10.1080/1523908x.2012.707407,3
DOI:10.1016/j.gloenvcha.2007.08.002,DOI:10.1016/j.envsci.2007.07.003,4
DOI:10.1016/j.gloenvcha.2007.08.002,DOI:10.1038/s41558-019-0490-0,3
DOI:10.1016/j.gloenvcha.2007.08.002,DOI:10.1080/09644016.2011.589571,3
DOI:10.1016/j.gloenvcha.2007.08.002,DOI:10.1080/13549830701656960,4
DOI:10.1016/j.gloenvcha.2007.08.002,DOI:10.1080/13549839.2010.487525,4
DOI:10.1016/j.gloenvcha.2007.08.002,DOI:10.1080/15239080500251908,3
DOI:10.1016/j.gloenvcha.2007.08.002,DOI:10.1579/0044-7447(2006)35[50:qccciv]2.0.co;2,3
DOI:10.1016/j.gloenvcha.2007.08.002,"[ANONYMOUS], 2009, 1 PEER",6
DOI:10.1016/j.gloenvcha.2007.08.002,DOI:10.1016/j.gloenvcha.2004.10.003,5
DOI:10.1016/j.gloenvcha.2007.08.002,DOI:10.1016/j.polgeo.2005.07.002,3
DOI:10.1016/j.gloenvcha.2007.08.002,DOI:10.1080/0964401042000310178,3
DOI:10.1016/j.gloenvcha.2007.08.002,"BARROS VR, 2014, CLIMATE CHANGE 2014: IMPACTS, ADAPTATION, AND VULNERABILITY, PT B: REGIONAL ASPECTS, P1133",3
DOI:10.1016/j.gloenvcha.2007.08.002,DOI:10.1007/s10784-013-9236-z,3
DOI:10.1016/j.gloenvcha.2007.08.002,DOI:10.1080/09644010412331308254,3
DOI:10.1016/j.gloenvcha.2007.08.002,DOI:10.1007/978-90-481-9325-7_4,3
DOI:10.1016/j.gloenvcha.2007.08.002,DOI:10.1111/j.1467-9388.2006.00501.x,3
DOI:10.1016/j.gloenvcha.2007.08.002,"YOUNG O.R., 2002, INSTITUTIONAL DIMENS",4
DOI:10.1016/j.gloenvcha.2007.08.002,DOI:10.1073/pnas.1115521109,4
DOI:10.1016/j.gloenvcha.2007.08.002,"TSCHAKERT P, 2010, ECOL SOC, V15",3
DOI:10.1016/j.gloenvcha.2007.08.002,DOI:10.1007/s10113-014-0648-2,3
DOI:10.1016/j.gloenvcha.2007.08.002,DOI:10.1016/j.gloenvcha.2014.09.002,4
DOI:10.1016/j.gloenvcha.2007.08.002,DOI:10.1016/j.envsci.2005.06.013,3
DOI:10.1016/j.gloenvcha.2007.08.002,DOI:10.1177/1065912907313077,3
DOI:10.1016/j.gloenvcha.2007.08.002,DOI:10.5751/es-05732-180340,3
DOI:10.1016/j.gloenvcha.2007.08.002,"MCGRAY H., 2007, WEATHERING THE STORM: OPTIONS FOR FRAMING ADAPTATION AND DEVELOPMENT",3
DOI:10.1016/j.gloenvcha.2007.08.002,DOI:10.1017/s0143814x13000287,3
DOI:10.1016/j.gloenvcha.2007.08.002,DOI:10.1080/13549839.2012.678313,3
DOI:10.1016/j.gloenvcha.2007.08.002,DOI:10.1080/13549839.2012.678317,3
DOI:10.1016/j.gloenvcha.2007.08.002,DOI:10.1007/s11027-010-9270-x,4
DOI:10.1016/j.gloenvcha.2007.08.002,"KINGDON J.W., 2014, AGENDAS, ALTERNATIVES AND PUBLIC POLICIES",3
DOI:10.1016/j.gloenvcha.2007.08.002,DOI:10.1038/nclimate2350,4
DOI:10.1016/j.gloenvcha.2007.08.002,"LESNIKOWSKI A, 2016, NAT CLIM CHANGE, V6, P261, DOI [10.1038/NCLIMATE2863, 10.1038/NCLIMATE2863]",3
DOI:10.1016/j.gloenvcha.2007.08.002,DOI:10.1016/j.jclepro.2018.03.220,3
DOI:10.1016/j.gloenvcha.2009.06.001,DOI:10.1016/j.gloenvcha.2011.09.015,4
DOI:10.1016/j.gloenvcha.2009.06.001,DOI:10.1073/pnas.0702288104,3
DOI:10.1016/j.gloenvcha.2009.06.001,DOI:10.1080/09644016.2013.755797,4
DOI:10.1016/j.gloenvcha.2009.06.001,DOI:10.1111/j.1539-6924.2007.00940.x,3
DOI:10.1016/j.gloenvcha.2009.06.001,DOI:10.2307/422246,4
DOI:10.1016/j.gloenvcha.2009.06.001,DOI:10.5751/es-08797-210337,3
DOI:10.1016/j.gloenvcha.2009.06.001,"PELLING M, 2011, ADAPTATION TO CLIMATE CHANGE: FROM RESILIENCE TO TRANSFORMATION, P1",4
DOI:10.1016/j.gloenvcha.2009.06.001,DOI:10.1016/j.gloenvcha.2009.11.009,4
DOI:10.1016/j.gloenvcha.2009.06.001,DOI:10.1016/j.gloenvcha.2010.03.005,4
DOI:10.1016/j.gloenvcha.2009.06.001,DOI:10.1038/461472a,3
DOI:10.1016/j.gloenvcha.2009.06.001,"ADGER WN, 2007, AR4 CLIMATE CHANGE 2007: IMPACTS, ADAPTATION, AND VULNERABILITY, P717",3
DOI:10.1016/j.gloenvcha.2009.06.001,DOI:10.1007/s10584-006-9089-3,4
DOI:10.1016/j.gloenvcha.2009.06.001,DOI:10.1146/annurev.energy.32.051807.090348,5
DOI:10.1016/j.gloenvcha.2009.06.001,DOI:10.5751/es-01595-110118,3
DOI:10.1016/j.gloenvcha.2009.06.001,DOI:10.1016/j.gloenvcha.2013.07.022,3
DOI:10.1016/j.gloenvcha.2009.06.001,"HUITEMA D, 2009, ECOL SOC, V14",6
DOI:10.1016/j.gloenvcha.2009.06.001,"OSTROM E, 2005, UNDERSTANDING INSTITUTIONAL DIVERSITY, P1",3
DOI:10.1016/j.gloenvcha.2009.06.001,"ADGER WN, 2003, ECON GEOGR, V79, P387",3
DOI:10.1016/j.gloenvcha.2009.06.001,DOI:10.1007/s11027-010-9270-x,3
DOI:10.1016/j.gloenvcha.2009.06.001,DOI:10.1016/j.gloenvcha.2010.07.004,4
DOI:10.1016/j.gloenvcha.2009.06.001,DOI:10.1002/wcc.133,3
DOI:10.1016/j.gloenvcha.2009.06.001,DOI:10.1016/j.gloenvcha.2018.10.003,3
DOI:10.1016/j.gloenvcha.2009.06.001,DOI:10.1073/pnas.1115521109,3
DOI:10.1016/j.gloenvcha.2009.06.001,"TSCHAKERT P, 2010, ECOL SOC, V15",4
DOI:10.1016/j.gloenvcha.2009.06.001,DOI:10.1016/j.gloenvcha.2013.02.016,3
DOI:10.1016/j.gloenvcha.2009.06.001,DOI:10.1098/rsta.2010.0277,5
DOI:10.1016/j.gloenvcha.2009.06.001,DOI:10.1177/0018726708100356,3
DOI:10.1016/j.gloenvcha.2009.06.001,DOI:10.1007/bf01405730,3
DOI:10.1016/j.gloenvcha.2011.09.015,"PELLING M, 2011, ADAPTATION TO CLIMATE CHANGE: FROM RESILIENCE TO TRANSFORMATION, P1",3
DOI:10.1016/j.gloenvcha.2011.09.015,DOI:10.1073/pnas.1115521109,3
DOI:10.1016/j.gloenvcha.2011.09.015,DOI:10.1080/14693062.2007.9685639,3
DOI:10.1016/j.gloenvcha.2011.09.015,DOI:10.1007/s11625-007-0032-y,3
DOI:10.1016/j.gloenvcha.2015.01.001,DOI:10.1016/j.gloenvcha.2021.102279,3
DOI:10.1016/j.gloenvcha.2015.01.001,DOI:10.1016/j.uclim.2015.06.005,6
DOI:10.1016/j.gloenvcha.2015.01.001,DOI:10.1080/09644016.2014.924196,3
DOI:10.1016/j.gloenvcha.2015.01.001,DOI:10.1007/s10113-021-01834-7,3
DOI:10.1016/j.gloenvcha.2015.01.001,DOI:10.1007/s10584-019-02533-3,4
DOI:10.1016/j.gloenvcha.2015.01.001,DOI:10.1007/s10584-021-03142-9,3
DOI:10.1016/j.gloenvcha.2015.01.001,DOI:10.1007/s11027-010-9270-x,3
DOI:10.1016/j.gloenvcha.2015.01.001,DOI:10.1007/s11027-014-9627-7,4
DOI:10.1016/j.gloenvcha.2015.01.001,DOI:10.1016/j.cosust.2014.10.011,3
DOI:10.1016/j.gloenvcha.2015.01.001,DOI:10.1016/j.gloenvcha.2013.07.022,6
DOI:10.1016/j.gloenvcha.2015.01.001,DOI:10.1038/nclimate3012,3
DOI:10.1016/j.gloenvcha.2015.01.001,DOI:10.1038/s41558-019-0490-0,4
DOI:10.1016/j.gloenvcha.2015.01.001,DOI:10.1080/09644016.2014.923614,3
DOI:10.1016/j.gloenvcha.2015.01.001,DOI:10.1080/14693062.2016.1248889,4
DOI:10.1016/j.gloenvcha.2015.01.001,DOI:10.1111/j.1541-1338.2012.00582.x,3
DOI:10.1016/j.gloenvcha.2015.01.001,DOI:10.1146/annurev-environ-102017-025739,3
DOI:10.1016/j.gloenvcha.2015.01.001,DOI:10.1016/j.gloenvcha.2014.01.003,3
DOI:10.1016/j.gloenvcha.2015.01.001,DOI:10.1016/j.jclepro.2018.03.220,4
DOI:10.1016/j.gloenvcha.2015.01.001,DOI:10.1016/s1449-4035(07)70118-2],3
DOI:10.1016/j.gloenvcha.2015.01.001,DOI:10.1080/19463138.2019.1583234,3
DOI:10.1016/j.gloenvcha.2015.01.001,DOI:10.1016/j.gloenvcha.2010.03.005,3
DOI:10.1016/j.gloenvcha.2021.102279,DOI:10.1007/s10584-021-03142-9,3
DOI:10.1016/j.jenvman.2014.07.025,DOI:10.1016/j.landurbplan.2007.02.001,3
DOI:10.1016/j.jenvman.2014.07.025,DOI:10.2148/benv.33.1.115,5
DOI:10.1016/j.uclim.2013.10.009,DOI:10.1080/1523908x.2012.707407,4
DOI:10.1016/j.uclim.2015.06.005,"PELLING M, 2011, ADAPTATION TO CLIMATE CHANGE: FROM RESILIENCE TO TRANSFORMATION, P1",3
DOI:10.1016/j.uclim.2015.06.005,"CARMIN JOANN., 2012, PROGRESS AND CHALLENGES IN URBAN CLIMATE ADAPTATION PLANNING: RESULTS OF A GLOBAL SURVEY",3
DOI:10.1016/j.uclim.2015.06.005,DOI:10.1007/s10584-019-02484-9,3
DOI:10.1016/j.uclim.2015.06.005,DOI:10.1016/j.envsci.2017.11.003,3
DOI:10.1016/j.uclim.2015.06.005,DOI:10.1016/j.envsci.2018.05.017,3
DOI:10.1016/j.uclim.2015.06.005,DOI:10.1016/j.gloenvcha.2009.11.009,6
DOI:10.1016/j.uclim.2015.06.005,DOI:10.1016/j.gloenvcha.2012.07.005,6
DOI:10.1016/j.uclim.2015.06.005,DOI:10.1016/j.habitatint.2013.05.003,6
DOI:10.1016/j.uclim.2015.06.005,DOI:10.1016/j.jclepro.2018.03.220,9
DOI:10.1016/j.uclim.2015.06.005,DOI:10.1080/13549839.2013.839643,3
DOI:10.1016/j.uclim.2015.06.005,DOI:10.1080/1523908x.2019.1673154,3
DOI:10.1016/j.uclim.2015.06.005,DOI:10.1111/1477-8947.12262,3
DOI:10.1016/j.uclim.2015.06.005,"LESNIKOWSKI A, 2016, NAT CLIM CHANGE, V6, P261, DOI [10.1038/NCLIMATE2863, 10.1038/NCLIMATE2863]",3
DOI:10.1016/j.uclim.2015.06.005,DOI:10.1007/s10584-013-0846-9,3
DOI:10.1016/j.uclim.2015.06.005,DOI:10.1007/s11027-014-9627-7,4
DOI:10.1016/j.uclim.2015.06.005,DOI:10.1016/j.cosust.2014.10.011,3
DOI:10.1016/j.uclim.2015.06.005,DOI:10.1016/j.gloenvcha.2013.07.022,5
DOI:10.1016/j.uclim.2015.06.005,DOI:10.1016/j.gloenvcha.2014.01.003,4
DOI:10.1016/j.uclim.2015.06.005,DOI:10.1016/j.jenvman.2015.11.043,4
DOI:10.1016/j.uclim.2015.06.005,DOI:10.1016/s1449-4035(07)70118-2],4
DOI:10.1016/j.uclim.2015.06.005,DOI:10.1038/s41558-019-0490-0,3
DOI:10.1016/j.uclim.2015.06.005,DOI:10.1080/14693062.2016.1248889,3
DOI:10.1016/j.uclim.2015.06.005,DOI:10.1080/19463138.2019.1583234,4
DOI:10.1016/j.uclim.2015.06.005,DOI:10.1111/psj.12095,3
DOI:10.1016/j.uclim.2015.06.005,DOI:10.1177/1070496514525406,5
DOI:10.1016/j.uclim.2015.06.005,DOI:10.4155/cmt.13.81,3
DOI:10.1016/j.uclim.2015.06.005,DOI:10.1007/s11027-010-9270-x,4
DOI:10.1016/j.uclim.2015.06.005,DOI:10.1016/j.gloenvcha.2010.03.005,3
DOI:10.1016/j.uclim.2015.06.005,DOI:10.1038/nclimate2350,3
DOI:10.1016/j.uclim.2015.06.005,DOI:10.1038/nclimate3012,4
DOI:10.1016/j.uclim.2015.06.005,DOI:10.1016/j.rser.2019.05.014,3
DOI:10.1016/j.uclim.2015.06.005,DOI:10.1007/s10113-013-0421-y,3
DOI:10.1038/nclimate1847,DOI:10.1073/pnas.1115521109,4
DOI:10.1073/pnas.1231332100,DOI:10.1177/016224390102600401,3
DOI:10.1073/pnas.1231332100,"PELLING M, 2011, ADAPTATION TO CLIMATE CHANGE: FROM RESILIENCE TO TRANSFORMATION, P1",3
DOI:10.1073/pnas.1231332100,DOI:10.1016/j.gloenvcha.2010.11.006,4
DOI:10.1073/pnas.1231332100,DOI:10.1016/j.envsci.2006.10.004,3
DOI:10.1073/pnas.1231332100,DOI:10.1080/13549839.2012.678317,3
DOI:10.1080/09644016.2013.755797,DOI:10.1177/0042098012461675,3
DOI:10.1080/09644016.2013.755797,DOI:10.5751/es-08797-210337,4
DOI:10.1080/09644016.2013.755797,DOI:10.1016/j.gloenvcha.2010.03.005,3
DOI:10.1080/17565529.2012.745389,"PELLING M, 2011, ADAPTATION TO CLIMATE CHANGE: FROM RESILIENCE TO TRANSFORMATION, P1",3
DOI:10.1080/17565529.2012.745389,DOI:10.1080/09640568.2012.756805,3
DOI:10.1080/17565529.2012.745389,DOI:10.1016/j.cosust.2010.12.014,3
DOI:10.1111/j.1475-5661.2012.00535.x,DOI:10.5751/es-08797-210337,3
DOI:10.1111/j.1523-1739.2009.01405.x,DOI:10.1016/j.biocon.2008.10.006,3
DOI:10.1111/j.1539-6924.2007.00940.x,DOI:10.1287/mnsc.1050.0472,3
DOI:10.1126/science.1151915,DOI:10.1016/j.gloenvcha.2012.12.006,3
DOI:10.1177/0042098012461675,DOI:10.1002/jid.1772,4
DOI:10.2307/2586011,"PELLING M, 2011, ADAPTATION TO CLIMATE CHANGE: FROM RESILIENCE TO TRANSFORMATION, P1",3
DOI:10.2307/422246,DOI:10.1016/s1469-3062(02)00038-4,3
DOI:10.2307/422246,"LIM B., 2005, ADAPTATION POLICY FRAMEWORKS FOR CLIMATE CHANGE: DEVELOPING STRATEGIES, POLICIES AND MEASURES",3
DOI:10.2307/422246,DOI:10.1002/wcc.227,3
DOI:10.2307/422246,DOI:10.1007/s11077-009-9079-1,3
DOI:10.2307/422246,DOI:10.1016/j.envsci.2017.12.010,3
DOI:10.2307/422246,DOI:10.1080/1523908x.2012.707406,3
DOI:10.2307/422246,DOI:10.1016/j.gloenvcha.2010.03.005,5
DOI:10.2307/422246,DOI:10.1080/13501760210162357,3
DOI:10.2307/422246,DOI:10.1080/14693062.2007.9685639,3
DOI:10.2307/422246,"KINGDON J.W., 2014, AGENDAS, ALTERNATIVES AND PUBLIC POLICIES",3
DOI:10.2307/422246,DOI:10.1111/j.1541-0072.2006.00178.x,3
DOI:10.2307/422246,"SABATIER P.A., 2019, THEORIES OF THE POLICY PROCESS, VSECOND",4
DOI:10.5751/es-06880-190423,"ADGER WN, 2005, ECOL SOC, V10",3
DOI:10.5751/es-06880-190423,DOI:10.1016/j.agsy.2009.05.002,3
DOI:10.5751/es-06880-190423,DOI:10.1016/j.ecolecon.2015.03.024,3
DOI:10.5751/es-06880-190423,DOI:10.1111/j.1365-2427.2009.02374.x,3
DOI:10.5751/es-06880-190423,DOI:10.1111/j.1540-5907.2010.00451.x,3
DOI:10.5751/es-06880-190423,DOI:10.1111/psj.12028,3
DOI:10.5751/es-06880-190423,DOI:10.2307/1952530,3
DOI:10.5751/es-06880-190423,"HUQ S, 2004, CLIM POLICY, V4, P25",3
DOI:10.5751/es-08797-210337,"MIMURA N, 2014, CLIMATE CHANGE 2014: IMPACTS, ADAPTATION, AND VULNERABILITY, PT A: GLOBAL AND SECTORAL ASPECTS, P869",3
DOI:10.5751/es-08797-210337,DOI:10.1016/j.gloenvcha.2010.03.005,3
"MIMURA N, 2014, CLIMATE CHANGE 2014: IMPACTS, ADAPTATION, AND VULNERABILITY, PT A: GLOBAL AND SECTORAL ASPECTS, P869",DOI:10.1007/s11027-010-9270-x,3
"MIMURA N, 2014, CLIMATE CHANGE 2014: IMPACTS, ADAPTATION, AND VULNERABILITY, PT A: GLOBAL AND SECTORAL ASPECTS, P869","KLEIN RJT, 2014, CLIMATE CHANGE 2014: IMPACTS, ADAPTATION, AND VULNERABILITY, PT A: GLOBAL AND SECTORAL ASPECTS, P899",3
"MIMURA N, 2014, CLIMATE CHANGE 2014: IMPACTS, ADAPTATION, AND VULNERABILITY, PT A: GLOBAL AND SECTORAL ASPECTS, P869",DOI:10.1016/j.gloenvcha.2010.03.005,4
"PELLING M, 2011, ADAPTATION TO CLIMATE CHANGE: FROM RESILIENCE TO TRANSFORMATION, P1","RIBOT J, 2010, NEW FRONT SOC POLICY, P47",3
"PELLING M, 2011, ADAPTATION TO CLIMATE CHANGE: FROM RESILIENCE TO TRANSFORMATION, P1",DOI:10.1016/j.gloenvcha.2006.04.002,3
"PELLING M, 2011, ADAPTATION TO CLIMATE CHANGE: FROM RESILIENCE TO TRANSFORMATION, P1",DOI:10.1080/14649357.2012.677124,5
"PELLING M, 2011, ADAPTATION TO CLIMATE CHANGE: FROM RESILIENCE TO TRANSFORMATION, P1",DOI:10.1080/14693062.2007.9685639,8
"PELLING M, 2011, ADAPTATION TO CLIMATE CHANGE: FROM RESILIENCE TO TRANSFORMATION, P1",DOI:10.1007/s11625-007-0032-y,5
"PELLING M, 2011, ADAPTATION TO CLIMATE CHANGE: FROM RESILIENCE TO TRANSFORMATION, P1",DOI:10.1016/j.gloenvcha.2013.07.022,3
"PELLING M, 2011, ADAPTATION TO CLIMATE CHANGE: FROM RESILIENCE TO TRANSFORMATION, P1",DOI:10.1146/annurev.energy.32.051807.090348,3
"PELLING M, 2011, ADAPTATION TO CLIMATE CHANGE: FROM RESILIENCE TO TRANSFORMATION, P1",DOI:10.3200/env.51.4.22-31,4
"PELLING M, 2011, ADAPTATION TO CLIMATE CHANGE: FROM RESILIENCE TO TRANSFORMATION, P1",DOI:10.1016/j.gloenvcha.2009.11.009,4
"PELLING M, 2011, ADAPTATION TO CLIMATE CHANGE: FROM RESILIENCE TO TRANSFORMATION, P1",DOI:10.1016/j.gloenvcha.2010.09.012,3
"PELLING M, 2011, ADAPTATION TO CLIMATE CHANGE: FROM RESILIENCE TO TRANSFORMATION, P1",DOI:10.1023/a:1024834510939,3
"PELLING M, 2011, ADAPTATION TO CLIMATE CHANGE: FROM RESILIENCE TO TRANSFORMATION, P1",DOI:10.1073/pnas.1115521109,8
"PELLING M, 2011, ADAPTATION TO CLIMATE CHANGE: FROM RESILIENCE TO TRANSFORMATION, P1",DOI:10.1080/13549839.2012.678313,3
"PELLING M, 2011, ADAPTATION TO CLIMATE CHANGE: FROM RESILIENCE TO TRANSFORMATION, P1",DOI:10.1016/j.geoforum.2013.04.010,3
"PELLING M, 2011, ADAPTATION TO CLIMATE CHANGE: FROM RESILIENCE TO TRANSFORMATION, P1",DOI:10.1016/j.gloenvcha.2015.09.014,4
"PELLING M, 2011, ADAPTATION TO CLIMATE CHANGE: FROM RESILIENCE TO TRANSFORMATION, P1",DOI:10.1016/j.oneear.2020.09.014,4
"PELLING M, 2011, ADAPTATION TO CLIMATE CHANGE: FROM RESILIENCE TO TRANSFORMATION, P1",DOI:10.1023/a:1005627828199,3
"PELLING M, 2011, ADAPTATION TO CLIMATE CHANGE: FROM RESILIENCE TO TRANSFORMATION, P1",DOI:10.1080/09640568.2016.1168288,4
"PELLING M, 2011, ADAPTATION TO CLIMATE CHANGE: FROM RESILIENCE TO TRANSFORMATION, P1",DOI:10.3763/cdev.2010.0060,3
"PELLING M, 2011, ADAPTATION TO CLIMATE CHANGE: FROM RESILIENCE TO TRANSFORMATION, P1","TANNER T, 2014, ROUTL PERSPECT DEV, P1",3
"PELLING M, 2011, ADAPTATION TO CLIMATE CHANGE: FROM RESILIENCE TO TRANSFORMATION, P1",DOI:10.1177/0309132511425767,7
"PELLING M, 2011, ADAPTATION TO CLIMATE CHANGE: FROM RESILIENCE TO TRANSFORMATION, P1","WATSON RT, 2001, CLIMATE CHANGE 2001: IMPACTS, ADAPTATION, AND VULNERABILITY, PIX",3
"PELLING M, 2011, ADAPTATION TO CLIMATE CHANGE: FROM RESILIENCE TO TRANSFORMATION, P1",DOI:10.1002/wcc.335,3
"PELLING M, 2011, ADAPTATION TO CLIMATE CHANGE: FROM RESILIENCE TO TRANSFORMATION, P1",DOI:10.1002/wcc.87,3
"PELLING M, 2011, ADAPTATION TO CLIMATE CHANGE: FROM RESILIENCE TO TRANSFORMATION, P1",DOI:10.1007/s10113-013-0421-y,3
"PELLING M, 2011, ADAPTATION TO CLIMATE CHANGE: FROM RESILIENCE TO TRANSFORMATION, P1",DOI:10.1016/j.geoforum.2017.05.011,3
"PELLING M, 2011, ADAPTATION TO CLIMATE CHANGE: FROM RESILIENCE TO TRANSFORMATION, P1","WISNER B., 2004, AT RISK: NATURAL HAZARDS, PEOPLE'S VULNERABILITY AND DISASTERS",3
"PELLING M, 2011, ADAPTATION TO CLIMATE CHANGE: FROM RESILIENCE TO TRANSFORMATION, P1",DOI:10.1007/s11027-010-9270-x,3
"PELLING M, 2011, ADAPTATION TO CLIMATE CHANGE: FROM RESILIENCE TO TRANSFORMATION, P1","REID H, 2014, COMMUNITY-BASED ADAPTATION TO CLIMATE CHANGE: SCALING IT UP, P3",3
"PELLING M, 2011, ADAPTATION TO CLIMATE CHANGE: FROM RESILIENCE TO TRANSFORMATION, P1",DOI:10.1016/j.gloenvcha.2012.03.001,3
"RIBOT J, 2010, NEW FRONT SOC POLICY, P47",DOI:10.1080/14693062.2007.9685639,3
DOI:10.1002/eet.1601,DOI:10.1002/eet.539,4
DOI:10.1002/eet.1601,DOI:10.1007/s11077-017-9281-5,3
DOI:10.1002/eet.1601,DOI:10.1016/j.rser.2019.05.014,3
DOI:10.1002/eet.1601,DOI:10.1080/01442872.2017.1339239,4
DOI:10.1002/eet.1601,DOI:10.17645/pag.v5i2.928,3
DOI:10.1002/eet.1601,"PETERS B.G., 2015, PURSUING HORIZONTAL MANAGEMENT: THE POLITICS OF PUBLIC SECTOR COORDINATION",3
DOI:10.1002/eet.1601,DOI:10.1080/09644010412331308254,3
DOI:10.1002/eet.1601,DOI:10.1080/1523908x.2012.707406,3
DOI:10.1002/eet.539,DOI:10.1007/s11077-016-9248-y,3
DOI:10.1002/eet.539,DOI:10.3763/cdev.2009.0004,3
DOI:10.1002/eet.539,DOI:10.1002/eet.1589,3
DOI:10.1007/s11077-016-9248-y,DOI:10.1007/s11077-017-9281-5,3
DOI:10.1007/s11077-016-9248-y,DOI:10.1007/s12571-017-0752-5,3
DOI:10.1007/s11077-016-9248-y,DOI:10.1080/01442872.2017.1337090,3
DOI:10.1007/s11077-016-9248-y,DOI:10.1080/01442872.2017.1339239,4
DOI:10.1007/s11077-016-9248-y,"PETERS B.G., 2015, PURSUING HORIZONTAL MANAGEMENT: THE POLITICS OF PUBLIC SECTOR COORDINATION",3
DOI:10.1007/s11077-016-9248-y,DOI:10.1007/s11077-009-9079-1,3
DOI:10.1007/s11077-016-9248-y,DOI:10.1080/1523908x.2012.707406,3
DOI:10.1007/s11077-016-9248-y,DOI:10.1016/j.gloenvcha.2010.03.005,3
DOI:10.1007/s11077-017-9281-5,DOI:10.1007/s11077-019-09354-2,3
DOI:10.1007/s11077-017-9281-5,DOI:10.1007/s12571-017-0752-5,3
DOI:10.1007/s11077-017-9281-5,DOI:10.1080/01442872.2017.1339239,4
DOI:10.1007/s11077-017-9281-5,DOI:10.17645/pag.v5i2.928,3
DOI:10.1007/s11077-017-9281-5,DOI:10.1038/s41558-019-0490-0,3
DOI:10.1007/s11077-019-09354-2,DOI:10.1080/01442872.2017.1339239,3
DOI:10.1007/s12571-017-0752-5,DOI:10.1080/01442872.2017.1339239,3
DOI:10.1016/j.gloenvcha.2014.09.002,"PETERS B.G., 2015, PURSUING HORIZONTAL MANAGEMENT: THE POLITICS OF PUBLIC SECTOR COORDINATION",3
DOI:10.1016/j.gloenvcha.2014.09.002,DOI:10.1007/s10113-013-0421-y,4
DOI:10.1016/j.gloenvcha.2014.09.002,DOI:10.1007/s10584-019-02533-3,3
DOI:10.1016/j.gloenvcha.2014.09.002,DOI:10.1007/s11027-010-9270-x,3
DOI:10.1016/j.gloenvcha.2014.09.002,DOI:10.1007/s11027-014-9627-7,4
DOI:10.1016/j.gloenvcha.2014.09.002,DOI:10.1016/j.gloenvcha.2013.07.022,4
DOI:10.1016/j.gloenvcha.2014.09.002,DOI:10.1038/nclimate3012,3
DOI:10.1016/j.gloenvcha.2014.09.002,DOI:10.1080/01944363.2015.1074526,3
DOI:10.1016/j.gloenvcha.2014.09.002,DOI:10.1080/14693062.2016.1248889,4
DOI:10.1016/j.gloenvcha.2014.09.002,DOI:10.1111/ropr.12103,3
DOI:10.1016/j.gloenvcha.2014.09.002,DOI:10.1007/s10584-014-1078-3,5
DOI:10.1016/j.gloenvcha.2014.09.002,DOI:10.1007/s11027-013-9491-x,3
DOI:10.1016/j.gloenvcha.2014.09.002,DOI:10.1016/j.gloenvcha.2013.04.008,3
DOI:10.1016/j.gloenvcha.2014.09.002,DOI:10.1038/nclimate2615,3
DOI:10.1016/j.gloenvcha.2014.09.002,"LESNIKOWSKI A, 2016, NAT CLIM CHANGE, V6, P261, DOI [10.1038/NCLIMATE2863, 10.1038/NCLIMATE2863]",6
DOI:10.1016/j.gloenvcha.2014.09.002,DOI:10.1016/j.gloenvcha.2010.03.005,7
DOI:10.1016/j.gloenvcha.2014.09.002,DOI:10.1016/j.gloenvcha.2014.01.003,3
DOI:10.1016/j.gloenvcha.2014.09.002,DOI:10.1038/nclimate2350,3
DOI:10.1016/j.gloenvcha.2014.09.002,DOI:10.1080/1523908x.2012.707406,6
DOI:10.1016/j.gloenvcha.2014.09.002,DOI:10.5751/es-05732-180340,3
DOI:10.1016/j.gloenvcha.2014.09.002,DOI:10.1007/s10113-015-0771-8,3
DOI:10.1016/j.rser.2019.05.014,DOI:10.3390/su12135393,4
DOI:10.1016/j.rser.2019.05.014,DOI:10.1016/j.jclepro.2018.03.220,6
DOI:10.1016/j.rser.2019.05.014,DOI:10.1080/1523908x.2012.707406,3
DOI:10.1016/j.rser.2019.05.014,DOI:10.1016/j.gloenvcha.2010.03.005,3
DOI:10.1016/j.rser.2019.05.014,DOI:10.1016/j.gloenvcha.2018.08.003,3
DOI:10.1016/j.rser.2019.05.014,DOI:10.1038/s41558-019-0490-0,4
DOI:10.1016/j.rser.2019.05.014,DOI:10.1016/j.jenvman.2015.11.043,4
DOI:10.1016/j.rser.2019.05.014,DOI:10.1007/s11027-010-9270-x,5
DOI:10.1016/j.rser.2019.05.014,DOI:10.1038/nclimate3012,3
DOI:10.1016/j.rser.2019.05.014,DOI:10.1080/19463138.2019.1583234,4
DOI:10.1080/01442872.2017.1339239,DOI:10.17645/pag.v5i2.928,3
DOI:10.1080/01442872.2017.1339239,"PETERS B.G., 2015, PURSUING HORIZONTAL MANAGEMENT: THE POLITICS OF PUBLIC SECTOR COORDINATION",3
DOI:10.1080/01442872.2017.1339239,DOI:10.1038/s41558-019-0490-0,3
DOI:10.1080/01442872.2017.1339239,DOI:10.1080/1523908x.2012.707406,3
DOI:10.1111/ropr.12289,DOI:10.1111/ropr.12309,3
DOI:10.1111/ropr.12289,DOI:10.1016/j.envsci.2017.12.010,3
DOI:10.1111/ropr.12289,DOI:10.2166/wcc.2014.119,3
DOI:10.1111/ropr.12289,DOI:10.1080/14693062.2014.859501,3
DOI:10.1111/ropr.12289,DOI:10.1080/1523908x.2012.707406,4
DOI:10.1111/ropr.12289,DOI:10.1111/ropr.12316,3
DOI:10.1111/ropr.12309,DOI:10.1007/s10584-019-02533-3,3
DOI:10.1111/ropr.12309,DOI:10.1111/ropr.12316,3
DOI:10.1111/ropr.12309,DOI:10.1080/1523908x.2012.707406,3
DOI:10.3390/su12135393,DOI:10.1016/j.jclepro.2018.03.220,3
DOI:10.3390/su12135393,DOI:10.1038/nclimate3012,3
DOI:10.1016/j.biocon.2008.10.006,DOI:10.1111/j.1523-1739.2009.01264.x,6
DOI:10.1016/j.biocon.2008.10.006,DOI:10.1126/science.1200303,4
DOI:10.1016/j.biocon.2008.10.006,DOI:10.1007/s10531-010-9954-2,3
DOI:10.1016/j.biocon.2008.10.006,DOI:10.1038/nature02121,3
DOI:10.1016/j.biocon.2008.10.006,DOI:10.1126/sciadv.aay9969,3
DOI:10.1016/j.biocon.2008.10.006,DOI:10.1111/j.1461-0248.2011.01610.x,3
DOI:10.1111/j.1523-1739.2009.01264.x,DOI:10.1126/science.1200303,3
DOI:10.1126/science.1152339,"SKINNER M.W., 2004, MITIG ADAPT STRAT GL, V7, P85",3
DOI:10.1126/science.1152339,DOI:10.1016/j.gloenvcha.2009.01.002,5
DOI:10.1126/science.1152339,"HASSAN R, 2008, AFR J AGRIC RESOUR E, V2, P83",3
"LOBELL DB, 2011, SCIENCE, V333, P616, DOI [10.1126/SCIENCE.1204531, 10.1126/SCIENCE.1206376]",DOI:10.1073/pnas.0906865106,3
"SMIT B, 2001, CLIMATE CHANGE 2001: IMPACTS, ADAPTATION, AND VULNERABILITY, P877",DOI:10.1016/j.gloenvcha.2009.11.004,3
"SMIT B, 2001, CLIMATE CHANGE 2001: IMPACTS, ADAPTATION, AND VULNERABILITY, P877",DOI:10.1007/s10584-018-2312-1,3
"SMIT B, 2001, CLIMATE CHANGE 2001: IMPACTS, ADAPTATION, AND VULNERABILITY, P877",DOI:10.1016/j.worlddev.2020.105383,3
"SMIT B, 2001, CLIMATE CHANGE 2001: IMPACTS, ADAPTATION, AND VULNERABILITY, P877",DOI:10.1080/17565529.2019.1700774,3
"SMIT B, 2001, CLIMATE CHANGE 2001: IMPACTS, ADAPTATION, AND VULNERABILITY, P877",DOI:10.1007/s11625-007-0032-y,3
"SMIT B, 2001, CLIMATE CHANGE 2001: IMPACTS, ADAPTATION, AND VULNERABILITY, P877","SUTER G, 2022, INTEGR ENVIRON ASSES, V18, P1117",3
"ADGER WN, 2013, NAT CLIM CHANGE, V3, P330, DOI [10.1038/NCLIMATE1751, 10.1038/NCLIMATE1751]",DOI:10.1016/j.gloenvcha.2013.07.022,3
"ADGER WN, 2013, NAT CLIM CHANGE, V3, P330, DOI [10.1038/NCLIMATE1751, 10.1038/NCLIMATE1751]",DOI:10.1080/1523908x.2012.707407,3
"BECK S, 2009, PEER CLIMATE CHANGE INITIATIVE-PROJECT 2. UFZ-BERICHT 1/2009","[ANONYMOUS], 2009, 1 PEER",4
"BECK S, 2009, PEER CLIMATE CHANGE INITIATIVE-PROJECT 2. UFZ-BERICHT 1/2009",DOI:10.1016/j.gloenvcha.2010.03.005,3
DOI:10.1007/s10113-013-0421-y,DOI:10.1016/j.gloenvcha.2009.11.009,8
DOI:10.1007/s10113-013-0421-y,DOI:10.1016/j.gloenvcha.2010.09.012,7
DOI:10.1007/s10113-013-0421-y,DOI:10.1016/j.gloenvcha.2012.07.005,4
DOI:10.1007/s10113-013-0421-y,DOI:10.1016/j.gloenvcha.2013.07.022,8
DOI:10.1007/s10113-013-0421-y,DOI:10.1080/1354983042000219379,3
DOI:10.1007/s10113-013-0421-y,DOI:10.1007/s10584-019-02533-3,4
DOI:10.1007/s10113-013-0421-y,DOI:10.1007/s11027-010-9270-x,3
DOI:10.1007/s10113-013-0421-y,DOI:10.1007/s11027-014-9627-7,3
DOI:10.1007/s10113-013-0421-y,DOI:10.1016/j.cosust.2014.10.011,3
DOI:10.1007/s10113-013-0421-y,DOI:10.1016/j.envsci.2011.01.001,3
DOI:10.1007/s10113-013-0421-y,DOI:10.1016/j.gloenvcha.2015.09.014,6
DOI:10.1007/s10113-013-0421-y,DOI:10.1023/a:1005661622966,3
DOI:10.1007/s10113-013-0421-y,DOI:10.1038/nclimate3012,5
DOI:10.1007/s10113-013-0421-y,DOI:10.1038/s41558-019-0490-0,4
DOI:10.1007/s10113-013-0421-y,DOI:10.1080/01944363.2015.1074526,3
DOI:10.1007/s10113-013-0421-y,DOI:10.1080/14693062.2016.1248889,4
DOI:10.1007/s10113-013-0421-y,DOI:10.1111/ropr.12103,3
DOI:10.1007/s10113-013-0421-y,DOI:10.1016/j.gloenvcha.2010.03.005,7
DOI:10.1007/s10113-013-0421-y,DOI:10.1080/14693062.2011.579258,3
DOI:10.1007/s10113-013-0421-y,DOI:10.1579/0044-7447(2006)35[50:qccciv]2.0.co;2,3
DOI:10.1007/s10113-013-0421-y,DOI:10.1002/wcc.335,5
DOI:10.1007/s10113-013-0421-y,DOI:10.1016/j.geoforum.2017.05.011,5
DOI:10.1007/s10113-013-0421-y,DOI:10.1080/14693062.2007.9685639,5
DOI:10.1007/s10113-013-0421-y,DOI:10.5751/es-05732-180340,3
DOI:10.1007/s10113-013-0421-y,DOI:10.1016/j.envsci.2017.09.007,5
DOI:10.1007/s10113-013-0421-y,DOI:10.1016/j.envsci.2017.12.010,3
DOI:10.1007/s10113-013-0421-y,DOI:10.1016/j.envsci.2017.05.013,3
DOI:10.1007/s10113-013-0421-y,DOI:10.1080/17565529.2014.886995,4
DOI:10.1007/s10113-013-0421-y,DOI:10.1111/1477-8947.12013,4
DOI:10.1007/s10113-013-0421-y,DOI:10.1007/s10584-014-1078-3,4
DOI:10.1007/s10113-013-0421-y,DOI:10.1016/j.gloenvcha.2014.01.003,3
DOI:10.1007/s10113-013-0421-y,"LESNIKOWSKI A, 2016, NAT CLIM CHANGE, V6, P261, DOI [10.1038/NCLIMATE2863, 10.1038/NCLIMATE2863]",4
DOI:10.1007/s10113-013-0421-y,"ADGER WN, 2007, AR4 CLIMATE CHANGE 2007: IMPACTS, ADAPTATION, AND VULNERABILITY, P717",5
DOI:10.1007/s10113-013-0421-y,DOI:10.1007/s10113-014-0648-2,4
DOI:10.1007/s10113-013-0421-y,DOI:10.1016/j.geoforum.2013.10.006,3
DOI:10.1007/s10113-013-0421-y,DOI:10.1016/j.habitatint.2013.05.003,3
DOI:10.1007/s10113-013-0421-y,DOI:10.1038/nclimate2350,12
DOI:10.1007/s10113-013-0421-y,"KLEIN RJT, 2014, CLIMATE CHANGE 2014: IMPACTS, ADAPTATION, AND VULNERABILITY, PT A: GLOBAL AND SECTORAL ASPECTS, P899",3
DOI:10.1007/s10113-013-0421-y,DOI:10.1080/09640560903399772,3
DOI:10.1007/s10113-013-0421-y,DOI:10.1007/s11625-007-0032-y,4
DOI:10.1007/s10113-013-0421-y,DOI:10.1016/j.enpol.2009.06.070,3
DOI:10.1007/s10113-013-0421-y,DOI:10.1038/nclimate2615,3
DOI:10.1007/s10113-013-0421-y,DOI:10.1016/j.gloenvcha.2013.04.008,3
DOI:10.1007/s10113-013-0421-y,DOI:10.1016/j.gloenvcha.2017.04.005,3
DOI:10.1007/s10113-013-0421-y,DOI:10.1016/j.gloenvcha.2009.01.002,4
DOI:10.1007/s10113-013-0421-y,DOI:10.1098/rsta.2010.0277,3
DOI:10.1007/s10113-013-0421-y,DOI:10.1080/09640568.2018.1557609,3
DOI:10.1007/s10113-013-0421-y,DOI:10.1073/pnas.1115521109,3
DOI:10.1007/s10113-013-0421-y,DOI:10.1007/s11027-013-9480-0,3
DOI:10.1007/s10113-013-0421-y,DOI:10.1016/j.gloenvcha.2005.01.002,3
DOI:10.1007/s10113-013-0421-y,DOI:10.1007/s10584-006-9060-3,3
DOI:10.1007/s10584-006-9089-3,DOI:10.1016/j.gloenvcha.2010.09.012,3
DOI:10.1007/s10584-006-9089-3,DOI:10.1146/annurev.energy.32.051807.090348,3
DOI:10.1007/s10584-006-9089-3,"HUITEMA D, 2009, ECOL SOC, V14",3
DOI:10.1007/s10584-006-9089-3,DOI:10.1038/461472a,3
DOI:10.1007/s10584-006-9089-3,DOI:10.1016/j.gloenvcha.2010.03.005,3
DOI:10.1016/j.envsci.2005.06.012,DOI:10.1016/j.gloenvcha.2010.09.012,3
DOI:10.1016/j.futures.2013.02.008,DOI:10.1016/j.gloenvcha.2010.09.012,3
DOI:10.1016/j.gloenvcha.2009.11.009,DOI:10.1016/j.gloenvcha.2010.09.012,8
DOI:10.1016/j.gloenvcha.2009.11.009,DOI:10.1016/j.gloenvcha.2012.07.005,5
DOI:10.1016/j.gloenvcha.2009.11.009,DOI:10.1016/j.gloenvcha.2013.07.022,4
DOI:10.1016/j.gloenvcha.2009.11.009,DOI:10.1017/cbo9780511596667.002,3
DOI:10.1016/j.gloenvcha.2009.11.009,DOI:10.1080/00420980600936491,3
DOI:10.1016/j.gloenvcha.2009.11.009,DOI:10.1080/13549830600853635,3
DOI:10.1016/j.gloenvcha.2009.11.009,DOI:10.1007/s10113-012-0348-8,5
DOI:10.1016/j.gloenvcha.2009.11.009,DOI:10.1017/cbo9780511806414],3
DOI:10.1016/j.gloenvcha.2009.11.009,DOI:10.1007/s11625-007-0032-y,4
DOI:10.1016/j.gloenvcha.2009.11.009,DOI:10.1016/j.enpol.2009.06.070,6
DOI:10.1016/j.gloenvcha.2009.11.009,DOI:10.1016/j.envsci.2011.12.011,3
DOI:10.1016/j.gloenvcha.2009.11.009,DOI:10.1016/j.cosust.2010.12.009,3
DOI:10.1016/j.gloenvcha.2009.11.009,DOI:10.1016/j.gloenvcha.2010.03.005,4
DOI:10.1016/j.gloenvcha.2009.11.009,DOI:10.1080/13549830701656960,3
DOI:10.1016/j.gloenvcha.2009.11.009,"[ANONYMOUS], 2009, 1 PEER",3
DOI:10.1016/j.gloenvcha.2009.11.009,DOI:10.1007/s10584-019-02484-9,3
DOI:10.1016/j.gloenvcha.2009.11.009,DOI:10.1016/j.envsci.2017.11.003,3
DOI:10.1016/j.gloenvcha.2009.11.009,DOI:10.1016/j.envsci.2018.05.017,3
DOI:10.1016/j.gloenvcha.2009.11.009,DOI:10.1016/j.habitatint.2013.05.003,5
DOI:10.1016/j.gloenvcha.2009.11.009,DOI:10.1016/j.jclepro.2018.03.220,3
DOI:10.1016/j.gloenvcha.2009.11.009,DOI:10.1080/13549839.2013.839643,3
DOI:10.1016/j.gloenvcha.2009.11.009,DOI:10.1080/1523908x.2019.1673154,3
DOI:10.1016/j.gloenvcha.2009.11.009,"PRESSMAN JEFFREYLEONARD., 1984, IMPLEMENTATION",3
DOI:10.1016/j.gloenvcha.2009.11.009,DOI:10.1111/j.1541-0072.2010.00394.x,3
DOI:10.1016/j.gloenvcha.2009.11.009,DOI:10.1016/j.gloenvcha.2004.10.003,3
DOI:10.1016/j.gloenvcha.2009.11.009,DOI:10.1080/13549839.2012.678313,3
DOI:10.1016/j.gloenvcha.2009.11.009,DOI:10.1080/14693062.2007.9685639,4
DOI:10.1016/j.gloenvcha.2009.11.009,DOI:10.1080/01944363.2014.949590,4
DOI:10.1016/j.gloenvcha.2009.11.009,DOI:10.1177/1070496514525406,4
DOI:10.1016/j.gloenvcha.2009.11.009,DOI:10.1038/nclimate2350,6
DOI:10.1016/j.gloenvcha.2009.11.009,DOI:10.1007/s10584-009-9623-1,3
DOI:10.1016/j.gloenvcha.2009.11.009,DOI:10.1007/s11027-010-9270-x,3
DOI:10.1016/j.gloenvcha.2009.11.009,"SUTER G, 2022, INTEGR ENVIRON ASSES, V18, P1117",3
DOI:10.1016/j.gloenvcha.2009.11.009,DOI:10.1016/j.gloenvcha.2007.01.004,3
DOI:10.1016/j.gloenvcha.2009.11.009,DOI:10.1007/s11027-013-9480-0,3
DOI:10.1016/j.gloenvcha.2010.07.004,DOI:10.1016/j.gloenvcha.2012.07.005,3
DOI:10.1016/j.gloenvcha.2010.07.004,DOI:10.1016/j.gloenvcha.2009.05.002,3
DOI:10.1016/j.gloenvcha.2010.07.004,DOI:10.5751/es-01396-1001r02,3
DOI:10.1016/j.gloenvcha.2010.07.004,"ADGER WN, 2003, ECON GEOGR, V79, P387",3
DOI:10.1016/j.gloenvcha.2010.07.004,DOI:10.2307/1952530,3
DOI:10.1016/j.gloenvcha.2010.07.004,DOI:10.1007/s11027-010-9270-x,3
DOI:10.1016/j.gloenvcha.2010.09.012,DOI:10.1016/j.gloenvcha.2012.07.005,5
DOI:10.1016/j.gloenvcha.2010.09.012,DOI:10.1080/13549830600853635,3
DOI:10.1016/j.gloenvcha.2010.09.012,"ADGER WN, 2007, AR4 CLIMATE CHANGE 2007: IMPACTS, ADAPTATION, AND VULNERABILITY, P717",4
DOI:10.1016/j.gloenvcha.2010.09.012,"BIZIKOVA L., 2008, CANADIAN COMMUNITIES, VFIRST",4
DOI:10.1016/j.gloenvcha.2010.09.012,DOI:10.1007/s10584-012-0653-8,4
DOI:10.1016/j.gloenvcha.2010.09.012,DOI:10.1007/s11027-010-9270-x,13
DOI:10.1016/j.gloenvcha.2010.09.012,DOI:10.1007/s11625-007-0032-y,14
DOI:10.1016/j.gloenvcha.2010.09.012,DOI:10.1016/j.enpol.2009.06.070,5
DOI:10.1016/j.gloenvcha.2010.09.012,DOI:10.1016/j.envsci.2011.12.011,4
DOI:10.1016/j.gloenvcha.2010.09.012,DOI:10.1080/09640560903399772,6
DOI:10.1016/j.gloenvcha.2010.09.012,DOI:10.1080/14693062.2007.9685657,4
DOI:10.1016/j.gloenvcha.2010.09.012,DOI:10.1080/1523908x.2010.505414,6
DOI:10.1016/j.gloenvcha.2010.09.012,"RODENHUIS D.R., 2009, HYDROCLIMATOLOGY FUT",3
DOI:10.1016/j.gloenvcha.2010.09.012,"[ANONYMOUS], CHANG CLIM CHANG COM",3
DOI:10.1016/j.gloenvcha.2010.09.012,DOI:10.1007/978-94-007-0567-8_1,4
DOI:10.1016/j.gloenvcha.2010.09.012,DOI:10.1007/s10113-012-0348-8,3
DOI:10.1016/j.gloenvcha.2010.09.012,DOI:10.1080/09640568.2013.776951,3
DOI:10.1016/j.gloenvcha.2010.09.012,DOI:10.1016/j.ocecoaman.2010.10.008,4
DOI:10.1016/j.gloenvcha.2010.09.012,DOI:10.1017/s0143814x10000152,3
DOI:10.1016/j.gloenvcha.2010.09.012,DOI:10.1073/pnas.1115521109,7
DOI:10.1016/j.gloenvcha.2010.09.012,DOI:10.1080/14693062.2007.9685639,4
DOI:10.1016/j.gloenvcha.2010.09.012,"LAZARUS RJ, 2009, CORNELL LAW REV, V94, P1153",3
DOI:10.1016/j.gloenvcha.2010.09.012,"[ANONYMOUS], REGIONAL ENV CHANGE",3
DOI:10.1016/j.gloenvcha.2010.09.012,DOI:10.1016/j.gloenvcha.2012.12.006,4
DOI:10.1016/j.gloenvcha.2010.09.012,DOI:10.1023/a:1005661622966,4
DOI:10.1016/j.gloenvcha.2010.09.012,DOI:10.1080/01944360802377973,4
DOI:10.1016/j.gloenvcha.2010.09.012,"ADGER WN, 2003, ECON GEOGR, V79, P387",3
DOI:10.1016/j.gloenvcha.2010.09.012,DOI:10.1007/s10113-013-0442-6,3
DOI:10.1016/j.gloenvcha.2010.09.012,DOI:10.5751/es-05732-180340,3
DOI:10.1016/j.gloenvcha.2010.09.012,DOI:10.1080/01944363.2010.508428,4
DOI:10.1016/j.gloenvcha.2010.09.012,DOI:10.1098/rsta.2010.0277,3
DOI:10.1016/j.gloenvcha.2010.09.012,DOI:10.5751/es-05187-170420,3
DOI:10.1016/j.gloenvcha.2010.09.012,DOI:10.1038/nclimate3012,4
DOI:10.1016/j.gloenvcha.2010.09.012,"BERKHOUT F, 2005, CLIM POLICY, V5, P377",3
DOI:10.1016/j.gloenvcha.2010.09.012,DOI:10.1016/j.gloenvcha.2010.03.005,7
DOI:10.1016/j.gloenvcha.2010.09.012,"BERKE P, 2013, CITYSCAPE, V15, P181",3
DOI:10.1016/j.gloenvcha.2010.09.012,DOI:10.1080/01944363.2014.949590,5
DOI:10.1016/j.gloenvcha.2010.09.012,DOI:10.1080/01944363.2015.1074526,4
DOI:10.1016/j.gloenvcha.2010.09.012,DOI:10.1038/nclimate2350,3
DOI:10.1016/j.gloenvcha.2010.09.012,DOI:10.1038/445597a,5
DOI:10.1016/j.gloenvcha.2010.09.012,DOI:10.1016/j.gloenvcha.2013.04.008,3
DOI:10.1016/j.gloenvcha.2010.09.012,DOI:10.1016/j.gloenvcha.2009.11.004,3
DOI:10.1016/j.gloenvcha.2010.09.012,DOI:10.1002/wcc.41,3
DOI:10.1016/j.gloenvcha.2010.09.012,DOI:10.1007/s10584-006-9059-9,4
DOI:10.1016/j.gloenvcha.2010.09.012,DOI:10.3233/cl-2011-033,3
DOI:10.1016/j.gloenvcha.2010.09.012,DOI:10.1016/j.gloenvcha.2011.09.010,3
DOI:10.1016/j.gloenvcha.2012.07.005,DOI:10.1016/j.gloenvcha.2013.07.022,6
DOI:10.1016/j.gloenvcha.2012.07.005,DOI:10.1007/s10584-019-02484-9,5
DOI:10.1016/j.gloenvcha.2012.07.005,DOI:10.1016/j.envsci.2017.11.003,3
DOI:10.1016/j.gloenvcha.2012.07.005,DOI:10.1016/j.envsci.2018.05.017,3
DOI:10.1016/j.gloenvcha.2012.07.005,DOI:10.1016/j.habitatint.2013.05.003,4
DOI:10.1016/j.gloenvcha.2012.07.005,DOI:10.1016/j.jclepro.2018.03.220,3
DOI:10.1016/j.gloenvcha.2012.07.005,DOI:10.1080/13549839.2013.839643,3
DOI:10.1016/j.gloenvcha.2012.07.005,DOI:10.1080/1523908x.2019.1673154,3
DOI:10.1016/j.gloenvcha.2012.07.005,DOI:10.1111/1477-8947.12262,3
DOI:10.1016/j.gloenvcha.2012.07.005,"LESNIKOWSKI A, 2016, NAT CLIM CHANGE, V6, P261, DOI [10.1038/NCLIMATE2863, 10.1038/NCLIMATE2863]",3
DOI:10.1016/j.gloenvcha.2012.07.005,DOI:10.1016/j.uclim.2018.03.004,3
DOI:10.1016/j.gloenvcha.2012.07.005,DOI:10.1080/01944363.2014.949590,3
DOI:10.1016/j.gloenvcha.2012.07.005,DOI:10.1177/1070496514525406,3
DOI:10.1016/j.gloenvcha.2012.07.005,DOI:10.1016/j.jenvman.2015.11.043,4
DOI:10.1016/j.gloenvcha.2012.07.005,DOI:10.1080/14693062.2016.1248889,3
DOI:10.1016/j.gloenvcha.2012.07.005,DOI:10.1111/j.0020-8833.2004.00310.x,3
DOI:10.1016/j.gloenvcha.2012.07.005,DOI:10.1007/s10584-013-0846-9,3
DOI:10.1016/j.gloenvcha.2012.07.005,DOI:10.1007/s11027-010-9270-x,6
DOI:10.1016/j.gloenvcha.2012.07.005,DOI:10.1007/s11027-014-9627-7,3
DOI:10.1016/j.gloenvcha.2012.07.005,DOI:10.1016/j.gloenvcha.2014.01.003,5
DOI:10.1016/j.gloenvcha.2012.07.005,DOI:10.1038/nclimate2744,3
DOI:10.1016/j.gloenvcha.2012.07.005,DOI:10.5751/es-05732-180340,3
DOI:10.1016/j.gloenvcha.2012.07.005,DOI:10.1038/nclimate3012,4
DOI:10.1016/j.gloenvcha.2012.07.005,DOI:10.1080/01944363.2015.1074526,4
DOI:10.1016/j.gloenvcha.2012.07.005,DOI:10.1016/j.cosust.2010.12.015,3
DOI:10.1016/j.gloenvcha.2012.07.005,DOI:10.1016/j.gloenvcha.2010.03.005,3
DOI:10.1016/j.gloenvcha.2013.07.022,DOI:10.1080/00420980600936491,3
DOI:10.1016/j.gloenvcha.2013.07.022,DOI:10.1007/s10584-019-02533-3,4
DOI:10.1016/j.gloenvcha.2013.07.022,DOI:10.1007/s10584-021-03142-9,3
DOI:10.1016/j.gloenvcha.2013.07.022,DOI:10.1007/s11027-010-9270-x,4
DOI:10.1016/j.gloenvcha.2013.07.022,DOI:10.1007/s11027-014-9627-7,7
DOI:10.1016/j.gloenvcha.2013.07.022,DOI:10.1016/j.cosust.2014.10.011,3
DOI:10.1016/j.gloenvcha.2013.07.022,DOI:10.1016/j.envsci.2011.01.001,4
DOI:10.1016/j.gloenvcha.2013.07.022,DOI:10.1038/nclimate3012,6
DOI:10.1016/j.gloenvcha.2013.07.022,DOI:10.1038/s41558-019-0490-0,4
DOI:10.1016/j.gloenvcha.2013.07.022,DOI:10.1080/01944363.2015.1074526,3
DOI:10.1016/j.gloenvcha.2013.07.022,DOI:10.1080/09644016.2014.923614,4
DOI:10.1016/j.gloenvcha.2013.07.022,DOI:10.1080/14693062.2016.1248889,5
DOI:10.1016/j.gloenvcha.2013.07.022,DOI:10.1111/ropr.12103,4
DOI:10.1016/j.gloenvcha.2013.07.022,DOI:10.1111/ropr.12173,4
DOI:10.1016/j.gloenvcha.2013.07.022,DOI:10.3390/cli4010007,4
DOI:10.1016/j.gloenvcha.2013.07.022,"NOBLE IR, 2014, CLIMATE CHANGE 2014: IMPACTS, ADAPTATION, AND VULNERABILITY, PT A: GLOBAL AND SECTORAL ASPECTS, P833",4
DOI:10.1016/j.gloenvcha.2013.07.022,DOI:10.1007/s11625-007-0032-y,4
DOI:10.1016/j.gloenvcha.2013.07.022,DOI:10.1016/j.gloenvcha.2010.03.005,9
DOI:10.1016/j.gloenvcha.2013.07.022,DOI:10.1007/s11027-013-9491-x,3
DOI:10.1016/j.gloenvcha.2013.07.022,DOI:10.1080/14693062.2007.9685639,4
DOI:10.1016/j.gloenvcha.2013.07.022,DOI:10.1007/s10584-013-0846-9,4
DOI:10.1016/j.gloenvcha.2013.07.022,DOI:10.1016/j.gloenvcha.2014.01.003,9
DOI:10.1016/j.gloenvcha.2013.07.022,DOI:10.1016/j.jclepro.2018.03.220,3
DOI:10.1016/j.gloenvcha.2013.07.022,DOI:10.1016/j.jenvman.2015.11.043,3
DOI:10.1016/j.gloenvcha.2013.07.022,DOI:10.1016/s1449-4035(07)70118-2],3
DOI:10.1016/j.gloenvcha.2013.07.022,DOI:10.1088/1748-9326/6/4/044009,3
DOI:10.1016/j.gloenvcha.2013.07.022,DOI:10.1111/psj.12095,4
DOI:10.1016/j.gloenvcha.2013.07.022,DOI:10.1126/science.aaf5002,4
DOI:10.1016/j.gloenvcha.2013.07.022,"LESNIKOWSKI A, 2016, NAT CLIM CHANGE, V6, P261, DOI [10.1038/NCLIMATE2863, 10.1038/NCLIMATE2863]",6
DOI:10.1016/j.gloenvcha.2013.07.022,DOI:10.1038/nclimate2744,5
DOI:10.1016/j.gloenvcha.2013.07.022,DOI:10.5751/es-05732-180340,3
DOI:10.1016/j.gloenvcha.2013.07.022,"HALLEGATTE S, 2013, NAT CLIM CHANGE, V3, P802, DOI [10.1038/NCLIMATE1979, 10.1038/NCLIMATE1979]",3
DOI:10.1016/j.gloenvcha.2013.07.022,DOI:10.1007/s10584-014-1078-3,4
DOI:10.1016/j.gloenvcha.2013.07.022,DOI:10.1016/j.envsci.2012.10.010,3
DOI:10.1016/j.gloenvcha.2013.07.022,DOI:10.1080/09640568.2016.1168288,3
DOI:10.1016/j.gloenvcha.2013.07.022,DOI:10.1038/nclimate2615,3
DOI:10.1016/j.gloenvcha.2013.07.022,DOI:10.1111/ropr.12316,3
DOI:10.1016/j.gloenvcha.2013.07.022,DOI:10.1007/s11077-009-9079-1,4
DOI:10.1016/j.gloenvcha.2013.07.022,DOI:10.1017/9781009157926.005],3
DOI:10.1016/j.gloenvcha.2013.07.022,DOI:10.1177/0042098014544759,3
DOI:10.1017/cbo9780511596667.002,DOI:10.1007/bf01405730,3
DOI:10.1017/cbo9780511596667.002,DOI:10.1080/14693062.2007.9685639,3
DOI:10.1080/13549830600853635,DOI:10.4324/9780203846537,4
DOI:10.1080/13549830600853635,"ECCLES D., 2011, STATUTORY PLANNING V",3
DOI:10.1080/13549830600853635,DOI:10.1016/j.habitatint.2008.10.001,3
DOI:10.1080/13549830600853635,DOI:10.1007/s11625-007-0032-y,3
DOI:10.1007/s10784-019-09441-y,DOI:10.1038/s41558-019-0490-0,3
DOI:10.1016/j.worlddev.2020.105383,DOI:10.1016/j.gloenvcha.2015.09.014,3
DOI:10.1016/j.worlddev.2020.105383,DOI:10.1016/j.cosust.2021.02.009,3
DOI:10.1016/j.worlddev.2020.105383,DOI:10.1080/17565529.2019.1700774,3
DOI:10.1016/j.worlddev.2020.105383,DOI:10.1007/s10584-020-02705-6,3
DOI:10.1080/1523908x.2012.707406,DOI:10.1007/s10113-014-0655-3,4
DOI:10.1080/1523908x.2012.707406,DOI:10.1016/j.gloenvcha.2010.03.005,12
DOI:10.1080/1523908x.2012.707406,DOI:10.5751/es-05732-180340,5
DOI:10.1080/1523908x.2012.707406,DOI:10.1016/j.envsci.2017.09.007,3
DOI:10.1080/1523908x.2012.707406,DOI:10.1016/j.envsci.2017.12.010,4
DOI:10.1080/1523908x.2012.707406,DOI:10.1016/j.envsci.2018.01.007,3
DOI:10.1080/1523908x.2012.707406,DOI:10.1016/j.geoforum.2013.10.006,3
DOI:10.1080/1523908x.2012.707406,DOI:10.1080/14693062.2014.1003775,3
DOI:10.1080/1523908x.2012.707406,DOI:10.1080/09644016.2020.1814045,3
DOI:10.1080/1523908x.2012.707406,DOI:10.1088/1748-9326/ab8fd1,3
DOI:10.1080/1523908x.2012.707406,"[ANONYMOUS], 2013, THE EU STRATEGY ON ADAPTATION TO CLIMATE CHANGE (ACTION 6)",3
DOI:10.1080/1523908x.2012.707406,DOI:10.1080/14693062.2014.859501,3
DOI:10.1080/1523908x.2012.707406,DOI:10.1016/j.gloenvcha.2014.01.003,3
DOI:10.1080/1523908x.2012.707406,DOI:10.1007/s11027-010-9270-x,4
DOI:10.1080/1523908x.2012.707406,DOI:10.1038/nclimate2350,3
DOI:10.1080/1523908x.2012.707406,DOI:10.1787/5k483jpfpsq1-en,3
DOI:10.1080/1523908x.2012.707406,"LESNIKOWSKI A, 2016, NAT CLIM CHANGE, V6, P261, DOI [10.1038/NCLIMATE2863, 10.1038/NCLIMATE2863]",4
DOI:10.1080/1523908x.2012.707406,DOI:10.1038/s41558-019-0490-0,5
DOI:10.1080/1523908x.2012.707406,DOI:10.1007/s10584-014-1078-3,3
DOI:10.1080/1523908x.2012.707406,DOI:10.1080/14693062.2016.1248889,3
DOI:10.1080/1523908x.2012.707406,DOI:10.1038/nclimate2744,4
DOI:10.1080/1523908x.2012.707406,DOI:10.1111/ropr.12316,3
"ADGER WN, 2003, ECON GEOGR, V79, P387",DOI:10.1016/j.gloenvcha.2011.09.010,3
"ADGER WN, 2003, ECON GEOGR, V79, P387","ADGER WN, 2007, AR4 CLIMATE CHANGE 2007: IMPACTS, ADAPTATION, AND VULNERABILITY, P717",3
"ADGER WN, 2003, ECON GEOGR, V79, P387",DOI:10.1016/j.gloenvcha.2007.05.002,4
"ADGER WN, 2003, ECON GEOGR, V79, P387",DOI:10.1007/s11027-010-9270-x,4
"ADGER WN, 2003, ECON GEOGR, V79, P387",DOI:10.1146/annurev.energy.32.051807.090348,5
"ADGER WN, 2003, ECON GEOGR, V79, P387",DOI:10.1002/wcc.30,3
"ADGER WN, 2003, ECON GEOGR, V79, P387",DOI:10.1016/j.gloenvcha.2011.11.012,3
DOI:10.1002/wcc.64,DOI:10.1007/s10584-012-0444-2,3
DOI:10.1002/wcc.64,DOI:10.1016/j.gloenvcha.2012.12.006,6
DOI:10.1002/wcc.64,DOI:10.1073/pnas.1115521109,3
DOI:10.1002/wcc.64,DOI:10.3390/su5030955,3
DOI:10.1002/wcc.64,"LAZARUS RJ, 2009, CORNELL LAW REV, V94, P1153",3
DOI:10.1007/bf01405730,DOI:10.1007/s11625-007-0032-y,3
DOI:10.1007/bf01405730,DOI:10.1007/978-3-642-29831-8_3,3
DOI:10.1007/bf01405730,"LAZARUS RJ, 2009, CORNELL LAW REV, V94, P1153",3
DOI:10.1007/s10584-012-0444-2,DOI:10.1016/j.gloenvcha.2012.12.006,3
DOI:10.1016/j.gloenvcha.2011.09.010,DOI:10.1080/1523908x.2012.707407,4
DOI:10.1016/j.gloenvcha.2011.09.010,DOI:10.1007/s10584-009-9576-4,3
DOI:10.1016/j.gloenvcha.2011.09.010,DOI:10.1146/annurev.energy.32.051807.090348,4
DOI:10.1016/j.gloenvcha.2011.09.010,DOI:10.1016/j.gloenvcha.2010.03.005,3
DOI:10.1038/nclimate2350,DOI:10.1038/nclimate2615,4
DOI:10.1038/nclimate2350,"OSTROM E, 2005, UNDERSTANDING INSTITUTIONAL DIVERSITY, P1",3
DOI:10.1038/nclimate2350,DOI:10.1016/j.gloenvcha.2013.12.002,3
DOI:10.1038/nclimate2350,"LESNIKOWSKI A, 2016, NAT CLIM CHANGE, V6, P261, DOI [10.1038/NCLIMATE2863, 10.1038/NCLIMATE2863]",3
DOI:10.1038/nclimate2350,DOI:10.1007/s10584-019-02533-3,3
DOI:10.1038/nclimate2350,DOI:10.1007/s10584-021-03142-9,3
DOI:10.1038/nclimate2350,DOI:10.1007/s11027-014-9627-7,3
DOI:10.1038/nclimate2350,DOI:10.1016/j.cosust.2014.10.011,3
DOI:10.1038/nclimate2350,DOI:10.1016/j.gloenvcha.2010.03.005,5
DOI:10.1038/nclimate2350,DOI:10.1016/j.gloenvcha.2011.01.019,3
DOI:10.1038/nclimate2350,DOI:10.1016/j.jclepro.2018.03.220,3
DOI:10.1038/nclimate2350,DOI:10.1038/nclimate3012,4
DOI:10.1038/nclimate2350,DOI:10.1038/s41558-019-0490-0,3
DOI:10.1038/nclimate2350,DOI:10.1080/01944363.2015.1074526,3
DOI:10.1038/nclimate2350,"ADGER WN, 2007, AR4 CLIMATE CHANGE 2007: IMPACTS, ADAPTATION, AND VULNERABILITY, P717",6
DOI:10.1038/nclimate2350,DOI:10.1007/s10584-014-1138-8,4
DOI:10.1038/nclimate2350,DOI:10.1016/j.habitatint.2013.05.003,3
DOI:10.1038/nclimate2350,"KLEIN RJT, 2014, CLIMATE CHANGE 2014: IMPACTS, ADAPTATION, AND VULNERABILITY, PT A: GLOBAL AND SECTORAL ASPECTS, P899",5
DOI:10.1038/nclimate2350,DOI:10.1080/09640568.2012.756805,3
DOI:10.1038/nclimate2350,DOI:10.1073/pnas.1115521109,3
DOI:10.1038/nclimate2350,DOI:10.3233/cl-2011-033,4
DOI:10.1038/nclimate2350,"[ANONYMOUS], THESIS",3
DOI:10.1038/nclimate2350,DOI:10.1080/01944363.2014.949590,3
DOI:10.1038/nclimate2350,DOI:10.1016/j.gloenvcha.2005.01.002,3
DOI:10.1038/nclimate2350,DOI:10.1080/09640568.2018.1557609,3
DOI:10.1038/nclimate2350,DOI:10.1007/s11027-013-9480-0,6
DOI:10.1038/nclimate2350,DOI:10.1007/s10113-012-0348-8,3
DOI:10.1038/nclimate2615,DOI:10.5751/es-05685-180323,3
DOI:10.1146/annurev.polisci.11.060606.135342,DOI:10.1111/j.1467-8500.2004.00358.x,3
DOI:10.1002/wcc.30,DOI:10.1016/j.amepre.2008.08.018,3
DOI:10.1016/j.envsci.2019.07.001,DOI:10.1016/j.gloenvcha.2011.10.003,3
"ADGER WN, 2007, AR4 CLIMATE CHANGE 2007: IMPACTS, ADAPTATION, AND VULNERABILITY, P717",DOI:10.1007/s11625-007-0032-y,4
"ADGER WN, 2007, AR4 CLIMATE CHANGE 2007: IMPACTS, ADAPTATION, AND VULNERABILITY, P717",DOI:10.1007/s10113-012-0348-8,3
"ADGER WN, 2007, AR4 CLIMATE CHANGE 2007: IMPACTS, ADAPTATION, AND VULNERABILITY, P717",DOI:10.1146/annurev.energy.32.051807.090348,6
"ADGER WN, 2007, AR4 CLIMATE CHANGE 2007: IMPACTS, ADAPTATION, AND VULNERABILITY, P717","BARROS VR, 2014, CLIMATE CHANGE 2014: IMPACTS, ADAPTATION, AND VULNERABILITY, PT B: REGIONAL ASPECTS, P1133",3
"ADGER WN, 2007, AR4 CLIMATE CHANGE 2007: IMPACTS, ADAPTATION, AND VULNERABILITY, P717",DOI:10.1007/s10584-014-1138-8,3
"ADGER WN, 2007, AR4 CLIMATE CHANGE 2007: IMPACTS, ADAPTATION, AND VULNERABILITY, P717",DOI:10.1016/j.gloenvcha.2011.01.019,3
"ADGER WN, 2007, AR4 CLIMATE CHANGE 2007: IMPACTS, ADAPTATION, AND VULNERABILITY, P717",DOI:10.1023/a:1005627828199,3
"ADGER WN, 2007, AR4 CLIMATE CHANGE 2007: IMPACTS, ADAPTATION, AND VULNERABILITY, P717","WATSON RT, 2001, CLIMATE CHANGE 2001: IMPACTS, ADAPTATION, AND VULNERABILITY, PIX",3
"BIZIKOVA L., 2008, CANADIAN COMMUNITIES, VFIRST",DOI:10.1007/s10584-012-0653-8,3
"BIZIKOVA L., 2008, CANADIAN COMMUNITIES, VFIRST",DOI:10.1007/s11625-007-0032-y,3
"BIZIKOVA L., 2008, CANADIAN COMMUNITIES, VFIRST",DOI:10.1016/j.enpol.2009.06.070,3
"BIZIKOVA L., 2008, CANADIAN COMMUNITIES, VFIRST",DOI:10.1016/j.envsci.2011.12.011,3
"BIZIKOVA L., 2008, CANADIAN COMMUNITIES, VFIRST",DOI:10.1080/1523908x.2010.505414,3
"BIZIKOVA L., 2008, CANADIAN COMMUNITIES, VFIRST","RODENHUIS D.R., 2009, HYDROCLIMATOLOGY FUT",3
"BIZIKOVA L., 2008, CANADIAN COMMUNITIES, VFIRST","[ANONYMOUS], CHANG CLIM CHANG COM",3
DOI:10.1007/s10584-012-0653-8,DOI:10.1007/s11625-007-0032-y,3
DOI:10.1007/s10584-012-0653-8,DOI:10.1016/j.enpol.2009.06.070,4
DOI:10.1007/s10584-012-0653-8,DOI:10.1016/j.envsci.2011.12.011,3
DOI:10.1007/s10584-012-0653-8,DOI:10.1080/1523908x.2010.505414,3
DOI:10.1007/s10584-012-0653-8,"[ANONYMOUS], CHANG CLIM CHANG COM",3
DOI:10.1007/s10584-012-0653-8,DOI:10.1080/09640568.2013.776951,3
DOI:10.1007/s11027-010-9270-x,DOI:10.1007/s11625-007-0032-y,16
DOI:10.1007/s11027-010-9270-x,DOI:10.1080/09640560903399772,7
DOI:10.1007/s11027-010-9270-x,DOI:10.1080/14693062.2007.9685657,3
DOI:10.1007/s11027-010-9270-x,DOI:10.1016/j.gloenvcha.2007.05.002,3
DOI:10.1007/s11027-010-9270-x,DOI:10.1016/j.gloenvcha.2009.11.004,3
DOI:10.1007/s11027-010-9270-x,DOI:10.1023/a:1005661622966,7
DOI:10.1007/s11027-010-9270-x,DOI:10.1023/a:1009652531101,3
DOI:10.1007/s11027-010-9270-x,DOI:10.1080/13549839.2012.678313,3
DOI:10.1007/s11027-010-9270-x,DOI:10.1080/14693062.2007.9685639,4
DOI:10.1007/s11027-010-9270-x,DOI:10.1257/jep.23.2.29,3
DOI:10.1007/s11027-010-9270-x,DOI:10.3354/cr006193,3
DOI:10.1007/s11027-010-9270-x,"AYLETT ALEXANDER., 2014, PROGRESS AND CHALLENGES IN THE URBAN GOVERNANCE OF CLIMATE CHANGE: RESULTS OF A GLOBAL SURVEY",3
DOI:10.1007/s11027-010-9270-x,DOI:10.1016/j.gloenvcha.2012.12.006,5
DOI:10.1007/s11027-010-9270-x,DOI:10.1038/467909a,3
DOI:10.1007/s11027-010-9270-x,DOI:10.1080/01944363.2010.508428,4
DOI:10.1007/s11027-010-9270-x,DOI:10.1007/s11027-014-9627-7,4
DOI:10.1007/s11027-010-9270-x,DOI:10.1007/s11027-018-9794-z,3
DOI:10.1007/s11027-010-9270-x,DOI:10.1016/j.gloenvcha.2013.12.002,4
DOI:10.1007/s11027-010-9270-x,DOI:10.1038/nclimate3012,11
DOI:10.1007/s11027-010-9270-x,DOI:10.1038/s41558-019-0490-0,3
DOI:10.1007/s11027-010-9270-x,DOI:10.1080/01944363.2015.1074526,8
DOI:10.1007/s11027-010-9270-x,DOI:10.1080/14693062.2016.1248889,3
DOI:10.1007/s11027-010-9270-x,DOI:10.1111/j.1467-9388.2006.00501.x,3
DOI:10.1007/s11027-010-9270-x,DOI:10.1111/ropr.12103,3
DOI:10.1007/s11027-010-9270-x,DOI:10.3390/cli4010007,3
DOI:10.1007/s11027-010-9270-x,"NOBLE IR, 2014, CLIMATE CHANGE 2014: IMPACTS, ADAPTATION, AND VULNERABILITY, PT A: GLOBAL AND SECTORAL ASPECTS, P833",3
DOI:10.1007/s11027-010-9270-x,DOI:10.1007/s10584-011-0379-z,3
DOI:10.1007/s11027-010-9270-x,DOI:10.1177/0739456x14549752,3
DOI:10.1007/s11027-010-9270-x,DOI:10.1016/j.jclepro.2018.03.220,7
DOI:10.1007/s11027-010-9270-x,DOI:10.1080/01944363.2019.1652108,3
DOI:10.1007/s11027-010-9270-x,DOI:10.1177/0739456x18801057,3
DOI:10.1007/s11027-010-9270-x,DOI:10.1177/0885412208327014,3
DOI:10.1007/s11027-010-9270-x,"HALLEGATTE S, 2013, NAT CLIM CHANGE, V3, P802, DOI [10.1038/NCLIMATE1979, 10.1038/NCLIMATE1979]",3
DOI:10.1007/s11027-010-9270-x,DOI:10.1016/j.ocecoaman.2012.10.014,3
DOI:10.1007/s11027-010-9270-x,DOI:10.1038/445597a,3
DOI:10.1007/s11027-010-9270-x,DOI:10.1007/s10584-018-2312-1,3
DOI:10.1007/s11027-010-9270-x,DOI:10.1016/j.gloenvcha.2014.01.003,5
DOI:10.1007/s11027-010-9270-x,DOI:10.1080/09640568.2012.756805,3
DOI:10.1007/s11027-010-9270-x,DOI:10.1080/01944360802377973,7
DOI:10.1007/s11027-010-9270-x,DOI:10.1080/01944363.2010.509703,3
DOI:10.1007/s11027-010-9270-x,DOI:10.1038/s41558-019-0539-0,3
DOI:10.1007/s11027-010-9270-x,DOI:10.1146/annurev.energy.32.051807.090348,4
DOI:10.1007/s11027-010-9270-x,DOI:10.1088/1748-9326/ab5532,3
DOI:10.1007/s11027-010-9270-x,DOI:10.3233/cl-2011-033,3
DOI:10.1007/s11027-010-9270-x,"LESNIKOWSKI A, 2016, NAT CLIM CHANGE, V6, P261, DOI [10.1038/NCLIMATE2863, 10.1038/NCLIMATE2863]",3
DOI:10.1007/s11027-010-9270-x,DOI:10.1007/s10584-009-9576-4,4
DOI:10.1007/s11027-010-9270-x,DOI:10.1016/j.envsci.2014.10.004,3
DOI:10.1007/s11027-010-9270-x,"CARMIN JOANN., 2012, PROGRESS AND CHALLENGES IN URBAN CLIMATE ADAPTATION PLANNING: RESULTS OF A GLOBAL SURVEY",6
DOI:10.1007/s11027-010-9270-x,DOI:10.1016/j.ocecoaman.2010.10.008,3
DOI:10.1007/s11027-010-9270-x,DOI:10.1007/s10584-013-0846-9,3
DOI:10.1007/s11027-010-9270-x,"BERKE P, 2013, CITYSCAPE, V15, P181",3
DOI:10.1007/s11027-010-9270-x,"CRUCE T.L., 2009, ADAPTATION PLANNING - WHAT U.S. STATES AND LOCALITIES ARE DOING",3
DOI:10.1007/s11027-010-9270-x,DOI:10.1007/s11027-013-9491-x,4
DOI:10.1007/s11027-010-9270-x,DOI:10.1016/j.gloenvcha.2013.04.008,3
DOI:10.1007/s11027-010-9270-x,"BURBY R.J., 1997, MAKING GOVERNMENTS PLAN: STATE EXPERIMENTS IN MANAGING LAND USE",3
DOI:10.1007/s11027-010-9270-x,DOI:10.1177/0739456x13513614,3
DOI:10.1007/s11027-010-9270-x,DOI:10.1007/s11027-016-9725-9,4
DOI:10.1007/s11027-010-9270-x,DOI:10.1080/14649357.2012.677124,3
DOI:10.1007/s11027-010-9270-x,DOI:10.1016/j.gloenvcha.2010.03.005,9
DOI:10.1007/s11027-010-9270-x,DOI:10.1016/j.landurbplan.2020.103974,3
DOI:10.1007/s11027-010-9270-x,DOI:10.1080/19463138.2019.1583234,4
DOI:10.1007/s11027-010-9270-x,DOI:10.1016/j.cosust.2010.12.015,3
DOI:10.1007/s11027-010-9270-x,DOI:10.1016/j.jenvman.2015.11.043,3
DOI:10.1007/s11625-007-0032-y,DOI:10.1016/j.enpol.2009.06.070,3
DOI:10.1007/s11625-007-0032-y,DOI:10.1080/09640560903399772,4
DOI:10.1007/s11625-007-0032-y,DOI:10.1080/14693062.2007.9685657,3
DOI:10.1007/s11625-007-0032-y,DOI:10.1080/1523908x.2010.505414,6
DOI:10.1007/s11625-007-0032-y,"RODENHUIS D.R., 2009, HYDROCLIMATOLOGY FUT",3
DOI:10.1007/s11625-007-0032-y,DOI:10.1016/j.gloenvcha.2010.03.005,11
DOI:10.1007/s11625-007-0032-y,DOI:10.1017/9781009157926.005],3
DOI:10.1007/s11625-007-0032-y,DOI:10.1007/s10584-009-9576-4,4
DOI:10.1007/s11625-007-0032-y,DOI:10.1080/01944363.2010.508428,4
DOI:10.1007/s11625-007-0032-y,"[ANONYMOUS], 2009, 1 PEER",3
DOI:10.1007/s11625-007-0032-y,DOI:10.1023/a:1005661622966,3
DOI:10.1007/s11625-007-0032-y,DOI:10.1016/j.progress.2009.03.001,3
DOI:10.1007/s11625-007-0032-y,DOI:10.1038/nclimate3012,7
DOI:10.1007/s11625-007-0032-y,DOI:10.1080/01944363.2010.502047,3
DOI:10.1007/s11625-007-0032-y,DOI:10.1177/0739456x18801057,3
DOI:10.1007/s11625-007-0032-y,DOI:10.1177/0885412208327014,3
DOI:10.1007/s11625-007-0032-y,DOI:10.1007/s11027-013-9491-x,4
DOI:10.1007/s11625-007-0032-y,DOI:10.1080/14649357.2012.677124,4
DOI:10.1007/s11625-007-0032-y,DOI:10.1080/14693062.2007.9685639,5
DOI:10.1007/s11625-007-0032-y,DOI:10.1146/annurev.energy.32.051807.090348,5
DOI:10.1007/s11625-007-0032-y,DOI:10.1016/j.gloenvcha.2013.12.002,3
DOI:10.1007/s11625-007-0032-y,DOI:10.1080/01944360802377973,5
DOI:10.1007/s11625-007-0032-y,DOI:10.1080/01944363.2015.1074526,5
DOI:10.1007/s11625-007-0032-y,DOI:10.1177/0739456x16645166,3
DOI:10.1007/s11625-007-0032-y,"NOBLE IR, 2014, CLIMATE CHANGE 2014: IMPACTS, ADAPTATION, AND VULNERABILITY, PT A: GLOBAL AND SECTORAL ASPECTS, P833",3
DOI:10.1007/s11625-007-0032-y,DOI:10.1016/j.gloenvcha.2006.04.002,3
DOI:10.1007/s11625-007-0032-y,DOI:10.1080/14649350600681875,3
DOI:10.1007/s11625-007-0032-y,DOI:10.4324/9780203846537,4
DOI:10.1007/s11625-007-0032-y,DOI:10.1038/445597a,4
DOI:10.1007/s11625-007-0032-y,DOI:10.1177/0956247807076912,3
DOI:10.1007/s11625-007-0032-y,DOI:10.1016/j.envsci.2009.04.001,4
DOI:10.1007/s11625-007-0032-y,"CRUCE T.L., 2009, ADAPTATION PLANNING - WHAT U.S. STATES AND LOCALITIES ARE DOING",3
DOI:10.1007/s11625-007-0032-y,DOI:10.1080/13669870701552235,3
DOI:10.1007/s11625-007-0032-y,DOI:10.1073/pnas.1115521109,5
DOI:10.1007/s11625-007-0032-y,DOI:10.1080/13549839.2014.880412,3
DOI:10.1007/s11625-007-0032-y,"LEMOS MC, 2012, NAT CLIM CHANGE, V2, P789, DOI [10.1038/NCLIMATE1614, 10.1038/NCLIMATE1614]",3
DOI:10.1007/s11625-007-0032-y,DOI:10.1016/j.gloenvcha.2009.11.004,4
DOI:10.1007/s11625-007-0032-y,DOI:10.1073/pnas.0701890104,3
DOI:10.1007/s11625-007-0032-y,"SKINNER M.W., 2004, MITIG ADAPT STRAT GL, V7, P85",3
DOI:10.1007/s11625-007-0032-y,DOI:10.1080/13549839.2012.678317,4
DOI:10.1007/s11625-007-0032-y,DOI:10.1016/j.gloenvcha.2004.12.004,3
DOI:10.1007/s11625-007-0032-y,DOI:10.1007/s10584-006-9059-9,3
DOI:10.1007/s11625-007-0032-y,"GAGNON-LEBRUN F., 2006, PROGR ADAPTATION CLI",3
DOI:10.1007/s11625-007-0032-y,"MOSER S.C., 2009, IHDP UPDATE, P31",3
DOI:10.1007/s11625-007-0032-y,DOI:10.1016/j.gloenvcha.2010.08.002,3
DOI:10.1007/s11625-007-0032-y,DOI:10.1016/s1469-3062(02)00038-4,3
DOI:10.1007/s11625-007-0032-y,"SUTER G, 2022, INTEGR ENVIRON ASSES, V18, P1117",3
DOI:10.1016/j.enpol.2009.06.070,DOI:10.1016/j.envsci.2011.12.011,3
DOI:10.1016/j.enpol.2009.06.070,DOI:10.1080/1523908x.2010.505414,3
DOI:10.1016/j.enpol.2009.06.070,"[ANONYMOUS], CHANG CLIM CHANG COM",3
DOI:10.1016/j.enpol.2009.06.070,DOI:10.1080/09640568.2013.776951,3
DOI:10.1016/j.envsci.2011.12.011,DOI:10.3200/env.51.4.22-31,3
DOI:10.1016/j.envsci.2011.12.011,"[ANONYMOUS], CHANG CLIM CHANG COM",3
DOI:10.1080/09640560903399772,DOI:10.1080/01944363.2010.508428,3
DOI:10.1080/09640560903399772,DOI:10.1016/j.ocecoaman.2010.10.008,3
DOI:10.1080/09640560903399772,DOI:10.1080/01944360802377973,6
DOI:10.1080/09640560903399772,DOI:10.1007/s10584-018-2312-1,3
DOI:10.1080/09640560903399772,"BERKE P, 2013, CITYSCAPE, V15, P181",3
DOI:10.1080/09640560903399772,DOI:10.1038/nclimate3012,6
DOI:10.1080/09640560903399772,DOI:10.1080/01944363.2015.1074526,3
DOI:10.1080/09640560903399772,"CARMIN JOANN., 2012, PROGRESS AND CHALLENGES IN URBAN CLIMATE ADAPTATION PLANNING: RESULTS OF A GLOBAL SURVEY",3
DOI:10.1080/1523908x.2010.505414,DOI:10.1016/j.gloenvcha.2015.09.014,3
DOI:10.1080/1523908x.2010.505414,DOI:10.1016/j.gloenvcha.2010.03.005,4
DOI:10.3200/env.51.4.22-31,DOI:10.1080/14693062.2007.9685639,3
DOI:10.3200/env.51.4.22-31,DOI:10.1016/j.gloenvcha.2015.09.014,3
DOI:10.3200/env.51.4.22-31,DOI:10.1080/14693062.2014.1003775,3
DOI:10.3200/env.51.4.22-31,DOI:10.1002/wcc.231,3
DOI:10.3200/env.51.4.22-31,DOI:10.1007/s10584-016-1765-3,3
DOI:10.3200/env.51.4.22-31,DOI:10.1002/jid.1772,4
DOI:10.3200/env.51.4.22-31,DOI:10.1023/a:1009601904210,3
DOI:10.3200/env.51.4.22-31,DOI:10.1016/j.gloenvcha.2011.06.002,3
DOI:10.1007/s13753-018-0211-8,DOI:10.3390/cli2040223,3
DOI:10.1016/j.gloenvcha.2009.10.002,DOI:10.1016/j.gloenvcha.2011.06.002,3
DOI:10.1016/j.gloenvcha.2009.10.002,DOI:10.1016/j.gloenvcha.2009.09.004,3
DOI:10.1016/j.gloenvcha.2009.10.002,DOI:10.1016/j.gloenvcha.2010.03.005,3
DOI:10.1016/j.gloenvcha.2009.10.002,DOI:10.1146/annurev.energy.32.051807.090348,3
DOI:10.1016/j.gloenvcha.2011.06.002,DOI:10.1016/j.gloenvcha.2015.09.014,3
DOI:10.1016/j.gloenvcha.2011.06.002,DOI:10.1080/14693062.2014.1003775,4
DOI:10.1017/9781009157926.005],DOI:10.1016/j.gloenvcha.2010.03.005,3
DOI:10.1017/9781009157926.005],DOI:10.1080/1523908x.2012.707407,3
DOI:10.1017/9781009157926.005],"WATSON RT, 2001, CLIMATE CHANGE 2001: IMPACTS, ADAPTATION, AND VULNERABILITY, PIX",3
DOI:10.1017/9781009157926.005],DOI:10.1017/cbo9781107415324,4
DOI:10.1111/1477-8947.12013,DOI:10.1080/13549839.2012.678317,3
DOI:10.1111/1477-8947.12013,DOI:10.1080/17565529.2014.886995,3
DOI:10.1111/1477-8947.12013,DOI:10.1016/j.gloenvcha.2010.03.005,3
DOI:10.3390/cli2040223,DOI:10.1016/j.envsci.2008.11.002,7
DOI:10.3390/cli2040223,DOI:10.1016/j.gloenvcha.2009.01.002,8
DOI:10.3390/cli2040223,DOI:10.1016/j.gloenvcha.2011.11.012,4
DOI:10.3390/cli2040223,DOI:10.1017/s0021859610000687,4
DOI:10.3390/cli2040223,DOI:10.1111/j.1574-0862.2004.tb00190.x,3
DOI:10.3390/cli2040223,DOI:10.1590/0103-9016-2015-0163,5
DOI:10.3390/cli2040223,DOI:10.1007/s10668-018-0150-y,3
DOI:10.3390/cli2040223,DOI:10.1007/s11027-021-09968-z,3
DOI:10.3390/cli2040223,DOI:10.1016/j.heliyon.2020.e03867,3
DOI:10.3390/cli2040223,DOI:10.1016/j.landusepol.2017.10.023,5
DOI:10.3390/cli2040223,DOI:10.1093/ajae/aar006,3
DOI:10.3390/cli2040223,DOI:10.1186/s13717-018-0118-8,3
DOI:10.3390/cli2040223,DOI:10.1016/j.crm.2017.01.002,5
DOI:10.3390/cli2040223,DOI:10.1016/j.landusepol.2019.04.007,5
DOI:10.3390/cli2040223,DOI:10.1108/ijccsm-06-2012-0033,4
DOI:10.3390/cli2040223,"ACQUAH H. DE G., 2011, JOURNAL OF SUSTAINABLE DEVELOPMENT IN AFRICA, V13, P150",3
DOI:10.3390/cli2040223,DOI:10.1007/s10668-012-9339-7,5
DOI:10.3390/cli2040223,DOI:10.1186/s40064-016-2779-z,3
DOI:10.3390/cli2040223,"WATSON RT, 2001, CLIMATE CHANGE 2001: IMPACTS, ADAPTATION, AND VULNERABILITY, PIX",3
DOI:10.3390/cli2040223,DOI:10.1016/j.crm.2016.12.001,5
DOI:10.3390/cli2040223,DOI:10.1016/j.ecolecon.2017.08.006,4
DOI:10.3390/cli2040223,DOI:10.1016/j.jenvman.2012.10.036,4
DOI:10.3390/cli2040223,DOI:10.5194/esd-6-225-2015,4
DOI:10.3390/cli2040223,DOI:10.1126/science.1239402,3
DOI:10.1007/s11356-022-19718-6,DOI:10.1016/j.heliyon.2020.e03867,3
DOI:10.1007/s11356-022-19718-6,DOI:10.1016/j.jclepro.2017.04.060,3
DOI:10.1007/s11356-022-19718-6,DOI:10.1017/cbo9781107415324,3
DOI:10.1016/j.jenvman.2023.117666,DOI:10.1016/j.envsci.2017.12.010,3
DOI:10.1073/pnas.0701855104,DOI:10.1007/s10113-012-0359-5,3
DOI:10.1073/pnas.0701855104,DOI:10.1016/j.gloenvcha.2009.01.002,8
DOI:10.1073/pnas.0701855104,DOI:10.1016/j.heliyon.2021.e06231,3
DOI:10.1073/pnas.0701855104,DOI:10.1016/j.landusepol.2019.04.007,4
DOI:10.1073/pnas.0701855104,DOI:10.1146/annurev-environ-102016-060946,3
DOI:10.1073/pnas.0701855104,DOI:10.1016/j.envsci.2019.08.006,4
DOI:10.1073/pnas.0701855104,DOI:10.1073/pnas.0701890104,3
DOI:10.1073/pnas.0701855104,DOI:10.1016/j.crm.2017.01.002,3
DOI:10.1073/pnas.0701855104,DOI:10.3329/bjar.v39i3.21984,4
DOI:10.1073/pnas.0701855104,DOI:10.1007/s10584-015-1459-2,3
DOI:10.1073/pnas.0701855104,DOI:10.1016/j.gloenvcha.2011.11.012,4
DOI:10.1073/pnas.0701855104,DOI:10.1093/ajae/aar006,4
DOI:10.1073/pnas.0701855104,"HASSAN R, 2008, AFR J AGRIC RESOUR E, V2, P83",3
DOI:10.1073/pnas.0701855104,"ABRHAM BELAY ABRHAM BELAY, 2017, AGRICULTURE AND FOOD SECURITY, V6, DOI [10.1186/S40066-017-0100-1, 10.1186/S40066-017-0100-1]",5
DOI:10.1073/pnas.0701855104,"HARVEY C. A., 2018, AGRICULTURE & FOOD SECURITY, V7, P57, DOI [10.1186/S40066-018-0209-X, 10.1186/S40066-018-0209-X]",3
DOI:10.1073/pnas.0701855104,DOI:10.1016/j.crm.2016.12.001,3
DOI:10.1073/pnas.0701855104,DOI:10.1007/s10584-020-02684-8,3
"LIPPER L, 2014, NAT CLIM CHANGE, V4, P1068, DOI [10.1038/NCLIMATE2437, 10.1038/NCLIMATE2437]",DOI:10.1016/j.worlddev.2019.104692,3
DOI:10.1016/j.gloenvcha.2009.11.004,DOI:10.1023/a:1005661622966,4
DOI:10.1016/j.gloenvcha.2009.11.004,DOI:10.1080/14693062.2007.9685639,3
DOI:10.1016/j.gloenvcha.2009.11.004,DOI:10.1146/annurev.energy.32.051807.090348,4
DOI:10.1016/j.gloenvcha.2009.11.004,"PELLING M, 2011, ECOL SOC, V16",3
DOI:10.1016/j.gloenvcha.2009.11.004,DOI:10.1073/pnas.0701890104,3
DOI:10.1016/j.gloenvcha.2009.11.004,DOI:10.1073/pnas.1115521109,3
DOI:10.1016/j.habitatint.2008.10.001,DOI:10.1080/14693062.2007.9685639,3
DOI:10.1023/a:1005661622966,DOI:10.1068/a42244,3
DOI:10.1023/a:1005661622966,DOI:10.1080/13549839.2012.678313,3
DOI:10.1023/a:1005661622966,DOI:10.3197/096327100129342047,3
DOI:10.1023/a:1005661622966,DOI:10.3354/cr006193,3
DOI:10.1023/a:1005661622966,"WATSON RT, 2001, CLIMATE CHANGE 2001: IMPACTS, ADAPTATION, AND VULNERABILITY, PIX",3
DOI:10.1023/a:1005661622966,DOI:10.1016/s1469-3062(02)00038-4,5
DOI:10.1023/a:1005661622966,DOI:10.1038/nclimate3012,3
DOI:10.1023/a:1005661622966,DOI:10.1038/s41558-019-0490-0,3
DOI:10.1023/a:1005661622966,DOI:10.1016/j.gloenvcha.2009.01.002,4
DOI:10.1023/a:1005661622966,DOI:10.1073/pnas.1115521109,3
DOI:10.1023/a:1009601904210,DOI:10.1080/14693062.2007.9685639,3
DOI:10.1068/a42244,DOI:10.1016/s1469-3062(02)00038-4,3
DOI:10.1068/c11327,DOI:10.1080/14693062.2007.9685639,3
DOI:10.1080/13549839.2012.678313,DOI:10.1080/14693062.2007.9685639,3
DOI:10.1080/13549839.2012.678313,DOI:10.1016/j.cosust.2010.12.015,3
DOI:10.1080/14693062.2007.9685639,DOI:10.1126/science.7455683,3
DOI:10.1080/14693062.2007.9685639,DOI:10.1146/annurev.soc.26.1.611,3
DOI:10.1080/14693062.2007.9685639,DOI:10.3763/cdev.2010.0037,3
DOI:10.1080/14693062.2007.9685639,"FUNFGELD H., 2011, FRAMING CLIMATE CHANGE ADAPTATION IN POLICY AND PRACTICE",3
DOI:10.1080/14693062.2007.9685639,DOI:10.1002/wcc.335,3
DOI:10.1080/14693062.2007.9685639,DOI:10.1007/s10113-010-0118-4,3
DOI:10.1080/14693062.2007.9685639,DOI:10.1016/j.geoforum.2017.05.011,3
DOI:10.1080/14693062.2007.9685639,DOI:10.1016/j.gloenvcha.2011.11.004,3
DOI:10.1080/14693062.2007.9685639,DOI:10.1016/j.gloenvcha.2015.09.014,5
DOI:10.1080/14693062.2007.9685639,DOI:10.3763/cdev.2010.0060,4
DOI:10.1080/14693062.2007.9685639,DOI:10.5751/es-05732-180340,3
DOI:10.1080/14693062.2007.9685639,"[ANONYMOUS], THESIS",3
DOI:10.1080/14693062.2007.9685639,DOI:10.1146/annurev.energy.32.051807.090348,4
DOI:10.1080/14693062.2007.9685639,"MCGRAY H., 2007, WEATHERING THE STORM: OPTIONS FOR FRAMING ADAPTATION AND DEVELOPMENT",3
DOI:10.1080/14693062.2007.9685639,DOI:10.1007/978-3-642-29831-8_3,3
DOI:10.1080/14693062.2007.9685639,DOI:10.1016/j.envsci.2009.04.001,3
DOI:10.1080/14693062.2007.9685639,DOI:10.1016/j.envsci.2012.10.010,3
DOI:10.1080/14693062.2007.9685639,DOI:10.1080/09644016.2011.589571,3
DOI:10.1080/14693062.2007.9685639,DOI:10.1177/0309132509338978,3
DOI:10.1080/14693062.2007.9685639,DOI:10.1080/14649357.2012.677124,4
DOI:10.1080/14693062.2007.9685639,DOI:10.1017/s0143814x10000152,3
DOI:10.1080/14693062.2007.9685639,DOI:10.1073/pnas.1115521109,4
DOI:10.1080/14693062.2007.9685639,DOI:10.1007/s11027-014-9627-7,3
DOI:10.1080/14693062.2007.9685639,DOI:10.1016/j.geoforum.2013.04.010,4
DOI:10.1080/14693062.2007.9685639,DOI:10.1016/j.gloenvcha.2013.04.008,3
DOI:10.1080/14693062.2007.9685639,DOI:10.1023/a:1005627828199,4
DOI:10.1080/14693062.2007.9685639,DOI:10.1080/03066150.2014.894911,4
DOI:10.1080/14693062.2007.9685639,"TANNER T, 2014, ROUTL PERSPECT DEV, P1",3
DOI:10.1080/14693062.2007.9685639,DOI:10.1068/c1234,3
DOI:10.1080/14693062.2007.9685639,DOI:10.1016/j.geoforum.2010.03.004,3
DOI:10.1080/14693062.2007.9685639,DOI:10.1016/j.gloenvcha.2010.03.005,4
DOI:10.1080/14693062.2007.9685639,"GOVERNMENT OF INDIA, 2008, NAT ACT PLAN CLIM CH",3
DOI:10.1080/15239080500251908,"RYDIN Y., 2003, CONFLICT CONSENSUS R",3
DOI:10.1080/15239080500251908,DOI:10.1080/13549830701656960,3
DOI:10.1146/annurev.polisci.10.072805.103054,DOI:10.1146/annurev.soc.26.1.611,3
DOI:10.1146/annurev.soc.26.1.611,DOI:10.3763/cdev.2010.0037,3
"WATSON RT, 2001, CLIMATE CHANGE 2001: IMPACTS, ADAPTATION, AND VULNERABILITY, PIX",DOI:10.1146/annurev.energy.32.051807.090348,3
"WATSON RT, 2001, CLIMATE CHANGE 2001: IMPACTS, ADAPTATION, AND VULNERABILITY, PIX","MAY B, 2011, ECOL SOC, V16",3
"WATSON RT, 2001, CLIMATE CHANGE 2001: IMPACTS, ADAPTATION, AND VULNERABILITY, PIX","BARROS VR, 2014, CLIMATE CHANGE 2014: IMPACTS, ADAPTATION, AND VULNERABILITY, PT B: REGIONAL ASPECTS, P1133",3
"WATSON RT, 2001, CLIMATE CHANGE 2001: IMPACTS, ADAPTATION, AND VULNERABILITY, PIX",DOI:10.1016/j.envsci.2008.11.002,4
"WATSON RT, 2001, CLIMATE CHANGE 2001: IMPACTS, ADAPTATION, AND VULNERABILITY, PIX",DOI:10.1016/j.gloenvcha.2009.01.002,6
"WATSON RT, 2001, CLIMATE CHANGE 2001: IMPACTS, ADAPTATION, AND VULNERABILITY, PIX",DOI:10.1016/j.crm.2016.12.001,3
"WATSON RT, 2001, CLIMATE CHANGE 2001: IMPACTS, ADAPTATION, AND VULNERABILITY, PIX",DOI:10.1016/j.crm.2017.01.002,3
"WATSON RT, 2001, CLIMATE CHANGE 2001: IMPACTS, ADAPTATION, AND VULNERABILITY, PIX",DOI:10.1016/j.jenvman.2012.10.036,3
"WATSON RT, 2001, CLIMATE CHANGE 2001: IMPACTS, ADAPTATION, AND VULNERABILITY, PIX",DOI:10.1016/j.landusepol.2019.04.007,3
"WATSON RT, 2001, CLIMATE CHANGE 2001: IMPACTS, ADAPTATION, AND VULNERABILITY, PIX",DOI:10.1016/j.apgeog.2016.05.009,3
"AYLETT ALEXANDER., 2014, PROGRESS AND CHALLENGES IN THE URBAN GOVERNANCE OF CLIMATE CHANGE: RESULTS OF A GLOBAL SURVEY","CARMIN JOANN., 2012, PROGRESS AND CHALLENGES IN URBAN CLIMATE ADAPTATION PLANNING: RESULTS OF A GLOBAL SURVEY",3
DOI:10.1007/s40070-013-0014-5,DOI:10.1016/j.gloenvcha.2012.12.006,3
DOI:10.1016/j.gloenvcha.2004.12.004,DOI:10.1080/01944363.2010.508428,3
DOI:10.1016/j.gloenvcha.2012.12.006,DOI:10.1016/j.techfore.2010.04.007,3
DOI:10.1016/j.gloenvcha.2012.12.006,DOI:10.3390/su5030955,5
DOI:10.1016/j.gloenvcha.2012.12.006,DOI:10.1016/j.gloenvcha.2018.08.003,3
DOI:10.1016/j.gloenvcha.2012.12.006,DOI:10.1007/s10584-009-9576-4,3
DOI:10.1016/j.gloenvcha.2012.12.006,DOI:10.1016/j.gloenvcha.2013.12.002,5
DOI:10.1016/j.gloenvcha.2012.12.006,DOI:10.1098/rsta.2010.0277,3
DOI:10.1016/j.gloenvcha.2012.12.006,DOI:10.1146/annurev.energy.32.051807.090348,3
DOI:10.1016/j.gloenvcha.2012.12.006,DOI:10.1073/pnas.1115521109,3
DOI:10.1080/01944363.2010.508428,DOI:10.1080/14649357.2012.677124,3
DOI:10.1002/wcc.96,DOI:10.1111/j.1541-0072.1991.tb01878.x,3
DOI:10.1002/wcc.96,"LESNIKOWSKI A, 2016, NAT CLIM CHANGE, V6, P261, DOI [10.1038/NCLIMATE2863, 10.1038/NCLIMATE2863]",3
DOI:10.1002/wcc.96,DOI:10.1016/j.gloenvcha.2010.03.005,3
DOI:10.1007/s10113-012-0348-8,DOI:10.1007/s10584-016-1660-y,3
DOI:10.1007/s10113-012-0348-8,DOI:10.1080/13549839.2014.880412,4
DOI:10.1007/s10113-012-0348-8,DOI:10.1073/pnas.1115521109,3
DOI:10.1007/s10113-012-0348-8,DOI:10.1080/01944363.2014.949590,3
DOI:10.1007/s10113-012-0348-8,DOI:10.1002/wcc.226,3
DOI:10.1007/s10113-012-0348-8,DOI:10.1016/j.gloenvcha.2010.03.005,3
DOI:10.1007/s10113-012-0348-8,DOI:10.1007/s11027-013-9480-0,3
DOI:10.1007/s11077-009-9079-1,DOI:10.1016/j.gloenvcha.2010.03.005,3
DOI:10.1016/s1449-4035(07)70118-2],DOI:10.1111/j.1541-0072.1991.tb01878.x,3
DOI:10.1016/s1449-4035(07)70118-2],DOI:10.1007/s11027-014-9627-7,3
DOI:10.1016/s1449-4035(07)70118-2],DOI:10.1016/j.gloenvcha.2014.01.003,3
DOI:10.1017/s0143814x00003287,DOI:10.1111/j.1541-0072.1991.tb01878.x,4
DOI:10.1017/s0143814x00003287,"LESNIKOWSKI A, 2016, NAT CLIM CHANGE, V6, P261, DOI [10.1038/NCLIMATE2863, 10.1038/NCLIMATE2863]",3
DOI:10.1111/j.1541-0072.1991.tb01878.x,DOI:10.1007/978-1-349-17169-9],3
DOI:10.1111/j.1541-0072.1991.tb01878.x,"LESNIKOWSKI A, 2016, NAT CLIM CHANGE, V6, P261, DOI [10.1038/NCLIMATE2863, 10.1038/NCLIMATE2863]",3
DOI:10.1111/j.1541-0072.1991.tb01878.x,DOI:10.1016/j.gloenvcha.2010.03.005,3
DOI:10.1016/j.gloenvcha.2004.10.003,DOI:10.1080/13549830701656911,3
DOI:10.1016/j.gloenvcha.2004.10.003,DOI:10.1080/13549830701656960,3
DOI:10.1016/s1469-3062(02)00038-4,"LIM B., 2005, ADAPTATION POLICY FRAMEWORKS FOR CLIMATE CHANGE: DEVELOPING STRATEGIES, POLICIES AND MEASURES",4
DOI:10.1016/s1469-3062(02)00038-4,"LIPSKY M, 2010, STREET-LEVEL BUREAUCRACY: DILEMMAS OF THE INDIVIDUAL IN PUBLIC SERVICES, 30TH EDITION, P1",3
DOI:10.1016/s1469-3062(02)00038-4,"BERKHOUT F, 2005, CLIM POLICY, V5, P377",3
DOI:10.1016/s1469-3062(02)00038-4,DOI:10.1007/s10584-009-9623-1,3
DOI:10.1016/s1469-3062(02)00038-4,DOI:10.1016/j.envsci.2009.04.001,3
DOI:10.1016/s1469-3062(02)00038-4,"LIM B., 2004, ADAPTATION POLICY FR",3
DOI:10.1016/s1469-3062(02)00038-4,"[ANONYMOUS], SHAPING A CLIMATE RESILIENT KOCHI|C-HED",3
DOI:10.1016/s1469-3062(02)00038-4,DOI:10.1016/j.gloenvcha.2010.03.005,4
DOI:10.1016/s1469-3062(02)00038-4,DOI:10.1016/j.gloenvcha.2010.07.009,3
DOI:10.1016/s1469-3062(02)00038-4,DOI:10.1073/pnas.1115521109,3
DOI:10.1016/s1469-3062(02)00038-4,DOI:10.1080/09644010412331308254,3
DOI:10.1016/s1469-3062(02)00038-4,DOI:10.1146/annurev.energy.32.051807.090348,3
DOI:10.1016/s1469-3062(02)00038-4,DOI:10.1016/j.gloenvcha.2010.08.002,3
"BERKHOUT F, 2005, CLIM POLICY, V5, P377",DOI:10.1016/j.gloenvcha.2010.03.005,4
DOI:10.1007/s10584-009-9623-1,"LIM B., 2004, ADAPTATION POLICY FR",3
DOI:10.1007/s10584-009-9623-1,DOI:10.1016/j.gloenvcha.2010.03.005,4
DOI:10.1007/s10584-009-9623-1,DOI:10.1007/s10584-009-9576-4,3
DOI:10.1016/j.envsci.2009.04.001,DOI:10.1038/445597a,3
DOI:10.1016/j.envsci.2009.04.001,DOI:10.1080/09644016.2011.589571,3
DOI:10.1016/j.envsci.2009.04.001,"GAGNON-LEBRUN F., 2006, PROGR ADAPTATION CLI",3
"LEE KAIN., 1993, COMPASS GYROSCOPE IN",DOI:10.1146/annurev.energy.32.051807.090348,3
"LEE KAIN., 1993, COMPASS GYROSCOPE IN",DOI:10.5751/es-01595-110118,3
"[ANONYMOUS], 2007, CLIMATE CHANGE 2007",DOI:10.1016/j.gloenvcha.2010.03.005,3
"[ANONYMOUS], 2007, CLIMATE CHANGE 2007",DOI:10.1146/annurev.energy.32.051807.090348,3
DOI:10.1002/ss.20141,DOI:10.1016/j.gloenvcha.2013.12.002,3
DOI:10.1002/wcc.545,DOI:10.1038/s41558-019-0490-0,3
DOI:10.1002/wcc.618,DOI:10.1007/s10784-019-09440-z,3
DOI:10.1002/wcc.618,DOI:10.1007/s10784-019-09445-8,3
DOI:10.1002/wcc.618,DOI:10.1038/s41558-019-0490-0,3
DOI:10.1007/s00267-008-9259-3,"NOBLE IR, 2014, CLIMATE CHANGE 2014: IMPACTS, ADAPTATION, AND VULNERABILITY, PT A: GLOBAL AND SECTORAL ASPECTS, P833",3
DOI:10.1007/s10113-021-01834-7,DOI:10.1007/s10584-019-02533-3,3
DOI:10.1007/s10584-019-02533-3,DOI:10.1007/s10584-021-03142-9,3
DOI:10.1007/s10584-019-02533-3,DOI:10.1007/s11027-014-9627-7,4
DOI:10.1007/s10584-019-02533-3,DOI:10.1016/j.cosust.2014.10.011,3
DOI:10.1007/s10584-019-02533-3,DOI:10.1016/j.oneear.2020.09.014,3
DOI:10.1007/s10584-019-02533-3,DOI:10.1038/s41558-019-0490-0,4
DOI:10.1007/s10584-019-02533-3,DOI:10.1088/1748-9326/ab8fd1,3
DOI:10.1007/s10584-019-02533-3,"LESNIKOWSKI A, 2016, NAT CLIM CHANGE, V6, P261, DOI [10.1038/NCLIMATE2863, 10.1038/NCLIMATE2863]",3
DOI:10.1007/s10584-019-02533-3,DOI:10.1016/j.gloenvcha.2010.03.005,5
DOI:10.1007/s10584-019-02533-3,DOI:10.1016/j.jclepro.2018.03.220,3
DOI:10.1007/s10584-019-02533-3,DOI:10.1007/978-1-349-17169-9],3
DOI:10.1007/s10584-019-02533-3,DOI:10.1080/19463138.2019.1583234,3
DOI:10.1007/s10584-021-03142-9,DOI:10.1007/s11027-014-9627-7,3
DOI:10.1007/s10584-021-03142-9,DOI:10.1038/nclimate3012,4
DOI:10.1007/s10584-021-03142-9,DOI:10.1038/s41558-019-0490-0,3
DOI:10.1007/s10584-021-03142-9,DOI:10.1080/09644016.2014.923614,3
DOI:10.1007/s10584-021-03142-9,DOI:10.1111/j.1541-1338.2012.00582.x,3
DOI:10.1007/s10584-021-03142-9,DOI:10.1146/annurev-environ-102017-025739,3
DOI:10.1007/s10584-021-03142-9,DOI:10.1177/0263774x15614700,3
DOI:10.1007/s10584-021-03142-9,DOI:10.1007/s10113-022-02020-z,3
DOI:10.1007/s10584-021-03142-9,DOI:10.1016/j.jenvman.2015.11.043,4
DOI:10.1007/s10584-021-03142-9,DOI:10.1016/j.uclim.2018.03.004,3
DOI:10.1007/s10584-021-03142-9,DOI:10.1016/j.jclepro.2018.03.220,4
DOI:10.1007/s10584-021-03142-9,DOI:10.1080/19463138.2019.1583234,4
DOI:10.1007/s10784-019-09440-z,DOI:10.1007/s10784-019-09445-8,3
DOI:10.1007/s10784-019-09440-z,DOI:10.1038/s41558-019-0490-0,3
DOI:10.1007/s10784-019-09445-8,DOI:10.1038/s41558-019-0490-0,3
DOI:10.1007/s10784-019-09446-7,DOI:10.1111/j.0020-8833.2004.00310.x,3
DOI:10.1007/s11027-014-9627-7,DOI:10.1016/j.cosust.2014.10.011,3
DOI:10.1007/s11027-014-9627-7,DOI:10.1038/nclimate3012,3
DOI:10.1007/s11027-014-9627-7,DOI:10.1038/s41558-019-0490-0,4
DOI:10.1007/s11027-014-9627-7,DOI:10.1080/01944363.2015.1074526,4
DOI:10.1007/s11027-014-9627-7,DOI:10.1080/09644016.2014.923614,3
DOI:10.1007/s11027-014-9627-7,DOI:10.1080/14693062.2016.1248889,3
DOI:10.1007/s11027-014-9627-7,DOI:10.1111/ropr.12103,3
DOI:10.1007/s11027-014-9627-7,DOI:10.1111/ropr.12173,3
DOI:10.1007/s11027-014-9627-7,DOI:10.1007/s10584-013-0846-9,3
DOI:10.1007/s11027-014-9627-7,DOI:10.1016/j.gloenvcha.2014.01.003,5
DOI:10.1007/s11027-014-9627-7,DOI:10.1016/j.jclepro.2018.03.220,4
DOI:10.1007/s11027-014-9627-7,DOI:10.1016/j.jenvman.2015.11.043,4
DOI:10.1007/s11027-014-9627-7,DOI:10.1088/1748-9326/6/4/044009,4
DOI:10.1007/s11027-014-9627-7,DOI:10.1111/psj.12095,4
DOI:10.1007/s11027-014-9627-7,DOI:10.1126/science.aaf5002,3
DOI:10.1007/s11027-014-9627-7,"LESNIKOWSKI A, 2016, NAT CLIM CHANGE, V6, P261, DOI [10.1038/NCLIMATE2863, 10.1038/NCLIMATE2863]",4
DOI:10.1007/s11027-014-9627-7,DOI:10.1007/s10584-014-1078-3,3
DOI:10.1007/s11027-014-9627-7,DOI:10.1038/nclimate2744,4
DOI:10.1007/s11027-014-9627-7,DOI:10.1007/s11027-021-09971-4,3
DOI:10.1007/s11027-014-9627-7,DOI:10.1016/j.gloenvcha.2010.03.005,3
DOI:10.1007/s11027-018-9794-z,DOI:10.1016/j.envsci.2018.10.012,3
DOI:10.1007/s11027-018-9794-z,DOI:10.1038/s41558-019-0490-0,3
DOI:10.1016/j.cosust.2014.10.011,DOI:10.1038/s41558-019-0490-0,4
DOI:10.1016/j.cosust.2014.10.011,DOI:10.3390/cli4010007,3
DOI:10.1016/j.cosust.2014.10.011,DOI:10.1016/j.jclepro.2018.03.220,3
DOI:10.1016/j.cosust.2014.10.011,DOI:10.1111/psj.12095,3
DOI:10.1016/j.gloenvcha.2013.12.002,DOI:10.1038/nclimate3012,4
DOI:10.1016/j.gloenvcha.2013.12.002,DOI:10.1038/s41558-019-0490-0,3
DOI:10.1016/j.gloenvcha.2013.12.002,"NOBLE IR, 2014, CLIMATE CHANGE 2014: IMPACTS, ADAPTATION, AND VULNERABILITY, PT A: GLOBAL AND SECTORAL ASPECTS, P833",3
DOI:10.1016/j.gloenvcha.2013.12.002,DOI:10.1098/rsta.2010.0277,4
DOI:10.1016/j.gloenvcha.2013.12.002,DOI:10.1016/j.gloenvcha.2004.09.004,3
DOI:10.1016/j.gloenvcha.2013.12.002,DOI:10.1016/j.gloenvcha.2010.11.006,3
DOI:10.1016/j.gloenvcha.2013.12.002,DOI:10.1073/pnas.1115521109,3
DOI:10.1016/j.gloenvcha.2013.12.002,DOI:10.1016/j.gloenvcha.2011.10.003,3
DOI:10.1016/j.gloenvcha.2013.12.002,DOI:10.1016/j.gloenvcha.2013.12.004,3
DOI:10.1016/j.gloenvcha.2015.09.014,DOI:10.1016/j.oneear.2020.09.014,3
DOI:10.1016/j.gloenvcha.2015.09.014,DOI:10.1002/wcc.335,4
DOI:10.1016/j.gloenvcha.2015.09.014,DOI:10.1016/j.geoforum.2017.05.011,5
DOI:10.1016/j.gloenvcha.2015.09.014,DOI:10.1080/17565529.2013.830954,3
DOI:10.1016/j.gloenvcha.2015.09.014,DOI:10.3763/cdev.2010.0060,3
DOI:10.1016/j.gloenvcha.2015.09.014,DOI:10.1016/j.envsci.2017.09.007,3
DOI:10.1016/j.gloenvcha.2015.09.014,DOI:10.1016/j.envsci.2017.12.010,4
DOI:10.1016/j.gloenvcha.2015.09.014,DOI:10.1080/14693062.2014.1003775,5
DOI:10.1016/j.gloenvcha.2015.09.014,DOI:10.1016/j.geoforum.2013.04.010,3
DOI:10.1016/j.gloenvcha.2015.09.014,DOI:10.1080/00330124.2013.821730,3
DOI:10.1016/j.gloenvcha.2015.09.014,DOI:10.1080/03066150.2014.894911,3
DOI:10.1016/j.gloenvcha.2015.09.014,DOI:10.1016/j.gloenvcha.2011.07.008,4
DOI:10.1016/j.gloenvcha.2015.09.014,DOI:10.1016/j.gloenvcha.2016.07.004,3
DOI:10.1016/j.oneear.2020.09.014,DOI:10.1080/09640568.2016.1168288,3
DOI:10.1038/nclimate3012,DOI:10.1038/s41558-019-0490-0,3
DOI:10.1038/nclimate3012,DOI:10.1080/01944363.2015.1074526,8
DOI:10.1038/nclimate3012,DOI:10.1080/14693062.2016.1248889,3
DOI:10.1038/nclimate3012,DOI:10.1111/j.1541-1338.2012.00582.x,3
DOI:10.1038/nclimate3012,DOI:10.1111/ropr.12103,4
DOI:10.1038/nclimate3012,DOI:10.1111/ropr.12173,4
DOI:10.1038/nclimate3012,DOI:10.3390/cli4010007,3
DOI:10.1038/nclimate3012,DOI:10.1016/j.crm.2017.06.004,3
DOI:10.1038/nclimate3012,DOI:10.1016/j.jclepro.2018.03.220,6
DOI:10.1038/nclimate3012,DOI:10.1061/(asce)nh.1527-6996.0000063,3
DOI:10.1038/nclimate3012,DOI:10.1080/01944363.2019.1652108,3
DOI:10.1038/nclimate3012,DOI:10.1080/09640568.2017.1379958,3
DOI:10.1038/nclimate3012,DOI:10.1177/0739456x18801057,3
DOI:10.1038/nclimate3012,DOI:10.1177/0885412208327014,5
DOI:10.1038/nclimate3012,DOI:10.1007/s11027-013-9491-x,4
DOI:10.1038/nclimate3012,DOI:10.1007/s10113-014-0648-2,3
DOI:10.1038/nclimate3012,DOI:10.1007/s10584-018-2312-1,6
DOI:10.1038/nclimate3012,DOI:10.1016/j.gloenvcha.2014.01.003,4
DOI:10.1038/nclimate3012,DOI:10.1038/s42949-023-00085-1,3
DOI:10.1038/nclimate3012,DOI:10.1080/09640568.2012.756805,3
DOI:10.1038/nclimate3012,DOI:10.1016/j.landurbplan.2012.05.014,3
DOI:10.1038/nclimate3012,DOI:10.1080/01944360802377973,6
DOI:10.1038/nclimate3012,DOI:10.1080/01944363.2010.509703,3
DOI:10.1038/nclimate3012,DOI:10.1177/0739456x14549752,3
DOI:10.1038/nclimate3012,DOI:10.1177/0739456x16645166,3
DOI:10.1038/nclimate3012,DOI:10.1068/a367,3
DOI:10.1038/nclimate3012,"BERKE P, 2013, CITYSCAPE, V15, P181",4
DOI:10.1038/nclimate3012,DOI:10.1007/s10584-013-0846-9,3
DOI:10.1038/nclimate3012,"CARMIN JOANN., 2012, PROGRESS AND CHALLENGES IN URBAN CLIMATE ADAPTATION PLANNING: RESULTS OF A GLOBAL SURVEY",3
DOI:10.1038/nclimate3012,"BURBY R.J., 1997, MAKING GOVERNMENTS PLAN: STATE EXPERIMENTS IN MANAGING LAND USE",3
DOI:10.1038/nclimate3012,DOI:10.1177/0739456x13513614,3
DOI:10.1038/nclimate3012,DOI:10.1007/s11027-016-9725-9,3
DOI:10.1038/nclimate3012,DOI:10.1016/j.landurbplan.2020.103974,3
DOI:10.1038/nclimate3012,DOI:10.1080/19463138.2019.1583234,5
DOI:10.1038/s41558-019-0490-0,DOI:10.1080/09644016.2014.923614,3
DOI:10.1038/s41558-019-0490-0,DOI:10.1080/14693062.2016.1248889,3
DOI:10.1038/s41558-019-0490-0,DOI:10.1146/annurev-environ-102017-025739,3
DOI:10.1038/s41558-019-0490-0,DOI:10.1002/wcc.548,3
DOI:10.1038/s41558-019-0490-0,DOI:10.1007/s11027-013-9491-x,3
DOI:10.1038/s41558-019-0490-0,DOI:10.1016/j.gloenvcha.2014.01.003,3
DOI:10.1038/s41558-019-0490-0,DOI:10.1016/j.jclepro.2018.03.220,5
DOI:10.1038/s41558-019-0490-0,DOI:10.1080/14693062.2018.1485546,3
DOI:10.1038/s41558-019-0490-0,DOI:10.1080/19463138.2019.1583234,4
DOI:10.1038/s41558-019-0490-0,"LESNIKOWSKI A, 2016, NAT CLIM CHANGE, V6, P261, DOI [10.1038/NCLIMATE2863, 10.1038/NCLIMATE2863]",3
DOI:10.1038/s41558-019-0490-0,DOI:10.1007/s11027-015-9678-4,3
DOI:10.1038/s41558-019-0490-0,DOI:10.1016/j.gloenvcha.2010.03.005,5
DOI:10.1038/s41558-019-0490-0,DOI:10.1111/ropr.12316,3
DOI:10.1038/s41558-019-0490-0,DOI:10.1016/j.gloenvcha.2018.08.003,3
DOI:10.1038/s41558-019-0490-0,DOI:10.1038/s41558-019-0539-0,3
DOI:10.1038/s41558-019-0490-0,DOI:10.1038/s41558-021-01170-y,3
DOI:10.1080/01944363.2015.1074526,DOI:10.1111/j.1541-1338.2012.00582.x,3
DOI:10.1080/01944363.2015.1074526,DOI:10.1111/ropr.12103,4
DOI:10.1080/01944363.2015.1074526,DOI:10.1111/ropr.12173,3
DOI:10.1080/01944363.2015.1074526,DOI:10.1080/01944360802377973,4
DOI:10.1080/01944363.2015.1074526,DOI:10.1080/01944363.2010.509703,3
DOI:10.1080/01944363.2015.1074526,DOI:10.1177/0739456x14549752,3
DOI:10.1080/01944363.2015.1074526,DOI:10.1177/0739456x16645166,3
DOI:10.1080/01944363.2015.1074526,DOI:10.1016/j.gloenvcha.2010.03.005,3
DOI:10.1080/01944363.2015.1074526,DOI:10.1016/j.jclepro.2018.03.220,3
DOI:10.1080/01944363.2015.1074526,"BERKE P, 2013, CITYSCAPE, V15, P181",3
DOI:10.1080/01944363.2015.1074526,DOI:10.1080/01944363.2014.949590,4
DOI:10.1080/01944363.2015.1074526,DOI:10.1007/s11027-013-9491-x,3
DOI:10.1080/09644016.2014.923614,DOI:10.1080/14693062.2016.1248889,3
DOI:10.1080/09644016.2014.923614,DOI:10.1146/annurev-environ-102017-025739,3
DOI:10.1080/09644016.2014.923614,DOI:10.1016/j.jenvman.2015.11.043,3
DOI:10.1080/09644016.2019.1521979,DOI:10.1111/j.0020-8833.2004.00310.x,3
DOI:10.1080/09644016.2019.1521979,DOI:10.1162/glep_a_00216,3
DOI:10.1080/13549839.2013.872092,DOI:10.1007/s10584-019-02484-9,3
DOI:10.1080/13549839.2013.872092,DOI:10.1080/01944363.2014.949590,3
DOI:10.1080/14693062.2016.1248889,DOI:10.1007/s11027-013-9491-x,3
DOI:10.1080/14693062.2016.1248889,DOI:10.1016/j.gloenvcha.2014.01.003,3
DOI:10.1080/14693062.2016.1248889,DOI:10.1016/j.jenvman.2015.11.043,3
DOI:10.1080/14693062.2016.1248889,DOI:10.1126/science.aaf5002,3
DOI:10.1080/14693062.2016.1248889,"LESNIKOWSKI A, 2016, NAT CLIM CHANGE, V6, P261, DOI [10.1038/NCLIMATE2863, 10.1038/NCLIMATE2863]",3
DOI:10.1080/14693062.2016.1248889,DOI:10.1016/j.gloenvcha.2010.03.005,4
DOI:10.1080/14693062.2016.1248889,DOI:10.1007/s10584-014-1078-3,3
DOI:10.1088/1748-9326/ab8fd1,DOI:10.1080/09644016.2020.1814045,3
DOI:10.1111/j.0020-8833.2004.00310.x,DOI:10.1162/glep_a_00216,3
DOI:10.1111/j.1467-9388.2006.00501.x,DOI:10.1038/445597a,3
DOI:10.1111/j.1467-9388.2006.00501.x,DOI:10.1016/j.gloenvcha.2010.03.005,3
DOI:10.1111/j.1467-9388.2006.00501.x,DOI:10.1073/pnas.1115521109,3
DOI:10.1111/j.1467-9388.2006.00501.x,DOI:10.1080/09644016.2011.589571,3
DOI:10.1111/j.1541-1338.2012.00582.x,DOI:10.1146/annurev-environ-102017-025739,3
DOI:10.1111/ropr.12103,DOI:10.1111/ropr.12173,3
DOI:10.3390/cli4010007,DOI:10.1016/j.jclepro.2018.03.220,3
DOI:10.3390/cli4010007,DOI:10.1080/19463138.2019.1583234,3
DOI:10.1007/s10584-008-9539-1,DOI:10.1016/j.gloenvcha.2010.03.005,3
DOI:10.1016/j.biocon.2008.07.014,DOI:10.1016/j.jenvman.2009.01.001,3
DOI:10.1093/jopart/mum032,DOI:10.1093/jopart/mur011,4
DOI:10.4324/9780203219256,DOI:10.1080/13549830120091699],3
DOI:10.1016/j.gloenvcha.2009.09.004,DOI:10.1146/annurev.energy.32.051807.090348,3
DOI:10.1023/a:1005627828199,DOI:10.1007/s11027-005-6135-9,3
DOI:10.1023/a:1005627828199,DOI:10.1111/1540-6237.8402002,3
DOI:10.1023/a:1005627828199,DOI:10.1146/annurev.energy.32.051807.090348,3
DOI:10.1080/13549839.2010.544296,DOI:10.1080/14649357.2012.677124,3
DOI:10.1016/j.gloenvcha.2010.03.005,DOI:10.1080/1523908x.2012.707407,4
DOI:10.1016/j.gloenvcha.2010.03.005,DOI:10.1007/s10584-009-9576-4,5
DOI:10.1016/j.gloenvcha.2010.03.005,"[ANONYMOUS], 2009, 1 PEER",6
DOI:10.1016/j.gloenvcha.2010.03.005,DOI:10.1007/s10113-014-0655-3,3
DOI:10.1016/j.gloenvcha.2010.03.005,DOI:10.5751/es-05732-180340,5
DOI:10.1016/j.gloenvcha.2010.03.005,DOI:10.1016/j.cosust.2010.12.015,4
DOI:10.1016/j.gloenvcha.2010.03.005,DOI:10.1080/09644016.2011.589571,3
DOI:10.1016/j.gloenvcha.2010.03.005,DOI:10.1579/0044-7447(2006)35[50:qccciv]2.0.co;2,3
DOI:10.1016/j.gloenvcha.2010.03.005,DOI:10.1007/s10113-014-0648-2,4
DOI:10.1016/j.gloenvcha.2010.03.005,DOI:10.5751/es-05897-180446,3
DOI:10.1016/j.gloenvcha.2010.03.005,"GOVERNMENT OF INDIA, 2008, NAT ACT PLAN CLIM CH",4
DOI:10.1016/j.gloenvcha.2010.03.005,"HUQ S, 2004, CLIM POLICY, V4, P25",3
DOI:10.1016/j.gloenvcha.2010.03.005,DOI:10.1016/j.gloenvcha.2014.01.003,5
DOI:10.1016/j.gloenvcha.2010.03.005,DOI:10.1016/j.jclepro.2018.03.220,3
DOI:10.1016/j.gloenvcha.2010.03.005,DOI:10.1111/ropr.12316,3
DOI:10.1016/j.gloenvcha.2010.03.005,DOI:10.1007/s10584-014-1078-3,5
DOI:10.1016/j.gloenvcha.2010.03.005,"EEA (EUROPEAN ENVIRONMENT AGENCY), 2014, 42014 EEA",4
DOI:10.1016/j.gloenvcha.2010.03.005,"LESNIKOWSKI A, 2016, NAT CLIM CHANGE, V6, P261, DOI [10.1038/NCLIMATE2863, 10.1038/NCLIMATE2863]",5
DOI:10.1016/j.gloenvcha.2010.03.005,DOI:10.1017/s0143814x13000287,3
DOI:10.1016/j.gloenvcha.2010.03.005,DOI:10.1080/135017606061071406,3
DOI:10.1016/j.gloenvcha.2010.03.005,"[ANONYMOUS], 1992, UN FRAMEWORK CONVENT",3
DOI:10.1016/j.gloenvcha.2010.03.005,"CIMATO F., 2010, ADAPTING TO CLIMATE CHANGE: ANALYSING THE ROLE OF GOVERNMENT, DEFRA EVIDENCE AND ANALYSIS SERIES",3
DOI:10.1016/j.gloenvcha.2010.03.005,DOI:10.1007/978-90-481-9325-7_1,3
DOI:10.1016/j.gloenvcha.2010.03.005,DOI:10.1016/j.envsci.2005.06.011,3
DOI:10.1016/j.gloenvcha.2010.03.005,"THOMPSON G., 1991, MARKETS HIERARCHIES",3
DOI:10.1016/j.gloenvcha.2010.03.005,DOI:10.1787/5k483jpfpsq1-en,4
DOI:10.1016/j.gloenvcha.2010.03.005,"HM GOVERNMENT, 2013, NAT AD PROGR MAK COU",3
DOI:10.1016/j.gloenvcha.2010.03.005,DOI:10.1080/13549839.2012.678317,4
DOI:10.1016/j.gloenvcha.2010.03.005,DOI:10.1057/eps.2011.7,3
DOI:10.1016/j.gloenvcha.2010.03.005,DOI:10.3233/cl-2011-033,3
DOI:10.1016/j.gloenvcha.2010.03.005,"KINGDON J.W., 2014, AGENDAS, ALTERNATIVES AND PUBLIC POLICIES",5
DOI:10.1016/j.gloenvcha.2010.03.005,DOI:10.1016/j.gloenvcha.2010.08.002,4
DOI:10.1016/j.gloenvcha.2010.03.005,"BARROS VR, 2014, CLIMATE CHANGE 2014: IMPACTS, ADAPTATION, AND VULNERABILITY, PT B: REGIONAL ASPECTS, P1133",3
DOI:10.1016/j.gloenvcha.2010.03.005,DOI:10.1007/s10113-015-0771-8,3
DOI:10.1016/j.gloenvcha.2010.03.005,DOI:10.1038/nclimate2744,3
DOI:10.1080/1523908x.2012.707407,DOI:10.1080/1523908x.2013.836961,4
DOI:10.1080/09640568.2013.776951,DOI:10.1080/09640568.2012.756805,3
DOI:10.1080/09640568.2013.776951,DOI:10.1080/09654313.2013.830697,3
DOI:10.1002/wcc.227,DOI:10.1177/0018726708100356,3
"[ANONYMOUS], 2009, 1 PEER",DOI:10.1080/13549830701656960,3
"[ANONYMOUS], 2009, 1 PEER",DOI:10.1080/13549839.2010.487525,3
DOI:10.1007/s10584-018-2312-1,DOI:10.1016/j.jclepro.2018.03.220,4
DOI:10.1007/s10584-018-2312-1,DOI:10.1080/09640568.2012.756805,5
DOI:10.1007/s10584-018-2312-1,DOI:10.1038/s42949-023-00085-1,3
DOI:10.1007/s10584-018-2312-1,DOI:10.1080/01944363.2019.1652108,4
DOI:10.1007/s10584-018-2312-1,DOI:10.1007/s11027-016-9725-9,3
DOI:10.1007/s10584-018-2312-1,DOI:10.1016/j.landurbplan.2020.103974,4
DOI:10.1007/s10584-018-2312-1,DOI:10.1080/19463138.2019.1583234,3
DOI:10.1016/j.jclepro.2018.03.220,DOI:10.1080/01944363.2019.1652108,3
DOI:10.1016/j.jclepro.2018.03.220,DOI:10.1080/09644016.2020.1814045,3
DOI:10.1016/j.jclepro.2018.03.220,DOI:10.3390/su10093280,3
DOI:10.1016/j.jclepro.2018.03.220,DOI:10.1007/s11027-013-9491-x,3
DOI:10.1016/j.jclepro.2018.03.220,DOI:10.1016/j.gloenvcha.2014.01.003,3
DOI:10.1016/j.jclepro.2018.03.220,DOI:10.1016/j.jenvman.2015.11.043,6
DOI:10.1016/j.jclepro.2018.03.220,DOI:10.1080/19463138.2019.1583234,9
DOI:10.1016/j.jclepro.2018.03.220,DOI:10.1007/s11027-021-09971-4,4
DOI:10.1016/j.jclepro.2018.03.220,DOI:10.1016/j.rser.2023.113886,3
DOI:10.1016/j.jclepro.2018.03.220,DOI:10.1016/j.envsci.2016.06.017,3
DOI:10.1016/j.jclepro.2018.03.220,DOI:10.1088/1748-9326/ab5532,3
DOI:10.1016/j.jclepro.2018.03.220,DOI:10.1016/j.landurbplan.2020.103974,5
DOI:10.1016/j.jclepro.2018.03.220,DOI:10.1177/0739456x16645166,3
DOI:10.1080/09640568.2012.756805,DOI:10.1080/00343404.2022.2049224,3
DOI:10.1080/09640568.2012.756805,DOI:10.1080/01944363.2014.949590,3
DOI:10.1080/09640568.2012.756805,DOI:10.1080/09640568.2018.1537975,3
DOI:10.1002/eet.1589,DOI:10.1007/s00267-018-1027-4,3
DOI:10.1002/eet.1589,DOI:10.1007/s10113-018-1283-0,3
DOI:10.1002/eet.1589,DOI:10.1007/s10784-013-9236-z,4
DOI:10.1002/eet.1589,DOI:10.1016/j.landusepol.2016.11.033,3
DOI:10.1002/eet.1589,DOI:10.1080/07036330802144992,3
DOI:10.1002/eet.1589,"DURAIAPPAH A.K., 2007, MEASURING POLICY COHERENCE AMONG THE MEA?S AND MDG?S",3
DOI:10.1002/eet.1589,DOI:10.1016/j.forpol.2014.09.003,3
DOI:10.1002/eet.1589,DOI:10.1111/j.1541-0072.2005.00091.x,3
DOI:10.1002/eet.1589,"OECD, 2002, IMPROVING POLICY COHERENCE AND INTEGRATION FOR SUSTAINABLE DEVELOPMENT: A CHECKLIST",3
DOI:10.1002/eet.1589,DOI:10.1111/j.1541-0072.2006.00178.x,3
"SUTER G, 2022, INTEGR ENVIRON ASSES, V18, P1117",DOI:10.1007/s00267-020-01291-8,3
"SUTER G, 2022, INTEGR ENVIRON ASSES, V18, P1117",DOI:10.1016/j.crm.2016.12.001,4
"SUTER G, 2022, INTEGR ENVIRON ASSES, V18, P1117",DOI:10.1016/j.crm.2017.01.002,3
"SUTER G, 2022, INTEGR ENVIRON ASSES, V18, P1117",DOI:10.1016/j.gloenvcha.2009.01.002,4
"SUTER G, 2022, INTEGR ENVIRON ASSES, V18, P1117",DOI:10.1016/j.ijdrr.2017.05.006,3
"SUTER G, 2022, INTEGR ENVIRON ASSES, V18, P1117",DOI:10.1016/j.jenvman.2012.10.036,3
"SUTER G, 2022, INTEGR ENVIRON ASSES, V18, P1117",DOI:10.1186/s40066-017-0144-2],3
"SUTER G, 2022, INTEGR ENVIRON ASSES, V18, P1117",DOI:10.5194/esd-6-225-2015,4
DOI:10.1088/1748-9326/6/4/044009,DOI:10.1016/j.gloenvcha.2014.01.003,3
DOI:10.1088/1748-9326/6/4/044009,DOI:10.1111/psj.12095,3
DOI:10.1088/1748-9326/6/4/044009,DOI:10.1126/science.aaf5002,3
DOI:10.1088/1748-9326/6/4/044009,"LESNIKOWSKI A, 2016, NAT CLIM CHANGE, V6, P261, DOI [10.1038/NCLIMATE2863, 10.1038/NCLIMATE2863]",4
DOI:10.1088/1748-9326/6/4/044009,DOI:10.1007/s10584-014-1078-3,3
DOI:10.1146/annurev.energy.32.051807.090348,DOI:10.5751/es-01595-110118,4
DOI:10.1146/annurev.energy.32.051807.090348,DOI:10.1080/14649357.2012.677124,3
DOI:10.1146/annurev.energy.32.051807.090348,"MILLER F, 2010, ECOL SOC, V15",4
DOI:10.1146/annurev.energy.32.051807.090348,DOI:10.1002/wcc.133,3
DOI:10.1146/annurev.energy.32.051807.090348,DOI:10.1639/0044-7447(2002)031[0437:rasdba]2.0.co;2,3
DOI:10.1146/annurev.energy.32.051807.090348,"LEBEL L, 2006, ECOL SOC, V11",3
DOI:10.1146/annurev.energy.32.051807.090348,DOI:10.1098/rsta.2010.0277,3
DOI:10.1146/annurev.energy.32.051807.090348,"TSCHAKERT P, 2010, ECOL SOC, V15",5
DOI:10.1146/annurev.energy.32.051807.090348,DOI:10.1002/wcc.91,3
DOI:10.1146/annurev.energy.32.051807.090348,DOI:10.1016/j.gloenvcha.2011.01.019,3
DOI:10.1177/0309132511425767,DOI:10.1073/pnas.1115521109,7
DOI:10.1016/j.envsci.2012.03.007,DOI:10.1007/s11027-014-9610-3,3
DOI:10.1016/j.envsci.2012.03.007,DOI:10.1007/s11069-014-1218-0,3
DOI:10.1017/s0008423910000752,DOI:10.1111/j.1468-0491.2011.01532.x,3
DOI:10.1017/s0008423910000752,DOI:10.2202/1948-4682.1029,3
DOI:10.1017/s0008423910000752,"ROGERS R., 2006, INFORMATION POLITICS ON THE WEB",3
DOI:10.1111/j.1468-0491.2011.01532.x,DOI:10.2202/1948-4682.1029,3
DOI:10.1111/j.1468-0491.2011.01532.x,"ROGERS R., 2006, INFORMATION POLITICS ON THE WEB",3
DOI:10.2202/1948-4682.1029,"ROGERS R., 2006, INFORMATION POLITICS ON THE WEB",3
DOI:10.1038/438283a,DOI:10.3233/cl-2011-033,3
DOI:10.1016/j.envsci.2017.07.008,DOI:10.1016/j.scitotenv.2016.11.106,3
DOI:10.1016/j.scitotenv.2016.11.106,DOI:10.5751/es-08373-210239,4
DOI:10.1080/13549839.2014.880412,DOI:10.1007/s10584-016-1660-y,3
DOI:10.5751/es-08373-210239,DOI:10.1007/978-3-319-56091-5_3,3
DOI:10.5751/es-08373-210239,DOI:10.1098/rstb.2019.0120,3
DOI:10.5751/es-08373-210239,DOI:10.1111/gcb.15310,3
DOI:10.5751/es-08373-210239,DOI:10.3390/resources8030121,3
DOI:10.5751/es-08373-210239,DOI:10.1016/j.gloenvcha.2015.11.003,3
DOI:10.5751/es-08373-210239,DOI:10.1007/978-3-319-56091-5,3
DOI:10.1007/s11027-011-9325-7,DOI:10.1016/j.gloenvcha.2009.01.002,6
DOI:10.1007/s11027-011-9325-7,"ABRHAM BELAY ABRHAM BELAY, 2017, AGRICULTURE AND FOOD SECURITY, V6, DOI [10.1186/S40066-017-0100-1, 10.1186/S40066-017-0100-1]",3
DOI:10.1007/s11027-011-9325-7,DOI:10.1016/j.envsci.2014.04.002,3
DOI:10.1007/s11027-011-9325-7,DOI:10.1016/j.gloenvcha.2011.11.012,3
DOI:10.1007/s11027-011-9325-7,DOI:10.1016/j.landusepol.2020.104858,4
DOI:10.1007/s11027-011-9325-7,DOI:10.1016/j.crm.2016.12.001,3
DOI:10.1007/s11027-011-9325-7,DOI:10.1016/j.landusepol.2019.04.007,3
DOI:10.1007/s11027-011-9325-7,DOI:10.1186/s13717-018-0118-8,3
DOI:10.1007/s11027-011-9325-7,DOI:10.4236/oalib.1103312,3
DOI:10.1016/j.apgeog.2011.06.010,DOI:10.1016/j.gloenvcha.2015.03.003,3
DOI:10.1016/j.gloenvcha.2009.01.002,DOI:10.1088/1748-9326/5/1/014010,3
DOI:10.1016/j.gloenvcha.2009.01.002,DOI:10.1007/s10113-012-0359-5,7
DOI:10.1016/j.gloenvcha.2009.01.002,DOI:10.1016/j.crm.2017.06.006,4
DOI:10.1016/j.gloenvcha.2009.01.002,DOI:10.1016/j.crm.2018.12.004,4
DOI:10.1016/j.gloenvcha.2009.01.002,DOI:10.1016/j.ecolind.2017.08.021,3
DOI:10.1016/j.gloenvcha.2009.01.002,DOI:10.1016/j.ecolind.2018.05.074,3
DOI:10.1016/j.gloenvcha.2009.01.002,DOI:10.1016/j.envsci.2008.11.002,14
DOI:10.1016/j.gloenvcha.2009.01.002,DOI:10.1016/j.gloenvcha.2005.01.002,3
DOI:10.1016/j.gloenvcha.2009.01.002,DOI:10.1016/j.gloenvcha.2012.11.008,3
DOI:10.1016/j.gloenvcha.2009.01.002,DOI:10.1016/j.heliyon.2021.e06231,6
DOI:10.1016/j.gloenvcha.2009.01.002,DOI:10.1016/j.jenvman.2017.04.073,3
DOI:10.1016/j.gloenvcha.2009.01.002,DOI:10.1016/j.jrurstud.2017.02.013,3
DOI:10.1016/j.gloenvcha.2009.01.002,DOI:10.1016/j.landusepol.2018.08.018,4
DOI:10.1016/j.gloenvcha.2009.01.002,DOI:10.1016/j.landusepol.2019.04.007,16
DOI:10.1016/j.gloenvcha.2009.01.002,DOI:10.1016/j.landusepol.2019.104228,3
DOI:10.1016/j.gloenvcha.2009.01.002,DOI:10.1016/j.landusepol.2019.104354,3
DOI:10.1016/j.gloenvcha.2009.01.002,DOI:10.1016/j.landusepol.2019.104395,4
DOI:10.1016/j.gloenvcha.2009.01.002,DOI:10.1016/j.landusepol.2020.104628,5
DOI:10.1016/j.gloenvcha.2009.01.002,DOI:10.1016/j.scitotenv.2021.148499,4
DOI:10.1016/j.gloenvcha.2009.01.002,DOI:10.1017/s0021859610000687,16
DOI:10.1016/j.gloenvcha.2009.01.002,DOI:10.1177/1536867x0300300305,4
DOI:10.1016/j.gloenvcha.2009.01.002,"ELLIS F., 2000, RURAL LIVELIHOODS DI",3
DOI:10.1016/j.gloenvcha.2009.01.002,"ABRHAM BELAY ABRHAM BELAY, 2017, AGRICULTURE AND FOOD SECURITY, V6, DOI [10.1186/S40066-017-0100-1, 10.1186/S40066-017-0100-1]",16
DOI:10.1016/j.gloenvcha.2009.01.002,"ATUBE FRANCIS, 2021, AGRICULTURE AND FOOD SECURITY, V10, DOI [10.1186/S40066-020-00279-1, 10.1186/S40066-020-00279-1]",5
DOI:10.1016/j.gloenvcha.2009.01.002,DOI:10.1007/s00267-020-01291-8,3
DOI:10.1016/j.gloenvcha.2009.01.002,DOI:10.1016/j.crm.2016.12.001,14
DOI:10.1016/j.gloenvcha.2009.01.002,DOI:10.1016/j.crm.2017.01.002,16
DOI:10.1016/j.gloenvcha.2009.01.002,DOI:10.1016/j.crm.2017.03.001,4
DOI:10.1016/j.gloenvcha.2009.01.002,DOI:10.1016/j.ecolecon.2017.08.006,8
DOI:10.1016/j.gloenvcha.2009.01.002,DOI:10.1016/j.foodpol.2014.06.010,5
DOI:10.1016/j.gloenvcha.2009.01.002,DOI:10.1016/j.foodqual.2004.07.001,8
DOI:10.1016/j.gloenvcha.2009.01.002,DOI:10.1016/j.heliyon.2020.e03867,11
DOI:10.1016/j.gloenvcha.2009.01.002,DOI:10.1016/j.ijdrr.2017.05.006,3
DOI:10.1016/j.gloenvcha.2009.01.002,DOI:10.1016/j.jenvman.2012.10.036,16
DOI:10.1016/j.gloenvcha.2009.01.002,DOI:10.1016/j.wace.2021.100374,3
DOI:10.1016/j.gloenvcha.2009.01.002,DOI:10.1017/cbo9780511810176,3
DOI:10.1016/j.gloenvcha.2009.01.002,DOI:10.1093/ajae/aar006,11
DOI:10.1016/j.gloenvcha.2009.01.002,DOI:10.1142/s2010007817500014,3
DOI:10.1016/j.gloenvcha.2009.01.002,DOI:10.1177/1536867x0400400306,7
DOI:10.1016/j.gloenvcha.2009.01.002,DOI:10.1186/s40064-016-2779-z,9
DOI:10.1016/j.gloenvcha.2009.01.002,DOI:10.1186/s40066-017-0144-2],8
DOI:10.1016/j.gloenvcha.2009.01.002,DOI:10.22610/jebs.v11i1(j).2757],5
DOI:10.1016/j.gloenvcha.2009.01.002,DOI:10.2499/0896295354,3
DOI:10.1016/j.gloenvcha.2009.01.002,DOI:10.3368/le.89.4.743,8
DOI:10.1016/j.gloenvcha.2009.01.002,DOI:10.3368/le.90.1.26,10
DOI:10.1016/j.gloenvcha.2009.01.002,DOI:10.3390/su14052847,4
DOI:10.1016/j.gloenvcha.2009.01.002,DOI:10.5194/esd-6-225-2015,11
DOI:10.1016/j.gloenvcha.2009.01.002,DOI:10.5897/jgrp.9000080],3
DOI:10.1016/j.gloenvcha.2009.01.002,"MADDISON D., 2006, CEEPA DISCUSSION PAPER NO. 10",3
DOI:10.1016/j.gloenvcha.2009.01.002,"APATA TG., 2011, ENV EC, V2, P74",3
DOI:10.1016/j.gloenvcha.2009.01.002,DOI:10.1016/j.eja.2009.06.003,4
DOI:10.1016/j.gloenvcha.2009.01.002,DOI:10.1080/17565529.2018.1562866,3
DOI:10.1016/j.gloenvcha.2009.01.002,"BOKO M, 2007, AR4 CLIMATE CHANGE 2007: IMPACTS, ADAPTATION, AND VULNERABILITY, P433",4
DOI:10.1016/j.gloenvcha.2009.01.002,DOI:10.1016/j.cliser.2021.100245,3
DOI:10.1016/j.gloenvcha.2009.01.002,DOI:10.1016/j.ecolecon.2017.03.019,4
DOI:10.1016/j.gloenvcha.2009.01.002,DOI:10.1016/j.gloenvcha.2013.12.011,4
DOI:10.1016/j.gloenvcha.2009.01.002,DOI:10.1111/j.1574-0862.2004.tb00190.x,4
DOI:10.1016/j.gloenvcha.2009.01.002,DOI:10.1186/s13717-018-0118-8,11
DOI:10.1016/j.gloenvcha.2009.01.002,DOI:10.1590/0103-9016-2015-0163,8
DOI:10.1016/j.gloenvcha.2009.01.002,"GBETIBOUO G.A., 2009, IFPRI DISCUSSION PAP",4
DOI:10.1016/j.gloenvcha.2009.01.002,DOI:10.1007/s41685-020-00181-5,4
DOI:10.1016/j.gloenvcha.2009.01.002,DOI:10.1016/j.jenvman.2019.109702,3
DOI:10.1016/j.gloenvcha.2009.01.002,DOI:10.1038/s41598-021-89391-1,4
DOI:10.1016/j.gloenvcha.2009.01.002,DOI:10.1007/s10584-015-1459-2,5
DOI:10.1016/j.gloenvcha.2009.01.002,DOI:10.1016/j.gloenvcha.2011.07.005,3
DOI:10.1016/j.gloenvcha.2009.01.002,DOI:10.1016/j.gloenvcha.2011.11.012,16
DOI:10.1016/j.gloenvcha.2009.01.002,DOI:10.1016/j.landusepol.2014.08.016,8
DOI:10.1016/j.gloenvcha.2009.01.002,DOI:10.1016/j.techfore.2012.08.007,7
DOI:10.1016/j.gloenvcha.2009.01.002,DOI:10.1086/451461,3
DOI:10.1016/j.gloenvcha.2009.01.002,DOI:10.1108/ijccsm-01-2014-0017,4
DOI:10.1016/j.gloenvcha.2009.01.002,"NHEMACHENA C., 2014, JOURNAL OF DEVELOPMENT AND AGRICULTURAL ECONOMICS, V6, P232",4
DOI:10.1016/j.gloenvcha.2009.01.002,DOI:10.1002/ldr.606,3
DOI:10.1016/j.gloenvcha.2009.01.002,DOI:10.1007/s10584-004-0710-z,3
DOI:10.1016/j.gloenvcha.2009.01.002,DOI:10.1007/s11027-007-9099-0,3
DOI:10.1016/j.gloenvcha.2009.01.002,DOI:10.1016/j.crm.2016.11.001,3
DOI:10.1016/j.gloenvcha.2009.01.002,"GUJARATI D.N., 2008, BASIC ECONOMETRICS, V5TH",3
DOI:10.1016/j.gloenvcha.2009.01.002,"[ANONYMOUS], THESIS",4
DOI:10.1016/j.gloenvcha.2009.01.002,"CHALLINOR AJ, 2014, NAT CLIM CHANGE, V4, P287, DOI [10.1038/NCLIMATE2153, 10.1038/NCLIMATE2153]",3
DOI:10.1016/j.gloenvcha.2009.01.002,DOI:10.1007/s10584-016-1836-5,3
DOI:10.1016/j.gloenvcha.2009.01.002,DOI:10.1016/j.ecolecon.2014.07.025,4
DOI:10.1016/j.gloenvcha.2009.01.002,DOI:10.1016/j.ecolecon.2016.07.012,3
DOI:10.1016/j.gloenvcha.2009.01.002,DOI:10.1126/science.1239402,3
DOI:10.1016/j.gloenvcha.2009.01.002,"HASSAN R, 2008, AFR J AGRIC RESOUR E, V2, P83",16
DOI:10.1016/j.gloenvcha.2009.01.002,DOI:10.1007/s10668-018-0150-y,9
DOI:10.1016/j.gloenvcha.2009.01.002,DOI:10.1007/s11027-014-9568-1,3
DOI:10.1016/j.gloenvcha.2009.01.002,DOI:10.1016/j.cliser.2023.100376,3
DOI:10.1016/j.gloenvcha.2009.01.002,DOI:10.1016/j.jclepro.2017.04.060,5
DOI:10.1016/j.gloenvcha.2009.01.002,DOI:10.1016/j.jrurstud.2016.08.005,4
DOI:10.1016/j.gloenvcha.2009.01.002,DOI:10.1016/j.landusepol.2017.10.023,6
DOI:10.1016/j.gloenvcha.2009.01.002,DOI:10.1080/17565529.2015.1034231,3
DOI:10.1016/j.gloenvcha.2009.01.002,DOI:10.3329/bjar.v37i2.11234,3
DOI:10.1016/j.gloenvcha.2009.01.002,DOI:10.9734/bjast/2014/3807],3
DOI:10.1016/j.gloenvcha.2009.01.002,DOI:10.1007/s11027-012-9374-6,3
DOI:10.1016/j.gloenvcha.2009.01.002,DOI:10.1016/j.envsci.2014.04.002,4
DOI:10.1016/j.gloenvcha.2009.01.002,DOI:10.1016/j.envsci.2019.08.006,4
DOI:10.1016/j.gloenvcha.2009.01.002,DOI:10.1016/j.landusepol.2020.104858,6
DOI:10.1016/j.gloenvcha.2009.01.002,DOI:10.1073/pnas.0701890104,4
DOI:10.1016/j.gloenvcha.2009.01.002,DOI:10.1080/20421338.2017.1380358,4
DOI:10.1016/j.gloenvcha.2009.01.002,DOI:10.1080/23311886.2020.1720555,3
DOI:10.1016/j.gloenvcha.2009.01.002,DOI:10.1186/2193-7532-1-13,6
DOI:10.1016/j.gloenvcha.2009.01.002,"HARVEY C. A., 2018, AGRICULTURE & FOOD SECURITY, V7, P57, DOI [10.1186/S40066-018-0209-X, 10.1186/S40066-018-0209-X]",3
DOI:10.1016/j.gloenvcha.2009.01.002,DOI:10.1016/j.crm.2021.100358,3
DOI:10.1016/j.gloenvcha.2009.01.002,DOI:10.1016/s0167-8809(00)00152-3,3
DOI:10.1016/j.gloenvcha.2009.01.002,"GREENE H.W., 2008, ECONOMETRIC ANAL, V6TH",8
DOI:10.1016/j.gloenvcha.2009.01.002,DOI:10.1080/17565529.2014.951013,3
DOI:10.1016/j.gloenvcha.2009.01.002,DOI:10.1016/j.agsy.2019.102697,3
DOI:10.1016/j.gloenvcha.2009.01.002,DOI:10.1016/j.njas.2018.09.001,5
DOI:10.1016/j.gloenvcha.2009.01.002,DOI:10.1016/j.worlddev.2017.09.004,3
DOI:10.1016/j.gloenvcha.2009.01.002,DOI:10.1016/j.ijindorg.2004.08.001,5
DOI:10.1016/j.gloenvcha.2009.01.002,"MADDISON DAVIDJ., 2007, PERCEPTION ADAPTATIO",4
DOI:10.1016/j.gloenvcha.2009.01.002,"NHEMACHENA C., 2007, IFPRI DISCUSSION PAP, P30",5
DOI:10.1016/j.gloenvcha.2009.01.002,DOI:10.1016/j.apgeog.2016.05.009,5
DOI:10.1016/j.gloenvcha.2009.01.002,DOI:10.1016/j.landusepol.2015.04.028,3
DOI:10.1016/j.gloenvcha.2009.01.002,"ACQUAH H. DE G., 2011, JOURNAL OF SUSTAINABLE DEVELOPMENT IN AFRICA, V13, P150",5
DOI:10.1016/j.gloenvcha.2009.01.002,DOI:10.1007/s10668-012-9339-7,9
DOI:10.1016/j.gloenvcha.2009.01.002,DOI:10.12895/jaeid.20141.140,4
DOI:10.1016/j.gloenvcha.2009.01.002,DOI:10.5296/rae.v6i4.6121,4
DOI:10.1016/j.gloenvcha.2009.01.002,DOI:10.5901/ajis.2014.v3n1p147],3
DOI:10.1016/j.gloenvcha.2009.01.002,"GUTU TESSO GUTU TESSO, 2012, INTERNATIONAL RESEARCH JOURNAL OF AGRICULTURAL SCIENCE AND SOIL SCIENCE, V2, P347",3
DOI:10.1016/j.gloenvcha.2009.01.002,"MADDISON D, 2006, DISCUSSION PAPER NO. 10",6
DOI:10.1016/j.gloenvcha.2009.01.002,"[ANONYMOUS], 2007, INT FOOD POLICY RES",3
DOI:10.1016/j.gloenvcha.2009.01.002,DOI:10.1016/j.ecolecon.2013.05.002,8
DOI:10.1016/j.gloenvcha.2009.01.002,DOI:10.1016/j.foodpol.2006.01.003,3
DOI:10.1016/j.gloenvcha.2009.01.002,DOI:10.1016/j.wace.2017.12.002,3
DOI:10.1016/j.gloenvcha.2009.01.002,DOI:10.1093/jae/ejw005,3
DOI:10.1016/j.gloenvcha.2009.01.002,DOI:10.1080/17565529.2018.1442801,4
DOI:10.1016/j.gloenvcha.2009.01.002,DOI:10.1111/j.1574-0862.2010.00445.x,3
DOI:10.1016/j.gloenvcha.2009.01.002,DOI:10.1016/j.envdev.2012.11.004,3
DOI:10.1016/j.gloenvcha.2009.01.002,DOI:10.1007/s10113-013-0443-5,3
DOI:10.1016/j.gloenvcha.2009.01.002,DOI:10.1080/23311843.2019.1636548,4
DOI:10.1016/j.gloenvcha.2009.01.002,DOI:10.1007/s10584-006-9205-4,3
DOI:10.1016/j.gloenvcha.2009.01.002,DOI:10.5897/ajest2015.1926,3
DOI:10.1016/j.gloenvcha.2009.01.002,"[ANONYMOUS], 2010, SYNTHESIS REPORT",3
DOI:10.1016/j.gloenvcha.2009.01.002,DOI:10.1016/j.worlddev.2022.105898,3
DOI:10.1016/j.gloenvcha.2009.01.002,DOI:10.4102/jamba.v13i1.974,4
DOI:10.1016/j.gloenvcha.2009.01.002,DOI:10.1108/ijccsm-10-2017-0192,3
DOI:10.1016/j.gloenvcha.2009.01.002,DOI:10.1007/s00267-013-0039-3,3
DOI:10.1016/j.gloenvcha.2009.01.002,DOI:10.1023/a:1005546716266,4
DOI:10.1016/j.gloenvcha.2009.01.002,"MABE F. N., 2012, RUSSIAN JOURNAL OF AGRICULTURAL AND SOCIO-ECONOMIC SCIENCES, V11, P9",3
DOI:10.1016/j.gloenvcha.2009.01.002,"AMOGNE ASFAW AMOGNE ASFAW, 2017, DEVELOPMENT STUDIES RESEARCH, V4, P22, DOI [10.1080/21665095.2017.1413411, 10.1080/21665095.2017.1413411]",3
DOI:10.1016/j.gloenvcha.2009.01.002,DOI:10.1007/s10584-020-02684-8,6
DOI:10.1016/j.gloenvcha.2009.01.002,"PACHAURI RK, 2014, 2014 IEEE STUDENTS' CONFERENCE ON ELECTRICAL, ELECTRONICS AND COMPUTER SCIENCE (SCEECS)",3
DOI:10.1016/j.gloenvcha.2009.01.002,"TARUVINGA A., 2016, INTERNATIONAL JOURNAL OF ENVIRONMENTAL SCIENCE AND DEVELOPMENT, V7, P687, DOI [10.18178/IJESD.2016.7.9.863, 10.18178/IJESD.2016.7.9.863]",3
DOI:10.1016/j.gloenvcha.2009.01.002,DOI:10.1177/0049124106292361,3
DOI:10.1016/j.gloenvcha.2009.01.002,DOI:10.1186/s40066-016-0075-3,3
DOI:10.1016/j.gloenvcha.2009.01.002,DOI:10.1016/j.jrurstud.2016.02.001,3
DOI:10.1016/j.gloenvcha.2009.01.002,DOI:10.1093/acprof:oso/9780195183528.003.0002,3
DOI:10.1016/j.gloenvcha.2009.01.002,DOI:10.4236/oalib.1103312,8
DOI:10.1016/j.gloenvcha.2009.01.002,"EHIAKPOR DENNIS SEDEM, 2016, COGENT FOOD & AGRICULTURE, V2, DOI [10.1080/23311932.2016.1210557, 10.1080/23311932.2016.1210557]",3
DOI:10.1016/j.gloenvcha.2009.01.002,"COCHRAN W.G., 2007, SAMPLING TECHNIQUES",3
DOI:10.1016/j.gloenvcha.2009.01.002,DOI:10.1016/j.heliyon.2020.e04356,3
DOI:10.1016/j.gloenvcha.2009.01.002,DOI:10.1186/s40068-016-0059-0,3
DOI:10.1016/j.gloenvcha.2009.01.002,DOI:10.1007/s10584-022-03308-z,3
DOI:10.1016/j.gloenvcha.2009.01.002,DOI:10.1111/1477-9552.12099,5
DOI:10.1016/j.gloenvcha.2009.01.002,"WEKESA B. M., 2018, AGRICULTURE AND FOOD SECURITY, V7, DOI [10.1186/S40066-018-0230-0, 10.1186/S40066-018-0230-0]",4
DOI:10.1016/j.gloenvcha.2009.01.002,DOI:10.1108/ijccsm-06-2012-0033,3
DOI:10.1016/j.gloenvcha.2009.01.002,DOI:10.2307/1910997,3
DOI:10.1016/j.gloenvcha.2009.01.002,"YU L., 2008, 08026 IOW STAT U DEP",3
DOI:10.1016/j.gloenvcha.2009.01.002,DOI:10.1007/s10584-018-2239-6,4
DOI:10.1016/j.gloenvcha.2009.01.002,DOI:10.1016/j.crm.2023.100495,3
DOI:10.1016/j.gloenvcha.2009.01.002,DOI:10.1186/s13570-017-0084-2,3
DOI:10.1016/j.gloenvcha.2009.01.002,DOI:10.3390/su10051484,3
DOI:10.1016/j.gloenvcha.2009.01.002,DOI:10.1016/j.agwat.2014.10.011,3
DOI:10.1016/j.gloenvcha.2009.01.002,DOI:10.1080/23311932.2019.1613770,3
DOI:10.1016/j.gloenvcha.2009.05.002,DOI:10.1146/annurev.so.16.080190.002251,3
DOI:10.1016/j.gloenvcha.2009.05.002,DOI:10.5751/es-01396-1001r02,3
DOI:10.1016/j.jenvman.2008.12.001,DOI:10.5751/es-01595-110118,3
DOI:10.1088/1748-9326/5/1/014010,DOI:10.1017/s0021859610000687,3
DOI:10.1146/annurev.so.16.080190.002251,DOI:10.5751/es-01396-1001r02,3
DOI:10.1639/0044-7447(2002)031[0437:rasdba]2.0.co;2,"LAZARUS RJ, 2009, CORNELL LAW REV, V94, P1153",3
DOI:10.1639/0044-7447(2002)031[0437:rasdba]2.0.co;2,"LEBEL L, 2006, ECOL SOC, V11",3
DOI:10.1016/j.gloenvcha.2008.10.003,DOI:10.1016/j.gloenvcha.2005.01.002,3
DOI:10.1080/08111146.2013.778196,DOI:10.1080/01944366908977225,3
DOI:10.1890/070089,DOI:10.1007/s00267-003-0101-7,3
DOI:10.5751/es-07489-200230,"WAMSLER C, 2014, ROUTL CRIT INTRO URB, P1",3
DOI:10.1111/j.1467-9299.2011.01916.x,"PIERRE JONPETERS., 2000, GOVERNANCE, POLITICS AND THE STATE",3
DOI:10.1111/ropr.12236,"LESNIKOWSKI A, 2016, NAT CLIM CHANGE, V6, P261, DOI [10.1038/NCLIMATE2863, 10.1038/NCLIMATE2863]",3
DOI:10.1016/j.habitatint.2013.05.003,DOI:10.1177/1070496514525406,5
DOI:10.1016/j.habitatint.2013.05.003,DOI:10.1007/s10584-019-02484-9,3
DOI:10.1016/j.habitatint.2013.05.003,DOI:10.1016/j.envsci.2017.11.003,3
DOI:10.1016/j.habitatint.2013.05.003,DOI:10.1016/j.envsci.2018.05.017,3
DOI:10.1016/j.habitatint.2013.05.003,DOI:10.1080/13549839.2013.839643,3
DOI:10.1016/j.habitatint.2013.05.003,DOI:10.1080/1523908x.2019.1673154,3
DOI:10.1016/j.habitatint.2013.05.003,DOI:10.4155/cmt.13.81,3
DOI:10.1016/j.marpol.2011.01.005,DOI:10.1016/j.ocecoaman.2009.04.007,3
DOI:10.1016/j.marpol.2011.01.005,DOI:10.1080/08920753.2010.483169,3
DOI:10.1016/j.marpol.2012.10.005,DOI:10.1080/08920753.2010.483169,3
DOI:10.1016/j.ocecoaman.2009.04.007,DOI:10.1080/08920753.2010.483169,3
DOI:10.1177/1070496514525406,DOI:10.4155/cmt.13.81,3
DOI:10.5751/es-05732-180340,DOI:10.1016/j.gloenvcha.2014.01.003,4
DOI:10.5751/es-05732-180340,DOI:10.1038/nclimate2744,4
"LEMOS MC, 2012, NAT CLIM CHANGE, V2, P789, DOI [10.1038/NCLIMATE1614, 10.1038/NCLIMATE1614]",DOI:10.1016/j.cosust.2019.11.009,3
"LEMOS MC, 2012, NAT CLIM CHANGE, V2, P789, DOI [10.1038/NCLIMATE1614, 10.1038/NCLIMATE1614]",DOI:10.1016/j.gloenvcha.2010.11.006,3
DOI:10.1007/s00267-018-1027-4,DOI:10.1007/s10113-018-1283-0,3
DOI:10.1016/j.landusepol.2016.11.033,DOI:10.1080/07036330802144992,3
DOI:10.3390/su10051484,DOI:10.1016/j.crm.2017.01.002,3
DOI:10.3390/su10051484,DOI:10.4236/oalib.1103312,3
DOI:10.3390/su10051484,DOI:10.1186/s13717-018-0118-8,3
DOI:10.1038/s41558-018-0149-2,DOI:10.1126/sciadv.aay9969,3
DOI:10.1073/pnas.1701262114,DOI:10.1890/070211,3
DOI:10.1126/sciadv.aay9969,DOI:10.3389/fmars.2016.00062,3
DOI:10.1126/sciadv.aay9969,DOI:10.1111/gcb.15094,3
DOI:10.1016/j.crm.2017.06.004,DOI:10.1080/09640568.2017.1379958,3
DOI:10.1016/j.crm.2017.06.004,DOI:10.1177/0885412208327014,3
DOI:10.1016/j.ijdrr.2017.05.021,DOI:10.1016/j.pdisas.2021.100195,3
DOI:10.1016/j.ijdrr.2017.05.021,DOI:10.1007/s13753-018-0210-9,4
DOI:10.1016/j.ijdrr.2017.05.021,DOI:10.1016/j.ijdrr.2018.04.023,3
DOI:10.1016/j.ijdrr.2017.05.021,DOI:10.1080/17565529.2019.1613217,3
DOI:10.1061/(asce)1527-6988(2003)4:3(136),DOI:10.1080/14649357.2012.677124,3
DOI:10.1080/01944363.2019.1652108,DOI:10.1177/0885412208327014,3
DOI:10.1080/09640568.2017.1379958,DOI:10.1177/0739456x18801057,3
DOI:10.1080/09640568.2017.1379958,DOI:10.1177/0885412208327014,3
DOI:10.1080/09640568.2017.1379958,DOI:10.1080/01944363.2014.949590,3
DOI:10.1080/13549830701656960,DOI:10.1080/13549839.2010.487525,4
DOI:10.1080/13549830701656960,DOI:10.1007/978-90-481-9325-7_4,3
DOI:10.1080/13549839.2010.487525,DOI:10.1007/978-90-481-9325-7_4,4
DOI:10.1080/13549839.2010.487525,DOI:10.1016/j.gloenvcha.2013.09.019,3
DOI:10.1016/j.jclepro.2020.120474,DOI:10.1016/j.uclim.2018.03.004,3
DOI:10.1080/17565529.2021.1964937,DOI:10.1016/j.gloenvcha.2020.102071,3
DOI:10.1002/wcc.335,DOI:10.1016/j.geoforum.2017.05.011,4
DOI:10.1002/wcc.335,DOI:10.1016/j.geoforum.2010.03.004,3
DOI:10.1016/j.geoforum.2017.05.011,DOI:10.1080/17565529.2013.830954,3
DOI:10.1016/j.geoforum.2017.05.011,DOI:10.1016/j.geoforum.2010.03.004,3
DOI:10.1016/j.geoforum.2017.05.011,DOI:10.1080/00330124.2013.821730,3
DOI:10.1016/j.geoforum.2017.05.011,DOI:10.1016/j.envsci.2017.12.010,3
DOI:10.1016/j.geoforum.2017.05.011,DOI:10.1080/14693062.2014.1003775,3
DOI:10.3233/cl-2011-033,DOI:10.1007/s10584-014-1138-8,3
DOI:10.3763/cdev.2010.0060,"[ANONYMOUS], THESIS",3
DOI:10.3763/cdev.2010.0060,DOI:10.1007/s00267-008-9189-0,4
"[ANONYMOUS], THESIS",DOI:10.1016/j.envsci.2008.11.002,4
"[ANONYMOUS], THESIS",DOI:10.1017/s0021859610000687,3
DOI:10.1073/pnas.0701890104,DOI:10.3354/cr020259,3
DOI:10.1073/pnas.0701890104,"EASTERLING W, 2007, AR4 CLIMATE CHANGE 2007: IMPACTS, ADAPTATION, AND VULNERABILITY, P273",3
DOI:10.1073/pnas.0701890104,DOI:10.1016/j.gloenvcha.2006.03.003,3
DOI:10.1073/pnas.0701890104,DOI:10.1016/j.gloenvcha.2012.01.001,3
DOI:10.1007/s00267-012-0010-8,DOI:10.1016/j.jhydrol.2017.05.009,3
DOI:10.1080/14693062.2023.2208098,DOI:10.1002/eet.1936,3
DOI:10.1080/14693062.2023.2208098,DOI:10.1017/s2047102523000158,3
DOI:10.1038/445597a,DOI:10.1007/s10584-006-9059-9,4
DOI:10.1093/ajae/aar006,"ABRHAM BELAY ABRHAM BELAY, 2017, AGRICULTURE AND FOOD SECURITY, V6, DOI [10.1186/S40066-017-0100-1, 10.1186/S40066-017-0100-1]",6
DOI:10.1093/ajae/aar006,DOI:10.1007/s12571-021-01161-z,3
DOI:10.1093/ajae/aar006,DOI:10.1016/j.crm.2016.12.001,6
DOI:10.1093/ajae/aar006,DOI:10.1016/j.crm.2017.01.002,7
DOI:10.1093/ajae/aar006,DOI:10.1016/j.ecolecon.2017.08.006,6
DOI:10.1093/ajae/aar006,DOI:10.1016/j.foodqual.2004.07.001,3
DOI:10.1093/ajae/aar006,DOI:10.1016/j.heliyon.2020.e03867,3
DOI:10.1093/ajae/aar006,DOI:10.1016/j.ijdrr.2017.05.006,3
DOI:10.1093/ajae/aar006,DOI:10.1016/j.jenvman.2012.10.036,3
DOI:10.1093/ajae/aar006,DOI:10.1016/j.scitotenv.2021.148499,3
DOI:10.1093/ajae/aar006,DOI:10.1016/j.wace.2016.12.001,3
DOI:10.1093/ajae/aar006,DOI:10.1177/1536867x0400400306,4
DOI:10.1093/ajae/aar006,DOI:10.1186/s40064-016-2779-z,4
DOI:10.1093/ajae/aar006,DOI:10.3329/bjar.v39i3.21984,3
DOI:10.1093/ajae/aar006,DOI:10.3368/le.89.4.743,3
DOI:10.1093/ajae/aar006,DOI:10.3368/le.90.1.26,4
DOI:10.1093/ajae/aar006,DOI:10.3390/su14052847,5
DOI:10.1093/ajae/aar006,DOI:10.1016/j.gloenvcha.2011.11.012,5
DOI:10.1093/ajae/aar006,DOI:10.1093/ajae/aav005,4
DOI:10.1093/ajae/aar006,"HASSAN R, 2008, AFR J AGRIC RESOUR E, V2, P83",4
DOI:10.1093/ajae/aar006,DOI:10.1007/s10668-018-0150-y,3
DOI:10.1093/ajae/aar006,DOI:10.1016/j.crm.2023.100495,4
DOI:10.1093/ajae/aar006,DOI:10.1016/j.jrurstud.2016.02.001,3
DOI:10.1093/ajae/aar006,DOI:10.1111/1477-9552.12011,4
DOI:10.1093/ajae/aar006,DOI:10.3390/agriculture12050589,3
DOI:10.1093/ajae/aar006,DOI:10.1016/j.ecolecon.2013.05.002,4
DOI:10.1093/ajae/aar006,DOI:10.1016/j.techfore.2012.08.007,4
DOI:10.1093/ajae/aar006,DOI:10.1016/j.envsci.2008.11.002,3
DOI:10.1093/ajae/aar006,DOI:10.1016/j.landusepol.2019.04.007,6
DOI:10.1093/ajae/aar006,DOI:10.1016/j.ijindorg.2004.08.001,3
DOI:10.1093/ajae/aar006,DOI:10.1017/s0021859610000687,5
DOI:10.1093/ajae/aar006,DOI:10.1111/1477-9552.12099,3
DOI:10.1093/ajae/aar006,DOI:10.1186/s40066-016-0075-3,3
DOI:10.1093/ajae/aar006,DOI:10.1007/s10668-012-9339-7,3
"ATUBE FRANCIS, 2021, AGRICULTURE AND FOOD SECURITY, V10, DOI [10.1186/S40066-020-00279-1, 10.1186/S40066-020-00279-1]",DOI:10.1007/s10668-018-0150-y,4
"ATUBE FRANCIS, 2021, AGRICULTURE AND FOOD SECURITY, V10, DOI [10.1186/S40066-020-00279-1, 10.1186/S40066-020-00279-1]",DOI:10.1007/s12571-019-00965-4,4
"ATUBE FRANCIS, 2021, AGRICULTURE AND FOOD SECURITY, V10, DOI [10.1186/S40066-020-00279-1, 10.1186/S40066-020-00279-1]",DOI:10.1016/j.crm.2016.12.001,7
"ATUBE FRANCIS, 2021, AGRICULTURE AND FOOD SECURITY, V10, DOI [10.1186/S40066-020-00279-1, 10.1186/S40066-020-00279-1]",DOI:10.1016/j.envdev.2017.06.006,4
"ATUBE FRANCIS, 2021, AGRICULTURE AND FOOD SECURITY, V10, DOI [10.1186/S40066-020-00279-1, 10.1186/S40066-020-00279-1]",DOI:10.1016/j.envdev.2018.07.005,3
"ATUBE FRANCIS, 2021, AGRICULTURE AND FOOD SECURITY, V10, DOI [10.1186/S40066-020-00279-1, 10.1186/S40066-020-00279-1]",DOI:10.1016/j.heliyon.2020.e03867,7
"ATUBE FRANCIS, 2021, AGRICULTURE AND FOOD SECURITY, V10, DOI [10.1186/S40066-020-00279-1, 10.1186/S40066-020-00279-1]",DOI:10.1016/j.heliyon.2023.e18514,4
"ATUBE FRANCIS, 2021, AGRICULTURE AND FOOD SECURITY, V10, DOI [10.1186/S40066-020-00279-1, 10.1186/S40066-020-00279-1]",DOI:10.1016/j.scitotenv.2015.07.027,3
"ATUBE FRANCIS, 2021, AGRICULTURE AND FOOD SECURITY, V10, DOI [10.1186/S40066-020-00279-1, 10.1186/S40066-020-00279-1]",DOI:10.1108/ijccsm-01-2019-0002,5
"ATUBE FRANCIS, 2021, AGRICULTURE AND FOOD SECURITY, V10, DOI [10.1186/S40066-020-00279-1, 10.1186/S40066-020-00279-1]",DOI:10.1186/s40068-015-0046-x,3
"ATUBE FRANCIS, 2021, AGRICULTURE AND FOOD SECURITY, V10, DOI [10.1186/S40066-020-00279-1, 10.1186/S40066-020-00279-1]","ABRHAM BELAY ABRHAM BELAY, 2017, AGRICULTURE AND FOOD SECURITY, V6, DOI [10.1186/S40066-017-0100-1, 10.1186/S40066-017-0100-1]",8
"ATUBE FRANCIS, 2021, AGRICULTURE AND FOOD SECURITY, V10, DOI [10.1186/S40066-020-00279-1, 10.1186/S40066-020-00279-1]","AGIDEW A. A., 2018, AGRICULTURAL AND FOOD ECONOMICS, V6, DOI [10.1186/S40100-018-0106-4, 10.1186/S40100-018-0106-4]",3
"ATUBE FRANCIS, 2021, AGRICULTURE AND FOOD SECURITY, V10, DOI [10.1186/S40066-020-00279-1, 10.1186/S40066-020-00279-1]","DE PINTO A., 2019, ADAPTING GLOBAL FOOD",3
"ATUBE FRANCIS, 2021, AGRICULTURE AND FOOD SECURITY, V10, DOI [10.1186/S40066-020-00279-1, 10.1186/S40066-020-00279-1]",DOI:10.1007/s00267-020-01291-8,6
"ATUBE FRANCIS, 2021, AGRICULTURE AND FOOD SECURITY, V10, DOI [10.1186/S40066-020-00279-1, 10.1186/S40066-020-00279-1]",DOI:10.1007/s10584-018-2320-1,3
"ATUBE FRANCIS, 2021, AGRICULTURE AND FOOD SECURITY, V10, DOI [10.1186/S40066-020-00279-1, 10.1186/S40066-020-00279-1]",DOI:10.1007/s10584-019-02581-9,3
"ATUBE FRANCIS, 2021, AGRICULTURE AND FOOD SECURITY, V10, DOI [10.1186/S40066-020-00279-1, 10.1186/S40066-020-00279-1]",DOI:10.1007/s10584-021-03180-3,3
"ATUBE FRANCIS, 2021, AGRICULTURE AND FOOD SECURITY, V10, DOI [10.1186/S40066-020-00279-1, 10.1186/S40066-020-00279-1]",DOI:10.1016/j.crm.2017.01.002,4
"ATUBE FRANCIS, 2021, AGRICULTURE AND FOOD SECURITY, V10, DOI [10.1186/S40066-020-00279-1, 10.1186/S40066-020-00279-1]",DOI:10.1016/j.crm.2021.100333,3
"ATUBE FRANCIS, 2021, AGRICULTURE AND FOOD SECURITY, V10, DOI [10.1186/S40066-020-00279-1, 10.1186/S40066-020-00279-1]",DOI:10.1016/j.ecolecon.2017.08.006,3
"ATUBE FRANCIS, 2021, AGRICULTURE AND FOOD SECURITY, V10, DOI [10.1186/S40066-020-00279-1, 10.1186/S40066-020-00279-1]",DOI:10.1016/j.ijdrr.2017.05.006,4
"ATUBE FRANCIS, 2021, AGRICULTURE AND FOOD SECURITY, V10, DOI [10.1186/S40066-020-00279-1, 10.1186/S40066-020-00279-1]",DOI:10.1016/j.jenvman.2012.10.036,5
"ATUBE FRANCIS, 2021, AGRICULTURE AND FOOD SECURITY, V10, DOI [10.1186/S40066-020-00279-1, 10.1186/S40066-020-00279-1]",DOI:10.1016/j.scitotenv.2021.148499,4
"ATUBE FRANCIS, 2021, AGRICULTURE AND FOOD SECURITY, V10, DOI [10.1186/S40066-020-00279-1, 10.1186/S40066-020-00279-1]",DOI:10.1037/e576842013-001],4
"ATUBE FRANCIS, 2021, AGRICULTURE AND FOOD SECURITY, V10, DOI [10.1186/S40066-020-00279-1, 10.1186/S40066-020-00279-1]",DOI:10.1080/17565529.2019.1710097,3
"ATUBE FRANCIS, 2021, AGRICULTURE AND FOOD SECURITY, V10, DOI [10.1186/S40066-020-00279-1, 10.1186/S40066-020-00279-1]",DOI:10.1111/jac.12191,3
"ATUBE FRANCIS, 2021, AGRICULTURE AND FOOD SECURITY, V10, DOI [10.1186/S40066-020-00279-1, 10.1186/S40066-020-00279-1]",DOI:10.1186/s40066-017-0144-2],6
"ATUBE FRANCIS, 2021, AGRICULTURE AND FOOD SECURITY, V10, DOI [10.1186/S40066-020-00279-1, 10.1186/S40066-020-00279-1]",DOI:10.12944/crnfsj.7.3.02,3
"ATUBE FRANCIS, 2021, AGRICULTURE AND FOOD SECURITY, V10, DOI [10.1186/S40066-020-00279-1, 10.1186/S40066-020-00279-1]",DOI:10.2499/0896295354,3
"ATUBE FRANCIS, 2021, AGRICULTURE AND FOOD SECURITY, V10, DOI [10.1186/S40066-020-00279-1, 10.1186/S40066-020-00279-1]",DOI:10.3329/bjar.v39i3.21984,4
"ATUBE FRANCIS, 2021, AGRICULTURE AND FOOD SECURITY, V10, DOI [10.1186/S40066-020-00279-1, 10.1186/S40066-020-00279-1]",DOI:10.3390/su14052847,4
"ATUBE FRANCIS, 2021, AGRICULTURE AND FOOD SECURITY, V10, DOI [10.1186/S40066-020-00279-1, 10.1186/S40066-020-00279-1]",DOI:10.5194/esd-6-225-2015,6
"ATUBE FRANCIS, 2021, AGRICULTURE AND FOOD SECURITY, V10, DOI [10.1186/S40066-020-00279-1, 10.1186/S40066-020-00279-1]","HEADEY D., 2012, IFPRI - DISCUSSION PAPERS",3
"ATUBE FRANCIS, 2021, AGRICULTURE AND FOOD SECURITY, V10, DOI [10.1186/S40066-020-00279-1, 10.1186/S40066-020-00279-1]",DOI:10.1007/s11027-021-09968-z,4
"ATUBE FRANCIS, 2021, AGRICULTURE AND FOOD SECURITY, V10, DOI [10.1186/S40066-020-00279-1, 10.1186/S40066-020-00279-1]",DOI:10.1007/s12517-022-11004-6],3
"ATUBE FRANCIS, 2021, AGRICULTURE AND FOOD SECURITY, V10, DOI [10.1186/S40066-020-00279-1, 10.1186/S40066-020-00279-1]",DOI:10.1016/j.cliser.2021.100245,3
"ATUBE FRANCIS, 2021, AGRICULTURE AND FOOD SECURITY, V10, DOI [10.1186/S40066-020-00279-1, 10.1186/S40066-020-00279-1]",DOI:10.1016/j.heliyon.2020.e04356,3
"ATUBE FRANCIS, 2021, AGRICULTURE AND FOOD SECURITY, V10, DOI [10.1186/S40066-020-00279-1, 10.1186/S40066-020-00279-1]",DOI:10.1016/j.heliyon.2021.e06231,3
"ATUBE FRANCIS, 2021, AGRICULTURE AND FOOD SECURITY, V10, DOI [10.1186/S40066-020-00279-1, 10.1186/S40066-020-00279-1]",DOI:10.1080/23311932.2019.1613770,4
"ATUBE FRANCIS, 2021, AGRICULTURE AND FOOD SECURITY, V10, DOI [10.1186/S40066-020-00279-1, 10.1186/S40066-020-00279-1]",DOI:10.1186/s13717-018-0118-8,3
"ATUBE FRANCIS, 2021, AGRICULTURE AND FOOD SECURITY, V10, DOI [10.1186/S40066-020-00279-1, 10.1186/S40066-020-00279-1]",DOI:10.1016/j.jrurstud.2016.02.001,3
"ATUBE FRANCIS, 2021, AGRICULTURE AND FOOD SECURITY, V10, DOI [10.1186/S40066-020-00279-1, 10.1186/S40066-020-00279-1]",DOI:10.1038/s41598-021-89391-1,4
"ATUBE FRANCIS, 2021, AGRICULTURE AND FOOD SECURITY, V10, DOI [10.1186/S40066-020-00279-1, 10.1186/S40066-020-00279-1]",DOI:10.1111/j.1467-6419.2007.00527.x,3
"ATUBE FRANCIS, 2021, AGRICULTURE AND FOOD SECURITY, V10, DOI [10.1186/S40066-020-00279-1, 10.1186/S40066-020-00279-1]",DOI:10.1162/003465302317331982,3
"ATUBE FRANCIS, 2021, AGRICULTURE AND FOOD SECURITY, V10, DOI [10.1186/S40066-020-00279-1, 10.1186/S40066-020-00279-1]",DOI:10.3390/agriculture12050589,4
"ATUBE FRANCIS, 2021, AGRICULTURE AND FOOD SECURITY, V10, DOI [10.1186/S40066-020-00279-1, 10.1186/S40066-020-00279-1]",DOI:10.1007/s10584-020-02684-8,4
"ATUBE FRANCIS, 2021, AGRICULTURE AND FOOD SECURITY, V10, DOI [10.1186/S40066-020-00279-1, 10.1186/S40066-020-00279-1]","HARVEY C. A., 2018, AGRICULTURE & FOOD SECURITY, V7, P57, DOI [10.1186/S40066-018-0209-X, 10.1186/S40066-018-0209-X]",3
"ATUBE FRANCIS, 2021, AGRICULTURE AND FOOD SECURITY, V10, DOI [10.1186/S40066-020-00279-1, 10.1186/S40066-020-00279-1]",DOI:10.1016/j.landusepol.2019.04.007,5
"ATUBE FRANCIS, 2021, AGRICULTURE AND FOOD SECURITY, V10, DOI [10.1186/S40066-020-00279-1, 10.1186/S40066-020-00279-1]",DOI:10.1016/j.landusepol.2020.104858,3
DOI:10.1007/s00267-013-0039-3,DOI:10.1016/j.heliyon.2020.e03867,3
DOI:10.1007/s00267-013-0039-3,DOI:10.1108/ijccsm-01-2019-0002,3
DOI:10.1007/s00267-013-0039-3,DOI:10.1186/s40068-015-0046-x,3
DOI:10.1007/s00267-013-0039-3,"ABRHAM BELAY ABRHAM BELAY, 2017, AGRICULTURE AND FOOD SECURITY, V6, DOI [10.1186/S40066-017-0100-1, 10.1186/S40066-017-0100-1]",3
DOI:10.1007/s00267-013-0039-3,DOI:10.1016/j.envsci.2008.11.002,3
DOI:10.1007/s00267-013-0039-3,DOI:10.1017/s0021859610000687,3
DOI:10.1007/s10668-018-0150-y,DOI:10.1016/j.crm.2016.12.001,6
DOI:10.1007/s10668-018-0150-y,DOI:10.1016/j.heliyon.2020.e03867,7
DOI:10.1007/s10668-018-0150-y,DOI:10.1016/j.heliyon.2023.e18514,3
DOI:10.1007/s10668-018-0150-y,DOI:10.1108/ijccsm-01-2019-0002,3
DOI:10.1007/s10668-018-0150-y,DOI:10.1007/s11027-021-09968-z,3
DOI:10.1007/s10668-018-0150-y,DOI:10.1016/j.cliser.2023.100376,3
DOI:10.1007/s10668-018-0150-y,DOI:10.1016/j.jenvman.2019.02.028,3
DOI:10.1007/s10668-018-0150-y,DOI:10.1016/j.landusepol.2017.10.023,4
DOI:10.1007/s10668-018-0150-y,DOI:10.1186/s13717-018-0118-8,4
DOI:10.1007/s10668-018-0150-y,"ABRHAM BELAY ABRHAM BELAY, 2017, AGRICULTURE AND FOOD SECURITY, V6, DOI [10.1186/S40066-017-0100-1, 10.1186/S40066-017-0100-1]",7
DOI:10.1007/s10668-018-0150-y,DOI:10.1016/j.wace.2017.12.002,3
DOI:10.1007/s10668-018-0150-y,DOI:10.1080/23311843.2019.1636548,3
DOI:10.1007/s10668-018-0150-y,DOI:10.1186/s40066-017-0144-2],4
DOI:10.1007/s10668-018-0150-y,DOI:10.1007/s10584-020-02684-8,3
DOI:10.1007/s10668-018-0150-y,DOI:10.1016/j.crm.2017.01.002,4
DOI:10.1007/s10668-018-0150-y,DOI:10.1016/j.gloenvcha.2011.11.012,4
DOI:10.1007/s10668-018-0150-y,DOI:10.22610/jebs.v11i1(j).2757],3
DOI:10.1007/s10668-018-0150-y,"HASSAN R, 2008, AFR J AGRIC RESOUR E, V2, P83",3
DOI:10.1007/s10668-018-0150-y,DOI:10.1016/j.jenvman.2012.10.036,5
DOI:10.1007/s10668-018-0150-y,DOI:10.1016/j.landusepol.2019.04.007,7
DOI:10.1007/s10668-018-0150-y,DOI:10.5194/esd-6-225-2015,4
DOI:10.1007/s10668-018-0150-y,DOI:10.1017/s0021859610000687,3
DOI:10.1007/s12571-019-00965-4,DOI:10.1016/j.crm.2016.12.001,4
DOI:10.1007/s12571-019-00965-4,"AGIDEW A. A., 2018, AGRICULTURAL AND FOOD ECONOMICS, V6, DOI [10.1186/S40100-018-0106-4, 10.1186/S40100-018-0106-4]",3
DOI:10.1007/s12571-019-00965-4,"DE PINTO A., 2019, ADAPTING GLOBAL FOOD",3
DOI:10.1007/s12571-019-00965-4,DOI:10.1007/s00267-020-01291-8,3
DOI:10.1007/s12571-019-00965-4,DOI:10.1007/s10584-018-2320-1,3
DOI:10.1007/s12571-019-00965-4,DOI:10.1007/s10584-021-03180-3,3
DOI:10.1007/s12571-019-00965-4,DOI:10.1016/j.crm.2021.100333,3
DOI:10.1007/s12571-019-00965-4,DOI:10.1016/j.ijdrr.2017.05.006,3
DOI:10.1007/s12571-019-00965-4,DOI:10.1016/j.jenvman.2012.10.036,3
DOI:10.1007/s12571-019-00965-4,DOI:10.1037/e576842013-001],3
DOI:10.1007/s12571-019-00965-4,DOI:10.1080/17565529.2019.1710097,3
DOI:10.1007/s12571-019-00965-4,DOI:10.1111/jac.12191,3
DOI:10.1007/s12571-019-00965-4,DOI:10.1186/s40066-017-0144-2],3
DOI:10.1007/s12571-019-00965-4,DOI:10.12944/crnfsj.7.3.02,3
DOI:10.1007/s12571-019-00965-4,DOI:10.3390/su14052847,3
DOI:10.1007/s12571-019-00965-4,DOI:10.5194/esd-6-225-2015,3
DOI:10.1007/s12571-019-00965-4,"HEADEY D., 2012, IFPRI - DISCUSSION PAPERS",3
DOI:10.1016/j.crm.2016.12.001,DOI:10.1016/j.heliyon.2020.e03867,8
DOI:10.1016/j.crm.2016.12.001,DOI:10.1108/ijccsm-01-2019-0002,5
DOI:10.1016/j.crm.2016.12.001,DOI:10.1186/s40068-015-0046-x,3
DOI:10.1016/j.crm.2016.12.001,"ABRHAM BELAY ABRHAM BELAY, 2017, AGRICULTURE AND FOOD SECURITY, V6, DOI [10.1186/S40066-017-0100-1, 10.1186/S40066-017-0100-1]",9
DOI:10.1016/j.crm.2016.12.001,"AGIDEW A. A., 2018, AGRICULTURAL AND FOOD ECONOMICS, V6, DOI [10.1186/S40100-018-0106-4, 10.1186/S40100-018-0106-4]",3
DOI:10.1016/j.crm.2016.12.001,"DE PINTO A., 2019, ADAPTING GLOBAL FOOD",3
DOI:10.1016/j.crm.2016.12.001,DOI:10.1007/s00267-020-01291-8,5
DOI:10.1016/j.crm.2016.12.001,DOI:10.1007/s10584-018-2320-1,3
DOI:10.1016/j.crm.2016.12.001,DOI:10.1007/s10584-021-03180-3,3
DOI:10.1016/j.crm.2016.12.001,DOI:10.1016/j.crm.2017.01.002,10
DOI:10.1016/j.crm.2016.12.001,DOI:10.1016/j.crm.2017.03.001,3
DOI:10.1016/j.crm.2016.12.001,DOI:10.1016/j.crm.2021.100333,3
DOI:10.1016/j.crm.2016.12.001,DOI:10.1016/j.ecolecon.2017.08.006,7
DOI:10.1016/j.crm.2016.12.001,DOI:10.1016/j.foodpol.2014.06.010,5
DOI:10.1016/j.crm.2016.12.001,DOI:10.1016/j.foodqual.2004.07.001,3
DOI:10.1016/j.crm.2016.12.001,DOI:10.1016/j.ijdrr.2017.05.006,5
DOI:10.1016/j.crm.2016.12.001,DOI:10.1016/j.jenvman.2012.10.036,8
DOI:10.1016/j.crm.2016.12.001,DOI:10.1016/j.scitotenv.2020.141151,3
DOI:10.1016/j.crm.2016.12.001,DOI:10.1016/j.scitotenv.2021.148499,4
DOI:10.1016/j.crm.2016.12.001,DOI:10.1037/e576842013-001],3
DOI:10.1016/j.crm.2016.12.001,DOI:10.1080/17565529.2019.1710097,3
DOI:10.1016/j.crm.2016.12.001,DOI:10.1111/jac.12191,3
DOI:10.1016/j.crm.2016.12.001,DOI:10.1177/1536867x1101100303,3
DOI:10.1016/j.crm.2016.12.001,DOI:10.1186/s40064-016-2779-z,5
DOI:10.1016/j.crm.2016.12.001,DOI:10.1186/s40066-017-0144-2],5
DOI:10.1016/j.crm.2016.12.001,DOI:10.12944/crnfsj.7.3.02,3
DOI:10.1016/j.crm.2016.12.001,DOI:10.22610/jebs.v11i1(j).2757],5
DOI:10.1016/j.crm.2016.12.001,DOI:10.3329/bjar.v39i3.21984,3
DOI:10.1016/j.crm.2016.12.001,DOI:10.3368/le.90.1.26,6
DOI:10.1016/j.crm.2016.12.001,DOI:10.3390/su14052847,5
DOI:10.1016/j.crm.2016.12.001,DOI:10.5194/esd-6-225-2015,10
DOI:10.1016/j.crm.2016.12.001,DOI:10.5897/jgrp.9000080],3
DOI:10.1016/j.crm.2016.12.001,"HEADEY D., 2012, IFPRI - DISCUSSION PAPERS",3
DOI:10.1016/j.crm.2016.12.001,"MADDISON D., 2006, CEEPA DISCUSSION PAPER NO. 10",3
DOI:10.1016/j.crm.2016.12.001,DOI:10.1007/s10640-011-9538-y,3
DOI:10.1016/j.crm.2016.12.001,DOI:10.1016/j.crm.2023.100495,4
DOI:10.1016/j.crm.2016.12.001,DOI:10.1016/j.heliyon.2018.e00797,4
DOI:10.1016/j.crm.2016.12.001,DOI:10.1016/j.jrurstud.2016.02.001,3
DOI:10.1016/j.crm.2016.12.001,DOI:10.1038/s41598-021-89391-1,5
DOI:10.1016/j.crm.2016.12.001,DOI:10.1080/17565529.2018.1442801,3
DOI:10.1016/j.crm.2016.12.001,DOI:10.1080/23311843.2019.1636548,4
DOI:10.1016/j.crm.2016.12.001,DOI:10.1080/23311932.2019.1613770,3
DOI:10.1016/j.crm.2016.12.001,DOI:10.1111/1477-9552.12011,3
DOI:10.1016/j.crm.2016.12.001,DOI:10.1111/j.1467-6419.2007.00527.x,4
DOI:10.1016/j.crm.2016.12.001,DOI:10.1162/003465302317331982,3
DOI:10.1016/j.crm.2016.12.001,DOI:10.1186/s13717-018-0118-8,5
DOI:10.1016/j.crm.2016.12.001,DOI:10.3390/agriculture12050589,3
DOI:10.1016/j.crm.2016.12.001,DOI:10.1016/j.crm.2021.100288,3
DOI:10.1016/j.crm.2016.12.001,DOI:10.1016/j.ecolind.2020.106781,3
DOI:10.1016/j.crm.2016.12.001,DOI:10.1016/j.envsci.2020.10.012,3
DOI:10.1016/j.crm.2016.12.001,DOI:10.1016/j.gloenvcha.2011.11.012,7
DOI:10.1016/j.crm.2016.12.001,DOI:10.1016/j.heliyon.2021.e06231,7
DOI:10.1016/j.crm.2016.12.001,DOI:10.1016/j.jrurstud.2016.08.005,3
DOI:10.1016/j.crm.2016.12.001,DOI:10.1016/j.landusepol.2019.104395,3
DOI:10.1016/j.crm.2016.12.001,DOI:10.1007/s10584-020-02684-8,7
DOI:10.1016/j.crm.2016.12.001,DOI:10.1093/biomet/70.1.41,3
DOI:10.1016/j.crm.2016.12.001,DOI:10.1017/cbo9780511811241,3
DOI:10.1016/j.crm.2016.12.001,DOI:10.1257/jel.47.1.5,3
DOI:10.1016/j.crm.2016.12.001,DOI:10.1590/0103-9016-2015-0163,4
DOI:10.1016/j.crm.2016.12.001,"GREENE W.H., 2003, ECONOMETRIC ANAL, V5TH",3
DOI:10.1016/j.crm.2016.12.001,"HASSAN R, 2008, AFR J AGRIC RESOUR E, V2, P83",4
DOI:10.1016/j.crm.2016.12.001,DOI:10.1016/j.envsci.2008.11.002,4
DOI:10.1016/j.crm.2016.12.001,DOI:10.1016/j.landusepol.2020.104858,4
DOI:10.1016/j.crm.2016.12.001,DOI:10.1017/s0021859610000687,5
DOI:10.1016/j.crm.2016.12.001,"LEGESSE B., 2013, ASIAN J. EMPIR. RES., V3, P251",3
DOI:10.1016/j.crm.2016.12.001,DOI:10.1007/s10668-012-9339-7,3
DOI:10.1016/j.crm.2016.12.001,DOI:10.1016/j.landusepol.2014.08.016,3
DOI:10.1016/j.crm.2016.12.001,DOI:10.1016/j.landusepol.2017.10.023,4
DOI:10.1016/j.crm.2016.12.001,DOI:10.1016/j.landusepol.2019.04.007,9
DOI:10.1016/j.crm.2016.12.001,DOI:10.1016/j.techfore.2012.08.007,4
DOI:10.1016/j.crm.2016.12.001,DOI:10.1016/j.envsci.2014.04.002,3
DOI:10.1016/j.crm.2016.12.001,DOI:10.1093/acprof:oso/9780195183528.003.0002,3
DOI:10.1016/j.crm.2016.12.001,DOI:10.4236/oalib.1103312,4
DOI:10.1016/j.crm.2016.12.001,"MADDISON D, 2006, DISCUSSION PAPER NO. 10",3
DOI:10.1016/j.envdev.2017.06.006,DOI:10.1016/j.envdev.2018.07.005,4
DOI:10.1016/j.envdev.2017.06.006,DOI:10.1016/j.heliyon.2020.e03867,4
DOI:10.1016/j.envdev.2017.06.006,DOI:10.1016/j.heliyon.2023.e18514,3
DOI:10.1016/j.envdev.2017.06.006,"ABRHAM BELAY ABRHAM BELAY, 2017, AGRICULTURE AND FOOD SECURITY, V6, DOI [10.1186/S40066-017-0100-1, 10.1186/S40066-017-0100-1]",3
DOI:10.1016/j.envdev.2017.06.006,DOI:10.1016/j.cliser.2021.100245,3
DOI:10.1016/j.envdev.2017.06.006,DOI:10.1016/j.ecolecon.2017.08.006,3
DOI:10.1016/j.envdev.2017.06.006,DOI:10.1016/j.heliyon.2021.e06231,3
DOI:10.1016/j.envdev.2017.06.006,DOI:10.1016/j.landusepol.2019.04.007,3
DOI:10.1016/j.envdev.2017.06.006,DOI:10.1016/j.crm.2017.01.002,3
DOI:10.1016/j.envdev.2018.07.005,DOI:10.1016/j.heliyon.2020.e03867,3
DOI:10.1016/j.envdev.2018.07.005,DOI:10.1016/j.heliyon.2023.e18514,3
DOI:10.1016/j.envdev.2018.07.005,DOI:10.1016/j.cliser.2021.100245,3
DOI:10.1016/j.heliyon.2020.e03867,DOI:10.1016/j.heliyon.2023.e18514,4
DOI:10.1016/j.heliyon.2020.e03867,DOI:10.1016/j.ijdrr.2021.102255,4
DOI:10.1016/j.heliyon.2020.e03867,DOI:10.1108/ijccsm-01-2019-0002,5
DOI:10.1016/j.heliyon.2020.e03867,DOI:10.1186/s40068-015-0046-x,4
DOI:10.1016/j.heliyon.2020.e03867,"ABRHAM BELAY ABRHAM BELAY, 2017, AGRICULTURE AND FOOD SECURITY, V6, DOI [10.1186/S40066-017-0100-1, 10.1186/S40066-017-0100-1]",10
DOI:10.1016/j.heliyon.2020.e03867,DOI:10.1007/s00267-020-01291-8,3
DOI:10.1016/j.heliyon.2020.e03867,DOI:10.1016/j.crm.2017.01.002,5
DOI:10.1016/j.heliyon.2020.e03867,DOI:10.1016/j.ecolecon.2017.08.006,5
DOI:10.1016/j.heliyon.2020.e03867,DOI:10.1016/j.foodqual.2004.07.001,3
DOI:10.1016/j.heliyon.2020.e03867,DOI:10.1016/j.jenvman.2012.10.036,4
DOI:10.1016/j.heliyon.2020.e03867,DOI:10.1016/j.scitotenv.2020.141151,3
DOI:10.1016/j.heliyon.2020.e03867,DOI:10.1016/j.scitotenv.2021.148499,4
DOI:10.1016/j.heliyon.2020.e03867,DOI:10.1177/1536867x1101100303,3
DOI:10.1016/j.heliyon.2020.e03867,DOI:10.1186/s40066-017-0144-2],3
DOI:10.1016/j.heliyon.2020.e03867,DOI:10.22610/jebs.v11i1(j).2757],3
DOI:10.1016/j.heliyon.2020.e03867,DOI:10.3368/le.90.1.26,3
DOI:10.1016/j.heliyon.2020.e03867,DOI:10.3390/su14052847,3
DOI:10.1016/j.heliyon.2020.e03867,DOI:10.5194/esd-6-225-2015,4
DOI:10.1016/j.heliyon.2020.e03867,DOI:10.1016/j.cliser.2021.100245,6
DOI:10.1016/j.heliyon.2020.e03867,DOI:10.1016/j.jaridenv.2017.01.007,3
DOI:10.1016/j.heliyon.2020.e03867,DOI:10.1186/s13717-018-0118-8,5
DOI:10.1016/j.heliyon.2020.e03867,DOI:10.1590/0103-9016-2015-0163,5
DOI:10.1016/j.heliyon.2020.e03867,DOI:10.1007/s41685-020-00181-5,3
DOI:10.1016/j.heliyon.2020.e03867,DOI:10.1016/j.landusepol.2020.104628,4
DOI:10.1016/j.heliyon.2020.e03867,DOI:10.1007/s11027-021-09968-z,4
DOI:10.1016/j.heliyon.2020.e03867,DOI:10.1016/j.jclepro.2017.04.060,3
DOI:10.1016/j.heliyon.2020.e03867,DOI:10.1016/j.jrurstud.2016.08.005,4
DOI:10.1016/j.heliyon.2020.e03867,DOI:10.1016/j.landusepol.2017.10.023,5
DOI:10.1016/j.heliyon.2020.e03867,DOI:10.1016/j.cliser.2023.100381,3
DOI:10.1016/j.heliyon.2020.e03867,DOI:10.1016/j.heliyon.2020.e04356,4
DOI:10.1016/j.heliyon.2020.e03867,DOI:10.1016/j.heliyon.2021.e06231,5
DOI:10.1016/j.heliyon.2020.e03867,DOI:10.1080/23311843.2019.1636548,4
DOI:10.1016/j.heliyon.2020.e03867,DOI:10.4102/jamba.v13i1.974,4
DOI:10.1016/j.heliyon.2020.e03867,DOI:10.1007/s42452-021-04503-w,3
DOI:10.1016/j.heliyon.2020.e03867,DOI:10.1016/j.heliyon.2020.e04373,4
DOI:10.1016/j.heliyon.2020.e03867,DOI:10.1017/s0021859610000687,6
DOI:10.1016/j.heliyon.2020.e03867,DOI:10.1186/s40064-016-3042-3,3
DOI:10.1016/j.heliyon.2020.e03867,DOI:10.4236/ajcc.2022.112005],3
DOI:10.1016/j.heliyon.2020.e03867,DOI:10.1016/j.ecolind.2020.106475,3
DOI:10.1016/j.heliyon.2020.e03867,DOI:10.1016/j.njas.2018.09.001,3
DOI:10.1016/j.heliyon.2020.e03867,DOI:10.1007/s10584-020-02684-8,5
DOI:10.1016/j.heliyon.2020.e03867,DOI:10.1016/j.landusepol.2019.04.007,6
DOI:10.1016/j.heliyon.2020.e03867,DOI:10.1016/j.landusepol.2020.104858,3
DOI:10.1016/j.heliyon.2020.e03867,DOI:10.1016/j.techfore.2012.08.007,3
DOI:10.1016/j.heliyon.2023.e18514,"ABRHAM BELAY ABRHAM BELAY, 2017, AGRICULTURE AND FOOD SECURITY, V6, DOI [10.1186/S40066-017-0100-1, 10.1186/S40066-017-0100-1]",3
DOI:10.1016/j.heliyon.2023.e18514,DOI:10.1016/j.cliser.2021.100245,4
DOI:10.1016/j.heliyon.2023.e18514,DOI:10.1016/j.cliser.2023.100381,3
DOI:10.1016/j.heliyon.2023.e18514,DOI:10.3390/su13031308,3
DOI:10.1108/ijccsm-01-2019-0002,DOI:10.1186/s40068-015-0046-x,4
DOI:10.1108/ijccsm-01-2019-0002,"ABRHAM BELAY ABRHAM BELAY, 2017, AGRICULTURE AND FOOD SECURITY, V6, DOI [10.1186/S40066-017-0100-1, 10.1186/S40066-017-0100-1]",3
DOI:10.1108/ijccsm-01-2019-0002,DOI:10.1007/s10640-011-9538-y,3
DOI:10.1108/ijccsm-01-2019-0002,DOI:10.1016/j.jenvman.2012.10.036,3
DOI:10.1108/ijccsm-01-2019-0002,DOI:10.5194/esd-6-225-2015,3
DOI:10.1186/s40068-015-0046-x,"ABRHAM BELAY ABRHAM BELAY, 2017, AGRICULTURE AND FOOD SECURITY, V6, DOI [10.1186/S40066-017-0100-1, 10.1186/S40066-017-0100-1]",4
DOI:10.1186/s40068-015-0046-x,DOI:10.5194/esd-6-225-2015,3
"BRYMAN A., 2016, SOCIAL RESEARCH METHODS",DOI:10.1177/1609406917733847,3
"CARMIN JOANN., 2012, PROGRESS AND CHALLENGES IN URBAN CLIMATE ADAPTATION PLANNING: RESULTS OF A GLOBAL SURVEY",DOI:10.1080/01944360802377973,4
DOI:10.1007/s10584-019-02484-9,DOI:10.1016/j.cities.2020.102717,3
DOI:10.1007/s10584-019-02484-9,DOI:10.1016/j.envsci.2017.11.003,3
DOI:10.1007/s10584-019-02484-9,DOI:10.1016/j.envsci.2018.05.017,3
DOI:10.1007/s10584-019-02484-9,DOI:10.1080/13549839.2013.839643,3
DOI:10.1007/s10584-019-02484-9,DOI:10.1080/1523908x.2019.1673154,3
DOI:10.1007/s10584-019-02484-9,DOI:10.1111/1477-8947.12262,3
DOI:10.1007/s10584-019-02484-9,DOI:10.1080/01944363.2014.949590,3
DOI:10.1016/j.envsci.2017.11.003,DOI:10.1016/j.envsci.2018.05.017,3
DOI:10.1016/j.envsci.2017.11.003,DOI:10.1080/13549839.2013.839643,3
DOI:10.1016/j.envsci.2017.11.003,DOI:10.1080/1523908x.2019.1673154,3
DOI:10.1016/j.envsci.2018.05.017,DOI:10.1080/13549839.2013.839643,3
DOI:10.1016/j.envsci.2018.05.017,DOI:10.1080/1523908x.2019.1673154,3
DOI:10.1068/c1234,DOI:10.1071/cp11172,3
DOI:10.1080/13549839.2013.839643,DOI:10.1080/1523908x.2019.1673154,3
DOI:10.1111/1477-8947.12262,DOI:10.1016/j.uclim.2018.03.004,3
"LESNIKOWSKI A, 2016, NAT CLIM CHANGE, V6, P261, DOI [10.1038/NCLIMATE2863, 10.1038/NCLIMATE2863]",DOI:10.1126/science.aaf5002,5
"LESNIKOWSKI A, 2016, NAT CLIM CHANGE, V6, P261, DOI [10.1038/NCLIMATE2863, 10.1038/NCLIMATE2863]",DOI:10.1002/wcc.548,3
"LESNIKOWSKI A, 2016, NAT CLIM CHANGE, V6, P261, DOI [10.1038/NCLIMATE2863, 10.1038/NCLIMATE2863]",DOI:10.1007/978-1-349-17169-9],3
"LESNIKOWSKI A, 2016, NAT CLIM CHANGE, V6, P261, DOI [10.1038/NCLIMATE2863, 10.1038/NCLIMATE2863]",DOI:10.1007/s11027-013-9491-x,5
"LESNIKOWSKI A, 2016, NAT CLIM CHANGE, V6, P261, DOI [10.1038/NCLIMATE2863, 10.1038/NCLIMATE2863]",DOI:10.1007/s11269-017-1765-8,3
"LESNIKOWSKI A, 2016, NAT CLIM CHANGE, V6, P261, DOI [10.1038/NCLIMATE2863, 10.1038/NCLIMATE2863]",DOI:10.1016/j.gloenvcha.2014.01.003,6
"LESNIKOWSKI A, 2016, NAT CLIM CHANGE, V6, P261, DOI [10.1038/NCLIMATE2863, 10.1038/NCLIMATE2863]",DOI:10.1111/psj.12095,4
"LESNIKOWSKI A, 2016, NAT CLIM CHANGE, V6, P261, DOI [10.1038/NCLIMATE2863, 10.1038/NCLIMATE2863]",DOI:10.1007/s10584-014-1078-3,6
"LESNIKOWSKI A, 2016, NAT CLIM CHANGE, V6, P261, DOI [10.1038/NCLIMATE2863, 10.1038/NCLIMATE2863]",DOI:10.1016/j.gloenvcha.2013.04.008,3
"LESNIKOWSKI A, 2016, NAT CLIM CHANGE, V6, P261, DOI [10.1038/NCLIMATE2863, 10.1038/NCLIMATE2863]",DOI:10.1038/nclimate2744,3
DOI:10.1098/rsta.2010.0277,DOI:10.1071/cp11172,3
DOI:10.1098/rsta.2010.0277,DOI:10.1073/pnas.1115521109,4
"MCGRAY H., 2007, WEATHERING THE STORM: OPTIONS FOR FRAMING ADAPTATION AND DEVELOPMENT",DOI:10.1073/pnas.1115521109,3
DOI:10.1016/j.gloenvcha.2008.08.005,DOI:10.1016/j.agsy.2009.05.002,3
DOI:10.1007/978-3-642-29831-8_3,DOI:10.1007/bf02832229,3
DOI:10.1007/978-3-642-29831-8_3,DOI:10.1177/0018726708100356,3
DOI:10.1007/s10584-006-9072-z,DOI:10.1023/b:clim.0000024781.48904.45,3
DOI:10.1016/j.envsci.2012.10.010,DOI:10.1177/0018726708100356,5
DOI:10.1016/j.envsci.2012.10.010,"VAN LIESHOUT M, 2011, ECOL SOC, V16",3
DOI:10.1016/j.envsci.2012.10.010,"[ANONYMOUS], 2004, MANAGING UNCERTAINTI",3
DOI:10.1016/j.envsci.2012.10.010,DOI:10.1016/j.envsci.2012.12.016,3
DOI:10.1177/0018726708100356,"VAN LIESHOUT M, 2011, ECOL SOC, V16",3
DOI:10.1177/0018726708100356,DOI:10.1016/j.envsci.2012.12.016,3
"VAN VUUREN DP, 2011, CLIMATIC CHANGE, V109, P5, DOI [10.1007/S10584-011-0148-Z, 10.1007/S10584-011-0157-Y]",DOI:10.1016/s1161-0301(02)00107-7,3
DOI:10.1111/j.1539-6924.1999.tb00421.x,DOI:10.1007/s10584-006-9059-9,3
"ADGER WN, 2005, ECOL SOC, V10",DOI:10.1016/j.agsy.2009.05.002,3
"ADGER WN, 2005, ECOL SOC, V10",DOI:10.1016/j.ecolecon.2015.03.024,3
"ADGER WN, 2005, ECOL SOC, V10",DOI:10.1111/j.1365-2427.2009.02374.x,3
"ADGER WN, 2005, ECOL SOC, V10",DOI:10.1111/j.1540-5907.2010.00451.x,3
"ADGER WN, 2005, ECOL SOC, V10",DOI:10.1111/psj.12028,3
"ADGER WN, 2005, ECOL SOC, V10",DOI:10.2307/1952530,3
"ADGER WN, 2005, ECOL SOC, V10","HUQ S, 2004, CLIM POLICY, V4, P25",3
DOI:10.1016/j.gloenvcha.2005.01.002,DOI:10.1016/j.gloenvcha.2008.04.002,3
DOI:10.1016/j.gloenvcha.2005.01.002,DOI:10.1002/wcc.120,3
DOI:10.1016/j.gloenvcha.2005.01.002,"KLEIN RJT, 2014, CLIMATE CHANGE 2014: IMPACTS, ADAPTATION, AND VULNERABILITY, PT A: GLOBAL AND SECTORAL ASPECTS, P899",3
DOI:10.5751/es-01595-110118,DOI:10.1007/s00267-003-0101-7,3
DOI:10.5751/es-01595-110118,DOI:10.1007/s11077-006-9027-2,4
DOI:10.5751/es-01595-110118,DOI:10.1016/j.gloenvcha.2011.04.006,4
DOI:10.1007/s10464-007-9156-6,DOI:10.1080/14649357.2012.677124,3
DOI:10.1016/j.gloenvcha.2006.04.002,"TSCHAKERT P, 2010, ECOL SOC, V15",3
DOI:10.1080/14649357.2012.677124,DOI:10.1016/j.cities.2012.05.004,3
DOI:10.1080/14649357.2012.677124,DOI:10.1016/j.cosust.2010.12.014,3
DOI:10.1007/s11027-013-9491-x,DOI:10.1080/19463138.2019.1583234,3
DOI:10.1007/s11027-013-9491-x,DOI:10.1007/s10584-014-1078-3,3
"MILLER F, 2010, ECOL SOC, V15","TSCHAKERT P, 2010, ECOL SOC, V15",3
DOI:10.1002/wcc.193,DOI:10.1002/jid.1772,3
DOI:10.1016/j.agsy.2009.05.002,DOI:10.1016/j.ecolecon.2015.03.024,3
DOI:10.1016/j.agsy.2009.05.002,DOI:10.1111/j.1365-2427.2009.02374.x,3
DOI:10.1016/j.agsy.2009.05.002,DOI:10.1111/j.1540-5907.2010.00451.x,3
DOI:10.1016/j.agsy.2009.05.002,DOI:10.1111/psj.12028,3
DOI:10.1016/j.agsy.2009.05.002,DOI:10.2307/1952530,3
DOI:10.1016/j.agsy.2009.05.002,"HUQ S, 2004, CLIM POLICY, V4, P25",3
DOI:10.1016/j.ecolecon.2015.03.024,DOI:10.1111/j.1365-2427.2009.02374.x,3
DOI:10.1016/j.ecolecon.2015.03.024,DOI:10.1111/j.1540-5907.2010.00451.x,3
DOI:10.1016/j.ecolecon.2015.03.024,DOI:10.1111/psj.12028,3
DOI:10.1016/j.ecolecon.2015.03.024,DOI:10.2307/1952530,3
DOI:10.1016/j.ecolecon.2015.03.024,"HUQ S, 2004, CLIM POLICY, V4, P25",3
DOI:10.1016/j.gloenvcha.2014.01.003,DOI:10.1007/s10113-014-0648-2,3
DOI:10.1016/j.gloenvcha.2014.01.003,DOI:10.1007/s10584-013-0846-9,4
DOI:10.1016/j.gloenvcha.2014.01.003,DOI:10.1016/j.jenvman.2015.11.043,3
DOI:10.1016/j.gloenvcha.2014.01.003,DOI:10.1111/psj.12095,4
DOI:10.1016/j.gloenvcha.2014.01.003,DOI:10.1126/science.aaf5002,4
DOI:10.1016/j.gloenvcha.2014.01.003,DOI:10.1038/nclimate2744,4
DOI:10.1016/j.gloenvcha.2014.01.003,DOI:10.1007/s10584-014-1078-3,4
DOI:10.1016/j.gloenvcha.2014.01.003,DOI:10.1073/pnas.1115521109,3
DOI:10.1111/j.1365-2427.2009.02374.x,DOI:10.1111/j.1540-5907.2010.00451.x,3
DOI:10.1111/j.1365-2427.2009.02374.x,DOI:10.1111/psj.12028,3
DOI:10.1111/j.1365-2427.2009.02374.x,DOI:10.2307/1952530,3
DOI:10.1111/j.1365-2427.2009.02374.x,"HUQ S, 2004, CLIM POLICY, V4, P25",3
DOI:10.1111/j.1540-5907.2010.00451.x,DOI:10.1111/psj.12028,3
DOI:10.1111/j.1540-5907.2010.00451.x,DOI:10.2307/1952530,3
DOI:10.1111/j.1540-5907.2010.00451.x,"HUQ S, 2004, CLIM POLICY, V4, P25",3
DOI:10.1111/psj.12028,DOI:10.2307/1952530,3
DOI:10.1111/psj.12028,"HUQ S, 2004, CLIM POLICY, V4, P25",3
DOI:10.1257/aer.100.3.641,DOI:10.2307/1952530,3
DOI:10.2307/1952530,"HUQ S, 2004, CLIM POLICY, V4, P25",3
"HUQ S, 2004, CLIM POLICY, V4, P25",DOI:10.1007/s11027-012-9392-4,3
DOI:10.1007/s11027-014-9610-3,DOI:10.1080/14693062.2014.1003775,3
DOI:10.1007/s11027-014-9610-3,DOI:10.1007/s11069-014-1218-0,3
DOI:10.1007/s11027-014-9610-3,DOI:10.3126/jfl.v11i1.8612,3
DOI:10.1007/s11077-006-9027-2,DOI:10.1016/j.gloenvcha.2011.04.006,3
DOI:10.1016/j.envsci.2017.09.007,DOI:10.1016/j.envsci.2017.12.010,6
DOI:10.1016/j.envsci.2017.09.007,DOI:10.1080/14693062.2014.1003775,3
DOI:10.1016/j.envsci.2017.12.010,DOI:10.1016/j.gloenvcha.2013.02.016,3
DOI:10.1016/j.envsci.2017.12.010,DOI:10.1080/14693062.2014.1003775,5
DOI:10.1016/j.envsci.2017.12.010,DOI:10.1080/14693062.2018.1534723,3
DOI:10.1016/j.envsci.2017.12.010,DOI:10.1016/j.worlddev.2017.07.022,3
DOI:10.1016/j.gloenvcha.2013.02.016,"TERMEER CJAM, 2010, ECOL SOC, V15",3
DOI:10.1016/j.gloenvcha.2018.10.003,DOI:10.1038/s41558-019-0539-0,3
DOI:10.1016/j.gloenvcha.2018.10.003,DOI:10.1177/0956247818819694,3
DOI:10.1016/j.gloenvcha.2018.10.003,DOI:10.3316/qrj0902027,3
DOI:10.1126/science.aaf5002,DOI:10.1111/psj.12095,3
DOI:10.1126/science.aaf5002,DOI:10.1007/s10584-014-1078-3,3
DOI:10.1126/science.aaf5002,DOI:10.1038/nclimate2744,3
DOI:10.1016/j.ocecoaman.2010.10.008,DOI:10.1080/01944360802377973,3
DOI:10.1073/pnas.1115521109,DOI:10.1071/cp11172,4
DOI:10.1073/pnas.1115521109,DOI:10.1016/j.gloenvcha.2011.10.003,4
"SABATIER P.A., 2019, THEORIES OF THE POLICY PROCESS, VSECOND",DOI:10.1111/j.1541-0072.2006.00178.x,3
DOI:10.1007/s10113-014-0648-2,DOI:10.1007/s10584-013-0846-9,3
DOI:10.1007/s10584-013-0846-9,DOI:10.1016/j.jenvman.2015.11.043,3
DOI:10.1016/j.jenvman.2015.11.043,DOI:10.1080/19463138.2019.1583234,3
DOI:10.1016/j.jenvman.2015.11.043,DOI:10.1016/j.landurbplan.2020.103974,3
DOI:10.1080/19463138.2019.1583234,DOI:10.1038/s41558-019-0539-0,3
DOI:10.1080/19463138.2019.1583234,DOI:10.1016/j.envsci.2016.06.017,3
DOI:10.1080/19463138.2019.1583234,DOI:10.1016/j.ecolind.2022.109657,3
DOI:10.1080/19463138.2019.1583234,DOI:10.1016/j.landurbplan.2020.103974,4
DOI:10.1016/j.gloenvcha.2020.102071,DOI:10.1038/s41558-019-0539-0,3
DOI:10.1016/j.landurbplan.2012.05.014,DOI:10.1080/01944360802377973,3
DOI:10.1080/01944360802377973,DOI:10.1080/01944363.2010.509703,3
DOI:10.1080/01944360802377973,"BERKE P, 2013, CITYSCAPE, V15, P181",3
DOI:10.1080/01944360802377973,"CRUCE T.L., 2009, ADAPTATION PLANNING - WHAT U.S. STATES AND LOCALITIES ARE DOING",3
DOI:10.1177/0739456x16645166,"HSIEH HF, 2005, QUAL HEALTH RES, V15, P1277, DOI [10.1177/1049732305276687, 10.1111/EVA.13711]",3
DOI:10.1177/0739456x16645166,DOI:10.1016/j.cosust.2021.02.009,4
DOI:10.1177/0739456x16645166,DOI:10.1016/j.envsci.2020.05.007,3
DOI:10.1177/0739456x16645166,DOI:10.1016/j.uclim.2019.100539,3
DOI:10.1177/0739456x16645166,DOI:10.1177/0042098018770846,3
DOI:10.1177/0739456x16645166,DOI:10.1016/j.gloenvcha.2013.05.010,3
DOI:10.24043/isj.59,DOI:10.1080/14693062.2015.1075374,3
DOI:10.1016/j.envsoft.2012.12.007,DOI:10.1287/mnsc.1050.0472,3
DOI:10.1007/s13280-016-0825-2,DOI:10.1016/j.geoforum.2010.03.004,3
DOI:10.1016/j.gloenvcha.2011.01.005,DOI:10.1080/09644016.2013.835203,3
DOI:10.1002/eet.1579,"KINGDON J.W., 2014, AGENDAS, ALTERNATIVES AND PUBLIC POLICIES",3
DOI:10.1007/s10113-012-0359-5,DOI:10.1016/j.envsci.2008.11.002,3
DOI:10.1007/s10113-012-0359-5,DOI:10.1016/j.landusepol.2018.08.018,3
DOI:10.1007/s10113-012-0359-5,DOI:10.1017/s0021859610000687,3
DOI:10.1007/s10113-012-0359-5,DOI:10.1177/1536867x0300300305,4
DOI:10.1007/s10113-012-0359-5,"HASSAN R, 2008, AFR J AGRIC RESOUR E, V2, P83",5
DOI:10.1007/s10113-012-0359-5,DOI:10.1007/s10584-015-1558-0,3
DOI:10.1007/s10113-012-0359-5,DOI:10.1016/j.crm.2017.01.002,4
DOI:10.1007/s10113-012-0359-5,DOI:10.1007/s10584-015-1459-2,3
DOI:10.1007/s10113-012-0359-5,DOI:10.1016/j.gloenvcha.2011.11.012,4
DOI:10.1007/s10113-012-0359-5,DOI:10.1016/j.landusepol.2013.03.001,3
DOI:10.1007/s10113-012-0359-5,DOI:10.1007/s10584-016-1836-5,3
DOI:10.1016/j.crm.2017.06.006,DOI:10.1016/j.envsci.2008.11.002,3
DOI:10.1016/j.crm.2017.06.006,DOI:10.1017/s0021859610000687,3
DOI:10.1016/j.crm.2018.12.004,DOI:10.1016/j.heliyon.2021.e06231,3
DOI:10.1016/j.crm.2018.12.004,DOI:10.1177/1536867x0300300305,3
DOI:10.1016/j.crm.2018.12.004,DOI:10.1016/j.crm.2017.01.002,4
DOI:10.1016/j.ecolind.2017.08.021,DOI:10.1016/j.landusepol.2019.04.007,3
DOI:10.1016/j.ecolind.2017.08.021,DOI:10.1016/j.landusepol.2019.104395,3
DOI:10.1016/j.envsci.2008.11.002,DOI:10.1016/j.landusepol.2019.04.007,4
DOI:10.1016/j.envsci.2008.11.002,DOI:10.1017/s0021859610000687,7
DOI:10.1016/j.envsci.2008.11.002,"ABRHAM BELAY ABRHAM BELAY, 2017, AGRICULTURE AND FOOD SECURITY, V6, DOI [10.1186/S40066-017-0100-1, 10.1186/S40066-017-0100-1]",4
DOI:10.1016/j.envsci.2008.11.002,DOI:10.1111/j.1574-0862.2004.tb00190.x,3
DOI:10.1016/j.envsci.2008.11.002,DOI:10.1186/s13717-018-0118-8,3
DOI:10.1016/j.envsci.2008.11.002,DOI:10.1590/0103-9016-2015-0163,4
DOI:10.1016/j.envsci.2008.11.002,"GBETIBOUO G.A., 2009, IFPRI DISCUSSION PAP",4
DOI:10.1016/j.envsci.2008.11.002,DOI:10.1016/j.crm.2017.01.002,5
DOI:10.1016/j.envsci.2008.11.002,DOI:10.1016/j.gloenvcha.2011.11.012,6
DOI:10.1016/j.envsci.2008.11.002,DOI:10.1016/j.landusepol.2014.08.016,3
DOI:10.1016/j.envsci.2008.11.002,"HASSAN R, 2008, AFR J AGRIC RESOUR E, V2, P83",6
DOI:10.1016/j.envsci.2008.11.002,DOI:10.1007/s10668-012-9339-7,5
DOI:10.1016/j.envsci.2008.11.002,DOI:10.1186/2193-7532-1-13,3
DOI:10.1016/j.envsci.2008.11.002,DOI:10.12895/jaeid.20141.140,3
DOI:10.1016/j.envsci.2008.11.002,DOI:10.5296/rae.v6i4.6121,3
DOI:10.1016/j.envsci.2008.11.002,DOI:10.1016/j.apgeog.2016.05.009,3
DOI:10.1016/j.envsci.2008.11.002,DOI:10.1016/j.jenvman.2012.10.036,5
DOI:10.1016/j.envsci.2008.11.002,DOI:10.1016/j.ecolecon.2017.08.006,3
DOI:10.1016/j.heliyon.2021.e06231,DOI:10.1016/j.landusepol.2019.04.007,8
DOI:10.1016/j.heliyon.2021.e06231,DOI:10.1016/j.landusepol.2019.104395,3
DOI:10.1016/j.heliyon.2021.e06231,DOI:10.1016/j.scitotenv.2021.148499,4
DOI:10.1016/j.heliyon.2021.e06231,DOI:10.1017/s0021859610000687,5
DOI:10.1016/j.heliyon.2021.e06231,"ABRHAM BELAY ABRHAM BELAY, 2017, AGRICULTURE AND FOOD SECURITY, V6, DOI [10.1186/S40066-017-0100-1, 10.1186/S40066-017-0100-1]",7
DOI:10.1016/j.heliyon.2021.e06231,DOI:10.1007/s10584-020-02684-8,5
DOI:10.1016/j.heliyon.2021.e06231,DOI:10.1007/s42452-021-04503-w,3
DOI:10.1016/j.heliyon.2021.e06231,DOI:10.1016/j.crm.2017.01.002,7
DOI:10.1016/j.heliyon.2021.e06231,DOI:10.1016/j.ijdrr.2021.102562,3
DOI:10.1016/j.heliyon.2021.e06231,DOI:10.1186/s13717-018-0118-8,5
DOI:10.1016/j.heliyon.2021.e06231,DOI:10.3368/le.90.1.26,4
DOI:10.1016/j.heliyon.2021.e06231,DOI:10.1016/j.cliser.2021.100245,3
DOI:10.1016/j.heliyon.2021.e06231,DOI:10.1016/j.ecolecon.2017.08.006,6
DOI:10.1016/j.heliyon.2021.e06231,DOI:10.1016/j.heliyon.2020.e04356,4
DOI:10.1016/j.heliyon.2021.e06231,DOI:10.1080/23311843.2019.1636548,3
DOI:10.1016/j.heliyon.2021.e06231,DOI:10.1080/23311932.2019.1613770,3
DOI:10.1016/j.heliyon.2021.e06231,DOI:10.3390/su15118997,3
DOI:10.1016/j.heliyon.2021.e06231,DOI:10.4102/jamba.v13i1.974,3
DOI:10.1016/j.heliyon.2021.e06231,DOI:10.1016/j.ecolind.2019.105863,3
DOI:10.1016/j.heliyon.2021.e06231,DOI:10.1016/j.ecolind.2020.106475,3
DOI:10.1016/j.heliyon.2021.e06231,DOI:10.1016/j.foodqual.2004.07.001,3
DOI:10.1016/j.heliyon.2021.e06231,DOI:10.1016/j.techfore.2012.08.007,4
DOI:10.1016/j.landusepol.2018.08.018,DOI:10.1016/j.landusepol.2019.04.007,3
DOI:10.1016/j.landusepol.2018.08.018,DOI:10.1016/j.landusepol.2020.104628,3
DOI:10.1016/j.landusepol.2018.08.018,DOI:10.1016/j.scitotenv.2018.06.349,3
DOI:10.1016/j.landusepol.2018.08.018,DOI:10.1017/s0021859610000687,3
DOI:10.1016/j.landusepol.2018.08.018,DOI:10.1016/j.ecolind.2020.106475,3
DOI:10.1016/j.landusepol.2018.08.018,DOI:10.1016/j.envsci.2019.08.006,3
DOI:10.1016/j.landusepol.2018.08.018,DOI:10.1016/j.landusepol.2017.10.023,4
DOI:10.1016/j.landusepol.2019.04.007,DOI:10.1016/j.landusepol.2019.104395,3
DOI:10.1016/j.landusepol.2019.04.007,DOI:10.1016/j.scitotenv.2021.148499,3
DOI:10.1016/j.landusepol.2019.04.007,DOI:10.1017/s0021859610000687,9
DOI:10.1016/j.landusepol.2019.04.007,"ABRHAM BELAY ABRHAM BELAY, 2017, AGRICULTURE AND FOOD SECURITY, V6, DOI [10.1186/S40066-017-0100-1, 10.1186/S40066-017-0100-1]",11
DOI:10.1016/j.landusepol.2019.04.007,DOI:10.1007/s00267-016-0661-y,3
DOI:10.1016/j.landusepol.2019.04.007,DOI:10.1007/s10584-020-02684-8,7
DOI:10.1016/j.landusepol.2019.04.007,DOI:10.1016/j.apgeog.2016.05.009,4
DOI:10.1016/j.landusepol.2019.04.007,DOI:10.1016/j.crm.2017.01.002,12
DOI:10.1016/j.landusepol.2019.04.007,DOI:10.1186/s13717-018-0118-8,7
DOI:10.1016/j.landusepol.2019.04.007,DOI:10.1590/0103-9016-2015-0163,4
DOI:10.1016/j.landusepol.2019.04.007,DOI:10.3368/le.90.1.26,5
DOI:10.1016/j.landusepol.2019.04.007,DOI:10.1007/s00267-020-01291-8,4
DOI:10.1016/j.landusepol.2019.04.007,DOI:10.1007/s11027-021-09968-z,3
DOI:10.1016/j.landusepol.2019.04.007,DOI:10.1016/j.gloenvcha.2011.11.012,7
DOI:10.1016/j.landusepol.2019.04.007,DOI:10.1080/17565529.2018.1442801,4
DOI:10.1016/j.landusepol.2019.04.007,DOI:10.1108/ijccsm-06-2012-0033,4
DOI:10.1016/j.landusepol.2019.04.007,DOI:10.1016/j.landusepol.2014.08.016,4
DOI:10.1016/j.landusepol.2019.04.007,DOI:10.1177/1536867x0400400306,3
DOI:10.1016/j.landusepol.2019.04.007,DOI:10.1186/s40064-016-2779-z,5
DOI:10.1016/j.landusepol.2019.04.007,"GREENE H.W., 2008, ECONOMETRIC ANAL, V6TH",5
DOI:10.1016/j.landusepol.2019.04.007,DOI:10.1016/j.landusepol.2017.10.023,6
DOI:10.1016/j.landusepol.2019.04.007,DOI:10.1016/j.ecolecon.2017.08.006,7
DOI:10.1016/j.landusepol.2019.04.007,DOI:10.1016/j.envsci.2014.04.002,3
DOI:10.1016/j.landusepol.2019.04.007,DOI:10.1007/s10668-012-9339-7,3
DOI:10.1016/j.landusepol.2019.04.007,DOI:10.1016/j.ecolecon.2013.05.002,3
DOI:10.1016/j.landusepol.2019.04.007,DOI:10.1016/j.foodpol.2014.06.010,3
DOI:10.1016/j.landusepol.2019.04.007,DOI:10.1016/j.jenvman.2012.10.036,7
DOI:10.1016/j.landusepol.2019.04.007,DOI:10.1016/j.njas.2018.09.001,3
DOI:10.1016/j.landusepol.2019.04.007,DOI:10.1016/j.techfore.2012.08.007,5
DOI:10.1016/j.landusepol.2019.04.007,DOI:10.1186/s40066-017-0144-2],3
DOI:10.1016/j.landusepol.2019.04.007,DOI:10.4102/jamba.v13i1.974,4
DOI:10.1016/j.landusepol.2019.04.007,DOI:10.5194/esd-6-225-2015,7
DOI:10.1016/j.landusepol.2019.04.007,DOI:10.1016/j.landusepol.2020.104858,4
DOI:10.1016/j.landusepol.2019.04.007,DOI:10.1007/s41748-020-00146-w,3
DOI:10.1016/j.landusepol.2019.04.007,DOI:10.1080/23311843.2019.1636548,4
DOI:10.1016/j.landusepol.2019.04.007,DOI:10.1016/j.crm.2023.100495,3
DOI:10.1016/j.landusepol.2019.04.007,DOI:10.3390/agriculture12050589,4
DOI:10.1016/j.landusepol.2019.04.007,DOI:10.3390/su14052847,3
DOI:10.1016/j.landusepol.2019.04.007,DOI:10.1093/acprof:oso/9780195183528.003.0002,3
DOI:10.1016/j.landusepol.2019.04.007,DOI:10.22610/jebs.v11i1(j).2757],3
DOI:10.1016/j.landusepol.2019.04.007,DOI:10.4236/oalib.1103312,4
DOI:10.1016/j.landusepol.2019.04.007,"MADDISON D, 2006, DISCUSSION PAPER NO. 10",5
DOI:10.1016/j.landusepol.2019.04.007,DOI:10.1016/j.foodqual.2004.07.001,4
DOI:10.1016/j.landusepol.2019.04.007,DOI:10.1016/j.heliyon.2020.e04356,4
DOI:10.1016/j.landusepol.2019.04.007,DOI:10.4236/ajcc.2018.73026],3
DOI:10.1016/j.landusepol.2019.04.007,DOI:10.1016/j.ijindorg.2004.08.001,3
DOI:10.1016/j.landusepol.2019.04.007,"HASSAN R, 2008, AFR J AGRIC RESOUR E, V2, P83",4
DOI:10.1016/j.landusepol.2019.104395,DOI:10.1016/j.scitotenv.2018.06.349,3
DOI:10.1016/j.landusepol.2019.104395,DOI:10.1016/j.gloenvcha.2011.11.012,3
DOI:10.1016/j.landusepol.2019.104395,DOI:10.1016/j.envsci.2019.10.007,3
DOI:10.1016/j.scitotenv.2018.06.349,DOI:10.1016/j.envsci.2019.08.006,3
DOI:10.1016/j.scitotenv.2021.148499,"ABRHAM BELAY ABRHAM BELAY, 2017, AGRICULTURE AND FOOD SECURITY, V6, DOI [10.1186/S40066-017-0100-1, 10.1186/S40066-017-0100-1]",4
DOI:10.1016/j.scitotenv.2021.148499,DOI:10.1016/j.ecolecon.2017.08.006,3
DOI:10.1016/j.scitotenv.2021.148499,DOI:10.1016/j.foodpol.2014.06.010,3
DOI:10.1016/j.scitotenv.2021.148499,DOI:10.1186/s40066-017-0144-2],3
DOI:10.1016/j.scitotenv.2021.148499,DOI:10.3390/su14052847,3
DOI:10.1016/j.scitotenv.2021.148499,DOI:10.1186/s13717-018-0118-8,4
DOI:10.1016/j.scitotenv.2021.148499,DOI:10.3390/agriculture12050589,4
DOI:10.1016/j.scitotenv.2021.148499,DOI:10.1016/j.landusepol.2020.104858,3
DOI:10.1017/s0021859610000687,"ELLIS F., 2000, RURAL LIVELIHOODS DI",3
DOI:10.1017/s0021859610000687,DOI:10.1080/17565529.2018.1562866,3
DOI:10.1017/s0021859610000687,DOI:10.1016/j.crm.2016.11.001,4
DOI:10.1017/s0021859610000687,DOI:10.1016/j.gloenvcha.2011.11.012,6
DOI:10.1017/s0021859610000687,DOI:10.1590/0103-9016-2015-0163,3
DOI:10.1017/s0021859610000687,"GBETIBOUO G.A., 2009, IFPRI DISCUSSION PAP",3
DOI:10.1017/s0021859610000687,DOI:10.1016/j.envsci.2014.04.002,3
DOI:10.1017/s0021859610000687,"ABRHAM BELAY ABRHAM BELAY, 2017, AGRICULTURE AND FOOD SECURITY, V6, DOI [10.1186/S40066-017-0100-1, 10.1186/S40066-017-0100-1]",6
DOI:10.1017/s0021859610000687,DOI:10.1016/j.apgeog.2016.05.009,3
DOI:10.1017/s0021859610000687,DOI:10.1016/j.jenvman.2012.10.036,7
DOI:10.1017/s0021859610000687,DOI:10.1186/2193-7532-1-13,4
DOI:10.1017/s0021859610000687,DOI:10.5194/esd-6-225-2015,4
DOI:10.1017/s0021859610000687,"HASSAN R, 2008, AFR J AGRIC RESOUR E, V2, P83",7
DOI:10.1017/s0021859610000687,DOI:10.1023/a:1005546716266,4
DOI:10.1017/s0021859610000687,DOI:10.1016/j.crm.2017.01.002,8
DOI:10.1017/s0021859610000687,DOI:10.1016/j.ecolecon.2017.08.006,5
DOI:10.1017/s0021859610000687,DOI:10.1080/23311843.2019.1636548,3
DOI:10.1017/s0021859610000687,DOI:10.3368/le.90.1.26,4
DOI:10.1017/s0021859610000687,DOI:10.1016/j.landusepol.2013.03.001,3
DOI:10.1017/s0021859610000687,DOI:10.1186/s40066-016-0075-3,3
DOI:10.1017/s0021859610000687,DOI:10.1016/j.forpol.2020.102265,3
DOI:10.1017/s0021859610000687,DOI:10.1016/j.foodqual.2004.07.001,4
DOI:10.1017/s0021859610000687,DOI:10.1016/j.landusepol.2017.10.023,4
DOI:10.1017/s0021859610000687,DOI:10.1016/j.techfore.2012.08.007,4
DOI:10.1017/s0021859610000687,DOI:10.1177/1536867x0400400306,3
DOI:10.1017/s0021859610000687,DOI:10.1186/s40064-016-2779-z,3
DOI:10.1017/s0021859610000687,"MADDISON D, 2006, DISCUSSION PAPER NO. 10",3
DOI:10.1017/s0021859610000687,DOI:10.1016/j.ijindorg.2004.08.001,4
DOI:10.1017/s0021859610000687,DOI:10.1186/s13717-018-0118-8,3
DOI:10.1017/s0021859610000687,DOI:10.4236/oalib.1103312,3
DOI:10.1017/s0021859610000687,DOI:10.1007/s10668-012-9339-7,3
DOI:10.1177/1536867x0300300305,DOI:10.1016/j.crm.2017.01.002,3
DOI:10.1016/j.eap.2019.07.010,DOI:10.1016/j.envsci.2019.08.006,3
DOI:10.1016/j.envsci.2019.08.006,DOI:10.1016/j.gloenvcha.2011.11.012,3
DOI:10.1080/02508060.2017.1416445,DOI:10.1659/mrd-journal-d-15-00032.1,3
"MOE, 2010, CLIMATE CHANGE NATIONAL ADAPTATION PROGRAMME OF ACTION (NAPA) OF ETHIOPIA","[ANONYMOUS], 2011, NATIONAL FRAMEWORK ON LOCAL ADAPTATION PLANS FOR ACTION (LAPA)",3
DOI:10.1038/nclimate1838,DOI:10.1111/j.1467-2979.2008.00310.x,3
DOI:10.1038/nclimate1838,DOI:10.1016/j.marpol.2015.12.011,3
DOI:10.1038/nclimate1838,DOI:10.1016/j.pocean.2008.06.004,3
DOI:10.1038/nclimate1838,"LEHODEY P., 2011, VULNERABILITY TROPIC, P925",3
DOI:10.1038/nclimate1838,"PICKERING T. D., 2011, VULNERABILITY TROPIC, P925",3
DOI:10.1038/nclimate1838,"PRATCHETT M. S., 2011, VULNERABILITY TROPIC, P925",3
DOI:10.1038/nclimate1838,DOI:10.1016/j.marpol.2008.04.002,3
DOI:10.1007/s10584-014-1078-3,DOI:10.1016/j.gloenvcha.2013.04.008,3
DOI:10.1007/s10584-014-1078-3,DOI:10.1038/nclimate2744,3
DOI:10.1023/b:clim.0000004559.08755.88,"MIMURA N, 2007, AR4 CLIMATE CHANGE 2007: IMPACTS, ADAPTATION, AND VULNERABILITY, P687",3
DOI:10.1007/s10584-005-9000-7,DOI:10.1177/0956247809342182,3
"BOKO M, 2007, AR4 CLIMATE CHANGE 2007: IMPACTS, ADAPTATION, AND VULNERABILITY, P433",DOI:10.1016/j.crm.2017.01.002,3
",, 2008, CLIMATE CHANGE ADAPTATION AND MITIGATION IN THE TOURISM SECTOR: FRAMEWORKS, TOOLS AND PRACTICES","BECKEN S, 2007, CLIM CHANG ECON SOC, P1",3
",, 2008, CLIMATE CHANGE ADAPTATION AND MITIGATION IN THE TOURISM SECTOR: FRAMEWORKS, TOOLS AND PRACTICES",DOI:10.1080/13683501003653379,3
"BECKEN S, 2007, CLIM CHANG ECON SOC, P1",DOI:10.1080/13683501003653379,4
"NURSE LA, 2014, CLIMATE CHANGE 2014: IMPACTS, ADAPTATION, AND VULNERABILITY, PT B: REGIONAL ASPECTS, P1613",DOI:10.1007/s10584-011-0062-4,3
DOI:10.1002/jid.1772,"ENSOR JONATHAN., 2009, UNDERSTANDING CLIMATE CHANGE ADAPTATION : LESSONS FROM COMMUNITY- BASED APPROACHES",3
DOI:10.1002/jid.1772,"[ANONYMOUS], COMMUNITY CHAMPIONS",3
DOI:10.1016/j.gfs.2016.06.002,"ABRHAM BELAY ABRHAM BELAY, 2017, AGRICULTURE AND FOOD SECURITY, V6, DOI [10.1186/S40066-017-0100-1, 10.1186/S40066-017-0100-1]",3
DOI:10.1016/j.gloenvcha.2009.04.002,DOI:10.1016/j.futures.2011.01.009,4
DOI:10.1016/j.ijindorg.2004.08.001,"HASSAN R, 2008, AFR J AGRIC RESOUR E, V2, P83",5
DOI:10.1016/j.ijindorg.2004.08.001,"NHEMACHENA C., 2007, IFPRI DISCUSSION PAP, P30",3
DOI:10.1016/j.ijindorg.2004.08.001,DOI:10.1016/j.crm.2017.01.002,5
DOI:10.1016/j.ijindorg.2004.08.001,DOI:10.1016/j.ecolecon.2013.05.002,4
DOI:10.1016/j.ijindorg.2004.08.001,DOI:10.1016/j.techfore.2012.08.007,4
DOI:10.1016/j.ijindorg.2004.08.001,DOI:10.1080/17565529.2018.1442801,3
DOI:10.1016/j.ijindorg.2004.08.001,DOI:10.1016/j.ecolecon.2017.03.019,3
DOI:10.1016/j.ijindorg.2004.08.001,DOI:10.1016/j.foodqual.2004.07.001,4
DOI:10.1016/j.ijindorg.2004.08.001,DOI:10.1016/j.gloenvcha.2011.11.012,3
"HASSAN R, 2008, AFR J AGRIC RESOUR E, V2, P83","MADDISON DAVIDJ., 2007, PERCEPTION ADAPTATIO",4
"HASSAN R, 2008, AFR J AGRIC RESOUR E, V2, P83","NHEMACHENA C., 2007, IFPRI DISCUSSION PAP, P30",3
"HASSAN R, 2008, AFR J AGRIC RESOUR E, V2, P83",DOI:10.1016/j.ecolecon.2017.08.006,4
"HASSAN R, 2008, AFR J AGRIC RESOUR E, V2, P83",DOI:10.1016/j.gloenvcha.2011.11.012,8
"HASSAN R, 2008, AFR J AGRIC RESOUR E, V2, P83",DOI:10.1177/1536867x0400400306,3
"HASSAN R, 2008, AFR J AGRIC RESOUR E, V2, P83",DOI:10.3368/le.90.1.26,6
"HASSAN R, 2008, AFR J AGRIC RESOUR E, V2, P83",DOI:10.1016/j.ecolecon.2017.03.019,3
"HASSAN R, 2008, AFR J AGRIC RESOUR E, V2, P83",DOI:10.1016/j.foodqual.2004.07.001,4
"HASSAN R, 2008, AFR J AGRIC RESOUR E, V2, P83",DOI:10.1007/s10668-012-9339-7,3
"HASSAN R, 2008, AFR J AGRIC RESOUR E, V2, P83",DOI:10.1186/2193-7532-1-13,3
"HASSAN R, 2008, AFR J AGRIC RESOUR E, V2, P83",DOI:10.1186/s40064-016-2779-z,3
"HASSAN R, 2008, AFR J AGRIC RESOUR E, V2, P83",DOI:10.5296/rae.v6i4.6121,3
"HASSAN R, 2008, AFR J AGRIC RESOUR E, V2, P83",DOI:10.1016/j.crm.2017.01.002,6
"HASSAN R, 2008, AFR J AGRIC RESOUR E, V2, P83",DOI:10.1016/j.ecolecon.2013.05.002,5
"HASSAN R, 2008, AFR J AGRIC RESOUR E, V2, P83",DOI:10.1016/j.wace.2017.12.002,3
"HASSAN R, 2008, AFR J AGRIC RESOUR E, V2, P83","GREENE W. H., 2000, ECONOMETRIC ANAL, P201",3
"HASSAN R, 2008, AFR J AGRIC RESOUR E, V2, P83",DOI:10.1016/j.landusepol.2014.08.016,3
"HASSAN R, 2008, AFR J AGRIC RESOUR E, V2, P83",DOI:10.1016/j.jenvman.2012.10.036,5
"HASSAN R, 2008, AFR J AGRIC RESOUR E, V2, P83",DOI:10.5194/esd-6-225-2015,5
"HASSAN R, 2008, AFR J AGRIC RESOUR E, V2, P83","ABRHAM BELAY ABRHAM BELAY, 2017, AGRICULTURE AND FOOD SECURITY, V6, DOI [10.1186/S40066-017-0100-1, 10.1186/S40066-017-0100-1]",4
"HASSAN R, 2008, AFR J AGRIC RESOUR E, V2, P83",DOI:10.1016/j.apgeog.2016.05.009,3
"HASSAN R, 2008, AFR J AGRIC RESOUR E, V2, P83",DOI:10.1023/a:1005546716266,4
"HASSAN R, 2008, AFR J AGRIC RESOUR E, V2, P83","NHEMACHENA C., 2014, JOURNAL OF DEVELOPMENT AND AGRICULTURAL ECONOMICS, V6, P232",3
"HASSAN R, 2008, AFR J AGRIC RESOUR E, V2, P83",DOI:10.4236/oalib.1103312,3
"YOUNG O.R., 2002, INSTITUTIONAL DIMENS",DOI:10.1111/j.1541-0072.2006.00178.x,3
"TSCHAKERT P, 2010, ECOL SOC, V15",DOI:10.1002/eet.523,3
DOI:10.1007/s10584-020-02705-6,DOI:10.1016/j.cosust.2021.02.009,3
DOI:10.1007/s10584-020-02705-6,DOI:10.1080/17565529.2019.1700774,3
DOI:10.1016/j.cosust.2021.02.009,DOI:10.1080/17565529.2019.1700774,3
DOI:10.1016/j.cosust.2021.02.009,DOI:10.1177/0042098018770846,3
DOI:10.1080/14649350600681875,"KLEIN RJT, 2001, J COASTAL RES, V17, P531",3
DOI:10.1007/978-1-84996-125-7,DOI:10.1071/cp11172,3
DOI:10.1016/j.cosust.2010.12.014,DOI:10.1016/j.cities.2012.05.004,3
DOI:10.1126/science.1208821,"CORREA E., 2011, POPULATIONS AT RISK OF DISASTER A RESETTLEMENT GUIDE",3
DOI:10.1126/science.1208821,DOI:10.1016/j.geoforum.2014.10.016,3
DOI:10.1126/science.1208821,"NORWEGIAN REFUGEE COUNCIL, 2011, NANS C CLIM CHANG DI",3
DOI:10.1007/s10584-006-9060-3,DOI:10.1016/j.gloenvcha.2006.10.004,3
DOI:10.1111/j.1468-0491.2007.00365.x,DOI:10.1111/j.1541-1338.2009.00425.x,3
DOI:10.1111/j.1541-1338.2009.00425.x,"ROBINSON P., 2005, CANADIAN JOURNAL OF URBAN RESEARCH, V14, P102",3
DOI:10.1016/j.foreco.2009.09.023,DOI:10.1080/02827580903418224,3
"ABRHAM BELAY ABRHAM BELAY, 2017, AGRICULTURE AND FOOD SECURITY, V6, DOI [10.1186/S40066-017-0100-1, 10.1186/S40066-017-0100-1]",DOI:10.1007/s00267-020-01291-8,4
"ABRHAM BELAY ABRHAM BELAY, 2017, AGRICULTURE AND FOOD SECURITY, V6, DOI [10.1186/S40066-017-0100-1, 10.1186/S40066-017-0100-1]",DOI:10.1007/s10584-019-02581-9,3
"ABRHAM BELAY ABRHAM BELAY, 2017, AGRICULTURE AND FOOD SECURITY, V6, DOI [10.1186/S40066-017-0100-1, 10.1186/S40066-017-0100-1]",DOI:10.1016/j.crm.2017.01.002,8
"ABRHAM BELAY ABRHAM BELAY, 2017, AGRICULTURE AND FOOD SECURITY, V6, DOI [10.1186/S40066-017-0100-1, 10.1186/S40066-017-0100-1]",DOI:10.1016/j.crm.2017.03.001,4
"ABRHAM BELAY ABRHAM BELAY, 2017, AGRICULTURE AND FOOD SECURITY, V6, DOI [10.1186/S40066-017-0100-1, 10.1186/S40066-017-0100-1]",DOI:10.1016/j.ecolecon.2017.08.006,6
"ABRHAM BELAY ABRHAM BELAY, 2017, AGRICULTURE AND FOOD SECURITY, V6, DOI [10.1186/S40066-017-0100-1, 10.1186/S40066-017-0100-1]",DOI:10.1016/j.foodpol.2014.06.010,3
"ABRHAM BELAY ABRHAM BELAY, 2017, AGRICULTURE AND FOOD SECURITY, V6, DOI [10.1186/S40066-017-0100-1, 10.1186/S40066-017-0100-1]",DOI:10.1016/j.foodqual.2004.07.001,4
"ABRHAM BELAY ABRHAM BELAY, 2017, AGRICULTURE AND FOOD SECURITY, V6, DOI [10.1186/S40066-017-0100-1, 10.1186/S40066-017-0100-1]",DOI:10.1016/j.ijdrr.2017.05.006,3
"ABRHAM BELAY ABRHAM BELAY, 2017, AGRICULTURE AND FOOD SECURITY, V6, DOI [10.1186/S40066-017-0100-1, 10.1186/S40066-017-0100-1]",DOI:10.1016/j.jenvman.2012.10.036,7
"ABRHAM BELAY ABRHAM BELAY, 2017, AGRICULTURE AND FOOD SECURITY, V6, DOI [10.1186/S40066-017-0100-1, 10.1186/S40066-017-0100-1]",DOI:10.1016/j.scitotenv.2020.141151,3
"ABRHAM BELAY ABRHAM BELAY, 2017, AGRICULTURE AND FOOD SECURITY, V6, DOI [10.1186/S40066-017-0100-1, 10.1186/S40066-017-0100-1]",DOI:10.1016/j.wace.2021.100374,3
"ABRHAM BELAY ABRHAM BELAY, 2017, AGRICULTURE AND FOOD SECURITY, V6, DOI [10.1186/S40066-017-0100-1, 10.1186/S40066-017-0100-1]",DOI:10.1037/e576842013-001],3
"ABRHAM BELAY ABRHAM BELAY, 2017, AGRICULTURE AND FOOD SECURITY, V6, DOI [10.1186/S40066-017-0100-1, 10.1186/S40066-017-0100-1]",DOI:10.1177/1536867x1101100303,3
"ABRHAM BELAY ABRHAM BELAY, 2017, AGRICULTURE AND FOOD SECURITY, V6, DOI [10.1186/S40066-017-0100-1, 10.1186/S40066-017-0100-1]",DOI:10.1186/s40064-016-2779-z,6
"ABRHAM BELAY ABRHAM BELAY, 2017, AGRICULTURE AND FOOD SECURITY, V6, DOI [10.1186/S40066-017-0100-1, 10.1186/S40066-017-0100-1]",DOI:10.1186/s40066-017-0144-2],9
"ABRHAM BELAY ABRHAM BELAY, 2017, AGRICULTURE AND FOOD SECURITY, V6, DOI [10.1186/S40066-017-0100-1, 10.1186/S40066-017-0100-1]",DOI:10.22610/jebs.v11i1(j).2757],4
"ABRHAM BELAY ABRHAM BELAY, 2017, AGRICULTURE AND FOOD SECURITY, V6, DOI [10.1186/S40066-017-0100-1, 10.1186/S40066-017-0100-1]",DOI:10.2499/0896295354,3
"ABRHAM BELAY ABRHAM BELAY, 2017, AGRICULTURE AND FOOD SECURITY, V6, DOI [10.1186/S40066-017-0100-1, 10.1186/S40066-017-0100-1]",DOI:10.3329/bjar.v39i3.21984,3
"ABRHAM BELAY ABRHAM BELAY, 2017, AGRICULTURE AND FOOD SECURITY, V6, DOI [10.1186/S40066-017-0100-1, 10.1186/S40066-017-0100-1]",DOI:10.3368/le.90.1.26,4
"ABRHAM BELAY ABRHAM BELAY, 2017, AGRICULTURE AND FOOD SECURITY, V6, DOI [10.1186/S40066-017-0100-1, 10.1186/S40066-017-0100-1]",DOI:10.3390/su14052847,3
"ABRHAM BELAY ABRHAM BELAY, 2017, AGRICULTURE AND FOOD SECURITY, V6, DOI [10.1186/S40066-017-0100-1, 10.1186/S40066-017-0100-1]",DOI:10.5194/esd-6-225-2015,8
"ABRHAM BELAY ABRHAM BELAY, 2017, AGRICULTURE AND FOOD SECURITY, V6, DOI [10.1186/S40066-017-0100-1, 10.1186/S40066-017-0100-1]",DOI:10.5897/jgrp.9000080],3
"ABRHAM BELAY ABRHAM BELAY, 2017, AGRICULTURE AND FOOD SECURITY, V6, DOI [10.1186/S40066-017-0100-1, 10.1186/S40066-017-0100-1]",DOI:10.1016/j.cliser.2021.100245,4
"ABRHAM BELAY ABRHAM BELAY, 2017, AGRICULTURE AND FOOD SECURITY, V6, DOI [10.1186/S40066-017-0100-1, 10.1186/S40066-017-0100-1]",DOI:10.1186/s13717-018-0118-8,9
"ABRHAM BELAY ABRHAM BELAY, 2017, AGRICULTURE AND FOOD SECURITY, V6, DOI [10.1186/S40066-017-0100-1, 10.1186/S40066-017-0100-1]",DOI:10.1590/0103-9016-2015-0163,5
"ABRHAM BELAY ABRHAM BELAY, 2017, AGRICULTURE AND FOOD SECURITY, V6, DOI [10.1186/S40066-017-0100-1, 10.1186/S40066-017-0100-1]",DOI:10.1007/s10584-020-02684-8,6
"ABRHAM BELAY ABRHAM BELAY, 2017, AGRICULTURE AND FOOD SECURITY, V6, DOI [10.1186/S40066-017-0100-1, 10.1186/S40066-017-0100-1]",DOI:10.1016/j.apgeog.2016.05.009,4
"ABRHAM BELAY ABRHAM BELAY, 2017, AGRICULTURE AND FOOD SECURITY, V6, DOI [10.1186/S40066-017-0100-1, 10.1186/S40066-017-0100-1]",DOI:10.3390/cli5040089,3
"ABRHAM BELAY ABRHAM BELAY, 2017, AGRICULTURE AND FOOD SECURITY, V6, DOI [10.1186/S40066-017-0100-1, 10.1186/S40066-017-0100-1]",DOI:10.1016/j.envsci.2014.04.002,3
"ABRHAM BELAY ABRHAM BELAY, 2017, AGRICULTURE AND FOOD SECURITY, V6, DOI [10.1186/S40066-017-0100-1, 10.1186/S40066-017-0100-1]",DOI:10.1016/j.gloenvcha.2011.11.012,6
"ABRHAM BELAY ABRHAM BELAY, 2017, AGRICULTURE AND FOOD SECURITY, V6, DOI [10.1186/S40066-017-0100-1, 10.1186/S40066-017-0100-1]",DOI:10.1016/j.landusepol.2020.104858,6
"ABRHAM BELAY ABRHAM BELAY, 2017, AGRICULTURE AND FOOD SECURITY, V6, DOI [10.1186/S40066-017-0100-1, 10.1186/S40066-017-0100-1]",DOI:10.1186/2193-7532-1-13,3
"ABRHAM BELAY ABRHAM BELAY, 2017, AGRICULTURE AND FOOD SECURITY, V6, DOI [10.1186/S40066-017-0100-1, 10.1186/S40066-017-0100-1]","HARVEY C. A., 2018, AGRICULTURE & FOOD SECURITY, V7, P57, DOI [10.1186/S40066-018-0209-X, 10.1186/S40066-018-0209-X]",3
"ABRHAM BELAY ABRHAM BELAY, 2017, AGRICULTURE AND FOOD SECURITY, V6, DOI [10.1186/S40066-017-0100-1, 10.1186/S40066-017-0100-1]",DOI:10.1007/978-3-319-75004-0_23,3
"ABRHAM BELAY ABRHAM BELAY, 2017, AGRICULTURE AND FOOD SECURITY, V6, DOI [10.1186/S40066-017-0100-1, 10.1186/S40066-017-0100-1]",DOI:10.1016/j.cliser.2023.100376,3
"ABRHAM BELAY ABRHAM BELAY, 2017, AGRICULTURE AND FOOD SECURITY, V6, DOI [10.1186/S40066-017-0100-1, 10.1186/S40066-017-0100-1]",DOI:10.1016/j.heliyon.2020.e04356,4
"ABRHAM BELAY ABRHAM BELAY, 2017, AGRICULTURE AND FOOD SECURITY, V6, DOI [10.1186/S40066-017-0100-1, 10.1186/S40066-017-0100-1]",DOI:10.1016/j.landusepol.2017.10.023,4
"ABRHAM BELAY ABRHAM BELAY, 2017, AGRICULTURE AND FOOD SECURITY, V6, DOI [10.1186/S40066-017-0100-1, 10.1186/S40066-017-0100-1]",DOI:10.1080/17565529.2021.1943296,3
"ABRHAM BELAY ABRHAM BELAY, 2017, AGRICULTURE AND FOOD SECURITY, V6, DOI [10.1186/S40066-017-0100-1, 10.1186/S40066-017-0100-1]",DOI:10.1080/23311843.2019.1636548,4
"ABRHAM BELAY ABRHAM BELAY, 2017, AGRICULTURE AND FOOD SECURITY, V6, DOI [10.1186/S40066-017-0100-1, 10.1186/S40066-017-0100-1]",DOI:10.1080/23311932.2019.1613770,5
"ABRHAM BELAY ABRHAM BELAY, 2017, AGRICULTURE AND FOOD SECURITY, V6, DOI [10.1186/S40066-017-0100-1, 10.1186/S40066-017-0100-1]",DOI:10.4102/jamba.v13i1.974,3
"ABRHAM BELAY ABRHAM BELAY, 2017, AGRICULTURE AND FOOD SECURITY, V6, DOI [10.1186/S40066-017-0100-1, 10.1186/S40066-017-0100-1]",DOI:10.1016/j.jrurstud.2016.02.001,3
"ABRHAM BELAY ABRHAM BELAY, 2017, AGRICULTURE AND FOOD SECURITY, V6, DOI [10.1186/S40066-017-0100-1, 10.1186/S40066-017-0100-1]",DOI:10.3390/agriculture12050589,4
"ABRHAM BELAY ABRHAM BELAY, 2017, AGRICULTURE AND FOOD SECURITY, V6, DOI [10.1186/S40066-017-0100-1, 10.1186/S40066-017-0100-1]",DOI:10.1016/j.crm.2016.11.001,3
"ABRHAM BELAY ABRHAM BELAY, 2017, AGRICULTURE AND FOOD SECURITY, V6, DOI [10.1186/S40066-017-0100-1, 10.1186/S40066-017-0100-1]",DOI:10.1108/ijccsm-01-2014-0017,5
"ABRHAM BELAY ABRHAM BELAY, 2017, AGRICULTURE AND FOOD SECURITY, V6, DOI [10.1186/S40066-017-0100-1, 10.1186/S40066-017-0100-1]","LEGESSE B., 2013, ASIAN J. EMPIR. RES., V3, P251",3
"ABRHAM BELAY ABRHAM BELAY, 2017, AGRICULTURE AND FOOD SECURITY, V6, DOI [10.1186/S40066-017-0100-1, 10.1186/S40066-017-0100-1]",DOI:10.1007/s10668-012-9339-7,4
"ABRHAM BELAY ABRHAM BELAY, 2017, AGRICULTURE AND FOOD SECURITY, V6, DOI [10.1186/S40066-017-0100-1, 10.1186/S40066-017-0100-1]",DOI:10.1016/j.ecolecon.2013.05.002,3
"ABRHAM BELAY ABRHAM BELAY, 2017, AGRICULTURE AND FOOD SECURITY, V6, DOI [10.1186/S40066-017-0100-1, 10.1186/S40066-017-0100-1]",DOI:10.1016/j.njas.2018.09.001,3
"ABRHAM BELAY ABRHAM BELAY, 2017, AGRICULTURE AND FOOD SECURITY, V6, DOI [10.1186/S40066-017-0100-1, 10.1186/S40066-017-0100-1]",DOI:10.1016/j.techfore.2012.08.007,4
"ABRHAM BELAY ABRHAM BELAY, 2017, AGRICULTURE AND FOOD SECURITY, V6, DOI [10.1186/S40066-017-0100-1, 10.1186/S40066-017-0100-1]",DOI:10.4236/oalib.1103312,3
"ABRHAM BELAY ABRHAM BELAY, 2017, AGRICULTURE AND FOOD SECURITY, V6, DOI [10.1186/S40066-017-0100-1, 10.1186/S40066-017-0100-1]","GREENE H.W., 2008, ECONOMETRIC ANAL, V6TH",4
"ABRHAM BELAY ABRHAM BELAY, 2017, AGRICULTURE AND FOOD SECURITY, V6, DOI [10.1186/S40066-017-0100-1, 10.1186/S40066-017-0100-1]","MADDISON D, 2006, DISCUSSION PAPER NO. 10",5
"ABRHAM BELAY ABRHAM BELAY, 2017, AGRICULTURE AND FOOD SECURITY, V6, DOI [10.1186/S40066-017-0100-1, 10.1186/S40066-017-0100-1]",DOI:10.1007/s10708-020-10272-7,3
"AGIDEW A. A., 2018, AGRICULTURAL AND FOOD ECONOMICS, V6, DOI [10.1186/S40100-018-0106-4, 10.1186/S40100-018-0106-4]","DE PINTO A., 2019, ADAPTING GLOBAL FOOD",3
"AGIDEW A. A., 2018, AGRICULTURAL AND FOOD ECONOMICS, V6, DOI [10.1186/S40100-018-0106-4, 10.1186/S40100-018-0106-4]",DOI:10.1007/s00267-020-01291-8,3
"AGIDEW A. A., 2018, AGRICULTURAL AND FOOD ECONOMICS, V6, DOI [10.1186/S40100-018-0106-4, 10.1186/S40100-018-0106-4]",DOI:10.1007/s10584-018-2320-1,3
"AGIDEW A. A., 2018, AGRICULTURAL AND FOOD ECONOMICS, V6, DOI [10.1186/S40100-018-0106-4, 10.1186/S40100-018-0106-4]",DOI:10.1007/s10584-021-03180-3,3
"AGIDEW A. A., 2018, AGRICULTURAL AND FOOD ECONOMICS, V6, DOI [10.1186/S40100-018-0106-4, 10.1186/S40100-018-0106-4]",DOI:10.1016/j.crm.2021.100333,3
"AGIDEW A. A., 2018, AGRICULTURAL AND FOOD ECONOMICS, V6, DOI [10.1186/S40100-018-0106-4, 10.1186/S40100-018-0106-4]",DOI:10.1016/j.ijdrr.2017.05.006,3
"AGIDEW A. A., 2018, AGRICULTURAL AND FOOD ECONOMICS, V6, DOI [10.1186/S40100-018-0106-4, 10.1186/S40100-018-0106-4]",DOI:10.1016/j.jenvman.2012.10.036,3
"AGIDEW A. A., 2018, AGRICULTURAL AND FOOD ECONOMICS, V6, DOI [10.1186/S40100-018-0106-4, 10.1186/S40100-018-0106-4]",DOI:10.1037/e576842013-001],3
"AGIDEW A. A., 2018, AGRICULTURAL AND FOOD ECONOMICS, V6, DOI [10.1186/S40100-018-0106-4, 10.1186/S40100-018-0106-4]",DOI:10.1080/17565529.2019.1710097,3
"AGIDEW A. A., 2018, AGRICULTURAL AND FOOD ECONOMICS, V6, DOI [10.1186/S40100-018-0106-4, 10.1186/S40100-018-0106-4]",DOI:10.1111/jac.12191,3
"AGIDEW A. A., 2018, AGRICULTURAL AND FOOD ECONOMICS, V6, DOI [10.1186/S40100-018-0106-4, 10.1186/S40100-018-0106-4]",DOI:10.1186/s40066-017-0144-2],3
"AGIDEW A. A., 2018, AGRICULTURAL AND FOOD ECONOMICS, V6, DOI [10.1186/S40100-018-0106-4, 10.1186/S40100-018-0106-4]",DOI:10.12944/crnfsj.7.3.02,3
"AGIDEW A. A., 2018, AGRICULTURAL AND FOOD ECONOMICS, V6, DOI [10.1186/S40100-018-0106-4, 10.1186/S40100-018-0106-4]",DOI:10.3390/su14052847,3
"AGIDEW A. A., 2018, AGRICULTURAL AND FOOD ECONOMICS, V6, DOI [10.1186/S40100-018-0106-4, 10.1186/S40100-018-0106-4]",DOI:10.5194/esd-6-225-2015,3
"AGIDEW A. A., 2018, AGRICULTURAL AND FOOD ECONOMICS, V6, DOI [10.1186/S40100-018-0106-4, 10.1186/S40100-018-0106-4]","HEADEY D., 2012, IFPRI - DISCUSSION PAPERS",3
"DE PINTO A., 2019, ADAPTING GLOBAL FOOD",DOI:10.1007/s00267-020-01291-8,3
"DE PINTO A., 2019, ADAPTING GLOBAL FOOD",DOI:10.1007/s10584-018-2320-1,3
"DE PINTO A., 2019, ADAPTING GLOBAL FOOD",DOI:10.1007/s10584-021-03180-3,3
"DE PINTO A., 2019, ADAPTING GLOBAL FOOD",DOI:10.1016/j.crm.2021.100333,3
"DE PINTO A., 2019, ADAPTING GLOBAL FOOD",DOI:10.1016/j.ijdrr.2017.05.006,3
"DE PINTO A., 2019, ADAPTING GLOBAL FOOD",DOI:10.1016/j.jenvman.2012.10.036,3
"DE PINTO A., 2019, ADAPTING GLOBAL FOOD",DOI:10.1037/e576842013-001],3
"DE PINTO A., 2019, ADAPTING GLOBAL FOOD",DOI:10.1080/17565529.2019.1710097,3
"DE PINTO A., 2019, ADAPTING GLOBAL FOOD",DOI:10.1111/jac.12191,3
"DE PINTO A., 2019, ADAPTING GLOBAL FOOD",DOI:10.1186/s40066-017-0144-2],3
"DE PINTO A., 2019, ADAPTING GLOBAL FOOD",DOI:10.12944/crnfsj.7.3.02,3
"DE PINTO A., 2019, ADAPTING GLOBAL FOOD",DOI:10.3390/su14052847,3
"DE PINTO A., 2019, ADAPTING GLOBAL FOOD",DOI:10.5194/esd-6-225-2015,3
"DE PINTO A., 2019, ADAPTING GLOBAL FOOD","HEADEY D., 2012, IFPRI - DISCUSSION PAPERS",3
DOI:10.1007/s00267-020-01291-8,DOI:10.1007/s10584-018-2320-1,3
DOI:10.1007/s00267-020-01291-8,DOI:10.1007/s10584-019-02581-9,3
DOI:10.1007/s00267-020-01291-8,DOI:10.1007/s10584-021-03180-3,3
DOI:10.1007/s00267-020-01291-8,DOI:10.1016/j.crm.2017.01.002,5
DOI:10.1007/s00267-020-01291-8,DOI:10.1016/j.crm.2021.100333,3
DOI:10.1007/s00267-020-01291-8,DOI:10.1016/j.ecolecon.2017.08.006,3
DOI:10.1007/s00267-020-01291-8,DOI:10.1016/j.ijdrr.2017.05.006,4
DOI:10.1007/s00267-020-01291-8,DOI:10.1016/j.jenvman.2012.10.036,4
DOI:10.1007/s00267-020-01291-8,DOI:10.1037/e576842013-001],3
DOI:10.1007/s00267-020-01291-8,DOI:10.1080/17565529.2019.1710097,3
DOI:10.1007/s00267-020-01291-8,DOI:10.1111/jac.12191,3
DOI:10.1007/s00267-020-01291-8,DOI:10.1186/s40066-017-0144-2],3
DOI:10.1007/s00267-020-01291-8,DOI:10.12944/crnfsj.7.3.02,3
DOI:10.1007/s00267-020-01291-8,DOI:10.3390/su14052847,3
DOI:10.1007/s00267-020-01291-8,DOI:10.5194/esd-6-225-2015,5
DOI:10.1007/s00267-020-01291-8,"HEADEY D., 2012, IFPRI - DISCUSSION PAPERS",3
DOI:10.1007/s00267-020-01291-8,DOI:10.1016/j.ijdrr.2021.102562,3
DOI:10.1007/s00267-020-01291-8,DOI:10.1016/j.landusepol.2017.02.026,3
DOI:10.1007/s00267-020-01291-8,DOI:10.1016/j.landusepol.2021.105295,3
DOI:10.1007/s00267-020-01291-8,DOI:10.1108/ijccsm-06-2012-0033,3
DOI:10.1007/s00267-020-01291-8,DOI:10.1038/s41598-021-89391-1,3
DOI:10.1007/s10584-018-2320-1,DOI:10.1007/s10584-021-03180-3,3
DOI:10.1007/s10584-018-2320-1,DOI:10.1016/j.crm.2021.100333,3
DOI:10.1007/s10584-018-2320-1,DOI:10.1016/j.ijdrr.2017.05.006,3
DOI:10.1007/s10584-018-2320-1,DOI:10.1016/j.jenvman.2012.10.036,3
DOI:10.1007/s10584-018-2320-1,DOI:10.1037/e576842013-001],3
DOI:10.1007/s10584-018-2320-1,DOI:10.1080/17565529.2019.1710097,3
DOI:10.1007/s10584-018-2320-1,DOI:10.1111/jac.12191,3
DOI:10.1007/s10584-018-2320-1,DOI:10.1186/s40066-017-0144-2],3
DOI:10.1007/s10584-018-2320-1,DOI:10.12944/crnfsj.7.3.02,3
DOI:10.1007/s10584-018-2320-1,DOI:10.3390/su14052847,3
DOI:10.1007/s10584-018-2320-1,DOI:10.5194/esd-6-225-2015,3
DOI:10.1007/s10584-018-2320-1,"HEADEY D., 2012, IFPRI - DISCUSSION PAPERS",3
DOI:10.1007/s10584-021-03180-3,DOI:10.1016/j.crm.2021.100333,3
DOI:10.1007/s10584-021-03180-3,DOI:10.1016/j.ijdrr.2017.05.006,3
DOI:10.1007/s10584-021-03180-3,DOI:10.1016/j.jenvman.2012.10.036,3
DOI:10.1007/s10584-021-03180-3,DOI:10.1037/e576842013-001],3
DOI:10.1007/s10584-021-03180-3,DOI:10.1080/17565529.2019.1710097,3
DOI:10.1007/s10584-021-03180-3,DOI:10.1111/jac.12191,3
DOI:10.1007/s10584-021-03180-3,DOI:10.1186/s40066-017-0144-2],3
DOI:10.1007/s10584-021-03180-3,DOI:10.12944/crnfsj.7.3.02,3
DOI:10.1007/s10584-021-03180-3,DOI:10.3390/su14052847,3
DOI:10.1007/s10584-021-03180-3,DOI:10.5194/esd-6-225-2015,3
DOI:10.1007/s10584-021-03180-3,"HEADEY D., 2012, IFPRI - DISCUSSION PAPERS",3
DOI:10.1007/s11356-021-16844-5,"SHAHBAZ P, 2021, FRESEN ENVIRON BULL, V30, P80",3
DOI:10.1007/s12571-021-01161-z,DOI:10.3390/su14052847,3
DOI:10.1016/j.crm.2017.01.002,DOI:10.1016/j.ecolecon.2017.08.006,9
DOI:10.1016/j.crm.2017.01.002,DOI:10.1016/j.foodpol.2014.06.010,5
DOI:10.1016/j.crm.2017.01.002,DOI:10.1016/j.foodqual.2004.07.001,8
DOI:10.1016/j.crm.2017.01.002,DOI:10.1016/j.jenvman.2012.10.036,6
DOI:10.1016/j.crm.2017.01.002,DOI:10.1016/j.wace.2016.12.001,3
DOI:10.1016/j.crm.2017.01.002,DOI:10.1177/1536867x0400400306,3
DOI:10.1016/j.crm.2017.01.002,DOI:10.1186/s40064-016-2779-z,5
DOI:10.1016/j.crm.2017.01.002,DOI:10.1186/s40066-017-0144-2],3
DOI:10.1016/j.crm.2017.01.002,DOI:10.22610/jebs.v11i1(j).2757],5
DOI:10.1016/j.crm.2017.01.002,DOI:10.2499/0896295354,3
DOI:10.1016/j.crm.2017.01.002,DOI:10.3329/bjar.v39i3.21984,3
DOI:10.1016/j.crm.2017.01.002,DOI:10.3368/le.90.1.26,8
DOI:10.1016/j.crm.2017.01.002,DOI:10.3390/su14052847,4
DOI:10.1016/j.crm.2017.01.002,DOI:10.5194/esd-6-225-2015,7
DOI:10.1016/j.crm.2017.01.002,"MADDISON D., 2006, CEEPA DISCUSSION PAPER NO. 10",3
DOI:10.1016/j.crm.2017.01.002,DOI:10.1007/s00267-016-0661-y,3
DOI:10.1016/j.crm.2017.01.002,DOI:10.1007/s10584-020-02684-8,4
DOI:10.1016/j.crm.2017.01.002,DOI:10.1016/j.apgeog.2016.05.009,3
DOI:10.1016/j.crm.2017.01.002,DOI:10.1016/j.ijdrr.2021.102562,4
DOI:10.1016/j.crm.2017.01.002,DOI:10.1186/s13717-018-0118-8,6
DOI:10.1016/j.crm.2017.01.002,DOI:10.1590/0103-9016-2015-0163,3
DOI:10.1016/j.crm.2017.01.002,"YAMANE T., 1967, STATISTICS-ABINGDON, V2ND",3
DOI:10.1016/j.crm.2017.01.002,DOI:10.1016/j.agee.2015.05.013,3
DOI:10.1016/j.crm.2017.01.002,DOI:10.1016/j.gloenvcha.2011.11.012,9
DOI:10.1016/j.crm.2017.01.002,DOI:10.1016/j.landusepol.2014.08.016,4
DOI:10.1016/j.crm.2017.01.002,DOI:10.1016/j.techfore.2012.08.007,8
DOI:10.1016/j.crm.2017.01.002,DOI:10.1108/ijccsm-01-2014-0017,4
DOI:10.1016/j.crm.2017.01.002,"NHEMACHENA C., 2014, JOURNAL OF DEVELOPMENT AND AGRICULTURAL ECONOMICS, V6, P232",4
DOI:10.1016/j.crm.2017.01.002,"AMOGNE ASFAW AMOGNE ASFAW, 2017, DEVELOPMENT STUDIES RESEARCH, V4, P22, DOI [10.1080/21665095.2017.1413411, 10.1080/21665095.2017.1413411]",3
DOI:10.1016/j.crm.2017.01.002,DOI:10.1016/j.jclepro.2017.04.060,4
DOI:10.1016/j.crm.2017.01.002,DOI:10.4236/oalib.1103312,4
DOI:10.1016/j.crm.2017.01.002,DOI:10.1080/17565529.2018.1442801,4
DOI:10.1016/j.crm.2017.01.002,DOI:10.1016/j.ecolecon.2013.05.002,6
DOI:10.1016/j.crm.2017.01.002,DOI:10.1186/s40677-018-0096-2],3
DOI:10.1016/j.crm.2017.01.002,"GREENE W.H., 2003, ECONOMETRIC ANAL, V5TH",3
DOI:10.1016/j.crm.2017.01.002,DOI:10.1016/j.agsy.2019.102697,3
DOI:10.1016/j.crm.2017.01.002,DOI:10.1016/j.landusepol.2017.10.023,4
DOI:10.1016/j.crm.2017.01.002,DOI:10.1016/j.njas.2018.09.001,4
DOI:10.1016/j.crm.2017.01.002,DOI:10.3390/sci2040087],3
DOI:10.1016/j.crm.2017.01.002,DOI:10.1016/j.wace.2017.12.002,3
DOI:10.1016/j.crm.2017.01.002,DOI:10.1080/20421338.2017.1380358,4
DOI:10.1016/j.crm.2017.01.002,DOI:10.1007/s10584-006-9205-4,3
DOI:10.1016/j.crm.2017.01.002,"[ANONYMOUS], 2010, SYNTHESIS REPORT",3
DOI:10.1016/j.crm.2017.01.002,DOI:10.1016/j.landusepol.2020.104858,3
DOI:10.1016/j.crm.2017.01.002,DOI:10.1007/s10668-012-9339-7,3
DOI:10.1016/j.crm.2017.01.002,DOI:10.4102/jamba.v13i1.974,4
DOI:10.1016/j.crm.2017.01.002,DOI:10.1080/23311843.2019.1636548,3
DOI:10.1016/j.crm.2017.01.002,DOI:10.1016/j.heliyon.2020.e04356,3
DOI:10.1016/j.crm.2017.01.002,"MADDISON D, 2006, DISCUSSION PAPER NO. 10",4
DOI:10.1016/j.crm.2017.01.002,DOI:10.1016/j.jrurstud.2016.02.001,3
DOI:10.1016/j.crm.2017.01.002,DOI:10.1023/a:1005546716266,3
DOI:10.1016/j.crm.2017.03.001,DOI:10.1016/j.jenvman.2012.10.036,3
DOI:10.1016/j.crm.2017.03.001,DOI:10.1186/s40066-017-0144-2],3
DOI:10.1016/j.crm.2017.03.001,DOI:10.5194/esd-6-225-2015,3
DOI:10.1016/j.crm.2021.100333,DOI:10.1016/j.ijdrr.2017.05.006,3
DOI:10.1016/j.crm.2021.100333,DOI:10.1016/j.jenvman.2012.10.036,3
DOI:10.1016/j.crm.2021.100333,DOI:10.1037/e576842013-001],3
DOI:10.1016/j.crm.2021.100333,DOI:10.1080/17565529.2019.1710097,3
DOI:10.1016/j.crm.2021.100333,DOI:10.1111/jac.12191,3
DOI:10.1016/j.crm.2021.100333,DOI:10.1186/s40066-017-0144-2],3
DOI:10.1016/j.crm.2021.100333,DOI:10.12944/crnfsj.7.3.02,3
DOI:10.1016/j.crm.2021.100333,DOI:10.3390/su14052847,3
DOI:10.1016/j.crm.2021.100333,DOI:10.5194/esd-6-225-2015,3
DOI:10.1016/j.crm.2021.100333,"HEADEY D., 2012, IFPRI - DISCUSSION PAPERS",3
DOI:10.1016/j.ecolecon.2017.08.006,DOI:10.1016/j.foodqual.2004.07.001,4
DOI:10.1016/j.ecolecon.2017.08.006,DOI:10.1016/j.jenvman.2012.10.036,5
DOI:10.1016/j.ecolecon.2017.08.006,DOI:10.1016/j.scitotenv.2020.141151,4
DOI:10.1016/j.ecolecon.2017.08.006,DOI:10.1016/j.wace.2016.12.001,3
DOI:10.1016/j.ecolecon.2017.08.006,DOI:10.1017/cbo9780511810176,3
DOI:10.1016/j.ecolecon.2017.08.006,DOI:10.1177/1536867x0400400306,5
DOI:10.1016/j.ecolecon.2017.08.006,DOI:10.1177/1536867x1101100303,3
DOI:10.1016/j.ecolecon.2017.08.006,DOI:10.1186/s40064-016-2779-z,4
DOI:10.1016/j.ecolecon.2017.08.006,DOI:10.1186/s40066-017-0144-2],4
DOI:10.1016/j.ecolecon.2017.08.006,DOI:10.22610/jebs.v11i1(j).2757],4
DOI:10.1016/j.ecolecon.2017.08.006,DOI:10.3368/le.89.4.743,3
DOI:10.1016/j.ecolecon.2017.08.006,DOI:10.3368/le.90.1.26,9
DOI:10.1016/j.ecolecon.2017.08.006,DOI:10.5194/esd-6-225-2015,4
DOI:10.1016/j.ecolecon.2017.08.006,DOI:10.1016/j.ecolecon.2014.07.025,3
DOI:10.1016/j.ecolecon.2017.08.006,DOI:10.1016/j.gloenvcha.2011.11.012,6
DOI:10.1016/j.ecolecon.2017.08.006,DOI:10.1093/ajae/aav005,3
DOI:10.1016/j.ecolecon.2017.08.006,DOI:10.1016/j.heliyon.2020.e04356,3
DOI:10.1016/j.ecolecon.2017.08.006,DOI:10.1016/j.landusepol.2017.10.023,3
DOI:10.1016/j.ecolecon.2017.08.006,DOI:10.1080/17565529.2021.1943296,3
DOI:10.1016/j.ecolecon.2017.08.006,DOI:10.1080/23311843.2019.1636548,3
DOI:10.1016/j.ecolecon.2017.08.006,DOI:10.1186/s13717-018-0118-8,4
DOI:10.1016/j.ecolecon.2017.08.006,DOI:10.4102/jamba.v13i1.974,5
DOI:10.1016/j.ecolecon.2017.08.006,DOI:10.1016/j.crm.2021.100288,3
DOI:10.1016/j.ecolecon.2017.08.006,DOI:10.1016/j.ecolind.2019.105863,3
DOI:10.1016/j.ecolecon.2017.08.006,DOI:10.1016/j.ecolind.2020.106475,3
DOI:10.1016/j.ecolecon.2017.08.006,DOI:10.1016/j.jrurstud.2016.08.005,3
DOI:10.1016/j.ecolecon.2017.08.006,DOI:10.1007/s10584-020-02684-8,3
DOI:10.1016/j.ecolecon.2017.08.006,DOI:10.1016/0304-4076(77)90052-5,3
DOI:10.1016/j.ecolecon.2017.08.006,DOI:10.3390/su9091648,3
DOI:10.1016/j.ecolecon.2017.08.006,DOI:10.1016/j.envsci.2014.04.002,3
DOI:10.1016/j.ecolecon.2017.08.006,DOI:10.1016/j.ecolecon.2013.05.002,3
DOI:10.1016/j.ecolecon.2017.08.006,DOI:10.1016/j.landusepol.2014.08.016,4
DOI:10.1016/j.ecolecon.2017.08.006,DOI:10.1016/j.techfore.2012.08.007,5
DOI:10.1016/j.ecolecon.2017.08.006,"NHEMACHENA C., 2014, JOURNAL OF DEVELOPMENT AND AGRICULTURAL ECONOMICS, V6, P232",3
DOI:10.1016/j.ecolecon.2017.08.006,"AMOGNE ASFAW AMOGNE ASFAW, 2017, DEVELOPMENT STUDIES RESEARCH, V4, P22, DOI [10.1080/21665095.2017.1413411, 10.1080/21665095.2017.1413411]",3
DOI:10.1016/j.ecolecon.2017.08.006,DOI:10.1080/20421338.2017.1380358,3
DOI:10.1016/j.ecolecon.2017.08.006,DOI:10.1016/j.jrurstud.2016.02.001,3
DOI:10.1016/j.ecolecon.2017.08.006,DOI:10.1016/j.landusepol.2020.104858,3
DOI:10.1016/j.foodpol.2014.06.010,DOI:10.1016/j.jenvman.2012.10.036,4
DOI:10.1016/j.foodpol.2014.06.010,DOI:10.1186/s40064-016-2779-z,3
DOI:10.1016/j.foodpol.2014.06.010,DOI:10.1186/s40066-017-0144-2],3
DOI:10.1016/j.foodpol.2014.06.010,DOI:10.5194/esd-6-225-2015,4
DOI:10.1016/j.foodpol.2014.06.010,"MADDISON D., 2006, CEEPA DISCUSSION PAPER NO. 10",3
DOI:10.1016/j.foodpol.2014.06.010,DOI:10.1016/j.gloenvcha.2011.11.012,3
DOI:10.1016/j.foodpol.2014.06.010,DOI:10.1016/j.techfore.2012.08.007,3
DOI:10.1016/j.foodpol.2014.06.010,DOI:10.1186/s13717-018-0118-8,3
DOI:10.1016/j.foodqual.2004.07.001,DOI:10.1016/j.jenvman.2012.10.036,3
DOI:10.1016/j.foodqual.2004.07.001,DOI:10.1177/1536867x0400400306,3
DOI:10.1016/j.foodqual.2004.07.001,DOI:10.1186/s40064-016-2779-z,4
DOI:10.1016/j.foodqual.2004.07.001,DOI:10.22610/jebs.v11i1(j).2757],3
DOI:10.1016/j.foodqual.2004.07.001,DOI:10.3368/le.90.1.26,4
DOI:10.1016/j.foodqual.2004.07.001,DOI:10.5194/esd-6-225-2015,3
DOI:10.1016/j.foodqual.2004.07.001,DOI:10.1016/j.gloenvcha.2011.11.012,5
DOI:10.1016/j.foodqual.2004.07.001,DOI:10.1016/j.techfore.2012.08.007,5
DOI:10.1016/j.foodqual.2004.07.001,DOI:10.1016/j.ecolecon.2013.05.002,3
DOI:10.1016/j.foodqual.2004.07.001,DOI:10.1080/20421338.2017.1380358,3
DOI:10.1016/j.foodqual.2004.07.001,DOI:10.1016/j.heliyon.2020.e04356,3
DOI:10.1016/j.foodqual.2004.07.001,"MADDISON D, 2006, DISCUSSION PAPER NO. 10",3
DOI:10.1016/j.ijdrr.2017.05.006,DOI:10.1016/j.jenvman.2012.10.036,3
DOI:10.1016/j.ijdrr.2017.05.006,DOI:10.1037/e576842013-001],3
DOI:10.1016/j.ijdrr.2017.05.006,DOI:10.1080/17565529.2019.1710097,3
DOI:10.1016/j.ijdrr.2017.05.006,DOI:10.1111/jac.12191,3
DOI:10.1016/j.ijdrr.2017.05.006,DOI:10.1186/s40066-017-0144-2],3
DOI:10.1016/j.ijdrr.2017.05.006,DOI:10.12944/crnfsj.7.3.02,3
DOI:10.1016/j.ijdrr.2017.05.006,DOI:10.3390/su14052847,5
DOI:10.1016/j.ijdrr.2017.05.006,DOI:10.5194/esd-6-225-2015,3
DOI:10.1016/j.ijdrr.2017.05.006,"HEADEY D., 2012, IFPRI - DISCUSSION PAPERS",3
DOI:10.1016/j.ijdrr.2017.05.006,DOI:10.1016/j.crm.2023.100495,3
DOI:10.1016/j.ijdrr.2017.05.006,DOI:10.1038/s41598-021-89391-1,3
DOI:10.1016/j.ijdrr.2017.05.006,DOI:10.1111/j.1467-6419.2007.00527.x,4
DOI:10.1016/j.ijdrr.2017.05.006,DOI:10.1162/003465302317331982,3
DOI:10.1016/j.ijdrr.2017.05.006,DOI:10.1093/biomet/70.1.41,3
DOI:10.1016/j.jenvman.2012.10.036,DOI:10.1016/j.wace.2021.100374,3
DOI:10.1016/j.jenvman.2012.10.036,DOI:10.1037/e576842013-001],4
DOI:10.1016/j.jenvman.2012.10.036,DOI:10.1080/17565529.2019.1710097,3
DOI:10.1016/j.jenvman.2012.10.036,DOI:10.1111/jac.12191,3
DOI:10.1016/j.jenvman.2012.10.036,DOI:10.1186/s40064-016-2779-z,5
DOI:10.1016/j.jenvman.2012.10.036,DOI:10.1186/s40066-017-0144-2],6
DOI:10.1016/j.jenvman.2012.10.036,DOI:10.12944/crnfsj.7.3.02,3
DOI:10.1016/j.jenvman.2012.10.036,DOI:10.22610/jebs.v11i1(j).2757],3
DOI:10.1016/j.jenvman.2012.10.036,DOI:10.3368/le.89.4.743,3
DOI:10.1016/j.jenvman.2012.10.036,DOI:10.3368/le.90.1.26,4
DOI:10.1016/j.jenvman.2012.10.036,DOI:10.3390/su14052847,3
DOI:10.1016/j.jenvman.2012.10.036,DOI:10.5194/esd-6-225-2015,10
DOI:10.1016/j.jenvman.2012.10.036,"HEADEY D., 2012, IFPRI - DISCUSSION PAPERS",3
DOI:10.1016/j.jenvman.2012.10.036,DOI:10.1016/j.jrurstud.2016.02.001,3
DOI:10.1016/j.jenvman.2012.10.036,DOI:10.1080/23311843.2019.1636548,3
DOI:10.1016/j.jenvman.2012.10.036,DOI:10.1186/s13717-018-0118-8,5
DOI:10.1016/j.jenvman.2012.10.036,DOI:10.1016/j.gloenvcha.2011.11.012,7
DOI:10.1016/j.jenvman.2012.10.036,DOI:10.1016/j.apgeog.2016.05.009,3
DOI:10.1016/j.jenvman.2012.10.036,DOI:10.1080/09709274.2016.11906955,3
DOI:10.1016/j.jenvman.2012.10.036,DOI:10.1007/s10668-012-9339-7,3
DOI:10.1016/j.jenvman.2012.10.036,DOI:10.1016/j.landusepol.2014.08.016,3
DOI:10.1016/j.jenvman.2012.10.036,DOI:10.1016/j.landusepol.2017.10.023,3
DOI:10.1016/j.jenvman.2012.10.036,DOI:10.1016/j.techfore.2012.08.007,3
DOI:10.1016/j.jenvman.2012.10.036,DOI:10.1007/s11842-016-9342-1,3
DOI:10.1016/j.jenvman.2012.10.036,DOI:10.4236/oalib.1103312,4
DOI:10.1016/j.jenvman.2012.10.036,DOI:10.1016/j.agwat.2014.10.011,4
DOI:10.1016/j.jenvman.2012.10.036,DOI:10.1126/science.1239402,4
DOI:10.1016/j.scitotenv.2020.141151,DOI:10.1177/1536867x1101100303,3
DOI:10.1016/j.scitotenv.2020.141151,DOI:10.22610/jebs.v11i1(j).2757],3
DOI:10.1016/j.scitotenv.2020.141151,DOI:10.3368/le.90.1.26,3
DOI:10.1016/j.wace.2021.100374,DOI:10.1186/s40066-017-0144-2],3
DOI:10.1016/j.wace.2021.100374,DOI:10.3390/su14052847,3
DOI:10.1016/j.wace.2021.100374,DOI:10.5194/esd-6-225-2015,3
DOI:10.1017/cbo9780511810176,DOI:10.1177/1536867x0400400306,3
DOI:10.1017/cbo9780511810176,DOI:10.3368/le.90.1.26,3
DOI:10.1037/e576842013-001],DOI:10.1080/17565529.2019.1710097,3
DOI:10.1037/e576842013-001],DOI:10.1111/jac.12191,3
DOI:10.1037/e576842013-001],DOI:10.1186/s40066-017-0144-2],4
DOI:10.1037/e576842013-001],DOI:10.12944/crnfsj.7.3.02,3
DOI:10.1037/e576842013-001],DOI:10.3390/su14052847,3
DOI:10.1037/e576842013-001],DOI:10.5194/esd-6-225-2015,3
DOI:10.1037/e576842013-001],"HEADEY D., 2012, IFPRI - DISCUSSION PAPERS",3
DOI:10.1080/17565529.2019.1710097,DOI:10.1111/jac.12191,3
DOI:10.1080/17565529.2019.1710097,DOI:10.1186/s40066-017-0144-2],3
DOI:10.1080/17565529.2019.1710097,DOI:10.12944/crnfsj.7.3.02,3
DOI:10.1080/17565529.2019.1710097,DOI:10.3390/su14052847,3
DOI:10.1080/17565529.2019.1710097,DOI:10.5194/esd-6-225-2015,3
DOI:10.1080/17565529.2019.1710097,"HEADEY D., 2012, IFPRI - DISCUSSION PAPERS",3
DOI:10.1111/jac.12191,DOI:10.1186/s40066-017-0144-2],3
DOI:10.1111/jac.12191,DOI:10.12944/crnfsj.7.3.02,3
DOI:10.1111/jac.12191,DOI:10.3390/su14052847,3
DOI:10.1111/jac.12191,DOI:10.5194/esd-6-225-2015,3
DOI:10.1111/jac.12191,"HEADEY D., 2012, IFPRI - DISCUSSION PAPERS",3
DOI:10.1177/1536867x0400400306,DOI:10.1186/s40064-016-2779-z,4
DOI:10.1177/1536867x0400400306,DOI:10.3368/le.90.1.26,5
DOI:10.1177/1536867x0400400306,DOI:10.1016/j.gloenvcha.2011.11.012,3
DOI:10.1177/1536867x0400400306,DOI:10.1016/j.landusepol.2014.08.016,3
DOI:10.1177/1536867x1101100303,DOI:10.22610/jebs.v11i1(j).2757],3
DOI:10.1177/1536867x1101100303,DOI:10.3368/le.90.1.26,3
DOI:10.1186/s40064-016-2779-z,DOI:10.1186/s40066-017-0144-2],3
DOI:10.1186/s40064-016-2779-z,DOI:10.22610/jebs.v11i1(j).2757],3
DOI:10.1186/s40064-016-2779-z,DOI:10.3368/le.90.1.26,3
DOI:10.1186/s40064-016-2779-z,DOI:10.5194/esd-6-225-2015,5
DOI:10.1186/s40064-016-2779-z,DOI:10.5897/jgrp.9000080],3
DOI:10.1186/s40064-016-2779-z,DOI:10.1016/j.landusepol.2014.08.016,4
DOI:10.1186/s40064-016-2779-z,DOI:10.1016/j.jrurstud.2016.02.001,3
DOI:10.1186/s40064-016-2779-z,DOI:10.1186/s13717-018-0118-8,3
DOI:10.1186/s40064-016-2779-z,"ACQUAH H. DE G., 2011, JOURNAL OF SUSTAINABLE DEVELOPMENT IN AFRICA, V13, P150",3
DOI:10.1186/s40064-016-2779-z,DOI:10.1007/s10668-012-9339-7,5
DOI:10.1186/s40064-016-2779-z,DOI:10.5296/rae.v6i4.6121,3
DOI:10.1186/s40064-016-2779-z,"MADDISON D, 2006, DISCUSSION PAPER NO. 10",4
DOI:10.1186/s40064-016-2779-z,DOI:10.1016/j.ecolecon.2013.05.002,3
DOI:10.1186/s40064-016-2779-z,DOI:10.1016/j.gloenvcha.2011.11.012,5
DOI:10.1186/s40064-016-2779-z,DOI:10.1016/j.landusepol.2017.10.023,3
DOI:10.1186/s40064-016-2779-z,DOI:10.1016/j.techfore.2012.08.007,4
DOI:10.1186/s40064-016-2779-z,DOI:10.1590/0103-9016-2015-0163,3
DOI:10.1186/s40066-017-0144-2],DOI:10.12944/crnfsj.7.3.02,3
DOI:10.1186/s40066-017-0144-2],DOI:10.2499/0896295354,3
DOI:10.1186/s40066-017-0144-2],DOI:10.3390/su14052847,3
DOI:10.1186/s40066-017-0144-2],DOI:10.5194/esd-6-225-2015,5
DOI:10.1186/s40066-017-0144-2],"HEADEY D., 2012, IFPRI - DISCUSSION PAPERS",3
DOI:10.1186/s40066-017-0144-2],DOI:10.1007/978-3-319-75004-0_23,3
DOI:10.1186/s40066-017-0144-2],DOI:10.1080/17565529.2021.1943296,3
DOI:10.1186/s40066-017-0144-2],DOI:10.1080/23311932.2019.1613770,4
DOI:10.1186/s40066-017-0144-2],DOI:10.1186/s13717-018-0118-8,4
DOI:10.1186/s40066-017-0144-2],DOI:10.1016/j.heliyon.2018.e00797,3
DOI:10.1186/s40066-017-0144-2],DOI:10.1038/s41598-021-89391-1,3
DOI:10.1186/s40066-017-0144-2],DOI:10.1080/17565529.2018.1442801,3
DOI:10.12944/crnfsj.7.3.02,DOI:10.3390/su14052847,3
DOI:10.12944/crnfsj.7.3.02,DOI:10.5194/esd-6-225-2015,3
DOI:10.12944/crnfsj.7.3.02,"HEADEY D., 2012, IFPRI - DISCUSSION PAPERS",3
DOI:10.22610/jebs.v11i1(j).2757],DOI:10.3368/le.90.1.26,5
DOI:10.22610/jebs.v11i1(j).2757],DOI:10.5194/esd-6-225-2015,4
DOI:10.22610/jebs.v11i1(j).2757],DOI:10.1016/j.gloenvcha.2011.11.012,4
DOI:10.22610/jebs.v11i1(j).2757],DOI:10.1080/20421338.2017.1380358,3
DOI:10.22610/jebs.v11i1(j).2757],DOI:10.1016/j.landusepol.2020.104858,3
DOI:10.22610/jebs.v11i1(j).2757],DOI:10.1186/s40008-020-00204-6],3
DOI:10.2499/0896295354,DOI:10.3368/le.90.1.26,3
DOI:10.3329/bjar.v39i3.21984,DOI:10.3390/su14052847,3
DOI:10.3329/bjar.v39i3.21984,DOI:10.5194/esd-6-225-2015,3
DOI:10.3329/bjar.v39i3.21984,DOI:10.1016/j.regsus.2021.05.002,3
DOI:10.3368/le.89.4.743,DOI:10.3368/le.90.1.26,3
DOI:10.3368/le.89.4.743,DOI:10.1016/j.gloenvcha.2011.11.012,4
DOI:10.3368/le.89.4.743,DOI:10.1186/s13717-018-0118-8,3
DOI:10.3368/le.90.1.26,DOI:10.5194/esd-6-225-2015,4
DOI:10.3368/le.90.1.26,DOI:10.1007/s00267-016-0661-y,3
DOI:10.3368/le.90.1.26,DOI:10.1007/s10584-020-02684-8,3
DOI:10.3368/le.90.1.26,DOI:10.1016/j.gloenvcha.2011.11.012,6
DOI:10.3368/le.90.1.26,DOI:10.1093/ajae/aav005,4
DOI:10.3368/le.90.1.26,DOI:10.1016/j.ecolecon.2013.05.002,3
DOI:10.3368/le.90.1.26,DOI:10.1080/20421338.2017.1380358,3
DOI:10.3368/le.90.1.26,DOI:10.1093/jae/ejw005,3
DOI:10.3368/le.90.1.26,DOI:10.1111/1467-8489.12357,3
DOI:10.3368/le.90.1.26,DOI:10.1016/j.landusepol.2014.08.016,3
DOI:10.3368/le.90.1.26,"AMOGNE ASFAW AMOGNE ASFAW, 2017, DEVELOPMENT STUDIES RESEARCH, V4, P22, DOI [10.1080/21665095.2017.1413411, 10.1080/21665095.2017.1413411]",3
DOI:10.3368/le.90.1.26,DOI:10.1016/j.techfore.2012.08.007,3
DOI:10.3390/su14052847,DOI:10.5194/esd-6-225-2015,3
DOI:10.3390/su14052847,"HEADEY D., 2012, IFPRI - DISCUSSION PAPERS",3
DOI:10.3390/su14052847,DOI:10.1016/j.crm.2023.100495,4
DOI:10.3390/su14052847,DOI:10.1038/s41598-021-89391-1,3
DOI:10.3390/su14052847,DOI:10.1111/j.1467-6419.2007.00527.x,4
DOI:10.3390/su14052847,DOI:10.1162/003465302317331982,3
DOI:10.3390/su14052847,DOI:10.3390/agriculture12050589,4
DOI:10.3390/su14052847,DOI:10.1007/s10584-020-02684-8,3
DOI:10.3390/su14052847,DOI:10.1093/biomet/70.1.41,3
DOI:10.5194/esd-6-225-2015,DOI:10.5897/jgrp.9000080],3
DOI:10.5194/esd-6-225-2015,"HEADEY D., 2012, IFPRI - DISCUSSION PAPERS",3
DOI:10.5194/esd-6-225-2015,DOI:10.1016/j.jrurstud.2016.02.001,3
DOI:10.5194/esd-6-225-2015,DOI:10.1080/23311932.2019.1613770,3
DOI:10.5194/esd-6-225-2015,DOI:10.1186/s13717-018-0118-8,5
DOI:10.5194/esd-6-225-2015,DOI:10.1016/j.gloenvcha.2011.11.012,5
DOI:10.5194/esd-6-225-2015,"LEGESSE B., 2013, ASIAN J. EMPIR. RES., V3, P251",3
DOI:10.5194/esd-6-225-2015,DOI:10.1016/j.landusepol.2017.10.023,3
DOI:10.5194/esd-6-225-2015,DOI:10.1590/0103-9016-2015-0163,3
DOI:10.5194/esd-6-225-2015,DOI:10.4102/jamba.v13i1.974,3
DOI:10.5194/esd-6-225-2015,DOI:10.4236/oalib.1103312,4
DOI:10.5194/esd-6-225-2015,"GREENE H.W., 2008, ECONOMETRIC ANAL, V6TH",3
DOI:10.5194/esd-6-225-2015,"MADDISON D, 2006, DISCUSSION PAPER NO. 10",3
DOI:10.5194/esd-6-225-2015,DOI:10.1007/s10584-020-02684-8,3
DOI:10.1002/wcc.120,DOI:10.1016/j.gloenvcha.2007.01.004,3
DOI:10.1002/wcc.645,DOI:10.1080/01944366908977225,3
DOI:10.1016/j.futures.2011.01.009,DOI:10.1080/01944366908977225,3
DOI:10.1016/j.cliser.2021.100245,DOI:10.1016/j.cliser.2023.100381,3
DOI:10.1016/j.cliser.2021.100245,DOI:10.3390/su13031308,3
DOI:10.1016/j.cliser.2021.100245,DOI:10.1007/s42452-021-04503-w,3
DOI:10.1016/j.cliser.2021.100245,DOI:10.1016/j.scitotenv.2021.146414,3
DOI:10.1016/j.cliser.2021.100245,DOI:10.1016/j.heliyon.2021.e08307,3
DOI:10.1186/s13717-018-0118-8,DOI:10.1590/0103-9016-2015-0163,4
DOI:10.1186/s13717-018-0118-8,DOI:10.1007/s10584-020-02684-8,3
DOI:10.1186/s13717-018-0118-8,DOI:10.1007/s11027-014-9568-1,4
DOI:10.1186/s13717-018-0118-8,DOI:10.1016/j.landusepol.2017.10.023,4
DOI:10.1186/s13717-018-0118-8,DOI:10.1016/j.heliyon.2020.e04356,3
DOI:10.1186/s13717-018-0118-8,DOI:10.1080/23311843.2019.1636548,4
DOI:10.1186/s13717-018-0118-8,DOI:10.1080/23311932.2019.1613770,3
DOI:10.1186/s13717-018-0118-8,DOI:10.4102/jamba.v13i1.974,4
DOI:10.1186/s13717-018-0118-8,DOI:10.1016/j.jrurstud.2016.02.001,3
DOI:10.1186/s13717-018-0118-8,DOI:10.1080/17565529.2018.1442801,3
DOI:10.1186/s13717-018-0118-8,DOI:10.1007/s10668-012-9339-7,3
DOI:10.1186/s13717-018-0118-8,DOI:10.1016/j.ecolecon.2013.05.002,3
DOI:10.1186/s13717-018-0118-8,DOI:10.1016/j.techfore.2012.08.007,3
DOI:10.1186/s13717-018-0118-8,DOI:10.1016/j.landusepol.2020.104858,3
DOI:10.1186/s13717-018-0118-8,DOI:10.4236/oalib.1103312,5
DOI:10.1590/0103-9016-2015-0163,DOI:10.1007/s10584-020-02684-8,4
DOI:10.1590/0103-9016-2015-0163,DOI:10.1016/j.gloenvcha.2011.11.012,3
DOI:10.1590/0103-9016-2015-0163,"GUJARATI D.N., 2008, BASIC ECONOMETRICS, V5TH",3
DOI:10.1590/0103-9016-2015-0163,DOI:10.1016/j.landusepol.2017.10.023,4
DOI:10.1007/s10113-015-0761-x,DOI:10.1007/s10584-020-02684-8,3
DOI:10.1007/s10584-020-02684-8,DOI:10.1016/j.crm.2023.100495,3
DOI:10.1007/s10584-020-02684-8,DOI:10.1016/j.jrurstud.2016.08.005,4
DOI:10.1007/s10584-020-02684-8,DOI:10.1007/s10584-022-03308-z,3
DOI:10.1007/s10584-020-02684-8,DOI:10.1016/j.heliyon.2020.e04356,4
DOI:10.1007/s42452-021-04503-w,DOI:10.1016/j.scitotenv.2021.146414,3
DOI:10.1007/s42452-021-04503-w,DOI:10.3390/su13031308,3
DOI:10.1016/j.apgeog.2016.05.009,"GREENE H.W., 2008, ECONOMETRIC ANAL, V6TH",3
DOI:10.1038/s41598-021-89391-1,DOI:10.1016/j.heliyon.2018.e00797,3
DOI:10.1038/s41598-021-89391-1,DOI:10.1111/j.1467-6419.2007.00527.x,3
DOI:10.1038/s41598-021-89391-1,DOI:10.1162/003465302317331982,3
DOI:10.1002/wcc.71,DOI:10.1016/j.gloenvcha.2010.11.006,4
DOI:10.1002/wcc.71,DOI:10.1175/2009wcas1007.1,3
DOI:10.1016/j.gloenvcha.2010.11.006,DOI:10.1146/annurev-environ-022112-112828,3
DOI:10.1016/j.gloenvcha.2010.11.006,DOI:10.1175/2009wcas1007.1,3
DOI:10.1016/j.crm.2016.11.002,DOI:10.1016/j.jenvman.2019.109702,3
DOI:10.1016/j.crm.2016.11.002,DOI:10.1016/j.gloenvcha.2011.11.012,3
DOI:10.1016/j.crm.2016.11.002,DOI:10.1007/s10668-021-01309-z,3
DOI:10.1080/23311932.2019.1613770,DOI:10.1007/978-3-319-75004-0_23,3
DOI:10.1080/23311932.2019.1613770,DOI:10.1016/j.cliser.2023.100376,3
DOI:10.1080/09640568.2018.1428184,DOI:10.1111/rec.12541,3
DOI:10.1017/s0376892907003876,"MAY B, 2011, ECOL SOC, V16",3
DOI:10.1016/j.crm.2016.11.001,DOI:10.1016/j.gloenvcha.2011.11.012,3
DOI:10.1016/j.ijdrr.2018.04.023,DOI:10.1007/s13753-018-0210-9,4
DOI:10.1016/j.ijdrr.2018.04.023,DOI:10.1007/s13753-021-00351-9,3
DOI:10.1016/j.ijdrr.2018.04.023,DOI:10.1080/17565529.2019.1613217,3
"OECD, 2002, IMPROVING POLICY COHERENCE AND INTEGRATION FOR SUSTAINABLE DEVELOPMENT: A CHECKLIST",DOI:10.1111/j.1541-0072.2005.00091.x,3
"BENEDICT M. A., 2002, RENEWABLE RESOURCES JOURNAL, V20, P12",DOI:10.2148/benv.33.1.115,4
DOI:10.1016/j.landurbplan.2007.02.001,DOI:10.2148/benv.33.1.115,3
DOI:10.2148/benv.33.1.115,DOI:10.1016/j.landurbplan.2014.10.018,3
DOI:10.2148/benv.33.1.115,DOI:10.1016/j.landurbplan.2010.05.006,4
"CORREA E., 2011, POPULATIONS AT RISK OF DISASTER A RESETTLEMENT GUIDE",DOI:10.1016/j.geoforum.2014.10.016,3
"CORREA E., 2011, POPULATIONS AT RISK OF DISASTER A RESETTLEMENT GUIDE","NORWEGIAN REFUGEE COUNCIL, 2011, NANS C CLIM CHANG DI",3
DOI:10.1016/j.geoforum.2014.10.016,"NORWEGIAN REFUGEE COUNCIL, 2011, NANS C CLIM CHANG DI",3
DOI:10.1080/17565529.2019.1613217,DOI:10.1007/s13753-018-0210-9,3
DOI:10.1080/17565529.2019.1613217,DOI:10.1007/s13753-021-00351-9,3
DOI:10.1007/s41685-020-00181-5,DOI:10.1016/j.cliser.2023.100376,3
DOI:10.1016/j.ecolind.2023.110637,DOI:10.1016/j.jenvman.2019.109702,3
DOI:10.1016/j.ijdrr.2015.08.010,DOI:10.1016/j.indic.2021.100112,3
DOI:10.1016/j.ijdrr.2015.08.010,DOI:10.1016/j.jenvman.2020.110487,3
DOI:10.1016/j.indic.2021.100112,DOI:10.1016/j.jenvman.2020.110487,3
DOI:10.1016/j.indic.2021.100112,DOI:10.1016/j.crm.2021.100288,3
DOI:10.1007/s10584-015-1459-2,DOI:10.1016/j.gloenvcha.2011.11.012,4
DOI:10.1007/s10584-015-1459-2,DOI:10.1016/j.jclepro.2018.03.199,3
DOI:10.1016/j.gloenvcha.2011.11.012,DOI:10.1016/j.landusepol.2014.08.016,5
DOI:10.1016/j.gloenvcha.2011.11.012,DOI:10.1016/j.techfore.2012.08.007,5
DOI:10.1016/j.gloenvcha.2011.11.012,DOI:10.1086/451461,3
DOI:10.1016/j.gloenvcha.2011.11.012,"NHEMACHENA C., 2014, JOURNAL OF DEVELOPMENT AND AGRICULTURAL ECONOMICS, V6, P232",3
DOI:10.1016/j.gloenvcha.2011.11.012,DOI:10.1016/j.ecolecon.2014.07.025,4
DOI:10.1016/j.gloenvcha.2011.11.012,DOI:10.1093/ajae/aav005,3
DOI:10.1016/j.gloenvcha.2011.11.012,DOI:10.1007/s11027-012-9374-6,3
DOI:10.1016/j.gloenvcha.2011.11.012,DOI:10.1016/j.envsci.2014.04.002,3
DOI:10.1016/j.gloenvcha.2011.11.012,DOI:10.1016/j.landusepol.2020.104858,3
DOI:10.1016/j.gloenvcha.2011.11.012,DOI:10.1080/20421338.2017.1380358,4
DOI:10.1016/j.gloenvcha.2011.11.012,DOI:10.1016/j.ecolind.2020.106781,3
DOI:10.1016/j.gloenvcha.2011.11.012,DOI:10.1016/j.ecolecon.2013.05.002,5
DOI:10.1016/j.gloenvcha.2011.11.012,DOI:10.1007/s10668-012-9339-7,3
DOI:10.1016/j.gloenvcha.2011.11.012,DOI:10.1016/j.landusepol.2017.10.023,3
DOI:10.1016/j.gloenvcha.2011.11.012,"MADDISON D, 2006, DISCUSSION PAPER NO. 10",3
DOI:10.1016/j.gloenvcha.2011.11.012,DOI:10.1023/a:1005546716266,3
DOI:10.1016/j.landusepol.2014.08.016,DOI:10.1016/j.techfore.2012.08.007,4
DOI:10.1016/j.landusepol.2014.08.016,DOI:10.1086/451461,3
DOI:10.1016/j.landusepol.2014.08.016,"NHEMACHENA C., 2014, JOURNAL OF DEVELOPMENT AND AGRICULTURAL ECONOMICS, V6, P232",3
DOI:10.1016/j.landusepol.2014.08.016,"GREENE H.W., 2008, ECONOMETRIC ANAL, V6TH",3
DOI:10.1016/j.landusepol.2014.08.016,DOI:10.1016/j.ecolecon.2013.05.002,3
DOI:10.1016/j.techfore.2012.08.007,"NHEMACHENA C., 2014, JOURNAL OF DEVELOPMENT AND AGRICULTURAL ECONOMICS, V6, P232",3
DOI:10.1016/j.techfore.2012.08.007,"ARYAL JP, 2018, INT J CLIM CHANG STR, V10, P407, DOI [10.1108/IJCCSM-02-2017-0025, 10.1108/IJCCSM-02-2017-0025]",3
DOI:10.1016/j.techfore.2012.08.007,DOI:10.1016/j.ecolecon.2013.05.002,5
DOI:10.1016/j.techfore.2012.08.007,DOI:10.1080/17565529.2018.1442801,3
DOI:10.1016/j.techfore.2012.08.007,DOI:10.1016/j.landusepol.2017.10.023,3
DOI:10.1016/j.techfore.2012.08.007,DOI:10.4102/jamba.v13i1.974,3
DOI:10.1108/ijccsm-01-2014-0017,"GREENE H.W., 2008, ECONOMETRIC ANAL, V6TH",3
"NHEMACHENA C., 2014, JOURNAL OF DEVELOPMENT AND AGRICULTURAL ECONOMICS, V6, P232",DOI:10.1016/j.ecolecon.2013.05.002,3
DOI:10.1007/s10668-017-0062-2,DOI:10.1098/rstb.2013.0089,3
DOI:10.1007/s10668-017-0062-2,"HANSEN J., 2019, AGRICULTURAL SYSTEMS, V172, P28",3
DOI:10.1016/j.envsci.2011.09.003,"HANSEN J., 2019, AGRICULTURAL SYSTEMS, V172, P28",3
DOI:10.1016/j.jclepro.2017.04.060,DOI:10.1016/j.cliser.2023.100376,3
DOI:10.1016/j.jclepro.2017.04.060,DOI:10.1016/j.landusepol.2017.10.023,3
DOI:10.1016/j.jclepro.2017.04.060,DOI:10.1186/s40677-018-0096-2],3
DOI:10.1051/cagri/2018019,DOI:10.3390/su7066573,3
DOI:10.1098/rstb.2013.0089,"HANSEN J., 2019, AGRICULTURAL SYSTEMS, V172, P28",3
DOI:10.4236/oalib.1103312,"GREENE H.W., 2008, ECONOMETRIC ANAL, V6TH",3
DOI:10.1007/s10584-016-1836-5,DOI:10.1016/j.landusepol.2017.10.023,3
DOI:10.1016/j.ecolecon.2014.07.025,DOI:10.1016/j.agwat.2014.10.011,3
DOI:10.1007/s11027-021-09968-z,DOI:10.1016/j.landusepol.2017.10.023,3
DOI:10.1016/j.jrurstud.2016.08.005,DOI:10.1007/s10584-018-2214-2,3
DOI:10.1016/j.jrurstud.2016.08.005,DOI:10.1007/s10584-022-03308-z,3
DOI:10.1016/j.landusepol.2017.10.023,DOI:10.4102/jamba.v13i1.974,3
DOI:10.1016/j.landusepol.2017.10.023,DOI:10.1016/j.njas.2018.09.001,3
DOI:10.1016/j.landusepol.2017.10.023,DOI:10.1109/tits.2020.3027542,3
DOI:10.1016/j.landusepol.2017.10.023,DOI:10.1007/s10668-012-9339-7,3
DOI:10.1016/j.envsci.2014.04.002,DOI:10.1016/j.landusepol.2020.104858,3
DOI:10.1016/j.landusepol.2020.104858,DOI:10.1016/j.jrurstud.2016.02.001,3
DOI:10.1016/j.landusepol.2020.104858,DOI:10.3390/agriculture12050589,3
DOI:10.1186/2193-7532-1-13,DOI:10.12895/jaeid.20141.140,3
DOI:10.1186/2193-7532-1-13,DOI:10.1177/0049124106292361,3
DOI:10.1080/09614524.2014.909385,DOI:10.1016/j.marpol.2018.12.029],3
DOI:10.1016/j.heliyon.2020.e04356,DOI:10.4102/jamba.v13i1.974,3
DOI:10.1080/23311843.2019.1636548,DOI:10.1111/1477-9552.12011,3
DOI:10.1080/23311843.2019.1636548,DOI:10.1007/s41748-020-00146-w,3
DOI:10.1016/j.landusepol.2021.105295,DOI:10.1108/ijccsm-06-2012-0033,3
"AYAL DY, 2018, INT J CLIM CHANG STR, V10, P596, DOI [10.1108/IJCCSM-06-2017-0143, 10.1108/IJCCSM-06-2017-0143]",DOI:10.35188/unu-wider/2014/749-3],3
DOI:10.1016/j.ecolecon.2013.05.002,DOI:10.1111/j.1574-0862.2010.00445.x,3
DOI:10.1016/j.ecolecon.2013.05.002,DOI:10.1016/j.foodpol.2006.01.003,3
"GREENE H.W., 2008, ECONOMETRIC ANAL, V6TH","MADDISON D, 2006, DISCUSSION PAPER NO. 10",3
DOI:10.1016/j.heliyon.2020.e04373,DOI:10.4236/ajcc.2022.112005],3
DOI:10.1016/j.foodpol.2017.03.005,DOI:10.1111/1477-9552.12107,3
DOI:10.1016/j.njas.2015.09.001,DOI:10.1016/j.scitotenv.2016.03.024,3
DOI:10.1016/j.scitotenv.2016.03.024,"EHIAKPOR DENNIS SEDEM, 2016, COGENT FOOD & AGRICULTURE, V2, DOI [10.1080/23311932.2016.1210557, 10.1080/23311932.2016.1210557]",3
DOI:10.1002/fes3.266,DOI:10.1016/j.crm.2023.100495,3
DOI:10.1016/j.crm.2023.100495,DOI:10.1111/j.1467-6419.2007.00527.x,3
DOI:10.1016/j.crm.2023.100495,DOI:10.3390/agriculture12050589,3
DOI:10.1111/j.1467-6419.2007.00527.x,DOI:10.1162/003465302317331982,3
DOI:10.1111/j.1467-6419.2007.00527.x,DOI:10.1093/biomet/70.1.41,3
DOI:10.3126/jfl.v11i1.8606],"TIWARI K R., 2014, JL POLY GLOBALIZATION, V23, P28",3
DOI:10.1016/j.crm.2021.100288,DOI:10.1016/j.ecolind.2020.106475,3
"EHIAKPOR DENNIS SEDEM, 2016, COGENT FOOD & AGRICULTURE, V2, DOI [10.1080/23311932.2016.1210557, 10.1080/23311932.2016.1210557]",DOI:10.1007/s10668-012-9339-7,3
DOI:10.3390/land9100351,DOI:10.1016/j.landurbplan.2020.103974,3
DOI:10.1016/j.envsci.2019.10.007,DOI:10.1016/j.agsy.2019.102697,3
DOI:10.1016/0304-4076(77)90052-5,DOI:10.3390/su9091648,3
"ACQUAH H. DE G., 2011, JOURNAL OF SUSTAINABLE DEVELOPMENT IN AFRICA, V13, P150",DOI:10.1007/s10668-012-9339-7,4
"ACQUAH H. DE G., 2011, JOURNAL OF SUSTAINABLE DEVELOPMENT IN AFRICA, V13, P150",DOI:10.5296/rae.v6i4.6121,3
DOI:10.1007/s10668-012-9339-7,DOI:10.5296/rae.v6i4.6121,4
DOI:10.1007/s10668-012-9339-7,DOI:10.5901/ajis.2014.v3n1p147],3
DOI:10.1007/s10668-012-9339-7,"MADDISON D, 2006, DISCUSSION PAPER NO. 10",3
DOI:10.1007/s10668-012-9339-7,DOI:10.1007/s10584-006-9205-4,3
DOI:10.1007/s10668-012-9339-7,DOI:10.1007/s10584-018-2239-6,3
DOI:10.1016/j.marpol.2015.12.011,DOI:10.1016/j.pocean.2008.06.004,3
"LEHODEY P., 2011, VULNERABILITY TROPIC, P925","PICKERING T. D., 2011, VULNERABILITY TROPIC, P925",3
"LEHODEY P., 2011, VULNERABILITY TROPIC, P925","PRATCHETT M. S., 2011, VULNERABILITY TROPIC, P925",3
"PICKERING T. D., 2011, VULNERABILITY TROPIC, P925","PRATCHETT M. S., 2011, VULNERABILITY TROPIC, P925",3
DOI:10.1080/17477891.2011.579338,"LASCO RD., 2008, THE ROLE OF LOCAL GOVERNMENT UNITS IN MAINSTREAMING CLIMATE CHANGE ADAPTATION IN PHILIPPINES",3
