source,target,weight
DOI:10.1007/s10796-017-9774-y,DOI:10.2307/30036540,7
DOI:10.1007/s10796-017-9774-y,"VENKATESH V, 2012, MIS QUART, V36, P157",4
DOI:10.1007/s10796-017-9774-y,DOI:10.2307/3150980,3
DOI:10.1007/s10796-017-9774-y,"HAIR JF., 2010, MULTIVARIATE DATA ANALYSIS, V7TH",3
DOI:10.1016/j.compedu.2016.06.002,DOI:10.1016/j.compedu.2016.11.003,3
DOI:10.1080/07421222.2003.11045748,DOI:10.1287/isre.3.1.60,8
DOI:10.1080/07421222.2003.11045748,DOI:10.1561/2900000005],3
DOI:10.1080/07421222.2003.11045748,DOI:10.2307/30036540,8
DOI:10.1080/07421222.2003.11045748,"VENKATESH V, 2012, MIS QUART, V36, P157",3
DOI:10.1080/07421222.2003.11045748,DOI:10.1007/s11747-014-0403-8,6
DOI:10.1080/07421222.2003.11045748,DOI:10.1016/j.chb.2015.11.036,3
DOI:10.1080/07421222.2003.11045748,DOI:10.1016/j.chb.2016.06.020,4
DOI:10.1080/07421222.2003.11045748,DOI:10.1016/j.chb.2019.08.004,4
DOI:10.1080/07421222.2003.11045748,DOI:10.1016/j.compedu.2006.11.007,5
DOI:10.1080/07421222.2003.11045748,DOI:10.1016/j.compedu.2011.10.014,3
DOI:10.1080/07421222.2003.11045748,DOI:10.1016/j.compedu.2017.12.001,6
DOI:10.1080/07421222.2003.11045748,DOI:10.1016/j.cose.2014.10.015,4
DOI:10.1080/07421222.2003.11045748,DOI:10.1016/j.eswa.2012.03.028,4
DOI:10.1080/07421222.2003.11045748,DOI:10.1108/10662241011020833,3
DOI:10.1080/07421222.2003.11045748,DOI:10.1287/mnsc.35.8.982,4
DOI:10.1080/07421222.2003.11045748,DOI:10.2307/249688,3
DOI:10.1080/07421222.2003.11045748,DOI:10.1057/ejis.2008.15,4
DOI:10.1080/07421222.2003.11045748,DOI:10.1108/ebr-11-2018-0203,3
DOI:10.1080/07421222.2003.11045748,"SHAHZAD ARFAN, 2021, QUAL QUANT, V55, P805, DOI [10.1007/S11135-020-01028-Z, 10.1007/S11135-020-01028-Z]",3
DOI:10.1080/07421222.2003.11045748,"CHIN WW, 1998, QUANT METH SER, P295",6
DOI:10.1080/07421222.2003.11045748,"DHAWAN SHIVANGI, 2020, JOURNAL OF EDUCATIONAL TECHNOLOGY SYSTEMS, V49, P5, DOI [10.1177/0047239520934018, 10.1177/0047239520934018]",4
DOI:10.1080/07421222.2003.11045748,DOI:10.1016/j.chb.2014.07.044,3
DOI:10.1080/07421222.2003.11045748,DOI:10.1016/j.compedu.2004.10.007,3
DOI:10.1080/07421222.2003.11045748,DOI:10.1016/j.compedu.2009.09.002,3
DOI:10.1080/07421222.2003.11045748,DOI:10.1016/j.tele.2018.03.012,4
DOI:10.1080/07421222.2003.11045748,DOI:10.2307/3150980,7
DOI:10.1080/07421222.2003.11045748,DOI:10.2307/3250921,6
DOI:10.1080/07421222.2003.11045748,"HAIR JF., 2010, MULTIVARIATE DATA ANALYSIS, V7TH",4
DOI:10.1080/07421222.2003.11045748,DOI:10.1007/s11423-016-9508-8,3
DOI:10.1080/07421222.2003.11045748,DOI:10.1016/j.ijinfomgt.2018.05.005,3
DOI:10.1080/07421222.2003.11045748,DOI:10.2753/mtp1069-6679190202,3
DOI:10.1080/07421222.2003.11045748,DOI:10.1108/el-11-2012-0148,4
DOI:10.1080/07421222.2003.11045748,DOI:10.1016/j.giq.2007.06.002,5
DOI:10.1080/07421222.2003.11045748,"ALDHOLAY ADNAN H., 2018, INTERNATIONAL JOURNAL OF SERVICES AND STANDARDS, V12, P163",3
DOI:10.1080/07421222.2003.11045748,DOI:10.1002/9781119239086],3
DOI:10.1080/07421222.2003.11045748,DOI:10.1002/asi.22757,3
DOI:10.1080/07421222.2003.11045748,DOI:10.1007/s11135-011-9579-x,3
DOI:10.1080/07421222.2003.11045748,DOI:10.1016/j.chb.2009.02.006,3
DOI:10.1080/07421222.2003.11045748,DOI:10.1016/j.chb.2016.10.009,4
DOI:10.1080/07421222.2003.11045748,DOI:10.1016/j.compedu.2008.10.002,3
DOI:10.1080/07421222.2003.11045748,DOI:10.1016/j.compedu.2012.10.001,3
DOI:10.1080/07421222.2003.11045748,DOI:10.1016/j.compedu.2013.07.037,3
DOI:10.1080/07421222.2003.11045748,DOI:10.1016/j.dss.2005.05.009,3
DOI:10.1080/07421222.2003.11045748,DOI:10.1016/j.ijinfomgt.2012.03.001,3
DOI:10.1080/07421222.2003.11045748,DOI:10.1016/j.tele.2015.06.010,3
DOI:10.1080/07421222.2003.11045748,DOI:10.1108/02635570710822831,3
DOI:10.1080/07421222.2003.11045748,DOI:10.1108/ijilt-11-2017-0116,3
DOI:10.1080/07421222.2003.11045748,DOI:10.1108/jeim-08-2013-0062,3
DOI:10.1080/07421222.2003.11045748,DOI:10.4258/hir.2015.21.1.43,3
DOI:10.1080/07421222.2003.11045748,DOI:10.4300/jgme-d-12-00156.1,3
DOI:10.1080/07421222.2003.11045748,"LEE KC, 2005, INT FED INFO PROC, V158, P135",3
DOI:10.1080/07421222.2003.11045748,"[ANONYMOUS], 2017, INT J SOFT COMPUT",3
DOI:10.1080/07421222.2003.11045748,DOI:10.1016/j.ijedro.2020.100011,3
DOI:10.12785/ijlms/010101,DOI:10.2307/30036540,3
DOI:10.12785/ijlms/010101,"VENKATESH V, 2012, MIS QUART, V36, P157",3
DOI:10.1287/isre.3.1.60,DOI:10.1561/2900000005],3
DOI:10.1287/isre.3.1.60,DOI:10.2307/30036540,5
DOI:10.1287/isre.3.1.60,DOI:10.1007/s11747-014-0403-8,5
DOI:10.1287/isre.3.1.60,DOI:10.1016/j.chb.2016.06.020,4
DOI:10.1287/isre.3.1.60,DOI:10.1016/j.chb.2019.08.004,3
DOI:10.1287/isre.3.1.60,DOI:10.1016/j.compedu.2006.11.007,6
DOI:10.1287/isre.3.1.60,DOI:10.1016/j.cose.2014.10.015,4
DOI:10.1287/isre.3.1.60,DOI:10.1016/j.eswa.2012.03.028,5
DOI:10.1287/isre.3.1.60,DOI:10.1108/10662241011020833,3
DOI:10.1287/isre.3.1.60,DOI:10.1287/mnsc.35.8.982,3
DOI:10.1287/isre.3.1.60,DOI:10.2307/249688,3
DOI:10.1287/isre.3.1.60,"CHIN WW, 1998, QUANT METH SER, P295",5
DOI:10.1287/isre.3.1.60,"DHAWAN SHIVANGI, 2020, JOURNAL OF EDUCATIONAL TECHNOLOGY SYSTEMS, V49, P5, DOI [10.1177/0047239520934018, 10.1177/0047239520934018]",3
DOI:10.1287/isre.3.1.60,DOI:10.1016/j.compedu.2004.10.007,4
DOI:10.1287/isre.3.1.60,DOI:10.1016/j.tele.2018.03.012,4
DOI:10.1287/isre.3.1.60,DOI:10.2307/2065853,3
DOI:10.1287/isre.3.1.60,DOI:10.2307/3150980,6
DOI:10.1287/isre.3.1.60,DOI:10.2307/3250921,3
DOI:10.1287/isre.3.1.60,"HAIR JF., 2010, MULTIVARIATE DATA ANALYSIS, V7TH",4
DOI:10.1287/isre.3.1.60,DOI:10.1108/el-11-2012-0148,4
DOI:10.1287/isre.3.1.60,"ALDHOLAY ADNAN H., 2018, INTERNATIONAL JOURNAL OF SERVICES AND STANDARDS, V12, P163",3
DOI:10.1287/isre.3.1.60,DOI:10.1002/9781119239086],3
DOI:10.1287/isre.3.1.60,DOI:10.1002/asi.22757,3
DOI:10.1287/isre.3.1.60,DOI:10.1007/s11135-011-9579-x,3
DOI:10.1287/isre.3.1.60,DOI:10.1016/j.chb.2009.02.006,3
DOI:10.1287/isre.3.1.60,DOI:10.1016/j.chb.2016.10.009,4
DOI:10.1287/isre.3.1.60,DOI:10.1016/j.compedu.2008.10.002,3
DOI:10.1287/isre.3.1.60,DOI:10.1016/j.compedu.2012.10.001,3
DOI:10.1287/isre.3.1.60,DOI:10.1016/j.compedu.2013.07.037,3
DOI:10.1287/isre.3.1.60,DOI:10.1016/j.dss.2005.05.009,3
DOI:10.1287/isre.3.1.60,DOI:10.1016/j.giq.2007.06.002,3
DOI:10.1287/isre.3.1.60,DOI:10.1016/j.ijhcs.2006.01.003,3
DOI:10.1287/isre.3.1.60,DOI:10.1016/j.ijinfomgt.2012.03.001,3
DOI:10.1287/isre.3.1.60,DOI:10.1016/j.tele.2015.06.010,3
DOI:10.1287/isre.3.1.60,DOI:10.1108/02635570710822831,3
DOI:10.1287/isre.3.1.60,DOI:10.1108/ijilt-11-2017-0116,3
DOI:10.1287/isre.3.1.60,DOI:10.1108/jeim-08-2013-0062,3
DOI:10.1287/isre.3.1.60,DOI:10.4258/hir.2015.21.1.43,3
DOI:10.1287/isre.3.1.60,DOI:10.4300/jgme-d-12-00156.1,3
DOI:10.1287/isre.3.1.60,"LEE KC, 2005, INT FED INFO PROC, V158, P135",3
DOI:10.1287/isre.3.1.60,"[ANONYMOUS], 2017, INT J SOFT COMPUT",3
DOI:10.1561/2900000005],DOI:10.2307/30036540,4
DOI:10.1561/2900000005],DOI:10.1007/s11747-014-0403-8,3
DOI:10.1561/2900000005],DOI:10.1016/j.cose.2014.10.015,3
DOI:10.1561/2900000005],DOI:10.1016/j.ijedro.2020.100011,4
DOI:10.1561/2900000005],DOI:10.1108/ijilt-11-2016-0051,3
DOI:10.1561/2900000005],DOI:10.1108/ijilt-11-2017-0116,4
DOI:10.1561/2900000005],DOI:10.1016/j.ijinfomgt.2012.03.001,3
DOI:10.1561/2900000005],DOI:10.2307/3150980,3
DOI:10.2307/249633,DOI:10.2307/30036540,3
DOI:10.2307/30036519,DOI:10.2307/30036540,3
DOI:10.2307/30036519,DOI:10.1007/s11423-018-9623-9,3
DOI:10.2307/30036519,DOI:10.1007/s11554-021-01071-5,3
DOI:10.2307/30036519,DOI:10.1007/s12652-020-02712-6,3
DOI:10.2307/30036519,DOI:10.1016/j.chb.2016.10.028,3
DOI:10.2307/30036519,DOI:10.1016/j.compedu.2011.07.008,3
DOI:10.2307/30036519,DOI:10.1016/j.compedu.2017.12.001,3
DOI:10.2307/30036519,DOI:10.1016/j.compedu.2019.02.012,3
DOI:10.2307/30036519,DOI:10.1080/10494820.2020.1734028,3
DOI:10.2307/30036519,DOI:10.1108/imds-04-2016-0130,3
DOI:10.2307/30036519,DOI:10.1108/intr-10-2018-0447,3
DOI:10.2307/30036519,DOI:10.1108/lht-01-2019-0028,3
DOI:10.2307/30036519,DOI:10.1109/access.2019.2936143,3
DOI:10.2307/30036519,DOI:10.1109/jiot.2021.3053420,3
DOI:10.2307/30036519,DOI:10.1111/j.1467-8535.2010.01054.x,3
DOI:10.2307/30036519,DOI:10.15354/sief.20.ar043,3
DOI:10.2307/30036519,DOI:10.2307/3150980,3
DOI:10.2307/30036519,DOI:10.3389/fpsyg.2020.01166,3
DOI:10.2307/30036540,"PARK SY, 2009, EDUC TECHNOL SOC, V12, P150",4
DOI:10.2307/30036540,"VENKATESH V, 2012, MIS QUART, V36, P157",15
DOI:10.2307/30036540,"BANDURA A., 1996, SOCIAL FDN THOUGHT A",3
DOI:10.2307/30036540,"BYRNE B, 2010, INTERNATIONAL HANDBOOK OF PSYCHOLOGY IN EDUCATION, P3",4
DOI:10.2307/30036540,"DHAWAN SHIVANGI, 2020, JOURNAL OF EDUCATIONAL TECHNOLOGY SYSTEMS, V49, P5, DOI [10.1177/0047239520934018, 10.1177/0047239520934018]",12
DOI:10.2307/30036540,DOI:10.1002/pa.2503,4
DOI:10.2307/30036540,DOI:10.1007/bf02723327,5
DOI:10.2307/30036540,DOI:10.1007/s10639-021-10573-5,4
DOI:10.2307/30036540,DOI:10.1080/08923647.2019.1663082,5
DOI:10.2307/30036540,DOI:10.1080/10494820.2015.1122635,7
DOI:10.2307/30036540,DOI:10.1108/itse-05-2019-0020,3
DOI:10.2307/30036540,DOI:10.1111/j.1559-1816.1992.tb00945.x,5
DOI:10.2307/30036540,DOI:10.1177/0735633120960421,5
DOI:10.2307/30036540,DOI:10.1287/isre.6.2.144,3
DOI:10.2307/30036540,DOI:10.2307/249443,3
DOI:10.2307/30036540,DOI:10.2307/3150980,16
DOI:10.2307/30036540,"HAIR JF., 2010, MULTIVARIATE DATA ANALYSIS, V7TH",10
DOI:10.2307/30036540,"KLINE R.B., 2005, PRINCIPLES PRACTICE, V2ND",3
DOI:10.2307/30036540,"THONGSRI NATTAPORN, 2018, JOURNAL OF SYSTEMS AND INFORMATION TECHNOLOGY, V20, P278, DOI [10.1108/JSIT-11-2017-0107, 10.1108/JSIT-11-2017-0107]",4
DOI:10.2307/30036540,DOI:10.1007/s11747-014-0403-8,9
DOI:10.2307/30036540,DOI:10.1016/j.chb.2015.11.036,6
DOI:10.2307/30036540,DOI:10.1016/j.chb.2016.06.020,3
DOI:10.2307/30036540,DOI:10.1016/j.chb.2019.08.004,5
DOI:10.2307/30036540,DOI:10.1016/j.compedu.2006.11.007,5
DOI:10.2307/30036540,DOI:10.1016/j.compedu.2010.05.004,3
DOI:10.2307/30036540,DOI:10.1016/j.compedu.2011.10.014,3
DOI:10.2307/30036540,DOI:10.1016/j.compedu.2017.12.001,5
DOI:10.2307/30036540,DOI:10.1016/j.cose.2014.10.015,3
DOI:10.2307/30036540,DOI:10.1016/j.eswa.2012.03.028,3
DOI:10.2307/30036540,DOI:10.1037/0033-295x.84.2.191,3
DOI:10.2307/30036540,DOI:10.1080/01587919.2013.835779,4
DOI:10.2307/30036540,DOI:10.1080/08923647.2020.1726167,3
DOI:10.2307/30036540,DOI:10.1287/mnsc.35.8.982,8
DOI:10.2307/30036540,DOI:10.2307/249688,3
DOI:10.2307/30036540,DOI:10.3389/fpsyg.2019.01652,7
DOI:10.2307/30036540,DOI:10.1007/s10639-021-10633-w,4
DOI:10.2307/30036540,DOI:10.1177/2347631120983481],3
DOI:10.2307/30036540,DOI:10.24191/ajue.v16i2.10294,6
DOI:10.2307/30036540,DOI:10.33902/jpsp.2020261309,3
DOI:10.2307/30036540,DOI:10.5539/hes.v10n3p16,3
DOI:10.2307/30036540,"MISHRA LOKANATH, 2020, INT J EDUC RES OPEN, V1, P100012, DOI [10.1016/J.IJEDRO.2020.100012, 10.1016/J.IJEDRO.2020.100012]",3
DOI:10.2307/30036540,"SHAHZAD ARFAN, 2021, QUAL QUANT, V55, P805, DOI [10.1007/S11135-020-01028-Z, 10.1007/S11135-020-01028-Z]",3
DOI:10.2307/30036540,"APARICIO M, 2016, EDUC TECHNOL SOC, V19, P292",3
DOI:10.2307/30036540,"CHIN WW, 1998, QUANT METH SER, P295",6
DOI:10.2307/30036540,DOI:10.1016/j.compedu.2009.09.002,6
DOI:10.2307/30036540,DOI:10.1016/j.compedu.2017.04.010,7
DOI:10.2307/30036540,DOI:10.1108/s1474-7979(2009)0000020014,3
DOI:10.2307/30036540,DOI:10.1111/j.1467-8535.2011.01229.x,4
DOI:10.2307/30036540,DOI:10.1111/j.1540-5915.2008.00192.x,4
DOI:10.2307/30036540,DOI:10.1287/mnsc.46.2.186.11926,8
DOI:10.2307/30036540,DOI:10.2307/3150876,3
DOI:10.2307/30036540,DOI:10.2307/3151718,3
DOI:10.2307/30036540,DOI:10.2753/mtp1069-6679190202,5
DOI:10.2307/30036540,DOI:10.4324/9780203771587],6
DOI:10.2307/30036540,"FISHBEIN M., 1980, UNDERSTANDING ATTITU",4
DOI:10.2307/30036540,"ALDHOLAY ADNAN H., 2018, INTERNATIONAL JOURNAL OF SERVICES AND STANDARDS, V12, P163",3
DOI:10.2307/30036540,DOI:10.1001/jama.2020.5227,3
DOI:10.2307/30036540,DOI:10.1007/s10639-021-10523-1,3
DOI:10.2307/30036540,DOI:10.2307/249689,5
DOI:10.2307/30036540,DOI:10.3390/su12208525,3
DOI:10.2307/30036540,"RAPANTA CHRYSI, 2020, POSTDIGIT SCI EDUC, V2, P923, DOI [10.1007/S42438-020-00155-Y, 10.1007/S42438-020-00155-Y]",4
DOI:10.2307/30036540,DOI:10.1007/s11423-016-9508-8,3
DOI:10.2307/30036540,DOI:10.1016/j.compedu.2019.103701,3
DOI:10.2307/30036540,DOI:10.1016/j.compedu.2019.103761,3
DOI:10.2307/30036540,DOI:10.1016/j.ijinfomgt.2018.05.005,9
DOI:10.2307/30036540,DOI:10.1080/10705519909540118,5
DOI:10.2307/30036540,DOI:10.2307/3250921,6
DOI:10.2307/30036540,DOI:10.1007/s12528-021-09274-2,3
DOI:10.2307/30036540,DOI:10.1016/j.compedu.2019.103617,6
DOI:10.2307/30036540,DOI:10.1016/j.ijhcs.2006.01.003,4
DOI:10.2307/30036540,DOI:10.1037/0021-9010.88.5.879,5
DOI:10.2307/30036540,DOI:10.1037/0033-2909.103.3.411,4
DOI:10.2307/30036540,DOI:10.1037/a0029393,3
DOI:10.2307/30036540,"SRITE M, 2006, MIS QUART, V30, P679",3
DOI:10.2307/30036540,DOI:10.1002/hbe2.191,4
DOI:10.2307/30036540,DOI:10.1016/j.compedu.2021.104211,3
DOI:10.2307/30036540,DOI:10.1016/j.psychres.2020.112934,3
DOI:10.2307/30036540,DOI:10.1080/15325024.2020.1769300,3
DOI:10.2307/30036540,DOI:10.37074/jalt.2020.3.1.7,3
DOI:10.2307/30036540,DOI:10.7759/cureus.7541,3
DOI:10.2307/30036540,DOI:10.1108/ebr-11-2018-0203,9
DOI:10.2307/30036540,DOI:10.17705/1cais.00407,3
DOI:10.2307/30036540,DOI:10.1109/access.2019.2939467,4
DOI:10.2307/30036540,DOI:10.1016/j.chb.2016.10.028,5
DOI:10.2307/30036540,DOI:10.1016/j.compedu.2012.10.001,3
DOI:10.2307/30036540,DOI:10.1016/j.compedu.2019.02.012,3
DOI:10.2307/30036540,DOI:10.1016/s0378-7206(98)00101-3,3
DOI:10.2307/30036540,DOI:10.1016/j.ijedro.2020.100011,5
DOI:10.2307/30036540,DOI:10.1080/10494820.2020.1813180,5
DOI:10.2307/30036540,DOI:10.1007/s10639-021-10557-5,3
DOI:10.2307/30036540,DOI:10.1177/0266666918765907,7
DOI:10.2307/30036540,DOI:10.1016/j.giq.2007.06.002,4
DOI:10.2307/30036540,DOI:10.1108/itse-11-2018-0092,3
DOI:10.2307/30036540,DOI:10.1108/jieb-09-2016-0032,4
DOI:10.2307/30036540,DOI:10.1007/s10639-020-10219-y,5
DOI:10.2307/30036540,DOI:10.1016/j.aci.2014.09.001,3
DOI:10.2307/30036540,DOI:10.1109/access.2019.2906668,3
DOI:10.2307/30036540,DOI:10.1016/j.compedu.2009.09.009,3
DOI:10.2307/30036540,DOI:10.1016/j.dss.2005.05.009,3
DOI:10.2307/30036540,DOI:10.1016/j.ijinfomgt.2012.03.001,3
DOI:10.2307/30036540,DOI:10.1108/ijilt-11-2017-0116,3
DOI:10.2307/30036540,DOI:10.1287/isre.11.4.342.11872,3
DOI:10.2307/30036540,DOI:10.1057/ejis.2008.15,3
DOI:10.2307/30036540,DOI:10.1016/j.chb.2004.03.006,3
DOI:10.2307/30036540,DOI:10.1016/j.compedu.2013.07.037,3
DOI:10.2307/30036540,DOI:10.1016/j.chb.2009.02.006,3
DOI:10.2307/30036540,DOI:10.1002/asi.22757,3
DOI:10.2307/30036540,DOI:10.1016/j.im.2003.12.013,3
"PARK SY, 2009, EDUC TECHNOL SOC, V12, P150",DOI:10.1016/j.compedu.2017.04.010,3
"PARK SY, 2009, EDUC TECHNOL SOC, V12, P150",DOI:10.1287/mnsc.46.2.186.11926,3
"PARK SY, 2009, EDUC TECHNOL SOC, V12, P150",DOI:10.2307/3150980,3
"VENKATESH V, 2012, MIS QUART, V36, P157","BYRNE B, 2010, INTERNATIONAL HANDBOOK OF PSYCHOLOGY IN EDUCATION, P3",4
"VENKATESH V, 2012, MIS QUART, V36, P157",DOI:10.1002/pa.2503,4
"VENKATESH V, 2012, MIS QUART, V36, P157",DOI:10.1007/bf02723327,5
"VENKATESH V, 2012, MIS QUART, V36, P157",DOI:10.1007/s10639-021-10573-5,3
"VENKATESH V, 2012, MIS QUART, V36, P157",DOI:10.1080/08923647.2019.1663082,3
"VENKATESH V, 2012, MIS QUART, V36, P157",DOI:10.1080/10494820.2015.1122635,4
"VENKATESH V, 2012, MIS QUART, V36, P157",DOI:10.1111/j.1559-1816.1992.tb00945.x,3
"VENKATESH V, 2012, MIS QUART, V36, P157",DOI:10.1177/0735633120960421,5
"VENKATESH V, 2012, MIS QUART, V36, P157",DOI:10.2307/3150980,8
"VENKATESH V, 2012, MIS QUART, V36, P157","HAIR JF., 2010, MULTIVARIATE DATA ANALYSIS, V7TH",6
"VENKATESH V, 2012, MIS QUART, V36, P157","THONGSRI NATTAPORN, 2018, JOURNAL OF SYSTEMS AND INFORMATION TECHNOLOGY, V20, P278, DOI [10.1108/JSIT-11-2017-0107, 10.1108/JSIT-11-2017-0107]",3
"VENKATESH V, 2012, MIS QUART, V36, P157",DOI:10.1016/j.compedu.2019.103617,4
"VENKATESH V, 2012, MIS QUART, V36, P157",DOI:10.1016/j.ijhcs.2006.01.003,3
"VENKATESH V, 2012, MIS QUART, V36, P157",DOI:10.1037/0033-2909.103.3.411,3
"VENKATESH V, 2012, MIS QUART, V36, P157",DOI:10.1016/j.chb.2014.07.044,3
"VENKATESH V, 2012, MIS QUART, V36, P157",DOI:10.1016/j.compedu.2006.11.007,3
"VENKATESH V, 2012, MIS QUART, V36, P157",DOI:10.1016/j.compedu.2009.09.002,3
"VENKATESH V, 2012, MIS QUART, V36, P157",DOI:10.1016/j.compedu.2017.04.010,3
"VENKATESH V, 2012, MIS QUART, V36, P157",DOI:10.1287/mnsc.46.2.186.11926,4
"VENKATESH V, 2012, MIS QUART, V36, P157",DOI:10.1109/access.2019.2939467,3
"VENKATESH V, 2012, MIS QUART, V36, P157",DOI:10.1177/0266666918765907,3
"VENKATESH V, 2012, MIS QUART, V36, P157",DOI:10.1080/10705519909540118,5
"VENKATESH V, 2012, MIS QUART, V36, P157",DOI:10.1109/access.2019.2906668,3
"VENKATESH V, 2012, MIS QUART, V36, P157",DOI:10.1016/j.chb.2015.11.036,3
"VENKATESH V, 2012, MIS QUART, V36, P157",DOI:10.1007/s10639-020-10219-y,3
"ANDERSON T, 2003, HANDBOOK OF DISTANCE EDUCATION, P129",DOI:10.3102/0034654309333844,3
"BANNA JINAN, 2015, J ONLINE LEARN TEACH, V11, P249",DOI:10.24059/olj.v22i1.1092,3
DOI:10.1006/ceps.1999.1020,DOI:10.1080/10705519909540118,3
DOI:10.1006/ceps.1999.1020,DOI:10.2307/3150980,5
DOI:10.1006/ceps.1999.1020,DOI:10.1016/j.cedpsych.2004.11.001,3
DOI:10.1006/ceps.1999.1020,DOI:10.1016/j.compedu.2010.05.004,4
DOI:10.1006/ceps.1999.1020,DOI:10.1016/s0360-1315(01)00060-4,3
DOI:10.1006/ceps.1999.1020,DOI:10.4324/9780203415986-21,3
DOI:10.1006/ceps.1999.1020,"MCVAY M, 2000, DEVELOPING A WEB-BASED DISTANCE STUDENT ORIENTATION TO ENHANCE STUDENT SUCCESS IN AN ONLINE BACHELOR'S DEGREE COMPLETION PROGRAM",3
DOI:10.1006/ceps.1999.1020,"WARNER D., 1998, READINESS OF VET CLIENTS FOR FLEXIBLE DELIVERY INCLUDING ON-LINE LEARNING",3
DOI:10.1006/ceps.1999.1020,DOI:10.1016/0092-6566(85)90023-6,3
DOI:10.1016/j.chb.2010.01.011,DOI:10.1016/s1096-7516(00)00016-6,4
DOI:10.1016/j.chb.2010.01.011,DOI:10.1080/10705519909540118,6
DOI:10.1016/j.chb.2010.01.011,DOI:10.2307/3150980,6
DOI:10.1016/j.chb.2010.01.011,DOI:10.24059/olj.v22i1.1092,3
DOI:10.1016/j.chb.2010.01.011,DOI:10.1007/s10639-019-09863-w,5
DOI:10.1016/j.chb.2010.01.011,DOI:10.1016/j.cedpsych.2020.101860,3
DOI:10.1016/j.chb.2010.01.011,DOI:10.22230/ijepl.2016v11n3a651,3
DOI:10.1016/j.chb.2010.01.011,DOI:10.1007/s11747-014-0403-8,4
DOI:10.1016/j.chb.2010.01.011,DOI:10.1016/j.chb.2019.01.034,4
DOI:10.1016/j.chb.2010.01.011,DOI:10.1016/j.compedu.2015.10.012,3
DOI:10.1016/j.chb.2010.01.011,DOI:10.1177/1477878509104318,3
DOI:10.1016/j.chb.2010.01.011,DOI:10.1521/978.14625/28806,4
DOI:10.1016/j.chb.2010.01.011,"HAIR JF., 2010, MULTIVARIATE DATA ANALYSIS, V7TH",4
DOI:10.1016/j.chb.2010.01.011,DOI:10.1037/0003-066x.55.1.68,3
DOI:10.1016/j.chb.2010.01.011,DOI:10.1080/01587919.2018.1553562,3
DOI:10.1016/j.chb.2010.01.011,DOI:10.19173/irrodl.v14i1.1338,3
DOI:10.1016/j.chb.2010.01.011,DOI:10.1207/s15327965pli1104_01,3
DOI:10.1016/j.chb.2010.01.011,DOI:10.2307/2070638,3
DOI:10.1016/j.compedu.2014.10.022,DOI:10.1016/s1096-7516(00)00016-6,3
DOI:10.1016/j.compedu.2014.10.022,DOI:10.1111/dsji.12097,3
DOI:10.1016/j.compedu.2014.10.022,"MOORE M.G., 2011, DISTANCE ED SYSTEMS",3
DOI:10.1016/j.compedu.2016.01.014,DOI:10.1016/s1096-7516(00)00016-6,3
DOI:10.1016/j.compedu.2016.01.014,DOI:10.1111/dsji.12097,3
DOI:10.1016/j.compedu.2016.01.014,DOI:10.20448/journal.509.2020.73.285.292],4
DOI:10.1016/j.compedu.2016.01.014,DOI:10.2307/3250989,3
DOI:10.1016/j.compedu.2016.01.014,DOI:10.24059/olj.v22i1.1092,3
DOI:10.1016/j.compedu.2016.01.014,DOI:10.1007/s11747-014-0403-8,3
DOI:10.1016/j.compedu.2016.01.014,DOI:10.1016/j.ijedro.2020.100011,3
DOI:10.1016/j.compedu.2016.01.014,DOI:10.1163/9789004702813_021],3
DOI:10.1016/j.compedu.2016.01.014,"HAIR JF., 2010, MULTIVARIATE DATA ANALYSIS, V7TH",3
DOI:10.1016/j.compedu.2016.01.014,DOI:10.1007/s12528-018-9179-z,3
DOI:10.1016/j.compedu.2016.01.014,DOI:10.1080/01587919.2018.1553562,5
DOI:10.1016/j.compedu.2016.01.014,DOI:10.1086/669930,3
DOI:10.1016/j.compedu.2016.01.014,DOI:10.1257/aer.20151193,3
DOI:10.1016/j.compedu.2016.01.014,DOI:10.1353/jhe.2014.0028,4
DOI:10.1016/j.compedu.2016.01.014,DOI:10.1016/j.iheduc.2010.10.001,3
DOI:10.1016/j.compedu.2016.01.014,DOI:10.22230/ijepl.2016v11n3a651,5
DOI:10.1016/j.compedu.2016.01.014,DOI:10.1080/08923647.2015.994366,3
DOI:10.1016/j.compedu.2016.01.014,DOI:10.1111/j.1540-4609.2006.00114.x,3
DOI:10.1016/j.dss.2006.12.013,DOI:10.1016/s1096-7516(00)00016-6,3
DOI:10.1016/j.iheduc.2019.04.001,DOI:10.1111/dsji.12097,3
DOI:10.1016/j.iheduc.2019.04.001,DOI:10.1016/j.compedu.2020.104111,3
DOI:10.1016/s1096-7516(00)00016-6,DOI:10.2307/3150980,6
DOI:10.1016/s1096-7516(00)00016-6,DOI:10.2307/3250989,4
DOI:10.1016/s1096-7516(00)00016-6,DOI:10.24059/olj.v22i1.1092,4
DOI:10.1016/s1096-7516(00)00016-6,DOI:10.3390/su13052546,3
DOI:10.1016/s1096-7516(00)00016-6,"NUNNALLY J.C., 1978, PSYCHOMETRIC THEORY, V2ND",3
DOI:10.1016/s1096-7516(00)00016-6,"DHAWAN SHIVANGI, 2020, JOURNAL OF EDUCATIONAL TECHNOLOGY SYSTEMS, V49, P5, DOI [10.1177/0047239520934018, 10.1177/0047239520934018]",8
DOI:10.1016/s1096-7516(00)00016-6,DOI:10.1002/hbe2.191,6
DOI:10.1016/s1096-7516(00)00016-6,DOI:10.1016/j.compedu.2006.11.007,3
DOI:10.1016/s1096-7516(00)00016-6,DOI:10.1016/j.iheduc.2010.10.001,5
DOI:10.1016/s1096-7516(00)00016-6,DOI:10.1097/md.0000000000024821,3
DOI:10.1016/s1096-7516(00)00016-6,DOI:10.1111/jcal.12258,3
DOI:10.1016/s1096-7516(00)00016-6,DOI:10.5539/hes.v10n3p16,3
DOI:10.1016/s1096-7516(00)00016-6,"FIOCK HS, 2020, INT REV RES OPEN DIS, V21, P134",3
DOI:10.1016/s1096-7516(00)00016-6,DOI:10.1016/j.compedu.2010.07.017,5
DOI:10.1016/s1096-7516(00)00016-6,DOI:10.1016/j.iheduc.2011.11.006,5
DOI:10.1016/s1096-7516(00)00016-6,DOI:10.1016/j.compedu.2019.103701,3
DOI:10.1016/s1096-7516(00)00016-6,DOI:10.1016/j.iheduc.2009.11.002,3
DOI:10.1016/s1096-7516(00)00016-6,"GARRISON D.R., 2003, E-LEARNING IN THE 21ST CENTURY",4
DOI:10.1016/s1096-7516(00)00016-6,"GARRISON D.R., 2017, E-LEARNING IN THE 21ST CENTURY. A COMMUNITY OF INQUIRY FRAMEWORK FOR RESEARCH AND PRACTICE, V3",7
DOI:10.1016/s1096-7516(00)00016-6,"SEAMAN J.E., 2018, GRADE INCREASE: TRACKING DISTANCE EDUCATION IN THE UNITED STATES",3
DOI:10.1016/s1096-7516(00)00016-6,DOI:10.1016/j.iheduc.2007.04.001,12
DOI:10.1016/s1096-7516(00)00016-6,DOI:10.1016/j.iheduc.2011.11.001,3
DOI:10.1016/s1096-7516(00)00016-6,DOI:10.1080/08923640109527071,9
DOI:10.1016/s1096-7516(00)00016-6,DOI:10.1163/9789004702813_021],4
DOI:10.1016/s1096-7516(00)00016-6,DOI:10.1016/j.compedu.2014.10.015,3
DOI:10.1016/s1096-7516(00)00016-6,DOI:10.1016/j.iheduc.2009.10.003,5
DOI:10.1016/s1096-7516(00)00016-6,DOI:10.1016/j.iheduc.2018.06.001,3
DOI:10.1016/s1096-7516(00)00016-6,DOI:10.24059/olj.v5i2.1875],7
DOI:10.1016/s1096-7516(00)00016-6,DOI:10.1016/j.chb.2017.02.001,6
DOI:10.1016/s1096-7516(00)00016-6,DOI:10.1016/j.iheduc.2009.10.002,6
DOI:10.1016/s1096-7516(00)00016-6,DOI:10.1016/j.ijedro.2020.100011,3
DOI:10.1016/s1096-7516(00)00016-6,DOI:10.1080/08923649709526970],3
DOI:10.1016/s1096-7516(00)00016-6,DOI:10.1016/j.iheduc.2013.10.001,4
DOI:10.1016/s1096-7516(00)00016-6,DOI:10.1016/j.iheduc.2018.01.003,4
DOI:10.1016/s1096-7516(00)00016-6,DOI:10.1080/01587919.2020.1821603,3
DOI:10.1016/s1096-7516(00)00016-6,"YUKSELTURK E, 2008, EDUC TECHNOL SOC, V11, P51",3
DOI:10.1016/s1096-7516(00)00016-6,DOI:10.1007/s11747-014-0403-8,3
DOI:10.1016/s1096-7516(00)00016-6,DOI:10.1016/j.iheduc.2008.06.003,5
DOI:10.1016/s1096-7516(00)00016-6,DOI:10.1016/j.jadohealth.2021.03.002,5
DOI:10.1016/s1096-7516(00)00016-6,DOI:10.4324/9780203771587],3
DOI:10.1016/s1096-7516(00)00016-6,DOI:10.3390/su122410367,3
DOI:10.1016/s1096-7516(00)00016-6,DOI:10.1016/j.compedu.2020.104111,5
DOI:10.1016/s1096-7516(00)00016-6,DOI:10.19173/irrodl.v13i4.1234,3
DOI:10.1016/s1096-7516(00)00016-6,DOI:10.19173/irrodl.v14i1.1338,3
DOI:10.1016/s1096-7516(00)00016-6,DOI:10.24059/olj.v12i3-4.1680,5
DOI:10.1016/s1096-7516(00)00016-6,DOI:10.24059/olj.v24i4.2307,3
DOI:10.1016/s1096-7516(00)00016-6,DOI:10.24059/olj.v25i1.2482,3
DOI:10.1016/s1096-7516(00)00016-6,DOI:10.1002/ece3.7123,3
DOI:10.1016/s1096-7516(00)00016-6,DOI:10.19173/irrodl.v10i6.765,4
DOI:10.1016/s1096-7516(00)00016-6,DOI:10.70725/331114ctnutj],3
DOI:10.1016/s1096-7516(00)00016-6,DOI:10.1016/j.compedu.2008.10.007,3
DOI:10.1016/s1096-7516(00)00016-6,DOI:10.1016/j.iheduc.2006.06.005,4
DOI:10.1016/s1096-7516(00)00016-6,DOI:10.1111/j.1467-8535.2009.01029.x,3
DOI:10.1016/s1096-7516(00)00016-6,"HAIR JF., 2010, MULTIVARIATE DATA ANALYSIS, V7TH",4
DOI:10.1016/s1096-7516(00)00016-6,"RAPANTA CHRYSI, 2020, POSTDIGIT SCI EDUC, V2, P923, DOI [10.1007/S42438-020-00155-Y, 10.1007/S42438-020-00155-Y]",3
DOI:10.1016/s1096-7516(00)00016-6,DOI:10.1080/01587919.2018.1553562,3
DOI:10.1016/s1096-7516(00)00016-6,DOI:10.1080/08923648909526659],3
DOI:10.1016/s1096-7516(00)00016-6,DOI:10.3390/jrfm13030055,3
DOI:10.1016/s1096-7516(00)00016-6,DOI:10.1016/j.compedu.2019.02.021,3
DOI:10.1016/s1096-7516(00)00016-6,DOI:10.1016/j.iheduc.2013.10.007,3
DOI:10.1016/s1096-7516(00)00016-6,DOI:10.1016/j.ijinfomgt.2020.102211,3
DOI:10.1080/10705519909540118,DOI:10.20448/journal.509.2020.73.285.292],4
DOI:10.1080/10705519909540118,DOI:10.2307/3150980,15
DOI:10.1080/10705519909540118,DOI:10.24059/olj.v22i1.1092,3
DOI:10.1080/10705519909540118,DOI:10.1037/1082-989x.1.2.130,3
DOI:10.1080/10705519909540118,DOI:10.29333/pr/7937],3
DOI:10.1080/10705519909540118,DOI:10.1111/bjet.12864,3
DOI:10.1080/10705519909540118,DOI:10.11648/j.ajtas.20160501.11,3
DOI:10.1080/10705519909540118,DOI:10.1287/mnsc.35.8.982,3
DOI:10.1080/10705519909540118,DOI:10.1016/j.ijedro.2020.100011,5
DOI:10.1080/10705519909540118,DOI:10.1016/j.lindif.2022.102128,3
DOI:10.1080/10705519909540118,DOI:10.1111/bjet.13206,4
DOI:10.1080/10705519909540118,DOI:10.33902/jpsp.2020261309,3
DOI:10.1080/10705519909540118,DOI:10.1002/aehe.20018,3
DOI:10.1080/10705519909540118,DOI:10.1007/s10639-019-09863-w,3
DOI:10.1080/10705519909540118,DOI:10.1037/0033-2909.103.3.411,3
DOI:10.1080/10705519909540118,DOI:10.22230/ijepl.2016v11n3a651,3
DOI:10.1080/10705519909540118,DOI:10.2307/3151312,3
DOI:10.1080/10705519909540118,DOI:10.24059/olj.v22i4.1297,3
DOI:10.1080/10705519909540118,DOI:10.1007/bf02723327,3
DOI:10.1080/10705519909540118,DOI:10.2307/3250921,3
DOI:10.1080/10705519909540118,"HAIR JF., 2010, MULTIVARIATE DATA ANALYSIS, V7TH",4
DOI:10.1080/10705519909540118,"DIXSON MD, 2015, ONLINE LEARN, V19, P143",3
DOI:10.1080/10705519909540118,DOI:10.1016/j.compedu.2010.05.004,4
DOI:10.1080/10705519909540118,DOI:10.1080/01587919.2020.1724768,3
DOI:10.1080/10705519909540118,DOI:10.24191/ajue.v16i2.10294,3
DOI:10.1080/10705519909540118,DOI:10.1016/j.compedu.2006.11.007,4
DOI:10.1080/10705519909540118,"DHAWAN SHIVANGI, 2020, JOURNAL OF EDUCATIONAL TECHNOLOGY SYSTEMS, V49, P5, DOI [10.1177/0047239520934018, 10.1177/0047239520934018]",5
DOI:10.1080/10705519909540118,DOI:10.1080/08923647.2019.1663082,3
DOI:10.1080/10705519909540118,DOI:10.1007/s11747-014-0403-8,5
DOI:10.1080/10705519909540118,DOI:10.1016/j.ijhcs.2006.01.003,3
DOI:10.1080/10705519909540118,DOI:10.1207/s15327965pli1104_01,3
DOI:10.1080/10705519909540118,"RAPANTA CHRYSI, 2020, POSTDIGIT SCI EDUC, V2, P923, DOI [10.1007/S42438-020-00155-Y, 10.1007/S42438-020-00155-Y]",3
DOI:10.1080/10705519909540118,DOI:10.1016/j.chb.2014.02.048,3
DOI:10.1080/10705519909540118,DOI:10.1037/0021-9010.88.5.879,3
DOI:10.1080/10705519909540118,DOI:10.1177/0735633120960421,3
DOI:10.1080/10705519909540118,DOI:10.1016/j.iheduc.2010.10.001,3
DOI:10.1080/10705519909540118,DOI:10.1016/j.psychres.2020.112934,3
DOI:10.1080/10705519909540118,DOI:10.2196/22817,4
DOI:10.1080/10705519909540118,DOI:10.1080/10494820.2020.1813180,5
DOI:10.1080/10705519909540118,DOI:10.1002/hbe2.191,4
DOI:10.1080/10705519909540118,DOI:10.1016/j.childyouth.2020.105355,3
DOI:10.1080/10705519909540118,DOI:10.1037/stl0000198],4
DOI:10.1080/10705519909540118,DOI:10.1207/s15328007sem0902_5,3
DOI:10.1111/dsji.12097,DOI:10.20448/journal.509.2020.73.285.292],5
DOI:10.1111/dsji.12097,DOI:10.2307/3150980,5
DOI:10.1111/dsji.12097,DOI:10.2307/3250989,4
DOI:10.1111/dsji.12097,"MOORE M.G., 2011, DISTANCE ED SYSTEMS",3
DOI:10.1111/dsji.12097,DOI:10.1016/j.iheduc.2013.10.001,4
DOI:10.1111/dsji.12097,"SHER A, 2009, J INTERACT ONLINE LE, V8, P102",3
DOI:10.1111/dsji.12097,"SWAN K., 2003, ELEMENTS QUALITY ONL, P13",3
DOI:10.1111/dsji.12097,DOI:10.1007/s11747-014-0403-8,4
DOI:10.1111/dsji.12097,DOI:10.1016/j.iheduc.2018.01.003,3
DOI:10.1111/dsji.12097,DOI:10.1080/01587919.2018.1553562,7
DOI:10.1111/dsji.12097,DOI:10.22230/ijepl.2016v11n3a651,3
DOI:10.1111/dsji.12097,DOI:10.3390/su122410367,3
DOI:10.1111/dsji.12097,DOI:10.3402/rlt.v23.26507,3
DOI:10.1111/dsji.12097,"DHAWAN SHIVANGI, 2020, JOURNAL OF EDUCATIONAL TECHNOLOGY SYSTEMS, V49, P5, DOI [10.1177/0047239520934018, 10.1177/0047239520934018]",3
DOI:10.1111/dsji.12097,DOI:10.19173/irrodl.v14i1.1338,5
DOI:10.1111/dsji.12097,DOI:10.1080/08923648909526659],4
DOI:10.1111/dsji.12097,DOI:10.25215/0802.094,3
DOI:10.1111/dsji.12097,"YUKSELTURK E, 2008, EDUC TECHNOL SOC, V11, P51",3
DOI:10.1111/dsji.12097,DOI:10.1111/j.1540-4609.2006.00114.x,5
DOI:10.20448/journal.509.2020.73.285.292],DOI:10.2307/3150980,7
DOI:10.20448/journal.509.2020.73.285.292],DOI:10.24059/olj.v22i1.1092,4
DOI:10.20448/journal.509.2020.73.285.292],DOI:10.3102/0034654309333844,3
DOI:10.20448/journal.509.2020.73.285.292],DOI:10.3390/su13052546,3
DOI:10.20448/journal.509.2020.73.285.292],"MOORE M.G., 2011, DISTANCE ED SYSTEMS",5
DOI:10.20448/journal.509.2020.73.285.292],DOI:10.1016/s0140-6736(20)30185-9,3
DOI:10.20448/journal.509.2020.73.285.292],DOI:10.5771/9783845279893-1090-1,4
DOI:10.20448/journal.509.2020.73.285.292],"RAPANTA CHRYSI, 2020, POSTDIGIT SCI EDUC, V2, P923, DOI [10.1007/S42438-020-00155-Y, 10.1007/S42438-020-00155-Y]",5
DOI:10.20448/journal.509.2020.73.285.292],DOI:10.1007/s11747-014-0403-8,8
DOI:10.20448/journal.509.2020.73.285.292],DOI:10.1016/j.compedu.2017.06.010,4
DOI:10.20448/journal.509.2020.73.285.292],DOI:10.1016/j.iheduc.2013.10.001,8
DOI:10.20448/journal.509.2020.73.285.292],DOI:10.1080/01587919.2018.1553562,11
DOI:10.20448/journal.509.2020.73.285.292],DOI:10.1080/08923647.2019.1663082,3
DOI:10.20448/journal.509.2020.73.285.292],DOI:10.1177/1052562904271199,3
DOI:10.20448/journal.509.2020.73.285.292],DOI:10.17718/tojde.770928],3
DOI:10.20448/journal.509.2020.73.285.292],DOI:10.19173/irrodl.v14i1.1338,7
DOI:10.20448/journal.509.2020.73.285.292],DOI:10.22230/ijepl.2016v11n3a651,8
DOI:10.20448/journal.509.2020.73.285.292],DOI:10.3389/fpsyg.2021.743936,5
DOI:10.20448/journal.509.2020.73.285.292],DOI:10.3390/su13126734,3
DOI:10.20448/journal.509.2020.73.285.292],DOI:10.37074/jalt.2020.3.1.7,3
DOI:10.20448/journal.509.2020.73.285.292],"COLE MT, 2014, INT REV RES OPEN DIS, V15, P111",3
DOI:10.20448/journal.509.2020.73.285.292],DOI:10.1016/j.compedu.2012.09.003,3
DOI:10.20448/journal.509.2020.73.285.292],DOI:10.1016/j.compedu.2020.104111,3
DOI:10.20448/journal.509.2020.73.285.292],DOI:10.1016/j.ijedro.2020.100011,6
DOI:10.20448/journal.509.2020.73.285.292],DOI:10.24059/olj.v24i1.2002,3
DOI:10.20448/journal.509.2020.73.285.292],DOI:10.3402/rlt.v23.26507,5
DOI:10.20448/journal.509.2020.73.285.292],DOI:10.1002/hbe2.191,10
DOI:10.20448/journal.509.2020.73.285.292],DOI:10.1016/j.compedu.2017.12.001,3
DOI:10.20448/journal.509.2020.73.285.292],DOI:10.1080/10494820.2020.1813180,6
DOI:10.20448/journal.509.2020.73.285.292],DOI:10.3390/su12208438,6
DOI:10.20448/journal.509.2020.73.285.292],"SARWAR HUMA, 2020, EUR J DENT, V14, PS34, DOI [10.1055/S-0040-1717000, 10.1055/S-0040-1717000]",3
DOI:10.20448/journal.509.2020.73.285.292],"DHAWAN SHIVANGI, 2020, JOURNAL OF EDUCATIONAL TECHNOLOGY SYSTEMS, V49, P5, DOI [10.1177/0047239520934018, 10.1177/0047239520934018]",7
DOI:10.20448/journal.509.2020.73.285.292],DOI:10.1007/bf02723327,3
DOI:10.20448/journal.509.2020.73.285.292],"MUTHUPRASAD T, 2021, SOC SCI HUMANIT OPEN, V3, P100101, DOI [10.1016/J.SSAHO.2020.100101, 10.1016/J.SSAHO.2020.100101]",5
DOI:10.20448/journal.509.2020.73.285.292],DOI:10.1080/01587919.2015.955265,3
DOI:10.20448/journal.509.2020.73.285.292],DOI:10.1108/aeds-09-2020-0209,5
DOI:10.20448/journal.509.2020.73.285.292],DOI:10.1108/ebr-11-2018-0203,3
DOI:10.20448/journal.509.2020.73.285.292],DOI:10.1186/s40561-021-00149-8,6
DOI:10.20448/journal.509.2020.73.285.292],DOI:10.1108/09513541311297568,3
DOI:10.20448/journal.509.2020.73.285.292],DOI:10.25215/0802.094,3
DOI:10.20448/journal.509.2020.73.285.292],DOI:10.1016/j.compedu.2009.08.005,4
DOI:10.20448/journal.509.2020.73.285.292],DOI:10.1080/08841241.2015.1083511,4
DOI:10.20448/journal.509.2020.73.285.292],DOI:10.1002/aehe.20018,3
DOI:10.20448/journal.509.2020.73.285.292],DOI:10.1007/s10639-021-10519-x,5
DOI:10.20448/journal.509.2020.73.285.292],DOI:10.1007/s10639-021-10523-1,3
DOI:10.20448/journal.509.2020.73.285.292],DOI:10.1016/j.iheduc.2013.04.001,3
DOI:10.20448/journal.509.2020.73.285.292],DOI:10.1080/01587910500081269,4
DOI:10.20448/journal.509.2020.73.285.292],DOI:10.1080/08923647.2015.994366,4
DOI:10.20448/journal.509.2020.73.285.292],DOI:10.1080/08923648909526659],8
DOI:10.20448/journal.509.2020.73.285.292],DOI:10.1080/13558000210121399,3
DOI:10.20448/journal.509.2020.73.285.292],DOI:10.1088/1742-6596/1108/1/012094],3
DOI:10.20448/journal.509.2020.73.285.292],DOI:10.1016/j.chb.2016.12.085,3
DOI:10.20448/journal.509.2020.73.285.292],DOI:10.29333/ejecs/388,3
DOI:10.20448/journal.509.2020.73.285.292],DOI:10.5944/openpraxis.12.4.1153,3
DOI:10.20448/journal.509.2020.73.285.292],"YUKSELTURK E, 2008, EDUC TECHNOL SOC, V11, P51",3
DOI:10.20448/journal.509.2020.73.285.292],"HODGES C., 2020, EDUCAUSE REVIEW, V3",3
DOI:10.20448/journal.509.2020.73.285.292],DOI:10.1111/j.1540-4609.2006.00114.x,6
DOI:10.20448/journal.509.2020.73.285.292],"HAIR JF., 2010, MULTIVARIATE DATA ANALYSIS, V7TH",3
DOI:10.20448/journal.509.2020.73.285.292],DOI:10.1007/s10639-019-09863-w,4
DOI:10.20448/journal.509.2020.73.285.292],DOI:10.1111/jcal.12005,3
DOI:10.20448/journal.509.2020.73.285.292],"SAXENA CHARU, 2021, JOURNAL OF EDUCATIONAL TECHNOLOGY SYSTEMS, V49, P532, DOI [10.1177/0047239520977798, 10.1177/0047239520977798]",3
DOI:10.20448/journal.509.2020.73.285.292],DOI:10.1016/j.compedu.2006.11.007,3
DOI:10.20448/journal.509.2020.73.285.292],DOI:10.3991/ijet.v15i21.15647,3
DOI:10.2307/3150980,DOI:10.2307/3250989,4
DOI:10.2307/3150980,DOI:10.3102/0034654309333844,4
DOI:10.2307/3150980,DOI:10.7759/cureus.7541,5
DOI:10.2307/3150980,"NUNNALLY J.C., 1978, PSYCHOMETRIC THEORY, V2ND",8
DOI:10.2307/3150980,"BYRNE B, 2010, INTERNATIONAL HANDBOOK OF PSYCHOLOGY IN EDUCATION, P3",4
DOI:10.2307/3150980,"DHAWAN SHIVANGI, 2020, JOURNAL OF EDUCATIONAL TECHNOLOGY SYSTEMS, V49, P5, DOI [10.1177/0047239520934018, 10.1177/0047239520934018]",17
DOI:10.2307/3150980,DOI:10.1002/pa.2503,3
DOI:10.2307/3150980,DOI:10.1007/bf02723327,9
DOI:10.2307/3150980,DOI:10.1080/08923647.2019.1663082,11
DOI:10.2307/3150980,DOI:10.1080/10494820.2015.1122635,4
DOI:10.2307/3150980,DOI:10.1111/j.1559-1816.1992.tb00945.x,5
DOI:10.2307/3150980,DOI:10.1177/0735633120960421,4
DOI:10.2307/3150980,DOI:10.1287/isre.6.2.144,3
DOI:10.2307/3150980,DOI:10.2307/2070638,3
DOI:10.2307/3150980,DOI:10.2307/249443,3
DOI:10.2307/3150980,"HAIR JF., 2010, MULTIVARIATE DATA ANALYSIS, V7TH",25
DOI:10.2307/3150980,"KLINE R.B., 2005, PRINCIPLES PRACTICE, V2ND",4
DOI:10.2307/3150980,"BURNETT K., 2007, JOURNAL OF EDUCATION FOR LIBRARY AND INFORMATION SCIENCE, V48, P21",3
DOI:10.2307/3150980,DOI:10.1016/j.iheduc.2011.04.001,5
DOI:10.2307/3150980,DOI:10.1016/j.iheduc.2013.10.001,10
DOI:10.2307/3150980,DOI:10.1016/j.sbspro.2015.01.402,3
DOI:10.2307/3150980,DOI:10.1080/08923640802039024,4
DOI:10.2307/3150980,DOI:10.4236/jssm.2017.103002,6
DOI:10.2307/3150980,"SHER A, 2009, J INTERACT ONLINE LE, V8, P102",4
DOI:10.2307/3150980,"SWAN K., 2003, ELEMENTS QUALITY ONL, P13",3
DOI:10.2307/3150980,DOI:10.29333/pr/7937],3
DOI:10.2307/3150980,DOI:10.37074/jalt.2020.3.1.7,3
DOI:10.2307/3150980,"[ANONYMOUS], 2020, COVID-19 EDUCATIONAL DISRUPTION AND RESPONSE",4
DOI:10.2307/3150980,DOI:10.1016/j.chb.2015.11.036,6
DOI:10.2307/3150980,DOI:10.1016/j.chb.2019.08.004,6
DOI:10.2307/3150980,DOI:10.1016/j.compedu.2017.12.001,9
DOI:10.2307/3150980,DOI:10.1016/j.compedu.2019.02.012,6
DOI:10.2307/3150980,DOI:10.1016/j.compedu.2020.103850,3
DOI:10.2307/3150980,DOI:10.1037/0033-295x.84.2.191,6
DOI:10.2307/3150980,DOI:10.1111/bjet.12864,5
DOI:10.2307/3150980,DOI:10.11648/j.ajtas.20160501.11,3
DOI:10.2307/3150980,DOI:10.1186/s41239-019-0136-3,3
DOI:10.2307/3150980,DOI:10.1287/mnsc.35.8.982,7
DOI:10.2307/3150980,DOI:10.1007/s10734-020-00657-5,4
DOI:10.2307/3150980,DOI:10.1007/s12528-018-9179-z,4
DOI:10.2307/3150980,DOI:10.1016/j.compedu.2009.11.008,3
DOI:10.2307/3150980,DOI:10.1016/j.compedu.2010.05.004,6
DOI:10.2307/3150980,DOI:10.1016/j.compedu.2018.01.003,3
DOI:10.2307/3150980,DOI:10.1016/j.ijedro.2020.100011,9
DOI:10.2307/3150980,DOI:10.1016/j.jadohealth.2021.03.002,5
DOI:10.2307/3150980,DOI:10.1016/j.lrp.2013.01.002,3
DOI:10.2307/3150980,DOI:10.1111/j.1467-8535.2010.01157.x,7
DOI:10.2307/3150980,DOI:10.1163/9789004702813_021],4
DOI:10.2307/3150980,DOI:10.24059/olj.v24i2.2028,3
DOI:10.2307/3150980,DOI:10.24191/ajue.v16i2.10294,6
DOI:10.2307/3150980,DOI:10.1007/s10639-020-10319-9,3
DOI:10.2307/3150980,DOI:10.1016/j.compedu.2009.09.002,8
DOI:10.2307/3150980,DOI:10.1080/10494820.2020.1734028,5
DOI:10.2307/3150980,DOI:10.1108/ebr-10-2013-0128,3
DOI:10.2307/3150980,DOI:10.2307/3250921,8
DOI:10.2307/3150980,DOI:10.4324/9780203771587],12
DOI:10.2307/3150980,DOI:10.1016/j.heliyon.2020.e05410,3
DOI:10.2307/3150980,DOI:10.1108/ebr-11-2018-0203,11
DOI:10.2307/3150980,DOI:10.3758/brm.41.4.1149,3
DOI:10.2307/3150980,DOI:10.1007/s10639-021-10633-w,3
DOI:10.2307/3150980,DOI:10.1037/stl0000198],4
DOI:10.2307/3150980,DOI:10.1177/2347631120983481],3
DOI:10.2307/3150980,DOI:10.12669/pjms.36.covid19-s4.2785,3
DOI:10.2307/3150980,DOI:10.33902/jpsp.2020261309,3
DOI:10.2307/3150980,DOI:10.5539/hes.v10n3p16,3
DOI:10.2307/3150980,"MISHRA LOKANATH, 2020, INT J EDUC RES OPEN, V1, P100012, DOI [10.1016/J.IJEDRO.2020.100012, 10.1016/J.IJEDRO.2020.100012]",3
DOI:10.2307/3150980,"SHAHZAD ARFAN, 2021, QUAL QUANT, V55, P805, DOI [10.1007/S11135-020-01028-Z, 10.1007/S11135-020-01028-Z]",5
DOI:10.2307/3150980,"APARICIO M, 2016, EDUC TECHNOL SOC, V19, P292",3
DOI:10.2307/3150980,"CHIN WW, 1998, QUANT METH SER, P295",10
DOI:10.2307/3150980,DOI:10.1016/j.compedu.2004.10.007,5
DOI:10.2307/3150980,DOI:10.1016/j.compedu.2006.11.007,10
DOI:10.2307/3150980,DOI:10.1016/j.compedu.2009.06.014,3
DOI:10.2307/3150980,DOI:10.1016/j.compedu.2017.04.010,4
DOI:10.2307/3150980,DOI:10.1016/j.iheduc.2009.07.001,3
DOI:10.2307/3150980,DOI:10.1037/0022-3514.51.6.1173,3
DOI:10.2307/3150980,DOI:10.1108/s1474-7979(2009)0000020014,4
DOI:10.2307/3150980,DOI:10.1111/j.1467-8535.2011.01229.x,4
DOI:10.2307/3150980,DOI:10.1111/j.1540-5915.2008.00192.x,5
DOI:10.2307/3150980,DOI:10.1111/j.2517-6161.1974.tb00994.x,5
DOI:10.2307/3150980,DOI:10.1287/mnsc.46.2.186.11926,8
DOI:10.2307/3150980,DOI:10.2307/2334290,5
DOI:10.2307/3150980,DOI:10.2307/249688,5
DOI:10.2307/3150980,DOI:10.2307/3151718,3
DOI:10.2307/3150980,DOI:10.2753/mtp1069-6679190202,8
DOI:10.2307/3150980,"FISHBEIN M., 1980, UNDERSTANDING ATTITU",4
DOI:10.2307/3150980,DOI:10.1016/j.chb.2014.07.044,4
DOI:10.2307/3150980,DOI:10.1016/j.chb.2016.02.066,3
DOI:10.2307/3150980,DOI:10.1016/j.tele.2018.03.012,4
DOI:10.2307/3150980,DOI:10.1037/0033-2909.103.3.411,9
DOI:10.2307/3150980,DOI:10.1080/0144929x.2014.934291,3
DOI:10.2307/3150980,DOI:10.17705/1cais.00407,3
DOI:10.2307/3150980,"HAIR J.F., 2016, A FIRST ON PARTIAL LEAST SQUARES STRUCTURAL EQUATION MODELING (PLS-SEM), V2ND",4
DOI:10.2307/3150980,"CHIN WW, 1998, MIS QUART, V22, PVII",5
DOI:10.2307/3150980,DOI:10.1080/01587919.2018.1553562,10
DOI:10.2307/3150980,DOI:10.1177/1052562904271199,4
DOI:10.2307/3150980,"MUTHUPRASAD T, 2021, SOC SCI HUMANIT OPEN, V3, P100101, DOI [10.1016/J.SSAHO.2020.100101, 10.1016/J.SSAHO.2020.100101]",4
DOI:10.2307/3150980,DOI:10.1016/j.compedu.2019.103701,3
DOI:10.2307/3150980,DOI:10.1016/j.compedu.2019.103761,3
DOI:10.2307/3150980,DOI:10.1016/j.ijinfomgt.2018.05.005,6
DOI:10.2307/3150980,DOI:10.1016/j.ijhcs.2006.01.003,5
DOI:10.2307/3150980,DOI:10.1037/0021-9010.88.5.879,11
DOI:10.2307/3150980,DOI:10.1177/014920638601200408,3
DOI:10.2307/3150980,"RINGLE CM, 2012, MIS QUART, V36, PIII",4
DOI:10.2307/3150980,DOI:10.1002/hbe2.191,9
DOI:10.2307/3150980,DOI:10.1007/s40692-021-00191-y,3
DOI:10.2307/3150980,DOI:10.1016/j.compedu.2021.104211,3
DOI:10.2307/3150980,DOI:10.1016/j.iheduc.2010.10.001,4
DOI:10.2307/3150980,DOI:10.1016/j.iheduc.2015.04.007,3
DOI:10.2307/3150980,DOI:10.1080/15325024.2020.1769300,4
DOI:10.2307/3150980,"RAPANTA CHRYSI, 2020, POSTDIGIT SCI EDUC, V2, P923, DOI [10.1007/S42438-020-00155-Y, 10.1007/S42438-020-00155-Y]",3
DOI:10.2307/3150980,DOI:10.1016/j.chb.2017.02.001,3
DOI:10.2307/3150980,DOI:10.1037/h0046016,3
DOI:10.2307/3150980,DOI:10.24059/olj.v5i2.1875],3
DOI:10.2307/3150980,DOI:10.1007/s11423-018-9623-9,3
DOI:10.2307/3150980,DOI:10.1007/s11554-021-01071-5,3
DOI:10.2307/3150980,DOI:10.1007/s12652-020-02712-6,3
DOI:10.2307/3150980,DOI:10.1016/j.chb.2013.10.020,3
DOI:10.2307/3150980,DOI:10.1016/j.chb.2016.10.028,7
DOI:10.2307/3150980,DOI:10.1016/j.compedu.2011.07.008,5
DOI:10.2307/3150980,DOI:10.1016/j.compedu.2012.10.001,6
DOI:10.2307/3150980,DOI:10.1108/imds-04-2016-0130,5
DOI:10.2307/3150980,DOI:10.1108/intr-10-2018-0447,4
DOI:10.2307/3150980,DOI:10.1108/lht-01-2019-0028,3
DOI:10.2307/3150980,DOI:10.1109/access.2019.2936143,3
DOI:10.2307/3150980,DOI:10.1109/jiot.2021.3053420,3
DOI:10.2307/3150980,DOI:10.1111/j.1467-8535.2010.01054.x,3
DOI:10.2307/3150980,DOI:10.15354/sief.20.ar043,3
DOI:10.2307/3150980,DOI:10.2307/249689,5
DOI:10.2307/3150980,DOI:10.3389/fpsyg.2020.01166,3
DOI:10.2307/3150980,DOI:10.3389/fpsyg.2021.632787,3
DOI:10.2307/3150980,DOI:10.1016/j.compedu.2018.02.013,7
DOI:10.2307/3150980,DOI:10.1080/01587910500081269,7
DOI:10.2307/3150980,"BROWN T.A., 2015, CONFIRMATORY FACTOR ANALYSIS FOR APPLIED RESEARCH, V2ND",3
DOI:10.2307/3150980,DOI:10.1007/s10639-019-09863-w,5
DOI:10.2307/3150980,DOI:10.1080/01587910303043],3
DOI:10.2307/3150980,DOI:10.1111/j.1083-6101.2000.tb00110.x],3
DOI:10.2307/3150980,DOI:10.19030/cier.v9i1.9549],4
DOI:10.2307/3150980,"WARNER D., 1998, READINESS OF VET CLIENTS FOR FLEXIBLE DELIVERY INCLUDING ON-LINE LEARNING",3
DOI:10.2307/3150980,DOI:10.1007/s11747-011-0261-6,3
DOI:10.2307/3150980,DOI:10.26520/peijes.2021.4.3.35-41],3
DOI:10.2307/3150980,"SAXENA CHARU, 2021, JOURNAL OF EDUCATIONAL TECHNOLOGY SYSTEMS, V49, P532, DOI [10.1177/0047239520977798, 10.1177/0047239520977798]",3
DOI:10.2307/3150980,DOI:10.1007/s10639-021-10523-1,4
DOI:10.2307/3150980,DOI:10.1007/s11747-014-0403-8,13
DOI:10.2307/3150980,DOI:10.1016/j.compedu.2017.06.010,3
DOI:10.2307/3150980,DOI:10.1016/j.iheduc.2010.08.002,4
DOI:10.2307/3150980,DOI:10.1016/j.iheduc.2013.04.001,3
DOI:10.2307/3150980,DOI:10.1016/j.jhlste.2020.100272,3
DOI:10.2307/3150980,DOI:10.1016/j.lrp.2012.10.001,4
DOI:10.2307/3150980,DOI:10.1080/08923647.2015.994366,3
DOI:10.2307/3150980,DOI:10.1080/08923648909526659],8
DOI:10.2307/3150980,DOI:10.1080/10494820.2020.1813180,8
DOI:10.2307/3150980,DOI:10.1111/j.1365-2729.2007.00258.x,3
DOI:10.2307/3150980,DOI:10.1186/s40561-021-00149-8,3
DOI:10.2307/3150980,DOI:10.22230/ijepl.2016v11n3a651,5
DOI:10.2307/3150980,DOI:10.1007/s10639-020-10219-y,3
DOI:10.2307/3150980,DOI:10.1007/s10639-021-10557-5,3
DOI:10.2307/3150980,DOI:10.1109/access.2019.2939467,4
DOI:10.2307/3150980,"BEKELE TA, 2010, EDUC TECHNOL SOC, V13, P116",3
DOI:10.2307/3150980,"CHANG I., 2012, INTERNATIONAL JOURNAL OF ORGANIZATIONAL INNOVATION, V4, P281",3
DOI:10.2307/3150980,DOI:10.1016/j.chb.2019.08.018,3
DOI:10.2307/3150980,DOI:10.1016/j.compedu.2007.09.005,3
DOI:10.2307/3150980,DOI:10.1080/01587919.2020.1724768,5
DOI:10.2307/3150980,DOI:10.1080/07421222.2001.11045669,3
DOI:10.2307/3150980,DOI:10.1111/j.1540-4609.2006.00114.x,5
DOI:10.2307/3150980,DOI:10.19173/irrodl.v14i1.1338,7
DOI:10.2307/3150980,DOI:10.3390/jrfm13030055,4
DOI:10.2307/3150980,DOI:10.5771/9783845279893-1090-1,3
DOI:10.2307/3150980,"LIANG JC, 2008, EDUC TECHNOL SOC, V11, P226",3
DOI:10.2307/3150980,"YUKSELTURK E, 2008, EDUC TECHNOL SOC, V11, P51",3
DOI:10.2307/3150980,"ALDHOLAY ADNAN H., 2018, INTERNATIONAL JOURNAL OF SERVICES AND STANDARDS, V12, P163",3
DOI:10.2307/3150980,DOI:10.1002/9781119239086],3
DOI:10.2307/3150980,DOI:10.1002/asi.22757,4
DOI:10.2307/3150980,DOI:10.1007/s11135-011-9579-x,3
DOI:10.2307/3150980,DOI:10.1016/j.chb.2009.02.006,3
DOI:10.2307/3150980,DOI:10.1016/j.chb.2016.03.016,3
DOI:10.2307/3150980,DOI:10.1016/j.chb.2016.06.020,3
DOI:10.2307/3150980,DOI:10.1016/j.chb.2016.10.009,4
DOI:10.2307/3150980,DOI:10.1016/j.compedu.2008.10.002,4
DOI:10.2307/3150980,DOI:10.1016/j.compedu.2013.07.037,4
DOI:10.2307/3150980,DOI:10.1016/j.cose.2014.10.015,3
DOI:10.2307/3150980,DOI:10.1016/j.dss.2005.05.009,4
DOI:10.2307/3150980,DOI:10.1016/j.giq.2007.06.002,3
DOI:10.2307/3150980,DOI:10.1016/j.ijinfomgt.2012.03.001,4
DOI:10.2307/3150980,DOI:10.1016/j.tele.2015.06.010,3
DOI:10.2307/3150980,DOI:10.1108/02635570710822831,3
DOI:10.2307/3150980,DOI:10.1108/el-11-2012-0148,3
DOI:10.2307/3150980,DOI:10.1108/ijilt-11-2016-0051,3
DOI:10.2307/3150980,DOI:10.1108/ijilt-11-2017-0116,4
DOI:10.2307/3150980,DOI:10.1108/jeim-08-2013-0062,3
DOI:10.2307/3150980,DOI:10.1111/jedm.12050,3
DOI:10.2307/3150980,DOI:10.1177/001316447003000308,5
DOI:10.2307/3150980,DOI:10.3758/bf03206553,3
DOI:10.2307/3150980,DOI:10.4258/hir.2015.21.1.43,3
DOI:10.2307/3150980,DOI:10.4300/jgme-d-12-00156.1,4
DOI:10.2307/3150980,"GEFEN D, 2011, MIS QUART, V35, PIII",3
DOI:10.2307/3150980,"LEE KC, 2005, INT FED INFO PROC, V158, P135",3
DOI:10.2307/3150980,"[ANONYMOUS], 2017, INT J SOFT COMPUT",3
DOI:10.2307/3150980,DOI:10.1016/b978-012109890-2/50031-7,3
DOI:10.2307/3150980,DOI:10.1108/imds-09-2015-0382,3
DOI:10.2307/3150980,"PETTER S, 2007, MIS QUART, V31, P623",4
DOI:10.2307/3150980,DOI:10.1016/j.compedu.2009.09.009,3
DOI:10.2307/3150980,DOI:10.1207/s15328007sem0902_5,3
DOI:10.2307/3150980,DOI:10.24059/olj.v24i3.2066,3
DOI:10.2307/3150980,DOI:10.1016/j.lrp.2013.01.001,3
DOI:10.2307/3150980,DOI:10.3402/rlt.v23.26507,3
DOI:10.2307/3150980,DOI:10.1016/j.chb.2014.02.048,3
DOI:10.2307/3150980,DOI:10.1016/j.tele.2017.09.009,4
DOI:10.2307/3150980,DOI:10.18870/hlrc.v10i1.1179,3
DOI:10.2307/3150980,DOI:10.1007/s12528-011-9043-x,3
DOI:10.2307/3150980,DOI:10.1186/s12909-020-02208-z,5
DOI:10.2307/3150980,DOI:10.1016/j.compedu.2018.06.008,3
DOI:10.2307/3150980,DOI:10.1016/j.eswa.2012.03.028,4
DOI:10.2307/3150980,DOI:10.1038/s41928-020-00534-0,3
DOI:10.2307/3150980,DOI:10.1111/bjet.12235,3
DOI:10.2307/3150980,DOI:10.1007/s11469-020-00270-8,3
DOI:10.2307/3250989,DOI:10.1007/s11747-014-0403-8,4
DOI:10.2307/3250989,DOI:10.1016/j.jadohealth.2021.03.002,4
DOI:10.2307/3250989,DOI:10.1080/08923647.2015.994366,3
DOI:10.2307/3250989,DOI:10.24059/olj.v5i2.1875],3
DOI:10.2307/3250989,DOI:10.1016/j.compedu.2006.11.007,5
DOI:10.2307/3250989,DOI:10.4324/9780203771587],3
DOI:10.2307/3250989,DOI:10.1186/s12909-020-02312-0,3
DOI:10.2307/3250989,DOI:10.1080/0158791010220208,3
DOI:10.24059/olj.v22i1.1092,DOI:10.3102/0034654309333844,3
DOI:10.24059/olj.v22i1.1092,DOI:10.3390/su13052546,3
DOI:10.24059/olj.v22i1.1092,"GILLETT-SWAN J, 2017, J LEARN DES, V10, P20",3
DOI:10.24059/olj.v22i1.1092,DOI:10.1007/s10734-020-00657-5,3
DOI:10.24059/olj.v22i1.1092,DOI:10.1016/j.jadohealth.2021.03.002,5
DOI:10.24059/olj.v22i1.1092,DOI:10.1080/10494820.2020.1813180,4
DOI:10.24059/olj.v22i1.1092,DOI:10.1088/1742-6596/1108/1/012094],3
DOI:10.24059/olj.v22i1.1092,DOI:10.1186/s41239-019-0176-8,3
DOI:10.24059/olj.v22i1.1092,DOI:10.1186/s41239-020-00199-x,4
DOI:10.24059/olj.v22i1.1092,"DHAWAN SHIVANGI, 2020, JOURNAL OF EDUCATIONAL TECHNOLOGY SYSTEMS, V49, P5, DOI [10.1177/0047239520934018, 10.1177/0047239520934018]",6
DOI:10.24059/olj.v22i1.1092,DOI:10.1007/s11747-014-0403-8,3
DOI:10.24059/olj.v22i1.1092,DOI:10.22230/ijepl.2016v11n3a651,4
DOI:10.24059/olj.v22i1.1092,DOI:10.3389/feduc.2021.638470,4
DOI:10.24059/olj.v22i1.1092,DOI:10.37074/jalt.2020.3.1.7,3
DOI:10.24059/olj.v22i1.1092,DOI:10.1016/j.ijinfomgt.2018.05.005,3
DOI:10.24059/olj.v22i1.1092,DOI:10.1002/aehe.20018,3
DOI:10.24059/olj.v22i1.1092,DOI:10.1016/j.learninstruc.2016.02.002,4
DOI:10.24059/olj.v22i1.1092,DOI:10.1080/03075079.2011.598505,5
DOI:10.24059/olj.v22i1.1092,DOI:10.1080/07294360.2017.1344197,3
DOI:10.24059/olj.v22i1.1092,DOI:10.1111/j.1467-8535.2010.01157.x,3
DOI:10.24059/olj.v22i1.1092,"HAIR JF., 2010, MULTIVARIATE DATA ANALYSIS, V7TH",3
DOI:10.24059/olj.v22i1.1092,"DIXSON MD, 2015, ONLINE LEARN, V19, P143",3
DOI:10.24059/olj.v22i1.1092,DOI:10.1080/01587919.2018.1520041,3
DOI:10.24059/olj.v22i1.1092,DOI:10.24059/olj.v22i1.1175,3
DOI:10.24059/olj.v22i1.1092,DOI:10.1002/hbe2.191,4
DOI:10.24059/olj.v22i1.1092,DOI:10.1016/j.iheduc.2016.01.001,3
DOI:10.24059/olj.v22i1.1092,DOI:10.1016/j.ijedro.2020.100011,5
DOI:10.24059/olj.v22i1.1092,DOI:10.1080/01587919.2015.1019970,3
DOI:10.24059/olj.v22i1.1092,DOI:10.1080/08923648909526659],3
DOI:10.24059/olj.v22i1.1092,DOI:10.1080/15391523.2021.1891998,4
DOI:10.24059/olj.v22i1.1092,DOI:10.1016/j.iheduc.2003.11.003,3
DOI:10.24059/olj.v22i1.1092,DOI:10.3390/su12208438,3
DOI:10.24059/olj.v22i1.1092,DOI:10.33902/jpsp.2020261309,4
DOI:10.24059/olj.v22i1.1092,DOI:10.3402/rlt.v23.26507,3
DOI:10.24059/olj.v22i1.1092,DOI:10.1016/j.iheduc.2010.10.001,3
DOI:10.24059/olj.v22i1.1092,"BRITT M, 2015, COLL STUD J, V49, P399",3
DOI:10.3102/0034654309333844,DOI:10.7759/cureus.7541,3
DOI:10.3102/0034654309333844,"MOORE M.G., 2011, DISTANCE ED SYSTEMS",3
DOI:10.3102/0034654309333844,DOI:10.1016/j.ijedro.2020.100011,3
DOI:10.3102/0034654309333844,DOI:10.1080/08923648909526659],6
DOI:10.3102/0034654309333844,DOI:10.4324/9781315296135-4,4
DOI:10.3102/0034654309333844,DOI:10.1080/01587919.2018.1553562,3
DOI:10.3102/0034654309333844,DOI:10.1186/s40561-021-00149-8,3
DOI:10.3390/su13052546,DOI:10.3390/su12208438,3
DOI:10.3390/su13052546,"DHAWAN SHIVANGI, 2020, JOURNAL OF EDUCATIONAL TECHNOLOGY SYSTEMS, V49, P5, DOI [10.1177/0047239520934018, 10.1177/0047239520934018]",3
DOI:10.7759/cureus.7541,"GILLETT-SWAN J, 2017, J LEARN DES, V10, P20",3
DOI:10.7759/cureus.7541,"MOORE M.G., 2011, DISTANCE ED SYSTEMS",3
DOI:10.7759/cureus.7541,DOI:10.1016/j.childyouth.2020.105194,5
DOI:10.7759/cureus.7541,DOI:10.1080/08923647.2019.1663082,5
DOI:10.7759/cureus.7541,DOI:10.33902/jpsp.2020261309,5
DOI:10.7759/cureus.7541,DOI:10.37074/jalt.2020.3.1.7,6
DOI:10.7759/cureus.7541,"DHAWAN SHIVANGI, 2020, JOURNAL OF EDUCATIONAL TECHNOLOGY SYSTEMS, V49, P5, DOI [10.1177/0047239520934018, 10.1177/0047239520934018]",13
DOI:10.7759/cureus.7541,DOI:10.1002/hbe2.191,11
DOI:10.7759/cureus.7541,DOI:10.1016/j.psychres.2020.112934,8
DOI:10.7759/cureus.7541,DOI:10.1080/02619768.2020.1821184,3
DOI:10.7759/cureus.7541,DOI:10.1080/15325024.2020.1769300,5
DOI:10.7759/cureus.7541,DOI:10.1108/itse-06-2020-0087,3
DOI:10.7759/cureus.7541,DOI:10.29333/pr/7947,5
DOI:10.7759/cureus.7541,DOI:10.3390/su12166520,3
DOI:10.7759/cureus.7541,"RAPANTA CHRYSI, 2020, POSTDIGIT SCI EDUC, V2, P923, DOI [10.1007/S42438-020-00155-Y, 10.1007/S42438-020-00155-Y]",4
DOI:10.7759/cureus.7541,DOI:10.1080/10494820.2020.1813180,10
DOI:10.7759/cureus.7541,"HAIR JF., 2010, MULTIVARIATE DATA ANALYSIS, V7TH",4
DOI:10.7759/cureus.7541,DOI:10.1016/j.childyouth.2020.105355,3
DOI:10.7759/cureus.7541,DOI:10.3389/fpsyg.2020.565503,3
DOI:10.7759/cureus.7541,DOI:10.37256/ser.122020422,4
DOI:10.7759/cureus.7541,"MARINONI G., 2020, IAU GLOBAL SURVEY RE",3
DOI:10.7759/cureus.7541,DOI:10.1007/s10639-021-10523-1,3
DOI:10.7759/cureus.7541,DOI:10.1016/s0140-6736(20)30547-x,3
DOI:10.7759/cureus.7541,DOI:10.1037/a0012840,3
DOI:10.7759/cureus.7541,DOI:10.1080/01587910500081269,3
DOI:10.7759/cureus.7541,DOI:10.4324/9780203771587],3
DOI:10.7759/cureus.7541,"SHAHZAD ARFAN, 2021, QUAL QUANT, V55, P805, DOI [10.1007/S11135-020-01028-Z, 10.1007/S11135-020-01028-Z]",3
DOI:10.7759/cureus.7541,DOI:10.3390/su12208438,6
DOI:10.7759/cureus.7541,DOI:10.1016/j.compedu.2010.05.004,5
DOI:10.7759/cureus.7541,DOI:10.1016/j.ijedro.2020.100011,4
DOI:10.7759/cureus.7541,DOI:10.1080/01587919.2020.1724768,3
DOI:10.7759/cureus.7541,DOI:10.3390/jrfm13030055,4
DOI:10.7759/cureus.7541,DOI:10.24191/ajue.v16i2.10294,3
DOI:10.7759/cureus.7541,DOI:10.2196/21279,9
DOI:10.7759/cureus.7541,DOI:10.5281/zenodo.3878572,4
DOI:10.7759/cureus.7541,"[ANONYMOUS], 2020, COVID-19 EDUCATIONAL DISRUPTION AND RESPONSE",3
DOI:10.7759/cureus.7541,DOI:10.7759/cureus.7492,3
DOI:10.7759/cureus.7541,"[ANONYMOUS], 2021, ED DISRUPTION RECOVE",4
DOI:10.7759/cureus.7541,DOI:10.5281/zenodo.7636568,3
DOI:10.7759/cureus.7541,"MUTHUPRASAD T, 2021, SOC SCI HUMANIT OPEN, V3, P100101, DOI [10.1016/J.SSAHO.2020.100101, 10.1016/J.SSAHO.2020.100101]",4
DOI:10.7759/cureus.7541,DOI:10.1016/j.acalib.2021.102346,3
DOI:10.7759/cureus.7541,DOI:10.1016/j.psychres.2020.113108,3
DOI:10.7759/cureus.7541,DOI:10.5539/hes.v10n3p16,3
DOI:10.7759/cureus.7541,DOI:10.1016/j.jiph.2020.01.005,3
"GILLETT-SWAN J, 2017, J LEARN DES, V10, P20","DHAWAN SHIVANGI, 2020, JOURNAL OF EDUCATIONAL TECHNOLOGY SYSTEMS, V49, P5, DOI [10.1177/0047239520934018, 10.1177/0047239520934018]",7
"GILLETT-SWAN J, 2017, J LEARN DES, V10, P20",DOI:10.1002/hbe2.191,3
"GILLETT-SWAN J, 2017, J LEARN DES, V10, P20",DOI:10.1016/j.comnet.2020.107290,3
"GILLETT-SWAN J, 2017, J LEARN DES, V10, P20",DOI:10.1016/j.iheduc.2010.10.001,3
"GILLETT-SWAN J, 2017, J LEARN DES, V10, P20",DOI:10.1108/ebr-11-2018-0203,3
"GILLETT-SWAN J, 2017, J LEARN DES, V10, P20",DOI:10.3390/su12208438,5
"GILLETT-SWAN J, 2017, J LEARN DES, V10, P20",DOI:10.1007/s12528-018-9179-z,3
"GILLETT-SWAN J, 2017, J LEARN DES, V10, P20",DOI:10.1080/10494820.2020.1813180,4
"GILLETT-SWAN J, 2017, J LEARN DES, V10, P20",DOI:10.1163/9789004702813_021],3
"GILLETT-SWAN J, 2017, J LEARN DES, V10, P20",DOI:10.1016/j.ijedro.2020.100011,3
"GILLETT-SWAN J, 2017, J LEARN DES, V10, P20",DOI:10.2196/21279,3
"GILLETT-SWAN J, 2017, J LEARN DES, V10, P20",DOI:10.3390/soc10040086,3
"MOORE M.G., 2011, DISTANCE ED SYSTEMS","RAPANTA CHRYSI, 2020, POSTDIGIT SCI EDUC, V2, P923, DOI [10.1007/S42438-020-00155-Y, 10.1007/S42438-020-00155-Y]",3
"MOORE M.G., 2011, DISTANCE ED SYSTEMS",DOI:10.1080/01587910500081269,3
"MOORE M.G., 2011, DISTANCE ED SYSTEMS",DOI:10.1080/08923648909526659],4
"MOORE M.G., 2011, DISTANCE ED SYSTEMS","DHAWAN SHIVANGI, 2020, JOURNAL OF EDUCATIONAL TECHNOLOGY SYSTEMS, V49, P5, DOI [10.1177/0047239520934018, 10.1177/0047239520934018]",3
"NUNNALLY J.C., 1978, PSYCHOMETRIC THEORY, V2ND",DOI:10.1016/j.compedu.2021.104211,3
"NUNNALLY J.C., 1978, PSYCHOMETRIC THEORY, V2ND","CHIN WW, 1998, QUANT METH SER, P295",4
"NUNNALLY J.C., 1978, PSYCHOMETRIC THEORY, V2ND","DHAWAN SHIVANGI, 2020, JOURNAL OF EDUCATIONAL TECHNOLOGY SYSTEMS, V49, P5, DOI [10.1177/0047239520934018, 10.1177/0047239520934018]",6
"NUNNALLY J.C., 1978, PSYCHOMETRIC THEORY, V2ND",DOI:10.1016/j.compedu.2006.11.007,3
"NUNNALLY J.C., 1978, PSYCHOMETRIC THEORY, V2ND",DOI:10.1037/0033-2909.103.3.411,3
"NUNNALLY J.C., 1978, PSYCHOMETRIC THEORY, V2ND",DOI:10.4324/9780203771587],3
"NUNNALLY J.C., 1978, PSYCHOMETRIC THEORY, V2ND","HAIR JF., 2010, MULTIVARIATE DATA ANALYSIS, V7TH",6
"NUNNALLY J.C., 1978, PSYCHOMETRIC THEORY, V2ND",DOI:10.1177/001316447003000308,3
"NUNNALLY J.C., 1978, PSYCHOMETRIC THEORY, V2ND",DOI:10.1080/10494820.2020.1813180,3
"NUNNALLY J.C., 1978, PSYCHOMETRIC THEORY, V2ND",DOI:10.1007/s11747-014-0403-8,3
"VYGOTSKY L.S., 1978, MIND IN SOCIETY: THE DEVELOPMENT OF HIGHER PSYCHOLOGICAL PROCESSES","[ANONYMOUS], 2020, COVID-19 EDUCATIONAL DISRUPTION AND RESPONSE",3
"BANDURA A., 1996, SOCIAL FDN THOUGHT A","HAIR JF., 2010, MULTIVARIATE DATA ANALYSIS, V7TH",3
"BYRNE B, 2010, INTERNATIONAL HANDBOOK OF PSYCHOLOGY IN EDUCATION, P3",DOI:10.1002/pa.2503,3
"BYRNE B, 2010, INTERNATIONAL HANDBOOK OF PSYCHOLOGY IN EDUCATION, P3",DOI:10.1177/0735633120960421,3
"BYRNE B, 2010, INTERNATIONAL HANDBOOK OF PSYCHOLOGY IN EDUCATION, P3","HAIR JF., 2010, MULTIVARIATE DATA ANALYSIS, V7TH",4
"DHAWAN SHIVANGI, 2020, JOURNAL OF EDUCATIONAL TECHNOLOGY SYSTEMS, V49, P5, DOI [10.1177/0047239520934018, 10.1177/0047239520934018]",DOI:10.1080/08923647.2019.1663082,21
"DHAWAN SHIVANGI, 2020, JOURNAL OF EDUCATIONAL TECHNOLOGY SYSTEMS, V49, P5, DOI [10.1177/0047239520934018, 10.1177/0047239520934018]",DOI:10.1080/10494820.2015.1122635,3
"DHAWAN SHIVANGI, 2020, JOURNAL OF EDUCATIONAL TECHNOLOGY SYSTEMS, V49, P5, DOI [10.1177/0047239520934018, 10.1177/0047239520934018]",DOI:10.1111/j.1559-1816.1992.tb00945.x,3
"DHAWAN SHIVANGI, 2020, JOURNAL OF EDUCATIONAL TECHNOLOGY SYSTEMS, V49, P5, DOI [10.1177/0047239520934018, 10.1177/0047239520934018]",DOI:10.1287/isre.6.2.144,4
"DHAWAN SHIVANGI, 2020, JOURNAL OF EDUCATIONAL TECHNOLOGY SYSTEMS, V49, P5, DOI [10.1177/0047239520934018, 10.1177/0047239520934018]","HAIR JF., 2010, MULTIVARIATE DATA ANALYSIS, V7TH",17
"DHAWAN SHIVANGI, 2020, JOURNAL OF EDUCATIONAL TECHNOLOGY SYSTEMS, V49, P5, DOI [10.1177/0047239520934018, 10.1177/0047239520934018]",DOI:10.1177/2042753017751712,3
"DHAWAN SHIVANGI, 2020, JOURNAL OF EDUCATIONAL TECHNOLOGY SYSTEMS, V49, P5, DOI [10.1177/0047239520934018, 10.1177/0047239520934018]",DOI:10.1191/1478088706qp063oa,6
"DHAWAN SHIVANGI, 2020, JOURNAL OF EDUCATIONAL TECHNOLOGY SYSTEMS, V49, P5, DOI [10.1177/0047239520934018, 10.1177/0047239520934018]",DOI:10.23750/abm.v91i1.9397,4
"DHAWAN SHIVANGI, 2020, JOURNAL OF EDUCATIONAL TECHNOLOGY SYSTEMS, V49, P5, DOI [10.1177/0047239520934018, 10.1177/0047239520934018]",DOI:10.3389/fcomp.2019.00007,7
"DHAWAN SHIVANGI, 2020, JOURNAL OF EDUCATIONAL TECHNOLOGY SYSTEMS, V49, P5, DOI [10.1177/0047239520934018, 10.1177/0047239520934018]",DOI:10.3390/su122410367,12
"DHAWAN SHIVANGI, 2020, JOURNAL OF EDUCATIONAL TECHNOLOGY SYSTEMS, V49, P5, DOI [10.1177/0047239520934018, 10.1177/0047239520934018]",DOI:10.37074/jalt.2020.3.1.7,16
"DHAWAN SHIVANGI, 2020, JOURNAL OF EDUCATIONAL TECHNOLOGY SYSTEMS, V49, P5, DOI [10.1177/0047239520934018, 10.1177/0047239520934018]",DOI:10.1080/10494820.2020.1813180,24
"DHAWAN SHIVANGI, 2020, JOURNAL OF EDUCATIONAL TECHNOLOGY SYSTEMS, V49, P5, DOI [10.1177/0047239520934018, 10.1177/0047239520934018]",DOI:10.1080/10749039.2008.11028288,3
"DHAWAN SHIVANGI, 2020, JOURNAL OF EDUCATIONAL TECHNOLOGY SYSTEMS, V49, P5, DOI [10.1177/0047239520934018, 10.1177/0047239520934018]",DOI:10.2190/ec.44.1.a,3
"DHAWAN SHIVANGI, 2020, JOURNAL OF EDUCATIONAL TECHNOLOGY SYSTEMS, V49, P5, DOI [10.1177/0047239520934018, 10.1177/0047239520934018]",DOI:10.29333/ejecs/388,6
"DHAWAN SHIVANGI, 2020, JOURNAL OF EDUCATIONAL TECHNOLOGY SYSTEMS, V49, P5, DOI [10.1177/0047239520934018, 10.1177/0047239520934018]",DOI:10.3390/soc10040086,10
"DHAWAN SHIVANGI, 2020, JOURNAL OF EDUCATIONAL TECHNOLOGY SYSTEMS, V49, P5, DOI [10.1177/0047239520934018, 10.1177/0047239520934018]","CHIN WW, 1998, QUANT METH SER, P295",7
"DHAWAN SHIVANGI, 2020, JOURNAL OF EDUCATIONAL TECHNOLOGY SYSTEMS, V49, P5, DOI [10.1177/0047239520934018, 10.1177/0047239520934018]",DOI:10.1002/hbe2.191,18
"DHAWAN SHIVANGI, 2020, JOURNAL OF EDUCATIONAL TECHNOLOGY SYSTEMS, V49, P5, DOI [10.1177/0047239520934018, 10.1177/0047239520934018]",DOI:10.1007/s10639-021-10473-8,3
"DHAWAN SHIVANGI, 2020, JOURNAL OF EDUCATIONAL TECHNOLOGY SYSTEMS, V49, P5, DOI [10.1177/0047239520934018, 10.1177/0047239520934018]",DOI:10.1007/s10639-021-10519-x,3
"DHAWAN SHIVANGI, 2020, JOURNAL OF EDUCATIONAL TECHNOLOGY SYSTEMS, V49, P5, DOI [10.1177/0047239520934018, 10.1177/0047239520934018]",DOI:10.1007/s10639-021-10633-w,4
"DHAWAN SHIVANGI, 2020, JOURNAL OF EDUCATIONAL TECHNOLOGY SYSTEMS, V49, P5, DOI [10.1177/0047239520934018, 10.1177/0047239520934018]",DOI:10.1016/j.comnet.2020.107290,9
"DHAWAN SHIVANGI, 2020, JOURNAL OF EDUCATIONAL TECHNOLOGY SYSTEMS, V49, P5, DOI [10.1177/0047239520934018, 10.1177/0047239520934018]",DOI:10.1016/j.compedu.2006.11.007,6
"DHAWAN SHIVANGI, 2020, JOURNAL OF EDUCATIONAL TECHNOLOGY SYSTEMS, V49, P5, DOI [10.1177/0047239520934018, 10.1177/0047239520934018]",DOI:10.1016/j.dss.2012.05.014,3
"DHAWAN SHIVANGI, 2020, JOURNAL OF EDUCATIONAL TECHNOLOGY SYSTEMS, V49, P5, DOI [10.1177/0047239520934018, 10.1177/0047239520934018]",DOI:10.1016/j.iheduc.2010.10.001,12
"DHAWAN SHIVANGI, 2020, JOURNAL OF EDUCATIONAL TECHNOLOGY SYSTEMS, V49, P5, DOI [10.1177/0047239520934018, 10.1177/0047239520934018]",DOI:10.1016/j.iheduc.2016.01.001,3
"DHAWAN SHIVANGI, 2020, JOURNAL OF EDUCATIONAL TECHNOLOGY SYSTEMS, V49, P5, DOI [10.1177/0047239520934018, 10.1177/0047239520934018]",DOI:10.1016/j.ijinfomgt.2018.05.005,6
"DHAWAN SHIVANGI, 2020, JOURNAL OF EDUCATIONAL TECHNOLOGY SYSTEMS, V49, P5, DOI [10.1177/0047239520934018, 10.1177/0047239520934018]",DOI:10.1080/10963758.2021.1907195,4
"DHAWAN SHIVANGI, 2020, JOURNAL OF EDUCATIONAL TECHNOLOGY SYSTEMS, V49, P5, DOI [10.1177/0047239520934018, 10.1177/0047239520934018]",DOI:10.1097/md.0000000000024821,9
"DHAWAN SHIVANGI, 2020, JOURNAL OF EDUCATIONAL TECHNOLOGY SYSTEMS, V49, P5, DOI [10.1177/0047239520934018, 10.1177/0047239520934018]",DOI:10.1108/ebr-11-2018-0203,6
"DHAWAN SHIVANGI, 2020, JOURNAL OF EDUCATIONAL TECHNOLOGY SYSTEMS, V49, P5, DOI [10.1177/0047239520934018, 10.1177/0047239520934018]",DOI:10.1111/bjet.13102,3
"DHAWAN SHIVANGI, 2020, JOURNAL OF EDUCATIONAL TECHNOLOGY SYSTEMS, V49, P5, DOI [10.1177/0047239520934018, 10.1177/0047239520934018]",DOI:10.1177/2347631120983481],13
"DHAWAN SHIVANGI, 2020, JOURNAL OF EDUCATIONAL TECHNOLOGY SYSTEMS, V49, P5, DOI [10.1177/0047239520934018, 10.1177/0047239520934018]",DOI:10.1177/2515127420916738,3
"DHAWAN SHIVANGI, 2020, JOURNAL OF EDUCATIONAL TECHNOLOGY SYSTEMS, V49, P5, DOI [10.1177/0047239520934018, 10.1177/0047239520934018]",DOI:10.1186/s41239-019-0148-z,3
"DHAWAN SHIVANGI, 2020, JOURNAL OF EDUCATIONAL TECHNOLOGY SYSTEMS, V49, P5, DOI [10.1177/0047239520934018, 10.1177/0047239520934018]",DOI:10.22214/ijraset.2020.3021],3
"DHAWAN SHIVANGI, 2020, JOURNAL OF EDUCATIONAL TECHNOLOGY SYSTEMS, V49, P5, DOI [10.1177/0047239520934018, 10.1177/0047239520934018]",DOI:10.3390/educsci10120368,3
"DHAWAN SHIVANGI, 2020, JOURNAL OF EDUCATIONAL TECHNOLOGY SYSTEMS, V49, P5, DOI [10.1177/0047239520934018, 10.1177/0047239520934018]",DOI:10.3390/su12208438,11
"DHAWAN SHIVANGI, 2020, JOURNAL OF EDUCATIONAL TECHNOLOGY SYSTEMS, V49, P5, DOI [10.1177/0047239520934018, 10.1177/0047239520934018]",DOI:10.3991/ijet.v15i21.15647,6
"DHAWAN SHIVANGI, 2020, JOURNAL OF EDUCATIONAL TECHNOLOGY SYSTEMS, V49, P5, DOI [10.1177/0047239520934018, 10.1177/0047239520934018]",DOI:10.5539/hes.v10n3p16,7
"DHAWAN SHIVANGI, 2020, JOURNAL OF EDUCATIONAL TECHNOLOGY SYSTEMS, V49, P5, DOI [10.1177/0047239520934018, 10.1177/0047239520934018]",DOI:10.1002/hbe2.240,6
"DHAWAN SHIVANGI, 2020, JOURNAL OF EDUCATIONAL TECHNOLOGY SYSTEMS, V49, P5, DOI [10.1177/0047239520934018, 10.1177/0047239520934018]",DOI:10.1007/s10758-020-09470-6,4
"DHAWAN SHIVANGI, 2020, JOURNAL OF EDUCATIONAL TECHNOLOGY SYSTEMS, V49, P5, DOI [10.1177/0047239520934018, 10.1177/0047239520934018]",DOI:10.1016/j.iheduc.2010.09.004,3
"DHAWAN SHIVANGI, 2020, JOURNAL OF EDUCATIONAL TECHNOLOGY SYSTEMS, V49, P5, DOI [10.1177/0047239520934018, 10.1177/0047239520934018]",DOI:10.1016/j.ijedro.2020.100011,14
"DHAWAN SHIVANGI, 2020, JOURNAL OF EDUCATIONAL TECHNOLOGY SYSTEMS, V49, P5, DOI [10.1177/0047239520934018, 10.1177/0047239520934018]",DOI:10.1186/s12909-020-02208-z,11
"DHAWAN SHIVANGI, 2020, JOURNAL OF EDUCATIONAL TECHNOLOGY SYSTEMS, V49, P5, DOI [10.1177/0047239520934018, 10.1177/0047239520934018]",DOI:10.1371/journal.pone.0239490,7
"DHAWAN SHIVANGI, 2020, JOURNAL OF EDUCATIONAL TECHNOLOGY SYSTEMS, V49, P5, DOI [10.1177/0047239520934018, 10.1177/0047239520934018]",DOI:10.3389/fpsyg.2014.01278,3
"DHAWAN SHIVANGI, 2020, JOURNAL OF EDUCATIONAL TECHNOLOGY SYSTEMS, V49, P5, DOI [10.1177/0047239520934018, 10.1177/0047239520934018]","MISHRA LOKANATH, 2020, INT J EDUC RES OPEN, V1, P100012, DOI [10.1016/J.IJEDRO.2020.100012, 10.1016/J.IJEDRO.2020.100012]",12
"DHAWAN SHIVANGI, 2020, JOURNAL OF EDUCATIONAL TECHNOLOGY SYSTEMS, V49, P5, DOI [10.1177/0047239520934018, 10.1177/0047239520934018]","[ANONYMOUS], 2020, COVID-19 EDUCATIONAL DISRUPTION AND RESPONSE",7
"DHAWAN SHIVANGI, 2020, JOURNAL OF EDUCATIONAL TECHNOLOGY SYSTEMS, V49, P5, DOI [10.1177/0047239520934018, 10.1177/0047239520934018]",DOI:10.1007/s10639-021-10593-1,3
"DHAWAN SHIVANGI, 2020, JOURNAL OF EDUCATIONAL TECHNOLOGY SYSTEMS, V49, P5, DOI [10.1177/0047239520934018, 10.1177/0047239520934018]",DOI:10.1007/s11125-020-09464-3,4
"DHAWAN SHIVANGI, 2020, JOURNAL OF EDUCATIONAL TECHNOLOGY SYSTEMS, V49, P5, DOI [10.1177/0047239520934018, 10.1177/0047239520934018]",DOI:10.1016/s2352-4642(20)30095-x,6
"DHAWAN SHIVANGI, 2020, JOURNAL OF EDUCATIONAL TECHNOLOGY SYSTEMS, V49, P5, DOI [10.1177/0047239520934018, 10.1177/0047239520934018]",DOI:10.1016/s2468-2667(20)30084-0,3
"DHAWAN SHIVANGI, 2020, JOURNAL OF EDUCATIONAL TECHNOLOGY SYSTEMS, V49, P5, DOI [10.1177/0047239520934018, 10.1177/0047239520934018]",DOI:10.1080/02619768.2020.1809650,4
"DHAWAN SHIVANGI, 2020, JOURNAL OF EDUCATIONAL TECHNOLOGY SYSTEMS, V49, P5, DOI [10.1177/0047239520934018, 10.1177/0047239520934018]",DOI:10.25215/0802.094,5
"DHAWAN SHIVANGI, 2020, JOURNAL OF EDUCATIONAL TECHNOLOGY SYSTEMS, V49, P5, DOI [10.1177/0047239520934018, 10.1177/0047239520934018]",DOI:10.3390/su14138138,3
"DHAWAN SHIVANGI, 2020, JOURNAL OF EDUCATIONAL TECHNOLOGY SYSTEMS, V49, P5, DOI [10.1177/0047239520934018, 10.1177/0047239520934018]",DOI:10.4324/9781315814605,3
"DHAWAN SHIVANGI, 2020, JOURNAL OF EDUCATIONAL TECHNOLOGY SYSTEMS, V49, P5, DOI [10.1177/0047239520934018, 10.1177/0047239520934018]",DOI:10.1007/s10734-020-00561-y,7
"DHAWAN SHIVANGI, 2020, JOURNAL OF EDUCATIONAL TECHNOLOGY SYSTEMS, V49, P5, DOI [10.1177/0047239520934018, 10.1177/0047239520934018]",DOI:10.1016/j.psychres.2020.112934,9
"DHAWAN SHIVANGI, 2020, JOURNAL OF EDUCATIONAL TECHNOLOGY SYSTEMS, V49, P5, DOI [10.1177/0047239520934018, 10.1177/0047239520934018]",DOI:10.1080/13523260.2020.1761749,5
"DHAWAN SHIVANGI, 2020, JOURNAL OF EDUCATIONAL TECHNOLOGY SYSTEMS, V49, P5, DOI [10.1177/0047239520934018, 10.1177/0047239520934018]",DOI:10.1371/journal.pone.0248758,6
"DHAWAN SHIVANGI, 2020, JOURNAL OF EDUCATIONAL TECHNOLOGY SYSTEMS, V49, P5, DOI [10.1177/0047239520934018, 10.1177/0047239520934018]",DOI:10.3389/feduc.2021.638470,7
"DHAWAN SHIVANGI, 2020, JOURNAL OF EDUCATIONAL TECHNOLOGY SYSTEMS, V49, P5, DOI [10.1177/0047239520934018, 10.1177/0047239520934018]",DOI:10.1007/s40670-021-01231-z,7
"DHAWAN SHIVANGI, 2020, JOURNAL OF EDUCATIONAL TECHNOLOGY SYSTEMS, V49, P5, DOI [10.1177/0047239520934018, 10.1177/0047239520934018]",DOI:10.1080/1331677x.2021.1927789,4
"DHAWAN SHIVANGI, 2020, JOURNAL OF EDUCATIONAL TECHNOLOGY SYSTEMS, V49, P5, DOI [10.1177/0047239520934018, 10.1177/0047239520934018]",DOI:10.1111/nuf.12521,3
"DHAWAN SHIVANGI, 2020, JOURNAL OF EDUCATIONAL TECHNOLOGY SYSTEMS, V49, P5, DOI [10.1177/0047239520934018, 10.1177/0047239520934018]",DOI:10.12669/pjms.36.covid19-s4.2766,6
"DHAWAN SHIVANGI, 2020, JOURNAL OF EDUCATIONAL TECHNOLOGY SYSTEMS, V49, P5, DOI [10.1177/0047239520934018, 10.1177/0047239520934018]",DOI:10.24093/awej/vol11no4.23,5
"DHAWAN SHIVANGI, 2020, JOURNAL OF EDUCATIONAL TECHNOLOGY SYSTEMS, V49, P5, DOI [10.1177/0047239520934018, 10.1177/0047239520934018]",DOI:10.3390/jtaer16050079,3
"DHAWAN SHIVANGI, 2020, JOURNAL OF EDUCATIONAL TECHNOLOGY SYSTEMS, V49, P5, DOI [10.1177/0047239520934018, 10.1177/0047239520934018]","ANDERSON T, 2008, THEORY AND PRACTICE OF ONLINE LEARNING, 2ND EDITION, P343",3
"DHAWAN SHIVANGI, 2020, JOURNAL OF EDUCATIONAL TECHNOLOGY SYSTEMS, V49, P5, DOI [10.1177/0047239520934018, 10.1177/0047239520934018]",DOI:10.1016/j.sbspro.2014.01.510,6
"DHAWAN SHIVANGI, 2020, JOURNAL OF EDUCATIONAL TECHNOLOGY SYSTEMS, V49, P5, DOI [10.1177/0047239520934018, 10.1177/0047239520934018]",DOI:10.1111/j.1083-6101.2000.tb00110.x],3
"DHAWAN SHIVANGI, 2020, JOURNAL OF EDUCATIONAL TECHNOLOGY SYSTEMS, V49, P5, DOI [10.1177/0047239520934018, 10.1177/0047239520934018]",DOI:10.3402/rlt.v23.26507,5
"DHAWAN SHIVANGI, 2020, JOURNAL OF EDUCATIONAL TECHNOLOGY SYSTEMS, V49, P5, DOI [10.1177/0047239520934018, 10.1177/0047239520934018]","DIXSON MD, 2015, ONLINE LEARN, V19, P143",3
"DHAWAN SHIVANGI, 2020, JOURNAL OF EDUCATIONAL TECHNOLOGY SYSTEMS, V49, P5, DOI [10.1177/0047239520934018, 10.1177/0047239520934018]",DOI:10.1007/s11528-016-0110-z,3
"DHAWAN SHIVANGI, 2020, JOURNAL OF EDUCATIONAL TECHNOLOGY SYSTEMS, V49, P5, DOI [10.1177/0047239520934018, 10.1177/0047239520934018]",DOI:10.1007/s12528-018-9179-z,6
"DHAWAN SHIVANGI, 2020, JOURNAL OF EDUCATIONAL TECHNOLOGY SYSTEMS, V49, P5, DOI [10.1177/0047239520934018, 10.1177/0047239520934018]",DOI:10.1016/j.compedu.2015.09.005,4
"DHAWAN SHIVANGI, 2020, JOURNAL OF EDUCATIONAL TECHNOLOGY SYSTEMS, V49, P5, DOI [10.1177/0047239520934018, 10.1177/0047239520934018]",DOI:10.1016/j.iheduc.2004.02.001,4
"DHAWAN SHIVANGI, 2020, JOURNAL OF EDUCATIONAL TECHNOLOGY SYSTEMS, V49, P5, DOI [10.1177/0047239520934018, 10.1177/0047239520934018]",DOI:10.1016/j.ijhcs.2006.01.003,4
"DHAWAN SHIVANGI, 2020, JOURNAL OF EDUCATIONAL TECHNOLOGY SYSTEMS, V49, P5, DOI [10.1177/0047239520934018, 10.1177/0047239520934018]",DOI:10.1016/j.jadohealth.2021.03.002,3
"DHAWAN SHIVANGI, 2020, JOURNAL OF EDUCATIONAL TECHNOLOGY SYSTEMS, V49, P5, DOI [10.1177/0047239520934018, 10.1177/0047239520934018]",DOI:10.1080/15236803.2013.12001730,3
"DHAWAN SHIVANGI, 2020, JOURNAL OF EDUCATIONAL TECHNOLOGY SYSTEMS, V49, P5, DOI [10.1177/0047239520934018, 10.1177/0047239520934018]",DOI:10.29333/pr/7937],5
"DHAWAN SHIVANGI, 2020, JOURNAL OF EDUCATIONAL TECHNOLOGY SYSTEMS, V49, P5, DOI [10.1177/0047239520934018, 10.1177/0047239520934018]",DOI:10.3200/joer.98.3.184-192,3
"DHAWAN SHIVANGI, 2020, JOURNAL OF EDUCATIONAL TECHNOLOGY SYSTEMS, V49, P5, DOI [10.1177/0047239520934018, 10.1177/0047239520934018]",DOI:10.5032/jae.2012.03098,4
"DHAWAN SHIVANGI, 2020, JOURNAL OF EDUCATIONAL TECHNOLOGY SYSTEMS, V49, P5, DOI [10.1177/0047239520934018, 10.1177/0047239520934018]","GIRIK ALLO M.D., 2020, JURNAL SINESTESIA, V10, P1",3
"DHAWAN SHIVANGI, 2020, JOURNAL OF EDUCATIONAL TECHNOLOGY SYSTEMS, V49, P5, DOI [10.1177/0047239520934018, 10.1177/0047239520934018]","GRAHAM C., 2006, BELTWIDE COTTON CONFERENCES",3
"DHAWAN SHIVANGI, 2020, JOURNAL OF EDUCATIONAL TECHNOLOGY SYSTEMS, V49, P5, DOI [10.1177/0047239520934018, 10.1177/0047239520934018]","MCBRIEN JL, 2009, INT REV RES OPEN DIS, V10",7
"DHAWAN SHIVANGI, 2020, JOURNAL OF EDUCATIONAL TECHNOLOGY SYSTEMS, V49, P5, DOI [10.1177/0047239520934018, 10.1177/0047239520934018]","NORTVIG AM, 2018, ELECTRON J E-LEARN, V16, P46",3
"DHAWAN SHIVANGI, 2020, JOURNAL OF EDUCATIONAL TECHNOLOGY SYSTEMS, V49, P5, DOI [10.1177/0047239520934018, 10.1177/0047239520934018]",DOI:10.1037/stl0000198],5
"DHAWAN SHIVANGI, 2020, JOURNAL OF EDUCATIONAL TECHNOLOGY SYSTEMS, V49, P5, DOI [10.1177/0047239520934018, 10.1177/0047239520934018]",DOI:10.1016/j.compedu.2009.09.002,4
"DHAWAN SHIVANGI, 2020, JOURNAL OF EDUCATIONAL TECHNOLOGY SYSTEMS, V49, P5, DOI [10.1177/0047239520934018, 10.1177/0047239520934018]",DOI:10.2307/3250921,6
"DHAWAN SHIVANGI, 2020, JOURNAL OF EDUCATIONAL TECHNOLOGY SYSTEMS, V49, P5, DOI [10.1177/0047239520934018, 10.1177/0047239520934018]",DOI:10.4324/9780203771587],8
"DHAWAN SHIVANGI, 2020, JOURNAL OF EDUCATIONAL TECHNOLOGY SYSTEMS, V49, P5, DOI [10.1177/0047239520934018, 10.1177/0047239520934018]",DOI:10.1016/j.iheduc.2007.04.001,3
"DHAWAN SHIVANGI, 2020, JOURNAL OF EDUCATIONAL TECHNOLOGY SYSTEMS, V49, P5, DOI [10.1177/0047239520934018, 10.1177/0047239520934018]",DOI:10.1016/j.paid.2021.110673,3
"DHAWAN SHIVANGI, 2020, JOURNAL OF EDUCATIONAL TECHNOLOGY SYSTEMS, V49, P5, DOI [10.1177/0047239520934018, 10.1177/0047239520934018]",DOI:10.1037/13620-004,5
"DHAWAN SHIVANGI, 2020, JOURNAL OF EDUCATIONAL TECHNOLOGY SYSTEMS, V49, P5, DOI [10.1177/0047239520934018, 10.1177/0047239520934018]",DOI:10.1016/j.childyouth.2020.105699,7
"DHAWAN SHIVANGI, 2020, JOURNAL OF EDUCATIONAL TECHNOLOGY SYSTEMS, V49, P5, DOI [10.1177/0047239520934018, 10.1177/0047239520934018]",DOI:10.1080/10494820.2020.1789672,3
"DHAWAN SHIVANGI, 2020, JOURNAL OF EDUCATIONAL TECHNOLOGY SYSTEMS, V49, P5, DOI [10.1177/0047239520934018, 10.1177/0047239520934018]",DOI:10.1080/15325024.2020.1769300,15
"DHAWAN SHIVANGI, 2020, JOURNAL OF EDUCATIONAL TECHNOLOGY SYSTEMS, V49, P5, DOI [10.1177/0047239520934018, 10.1177/0047239520934018]",DOI:10.1177/2347631120983481,3
"DHAWAN SHIVANGI, 2020, JOURNAL OF EDUCATIONAL TECHNOLOGY SYSTEMS, V49, P5, DOI [10.1177/0047239520934018, 10.1177/0047239520934018]",DOI:10.1186/s12909-020-02266-3,3
"DHAWAN SHIVANGI, 2020, JOURNAL OF EDUCATIONAL TECHNOLOGY SYSTEMS, V49, P5, DOI [10.1177/0047239520934018, 10.1177/0047239520934018]",DOI:10.3390/educsci10090216,3
"DHAWAN SHIVANGI, 2020, JOURNAL OF EDUCATIONAL TECHNOLOGY SYSTEMS, V49, P5, DOI [10.1177/0047239520934018, 10.1177/0047239520934018]","KIRTMAN L., 2009, ISSUES IN TEACHER EDUCATION, V18, P103",3
"DHAWAN SHIVANGI, 2020, JOURNAL OF EDUCATIONAL TECHNOLOGY SYSTEMS, V49, P5, DOI [10.1177/0047239520934018, 10.1177/0047239520934018]","RADHA R., 2020, INTERNATIONAL JOURNAL OF CONTROL AND AUTOMATION, V13, P1088",3
"DHAWAN SHIVANGI, 2020, JOURNAL OF EDUCATIONAL TECHNOLOGY SYSTEMS, V49, P5, DOI [10.1177/0047239520934018, 10.1177/0047239520934018]",DOI:10.1080/01587919.2020.1724768,7
"DHAWAN SHIVANGI, 2020, JOURNAL OF EDUCATIONAL TECHNOLOGY SYSTEMS, V49, P5, DOI [10.1177/0047239520934018, 10.1177/0047239520934018]",DOI:10.1080/00131911.2021.1978401,3
"DHAWAN SHIVANGI, 2020, JOURNAL OF EDUCATIONAL TECHNOLOGY SYSTEMS, V49, P5, DOI [10.1177/0047239520934018, 10.1177/0047239520934018]",DOI:10.1163/9789004702813_021],13
"DHAWAN SHIVANGI, 2020, JOURNAL OF EDUCATIONAL TECHNOLOGY SYSTEMS, V49, P5, DOI [10.1177/0047239520934018, 10.1177/0047239520934018]",DOI:10.12669/pjms.36.covid19-s4.2785,13
"DHAWAN SHIVANGI, 2020, JOURNAL OF EDUCATIONAL TECHNOLOGY SYSTEMS, V49, P5, DOI [10.1177/0047239520934018, 10.1177/0047239520934018]",DOI:10.24191/ajue.v16i2.10294,4
"DHAWAN SHIVANGI, 2020, JOURNAL OF EDUCATIONAL TECHNOLOGY SYSTEMS, V49, P5, DOI [10.1177/0047239520934018, 10.1177/0047239520934018]",DOI:10.33902/jpsp.2020261309,12
"DHAWAN SHIVANGI, 2020, JOURNAL OF EDUCATIONAL TECHNOLOGY SYSTEMS, V49, P5, DOI [10.1177/0047239520934018, 10.1177/0047239520934018]","SHAHZAD ARFAN, 2021, QUAL QUANT, V55, P805, DOI [10.1007/S11135-020-01028-Z, 10.1007/S11135-020-01028-Z]",7
"DHAWAN SHIVANGI, 2020, JOURNAL OF EDUCATIONAL TECHNOLOGY SYSTEMS, V49, P5, DOI [10.1177/0047239520934018, 10.1177/0047239520934018]",DOI:10.1016/j.chb.2021.106789,4
"DHAWAN SHIVANGI, 2020, JOURNAL OF EDUCATIONAL TECHNOLOGY SYSTEMS, V49, P5, DOI [10.1177/0047239520934018, 10.1177/0047239520934018]",DOI:10.1016/j.compedu.2019.103701,5
"DHAWAN SHIVANGI, 2020, JOURNAL OF EDUCATIONAL TECHNOLOGY SYSTEMS, V49, P5, DOI [10.1177/0047239520934018, 10.1177/0047239520934018]",DOI:10.1016/j.compedu.2017.12.001,3
"DHAWAN SHIVANGI, 2020, JOURNAL OF EDUCATIONAL TECHNOLOGY SYSTEMS, V49, P5, DOI [10.1177/0047239520934018, 10.1177/0047239520934018]",DOI:10.1037/0033-2909.103.3.411,3
"DHAWAN SHIVANGI, 2020, JOURNAL OF EDUCATIONAL TECHNOLOGY SYSTEMS, V49, P5, DOI [10.1177/0047239520934018, 10.1177/0047239520934018]",DOI:10.1287/mnsc.46.2.186.11926,3
"DHAWAN SHIVANGI, 2020, JOURNAL OF EDUCATIONAL TECHNOLOGY SYSTEMS, V49, P5, DOI [10.1177/0047239520934018, 10.1177/0047239520934018]",DOI:10.1080/01587919.2018.1553562,8
"DHAWAN SHIVANGI, 2020, JOURNAL OF EDUCATIONAL TECHNOLOGY SYSTEMS, V49, P5, DOI [10.1177/0047239520934018, 10.1177/0047239520934018]","MUTHUPRASAD T, 2021, SOC SCI HUMANIT OPEN, V3, P100101, DOI [10.1016/J.SSAHO.2020.100101, 10.1016/J.SSAHO.2020.100101]",17
"DHAWAN SHIVANGI, 2020, JOURNAL OF EDUCATIONAL TECHNOLOGY SYSTEMS, V49, P5, DOI [10.1177/0047239520934018, 10.1177/0047239520934018]",DOI:10.1186/s41239-020-00216-z,3
"DHAWAN SHIVANGI, 2020, JOURNAL OF EDUCATIONAL TECHNOLOGY SYSTEMS, V49, P5, DOI [10.1177/0047239520934018, 10.1177/0047239520934018]",DOI:10.1001/jama.2020.5227,4
"DHAWAN SHIVANGI, 2020, JOURNAL OF EDUCATIONAL TECHNOLOGY SYSTEMS, V49, P5, DOI [10.1177/0047239520934018, 10.1177/0047239520934018]",DOI:10.1007/s10639-019-10027-z,3
"DHAWAN SHIVANGI, 2020, JOURNAL OF EDUCATIONAL TECHNOLOGY SYSTEMS, V49, P5, DOI [10.1177/0047239520934018, 10.1177/0047239520934018]",DOI:10.1007/s11618-021-01002-x,3
"DHAWAN SHIVANGI, 2020, JOURNAL OF EDUCATIONAL TECHNOLOGY SYSTEMS, V49, P5, DOI [10.1177/0047239520934018, 10.1177/0047239520934018]",DOI:10.1016/j.compedu.2021.104211,6
"DHAWAN SHIVANGI, 2020, JOURNAL OF EDUCATIONAL TECHNOLOGY SYSTEMS, V49, P5, DOI [10.1177/0047239520934018, 10.1177/0047239520934018]",DOI:10.1016/j.iheduc.2015.11.003,3
"DHAWAN SHIVANGI, 2020, JOURNAL OF EDUCATIONAL TECHNOLOGY SYSTEMS, V49, P5, DOI [10.1177/0047239520934018, 10.1177/0047239520934018]",DOI:10.1080/02619768.2020.1821184,7
"DHAWAN SHIVANGI, 2020, JOURNAL OF EDUCATIONAL TECHNOLOGY SYSTEMS, V49, P5, DOI [10.1177/0047239520934018, 10.1177/0047239520934018]",DOI:10.1108/itse-06-2020-0087,3
"DHAWAN SHIVANGI, 2020, JOURNAL OF EDUCATIONAL TECHNOLOGY SYSTEMS, V49, P5, DOI [10.1177/0047239520934018, 10.1177/0047239520934018]",DOI:10.29333/pr/7947,6
"DHAWAN SHIVANGI, 2020, JOURNAL OF EDUCATIONAL TECHNOLOGY SYSTEMS, V49, P5, DOI [10.1177/0047239520934018, 10.1177/0047239520934018]","RAPANTA CHRYSI, 2020, POSTDIGIT SCI EDUC, V2, P923, DOI [10.1007/S42438-020-00155-Y, 10.1007/S42438-020-00155-Y]",14
"DHAWAN SHIVANGI, 2020, JOURNAL OF EDUCATIONAL TECHNOLOGY SYSTEMS, V49, P5, DOI [10.1177/0047239520934018, 10.1177/0047239520934018]",DOI:10.1016/j.chb.2020.106424,4
"DHAWAN SHIVANGI, 2020, JOURNAL OF EDUCATIONAL TECHNOLOGY SYSTEMS, V49, P5, DOI [10.1177/0047239520934018, 10.1177/0047239520934018]",DOI:10.1016/j.iheduc.2003.11.003,8
"DHAWAN SHIVANGI, 2020, JOURNAL OF EDUCATIONAL TECHNOLOGY SYSTEMS, V49, P5, DOI [10.1177/0047239520934018, 10.1177/0047239520934018]",DOI:10.1186/s41239-021-00252-3,5
"DHAWAN SHIVANGI, 2020, JOURNAL OF EDUCATIONAL TECHNOLOGY SYSTEMS, V49, P5, DOI [10.1177/0047239520934018, 10.1177/0047239520934018]",DOI:10.3389/fpsyg.2021.746289,3
"DHAWAN SHIVANGI, 2020, JOURNAL OF EDUCATIONAL TECHNOLOGY SYSTEMS, V49, P5, DOI [10.1177/0047239520934018, 10.1177/0047239520934018]",DOI:10.3390/su13010057,5
"DHAWAN SHIVANGI, 2020, JOURNAL OF EDUCATIONAL TECHNOLOGY SYSTEMS, V49, P5, DOI [10.1177/0047239520934018, 10.1177/0047239520934018]","KEBRITCHI MANSUREH, 2017, JOURNAL OF EDUCATIONAL TECHNOLOGY SYSTEMS, V46, P4, DOI [10.1177/0047239516661713, 10.1177/0047239516661713]",3
"DHAWAN SHIVANGI, 2020, JOURNAL OF EDUCATIONAL TECHNOLOGY SYSTEMS, V49, P5, DOI [10.1177/0047239520934018, 10.1177/0047239520934018]",DOI:10.1007/s12098-020-03327-7,6
"DHAWAN SHIVANGI, 2020, JOURNAL OF EDUCATIONAL TECHNOLOGY SYSTEMS, V49, P5, DOI [10.1177/0047239520934018, 10.1177/0047239520934018]",DOI:10.1016/j.childyouth.2020.105355,3
"DHAWAN SHIVANGI, 2020, JOURNAL OF EDUCATIONAL TECHNOLOGY SYSTEMS, V49, P5, DOI [10.1177/0047239520934018, 10.1177/0047239520934018]","MEANS B., 2010, EVALUATION OF EVIDENCE-BASED PRACTICES IN ONLINE LEARNING: A META-ANALYSIS AND REVIEW OF ONLINE LEARNING STUDIES",5
"DHAWAN SHIVANGI, 2020, JOURNAL OF EDUCATIONAL TECHNOLOGY SYSTEMS, V49, P5, DOI [10.1177/0047239520934018, 10.1177/0047239520934018]",DOI:10.1108/aeds-09-2020-0209,4
"DHAWAN SHIVANGI, 2020, JOURNAL OF EDUCATIONAL TECHNOLOGY SYSTEMS, V49, P5, DOI [10.1177/0047239520934018, 10.1177/0047239520934018]","NGUYEN T., 2015, MERLOT JOURNAL OF ONLINE LEARNING AND TEACHING, V11, P309",5
"DHAWAN SHIVANGI, 2020, JOURNAL OF EDUCATIONAL TECHNOLOGY SYSTEMS, V49, P5, DOI [10.1177/0047239520934018, 10.1177/0047239520934018]",DOI:10.1007/s10639-021-10523-1,12
"DHAWAN SHIVANGI, 2020, JOURNAL OF EDUCATIONAL TECHNOLOGY SYSTEMS, V49, P5, DOI [10.1177/0047239520934018, 10.1177/0047239520934018]",DOI:10.1016/j.childyouth.2020.105194,7
"DHAWAN SHIVANGI, 2020, JOURNAL OF EDUCATIONAL TECHNOLOGY SYSTEMS, V49, P5, DOI [10.1177/0047239520934018, 10.1177/0047239520934018]",DOI:10.1016/j.compedu.2019.103724,3
"DHAWAN SHIVANGI, 2020, JOURNAL OF EDUCATIONAL TECHNOLOGY SYSTEMS, V49, P5, DOI [10.1177/0047239520934018, 10.1177/0047239520934018]",DOI:10.1080/10872981.2021.1920090,3
"DHAWAN SHIVANGI, 2020, JOURNAL OF EDUCATIONAL TECHNOLOGY SYSTEMS, V49, P5, DOI [10.1177/0047239520934018, 10.1177/0047239520934018]",DOI:10.1080/10963758.2021.1907196,3
"DHAWAN SHIVANGI, 2020, JOURNAL OF EDUCATIONAL TECHNOLOGY SYSTEMS, V49, P5, DOI [10.1177/0047239520934018, 10.1177/0047239520934018]",DOI:10.3390/healthcare8030200,3
"DHAWAN SHIVANGI, 2020, JOURNAL OF EDUCATIONAL TECHNOLOGY SYSTEMS, V49, P5, DOI [10.1177/0047239520934018, 10.1177/0047239520934018]",DOI:10.3390/jrfm13030055,9
"DHAWAN SHIVANGI, 2020, JOURNAL OF EDUCATIONAL TECHNOLOGY SYSTEMS, V49, P5, DOI [10.1177/0047239520934018, 10.1177/0047239520934018]","KEENGWE JARED., 2010, MERLOT JOURNAL OF ONLINE LEARNING AND TEACHING, V6, P533",3
"DHAWAN SHIVANGI, 2020, JOURNAL OF EDUCATIONAL TECHNOLOGY SYSTEMS, V49, P5, DOI [10.1177/0047239520934018, 10.1177/0047239520934018]","NICOLA M, 2020, INT J SURG, V78, P185, DOI [10.34293/COMMERCE.V8I4.3293, 10.1016/J.IJSU.2020.04.018]",3
"DHAWAN SHIVANGI, 2020, JOURNAL OF EDUCATIONAL TECHNOLOGY SYSTEMS, V49, P5, DOI [10.1177/0047239520934018, 10.1177/0047239520934018]",DOI:10.1016/j.childyouth.2021.106160,6
"DHAWAN SHIVANGI, 2020, JOURNAL OF EDUCATIONAL TECHNOLOGY SYSTEMS, V49, P5, DOI [10.1177/0047239520934018, 10.1177/0047239520934018]",DOI:10.7759/cureus.8966,4
"DHAWAN SHIVANGI, 2020, JOURNAL OF EDUCATIONAL TECHNOLOGY SYSTEMS, V49, P5, DOI [10.1177/0047239520934018, 10.1177/0047239520934018]",DOI:10.1088/1742-6596/1108/1/012094],4
"DHAWAN SHIVANGI, 2020, JOURNAL OF EDUCATIONAL TECHNOLOGY SYSTEMS, V49, P5, DOI [10.1177/0047239520934018, 10.1177/0047239520934018]",DOI:10.1108/aeds-06-2020-0131,4
"DHAWAN SHIVANGI, 2020, JOURNAL OF EDUCATIONAL TECHNOLOGY SYSTEMS, V49, P5, DOI [10.1177/0047239520934018, 10.1177/0047239520934018]",DOI:10.1155/2021/6649524,3
"DHAWAN SHIVANGI, 2020, JOURNAL OF EDUCATIONAL TECHNOLOGY SYSTEMS, V49, P5, DOI [10.1177/0047239520934018, 10.1177/0047239520934018]","DIMAGGIO P., 2004, SOCIAL INEQUALITY",3
"DHAWAN SHIVANGI, 2020, JOURNAL OF EDUCATIONAL TECHNOLOGY SYSTEMS, V49, P5, DOI [10.1177/0047239520934018, 10.1177/0047239520934018]",DOI:10.1016/j.tele.2017.07.007,3
"DHAWAN SHIVANGI, 2020, JOURNAL OF EDUCATIONAL TECHNOLOGY SYSTEMS, V49, P5, DOI [10.1177/0047239520934018, 10.1177/0047239520934018]",DOI:10.1108/s2050-206020150000010002,3
"DHAWAN SHIVANGI, 2020, JOURNAL OF EDUCATIONAL TECHNOLOGY SYSTEMS, V49, P5, DOI [10.1177/0047239520934018, 10.1177/0047239520934018]",DOI:10.1016/j.acalib.2021.102346,4
"DHAWAN SHIVANGI, 2020, JOURNAL OF EDUCATIONAL TECHNOLOGY SYSTEMS, V49, P5, DOI [10.1177/0047239520934018, 10.1177/0047239520934018]",DOI:10.1016/j.compedu.2020.104111,4
"DHAWAN SHIVANGI, 2020, JOURNAL OF EDUCATIONAL TECHNOLOGY SYSTEMS, V49, P5, DOI [10.1177/0047239520934018, 10.1177/0047239520934018]",DOI:10.1080/08923640109527071,4
"DHAWAN SHIVANGI, 2020, JOURNAL OF EDUCATIONAL TECHNOLOGY SYSTEMS, V49, P5, DOI [10.1177/0047239520934018, 10.1177/0047239520934018]",DOI:10.19173/irrodl.v14i1.1338,5
"DHAWAN SHIVANGI, 2020, JOURNAL OF EDUCATIONAL TECHNOLOGY SYSTEMS, V49, P5, DOI [10.1177/0047239520934018, 10.1177/0047239520934018]",DOI:10.3233/wor-203308,3
"DHAWAN SHIVANGI, 2020, JOURNAL OF EDUCATIONAL TECHNOLOGY SYSTEMS, V49, P5, DOI [10.1177/0047239520934018, 10.1177/0047239520934018]",DOI:10.1007/s10639-021-10589-x,6
"DHAWAN SHIVANGI, 2020, JOURNAL OF EDUCATIONAL TECHNOLOGY SYSTEMS, V49, P5, DOI [10.1177/0047239520934018, 10.1177/0047239520934018]",DOI:10.1016/j.amsu.2021.01.073,3
"DHAWAN SHIVANGI, 2020, JOURNAL OF EDUCATIONAL TECHNOLOGY SYSTEMS, V49, P5, DOI [10.1177/0047239520934018, 10.1177/0047239520934018]",DOI:10.1016/j.jsps.2020.07.008,3
"DHAWAN SHIVANGI, 2020, JOURNAL OF EDUCATIONAL TECHNOLOGY SYSTEMS, V49, P5, DOI [10.1177/0047239520934018, 10.1177/0047239520934018]",DOI:10.1136/bmjopen-2020-042378,4
"DHAWAN SHIVANGI, 2020, JOURNAL OF EDUCATIONAL TECHNOLOGY SYSTEMS, V49, P5, DOI [10.1177/0047239520934018, 10.1177/0047239520934018]",DOI:10.1186/s12909-020-02257-4,3
"DHAWAN SHIVANGI, 2020, JOURNAL OF EDUCATIONAL TECHNOLOGY SYSTEMS, V49, P5, DOI [10.1177/0047239520934018, 10.1177/0047239520934018]",DOI:10.1186/s12909-020-02312-0,3
"DHAWAN SHIVANGI, 2020, JOURNAL OF EDUCATIONAL TECHNOLOGY SYSTEMS, V49, P5, DOI [10.1177/0047239520934018, 10.1177/0047239520934018]",DOI:10.1371/journal.pone.0242905,5
"DHAWAN SHIVANGI, 2020, JOURNAL OF EDUCATIONAL TECHNOLOGY SYSTEMS, V49, P5, DOI [10.1177/0047239520934018, 10.1177/0047239520934018]",DOI:10.29333/ejmste/7893],3
"DHAWAN SHIVANGI, 2020, JOURNAL OF EDUCATIONAL TECHNOLOGY SYSTEMS, V49, P5, DOI [10.1177/0047239520934018, 10.1177/0047239520934018]",DOI:10.3389/fvets.2020.594261,3
"DHAWAN SHIVANGI, 2020, JOURNAL OF EDUCATIONAL TECHNOLOGY SYSTEMS, V49, P5, DOI [10.1177/0047239520934018, 10.1177/0047239520934018]",DOI:10.3390/ijerph17155519,3
"DHAWAN SHIVANGI, 2020, JOURNAL OF EDUCATIONAL TECHNOLOGY SYSTEMS, V49, P5, DOI [10.1177/0047239520934018, 10.1177/0047239520934018]",DOI:10.3390/vetsci8020013,3
"DHAWAN SHIVANGI, 2020, JOURNAL OF EDUCATIONAL TECHNOLOGY SYSTEMS, V49, P5, DOI [10.1177/0047239520934018, 10.1177/0047239520934018]",DOI:10.5281/zenodo.7636568,4
"DHAWAN SHIVANGI, 2020, JOURNAL OF EDUCATIONAL TECHNOLOGY SYSTEMS, V49, P5, DOI [10.1177/0047239520934018, 10.1177/0047239520934018]",DOI:10.1016/j.chb.2019.08.004,4
"DHAWAN SHIVANGI, 2020, JOURNAL OF EDUCATIONAL TECHNOLOGY SYSTEMS, V49, P5, DOI [10.1177/0047239520934018, 10.1177/0047239520934018]",DOI:10.1016/j.compedu.2018.08.007,3
"DHAWAN SHIVANGI, 2020, JOURNAL OF EDUCATIONAL TECHNOLOGY SYSTEMS, V49, P5, DOI [10.1177/0047239520934018, 10.1177/0047239520934018]",DOI:10.2196/21279,10
"DHAWAN SHIVANGI, 2020, JOURNAL OF EDUCATIONAL TECHNOLOGY SYSTEMS, V49, P5, DOI [10.1177/0047239520934018, 10.1177/0047239520934018]",DOI:10.24059/olj.v24i2.2285,3
"DHAWAN SHIVANGI, 2020, JOURNAL OF EDUCATIONAL TECHNOLOGY SYSTEMS, V49, P5, DOI [10.1177/0047239520934018, 10.1177/0047239520934018]",DOI:10.29333/ajqr/8471],4
"DHAWAN SHIVANGI, 2020, JOURNAL OF EDUCATIONAL TECHNOLOGY SYSTEMS, V49, P5, DOI [10.1177/0047239520934018, 10.1177/0047239520934018]",DOI:10.29333/ojcmt/8286,10
"DHAWAN SHIVANGI, 2020, JOURNAL OF EDUCATIONAL TECHNOLOGY SYSTEMS, V49, P5, DOI [10.1177/0047239520934018, 10.1177/0047239520934018]",DOI:10.5281/zenodo.3878572,4
"DHAWAN SHIVANGI, 2020, JOURNAL OF EDUCATIONAL TECHNOLOGY SYSTEMS, V49, P5, DOI [10.1177/0047239520934018, 10.1177/0047239520934018]","MARINONI G., 2020, IAU GLOBAL SURVEY RE",5
"DHAWAN SHIVANGI, 2020, JOURNAL OF EDUCATIONAL TECHNOLOGY SYSTEMS, V49, P5, DOI [10.1177/0047239520934018, 10.1177/0047239520934018]",DOI:10.4103/ijo.ijo_1782_20,3
"DHAWAN SHIVANGI, 2020, JOURNAL OF EDUCATIONAL TECHNOLOGY SYSTEMS, V49, P5, DOI [10.1177/0047239520934018, 10.1177/0047239520934018]",DOI:10.1016/j.ijedudev.2021.102444,3
"DHAWAN SHIVANGI, 2020, JOURNAL OF EDUCATIONAL TECHNOLOGY SYSTEMS, V49, P5, DOI [10.1177/0047239520934018, 10.1177/0047239520934018]",DOI:10.1080/10872981.2019.1666538,3
"DHAWAN SHIVANGI, 2020, JOURNAL OF EDUCATIONAL TECHNOLOGY SYSTEMS, V49, P5, DOI [10.1177/0047239520934018, 10.1177/0047239520934018]",DOI:10.1371/journal.pone.0253651,3
"DHAWAN SHIVANGI, 2020, JOURNAL OF EDUCATIONAL TECHNOLOGY SYSTEMS, V49, P5, DOI [10.1177/0047239520934018, 10.1177/0047239520934018]",DOI:10.3126/kumj.v18i2.32943,3
"DHAWAN SHIVANGI, 2020, JOURNAL OF EDUCATIONAL TECHNOLOGY SYSTEMS, V49, P5, DOI [10.1177/0047239520934018, 10.1177/0047239520934018]",DOI:10.1016/j.compedu.2009.08.005,4
"DHAWAN SHIVANGI, 2020, JOURNAL OF EDUCATIONAL TECHNOLOGY SYSTEMS, V49, P5, DOI [10.1177/0047239520934018, 10.1177/0047239520934018]",DOI:10.1057/s41599-020-00603-x,3
"DHAWAN SHIVANGI, 2020, JOURNAL OF EDUCATIONAL TECHNOLOGY SYSTEMS, V49, P5, DOI [10.1177/0047239520934018, 10.1177/0047239520934018]",DOI:10.1016/j.chb.2019.08.018,5
"DHAWAN SHIVANGI, 2020, JOURNAL OF EDUCATIONAL TECHNOLOGY SYSTEMS, V49, P5, DOI [10.1177/0047239520934018, 10.1177/0047239520934018]",DOI:10.1016/s0140-6736(20)30547-x,4
"DHAWAN SHIVANGI, 2020, JOURNAL OF EDUCATIONAL TECHNOLOGY SYSTEMS, V49, P5, DOI [10.1177/0047239520934018, 10.1177/0047239520934018]",DOI:10.1016/s1096-7516(02)00164-1,3
"DHAWAN SHIVANGI, 2020, JOURNAL OF EDUCATIONAL TECHNOLOGY SYSTEMS, V49, P5, DOI [10.1177/0047239520934018, 10.1177/0047239520934018]",DOI:10.1177/0144739420977900,3
"DHAWAN SHIVANGI, 2020, JOURNAL OF EDUCATIONAL TECHNOLOGY SYSTEMS, V49, P5, DOI [10.1177/0047239520934018, 10.1177/0047239520934018]",DOI:10.31940/soshum.v10i2.1316],5
"DHAWAN SHIVANGI, 2020, JOURNAL OF EDUCATIONAL TECHNOLOGY SYSTEMS, V49, P5, DOI [10.1177/0047239520934018, 10.1177/0047239520934018]",DOI:10.5944/openpraxis.12.4.1141,3
"DHAWAN SHIVANGI, 2020, JOURNAL OF EDUCATIONAL TECHNOLOGY SYSTEMS, V49, P5, DOI [10.1177/0047239520934018, 10.1177/0047239520934018]",DOI:10.1016/j.ijinfomgt.2020.102211,3
"DHAWAN SHIVANGI, 2020, JOURNAL OF EDUCATIONAL TECHNOLOGY SYSTEMS, V49, P5, DOI [10.1177/0047239520934018, 10.1177/0047239520934018]",DOI:10.1016/j.jsurg.2020.03.018,4
"DHAWAN SHIVANGI, 2020, JOURNAL OF EDUCATIONAL TECHNOLOGY SYSTEMS, V49, P5, DOI [10.1177/0047239520934018, 10.1177/0047239520934018]","TERAS MARKO, 2020, POSTDIGIT SCI EDUC, V2, P863, DOI [10.1007/S42438-020-00164-X, 10.1007/S42438-020-00164-X]",4
"DHAWAN SHIVANGI, 2020, JOURNAL OF EDUCATIONAL TECHNOLOGY SYSTEMS, V49, P5, DOI [10.1177/0047239520934018, 10.1177/0047239520934018]",DOI:10.1080/0307507032000122305,4
"DHAWAN SHIVANGI, 2020, JOURNAL OF EDUCATIONAL TECHNOLOGY SYSTEMS, V49, P5, DOI [10.1177/0047239520934018, 10.1177/0047239520934018]",DOI:10.1080/0144929x.2018.1474254,3
"DHAWAN SHIVANGI, 2020, JOURNAL OF EDUCATIONAL TECHNOLOGY SYSTEMS, V49, P5, DOI [10.1177/0047239520934018, 10.1177/0047239520934018]",DOI:10.1016/j.iheduc.2011.11.006,4
"DHAWAN SHIVANGI, 2020, JOURNAL OF EDUCATIONAL TECHNOLOGY SYSTEMS, V49, P5, DOI [10.1177/0047239520934018, 10.1177/0047239520934018]",DOI:10.24093/awej/vol11no3.1,3
"DHAWAN SHIVANGI, 2020, JOURNAL OF EDUCATIONAL TECHNOLOGY SYSTEMS, V49, P5, DOI [10.1177/0047239520934018, 10.1177/0047239520934018]",DOI:10.3389/feduc.2021.711619,3
"DHAWAN SHIVANGI, 2020, JOURNAL OF EDUCATIONAL TECHNOLOGY SYSTEMS, V49, P5, DOI [10.1177/0047239520934018, 10.1177/0047239520934018]",DOI:10.1016/j.chb.2016.12.085,3
"DHAWAN SHIVANGI, 2020, JOURNAL OF EDUCATIONAL TECHNOLOGY SYSTEMS, V49, P5, DOI [10.1177/0047239520934018, 10.1177/0047239520934018]",DOI:10.1016/j.compedu.2010.05.004,8
"DHAWAN SHIVANGI, 2020, JOURNAL OF EDUCATIONAL TECHNOLOGY SYSTEMS, V49, P5, DOI [10.1177/0047239520934018, 10.1177/0047239520934018]",DOI:10.1016/j.compedu.2014.04.018,3
"DHAWAN SHIVANGI, 2020, JOURNAL OF EDUCATIONAL TECHNOLOGY SYSTEMS, V49, P5, DOI [10.1177/0047239520934018, 10.1177/0047239520934018]",DOI:10.3389/fpsyg.2021.743936,3
"DHAWAN SHIVANGI, 2020, JOURNAL OF EDUCATIONAL TECHNOLOGY SYSTEMS, V49, P5, DOI [10.1177/0047239520934018, 10.1177/0047239520934018]",DOI:10.1016/j.iheduc.2010.08.002,3
"DHAWAN SHIVANGI, 2020, JOURNAL OF EDUCATIONAL TECHNOLOGY SYSTEMS, V49, P5, DOI [10.1177/0047239520934018, 10.1177/0047239520934018]",DOI:10.3389/feduc.2021.703723,3
"DHAWAN SHIVANGI, 2020, JOURNAL OF EDUCATIONAL TECHNOLOGY SYSTEMS, V49, P5, DOI [10.1177/0047239520934018, 10.1177/0047239520934018]","MCFARLAND D, 2005, J COMPUT INFORM SYST, V46, P25",3
"DHAWAN SHIVANGI, 2020, JOURNAL OF EDUCATIONAL TECHNOLOGY SYSTEMS, V49, P5, DOI [10.1177/0047239520934018, 10.1177/0047239520934018]",DOI:10.1037/0021-9010.88.5.879,3
"DHAWAN SHIVANGI, 2020, JOURNAL OF EDUCATIONAL TECHNOLOGY SYSTEMS, V49, P5, DOI [10.1177/0047239520934018, 10.1177/0047239520934018]","BROWN N., 2020, LEARNING AT HOME DURING COVID-19: EFFECTS ON VULNERABLE YOUNG AUSTRALIANS",3
"DHAWAN SHIVANGI, 2020, JOURNAL OF EDUCATIONAL TECHNOLOGY SYSTEMS, V49, P5, DOI [10.1177/0047239520934018, 10.1177/0047239520934018]",DOI:10.1007/s10639-020-10219-y,7
"DHAWAN SHIVANGI, 2020, JOURNAL OF EDUCATIONAL TECHNOLOGY SYSTEMS, V49, P5, DOI [10.1177/0047239520934018, 10.1177/0047239520934018]",DOI:10.1007/s11747-014-0403-8,7
"DHAWAN SHIVANGI, 2020, JOURNAL OF EDUCATIONAL TECHNOLOGY SYSTEMS, V49, P5, DOI [10.1177/0047239520934018, 10.1177/0047239520934018]",DOI:10.1186/s12909-018-1240-0,3
"DHAWAN SHIVANGI, 2020, JOURNAL OF EDUCATIONAL TECHNOLOGY SYSTEMS, V49, P5, DOI [10.1177/0047239520934018, 10.1177/0047239520934018]","SCHLEICHER A., 2020, IMPACT COVID 19 ED I",4
"DHAWAN SHIVANGI, 2020, JOURNAL OF EDUCATIONAL TECHNOLOGY SYSTEMS, V49, P5, DOI [10.1177/0047239520934018, 10.1177/0047239520934018]","BROOKS SAMANTHA K, 2020, LANCET, V395, P912, DOI [10.1016/S0140-6736(20)30460-8., 10.1016/S0140-6736(20)30460-8]",3
"DHAWAN SHIVANGI, 2020, JOURNAL OF EDUCATIONAL TECHNOLOGY SYSTEMS, V49, P5, DOI [10.1177/0047239520934018, 10.1177/0047239520934018]",DOI:10.1007/s10639-020-10331-z,4
"DHAWAN SHIVANGI, 2020, JOURNAL OF EDUCATIONAL TECHNOLOGY SYSTEMS, V49, P5, DOI [10.1177/0047239520934018, 10.1177/0047239520934018]",DOI:10.1016/j.dss.2005.05.009,3
"DHAWAN SHIVANGI, 2020, JOURNAL OF EDUCATIONAL TECHNOLOGY SYSTEMS, V49, P5, DOI [10.1177/0047239520934018, 10.1177/0047239520934018]","SUN AN, 2016, J INF TECHNOL EDUC-R, V15, P157",5
"DHAWAN SHIVANGI, 2020, JOURNAL OF EDUCATIONAL TECHNOLOGY SYSTEMS, V49, P5, DOI [10.1177/0047239520934018, 10.1177/0047239520934018]",DOI:10.1371/journal.pone.0250041,3
"DHAWAN SHIVANGI, 2020, JOURNAL OF EDUCATIONAL TECHNOLOGY SYSTEMS, V49, P5, DOI [10.1177/0047239520934018, 10.1177/0047239520934018]",DOI:10.1007/s13158-020-00272-6,5
"DHAWAN SHIVANGI, 2020, JOURNAL OF EDUCATIONAL TECHNOLOGY SYSTEMS, V49, P5, DOI [10.1177/0047239520934018, 10.1177/0047239520934018]",DOI:10.1007/s10734-020-00657-5,4
"DHAWAN SHIVANGI, 2020, JOURNAL OF EDUCATIONAL TECHNOLOGY SYSTEMS, V49, P5, DOI [10.1177/0047239520934018, 10.1177/0047239520934018]",DOI:10.1016/j.iheduc.2005.09.005,3
"DHAWAN SHIVANGI, 2020, JOURNAL OF EDUCATIONAL TECHNOLOGY SYSTEMS, V49, P5, DOI [10.1177/0047239520934018, 10.1177/0047239520934018]",DOI:10.1080/01587919.2013.835779,4
"DHAWAN SHIVANGI, 2020, JOURNAL OF EDUCATIONAL TECHNOLOGY SYSTEMS, V49, P5, DOI [10.1177/0047239520934018, 10.1177/0047239520934018]","[ANONYMOUS], 2021, ED DISRUPTION RECOVE",3
"DHAWAN SHIVANGI, 2020, JOURNAL OF EDUCATIONAL TECHNOLOGY SYSTEMS, V49, P5, DOI [10.1177/0047239520934018, 10.1177/0047239520934018]","CRESWELL JW., 2018, JOURNAL OF INVESTIGATIVE SURGERY : THE OFFICIAL JOURNAL OF THE ACADEMY OF SURGICAL RESEARCH, V5TH",3
"DHAWAN SHIVANGI, 2020, JOURNAL OF EDUCATIONAL TECHNOLOGY SYSTEMS, V49, P5, DOI [10.1177/0047239520934018, 10.1177/0047239520934018]",DOI:10.1108/itp-10-2016-0246,3
"DHAWAN SHIVANGI, 2020, JOURNAL OF EDUCATIONAL TECHNOLOGY SYSTEMS, V49, P5, DOI [10.1177/0047239520934018, 10.1177/0047239520934018]",DOI:10.1016/j.iheduc.2014.10.002,4
"DHAWAN SHIVANGI, 2020, JOURNAL OF EDUCATIONAL TECHNOLOGY SYSTEMS, V49, P5, DOI [10.1177/0047239520934018, 10.1177/0047239520934018]",DOI:10.1371/journal.pone.0236337,3
"DHAWAN SHIVANGI, 2020, JOURNAL OF EDUCATIONAL TECHNOLOGY SYSTEMS, V49, P5, DOI [10.1177/0047239520934018, 10.1177/0047239520934018]",DOI:10.46827/ejoe.v5i2.3313],3
"DHAWAN SHIVANGI, 2020, JOURNAL OF EDUCATIONAL TECHNOLOGY SYSTEMS, V49, P5, DOI [10.1177/0047239520934018, 10.1177/0047239520934018]",DOI:10.29252/ijree.4.1.80,3
"DHAWAN SHIVANGI, 2020, JOURNAL OF EDUCATIONAL TECHNOLOGY SYSTEMS, V49, P5, DOI [10.1177/0047239520934018, 10.1177/0047239520934018]",DOI:10.24059/olj.v25i1.2470,4
"DHAWAN SHIVANGI, 2020, JOURNAL OF EDUCATIONAL TECHNOLOGY SYSTEMS, V49, P5, DOI [10.1177/0047239520934018, 10.1177/0047239520934018]",DOI:10.37256/ser.122020422,3
"DHAWAN SHIVANGI, 2020, JOURNAL OF EDUCATIONAL TECHNOLOGY SYSTEMS, V49, P5, DOI [10.1177/0047239520934018, 10.1177/0047239520934018]",DOI:10.1016/j.iheduc.2011.04.001,5
"DHAWAN SHIVANGI, 2020, JOURNAL OF EDUCATIONAL TECHNOLOGY SYSTEMS, V49, P5, DOI [10.1177/0047239520934018, 10.1177/0047239520934018]",DOI:10.1126/science.367.6484.1287,4
"DHAWAN SHIVANGI, 2020, JOURNAL OF EDUCATIONAL TECHNOLOGY SYSTEMS, V49, P5, DOI [10.1177/0047239520934018, 10.1177/0047239520934018]","HODGES C., 2020, EDUCAUSE REVIEW, V3",4
"DHAWAN SHIVANGI, 2020, JOURNAL OF EDUCATIONAL TECHNOLOGY SYSTEMS, V49, P5, DOI [10.1177/0047239520934018, 10.1177/0047239520934018]",DOI:10.1177/1477971420947738,3
"DHAWAN SHIVANGI, 2020, JOURNAL OF EDUCATIONAL TECHNOLOGY SYSTEMS, V49, P5, DOI [10.1177/0047239520934018, 10.1177/0047239520934018]",DOI:10.1002/pam.21728,3
"DHAWAN SHIVANGI, 2020, JOURNAL OF EDUCATIONAL TECHNOLOGY SYSTEMS, V49, P5, DOI [10.1177/0047239520934018, 10.1177/0047239520934018]",DOI:10.1257/aer.p20161057,3
"DHAWAN SHIVANGI, 2020, JOURNAL OF EDUCATIONAL TECHNOLOGY SYSTEMS, V49, P5, DOI [10.1177/0047239520934018, 10.1177/0047239520934018]",DOI:10.3390/educsci11080403,3
"DHAWAN SHIVANGI, 2020, JOURNAL OF EDUCATIONAL TECHNOLOGY SYSTEMS, V49, P5, DOI [10.1177/0047239520934018, 10.1177/0047239520934018]",DOI:10.1016/j.chb.2021.107177,3
"DHAWAN SHIVANGI, 2020, JOURNAL OF EDUCATIONAL TECHNOLOGY SYSTEMS, V49, P5, DOI [10.1177/0047239520934018, 10.1177/0047239520934018]",DOI:10.1080/02607476.2020.1755205,3
"DHAWAN SHIVANGI, 2020, JOURNAL OF EDUCATIONAL TECHNOLOGY SYSTEMS, V49, P5, DOI [10.1177/0047239520934018, 10.1177/0047239520934018]",DOI:10.1108/jrit-10-2020-0051,3
"DHAWAN SHIVANGI, 2020, JOURNAL OF EDUCATIONAL TECHNOLOGY SYSTEMS, V49, P5, DOI [10.1177/0047239520934018, 10.1177/0047239520934018]","ROACH V, 2006, J INTERACT ONLINE LE, V5, P317",3
"DHAWAN SHIVANGI, 2020, JOURNAL OF EDUCATIONAL TECHNOLOGY SYSTEMS, V49, P5, DOI [10.1177/0047239520934018, 10.1177/0047239520934018]",DOI:10.3390/educsci10090232,3
"DHAWAN SHIVANGI, 2020, JOURNAL OF EDUCATIONAL TECHNOLOGY SYSTEMS, V49, P5, DOI [10.1177/0047239520934018, 10.1177/0047239520934018]",DOI:10.1080/01587919.2020.1869529,3
"DHAWAN SHIVANGI, 2020, JOURNAL OF EDUCATIONAL TECHNOLOGY SYSTEMS, V49, P5, DOI [10.1177/0047239520934018, 10.1177/0047239520934018]",DOI:10.1126/sciadv.aay5324,3
"DHAWAN SHIVANGI, 2020, JOURNAL OF EDUCATIONAL TECHNOLOGY SYSTEMS, V49, P5, DOI [10.1177/0047239520934018, 10.1177/0047239520934018]",DOI:10.1111/jcal.12603,3
"DHAWAN SHIVANGI, 2020, JOURNAL OF EDUCATIONAL TECHNOLOGY SYSTEMS, V49, P5, DOI [10.1177/0047239520934018, 10.1177/0047239520934018]",DOI:10.1080/01587910500081269,5
"DHAWAN SHIVANGI, 2020, JOURNAL OF EDUCATIONAL TECHNOLOGY SYSTEMS, V49, P5, DOI [10.1177/0047239520934018, 10.1177/0047239520934018]",DOI:10.1016/j.chb.2016.10.028,3
"DHAWAN SHIVANGI, 2020, JOURNAL OF EDUCATIONAL TECHNOLOGY SYSTEMS, V49, P5, DOI [10.1177/0047239520934018, 10.1177/0047239520934018]",DOI:10.1080/01587919.2013.835770,3
DOI:10.1002/pa.2503,DOI:10.1111/j.1559-1816.1992.tb00945.x,3
DOI:10.1002/pa.2503,"HAIR JF., 2010, MULTIVARIATE DATA ANALYSIS, V7TH",3
DOI:10.1007/bf02723327,"HAIR JF., 2010, MULTIVARIATE DATA ANALYSIS, V7TH",6
DOI:10.1007/bf02723327,DOI:10.1287/mnsc.35.8.982,3
DOI:10.1007/bf02723327,DOI:10.1007/s11747-014-0403-8,3
DOI:10.1007/s10639-021-10573-5,"HAIR JF., 2010, MULTIVARIATE DATA ANALYSIS, V7TH",3
DOI:10.1080/08923647.2019.1663082,"HAIR JF., 2010, MULTIVARIATE DATA ANALYSIS, V7TH",8
DOI:10.1080/08923647.2019.1663082,DOI:10.1080/08923648909526659],4
DOI:10.1080/08923647.2019.1663082,DOI:10.1080/01587919.2018.1553562,4
DOI:10.1080/08923647.2019.1663082,DOI:10.1111/bjet.13190,3
DOI:10.1080/08923647.2019.1663082,DOI:10.19173/irrodl.v14i1.1338,4
DOI:10.1080/08923647.2019.1663082,DOI:10.37074/jalt.2020.3.1.7,6
DOI:10.1080/08923647.2019.1663082,"GEORGE D.MALLERY., 2003, SPSS WINDOWS STEP ST",3
DOI:10.1080/08923647.2019.1663082,"NGUYEN T., 2015, MERLOT JOURNAL OF ONLINE LEARNING AND TEACHING, V11, P309",3
DOI:10.1080/08923647.2019.1663082,"SUN AN, 2016, J INF TECHNOL EDUC-R, V15, P157",4
DOI:10.1080/08923647.2019.1663082,"TANVEER M., 2020, JOURNAL OF ENTREPRENEURSHIP EDUCATION, V23, P1",4
DOI:10.1080/08923647.2019.1663082,DOI:10.1007/s10639-020-10219-y,4
DOI:10.1080/08923647.2019.1663082,DOI:10.1007/s10639-020-10331-z,4
DOI:10.1080/08923647.2019.1663082,DOI:10.3390/jrfm13030055,5
DOI:10.1080/08923647.2019.1663082,"[ANONYMOUS], 2020, COVID-19 EDUCATIONAL DISRUPTION AND RESPONSE",3
DOI:10.1080/08923647.2019.1663082,DOI:10.1002/hbe2.191,8
DOI:10.1080/08923647.2019.1663082,DOI:10.1177/2347631120983481],7
DOI:10.1080/08923647.2019.1663082,DOI:10.29333/ejmste/7893],3
DOI:10.1080/08923647.2019.1663082,DOI:10.3390/su122410367,5
DOI:10.1080/08923647.2019.1663082,"MISHRA LOKANATH, 2020, INT J EDUC RES OPEN, V1, P100012, DOI [10.1016/J.IJEDRO.2020.100012, 10.1016/J.IJEDRO.2020.100012]",4
DOI:10.1080/08923647.2019.1663082,"MUTHUPRASAD T, 2021, SOC SCI HUMANIT OPEN, V3, P100101, DOI [10.1016/J.SSAHO.2020.100101, 10.1016/J.SSAHO.2020.100101]",3
DOI:10.1080/08923647.2019.1663082,DOI:10.1016/j.sbspro.2014.01.510,4
DOI:10.1080/08923647.2019.1663082,DOI:10.1080/13523260.2020.1761749,3
DOI:10.1080/08923647.2019.1663082,DOI:10.3402/rlt.v23.26507,4
DOI:10.1080/08923647.2019.1663082,"MILES MB., 1994, QUALITATIVE DATA ANA, V2ND",3
DOI:10.1080/08923647.2019.1663082,DOI:10.1080/10494820.2017.1337035,3
DOI:10.1080/08923647.2019.1663082,DOI:10.1080/10494820.2020.1813180,12
DOI:10.1080/08923647.2019.1663082,DOI:10.29333/pr/7947,4
DOI:10.1080/08923647.2019.1663082,DOI:10.33902/jpsp.2020261309,5
DOI:10.1080/08923647.2019.1663082,DOI:10.2307/3250921,4
DOI:10.1080/08923647.2019.1663082,DOI:10.4324/9780203771587],4
DOI:10.1080/08923647.2019.1663082,DOI:10.1007/s13158-020-00272-6,3
DOI:10.1080/08923647.2019.1663082,DOI:10.1016/j.childyouth.2020.105194,4
DOI:10.1080/08923647.2019.1663082,DOI:10.1016/j.compedu.2018.02.013,3
DOI:10.1080/08923647.2019.1663082,DOI:10.1016/j.iheduc.2003.11.003,3
DOI:10.1080/08923647.2019.1663082,DOI:10.24059/olj.v25i1.2470,3
DOI:10.1080/08923647.2019.1663082,DOI:10.3390/su12208438,3
DOI:10.1080/08923647.2019.1663082,"KEBRITCHI MANSUREH, 2017, JOURNAL OF EDUCATIONAL TECHNOLOGY SYSTEMS, V46, P4, DOI [10.1177/0047239516661713, 10.1177/0047239516661713]",4
DOI:10.1080/08923647.2019.1663082,"MCBRIEN JL, 2009, INT REV RES OPEN DIS, V10",6
DOI:10.1080/08923647.2019.1663082,DOI:10.1016/j.iheduc.2010.10.001,4
DOI:10.1080/08923647.2019.1663082,DOI:10.1080/01587910500081269,3
DOI:10.1080/08923647.2019.1663082,DOI:10.1080/14636310303143,4
DOI:10.1080/08923647.2019.1663082,DOI:10.1186/s12909-018-1240-0,5
DOI:10.1080/08923647.2019.1663082,DOI:10.1016/j.iheduc.2020.100759,3
DOI:10.1080/08923647.2019.1663082,DOI:10.1007/s11618-021-01002-x,3
DOI:10.1080/08923647.2019.1663082,DOI:10.1007/s40670-021-01231-z,4
DOI:10.1080/08923647.2019.1663082,DOI:10.1016/j.psychres.2020.112934,5
DOI:10.1080/08923647.2019.1663082,DOI:10.1080/15325024.2020.1769300,5
DOI:10.1080/08923647.2019.1663082,DOI:10.1007/s10639-021-10523-1,6
DOI:10.1080/08923647.2019.1663082,DOI:10.1016/j.chieco.2021.101629,3
DOI:10.1080/08923647.2019.1663082,DOI:10.1016/j.childyouth.2021.106160,3
DOI:10.1080/08923647.2019.1663082,DOI:10.5771/9783845279893-1090-1,3
DOI:10.1080/08923647.2019.1663082,DOI:10.1163/9789004702813_021],3
DOI:10.1080/08923647.2019.1663082,DOI:10.3390/soc10040086,3
DOI:10.1080/08923647.2019.1663082,DOI:10.1007/s10639-021-10589-x,3
DOI:10.1080/08923647.2019.1663082,DOI:10.1016/j.compedu.2019.103702,3
DOI:10.1080/08923647.2019.1663082,DOI:10.1080/00330124.2020.1823864,3
DOI:10.1080/08923647.2019.1663082,DOI:10.1080/09588221.2018.1540434,3
DOI:10.1080/08923647.2019.1663082,DOI:10.1080/10494820.2020.1817761,3
DOI:10.1080/08923647.2019.1663082,DOI:10.1080/15236803.2013.12001730,3
DOI:10.1080/08923647.2019.1663082,DOI:10.1088/1742-6596/1108/1/012094],3
DOI:10.1080/08923647.2019.1663082,DOI:10.1186/s12909-020-02208-z,4
DOI:10.1080/08923647.2019.1663082,"MEANS B., 2010, EVALUATION OF EVIDENCE-BASED PRACTICES IN ONLINE LEARNING: A META-ANALYSIS AND REVIEW OF ONLINE LEARNING STUDIES",3
DOI:10.1080/08923647.2019.1663082,"ARNOTT L., 2020, JOURNAL OF EARLY CHILDHOOD EDUCATION RESEARCH, V9, P124",3
DOI:10.1080/08923647.2019.1663082,DOI:10.1016/j.childyouth.2020.105440,4
DOI:10.1080/08923647.2019.1663082,DOI:10.29333/ajqr/8471],3
DOI:10.1080/08923647.2019.1663082,DOI:10.1037/13620-004,4
DOI:10.1080/08923647.2019.1663082,DOI:10.1016/j.comnet.2020.107290,3
DOI:10.1080/08923647.2019.1663082,DOI:10.1016/j.ijedro.2020.100011,4
DOI:10.1080/08923647.2019.1663082,DOI:10.1016/j.compedu.2019.103701,4
DOI:10.1080/08923647.2019.1663082,DOI:10.1080/10872981.2019.1666538,3
DOI:10.1080/08923647.2019.1663082,DOI:10.1016/s0140-6736(20)30547-x,3
DOI:10.1080/08923647.2019.1663082,DOI:10.1080/01587919.2013.835779,3
DOI:10.1080/08923647.2019.1663082,DOI:10.24191/ajue.v16i2.10294,3
DOI:10.1080/08923647.2019.1663082,DOI:10.31681/jetol.726441],3
DOI:10.1080/08923647.2019.1663082,DOI:10.1016/j.iheduc.2019.01.001,3
DOI:10.1080/08923647.2019.1663082,DOI:10.1080/1475939x.2020.1856714,3
DOI:10.1080/08923647.2019.1663082,DOI:10.1097/md.0000000000024821,3
DOI:10.1080/10494820.2015.1122635,DOI:10.1177/0735633120960421,3
DOI:10.1080/10494820.2015.1122635,DOI:10.1016/j.chb.2019.08.004,3
DOI:10.1080/10494820.2015.1122635,DOI:10.1108/ebr-11-2018-0203,3
DOI:10.1080/10494820.2015.1122635,DOI:10.1287/mnsc.46.2.186.11926,3
DOI:10.1111/j.1559-1816.1992.tb00945.x,DOI:10.1177/0735633120960421,3
DOI:10.1111/j.1559-1816.1992.tb00945.x,DOI:10.1287/isre.6.2.144,3
DOI:10.1111/j.1559-1816.1992.tb00945.x,DOI:10.2307/249443,3
DOI:10.1111/j.1559-1816.1992.tb00945.x,DOI:10.1287/isre.11.4.342.11872,3
DOI:10.1287/isre.6.2.144,"HAIR JF., 2010, MULTIVARIATE DATA ANALYSIS, V7TH",3
DOI:10.1287/isre.6.2.144,DOI:10.1287/mnsc.46.2.186.11926,3
"HAIR JF., 2010, MULTIVARIATE DATA ANALYSIS, V7TH","KLINE R.B., 2005, PRINCIPLES PRACTICE, V2ND",7
"HAIR JF., 2010, MULTIVARIATE DATA ANALYSIS, V7TH",DOI:10.1002/hbe2.240,3
"HAIR JF., 2010, MULTIVARIATE DATA ANALYSIS, V7TH",DOI:10.1007/s10639-021-10523-1,4
"HAIR JF., 2010, MULTIVARIATE DATA ANALYSIS, V7TH",DOI:10.1007/s11747-014-0403-8,12
"HAIR JF., 2010, MULTIVARIATE DATA ANALYSIS, V7TH",DOI:10.1016/j.ijedro.2020.100011,6
"HAIR JF., 2010, MULTIVARIATE DATA ANALYSIS, V7TH",DOI:10.1016/j.ijhcs.2006.01.003,4
"HAIR JF., 2010, MULTIVARIATE DATA ANALYSIS, V7TH",DOI:10.1108/ebr-11-2018-0203,8
"HAIR JF., 2010, MULTIVARIATE DATA ANALYSIS, V7TH",DOI:10.1177/0266666918765907,3
"HAIR JF., 2010, MULTIVARIATE DATA ANALYSIS, V7TH",DOI:10.1371/journal.pone.0239490,4
"HAIR JF., 2010, MULTIVARIATE DATA ANALYSIS, V7TH",DOI:10.19030/cier.v9i1.9549],5
"HAIR JF., 2010, MULTIVARIATE DATA ANALYSIS, V7TH",DOI:10.2753/mtp1069-6679190202,4
"HAIR JF., 2010, MULTIVARIATE DATA ANALYSIS, V7TH",DOI:10.3402/rlt.v9i2.12024],4
"HAIR JF., 2010, MULTIVARIATE DATA ANALYSIS, V7TH",DOI:10.4324/9780203415986-21,3
"HAIR JF., 2010, MULTIVARIATE DATA ANALYSIS, V7TH","WARNER D., 1998, READINESS OF VET CLIENTS FOR FLEXIBLE DELIVERY INCLUDING ON-LINE LEARNING",3
"HAIR JF., 2010, MULTIVARIATE DATA ANALYSIS, V7TH","[ANONYMOUS], 2020, COVID-19 EDUCATIONAL DISRUPTION AND RESPONSE",3
"HAIR JF., 2010, MULTIVARIATE DATA ANALYSIS, V7TH",DOI:10.1108/ebr-10-2013-0128,3
"HAIR JF., 2010, MULTIVARIATE DATA ANALYSIS, V7TH",DOI:10.2307/3250921,4
"HAIR JF., 2010, MULTIVARIATE DATA ANALYSIS, V7TH",DOI:10.4324/9780203771587],11
"HAIR JF., 2010, MULTIVARIATE DATA ANALYSIS, V7TH",DOI:10.1007/978-3-540-32827-8_29],3
"HAIR JF., 2010, MULTIVARIATE DATA ANALYSIS, V7TH",DOI:10.1287/mnsc.35.8.982,5
"HAIR JF., 2010, MULTIVARIATE DATA ANALYSIS, V7TH","NUNNALLY J.C., 1994, PSYCHOMETRIC THEORY, V3RD",3
"HAIR JF., 2010, MULTIVARIATE DATA ANALYSIS, V7TH",DOI:10.1016/j.compedu.2019.103701,3
"HAIR JF., 2010, MULTIVARIATE DATA ANALYSIS, V7TH",DOI:10.1016/j.ijinfomgt.2018.05.005,5
"HAIR JF., 2010, MULTIVARIATE DATA ANALYSIS, V7TH","CHIN WW, 1998, QUANT METH SER, P295",7
"HAIR JF., 2010, MULTIVARIATE DATA ANALYSIS, V7TH",DOI:10.1016/j.chb.2014.07.044,4
"HAIR JF., 2010, MULTIVARIATE DATA ANALYSIS, V7TH",DOI:10.1016/j.compedu.2004.10.007,3
"HAIR JF., 2010, MULTIVARIATE DATA ANALYSIS, V7TH",DOI:10.1016/j.compedu.2006.11.007,6
"HAIR JF., 2010, MULTIVARIATE DATA ANALYSIS, V7TH",DOI:10.1016/j.compedu.2017.12.001,3
"HAIR JF., 2010, MULTIVARIATE DATA ANALYSIS, V7TH",DOI:10.1037/0033-2909.103.3.411,7
"HAIR JF., 2010, MULTIVARIATE DATA ANALYSIS, V7TH",DOI:10.1111/j.1467-8535.2010.01157.x,3
"HAIR JF., 2010, MULTIVARIATE DATA ANALYSIS, V7TH",DOI:10.1287/mnsc.46.2.186.11926,5
"HAIR JF., 2010, MULTIVARIATE DATA ANALYSIS, V7TH",DOI:10.17705/1cais.00407,3
"HAIR JF., 2010, MULTIVARIATE DATA ANALYSIS, V7TH","CHIN WW, 1998, MIS QUART, V22, PVII",3
"HAIR JF., 2010, MULTIVARIATE DATA ANALYSIS, V7TH",DOI:10.1037/0021-9010.88.5.879,4
"HAIR JF., 2010, MULTIVARIATE DATA ANALYSIS, V7TH",DOI:10.1177/09722629211056705,3
"HAIR JF., 2010, MULTIVARIATE DATA ANALYSIS, V7TH",DOI:10.1016/j.compedu.2018.02.013,3
"HAIR JF., 2010, MULTIVARIATE DATA ANALYSIS, V7TH",DOI:10.1016/j.compedu.2020.103851,4
"HAIR JF., 2010, MULTIVARIATE DATA ANALYSIS, V7TH",DOI:10.1007/s10639-020-10219-y,5
"HAIR JF., 2010, MULTIVARIATE DATA ANALYSIS, V7TH",DOI:10.1016/j.childyouth.2020.105194,3
"HAIR JF., 2010, MULTIVARIATE DATA ANALYSIS, V7TH",DOI:10.1016/j.comnet.2020.107290,5
"HAIR JF., 2010, MULTIVARIATE DATA ANALYSIS, V7TH",DOI:10.1016/j.psychres.2020.112934,3
"HAIR JF., 2010, MULTIVARIATE DATA ANALYSIS, V7TH",DOI:10.1080/10494820.2020.1813180,8
"HAIR JF., 2010, MULTIVARIATE DATA ANALYSIS, V7TH",DOI:10.1080/13523260.2020.1761749,3
"HAIR JF., 2010, MULTIVARIATE DATA ANALYSIS, V7TH",DOI:10.1080/15325024.2020.1769300,8
"HAIR JF., 2010, MULTIVARIATE DATA ANALYSIS, V7TH",DOI:10.29333/ojcmt/8286,5
"HAIR JF., 2010, MULTIVARIATE DATA ANALYSIS, V7TH",DOI:10.3390/soc10040086,3
"HAIR JF., 2010, MULTIVARIATE DATA ANALYSIS, V7TH","MUTHUPRASAD T, 2021, SOC SCI HUMANIT OPEN, V3, P100101, DOI [10.1016/J.SSAHO.2020.100101, 10.1016/J.SSAHO.2020.100101]",4
"HAIR JF., 2010, MULTIVARIATE DATA ANALYSIS, V7TH",DOI:10.1080/08923647.2016.1193801,3
"HAIR JF., 2010, MULTIVARIATE DATA ANALYSIS, V7TH",DOI:10.1186/s41239-019-0136-3,3
"HAIR JF., 2010, MULTIVARIATE DATA ANALYSIS, V7TH",DOI:10.5539/hes.v10n3p16,3
"HAIR JF., 2010, MULTIVARIATE DATA ANALYSIS, V7TH","TABACHNICK BG., 2018, USING MULTIVARIATE STATISTICS",4
"HAIR JF., 2010, MULTIVARIATE DATA ANALYSIS, V7TH",DOI:10.1016/j.childyouth.2020.105699,3
"HAIR JF., 2010, MULTIVARIATE DATA ANALYSIS, V7TH",DOI:10.1080/01587919.2018.1553562,5
"HAIR JF., 2010, MULTIVARIATE DATA ANALYSIS, V7TH",DOI:10.1016/j.paid.2021.110673,4
"HAIR JF., 2010, MULTIVARIATE DATA ANALYSIS, V7TH",DOI:10.1080/01587910500081269,3
"HAIR JF., 2010, MULTIVARIATE DATA ANALYSIS, V7TH","MEANS B., 2010, EVALUATION OF EVIDENCE-BASED PRACTICES IN ONLINE LEARNING: A META-ANALYSIS AND REVIEW OF ONLINE LEARNING STUDIES",3
"HAIR JF., 2010, MULTIVARIATE DATA ANALYSIS, V7TH",DOI:10.1007/s10639-019-09863-w,5
"HAIR JF., 2010, MULTIVARIATE DATA ANALYSIS, V7TH",DOI:10.1016/j.compedu.2010.05.004,3
"HAIR JF., 2010, MULTIVARIATE DATA ANALYSIS, V7TH",DOI:10.1037/0033-295x.84.2.191,3
"HAIR JF., 2010, MULTIVARIATE DATA ANALYSIS, V7TH",DOI:10.1007/s11747-011-0261-6,3
"HAIR JF., 2010, MULTIVARIATE DATA ANALYSIS, V7TH",DOI:10.1016/b978-012109890-2/50031-7,3
"HAIR JF., 2010, MULTIVARIATE DATA ANALYSIS, V7TH",DOI:10.3389/fpsyg.2017.00422,3
"HAIR JF., 2010, MULTIVARIATE DATA ANALYSIS, V7TH",DOI:10.1002/hbe2.191,9
"HAIR JF., 2010, MULTIVARIATE DATA ANALYSIS, V7TH",DOI:10.3390/su13137469,3
"HAIR JF., 2010, MULTIVARIATE DATA ANALYSIS, V7TH",DOI:10.1080/01587919.2020.1724768,3
"HAIR JF., 2010, MULTIVARIATE DATA ANALYSIS, V7TH",DOI:10.1080/1097198x.2018.1542262,3
"HAIR JF., 2010, MULTIVARIATE DATA ANALYSIS, V7TH",DOI:10.1016/j.iheduc.2013.04.001,5
"HAIR JF., 2010, MULTIVARIATE DATA ANALYSIS, V7TH",DOI:10.1080/08923640109527071,3
"HAIR JF., 2010, MULTIVARIATE DATA ANALYSIS, V7TH",DOI:10.3758/brm.40.3.879,3
"HAIR JF., 2010, MULTIVARIATE DATA ANALYSIS, V7TH","BEKELE TA, 2010, EDUC TECHNOL SOC, V13, P116",3
"HAIR JF., 2010, MULTIVARIATE DATA ANALYSIS, V7TH",DOI:10.1016/j.cedpsych.2020.101860,3
"HAIR JF., 2010, MULTIVARIATE DATA ANALYSIS, V7TH",DOI:10.1016/j.chb.2019.08.018,4
"HAIR JF., 2010, MULTIVARIATE DATA ANALYSIS, V7TH",DOI:10.1016/j.compedu.2017.06.010,3
"HAIR JF., 2010, MULTIVARIATE DATA ANALYSIS, V7TH",DOI:10.1016/j.iheduc.2010.08.002,3
"HAIR JF., 2010, MULTIVARIATE DATA ANALYSIS, V7TH",DOI:10.1016/j.iheduc.2016.04.002,3
"HAIR JF., 2010, MULTIVARIATE DATA ANALYSIS, V7TH",DOI:10.1016/s0140-6736(20)30185-9,3
"HAIR JF., 2010, MULTIVARIATE DATA ANALYSIS, V7TH",DOI:10.1080/07421222.2001.11045669,4
"HAIR JF., 2010, MULTIVARIATE DATA ANALYSIS, V7TH",DOI:10.1080/08923640802039024,3
"HAIR JF., 2010, MULTIVARIATE DATA ANALYSIS, V7TH",DOI:10.1080/08923648909526659],3
"HAIR JF., 2010, MULTIVARIATE DATA ANALYSIS, V7TH",DOI:10.1111/j.1540-4609.2006.00114.x,3
"HAIR JF., 2010, MULTIVARIATE DATA ANALYSIS, V7TH",DOI:10.19173/irrodl.v14i1.1338,4
"HAIR JF., 2010, MULTIVARIATE DATA ANALYSIS, V7TH",DOI:10.22230/ijepl.2016v11n3a651,4
"HAIR JF., 2010, MULTIVARIATE DATA ANALYSIS, V7TH",DOI:10.3390/jrfm13030055,3
"HAIR JF., 2010, MULTIVARIATE DATA ANALYSIS, V7TH",DOI:10.1177/001316447003000308,3
"HAIR JF., 2010, MULTIVARIATE DATA ANALYSIS, V7TH",DOI:10.4236/jssm.2017.103002,4
"HAIR JF., 2010, MULTIVARIATE DATA ANALYSIS, V7TH",DOI:10.5281/zenodo.7636568,3
"HAIR JF., 2010, MULTIVARIATE DATA ANALYSIS, V7TH",DOI:10.3390/su12208438,3
"HAIR JF., 2010, MULTIVARIATE DATA ANALYSIS, V7TH",DOI:10.1002/piq.20001,3
"HAIR JF., 2010, MULTIVARIATE DATA ANALYSIS, V7TH",DOI:10.12681/psy_hps.23964,3
"HAIR JF., 2010, MULTIVARIATE DATA ANALYSIS, V7TH",DOI:10.1016/j.iheduc.2015.04.007,3
"HAIR JF., 2010, MULTIVARIATE DATA ANALYSIS, V7TH",DOI:10.1080/01587910902845949,3
"HAIR JF., 2010, MULTIVARIATE DATA ANALYSIS, V7TH","LI C., 2020, THIS IS",3
"HAIR JF., 2010, MULTIVARIATE DATA ANALYSIS, V7TH",DOI:10.1016/j.ece.2021.01.012,3
"HAIR JF., 2010, MULTIVARIATE DATA ANALYSIS, V7TH",DOI:10.1007/bf02291575,3
"KLINE R.B., 2005, PRINCIPLES PRACTICE, V2ND",DOI:10.1007/s11747-014-0403-8,4
"KLINE R.B., 2005, PRINCIPLES PRACTICE, V2ND",DOI:10.1037/0033-2909.103.3.411,3
"KLINE R.B., 2005, PRINCIPLES PRACTICE, V2ND",DOI:10.4324/9780203771587],4
DOI:10.1007/s10639-021-10633-w,DOI:10.1007/s12528-021-09274-2,4
DOI:10.1007/s10639-021-10633-w,DOI:10.1016/j.iheduc.2010.10.001,4
DOI:10.1007/s10639-021-10633-w,DOI:10.1177/2347631120983481],3
DOI:10.1007/s10639-021-10633-w,DOI:10.3390/su12208438,3
DOI:10.1007/s10639-021-10633-w,DOI:10.5539/hes.v10n3p16,3
DOI:10.1007/s10639-021-10633-w,DOI:10.1007/s40692-021-00191-y,3
DOI:10.1007/s10639-021-10633-w,DOI:10.1016/j.compedu.2021.104211,3
DOI:10.1007/s10639-021-10633-w,"RAPANTA CHRYSI, 2020, POSTDIGIT SCI EDUC, V2, P923, DOI [10.1007/S42438-020-00155-Y, 10.1007/S42438-020-00155-Y]",3
DOI:10.1007/s12528-021-09274-2,DOI:10.1080/10494820.2020.1813180,4
DOI:10.1007/s12528-021-09274-2,DOI:10.33902/jpsp.2020261309,3
DOI:10.1007/s12528-021-09274-2,DOI:10.1007/s10639-021-10523-1,3
DOI:10.1007/s12528-021-09274-2,DOI:10.1016/j.compedu.2018.05.019,3
DOI:10.1016/j.compedu.2017.04.010,DOI:10.1016/j.chb.2015.11.036,3
DOI:10.1016/j.compedu.2017.04.010,DOI:10.1016/j.compedu.2017.12.001,3
DOI:10.1016/j.compedu.2017.04.010,DOI:10.1108/s1474-7979(2009)0000020014,3
DOI:10.1016/j.compedu.2017.04.010,DOI:10.1111/j.1467-8535.2011.01229.x,3
DOI:10.1016/j.compedu.2017.04.010,DOI:10.1111/j.1540-5915.2008.00192.x,4
DOI:10.1016/j.compedu.2017.04.010,DOI:10.1287/mnsc.46.2.186.11926,3
DOI:10.1016/j.compedu.2017.04.010,DOI:10.4324/9780203771587],3
DOI:10.1016/j.compedu.2017.04.010,DOI:10.1108/ebr-11-2018-0203,4
DOI:10.1016/j.compedu.2017.04.010,DOI:10.1007/s10639-021-10557-5,3
DOI:10.1016/j.compedu.2017.04.010,DOI:10.24191/ajue.v16i2.10294,3
DOI:10.1016/j.compedu.2017.04.010,DOI:10.1016/j.aci.2014.09.001,3
DOI:10.1016/j.compedu.2018.06.008,DOI:10.1037/0033-2909.103.3.411,3
DOI:10.1016/j.ijedro.2020.100011,DOI:10.1111/bjet.12833,6
DOI:10.1016/j.ijedro.2020.100011,DOI:10.1002/hbe2.191,11
DOI:10.1016/j.ijedro.2020.100011,DOI:10.1002/hbe2.240,6
DOI:10.1016/j.ijedro.2020.100011,DOI:10.1016/j.iheduc.2010.09.004,3
DOI:10.1016/j.ijedro.2020.100011,DOI:10.1186/s12909-020-02208-z,6
DOI:10.1016/j.ijedro.2020.100011,DOI:10.1371/journal.pone.0239490,10
DOI:10.1016/j.ijedro.2020.100011,DOI:10.37074/jalt.2020.3.1.7,3
DOI:10.1016/j.ijedro.2020.100011,"MISHRA LOKANATH, 2020, INT J EDUC RES OPEN, V1, P100012, DOI [10.1016/J.IJEDRO.2020.100012, 10.1016/J.IJEDRO.2020.100012]",5
DOI:10.1016/j.ijedro.2020.100011,DOI:10.1007/s10639-021-10523-1,7
DOI:10.1016/j.ijedro.2020.100011,DOI:10.1007/s11747-014-0403-8,3
DOI:10.1016/j.ijedro.2020.100011,DOI:10.1016/j.cose.2014.10.015,3
DOI:10.1016/j.ijedro.2020.100011,DOI:10.1016/j.ijhcs.2006.01.003,3
DOI:10.1016/j.ijedro.2020.100011,DOI:10.1108/ijilt-11-2016-0051,3
DOI:10.1016/j.ijedro.2020.100011,DOI:10.1108/ijilt-11-2017-0116,4
DOI:10.1016/j.ijedro.2020.100011,DOI:10.1111/bjet.12771,3
DOI:10.1016/j.ijedro.2020.100011,DOI:10.1163/9789004702813_021],5
DOI:10.1016/j.ijedro.2020.100011,DOI:10.1007/s40670-021-01231-z,3
DOI:10.1016/j.ijedro.2020.100011,DOI:10.1111/nuf.12521,4
DOI:10.1016/j.ijedro.2020.100011,DOI:10.1177/2347631120983481],7
DOI:10.1016/j.ijedro.2020.100011,DOI:10.12669/pjms.36.covid19-s4.2766,6
DOI:10.1016/j.ijedro.2020.100011,DOI:10.24093/awej/vol11no4.23,3
DOI:10.1016/j.ijedro.2020.100011,DOI:10.1016/j.chb.2021.106713,4
DOI:10.1016/j.ijedro.2020.100011,DOI:10.1016/s2468-2667(20)30084-0,3
DOI:10.1016/j.ijedro.2020.100011,DOI:10.1111/bjet.13112,5
DOI:10.1016/j.ijedro.2020.100011,DOI:10.1186/s12909-018-1240-0,3
DOI:10.1016/j.ijedro.2020.100011,DOI:10.33902/jpsp.2020261309,9
DOI:10.1016/j.ijedro.2020.100011,DOI:10.1111/bjet.13206,5
DOI:10.1016/j.ijedro.2020.100011,DOI:10.3390/su122410367,3
DOI:10.1016/j.ijedro.2020.100011,DOI:10.1007/s10734-020-00657-5,7
DOI:10.1016/j.ijedro.2020.100011,DOI:10.1007/s12528-018-9179-z,3
DOI:10.1016/j.ijedro.2020.100011,DOI:10.1016/j.compedu.2010.05.004,3
DOI:10.1016/j.ijedro.2020.100011,DOI:10.24191/ajue.v16i2.10294,3
DOI:10.1016/j.ijedro.2020.100011,DOI:10.5281/zenodo.7636568,5
DOI:10.1016/j.ijedro.2020.100011,DOI:10.1108/aeds-06-2020-0131,5
DOI:10.1016/j.ijedro.2020.100011,"SUN AN, 2016, J INF TECHNOL EDUC-R, V15, P157",3
DOI:10.1016/j.ijedro.2020.100011,DOI:10.1016/j.iheduc.2013.04.001,4
DOI:10.1016/j.ijedro.2020.100011,DOI:10.1080/01587919.2018.1553562,7
DOI:10.1016/j.ijedro.2020.100011,DOI:10.1016/j.iheduc.2016.01.001,3
DOI:10.1016/j.ijedro.2020.100011,DOI:10.1037/0021-9010.88.5.879,4
DOI:10.1016/j.ijedro.2020.100011,DOI:10.1111/jcal.12367,3
DOI:10.1016/j.ijedro.2020.100011,DOI:10.1080/08923648909526659],4
DOI:10.1016/j.ijedro.2020.100011,DOI:10.1080/01587910500081269,3
DOI:10.1016/j.ijedro.2020.100011,DOI:10.1080/13523260.2020.1761749,7
DOI:10.1016/j.ijedro.2020.100011,DOI:10.1080/10494820.2020.1813180,8
DOI:10.1016/j.ijedro.2020.100011,DOI:10.1080/15391523.2021.1891998,3
DOI:10.1016/j.ijedro.2020.100011,DOI:10.5539/hes.v10n3p16,8
DOI:10.1016/j.ijedro.2020.100011,DOI:10.1007/s10639-021-10593-1,3
DOI:10.1016/j.ijedro.2020.100011,DOI:10.1007/s40299-021-00553-1,3
DOI:10.1016/j.ijedro.2020.100011,DOI:10.1016/j.chbr.2021.100130,4
DOI:10.1016/j.ijedro.2020.100011,DOI:10.1016/j.childyouth.2020.105699,4
DOI:10.1016/j.ijedro.2020.100011,DOI:10.1016/j.childyouth.2021.106160,7
DOI:10.1016/j.ijedro.2020.100011,DOI:10.1080/01587919.2013.835779,5
DOI:10.1016/j.ijedro.2020.100011,DOI:10.1111/bjet.13190,3
DOI:10.1016/j.ijedro.2020.100011,DOI:10.2190/ec.44.1.a,3
DOI:10.1016/j.ijedro.2020.100011,DOI:10.46627/silet.v1i3.45,3
DOI:10.1016/j.ijedro.2020.100011,DOI:10.1007/s10639-021-10589-x,3
DOI:10.1016/j.ijedro.2020.100011,DOI:10.1007/s40670-020-01165-y,3
DOI:10.1016/j.ijedro.2020.100011,DOI:10.1016/j.jiph.2020.11.007,3
DOI:10.1016/j.ijedro.2020.100011,DOI:10.1097/md.0000000000024821,5
DOI:10.1016/j.ijedro.2020.100011,DOI:10.1186/s12909-020-02257-4,3
DOI:10.1016/j.ijedro.2020.100011,DOI:10.1186/s12909-020-02312-0,4
DOI:10.1016/j.ijedro.2020.100011,DOI:10.12669/pjms.36.covid19-s4.2785,8
DOI:10.1016/j.ijedro.2020.100011,DOI:10.29333/ejecs/388,4
DOI:10.1016/j.ijedro.2020.100011,DOI:10.7759/cureus.8966,3
DOI:10.1016/j.ijedro.2020.100011,DOI:10.1016/j.childyouth.2020.105582,3
DOI:10.1016/j.ijedro.2020.100011,DOI:10.25215/0802.094,3
DOI:10.1016/j.ijedro.2020.100011,DOI:10.3126/kumj.v18i2.32943,3
DOI:10.1016/j.ijedro.2020.100011,DOI:10.3390/soc10040086,5
DOI:10.1016/j.ijedro.2020.100011,DOI:10.5944/openpraxis.12.4.1153,3
DOI:10.1016/j.ijedro.2020.100011,DOI:10.1016/j.acalib.2021.102346,3
DOI:10.1016/j.ijedro.2020.100011,DOI:10.1016/j.jaac.2020.08.466,3
DOI:10.1016/j.ijedro.2020.100011,DOI:10.1037/13620-004,3
DOI:10.1016/j.ijedro.2020.100011,DOI:10.5281/zenodo.3878572,3
DOI:10.1016/j.ijedro.2020.100011,"MUTHUPRASAD T, 2021, SOC SCI HUMANIT OPEN, V3, P100101, DOI [10.1016/J.SSAHO.2020.100101, 10.1016/J.SSAHO.2020.100101]",6
DOI:10.1016/j.ijedro.2020.100011,"RAPANTA CHRYSI, 2020, POSTDIGIT SCI EDUC, V2, P923, DOI [10.1007/S42438-020-00155-Y, 10.1007/S42438-020-00155-Y]",3
DOI:10.1016/j.ijedro.2020.100011,"WILSON S, 2020, J UNIV TEACH LEARN P, V17",3
DOI:10.1016/j.ijedro.2020.100011,DOI:10.1007/s10639-020-10219-y,4
DOI:10.1016/j.ijedro.2020.100011,DOI:10.1016/j.edurev.2015.11.002,3
DOI:10.1016/j.ijedro.2020.100011,DOI:10.1007/s11125-020-09464-3,3
DOI:10.1016/j.ijedro.2020.100011,DOI:10.1016/j.chb.2016.12.085,4
DOI:10.1016/j.ijedro.2020.100011,DOI:10.1080/01587919.2020.1724768,4
DOI:10.1016/j.ijedro.2020.100011,DOI:10.1016/j.ijinfomgt.2012.03.001,3
DOI:10.1016/j.ijedro.2020.100011,DOI:10.1080/08841241.2015.1083511,3
DOI:10.1016/j.ijedro.2020.100011,DOI:10.19173/irrodl.v14i1.1338,3
DOI:10.1016/j.ijedro.2020.100011,"ALBELBISI NA, 2019, TURK ONLINE J DISTAN, V20",4
DOI:10.1016/j.ijedro.2020.100011,DOI:10.1177/2158244015621777,3
DOI:10.1016/j.ijedro.2020.100011,DOI:10.1186/s41239-019-0136-3,3
DOI:10.1016/j.ijedro.2020.100011,DOI:10.14742/ajet.5561,3
DOI:10.1016/j.ijedro.2020.100011,DOI:10.1016/j.iheduc.2010.10.001,4
DOI:10.1016/j.ijedro.2020.100011,DOI:10.1016/j.ijinfomgt.2018.05.005,4
DOI:10.1016/j.ijedro.2020.100011,DOI:10.1016/j.childyouth.2020.105194,4
DOI:10.1016/j.ijedro.2020.100011,DOI:10.1016/j.psychres.2020.112934,6
DOI:10.1016/j.ijedro.2020.100011,DOI:10.2196/22817,3
DOI:10.1016/j.ijedro.2020.100011,DOI:10.1016/j.chb.2015.11.036,4
DOI:10.1016/j.ijedro.2020.100011,DOI:10.1037/stl0000198],3
DOI:10.1016/j.ijedro.2020.100011,"CHIN WW, 1998, QUANT METH SER, P295",3
DOI:10.1016/j.ijedro.2020.100011,DOI:10.1088/1742-6596/1108/1/012094],4
DOI:10.1016/j.ijedro.2020.100011,DOI:10.2196/21279,6
DOI:10.1016/j.ijedro.2020.100011,DOI:10.3390/ijerph18030866,3
DOI:10.1016/j.ijedro.2020.100011,DOI:10.1016/j.childyouth.2020.105355,3
DOI:10.1016/j.ijedro.2020.100011,DOI:10.2139/ssrn.3831526,3
DOI:10.1016/j.ijedro.2020.100011,DOI:10.1016/j.jpubeco.2020.104271,3
DOI:10.1109/access.2019.2939467,DOI:10.1007/s10639-021-10557-5,3
DOI:10.1109/access.2019.2939467,DOI:10.1016/j.heliyon.2020.e05410,3
DOI:10.1109/access.2019.2939467,DOI:10.1111/bjet.12864,3
DOI:10.1111/bjet.12833,DOI:10.1016/j.ijinfomgt.2018.05.005,3
DOI:10.1111/bjet.12833,DOI:10.5539/hes.v10n3p16,3
DOI:10.1111/bjet.12833,DOI:10.1111/bjet.12771,3
DOI:10.1111/bjet.12833,DOI:10.1080/01587919.2013.835779,3
DOI:10.1016/j.compedu.2021.104211,DOI:10.1016/j.acalib.2021.102346,5
DOI:10.1016/j.compedu.2021.104211,DOI:10.1186/s41239-019-0147-0,3
DOI:10.1016/j.compedu.2021.104211,"RAPANTA CHRYSI, 2020, POSTDIGIT SCI EDUC, V2, P923, DOI [10.1007/S42438-020-00155-Y, 10.1007/S42438-020-00155-Y]",6
DOI:10.1016/j.compedu.2021.104211,DOI:10.1007/s40670-021-01231-z,3
DOI:10.1016/j.compedu.2021.104211,DOI:10.1177/2347631120983481],6
DOI:10.1016/j.compedu.2021.104211,DOI:10.1002/hbe2.191,3
DOI:10.1016/j.compedu.2021.104211,DOI:10.1007/s40692-021-00191-y,4
DOI:10.1016/j.compedu.2021.104211,DOI:10.1016/j.iheduc.2010.10.001,3
DOI:10.1016/j.compedu.2021.104211,DOI:10.1108/itse-06-2020-0087,3
DOI:10.1016/j.compedu.2021.104211,DOI:10.5539/hes.v10n3p16,4
DOI:10.1016/j.compedu.2021.104211,"MISHRA LOKANATH, 2020, INT J EDUC RES OPEN, V1, P100012, DOI [10.1016/J.IJEDRO.2020.100012, 10.1016/J.IJEDRO.2020.100012]",3
DOI:10.1016/j.compedu.2021.104211,DOI:10.1016/j.compedu.2010.05.004,4
DOI:10.1016/j.compedu.2021.104211,DOI:10.1080/01587919.2020.1724768,4
DOI:10.1016/j.compedu.2021.104211,"MUTHUPRASAD T, 2021, SOC SCI HUMANIT OPEN, V3, P100101, DOI [10.1016/J.SSAHO.2020.100101, 10.1016/J.SSAHO.2020.100101]",5
DOI:10.1016/j.compedu.2021.104211,DOI:10.1080/10494820.2020.1813180,6
DOI:10.1016/j.compedu.2021.104211,DOI:10.1016/j.compedu.2018.08.007,3
DOI:10.1016/j.compedu.2021.104211,DOI:10.29333/ajqr/8471],3
DOI:10.1016/j.compedu.2021.104211,DOI:10.33902/jpsp.2020261309,4
DOI:10.1016/j.compedu.2021.104211,DOI:10.1177/1477971420947738,3
DOI:10.1016/j.compedu.2021.104211,DOI:10.3390/su13041889,3
DOI:10.1111/bjet.13112,DOI:10.1016/j.chb.2021.106713,3
DOI:10.1111/bjet.13112,DOI:10.33902/jpsp.2020261309,5
DOI:10.1111/bjet.13112,DOI:10.1016/j.compedu.2020.104111,3
DOI:10.1111/bjet.13112,DOI:10.1111/bjet.13206,3
DOI:10.1111/bjet.13112,DOI:10.1080/10494820.2020.1813180,4
DOI:10.1111/bjet.13112,"PAUDEL P, 2021, INT J STUD EDUC, V3",3
DOI:10.3390/educsci10090232,DOI:10.24059/olj.v24i2.2285,3
DOI:10.3390/educsci10090232,DOI:10.3390/educsci10090216,3
DOI:10.3390/educsci10090232,DOI:10.5539/hes.v10n3p16,3
DOI:10.3390/educsci10090232,DOI:10.1002/hbe2.191,4
DOI:10.3390/educsci10090232,DOI:10.37074/jalt.2020.3.1.7,3
DOI:10.1186/s41239-017-0087-5,DOI:10.3390/su122410367,3
DOI:10.1186/s41239-017-0087-5,DOI:10.37074/jalt.2020.3.1.7,3
DOI:10.1191/1478088706qp063oa,DOI:10.23750/abm.v91i1.9397,3
DOI:10.1191/1478088706qp063oa,DOI:10.3390/su122410367,3
DOI:10.1191/1478088706qp063oa,DOI:10.37074/jalt.2020.3.1.7,5
DOI:10.1191/1478088706qp063oa,DOI:10.1111/bjet.13065,3
DOI:10.1191/1478088706qp063oa,"RAPANTA CHRYSI, 2020, POSTDIGIT SCI EDUC, V2, P923, DOI [10.1007/S42438-020-00155-Y, 10.1007/S42438-020-00155-Y]",3
DOI:10.1191/1478088706qp063oa,DOI:10.1002/hbe2.191,3
DOI:10.1191/1478088706qp063oa,DOI:10.29333/pr/7947,4
DOI:10.1191/1478088706qp063oa,DOI:10.1097/md.0000000000024821,3
DOI:10.1191/1478088706qp063oa,DOI:10.1080/10494820.2020.1813180,3
DOI:10.1191/1478088706qp063oa,DOI:10.1163/9789004702813_021],3
DOI:10.23750/abm.v91i1.9397,DOI:10.37074/jalt.2020.3.1.7,5
DOI:10.23750/abm.v91i1.9397,DOI:10.29333/pr/7947,3
DOI:10.3389/fcomp.2019.00007,DOI:10.3390/su122410367,5
DOI:10.3389/fcomp.2019.00007,DOI:10.1080/15236803.2013.12001730,3
DOI:10.3389/fcomp.2019.00007,"SINGH JITENDRA, 2021, JOURNAL OF EDUCATIONAL TECHNOLOGY SYSTEMS, V50, P140, DOI [10.1177/00472395211047865, 10.1177/00472395211047865]",3
DOI:10.3389/fcomp.2019.00007,"DORN E., 2020, COVID-19 AND STUDENT LEARNING IN THE UNITED STATES: THE HURT COULD LAST A LIFETIME",3
DOI:10.3390/su122410367,DOI:10.37074/jalt.2020.3.1.7,4
DOI:10.3390/su122410367,DOI:10.1080/10494820.2020.1813180,7
DOI:10.3390/su122410367,DOI:10.1186/s41239-020-00229-8,3
DOI:10.3390/su122410367,DOI:10.3402/rlt.v23.26507,4
DOI:10.3390/su122410367,DOI:10.46328/ijtes.v4i4.148],3
DOI:10.3390/su122410367,DOI:10.1002/hbe2.191,3
DOI:10.3390/su122410367,DOI:10.1177/2347631120983481],6
DOI:10.3390/su122410367,"MISHRA LOKANATH, 2020, INT J EDUC RES OPEN, V1, P100012, DOI [10.1016/J.IJEDRO.2020.100012, 10.1016/J.IJEDRO.2020.100012]",3
DOI:10.3390/su122410367,"MUTHUPRASAD T, 2021, SOC SCI HUMANIT OPEN, V3, P100101, DOI [10.1016/J.SSAHO.2020.100101, 10.1016/J.SSAHO.2020.100101]",5
DOI:10.3390/su122410367,DOI:10.3390/educsci10110304,3
DOI:10.3390/su122410367,DOI:10.3991/ijet.v15i21.15647,4
DOI:10.3390/su122410367,DOI:10.1037/0033-295x.84.2.191,3
DOI:10.3390/su122410367,DOI:10.1007/s12098-020-03327-7,3
DOI:10.3390/su122410367,DOI:10.12669/pjms.36.covid19-s4.2766,3
DOI:10.3390/su122410367,DOI:10.3389/feduc.2021.638470,3
DOI:10.3390/su122410367,DOI:10.7759/cureus.8966,5
DOI:10.3390/su122410367,DOI:10.1007/s10639-021-10519-x,3
DOI:10.3390/su122410367,DOI:10.1007/s10639-021-10589-x,3
DOI:10.3390/su122410367,DOI:10.1037/13620-004,3
DOI:10.3390/su122410367,DOI:10.1080/01587919.2018.1553562,4
DOI:10.3390/su122410367,DOI:10.1097/md.0000000000024821,4
DOI:10.3390/su122410367,DOI:10.1186/s12909-020-02208-z,3
DOI:10.3390/su122410367,DOI:10.1007/s10639-021-10523-1,3
DOI:10.3390/su122410367,DOI:10.1088/1742-6596/1108/1/012094],4
DOI:10.3390/su122410367,DOI:10.1108/aeds-06-2020-0131,3
DOI:10.3390/su122410367,DOI:10.3390/su13010057,4
DOI:10.3390/su122410367,DOI:10.1057/s41599-020-00603-x,3
DOI:10.3390/su122410367,DOI:10.1080/1097198x.2018.1542262,3
DOI:10.3390/su122410367,DOI:10.5281/zenodo.7636568,3
DOI:10.3390/su122410367,DOI:10.1016/j.psychres.2020.112934,3
DOI:10.3390/su122410367,DOI:10.1007/s11618-021-01002-x,3
DOI:10.3390/su122410367,DOI:10.1007/s40670-020-01165-y,3
DOI:10.3390/su122410367,DOI:10.1016/j.amsu.2020.09.036,3
DOI:10.3390/su122410367,DOI:10.1016/j.heliyon.2021.e08031,4
DOI:10.3390/su122410367,DOI:10.1186/s12909-020-02257-4,3
DOI:10.3390/su122410367,DOI:10.1186/s12909-020-02312-0,4
DOI:10.3390/su122410367,DOI:10.3389/fpsyg.2014.01278,3
DOI:10.3390/su122410367,DOI:10.25215/0802.094,3
DOI:10.3390/su122410367,DOI:10.1080/01587910500081269,4
DOI:10.3390/su122410367,DOI:10.1080/08923648909526659],3
DOI:10.3390/su122410367,DOI:10.1186/s40561-021-00149-8,3
DOI:10.3390/su122410367,DOI:10.24093/awej/vol11no3.1,3
DOI:10.3390/su122410367,DOI:10.1007/s10639-020-10219-y,4
DOI:10.3390/su122410367,DOI:10.37256/ser.122020422,3
DOI:10.3390/su122410367,DOI:10.1007/s13158-020-00272-6,3
DOI:10.37074/jalt.2020.3.1.7,"CHIN WW, 1998, QUANT METH SER, P295",3
DOI:10.37074/jalt.2020.3.1.7,DOI:10.1002/hbe2.191,15
DOI:10.37074/jalt.2020.3.1.7,DOI:10.1016/j.iheduc.2010.10.001,5
DOI:10.37074/jalt.2020.3.1.7,DOI:10.1016/j.iheduc.2016.01.001,3
DOI:10.37074/jalt.2020.3.1.7,DOI:10.1097/md.0000000000024821,4
DOI:10.37074/jalt.2020.3.1.7,DOI:10.1177/2347631120983481],4
DOI:10.37074/jalt.2020.3.1.7,DOI:10.1177/2515127420916738,3
DOI:10.37074/jalt.2020.3.1.7,DOI:10.22214/ijraset.2020.3021],3
DOI:10.37074/jalt.2020.3.1.7,DOI:10.3390/su12208438,5
DOI:10.37074/jalt.2020.3.1.7,DOI:10.3991/ijet.v15i21.15647,3
DOI:10.37074/jalt.2020.3.1.7,DOI:10.5539/hes.v10n3p16,6
DOI:10.37074/jalt.2020.3.1.7,DOI:10.1016/j.iheduc.2010.09.004,3
DOI:10.37074/jalt.2020.3.1.7,DOI:10.1186/s12909-020-02208-z,4
DOI:10.37074/jalt.2020.3.1.7,"MISHRA LOKANATH, 2020, INT J EDUC RES OPEN, V1, P100012, DOI [10.1016/J.IJEDRO.2020.100012, 10.1016/J.IJEDRO.2020.100012]",5
DOI:10.37074/jalt.2020.3.1.7,"[ANONYMOUS], 2020, COVID-19 EDUCATIONAL DISRUPTION AND RESPONSE",5
DOI:10.37074/jalt.2020.3.1.7,DOI:10.29333/pr/7937],6
DOI:10.37074/jalt.2020.3.1.7,DOI:10.18662/rrem/12.1sup2/252,3
DOI:10.37074/jalt.2020.3.1.7,DOI:10.1016/j.iheduc.2013.10.001,3
DOI:10.37074/jalt.2020.3.1.7,DOI:10.1080/01587919.2018.1553562,3
DOI:10.37074/jalt.2020.3.1.7,DOI:10.3389/feduc.2021.638470,3
DOI:10.37074/jalt.2020.3.1.7,"SUN AN, 2016, J INF TECHNOL EDUC-R, V15, P157",4
DOI:10.37074/jalt.2020.3.1.7,DOI:10.29333/ejmste/7893],3
DOI:10.37074/jalt.2020.3.1.7,DOI:10.1080/10494820.2020.1813180,5
DOI:10.37074/jalt.2020.3.1.7,DOI:10.3390/jrfm13030055,5
DOI:10.37074/jalt.2020.3.1.7,DOI:10.1016/j.childyouth.2020.105194,3
DOI:10.37074/jalt.2020.3.1.7,DOI:10.1017/cbo9781107415324.004,4
DOI:10.37074/jalt.2020.3.1.7,DOI:10.33902/jpsp.2020261309,8
DOI:10.37074/jalt.2020.3.1.7,DOI:10.46827/ejoe.v5i2.3313],3
DOI:10.37074/jalt.2020.3.1.7,DOI:10.1016/j.psychres.2020.112934,6
DOI:10.37074/jalt.2020.3.1.7,DOI:10.1080/13523260.2020.1761749,3
DOI:10.37074/jalt.2020.3.1.7,DOI:10.29333/pr/7947,10
DOI:10.37074/jalt.2020.3.1.7,"RAPANTA CHRYSI, 2020, POSTDIGIT SCI EDUC, V2, P923, DOI [10.1007/S42438-020-00155-Y, 10.1007/S42438-020-00155-Y]",4
DOI:10.37074/jalt.2020.3.1.7,DOI:10.1080/00131911.2021.1955830,3
DOI:10.37074/jalt.2020.3.1.7,DOI:10.1080/01587910500081269,4
DOI:10.37074/jalt.2020.3.1.7,DOI:10.3402/rlt.v23.26507,3
DOI:10.37074/jalt.2020.3.1.7,DOI:10.1016/j.childyouth.2021.106160,3
DOI:10.37074/jalt.2020.3.1.7,DOI:10.29333/ejmste/8240,3
DOI:10.37074/jalt.2020.3.1.7,"KAUR G., 2020, CLIO AN ANNUAL INTERDISCIPLINARY JOURNAL OF HISTORY, V6, P416",3
DOI:10.37074/jalt.2020.3.1.7,DOI:10.1163/9789004702813_021],3
DOI:10.37074/jalt.2020.3.1.7,DOI:10.24059/olj.v25i1.2496,3
DOI:10.37074/jalt.2020.3.1.7,DOI:10.1177/1094428108318066,3
DOI:10.37074/jalt.2020.3.1.7,DOI:10.24059/olj.v24i2.2285,5
DOI:10.37074/jalt.2020.3.1.7,DOI:10.29333/ojcmt/8286,5
DOI:10.37074/jalt.2020.3.1.7,"SHAHZAD ARFAN, 2021, QUAL QUANT, V55, P805, DOI [10.1007/S11135-020-01028-Z, 10.1007/S11135-020-01028-Z]",3
DOI:10.37074/jalt.2020.3.1.7,DOI:10.1016/s0140-6736(20)30547-x,3
DOI:10.37074/jalt.2020.3.1.7,DOI:10.1186/s40561-020-00125-8,3
DOI:10.37074/jalt.2020.3.1.7,DOI:10.1016/s2352-4642(20)30095-x,4
DOI:10.1002/jdd.12163,DOI:10.1186/s12909-020-02266-3,3
DOI:10.1002/jdd.12163,DOI:10.1016/j.jds.2020.07.011,3
DOI:10.1002/jdd.12163,DOI:10.1111/eje.12542,3
DOI:10.1002/jdd.12163,DOI:10.1186/s12909-020-02312-0,4
DOI:10.1007/s10734-020-00561-y,DOI:10.1080/10494820.2020.1813180,3
DOI:10.1007/s10734-020-00561-y,DOI:10.3390/soc10040086,3
DOI:10.1007/s10734-020-00561-y,DOI:10.3390/su12208438,4
DOI:10.1007/s10734-020-00561-y,"RAPANTA CHRYSI, 2020, POSTDIGIT SCI EDUC, V2, P923, DOI [10.1007/S42438-020-00155-Y, 10.1007/S42438-020-00155-Y]",4
DOI:10.1007/s10734-020-00561-y,DOI:10.3390/educsci11080403,4
DOI:10.1016/j.childyouth.2020.105194,DOI:10.1016/j.jsurg.2020.03.018,3
DOI:10.1016/j.childyouth.2020.105194,DOI:10.1080/10494820.2020.1813180,3
DOI:10.1016/j.childyouth.2020.105194,DOI:10.3390/soc10040086,4
DOI:10.1016/j.childyouth.2020.105194,DOI:10.3390/su12208438,4
DOI:10.1016/j.childyouth.2020.105194,DOI:10.3390/su13010057,3
DOI:10.1016/j.childyouth.2020.105194,"RAPANTA CHRYSI, 2020, POSTDIGIT SCI EDUC, V2, P923, DOI [10.1007/S42438-020-00155-Y, 10.1007/S42438-020-00155-Y]",5
DOI:10.1016/j.childyouth.2020.105194,DOI:10.1108/qrde-06-2016-0003,4
DOI:10.1016/j.childyouth.2020.105194,DOI:10.33902/jpsp.2020261309,10
DOI:10.1016/j.childyouth.2020.105194,DOI:10.1016/j.childyouth.2020.105355,3
DOI:10.1016/j.childyouth.2020.105194,DOI:10.1016/j.childyouth.2020.105699,6
DOI:10.1016/j.childyouth.2020.105194,DOI:10.5281/zenodo.3878572,6
DOI:10.1016/j.childyouth.2020.105194,DOI:10.5281/zenodo.7636568,5
DOI:10.1016/j.childyouth.2020.105194,DOI:10.5539/hes.v10n3p16,3
DOI:10.1016/j.childyouth.2020.105194,DOI:10.1002/hbe2.191,6
DOI:10.1016/j.childyouth.2020.105194,DOI:10.29333/pr/7947,4
DOI:10.1016/j.childyouth.2020.105194,DOI:10.1007/s10639-020-10219-y,5
DOI:10.1016/j.childyouth.2020.105194,DOI:10.1016/j.psychres.2020.112934,3
DOI:10.1016/j.childyouth.2020.105194,DOI:10.12669/pjms.36.covid19-s4.2785,3
DOI:10.1016/j.childyouth.2020.105194,DOI:10.1371/journal.pone.0239490,3
DOI:10.1016/j.childyouth.2020.105194,DOI:10.1163/9789004702813_021],4
DOI:10.1016/j.childyouth.2020.105194,DOI:10.3390/healthcare8030200,5
DOI:10.1016/j.childyouth.2020.105194,DOI:10.3390/jrfm13030055,5
DOI:10.1016/j.childyouth.2020.105194,DOI:10.1108/ils-04-2020-0083,4
DOI:10.1016/j.childyouth.2020.105194,"LUNG I., 2000, EDUCATIONAL TECHNOLOGY, V40, P57",3
DOI:10.1016/j.childyouth.2020.105194,"[ANONYMOUS], 2020, POLICY BRIEF ED COVI",3
DOI:10.1016/j.childyouth.2020.105194,"SINGH K, 2020, INDIAN PEDIATR, V57, P678",3
DOI:10.1016/j.childyouth.2020.105194,DOI:10.1002/ase.1966,3
DOI:10.1016/j.compedu.2019.103701,DOI:10.1080/10494820.2020.1813180,7
DOI:10.1016/j.compedu.2019.103701,"RAPANTA CHRYSI, 2020, POSTDIGIT SCI EDUC, V2, P923, DOI [10.1007/S42438-020-00155-Y, 10.1007/S42438-020-00155-Y]",3
DOI:10.1016/j.compedu.2019.103701,"HSIEH HF, 2005, QUAL HEALTH RES, V15, P1277, DOI [10.1177/1049732305276687, 10.1111/EVA.13711]",3
DOI:10.1016/j.compedu.2019.103701,DOI:10.1016/j.ijinfomgt.2018.05.005,3
DOI:10.1016/j.compedu.2019.103701,DOI:10.1016/j.comnet.2020.107290,3
DOI:10.1016/j.compedu.2019.103701,DOI:10.1007/s10639-021-10589-x,3
DOI:10.1016/j.compedu.2019.103701,"KEBRITCHI MANSUREH, 2017, JOURNAL OF EDUCATIONAL TECHNOLOGY SYSTEMS, V46, P4, DOI [10.1177/0047239516661713, 10.1177/0047239516661713]",5
DOI:10.1016/j.compedu.2019.103701,DOI:10.1016/j.chb.2017.02.001,3
DOI:10.1016/j.compedu.2019.103701,DOI:10.1186/s12909-020-02208-z,4
DOI:10.1016/j.compedu.2019.103701,DOI:10.1080/01587910500081269,3
DOI:10.1016/j.compedu.2019.103701,DOI:10.1080/14636310303143,3
DOI:10.1016/j.compedu.2019.103701,DOI:10.1080/09588221.2021.1883673,3
DOI:10.1016/j.compedu.2019.103701,DOI:10.1007/s10639-020-10331-z,3
DOI:10.1016/j.compedu.2019.103701,DOI:10.1016/j.edurev.2017.06.001,3
DOI:10.1016/j.heliyon.2022.e09433,"RAPANTA CHRYSI, 2020, POSTDIGIT SCI EDUC, V2, P923, DOI [10.1007/S42438-020-00155-Y, 10.1007/S42438-020-00155-Y]",3
DOI:10.1016/j.heliyon.2022.e09433,DOI:10.1163/9789004702813_021],3
DOI:10.1016/j.ijinfomgt.2020.102211,DOI:10.1002/hbe2.191,3
DOI:10.1016/j.jsurg.2020.03.018,DOI:10.1007/s12098-020-03327-7,3
DOI:10.1016/j.jsurg.2020.03.018,DOI:10.29333/pr/7937],3
DOI:10.1080/10494820.2020.1813180,DOI:10.1080/13523260.2020.1761749,6
DOI:10.1080/10494820.2020.1813180,DOI:10.1177/2347631120983481],12
DOI:10.1080/10494820.2020.1813180,DOI:10.1371/journal.pone.0236337,3
DOI:10.1080/10494820.2020.1813180,DOI:10.3389/fpsyg.2021.743936,3
DOI:10.1080/10494820.2020.1813180,DOI:10.3390/soc10040086,7
DOI:10.1080/10494820.2020.1813180,DOI:10.3390/su12208438,7
DOI:10.1080/10494820.2020.1813180,DOI:10.3390/su13010057,5
DOI:10.1080/10494820.2020.1813180,"RAPANTA CHRYSI, 2020, POSTDIGIT SCI EDUC, V2, P923, DOI [10.1007/S42438-020-00155-Y, 10.1007/S42438-020-00155-Y]",8
DOI:10.1080/10494820.2020.1813180,DOI:10.18326/rgt.v13i1.49-76,3
DOI:10.1080/10494820.2020.1813180,DOI:10.2190/ec.44.1.a,3
DOI:10.1080/10494820.2020.1813180,"FAROOQ FAREEHA, 2020, J COLL PHYSICIANS SURG PAK, V30, P67, DOI [10.29271/JCPSP.2020.SUPP1.S67, 10.29271/JCPSP.2020.SUPP1.S67]",3
DOI:10.1080/10494820.2020.1813180,"FISHBANE L., 2020, AS CLASSES MOVE ONLINE DURING COVID-19, WHAT ARE DISCONNECTED STUDENTS TO DO?",3
DOI:10.1080/10494820.2020.1813180,"KOPP M, 2019, INTED PROC, P1448",7
DOI:10.1080/10494820.2020.1813180,DOI:10.1007/s10734-020-00657-5,4
DOI:10.1080/10494820.2020.1813180,DOI:10.1007/s12528-018-9179-z,6
DOI:10.1080/10494820.2020.1813180,DOI:10.1080/08832323.2020.1757592,3
DOI:10.1080/10494820.2020.1813180,DOI:10.1088/1742-6596/1108/1/012094],3
DOI:10.1080/10494820.2020.1813180,DOI:10.1080/02619768.2020.1820480,3
DOI:10.1080/10494820.2020.1813180,DOI:10.1080/10494820.2017.1337035,6
DOI:10.1080/10494820.2020.1813180,DOI:10.1080/10494820.2020.1725896,3
DOI:10.1080/10494820.2020.1813180,DOI:10.29333/pr/7947,5
DOI:10.1080/10494820.2020.1813180,DOI:10.3102/00346543076001093,3
DOI:10.1080/10494820.2020.1813180,"HODGES C., 2020, EDUCAUSE REVIEW, V3",3
DOI:10.1080/10494820.2020.1813180,"MEANS B., 2010, EVALUATION OF EVIDENCE-BASED PRACTICES IN ONLINE LEARNING: A META-ANALYSIS AND REVIEW OF ONLINE LEARNING STUDIES",7
DOI:10.1080/10494820.2020.1813180,DOI:10.1007/s10639-021-10593-1,3
DOI:10.1080/10494820.2020.1813180,DOI:10.1007/s11125-020-09464-3,3
DOI:10.1080/10494820.2020.1813180,DOI:10.1016/j.system.2020.102352,4
DOI:10.1080/10494820.2020.1813180,DOI:10.1016/s2352-4642(20)30095-x,3
DOI:10.1080/10494820.2020.1813180,DOI:10.1080/02619768.2020.1809650,5
DOI:10.1080/10494820.2020.1813180,DOI:10.25215/0802.094,5
DOI:10.1080/10494820.2020.1813180,DOI:10.1007/s10639-021-10589-x,7
DOI:10.1080/10494820.2020.1813180,DOI:10.24059/olj.v24i2.2285,3
DOI:10.1080/10494820.2020.1813180,"MARINONI G., 2020, IAU GLOBAL SURVEY RE",4
DOI:10.1080/10494820.2020.1813180,DOI:10.1002/hbe2.191,11
DOI:10.1080/10494820.2020.1813180,DOI:10.1108/aeds-06-2020-0131,4
DOI:10.1080/10494820.2020.1813180,DOI:10.1177/1477971420947738,3
DOI:10.1080/10494820.2020.1813180,DOI:10.33902/jpsp.2020261309,13
DOI:10.1080/10494820.2020.1813180,DOI:10.1016/j.childyouth.2020.105699,6
DOI:10.1080/10494820.2020.1813180,DOI:10.1037/stl0000198],3
DOI:10.1080/10494820.2020.1813180,DOI:10.1080/02615479.2020.1823365,4
DOI:10.1080/10494820.2020.1813180,DOI:10.3389/fpsyg.2021.616059,3
DOI:10.1080/10494820.2020.1813180,DOI:10.62037/cjer.2021.01.01.02],3
DOI:10.1080/10494820.2020.1813180,"JARADAT S., 2021, JOURNAL OF SOCIAL STUDIES EDUCATION RESEARCH, V12, P149",3
DOI:10.1080/10494820.2020.1813180,"DALIPI FISNIK, 2022, INT J EDUC RES OPEN, V3, P100136, DOI [10.1016/J.IJEDRO.2022.100136, 10.1016/J.IJEDRO.2022.100136]",3
DOI:10.1080/10494820.2020.1813180,DOI:10.1016/j.techfore.2021.121203,3
DOI:10.1080/10494820.2020.1813180,DOI:10.18870/hlrc.v10i1.1179,3
DOI:10.1080/10494820.2020.1813180,DOI:10.3390/jrfm13030055,5
DOI:10.1080/10494820.2020.1813180,DOI:10.5281/zenodo.7636568,5
DOI:10.1080/10494820.2020.1813180,DOI:10.1080/1475939x.2020.1854337,5
DOI:10.1080/10494820.2020.1813180,DOI:10.3390/su13084381,3
DOI:10.1080/10494820.2020.1813180,DOI:10.1080/1097198x.2018.1542262,4
DOI:10.1080/10494820.2020.1813180,"MERRIAM SB., 2016, QUALITATIVE RESEARCH: A GUIDE TO DESIGN AND IMPLEMENTATION",4
DOI:10.1080/10494820.2020.1813180,"MILES MB., 1994, QUALITATIVE DATA ANA, V2ND",3
DOI:10.1080/10494820.2020.1813180,DOI:10.1016/j.compedu.2010.05.004,4
DOI:10.1080/10494820.2020.1813180,DOI:10.1016/j.iheduc.2013.10.001,4
DOI:10.1080/10494820.2020.1813180,DOI:10.1186/s12909-020-02208-z,7
DOI:10.1080/10494820.2020.1813180,"MUTHUPRASAD T, 2021, SOC SCI HUMANIT OPEN, V3, P100101, DOI [10.1016/J.SSAHO.2020.100101, 10.1016/J.SSAHO.2020.100101]",10
DOI:10.1080/10494820.2020.1813180,DOI:10.1080/00330124.2020.1823864,4
DOI:10.1080/10494820.2020.1813180,DOI:10.1080/02619768.2020.1821184,3
DOI:10.1080/10494820.2020.1813180,DOI:10.1080/10963758.2021.1907196,3
DOI:10.1080/10494820.2020.1813180,DOI:10.1097/md.0000000000024821,6
DOI:10.1080/10494820.2020.1813180,DOI:10.1163/9789004702813_021],7
DOI:10.1080/10494820.2020.1813180,"MISHRA LOKANATH, 2020, INT J EDUC RES OPEN, V1, P100012, DOI [10.1016/J.IJEDRO.2020.100012, 10.1016/J.IJEDRO.2020.100012]",5
DOI:10.1080/10494820.2020.1813180,DOI:10.1016/j.childyouth.2020.105355,4
DOI:10.1080/10494820.2020.1813180,DOI:10.1007/s10639-020-10219-y,5
DOI:10.1080/10494820.2020.1813180,DOI:10.1016/j.comnet.2020.107290,4
DOI:10.1080/10494820.2020.1813180,DOI:10.1016/j.psychres.2020.112934,7
DOI:10.1080/10494820.2020.1813180,DOI:10.1080/15325024.2020.1769300,7
DOI:10.1080/10494820.2020.1813180,DOI:10.1186/s12909-020-02312-0,3
DOI:10.1080/10494820.2020.1813180,DOI:10.12669/pjms.36.covid19-s4.2785,7
DOI:10.1080/10494820.2020.1813180,DOI:10.1371/journal.pone.0239490,3
DOI:10.1080/10494820.2020.1813180,DOI:10.29333/ojcmt/8286,4
DOI:10.1080/10494820.2020.1813180,DOI:10.1007/s11747-014-0403-8,4
DOI:10.1080/10494820.2020.1813180,DOI:10.1108/aeds-09-2020-0209,4
DOI:10.1080/10494820.2020.1813180,DOI:10.1108/ebr-11-2018-0203,3
DOI:10.1080/10494820.2020.1813180,DOI:10.1186/s40561-021-00149-8,3
DOI:10.1080/10494820.2020.1813180,DOI:10.1007/s10639-020-10331-z,6
DOI:10.1080/10494820.2020.1813180,DOI:10.1080/09588221.2018.1540434,3
DOI:10.1080/10494820.2020.1813180,DOI:10.1080/10494820.2020.1817761,3
DOI:10.1080/10494820.2020.1813180,DOI:10.1080/15236803.2013.12001730,3
DOI:10.1080/10494820.2020.1813180,DOI:10.2196/21279,4
DOI:10.1080/10494820.2020.1813180,DOI:10.1016/j.compedu.2020.104009,3
DOI:10.1080/10494820.2020.1813180,DOI:10.1080/01587919.2013.835770,3
DOI:10.1080/10494820.2020.1813180,DOI:10.1007/s10639-021-10519-x,6
DOI:10.1080/10494820.2020.1813180,DOI:10.1037/13620-004,6
DOI:10.1080/10494820.2020.1813180,DOI:10.1080/01587919.2018.1553562,5
DOI:10.1080/10494820.2020.1813180,DOI:10.1186/s41239-021-00252-3,4
DOI:10.1080/10494820.2020.1813180,DOI:10.3991/ijet.v15i21.15647,4
DOI:10.1080/10494820.2020.1813180,DOI:10.4324/9780203771587],6
DOI:10.1080/10494820.2020.1813180,"PAUDEL P, 2021, INT J STUD EDUC, V3",3
DOI:10.1080/10494820.2020.1813180,DOI:10.5539/hes.v10n3p16,8
DOI:10.1080/10494820.2020.1813180,DOI:10.1007/s10639-021-10523-1,5
DOI:10.1080/10494820.2020.1813180,DOI:10.1016/j.chbr.2021.100130,3
DOI:10.1080/10494820.2020.1813180,DOI:10.1016/j.childyouth.2021.106160,6
DOI:10.1080/10494820.2020.1813180,DOI:10.1111/bjet.13206,3
DOI:10.1080/10494820.2020.1813180,DOI:10.46627/silet.v1i3.45,3
DOI:10.1080/10494820.2020.1813180,DOI:10.46627/silet.v1i3.46],3
DOI:10.1080/10494820.2020.1813180,"PRACTICE B. B., 2020, CORONAVIRUS DIS 2019, V2019, P2633",4
DOI:10.1080/10494820.2020.1813180,DOI:10.20944/preprints202004.0290.v1],4
DOI:10.1080/10494820.2020.1813180,DOI:10.5281/zenodo.3878572,3
DOI:10.1080/10494820.2020.1813180,"SHAHZAD ARFAN, 2021, QUAL QUANT, V55, P805, DOI [10.1007/S11135-020-01028-Z, 10.1007/S11135-020-01028-Z]",4
DOI:10.1080/10494820.2020.1813180,DOI:10.1007/s11159-020-09860-z,3
DOI:10.1080/10494820.2020.1813180,DOI:10.1016/j.jpubeco.2020.104345,3
DOI:10.1080/10494820.2020.1813180,DOI:10.3126/kumj.v18i2.32943,3
DOI:10.1080/10494820.2020.1813180,DOI:10.3390/socsci11020042,3
DOI:10.1080/10494820.2020.1813180,"NGUYEN T., 2015, MERLOT JOURNAL OF ONLINE LEARNING AND TEACHING, V11, P309",3
DOI:10.1080/10494820.2020.1813180,DOI:10.1186/s12909-021-02584-0,3
DOI:10.1080/10494820.2020.1813180,DOI:10.1016/j.compedu.2018.02.013,3
DOI:10.1080/10494820.2020.1813180,DOI:10.1016/j.compedu.2019.103724,4
DOI:10.1080/10494820.2020.1813180,DOI:10.1080/01587910500081269,4
DOI:10.1080/10494820.2020.1813180,DOI:10.1111/bjet.12243,3
DOI:10.1080/10494820.2020.1813180,DOI:10.24093/awej/vol11no4.23,4
DOI:10.1080/10494820.2020.1813180,DOI:10.1080/01587919.2020.1724768,4
DOI:10.1080/10494820.2020.1813180,DOI:10.19173/irrodl.v14i1.1338,3
DOI:10.1080/10494820.2020.1813180,DOI:10.1111/bjet.13102,3
DOI:10.1080/10494820.2020.1813180,DOI:10.3758/brm.41.4.1149,3
DOI:10.1080/10494820.2020.1813180,DOI:10.1186/s12909-020-02257-4,3
DOI:10.1080/10494820.2020.1813180,DOI:10.7759/cureus.8966,3
DOI:10.1080/10494820.2020.1813180,"[ANONYMOUS], 2020, COVID-19 EDUCATIONAL DISRUPTION AND RESPONSE",5
DOI:10.1080/10494820.2020.1813180,DOI:10.1016/j.chb.2019.08.018,3
DOI:10.1080/10494820.2020.1813180,DOI:10.1016/j.iheduc.2019.01.001,3
DOI:10.1080/10494820.2020.1813180,DOI:10.1287/mnsc.35.8.982,3
DOI:10.1080/10494820.2020.1813180,DOI:10.1287/mnsc.46.2.186.11926,3
DOI:10.1080/10494820.2020.1813180,DOI:10.24059/olj.v25i1.2470,4
DOI:10.1080/10494820.2020.1813180,DOI:10.37256/ser.122020422,3
DOI:10.1080/13523260.2020.1761749,DOI:10.3390/su12208438,3
DOI:10.1080/13523260.2020.1761749,DOI:10.3390/su13010057,3
DOI:10.1080/13523260.2020.1761749,"RAPANTA CHRYSI, 2020, POSTDIGIT SCI EDUC, V2, P923, DOI [10.1007/S42438-020-00155-Y, 10.1007/S42438-020-00155-Y]",6
DOI:10.1080/13523260.2020.1761749,DOI:10.1007/s10639-020-10219-y,4
DOI:10.1080/13523260.2020.1761749,DOI:10.1007/s11125-020-09464-3,4
DOI:10.1080/13523260.2020.1761749,DOI:10.29333/pr/7947,3
DOI:10.1080/13523260.2020.1761749,DOI:10.5281/zenodo.7636568,5
DOI:10.1080/13523260.2020.1761749,DOI:10.1002/hbe2.191,6
DOI:10.1080/13523260.2020.1761749,DOI:10.1016/j.psychres.2020.112934,4
DOI:10.1080/13523260.2020.1761749,DOI:10.1371/journal.pone.0239490,4
DOI:10.1080/13523260.2020.1761749,DOI:10.1007/s40670-021-01231-z,3
DOI:10.1080/13523260.2020.1761749,DOI:10.12669/pjms.36.covid19-s4.2785,4
DOI:10.1080/13523260.2020.1761749,DOI:10.4324/9781003117407,3
DOI:10.1080/13523260.2020.1761749,"MUTHUPRASAD T, 2021, SOC SCI HUMANIT OPEN, V3, P100101, DOI [10.1016/J.SSAHO.2020.100101, 10.1016/J.SSAHO.2020.100101]",3
DOI:10.1080/13523260.2020.1761749,DOI:10.5539/hes.v10n3p16,4
DOI:10.1080/13523260.2020.1761749,"ALBELBISI NA, 2019, TURK ONLINE J DISTAN, V20",3
DOI:10.1080/13523260.2020.1761749,DOI:10.3390/jrfm13030055,3
DOI:10.1111/bjet.13191,DOI:10.33902/jpsp.2020261309,3
DOI:10.1177/2347631120983481],DOI:10.1371/journal.pone.0236337,3
DOI:10.1177/2347631120983481],DOI:10.3390/educsci10120368,5
DOI:10.1177/2347631120983481],DOI:10.3390/su12208438,5
DOI:10.1177/2347631120983481],"RAPANTA CHRYSI, 2020, POSTDIGIT SCI EDUC, V2, P923, DOI [10.1007/S42438-020-00155-Y, 10.1007/S42438-020-00155-Y]",3
DOI:10.1177/2347631120983481],DOI:10.1002/hbe2.191,6
DOI:10.1177/2347631120983481],DOI:10.1007/s10639-021-10519-x,3
DOI:10.1177/2347631120983481],DOI:10.1016/j.comnet.2020.107290,3
DOI:10.1177/2347631120983481],DOI:10.1097/md.0000000000024821,4
DOI:10.1177/2347631120983481],DOI:10.3390/su13041889,3
DOI:10.1177/2347631120983481],DOI:10.3991/ijet.v15i21.15647,4
DOI:10.1177/2347631120983481],DOI:10.5539/hes.v10n3p16,5
DOI:10.1177/2347631120983481],DOI:10.1073/pnas.2022376118,3
DOI:10.1177/2347631120983481],DOI:10.1155/2021/6649524,3
DOI:10.1177/2347631120983481],DOI:10.1163/9789004702813_021],3
DOI:10.1177/2347631120983481],DOI:10.33902/jpsp.2020261309,8
DOI:10.1177/2347631120983481],DOI:10.1007/s40670-021-01231-z,4
DOI:10.1177/2347631120983481],DOI:10.1177/0973703020946700],3
DOI:10.1177/2347631120983481],DOI:10.29333/ejmste/7893],3
DOI:10.1177/2347631120983481],"MISHRA LOKANATH, 2020, INT J EDUC RES OPEN, V1, P100012, DOI [10.1016/J.IJEDRO.2020.100012, 10.1016/J.IJEDRO.2020.100012]",3
DOI:10.1177/2347631120983481],"MUTHUPRASAD T, 2021, SOC SCI HUMANIT OPEN, V3, P100101, DOI [10.1016/J.SSAHO.2020.100101, 10.1016/J.SSAHO.2020.100101]",4
DOI:10.1177/2347631120983481],"CRESWELL JW., 2018, JOURNAL OF INVESTIGATIVE SURGERY : THE OFFICIAL JOURNAL OF THE ACADEMY OF SURGICAL RESEARCH, V5TH",4
DOI:10.1177/2347631120983481],DOI:10.1007/s10639-021-10656-3,3
DOI:10.1177/2347631120983481],DOI:10.1016/j.childyouth.2020.105699,3
DOI:10.1177/2347631120983481],DOI:10.1037/stl0000198],4
DOI:10.1177/2347631120983481],DOI:10.1016/j.chb.2021.106713,4
DOI:10.1177/2347631120983481],DOI:10.1371/journal.pone.0239490,3
DOI:10.1177/2347631120983481],"SCHLEICHER A., 2020, IMPACT COVID 19 ED I",4
DOI:10.1177/2347631120983481],DOI:10.1037/13620-004,4
DOI:10.1177/2347631120983481],DOI:10.12669/pjms.36.covid19-s4.2785,4
DOI:10.1177/2347631120983481],DOI:10.1007/s10639-021-10589-x,4
DOI:10.1177/2347631120983481],DOI:10.1007/s10639-021-10523-1,3
DOI:10.1177/2347631120983481],DOI:10.1016/j.childyouth.2021.106160,4
DOI:10.1177/2347631120983481],DOI:10.1108/aeds-06-2020-0131,3
DOI:10.1177/2347631120983481],DOI:10.1111/bjet.13190,4
DOI:10.1177/2347631120983481],DOI:10.1016/j.teln.2021.02.008,3
DOI:10.1177/2347631120983481],DOI:10.1177/1477971420947738,3
DOI:10.1177/2347631120983481],DOI:10.1080/02619768.2020.1821184,4
DOI:10.1177/2347631120983481],DOI:10.1007/s13158-020-00272-6,3
DOI:10.1371/journal.pone.0236337,DOI:10.3390/su12208438,3
DOI:10.1371/journal.pone.0236337,DOI:10.5539/hes.v10n3p16,4
DOI:10.1371/journal.pone.0236337,DOI:10.4324/9780203771587],3
DOI:10.1371/journal.pone.0236337,DOI:10.1186/s12909-020-02208-z,3
DOI:10.1371/journal.pone.0258807,DOI:10.3390/su12208438,3
DOI:10.1371/journal.pone.0258807,DOI:10.1016/j.childyouth.2021.106160,3
DOI:10.3389/fpsyg.2021.743936,DOI:10.1016/j.iheduc.2013.10.001,4
DOI:10.3389/fpsyg.2021.743936,DOI:10.1080/01587919.2018.1553562,4
DOI:10.3389/fpsyg.2021.743936,DOI:10.17718/tojde.770928],3
DOI:10.3389/fpsyg.2021.743936,DOI:10.19173/irrodl.v14i1.1338,3
DOI:10.3389/fpsyg.2021.743936,DOI:10.22230/ijepl.2016v11n3a651,3
DOI:10.3389/fpsyg.2021.743936,DOI:10.1016/j.compedu.2006.11.007,4
DOI:10.3389/fpsyg.2021.743936,DOI:10.1007/s10639-021-10523-1,3
DOI:10.3389/fpsyg.2021.743936,DOI:10.1016/j.iheduc.2010.08.002,3
DOI:10.3389/fpsyg.2021.743936,DOI:10.1007/s10639-021-10519-x,3
DOI:10.3389/fpsyg.2021.743936,DOI:10.1080/08923648909526659],3
DOI:10.3390/educsci10120368,DOI:10.3991/ijet.v15i21.15647,3
DOI:10.3390/educsci10120368,DOI:10.5539/hes.v10n3p16,3
DOI:10.3390/soc10040086,DOI:10.3390/su12208438,3
DOI:10.3390/soc10040086,"RAPANTA CHRYSI, 2020, POSTDIGIT SCI EDUC, V2, P923, DOI [10.1007/S42438-020-00155-Y, 10.1007/S42438-020-00155-Y]",4
DOI:10.3390/soc10040086,DOI:10.1016/j.compedu.2010.05.004,3
DOI:10.3390/soc10040086,DOI:10.1108/aeds-09-2020-0209,3
DOI:10.3390/soc10040086,DOI:10.1016/j.acalib.2021.102346,3
DOI:10.3390/soc10040086,DOI:10.1108/aeds-06-2020-0131,3
DOI:10.3390/soc10040086,DOI:10.1108/ebr-11-2018-0203,3
DOI:10.3390/soc10040086,DOI:10.29252/ijree.4.1.80,3
DOI:10.3390/soc10040086,DOI:10.1007/s11159-020-09860-z,3
DOI:10.3390/soc10040086,"MISHRA LOKANATH, 2020, INT J EDUC RES OPEN, V1, P100012, DOI [10.1016/J.IJEDRO.2020.100012, 10.1016/J.IJEDRO.2020.100012]",4
DOI:10.3390/soc10040086,DOI:10.1007/s10639-020-10219-y,5
DOI:10.3390/soc10040086,DOI:10.1016/j.psychres.2020.112934,3
DOI:10.3390/soc10040086,DOI:10.12669/pjms.36.covid19-s4.2785,4
DOI:10.3390/soc10040086,"MUTHUPRASAD T, 2021, SOC SCI HUMANIT OPEN, V3, P100101, DOI [10.1016/J.SSAHO.2020.100101, 10.1016/J.SSAHO.2020.100101]",6
DOI:10.3390/soc10040086,DOI:10.1080/01587919.2020.1724768,3
DOI:10.3390/soc10040086,DOI:10.24191/ajue.v16i2.10294,3
DOI:10.3390/soc10040086,DOI:10.25215/0802.094,3
DOI:10.3390/soc10040086,DOI:10.1007/s11747-014-0403-8,3
DOI:10.3390/soc10040086,DOI:10.1111/jcal.12603,3
DOI:10.3390/soc10040086,DOI:10.1002/pfi.21982],3
DOI:10.3390/soc10040086,DOI:10.1016/j.childyouth.2021.106160,3
DOI:10.3390/soc10040086,DOI:10.33902/jpsp.2020261309,5
DOI:10.3390/soc10040086,DOI:10.46627/silet.v1i2.38],3
DOI:10.3390/soc10040086,DOI:10.1186/s12909-020-02208-z,3
DOI:10.3390/soc10040086,DOI:10.1016/j.iheduc.2010.10.001,3
DOI:10.3390/su12166520,"RAPANTA CHRYSI, 2020, POSTDIGIT SCI EDUC, V2, P923, DOI [10.1007/S42438-020-00155-Y, 10.1007/S42438-020-00155-Y]",4
DOI:10.3390/su12166520,DOI:10.1007/s11747-014-0403-8,3
DOI:10.3390/su12166520,DOI:10.1002/hbe2.191,5
DOI:10.3390/su12166520,DOI:10.5539/hes.v10n3p16,3
DOI:10.3390/su12208438,DOI:10.3390/su13010057,3
DOI:10.3390/su12208438,"RAPANTA CHRYSI, 2020, POSTDIGIT SCI EDUC, V2, P923, DOI [10.1007/S42438-020-00155-Y, 10.1007/S42438-020-00155-Y]",3
DOI:10.3390/su12208438,DOI:10.1002/hbe2.191,8
DOI:10.3390/su12208438,DOI:10.1007/s10639-021-10519-x,4
DOI:10.3390/su12208438,DOI:10.1016/j.compedu.2006.11.007,5
DOI:10.3390/su12208438,DOI:10.1016/j.iheduc.2016.01.001,3
DOI:10.3390/su12208438,DOI:10.1097/md.0000000000024821,5
DOI:10.3390/su12208438,DOI:10.1108/ebr-11-2018-0203,4
DOI:10.3390/su12208438,DOI:10.1177/2515127420916738,4
DOI:10.3390/su12208438,DOI:10.3991/ijet.v15i21.15647,3
DOI:10.3390/su12208438,DOI:10.5539/hes.v10n3p16,4
DOI:10.3390/su12208438,DOI:10.1016/j.psychres.2020.112934,4
DOI:10.3390/su12208438,DOI:10.1371/journal.pone.0239490,3
DOI:10.3390/su12208438,"ARNOU C., 2020, COVID 19 ED SPACES C",3
DOI:10.3390/su12208438,DOI:10.25215/0802.094,4
DOI:10.3390/su12208438,DOI:10.33902/jpsp.2020261309,5
DOI:10.3390/su12208438,"DALIPI FISNIK, 2022, INT J EDUC RES OPEN, V3, P100136, DOI [10.1016/J.IJEDRO.2022.100136, 10.1016/J.IJEDRO.2022.100136]",3
DOI:10.3390/su12208438,DOI:10.1186/s12909-020-02343-7,3
DOI:10.3390/su12208438,DOI:10.3390/jrfm13030055,6
DOI:10.3390/su12208438,DOI:10.5281/zenodo.7636568,4
DOI:10.3390/su12208438,DOI:10.1016/j.dib.2020.106104,3
DOI:10.3390/su12208438,DOI:10.1016/j.iheduc.2003.11.003,4
DOI:10.3390/su12208438,DOI:10.1016/j.childyouth.2020.105699,7
DOI:10.3390/su12208438,DOI:10.1186/s41239-020-00194-2,3
DOI:10.3390/su12208438,DOI:10.5281/zenodo.3878572,5
DOI:10.3390/su12208438,DOI:10.1080/01587910500081269,6
DOI:10.3390/su12208438,DOI:10.1111/j.1540-4609.2006.00114.x,3
DOI:10.3390/su12208438,DOI:10.1186/s12909-020-02312-0,4
DOI:10.3390/su12208438,"SMART KL, 2006, J INF TECHNOL EDUC-R, V5, P201",3
DOI:10.3390/su12208438,"SUN AN, 2016, J INF TECHNOL EDUC-R, V15, P157",4
DOI:10.3390/su12208438,DOI:10.29333/ojcmt/8286,3
DOI:10.3390/su12208438,DOI:10.1016/j.childyouth.2021.106160,3
DOI:10.3390/su12208438,"HODGES C., 2020, EDUCAUSE REVIEW, V3",4
DOI:10.3390/su12208438,"MUTHUPRASAD T, 2021, SOC SCI HUMANIT OPEN, V3, P100101, DOI [10.1016/J.SSAHO.2020.100101, 10.1016/J.SSAHO.2020.100101]",3
DOI:10.3390/su12208438,"BROOKS SAMANTHA K, 2020, LANCET, V395, P912, DOI [10.1016/S0140-6736(20)30460-8., 10.1016/S0140-6736(20)30460-8]",3
DOI:10.3390/su12208438,DOI:10.1016/s2352-4642(20)30095-x,4
DOI:10.3390/su12208438,DOI:10.1186/s12909-020-02208-z,4
DOI:10.3390/su12208438,DOI:10.1186/s12909-020-02257-4,3
DOI:10.3390/su12208438,DOI:10.2196/21279,6
DOI:10.3390/su12208438,DOI:10.3390/su12219194,3
DOI:10.3390/su12208438,DOI:10.1016/j.jad.2020.08.001,3
DOI:10.3390/su12208438,DOI:10.1016/j.jiph.2020.01.005,3
DOI:10.3390/su12208438,DOI:10.1080/01587919.2018.1553562,3
DOI:10.3390/su12208438,"MARINONI G., 2020, IAU GLOBAL SURVEY RE",3
DOI:10.3390/su12208438,"[ANONYMOUS], 2020, COVID-19 EDUCATIONAL DISRUPTION AND RESPONSE",3
DOI:10.3390/su12208438,DOI:10.1080/15325024.2020.1769300,4
DOI:10.3390/su12208438,DOI:10.1007/s12528-018-9179-z,3
DOI:10.3390/su12208438,DOI:10.1163/9789004702813_021],3
DOI:10.3390/su12208438,"CHIRIKOV I., 2020, UNDERGRADUATE AND GRADUATE STUDENTS MENTAL HEALTH DURING THE COVID-19 PANDEMIC",3
DOI:10.3390/su12208438,DOI:10.7759/cureus.8966,3
DOI:10.3390/su12208438,DOI:10.1037/0021-9010.88.5.879,3
DOI:10.3390/su12208438,DOI:10.1108/ils-04-2020-0119,3
DOI:10.3390/su13010057,"RAPANTA CHRYSI, 2020, POSTDIGIT SCI EDUC, V2, P923, DOI [10.1007/S42438-020-00155-Y, 10.1007/S42438-020-00155-Y]",4
DOI:10.3390/su13010057,DOI:10.1007/s10639-021-10523-1,4
DOI:10.3390/su13010057,DOI:10.1371/journal.pone.0239490,3
DOI:10.3390/su13010057,DOI:10.1016/j.psychres.2020.112934,3
DOI:10.3390/su13010057,DOI:10.12669/pjms.36.covid19-s4.2785,3
DOI:10.3390/su13010057,"MUTHUPRASAD T, 2021, SOC SCI HUMANIT OPEN, V3, P100101, DOI [10.1016/J.SSAHO.2020.100101, 10.1016/J.SSAHO.2020.100101]",4
DOI:10.3390/su13010057,DOI:10.1080/15325024.2020.1769300,3
DOI:10.3390/su13010057,DOI:10.1186/s12909-020-02312-0,3
"RAPANTA CHRYSI, 2020, POSTDIGIT SCI EDUC, V2, P923, DOI [10.1007/S42438-020-00155-Y, 10.1007/S42438-020-00155-Y]",DOI:10.1080/15313220.2020.1768621,3
"RAPANTA CHRYSI, 2020, POSTDIGIT SCI EDUC, V2, P923, DOI [10.1007/S42438-020-00155-Y, 10.1007/S42438-020-00155-Y]",DOI:10.1016/j.acalib.2021.102346,3
"RAPANTA CHRYSI, 2020, POSTDIGIT SCI EDUC, V2, P923, DOI [10.1007/S42438-020-00155-Y, 10.1007/S42438-020-00155-Y]",DOI:10.1016/j.childyouth.2020.105578,3
"RAPANTA CHRYSI, 2020, POSTDIGIT SCI EDUC, V2, P923, DOI [10.1007/S42438-020-00155-Y, 10.1007/S42438-020-00155-Y]",DOI:10.1186/s41239-019-0152-3,3
"RAPANTA CHRYSI, 2020, POSTDIGIT SCI EDUC, V2, P923, DOI [10.1007/S42438-020-00155-Y, 10.1007/S42438-020-00155-Y]","ALLY M, 2008, THEORY AND PRACTICE OF ONLINE LEARNING, 2ND EDITION, P15",3
"RAPANTA CHRYSI, 2020, POSTDIGIT SCI EDUC, V2, P923, DOI [10.1007/S42438-020-00155-Y, 10.1007/S42438-020-00155-Y]",DOI:10.1001/jama.2020.5227,3
"RAPANTA CHRYSI, 2020, POSTDIGIT SCI EDUC, V2, P923, DOI [10.1007/S42438-020-00155-Y, 10.1007/S42438-020-00155-Y]",DOI:10.1007/s10639-021-10523-1,3
"RAPANTA CHRYSI, 2020, POSTDIGIT SCI EDUC, V2, P923, DOI [10.1007/S42438-020-00155-Y, 10.1007/S42438-020-00155-Y]",DOI:10.1007/s13158-020-00272-6,3
"RAPANTA CHRYSI, 2020, POSTDIGIT SCI EDUC, V2, P923, DOI [10.1007/S42438-020-00155-Y, 10.1007/S42438-020-00155-Y]",DOI:10.1080/10872981.2021.1920090,4
"RAPANTA CHRYSI, 2020, POSTDIGIT SCI EDUC, V2, P923, DOI [10.1007/S42438-020-00155-Y, 10.1007/S42438-020-00155-Y]",DOI:10.1371/journal.pone.0239490,3
"RAPANTA CHRYSI, 2020, POSTDIGIT SCI EDUC, V2, P923, DOI [10.1007/S42438-020-00155-Y, 10.1007/S42438-020-00155-Y]",DOI:10.1371/journal.pone.0249423,3
"RAPANTA CHRYSI, 2020, POSTDIGIT SCI EDUC, V2, P923, DOI [10.1007/S42438-020-00155-Y, 10.1007/S42438-020-00155-Y]",DOI:10.24191/ajue.v16i2.10294,3
"RAPANTA CHRYSI, 2020, POSTDIGIT SCI EDUC, V2, P923, DOI [10.1007/S42438-020-00155-Y, 10.1007/S42438-020-00155-Y]","MISHRA LOKANATH, 2020, INT J EDUC RES OPEN, V1, P100012, DOI [10.1016/J.IJEDRO.2020.100012, 10.1016/J.IJEDRO.2020.100012]",6
"RAPANTA CHRYSI, 2020, POSTDIGIT SCI EDUC, V2, P923, DOI [10.1007/S42438-020-00155-Y, 10.1007/S42438-020-00155-Y]",DOI:10.1002/hbe2.191,13
"RAPANTA CHRYSI, 2020, POSTDIGIT SCI EDUC, V2, P923, DOI [10.1007/S42438-020-00155-Y, 10.1007/S42438-020-00155-Y]",DOI:10.1016/j.psychres.2020.112934,3
"RAPANTA CHRYSI, 2020, POSTDIGIT SCI EDUC, V2, P923, DOI [10.1007/S42438-020-00155-Y, 10.1007/S42438-020-00155-Y]",DOI:10.1080/02619768.2020.1821184,4
"RAPANTA CHRYSI, 2020, POSTDIGIT SCI EDUC, V2, P923, DOI [10.1007/S42438-020-00155-Y, 10.1007/S42438-020-00155-Y]",DOI:10.1108/itse-06-2020-0087,3
"RAPANTA CHRYSI, 2020, POSTDIGIT SCI EDUC, V2, P923, DOI [10.1007/S42438-020-00155-Y, 10.1007/S42438-020-00155-Y]",DOI:10.29333/pr/7947,3
"RAPANTA CHRYSI, 2020, POSTDIGIT SCI EDUC, V2, P923, DOI [10.1007/S42438-020-00155-Y, 10.1007/S42438-020-00155-Y]",DOI:10.1002/hbe2.218,3
"RAPANTA CHRYSI, 2020, POSTDIGIT SCI EDUC, V2, P923, DOI [10.1007/S42438-020-00155-Y, 10.1007/S42438-020-00155-Y]",DOI:10.1007/s10758-020-09454-6,3
"RAPANTA CHRYSI, 2020, POSTDIGIT SCI EDUC, V2, P923, DOI [10.1007/S42438-020-00155-Y, 10.1007/S42438-020-00155-Y]",DOI:10.24059/olj.v24i2.2285,4
"RAPANTA CHRYSI, 2020, POSTDIGIT SCI EDUC, V2, P923, DOI [10.1007/S42438-020-00155-Y, 10.1007/S42438-020-00155-Y]",DOI:10.24059/olj.v25i1.2470,3
"RAPANTA CHRYSI, 2020, POSTDIGIT SCI EDUC, V2, P923, DOI [10.1007/S42438-020-00155-Y, 10.1007/S42438-020-00155-Y]",DOI:10.3390/jrfm13030055,6
"RAPANTA CHRYSI, 2020, POSTDIGIT SCI EDUC, V2, P923, DOI [10.1007/S42438-020-00155-Y, 10.1007/S42438-020-00155-Y]",DOI:10.3991/ijet.v15i21.15647,3
"RAPANTA CHRYSI, 2020, POSTDIGIT SCI EDUC, V2, P923, DOI [10.1007/S42438-020-00155-Y, 10.1007/S42438-020-00155-Y]",DOI:10.5539/hes.v10n3p16,6
"RAPANTA CHRYSI, 2020, POSTDIGIT SCI EDUC, V2, P923, DOI [10.1007/S42438-020-00155-Y, 10.1007/S42438-020-00155-Y]",DOI:10.1037/0003-066x.55.1.68,3
"RAPANTA CHRYSI, 2020, POSTDIGIT SCI EDUC, V2, P923, DOI [10.1007/S42438-020-00155-Y, 10.1007/S42438-020-00155-Y]",DOI:10.1163/9789004702813_021],9
"RAPANTA CHRYSI, 2020, POSTDIGIT SCI EDUC, V2, P923, DOI [10.1007/S42438-020-00155-Y, 10.1007/S42438-020-00155-Y]",DOI:10.1186/s41239-019-0136-3,5
"RAPANTA CHRYSI, 2020, POSTDIGIT SCI EDUC, V2, P923, DOI [10.1007/S42438-020-00155-Y, 10.1007/S42438-020-00155-Y]",DOI:10.3390/healthcare8030200,3
"RAPANTA CHRYSI, 2020, POSTDIGIT SCI EDUC, V2, P923, DOI [10.1007/S42438-020-00155-Y, 10.1007/S42438-020-00155-Y]","KEENGWE JARED., 2010, MERLOT JOURNAL OF ONLINE LEARNING AND TEACHING, V6, P533",3
"RAPANTA CHRYSI, 2020, POSTDIGIT SCI EDUC, V2, P923, DOI [10.1007/S42438-020-00155-Y, 10.1007/S42438-020-00155-Y]","RANI N S., 2014, INT REV MANAGEMENT B, V3, P1984",3
"RAPANTA CHRYSI, 2020, POSTDIGIT SCI EDUC, V2, P923, DOI [10.1007/S42438-020-00155-Y, 10.1007/S42438-020-00155-Y]",DOI:10.1007/s11747-014-0403-8,3
"RAPANTA CHRYSI, 2020, POSTDIGIT SCI EDUC, V2, P923, DOI [10.1007/S42438-020-00155-Y, 10.1007/S42438-020-00155-Y]",DOI:10.1080/01587919.2013.835779,4
"RAPANTA CHRYSI, 2020, POSTDIGIT SCI EDUC, V2, P923, DOI [10.1007/S42438-020-00155-Y, 10.1007/S42438-020-00155-Y]",DOI:10.1080/01587919.2020.1724768,5
"RAPANTA CHRYSI, 2020, POSTDIGIT SCI EDUC, V2, P923, DOI [10.1007/S42438-020-00155-Y, 10.1007/S42438-020-00155-Y]",DOI:10.1080/08841241.2015.1083511,3
"RAPANTA CHRYSI, 2020, POSTDIGIT SCI EDUC, V2, P923, DOI [10.1007/S42438-020-00155-Y, 10.1007/S42438-020-00155-Y]",DOI:10.2196/21279,3
"RAPANTA CHRYSI, 2020, POSTDIGIT SCI EDUC, V2, P923, DOI [10.1007/S42438-020-00155-Y, 10.1007/S42438-020-00155-Y]",DOI:10.33902/jpsp.2020261309,4
"RAPANTA CHRYSI, 2020, POSTDIGIT SCI EDUC, V2, P923, DOI [10.1007/S42438-020-00155-Y, 10.1007/S42438-020-00155-Y]",DOI:10.5281/zenodo.3878572,3
"RAPANTA CHRYSI, 2020, POSTDIGIT SCI EDUC, V2, P923, DOI [10.1007/S42438-020-00155-Y, 10.1007/S42438-020-00155-Y]","SHAHZAD ARFAN, 2021, QUAL QUANT, V55, P805, DOI [10.1007/S11135-020-01028-Z, 10.1007/S11135-020-01028-Z]",4
"RAPANTA CHRYSI, 2020, POSTDIGIT SCI EDUC, V2, P923, DOI [10.1007/S42438-020-00155-Y, 10.1007/S42438-020-00155-Y]",DOI:10.1007/s10639-021-10519-x,3
"RAPANTA CHRYSI, 2020, POSTDIGIT SCI EDUC, V2, P923, DOI [10.1007/S42438-020-00155-Y, 10.1007/S42438-020-00155-Y]",DOI:10.5281/zenodo.7636568,4
"RAPANTA CHRYSI, 2020, POSTDIGIT SCI EDUC, V2, P923, DOI [10.1007/S42438-020-00155-Y, 10.1007/S42438-020-00155-Y]","HODGES C., 2020, EDUCAUSE REVIEW, V3",3
"RAPANTA CHRYSI, 2020, POSTDIGIT SCI EDUC, V2, P923, DOI [10.1007/S42438-020-00155-Y, 10.1007/S42438-020-00155-Y]","MEANS B., 2010, EVALUATION OF EVIDENCE-BASED PRACTICES IN ONLINE LEARNING: A META-ANALYSIS AND REVIEW OF ONLINE LEARNING STUDIES",3
"RAPANTA CHRYSI, 2020, POSTDIGIT SCI EDUC, V2, P923, DOI [10.1007/S42438-020-00155-Y, 10.1007/S42438-020-00155-Y]",DOI:10.1007/s11125-020-09464-3,4
"RAPANTA CHRYSI, 2020, POSTDIGIT SCI EDUC, V2, P923, DOI [10.1007/S42438-020-00155-Y, 10.1007/S42438-020-00155-Y]",DOI:10.1007/s11423-020-09884-0,3
"RAPANTA CHRYSI, 2020, POSTDIGIT SCI EDUC, V2, P923, DOI [10.1007/S42438-020-00155-Y, 10.1007/S42438-020-00155-Y]",DOI:10.1016/j.compedu.2010.05.004,4
DOI:10.1016/s0140-6736(20)30185-9,DOI:10.1007/s10639-019-09863-w,3
DOI:10.1016/s0140-6736(20)30185-9,DOI:10.22230/ijepl.2016v11n3a651,3
DOI:10.1108/jima-09-2020-0301,DOI:10.1080/01587910500081269,3
DOI:10.5771/9783845279893-1090-1,"[ANONYMOUS], 2020, COVID-19 EDUCATIONAL DISRUPTION AND RESPONSE",3
DOI:10.5771/9783845279893-1090-1,DOI:10.1177/1077695814536398,3
DOI:10.5771/9783845279893-1090-1,"YUKSELTURK E, 2008, EDUC TECHNOL SOC, V11, P51",5
DOI:10.5771/9783845279893-1090-1,DOI:10.1016/j.compedu.2017.06.010,3
DOI:10.5771/9783845279893-1090-1,DOI:10.1080/01587919.2018.1553562,4
DOI:10.5771/9783845279893-1090-1,DOI:10.1080/08923640802039024,3
DOI:10.5771/9783845279893-1090-1,DOI:10.1080/08923648909526659],3
DOI:10.5771/9783845279893-1090-1,DOI:10.1111/j.1540-4609.2006.00114.x,4
DOI:10.5771/9783845279893-1090-1,DOI:10.19030/cier.v9i1.9549],3
DOI:10.5771/9783845279893-1090-1,DOI:10.19173/irrodl.v14i1.1338,5
DOI:10.5771/9783845279893-1090-1,DOI:10.22230/ijepl.2016v11n3a651,3
DOI:10.5771/9783845279893-1090-1,DOI:10.3390/jrfm13030055,3
DOI:10.1007/s10639-020-10219-y,DOI:10.1007/s11125-020-09464-3,3
DOI:10.1007/s10639-020-10219-y,DOI:10.33902/jpsp.2020261309,3
DOI:10.1007/s10639-020-10219-y,DOI:10.5281/zenodo.7636568,3
DOI:10.1007/s10639-020-10219-y,DOI:10.1007/s10639-020-10331-z,3
DOI:10.1007/s10639-020-10219-y,"[ANONYMOUS], 2020, COVID-19 EDUCATIONAL DISRUPTION AND RESPONSE",4
DOI:10.1007/s10639-020-10219-y,DOI:10.1016/j.psychres.2020.112934,3
DOI:10.1007/s10639-020-10219-y,DOI:10.1080/15325024.2020.1769300,4
DOI:10.1007/s10639-020-10219-y,DOI:10.1371/journal.pone.0239490,3
DOI:10.1007/s10639-020-10219-y,DOI:10.4324/9780203415986-21,3
DOI:10.1007/s10639-020-10219-y,DOI:10.1007/s11747-014-0403-8,6
DOI:10.1007/s10639-020-10219-y,DOI:10.3390/educsci10090216,4
DOI:10.1007/s10639-020-10219-y,DOI:10.1016/j.chb.2015.11.036,3
DOI:10.1007/s10639-020-10219-y,DOI:10.1037/0021-9010.88.5.879,4
DOI:10.1007/s10639-020-10219-y,DOI:10.1108/ebr-11-2018-0203,4
DOI:10.1007/s10639-020-10219-y,DOI:10.3389/fpsyg.2019.01652,3
DOI:10.1007/s10639-020-10219-y,DOI:10.1016/j.iheduc.2019.01.001,3
DOI:10.1007/s10639-020-10219-y,DOI:10.1080/08923647.2016.1193801,3
DOI:10.1007/s10639-020-10219-y,DOI:10.1186/s12909-020-02208-z,4
DOI:10.1007/s10639-020-10219-y,DOI:10.5539/hes.v10n3p16,3
DOI:10.1007/s10639-020-10219-y,DOI:10.1002/hbe2.191,3
DOI:10.1007/s10639-020-10219-y,DOI:10.24093/awej/vol11no3.1,3
DOI:10.1007/s10639-020-10219-y,DOI:10.1016/j.ijinfomgt.2018.05.005,3
DOI:10.1007/s11125-020-09464-3,DOI:10.1016/j.iheduc.2003.11.003,3
DOI:10.1007/s11125-020-09464-3,DOI:10.5281/zenodo.7636568,3
DOI:10.1007/s11125-020-09464-3,DOI:10.25215/0802.094,3
DOI:10.1007/s11125-020-09464-3,DOI:10.1007/s40670-021-01231-z,3
DOI:10.1007/s11125-020-09464-3,DOI:10.1016/j.compedu.2010.05.004,3
DOI:10.1007/s11125-020-09464-3,DOI:10.5539/hes.v10n3p16,3
DOI:10.1016/j.compedu.2009.06.014,"CHIN WW, 1998, QUANT METH SER, P295",3
DOI:10.1016/j.iheduc.2003.11.003,DOI:10.1016/j.iheduc.2010.10.001,3
DOI:10.1016/j.iheduc.2003.11.003,DOI:10.1080/00098655.2020.1751480],3
DOI:10.1016/j.iheduc.2003.11.003,DOI:10.33902/jpsp.2020261309,4
DOI:10.1016/j.iheduc.2003.11.003,DOI:10.1016/s1096-7516(02)00164-1,5
DOI:10.1016/j.iheduc.2003.11.003,DOI:10.1088/1742-6596/1108/1/012094],3
DOI:10.1016/j.iheduc.2003.11.003,"SMART KL, 2006, J INF TECHNOL EDUC-R, V5, P201",3
DOI:10.1016/j.iheduc.2003.11.003,DOI:10.1080/0144929x.2018.1474254,3
DOI:10.1016/j.iheduc.2003.11.003,"MCBRIEN JL, 2009, INT REV RES OPEN DIS, V10",3
DOI:10.1016/j.iheduc.2003.11.003,DOI:10.1371/journal.pone.0239490,3
DOI:10.1016/j.iheduc.2003.11.003,DOI:10.3402/rlt.v23.26507,3
DOI:10.1016/j.iheduc.2003.11.003,DOI:10.1080/08923649709526970],3
DOI:10.1016/j.iheduc.2003.11.003,DOI:10.1097/md.0000000000024821,4
DOI:10.1016/j.iheduc.2003.11.003,DOI:10.12669/pjms.36.covid19-s4.2785,4
DOI:10.1016/j.iheduc.2003.11.003,"MUTHUPRASAD T, 2021, SOC SCI HUMANIT OPEN, V3, P100101, DOI [10.1016/J.SSAHO.2020.100101, 10.1016/J.SSAHO.2020.100101]",3
DOI:10.1016/j.iheduc.2003.11.003,DOI:10.1016/j.iheduc.2011.04.001,4
DOI:10.1016/j.iheduc.2003.11.003,DOI:10.1080/01587910500081269,6
DOI:10.1016/j.iheduc.2003.11.003,DOI:10.3389/fpsyg.2014.01278,3
DOI:10.1016/j.iheduc.2003.11.003,"SUN AN, 2016, J INF TECHNOL EDUC-R, V15, P157",3
DOI:10.1016/j.iheduc.2003.11.003,DOI:10.1080/15325024.2020.1769300,3
DOI:10.1016/j.iheduc.2003.11.003,DOI:10.1186/s12909-018-1240-0,3
DOI:10.1016/j.iheduc.2010.10.001,DOI:10.29333/pr/7947,3
DOI:10.1016/j.iheduc.2010.10.001,DOI:10.33902/jpsp.2020261309,3
DOI:10.1016/j.iheduc.2010.10.001,DOI:10.1002/hbe2.191,5
DOI:10.1016/j.iheduc.2010.10.001,DOI:10.1016/j.compedu.2006.11.007,3
DOI:10.1016/j.iheduc.2010.10.001,DOI:10.1016/j.ijinfomgt.2018.05.005,3
DOI:10.1016/j.iheduc.2010.10.001,DOI:10.1080/10963758.2021.1907195,3
DOI:10.1016/j.iheduc.2010.10.001,DOI:10.1108/ebr-11-2018-0203,4
DOI:10.1016/j.iheduc.2010.10.001,DOI:10.1111/jcal.12258,3
DOI:10.1016/j.iheduc.2010.10.001,DOI:10.2307/3151312,3
DOI:10.1016/j.iheduc.2010.10.001,DOI:10.1080/01587910500081269,3
DOI:10.1016/j.iheduc.2010.10.001,DOI:10.1016/j.iheduc.2011.11.006,7
DOI:10.1016/j.iheduc.2010.10.001,DOI:10.1007/s10639-019-10027-z,3
DOI:10.1016/j.iheduc.2010.10.001,DOI:10.1016/j.psychres.2020.112934,3
DOI:10.1016/j.iheduc.2010.10.001,DOI:10.1080/15325024.2020.1769300,3
DOI:10.1016/j.iheduc.2010.10.001,DOI:10.1007/s10639-021-10523-1,3
DOI:10.1016/j.iheduc.2010.10.001,"BALORAN ET, 2021, TURK ONLINE J DISTAN, V22, P1",3
DOI:10.1016/j.iheduc.2010.10.001,DOI:10.1016/j.compedu.2010.05.004,3
DOI:10.1016/j.iheduc.2010.10.001,DOI:10.1080/01587919.2020.1724768,4
DOI:10.1016/j.iheduc.2010.10.001,"BENSON A., 2002, QUARTERLY REVIEW OF DISTANCE EDUCATION, V3, P443",4
DOI:10.1016/j.iheduc.2010.10.001,"CONRAD D., 2002, THE JOURNAL OF DISTANCE EDUCATION, V17, P1",4
DOI:10.1016/j.iheduc.2010.10.001,DOI:10.3389/feduc.2021.638470,3
DOI:10.1016/j.iheduc.2010.10.001,DOI:10.3402/rlt.v23.26507,5
DOI:10.1016/j.iheduc.2010.10.001,DOI:10.1016/j.chb.2011.08.005,3
DOI:10.1016/j.iheduc.2010.10.001,DOI:10.1016/s2352-4642(20)30095-x,4
DOI:10.1016/j.iheduc.2010.10.001,DOI:10.1016/s2468-2667(20)30084-0,3
DOI:10.24042/kons.v7i1.6389,DOI:10.29333/pr/7937],3
DOI:10.24042/kons.v7i1.6389,DOI:10.33902/jpsp.2020261309,3
DOI:10.29333/ejmste/8240,DOI:10.29333/pr/7947,3
DOI:10.29333/ejmste/8240,DOI:10.33902/jpsp.2020261309,4
DOI:10.29333/pr/7937],DOI:10.29333/pr/7947,3
DOI:10.29333/pr/7937],DOI:10.33902/jpsp.2020261309,5
DOI:10.29333/pr/7937],DOI:10.5032/jae.2012.03098,3
DOI:10.29333/pr/7937],DOI:10.1002/hbe2.191,6
DOI:10.29333/pr/7937],DOI:10.1080/01587910500081269,3
DOI:10.29333/pr/7937],DOI:10.1186/s12909-020-02312-0,3
DOI:10.29333/pr/7937],"SUN AN, 2016, J INF TECHNOL EDUC-R, V15, P157",3
DOI:10.29333/pr/7947,DOI:10.33902/jpsp.2020261309,10
DOI:10.29333/pr/7947,DOI:10.5281/zenodo.7636568,3
DOI:10.29333/pr/7947,DOI:10.24059/olj.v24i2.2285,3
DOI:10.29333/pr/7947,DOI:10.1002/hbe2.191,13
DOI:10.29333/pr/7947,DOI:10.3390/jrfm13020036,3
DOI:10.29333/pr/7947,"KOPP M, 2019, INTED PROC, P1448",3
DOI:10.29333/pr/7947,DOI:10.1007/s12528-018-9179-z,3
DOI:10.29333/pr/7947,DOI:10.5539/hes.v10n3p16,3
DOI:10.29333/pr/7947,DOI:10.1007/s40670-021-01231-z,3
DOI:10.29333/pr/7947,DOI:10.1016/j.psychres.2020.112934,4
DOI:10.29333/pr/7947,"KAUR G., 2020, CLIO AN ANNUAL INTERDISCIPLINARY JOURNAL OF HISTORY, V6, P416",3
DOI:10.29333/pr/7947,DOI:10.29333/ojcmt/8286,3
DOI:10.29333/pr/7947,DOI:10.5281/zenodo.3878572,3
DOI:10.29333/pr/7947,DOI:10.1016/j.jiph.2020.01.005,3
DOI:10.29333/pr/7947,DOI:10.3390/jrfm13030055,3
DOI:10.3390/healthcare8030200,DOI:10.33902/jpsp.2020261309,4
DOI:10.3390/healthcare8030200,DOI:10.1002/hbe2.191,4
DOI:10.3390/healthcare8030200,"KEENGWE JARED., 2010, MERLOT JOURNAL OF ONLINE LEARNING AND TEACHING, V6, P533",3
DOI:10.3390/healthcare8030200,DOI:10.1186/s12909-020-02208-z,3
DOI:10.3390/healthcare8030200,DOI:10.3390/jrfm13030055,5
DOI:10.3390/healthcare8030200,DOI:10.1037/0003-066x.55.1.68,4
DOI:10.3390/healthcare8030200,DOI:10.1186/s41239-019-0136-3,3
DOI:10.3390/healthcare8030200,DOI:10.1007/s11747-014-0403-8,3
DOI:10.3390/healthcare8030200,DOI:10.1016/j.cedpsych.2020.101860,3
DOI:10.3390/healthcare8030200,DOI:10.1007/s40670-021-01231-z,3
DOI:10.33902/jpsp.2020261309,DOI:10.5281/zenodo.7636568,6
DOI:10.33902/jpsp.2020261309,DOI:10.1111/bjet.13206,5
DOI:10.33902/jpsp.2020261309,DOI:10.1155/2021/6649524,3
DOI:10.33902/jpsp.2020261309,DOI:10.1163/9789004702813_021],9
DOI:10.33902/jpsp.2020261309,DOI:10.1108/aeds-06-2020-0131,6
DOI:10.33902/jpsp.2020261309,DOI:10.1111/bjet.13190,3
DOI:10.33902/jpsp.2020261309,DOI:10.12973/eu-jer.11.1.243,3
DOI:10.33902/jpsp.2020261309,DOI:10.2139/ssrn.3831526,4
DOI:10.33902/jpsp.2020261309,DOI:10.3126/kumj.v18i2.32943,3
DOI:10.33902/jpsp.2020261309,DOI:10.3389/feduc.2021.638470,3
DOI:10.33902/jpsp.2020261309,DOI:10.3390/educsci11120799,3
DOI:10.33902/jpsp.2020261309,DOI:10.3991/ijet.v15i21.15647,5
DOI:10.33902/jpsp.2020261309,"MUTHUPRASAD T, 2021, SOC SCI HUMANIT OPEN, V3, P100101, DOI [10.1016/J.SSAHO.2020.100101, 10.1016/J.SSAHO.2020.100101]",8
DOI:10.33902/jpsp.2020261309,DOI:10.1007/bf02291575,3
DOI:10.33902/jpsp.2020261309,DOI:10.1016/j.chb.2021.106713,3
DOI:10.33902/jpsp.2020261309,DOI:10.1111/bjet.13102,4
DOI:10.33902/jpsp.2020261309,DOI:10.31681/jetol.726441],3
DOI:10.33902/jpsp.2020261309,DOI:10.1002/ece3.7123,3
DOI:10.33902/jpsp.2020261309,DOI:10.1007/s10639-021-10656-3,3
DOI:10.33902/jpsp.2020261309,DOI:10.1016/j.scs.2022.103958,3
DOI:10.33902/jpsp.2020261309,DOI:10.1002/hbe2.191,6
DOI:10.33902/jpsp.2020261309,DOI:10.1007/s12528-018-9179-z,3
DOI:10.33902/jpsp.2020261309,DOI:10.1177/1477971420947738,3
DOI:10.33902/jpsp.2020261309,"KOPP M, 2019, INTED PROC, P1448",3
DOI:10.33902/jpsp.2020261309,DOI:10.1037/stl0000198],4
DOI:10.33902/jpsp.2020261309,DOI:10.18662/rrem/12.1sup2/252,3
DOI:10.33902/jpsp.2020261309,DOI:10.1016/j.childyouth.2020.105699,7
DOI:10.33902/jpsp.2020261309,DOI:10.1037/13620-004,6
DOI:10.33902/jpsp.2020261309,DOI:10.12669/pjms.36.covid19-s4.2785,6
DOI:10.33902/jpsp.2020261309,DOI:10.5539/hes.v10n3p16,6
DOI:10.33902/jpsp.2020261309,"MISHRA LOKANATH, 2020, INT J EDUC RES OPEN, V1, P100012, DOI [10.1016/J.IJEDRO.2020.100012, 10.1016/J.IJEDRO.2020.100012]",8
DOI:10.33902/jpsp.2020261309,"SHAHZAD ARFAN, 2021, QUAL QUANT, V55, P805, DOI [10.1007/S11135-020-01028-Z, 10.1007/S11135-020-01028-Z]",3
DOI:10.33902/jpsp.2020261309,DOI:10.1007/s10639-021-10593-1,3
DOI:10.33902/jpsp.2020261309,DOI:10.1007/s10734-021-00748-x,3
DOI:10.33902/jpsp.2020261309,DOI:10.1016/j.chbr.2021.100130,5
DOI:10.33902/jpsp.2020261309,DOI:10.1186/s41239-020-00216-z,3
DOI:10.33902/jpsp.2020261309,DOI:10.1016/j.psychres.2020.112934,5
DOI:10.33902/jpsp.2020261309,DOI:10.1186/s12909-020-02312-0,3
DOI:10.33902/jpsp.2020261309,DOI:10.1080/0158791042000212440,3
DOI:10.33902/jpsp.2020261309,DOI:10.46627/silet.v1i3.46],5
DOI:10.33902/jpsp.2020261309,DOI:10.1016/j.childyouth.2021.106160,5
DOI:10.33902/jpsp.2020261309,DOI:10.1080/15391523.2021.1891998,3
DOI:10.33902/jpsp.2020261309,DOI:10.1108/ils-04-2020-0124,3
DOI:10.33902/jpsp.2020261309,DOI:10.46627/silet.v1i3.45,3
DOI:10.33902/jpsp.2020261309,DOI:10.46627/silet.v1i2.38],3
DOI:10.33902/jpsp.2020261309,"PAUDEL P, 2021, INT J STUD EDUC, V3",3
DOI:10.33902/jpsp.2020261309,DOI:10.2196/21279,3
DOI:10.33902/jpsp.2020261309,DOI:10.5281/zenodo.3878572,5
DOI:10.33902/jpsp.2020261309,DOI:10.1007/s40670-020-01165-y,4
DOI:10.33902/jpsp.2020261309,DOI:10.1016/j.childyouth.2020.105582,3
DOI:10.33902/jpsp.2020261309,DOI:10.1097/md.0000000000024821,6
DOI:10.33902/jpsp.2020261309,DOI:10.1186/s41239-021-00252-3,3
DOI:10.33902/jpsp.2020261309,DOI:10.3390/socsci11020042,3
DOI:10.33902/jpsp.2020261309,DOI:10.1080/10749039.2008.11028288,3
DOI:10.33902/jpsp.2020261309,DOI:10.12669/pjms.36.covid19-s4.2766,3
DOI:10.33902/jpsp.2020261309,DOI:10.1007/s10639-021-10507-1,3
DOI:10.33902/jpsp.2020261309,DOI:10.1016/j.acalib.2021.102346,3
DOI:10.33902/jpsp.2020261309,DOI:10.5430/ijhe.v9n6p1,4
DOI:10.33902/jpsp.2020261309,DOI:10.1007/s10639-021-10589-x,3
DOI:10.33902/jpsp.2020261309,DOI:10.1177/0049124192021002005,3
DOI:10.33902/jpsp.2020261309,"NGUYEN T., 2015, MERLOT JOURNAL OF ONLINE LEARNING AND TEACHING, V11, P309",3
DOI:10.33902/jpsp.2020261309,DOI:10.1007/s11092-020-09340-w,3
DOI:10.33902/jpsp.2020261309,DOI:10.1007/s12144-020-01307-w,3
DOI:10.33902/jpsp.2020261309,DOI:10.3390/jrfm13030055,4
DOI:10.33902/jpsp.2020261309,DOI:10.1108/ils-04-2020-0083,3
DOI:10.33902/jpsp.2020261309,DOI:10.1371/journal.pone.0239490,3
DOI:10.33902/jpsp.2020261309,DOI:10.24059/olj.v25i1.2470,3
DOI:10.5281/zenodo.7636568,DOI:10.1002/hbe2.191,7
DOI:10.5281/zenodo.7636568,DOI:10.1016/j.compedu.2010.05.004,5
DOI:10.5281/zenodo.7636568,DOI:10.1163/9789004702813_021],6
DOI:10.5281/zenodo.7636568,DOI:10.3390/jrfm13030055,4
DOI:10.5281/zenodo.7636568,"MEANS B., 2010, EVALUATION OF EVIDENCE-BASED PRACTICES IN ONLINE LEARNING: A META-ANALYSIS AND REVIEW OF ONLINE LEARNING STUDIES",4
DOI:10.5281/zenodo.7636568,DOI:10.1016/j.childyouth.2020.105355,3
DOI:10.5281/zenodo.7636568,DOI:10.1016/j.childyouth.2020.105699,4
DOI:10.5281/zenodo.7636568,DOI:10.5281/zenodo.3878572,8
DOI:10.5281/zenodo.7636568,DOI:10.5539/hes.v10n3p16,3
DOI:10.5281/zenodo.7636568,DOI:10.1080/0144341042000294868,3
DOI:10.5281/zenodo.7636568,"HODGES C., 2020, EDUCAUSE REVIEW, V3",3
DOI:10.5281/zenodo.7636568,DOI:10.1037/13620-004,3
DOI:10.5281/zenodo.7636568,DOI:10.1016/j.iheduc.2014.10.002,3
DOI:10.5281/zenodo.7636568,DOI:10.1080/02607476.2020.1801330,3
DOI:10.5281/zenodo.7636568,DOI:10.1108/ils-04-2020-0083,3
DOI:10.5281/zenodo.7636568,"[ANONYMOUS], 2020, POLICY BRIEF ED COVI",4
DOI:10.7759/cureus.8966,DOI:10.12669/pjms.36.covid19-s4.2766,4
DOI:10.7759/cureus.8966,DOI:10.1371/journal.pone.0242905,3
DOI:10.7759/cureus.8966,DOI:10.29333/ejecs/388,3
DOI:10.7759/cureus.8966,DOI:10.12669/pjms.36.covid19-s4.2785,3
DOI:10.7759/cureus.8966,DOI:10.1016/j.jsps.2020.07.008,3
DOI:10.7759/cureus.8966,DOI:10.1136/bmjopen-2020-042378,3
DOI:10.7759/cureus.8966,DOI:10.1186/s12909-020-02208-z,4
DOI:10.7759/cureus.8966,DOI:10.1186/s12909-020-02257-4,4
DOI:10.7759/cureus.8966,DOI:10.1186/s12909-020-02312-0,3
DOI:10.7759/cureus.8966,DOI:10.1037/0021-9010.88.5.879,3
DOI:10.7759/cureus.8966,DOI:10.1080/01587910500081269,3
DOI:10.1080/10749039.2008.11028288,DOI:10.1080/01587919.2013.835779,3
DOI:10.1186/s41239-018-0130-1,"KOPP M, 2019, INTED PROC, P1448",3
DOI:10.29333/ejecs/388,DOI:10.1186/s12909-020-02208-z,3
"KOPP M, 2019, INTED PROC, P1448",DOI:10.1080/10494820.2017.1337035,5
"KOPP M, 2019, INTED PROC, P1448",DOI:10.3102/00346543076001093,4
"KOPP M, 2019, INTED PROC, P1448","MEANS B., 2010, EVALUATION OF EVIDENCE-BASED PRACTICES IN ONLINE LEARNING: A META-ANALYSIS AND REVIEW OF ONLINE LEARNING STUDIES",3
"KOPP M, 2019, INTED PROC, P1448",DOI:10.1002/hbe2.191,3
"KOPP M, 2019, INTED PROC, P1448",DOI:10.20944/preprints202004.0290.v1],3
"CHIN WW, 1998, QUANT METH SER, P295",DOI:10.1002/hbe2.191,5
"CHIN WW, 1998, QUANT METH SER, P295",DOI:10.1016/j.compedu.2006.11.007,5
"CHIN WW, 1998, QUANT METH SER, P295",DOI:10.1016/j.ijinfomgt.2018.05.005,5
"CHIN WW, 1998, QUANT METH SER, P295",DOI:10.1108/ebr-11-2018-0203,5
"CHIN WW, 1998, QUANT METH SER, P295",DOI:10.2307/3151312,3
"CHIN WW, 1998, QUANT METH SER, P295",DOI:10.2307/3151718,5
"CHIN WW, 1998, QUANT METH SER, P295",DOI:10.1007/s11747-014-0403-8,8
"CHIN WW, 1998, QUANT METH SER, P295",DOI:10.1016/j.compedu.2012.07.015,3
"CHIN WW, 1998, QUANT METH SER, P295",DOI:10.1016/j.iheduc.2013.10.001,3
"CHIN WW, 1998, QUANT METH SER, P295",DOI:10.1080/01587919.2018.1553562,5
"CHIN WW, 1998, QUANT METH SER, P295",DOI:10.1080/03075079.2017.1298088,3
"CHIN WW, 1998, QUANT METH SER, P295",DOI:10.2307/2334290,3
"CHIN WW, 1998, QUANT METH SER, P295",DOI:10.3758/bf03206553,3
"CHIN WW, 1998, QUANT METH SER, P295",DOI:10.3758/brm.40.3.879,4
"CHIN WW, 1998, QUANT METH SER, P295",DOI:10.2753/mtp1069-6679190202,5
"CHIN WW, 1998, QUANT METH SER, P295",DOI:10.1016/j.chb.2015.11.036,3
"CHIN WW, 1998, QUANT METH SER, P295",DOI:10.1016/j.compedu.2004.10.007,4
"CHIN WW, 1998, QUANT METH SER, P295",DOI:10.1016/j.compedu.2009.09.002,3
"CHIN WW, 1998, QUANT METH SER, P295",DOI:10.1016/j.compedu.2017.12.001,3
"CHIN WW, 1998, QUANT METH SER, P295",DOI:10.1108/s1474-7979(2009)0000020014,4
"CHIN WW, 1998, QUANT METH SER, P295",DOI:10.1111/j.1467-8535.2011.01229.x,3
"CHIN WW, 1998, QUANT METH SER, P295",DOI:10.1287/mnsc.35.8.982,3
"CHIN WW, 1998, QUANT METH SER, P295",DOI:10.1287/mnsc.46.2.186.11926,5
"CHIN WW, 1998, QUANT METH SER, P295",DOI:10.2307/249688,3
"CHIN WW, 1998, QUANT METH SER, P295",DOI:10.4324/9780203771587],4
"CHIN WW, 1998, QUANT METH SER, P295","FISHBEIN M., 1980, UNDERSTANDING ATTITU",4
"CHIN WW, 1998, QUANT METH SER, P295",DOI:10.1016/j.chb.2014.07.044,4
"CHIN WW, 1998, QUANT METH SER, P295",DOI:10.1016/j.chb.2016.02.066,4
"CHIN WW, 1998, QUANT METH SER, P295",DOI:10.1016/j.tele.2018.03.012,4
"CHIN WW, 1998, QUANT METH SER, P295",DOI:10.1037/0033-2909.103.3.411,6
"CHIN WW, 1998, QUANT METH SER, P295",DOI:10.17705/1cais.00407,4
"CHIN WW, 1998, QUANT METH SER, P295",DOI:10.2307/3250921,6
"CHIN WW, 1998, QUANT METH SER, P295","BARCLAY D.W., 1995, TECHNOLOGY STUDIES, V2, P285",3
"CHIN WW, 1998, QUANT METH SER, P295",DOI:10.1016/j.chb.2016.10.028,5
"CHIN WW, 1998, QUANT METH SER, P295",DOI:10.1016/j.compedu.2019.02.012,3
"CHIN WW, 1998, QUANT METH SER, P295","ALDHOLAY ADNAN H., 2018, INTERNATIONAL JOURNAL OF SERVICES AND STANDARDS, V12, P163",3
"CHIN WW, 1998, QUANT METH SER, P295",DOI:10.1002/9781119239086],3
"CHIN WW, 1998, QUANT METH SER, P295",DOI:10.1002/asi.22757,3
"CHIN WW, 1998, QUANT METH SER, P295",DOI:10.1007/s11135-011-9579-x,3
"CHIN WW, 1998, QUANT METH SER, P295",DOI:10.1016/j.chb.2009.02.006,4
"CHIN WW, 1998, QUANT METH SER, P295",DOI:10.1016/j.chb.2016.06.020,3
"CHIN WW, 1998, QUANT METH SER, P295",DOI:10.1016/j.chb.2016.10.009,4
"CHIN WW, 1998, QUANT METH SER, P295",DOI:10.1016/j.compedu.2008.10.002,3
"CHIN WW, 1998, QUANT METH SER, P295",DOI:10.1016/j.compedu.2012.10.001,3
"CHIN WW, 1998, QUANT METH SER, P295",DOI:10.1016/j.compedu.2013.07.037,3
"CHIN WW, 1998, QUANT METH SER, P295",DOI:10.1016/j.cose.2014.10.015,3
"CHIN WW, 1998, QUANT METH SER, P295",DOI:10.1016/j.dss.2005.05.009,3
"CHIN WW, 1998, QUANT METH SER, P295",DOI:10.1016/j.giq.2007.06.002,3
"CHIN WW, 1998, QUANT METH SER, P295",DOI:10.1016/j.ijinfomgt.2012.03.001,3
"CHIN WW, 1998, QUANT METH SER, P295",DOI:10.1016/j.tele.2015.06.010,3
"CHIN WW, 1998, QUANT METH SER, P295",DOI:10.1108/02635570710822831,3
"CHIN WW, 1998, QUANT METH SER, P295",DOI:10.1108/el-11-2012-0148,3
"CHIN WW, 1998, QUANT METH SER, P295",DOI:10.1108/ijilt-11-2017-0116,3
"CHIN WW, 1998, QUANT METH SER, P295",DOI:10.1108/jeim-08-2013-0062,3
"CHIN WW, 1998, QUANT METH SER, P295",DOI:10.2307/249689,3
"CHIN WW, 1998, QUANT METH SER, P295",DOI:10.4258/hir.2015.21.1.43,3
"CHIN WW, 1998, QUANT METH SER, P295",DOI:10.4300/jgme-d-12-00156.1,3
"CHIN WW, 1998, QUANT METH SER, P295","GEFEN D, 2011, MIS QUART, V35, PIII",3
"CHIN WW, 1998, QUANT METH SER, P295","LEE KC, 2005, INT FED INFO PROC, V158, P135",3
"CHIN WW, 1998, QUANT METH SER, P295","[ANONYMOUS], 2017, INT J SOFT COMPUT",3
"CHIN WW, 1998, QUANT METH SER, P295",DOI:10.1016/j.chb.2019.08.004,3
"CHIN WW, 1998, QUANT METH SER, P295",DOI:10.1037/0021-9010.88.5.879,3
"CHIN WW, 1998, QUANT METH SER, P295",DOI:10.1287/isre.14.2.189.16018,3
DOI:10.1002/hbe2.191,DOI:10.1007/s10639-021-10519-x,3
DOI:10.1002/hbe2.191,DOI:10.1016/j.compedu.2006.11.007,3
DOI:10.1002/hbe2.191,DOI:10.1016/j.iheduc.2016.01.001,4
DOI:10.1002/hbe2.191,DOI:10.1016/j.ijinfomgt.2018.05.005,5
DOI:10.1002/hbe2.191,DOI:10.1108/ebr-11-2018-0203,6
DOI:10.1002/hbe2.191,DOI:10.1111/jcal.12258,3
DOI:10.1002/hbe2.191,DOI:10.3991/ijet.v15i21.15647,4
DOI:10.1002/hbe2.191,DOI:10.5539/hes.v10n3p16,9
DOI:10.1002/hbe2.191,DOI:10.1002/hbe2.240,3
DOI:10.1002/hbe2.191,DOI:10.1016/j.iheduc.2010.09.004,3
DOI:10.1002/hbe2.191,DOI:10.1371/journal.pone.0239490,5
DOI:10.1002/hbe2.191,"MISHRA LOKANATH, 2020, INT J EDUC RES OPEN, V1, P100012, DOI [10.1016/J.IJEDRO.2020.100012, 10.1016/J.IJEDRO.2020.100012]",8
DOI:10.1002/hbe2.191,"[ANONYMOUS], 2020, COVID-19 EDUCATIONAL DISRUPTION AND RESPONSE",8
DOI:10.1002/hbe2.191,DOI:10.1007/s10639-021-10523-1,6
DOI:10.1002/hbe2.191,DOI:10.1016/j.compedu.2010.05.004,7
DOI:10.1002/hbe2.191,DOI:10.29333/ojcmt/8286,7
DOI:10.1002/hbe2.191,"KEENGWE JARED., 2010, MERLOT JOURNAL OF ONLINE LEARNING AND TEACHING, V6, P533",3
DOI:10.1002/hbe2.191,DOI:10.1108/aeds-06-2020-0131,3
DOI:10.1002/hbe2.191,DOI:10.3390/jrfm13030055,11
DOI:10.1002/hbe2.191,"SARWAR HUMA, 2020, EUR J DENT, V14, PS34, DOI [10.1055/S-0040-1717000, 10.1055/S-0040-1717000]",3
DOI:10.1002/hbe2.191,DOI:10.1037/13620-004,4
DOI:10.1002/hbe2.191,DOI:10.1080/02619768.2020.1821184,3
DOI:10.1002/hbe2.191,DOI:10.1163/9789004702813_021],6
DOI:10.1002/hbe2.191,DOI:10.1186/s40561-020-00125-8,5
DOI:10.1002/hbe2.191,DOI:10.1007/s40670-021-01231-z,3
DOI:10.1002/hbe2.191,DOI:10.1016/j.iheduc.2015.11.003,3
DOI:10.1002/hbe2.191,DOI:10.1016/j.psychres.2020.112934,6
DOI:10.1002/hbe2.191,DOI:10.1037/0033-295x.84.2.191,4
DOI:10.1002/hbe2.191,DOI:10.1108/ils-04-2020-0138,3
DOI:10.1002/hbe2.191,DOI:10.1191/1478088706qp063oa],3
DOI:10.1002/hbe2.191,DOI:10.1080/08923648909526659],6
DOI:10.1002/hbe2.191,DOI:10.1002/hbe2.218,4
DOI:10.1002/hbe2.191,DOI:10.1016/j.ece.2021.01.012,4
DOI:10.1002/hbe2.191,DOI:10.1080/02607476.2020.1801330,3
DOI:10.1002/hbe2.191,DOI:10.24059/olj.v24i2.2285,5
DOI:10.1002/hbe2.191,DOI:10.24059/olj.v25i1.2470,3
DOI:10.1002/hbe2.191,DOI:10.1016/j.iheduc.2011.04.001,3
DOI:10.1002/hbe2.191,DOI:10.1111/j.1540-4609.2006.00114.x,5
DOI:10.1002/hbe2.191,DOI:10.1186/s12909-020-02312-0,3
DOI:10.1002/hbe2.191,DOI:10.3402/rlt.v23.26507,6
DOI:10.1002/hbe2.191,DOI:10.1016/j.iheduc.2019.01.001,4
DOI:10.1002/hbe2.191,DOI:10.1037/0003-066x.55.1.68,4
DOI:10.1002/hbe2.191,DOI:10.1080/10872981.2021.1920090,3
DOI:10.1002/hbe2.191,DOI:10.1080/10963758.2021.1907196,3
DOI:10.1002/hbe2.191,DOI:10.1186/s41239-019-0136-3,3
DOI:10.1002/hbe2.191,DOI:10.1007/s11747-014-0403-8,7
DOI:10.1002/hbe2.191,DOI:10.1016/j.compedu.2009.08.005,3
DOI:10.1002/hbe2.191,DOI:10.1037/0021-9010.88.5.879,3
DOI:10.1002/hbe2.191,DOI:10.1080/01587919.2020.1724768,6
DOI:10.1002/hbe2.191,DOI:10.1080/08841241.2015.1083511,3
DOI:10.1002/hbe2.191,DOI:10.1287/mnsc.35.8.982,3
DOI:10.1002/hbe2.191,DOI:10.1016/s2352-4642(20)30095-x,4
DOI:10.1002/hbe2.191,"SCHLEICHER A., 2020, IMPACT COVID 19 ED I",3
DOI:10.1002/hbe2.191,"[ANONYMOUS], 2021, ED DISRUPTION RECOVE",3
DOI:10.1002/hbe2.191,DOI:10.1016/j.chb.2019.08.004,3
DOI:10.1002/hbe2.191,DOI:10.2196/21279,5
DOI:10.1002/hbe2.191,DOI:10.5281/zenodo.3878572,4
DOI:10.1002/hbe2.191,"MARINONI G., 2020, IAU GLOBAL SURVEY RE",3
DOI:10.1002/hbe2.191,"SAXENA CHARU, 2021, JOURNAL OF EDUCATIONAL TECHNOLOGY SYSTEMS, V49, P532, DOI [10.1177/0047239520977798, 10.1177/0047239520977798]",4
DOI:10.1002/hbe2.191,DOI:10.1016/j.chb.2016.12.085,3
DOI:10.1002/hbe2.191,DOI:10.1080/01587910303043],4
DOI:10.1002/hbe2.191,DOI:10.1186/s41239-016-0034-x,3
DOI:10.1002/hbe2.191,DOI:10.4324/9780203771587],4
DOI:10.1002/hbe2.191,"ILGAZ H, 2015, INT REV RES OPEN DIS, V16, P171",3
DOI:10.1002/hbe2.191,DOI:10.1016/j.compedu.2009.11.008,4
DOI:10.1002/hbe2.191,DOI:10.1016/j.iheduc.2013.04.001,3
DOI:10.1002/hbe2.191,DOI:10.1207/s15389286ajde1903_2,3
DOI:10.1002/hbe2.191,DOI:10.1007/s10639-019-09863-w,4
DOI:10.1002/hbe2.191,DOI:10.1016/j.chb.2019.08.018,4
DOI:10.1002/hbe2.191,DOI:10.1016/j.iheduc.2013.10.001,4
DOI:10.1002/hbe2.191,DOI:10.1080/01587919.2018.1553562,9
DOI:10.1002/hbe2.191,DOI:10.19173/irrodl.v14i1.1338,4
DOI:10.1002/hbe2.191,DOI:10.22230/ijepl.2016v11n3a651,4
DOI:10.1002/hbe2.191,DOI:10.1007/s10648-006-9029-9,4
DOI:10.1002/hbe2.191,DOI:10.1111/j.1467-8535.2010.01112.x,3
DOI:10.1002/hbe2.191,DOI:10.24191/ajue.v16i2.10294,3
DOI:10.1002/hbe2.191,DOI:10.1016/j.compedu.2020.104111,3
DOI:10.1002/hbe2.191,DOI:10.1016/j.childyouth.2020.105355,3
DOI:10.1002/hbe2.191,DOI:10.3390/educsci10090216,3
DOI:10.1002/hbe2.191,DOI:10.1016/j.iheduc.2011.11.006,3
DOI:10.1007/s10639-021-10519-x,DOI:10.1016/j.compedu.2006.11.007,4
DOI:10.1007/s10639-021-10519-x,DOI:10.1097/md.0000000000024821,3
DOI:10.1007/s10639-021-10519-x,DOI:10.3991/ijet.v15i21.15647,5
DOI:10.1007/s10639-021-10519-x,DOI:10.1016/j.compedu.2010.05.004,3
DOI:10.1007/s10639-021-10519-x,"[ANONYMOUS], 2020, COVID-19 EDUCATIONAL DISRUPTION AND RESPONSE",3
DOI:10.1007/s10639-021-10519-x,DOI:10.5944/openpraxis.12.4.1153,3
DOI:10.1007/s10639-021-10519-x,DOI:10.1080/01587919.2018.1553562,4
DOI:10.1007/s10639-021-10519-x,"DEMIR KAYMAK Z, 2013, KURAM UYGUL EGIT BIL, V13, P1792",3
DOI:10.1007/s10639-021-10519-x,DOI:10.1016/j.iheduc.2013.10.001,3
DOI:10.1007/s10639-021-10519-x,DOI:10.1080/01587910500081269,3
DOI:10.1007/s10639-021-10519-x,DOI:10.1080/08923647.2015.994366,3
DOI:10.1007/s10639-021-10519-x,DOI:10.1080/08923648909526659],3
DOI:10.1007/s10639-021-10519-x,DOI:10.1186/s40561-021-00149-8,3
DOI:10.1007/s10639-021-10519-x,DOI:10.3390/su13126734,3
DOI:10.1007/s10639-021-10519-x,"YUKSELTURK E, 2008, EDUC TECHNOL SOC, V11, P51",3
DOI:10.1007/s11423-020-09753-w,DOI:10.1108/ebr-11-2018-0203,3
DOI:10.1007/s11423-020-09753-w,DOI:10.1016/j.compedu.2015.10.012,3
DOI:10.1007/s11423-020-09753-w,DOI:10.1080/08923648909526659],3
DOI:10.1016/j.comnet.2020.107290,DOI:10.1016/j.ijinfomgt.2018.05.005,3
DOI:10.1016/j.comnet.2020.107290,DOI:10.3991/ijet.v15i21.15647,3
DOI:10.1016/j.comnet.2020.107290,DOI:10.1080/15325024.2020.1769300,4
DOI:10.1016/j.comnet.2020.107290,DOI:10.1080/01587919.2020.1724768,3
DOI:10.1016/j.compedu.2006.11.007,DOI:10.1108/ebr-11-2018-0203,5
DOI:10.1016/j.compedu.2006.11.007,DOI:10.1007/s11747-014-0403-8,5
DOI:10.1016/j.compedu.2006.11.007,DOI:10.1016/j.chb.2015.11.036,3
DOI:10.1016/j.compedu.2006.11.007,DOI:10.1016/j.chb.2019.08.004,8
DOI:10.1016/j.compedu.2006.11.007,DOI:10.1016/j.compedu.2010.05.004,7
DOI:10.1016/j.compedu.2006.11.007,DOI:10.1016/j.compedu.2017.12.001,6
DOI:10.1016/j.compedu.2006.11.007,DOI:10.1016/j.eswa.2012.03.028,3
DOI:10.1016/j.compedu.2006.11.007,DOI:10.1080/01587919.2011.565496,3
DOI:10.1016/j.compedu.2006.11.007,DOI:10.1080/01587919.2020.1724768,4
DOI:10.1016/j.compedu.2006.11.007,DOI:10.1287/mnsc.35.8.982,4
DOI:10.1016/j.compedu.2006.11.007,DOI:10.2307/249688,3
DOI:10.1016/j.compedu.2006.11.007,DOI:10.1016/j.ijhcs.2006.01.003,4
DOI:10.1016/j.compedu.2006.11.007,DOI:10.1109/iset.2017.17,3
DOI:10.1016/j.compedu.2006.11.007,DOI:10.1016/j.compedu.2004.10.007,4
DOI:10.1016/j.compedu.2006.11.007,DOI:10.1016/j.compedu.2009.09.002,3
DOI:10.1016/j.compedu.2006.11.007,DOI:10.1287/mnsc.46.2.186.11926,4
DOI:10.1016/j.compedu.2006.11.007,DOI:10.4324/9780203771587],6
DOI:10.1016/j.compedu.2006.11.007,DOI:10.1016/j.chb.2014.07.044,4
DOI:10.1016/j.compedu.2006.11.007,DOI:10.1080/10494820.2020.1734028,3
DOI:10.1016/j.compedu.2006.11.007,DOI:10.1108/ijilt-09-2014-0020,3
DOI:10.1016/j.compedu.2006.11.007,DOI:10.2307/3250921,4
DOI:10.1016/j.compedu.2006.11.007,DOI:10.1016/j.compedu.2011.07.008,3
DOI:10.1016/j.compedu.2006.11.007,DOI:10.1016/j.compedu.2007.09.005,3
DOI:10.1016/j.compedu.2006.11.007,DOI:10.1016/j.compedu.2018.02.013,3
DOI:10.1016/j.compedu.2006.11.007,DOI:10.1186/s12909-020-02312-0,3
DOI:10.1016/j.compedu.2006.11.007,DOI:10.1080/01587919.2018.1553562,4
DOI:10.1016/j.compedu.2006.11.007,DOI:10.1111/j.1540-4609.2006.00114.x,3
DOI:10.1016/j.compedu.2006.11.007,DOI:10.19173/irrodl.v14i1.1338,4
DOI:10.1016/j.compedu.2006.11.007,"MUTHUPRASAD T, 2021, SOC SCI HUMANIT OPEN, V3, P100101, DOI [10.1016/J.SSAHO.2020.100101, 10.1016/J.SSAHO.2020.100101]",4
DOI:10.1016/j.compedu.2006.11.007,DOI:10.1016/j.iheduc.2013.10.001,3
DOI:10.1016/j.dss.2012.05.014,DOI:10.1016/j.jadohealth.2021.03.002,3
DOI:10.1016/j.dss.2012.05.014,DOI:10.1177/0735633116656849,3
DOI:10.1016/j.iheduc.2016.01.001,DOI:10.3991/ijet.v13i09.8351,3
DOI:10.1016/j.iheduc.2016.01.001,DOI:10.1111/jcal.12367,3
DOI:10.1016/j.ijinfomgt.2018.05.005,DOI:10.1108/ebr-11-2018-0203,3
DOI:10.1016/j.ijinfomgt.2018.05.005,DOI:10.2307/3151718,4
DOI:10.1016/j.ijinfomgt.2018.05.005,DOI:10.1007/s12528-018-9179-z,3
DOI:10.1016/j.ijinfomgt.2018.05.005,DOI:10.1016/j.jadohealth.2021.03.002,4
DOI:10.1016/j.ijinfomgt.2018.05.005,DOI:10.1287/mnsc.35.8.982,3
DOI:10.1016/j.ijinfomgt.2018.05.005,DOI:10.2753/mtp1069-6679190202,3
DOI:10.1016/j.ijinfomgt.2018.05.005,DOI:10.1016/j.iheduc.2011.04.001,3
DOI:10.1016/j.ijinfomgt.2018.05.005,DOI:10.1016/j.compedu.2007.09.005,3
DOI:10.1016/j.ijinfomgt.2018.05.005,DOI:10.1007/s11747-014-0403-8,6
DOI:10.1016/j.ijinfomgt.2018.05.005,DOI:10.1016/j.compedu.2013.07.037,3
DOI:10.1016/j.ijinfomgt.2018.05.005,DOI:10.1016/j.compedu.2008.10.002,3
DOI:10.1016/j.ijinfomgt.2018.05.005,DOI:10.1016/j.compedu.2009.11.008,3
DOI:10.1016/j.ijinfomgt.2018.05.005,DOI:10.1057/ejis.2008.15,3
DOI:10.1016/j.ijinfomgt.2018.05.005,DOI:10.1016/j.im.2003.12.013,3
DOI:10.1080/10963758.2021.1907195,DOI:10.1016/j.jadohealth.2021.03.002,3
DOI:10.1097/md.0000000000024821,DOI:10.1108/oth-09-2020-0032,3
DOI:10.1097/md.0000000000024821,DOI:10.1111/bjet.13102,5
DOI:10.1097/md.0000000000024821,DOI:10.1080/02619768.2020.1821184,4
DOI:10.1097/md.0000000000024821,DOI:10.1163/9789004702813_021],3
DOI:10.1097/md.0000000000024821,"MUTHUPRASAD T, 2021, SOC SCI HUMANIT OPEN, V3, P100101, DOI [10.1016/J.SSAHO.2020.100101, 10.1016/J.SSAHO.2020.100101]",7
DOI:10.1097/md.0000000000024821,DOI:10.1186/s41239-021-00252-3,3
DOI:10.1097/md.0000000000024821,DOI:10.12669/pjms.36.covid19-s4.2785,6
DOI:10.1097/md.0000000000024821,DOI:10.3389/feduc.2021.638470,3
DOI:10.1097/md.0000000000024821,DOI:10.1007/s10639-021-10589-x,6
DOI:10.1097/md.0000000000024821,DOI:10.1186/s12909-020-02208-z,3
DOI:10.1097/md.0000000000024821,DOI:10.3390/ijerph17155519,3
DOI:10.1097/md.0000000000024821,"AKURATIYA D A., 2020, INT J RES INNOVATION, V4, P755",3
DOI:10.1097/md.0000000000024821,DOI:10.1080/01587910500081269,3
DOI:10.1097/md.0000000000024821,DOI:10.31940/soshum.v10i2.1316],4
DOI:10.1097/md.0000000000024821,DOI:10.1088/1742-6596/1108/1/012094],3
DOI:10.1108/ebr-11-2018-0203,DOI:10.2307/3151312,5
DOI:10.1108/ebr-11-2018-0203,DOI:10.5539/hes.v10n3p16,3
DOI:10.1108/ebr-11-2018-0203,DOI:10.1007/s10639-018-9810-7,3
DOI:10.1108/ebr-11-2018-0203,DOI:10.1007/s11423-018-9623-9,4
DOI:10.1108/ebr-11-2018-0203,DOI:10.1007/s11747-014-0403-8,12
DOI:10.1108/ebr-11-2018-0203,DOI:10.1016/j.chb.2016.10.028,5
DOI:10.1108/ebr-11-2018-0203,DOI:10.3390/su13169453,3
DOI:10.1108/ebr-11-2018-0203,DOI:10.1080/10494820.2019.1629599,3
DOI:10.1108/ebr-11-2018-0203,DOI:10.1108/aeds-06-2020-0131,4
DOI:10.1108/ebr-11-2018-0203,DOI:10.2753/mtp1069-6679190202,6
DOI:10.1108/ebr-11-2018-0203,"SHAHZAD ARFAN, 2021, QUAL QUANT, V55, P805, DOI [10.1007/S11135-020-01028-Z, 10.1007/S11135-020-01028-Z]",3
DOI:10.1108/ebr-11-2018-0203,DOI:10.1016/j.heliyon.2020.e05410,4
DOI:10.1108/ebr-11-2018-0203,DOI:10.1111/bjet.13229,3
DOI:10.1108/ebr-11-2018-0203,DOI:10.1287/mnsc.35.8.982,3
DOI:10.1108/ebr-11-2018-0203,DOI:10.3758/brm.41.4.1149,3
DOI:10.1108/ebr-11-2018-0203,DOI:10.4324/9780203771587],6
DOI:10.1108/ebr-11-2018-0203,DOI:10.1007/s12528-018-9179-z,4
DOI:10.1108/ebr-11-2018-0203,DOI:10.1016/j.iheduc.2010.08.002,4
DOI:10.1108/ebr-11-2018-0203,DOI:10.1080/01587910500081269,4
DOI:10.1108/ebr-11-2018-0203,DOI:10.1111/j.1540-5915.2008.00192.x,4
DOI:10.1108/ebr-11-2018-0203,DOI:10.1108/ebr-10-2013-0128,3
DOI:10.1108/ebr-11-2018-0203,DOI:10.1016/j.iheduc.2013.10.001,7
DOI:10.1108/ebr-11-2018-0203,DOI:10.1177/1094428114526928,3
DOI:10.1108/ebr-11-2018-0203,DOI:10.1016/j.chb.2019.08.004,4
DOI:10.1108/ebr-11-2018-0203,DOI:10.1016/j.compedu.2009.09.002,4
DOI:10.1108/ebr-11-2018-0203,DOI:10.1016/j.compedu.2010.05.004,3
DOI:10.1108/ebr-11-2018-0203,DOI:10.1016/j.compedu.2017.12.001,4
DOI:10.1108/ebr-11-2018-0203,DOI:10.1016/j.compedu.2019.02.012,3
DOI:10.1108/ebr-11-2018-0203,DOI:10.1108/imds-04-2016-0130,5
DOI:10.1108/ebr-11-2018-0203,DOI:10.1108/intr-10-2018-0447,3
DOI:10.1108/ebr-11-2018-0203,DOI:10.1111/j.1467-8535.2010.01054.x,3
DOI:10.1108/ebr-11-2018-0203,DOI:10.1287/mnsc.46.2.186.11926,3
DOI:10.1108/ebr-11-2018-0203,DOI:10.2307/249689,3
DOI:10.1108/ebr-11-2018-0203,DOI:10.1007/s10639-021-10557-5,3
DOI:10.1108/ebr-11-2018-0203,DOI:10.1016/j.chb.2015.11.036,3
DOI:10.1108/ebr-11-2018-0203,DOI:10.24191/ajue.v16i2.10294,4
DOI:10.1108/ebr-11-2018-0203,DOI:10.4236/jssm.2017.103002,3
DOI:10.1108/ebr-11-2018-0203,DOI:10.1037/0021-9010.88.5.879,8
DOI:10.1108/ebr-11-2018-0203,DOI:10.1080/01587919.2020.1724768,6
DOI:10.1108/ebr-11-2018-0203,DOI:10.1108/s1474-7979(2009)0000020014,4
DOI:10.1108/ebr-11-2018-0203,DOI:10.1016/j.compedu.2020.103850,3
DOI:10.1108/ebr-11-2018-0203,DOI:10.2307/3250921,6
DOI:10.1108/ebr-11-2018-0203,DOI:10.1080/01587919.2018.1553562,3
DOI:10.1108/ebr-11-2018-0203,DOI:10.1080/08923648909526659],3
DOI:10.1108/ebr-11-2018-0203,DOI:10.1111/j.1540-4609.2006.00114.x,6
DOI:10.1108/ebr-11-2018-0203,DOI:10.19173/irrodl.v14i1.1338,3
DOI:10.1108/ebr-11-2018-0203,DOI:10.22230/ijepl.2016v11n3a651,3
DOI:10.1108/ebr-11-2018-0203,DOI:10.1016/j.lrp.2013.01.002,3
DOI:10.1111/bjet.13102,"DENZIN N., 2011, THE SAGE HANDBOOK OF QUALITATIVE RESEARCH",3
DOI:10.1111/bjet.13102,DOI:10.1080/08923640109527071,3
DOI:10.1111/bjet.13102,DOI:10.1007/s11092-020-09322-y,3
DOI:10.1111/bjet.13102,DOI:10.1080/1475939x.2020.1854337,3
DOI:10.1111/bjet.13102,DOI:10.3389/feduc.2021.638470,3
DOI:10.1111/bjet.13102,DOI:10.46328/ijtes.v4i4.167,3
DOI:10.1111/bjet.13102,DOI:10.1037/13620-004,3
DOI:10.1111/bjet.13102,DOI:10.1088/1742-6596/1108/1/012094],3
DOI:10.2307/3151312,DOI:10.1016/j.compedu.2019.103778,3
DOI:10.2307/3151312,DOI:10.1007/s11747-014-0403-8,4
DOI:10.2307/3151312,DOI:10.3390/educsci10090216,3
DOI:10.3390/su13041889,DOI:10.3390/ijerph17186468,3
DOI:10.3991/ijet.v15i21.15647,DOI:10.1177/22125868211007011],3
DOI:10.3991/ijet.v15i21.15647,DOI:10.3126/kumj.v18i2.32943,3
DOI:10.3991/ijet.v15i21.15647,DOI:10.18662/rrem/12.1sup2/252,4
DOI:10.3991/ijet.v15i21.15647,DOI:10.3991/ijet.v15i13.14645,3
DOI:10.3991/ijet.v15i21.15647,DOI:10.24059/olj.v25i1.2470,4
DOI:10.3991/ijet.v15i21.15647,DOI:10.3390/su13095038,3
DOI:10.3991/ijet.v15i21.15647,DOI:10.1080/08923648909526659],3
DOI:10.3991/ijet.v15i21.15647,DOI:10.1186/s12909-020-02312-0,3
DOI:10.3991/ijet.v15i21.15647,DOI:10.1080/01587919.2018.1553562,3
DOI:10.3991/ijet.v15i21.15647,DOI:10.1080/10963758.2021.1907196,3
DOI:10.3991/ijet.v15i21.15647,DOI:10.3402/rlt.v23.26507,3
DOI:10.3991/ijet.v15i21.15647,DOI:10.1002/hbe2.240,3
DOI:10.3991/ijet.v15i21.15647,DOI:10.1016/j.childyouth.2020.105699,3
DOI:10.3991/ijet.v15i21.15647,DOI:10.1186/s40561-021-00149-8,3
DOI:10.5539/hes.v10n3p16,DOI:10.24059/olj.v25i1.2470,3
DOI:10.5539/hes.v10n3p16,"SHAHZAD ARFAN, 2021, QUAL QUANT, V55, P805, DOI [10.1007/S11135-020-01028-Z, 10.1007/S11135-020-01028-Z]",3
DOI:10.5539/hes.v10n3p16,DOI:10.1037/stl0000198],3
DOI:10.5539/hes.v10n3p16,DOI:10.1163/9789004702813_021],4
DOI:10.5539/hes.v10n3p16,"MISHRA LOKANATH, 2020, INT J EDUC RES OPEN, V1, P100012, DOI [10.1016/J.IJEDRO.2020.100012, 10.1016/J.IJEDRO.2020.100012]",6
DOI:10.5539/hes.v10n3p16,DOI:10.5281/zenodo.3878572,3
DOI:10.5539/hes.v10n3p16,DOI:10.24059/olj.v24i2.2285,3
DOI:10.5539/hes.v10n3p16,DOI:10.3390/jrfm13030055,6
DOI:10.5539/hes.v10n3p16,DOI:10.1177/2158244015621777,3
DOI:10.5539/hes.v10n3p16,DOI:10.29333/ojcmt/8286,4
DOI:10.5539/hes.v10n3p16,DOI:10.1371/journal.pone.0239490,3
DOI:10.5539/hes.v10n3p16,DOI:10.1186/s12909-020-02208-z,3
DOI:10.5539/hes.v10n3p16,DOI:10.1016/j.psychres.2020.112934,3
DOI:10.1002/hbe2.240,DOI:10.1371/journal.pone.0239490,3
DOI:10.1002/hbe2.240,"MISHRA LOKANATH, 2020, INT J EDUC RES OPEN, V1, P100012, DOI [10.1016/J.IJEDRO.2020.100012, 10.1016/J.IJEDRO.2020.100012]",3
DOI:10.1002/hbe2.240,"MUTHUPRASAD T, 2021, SOC SCI HUMANIT OPEN, V3, P100101, DOI [10.1016/J.SSAHO.2020.100101, 10.1016/J.SSAHO.2020.100101]",4
DOI:10.1002/hbe2.240,DOI:10.2196/21279,4
DOI:10.1007/s10758-020-09470-6,"MISHRA LOKANATH, 2020, INT J EDUC RES OPEN, V1, P100012, DOI [10.1016/J.IJEDRO.2020.100012, 10.1016/J.IJEDRO.2020.100012]",3
DOI:10.1016/j.iheduc.2010.09.004,DOI:10.1257/aer.20151193,3
DOI:10.1186/s12909-020-02208-z,DOI:10.1371/journal.pone.0239490,6
DOI:10.1186/s12909-020-02208-z,DOI:10.3389/fpsyg.2014.01278,3
DOI:10.1186/s12909-020-02208-z,"MISHRA LOKANATH, 2020, INT J EDUC RES OPEN, V1, P100012, DOI [10.1016/J.IJEDRO.2020.100012, 10.1016/J.IJEDRO.2020.100012]",5
DOI:10.1186/s12909-020-02208-z,DOI:10.1016/j.iheduc.2013.10.001,3
DOI:10.1186/s12909-020-02208-z,DOI:10.1080/10872981.2019.1666538,5
DOI:10.1186/s12909-020-02208-z,"MUTHUPRASAD T, 2021, SOC SCI HUMANIT OPEN, V3, P100101, DOI [10.1016/J.SSAHO.2020.100101, 10.1016/J.SSAHO.2020.100101]",5
DOI:10.1186/s12909-020-02208-z,DOI:10.1007/s10639-020-10331-z,4
DOI:10.1186/s12909-020-02208-z,DOI:10.1007/s10639-021-10589-x,6
DOI:10.1186/s12909-020-02208-z,DOI:10.1016/j.psychres.2020.112934,3
DOI:10.1186/s12909-020-02208-z,DOI:10.1080/01421590802366129,3
DOI:10.1186/s12909-020-02208-z,DOI:10.1080/10401334.2010.488460,3
DOI:10.1186/s12909-020-02208-z,DOI:10.1080/10494820.2020.1817761,3
DOI:10.1186/s12909-020-02208-z,"MEANS B., 2010, EVALUATION OF EVIDENCE-BASED PRACTICES IN ONLINE LEARNING: A META-ANALYSIS AND REVIEW OF ONLINE LEARNING STUDIES",3
DOI:10.1186/s12909-020-02208-z,"SINGH K, 2020, INDIAN PEDIATR, V57, P678",3
DOI:10.1186/s12909-020-02208-z,DOI:10.1007/s12098-020-03327-7,3
DOI:10.1186/s12909-020-02208-z,"ALKHOWAILED MOHAMMAD S, 2020, INFORM MED UNLOCKED, V20, P100432, DOI [10.1016/J.IMU.2020.100432, 10.1016/J.IMU.2020.100432]",3
DOI:10.1186/s12909-020-02208-z,DOI:10.1007/s40670-020-01165-y,5
DOI:10.1186/s12909-020-02208-z,DOI:10.1016/j.imr.2020.100449,3
DOI:10.1186/s12909-020-02208-z,DOI:10.1016/j.jiph.2020.11.007,3
DOI:10.1186/s12909-020-02208-z,DOI:10.1016/j.jsps.2020.07.008,3
DOI:10.1186/s12909-020-02208-z,DOI:10.1108/aeds-06-2020-0131,3
DOI:10.1186/s12909-020-02208-z,DOI:10.1136/bmjopen-2020-041886,4
DOI:10.1186/s12909-020-02208-z,DOI:10.1136/bmjopen-2020-042378,10
DOI:10.1186/s12909-020-02208-z,DOI:10.1186/s12909-020-02236-9,3
DOI:10.1186/s12909-020-02208-z,DOI:10.1186/s12909-020-02257-4,6
DOI:10.1186/s12909-020-02208-z,DOI:10.1186/s12909-020-02266-3,4
DOI:10.1186/s12909-020-02208-z,DOI:10.1186/s12909-020-02312-0,5
DOI:10.1186/s12909-020-02208-z,DOI:10.1186/s12909-020-02343-7,3
DOI:10.1186/s12909-020-02208-z,DOI:10.12669/pjms.36.covid19-s4.2785,4
DOI:10.1186/s12909-020-02208-z,DOI:10.1371/journal.pone.0242905,5
DOI:10.1186/s12909-020-02208-z,DOI:10.3390/ijerph17155519,4
DOI:10.1186/s12909-020-02208-z,DOI:10.1016/s1473-3099(20)30226-7,3
DOI:10.1186/s12909-020-02208-z,DOI:10.1108/itse-06-2020-0087,3
DOI:10.1186/s12909-020-02208-z,DOI:10.1080/01587910500081269,3
DOI:10.1186/s12909-020-02208-z,DOI:10.1037/stl0000198],3
DOI:10.1186/s12909-020-02208-z,DOI:10.1001/jama.2020.5227,4
DOI:10.1186/s12909-020-02208-z,DOI:10.1186/s12909-018-1240-0,3
DOI:10.1186/s12909-020-02208-z,DOI:10.1186/s12909-020-02007-6,5
DOI:10.1186/s12909-020-02208-z,DOI:10.12669/pjms.36.covid19-s4.2766,6
DOI:10.1186/s12909-020-02208-z,DOI:10.1037/0021-9010.88.5.879,3
DOI:10.1186/s12909-020-02208-z,"KEBRITCHI MANSUREH, 2017, JOURNAL OF EDUCATIONAL TECHNOLOGY SYSTEMS, V46, P4, DOI [10.1177/0047239516661713, 10.1177/0047239516661713]",3
DOI:10.1186/s12909-020-02208-z,DOI:10.1097/00001888-200603000-00002,3
DOI:10.1186/s12909-020-02208-z,DOI:10.1163/9789004702813_021],3
DOI:10.1186/s12909-020-02208-z,DOI:10.1186/s12909-020-02310-2,3
DOI:10.1371/journal.pone.0239490,DOI:10.3389/fpsyg.2014.01278,3
DOI:10.1371/journal.pone.0239490,"MISHRA LOKANATH, 2020, INT J EDUC RES OPEN, V1, P100012, DOI [10.1016/J.IJEDRO.2020.100012, 10.1016/J.IJEDRO.2020.100012]",3
DOI:10.1371/journal.pone.0239490,DOI:10.1016/j.psychres.2020.112934,5
DOI:10.1371/journal.pone.0239490,DOI:10.1371/journal.pone.0255629,3
DOI:10.1371/journal.pone.0239490,DOI:10.3390/ijerph17186468,3
DOI:10.1371/journal.pone.0239490,"MARINONI G., 2020, IAU GLOBAL SURVEY RE",3
DOI:10.1371/journal.pone.0239490,DOI:10.12669/pjms.36.covid19-s4.2785,3
DOI:10.1371/journal.pone.0239490,DOI:10.1186/s12909-020-02312-0,6
DOI:10.1371/journal.pone.0239490,DOI:10.1080/10494820.2020.1817761,3
DOI:10.1371/journal.pone.0239490,DOI:10.1080/13573322.2020.1791814,3
DOI:10.1371/journal.pone.0239490,DOI:10.2196/21279,5
DOI:10.1371/journal.pone.0239490,DOI:10.1108/aeds-06-2020-0131,3
DOI:10.1371/journal.pone.0239490,DOI:10.1186/s12909-020-02257-4,4
DOI:10.1371/journal.pone.0239490,DOI:10.3389/fvets.2020.594261,3
DOI:10.3389/fpsyg.2014.01278,DOI:10.1186/s12909-020-02312-0,4
DOI:10.3389/fpsyg.2014.01278,DOI:10.1088/1742-6596/1108/1/012094],4
"MISHRA LOKANATH, 2020, INT J EDUC RES OPEN, V1, P100012, DOI [10.1016/J.IJEDRO.2020.100012, 10.1016/J.IJEDRO.2020.100012]","MUTHUPRASAD T, 2021, SOC SCI HUMANIT OPEN, V3, P100101, DOI [10.1016/J.SSAHO.2020.100101, 10.1016/J.SSAHO.2020.100101]",7
"MISHRA LOKANATH, 2020, INT J EDUC RES OPEN, V1, P100012, DOI [10.1016/J.IJEDRO.2020.100012, 10.1016/J.IJEDRO.2020.100012]",DOI:10.1163/9789004702813_021],4
"MISHRA LOKANATH, 2020, INT J EDUC RES OPEN, V1, P100012, DOI [10.1016/J.IJEDRO.2020.100012, 10.1016/J.IJEDRO.2020.100012]","SHAHZAD ARFAN, 2021, QUAL QUANT, V55, P805, DOI [10.1007/S11135-020-01028-Z, 10.1007/S11135-020-01028-Z]",3
"MISHRA LOKANATH, 2020, INT J EDUC RES OPEN, V1, P100012, DOI [10.1016/J.IJEDRO.2020.100012, 10.1016/J.IJEDRO.2020.100012]",DOI:10.1007/s10639-021-10523-1,3
"MISHRA LOKANATH, 2020, INT J EDUC RES OPEN, V1, P100012, DOI [10.1016/J.IJEDRO.2020.100012, 10.1016/J.IJEDRO.2020.100012]",DOI:10.1016/j.ijinfomgt.2020.102183,3
"MISHRA LOKANATH, 2020, INT J EDUC RES OPEN, V1, P100012, DOI [10.1016/J.IJEDRO.2020.100012, 10.1016/J.IJEDRO.2020.100012]",DOI:10.24059/olj.v24i2.2285,4
"MISHRA LOKANATH, 2020, INT J EDUC RES OPEN, V1, P100012, DOI [10.1016/J.IJEDRO.2020.100012, 10.1016/J.IJEDRO.2020.100012]",DOI:10.4324/9781315296135-4,3
"MISHRA LOKANATH, 2020, INT J EDUC RES OPEN, V1, P100012, DOI [10.1016/J.IJEDRO.2020.100012, 10.1016/J.IJEDRO.2020.100012]","KEBRITCHI MANSUREH, 2017, JOURNAL OF EDUCATIONAL TECHNOLOGY SYSTEMS, V46, P4, DOI [10.1177/0047239516661713, 10.1177/0047239516661713]",3
"MISHRA LOKANATH, 2020, INT J EDUC RES OPEN, V1, P100012, DOI [10.1016/J.IJEDRO.2020.100012, 10.1016/J.IJEDRO.2020.100012]",DOI:10.1002/hbe2.218,3
"MISHRA LOKANATH, 2020, INT J EDUC RES OPEN, V1, P100012, DOI [10.1016/J.IJEDRO.2020.100012, 10.1016/J.IJEDRO.2020.100012]",DOI:10.1108/itse-06-2020-0087,3
"MISHRA LOKANATH, 2020, INT J EDUC RES OPEN, V1, P100012, DOI [10.1016/J.IJEDRO.2020.100012, 10.1016/J.IJEDRO.2020.100012]",DOI:10.24059/olj.v25i1.2470,3
"MISHRA LOKANATH, 2020, INT J EDUC RES OPEN, V1, P100012, DOI [10.1016/J.IJEDRO.2020.100012, 10.1016/J.IJEDRO.2020.100012]",DOI:10.3390/jrfm13030055,3
"MISHRA LOKANATH, 2020, INT J EDUC RES OPEN, V1, P100012, DOI [10.1016/J.IJEDRO.2020.100012, 10.1016/J.IJEDRO.2020.100012]",DOI:10.29333/ajqr/8471],3
"MISHRA LOKANATH, 2020, INT J EDUC RES OPEN, V1, P100012, DOI [10.1016/J.IJEDRO.2020.100012, 10.1016/J.IJEDRO.2020.100012]",DOI:10.1186/s41239-020-00216-z,3
"MISHRA LOKANATH, 2020, INT J EDUC RES OPEN, V1, P100012, DOI [10.1016/J.IJEDRO.2020.100012, 10.1016/J.IJEDRO.2020.100012]",DOI:10.12669/pjms.36.covid19-s4.2766,3
"MISHRA LOKANATH, 2020, INT J EDUC RES OPEN, V1, P100012, DOI [10.1016/J.IJEDRO.2020.100012, 10.1016/J.IJEDRO.2020.100012]",DOI:10.1016/j.iheduc.2009.07.001,3
"[ANONYMOUS], 2020, COVID-19 EDUCATIONAL DISRUPTION AND RESPONSE","ANDERSON T, 2008, THEORY AND PRACTICE OF ONLINE LEARNING, 2ND EDITION, P1",3
"[ANONYMOUS], 2020, COVID-19 EDUCATIONAL DISRUPTION AND RESPONSE",DOI:10.29333/ojcmt/8286,4
"[ANONYMOUS], 2020, COVID-19 EDUCATIONAL DISRUPTION AND RESPONSE",DOI:10.3390/jrfm13030055,4
"[ANONYMOUS], 2020, COVID-19 EDUCATIONAL DISRUPTION AND RESPONSE",DOI:10.1037/13620-004,3
"[ANONYMOUS], 2020, COVID-19 EDUCATIONAL DISRUPTION AND RESPONSE",DOI:10.1016/s0140-6736(20)30547-x,3
"[ANONYMOUS], 2020, COVID-19 EDUCATIONAL DISRUPTION AND RESPONSE","SHAHZAD ARFAN, 2021, QUAL QUANT, V55, P805, DOI [10.1007/S11135-020-01028-Z, 10.1007/S11135-020-01028-Z]",3
"[ANONYMOUS], 2020, COVID-19 EDUCATIONAL DISRUPTION AND RESPONSE",DOI:10.1080/02607476.2020.1755205,3
"[ANONYMOUS], 2020, COVID-19 EDUCATIONAL DISRUPTION AND RESPONSE","TABACHNICK BG., 2018, USING MULTIVARIATE STATISTICS",3
DOI:10.1016/j.iheduc.2011.04.001,DOI:10.1016/j.iheduc.2013.10.001,3
DOI:10.1016/j.iheduc.2011.04.001,"SHER A, 2009, J INTERACT ONLINE LE, V8, P102",3
DOI:10.1016/j.iheduc.2011.04.001,DOI:10.1080/01587910500081269,4
DOI:10.1016/j.iheduc.2011.04.001,DOI:10.3402/rlt.v23.26507,3
DOI:10.1016/j.iheduc.2011.04.001,"SMART KL, 2006, J INF TECHNOL EDUC-R, V5, P201",3
DOI:10.1016/j.iheduc.2011.04.001,DOI:10.1016/j.iheduc.2009.07.001,3
DOI:10.1016/j.iheduc.2011.04.001,DOI:10.1016/j.compedu.2009.08.005,3
DOI:10.1016/j.iheduc.2013.10.001,DOI:10.1080/08923640802039024,5
DOI:10.1016/j.iheduc.2013.10.001,"SHER A, 2009, J INTERACT ONLINE LE, V8, P102",4
DOI:10.1016/j.iheduc.2013.10.001,DOI:10.1007/s11747-014-0403-8,8
DOI:10.1016/j.iheduc.2013.10.001,DOI:10.1016/j.compedu.2009.12.012,3
DOI:10.1016/j.iheduc.2013.10.001,DOI:10.1016/j.compedu.2018.02.013,3
DOI:10.1016/j.iheduc.2013.10.001,DOI:10.1016/j.iheduc.2018.01.003,4
DOI:10.1016/j.iheduc.2013.10.001,DOI:10.1037/0033-295x.84.2.191,3
DOI:10.1016/j.iheduc.2013.10.001,DOI:10.1080/01587919.2018.1553562,12
DOI:10.1016/j.iheduc.2013.10.001,DOI:10.1080/08923647.2015.994366,4
DOI:10.1016/j.iheduc.2013.10.001,DOI:10.1111/j.1467-8535.2010.01157.x,3
DOI:10.1016/j.iheduc.2013.10.001,DOI:10.1177/1469787418801702,3
DOI:10.1016/j.iheduc.2013.10.001,DOI:10.22230/ijepl.2016v11n3a651,8
DOI:10.1016/j.iheduc.2013.10.001,DOI:10.30935/cedtech/6047,3
DOI:10.1016/j.iheduc.2013.10.001,DOI:10.1016/j.compedu.2017.06.010,5
DOI:10.1016/j.iheduc.2013.10.001,DOI:10.1111/bjet.12457,3
DOI:10.1016/j.iheduc.2013.10.001,DOI:10.1177/1052562904271199,3
DOI:10.1016/j.iheduc.2013.10.001,DOI:10.17718/tojde.770928],4
DOI:10.1016/j.iheduc.2013.10.001,DOI:10.19173/irrodl.v14i1.1338,7
DOI:10.1016/j.iheduc.2013.10.001,DOI:10.2753/mtp1069-6679190202,4
DOI:10.1016/j.iheduc.2013.10.001,DOI:10.3390/su13126734,3
DOI:10.1016/j.iheduc.2013.10.001,DOI:10.1016/j.iheduc.2013.04.001,3
DOI:10.1016/j.iheduc.2013.10.001,DOI:10.1080/08923648909526659],8
DOI:10.1016/j.iheduc.2013.10.001,DOI:10.1111/jcal.12005,4
DOI:10.1016/j.iheduc.2013.10.001,"MUTHUPRASAD T, 2021, SOC SCI HUMANIT OPEN, V3, P100101, DOI [10.1016/J.SSAHO.2020.100101, 10.1016/J.SSAHO.2020.100101]",3
DOI:10.1016/j.iheduc.2013.10.001,DOI:10.1080/01587919.2015.955265,3
DOI:10.1016/j.iheduc.2013.10.001,DOI:10.1108/aeds-09-2020-0209,4
DOI:10.1016/j.iheduc.2013.10.001,DOI:10.1186/s40561-021-00149-8,4
DOI:10.1016/j.iheduc.2013.10.001,DOI:10.1016/j.iheduc.2012.11.001,3
DOI:10.1016/j.iheduc.2013.10.001,"YUKSELTURK E, 2008, EDUC TECHNOL SOC, V11, P51",5
DOI:10.1016/j.iheduc.2013.10.001,DOI:10.1007/s10639-021-10523-1,3
DOI:10.1016/j.iheduc.2013.10.001,DOI:10.1016/j.iheduc.2010.08.002,5
DOI:10.1016/j.iheduc.2013.10.001,DOI:10.1080/01587910500081269,3
DOI:10.1016/j.iheduc.2013.10.001,DOI:10.4324/9780203771587],4
DOI:10.1016/j.iheduc.2013.10.001,DOI:10.1007/s10639-019-09863-w,3
DOI:10.1016/j.iheduc.2013.10.001,DOI:10.1037/0021-9010.88.5.879,3
DOI:10.1016/j.iheduc.2013.10.001,DOI:10.1080/01587919.2020.1724768,5
DOI:10.1016/j.iheduc.2013.10.001,DOI:10.1108/s1474-7979(2009)0000020014,3
DOI:10.1016/j.iheduc.2013.10.001,DOI:10.1111/j.1540-4609.2006.00114.x,7
DOI:10.1016/j.iheduc.2013.10.001,DOI:10.19030/cier.v9i1.9549],3
DOI:10.1016/j.iheduc.2013.10.001,DOI:10.4018/978-1-59140-555-9.ch245],3
DOI:10.1016/j.iheduc.2013.10.001,"HAIR J.F., 2016, A FIRST ON PARTIAL LEAST SQUARES STRUCTURAL EQUATION MODELING (PLS-SEM), V2ND",3
DOI:10.1016/j.iheduc.2013.10.001,DOI:10.1016/j.compedu.2020.104111,3
DOI:10.1016/j.iheduc.2013.10.001,DOI:10.1016/j.chb.2019.08.004,3
DOI:10.1016/j.iheduc.2013.10.001,DOI:10.1111/j.1083-6101.2000.tb00110.x],4
DOI:10.1016/j.iheduc.2013.10.001,"SAXENA CHARU, 2021, JOURNAL OF EDUCATIONAL TECHNOLOGY SYSTEMS, V49, P532, DOI [10.1177/0047239520977798, 10.1177/0047239520977798]",3
DOI:10.1016/j.iheduc.2017.01.004,DOI:10.1080/08923640802039024,3
DOI:10.1080/08923640802039024,DOI:10.4236/jssm.2017.103002,3
DOI:10.1080/08923640802039024,DOI:10.1007/s10639-019-09863-w,4
DOI:10.1080/08923640802039024,DOI:10.1007/s11747-014-0403-8,3
DOI:10.1080/08923640802039024,DOI:10.1016/j.compedu.2017.06.010,3
DOI:10.1080/08923640802039024,DOI:10.1080/01587919.2018.1553562,4
DOI:10.1080/08923640802039024,DOI:10.1080/01587919.2020.1724768,3
DOI:10.1080/08923640802039024,DOI:10.1080/08923648909526659],3
DOI:10.1080/08923640802039024,DOI:10.1111/j.1540-4609.2006.00114.x,4
DOI:10.1080/08923640802039024,DOI:10.19030/cier.v9i1.9549],3
DOI:10.1080/08923640802039024,DOI:10.19173/irrodl.v14i1.1338,4
DOI:10.1080/08923640802039024,DOI:10.22230/ijepl.2016v11n3a651,3
DOI:10.1080/08923640802039024,"LIANG JC, 2008, EDUC TECHNOL SOC, V11, P226",3
DOI:10.1080/08923640802039024,DOI:10.3402/rlt.v23.26507,3
DOI:10.4236/jssm.2017.103002,DOI:10.1007/s11747-014-0403-8,5
DOI:10.4236/jssm.2017.103002,DOI:10.1108/imds-09-2015-0382,3
DOI:10.4236/jssm.2017.103002,DOI:10.4324/9780203771587],4
DOI:10.4236/jssm.2017.103002,DOI:10.1111/j.2517-6161.1974.tb00994.x,3
"SHER A, 2009, J INTERACT ONLINE LE, V8, P102",DOI:10.1111/j.1540-4609.2006.00114.x,3
"SHER A, 2009, J INTERACT ONLINE LE, V8, P102",DOI:10.3402/rlt.v23.26507,4
"SHER A, 2009, J INTERACT ONLINE LE, V8, P102",DOI:10.1080/01587919.2018.1553562,4
"SHER A, 2009, J INTERACT ONLINE LE, V8, P102",DOI:10.1080/01587919.2013.835779,3
"SHER A, 2009, J INTERACT ONLINE LE, V8, P102",DOI:10.1080/01587919.2020.1724768,3
"SHER A, 2009, J INTERACT ONLINE LE, V8, P102",DOI:10.1080/08923648909526659],3
"DEMIR KAYMAK Z, 2013, KURAM UYGUL EGIT BIL, V13, P1792",DOI:10.1016/j.compedu.2010.05.004,4
"DEMIR KAYMAK Z, 2013, KURAM UYGUL EGIT BIL, V13, P1792",DOI:10.1080/01587919.2020.1724768,4
"DEMIR KAYMAK Z, 2013, KURAM UYGUL EGIT BIL, V13, P1792",DOI:10.1080/08923647.2020.1726167,3
"DEMIR KAYMAK Z, 2013, KURAM UYGUL EGIT BIL, V13, P1792",DOI:10.13189/ujer.2017.051306,3
DOI:10.1007/s11747-014-0403-8,DOI:10.1016/j.chb.2015.11.036,3
DOI:10.1007/s11747-014-0403-8,DOI:10.1016/j.chb.2016.06.020,4
DOI:10.1007/s11747-014-0403-8,DOI:10.1016/j.compedu.2010.01.011,3
DOI:10.1007/s11747-014-0403-8,DOI:10.1016/j.compedu.2010.05.004,4
DOI:10.1007/s11747-014-0403-8,DOI:10.1016/j.cose.2014.10.015,5
DOI:10.1007/s11747-014-0403-8,DOI:10.1016/j.eswa.2012.03.028,3
DOI:10.1007/s11747-014-0403-8,DOI:10.1037/0033-295x.84.2.191,5
DOI:10.1007/s11747-014-0403-8,DOI:10.1080/01587919.2013.835779,4
DOI:10.1007/s11747-014-0403-8,DOI:10.1080/01587919.2020.1724768,4
DOI:10.1007/s11747-014-0403-8,DOI:10.1108/10662241011020833,4
DOI:10.1007/s11747-014-0403-8,DOI:10.1016/j.compedu.2009.12.012,4
DOI:10.1007/s11747-014-0403-8,DOI:10.1016/j.compedu.2018.02.013,4
DOI:10.1007/s11747-014-0403-8,DOI:10.1016/j.iheduc.2017.06.002,3
DOI:10.1007/s11747-014-0403-8,DOI:10.1016/j.iheduc.2018.01.003,3
DOI:10.1007/s11747-014-0403-8,DOI:10.1016/j.jadohealth.2021.03.002,3
DOI:10.1007/s11747-014-0403-8,DOI:10.1080/01587919.2018.1553562,9
DOI:10.1007/s11747-014-0403-8,DOI:10.1080/07421222.2001.11045669,3
DOI:10.1007/s11747-014-0403-8,DOI:10.1080/08923647.2015.994366,3
DOI:10.1007/s11747-014-0403-8,DOI:10.1111/j.1467-8535.2010.01157.x,4
DOI:10.1007/s11747-014-0403-8,DOI:10.22230/ijepl.2016v11n3a651,8
DOI:10.1007/s11747-014-0403-8,DOI:10.2307/2334290,5
DOI:10.1007/s11747-014-0403-8,DOI:10.24059/olj.v5i2.1875],4
DOI:10.1007/s11747-014-0403-8,DOI:10.3758/bf03206553,4
DOI:10.1007/s11747-014-0403-8,DOI:10.3758/brm.40.3.879,5
DOI:10.1007/s11747-014-0403-8,DOI:10.1007/s10639-021-10523-1,4
DOI:10.1007/s11747-014-0403-8,DOI:10.1016/j.chb.2016.10.028,4
DOI:10.1007/s11747-014-0403-8,DOI:10.1016/j.ijhcs.2006.01.003,6
DOI:10.1007/s11747-014-0403-8,DOI:10.1108/ijilt-11-2016-0051,3
DOI:10.1007/s11747-014-0403-8,DOI:10.1108/ijilt-11-2017-0116,4
DOI:10.1007/s11747-014-0403-8,DOI:10.3390/su13126734,3
DOI:10.1007/s11747-014-0403-8,"IKHSAN RB, 2019, PROCEEDINGS OF 2019 5TH INTERNATIONAL CONFERENCE ON NEW MEDIA STUDIES (CONMEDIA 2019), P68, DOI [10.1109/CONMEDIA46929.2019.8981813, 10.1109/CONMEDIA46929.2019.8981813]",3
DOI:10.1007/s11747-014-0403-8,DOI:10.1186/s41239-017-0043-4,3
DOI:10.1007/s11747-014-0403-8,DOI:10.19030/cier.v9i1.9549],3
DOI:10.1007/s11747-014-0403-8,DOI:10.2753/mtp1069-6679190202,6
DOI:10.1007/s11747-014-0403-8,DOI:10.1016/j.compedu.2017.06.010,4
DOI:10.1007/s11747-014-0403-8,DOI:10.1177/1052562904271199,4
DOI:10.1007/s11747-014-0403-8,DOI:10.19173/irrodl.v14i1.1338,5
DOI:10.1007/s11747-014-0403-8,"NGUYEN T., 2015, MERLOT JOURNAL OF ONLINE LEARNING AND TEACHING, V11, P309",3
DOI:10.1007/s11747-014-0403-8,DOI:10.1057/ejis.2008.15,4
DOI:10.1007/s11747-014-0403-8,"SHAHZAD ARFAN, 2021, QUAL QUANT, V55, P805, DOI [10.1007/S11135-020-01028-Z, 10.1007/S11135-020-01028-Z]",3
DOI:10.1007/s11747-014-0403-8,DOI:10.1108/aeds-09-2020-0209,3
DOI:10.1007/s11747-014-0403-8,DOI:10.1186/s40561-021-00149-8,4
DOI:10.1007/s11747-014-0403-8,"DIXSON MD, 2015, ONLINE LEARN, V19, P143",3
DOI:10.1007/s11747-014-0403-8,DOI:10.1016/j.jhlste.2020.100272,4
DOI:10.1007/s11747-014-0403-8,DOI:10.1080/15391523.2021.1891998,4
DOI:10.1007/s11747-014-0403-8,DOI:10.1108/s1474-7979(2009)0000020014,5
DOI:10.1007/s11747-014-0403-8,DOI:10.1177/001316447003000308,3
DOI:10.1007/s11747-014-0403-8,DOI:10.1177/0144739420977900,3
DOI:10.1007/s11747-014-0403-8,DOI:10.4324/9780203771587],9
DOI:10.1007/s11747-014-0403-8,DOI:10.1016/j.chb.2016.02.066,3
DOI:10.1007/s11747-014-0403-8,DOI:10.1037/0021-9010.88.5.879,6
DOI:10.1007/s11747-014-0403-8,DOI:10.1186/s41239-019-0136-3,3
DOI:10.1007/s11747-014-0403-8,DOI:10.17705/1cais.00407,3
DOI:10.1007/s11747-014-0403-8,DOI:10.1016/j.compedu.2015.10.012,4
DOI:10.1007/s11747-014-0403-8,DOI:10.1016/j.iheduc.2013.04.001,4
DOI:10.1007/s11747-014-0403-8,DOI:10.1108/09513540010344731,3
DOI:10.1007/s11747-014-0403-8,DOI:10.1108/el-11-2012-0148,4
DOI:10.1007/s11747-014-0403-8,DOI:10.2307/2065853,3
DOI:10.1007/s11747-014-0403-8,DOI:10.1108/imds-09-2015-0382,4
DOI:10.1007/s11747-014-0403-8,DOI:10.24191/ajue.v16i2.10294,5
DOI:10.1007/s11747-014-0403-8,DOI:10.3758/bf03193146,3
DOI:10.1007/s11747-014-0403-8,DOI:10.3758/brm.41.4.1149,3
DOI:10.1007/s11747-014-0403-8,DOI:10.1016/j.iheduc.2010.08.002,3
DOI:10.1007/s11747-014-0403-8,DOI:10.1080/01587910500081269,3
DOI:10.1007/s11747-014-0403-8,DOI:10.1080/08923648909526659],6
DOI:10.1007/s11747-014-0403-8,DOI:10.1016/j.compedu.2019.02.012,3
DOI:10.1007/s11747-014-0403-8,DOI:10.1016/j.lrp.2013.01.001,5
DOI:10.1007/s11747-014-0403-8,DOI:10.1007/s10639-019-09863-w,3
DOI:10.1007/s11747-014-0403-8,DOI:10.1016/j.compedu.2007.09.005,4
DOI:10.1007/s11747-014-0403-8,DOI:10.1111/j.1540-4609.2006.00114.x,5
DOI:10.1007/s11747-014-0403-8,DOI:10.9743/jeo.2010.1.2],3
DOI:10.1007/s11747-014-0403-8,"ALDHOLAY ADNAN H., 2018, INTERNATIONAL JOURNAL OF SERVICES AND STANDARDS, V12, P163",3
DOI:10.1007/s11747-014-0403-8,DOI:10.1002/9781119239086],3
DOI:10.1007/s11747-014-0403-8,DOI:10.1002/asi.22757,3
DOI:10.1007/s11747-014-0403-8,DOI:10.1007/s11135-011-9579-x,3
DOI:10.1007/s11747-014-0403-8,DOI:10.1016/j.chb.2009.02.006,3
DOI:10.1007/s11747-014-0403-8,DOI:10.1016/j.chb.2016.10.009,3
DOI:10.1007/s11747-014-0403-8,DOI:10.1016/j.compedu.2008.10.002,4
DOI:10.1007/s11747-014-0403-8,DOI:10.1016/j.compedu.2012.10.001,3
DOI:10.1007/s11747-014-0403-8,DOI:10.1016/j.compedu.2013.07.037,5
DOI:10.1007/s11747-014-0403-8,DOI:10.1016/j.dss.2005.05.009,3
DOI:10.1007/s11747-014-0403-8,DOI:10.1016/j.giq.2007.06.002,3
DOI:10.1007/s11747-014-0403-8,DOI:10.1016/j.ijinfomgt.2012.03.001,3
DOI:10.1007/s11747-014-0403-8,DOI:10.1016/j.tele.2015.06.010,3
DOI:10.1007/s11747-014-0403-8,DOI:10.1016/j.tele.2018.03.012,3
DOI:10.1007/s11747-014-0403-8,DOI:10.1037/0033-2909.103.3.411,3
DOI:10.1007/s11747-014-0403-8,DOI:10.1108/02635570710822831,3
DOI:10.1007/s11747-014-0403-8,DOI:10.1108/jeim-08-2013-0062,3
DOI:10.1007/s11747-014-0403-8,DOI:10.4258/hir.2015.21.1.43,3
DOI:10.1007/s11747-014-0403-8,DOI:10.4300/jgme-d-12-00156.1,4
DOI:10.1007/s11747-014-0403-8,"LEE KC, 2005, INT FED INFO PROC, V158, P135",3
DOI:10.1007/s11747-014-0403-8,"[ANONYMOUS], 2017, INT J SOFT COMPUT",3
DOI:10.1007/s11747-014-0403-8,DOI:10.1007/s11747-011-0261-6,4
DOI:10.1007/s11747-014-0403-8,DOI:10.1177/1477971420947738,3
DOI:10.1007/s11747-014-0403-8,DOI:10.1186/s41239-020-00216-z,3
DOI:10.1007/s11747-014-0403-8,"RINGLE CM, 2012, MIS QUART, V36, PIII",4
DOI:10.1007/s11747-014-0403-8,DOI:10.1111/j.2517-6161.1974.tb00994.x,5
DOI:10.1007/s11747-014-0403-8,DOI:10.1080/15325024.2020.1769300,3
DOI:10.1007/s11747-014-0403-8,DOI:10.3402/rlt.v23.26507,3
DOI:10.1007/s11747-014-0403-8,"MUTHUPRASAD T, 2021, SOC SCI HUMANIT OPEN, V3, P100101, DOI [10.1016/J.SSAHO.2020.100101, 10.1016/J.SSAHO.2020.100101]",3
DOI:10.1007/s11747-014-0403-8,DOI:10.1371/journal.pone.0248758,3
DOI:10.1007/s12528-016-9115-z,DOI:10.1186/s41239-018-0107-0,3
DOI:10.1007/s12528-016-9115-z,DOI:10.1177/109467050024001,3
DOI:10.1016/j.chb.2011.08.005,DOI:10.1016/j.chb.2015.11.036,3
DOI:10.1016/j.chb.2011.08.005,DOI:10.1080/01587919.2020.1724768,4
DOI:10.1016/j.chb.2015.11.036,DOI:10.1016/j.chb.2019.08.004,3
DOI:10.1016/j.chb.2015.11.036,DOI:10.1016/j.compedu.2017.12.001,5
DOI:10.1016/j.chb.2015.11.036,DOI:10.1037/0033-295x.84.2.191,3
DOI:10.1016/j.chb.2015.11.036,DOI:10.1287/mnsc.35.8.982,4
DOI:10.1016/j.chb.2015.11.036,DOI:10.1111/bjet.12864,5
DOI:10.1016/j.chb.2015.11.036,DOI:10.1111/j.1467-8535.2011.01229.x,3
DOI:10.1016/j.chb.2015.11.036,DOI:10.1287/mnsc.46.2.186.11926,3
DOI:10.1016/j.chb.2015.11.036,DOI:10.1016/j.psychres.2020.112934,3
DOI:10.1016/j.chb.2015.11.036,DOI:10.1016/j.sbspro.2012.11.012,3
DOI:10.1016/j.chb.2015.11.036,DOI:10.1037/0033-2909.103.3.411,3
DOI:10.1016/j.chb.2015.11.036,DOI:10.1007/s10639-021-10557-5,3
DOI:10.1016/j.chb.2016.06.020,DOI:10.1016/j.cose.2014.10.015,4
DOI:10.1016/j.chb.2016.06.020,DOI:10.1108/10662241011020833,3
DOI:10.1016/j.chb.2016.06.020,"ALDHOLAY ADNAN H., 2018, INTERNATIONAL JOURNAL OF SERVICES AND STANDARDS, V12, P163",3
DOI:10.1016/j.chb.2016.06.020,DOI:10.1002/9781119239086],3
DOI:10.1016/j.chb.2016.06.020,DOI:10.1002/asi.22757,3
DOI:10.1016/j.chb.2016.06.020,DOI:10.1007/s11135-011-9579-x,3
DOI:10.1016/j.chb.2016.06.020,DOI:10.1016/j.chb.2009.02.006,3
DOI:10.1016/j.chb.2016.06.020,DOI:10.1016/j.chb.2016.10.009,3
DOI:10.1016/j.chb.2016.06.020,DOI:10.1016/j.compedu.2008.10.002,3
DOI:10.1016/j.chb.2016.06.020,DOI:10.1016/j.compedu.2012.10.001,3
DOI:10.1016/j.chb.2016.06.020,DOI:10.1016/j.compedu.2013.07.037,3
DOI:10.1016/j.chb.2016.06.020,DOI:10.1016/j.giq.2007.06.002,3
DOI:10.1016/j.chb.2016.06.020,DOI:10.1016/j.ijinfomgt.2012.03.001,3
DOI:10.1016/j.chb.2016.06.020,DOI:10.1016/j.tele.2015.06.010,3
DOI:10.1016/j.chb.2016.06.020,DOI:10.1016/j.tele.2018.03.012,3
DOI:10.1016/j.chb.2016.06.020,DOI:10.1108/02635570710822831,3
DOI:10.1016/j.chb.2016.06.020,DOI:10.1108/el-11-2012-0148,3
DOI:10.1016/j.chb.2016.06.020,DOI:10.1108/ijilt-11-2017-0116,3
DOI:10.1016/j.chb.2016.06.020,DOI:10.1108/jeim-08-2013-0062,3
DOI:10.1016/j.chb.2016.06.020,DOI:10.4258/hir.2015.21.1.43,3
DOI:10.1016/j.chb.2016.06.020,DOI:10.4300/jgme-d-12-00156.1,3
DOI:10.1016/j.chb.2016.06.020,"LEE KC, 2005, INT FED INFO PROC, V158, P135",3
DOI:10.1016/j.chb.2016.06.020,"[ANONYMOUS], 2017, INT J SOFT COMPUT",3
DOI:10.1016/j.chb.2016.12.085,DOI:10.1016/j.compedu.2010.05.004,5
DOI:10.1016/j.chb.2016.12.085,DOI:10.1080/01587910303043],4
DOI:10.1016/j.chb.2016.12.085,DOI:10.1080/01587919.2020.1724768,7
DOI:10.1016/j.chb.2016.12.085,DOI:10.1080/08923647.2020.1726167,3
DOI:10.1016/j.chb.2016.12.085,DOI:10.13189/ujer.2017.051306,3
DOI:10.1016/j.chb.2016.12.085,DOI:10.24059/olj.v22i4.1297,3
DOI:10.1016/j.chb.2016.12.085,"ILGAZ H, 2015, INT REV RES OPEN DIS, V16, P171",3
DOI:10.1016/j.chb.2016.12.085,DOI:10.1016/j.acalib.2021.102346,3
DOI:10.1016/j.chb.2016.12.085,DOI:10.1007/s10639-021-10523-1,3
DOI:10.1016/j.chb.2016.12.085,DOI:10.1080/01587919.2018.1553562,3
DOI:10.1016/j.chb.2016.12.085,DOI:10.19173/irrodl.v14i1.1338,3
DOI:10.1016/j.chb.2016.12.085,DOI:10.1080/0158791042000212440,3
DOI:10.1016/j.chb.2019.08.004,DOI:10.1016/j.compedu.2010.05.004,3
DOI:10.1016/j.chb.2019.08.004,DOI:10.1016/j.compedu.2017.12.001,6
DOI:10.1016/j.chb.2019.08.004,DOI:10.1016/j.compedu.2019.02.012,3
DOI:10.1016/j.chb.2019.08.004,DOI:10.1016/j.chb.2016.10.028,3
DOI:10.1016/j.chb.2019.08.004,DOI:10.1111/j.1467-8535.2010.01054.x,3
DOI:10.1016/j.chb.2019.08.004,"SHAHZAD ARFAN, 2021, QUAL QUANT, V55, P805, DOI [10.1007/S11135-020-01028-Z, 10.1007/S11135-020-01028-Z]",3
DOI:10.1016/j.chb.2019.08.004,DOI:10.1016/j.iheduc.2010.08.002,3
DOI:10.1016/j.chb.2019.08.004,DOI:10.1080/01587919.2018.1553562,3
DOI:10.1016/j.chb.2019.08.004,DOI:10.2307/3250921,3
DOI:10.1016/j.compedu.2009.12.011,DOI:10.1080/01587919.2020.1724768,3
DOI:10.1016/j.compedu.2010.01.011,DOI:10.1016/j.compedu.2010.05.004,3
DOI:10.1016/j.compedu.2010.01.011,DOI:10.1037/0033-295x.84.2.191,3
DOI:10.1016/j.compedu.2010.05.004,DOI:10.1037/0033-295x.84.2.191,6
DOI:10.1016/j.compedu.2010.05.004,DOI:10.1080/01587910303043],10
DOI:10.1016/j.compedu.2010.05.004,DOI:10.1080/01587919.2011.565496,6
DOI:10.1016/j.compedu.2010.05.004,DOI:10.1080/01587919.2020.1724768,12
DOI:10.1016/j.compedu.2010.05.004,DOI:10.1080/08923647.2020.1726167,6
DOI:10.1016/j.compedu.2010.05.004,DOI:10.1111/j.1365-2729.2009.00324.x,3
DOI:10.1016/j.compedu.2010.05.004,DOI:10.1186/s41239-018-0107-0,3
DOI:10.1016/j.compedu.2010.05.004,DOI:10.13189/ujer.2017.051306,6
DOI:10.1016/j.compedu.2010.05.004,DOI:10.2307/249688,4
DOI:10.1016/j.compedu.2010.05.004,DOI:10.24059/olj.v22i4.1297,5
DOI:10.1016/j.compedu.2010.05.004,"YU T, 2015, ONLINE LEARN, V19, P120",4
DOI:10.1016/j.compedu.2010.05.004,DOI:10.1111/j.1467-8535.2010.01157.x,3
DOI:10.1016/j.compedu.2010.05.004,DOI:10.1163/9789004702813_021],4
DOI:10.1016/j.compedu.2010.05.004,DOI:10.24191/ajue.v16i2.10294,6
DOI:10.1016/j.compedu.2010.05.004,"HUNTER JOHN D., 2007, ECONOMETRICA, V9, P90, DOI [10.1037/0003-066X.55.1.68, 10.1109/MCSE.2007.55]",3
DOI:10.1016/j.compedu.2010.05.004,"WARNER D., 1998, READINESS OF VET CLIENTS FOR FLEXIBLE DELIVERY INCLUDING ON-LINE LEARNING",8
DOI:10.1016/j.compedu.2010.05.004,DOI:10.3390/jrfm13030055,4
DOI:10.1016/j.compedu.2010.05.004,"MUTHUPRASAD T, 2021, SOC SCI HUMANIT OPEN, V3, P100101, DOI [10.1016/J.SSAHO.2020.100101, 10.1016/J.SSAHO.2020.100101]",3
DOI:10.1016/j.compedu.2010.05.004,"BANDURA A., 1997, SELF-EFFICACY: THE EXERCISE OF CONTROL, V13",3
DOI:10.1016/j.compedu.2010.05.004,DOI:10.1021/acs.jchemed.0c00712,3
DOI:10.1016/j.compedu.2010.05.004,DOI:10.1080/0158791042000212440,5
DOI:10.1016/j.compedu.2010.05.004,DOI:10.37256/ser.122020422,4
DOI:10.1016/j.compedu.2010.05.004,DOI:10.1007/s12144-022-02699-7,4
DOI:10.1016/j.compedu.2010.05.004,DOI:10.1016/j.acalib.2021.102346,5
DOI:10.1016/j.compedu.2010.05.004,DOI:10.12669/pjms.36.covid19-s4.2785,5
DOI:10.1016/j.compedu.2010.05.004,"BOROTIS S.A., 2004, PROCEEDINGS OF WORLD CONFERENCE ON E-LEARNING IN CORPORATE, GOVERNMENT, HEALTHCARE, AND HIGHER EDUCATION 2004, P1622",3
DOI:10.1016/j.compedu.2010.05.004,DOI:10.1016/s0360-1315(01)00060-4,5
DOI:10.1016/j.compedu.2010.05.004,DOI:10.1080/0144341042000294868,7
DOI:10.1016/j.compedu.2010.05.004,DOI:10.15390/es.2013.1179,3
DOI:10.1016/j.compedu.2010.05.004,DOI:10.4324/9780203415986-21,6
DOI:10.1016/j.compedu.2010.05.004,"LIH-CHING CHEN WANG, 2002, JOURNAL OF EDUCATIONAL MULTIMEDIA AND HYPERMEDIA, V11, P71",4
DOI:10.1016/j.compedu.2010.05.004,"TSAI CC, 2004, ADOLESCENCE, V39, P725",3
DOI:10.1016/j.compedu.2010.05.004,DOI:10.1111/j.1083-6101.2000.tb00110.x],3
DOI:10.1016/j.compedu.2010.05.004,DOI:10.1186/s41239-019-0152-3,4
DOI:10.1016/j.compedu.2010.05.004,DOI:10.4324/9780203771587],3
DOI:10.1016/j.compedu.2010.05.004,DOI:10.1016/j.cedpsych.2004.11.001,3
DOI:10.1016/j.compedu.2010.05.004,DOI:10.1080/09523987.2020.1786772,3
DOI:10.1016/j.compedu.2010.05.004,DOI:10.6007/ijarbss/v10-i5/7236,4
DOI:10.1016/j.compedu.2010.05.004,DOI:10.7456/1040oer/103],3
DOI:10.1016/j.compedu.2010.05.004,"MCVAY M, 2000, DEVELOPING A WEB-BASED DISTANCE STUDENT ORIENTATION TO ENHANCE STUDENT SUCCESS IN AN ONLINE BACHELOR'S DEGREE COMPLETION PROGRAM",5
DOI:10.1016/j.compedu.2010.05.004,DOI:10.1016/j.compedu.2015.11.012,3
DOI:10.1016/j.compedu.2010.05.004,DOI:10.1016/j.iheduc.2014.10.002,5
DOI:10.1016/j.compedu.2010.05.004,DOI:10.1080/08923640109527071,3
DOI:10.1016/j.compedu.2010.05.004,DOI:10.1207/s15326985ep2802_3,3
DOI:10.1016/j.compedu.2010.05.004,DOI:10.1016/j.iheduc.2011.11.006,3
DOI:10.1016/j.compedu.2010.05.004,"BLANKENSHIP R., 2010, INTERNATIONAL JOURNAL OF EDUCATION RESEARCH IJER, V5, P44",4
DOI:10.1016/j.compedu.2010.05.004,DOI:10.1186/s41239-016-0034-x,4
DOI:10.1016/j.compedu.2010.05.004,DOI:10.1016/j.childyouth.2020.105699,3
DOI:10.1016/j.compedu.2010.05.004,DOI:10.1080/15325024.2020.1769300,3
DOI:10.1016/j.compedu.2010.05.004,"SONG LY, 2007, J INTERACT ONLINE LE, V6, P27",3
DOI:10.1016/j.compedu.2010.05.004,DOI:10.12738/estp.2015.3.2410,4
DOI:10.1016/j.compedu.2010.05.004,DOI:10.1007/s10648-006-9029-9,3
DOI:10.1016/j.compedu.2010.05.004,DOI:10.1016/0092-6566(85)90023-6,3
DOI:10.1016/j.compedu.2010.05.004,"MCVAY M., 2000, DEVELOPING A WEB-BASED DISTANCE STUDENT ORIENTATION TO ENHANCE STUDENT SUCCESS IN AN ONLINE BACHELOR'S DEGREE COMPLETION PROGRAM",3
DOI:10.1016/j.compedu.2010.05.004,"DZIUBAN C, 2015, ONLINE LEARN, V19, P122",3
DOI:10.1016/j.compedu.2017.12.001,DOI:10.1111/j.1365-2729.2007.00258.x,3
DOI:10.1016/j.compedu.2017.12.001,DOI:10.1287/mnsc.35.8.982,4
DOI:10.1016/j.compedu.2017.12.001,DOI:10.2307/249688,3
DOI:10.1016/j.compedu.2017.12.001,DOI:10.1016/j.compedu.2019.02.012,5
DOI:10.1016/j.compedu.2017.12.001,DOI:10.1016/j.compedu.2020.103850,4
DOI:10.1016/j.compedu.2017.12.001,DOI:10.1186/s41239-019-0136-3,4
DOI:10.1016/j.compedu.2017.12.001,DOI:10.3390/jrfm13030055,3
DOI:10.1016/j.compedu.2017.12.001,DOI:10.1016/j.compedu.2009.09.002,5
DOI:10.1016/j.compedu.2017.12.001,DOI:10.1287/mnsc.46.2.186.11926,3
DOI:10.1016/j.compedu.2017.12.001,DOI:10.4324/9780203771587],4
DOI:10.1016/j.compedu.2017.12.001,DOI:10.1016/j.chb.2014.07.044,6
DOI:10.1016/j.compedu.2017.12.001,DOI:10.1080/10494820.2020.1734028,4
DOI:10.1016/j.compedu.2017.12.001,DOI:10.2307/3250921,5
DOI:10.1016/j.compedu.2017.12.001,DOI:10.1007/s11423-018-9623-9,3
DOI:10.1016/j.compedu.2017.12.001,DOI:10.1007/s11554-021-01071-5,3
DOI:10.1016/j.compedu.2017.12.001,DOI:10.1007/s12652-020-02712-6,3
DOI:10.1016/j.compedu.2017.12.001,DOI:10.1016/j.chb.2016.10.028,4
DOI:10.1016/j.compedu.2017.12.001,DOI:10.1016/j.compedu.2011.07.008,3
DOI:10.1016/j.compedu.2017.12.001,DOI:10.1108/imds-04-2016-0130,4
DOI:10.1016/j.compedu.2017.12.001,DOI:10.1108/intr-10-2018-0447,3
DOI:10.1016/j.compedu.2017.12.001,DOI:10.1108/lht-01-2019-0028,3
DOI:10.1016/j.compedu.2017.12.001,DOI:10.1109/access.2019.2936143,3
DOI:10.1016/j.compedu.2017.12.001,DOI:10.1109/jiot.2021.3053420,3
DOI:10.1016/j.compedu.2017.12.001,DOI:10.1111/j.1467-8535.2010.01054.x,3
DOI:10.1016/j.compedu.2017.12.001,DOI:10.15354/sief.20.ar043,3
DOI:10.1016/j.compedu.2017.12.001,DOI:10.3389/fpsyg.2020.01166,3
DOI:10.1016/j.compedu.2017.12.001,DOI:10.1016/j.ssaho.2020.100084],3
DOI:10.1016/j.compedu.2017.12.001,DOI:10.3390/su13126734,3
DOI:10.1016/j.compedu.2017.12.001,"SHAHZAD ARFAN, 2021, QUAL QUANT, V55, P805, DOI [10.1007/S11135-020-01028-Z, 10.1007/S11135-020-01028-Z]",3
DOI:10.1016/j.cose.2014.10.015,DOI:10.1108/10662241011020833,4
DOI:10.1016/j.cose.2014.10.015,DOI:10.1016/j.ijhcs.2006.01.003,3
DOI:10.1016/j.cose.2014.10.015,DOI:10.1108/ijilt-11-2016-0051,3
DOI:10.1016/j.cose.2014.10.015,DOI:10.1108/ijilt-11-2017-0116,4
DOI:10.1016/j.cose.2014.10.015,"ALDHOLAY ADNAN H., 2018, INTERNATIONAL JOURNAL OF SERVICES AND STANDARDS, V12, P163",3
DOI:10.1016/j.cose.2014.10.015,DOI:10.1002/9781119239086],3
DOI:10.1016/j.cose.2014.10.015,DOI:10.1002/asi.22757,3
DOI:10.1016/j.cose.2014.10.015,DOI:10.1007/s11135-011-9579-x,3
DOI:10.1016/j.cose.2014.10.015,DOI:10.1016/j.chb.2009.02.006,3
DOI:10.1016/j.cose.2014.10.015,DOI:10.1016/j.chb.2016.10.009,3
DOI:10.1016/j.cose.2014.10.015,DOI:10.1016/j.compedu.2008.10.002,3
DOI:10.1016/j.cose.2014.10.015,DOI:10.1016/j.compedu.2012.10.001,3
DOI:10.1016/j.cose.2014.10.015,DOI:10.1016/j.compedu.2013.07.037,3
DOI:10.1016/j.cose.2014.10.015,DOI:10.1016/j.giq.2007.06.002,3
DOI:10.1016/j.cose.2014.10.015,DOI:10.1016/j.ijinfomgt.2012.03.001,3
DOI:10.1016/j.cose.2014.10.015,DOI:10.1016/j.tele.2015.06.010,3
DOI:10.1016/j.cose.2014.10.015,DOI:10.1016/j.tele.2018.03.012,3
DOI:10.1016/j.cose.2014.10.015,DOI:10.1108/02635570710822831,3
DOI:10.1016/j.cose.2014.10.015,DOI:10.1108/el-11-2012-0148,3
DOI:10.1016/j.cose.2014.10.015,DOI:10.1108/jeim-08-2013-0062,3
DOI:10.1016/j.cose.2014.10.015,DOI:10.4258/hir.2015.21.1.43,3
DOI:10.1016/j.cose.2014.10.015,DOI:10.4300/jgme-d-12-00156.1,3
DOI:10.1016/j.cose.2014.10.015,"LEE KC, 2005, INT FED INFO PROC, V158, P135",3
DOI:10.1016/j.cose.2014.10.015,"[ANONYMOUS], 2017, INT J SOFT COMPUT",3
DOI:10.1037/0033-295x.84.2.191,DOI:10.1080/01587919.2020.1724768,5
DOI:10.1037/0033-295x.84.2.191,DOI:10.1080/08923647.2020.1726167,3
DOI:10.1037/0033-295x.84.2.191,DOI:10.1287/mnsc.35.8.982,3
DOI:10.1037/0033-295x.84.2.191,DOI:10.13189/ujer.2017.051306,3
DOI:10.1037/0033-295x.84.2.191,DOI:10.2307/249688,5
DOI:10.1037/0033-295x.84.2.191,DOI:10.30935/cedtech/6047,3
DOI:10.1037/0033-295x.84.2.191,"UNESCO, 2020, COVID 19 ED DISR RES",3
DOI:10.1037/0033-295x.84.2.191,DOI:10.1111/jcal.12367,3
DOI:10.1037/0033-295x.84.2.191,DOI:10.3390/su13052888,3
DOI:10.1037/0033-295x.84.2.191,DOI:10.1016/j.psychres.2020.112934,4
DOI:10.1037/0033-295x.84.2.191,DOI:10.1016/j.iheduc.2013.04.001,3
DOI:10.1037/0033-295x.84.2.191,DOI:10.1111/j.1083-6101.2000.tb00110.x],4
DOI:10.1037/0033-295x.84.2.191,DOI:10.1128/cmr.00028-20,3
DOI:10.1037/0033-295x.84.2.191,DOI:10.3389/fpsyg.2018.02794,4
DOI:10.1037/0033-295x.84.2.191,DOI:10.4324/9780203415986-21,3
DOI:10.1037/0033-295x.84.2.191,DOI:10.4324/9780203771587],3
DOI:10.1037/0033-295x.84.2.191,DOI:10.1016/j.chb.2019.08.018,4
DOI:10.1037/0033-295x.84.2.191,DOI:10.2196/21279,3
DOI:10.1037/0033-295x.84.2.191,DOI:10.1002/piq.20001,3
DOI:10.1080/01587910303043],DOI:10.1080/01587919.2011.565496,3
DOI:10.1080/01587910303043],DOI:10.1080/01587919.2020.1724768,7
DOI:10.1080/01587910303043],DOI:10.1080/08923647.2020.1726167,3
DOI:10.1080/01587910303043],DOI:10.13189/ujer.2017.051306,3
DOI:10.1080/01587910303043],"ILGAZ H, 2015, INT REV RES OPEN DIS, V16, P171",3
DOI:10.1080/01587910303043],"BANDURA A., 1997, SELF-EFFICACY: THE EXERCISE OF CONTROL, V13",3
DOI:10.1080/01587910303043],DOI:10.1080/0158791042000212440,4
DOI:10.1080/01587910303043],DOI:10.1080/08923647.2016.1193801,3
DOI:10.1080/01587910303043],DOI:10.19030/cier.v9i1.9549],3
DOI:10.1080/01587910303043],DOI:10.1080/01587919.2020.1821604,3
DOI:10.1080/01587910303043],"WARNER D., 1998, READINESS OF VET CLIENTS FOR FLEXIBLE DELIVERY INCLUDING ON-LINE LEARNING",4
DOI:10.1080/01587910303043],DOI:10.1186/s41239-016-0034-x,3
DOI:10.1080/01587910303043],DOI:10.1080/01587919.2018.1553562,3
DOI:10.1080/01587910303043],DOI:10.19173/irrodl.v14i1.1338,3
DOI:10.1080/01587919.2011.565496,DOI:10.1080/01587919.2020.1724768,3
DOI:10.1080/01587919.2011.565496,"WARNER D., 1998, READINESS OF VET CLIENTS FOR FLEXIBLE DELIVERY INCLUDING ON-LINE LEARNING",3
DOI:10.1080/01587919.2013.835779,DOI:10.1080/01587919.2020.1724768,4
DOI:10.1080/01587919.2013.835779,DOI:10.1016/j.iheduc.2015.04.007,3
DOI:10.1080/01587919.2013.835779,DOI:10.1016/j.chb.2019.08.018,3
DOI:10.1080/01587919.2013.835779,DOI:10.1080/01587919.2018.1553562,3
DOI:10.1080/01587919.2013.835779,DOI:10.1163/9789004702813_021],3
DOI:10.1080/01587919.2013.835779,"SHAHZAD ARFAN, 2021, QUAL QUANT, V55, P805, DOI [10.1007/S11135-020-01028-Z, 10.1007/S11135-020-01028-Z]",3
DOI:10.1080/01587919.2020.1724768,DOI:10.1080/08923647.2020.1726167,5
DOI:10.1080/01587919.2020.1724768,DOI:10.13189/ujer.2017.051306,4
DOI:10.1080/01587919.2020.1724768,DOI:10.24059/olj.v22i4.1297,3
DOI:10.1080/01587919.2020.1724768,"ILGAZ H, 2015, INT REV RES OPEN DIS, V16, P171",3
DOI:10.1080/01587919.2020.1724768,DOI:10.1080/01587919.2018.1476845,3
DOI:10.1080/01587919.2020.1724768,DOI:10.5944/openpraxis.12.2.1092,3
DOI:10.1080/01587919.2020.1724768,"EICHELBERGER A., 2018, INT J ED MEDIA TECHN, V12, P11",4
DOI:10.1080/01587919.2020.1724768,DOI:10.1016/j.compedu.2017.06.010,3
DOI:10.1080/01587919.2020.1724768,DOI:10.1007/s12144-022-02699-7,3
DOI:10.1080/01587919.2020.1724768,DOI:10.1016/j.acalib.2021.102346,3
DOI:10.1080/01587919.2020.1724768,DOI:10.24191/ajue.v16i2.10294,3
DOI:10.1080/01587919.2020.1724768,DOI:10.1016/j.compedu.2009.08.005,3
DOI:10.1080/01587919.2020.1724768,DOI:10.1037/0021-9010.88.5.879,7
DOI:10.1080/01587919.2020.1724768,DOI:10.1111/j.1467-8535.2010.01157.x,4
DOI:10.1080/01587919.2020.1724768,DOI:10.1186/s41239-019-0152-3,3
DOI:10.1080/01587919.2020.1724768,DOI:10.22230/ijepl.2016v11n3a651,3
DOI:10.1080/01587919.2020.1724768,DOI:10.4324/9780203771587],4
DOI:10.1080/01587919.2020.1724768,"WARNER D., 1998, READINESS OF VET CLIENTS FOR FLEXIBLE DELIVERY INCLUDING ON-LINE LEARNING",4
DOI:10.1080/01587919.2020.1724768,"ALLY M, 2008, THEORY AND PRACTICE OF ONLINE LEARNING, 2ND EDITION, P15",3
DOI:10.1080/01587919.2020.1724768,DOI:10.1007/s11423-020-09774-5,3
DOI:10.1080/01587919.2020.1724768,DOI:10.1080/08923648909526659],3
DOI:10.1080/01587919.2020.1724768,DOI:10.1186/s41239-016-0034-x,3
DOI:10.1080/01587919.2020.1724768,DOI:10.1016/j.chb.2019.08.018,5
DOI:10.1080/01587919.2020.1724768,DOI:10.1080/01587919.2018.1553562,4
DOI:10.1080/01587919.2020.1724768,DOI:10.1111/j.1540-4609.2006.00114.x,3
DOI:10.1080/01587919.2020.1724768,DOI:10.19030/cier.v9i1.9549],3
DOI:10.1080/01587919.2020.1724768,DOI:10.19173/irrodl.v14i1.1338,4
DOI:10.1080/01587919.2020.1724768,"YUKSELTURK E, 2008, EDUC TECHNOL SOC, V11, P51",3
DOI:10.1080/01587919.2020.1724768,DOI:10.1080/02615479.2020.1823365,4
DOI:10.1080/01587919.2020.1724768,DOI:10.1108/qrde-09-2007-0002,3
DOI:10.1080/01587919.2020.1724768,DOI:10.1080/0158791042000212440,3
DOI:10.1080/01587919.2020.1724768,DOI:10.1111/j.1083-6101.2000.tb00110.x],3
DOI:10.1080/01587919.2020.1724768,DOI:10.3402/rlt.v23.26507,3
DOI:10.1080/01587919.2020.1724768,DOI:10.12738/estp.2015.3.2410,3
DOI:10.1080/08923647.2020.1726167,DOI:10.1186/s41239-018-0107-0,3
DOI:10.1080/08923647.2020.1726167,DOI:10.2307/249688,4
DOI:10.1080/08923647.2020.1726167,DOI:10.24059/olj.v22i4.1297,5
DOI:10.1080/08923647.2020.1726167,DOI:10.1080/09523987.2020.1786772,3
DOI:10.1080/08923647.2020.1726167,DOI:10.1186/s41239-019-0152-3,3
DOI:10.1080/08923647.2020.1726167,DOI:10.6007/ijarbss/v10-i5/7236,3
DOI:10.1080/08923647.2020.1726167,DOI:10.1111/j.1083-6101.2000.tb00110.x],4
DOI:10.1080/08923647.2020.1726167,DOI:10.24191/ajue.v16i2.10294,3
DOI:10.1080/08923647.2020.1726167,DOI:10.12738/estp.2015.3.2410,3
DOI:10.1108/10662241011020833,DOI:10.1108/ijilt-11-2017-0116,3
DOI:10.1111/j.1365-2729.2007.00258.x,DOI:10.1016/j.iheduc.2013.04.001,3
DOI:10.1111/j.1365-2729.2007.00258.x,DOI:10.1080/01587919.2018.1553562,3
DOI:10.1287/mnsc.35.8.982,DOI:10.2307/249688,4
DOI:10.1287/mnsc.35.8.982,DOI:10.3389/fpsyg.2019.01652,3
DOI:10.1287/mnsc.35.8.982,DOI:10.11648/j.ajtas.20160501.11,3
DOI:10.1287/mnsc.35.8.982,DOI:10.3390/su13020896,3
DOI:10.1287/mnsc.35.8.982,DOI:10.4324/9780203771587],4
DOI:10.1287/mnsc.35.8.982,DOI:10.1016/j.compedu.2009.09.002,4
DOI:10.1287/mnsc.35.8.982,DOI:10.1287/mnsc.46.2.186.11926,5
DOI:10.1287/mnsc.35.8.982,DOI:10.1016/j.chb.2016.02.066,3
DOI:10.1287/mnsc.35.8.982,DOI:10.2307/3250921,3
DOI:10.2307/249688,DOI:10.1016/j.compedu.2009.09.002,3
DOI:10.2307/249688,DOI:10.1287/mnsc.46.2.186.11926,3
DOI:10.2307/249688,DOI:10.4324/9780203771587],3
DOI:10.2307/249688,DOI:10.1111/j.1083-6101.2000.tb00110.x],4
DOI:10.2307/249688,DOI:10.4324/9780203415986-21,3
DOI:10.2307/249688,"BANDURA A., 1997, SELF-EFFICACY: THE EXERCISE OF CONTROL, V13",3
DOI:10.2307/249688,DOI:10.24191/ajue.v16i2.10294,3
DOI:10.24059/olj.v22i4.1297,"YU T, 2015, ONLINE LEARN, V19, P120",4
DOI:10.3102/00346543074003379,DOI:10.1111/j.1467-9620.2005.00544.x,4
DOI:10.3102/00346543074003379,DOI:10.1257/000282802320191778,3
DOI:10.3102/00346543074003379,"NGUYEN T., 2015, MERLOT JOURNAL OF ONLINE LEARNING AND TEACHING, V11, P309",3
DOI:10.3102/00346543074003379,"MEANS B, 2013, TEACH COLL REC, V115",3
"YUKSELTURK E, 2007, EDUC TECHNOL SOC, V10, P71","NGUYEN T., 2015, MERLOT JOURNAL OF ONLINE LEARNING AND TEACHING, V11, P309",3
DOI:10.1037/0022-0663.92.3.544,DOI:10.1007/s10639-020-10134-2,3
DOI:10.1037/0022-0663.92.3.544,DOI:10.1016/j.compedu.2019.103771,3
DOI:10.1037/0022-0663.92.3.544,DOI:10.1016/j.iheduc.2015.04.007,4
DOI:10.1037/0022-0663.92.3.544,DOI:10.1207/s15430421tip4102_2,3
DOI:10.1037/0022-0663.92.3.544,DOI:10.3389/fpsyg.2017.00422,3
"DEBOURGH GREGORY., 1999, PROCEEDINGS OF SOCIETY FOR INFORMATION TECHNOLOGY TEACHER EDUCATION INTERNATIONAL CONFERENCE 1999, P131",DOI:10.1080/01587919.2018.1553562,3
DOI:10.1007/978-1-4614-2018-7_1,DOI:10.1016/j.compedu.2015.09.005,3
DOI:10.1007/978-1-4614-2018-7_1,DOI:10.1016/j.jadohealth.2021.03.002,5
DOI:10.1007/978-1-4614-2018-7_1,DOI:10.1111/j.1467-8535.2010.01157.x,3
DOI:10.1007/978-1-4614-2018-7_1,"DIXSON MD, 2015, ONLINE LEARN, V19, P143",3
DOI:10.1007/978-1-4614-2018-7_1,DOI:10.1007/s12528-018-9179-z,3
DOI:10.1007/978-1-4614-2018-7_1,DOI:10.1016/j.compedu.2009.11.008,3
DOI:10.1016/j.chb.2016.05.084,DOI:10.1016/j.jadohealth.2021.03.002,3
DOI:10.1016/j.chb.2016.05.084,DOI:10.1111/j.1467-8535.2010.01157.x,3
DOI:10.1016/j.compedu.2008.10.007,DOI:10.24059/olj.v5i2.1875],3
DOI:10.1016/j.compedu.2008.10.007,DOI:10.1016/j.iheduc.2007.04.001,3
DOI:10.1016/j.compedu.2009.12.012,DOI:10.1080/01587919.2018.1553562,3
DOI:10.1016/j.compedu.2009.12.012,DOI:10.1080/08923647.2015.994366,3
DOI:10.1016/j.compedu.2009.12.012,DOI:10.22230/ijepl.2016v11n3a651,3
DOI:10.1016/j.compedu.2009.12.012,DOI:10.24059/olj.v5i2.1875],3
DOI:10.1016/j.compedu.2009.12.012,DOI:10.3758/bf03206553,3
DOI:10.1016/j.compedu.2009.12.012,DOI:10.4324/9780203771587],3
DOI:10.1016/j.compedu.2009.12.012,DOI:10.1111/j.1083-6101.2000.tb00110.x],3
DOI:10.1016/j.compedu.2009.12.012,"MOORE M.KEARSLEY., 1996, DISTANCE EDUCATION: A SYSTEM VIEW",3
DOI:10.1016/j.compedu.2009.12.012,DOI:10.1111/j.1540-4609.2006.00114.x,3
DOI:10.1016/j.compedu.2009.12.012,DOI:10.19173/irrodl.v14i1.1338,3
DOI:10.1016/j.compedu.2012.07.015,DOI:10.2753/mtp1069-6679190202,3
DOI:10.1016/j.compedu.2012.07.015,DOI:10.2307/3150499,3
DOI:10.1016/j.compedu.2012.07.015,DOI:10.2307/3250921,3
DOI:10.1016/j.compedu.2015.09.005,DOI:10.1016/j.jadohealth.2021.03.002,5
DOI:10.1016/j.compedu.2015.09.005,DOI:10.1111/j.1467-8535.2010.01157.x,3
DOI:10.1016/j.compedu.2015.09.005,DOI:10.1016/j.compedu.2009.11.008,5
DOI:10.1016/j.compedu.2015.09.005,DOI:10.1111/j.1467-8535.2012.01284.x,3
DOI:10.1016/j.compedu.2015.09.005,DOI:10.1111/bjet.13190,3
DOI:10.1016/j.compedu.2018.02.013,DOI:10.1016/j.iheduc.2018.01.003,3
DOI:10.1016/j.compedu.2018.02.013,DOI:10.1016/j.jadohealth.2021.03.002,6
DOI:10.1016/j.compedu.2018.02.013,DOI:10.1080/01587919.2018.1476845,3
DOI:10.1016/j.compedu.2018.02.013,DOI:10.1080/01587919.2018.1553562,3
DOI:10.1016/j.compedu.2018.02.013,DOI:10.1080/08923647.2015.994366,3
DOI:10.1016/j.compedu.2018.02.013,DOI:10.1111/j.1467-8535.2010.01157.x,6
DOI:10.1016/j.compedu.2018.02.013,DOI:10.1177/1469787418801702,3
DOI:10.1016/j.compedu.2018.02.013,DOI:10.22230/ijepl.2016v11n3a651,4
DOI:10.1016/j.compedu.2018.02.013,DOI:10.3758/brm.40.3.879,3
DOI:10.1016/j.compedu.2018.02.013,DOI:10.1007/s40692-021-00191-y,3
DOI:10.1016/j.compedu.2018.02.013,DOI:10.4324/9780203771587],5
DOI:10.1016/j.compedu.2018.02.013,DOI:10.1080/01587910500081269,3
DOI:10.1016/j.iheduc.2014.09.005,DOI:10.1016/j.jadohealth.2021.03.002,3
DOI:10.1016/j.iheduc.2017.04.001,DOI:10.24059/olj.v5i2.1875],3
DOI:10.1016/j.iheduc.2018.01.003,DOI:10.1080/01587919.2018.1553562,3
DOI:10.1016/j.iheduc.2018.01.003,DOI:10.1111/j.1467-8535.2010.01157.x,4
DOI:10.1016/j.iheduc.2018.01.003,DOI:10.22230/ijepl.2016v11n3a651,3
DOI:10.1016/j.iheduc.2018.01.003,DOI:10.1080/08923640109527071,3
DOI:10.1016/j.iheduc.2018.01.003,DOI:10.24059/olj.v25i1.2482,3
DOI:10.1016/j.jadohealth.2021.03.002,DOI:10.1080/01587919.2018.1476845,3
DOI:10.1016/j.jadohealth.2021.03.002,DOI:10.1111/bjet.12235,4
DOI:10.1016/j.jadohealth.2021.03.002,DOI:10.1111/j.1467-8535.2010.01157.x,8
DOI:10.1016/j.jadohealth.2021.03.002,DOI:10.1177/0735633116656849,3
DOI:10.1016/j.jadohealth.2021.03.002,DOI:10.22230/ijepl.2016v11n3a651,3
DOI:10.1016/j.jadohealth.2021.03.002,"FREDRICKS JA, 2005, SEARCH I SER DEV ATT, P305",3
DOI:10.1016/j.jadohealth.2021.03.002,DOI:10.1007/s10734-020-00657-5,4
DOI:10.1016/j.jadohealth.2021.03.002,DOI:10.1007/s12528-018-9179-z,6
DOI:10.1016/j.jadohealth.2021.03.002,DOI:10.1016/j.chb.2014.02.048,3
DOI:10.1016/j.jadohealth.2021.03.002,DOI:10.1016/j.compedu.2021.104315,4
DOI:10.1016/j.jadohealth.2021.03.002,DOI:10.1109/iset.2017.17,3
DOI:10.1016/j.jadohealth.2021.03.002,DOI:10.1186/s41239-019-0176-8,3
DOI:10.1016/j.jadohealth.2021.03.002,DOI:10.1111/bjet.13190,5
DOI:10.1016/j.jadohealth.2021.03.002,"BALORAN ET, 2021, TURK ONLINE J DISTAN, V22, P1",3
DOI:10.1016/j.jadohealth.2021.03.002,"DIXSON M.D., 2010, J SCHOLARSH TEACH LEARN, V10, P1",4
DOI:10.1016/j.jadohealth.2021.03.002,"DIXSON MD, 2015, ONLINE LEARN, V19, P143",3
DOI:10.1016/j.jadohealth.2021.03.002,DOI:10.1007/s40692-021-00191-y,4
DOI:10.1016/j.jadohealth.2021.03.002,DOI:10.1016/j.compedu.2009.11.008,4
DOI:10.1016/j.jadohealth.2021.03.002,DOI:10.1108/jarhe-02-2020-0045,3
DOI:10.1016/j.jadohealth.2021.03.002,DOI:10.3200/joer.98.3.184-192,3
DOI:10.1016/j.jadohealth.2021.03.002,DOI:10.1037/a0032690,3
DOI:10.1016/j.jadohealth.2021.03.002,DOI:10.1080/15391523.2021.1920518,3
DOI:10.1016/j.jadohealth.2021.03.002,DOI:10.1163/9789004702813_021],4
DOI:10.1016/j.jadohealth.2021.03.002,DOI:10.2224/sbp.7054,6
DOI:10.1016/j.jadohealth.2021.03.002,DOI:10.24059/olj.v22i1.1175,5
DOI:10.1016/j.jadohealth.2021.03.002,DOI:10.1016/j.paid.2022.111645,3
DOI:10.1016/j.jadohealth.2021.03.002,DOI:10.3389/feduc.2022.851019,3
DOI:10.1016/j.jadohealth.2021.03.002,DOI:10.1016/j.compedu.2017.06.012,3
DOI:10.1016/j.jadohealth.2021.03.002,DOI:10.1080/03075079.2011.598505,5
DOI:10.1016/j.jadohealth.2021.03.002,DOI:10.4324/9780203771587],3
DOI:10.1016/j.jadohealth.2021.03.002,DOI:10.1016/j.compedu.2020.103851,3
DOI:10.1016/j.jadohealth.2021.03.002,DOI:10.1016/j.iheduc.2008.06.003,3
DOI:10.1016/j.jadohealth.2021.03.002,DOI:10.1016/j.cedpsych.2011.05.002,3
DOI:10.1016/j.jadohealth.2021.03.002,"ALLY M, 2008, THEORY AND PRACTICE OF ONLINE LEARNING, 2ND EDITION, P15",3
DOI:10.1016/j.jadohealth.2021.03.002,DOI:10.1016/j.learninstruc.2016.02.002,4
DOI:10.1016/j.jadohealth.2021.03.002,DOI:10.1037/a0012840,3
DOI:10.1016/j.jadohealth.2021.03.002,DOI:10.1002/ece3.7123,3
DOI:10.1016/j.jadohealth.2021.03.002,DOI:10.1016/j.childyouth.2020.105699,3
DOI:10.1080/01587919.2018.1476845,DOI:10.1111/j.1467-8535.2010.01157.x,5
DOI:10.1080/01587919.2018.1476845,DOI:10.22230/ijepl.2016v11n3a651,4
DOI:10.1080/01587919.2018.1476845,DOI:10.3758/brm.40.3.879,4
DOI:10.1080/01587919.2018.1553562,DOI:10.1080/08923647.2015.994366,6
DOI:10.1080/01587919.2018.1553562,DOI:10.1177/1469787418801702,3
DOI:10.1080/01587919.2018.1553562,DOI:10.22230/ijepl.2016v11n3a651,10
DOI:10.1080/01587919.2018.1553562,DOI:10.30935/cedtech/6047,3
DOI:10.1080/01587919.2018.1553562,DOI:10.1016/j.compedu.2017.06.010,7
DOI:10.1080/01587919.2018.1553562,DOI:10.1111/bjet.12457,3
DOI:10.1080/01587919.2018.1553562,DOI:10.1177/1052562904271199,3
DOI:10.1080/01587919.2018.1553562,DOI:10.17718/tojde.770928],4
DOI:10.1080/01587919.2018.1553562,DOI:10.19173/irrodl.v14i1.1338,12
DOI:10.1080/01587919.2018.1553562,DOI:10.3390/su13126734,3
DOI:10.1080/01587919.2018.1553562,"GEORGE D.MALLERY., 2003, SPSS WINDOWS STEP ST",3
DOI:10.1080/01587919.2018.1553562,"NGUYEN T., 2015, MERLOT JOURNAL OF ONLINE LEARNING AND TEACHING, V11, P309",3
DOI:10.1080/01587919.2018.1553562,"SUN AN, 2016, J INF TECHNOL EDUC-R, V15, P157",3
DOI:10.1080/01587919.2018.1553562,DOI:10.1016/j.iheduc.2013.04.001,7
DOI:10.1080/01587919.2018.1553562,DOI:10.19030/cier.v9i1.9549],6
DOI:10.1080/01587919.2018.1553562,DOI:10.3389/fpsyg.2018.02434,3
DOI:10.1080/01587919.2018.1553562,DOI:10.1080/02615479.2020.1823365,4
DOI:10.1080/01587919.2018.1553562,DOI:10.1163/9789004702813_021],3
DOI:10.1080/01587919.2018.1553562,DOI:10.4018/978-1-59140-555-9.ch245],4
DOI:10.1080/01587919.2018.1553562,"MUTHUPRASAD T, 2021, SOC SCI HUMANIT OPEN, V3, P100101, DOI [10.1016/J.SSAHO.2020.100101, 10.1016/J.SSAHO.2020.100101]",5
DOI:10.1080/01587919.2018.1553562,DOI:10.1111/j.1365-2729.2008.00294.x,4
DOI:10.1080/01587919.2018.1553562,DOI:10.3402/rlt.v23.26507,6
DOI:10.1080/01587919.2018.1553562,DOI:10.1007/s10639-021-10523-1,3
DOI:10.1080/01587919.2018.1553562,DOI:10.1016/j.iheduc.2010.08.002,5
DOI:10.1080/01587919.2018.1553562,DOI:10.1016/s0140-6736(20)30547-x,3
DOI:10.1080/01587919.2018.1553562,DOI:10.1080/01587910500081269,4
DOI:10.1080/01587919.2018.1553562,DOI:10.1080/08923648909526659],10
DOI:10.1080/01587919.2018.1553562,DOI:10.1108/aeds-09-2020-0209,3
DOI:10.1080/01587919.2018.1553562,DOI:10.1186/s40561-021-00149-8,4
DOI:10.1080/01587919.2018.1553562,DOI:10.4324/9780203771587],3
DOI:10.1080/01587919.2018.1553562,DOI:10.1007/s10639-019-09863-w,3
DOI:10.1080/01587919.2018.1553562,DOI:10.1016/j.compedu.2007.09.005,3
DOI:10.1080/01587919.2018.1553562,DOI:10.1111/j.1540-4609.2006.00114.x,8
DOI:10.1080/01587919.2018.1553562,DOI:10.3390/jrfm13030055,4
DOI:10.1080/01587919.2018.1553562,DOI:10.9743/jeo.2010.1.2],3
DOI:10.1080/01587919.2018.1553562,"YUKSELTURK E, 2008, EDUC TECHNOL SOC, V11, P51",5
DOI:10.1080/01587919.2018.1553562,DOI:10.1080/08841241.2015.1083511,4
DOI:10.1080/01587919.2018.1553562,DOI:10.1016/j.iheduc.2012.11.001,3
DOI:10.1080/01587919.2018.1553562,DOI:10.1016/j.compedu.2020.104111,4
DOI:10.1080/01587919.2018.1553562,DOI:10.1007/s12528-011-9043-x,3
DOI:10.1080/01587919.2018.1553562,DOI:10.1111/jcal.12005,3
DOI:10.1080/01587919.2018.1553562,"SAXENA CHARU, 2021, JOURNAL OF EDUCATIONAL TECHNOLOGY SYSTEMS, V49, P532, DOI [10.1177/0047239520977798, 10.1177/0047239520977798]",4
DOI:10.1080/03075079.2017.1298088,DOI:10.1016/j.sbspro.2014.05.193,3
DOI:10.1080/07421222.2001.11045669,DOI:10.1016/j.iheduc.2016.04.002,3
DOI:10.1080/07421222.2001.11045669,DOI:10.4324/9780203771587],3
DOI:10.1080/08923647.2015.994366,DOI:10.1177/1469787418801702,3
DOI:10.1080/08923647.2015.994366,DOI:10.22230/ijepl.2016v11n3a651,4
DOI:10.1080/08923647.2015.994366,DOI:10.1016/j.iheduc.2013.04.001,4
DOI:10.1080/08923647.2015.994366,DOI:10.19030/cier.v9i1.9549],3
DOI:10.1080/08923647.2015.994366,DOI:10.1037/stl0000198],3
DOI:10.1080/08923647.2015.994366,DOI:10.1007/s10639-021-10523-1,3
DOI:10.1080/08923647.2015.994366,DOI:10.1016/j.compedu.2012.09.003,3
DOI:10.1080/08923647.2015.994366,DOI:10.1016/j.compedu.2014.06.011,3
DOI:10.1080/08923647.2015.994366,DOI:10.1016/j.compedu.2017.06.010,3
DOI:10.1080/08923647.2015.994366,DOI:10.1016/j.iheduc.2010.08.002,3
DOI:10.1080/08923647.2015.994366,DOI:10.1080/01587910500081269,3
DOI:10.1080/08923647.2015.994366,DOI:10.1080/08923648909526659],3
DOI:10.1080/08923647.2015.994366,DOI:10.3390/su13126734,3
DOI:10.1080/08923647.2015.994366,DOI:10.19173/irrodl.v14i1.1338,3
DOI:10.1080/08923647.2015.994366,DOI:10.3402/rlt.v23.26507,3
DOI:10.1111/bjet.12235,"FREDRICKS JA, 2005, SEARCH I SER DEV ATT, P305",3
DOI:10.1111/bjet.12235,DOI:10.1007/s12528-018-9179-z,3
DOI:10.1111/bjet.12235,DOI:10.1016/j.chb.2014.02.048,3
DOI:10.1111/j.1467-8535.2010.01157.x,DOI:10.22230/ijepl.2016v11n3a651,5
DOI:10.1111/j.1467-8535.2010.01157.x,DOI:10.3758/brm.40.3.879,3
DOI:10.1111/j.1467-8535.2010.01157.x,DOI:10.1016/j.compedu.2009.11.008,3
DOI:10.1111/j.1467-8535.2010.01157.x,DOI:10.1037/a0032690,3
DOI:10.1111/j.1467-8535.2010.01157.x,DOI:10.19173/irrodl.v15i5.1853,3
DOI:10.1111/j.1467-8535.2010.01157.x,DOI:10.1002/aehe.20018,3
DOI:10.1111/j.1467-8535.2010.01157.x,DOI:10.1037/a0012840,3
DOI:10.1111/j.1467-8535.2010.01157.x,DOI:10.4324/9780203771587],4
DOI:10.1111/j.1467-8535.2010.01157.x,DOI:10.1007/s40692-021-00191-y,3
DOI:10.1111/j.1467-8535.2010.01157.x,DOI:10.1111/j.1540-5915.2008.00192.x,3
DOI:10.1177/0013164493053003024,DOI:10.1016/j.iheduc.2015.04.007,4
DOI:10.1177/0013164493053003024,DOI:10.1037/a0026838,3
DOI:10.1177/0735633116656849,DOI:10.22230/ijepl.2016v11n3a651,3
DOI:10.22230/ijepl.2016v11n3a651,DOI:10.30935/cedtech/6047,3
DOI:10.22230/ijepl.2016v11n3a651,DOI:10.1007/s40692-021-00191-y,4
DOI:10.22230/ijepl.2016v11n3a651,DOI:10.1016/j.compedu.2017.06.010,6
DOI:10.22230/ijepl.2016v11n3a651,DOI:10.1111/bjet.12457,4
DOI:10.22230/ijepl.2016v11n3a651,DOI:10.1177/1052562904271199,3
DOI:10.22230/ijepl.2016v11n3a651,DOI:10.19173/irrodl.v14i1.1338,5
DOI:10.22230/ijepl.2016v11n3a651,"NGUYEN T., 2015, MERLOT JOURNAL OF ONLINE LEARNING AND TEACHING, V11, P309",3
DOI:10.22230/ijepl.2016v11n3a651,DOI:10.3402/rlt.v23.26507,4
DOI:10.22230/ijepl.2016v11n3a651,DOI:10.1002/aehe.20018,3
DOI:10.22230/ijepl.2016v11n3a651,DOI:10.1007/s10639-019-09863-w,5
DOI:10.22230/ijepl.2016v11n3a651,DOI:10.1080/03075079.2011.598505,3
DOI:10.22230/ijepl.2016v11n3a651,DOI:10.1016/j.lindif.2022.102128,3
DOI:10.22230/ijepl.2016v11n3a651,DOI:10.4324/9780203771587],4
DOI:10.22230/ijepl.2016v11n3a651,"BEKELE TA, 2010, EDUC TECHNOL SOC, V13, P116",3
DOI:10.22230/ijepl.2016v11n3a651,DOI:10.1016/j.compedu.2020.104111,3
DOI:10.22230/ijepl.2016v11n3a651,DOI:10.1016/j.iheduc.2011.11.006,3
DOI:10.22230/ijepl.2016v11n3a651,DOI:10.1080/08923648909526659],7
DOI:10.22230/ijepl.2016v11n3a651,DOI:10.1108/aeds-09-2020-0209,3
DOI:10.22230/ijepl.2016v11n3a651,DOI:10.1186/s40561-021-00149-8,3
DOI:10.22230/ijepl.2016v11n3a651,DOI:10.1111/j.1540-4609.2006.00114.x,6
DOI:10.22230/ijepl.2016v11n3a651,DOI:10.19030/cier.v9i1.9549],4
DOI:10.22230/ijepl.2016v11n3a651,DOI:10.4018/978-1-59140-555-9.ch245],3
DOI:10.22230/ijepl.2016v11n3a651,"YUKSELTURK E, 2008, EDUC TECHNOL SOC, V11, P51",3
DOI:10.22230/ijepl.2016v11n3a651,DOI:10.1016/j.iheduc.2012.11.001,3
DOI:10.22230/ijepl.2016v11n3a651,DOI:10.1111/jcal.12005,3
DOI:10.22230/ijepl.2016v11n3a651,"SAXENA CHARU, 2021, JOURNAL OF EDUCATIONAL TECHNOLOGY SYSTEMS, V49, P532, DOI [10.1177/0047239520977798, 10.1177/0047239520977798]",3
DOI:10.2307/2334290,DOI:10.1111/j.2517-6161.1974.tb00994.x,4
DOI:10.24059/olj.v24i2.2285,DOI:10.1163/9789004702813_021],4
DOI:10.24059/olj.v24i2.2285,DOI:10.24059/olj.v25i1.2496,3
DOI:10.24059/olj.v5i2.1875],DOI:10.1016/j.iheduc.2007.04.001,5
DOI:10.24059/olj.v5i2.1875],DOI:10.1016/j.iheduc.2009.10.003,4
DOI:10.24059/olj.v5i2.1875],DOI:10.1016/j.iheduc.2018.06.001,3
DOI:10.24059/olj.v5i2.1875],DOI:10.1080/08923640109527071,4
DOI:10.24059/olj.v5i2.1875],"GARRISON D.R., 2017, E-LEARNING IN THE 21ST CENTURY. A COMMUNITY OF INQUIRY FRAMEWORK FOR RESEARCH AND PRACTICE, V3",3
DOI:10.24059/olj.v5i2.1875],DOI:10.1016/j.iheduc.2009.10.002,4
DOI:10.24059/olj.v5i2.1875],DOI:10.24059/olj.v12i3-4.1680,3
DOI:10.3758/bf03206553,DOI:10.3758/brm.40.3.879,4
DOI:10.3758/brm.40.3.879,DOI:10.4324/9780203771587],3
DOI:10.1007/s10639-019-10027-z,DOI:10.1007/s10639-021-10507-1,3
DOI:10.1016/j.compedu.2020.104009,DOI:10.1257/aer.20151193,3
DOI:10.1073/pnas.2022376118,DOI:10.1093/wbro/lkab003,3
DOI:10.1073/pnas.2022376118,DOI:10.1016/j.psychres.2020.112934,3
DOI:10.1073/pnas.2022376118,DOI:10.1016/j.tine.2021.100163,3
DOI:10.1073/pnas.2022376118,DOI:10.1371/journal.pone.0255629,3
DOI:10.1073/pnas.2022376118,DOI:10.1007/s10212-021-00546-0,3
DOI:10.1073/pnas.2022376118,DOI:10.1016/j.neuron.2013.07.007,3
DOI:10.1111/bjet.13206,DOI:10.2196/22817,3
DOI:10.1155/2021/6649524,DOI:10.3389/fvets.2020.594261,3
DOI:10.1163/9789004702813_021],DOI:10.4324/9780203095959,3
DOI:10.1163/9789004702813_021],DOI:10.1016/s2468-2667(20)30084-0,3
DOI:10.1163/9789004702813_021],"DIXSON M.D., 2010, J SCHOLARSH TEACH LEARN, V10, P1",3
DOI:10.1163/9789004702813_021],DOI:10.1007/s12528-018-9179-z,3
DOI:10.1163/9789004702813_021],DOI:10.1080/15391523.2021.1891996,4
DOI:10.1163/9789004702813_021],DOI:10.24191/ajue.v16i2.10294,3
DOI:10.1163/9789004702813_021],DOI:10.1080/00131911.2021.1978401,3
DOI:10.1163/9789004702813_021],"SHAHZAD ARFAN, 2021, QUAL QUANT, V55, P805, DOI [10.1007/S11135-020-01028-Z, 10.1007/S11135-020-01028-Z]",3
DOI:10.1163/9789004702813_021],"LUNG I., 2000, EDUCATIONAL TECHNOLOGY, V40, P57",3
DOI:10.1163/9789004702813_021],"MEANS B., 2010, EVALUATION OF EVIDENCE-BASED PRACTICES IN ONLINE LEARNING: A META-ANALYSIS AND REVIEW OF ONLINE LEARNING STUDIES",5
DOI:10.1163/9789004702813_021],"MEANS B., 2020, SUDDENLY ONLINE: A NATIONAL SURVEY OF UNDERGRADUATES DURING THE COVID-19 PANDEMIC",3
DOI:10.1163/9789004702813_021],DOI:10.5281/zenodo.3878572,9
DOI:10.1163/9789004702813_021],DOI:10.1080/02619768.2020.1821184,4
DOI:10.1163/9789004702813_021],DOI:10.1016/j.childyouth.2020.105355,3
DOI:10.1163/9789004702813_021],DOI:10.1037/0003-066x.55.1.68,3
DOI:10.1163/9789004702813_021],DOI:10.1108/qrde-06-2016-0003,3
DOI:10.1163/9789004702813_021],DOI:10.3390/jrfm13030055,4
DOI:10.1163/9789004702813_021],DOI:10.4324/9781003117407,3
DOI:10.1163/9789004702813_021],"PAUDEL P, 2021, INT J STUD EDUC, V3",3
DOI:10.1163/9789004702813_021],DOI:10.1002/ece3.7123,4
DOI:10.1163/9789004702813_021],DOI:10.1007/s11092-020-09322-y,3
DOI:10.1163/9789004702813_021],DOI:10.29333/ajqr/8471],4
DOI:10.1163/9789004702813_021],DOI:10.1080/15325024.2020.1769300,3
DOI:10.1163/9789004702813_021],DOI:10.1016/j.childyouth.2020.105699,3
DOI:10.1163/9789004702813_021],DOI:10.1080/02607476.2020.1801330,3
DOI:10.1163/9789004702813_021],DOI:10.1108/ils-04-2020-0083,3
DOI:10.1163/9789004702813_021],DOI:10.26803/ijlter.19.6.1],3
DOI:10.1163/9789004702813_021],"[ANONYMOUS], 2020, POLICY BRIEF ED COVI",4
DOI:10.1163/9789004702813_021],DOI:10.1080/08923640701341653,3
DOI:10.1163/9789004702813_021],DOI:10.1080/01587910500081269,3
DOI:10.1163/9789004702813_021],"TABACHNICK BG., 2018, USING MULTIVARIATE STATISTICS",3
DOI:10.1177/1052562904271199,DOI:10.19173/irrodl.v14i1.1338,3
DOI:10.1257/aer.20151193,DOI:10.1002/pam.21728,3
DOI:10.1257/aer.20151193,DOI:10.1086/669930,6
DOI:10.1257/aer.20151193,DOI:10.1353/jhe.2014.0028,4
DOI:10.1257/aer.20151193,DOI:10.1016/j.jpubeco.2020.104271,3
DOI:10.1257/aer.20151193,DOI:10.1257/aer.p20161057,5
DOI:10.1257/aer.20151193,DOI:10.1016/j.econedurev.2015.02.007,3
DOI:10.1371/journal.pone.0253651,"MUTHUPRASAD T, 2021, SOC SCI HUMANIT OPEN, V3, P100101, DOI [10.1016/J.SSAHO.2020.100101, 10.1016/J.SSAHO.2020.100101]",3
DOI:10.1371/journal.pone.0253651,DOI:10.12669/pjms.36.covid19-s4.2766,4
DOI:10.3102/00346543076001093,DOI:10.1080/10494820.2017.1337035,3
DOI:10.3102/00346543076001093,DOI:10.20944/preprints202004.0290.v1],3
DOI:10.1007/s10639-021-10523-1,DOI:10.1016/j.ijhcs.2006.01.003,4
DOI:10.1007/s10639-021-10523-1,DOI:10.3390/su13126734,4
DOI:10.1007/s10639-021-10523-1,"IKHSAN RB, 2019, PROCEEDINGS OF 2019 5TH INTERNATIONAL CONFERENCE ON NEW MEDIA STUDIES (CONMEDIA 2019), P68, DOI [10.1109/CONMEDIA46929.2019.8981813, 10.1109/CONMEDIA46929.2019.8981813]",3
DOI:10.1007/s10639-021-10523-1,DOI:10.1108/09513541311297568,3
DOI:10.1007/s10639-021-10523-1,DOI:10.1108/ijem-11-2020-0513,4
DOI:10.1007/s10639-021-10523-1,DOI:10.1080/10872981.2021.1920090,4
DOI:10.1007/s10639-021-10523-1,DOI:10.1371/journal.pone.0249423,4
DOI:10.1007/s10639-021-10523-1,DOI:10.1016/j.chieco.2021.101629,3
DOI:10.1007/s10639-021-10523-1,DOI:10.1016/j.childyouth.2021.106160,4
DOI:10.1007/s10639-021-10523-1,DOI:10.1016/j.compedu.2019.103724,4
DOI:10.1007/s10639-021-10523-1,DOI:10.1080/10494820.2020.1817761,3
DOI:10.1007/s10639-021-10523-1,"DZIUBAN C, 2015, ONLINE LEARN, V19, P122",3
DOI:10.1007/s10639-021-10523-1,DOI:10.1088/1742-6596/1108/1/012094],3
DOI:10.1007/s10639-021-10523-1,DOI:10.1108/aeds-06-2020-0131,3
DOI:10.1007/s10639-021-10523-1,DOI:10.1016/j.compedu.2020.104111,3
DOI:10.1007/s10639-021-10523-1,DOI:10.19173/irrodl.v14i1.1338,3
DOI:10.1007/s10639-021-10523-1,DOI:10.1016/j.iheduc.2010.08.002,3
DOI:10.1007/s10639-021-10523-1,DOI:10.1080/01587910500081269,4
DOI:10.1007/s10639-021-10523-1,"MUTHUPRASAD T, 2021, SOC SCI HUMANIT OPEN, V3, P100101, DOI [10.1016/J.SSAHO.2020.100101, 10.1016/J.SSAHO.2020.100101]",4
DOI:10.1080/01587919.2020.1869529,"MUTHUPRASAD T, 2021, SOC SCI HUMANIT OPEN, V3, P100101, DOI [10.1016/J.SSAHO.2020.100101, 10.1016/J.SSAHO.2020.100101]",3
DOI:10.1002/ece3.7123,DOI:10.1007/s10639-021-10656-3,3
DOI:10.1002/ece3.7123,DOI:10.1073/pnas.1319030111,3
DOI:10.1007/s10639-021-10656-3,DOI:10.1016/j.stueduc.2022.101128,3
DOI:10.1016/j.iheduc.2009.10.003,DOI:10.1016/j.iheduc.2018.06.001,3
DOI:10.1016/j.iheduc.2009.10.003,DOI:10.1080/08923640109527071,5
DOI:10.1016/j.iheduc.2009.10.003,DOI:10.1016/j.iheduc.2007.04.001,4
DOI:10.1016/j.iheduc.2015.04.007,DOI:10.1207/s15430421tip4102_2,4
DOI:10.1016/j.iheduc.2015.04.007,DOI:10.1007/s10639-020-10134-2,3
DOI:10.1016/j.iheduc.2015.04.007,DOI:10.1016/j.compedu.2015.08.004,3
DOI:10.1016/j.iheduc.2015.04.007,DOI:10.1016/j.compedu.2019.103771,3
DOI:10.1016/j.iheduc.2015.04.007,DOI:10.1016/j.iheduc.2015.11.003,4
DOI:10.1016/j.iheduc.2015.04.007,DOI:10.1037/a0026838,5
DOI:10.1016/j.iheduc.2015.04.007,DOI:10.1080/01587919.2013.835770,3
DOI:10.1016/j.iheduc.2015.04.007,DOI:10.1016/j.compedu.2016.10.001,4
DOI:10.1016/j.iheduc.2015.04.007,DOI:10.4324/9780203771587],3
DOI:10.1016/j.iheduc.2015.04.007,DOI:10.1016/j.iheduc.2008.10.005,5
DOI:10.1016/j.iheduc.2015.04.007,DOI:10.3389/fpsyg.2017.00422,5
DOI:10.1016/j.iheduc.2015.04.007,DOI:10.1007/s11092-015-9229-2,3
DOI:10.1016/j.iheduc.2015.04.007,DOI:10.1207/s15326985ep2501_2,3
DOI:10.1016/j.iheduc.2015.04.007,DOI:10.3402/rlt.v9i2.12024],3
DOI:10.1016/j.iheduc.2015.04.007,DOI:10.1016/j.iheduc.2009.02.001,3
DOI:10.1016/j.iheduc.2015.04.007,DOI:10.1080/10447318.2018.1543084,3
DOI:10.1080/08923648909526659],DOI:10.1111/jcal.12005,4
DOI:10.1080/08923648909526659],DOI:10.1080/01587919.2015.1019970,3
DOI:10.1080/08923648909526659],DOI:10.1080/01587910500081269,6
DOI:10.1080/08923648909526659],DOI:10.1080/08923649409526853,5
DOI:10.1080/08923648909526659],DOI:10.19173/irrodl.v4i2.149],3
DOI:10.1080/08923648909526659],DOI:10.4324/9781315296135-4,4
DOI:10.1080/08923648909526659],DOI:10.1186/s40561-021-00149-8,6
DOI:10.1080/08923648909526659],DOI:10.1016/j.compedu.2008.09.009,3
DOI:10.1080/08923648909526659],DOI:10.1111/bjet.12457,3
DOI:10.1080/08923648909526659],DOI:10.1186/s12909-020-02312-0,3
DOI:10.1080/08923648909526659],DOI:10.1080/01587919.2017.1299563,3
DOI:10.1080/08923648909526659],DOI:10.1016/j.compedu.2017.06.010,4
DOI:10.1080/08923648909526659],DOI:10.1016/j.iheduc.2010.08.002,3
DOI:10.1080/08923648909526659],DOI:10.1080/13558000210121399,3
DOI:10.1080/08923648909526659],DOI:10.1108/aeds-09-2020-0209,4
DOI:10.1080/08923648909526659],DOI:10.4324/9780203771587],3
DOI:10.1080/08923648909526659],DOI:10.3402/rlt.v23.26507,4
DOI:10.1080/08923648909526659],DOI:10.1007/s10639-019-09863-w,4
DOI:10.1080/08923648909526659],DOI:10.1016/j.compedu.2007.09.005,3
DOI:10.1080/08923648909526659],DOI:10.1111/j.1540-4609.2006.00114.x,6
DOI:10.1080/08923648909526659],DOI:10.19173/irrodl.v14i1.1338,5
DOI:10.1080/08923648909526659],DOI:10.4018/978-1-59140-555-9.ch245],3
DOI:10.1080/08923648909526659],"LIANG JC, 2008, EDUC TECHNOL SOC, V11, P226",3
DOI:10.1080/08923648909526659],"YUKSELTURK E, 2008, EDUC TECHNOL SOC, V11, P51",5
DOI:10.1080/08923648909526659],"GEORGE D.MALLERY., 2003, SPSS WINDOWS STEP ST",3
DOI:10.1080/08923648909526659],"SAXENA CHARU, 2021, JOURNAL OF EDUCATIONAL TECHNOLOGY SYSTEMS, V49, P532, DOI [10.1177/0047239520977798, 10.1177/0047239520977798]",3
DOI:10.1080/08923648909526659],DOI:10.1007/s40299-020-00509-x,3
DOI:10.1080/08923648909526659],DOI:10.1016/j.iheduc.2006.06.005,3
DOI:10.1080/08923648909526659],DOI:10.1016/j.compedu.2020.104111,3
DOI:10.1207/s15430421tip4102_2,DOI:10.1016/j.iheduc.2008.10.005,3
DOI:10.1207/s15430421tip4102_2,DOI:10.1207/s15326985ep2501_2,3
DOI:10.24059/olj.v25i1.2482,DOI:10.1080/08923640109527071,3
DOI:10.3389/fpsyg.2021.642593,DOI:10.1186/s41239-021-00252-3,3
DOI:10.1080/02607476.2020.1755205,DOI:10.1080/02680513.2017.1414586,3
DOI:10.29333/ojcmt/8286,DOI:10.1080/15325024.2020.1769300,4
DOI:10.29333/ojcmt/8286,DOI:10.3390/jrfm13030055,3
"PEACOCK S, 2020, INT REV RES OPEN DIS, V21, P18","THOMAS L, 2014, INT J FIRST YEAR HIG, V5, P69",3
DOI:10.1002/ase.1968,DOI:10.1002/ase.1963,3
DOI:10.1002/ase.1968,DOI:10.1002/ase.1967,3
DOI:10.1037/13620-004,DOI:10.1177/1609406917733847,5
DOI:10.1037/13620-004,DOI:10.12669/pjms.36.covid19-s4.2785,4
DOI:10.1037/13620-004,DOI:10.1007/s11092-020-09340-w,3
DOI:10.1037/13620-004,DOI:10.3402/rlt.v23.26507,3
DOI:10.1037/13620-004,DOI:10.1007/s40670-021-01231-z,3
DOI:10.1037/13620-004,DOI:10.1016/j.childyouth.2020.105440,3
DOI:10.1037/13620-004,DOI:10.1016/j.childyouth.2020.105699,3
DOI:10.1037/13620-004,DOI:10.5281/zenodo.3878572,4
DOI:10.1016/j.paid.2021.110673,DOI:10.3390/su13052888,3
DOI:10.1016/j.paid.2021.110673,DOI:10.1016/j.compedu.2020.103851,3
DOI:10.1016/j.paid.2021.110673,DOI:10.1111/jopy.12420,3
DOI:10.1016/j.paid.2021.110673,DOI:10.14742/ajet.5919,3
DOI:10.1016/j.paid.2021.110673,DOI:10.1016/b978-012109890-2/50031-7,3
DOI:10.1016/j.paid.2021.110673,DOI:10.1016/j.compedu.2020.103899,3
DOI:10.1016/j.paid.2021.110673,DOI:10.4324/9780203771587],3
DOI:10.1080/10447318.2018.1543084,DOI:10.1007/s12528-018-9179-z,3
DOI:10.1080/10447318.2018.1543084,DOI:10.1016/j.iheduc.2015.11.003,3
DOI:10.1080/10447318.2018.1543084,DOI:10.1016/j.iheduc.2008.10.005,3
DOI:10.1108/aeds-06-2020-0131,DOI:10.1007/bf02940939,3
DOI:10.1108/aeds-06-2020-0131,DOI:10.12669/pjms.36.covid19-s4.2785,3
DOI:10.1108/aeds-09-2020-0209,DOI:10.1080/01587919.2015.955265,3
DOI:10.1108/aeds-09-2020-0209,DOI:10.1186/s40561-021-00149-8,4
DOI:10.1108/aeds-09-2020-0209,DOI:10.3390/educsci11010024,3
DOI:10.1108/aeds-09-2020-0209,"SAXENA CHARU, 2021, JOURNAL OF EDUCATIONAL TECHNOLOGY SYSTEMS, V49, P532, DOI [10.1177/0047239520977798, 10.1177/0047239520977798]",3
DOI:10.1111/bjet.13190,DOI:10.3389/feduc.2021.638470,3
DOI:10.1111/bjet.13190,DOI:10.3389/feduc.2022.851019,3
DOI:10.1111/bjet.13190,DOI:10.1007/s40692-021-00191-y,3
DOI:10.1111/bjet.13190,DOI:10.1002/ir.283,3
DOI:10.1177/2347631120980549],"MUTHUPRASAD T, 2021, SOC SCI HUMANIT OPEN, V3, P100101, DOI [10.1016/J.SSAHO.2020.100101, 10.1016/J.SSAHO.2020.100101]",3
DOI:10.1177/2347631120980549],DOI:10.1007/s40692-021-00191-y,3
DOI:10.2139/ssrn.3831526,"MUTHUPRASAD T, 2021, SOC SCI HUMANIT OPEN, V3, P100101, DOI [10.1016/J.SSAHO.2020.100101, 10.1016/J.SSAHO.2020.100101]",3
DOI:10.3126/kumj.v18i2.32943,DOI:10.1016/j.childyouth.2021.106160,4
DOI:10.3389/feduc.2021.638470,"MUTHUPRASAD T, 2021, SOC SCI HUMANIT OPEN, V3, P100101, DOI [10.1016/J.SSAHO.2020.100101, 10.1016/J.SSAHO.2020.100101]",5
DOI:10.3389/feduc.2021.638470,DOI:10.1186/s12909-021-02909-z,3
DOI:10.3389/feduc.2021.638470,DOI:10.9790/7388-1003054548],3
DOI:10.3389/feduc.2021.638470,DOI:10.12669/pjms.36.covid19-s4.2785,3
DOI:10.3389/feduc.2021.638470,DOI:10.1186/s12909-020-02312-0,3
DOI:10.3389/feduc.2021.638470,"HANNAY M., 2006, MERLOT J ONLINE LEAR, V2, P1",3
DOI:10.3389/feduc.2021.638470,DOI:10.1080/10872981.2021.1920090,3
DOI:10.3389/feduc.2021.638470,DOI:10.1088/1742-6596/1108/1/012094],4
DOI:10.3389/feduc.2021.638470,DOI:10.1016/j.childyouth.2020.105699,3
DOI:10.3390/educsci11080403,DOI:10.24059/olj.v25i1.2496,3
"KEBRITCHI MANSUREH, 2017, JOURNAL OF EDUCATIONAL TECHNOLOGY SYSTEMS, V46, P4, DOI [10.1177/0047239516661713, 10.1177/0047239516661713]",DOI:10.1007/s12528-018-9179-z,4
"KEBRITCHI MANSUREH, 2017, JOURNAL OF EDUCATIONAL TECHNOLOGY SYSTEMS, V46, P4, DOI [10.1177/0047239516661713, 10.1177/0047239516661713]",DOI:10.1080/1097198x.2018.1542262,3
"KEBRITCHI MANSUREH, 2017, JOURNAL OF EDUCATIONAL TECHNOLOGY SYSTEMS, V46, P4, DOI [10.1177/0047239516661713, 10.1177/0047239516661713]",DOI:10.1016/j.chb.2020.106424,3
"KEBRITCHI MANSUREH, 2017, JOURNAL OF EDUCATIONAL TECHNOLOGY SYSTEMS, V46, P4, DOI [10.1177/0047239516661713, 10.1177/0047239516661713]",DOI:10.1007/s10639-020-10331-z,3
"MUTHUPRASAD T, 2021, SOC SCI HUMANIT OPEN, V3, P100101, DOI [10.1016/J.SSAHO.2020.100101, 10.1016/J.SSAHO.2020.100101]",DOI:10.3389/feduc.2021.703723,3
"MUTHUPRASAD T, 2021, SOC SCI HUMANIT OPEN, V3, P100101, DOI [10.1016/J.SSAHO.2020.100101, 10.1016/J.SSAHO.2020.100101]",DOI:10.1038/s41928-020-00534-0,3
"MUTHUPRASAD T, 2021, SOC SCI HUMANIT OPEN, V3, P100101, DOI [10.1016/J.SSAHO.2020.100101, 10.1016/J.SSAHO.2020.100101]",DOI:10.3390/jrfm13030055,3
"MUTHUPRASAD T, 2021, SOC SCI HUMANIT OPEN, V3, P100101, DOI [10.1016/J.SSAHO.2020.100101, 10.1016/J.SSAHO.2020.100101]",DOI:10.1080/02619768.2020.1821184,4
"MUTHUPRASAD T, 2021, SOC SCI HUMANIT OPEN, V3, P100101, DOI [10.1016/J.SSAHO.2020.100101, 10.1016/J.SSAHO.2020.100101]",DOI:10.1007/s12528-018-9179-z,3
"MUTHUPRASAD T, 2021, SOC SCI HUMANIT OPEN, V3, P100101, DOI [10.1016/J.SSAHO.2020.100101, 10.1016/J.SSAHO.2020.100101]",DOI:10.1108/09513540010344731,3
"MUTHUPRASAD T, 2021, SOC SCI HUMANIT OPEN, V3, P100101, DOI [10.1016/J.SSAHO.2020.100101, 10.1016/J.SSAHO.2020.100101]",DOI:10.12669/pjms.36.covid19-s4.2785,7
"MUTHUPRASAD T, 2021, SOC SCI HUMANIT OPEN, V3, P100101, DOI [10.1016/J.SSAHO.2020.100101, 10.1016/J.SSAHO.2020.100101]",DOI:10.1016/j.psychres.2020.112934,3
"MUTHUPRASAD T, 2021, SOC SCI HUMANIT OPEN, V3, P100101, DOI [10.1016/J.SSAHO.2020.100101, 10.1016/J.SSAHO.2020.100101]",DOI:10.1080/15325024.2020.1769300,4
"MUTHUPRASAD T, 2021, SOC SCI HUMANIT OPEN, V3, P100101, DOI [10.1016/J.SSAHO.2020.100101, 10.1016/J.SSAHO.2020.100101]",DOI:10.1186/s12909-020-02312-0,4
"MUTHUPRASAD T, 2021, SOC SCI HUMANIT OPEN, V3, P100101, DOI [10.1016/J.SSAHO.2020.100101, 10.1016/J.SSAHO.2020.100101]",DOI:10.1016/j.acalib.2021.102346,4
"MUTHUPRASAD T, 2021, SOC SCI HUMANIT OPEN, V3, P100101, DOI [10.1016/J.SSAHO.2020.100101, 10.1016/J.SSAHO.2020.100101]",DOI:10.24191/ajue.v16i2.10294,3
"MUTHUPRASAD T, 2021, SOC SCI HUMANIT OPEN, V3, P100101, DOI [10.1016/J.SSAHO.2020.100101, 10.1016/J.SSAHO.2020.100101]","KIRMIZI O., 2015, TURKISH ONLINE JOURNAL OF EDUCATIONAL TECHNOLOGY - TOJET, V14, P133",3
"MUTHUPRASAD T, 2021, SOC SCI HUMANIT OPEN, V3, P100101, DOI [10.1016/J.SSAHO.2020.100101, 10.1016/J.SSAHO.2020.100101]",DOI:10.3389/fpsyg.2021.628787,3
"MUTHUPRASAD T, 2021, SOC SCI HUMANIT OPEN, V3, P100101, DOI [10.1016/J.SSAHO.2020.100101, 10.1016/J.SSAHO.2020.100101]",DOI:10.1016/j.childyouth.2020.105699,3
"MUTHUPRASAD T, 2021, SOC SCI HUMANIT OPEN, V3, P100101, DOI [10.1016/J.SSAHO.2020.100101, 10.1016/J.SSAHO.2020.100101]",DOI:10.1016/j.childyouth.2021.106160,3
"MUTHUPRASAD T, 2021, SOC SCI HUMANIT OPEN, V3, P100101, DOI [10.1016/J.SSAHO.2020.100101, 10.1016/J.SSAHO.2020.100101]",DOI:10.1016/j.jaac.2020.08.466,3
"MUTHUPRASAD T, 2021, SOC SCI HUMANIT OPEN, V3, P100101, DOI [10.1016/J.SSAHO.2020.100101, 10.1016/J.SSAHO.2020.100101]",DOI:10.1177/1477971420947738,3
"MUTHUPRASAD T, 2021, SOC SCI HUMANIT OPEN, V3, P100101, DOI [10.1016/J.SSAHO.2020.100101, 10.1016/J.SSAHO.2020.100101]",DOI:10.1080/0144929x.2018.1474254,4
"MUTHUPRASAD T, 2021, SOC SCI HUMANIT OPEN, V3, P100101, DOI [10.1016/J.SSAHO.2020.100101, 10.1016/J.SSAHO.2020.100101]",DOI:10.1088/1742-6596/1108/1/012094],5
"MUTHUPRASAD T, 2021, SOC SCI HUMANIT OPEN, V3, P100101, DOI [10.1016/J.SSAHO.2020.100101, 10.1016/J.SSAHO.2020.100101]",DOI:10.1007/s10639-021-10589-x,5
"MUTHUPRASAD T, 2021, SOC SCI HUMANIT OPEN, V3, P100101, DOI [10.1016/J.SSAHO.2020.100101, 10.1016/J.SSAHO.2020.100101]",DOI:10.3390/su13084381,3
"MUTHUPRASAD T, 2021, SOC SCI HUMANIT OPEN, V3, P100101, DOI [10.1016/J.SSAHO.2020.100101, 10.1016/J.SSAHO.2020.100101]",DOI:10.3390/su14138138,3
"MUTHUPRASAD T, 2021, SOC SCI HUMANIT OPEN, V3, P100101, DOI [10.1016/J.SSAHO.2020.100101, 10.1016/J.SSAHO.2020.100101]",DOI:10.1016/j.iheduc.2010.08.002,3
"MUTHUPRASAD T, 2021, SOC SCI HUMANIT OPEN, V3, P100101, DOI [10.1016/J.SSAHO.2020.100101, 10.1016/J.SSAHO.2020.100101]",DOI:10.19173/irrodl.v14i1.1338,3
"MUTHUPRASAD T, 2021, SOC SCI HUMANIT OPEN, V3, P100101, DOI [10.1016/J.SSAHO.2020.100101, 10.1016/J.SSAHO.2020.100101]",DOI:10.12669/pjms.36.covid19-s4.2766,3
"MUTHUPRASAD T, 2021, SOC SCI HUMANIT OPEN, V3, P100101, DOI [10.1016/J.SSAHO.2020.100101, 10.1016/J.SSAHO.2020.100101]","SCHLEICHER A., 2020, IMPACT COVID 19 ED I",3
"MUTHUPRASAD T, 2021, SOC SCI HUMANIT OPEN, V3, P100101, DOI [10.1016/J.SSAHO.2020.100101, 10.1016/J.SSAHO.2020.100101]",DOI:10.31940/soshum.v10i2.1316],5
"MUTHUPRASAD T, 2021, SOC SCI HUMANIT OPEN, V3, P100101, DOI [10.1016/J.SSAHO.2020.100101, 10.1016/J.SSAHO.2020.100101]",DOI:10.1007/s10639-020-10331-z,3
"MUTHUPRASAD T, 2021, SOC SCI HUMANIT OPEN, V3, P100101, DOI [10.1016/J.SSAHO.2020.100101, 10.1016/J.SSAHO.2020.100101]",DOI:10.1080/01587910500081269,5
DOI:10.1007/s10734-020-00657-5,DOI:10.1016/j.chb.2021.106713,3
DOI:10.1007/s10734-020-00657-5,DOI:10.1037/mot0000116,3
DOI:10.1007/s12528-018-9179-z,DOI:10.1016/j.chb.2014.02.048,3
DOI:10.1007/s12528-018-9179-z,DOI:10.1109/iset.2017.17,3
DOI:10.1007/s12528-018-9179-z,DOI:10.4135/9781452230153,3
DOI:10.1007/s12528-018-9179-z,"DIXSON MD, 2015, ONLINE LEARN, V19, P143",3
DOI:10.1007/s12528-018-9179-z,DOI:10.1016/j.compedu.2009.11.008,3
DOI:10.1007/s12528-018-9179-z,DOI:10.1353/jhe.2014.0028,3
DOI:10.1007/s12528-018-9179-z,"MEANS B., 2010, EVALUATION OF EVIDENCE-BASED PRACTICES IN ONLINE LEARNING: A META-ANALYSIS AND REVIEW OF ONLINE LEARNING STUDIES",3
DOI:10.1007/s12528-018-9179-z,DOI:10.1080/01587910500081269,5
DOI:10.1007/s12528-018-9179-z,DOI:10.1111/j.1540-5915.2008.00192.x,3
DOI:10.1007/s12528-018-9179-z,"CRESWELL JW., 2018, JOURNAL OF INVESTIGATIVE SURGERY : THE OFFICIAL JOURNAL OF THE ACADEMY OF SURGICAL RESEARCH, V5TH",3
DOI:10.1007/s12528-018-9179-z,"MILES MB., 1994, QUALITATIVE DATA ANA, V2ND",3
DOI:10.1016/j.jaac.2020.08.466,DOI:10.1007/s12144-020-01307-w,3
DOI:10.1088/1742-6596/1108/1/012094],DOI:10.31940/soshum.v10i2.1316],3
DOI:10.1186/s41239-019-0176-8,DOI:10.1080/03075079.2011.598505,3
DOI:10.3389/fpsyg.2018.02794,DOI:10.1080/08923647.2016.1193801,3
DOI:10.3389/fpsyg.2018.02794,DOI:10.1016/j.iheduc.2013.04.001,3
DOI:10.3389/fpsyg.2018.02794,DOI:10.1016/j.iheduc.2019.01.001,3
DOI:10.1016/j.chieco.2021.101629,DOI:10.1080/23311983.2021.1933684,3
DOI:10.24093/awej/vol11no4.23,"JOHNSON AM, 2017, ADAPTIVE EDUCATIONAL TECHNOLOGIES FOR LITERACY INSTRUCTION, P13",3
DOI:10.1002/pam.21728,DOI:10.1086/669930,6
DOI:10.1002/pam.21728,DOI:10.1257/aer.p20161057,5
DOI:10.1016/j.imr.2020.100449,DOI:10.1186/s12909-020-02236-9,3
DOI:10.3389/fpsyg.2021.632787,DOI:10.1016/j.chb.2016.10.028,3
DOI:10.3389/fpsyg.2021.632787,DOI:10.1016/j.compedu.2009.09.002,3
"KEENGWE JARED., 2010, MERLOT JOURNAL OF ONLINE LEARNING AND TEACHING, V6, P533",DOI:10.1186/s41239-019-0136-3,3
"KEENGWE JARED., 2010, MERLOT JOURNAL OF ONLINE LEARNING AND TEACHING, V6, P533",DOI:10.1016/j.iheduc.2011.11.006,3
DOI:10.1016/j.iheduc.2008.10.005,DOI:10.1016/b978-012109890-2/50031-7,4
DOI:10.1016/j.iheduc.2008.10.005,DOI:10.3389/fpsyg.2017.00422,5
DOI:10.1016/j.iheduc.2008.10.005,DOI:10.1016/j.compedu.2016.10.001,3
DOI:10.1080/10494820.2017.1337035,"MEANS B., 2010, EVALUATION OF EVIDENCE-BASED PRACTICES IN ONLINE LEARNING: A META-ANALYSIS AND REVIEW OF ONLINE LEARNING STUDIES",3
DOI:10.1080/10494820.2020.1725896,"MEANS B., 2010, EVALUATION OF EVIDENCE-BASED PRACTICES IN ONLINE LEARNING: A META-ANALYSIS AND REVIEW OF ONLINE LEARNING STUDIES",4
"HODGES C., 2020, EDUCAUSE REVIEW, V3","MEANS B., 2010, EVALUATION OF EVIDENCE-BASED PRACTICES IN ONLINE LEARNING: A META-ANALYSIS AND REVIEW OF ONLINE LEARNING STUDIES",3
"HODGES C., 2020, EDUCAUSE REVIEW, V3",DOI:10.1186/s12909-020-02312-0,3
"HODGES C., 2020, EDUCAUSE REVIEW, V3",DOI:10.2196/21279,3
"MEANS B., 2010, EVALUATION OF EVIDENCE-BASED PRACTICES IN ONLINE LEARNING: A META-ANALYSIS AND REVIEW OF ONLINE LEARNING STUDIES",DOI:10.1080/10872981.2019.1666538,3
"MEANS B., 2010, EVALUATION OF EVIDENCE-BASED PRACTICES IN ONLINE LEARNING: A META-ANALYSIS AND REVIEW OF ONLINE LEARNING STUDIES",DOI:10.1016/j.psychres.2020.112934,3
"MILES MB., 1994, QUALITATIVE DATA ANA, V2ND","CRESWELL JW., 2018, JOURNAL OF INVESTIGATIVE SURGERY : THE OFFICIAL JOURNAL OF THE ACADEMY OF SURGICAL RESEARCH, V5TH",3
DOI:10.1007/s10639-018-9810-7,DOI:10.3390/su13169453,3
DOI:10.1007/s10639-018-9810-7,DOI:10.5815/ijeme.2018.02.01],3
DOI:10.1007/s11423-018-9623-9,DOI:10.1016/j.chb.2016.10.028,5
DOI:10.1007/s11423-018-9623-9,DOI:10.1007/s11554-021-01071-5,3
DOI:10.1007/s11423-018-9623-9,DOI:10.1007/s12652-020-02712-6,3
DOI:10.1007/s11423-018-9623-9,DOI:10.1016/j.compedu.2011.07.008,3
DOI:10.1007/s11423-018-9623-9,DOI:10.1016/j.compedu.2019.02.012,3
DOI:10.1007/s11423-018-9623-9,DOI:10.1080/10494820.2020.1734028,3
DOI:10.1007/s11423-018-9623-9,DOI:10.1108/imds-04-2016-0130,3
DOI:10.1007/s11423-018-9623-9,DOI:10.1108/intr-10-2018-0447,3
DOI:10.1007/s11423-018-9623-9,DOI:10.1108/lht-01-2019-0028,3
DOI:10.1007/s11423-018-9623-9,DOI:10.1109/access.2019.2936143,3
DOI:10.1007/s11423-018-9623-9,DOI:10.1109/jiot.2021.3053420,3
DOI:10.1007/s11423-018-9623-9,DOI:10.1111/j.1467-8535.2010.01054.x,3
DOI:10.1007/s11423-018-9623-9,DOI:10.15354/sief.20.ar043,3
DOI:10.1007/s11423-018-9623-9,DOI:10.2307/249689,3
DOI:10.1007/s11423-018-9623-9,DOI:10.3389/fpsyg.2020.01166,3
DOI:10.1007/s11423-018-9623-9,DOI:10.1016/j.compedu.2020.103850,3
DOI:10.1007/s11423-018-9623-9,DOI:10.1016/j.im.2015.10.004,3
DOI:10.1016/j.chb.2016.10.028,DOI:10.1007/s11554-021-01071-5,3
DOI:10.1016/j.chb.2016.10.028,DOI:10.1007/s12652-020-02712-6,3
DOI:10.1016/j.chb.2016.10.028,DOI:10.1016/j.chb.2014.07.044,3
DOI:10.1016/j.chb.2016.10.028,DOI:10.1016/j.compedu.2009.09.002,6
DOI:10.1016/j.chb.2016.10.028,DOI:10.1016/j.compedu.2011.07.008,4
DOI:10.1016/j.chb.2016.10.028,DOI:10.1016/j.compedu.2012.10.001,3
DOI:10.1016/j.chb.2016.10.028,DOI:10.1016/j.compedu.2019.02.012,4
DOI:10.1016/j.chb.2016.10.028,DOI:10.1016/s0378-7206(98)00101-3,3
DOI:10.1016/j.chb.2016.10.028,DOI:10.1080/10494820.2020.1734028,3
DOI:10.1016/j.chb.2016.10.028,DOI:10.1108/imds-04-2016-0130,3
DOI:10.1016/j.chb.2016.10.028,DOI:10.1108/intr-10-2018-0447,3
DOI:10.1016/j.chb.2016.10.028,DOI:10.1108/lht-01-2019-0028,3
DOI:10.1016/j.chb.2016.10.028,DOI:10.1109/access.2019.2936143,3
DOI:10.1016/j.chb.2016.10.028,DOI:10.1109/jiot.2021.3053420,3
DOI:10.1016/j.chb.2016.10.028,DOI:10.1111/j.1467-8535.2010.01054.x,4
DOI:10.1016/j.chb.2016.10.028,DOI:10.1287/mnsc.46.2.186.11926,3
DOI:10.1016/j.chb.2016.10.028,DOI:10.15354/sief.20.ar043,3
DOI:10.1016/j.chb.2016.10.028,DOI:10.2307/249689,5
DOI:10.1016/j.chb.2016.10.028,DOI:10.3389/fpsyg.2020.01166,3
DOI:10.1016/j.chb.2016.10.028,DOI:10.1016/j.compedu.2020.103850,3
DOI:10.1016/j.chb.2016.10.028,DOI:10.1016/j.im.2015.10.004,3
DOI:10.1016/j.chb.2016.10.028,DOI:10.1016/j.tele.2017.09.009,3
DOI:10.1016/j.chb.2016.10.028,DOI:10.2307/3250921,5
DOI:10.1016/j.chb.2016.10.028,"SHAHZAD ARFAN, 2021, QUAL QUANT, V55, P805, DOI [10.1007/S11135-020-01028-Z, 10.1007/S11135-020-01028-Z]",3
DOI:10.1016/j.chb.2016.10.028,DOI:10.2753/mtp1069-6679190202,3
DOI:10.1016/j.ijhcs.2006.01.003,DOI:10.1108/ijilt-11-2016-0051,3
DOI:10.1016/j.ijhcs.2006.01.003,DOI:10.1108/ijilt-11-2017-0116,3
DOI:10.1016/j.ijhcs.2006.01.003,DOI:10.4300/jgme-d-12-00156.1,3
DOI:10.1108/ijilt-11-2016-0051,DOI:10.1108/ijilt-11-2017-0116,4
DOI:10.1108/ijilt-11-2016-0051,DOI:10.1016/j.dss.2005.05.009,3
DOI:10.1108/ijilt-11-2016-0051,DOI:10.1016/j.ijinfomgt.2012.03.001,3
DOI:10.1108/ijilt-11-2017-0116,"ALDHOLAY ADNAN H., 2018, INTERNATIONAL JOURNAL OF SERVICES AND STANDARDS, V12, P163",3
DOI:10.1108/ijilt-11-2017-0116,DOI:10.1002/9781119239086],3
DOI:10.1108/ijilt-11-2017-0116,DOI:10.1002/asi.22757,3
DOI:10.1108/ijilt-11-2017-0116,DOI:10.1007/s11135-011-9579-x,3
DOI:10.1108/ijilt-11-2017-0116,DOI:10.1016/j.chb.2009.02.006,3
DOI:10.1108/ijilt-11-2017-0116,DOI:10.1016/j.chb.2016.10.009,3
DOI:10.1108/ijilt-11-2017-0116,DOI:10.1016/j.compedu.2008.10.002,3
DOI:10.1108/ijilt-11-2017-0116,DOI:10.1016/j.compedu.2012.10.001,3
DOI:10.1108/ijilt-11-2017-0116,DOI:10.1016/j.compedu.2013.07.037,3
DOI:10.1108/ijilt-11-2017-0116,DOI:10.1016/j.dss.2005.05.009,3
DOI:10.1108/ijilt-11-2017-0116,DOI:10.1016/j.giq.2007.06.002,3
DOI:10.1108/ijilt-11-2017-0116,DOI:10.1016/j.ijinfomgt.2012.03.001,4
DOI:10.1108/ijilt-11-2017-0116,DOI:10.1016/j.tele.2015.06.010,3
DOI:10.1108/ijilt-11-2017-0116,DOI:10.1016/j.tele.2018.03.012,3
DOI:10.1108/ijilt-11-2017-0116,DOI:10.1108/02635570710822831,3
DOI:10.1108/ijilt-11-2017-0116,DOI:10.1108/el-11-2012-0148,3
DOI:10.1108/ijilt-11-2017-0116,DOI:10.1108/jeim-08-2013-0062,3
DOI:10.1108/ijilt-11-2017-0116,DOI:10.4258/hir.2015.21.1.43,3
DOI:10.1108/ijilt-11-2017-0116,DOI:10.4300/jgme-d-12-00156.1,3
DOI:10.1108/ijilt-11-2017-0116,"LEE KC, 2005, INT FED INFO PROC, V158, P135",3
DOI:10.1108/ijilt-11-2017-0116,"[ANONYMOUS], 2017, INT J SOFT COMPUT",3
DOI:10.1177/0266666918765907,DOI:10.1108/jieb-09-2016-0032,3
DOI:10.1016/s1096-7516(02)00164-1,"PETRIDES L.A., 2002, INTERNATIONALJOURNAL, V29, P69",4
DOI:10.1016/s1096-7516(02)00164-1,DOI:10.1080/01587910500081269,4
DOI:10.1016/s1096-7516(02)00164-1,DOI:10.1186/s12909-020-02312-0,3
DOI:10.1016/s1096-7516(02)00164-1,"SUN AN, 2016, J INF TECHNOL EDUC-R, V15, P157",3
DOI:10.1016/j.compedu.2009.11.008,DOI:10.1111/j.1467-8535.2012.01284.x,3
DOI:10.1086/669930,DOI:10.1353/jhe.2014.0028,4
DOI:10.1086/669930,DOI:10.1016/j.jpubeco.2020.104271,3
DOI:10.1086/669930,DOI:10.1257/aer.p20161057,7
DOI:10.1086/669930,DOI:10.1016/j.econedurev.2015.02.007,4
DOI:10.24059/olj.v25i1.2496,DOI:10.3390/jrfm13030055,3
DOI:10.24059/olj.v25i1.2496,DOI:10.24059/olj.v25i1.2568,3
DOI:10.1016/j.compedu.2019.02.012,DOI:10.1016/j.compedu.2020.103850,4
DOI:10.1016/j.compedu.2019.02.012,DOI:10.1007/s11554-021-01071-5,3
DOI:10.1016/j.compedu.2019.02.012,DOI:10.1007/s12652-020-02712-6,3
DOI:10.1016/j.compedu.2019.02.012,DOI:10.1016/j.compedu.2011.07.008,4
DOI:10.1016/j.compedu.2019.02.012,DOI:10.1016/j.compedu.2012.10.001,4
DOI:10.1016/j.compedu.2019.02.012,DOI:10.1080/10494820.2020.1734028,3
DOI:10.1016/j.compedu.2019.02.012,DOI:10.1108/imds-04-2016-0130,4
DOI:10.1016/j.compedu.2019.02.012,DOI:10.1108/intr-10-2018-0447,3
DOI:10.1016/j.compedu.2019.02.012,DOI:10.1108/lht-01-2019-0028,3
DOI:10.1016/j.compedu.2019.02.012,DOI:10.1109/access.2019.2936143,3
DOI:10.1016/j.compedu.2019.02.012,DOI:10.1109/jiot.2021.3053420,3
DOI:10.1016/j.compedu.2019.02.012,DOI:10.1111/j.1467-8535.2010.01054.x,3
DOI:10.1016/j.compedu.2019.02.012,DOI:10.15354/sief.20.ar043,3
DOI:10.1016/j.compedu.2019.02.012,DOI:10.2307/249689,3
DOI:10.1016/j.compedu.2019.02.012,DOI:10.3389/fpsyg.2020.01166,3
DOI:10.1016/j.compedu.2019.02.012,DOI:10.1037/0021-9010.88.5.879,4
DOI:10.1016/j.compedu.2019.02.012,DOI:10.2307/3250921,3
DOI:10.1016/j.compedu.2019.02.012,DOI:10.1016/j.tele.2017.09.009,4
DOI:10.1016/j.compedu.2020.103850,DOI:10.1108/imds-04-2016-0130,3
DOI:10.1016/j.compedu.2020.103850,DOI:10.2307/3250921,5
DOI:10.1016/j.compedu.2020.103850,DOI:10.1016/j.im.2015.10.004,3
DOI:10.1016/j.compedu.2020.103850,DOI:10.1080/10494820.2020.1734028,4
DOI:10.1016/j.compedu.2020.103850,DOI:10.15354/sief.20.ar035],3
DOI:10.1016/j.compedu.2020.103850,DOI:10.1016/j.ijinfomgt.2020.102094,3
DOI:10.1016/j.compedu.2020.103850,DOI:10.18870/hlrc.v10i1.1179,3
DOI:10.1016/j.compedu.2020.103850,"LU YF, 2019, J ELECTRON COMMER RE, V20, P105",5
DOI:10.1016/j.compedu.2020.103850,"SHAHZAD ARFAN, 2021, QUAL QUANT, V55, P805, DOI [10.1007/S11135-020-01028-Z, 10.1007/S11135-020-01028-Z]",3
DOI:10.1016/j.compedu.2020.103850,DOI:10.3390/su13084586,4
DOI:10.1111/bjet.12864,DOI:10.1111/j.1540-5915.1996.tb01822.x,3
DOI:10.1111/bjet.12864,DOI:10.1016/j.sbspro.2012.11.012,4
DOI:10.1111/bjet.12864,DOI:10.14742/ajet.3862,3
DOI:10.1111/bjet.12864,DOI:10.1007/s10639-021-10557-5,4
DOI:10.1111/bjet.12864,DOI:10.1016/j.heliyon.2020.e05410,3
DOI:10.1111/jcal.12367,DOI:10.1016/j.chb.2019.08.018,4
DOI:10.1186/s41239-019-0136-3,DOI:10.1016/j.ece.2021.01.012,3
DOI:10.1186/s41239-019-0136-3,DOI:10.1080/08841241.2015.1083511,3
DOI:10.1016/j.compedu.2019.02.021,DOI:10.1016/j.iheduc.2007.04.001,4
DOI:10.1016/j.compedu.2019.02.021,DOI:10.1080/08923640109527071,3
DOI:10.1016/j.compedu.2019.02.021,"MA ZQ, 2017, INT REV RES OPEN DIS, V18, P213",3
DOI:10.19030/cier.v9i1.9549],DOI:10.2753/mtp1069-6679190202,3
DOI:10.19030/cier.v9i1.9549],DOI:10.1016/j.iheduc.2013.04.001,5
DOI:10.19030/cier.v9i1.9549],DOI:10.3389/fpsyg.2018.02434,3
DOI:10.19030/cier.v9i1.9549],DOI:10.1080/01587919.2020.1821604,3
DOI:10.19030/cier.v9i1.9549],"BANDURA A., 1997, SELF-EFFICACY: THE EXERCISE OF CONTROL, V13",3
DOI:10.19030/cier.v9i1.9549],DOI:10.1080/08923647.2016.1193801,4
DOI:10.19030/cier.v9i1.9549],DOI:10.3390/jrfm13030055,3
DOI:10.19030/cier.v9i1.9549],DOI:10.1007/s10639-019-09863-w,3
DOI:10.19030/cier.v9i1.9549],DOI:10.1016/j.compedu.2017.06.010,3
DOI:10.19030/cier.v9i1.9549],DOI:10.1111/j.1540-4609.2006.00114.x,3
DOI:10.19030/cier.v9i1.9549],DOI:10.19173/irrodl.v14i1.1338,4
DOI:10.2753/mtp1069-6679190202,"WARNER D., 1998, READINESS OF VET CLIENTS FOR FLEXIBLE DELIVERY INCLUDING ON-LINE LEARNING",3
DOI:10.2753/mtp1069-6679190202,DOI:10.19173/irrodl.v14i1.1338,3
DOI:10.2753/mtp1069-6679190202,DOI:10.1108/s1474-7979(2009)0000020014,4
DOI:10.2753/mtp1069-6679190202,DOI:10.1111/j.2517-6161.1974.tb00994.x,3
DOI:10.2753/mtp1069-6679190202,DOI:10.4324/9780203771587],4
DOI:10.2753/mtp1069-6679190202,DOI:10.2307/3250921,4
DOI:10.2753/mtp1069-6679190202,DOI:10.1037/0021-9010.88.5.879,4
DOI:10.2753/mtp1069-6679190202,"HAIR J.F., 2016, A FIRST ON PARTIAL LEAST SQUARES STRUCTURAL EQUATION MODELING (PLS-SEM), V2ND",3
DOI:10.2753/mtp1069-6679190202,DOI:10.1108/imds-09-2015-0382,3
DOI:10.4324/9780203415986-21,"WARNER D., 1998, READINESS OF VET CLIENTS FOR FLEXIBLE DELIVERY INCLUDING ON-LINE LEARNING",3
DOI:10.4324/9780203415986-21,DOI:10.1016/s0360-1315(01)00060-4,4
DOI:10.4324/9780203415986-21,DOI:10.1080/0144341042000294868,3
DOI:10.4324/9780203415986-21,"LIH-CHING CHEN WANG, 2002, JOURNAL OF EDUCATIONAL MULTIMEDIA AND HYPERMEDIA, V11, P71",3
DOI:10.4324/9780203415986-21,"TSAI CC, 2004, ADOLESCENCE, V39, P725",3
DOI:10.4324/9780203415986-21,DOI:10.1111/j.1083-6101.2000.tb00110.x],3
DOI:10.4324/9780203415986-21,DOI:10.1016/j.cedpsych.2004.11.001,3
DOI:10.4324/9780203415986-21,"MCVAY M, 2000, DEVELOPING A WEB-BASED DISTANCE STUDENT ORIENTATION TO ENHANCE STUDENT SUCCESS IN AN ONLINE BACHELOR'S DEGREE COMPLETION PROGRAM",3
DOI:10.4324/9780203415986-21,DOI:10.1080/15325024.2020.1769300,3
"WARNER D., 1998, READINESS OF VET CLIENTS FOR FLEXIBLE DELIVERY INCLUDING ON-LINE LEARNING","MCVAY M, 2000, DEVELOPING A WEB-BASED DISTANCE STUDENT ORIENTATION TO ENHANCE STUDENT SUCCESS IN AN ONLINE BACHELOR'S DEGREE COMPLETION PROGRAM",3
"WARNER D., 1998, READINESS OF VET CLIENTS FOR FLEXIBLE DELIVERY INCLUDING ON-LINE LEARNING","MCVAY M., 2001, HOW TO BE A SUCCESSFUL DISTANCE EDUCATION STUDENT: LEARNING ON THE INTERNET",3
DOI:10.1007/s10639-021-10593-1,DOI:10.1080/15325024.2020.1769300,3
DOI:10.1007/s10639-021-10593-1,DOI:10.2196/21279,3
DOI:10.1007/s10639-021-10593-1,DOI:10.1016/j.psychres.2020.112934,3
DOI:10.1016/s2352-4642(20)30095-x,DOI:10.1016/s2468-2667(20)30084-0,5
DOI:10.1016/s2352-4642(20)30095-x,DOI:10.1016/j.psychres.2020.112934,6
DOI:10.1016/s2352-4642(20)30095-x,"SUN AN, 2016, J INF TECHNOL EDUC-R, V15, P157",3
DOI:10.1016/s2352-4642(20)30095-x,DOI:10.1126/science.367.6484.1287,3
DOI:10.1080/02619768.2020.1809650,DOI:10.3390/jrfm13030055,3
DOI:10.25215/0802.094,DOI:10.5944/openpraxis.12.4.1153,3
DOI:10.1016/j.psychres.2020.112934,DOI:10.1371/journal.pone.0255629,3
DOI:10.1016/j.psychres.2020.112934,DOI:10.1007/s40670-021-01231-z,6
DOI:10.1016/j.psychres.2020.112934,DOI:10.1016/j.childyouth.2020.105866,4
DOI:10.1016/j.psychres.2020.112934,DOI:10.1001/jama.2020.5227,4
DOI:10.1016/j.psychres.2020.112934,DOI:10.1080/15325024.2020.1769300,5
DOI:10.1016/j.psychres.2020.112934,DOI:10.1016/j.jtumed.2020.07.004,3
DOI:10.1016/j.psychres.2020.112934,DOI:10.1186/s12909-020-02312-0,3
DOI:10.1016/j.psychres.2020.112934,DOI:10.12669/pjms.36.covid19-s4.2785,3
DOI:10.1016/j.psychres.2020.112934,"SUN AN, 2016, J INF TECHNOL EDUC-R, V15, P157",3
DOI:10.1016/j.psychres.2020.112934,DOI:10.1007/s10639-021-10589-x,3
DOI:10.1016/j.psychres.2020.112934,DOI:10.1016/j.psychres.2020.113108,5
DOI:10.1016/j.psychres.2020.112934,DOI:10.2196/21279,9
DOI:10.1016/j.psychres.2020.112934,DOI:10.3390/jrfm13030055,5
DOI:10.1016/j.psychres.2020.112934,DOI:10.1016/j.chb.2019.08.018,4
DOI:10.1016/j.psychres.2020.112934,DOI:10.1016/s0140-6736(20)30547-x,3
DOI:10.1016/j.psychres.2020.112934,DOI:10.1177/0020764020925108,3
DOI:10.1016/j.psychres.2020.112934,DOI:10.1001/archinte.166.10.1092,6
DOI:10.1016/j.psychres.2020.112934,DOI:10.1007/s40670-020-01165-y,3
DOI:10.1016/j.psychres.2020.112934,"BROOKS SAMANTHA K, 2020, LANCET, V395, P912, DOI [10.1016/S0140-6736(20)30460-8., 10.1016/S0140-6736(20)30460-8]",3
DOI:10.1016/j.psychres.2020.112934,DOI:10.1016/j.jiph.2020.01.005,3
DOI:10.1016/j.psychres.2020.112934,DOI:10.3390/ijerph17051729,5
DOI:10.1016/j.psychres.2020.112934,DOI:10.1186/s12909-020-02257-4,3
DOI:10.1016/j.psychres.2020.112934,DOI:10.2147/prbm.s276938,4
DOI:10.1016/j.psychres.2020.112934,DOI:10.1016/j.childyouth.2020.105355,6
DOI:10.1016/j.psychres.2020.112934,DOI:10.1046/j.1525-1497.2001.016009606.x,3
DOI:10.1016/j.psychres.2020.112934,DOI:10.2196/22817,5
DOI:10.1016/j.psychres.2020.112934,DOI:10.1177/1039856220947945,4
DOI:10.1016/j.psychres.2020.112934,DOI:10.1207/s15327752jpa5201_2,4
DOI:10.1016/j.psychres.2020.112934,DOI:10.1111/aphw.12211,3
DOI:10.1016/j.psychres.2020.112934,DOI:10.1037/stl0000198],3
DOI:10.1016/j.psychres.2020.112934,DOI:10.12122/j.issn.1673-4254.2020.02.06,3
DOI:10.1016/j.psychres.2020.112934,DOI:10.1016/j.comppsych.2020.152191,4
DOI:10.1016/j.psychres.2020.112934,DOI:10.1007/s00415-020-10056-6,3
DOI:10.1016/j.psychres.2020.112934,DOI:10.12669/pjms.36.covid19-s4.2766,3
DOI:10.1371/journal.pone.0248758,DOI:10.4324/9780203771587],3
DOI:10.1371/journal.pone.0255629,DOI:10.1016/j.tine.2021.100163,3
DOI:10.1007/s40692-021-00191-y,"BALORAN ET, 2021, TURK ONLINE J DISTAN, V22, P1",3
DOI:10.1007/s40692-021-00191-y,DOI:10.4324/9780203771587],3
DOI:10.1016/j.compedu.2017.06.010,DOI:10.19173/irrodl.v14i1.1338,4
DOI:10.1016/j.compedu.2017.06.010,DOI:10.3402/rlt.v23.26507,3
DOI:10.1016/j.compedu.2017.06.010,DOI:10.1111/j.1540-4609.2006.00114.x,4
DOI:10.1016/j.compedu.2017.06.010,DOI:10.4018/978-1-59140-555-9.ch245],3
DOI:10.1016/j.sdentj.2017.03.005,DOI:10.2147/amep.s175395,3
DOI:10.1016/j.sdentj.2017.03.005,DOI:10.1002/jdd.12162,3
DOI:10.1016/j.sdentj.2017.03.005,"PAHINIS K, 2007, J DENT EDUC, V71, P269",3
DOI:10.1111/bjet.12457,DOI:10.19173/irrodl.v14i1.1338,3
DOI:10.12688/f1000research.28178.1,DOI:10.24093/awej/vol11no3.1,3
DOI:10.17263/jlls.904145],DOI:10.24093/awej/vol11no3.1,3
DOI:10.19173/irrodl.v14i1.1338,"GEORGE D.MALLERY., 2003, SPSS WINDOWS STEP ST",3
DOI:10.19173/irrodl.v14i1.1338,DOI:10.1016/j.compedu.2020.104111,3
DOI:10.19173/irrodl.v14i1.1338,DOI:10.1111/j.1083-6101.2000.tb00110.x],4
DOI:10.19173/irrodl.v14i1.1338,"CHOY S., 2002, LEARNER EXPECTATIONS AND EXPERIENCES",3
DOI:10.19173/irrodl.v14i1.1338,DOI:10.1016/j.iheduc.2010.08.002,3
DOI:10.19173/irrodl.v14i1.1338,"MCFARLAND D, 2005, J COMPUT INFORM SYST, V46, P25",3
DOI:10.19173/irrodl.v14i1.1338,"PRACTICE B. B., 2020, CORONAVIRUS DIS 2019, V2019, P2633",3
DOI:10.19173/irrodl.v14i1.1338,DOI:10.1016/j.compedu.2007.09.005,3
DOI:10.19173/irrodl.v14i1.1338,DOI:10.1111/j.1540-4609.2006.00114.x,8
DOI:10.19173/irrodl.v14i1.1338,DOI:10.3390/jrfm13030055,3
DOI:10.19173/irrodl.v14i1.1338,DOI:10.9743/jeo.2010.1.2],3
DOI:10.19173/irrodl.v14i1.1338,"YUKSELTURK E, 2008, EDUC TECHNOL SOC, V11, P51",5
DOI:10.19173/irrodl.v14i1.1338,DOI:10.1080/08841241.2015.1083511,3
DOI:10.19173/irrodl.v14i1.1338,DOI:10.5944/openpraxis.12.4.1153,3
DOI:10.19173/irrodl.v14i1.1338,DOI:10.1080/02615479.2020.1823365,3
DOI:10.19173/irrodl.v14i1.1338,DOI:10.1016/j.iheduc.2013.04.001,3
DOI:10.19173/irrodl.v14i1.1338,DOI:10.3402/rlt.v23.26507,4
DOI:10.19173/irrodl.v14i1.1338,DOI:10.1016/j.compedu.2009.08.005,3
DOI:10.24093/awej/vol11no3.1,DOI:10.24093/awej/call6.17,3
"NGUYEN T., 2015, MERLOT JOURNAL OF ONLINE LEARNING AND TEACHING, V11, P309","SUN AN, 2016, J INF TECHNOL EDUC-R, V15, P157",4
"NGUYEN T., 2015, MERLOT JOURNAL OF ONLINE LEARNING AND TEACHING, V11, P309",DOI:10.1257/000282802320191778,3
"NGUYEN T., 2015, MERLOT JOURNAL OF ONLINE LEARNING AND TEACHING, V11, P309","LUNG I., 2000, EDUCATIONAL TECHNOLOGY, V40, P57",3
"NGUYEN T., 2015, MERLOT JOURNAL OF ONLINE LEARNING AND TEACHING, V11, P309","MEANS B, 2013, TEACH COLL REC, V115",3
"NGUYEN T., 2015, MERLOT JOURNAL OF ONLINE LEARNING AND TEACHING, V11, P309",DOI:10.1016/j.iheduc.2011.11.006,3
"NGUYEN T., 2015, MERLOT JOURNAL OF ONLINE LEARNING AND TEACHING, V11, P309",DOI:10.1080/01587910500081269,4
"SUN AN, 2016, J INF TECHNOL EDUC-R, V15, P157",DOI:10.1080/01587910500081269,4
"SUN AN, 2016, J INF TECHNOL EDUC-R, V15, P157",DOI:10.3402/rlt.v23.26507,3
"SUN AN, 2016, J INF TECHNOL EDUC-R, V15, P157","HUANG RH., 2020, HDB FACILITATING FLE",3
DOI:10.1007/s40670-021-01231-z,DOI:10.1111/nuf.12521,3
DOI:10.1007/s40670-021-01231-z,DOI:10.12669/pjms.36.covid19-s4.2766,3
DOI:10.1007/s40670-021-01231-z,DOI:10.1037/stl0000198],4
DOI:10.1007/s40670-021-01231-z,"MARINONI G., 2020, IAU GLOBAL SURVEY RE",3
DOI:10.1007/s40670-021-01231-z,DOI:10.1080/15325024.2020.1769300,3
DOI:10.1007/s40670-021-01231-z,DOI:10.1177/2382120520973212,3
DOI:10.1007/s40670-021-01231-z,DOI:10.1136/bmjopen-2020-042378,3
DOI:10.1007/s40670-021-01231-z,DOI:10.1016/j.childyouth.2020.105355,3
DOI:10.1007/s40670-021-01231-z,DOI:10.1111/aphw.12211,3
DOI:10.12669/pjms.36.covid19-s4.2766,DOI:10.12669/pjms.36.covid19-s4.2785,6
DOI:10.12669/pjms.36.covid19-s4.2766,"ANSAR FARRUKH, 2020, J AYUB MED COLL ABBOTTABAD, V32(SUPPL 1), PS644",3
DOI:10.12669/pjms.36.covid19-s4.2766,"SARWAR HUMA, 2020, EUR J DENT, V14, PS34, DOI [10.1055/S-0040-1717000, 10.1055/S-0040-1717000]",5
DOI:10.12669/pjms.36.covid19-s4.2766,DOI:10.1186/s12909-018-1240-0,4
DOI:10.12669/pjms.36.covid19-s4.2766,DOI:10.1080/10872981.2019.1666538,4
DOI:10.12669/pjms.36.covid19-s4.2766,DOI:10.1186/s12909-020-02266-3,3
DOI:10.12669/pjms.36.covid19-s4.2766,DOI:10.1136/bmjopen-2020-042378,3
DOI:10.12669/pjms.36.covid19-s4.2766,DOI:10.1186/s12909-020-02257-4,3
DOI:10.12669/pjms.36.covid19-s4.2766,DOI:10.2304/elea.2009.6.4.372,3
DOI:10.1007/s10639-020-10331-z,DOI:10.3390/jrfm13030055,4
DOI:10.1007/s10639-020-10331-z,DOI:10.1007/s10639-021-10589-x,4
DOI:10.1007/s10639-020-10331-z,DOI:10.1080/00330124.2020.1823864,3
DOI:10.1007/s10639-020-10331-z,"SINGH K, 2020, INDIAN PEDIATR, V57, P678",3
DOI:10.1007/s10639-020-10331-z,DOI:10.1007/s12144-020-01307-w,3
DOI:10.1007/s10639-020-10331-z,DOI:10.37256/ser.122020422,3
DOI:10.3390/jrfm13030055,DOI:10.1080/02607476.2020.1801330,4
DOI:10.3390/jrfm13030055,DOI:10.1080/02602938.2010.496532,3
DOI:10.3390/jrfm13030055,DOI:10.1080/02607476.2020.1799708,4
DOI:10.3390/jrfm13030055,DOI:10.15354/sief.20.ar035],4
DOI:10.3390/jrfm13030055,DOI:10.2196/21279,3
DOI:10.3390/jrfm13030055,DOI:10.1016/j.compedu.2011.07.008,3
DOI:10.3390/jrfm13030055,DOI:10.1108/qrde-06-2016-0003,3
DOI:10.3390/jrfm13030055,DOI:10.1186/s40561-020-00125-8,3
DOI:10.3390/jrfm13030055,DOI:10.1016/j.childyouth.2020.105699,7
DOI:10.3390/jrfm13030055,DOI:10.1186/s41239-020-00194-2,3
DOI:10.3390/jrfm13030055,DOI:10.1016/j.chb.2019.08.018,3
DOI:10.3390/jrfm13030055,DOI:10.1016/j.compedu.2012.02.001,3
DOI:10.3390/jrfm13030055,DOI:10.1108/ils-04-2020-0083,5
DOI:10.3390/jrfm13030055,"LUNG I., 2000, EDUCATIONAL TECHNOLOGY, V40, P57",3
DOI:10.3390/jrfm13030055,"[ANONYMOUS], 2020, POLICY BRIEF ED COVI",3
DOI:10.3390/jrfm13030055,DOI:10.1007/s13158-020-00272-6,3
DOI:10.3390/jrfm13030055,DOI:10.1016/j.childyouth.2020.105440,4
DOI:10.3390/jrfm13030055,DOI:10.1016/s0140-6736(20)30547-x,3
DOI:10.3390/jrfm13030055,DOI:10.5281/zenodo.3878572,3
DOI:10.3390/jrfm13030055,DOI:10.1007/s12098-020-03327-7,3
"[ANONYMOUS], 2021, ED DISRUPTION RECOVE",DOI:10.5281/zenodo.3878572,4
DOI:10.1186/s12909-018-1240-0,DOI:10.1111/j.1600-0579.2006.00413.x,3
DOI:10.1186/s12909-018-1240-0,DOI:10.1136/bmjopen-2020-041886,3
DOI:10.1186/s12909-018-1240-0,DOI:10.1186/s12909-020-02266-3,3
DOI:10.1186/s12909-018-1240-0,"PAHINIS K, 2007, J DENT EDUC, V71, P269",3
DOI:10.1186/s12909-018-1240-0,DOI:10.1001/jama.2020.5227,4
DOI:10.1186/s12909-018-1240-0,DOI:10.12669/pjms.36.covid19-s4.2785,3
DOI:10.1186/s12909-018-1240-0,DOI:10.1097/00001888-200603000-00002,3
DOI:10.1186/s12909-018-1240-0,DOI:10.1111/eje.12542,3
DOI:10.1186/s12909-018-1240-0,DOI:10.7189/jogh.04.010406,3
DOI:10.1186/s12909-018-1240-0,DOI:10.7759/cureus.7492,3
DOI:10.1186/s12909-018-1240-0,DOI:10.1080/10872981.2019.1666538,3
DOI:10.1186/s12909-018-1240-0,DOI:10.1136/bmjopen-2020-042378,3
DOI:10.1186/s12909-018-1240-0,DOI:10.1371/journal.pone.0242905,3
DOI:10.1108/imds-04-2016-0130,DOI:10.1007/s11554-021-01071-5,3
DOI:10.1108/imds-04-2016-0130,DOI:10.1007/s12652-020-02712-6,3
DOI:10.1108/imds-04-2016-0130,DOI:10.1016/j.compedu.2011.07.008,3
DOI:10.1108/imds-04-2016-0130,DOI:10.1080/10494820.2020.1734028,3
DOI:10.1108/imds-04-2016-0130,DOI:10.1108/intr-10-2018-0447,3
DOI:10.1108/imds-04-2016-0130,DOI:10.1108/lht-01-2019-0028,3
DOI:10.1108/imds-04-2016-0130,DOI:10.1109/access.2019.2936143,3
DOI:10.1108/imds-04-2016-0130,DOI:10.1109/jiot.2021.3053420,3
DOI:10.1108/imds-04-2016-0130,DOI:10.1111/j.1467-8535.2010.01054.x,3
DOI:10.1108/imds-04-2016-0130,DOI:10.15354/sief.20.ar043,3
DOI:10.1108/imds-04-2016-0130,DOI:10.3389/fpsyg.2020.01166,3
DOI:10.1108/imds-04-2016-0130,DOI:10.1037/0021-9010.88.5.879,3
DOI:10.1016/j.compedu.2012.09.003,DOI:10.3402/rlt.v23.26507,3
DOI:10.1016/j.compedu.2012.09.003,"DZIUBAN C, 2015, ONLINE LEARN, V19, P122",3
DOI:10.1016/j.compedu.2020.104111,DOI:10.3402/rlt.v23.26507,4
DOI:10.1016/j.compedu.2020.104111,DOI:10.1080/08923640109527071,3
DOI:10.1016/j.compedu.2020.104111,DOI:10.24059/olj.v24i4.2307,3
DOI:10.1016/j.compedu.2020.104111,DOI:10.1016/j.iheduc.2011.11.006,3
DOI:10.1016/j.compedu.2020.104111,DOI:10.1257/000282802320191778,3
DOI:10.19173/irrodl.v4i2.149],DOI:10.3402/rlt.v23.26507,3
DOI:10.19173/irrodl.v4i2.149],DOI:10.1080/01587910500081269,3
DOI:10.3402/rlt.v23.26507,DOI:10.1111/j.1083-6101.2000.tb00110.x],3
DOI:10.3402/rlt.v23.26507,DOI:10.1080/01587910500081269,3
DOI:10.3402/rlt.v23.26507,DOI:10.1111/j.1540-4609.2006.00114.x,6
DOI:10.3402/rlt.v23.26507,DOI:10.1007/s12098-020-03327-7,3
DOI:10.3402/rlt.v23.26507,DOI:10.1080/10963758.2021.1907196,3
DOI:10.3402/rlt.v23.26507,DOI:10.1111/j.1365-2729.2008.00294.x,3
DOI:10.3402/rlt.v23.26507,DOI:10.1108/09513540010344731,3
DOI:10.3402/rlt.v23.26507,DOI:10.1016/j.compedu.2008.09.009,3
DOI:10.3402/rlt.v23.26507,DOI:10.1016/j.iheduc.2011.11.006,3
DOI:10.3402/rlt.v23.26507,DOI:10.1207/s15389286ajde1602_4,3
DOI:10.3402/rlt.v23.26507,DOI:10.1007/s10639-019-09863-w,3
DOI:10.1016/j.acalib.2021.102346,DOI:10.12669/pjms.36.covid19-s4.2785,3
DOI:10.1016/j.acalib.2021.102346,DOI:10.1016/j.childyouth.2020.105699,3
DOI:10.1080/09523987.2020.1786772,DOI:10.6007/ijarbss/v10-i5/7236,3
DOI:10.1007/s10648-004-0006-x,DOI:10.1016/b978-012109890-2/50031-7,4
DOI:10.1007/s10648-004-0006-x,DOI:10.1207/s15326985ep2501_2,3
DOI:10.1186/s12909-020-02343-7,DOI:10.1136/bmjopen-2020-042378,3
DOI:10.1186/s12909-020-02343-7,DOI:10.1136/bmjopen-2020-041886,3
DOI:10.1186/s12909-020-02343-7,DOI:10.1186/s12909-020-02257-4,3
DOI:10.1186/s12909-020-02343-7,DOI:10.1371/journal.pone.0242905,3
DOI:10.1016/j.chb.2016.02.066,DOI:10.1016/j.chb.2014.07.044,4
DOI:10.1016/j.chb.2016.02.066,DOI:10.1016/j.compedu.2009.09.002,3
DOI:10.1016/j.chb.2016.02.066,DOI:10.17705/1cais.00407,4
DOI:10.1016/j.chb.2016.02.066,DOI:10.2307/3250921,4
DOI:10.1016/j.chb.2016.02.066,DOI:10.4324/9780203771587],3
DOI:10.1016/j.chb.2016.02.066,DOI:10.1037/0021-9010.88.5.879,4
DOI:10.1016/j.chb.2016.02.066,DOI:10.1016/j.elerap.2010.11.005,3
DOI:10.1016/j.chb.2016.02.066,DOI:10.2307/3150499,3
DOI:10.1007/s10639-021-10589-x,DOI:10.33648/ijoaser.v3i3.78],3
DOI:10.1007/s10639-021-10589-x,DOI:10.1080/00330124.2020.1823864,3
DOI:10.1007/s10639-021-10589-x,DOI:10.1016/j.amsu.2021.01.073,3
DOI:10.1007/s10639-021-10589-x,DOI:10.1136/bmjopen-2020-042378,3
DOI:10.1007/s10639-021-10589-x,DOI:10.12669/pjms.36.covid19-s4.2785,3
DOI:10.1007/s10639-021-10589-x,DOI:10.3389/feduc.2022.879091,4
DOI:10.1007/s10639-021-10589-x,DOI:10.1016/j.childyouth.2021.106160,3
DOI:10.1080/17439884.2020.1761641,DOI:10.5281/zenodo.3878572,3
"MARINONI G., 2020, IAU GLOBAL SURVEY RE","SCHLEICHER A., 2020, IMPACT COVID 19 ED I",4
DOI:10.1002/9781119239086],"ALDHOLAY ADNAN H., 2018, INTERNATIONAL JOURNAL OF SERVICES AND STANDARDS, V12, P163",3
DOI:10.1002/9781119239086],DOI:10.1002/asi.22757,3
DOI:10.1002/9781119239086],DOI:10.1007/s11135-011-9579-x,3
DOI:10.1002/9781119239086],DOI:10.1016/j.chb.2009.02.006,3
DOI:10.1002/9781119239086],DOI:10.1016/j.chb.2016.10.009,3
DOI:10.1002/9781119239086],DOI:10.1016/j.compedu.2008.10.002,3
DOI:10.1002/9781119239086],DOI:10.1016/j.compedu.2012.10.001,3
DOI:10.1002/9781119239086],DOI:10.1016/j.compedu.2013.07.037,3
DOI:10.1002/9781119239086],DOI:10.1016/j.giq.2007.06.002,3
DOI:10.1002/9781119239086],DOI:10.1016/j.ijinfomgt.2012.03.001,3
DOI:10.1002/9781119239086],DOI:10.1016/j.tele.2015.06.010,3
DOI:10.1002/9781119239086],DOI:10.1016/j.tele.2018.03.012,3
DOI:10.1002/9781119239086],DOI:10.1108/02635570710822831,3
DOI:10.1002/9781119239086],DOI:10.1108/el-11-2012-0148,3
DOI:10.1002/9781119239086],DOI:10.1108/jeim-08-2013-0062,3
DOI:10.1002/9781119239086],DOI:10.4258/hir.2015.21.1.43,3
DOI:10.1002/9781119239086],DOI:10.4300/jgme-d-12-00156.1,3
DOI:10.1002/9781119239086],"LEE KC, 2005, INT FED INFO PROC, V158, P135",3
DOI:10.1002/9781119239086],"[ANONYMOUS], 2017, INT J SOFT COMPUT",3
DOI:10.1111/j.1083-6101.2000.tb00110.x],DOI:10.24191/ajue.v16i2.10294,3
DOI:10.1111/j.1083-6101.2000.tb00110.x],DOI:10.1111/j.1540-4609.2006.00114.x,4
"SMART KL, 2006, J INF TECHNOL EDUC-R, V5, P201",DOI:10.1080/01587910500081269,3
DOI:10.1037/stl0000198],DOI:10.3389/feduc.2019.00092,3
DOI:10.1037/stl0000198],"SHAHZAD ARFAN, 2021, QUAL QUANT, V55, P805, DOI [10.1007/S11135-020-01028-Z, 10.1007/S11135-020-01028-Z]",3
DOI:10.1037/stl0000198],DOI:10.1080/15325024.2020.1769300,3
DOI:10.1037/stl0000198],"DURAKU ZH., 2020, IMPACT COVID 19 ED W",3
DOI:10.1108/aeds-05-2020-0097,DOI:10.24191/ajue.v16i2.10294,3
"BALORAN ET, 2021, TURK ONLINE J DISTAN, V22, P1","DIXSON MD, 2015, ONLINE LEARN, V19, P143",3
"BALORAN ET, 2021, TURK ONLINE J DISTAN, V22, P1",DOI:10.1080/10494820.2020.1855211,4
"DIXSON M.D., 2010, J SCHOLARSH TEACH LEARN, V10, P1",DOI:10.3200/joer.98.3.184-192,3
"DIXSON M.D., 2010, J SCHOLARSH TEACH LEARN, V10, P1","MCBRIEN JL, 2009, INT REV RES OPEN DIS, V10",3
"DIXSON MD, 2015, ONLINE LEARN, V19, P143",DOI:10.3200/joer.98.3.184-192,3
DOI:10.1007/s11423-020-09775-4,DOI:10.1007/s10639-019-09863-w,3
DOI:10.1007/s11423-020-09775-4,DOI:10.1016/j.cedpsych.2020.101860,3
DOI:10.1007/s11423-020-09775-4,DOI:10.1080/10494820.2015.1113709,3
DOI:10.1007/s11423-020-09775-4,DOI:10.14742/ajet.3240,3
DOI:10.1016/j.iheduc.2004.02.001,"GRAHAM C., 2006, BELTWIDE COTTON CONFERENCES",3
DOI:10.1080/15236803.2013.12001730,DOI:10.5032/jae.2012.03098,3
DOI:10.3200/joer.98.3.184-192,"MCBRIEN JL, 2009, INT REV RES OPEN DIS, V10",4
"GRAHAM C., 2006, BELTWIDE COTTON CONFERENCES","NORTVIG AM, 2018, ELECTRON J E-LEARN, V16, P46",3
"MCBRIEN JL, 2009, INT REV RES OPEN DIS, V10","LITTLEFIELD J., 2018, THE DIFFERENCE BETWEEN SYNCHRONOUS AND ASYNCHRONOUS DISTANCE LEARNING",3
DOI:10.12669/pjms.36.covid19-s4.2785,DOI:10.24191/ajue.v16i2.10294,4
DOI:10.12669/pjms.36.covid19-s4.2785,DOI:10.1016/j.iheduc.2013.04.001,3
DOI:10.12669/pjms.36.covid19-s4.2785,DOI:10.1108/09513540010344731,4
DOI:10.12669/pjms.36.covid19-s4.2785,DOI:10.1080/15325024.2020.1769300,6
DOI:10.12669/pjms.36.covid19-s4.2785,DOI:10.1186/s12909-020-02312-0,4
DOI:10.12669/pjms.36.covid19-s4.2785,DOI:10.1016/j.childyouth.2021.106160,5
DOI:10.12669/pjms.36.covid19-s4.2785,DOI:10.1007/s40670-020-01165-y,3
DOI:10.12669/pjms.36.covid19-s4.2785,DOI:10.1016/j.jiph.2020.11.007,3
DOI:10.12669/pjms.36.covid19-s4.2785,DOI:10.1186/s12909-020-02257-4,4
DOI:10.12669/pjms.36.covid19-s4.2785,DOI:10.1371/journal.pone.0242905,3
DOI:10.12669/pjms.36.covid19-s4.2785,DOI:10.1016/j.childyouth.2020.105440,3
DOI:10.12669/pjms.36.covid19-s4.2785,DOI:10.26520/peijes.2021.4.3.35-41],3
DOI:10.12669/pjms.36.covid19-s4.2785,DOI:10.37256/ser.122020422,3
DOI:10.12669/pjms.36.covid19-s4.2785,DOI:10.7759/cureus.7492,3
DOI:10.24191/ajue.v16i2.10294,DOI:10.1007/s10639-021-10557-5,3
DOI:10.24191/ajue.v16i2.10294,DOI:10.4324/9780203771587],3
DOI:10.24191/ajue.v16i2.10294,DOI:10.1108/s1474-7979(2009)0000020014,3
DOI:10.24191/ajue.v16i2.10294,DOI:10.1111/j.1540-5915.2008.00192.x,3
DOI:10.24191/ajue.v16i2.10294,"LEE YH, 2014, AUSTRALAS J EDUC TEC, V30, P562",3
DOI:10.24191/ajue.v16i2.10294,"LIH-CHING CHEN WANG, 2002, JOURNAL OF EDUCATIONAL MULTIMEDIA AND HYPERMEDIA, V11, P71",3
DOI:10.24191/ajue.v16i2.10294,DOI:10.37256/ser.122020422,3
DOI:10.1016/j.compedu.2018.01.003,DOI:10.1037/0021-9010.88.5.879,3
DOI:10.1037/a0032690,DOI:10.1080/00461520.2014.1002924,4
DOI:10.1037/a0032690,DOI:10.1080/15391523.2021.1920518,3
DOI:10.1037/a0032690,DOI:10.1007/978-1-4614-2018-7,3
DOI:10.1037/a0032690,DOI:10.1016/j.cedpsych.2011.05.002,4
DOI:10.1037/a0032690,DOI:10.1080/15391523.2021.1891998,4
DOI:10.1037/a0032690,DOI:10.1007/s10639-019-09863-w,3
DOI:10.1037/a0032690,DOI:10.1037/a0012840,3
DOI:10.1080/00461520.2014.1002924,DOI:10.1007/978-1-4614-2018-7,4
DOI:10.1080/00461520.2014.1002924,DOI:10.1080/15391523.2021.1891998,3
DOI:10.1080/00461520.2014.1002924,DOI:10.1016/j.cedpsych.2011.05.002,3
DOI:10.1177/2158244015621777,DOI:10.1080/08923647.2016.1193801,3
DOI:10.1207/s15327965pli1104_01,DOI:10.1016/j.chb.2019.01.034,3
DOI:10.1207/s15327965pli1104_01,DOI:10.1080/15391523.2021.1891998,4
DOI:10.1207/s15327965pli1104_01,DOI:10.1007/s10639-019-09863-w,3
DOI:10.3390/su13052888,DOI:10.3389/fpsyg.2021.577002,3
DOI:10.1111/eje.12626,DOI:10.1002/jdd.12404,4
DOI:10.1111/eje.12626,DOI:10.1016/j.jds.2020.07.011,3
DOI:10.1111/eje.12626,DOI:10.1186/s12909-020-02266-3,4
DOI:10.1111/eje.12626,DOI:10.1186/s12909-020-02312-0,4
DOI:10.3991/ijep.v10i6.16205,DOI:10.1186/s12909-020-02312-0,3
DOI:10.4324/9780203771587],DOI:10.1016/j.compedu.2009.09.002,4
DOI:10.4324/9780203771587],DOI:10.2307/3250921,3
DOI:10.4324/9780203771587],DOI:10.1146/annurev-psych-120710-100452,3
DOI:10.4324/9780203771587],DOI:10.1016/j.compedu.2004.10.007,3
DOI:10.4324/9780203771587],DOI:10.1108/s1474-7979(2009)0000020014,4
DOI:10.4324/9780203771587],DOI:10.1111/j.2517-6161.1974.tb00994.x,3
DOI:10.4324/9780203771587],DOI:10.1287/mnsc.46.2.186.11926,4
DOI:10.4324/9780203771587],DOI:10.1016/j.chb.2014.07.044,3
DOI:10.4324/9780203771587],DOI:10.1037/0033-2909.103.3.411,4
DOI:10.4324/9780203771587],"HAIR J.F., 2016, A FIRST ON PARTIAL LEAST SQUARES STRUCTURAL EQUATION MODELING (PLS-SEM), V2ND",3
DOI:10.4324/9780203771587],DOI:10.1177/0144739420977900,4
DOI:10.4324/9780203771587],DOI:10.1016/j.compedu.2019.103724,3
DOI:10.4324/9780203771587],DOI:10.1016/j.iheduc.2010.08.002,3
DOI:10.4324/9780203771587],DOI:10.1080/01587910500081269,3
DOI:10.4324/9780203771587],DOI:10.1037/0021-9010.88.5.879,3
DOI:10.4324/9780203771587],DOI:10.1016/j.iheduc.2016.04.002,3
DOI:10.4324/9780203771587],DOI:10.1016/j.childyouth.2020.105699,3
DOI:10.1145/1089107.1089139,"ALLY M, 2008, THEORY AND PRACTICE OF ONLINE LEARNING, 2ND EDITION, P15",3
DOI:10.1016/j.childyouth.2020.105699,DOI:10.1080/15325024.2020.1769300,6
DOI:10.1016/j.childyouth.2020.105699,DOI:10.1186/s41239-020-00194-2,3
DOI:10.1016/j.childyouth.2020.105699,DOI:10.5281/zenodo.3878572,4
DOI:10.1016/j.childyouth.2020.105699,DOI:10.1016/j.childyouth.2021.106160,5
DOI:10.1016/j.childyouth.2020.105699,DOI:10.5430/ijhe.v9n6p1,3
DOI:10.1016/j.childyouth.2020.105699,DOI:10.1016/j.childyouth.2020.105582,4
DOI:10.1016/j.childyouth.2020.105699,DOI:10.1016/j.iheduc.2014.10.002,3
DOI:10.1016/j.childyouth.2020.105699,DOI:10.1108/ils-04-2020-0083,3
DOI:10.1016/j.childyouth.2020.105699,DOI:10.1080/01587910500081269,3
DOI:10.1002/pits.20303,DOI:10.1080/07294360.2017.1344197,3
DOI:10.1080/03075079.2011.598505,DOI:10.24059/olj.v22i1.1175,4
DOI:10.1080/03075079.2011.598505,DOI:10.1007/978-1-4614-2018-7_7,3
DOI:10.1080/03075079.2011.598505,DOI:10.1016/j.learninstruc.2016.02.002,4
DOI:10.24059/olj.v22i1.1175,DOI:10.1016/j.learninstruc.2016.02.002,3
DOI:10.1016/j.compedu.2010.07.017,DOI:10.1016/j.iheduc.2007.04.001,3
DOI:10.1016/j.compedu.2010.07.017,DOI:10.1016/j.iheduc.2009.10.002,3
DOI:10.1016/j.iheduc.2011.11.006,DOI:10.1186/s12909-020-02007-6,3
DOI:10.1016/j.iheduc.2011.11.006,"CONRAD D., 2002, THE JOURNAL OF DISTANCE EDUCATION, V17, P1",3
DOI:10.1016/j.iheduc.2011.11.006,DOI:10.1257/000282802320191778,3
DOI:10.1016/j.iheduc.2011.11.006,"MEANS B, 2013, TEACH COLL REC, V115",3
DOI:10.1007/978-1-4899-2271-7,DOI:10.1016/j.cedpsych.2020.101860,3
DOI:10.1016/j.cedpsych.2020.101860,DOI:10.1007/s10639-019-09863-w,5
DOI:10.1016/j.cedpsych.2020.101860,DOI:10.1037/a0012840,3
DOI:10.1016/j.cedpsych.2020.101860,DOI:10.14742/ajet.3240,3
DOI:10.1016/j.cedpsych.2020.101860,DOI:10.14742/ajet.5477,3
DOI:10.1016/j.cedpsych.2020.101860,DOI:10.1080/15391523.2021.1891998,5
DOI:10.1007/s11528-020-00491-7,DOI:10.1080/08923640109527071,3
DOI:10.1016/j.iheduc.2018.06.001,DOI:10.1080/08923640109527071,4
DOI:10.1016/j.iheduc.2018.06.001,DOI:10.1016/j.iheduc.2007.04.001,3
DOI:10.1016/j.iheduc.2018.06.001,"MA ZQ, 2017, INT REV RES OPEN DIS, V18, P213",3
DOI:10.1080/08923640109527071,DOI:10.1016/j.iheduc.2007.04.001,9
DOI:10.1080/08923640109527071,DOI:10.1016/j.iheduc.2011.08.002,3
DOI:10.1080/08923640109527071,DOI:10.1016/j.iheduc.2011.11.001,4
DOI:10.1080/08923640109527071,DOI:10.1016/j.iheduc.2014.05.002,3
DOI:10.1080/08923640109527071,"GARRISON D.R., 2017, E-LEARNING IN THE 21ST CENTURY. A COMMUNITY OF INQUIRY FRAMEWORK FOR RESEARCH AND PRACTICE, V3",6
DOI:10.1080/08923640109527071,DOI:10.24059/olj.v12i3-4.1680,4
DOI:10.1080/08923640109527071,DOI:10.1111/j.1467-8535.2009.01029.x,3
DOI:10.1080/08923640109527071,DOI:10.1080/08923649709526970],3
DOI:10.1080/08923640109527071,DOI:10.19173/irrodl.v10i6.765,3
DOI:10.1080/08923640109527071,DOI:10.24059/olj.v23i2.1460,3
DOI:10.1080/08923640109527071,"HOSTETTER C., 2013, J SCHOLARSHIP TEACHI, V13, P77",3
DOI:10.1080/08923640109527071,DOI:10.1080/01587910500081269,3
DOI:10.1080/08923640109527071,DOI:10.1016/j.iheduc.2009.10.002,3
DOI:10.1080/08923640109527071,"MA ZQ, 2017, INT REV RES OPEN DIS, V18, P213",3
DOI:10.1080/08923640109527071,DOI:10.1016/j.chb.2017.02.001,3
DOI:10.18870/hlrc.v10i1.1179,DOI:10.1016/j.ijinfomgt.2020.102094,3
DOI:10.18870/hlrc.v10i1.1179,DOI:10.1080/10494820.2020.1734028,3
DOI:10.18870/hlrc.v10i1.1179,"LU YF, 2019, J ELECTRON COMMER RE, V20, P105",3
"SARWAR HUMA, 2020, EUR J DENT, V14, PS34, DOI [10.1055/S-0040-1717000, 10.1055/S-0040-1717000]",DOI:10.1080/10872981.2019.1666538,3
"SARWAR HUMA, 2020, EUR J DENT, V14, PS34, DOI [10.1055/S-0040-1717000, 10.1055/S-0040-1717000]",DOI:10.1136/bmjopen-2020-042378,3
"SARWAR HUMA, 2020, EUR J DENT, V14, PS34, DOI [10.1055/S-0040-1717000, 10.1055/S-0040-1717000]",DOI:10.1002/jdd.12404,3
"SARWAR HUMA, 2020, EUR J DENT, V14, PS34, DOI [10.1055/S-0040-1717000, 10.1055/S-0040-1717000]",DOI:10.1111/eje.12589,3
"SARWAR HUMA, 2020, EUR J DENT, V14, PS34, DOI [10.1055/S-0040-1717000, 10.1055/S-0040-1717000]",DOI:10.1186/s12909-020-02266-3,4
"SARWAR HUMA, 2020, EUR J DENT, V14, PS34, DOI [10.1055/S-0040-1717000, 10.1055/S-0040-1717000]",DOI:10.1186/s12909-020-02312-0,3
"SARWAR HUMA, 2020, EUR J DENT, V14, PS34, DOI [10.1055/S-0040-1717000, 10.1055/S-0040-1717000]",DOI:10.1002/jdd.12413,3
DOI:10.1016/j.compedu.2009.09.002,DOI:10.1080/10494820.2020.1734028,5
DOI:10.1016/j.compedu.2009.09.002,DOI:10.1108/itp-01-2013-0024,3
DOI:10.1016/j.compedu.2009.09.002,DOI:10.2307/3250921,7
DOI:10.1016/j.compedu.2009.09.002,DOI:10.1287/mnsc.46.2.186.11926,4
DOI:10.1016/j.compedu.2009.09.002,DOI:10.1080/0144929x.2014.934291,3
DOI:10.1016/j.compedu.2009.09.002,DOI:10.2307/249689,3
DOI:10.1016/j.compedu.2009.09.002,"WENG C, 2015, AUSTRALAS J EDUC TEC, V31, P177",3
DOI:10.1080/10494820.2020.1734028,DOI:10.2307/3250921,4
DOI:10.1080/10494820.2020.1734028,DOI:10.1016/j.chb.2014.07.044,3
DOI:10.1080/10494820.2020.1734028,DOI:10.1080/0144929x.2014.934291,3
DOI:10.1080/10494820.2020.1734028,DOI:10.1007/s11423-019-09722-y,3
DOI:10.1080/10494820.2020.1734028,DOI:10.1007/s11554-021-01071-5,3
DOI:10.1080/10494820.2020.1734028,DOI:10.1007/s12652-020-02712-6,3
DOI:10.1080/10494820.2020.1734028,DOI:10.1016/j.compedu.2011.07.008,3
DOI:10.1080/10494820.2020.1734028,DOI:10.1108/intr-10-2018-0447,3
DOI:10.1080/10494820.2020.1734028,DOI:10.1108/lht-01-2019-0028,3
DOI:10.1080/10494820.2020.1734028,DOI:10.1109/access.2019.2936143,3
DOI:10.1080/10494820.2020.1734028,DOI:10.1109/jiot.2021.3053420,3
DOI:10.1080/10494820.2020.1734028,DOI:10.1111/j.1467-8535.2010.01054.x,3
DOI:10.1080/10494820.2020.1734028,DOI:10.15354/sief.20.ar043,3
DOI:10.1080/10494820.2020.1734028,DOI:10.3389/fpsyg.2020.01166,3
DOI:10.1080/10494820.2020.1734028,"WENG C, 2015, AUSTRALAS J EDUC TEC, V31, P177",3
DOI:10.1080/10494820.2020.1734028,DOI:10.15354/sief.20.ar035],3
DOI:10.1080/10494820.2020.1734028,DOI:10.1016/j.ijinfomgt.2020.102094,3
DOI:10.1080/10494820.2020.1734028,"LU YF, 2019, J ELECTRON COMMER RE, V20, P105",3
DOI:10.1108/ebr-10-2013-0128,DOI:10.2307/3250921,3
DOI:10.1108/itp-01-2013-0024,DOI:10.2307/3250921,3
DOI:10.2307/3250921,DOI:10.17705/1cais.00407,4
DOI:10.2307/3250921,DOI:10.1007/s11423-016-9508-8,3
DOI:10.2307/3250921,DOI:10.1037/0021-9010.88.5.879,6
DOI:10.2307/3250921,DOI:10.1016/j.elerap.2010.11.005,3
DOI:10.2307/3250921,DOI:10.1287/isre.14.2.189.16018,3
DOI:10.2307/3250921,DOI:10.2307/3150499,6
DOI:10.2307/3250921,DOI:10.1016/j.eswa.2010.03.015,3
DOI:10.2307/3250921,DOI:10.2307/249689,4
DOI:10.2307/3250921,"LU YF, 2019, J ELECTRON COMMER RE, V20, P105",4
DOI:10.2307/3250921,"SHAHZAD ARFAN, 2021, QUAL QUANT, V55, P805, DOI [10.1007/S11135-020-01028-Z, 10.1007/S11135-020-01028-Z]",5
DOI:10.2307/3250921,DOI:10.1007/s10639-019-10094-2,3
DOI:10.2307/3250921,DOI:10.1016/j.chb.2009.02.006,3
DOI:10.2307/3250921,DOI:10.3390/su13084586,4
DOI:10.2753/mis0742-1222240109,"AYYAGARI R, 2011, MIS QUART, V35, P831",3
DOI:10.1016/j.jad.2020.08.042,DOI:10.2196/22817,3
DOI:10.2196/22817,DOI:10.1007/s40670-020-01165-y,3
DOI:10.2196/22817,DOI:10.1016/j.childyouth.2020.105355,5
DOI:10.2196/22817,DOI:10.1046/j.1525-1497.2001.016009606.x,4
DOI:10.2196/22817,DOI:10.1177/0020764020925108,3
DOI:10.2196/22817,DOI:10.2196/21279,6
DOI:10.2196/22817,DOI:10.2196/20185,3
DOI:10.1016/j.iheduc.2009.11.002,"GARRISON D.R., 2017, E-LEARNING IN THE 21ST CENTURY. A COMMUNITY OF INQUIRY FRAMEWORK FOR RESEARCH AND PRACTICE, V3",3
"GARRISON D.R., 2017, E-LEARNING IN THE 21ST CENTURY. A COMMUNITY OF INQUIRY FRAMEWORK FOR RESEARCH AND PRACTICE, V3",DOI:10.1016/j.iheduc.2007.04.001,5
"GARRISON D.R., 2017, E-LEARNING IN THE 21ST CENTURY. A COMMUNITY OF INQUIRY FRAMEWORK FOR RESEARCH AND PRACTICE, V3",DOI:10.1016/j.iheduc.2011.08.002,3
"GARRISON D.R., 2017, E-LEARNING IN THE 21ST CENTURY. A COMMUNITY OF INQUIRY FRAMEWORK FOR RESEARCH AND PRACTICE, V3",DOI:10.19173/irrodl.v10i6.765,3
DOI:10.1080/0144929x.2018.1474254,DOI:10.1080/01587910500081269,3
DOI:10.24059/olj.v25i1.2470,"SHAHZAD ARFAN, 2021, QUAL QUANT, V55, P805, DOI [10.1007/S11135-020-01028-Z, 10.1007/S11135-020-01028-Z]",3
DOI:10.24059/olj.v25i1.2470,DOI:10.1080/15325024.2020.1769300,3
DOI:10.1186/s41239-020-00216-z,DOI:10.3991/ijet.v15i13.14645,3
DOI:10.1057/ejis.2008.15,DOI:10.1016/j.giq.2007.06.002,3
DOI:10.1057/ejis.2008.15,DOI:10.1016/j.compedu.2008.10.002,3
"SHAHZAD ARFAN, 2021, QUAL QUANT, V55, P805, DOI [10.1007/S11135-020-01028-Z, 10.1007/S11135-020-01028-Z]",DOI:10.5281/zenodo.3878572,3
"SHAHZAD ARFAN, 2021, QUAL QUANT, V55, P805, DOI [10.1007/S11135-020-01028-Z, 10.1007/S11135-020-01028-Z]",DOI:10.2307/249689,3
"SHAHZAD ARFAN, 2021, QUAL QUANT, V55, P805, DOI [10.1007/S11135-020-01028-Z, 10.1007/S11135-020-01028-Z]",DOI:10.2307/3150499,3
"SHAHZAD ARFAN, 2021, QUAL QUANT, V55, P805, DOI [10.1007/S11135-020-01028-Z, 10.1007/S11135-020-01028-Z]","LU YF, 2019, J ELECTRON COMMER RE, V20, P105",3
"SHAHZAD ARFAN, 2021, QUAL QUANT, V55, P805, DOI [10.1007/S11135-020-01028-Z, 10.1007/S11135-020-01028-Z]",DOI:10.1016/j.chb.2009.02.006,3
DOI:10.1007/978-1-4614-2018-7_7,DOI:10.1080/15391523.2021.1891998,3
DOI:10.1007/s10639-019-09863-w,DOI:10.1037/a0012840,3
DOI:10.1007/s10639-019-09863-w,DOI:10.1007/s10639-018-9784-5,3
DOI:10.1007/s10639-019-09863-w,DOI:10.1037/0003-066x.55.1.68,3
DOI:10.1007/s10639-019-09863-w,DOI:10.1111/j.1540-4609.2006.00114.x,3
DOI:10.1007/s10639-019-09863-w,DOI:10.14742/ajet.3240,3
DOI:10.1007/s10639-019-09863-w,DOI:10.1521/978.14625/28806,3
DOI:10.1007/s10639-019-09863-w,DOI:10.1080/15391523.2021.1891998,4
DOI:10.1037/0033-2909.103.3.411,"GEFEN D, 2011, MIS QUART, V35, PIII",3
DOI:10.1037/0033-2909.103.3.411,DOI:10.1287/mnsc.46.2.186.11926,4
DOI:10.1037/0033-2909.103.3.411,DOI:10.17705/1cais.00407,4
DOI:10.1037/0033-2909.103.3.411,DOI:10.2307/2065853,3
DOI:10.1037/0033-2909.103.3.411,DOI:10.1037/0021-9010.88.5.879,3
DOI:10.1037/a0012840,DOI:10.1016/j.cedpsych.2011.05.002,3
"GEFEN D, 2011, MIS QUART, V35, PIII",DOI:10.1016/j.chb.2014.07.044,3
DOI:10.19173/irrodl.v9i3.523,"SIEMENS G, 2004, ITDL, V2, P1",4
DOI:10.1016/j.iheduc.2007.04.001,DOI:10.1016/j.iheduc.2011.11.001,3
DOI:10.1016/j.iheduc.2007.04.001,DOI:10.1016/j.iheduc.2014.05.002,3
DOI:10.1016/j.iheduc.2007.04.001,DOI:10.1016/j.compedu.2014.10.015,3
DOI:10.1016/j.iheduc.2007.04.001,DOI:10.1207/s15389286ajde1903_2,3
DOI:10.1016/j.iheduc.2007.04.001,DOI:10.1016/j.iheduc.2008.06.003,3
DOI:10.1016/j.iheduc.2007.04.001,DOI:10.1111/j.1467-8535.2009.01029.x,3
DOI:10.1016/j.iheduc.2007.04.001,DOI:10.19173/irrodl.v10i6.765,3
DOI:10.1016/j.iheduc.2007.04.001,DOI:10.1016/j.iheduc.2013.10.007,3
DOI:10.1016/j.iheduc.2007.04.001,DOI:10.1016/j.iheduc.2009.10.002,4
DOI:10.1016/j.iheduc.2007.04.001,DOI:10.24059/olj.v12i3-4.1680,4
DOI:10.1016/j.iheduc.2007.04.001,"MA ZQ, 2017, INT REV RES OPEN DIS, V18, P213",3
DOI:10.1016/j.chb.2004.04.004,DOI:10.1016/j.iheduc.2013.04.001,4
DOI:10.1016/j.iheduc.2013.04.001,DOI:10.3389/fpsyg.2018.02434,3
DOI:10.1016/j.iheduc.2013.04.001,DOI:10.3991/ijet.v13i09.8351,3
DOI:10.1016/j.iheduc.2013.04.001,DOI:10.1080/08923647.2017.1300462,3
DOI:10.1016/j.iheduc.2013.04.001,DOI:10.1080/08923647.2016.1193801,3
DOI:10.1016/j.iheduc.2013.04.001,DOI:10.1002/piq.20001,4
DOI:10.1016/j.iheduc.2013.04.001,DOI:10.1111/j.1365-2729.2008.00294.x,3
DOI:10.1016/j.heliyon.2020.e05410,DOI:10.1007/s10639-021-10557-5,4
DOI:10.1016/j.heliyon.2020.e05410,DOI:10.1108/s1474-7979(2009)0000020014,3
DOI:10.1002/piq.20001,DOI:10.1080/08923647.2016.1193801,3
DOI:10.1007/s10639-020-10134-2,DOI:10.3389/fpsyg.2017.00422,4
DOI:10.1016/j.compedu.2015.08.004,DOI:10.1080/01587919.2013.835770,3
DOI:10.1037/a0026838,DOI:10.3389/fpsyg.2017.00422,3
DOI:10.1037/a0026838,DOI:10.1016/j.childyouth.2020.105355,3
DOI:10.1080/1475939x.2020.1854337,DOI:10.46328/ijtes.v4i4.167,4
DOI:10.1001/jama.2020.5227,DOI:10.1186/s12909-020-02257-4,4
DOI:10.1001/jama.2020.5227,DOI:10.1080/10872981.2019.1666538,6
DOI:10.1001/jama.2020.5227,DOI:10.1016/s1473-3099(20)30226-7,3
DOI:10.1001/jama.2020.5227,DOI:10.1136/bmjopen-2020-042378,3
DOI:10.1001/jama.2020.5227,DOI:10.2196/20963,3
DOI:10.1016/j.compedu.2006.01.001,DOI:10.1016/j.compedu.2005.09.004,3
DOI:10.1080/15325024.2020.1769300,DOI:10.1186/s12909-020-02266-3,3
DOI:10.1080/15325024.2020.1769300,DOI:10.1186/s12909-020-02312-0,3
DOI:10.1080/15325024.2020.1769300,DOI:10.1007/s12098-020-03327-7,3
DOI:10.1080/15325024.2020.1769300,DOI:10.2196/21279,3
DOI:10.1080/15325024.2020.1769300,DOI:10.1080/01587910500081269,3
DOI:10.1186/s12909-020-02266-3,DOI:10.1002/jdd.12162,3
DOI:10.1186/s12909-020-02266-3,DOI:10.1111/j.1600-0579.2006.00413.x,3
DOI:10.1186/s12909-020-02266-3,"PAHINIS K, 2007, J DENT EDUC, V71, P269",3
DOI:10.1186/s12909-020-02266-3,DOI:10.1002/jdd.12413,5
DOI:10.1186/s12909-020-02266-3,DOI:10.1111/eje.12589,4
DOI:10.1186/s12909-020-02266-3,DOI:10.1136/bmjopen-2020-042378,3
DOI:10.1186/s12909-020-02266-3,DOI:10.1186/s12909-020-02312-0,6
DOI:10.1186/s12909-020-02266-3,DOI:10.1080/10872981.2019.1666538,4
DOI:10.1186/s12909-020-02266-3,DOI:10.1002/jdd.12404,5
DOI:10.1186/s12909-020-02266-3,DOI:10.1016/j.jds.2020.07.011,3
DOI:10.1186/s12909-020-02266-3,DOI:10.1016/j.jds.2021.06.006,4
DOI:10.1186/s12909-020-02266-3,DOI:10.3390/dj9100116,3
DOI:10.1186/s12909-020-02266-3,"HAROON ZAINAB, 2020, J COLL PHYSICIANS SURG PAK, V30, P129, DOI [10.29271/JCPSP.2020.SUPP2.129, 10.29271/JCPSP.2020.SUPP2.129, 10.29271/JCPSP.2020.SUPP1.S129]",3
DOI:10.1186/s12909-020-02266-3,"DEERY CHRIS, 2020, EVID BASED DENT, V21, P46, DOI [10.1038/S41432-020-0089-3, 10.1038/S41432-020-0089-3]",4
DOI:10.1080/15391523.2021.1891998,DOI:10.1007/978-1-4614-2018-7,3
DOI:10.1080/15391523.2021.1891998,DOI:10.1186/s12909-020-02312-0,3
DOI:10.1080/15391523.2021.1891998,DOI:10.1002/job.248,3
DOI:10.1080/15391523.2021.1891998,DOI:10.1080/10494820.2021.1926289,3
DOI:10.7759/cureus.7492,DOI:10.1371/journal.pone.0242905,3
DOI:10.1016/j.chb.2017.02.001,DOI:10.1016/j.iheduc.2009.10.002,3
DOI:10.1016/j.chb.2017.02.001,DOI:10.1016/j.compedu.2018.07.021,3
DOI:10.1016/j.chb.2017.02.001,DOI:10.1080/01587919.2020.1821603,3
DOI:10.3991/ijet.v13i09.8351,DOI:10.1016/j.iheduc.2019.01.001,3
DOI:10.1108/s1474-7979(2009)0000020014,DOI:10.1111/j.1467-8535.2011.01229.x,3
DOI:10.1108/s1474-7979(2009)0000020014,DOI:10.1111/j.1540-5915.2008.00192.x,3
DOI:10.1111/j.1467-8535.2011.01229.x,DOI:10.1111/j.1540-5915.2008.00192.x,4
DOI:10.1111/j.1467-8535.2011.01229.x,DOI:10.1287/mnsc.46.2.186.11926,3
DOI:10.1111/j.1540-5915.2008.00192.x,DOI:10.1287/mnsc.46.2.186.11926,3
DOI:10.1111/j.1540-5915.2008.00192.x,DOI:10.1016/j.compedu.2012.12.014,3
DOI:10.1111/j.2517-6161.1974.tb00994.x,DOI:10.1108/imds-09-2015-0382,3
DOI:10.1287/mnsc.46.2.186.11926,DOI:10.1080/0144929x.2014.934291,3
DOI:10.1287/mnsc.46.2.186.11926,DOI:10.2307/2065853,3
"ALDHOLAY ADNAN H., 2018, INTERNATIONAL JOURNAL OF SERVICES AND STANDARDS, V12, P163",DOI:10.2307/249689,3
"ALDHOLAY ADNAN H., 2018, INTERNATIONAL JOURNAL OF SERVICES AND STANDARDS, V12, P163",DOI:10.1002/asi.22757,3
"ALDHOLAY ADNAN H., 2018, INTERNATIONAL JOURNAL OF SERVICES AND STANDARDS, V12, P163",DOI:10.1007/s11135-011-9579-x,3
"ALDHOLAY ADNAN H., 2018, INTERNATIONAL JOURNAL OF SERVICES AND STANDARDS, V12, P163",DOI:10.1016/j.chb.2009.02.006,3
"ALDHOLAY ADNAN H., 2018, INTERNATIONAL JOURNAL OF SERVICES AND STANDARDS, V12, P163",DOI:10.1016/j.chb.2016.10.009,3
"ALDHOLAY ADNAN H., 2018, INTERNATIONAL JOURNAL OF SERVICES AND STANDARDS, V12, P163",DOI:10.1016/j.compedu.2008.10.002,3
"ALDHOLAY ADNAN H., 2018, INTERNATIONAL JOURNAL OF SERVICES AND STANDARDS, V12, P163",DOI:10.1016/j.compedu.2012.10.001,3
"ALDHOLAY ADNAN H., 2018, INTERNATIONAL JOURNAL OF SERVICES AND STANDARDS, V12, P163",DOI:10.1016/j.compedu.2013.07.037,3
"ALDHOLAY ADNAN H., 2018, INTERNATIONAL JOURNAL OF SERVICES AND STANDARDS, V12, P163",DOI:10.1016/j.giq.2007.06.002,3
"ALDHOLAY ADNAN H., 2018, INTERNATIONAL JOURNAL OF SERVICES AND STANDARDS, V12, P163",DOI:10.1016/j.ijinfomgt.2012.03.001,3
"ALDHOLAY ADNAN H., 2018, INTERNATIONAL JOURNAL OF SERVICES AND STANDARDS, V12, P163",DOI:10.1016/j.tele.2015.06.010,3
"ALDHOLAY ADNAN H., 2018, INTERNATIONAL JOURNAL OF SERVICES AND STANDARDS, V12, P163",DOI:10.1016/j.tele.2018.03.012,3
"ALDHOLAY ADNAN H., 2018, INTERNATIONAL JOURNAL OF SERVICES AND STANDARDS, V12, P163",DOI:10.1108/02635570710822831,3
"ALDHOLAY ADNAN H., 2018, INTERNATIONAL JOURNAL OF SERVICES AND STANDARDS, V12, P163",DOI:10.1108/el-11-2012-0148,3
"ALDHOLAY ADNAN H., 2018, INTERNATIONAL JOURNAL OF SERVICES AND STANDARDS, V12, P163",DOI:10.1108/jeim-08-2013-0062,3
"ALDHOLAY ADNAN H., 2018, INTERNATIONAL JOURNAL OF SERVICES AND STANDARDS, V12, P163",DOI:10.4258/hir.2015.21.1.43,3
"ALDHOLAY ADNAN H., 2018, INTERNATIONAL JOURNAL OF SERVICES AND STANDARDS, V12, P163",DOI:10.4300/jgme-d-12-00156.1,3
"ALDHOLAY ADNAN H., 2018, INTERNATIONAL JOURNAL OF SERVICES AND STANDARDS, V12, P163","LEE KC, 2005, INT FED INFO PROC, V158, P135",3
"ALDHOLAY ADNAN H., 2018, INTERNATIONAL JOURNAL OF SERVICES AND STANDARDS, V12, P163","[ANONYMOUS], 2017, INT J SOFT COMPUT",3
"ALLY M, 2008, THEORY AND PRACTICE OF ONLINE LEARNING, 2ND EDITION, P15",DOI:10.1080/1097198x.2018.1542262,3
"ALLY M, 2008, THEORY AND PRACTICE OF ONLINE LEARNING, 2ND EDITION, P15",DOI:10.3390/su13084586,3
DOI:10.1080/10872981.2021.1920090,DOI:10.1371/journal.pone.0249423,3
DOI:10.1080/10872981.2021.1920090,"RANI N S., 2014, INT REV MANAGEMENT B, V3, P1984",3
DOI:10.1177/2158244020941858,DOI:10.2307/249689,3
DOI:10.2307/249689,DOI:10.1016/j.chb.2013.10.020,3
DOI:10.2307/249689,DOI:10.1016/j.compedu.2011.07.008,4
DOI:10.2307/249689,DOI:10.1016/j.compedu.2012.10.001,4
DOI:10.2307/249689,DOI:10.1016/s0378-7206(98)00101-3,3
DOI:10.2307/249689,DOI:10.1002/asi.22757,3
DOI:10.2307/249689,DOI:10.1016/j.chb.2009.02.006,3
DOI:10.2307/249689,DOI:10.1016/j.chb.2016.03.016,3
DOI:10.2196/16504,DOI:10.1080/10872981.2019.1666538,3
DOI:10.1080/10872981.2019.1666538,DOI:10.1136/bmjopen-2020-042378,6
DOI:10.1080/10872981.2019.1666538,DOI:10.1001/archinte.166.10.1092,3
DOI:10.1080/10872981.2019.1666538,DOI:10.1186/s12909-020-02312-0,3
DOI:10.4018/978-1-59140-555-9.ch245],DOI:10.1111/j.1540-4609.2006.00114.x,3
"LUNG I., 2000, EDUCATIONAL TECHNOLOGY, V40, P57",DOI:10.1108/ils-04-2020-0083,3
"LUNG I., 2000, EDUCATIONAL TECHNOLOGY, V40, P57","[ANONYMOUS], 2020, POLICY BRIEF ED COVI",3
DOI:10.1016/j.chb.2014.07.044,DOI:10.17705/1cais.00407,3
DOI:10.1016/j.chb.2014.07.044,DOI:10.1080/01587910500081269,3
DOI:10.1016/j.chb.2014.07.044,DOI:10.1016/j.compedu.2011.07.008,3
DOI:10.1016/j.chb.2014.07.044,DOI:10.1016/j.childyouth.2020.105535,3
DOI:10.1016/j.tele.2018.03.012,DOI:10.1002/asi.22757,3
DOI:10.1016/j.tele.2018.03.012,DOI:10.1007/s11135-011-9579-x,3
DOI:10.1016/j.tele.2018.03.012,DOI:10.1016/j.chb.2009.02.006,3
DOI:10.1016/j.tele.2018.03.012,DOI:10.1016/j.chb.2016.10.009,3
DOI:10.1016/j.tele.2018.03.012,DOI:10.1016/j.compedu.2008.10.002,3
DOI:10.1016/j.tele.2018.03.012,DOI:10.1016/j.compedu.2012.10.001,3
DOI:10.1016/j.tele.2018.03.012,DOI:10.1016/j.compedu.2013.07.037,3
DOI:10.1016/j.tele.2018.03.012,DOI:10.1016/j.giq.2007.06.002,3
DOI:10.1016/j.tele.2018.03.012,DOI:10.1016/j.ijinfomgt.2012.03.001,3
DOI:10.1016/j.tele.2018.03.012,DOI:10.1016/j.tele.2015.06.010,3
DOI:10.1016/j.tele.2018.03.012,DOI:10.1108/02635570710822831,3
DOI:10.1016/j.tele.2018.03.012,DOI:10.1108/el-11-2012-0148,3
DOI:10.1016/j.tele.2018.03.012,DOI:10.1108/jeim-08-2013-0062,3
DOI:10.1016/j.tele.2018.03.012,DOI:10.4258/hir.2015.21.1.43,3
DOI:10.1016/j.tele.2018.03.012,DOI:10.4300/jgme-d-12-00156.1,3
DOI:10.1016/j.tele.2018.03.012,"LEE KC, 2005, INT FED INFO PROC, V158, P135",3
DOI:10.1016/j.tele.2018.03.012,"[ANONYMOUS], 2017, INT J SOFT COMPUT",3
DOI:10.17705/1cais.00407,DOI:10.1037/0021-9010.88.5.879,3
DOI:10.17705/1cais.00407,"CHIN WW, 1998, MIS QUART, V22, PVII",3
DOI:10.17705/1cais.00407,DOI:10.1287/isre.14.2.189.16018,4
DOI:10.5281/zenodo.3878572,DOI:10.29333/ajqr/8471],4
DOI:10.5281/zenodo.3878572,DOI:10.1108/ils-04-2020-0083,3
DOI:10.1016/j.iheduc.2010.08.002,DOI:10.1080/01587910500081269,3
DOI:10.1080/01421590802366129,DOI:10.1186/1472-6920-13-57,3
DOI:10.1080/01587910500081269,DOI:10.1186/s12909-020-02312-0,5
DOI:10.1080/01587910500081269,DOI:10.1016/j.compedu.2008.09.009,3
DOI:10.1038/s41928-020-00534-0,"TABACHNICK BG., 2018, USING MULTIVARIATE STATISTICS",3
DOI:10.1111/jcal.12005,DOI:10.1111/j.1540-4609.2006.00114.x,3
DOI:10.1111/jcal.12005,"SAXENA CHARU, 2021, JOURNAL OF EDUCATIONAL TECHNOLOGY SYSTEMS, V49, P532, DOI [10.1177/0047239520977798, 10.1177/0047239520977798]",3
"MEANS B, 2013, TEACH COLL REC, V115",DOI:10.1016/j.iheduc.2019.100724,3
DOI:10.1016/j.compedu.2019.103617,DOI:10.1037/a0029393,3
DOI:10.1016/j.compedu.2019.103617,"SRITE M, 2006, MIS QUART, V30, P679",3
DOI:10.1037/0021-9010.88.5.879,DOI:10.1080/1097198x.2018.1542262,3
DOI:10.1037/0021-9010.88.5.879,DOI:10.1016/j.elerap.2010.11.005,3
DOI:10.1037/0021-9010.88.5.879,DOI:10.2307/3150499,3
DOI:10.1037/0021-9010.88.5.879,DOI:10.1016/j.compedu.2012.10.001,3
DOI:10.1037/0021-9010.88.5.879,DOI:10.1016/j.tele.2017.09.009,3
DOI:10.1037/0021-9010.88.5.879,DOI:10.1111/jedm.12050,3
DOI:10.1037/a0029393,"SRITE M, 2006, MIS QUART, V30, P679",3
DOI:10.1016/j.childyouth.2020.105355,DOI:10.1001/archinte.166.10.1092,4
DOI:10.1016/j.childyouth.2020.105355,DOI:10.1007/s40670-020-01165-y,3
DOI:10.1016/j.childyouth.2020.105355,DOI:10.1177/0020764020925108,3
DOI:10.1016/j.childyouth.2020.105355,DOI:10.2196/21279,3
DOI:10.1016/j.childyouth.2020.105355,DOI:10.3390/ijerph18010349,3
DOI:10.1016/j.childyouth.2020.105355,DOI:10.1016/j.jad.2020.11.032,3
DOI:10.1016/j.chbr.2021.100130,DOI:10.1016/j.childyouth.2021.106160,3
DOI:10.1037/ocp0000056,DOI:10.1037//0021-9010.86.3.499,3
DOI:10.1002/ase.1966,DOI:10.1002/ase.1967,3
DOI:10.1002/ase.1966,DOI:10.1002/ase.2020,3
DOI:10.1002/ase.1966,"SINGH K, 2020, INDIAN PEDIATR, V57, P678",3
DOI:10.1016/j.childyouth.2020.105866,DOI:10.1016/j.psychres.2020.113108,3
DOI:10.1016/j.childyouth.2020.105866,DOI:10.2196/21279,3
DOI:10.1016/j.iheduc.2019.100724,DOI:10.1016/j.chb.2013.06.007,3
DOI:10.1207/s15326985ep2501_2,DOI:10.1007/s11092-015-9229-2,3
DOI:10.1080/10494820.2020.1817761,DOI:10.1080/10911359.2020.1855285,3
DOI:10.1080/10494820.2020.1817761,DOI:10.1080/00330124.2020.1823864,4
DOI:10.1080/10911359.2020.1855285,DOI:10.1007/s10639-021-10507-1,3
"RINGLE CM, 2012, MIS QUART, V36, PIII",DOI:10.1007/s11747-011-0261-6,4
DOI:10.1186/s12909-020-02007-6,DOI:10.1016/j.jds.2020.07.011,3
DOI:10.1186/s12909-020-02007-6,DOI:10.1080/08923649009526701],3
DOI:10.1186/s12909-020-02007-6,DOI:10.1186/s12909-020-02312-0,3
DOI:10.1186/s12909-020-02007-6,DOI:10.1007/s00276-020-02615-3,3
DOI:10.1186/s12909-020-02007-6,DOI:10.1016/s1473-3099(20)30226-7,3
DOI:10.2196/21279,DOI:10.1016/j.psychres.2020.113108,3
DOI:10.2196/21279,DOI:10.1016/j.jpubeco.2020.104271,4
DOI:10.2196/21279,"BROOKS SAMANTHA K, 2020, LANCET, V395, P912, DOI [10.1016/S0140-6736(20)30460-8., 10.1016/S0140-6736(20)30460-8]",4
DOI:10.2196/21279,DOI:10.1007/s10964-020-01332-9,3
DOI:10.2196/21279,DOI:10.1001/archinte.166.10.1092,4
DOI:10.2196/21279,DOI:10.2196/20185,4
DOI:10.2196/21279,DOI:10.1002/gch2.202000038,3
DOI:10.1016/j.childyouth.2021.106160,DOI:10.46627/silet.v1i3.46],3
DOI:10.1016/j.childyouth.2021.106160,DOI:10.1007/s40670-020-01165-y,3
DOI:10.1007/978-1-4614-2018-7,DOI:10.1016/j.cedpsych.2011.05.002,3
DOI:10.1016/j.compedu.2013.07.037,DOI:10.1002/asi.22757,3
DOI:10.1016/j.compedu.2013.07.037,DOI:10.1007/s11135-011-9579-x,3
DOI:10.1016/j.compedu.2013.07.037,DOI:10.1016/j.chb.2009.02.006,3
DOI:10.1016/j.compedu.2013.07.037,DOI:10.1016/j.chb.2016.10.009,3
DOI:10.1016/j.compedu.2013.07.037,DOI:10.1016/j.compedu.2008.10.002,3
DOI:10.1016/j.compedu.2013.07.037,DOI:10.1016/j.compedu.2012.10.001,3
DOI:10.1016/j.compedu.2013.07.037,DOI:10.1016/j.dss.2005.05.009,3
DOI:10.1016/j.compedu.2013.07.037,DOI:10.1016/j.giq.2007.06.002,3
DOI:10.1016/j.compedu.2013.07.037,DOI:10.1016/j.ijinfomgt.2012.03.001,3
DOI:10.1016/j.compedu.2013.07.037,DOI:10.1016/j.tele.2015.06.010,4
DOI:10.1016/j.compedu.2013.07.037,DOI:10.1108/02635570710822831,3
DOI:10.1016/j.compedu.2013.07.037,DOI:10.1108/el-11-2012-0148,3
DOI:10.1016/j.compedu.2013.07.037,DOI:10.1108/jeim-08-2013-0062,3
DOI:10.1016/j.compedu.2013.07.037,DOI:10.4258/hir.2015.21.1.43,3
DOI:10.1016/j.compedu.2013.07.037,DOI:10.4300/jgme-d-12-00156.1,3
DOI:10.1016/j.compedu.2013.07.037,"LEE KC, 2005, INT FED INFO PROC, V158, P135",3
DOI:10.1016/j.compedu.2013.07.037,"[ANONYMOUS], 2017, INT J SOFT COMPUT",3
DOI:10.1186/s40561-021-00149-8,DOI:10.1111/j.1540-4609.2006.00114.x,3
DOI:10.1016/j.iheduc.2009.10.002,DOI:10.24059/olj.v12i3-4.1680,3
DOI:10.1016/j.chb.2018.07.008,DOI:10.1037/0022-3514.84.4.822,3
DOI:10.1080/0158791042000212440,DOI:10.1080/0144341042000294868,3
DOI:10.1080/08923647.2016.1193801,DOI:10.37256/ser.122020422,3
DOI:10.1080/08923647.2016.1193801,DOI:10.1016/j.iheduc.2019.01.001,4
DOI:10.1080/08923647.2016.1193801,"YAVUZALP N, 2020, TURK ONLINE J DISTAN, V21, P31",3
DOI:10.1002/ase.1967,DOI:10.1002/ase.2020,3
DOI:10.1002/ase.1967,DOI:10.1002/ase.2051,3
DOI:10.1002/jdd.12413,DOI:10.1111/eje.12589,3
DOI:10.1002/jdd.12413,DOI:10.1136/bmjopen-2020-042378,4
DOI:10.1002/jdd.12413,DOI:10.1186/s12909-020-02312-0,3
DOI:10.1016/j.compedu.2020.103851,DOI:10.1111/jopy.12420,3
DOI:10.1016/j.compedu.2020.103851,DOI:10.14742/ajet.5919,3
DOI:10.1002/jdd.12162,DOI:10.1111/j.1600-0579.2006.00413.x,3
DOI:10.1002/jdd.12162,"PAHINIS K, 2007, J DENT EDUC, V71, P269",3
DOI:10.1111/j.1600-0579.2006.00413.x,"PAHINIS K, 2007, J DENT EDUC, V71, P269",4
DOI:10.1136/bmjopen-2020-041886,DOI:10.1186/s12909-020-02257-4,3
DOI:10.1136/bmjopen-2020-041886,DOI:10.1371/journal.pone.0242905,6
DOI:10.1186/s41239-021-00252-3,DOI:10.1016/j.chb.2019.08.018,5
DOI:10.9743/jeo.2010.1.2],DOI:10.1111/j.1540-4609.2006.00114.x,3
DOI:10.1016/j.jtumed.2020.07.004,DOI:10.1186/s43045-021-00131-7,3
DOI:10.1186/s12909-020-02312-0,DOI:10.1111/eje.12589,5
DOI:10.1186/s12909-020-02312-0,DOI:10.1186/s12909-020-02257-4,3
DOI:10.1186/s12909-020-02312-0,DOI:10.1016/j.jds.2020.07.011,5
DOI:10.1186/s12909-020-02312-0,DOI:10.1111/eje.12542,3
DOI:10.1186/s12909-020-02312-0,DOI:10.1002/jdd.12404,5
DOI:10.2147/rmhp.s308998,DOI:10.1016/j.jsps.2020.12.008,3
DOI:10.1001/jamainternmed.2020.1562,DOI:10.1001/archinte.166.10.1092,3
DOI:10.1111/j.1540-4609.2006.00114.x,DOI:10.1016/j.compedu.2007.09.005,3
DOI:10.1111/j.1540-4609.2006.00114.x,"YUKSELTURK E, 2008, EDUC TECHNOL SOC, V11, P51",4
DOI:10.1111/j.1540-4609.2006.00114.x,DOI:10.1016/j.iheduc.2012.11.001,3
DOI:10.1111/j.1540-4609.2006.00114.x,"SAXENA CHARU, 2021, JOURNAL OF EDUCATIONAL TECHNOLOGY SYSTEMS, V49, P532, DOI [10.1177/0047239520977798, 10.1177/0047239520977798]",3
DOI:10.1002/ase.1970,DOI:10.1002/ase.2020,3
DOI:10.1136/bmjopen-2020-042378,DOI:10.1007/s40670-020-01165-y,3
DOI:10.1136/bmjopen-2020-042378,DOI:10.1016/j.amsu.2021.01.073,3
DOI:10.1136/bmjopen-2020-042378,DOI:10.1186/s12909-020-02257-4,6
DOI:10.1136/bmjopen-2020-042378,DOI:10.1371/journal.pone.0242905,6
DOI:10.1136/bmjopen-2020-042378,DOI:10.1097/00001888-200603000-00002,4
DOI:10.3389/fpsyg.2017.00422,DOI:10.1016/b978-012109890-2/50031-7,3
DOI:10.3389/fpsyg.2017.00422,DOI:10.1007/s11092-015-9229-2,3
DOI:10.1016/j.compedu.2019.103702,DOI:10.1080/09588221.2018.1540434,3
"YUKSELTURK E, 2008, EDUC TECHNOL SOC, V11, P51",DOI:10.1016/j.compedu.2007.09.005,3
"YUKSELTURK E, 2008, EDUC TECHNOL SOC, V11, P51",DOI:10.1177/1077695814536398,3
DOI:10.1037/0022-0663.81.3.329,DOI:10.1016/b978-012109890-2/50031-7,4
DOI:10.4103/ijo.ijo_2535_20,DOI:10.1080/09286586.2020.1862243,3
DOI:10.1016/s0360-1315(01)00060-4,"LIH-CHING CHEN WANG, 2002, JOURNAL OF EDUCATIONAL MULTIMEDIA AND HYPERMEDIA, V11, P71",3
DOI:10.1016/s0360-1315(01)00060-4,DOI:10.1016/j.cedpsych.2004.11.001,3
DOI:10.1016/s0360-1315(01)00060-4,"MCVAY M, 2000, DEVELOPING A WEB-BASED DISTANCE STUDENT ORIENTATION TO ENHANCE STUDENT SUCCESS IN AN ONLINE BACHELOR'S DEGREE COMPLETION PROGRAM",3
DOI:10.1080/0144341042000294868,"BLANKENSHIP R., 2010, INTERNATIONAL JOURNAL OF EDUCATION RESEARCH IJER, V5, P44",3
"LIH-CHING CHEN WANG, 2002, JOURNAL OF EDUCATIONAL MULTIMEDIA AND HYPERMEDIA, V11, P71","TSAI CC, 2004, ADOLESCENCE, V39, P725",3
DOI:10.1177/0144739420977900,DOI:10.1016/s0140-6736(20)30547-x,3
DOI:10.46328/ijtes.v4i4.167,DOI:10.31940/soshum.v10i2.1316],3
DOI:10.1108/s2050-206020150000010002,DOI:10.1177/1461444813487959,4
DOI:10.1108/s2050-206020150000010002,DOI:10.1177/1461444818797082,3
DOI:10.1177/1461444813487959,DOI:10.1177/1461444818797082,3
DOI:10.1016/j.compedu.2011.07.008,DOI:10.1007/s11554-021-01071-5,3
DOI:10.1016/j.compedu.2011.07.008,DOI:10.1007/s12652-020-02712-6,3
DOI:10.1016/j.compedu.2011.07.008,DOI:10.1016/j.chb.2013.10.020,3
DOI:10.1016/j.compedu.2011.07.008,DOI:10.1016/j.compedu.2012.10.001,4
DOI:10.1016/j.compedu.2011.07.008,DOI:10.1108/intr-10-2018-0447,3
DOI:10.1016/j.compedu.2011.07.008,DOI:10.1108/lht-01-2019-0028,3
DOI:10.1016/j.compedu.2011.07.008,DOI:10.1109/access.2019.2936143,3
DOI:10.1016/j.compedu.2011.07.008,DOI:10.1109/jiot.2021.3053420,3
DOI:10.1016/j.compedu.2011.07.008,DOI:10.1111/j.1467-8535.2010.01054.x,3
DOI:10.1016/j.compedu.2011.07.008,DOI:10.15354/sief.20.ar043,3
DOI:10.1016/j.compedu.2011.07.008,DOI:10.3389/fpsyg.2020.01166,3
DOI:10.1016/j.compedu.2011.07.008,DOI:10.1016/j.tele.2017.09.009,3
DOI:10.1016/j.iheduc.2019.01.001,DOI:10.1016/j.jhlste.2021.100304,3
DOI:10.1016/j.iheduc.2019.01.001,DOI:10.1016/j.chb.2019.08.018,4
DOI:10.3390/su13084586,"LU YF, 2019, J ELECTRON COMMER RE, V20, P105",4
DOI:10.1016/j.childyouth.2020.105440,DOI:10.1007/s10639-021-10520-4,6
DOI:10.1016/j.childyouth.2020.105440,DOI:10.29333/ajqr/8471],4
DOI:10.1016/j.childyouth.2020.105440,"SMITH SJ, 2016, JOURNAL OF SPECIAL EDUCATION LEADERSHIP, V29, P101",3
DOI:10.1016/j.childyouth.2020.105440,DOI:10.1016/s0140-6736(20)30547-x,3
DOI:10.1016/j.childyouth.2020.105440,DOI:10.1080/10409289.2020.1843925,4
DOI:10.1016/j.childyouth.2020.105440,DOI:10.33578/jtlee.v3i2.7845,3
DOI:10.1007/s10639-021-10520-4,DOI:10.29333/ajqr/8471],3
DOI:10.11591/ijere.v10i3.21136],DOI:10.29333/ajqr/8471],3
DOI:10.29333/ajqr/8471],DOI:10.1080/10409289.2020.1843925,3
DOI:10.29333/ajqr/8471],DOI:10.1080/15391523.2016.1146560,3
DOI:10.1371/journal.pone.0242905,DOI:10.3389/fvets.2020.594261,3
DOI:10.1371/journal.pone.0242905,DOI:10.1007/s40670-020-01165-y,3
DOI:10.1371/journal.pone.0242905,DOI:10.1016/j.amsu.2021.01.073,3
DOI:10.1371/journal.pone.0242905,DOI:10.1186/s12909-020-02257-4,6
DOI:10.1371/journal.pone.0242905,"NEPAL SAMATA, 2020, J NEPAL HEALTH RES COUNC, V18, P551, DOI [10.33314/JNHRC.V18I3.2851, 10.33314/JNHRC.V18I3.2851]",3
DOI:10.1371/journal.pone.0242905,DOI:10.1177/1039856220947945,3
DOI:10.1371/journal.pone.0242905,DOI:10.2147/prbm.s276938,3
DOI:10.1371/journal.pone.0242905,DOI:10.1111/medu.14181,3
DOI:10.3389/fvets.2020.594261,DOI:10.2147/amep.s290142,3
DOI:10.3389/fvets.2020.594261,DOI:10.3390/vetsci8020013,3
DOI:10.1097/00001888-200603000-00002,DOI:10.1111/j.1470-3327.2005.00614.x,4
DOI:10.1097/00001888-200603000-00002,DOI:10.7189/jogh.04.010406,3
DOI:10.1097/00001888-200603000-00002,DOI:10.1016/s1473-3099(20)30226-7,3
DOI:10.1097/00001888-200603000-00002,DOI:10.1001/jama.2020.1227,3
DOI:10.1007/s11554-021-01071-5,DOI:10.1007/s12652-020-02712-6,3
DOI:10.1007/s11554-021-01071-5,DOI:10.1108/intr-10-2018-0447,3
DOI:10.1007/s11554-021-01071-5,DOI:10.1108/lht-01-2019-0028,3
DOI:10.1007/s11554-021-01071-5,DOI:10.1109/access.2019.2936143,3
DOI:10.1007/s11554-021-01071-5,DOI:10.1109/jiot.2021.3053420,3
DOI:10.1007/s11554-021-01071-5,DOI:10.1111/j.1467-8535.2010.01054.x,3
DOI:10.1007/s11554-021-01071-5,DOI:10.15354/sief.20.ar043,3
DOI:10.1007/s11554-021-01071-5,DOI:10.3389/fpsyg.2020.01166,3
DOI:10.1007/s12652-020-02712-6,DOI:10.1108/intr-10-2018-0447,3
DOI:10.1007/s12652-020-02712-6,DOI:10.1108/lht-01-2019-0028,3
DOI:10.1007/s12652-020-02712-6,DOI:10.1109/access.2019.2936143,3
DOI:10.1007/s12652-020-02712-6,DOI:10.1109/jiot.2021.3053420,3
DOI:10.1007/s12652-020-02712-6,DOI:10.1111/j.1467-8535.2010.01054.x,3
DOI:10.1007/s12652-020-02712-6,DOI:10.15354/sief.20.ar043,3
DOI:10.1007/s12652-020-02712-6,DOI:10.3389/fpsyg.2020.01166,3
DOI:10.1016/j.chb.2013.10.020,DOI:10.1016/j.compedu.2012.10.001,3
DOI:10.1016/j.compedu.2012.10.001,DOI:10.1002/asi.22757,3
DOI:10.1016/j.compedu.2012.10.001,DOI:10.1007/s11135-011-9579-x,3
DOI:10.1016/j.compedu.2012.10.001,DOI:10.1016/j.chb.2009.02.006,3
DOI:10.1016/j.compedu.2012.10.001,DOI:10.1016/j.chb.2016.10.009,3
DOI:10.1016/j.compedu.2012.10.001,DOI:10.1016/j.compedu.2008.10.002,3
DOI:10.1016/j.compedu.2012.10.001,DOI:10.1016/j.giq.2007.06.002,3
DOI:10.1016/j.compedu.2012.10.001,DOI:10.1016/j.ijinfomgt.2012.03.001,3
DOI:10.1016/j.compedu.2012.10.001,DOI:10.1016/j.tele.2015.06.010,3
DOI:10.1016/j.compedu.2012.10.001,DOI:10.1108/02635570710822831,3
DOI:10.1016/j.compedu.2012.10.001,DOI:10.1108/el-11-2012-0148,3
DOI:10.1016/j.compedu.2012.10.001,DOI:10.1108/jeim-08-2013-0062,3
DOI:10.1016/j.compedu.2012.10.001,DOI:10.4258/hir.2015.21.1.43,3
DOI:10.1016/j.compedu.2012.10.001,DOI:10.4300/jgme-d-12-00156.1,3
DOI:10.1016/j.compedu.2012.10.001,"LEE KC, 2005, INT FED INFO PROC, V158, P135",3
DOI:10.1016/j.compedu.2012.10.001,"[ANONYMOUS], 2017, INT J SOFT COMPUT",3
DOI:10.1016/j.compedu.2012.10.001,DOI:10.1016/j.tele.2017.09.009,3
DOI:10.1108/intr-10-2018-0447,DOI:10.1108/lht-01-2019-0028,3
DOI:10.1108/intr-10-2018-0447,DOI:10.1109/access.2019.2936143,3
DOI:10.1108/intr-10-2018-0447,DOI:10.1109/jiot.2021.3053420,3
DOI:10.1108/intr-10-2018-0447,DOI:10.1111/j.1467-8535.2010.01054.x,3
DOI:10.1108/intr-10-2018-0447,DOI:10.15354/sief.20.ar043,3
DOI:10.1108/intr-10-2018-0447,DOI:10.3389/fpsyg.2020.01166,3
DOI:10.1108/lht-01-2019-0028,DOI:10.1109/access.2019.2936143,3
DOI:10.1108/lht-01-2019-0028,DOI:10.1109/jiot.2021.3053420,3
DOI:10.1108/lht-01-2019-0028,DOI:10.1111/j.1467-8535.2010.01054.x,3
DOI:10.1108/lht-01-2019-0028,DOI:10.15354/sief.20.ar043,3
DOI:10.1108/lht-01-2019-0028,DOI:10.3389/fpsyg.2020.01166,3
DOI:10.1109/access.2019.2936143,DOI:10.1109/jiot.2021.3053420,3
DOI:10.1109/access.2019.2936143,DOI:10.1111/j.1467-8535.2010.01054.x,3
DOI:10.1109/access.2019.2936143,DOI:10.15354/sief.20.ar043,3
DOI:10.1109/access.2019.2936143,DOI:10.3389/fpsyg.2020.01166,3
DOI:10.1109/jiot.2021.3053420,DOI:10.1111/j.1467-8535.2010.01054.x,3
DOI:10.1109/jiot.2021.3053420,DOI:10.15354/sief.20.ar043,3
DOI:10.1109/jiot.2021.3053420,DOI:10.3389/fpsyg.2020.01166,3
DOI:10.1111/j.1467-8535.2010.01054.x,DOI:10.15354/sief.20.ar043,3
DOI:10.1111/j.1467-8535.2010.01054.x,DOI:10.3389/fpsyg.2020.01166,3
DOI:10.15354/sief.20.ar043,DOI:10.3389/fpsyg.2020.01166,3
"[ANONYMOUS], 2020, POLICY BRIEF ED COVI",DOI:10.1108/ils-04-2020-0083,4
DOI:10.1108/el-11-2012-0148,DOI:10.1002/asi.22757,3
DOI:10.1108/el-11-2012-0148,DOI:10.1007/s11135-011-9579-x,3
DOI:10.1108/el-11-2012-0148,DOI:10.1016/j.chb.2009.02.006,3
DOI:10.1108/el-11-2012-0148,DOI:10.1016/j.chb.2016.10.009,3
DOI:10.1108/el-11-2012-0148,DOI:10.1016/j.compedu.2008.10.002,3
DOI:10.1108/el-11-2012-0148,DOI:10.1016/j.giq.2007.06.002,3
DOI:10.1108/el-11-2012-0148,DOI:10.1016/j.ijinfomgt.2012.03.001,3
DOI:10.1108/el-11-2012-0148,DOI:10.1016/j.tele.2015.06.010,3
DOI:10.1108/el-11-2012-0148,DOI:10.1108/02635570710822831,3
DOI:10.1108/el-11-2012-0148,DOI:10.1108/jeim-08-2013-0062,3
DOI:10.1108/el-11-2012-0148,DOI:10.4258/hir.2015.21.1.43,3
DOI:10.1108/el-11-2012-0148,DOI:10.4300/jgme-d-12-00156.1,3
DOI:10.1108/el-11-2012-0148,"LEE KC, 2005, INT FED INFO PROC, V158, P135",3
DOI:10.1108/el-11-2012-0148,"[ANONYMOUS], 2017, INT J SOFT COMPUT",3
DOI:10.3390/educsci10070180,"DUBE B, 2020, REMIE-MULTIDISCIP J, V10, P135, DOI [10.17583/REMIE.2020.5607, 10.4471/REMIE.2020.5607]",5
DOI:10.3390/educsci10070180,DOI:10.1007/s11159-021-09903-z,3
DOI:10.46827/ejoe.v6i2.3922,"DUBE B, 2020, REMIE-MULTIDISCIP J, V10, P135, DOI [10.17583/REMIE.2020.5607, 10.4471/REMIE.2020.5607]",3
"WINNE PH, 1998, EDUC PSYCHOL SER, P277",DOI:10.1016/b978-012109890-2/50031-7,3
DOI:10.3390/su13158365,DOI:10.3390/su13158339,3
DOI:10.1016/j.sbspro.2012.11.012,DOI:10.14742/ajet.3862,3
DOI:10.1016/j.sbspro.2012.11.012,DOI:10.1007/s10639-021-10557-5,3
"LU YF, 2019, J ELECTRON COMMER RE, V20, P105",DOI:10.1016/j.ijinfomgt.2020.102094,3
DOI:10.1007/s40670-020-01165-y,DOI:10.1001/archinte.166.10.1092,3
DOI:10.1007/s40670-020-01165-y,DOI:10.3390/ijerph18010349,3
DOI:10.1016/j.amsu.2020.09.036,DOI:10.1186/s12909-020-02257-4,3
DOI:10.1016/j.heliyon.2021.e08031,DOI:10.1016/j.jiph.2020.11.007,3
DOI:10.1080/10872981.2020.1826861,DOI:10.1111/eje.12589,3
DOI:10.1111/eje.12589,"BESCOS R, 2020, J DENT RES, V99, P1113, DOI [10.1177/0022034520914246, 10.1177/0022034520932149]",3
DOI:10.1111/eje.12589,DOI:10.1016/j.jds.2020.07.011,4
DOI:10.1111/eje.12589,DOI:10.1002/jdd.12404,3
DOI:10.1186/s12909-020-02257-4,DOI:10.1177/2382120520963039,3
DOI:10.1186/s12909-020-02257-4,"NEPAL SAMATA, 2020, J NEPAL HEALTH RES COUNC, V18, P551, DOI [10.33314/JNHRC.V18I3.2851, 10.33314/JNHRC.V18I3.2851]",3
DOI:10.1257/aer.p20161057,DOI:10.1016/j.econedurev.2015.02.007,3
DOI:10.1111/jopy.12420,DOI:10.14742/ajet.5919,3
DOI:10.1080/09286586.2020.1862243,DOI:10.1007/s11356-021-12454-3,3
DOI:10.1080/09286586.2020.1862243,DOI:10.1016/j.jclinepi.2015.01.015,3
DOI:10.1080/09286586.2020.1862243,DOI:10.1080/09286586.2021.1963786,3
DOI:10.1016/j.jds.2021.06.006,"DEERY CHRIS, 2020, EVID BASED DENT, V21, P46, DOI [10.1038/S41432-020-0089-3, 10.1038/S41432-020-0089-3]",3
DOI:10.1016/j.comppsych.2020.152191,DOI:10.1007/s00415-020-10056-6,3
DOI:10.1016/j.cedpsych.2004.11.001,"MCVAY M, 2000, DEVELOPING A WEB-BASED DISTANCE STUDENT ORIENTATION TO ENHANCE STUDENT SUCCESS IN AN ONLINE BACHELOR'S DEGREE COMPLETION PROGRAM",3
DOI:10.1001/archinte.166.10.1092,DOI:10.1080/02678370500297720,3
DOI:10.1016/j.chb.2019.08.018,DOI:10.1080/0307507032000122305,4
"CIFUENTES-FAURA J, 2021, J UNIV TEACH LEARN P, V18",DOI:10.1080/00131911.2021.1978399,3
"BENSON A., 2002, QUARTERLY REVIEW OF DISTANCE EDUCATION, V3, P443","CONRAD D., 2002, THE JOURNAL OF DISTANCE EDUCATION, V17, P1",3
DOI:10.1016/j.chiabu.2020.104699,DOI:10.1080/10409289.2020.1843925,3
DOI:10.1080/10409289.2020.1843925,DOI:10.1080/15391523.2021.1922104,4
DOI:10.1080/10409289.2020.1843925,DOI:10.25304/rlt.v29.2544,5
DOI:10.1080/10409289.2020.1843925,DOI:10.1080/00131911.2021.1974821,3
DOI:10.1080/10409289.2020.1843925,DOI:10.3389/fpsyg.2020.01713,3
DOI:10.1080/15391523.2021.1922104,DOI:10.25304/rlt.v29.2544,3
DOI:10.1016/j.giq.2007.06.002,DOI:10.1002/asi.22757,3
DOI:10.1016/j.giq.2007.06.002,DOI:10.1007/s11135-011-9579-x,3
DOI:10.1016/j.giq.2007.06.002,DOI:10.1016/j.chb.2009.02.006,3
DOI:10.1016/j.giq.2007.06.002,DOI:10.1016/j.chb.2016.10.009,3
DOI:10.1016/j.giq.2007.06.002,DOI:10.1016/j.compedu.2008.10.002,3
DOI:10.1016/j.giq.2007.06.002,DOI:10.1016/j.ijinfomgt.2012.03.001,3
DOI:10.1016/j.giq.2007.06.002,DOI:10.1016/j.tele.2015.06.010,3
DOI:10.1016/j.giq.2007.06.002,DOI:10.1108/02635570710822831,3
DOI:10.1016/j.giq.2007.06.002,DOI:10.1108/jeim-08-2013-0062,3
DOI:10.1016/j.giq.2007.06.002,DOI:10.4258/hir.2015.21.1.43,3
DOI:10.1016/j.giq.2007.06.002,DOI:10.4300/jgme-d-12-00156.1,3
DOI:10.1016/j.giq.2007.06.002,"LEE KC, 2005, INT FED INFO PROC, V158, P135",3
DOI:10.1016/j.giq.2007.06.002,"[ANONYMOUS], 2017, INT J SOFT COMPUT",3
DOI:10.1016/j.ijantimicag.2020.105924,DOI:10.1016/s0140-6736(20)30251-8,3
"BESCOS R, 2020, J DENT RES, V99, P1113, DOI [10.1177/0022034520914246, 10.1177/0022034520932149]",DOI:10.1016/j.jds.2020.07.011,3
DOI:10.1016/j.jds.2020.07.011,DOI:10.1080/08923649009526701],3
DOI:10.1016/j.jds.2020.07.011,DOI:10.1002/jdd.12404,3
DOI:10.1016/j.jad.2020.06.029,DOI:10.3389/fpsyt.2020.00751,3
DOI:10.24059/olj.v23i2.1460,"HOSTETTER C., 2013, J SCHOLARSHIP TEACHI, V13, P77",3
DOI:10.3390/su13158339,DOI:10.3390/su141912346,3
DOI:10.3390/su13158339,DOI:10.3390/su15031970,3
DOI:10.3390/su141912346,DOI:10.3390/su15031970,3
DOI:10.1016/j.chb.2019.01.034,DOI:10.1177/1477878509104318,3
DOI:10.1002/asi.22757,DOI:10.1007/s11135-011-9579-x,3
DOI:10.1002/asi.22757,DOI:10.1016/j.chb.2009.02.006,3
DOI:10.1002/asi.22757,DOI:10.1016/j.chb.2016.03.016,3
DOI:10.1002/asi.22757,DOI:10.1016/j.chb.2016.10.009,3
DOI:10.1002/asi.22757,DOI:10.1016/j.compedu.2008.10.002,3
DOI:10.1002/asi.22757,DOI:10.1016/j.ijinfomgt.2012.03.001,3
DOI:10.1002/asi.22757,DOI:10.1016/j.tele.2015.06.010,3
DOI:10.1002/asi.22757,DOI:10.1108/02635570710822831,3
DOI:10.1002/asi.22757,DOI:10.1108/jeim-08-2013-0062,3
DOI:10.1002/asi.22757,DOI:10.4258/hir.2015.21.1.43,3
DOI:10.1002/asi.22757,DOI:10.4300/jgme-d-12-00156.1,3
DOI:10.1002/asi.22757,"LEE KC, 2005, INT FED INFO PROC, V158, P135",3
DOI:10.1002/asi.22757,"[ANONYMOUS], 2017, INT J SOFT COMPUT",3
DOI:10.1007/s11135-011-9579-x,DOI:10.1016/j.chb.2009.02.006,3
DOI:10.1007/s11135-011-9579-x,DOI:10.1016/j.chb.2016.10.009,3
DOI:10.1007/s11135-011-9579-x,DOI:10.1016/j.compedu.2008.10.002,3
DOI:10.1007/s11135-011-9579-x,DOI:10.1016/j.ijinfomgt.2012.03.001,3
DOI:10.1007/s11135-011-9579-x,DOI:10.1016/j.tele.2015.06.010,3
DOI:10.1007/s11135-011-9579-x,DOI:10.1108/02635570710822831,3
DOI:10.1007/s11135-011-9579-x,DOI:10.1108/jeim-08-2013-0062,3
DOI:10.1007/s11135-011-9579-x,DOI:10.4258/hir.2015.21.1.43,3
DOI:10.1007/s11135-011-9579-x,DOI:10.4300/jgme-d-12-00156.1,3
DOI:10.1007/s11135-011-9579-x,"LEE KC, 2005, INT FED INFO PROC, V158, P135",3
DOI:10.1007/s11135-011-9579-x,"[ANONYMOUS], 2017, INT J SOFT COMPUT",3
DOI:10.1016/j.chb.2009.02.006,DOI:10.1016/j.chb.2016.10.009,3
DOI:10.1016/j.chb.2009.02.006,DOI:10.1016/j.compedu.2008.10.002,3
DOI:10.1016/j.chb.2009.02.006,DOI:10.1016/j.ijinfomgt.2012.03.001,3
DOI:10.1016/j.chb.2009.02.006,DOI:10.1016/j.tele.2015.06.010,3
DOI:10.1016/j.chb.2009.02.006,DOI:10.1108/02635570710822831,3
DOI:10.1016/j.chb.2009.02.006,DOI:10.1108/jeim-08-2013-0062,3
DOI:10.1016/j.chb.2009.02.006,DOI:10.4258/hir.2015.21.1.43,3
DOI:10.1016/j.chb.2009.02.006,DOI:10.4300/jgme-d-12-00156.1,3
DOI:10.1016/j.chb.2009.02.006,"LEE KC, 2005, INT FED INFO PROC, V158, P135",3
DOI:10.1016/j.chb.2009.02.006,"[ANONYMOUS], 2017, INT J SOFT COMPUT",3
DOI:10.1016/j.chb.2016.10.009,DOI:10.1016/j.compedu.2008.10.002,3
DOI:10.1016/j.chb.2016.10.009,DOI:10.1016/j.dss.2005.05.009,3
DOI:10.1016/j.chb.2016.10.009,DOI:10.1016/j.ijinfomgt.2012.03.001,3
DOI:10.1016/j.chb.2016.10.009,DOI:10.1016/j.tele.2015.06.010,3
DOI:10.1016/j.chb.2016.10.009,DOI:10.1108/02635570710822831,3
DOI:10.1016/j.chb.2016.10.009,DOI:10.1108/jeim-08-2013-0062,3
DOI:10.1016/j.chb.2016.10.009,DOI:10.4258/hir.2015.21.1.43,3
DOI:10.1016/j.chb.2016.10.009,DOI:10.4300/jgme-d-12-00156.1,3
DOI:10.1016/j.chb.2016.10.009,"LEE KC, 2005, INT FED INFO PROC, V158, P135",3
DOI:10.1016/j.chb.2016.10.009,"[ANONYMOUS], 2017, INT J SOFT COMPUT",3
DOI:10.1016/j.compedu.2008.10.002,DOI:10.1016/j.ijinfomgt.2012.03.001,3
DOI:10.1016/j.compedu.2008.10.002,DOI:10.1016/j.tele.2015.06.010,3
DOI:10.1016/j.compedu.2008.10.002,DOI:10.1108/02635570710822831,3
DOI:10.1016/j.compedu.2008.10.002,DOI:10.1108/jeim-08-2013-0062,3
DOI:10.1016/j.compedu.2008.10.002,DOI:10.4258/hir.2015.21.1.43,3
DOI:10.1016/j.compedu.2008.10.002,DOI:10.4300/jgme-d-12-00156.1,3
DOI:10.1016/j.compedu.2008.10.002,"LEE KC, 2005, INT FED INFO PROC, V158, P135",3
DOI:10.1016/j.compedu.2008.10.002,"[ANONYMOUS], 2017, INT J SOFT COMPUT",3
DOI:10.1016/j.dss.2005.05.009,DOI:10.1016/j.ijinfomgt.2012.03.001,3
DOI:10.1016/j.ijinfomgt.2012.03.001,DOI:10.1016/j.tele.2015.06.010,3
DOI:10.1016/j.ijinfomgt.2012.03.001,DOI:10.1108/02635570710822831,3
DOI:10.1016/j.ijinfomgt.2012.03.001,DOI:10.1108/jeim-08-2013-0062,3
DOI:10.1016/j.ijinfomgt.2012.03.001,DOI:10.4258/hir.2015.21.1.43,3
DOI:10.1016/j.ijinfomgt.2012.03.001,DOI:10.4300/jgme-d-12-00156.1,3
DOI:10.1016/j.ijinfomgt.2012.03.001,"LEE KC, 2005, INT FED INFO PROC, V158, P135",3
DOI:10.1016/j.ijinfomgt.2012.03.001,"[ANONYMOUS], 2017, INT J SOFT COMPUT",3
DOI:10.1016/j.tele.2015.06.010,DOI:10.1108/02635570710822831,3
DOI:10.1016/j.tele.2015.06.010,DOI:10.1108/jeim-08-2013-0062,3
DOI:10.1016/j.tele.2015.06.010,DOI:10.4258/hir.2015.21.1.43,3
DOI:10.1016/j.tele.2015.06.010,DOI:10.4300/jgme-d-12-00156.1,3
DOI:10.1016/j.tele.2015.06.010,"LEE KC, 2005, INT FED INFO PROC, V158, P135",3
DOI:10.1016/j.tele.2015.06.010,"[ANONYMOUS], 2017, INT J SOFT COMPUT",3
DOI:10.1108/02635570710822831,DOI:10.1108/jeim-08-2013-0062,3
DOI:10.1108/02635570710822831,DOI:10.4258/hir.2015.21.1.43,3
DOI:10.1108/02635570710822831,DOI:10.4300/jgme-d-12-00156.1,3
DOI:10.1108/02635570710822831,"LEE KC, 2005, INT FED INFO PROC, V158, P135",3
DOI:10.1108/02635570710822831,"[ANONYMOUS], 2017, INT J SOFT COMPUT",3
DOI:10.1108/jeim-08-2013-0062,DOI:10.4258/hir.2015.21.1.43,3
DOI:10.1108/jeim-08-2013-0062,DOI:10.4300/jgme-d-12-00156.1,3
DOI:10.1108/jeim-08-2013-0062,"LEE KC, 2005, INT FED INFO PROC, V158, P135",3
DOI:10.1108/jeim-08-2013-0062,"[ANONYMOUS], 2017, INT J SOFT COMPUT",3
DOI:10.4258/hir.2015.21.1.43,DOI:10.4300/jgme-d-12-00156.1,3
DOI:10.4258/hir.2015.21.1.43,"LEE KC, 2005, INT FED INFO PROC, V158, P135",3
DOI:10.4258/hir.2015.21.1.43,"[ANONYMOUS], 2017, INT J SOFT COMPUT",3
DOI:10.4300/jgme-d-12-00156.1,"LEE KC, 2005, INT FED INFO PROC, V158, P135",3
DOI:10.4300/jgme-d-12-00156.1,"[ANONYMOUS], 2017, INT J SOFT COMPUT",3
"LEE KC, 2005, INT FED INFO PROC, V158, P135","[ANONYMOUS], 2017, INT J SOFT COMPUT",3
DOI:10.2147/prbm.s276938,DOI:10.3390/ijerph16152735,3
DOI:10.3389/fpsyg.2020.01713,DOI:10.1016/j.childyouth.2019.01.019,3
DOI:10.1016/j.elerap.2010.11.005,DOI:10.2307/3150499,3
DOI:10.2307/3150499,DOI:10.1016/j.eswa.2010.03.015,3
DOI:10.1111/j.1470-3327.2005.00614.x,DOI:10.7189/jogh.04.010406,3
DOI:10.3389/fpsyg.2021.731721,DOI:10.3389/fpsyg.2022.894190,3
DOI:10.1007/s11528-019-00385-3,DOI:10.46827/ejse.v6i3.3357,3
DOI:10.1007/s11356-021-12454-3,DOI:10.1016/j.jclinepi.2015.01.015,3
DOI:10.1007/s11356-021-12454-3,DOI:10.1080/09286586.2021.1963786,3
DOI:10.1016/j.jclinepi.2015.01.015,DOI:10.1080/09286586.2021.1963786,3
DOI:10.1007/s10212-021-00546-0,DOI:10.1016/j.neuron.2013.07.007,3
