source,target,weight
DOI:10.1016/s0304-4076(98)00009-8,DOI:10.1111/j.1468-0084.2008.00542.x,5
DOI:10.1016/s0304-4076(98)00009-8,DOI:10.2307/2297968,12
DOI:10.1016/s0304-4076(98)00009-8,DOI:10.1016/0304-4076(94)01642-d,19
DOI:10.1016/s0304-4076(98)00009-8,DOI:10.1016/j.eneco.2016.03.003,5
DOI:10.1016/s0304-4076(98)00009-8,DOI:10.1016/j.eneco.2019.104563,6
DOI:10.1016/s0304-4076(98)00009-8,DOI:10.1016/j.enpol.2010.07.003,4
DOI:10.1016/s0304-4076(98)00009-8,DOI:10.1016/j.rser.2010.11.048,4
DOI:10.1016/s0304-4076(98)00009-8,DOI:10.2307/1912775,3
DOI:10.1016/s0304-4076(98)00009-8,DOI:10.1007/s11356-019-04567-7,4
DOI:10.1016/s0304-4076(98)00009-8,DOI:10.1016/j.renene.2023.119403,3
DOI:10.1016/s0304-4076(98)00009-8,DOI:10.1016/j.scitotenv.2019.04.353,3
DOI:10.1016/s0304-4076(98)00009-8,DOI:10.1177/1536867x0900900106,11
DOI:10.1016/s0304-4076(98)00009-8,DOI:10.1016/j.renene.2020.03.172,5
DOI:10.1016/s0304-4076(98)00009-8,DOI:10.1016/j.jeconom.2004.02.005,3
DOI:10.1016/s0304-4076(98)00009-8,DOI:10.2307/2118443,3
DOI:10.1016/s0304-4076(98)00009-8,DOI:10.2307/1913827,3
DOI:10.1016/s0304-4076(98)00009-8,DOI:10.1002/jae.951,9
DOI:10.1016/s0304-4076(98)00009-8,DOI:10.1016/j.eneco.2008.12.010,5
DOI:10.1016/s0304-4076(98)00009-8,DOI:10.1016/j.eneco.2019.104541,3
DOI:10.1016/s0304-4076(98)00009-8,DOI:10.1016/j.jeconom.2016.03.005,3
DOI:10.1016/s0304-4076(98)00009-8,DOI:10.1111/j.1468-0084.2007.00477.x,4
DOI:10.1016/s0304-4076(98)00009-8,DOI:10.1016/s0304-4076(01)00098-7,5
DOI:10.1016/s0304-4076(98)00009-8,DOI:10.1016/s0304-4076(03)00092-7,5
DOI:10.1016/s0304-4076(98)00009-8,DOI:10.1017/s1876404511200046,3
DOI:10.1016/s0304-4076(98)00009-8,"PESARAN MH, 2021, EMPIR ECON, V60, P13, DOI [10.17863/CAM.5113, 10.1007/S00181-020-01875-7]",7
DOI:10.1016/s0304-4076(98)00009-8,DOI:10.1016/j.energy.2014.05.081,4
DOI:10.1016/s0304-4076(98)00009-8,DOI:10.1016/j.enpol.2009.05.003,5
DOI:10.1016/s0304-4076(98)00009-8,DOI:10.1016/j.enpol.2019.06.012,3
DOI:10.1016/s0304-4076(98)00009-8,DOI:10.1016/j.renene.2021.02.075,4
DOI:10.1016/s0304-4076(98)00009-8,DOI:10.1016/j.renene.2021.07.030,5
DOI:10.1016/s0304-4076(98)00009-8,DOI:10.1016/j.resourpol.2022.103041,3
DOI:10.1016/s0304-4076(98)00009-8,DOI:10.1016/j.rser.2022.112620,3
DOI:10.1016/s0304-4076(98)00009-8,DOI:10.1016/j.strueco.2021.03.011,4
DOI:10.1016/s0304-4076(98)00009-8,DOI:10.1017/s0266466604203073,3
DOI:10.1016/s0304-4076(98)00009-8,DOI:10.1080/07474930500243019,3
DOI:10.1016/s0304-4076(98)00009-8,DOI:10.1016/j.eneco.2015.12.010,3
DOI:10.1016/s0304-4076(98)00009-8,DOI:10.1016/j.jeconom.2007.05.010,4
DOI:10.1016/s0304-4076(98)00009-8,DOI:10.1016/j.renene.2021.06.121,4
DOI:10.1016/s0304-4076(98)00009-8,DOI:10.1016/s0304-4076(98)00023-2,3
DOI:10.1016/s0304-4076(98)00009-8,DOI:10.1016/j.energy.2018.05.068,4
DOI:10.1016/s0304-4076(98)00009-8,DOI:10.1016/j.energy.2019.116583,3
DOI:10.1016/s0304-4076(98)00009-8,DOI:10.1017/s1355770x1000001x,4
DOI:10.1016/s0304-4076(98)00009-8,DOI:10.1007/s13132-022-00999-8,3
DOI:10.1016/s0304-4076(98)00009-8,DOI:10.1162/003465398557825,4
DOI:10.1016/s0304-4076(98)00009-8,DOI:10.1016/j.enpol.2009.12.048,4
DOI:10.1016/s0304-4076(98)00009-8,DOI:10.2307/1911408,4
DOI:10.1016/s0304-4076(98)00009-8,DOI:10.1016/j.energy.2022.124289,3
DOI:10.1016/s0304-4076(98)00009-8,DOI:10.1016/j.enpol.2010.11.034,4
DOI:10.1016/s0304-4076(98)00009-8,DOI:10.1038/scientificamerican0491-168,3
DOI:10.1016/s0304-4076(98)00009-8,DOI:10.1177/1536867x0700700301,3
DOI:10.1016/s0304-4076(98)00009-8,DOI:10.1257/jep.9.4.97,3
DOI:10.1111/j.1468-0084.2008.00542.x,DOI:10.2307/2297968,4
DOI:10.2307/2297968,DOI:10.1016/0304-4076(94)01642-d,8
DOI:10.2307/2297968,DOI:10.1016/j.eneco.2019.104563,3
DOI:10.2307/2297968,DOI:10.2307/1911408,5
DOI:10.2307/2297968,DOI:10.1177/1536867x0900900106,9
DOI:10.2307/2297968,DOI:10.1016/j.eneco.2023.106661,3
DOI:10.2307/2297968,DOI:10.1002/jae.951,3
DOI:10.2307/2297968,DOI:10.1016/j.jeconom.2007.05.010,3
DOI:10.2307/2297968,DOI:10.1016/j.renene.2021.06.121,3
DOI:10.2307/2297968,DOI:10.1016/j.rser.2022.112620,3
DOI:10.2307/2297968,DOI:10.1016/j.jeconom.2004.02.005,3
DOI:10.2307/2297968,DOI:10.1016/j.enpol.2009.05.003,4
DOI:10.2307/2297968,DOI:10.1016/j.renene.2022.08.097,3
DOI:10.1016/j.rser.2013.02.031,DOI:10.1016/j.rser.2016.03.020,3
DOI:10.1016/j.rser.2015.12.298,DOI:10.1016/j.rser.2016.03.020,3
DOI:10.1016/j.apenergy.2015.10.104,DOI:10.1016/j.eneco.2015.01.003,4
DOI:10.1016/j.apenergy.2015.10.104,DOI:10.1016/j.enpol.2009.05.003,4
DOI:10.1016/j.apenergy.2015.10.104,DOI:10.1016/j.envres.2020.109567,3
DOI:10.1016/j.apenergy.2015.10.104,"PESARAN MH, 2021, EMPIR ECON, V60, P13, DOI [10.17863/CAM.5113, 10.1007/S00181-020-01875-7]",6
DOI:10.1016/j.apenergy.2015.10.104,DOI:10.1002/jae.951,5
DOI:10.1016/j.apenergy.2015.10.104,DOI:10.1016/j.enpol.2019.110929,3
DOI:10.1016/j.apenergy.2015.10.104,DOI:10.1016/j.renene.2019.09.006,3
DOI:10.1016/j.apenergy.2015.10.104,DOI:10.1016/j.rser.2022.112620,3
DOI:10.1016/j.apenergy.2015.10.104,DOI:10.1016/j.strueco.2021.03.011,3
DOI:10.1016/j.apenergy.2015.10.104,DOI:10.2307/1884513,3
DOI:10.1016/j.apenergy.2015.10.104,DOI:10.1016/j.enpol.2009.09.002,4
DOI:10.1016/j.apenergy.2015.10.104,DOI:10.1016/j.jeconom.2007.05.010,3
DOI:10.1016/j.apenergy.2015.10.104,DOI:10.1016/j.renene.2019.06.170,3
DOI:10.1016/j.apenergy.2015.10.104,DOI:10.1016/j.eneco.2018.08.017,3
DOI:10.1016/j.apenergy.2015.10.104,DOI:10.1111/j.1468-0084.2007.00477.x,3
DOI:10.1016/j.egyr.2020.04.024,DOI:10.1016/j.enpol.2020.111479,3
DOI:10.1016/j.egyr.2020.04.024,DOI:10.1016/j.renene.2021.06.111,3
DOI:10.1016/j.enpol.2020.111479,DOI:10.1016/j.renene.2018.06.011,5
DOI:10.1016/j.enpol.2020.111479,DOI:10.1016/j.renene.2021.06.111,5
DOI:10.1016/j.enpol.2020.111479,DOI:10.3763/cpol.2009.0636,3
DOI:10.1016/j.enpol.2020.111479,DOI:10.1016/j.enpol.2019.111057,3
DOI:10.1016/j.enpol.2020.111479,DOI:10.1016/j.jclepro.2019.07.020,5
DOI:10.1016/j.enpol.2020.111479,DOI:10.1016/j.scitotenv.2019.01.323,3
DOI:10.1016/j.enpol.2020.111479,DOI:10.1016/j.energy.2020.117356,3
DOI:10.1016/j.enpol.2020.111479,DOI:10.1016/j.rser.2014.08.077,3
DOI:10.1016/j.enpol.2020.111479,DOI:10.1016/j.eneco.2017.01.019,3
DOI:10.1016/j.enpol.2021.112524,DOI:10.1002/ijfe.2049,3
DOI:10.1016/j.enpol.2021.112524,DOI:10.1007/s11356-021-12447-2,4
DOI:10.1016/j.enpol.2021.112524,DOI:10.1016/j.eneco.2016.08.012,4
DOI:10.1016/j.enpol.2021.112524,DOI:10.1016/j.eneco.2021.105287,3
DOI:10.1016/j.enpol.2021.112524,DOI:10.1016/j.enpol.2018.12.047,4
DOI:10.1016/j.enpol.2021.112524,DOI:10.1016/j.renene.2019.09.005,5
DOI:10.1016/j.enpol.2021.112524,DOI:10.1016/j.renene.2021.02.038,3
DOI:10.1016/j.enpol.2021.112524,DOI:10.1016/j.scitotenv.2019.01.323,3
DOI:10.1016/j.enpol.2021.112524,DOI:10.1017/s1355770x1000001x,3
DOI:10.1016/j.enpol.2021.112524,DOI:10.1080/1540496x.2017.1363036,3
DOI:10.1016/j.enpol.2021.112524,DOI:10.3390/su14031208,4
DOI:10.1016/j.renene.2018.06.011,DOI:10.1016/j.renene.2021.06.111,3
DOI:10.1016/j.renene.2018.06.011,DOI:10.1186/s13705-016-0075-y,3
DOI:10.1016/j.renene.2018.06.011,DOI:10.3763/cpol.2009.0636,4
DOI:10.1016/j.renene.2018.06.011,DOI:10.1016/j.jclepro.2019.07.020,7
DOI:10.1016/j.renene.2018.06.011,DOI:10.1016/j.renene.2003.12.003,3
DOI:10.1016/j.renene.2018.06.011,DOI:10.1016/j.rser.2007.11.006,4
DOI:10.1016/j.renene.2018.06.011,DOI:10.1016/j.rser.2014.08.077,4
DOI:10.1016/j.renene.2018.06.011,DOI:10.1016/s0960-1481(00)00186-5,4
DOI:10.1016/j.renene.2018.06.011,DOI:10.5121/ijdkp.2019.9301,3
DOI:10.1016/j.renene.2018.06.011,DOI:10.1016/j.seta.2021.101549,3
DOI:10.1016/j.renene.2021.06.111,DOI:10.3763/cpol.2009.0636,3
DOI:10.1186/s13705-016-0075-y,DOI:10.3763/cpol.2009.0636,3
DOI:10.3763/cpol.2009.0636,DOI:10.1016/j.jclepro.2019.07.020,3
DOI:10.3763/cpol.2009.0636,DOI:10.5121/ijdkp.2019.9301,3
DOI:10.1002/jae.616,DOI:10.1016/j.enpol.2010.07.003,3
DOI:10.1002/jae.616,DOI:10.1016/j.enpol.2014.02.036,3
DOI:10.1002/jae.616,DOI:10.1016/s0304-4076(03)00092-7,3
DOI:10.1002/jae.616,DOI:10.1038/s41377-021-00658-8,10
DOI:10.1002/jae.616,DOI:10.1093/biomet/75.2.335,9
DOI:10.1002/jae.616,DOI:10.2139/ssrn.572504,3
DOI:10.1002/jae.616,DOI:10.1016/j.enpol.2009.05.003,3
DOI:10.1002/jae.616,DOI:10.1016/j.enpol.2009.09.002,5
DOI:10.1002/jae.616,DOI:10.1016/j.renene.2023.01.018,3
DOI:10.1002/jae.616,DOI:10.1111/j.1468-0084.1990.mp52002003.x,6
DOI:10.1002/jae.616,DOI:10.2307/1912517,3
DOI:10.1002/jae.616,DOI:10.1007/978-1-4899-8008-3_9,5
DOI:10.1002/jae.616,DOI:10.1016/j.eneco.2015.01.003,3
DOI:10.1002/jae.616,DOI:10.2307/2670182,5
DOI:10.1002/jae.616,DOI:10.1002/jae.951,5
DOI:10.1002/jae.616,DOI:10.1016/0304-4076(94)01644-f,4
DOI:10.1002/jae.616,DOI:10.1016/j.econmod.2018.11.001,3
DOI:10.1002/jae.616,DOI:10.1016/j.eneco.2019.104563,3
DOI:10.1002/jae.616,DOI:10.1016/j.renene.2019.06.054,3
DOI:10.1002/jae.616,DOI:10.1016/j.strueco.2021.03.011,4
DOI:10.1002/jae.616,DOI:10.1080/00036846.2017.1366643,3
DOI:10.1002/jae.616,DOI:10.1007/s11356-021-12447-2,5
DOI:10.1002/jae.616,DOI:10.1016/j.eneco.2008.12.010,7
DOI:10.1002/jae.616,DOI:10.1016/j.energy.2014.05.081,3
DOI:10.1002/jae.616,DOI:10.1016/j.energy.2020.117992,4
DOI:10.1002/jae.616,DOI:10.1016/j.energy.2021.121758,3
DOI:10.1002/jae.616,DOI:10.1016/j.jenvman.2020.111028,3
DOI:10.1002/jae.616,DOI:10.1016/j.renene.2019.06.170,3
DOI:10.1002/jae.616,DOI:10.1016/j.renene.2019.09.005,6
DOI:10.1002/jae.616,DOI:10.1016/j.renene.2020.03.172,3
DOI:10.1002/jae.616,DOI:10.1016/j.renene.2021.07.030,3
DOI:10.1002/jae.616,DOI:10.1016/j.renene.2022.01.061,3
DOI:10.1002/jae.616,DOI:10.1016/j.scitotenv.2019.01.323,5
DOI:10.1002/jae.616,DOI:10.1016/j.scitotenv.2020.142220,3
DOI:10.1002/jae.616,DOI:10.1007/s10668-021-01418-9,3
DOI:10.1002/jae.616,DOI:10.1007/s10668-021-01716-2,3
DOI:10.1002/jae.616,DOI:10.1007/s11356-018-3165-x,3
DOI:10.1002/jae.616,DOI:10.1007/s11356-021-13476-7,3
DOI:10.1002/jae.616,DOI:10.1016/j.ecolind.2014.11.026,3
DOI:10.1002/jae.616,DOI:10.1016/j.econmod.2012.04.022,3
DOI:10.1002/jae.616,DOI:10.1016/j.eneco.2016.11.001,3
DOI:10.1002/jae.616,DOI:10.1016/j.energy.2017.02.089,3
DOI:10.1002/jae.616,DOI:10.1016/j.energy.2020.119220,3
DOI:10.1002/jae.616,DOI:10.1016/j.gr.2021.09.012,3
DOI:10.1002/jae.616,DOI:10.1016/j.jenvman.2021.113513,3
DOI:10.1002/jae.616,DOI:10.1016/j.marpol.2021.104831,3
DOI:10.1002/jae.616,DOI:10.1016/j.resourpol.2021.102341,3
DOI:10.1002/jae.616,DOI:10.1016/j.rser.2015.10.080,5
DOI:10.1002/jae.616,DOI:10.2307/2118443,3
DOI:10.1002/jae.616,DOI:10.2307/2297545,8
DOI:10.1002/jae.616,DOI:10.3390/su11123295,3
DOI:10.1002/jae.616,DOI:10.2307/2297111,3
DOI:10.1002/jae.616,DOI:10.1007/s11356-020-08000-2,3
DOI:10.1002/jae.616,DOI:10.1016/j.energy.2019.01.011,3
DOI:10.1002/jae.616,DOI:10.1016/j.renene.2021.08.078,4
DOI:10.1002/jae.616,DOI:10.1080/07474939608800353,3
DOI:10.1002/jae.616,DOI:10.1007/s40974-020-00168-0,3
DOI:10.1002/jae.616,DOI:10.1016/0165-1889(88)90041-3,4
DOI:10.1002/jae.616,DOI:10.1016/j.eneco.2016.08.012,3
DOI:10.1002/jae.616,DOI:10.1016/j.enpol.2018.12.047,3
DOI:10.1002/jae.616,DOI:10.1016/j.enpol.2019.110929,3
DOI:10.1002/jae.616,DOI:10.1016/j.renene.2021.06.121,3
DOI:10.1002/jae.616,DOI:10.1016/j.rser.2021.111883,3
DOI:10.1002/jae.616,DOI:10.2307/1913236,6
DOI:10.1002/jae.616,"BROWN RL, 1975, J ROY STAT SOC B MET, V37, P149",3
DOI:10.1002/jae.616,DOI:10.1016/j.enpol.2017.10.050,5
DOI:10.1002/jae.616,DOI:10.2307/2951763,4
DOI:10.1002/jae.616,DOI:10.1016/j.resourpol.2019.101428,4
DOI:10.1002/jae.616,DOI:10.1016/j.eneco.2014.01.003,3
DOI:10.1002/jae.616,DOI:10.1016/j.esr.2019.01.006,3
DOI:10.1002/jae.616,DOI:10.1177/1536867x1801800409,3
DOI:10.1002/jae.616,DOI:10.1080/1540496x.2017.1363036,3
DOI:10.1007/s10640-010-9436-8,DOI:10.1016/j.enpol.2014.02.036,3
DOI:10.1016/0304-4076(94)01658-m,DOI:10.1016/s0304-4076(03)00092-7,3
DOI:10.1016/0304-4076(94)01658-m,DOI:10.2139/ssrn.572504,3
DOI:10.1016/0304-4076(94)01658-m,DOI:10.2307/2279372,6
DOI:10.1016/0304-4076(94)01658-m,DOI:10.1002/jae.951,4
DOI:10.1016/0304-4076(94)01658-m,DOI:10.2307/2297111,5
DOI:10.1016/0304-4076(94)01658-m,DOI:10.2307/2297545,4
DOI:10.1016/0304-4076(94)01658-m,DOI:10.1016/s0304-4076(98)00023-2,3
DOI:10.1016/0304-4076(94)01658-m,"PESARAN MH, 2021, EMPIR ECON, V60, P13, DOI [10.17863/CAM.5113, 10.1007/S00181-020-01875-7]",3
DOI:10.1016/0304-4076(94)01658-m,DOI:10.1111/j.1468-0084.2007.00477.x,3
DOI:10.1016/j.enpol.2004.12.018,DOI:10.1016/j.enpol.2009.03.062,5
DOI:10.1016/j.enpol.2004.12.018,DOI:10.1016/j.enpol.2009.10.067,6
DOI:10.1016/j.enpol.2004.12.018,DOI:10.1016/j.enpol.2010.07.003,3
DOI:10.1016/j.enpol.2004.12.018,DOI:10.1016/j.enpol.2011.01.034,5
DOI:10.1016/j.enpol.2004.12.018,DOI:10.1016/j.enpol.2014.02.036,4
DOI:10.1016/j.enpol.2004.12.018,DOI:10.1016/j.renene.2012.01.007,3
DOI:10.1016/j.enpol.2004.12.018,DOI:10.1016/s0304-4076(03)00092-7,3
DOI:10.1016/j.enpol.2004.12.018,DOI:10.1016/j.enpol.2003.12.018,4
DOI:10.1016/j.enpol.2004.12.018,DOI:10.1111/psj.12066,3
DOI:10.1016/j.enpol.2004.12.018,DOI:10.1007/s10640-009-9309-1,3
DOI:10.1016/j.enpol.2009.03.062,DOI:10.1016/j.enpol.2009.10.067,5
DOI:10.1016/j.enpol.2009.03.062,DOI:10.1016/j.enpol.2010.07.003,5
DOI:10.1016/j.enpol.2009.03.062,DOI:10.1016/j.enpol.2011.01.034,8
DOI:10.1016/j.enpol.2009.03.062,DOI:10.1016/j.enpol.2011.06.055,3
DOI:10.1016/j.enpol.2009.03.062,DOI:10.1016/j.enpol.2013.07.072,4
DOI:10.1016/j.enpol.2009.03.062,DOI:10.1016/j.enpol.2014.02.036,7
DOI:10.1016/j.enpol.2009.03.062,DOI:10.1016/j.renene.2012.01.007,3
DOI:10.1016/j.enpol.2009.03.062,DOI:10.1016/j.eneco.2010.08.007,3
DOI:10.1016/j.enpol.2009.03.062,DOI:10.1016/j.enpol.2009.04.032,3
DOI:10.1016/j.enpol.2009.03.062,DOI:10.1016/j.envsci.2006.07.005,3
DOI:10.1016/j.enpol.2009.03.062,DOI:10.1111/psj.12066,3
DOI:10.1016/j.enpol.2009.10.067,DOI:10.1016/j.enpol.2011.01.034,5
DOI:10.1016/j.enpol.2009.10.067,DOI:10.1111/j.1541-0072.2012.00471.x,3
DOI:10.1016/j.enpol.2010.06.062,DOI:10.1016/j.enpol.2013.07.072,3
DOI:10.1016/j.enpol.2010.07.003,DOI:10.1016/j.enpol.2013.07.072,3
DOI:10.1016/j.enpol.2010.07.003,DOI:10.1016/j.enpol.2014.02.036,8
DOI:10.1016/j.enpol.2010.07.003,DOI:10.1016/j.renene.2012.01.007,4
DOI:10.1016/j.enpol.2010.07.003,DOI:10.1016/s0304-4076(03)00092-7,3
DOI:10.1016/j.enpol.2010.07.003,DOI:10.1016/0304-4076(94)01642-d,3
DOI:10.1016/j.enpol.2010.07.003,DOI:10.1016/j.eneco.2010.08.007,4
DOI:10.1016/j.enpol.2010.07.003,DOI:10.1016/j.eneco.2016.03.003,4
DOI:10.1016/j.enpol.2010.07.003,DOI:10.1016/j.eneco.2019.104563,4
DOI:10.1016/j.enpol.2010.07.003,DOI:10.1016/j.enpol.2015.01.026,3
DOI:10.1016/j.enpol.2010.07.003,DOI:10.1016/j.rser.2010.11.048,3
DOI:10.1016/j.enpol.2010.07.003,DOI:10.1016/j.rser.2016.12.032,3
DOI:10.1016/j.enpol.2010.07.003,DOI:10.1016/j.rser.2018.04.075,3
DOI:10.1016/j.enpol.2010.07.003,DOI:10.1007/s10640-009-9309-1,3
DOI:10.1016/j.enpol.2010.07.003,DOI:10.1016/j.enpol.2009.09.002,3
DOI:10.1016/j.enpol.2010.07.003,DOI:10.1016/s0169-7218(10)02005-8,3
DOI:10.1016/j.enpol.2010.07.003,DOI:10.1002/jae.951,3
DOI:10.1016/j.enpol.2010.07.003,DOI:10.1016/j.eneco.2008.12.010,3
DOI:10.1016/j.enpol.2010.07.003,DOI:10.1016/j.enpol.2009.08.049,3
DOI:10.1016/j.enpol.2010.07.003,DOI:10.1016/0304-4076(94)01644-f,3
DOI:10.1016/j.enpol.2011.01.034,DOI:10.1016/j.enpol.2011.06.055,3
DOI:10.1016/j.enpol.2011.01.034,DOI:10.1016/j.enpol.2011.12.014,3
DOI:10.1016/j.enpol.2011.01.034,DOI:10.1016/j.enpol.2013.07.072,3
DOI:10.1016/j.enpol.2011.01.034,DOI:10.1016/j.enpol.2014.02.036,4
DOI:10.1016/j.enpol.2011.01.034,DOI:10.1016/j.renene.2012.01.007,4
DOI:10.1016/j.enpol.2011.01.034,DOI:10.1111/psj.12066,3
DOI:10.1016/j.enpol.2011.01.034,DOI:10.1016/j.enpol.2013.07.063,4
DOI:10.1016/j.enpol.2011.06.055,DOI:10.1016/j.enpol.2013.07.072,3
DOI:10.1016/j.enpol.2011.06.055,DOI:10.1016/j.enpol.2014.02.036,3
DOI:10.1016/j.enpol.2011.12.014,DOI:10.1016/j.enpol.2013.07.072,3
DOI:10.1016/j.enpol.2011.12.014,DOI:10.1016/j.renene.2012.01.007,3
DOI:10.1016/j.enpol.2011.12.014,DOI:10.1007/s10640-009-9309-1,3
DOI:10.1016/j.enpol.2013.07.072,DOI:10.1016/j.enpol.2014.02.036,5
DOI:10.1016/j.enpol.2013.07.072,DOI:10.1016/j.renene.2012.01.007,5
DOI:10.1016/j.enpol.2013.07.072,DOI:10.1016/j.eneco.2010.08.007,4
DOI:10.1016/j.enpol.2013.07.072,DOI:10.1016/j.enpol.2015.01.026,5
DOI:10.1016/j.enpol.2013.07.072,DOI:10.1007/s10640-009-9309-1,4
DOI:10.1016/j.enpol.2013.07.072,DOI:10.1016/j.enpol.2004.08.029,3
DOI:10.1016/j.enpol.2014.02.036,DOI:10.1016/j.renene.2012.01.007,7
DOI:10.1016/j.enpol.2014.02.036,DOI:10.1016/s0304-4076(03)00092-7,3
DOI:10.1016/j.enpol.2014.02.036,DOI:10.1016/j.eneco.2010.08.007,6
DOI:10.1016/j.enpol.2014.02.036,DOI:10.1016/j.eneco.2013.07.005,5
DOI:10.1016/j.enpol.2014.02.036,DOI:10.1016/j.eneco.2016.03.003,4
DOI:10.1016/j.enpol.2014.02.036,DOI:10.1016/j.eneco.2019.104563,3
DOI:10.1016/j.enpol.2014.02.036,DOI:10.1016/j.enpol.2010.03.029,3
DOI:10.1016/j.enpol.2014.02.036,DOI:10.1016/j.enpol.2015.01.026,4
DOI:10.1016/j.enpol.2014.02.036,DOI:10.1016/j.esd.2013.03.002,3
DOI:10.1016/j.enpol.2014.02.036,DOI:10.1016/j.rser.2010.11.048,4
DOI:10.1016/j.enpol.2014.02.036,DOI:10.1007/s10640-009-9309-1,4
DOI:10.1016/j.enpol.2014.02.036,DOI:10.1016/j.renene.2021.06.121,3
DOI:10.1016/j.enpol.2014.02.036,DOI:10.1016/j.eneco.2016.08.012,3
DOI:10.1016/j.enpol.2014.02.036,DOI:10.1016/j.enpol.2009.08.049,3
DOI:10.1016/j.enpol.2014.02.036,DOI:10.1016/j.eneco.2008.12.010,3
DOI:10.1016/j.renene.2012.01.007,DOI:10.1016/s0304-4076(03)00092-7,3
DOI:10.1016/j.renene.2012.01.007,DOI:10.2139/ssrn.572504,3
DOI:10.1016/j.renene.2012.01.007,DOI:10.1016/0304-4076(94)01642-d,3
DOI:10.1016/j.renene.2012.01.007,DOI:10.1016/j.eneco.2010.08.007,3
DOI:10.1016/j.renene.2012.01.007,DOI:10.1016/j.eneco.2016.03.003,3
DOI:10.1016/j.renene.2012.01.007,DOI:10.1016/j.eneco.2019.104563,3
DOI:10.1016/j.renene.2012.01.007,DOI:10.1016/j.enpol.2015.01.026,5
DOI:10.1016/j.renene.2012.01.007,DOI:10.1016/j.esd.2015.12.006,3
DOI:10.1016/j.renene.2012.01.007,DOI:10.1016/j.renene.2018.12.037,3
DOI:10.1016/j.renene.2012.01.007,DOI:10.1016/j.rser.2010.11.048,3
DOI:10.1016/j.renene.2012.01.007,DOI:10.1016/j.rser.2016.12.032,3
DOI:10.1016/j.renene.2012.01.007,DOI:10.1007/s10640-009-9309-1,3
DOI:10.1016/j.renene.2012.01.007,DOI:10.1016/j.enpol.2013.07.063,3
DOI:10.1016/j.renene.2012.01.007,DOI:10.1016/j.rser.2016.04.069,3
DOI:10.1016/s0304-4076(03)00092-7,DOI:10.1038/s41377-021-00658-8,3
DOI:10.1016/s0304-4076(03)00092-7,DOI:10.1093/biomet/75.2.335,3
DOI:10.1016/s0304-4076(03)00092-7,DOI:10.2139/ssrn.572504,5
DOI:10.1016/s0304-4076(03)00092-7,DOI:10.2307/2279372,3
DOI:10.1016/s0304-4076(03)00092-7,DOI:10.1016/j.eist.2021.06.002,3
DOI:10.1016/s0304-4076(03)00092-7,DOI:10.1016/j.jeconom.2019.04.009,3
DOI:10.1016/s0304-4076(03)00092-7,DOI:10.1016/j.rser.2022.112620,3
DOI:10.1016/s0304-4076(03)00092-7,DOI:10.1016/j.eneco.2016.08.012,5
DOI:10.1016/s0304-4076(03)00092-7,DOI:10.1016/j.enpol.2009.12.048,4
DOI:10.1016/s0304-4076(03)00092-7,DOI:10.1016/j.renene.2019.09.005,6
DOI:10.1016/s0304-4076(03)00092-7,DOI:10.1016/j.renene.2021.06.121,3
DOI:10.1016/s0304-4076(03)00092-7,DOI:10.1016/j.rser.2016.02.006,4
DOI:10.1016/s0304-4076(03)00092-7,DOI:10.1017/s0266466604203073,10
DOI:10.1016/s0304-4076(03)00092-7,DOI:10.1080/07474938.2014.956623,3
DOI:10.1016/s0304-4076(03)00092-7,DOI:10.1111/1468-0084.61.s1.14,6
DOI:10.1016/s0304-4076(03)00092-7,DOI:10.2307/2670182,6
DOI:10.1016/s0304-4076(03)00092-7,"PEDRONI P, 2000, ADV ECONOMETRICS, V15, P93",3
DOI:10.1016/s0304-4076(03)00092-7,DOI:10.1016/j.jeconom.2007.05.010,5
DOI:10.1016/s0304-4076(03)00092-7,DOI:10.1016/j.renene.2020.03.172,3
DOI:10.1016/s0304-4076(03)00092-7,"PESARAN MH, 2021, EMPIR ECON, V60, P13, DOI [10.17863/CAM.5113, 10.1007/S00181-020-01875-7]",9
DOI:10.1016/s0304-4076(03)00092-7,"BREITUNG J, 2000, ADV ECONOMETRICS, V15, P161",5
DOI:10.1016/s0304-4076(03)00092-7,DOI:10.1007/s11356-020-09497-3,4
DOI:10.1016/s0304-4076(03)00092-7,DOI:10.1016/j.enpol.2018.12.047,4
DOI:10.1016/s0304-4076(03)00092-7,DOI:10.1016/j.renene.2019.06.054,3
DOI:10.1016/s0304-4076(03)00092-7,DOI:10.1016/s0304-4076(01)00098-7,13
DOI:10.1016/s0304-4076(03)00092-7,DOI:10.1111/1468-0084.0610s1631,5
DOI:10.1016/s0304-4076(03)00092-7,DOI:10.2307/2297111,3
DOI:10.1016/s0304-4076(03)00092-7,DOI:10.1017/s1355770x1000001x,4
DOI:10.1016/s0304-4076(03)00092-7,DOI:10.2307/1913827,3
DOI:10.1016/s0304-4076(03)00092-7,DOI:10.1002/jae.951,8
DOI:10.1016/s0304-4076(03)00092-7,DOI:10.1016/0304-4076(94)01642-d,5
DOI:10.1016/s0304-4076(03)00092-7,DOI:10.1016/j.eneco.2016.02.008,3
DOI:10.1016/s0304-4076(03)00092-7,DOI:10.1111/j.1468-0084.2007.00477.x,9
DOI:10.1016/s0304-4076(03)00092-7,DOI:10.1162/003465301753237803,4
DOI:10.1016/s0304-4076(03)00092-7,DOI:10.2307/1913643,3
DOI:10.1016/s0304-4076(03)00092-7,DOI:10.1016/j.eneco.2020.105060,3
DOI:10.1016/s0304-4076(03)00092-7,DOI:10.1016/j.jeconom.2015.03.007,3
DOI:10.1016/s0304-4076(03)00092-7,DOI:10.1016/s0304-4076(98)00023-2,8
DOI:10.1016/s0304-4076(03)00092-7,DOI:10.2307/1884513,3
DOI:10.1016/s0304-4076(03)00092-7,DOI:10.2307/2297545,3
DOI:10.1016/s0304-4076(03)00092-7,DOI:10.2307/2951763,3
DOI:10.1016/s0304-4076(03)00092-7,DOI:10.1016/j.scitotenv.2020.141853,4
DOI:10.1016/s0304-4076(03)00092-7,DOI:10.1016/0304-4076(94)01644-f,4
DOI:10.1016/s0304-4076(03)00092-7,DOI:10.1016/j.energy.2014.05.081,4
DOI:10.1016/s0304-4076(03)00092-7,DOI:10.1016/j.enpol.2009.05.003,4
DOI:10.1016/s0304-4076(03)00092-7,DOI:10.1016/j.enpol.2009.08.049,3
DOI:10.1016/s0304-4076(03)00092-7,DOI:10.1080/07474930500243019,4
DOI:10.1016/s0304-4076(03)00092-7,DOI:10.1016/j.renene.2019.09.007,3
DOI:10.1016/s0304-4076(03)00092-7,DOI:10.1016/s0261-5606(00)00048-6,3
DOI:10.1016/s0304-4076(03)00092-7,DOI:10.1016/j.jenvman.2020.111028,3
DOI:10.1038/s41377-021-00658-8,DOI:10.1093/biomet/75.2.335,14
DOI:10.1038/s41377-021-00658-8,DOI:10.1016/0165-1889(88)90041-3,4
DOI:10.1038/s41377-021-00658-8,DOI:10.2307/2297545,6
DOI:10.1038/s41377-021-00658-8,DOI:10.2307/2951679,3
DOI:10.1038/s41377-021-00658-8,DOI:10.2307/2951763,5
DOI:10.1038/s41377-021-00658-8,DOI:10.1017/s0266466604203073,3
DOI:10.1038/s41377-021-00658-8,DOI:10.1111/j.1468-0084.1990.mp52002003.x,3
DOI:10.1038/s41377-021-00658-8,DOI:10.2307/1913236,5
DOI:10.1038/s41377-021-00658-8,DOI:10.1007/s11356-020-09497-3,3
DOI:10.1038/s41377-021-00658-8,DOI:10.1016/j.eneco.2008.12.010,3
DOI:10.1038/s41377-021-00658-8,DOI:10.1016/j.enpol.2017.10.050,3
DOI:10.1038/s41377-021-00658-8,DOI:10.1177/1536867x1801800409,3
DOI:10.1093/biomet/75.2.335,DOI:10.1016/0165-1889(88)90041-3,4
DOI:10.1093/biomet/75.2.335,DOI:10.2307/2297545,4
DOI:10.1093/biomet/75.2.335,DOI:10.2307/2951679,3
DOI:10.1093/biomet/75.2.335,DOI:10.2307/2951763,4
DOI:10.1093/biomet/75.2.335,DOI:10.2307/1913236,4
DOI:10.1093/biomet/75.2.335,DOI:10.1016/j.enpol.2017.10.050,3
DOI:10.1093/biomet/75.2.335,DOI:10.1177/1536867x1801800409,3
DOI:10.1177/1536867x0600600403,DOI:10.1002/jae.951,4
DOI:10.1177/1536867x0600600403,DOI:10.1016/j.jeconom.2007.05.010,4
DOI:10.1177/1536867x0600600403,DOI:10.1016/j.ref.2022.11.007,3
DOI:10.1177/1536867x0600600403,DOI:10.1016/j.renene.2021.06.121,3
DOI:10.1177/1536867x0600600403,DOI:10.1016/j.renene.2020.03.172,3
DOI:10.1177/1536867x0600600403,DOI:10.1016/j.renene.2022.04.150,3
DOI:10.1177/1536867x0600600403,DOI:10.1016/j.resourpol.2022.103041,3
DOI:10.1177/1536867x0600600403,DOI:10.1111/j.1368-423x.2007.00227.x,3
DOI:10.1177/1536867x0600600403,DOI:10.1111/j.1468-0084.2007.00477.x,3
DOI:10.1177/1536867x0600600403,DOI:10.2307/2297111,3
DOI:10.2139/ssrn.572504,DOI:10.2307/2279372,3
DOI:10.2139/ssrn.572504,DOI:10.1002/jae.951,9
DOI:10.2139/ssrn.572504,DOI:10.1016/0304-4076(94)01644-f,4
DOI:10.2139/ssrn.572504,DOI:10.1016/j.jeconom.2007.05.010,5
DOI:10.2139/ssrn.572504,DOI:10.1017/s0266466604203073,3
DOI:10.2139/ssrn.572504,DOI:10.1111/j.1468-0262.2006.00692.x,3
DOI:10.2139/ssrn.572504,DOI:10.2307/2297545,3
DOI:10.2139/ssrn.572504,DOI:10.1111/j.1468-0084.2007.00477.x,7
DOI:10.2139/ssrn.572504,DOI:10.2307/2297111,4
DOI:10.2139/ssrn.572504,DOI:10.1016/j.econmod.2012.02.014,5
DOI:10.2139/ssrn.572504,DOI:10.1016/j.energy.2014.05.081,3
DOI:10.2139/ssrn.572504,DOI:10.1016/j.renene.2018.10.052,3
DOI:10.2139/ssrn.572504,DOI:10.1016/j.renene.2019.11.106,4
DOI:10.2139/ssrn.572504,DOI:10.1111/1468-0084.61.s1.14,3
DOI:10.2139/ssrn.572504,DOI:10.1111/twec.12898,3
DOI:10.2139/ssrn.572504,DOI:10.1177/0958305x19857209,4
DOI:10.2139/ssrn.572504,DOI:10.1177/1391561418794691,4
DOI:10.2139/ssrn.572504,DOI:10.2307/1912791,4
DOI:10.2139/ssrn.572504,DOI:10.1016/j.jeconom.2019.04.009,3
DOI:10.2139/ssrn.572504,DOI:10.1016/j.jeconom.2008.10.012,3
DOI:10.2307/2279372,DOI:10.1016/s0304-4076(98)00023-2,3
DOI:10.2307/2279372,DOI:10.2307/2297111,4
DOI:10.2307/2279372,DOI:10.2307/2297545,3
DOI:10.2307/2279372,"PESARAN MH, 2021, EMPIR ECON, V60, P13, DOI [10.17863/CAM.5113, 10.1007/S00181-020-01875-7]",3
DOI:10.2307/2279372,DOI:10.1002/jae.951,3
DOI:10.2307/2279372,DOI:10.1111/j.1468-0084.2007.00477.x,3
DOI:10.1007/s10640-009-9309-1,DOI:10.1016/j.ecolecon.2012.04.005,3
DOI:10.1007/s10640-009-9309-1,DOI:10.1016/j.enpol.2015.01.037,3
DOI:10.1007/s10640-009-9309-1,DOI:10.1016/j.enpol.2017.06.043,5
DOI:10.1007/s10640-009-9309-1,DOI:10.1016/j.jclepro.2017.04.162,3
DOI:10.1007/s10640-009-9309-1,DOI:10.1016/j.jeem.2014.01.001,6
DOI:10.1007/s10640-009-9309-1,DOI:10.1016/j.respol.2011.10.002,3
DOI:10.1007/s10640-009-9309-1,DOI:10.1016/j.respol.2012.01.005,3
DOI:10.1007/s10640-009-9309-1,DOI:10.1016/j.respol.2016.03.005,4
DOI:10.1007/s10640-009-9309-1,DOI:10.1016/s0169-7218(10)02005-8,5
DOI:10.1007/s10640-009-9309-1,DOI:10.1016/s0921-8009(99)00112-3,4
DOI:10.1007/s10640-009-9309-1,DOI:10.1080/13662716.2013.833375,3
DOI:10.1007/s10640-009-9309-1,DOI:10.1080/15435075.2017.1381612,3
DOI:10.1007/s10640-009-9309-1,DOI:10.1111/joes.12149,3
DOI:10.1007/s10640-009-9309-1,DOI:10.1257/jep.9.4.97,3
DOI:10.1007/s10640-009-9309-1,DOI:10.1016/s0048-7333(02)00062-8,3
DOI:10.1007/s10640-009-9309-1,DOI:10.1016/j.eneco.2010.08.007,9
DOI:10.1007/s10640-009-9309-1,DOI:10.1016/j.eneco.2013.07.005,4
DOI:10.1007/s10640-009-9309-1,DOI:10.1016/j.jeem.2010.08.004,3
DOI:10.1007/s10640-009-9309-1,"AGHION P, 2016, J POLIT ECON, V124, P1",3
DOI:10.1007/s10640-009-9309-1,DOI:10.1016/j.enpol.2009.09.002,3
DOI:10.1007/s10640-009-9309-1,DOI:10.1016/j.respol.2018.03.012,4
DOI:10.1007/s10640-009-9309-1,"PESARAN MH, 2021, EMPIR ECON, V60, P13, DOI [10.17863/CAM.5113, 10.1007/S00181-020-01875-7]",4
DOI:10.1007/s10640-009-9309-1,DOI:10.1007/s10018-018-0228-7,3
DOI:10.1007/s10640-009-9309-1,DOI:10.1016/j.techsoc.2022.102044,3
DOI:10.1007/s10640-009-9309-1,DOI:10.1016/j.enpol.2013.07.063,4
DOI:10.1007/s10640-009-9309-1,DOI:10.1162/003465397557196,3
DOI:10.1007/s10640-009-9309-1,DOI:10.1016/j.enpol.2009.05.003,3
DOI:10.1007/s10640-009-9309-1,DOI:10.1016/j.enpol.2006.06.005,3
DOI:10.1007/s10640-009-9309-1,DOI:10.1016/j.techfore.2020.119921,3
DOI:10.1007/s10640-009-9309-1,DOI:10.1016/j.enpol.2003.12.018,3
DOI:10.1007/s10640-009-9309-1,DOI:10.1016/j.enpol.2015.01.026,3
DOI:10.1007/s10640-009-9309-1,DOI:10.1016/j.eneco.2017.09.001,3
DOI:10.1007/s10640-009-9309-1,DOI:10.1023/a:1015519401088,3
DOI:10.1007/s10640-009-9309-1,DOI:10.1257/000282802760015658,3
DOI:10.1007/s10640-009-9309-1,DOI:10.1016/j.gloenvcha.2015.10.001,3
DOI:10.1007/s10640-009-9309-1,DOI:10.1016/0048-7333(82)90016-6,3
DOI:10.1016/j.ecolecon.2012.04.005,DOI:10.1016/j.enpol.2015.01.037,3
DOI:10.1016/j.ecolecon.2012.04.005,DOI:10.1016/j.enpol.2017.06.043,3
DOI:10.1016/j.ecolecon.2012.04.005,DOI:10.1016/j.jclepro.2017.04.162,3
DOI:10.1016/j.ecolecon.2012.04.005,DOI:10.1016/j.respol.2016.03.005,3
DOI:10.1016/j.ecolecon.2012.04.005,DOI:10.1080/15435075.2017.1381612,3
DOI:10.1016/j.enpol.2004.03.016,DOI:10.1016/j.enpol.2007.05.015,3
DOI:10.1016/j.enpol.2015.01.037,DOI:10.1016/j.enpol.2017.06.043,3
DOI:10.1016/j.enpol.2015.01.037,DOI:10.1016/j.jclepro.2017.04.162,3
DOI:10.1016/j.enpol.2015.01.037,DOI:10.1016/j.respol.2016.03.005,3
DOI:10.1016/j.enpol.2015.01.037,DOI:10.1080/15435075.2017.1381612,3
DOI:10.1016/j.enpol.2017.06.043,DOI:10.1016/j.jclepro.2017.04.162,3
DOI:10.1016/j.enpol.2017.06.043,DOI:10.1016/j.jeem.2014.01.001,5
DOI:10.1016/j.enpol.2017.06.043,DOI:10.1016/j.respol.2012.01.005,3
DOI:10.1016/j.enpol.2017.06.043,DOI:10.1016/j.respol.2016.03.005,3
DOI:10.1016/j.enpol.2017.06.043,DOI:10.1016/s0169-7218(10)02005-8,3
DOI:10.1016/j.enpol.2017.06.043,DOI:10.1080/15435075.2017.1381612,3
DOI:10.1016/j.jclepro.2017.04.162,DOI:10.1016/j.respol.2016.03.005,3
DOI:10.1016/j.jclepro.2017.04.162,DOI:10.1080/15435075.2017.1381612,3
DOI:10.1016/j.jeem.2014.01.001,DOI:10.1016/j.respol.2016.03.005,3
DOI:10.1016/j.jeem.2014.01.001,DOI:10.1016/s0169-7218(10)02005-8,4
DOI:10.1016/j.jeem.2014.01.001,DOI:10.1111/joes.12149,3
DOI:10.1016/j.jeem.2014.01.001,DOI:10.1257/000282802760015658,3
DOI:10.1016/j.respol.2011.10.002,DOI:10.1080/13662716.2013.833375,3
DOI:10.1016/j.respol.2016.03.005,DOI:10.1016/s0169-7218(10)02005-8,3
DOI:10.1016/j.respol.2016.03.005,DOI:10.1080/15435075.2017.1381612,3
DOI:10.1016/j.respol.2016.03.005,DOI:10.1111/joes.12149,3
DOI:10.1016/s0169-7218(10)02005-8,DOI:10.1111/joes.12149,3
DOI:10.1016/s0169-7218(10)02005-8,"AGHION P, 2016, J POLIT ECON, V124, P1",3
DOI:10.1016/s0169-7218(10)02005-8,DOI:10.1016/j.respol.2012.02.004,3
DOI:10.1038/scientificamerican0491-168,DOI:10.1257/jep.9.4.97,4
DOI:10.1257/jep.9.4.97,DOI:10.1016/j.jeconom.2019.04.009,3
DOI:10.1257/jep.9.4.97,DOI:10.1002/jae.951,5
DOI:10.1257/jep.9.4.97,DOI:10.1016/0304-4076(94)01642-d,4
DOI:10.1257/jep.9.4.97,DOI:10.1111/j.1468-0084.2007.00477.x,3
DOI:10.1257/jep.9.4.97,DOI:10.1162/003465397557196,3
DOI:10.1257/jep.9.4.97,DOI:10.1177/1536867x0900900106,3
DOI:10.1257/jep.9.4.97,DOI:10.1016/j.renene.2022.06.125,3
DOI:10.1257/jep.9.4.97,DOI:10.1016/j.renene.2022.01.075,3
DOI:10.1007/s40974-022-00243-8,DOI:10.1007/s10098-024-03109-1,3
DOI:10.1007/s40974-022-00243-8,DOI:10.1111/1477-8947.12392,3
DOI:10.1016/j.envc.2021.100092],DOI:10.1186/s13705-020-00264-3,3
DOI:10.1016/j.envc.2021.100092],DOI:10.1007/s11356-019-04567-7,3
DOI:10.1016/j.envc.2021.100092],DOI:10.1016/j.energy.2018.05.068,3
DOI:10.1016/j.envc.2021.100092],DOI:10.1016/j.scitotenv.2020.142583,3
DOI:10.1016/j.envc.2021.100092],DOI:10.3390/en15010108,3
DOI:10.1016/j.worlddev.2018.04.008,DOI:10.1186/s13705-020-00264-3,3
DOI:10.1186/s13705-020-00264-3,DOI:10.1016/j.renene.2019.09.005,3
DOI:10.1186/s13705-020-00264-3,DOI:10.1016/j.renene.2021.06.121,3
DOI:10.1186/s13705-020-00264-3,DOI:10.1016/j.renene.2022.04.150,3
DOI:10.1002/gj.70056,DOI:10.1007/s10098-024-03109-1,3
DOI:10.1002/gj.70056,DOI:10.1111/1477-8947.12392,3
DOI:10.1002/gj.70056,DOI:10.1177/0958305x241228518,3
DOI:10.1002/sd.2825,DOI:10.1007/s10098-024-03109-1,3
DOI:10.1002/sd.2825,DOI:10.1007/s10668-024-05196-y,3
DOI:10.1002/sd.2825,DOI:10.1016/j.jclepro.2024.140832,3
DOI:10.1002/sd.2825,DOI:10.1111/1477-8947.12392,3
DOI:10.1002/sd.2825,DOI:10.1177/0958305x221130460,3
DOI:10.1007/s10098-024-03109-1,DOI:10.1007/s10668-024-05196-y,3
DOI:10.1007/s10098-024-03109-1,DOI:10.1016/j.jclepro.2024.140832,3
DOI:10.1007/s10098-024-03109-1,DOI:10.1111/1477-8947.12392,4
DOI:10.1007/s10098-024-03109-1,DOI:10.1177/0958305x221130460,3
DOI:10.1007/s10098-024-03109-1,DOI:10.1177/0958305x241228518,3
DOI:10.1007/s10668-024-05196-y,DOI:10.1016/j.jclepro.2024.140832,3
DOI:10.1007/s10668-024-05196-y,DOI:10.1111/1477-8947.12392,3
DOI:10.1007/s10668-024-05196-y,DOI:10.1177/0958305x221130460,3
DOI:10.1016/j.envres.2020.109567,DOI:10.1016/j.eneco.2014.01.003,3
DOI:10.1016/j.envres.2020.109567,DOI:10.1016/j.enpol.2009.05.003,3
DOI:10.1016/j.envres.2020.109567,DOI:10.1016/j.eneco.2015.01.003,3
DOI:10.1016/j.envres.2020.109567,DOI:10.1016/j.energy.2014.05.081,3
DOI:10.1016/j.envres.2020.109567,"PESARAN MH, 2021, EMPIR ECON, V60, P13, DOI [10.17863/CAM.5113, 10.1007/S00181-020-01875-7]",3
DOI:10.1016/j.envres.2020.109567,DOI:10.1007/978-1-4899-8008-3_9,3
DOI:10.1016/j.jclepro.2024.140832,DOI:10.1111/1477-8947.12392,3
DOI:10.1016/j.jclepro.2024.140832,DOI:10.1177/0958305x221130460,3
DOI:10.1016/j.jeconom.2019.04.009,DOI:10.2307/2118443,3
DOI:10.1016/j.jeconom.2019.04.009,DOI:10.1002/sd.2125,3
DOI:10.1016/j.jeconom.2019.04.009,DOI:10.1016/j.jenvman.2020.111146,4
DOI:10.1016/j.jeconom.2019.04.009,DOI:10.1016/j.rser.2022.112808,5
DOI:10.1016/j.jeconom.2019.04.009,DOI:10.1002/jae.951,18
DOI:10.1016/j.jeconom.2019.04.009,DOI:10.1016/j.jeconom.2007.05.010,15
DOI:10.1016/j.jeconom.2019.04.009,DOI:10.1016/j.resourpol.2021.102380,3
DOI:10.1016/j.jeconom.2019.04.009,DOI:10.1016/j.scitotenv.2020.138945,3
DOI:10.1016/j.jeconom.2019.04.009,DOI:10.1016/s0304-4076(98)00023-2,6
DOI:10.1016/j.jeconom.2019.04.009,DOI:10.1017/s0266466604203073,7
DOI:10.1016/j.jeconom.2019.04.009,DOI:10.1081/etc-200067895,3
DOI:10.1016/j.jeconom.2019.04.009,DOI:10.2307/2297111,5
DOI:10.1016/j.jeconom.2019.04.009,DOI:10.3390/su14084562,3
DOI:10.1016/j.jeconom.2019.04.009,"PESARAN MH, 2021, EMPIR ECON, V60, P13, DOI [10.17863/CAM.5113, 10.1007/S00181-020-01875-7]",10
DOI:10.1016/j.jeconom.2019.04.009,DOI:10.1007/s11356-019-04567-7,3
DOI:10.1016/j.jeconom.2019.04.009,DOI:10.1007/s11356-020-11475-8,3
DOI:10.1016/j.jeconom.2019.04.009,DOI:10.1016/j.econmod.2012.02.014,9
DOI:10.1016/j.jeconom.2019.04.009,DOI:10.1016/j.enpol.2016.10.005,3
DOI:10.1016/j.jeconom.2019.04.009,DOI:10.1016/j.renene.2021.12.022,3
DOI:10.1016/j.jeconom.2019.04.009,DOI:10.1016/j.scitotenv.2020.141853,3
DOI:10.1016/j.jeconom.2019.04.009,DOI:10.1016/j.techsoc.2021.101656,3
DOI:10.1016/j.jeconom.2019.04.009,DOI:10.1016/j.techsoc.2021.101746,4
DOI:10.1016/j.jeconom.2019.04.009,DOI:10.1111/j.1468-0084.2007.00477.x,15
DOI:10.1016/j.jeconom.2019.04.009,DOI:10.2307/1913643,6
DOI:10.1016/j.jeconom.2019.04.009,DOI:10.1111/j.1368-423x.2011.00349.x,7
DOI:10.1016/j.jeconom.2019.04.009,DOI:10.3390/en15010108,3
DOI:10.1016/j.jeconom.2019.04.009,DOI:10.1016/j.renene.2020.09.128,4
DOI:10.1016/j.jeconom.2019.04.009,DOI:10.1016/j.renene.2022.01.075,3
DOI:10.1016/j.jeconom.2019.04.009,DOI:10.1162/003465398557825,5
DOI:10.1016/j.jeconom.2019.04.009,DOI:10.2307/1913236,3
DOI:10.1016/j.jeconom.2019.04.009,DOI:10.1016/j.energy.2021.119935,3
DOI:10.1016/j.jeconom.2019.04.009,DOI:10.1016/j.jenvman.2023.118122,3
DOI:10.1016/j.jeconom.2019.04.009,DOI:10.1002/sd.2292,4
DOI:10.1016/j.jeconom.2019.04.009,DOI:10.1002/sd.2399,3
DOI:10.1016/j.jeconom.2019.04.009,DOI:10.1007/s11356-022-21489-z,3
DOI:10.1016/j.jeconom.2019.04.009,DOI:10.1016/j.egyr.2022.01.022,3
DOI:10.1016/j.jeconom.2019.04.009,DOI:10.1016/j.jclepro.2020.125529,3
DOI:10.1016/j.jeconom.2019.04.009,DOI:10.1016/j.renene.2020.10.143,3
DOI:10.1016/j.jeconom.2019.04.009,DOI:10.1016/j.renene.2022.01.073,6
DOI:10.1016/j.jeconom.2019.04.009,DOI:10.1016/j.resourpol.2021.102302,4
DOI:10.1016/j.jeconom.2019.04.009,DOI:10.1016/j.resourpol.2022.103034,3
DOI:10.1016/j.jeconom.2019.04.009,DOI:10.1007/s13132-022-00999-8,3
DOI:10.1016/j.jeconom.2019.04.009,DOI:10.1016/j.resourpol.2020.101817,3
DOI:10.1016/j.jeconom.2019.04.009,DOI:10.1007/s11356-021-14993-1,3
DOI:10.1016/j.jeconom.2019.04.009,DOI:10.1007/s11356-021-17708-8,3
DOI:10.1016/j.jeconom.2019.04.009,DOI:10.1016/j.jenvman.2021.113653,3
DOI:10.1016/j.jeconom.2019.04.009,DOI:10.1016/j.jenvman.2021.113980,4
DOI:10.1016/j.jeconom.2019.04.009,"KAO CW, 2000, ADV ECONOMETRICS, V15, P179",4
DOI:10.1016/j.jeconom.2019.04.009,DOI:10.1016/j.renene.2022.06.125,5
DOI:10.1016/j.jeconom.2019.04.009,DOI:10.1016/j.jmva.2004.05.006,3
DOI:10.1016/j.renene.2022.01.061,DOI:10.1016/j.eneco.2008.12.010,3
DOI:10.1016/j.renene.2022.01.061,DOI:10.1016/j.energy.2014.05.081,3
DOI:10.1016/j.renene.2022.01.061,DOI:10.1016/j.jclepro.2020.120287,3
DOI:10.1016/j.renene.2022.01.061,DOI:10.1016/j.renene.2021.07.030,3
DOI:10.1016/j.renene.2022.01.061,DOI:10.1016/j.renene.2022.03.034,3
DOI:10.1016/j.renene.2022.01.061,DOI:10.1016/j.rser.2010.11.048,3
DOI:10.1016/j.renene.2022.01.061,DOI:10.1016/j.energy.2020.117992,3
DOI:10.1016/j.renene.2022.01.061,DOI:10.1016/j.renene.2019.09.005,5
DOI:10.1016/j.renene.2022.01.061,DOI:10.1016/j.scitotenv.2019.01.323,3
DOI:10.1016/j.renene.2022.01.061,DOI:10.2307/2297545,4
DOI:10.1016/j.renene.2022.01.061,"SUN ZHONGYE, 2023, INT J ENVIRON RES PUBLIC HEALTH, V20, DOI [10.3390/IJERPH20043124, 10.3390/IJERPH20043124]",4
DOI:10.1016/j.renene.2022.01.061,DOI:10.1016/j.energy.2022.125799,3
DOI:10.1038/s41598-025-85182-0,DOI:10.2307/2297545,3
DOI:10.1038/s41598-025-85182-0,DOI:10.2307/2951679,3
DOI:10.1038/s41598-025-85182-0,DOI:10.2307/2951763,3
DOI:10.1111/1477-8947.12392,DOI:10.1177/0958305x221130460,3
DOI:10.1111/1477-8947.12392,DOI:10.1177/0958305x241228518,3
DOI:10.2307/2118443,"AGHION P, 2016, J POLIT ECON, V124, P1",3
DOI:10.2307/2118443,DOI:10.1007/s11356-019-04696-z,3
DOI:10.2307/2118443,DOI:10.1016/j.esr.2024.101615,3
DOI:10.2307/2118443,DOI:10.2307/2297545,4
DOI:10.2307/2118443,DOI:10.1002/jae.951,12
DOI:10.2307/2118443,DOI:10.1016/j.jeconom.2007.05.010,6
DOI:10.2307/2118443,DOI:10.1016/j.scitotenv.2020.138945,3
DOI:10.2307/2118443,DOI:10.1016/s0304-4076(98)00023-2,5
DOI:10.2307/2118443,DOI:10.1017/s0266466604203073,5
DOI:10.2307/2118443,"PESARAN MH, 2021, EMPIR ECON, V60, P13, DOI [10.17863/CAM.5113, 10.1007/S00181-020-01875-7]",6
DOI:10.2307/2118443,DOI:10.1016/0304-4076(94)01644-f,3
DOI:10.2307/2118443,DOI:10.1016/j.gr.2021.10.026,3
DOI:10.2307/2118443,DOI:10.1016/j.rser.2022.112620,3
DOI:10.2307/2118443,DOI:10.1016/j.scitotenv.2020.136504,3
DOI:10.2307/2118443,DOI:10.1111/1468-0084.0610s1631,3
DOI:10.2307/2118443,DOI:10.1111/j.1468-0262.2006.00692.x,4
DOI:10.2307/2118443,DOI:10.1016/j.scs.2021.103382,3
DOI:10.2307/2118443,DOI:10.1016/j.worlddev.2004.03.004,5
DOI:10.2307/2118443,DOI:10.1007/s10668-021-01418-9,3
DOI:10.2307/2118443,DOI:10.1007/s11356-021-13476-7,3
DOI:10.2307/2118443,DOI:10.1016/j.eneco.2018.03.028,4
DOI:10.2307/2118443,DOI:10.1016/j.energy.2017.02.089,3
DOI:10.2307/2118443,DOI:10.1016/j.energy.2021.121758,3
DOI:10.2307/2118443,DOI:10.1016/j.enpol.2020.112115,3
DOI:10.2307/2118443,DOI:10.1016/j.gr.2021.09.012,4
DOI:10.2307/2118443,DOI:10.1016/j.jclepro.2018.03.236,4
DOI:10.2307/2118443,DOI:10.1016/j.rser.2015.10.080,3
DOI:10.2307/2118443,DOI:10.1016/j.scitotenv.2018.06.320,3
DOI:10.2307/2118443,DOI:10.1016/j.enpol.2009.09.002,4
DOI:10.2307/2118443,DOI:10.1016/j.enpol.2014.11.019,3
DOI:10.2307/2118443,DOI:10.1016/j.jeconom.2015.03.007,3
DOI:10.2307/2118443,DOI:10.1111/j.1468-0084.2007.00477.x,7
DOI:10.2307/2118443,DOI:10.1016/j.econmod.2012.02.014,4
DOI:10.2307/2118443,DOI:10.1016/j.resourpol.2022.102569,3
DOI:10.2307/2118443,DOI:10.1086/261725,3
DOI:10.2307/2118443,DOI:10.1016/j.energy.2020.118162,3
DOI:10.3390/en15197093,DOI:10.1016/j.energy.2019.116583,3
DOI:10.1002/sd.2125,DOI:10.1016/j.jenvman.2020.111146,4
DOI:10.1002/sd.2125,DOI:10.1016/j.econmod.2012.02.014,4
DOI:10.1002/sd.2125,DOI:10.1007/s40974-020-00168-0,3
DOI:10.1002/sd.2125,DOI:10.1002/jae.951,4
DOI:10.1002/sd.2125,DOI:10.1016/j.jeconom.2007.05.010,3
DOI:10.1002/sd.2125,DOI:10.1016/j.spc.2020.11.008,3
DOI:10.1002/sd.2125,DOI:10.1111/j.1468-0084.2007.00477.x,4
DOI:10.1007/s10644-023-09553-1,DOI:10.1016/j.enpol.2022.113381,3
DOI:10.1007/s10644-023-09553-1,DOI:10.1016/j.igd.2023.100094,3
DOI:10.1016/j.enpol.2022.113381,DOI:10.1016/j.igd.2023.100094,3
DOI:10.1016/j.esr.2019.01.006,DOI:10.1016/j.rser.2020.110488,3
DOI:10.1016/j.esr.2019.01.006,DOI:10.1007/s11356-022-19718-6,3
DOI:10.1016/j.esr.2019.01.006,DOI:10.1038/s41560-020-0641-6,3
DOI:10.1016/j.esr.2019.01.006,DOI:10.1002/jae.951,6
DOI:10.1016/j.esr.2019.01.006,DOI:10.1016/j.jeconom.2007.05.010,3
DOI:10.1016/j.esr.2019.01.006,DOI:10.1016/j.renene.2021.06.121,3
DOI:10.1016/j.esr.2019.01.006,DOI:10.1016/j.renene.2022.07.042,3
DOI:10.1016/j.esr.2019.01.006,"WOOLDRIDGE JM, 2010, ECONOMETRIC ANALYSIS OF CROSS SECTION AND PANEL DATA, 2ND EDITION, P3",4
DOI:10.1016/j.esr.2019.01.006,DOI:10.1016/j.renene.2019.09.005,4
DOI:10.1016/j.esr.2019.01.006,DOI:10.1111/j.1468-0084.1990.mp52002003.x,3
DOI:10.1016/j.esr.2019.01.006,DOI:10.2307/1913236,3
DOI:10.1016/j.esr.2019.01.006,DOI:10.1016/j.scitotenv.2022.160175,3
DOI:10.1016/j.jenvman.2020.111146,DOI:10.1016/j.econmod.2012.02.014,3
DOI:10.1016/j.jenvman.2020.111146,DOI:10.1002/jae.951,4
DOI:10.1016/j.jenvman.2020.111146,DOI:10.1016/j.renene.2020.09.128,3
DOI:10.1016/j.jenvman.2020.111146,DOI:10.1017/s0266466604203073,3
DOI:10.1016/j.jenvman.2020.111146,DOI:10.1111/j.1468-0084.2007.00477.x,4
DOI:10.1016/j.renene.2023.02.027,DOI:10.1016/j.rser.2021.111735,3
DOI:10.1016/j.renene.2023.02.027,DOI:10.1016/j.rser.2022.112620,5
DOI:10.1016/j.renene.2023.02.027,DOI:10.1002/jae.951,5
DOI:10.1016/j.renene.2023.02.027,DOI:10.1016/j.jeconom.2007.05.010,3
DOI:10.1016/j.renene.2023.02.027,DOI:10.2307/2297545,3
DOI:10.1016/j.renene.2023.02.027,DOI:10.1016/j.eneco.2023.106661,3
DOI:10.1016/j.renene.2023.02.027,DOI:10.1016/j.enpol.2024.114025,3
DOI:10.1016/j.renene.2023.02.027,DOI:10.1016/j.techsoc.2022.102044,3
DOI:10.1016/j.renene.2023.02.027,DOI:10.1111/j.1468-0084.2007.00477.x,3
DOI:10.1016/j.rser.2021.111735,DOI:10.1002/jae.951,3
DOI:10.1016/j.rser.2021.111735,DOI:10.1016/j.energy.2019.116583,3
DOI:10.1016/j.rser.2022.112620,DOI:10.1016/j.rser.2023.114221,4
DOI:10.1016/j.rser.2022.112620,DOI:10.1016/j.techfore.2022.121960,4
DOI:10.1016/j.rser.2022.112620,DOI:10.1016/j.jeconom.2016.03.005,3
DOI:10.1016/j.rser.2022.112620,DOI:10.1016/j.renene.2021.02.038,3
DOI:10.1016/j.rser.2022.112620,DOI:10.1016/j.techfore.2022.121756,3
DOI:10.1016/j.rser.2022.112620,DOI:10.1177/1536867x19874243,3
DOI:10.1016/j.rser.2022.112620,DOI:10.1002/jae.951,5
DOI:10.1016/j.rser.2022.112620,DOI:10.1016/j.jenvman.2022.116504,3
DOI:10.1016/j.rser.2022.112620,DOI:10.1017/s0266466604203073,3
DOI:10.1016/j.rser.2022.112620,DOI:10.1016/j.enpol.2009.05.003,4
DOI:10.1016/j.rser.2022.112620,DOI:10.1016/j.renene.2020.03.172,3
DOI:10.1016/j.rser.2022.112620,"PESARAN MH, 2021, EMPIR ECON, V60, P13, DOI [10.17863/CAM.5113, 10.1007/S00181-020-01875-7]",5
DOI:10.1016/j.rser.2022.112620,DOI:10.1016/j.renene.2023.02.017,3
DOI:10.1016/j.rser.2022.112620,DOI:10.1162/003465398557825,3
DOI:10.1016/j.rser.2022.112620,DOI:10.1016/j.energy.2020.118162,3
DOI:10.1016/j.rser.2022.112620,DOI:10.1016/j.esr.2022.100939,3
DOI:10.1016/j.rser.2022.112620,DOI:10.1016/j.renene.2019.11.098,3
DOI:10.1016/j.rser.2022.112808,DOI:10.1002/jae.951,4
DOI:10.1016/j.rser.2022.112808,DOI:10.1016/j.econmod.2012.02.014,5
DOI:10.1016/j.rser.2022.112808,DOI:10.1016/j.jeconom.2007.05.010,4
DOI:10.1016/j.rser.2022.112808,DOI:10.1111/j.1468-0084.2007.00477.x,5
DOI:10.1016/j.rser.2023.114221,DOI:10.1016/j.techfore.2022.121960,3
DOI:10.1016/j.apenergy.2020.114611,DOI:10.1016/j.eneco.2019.104661,3
DOI:10.1016/j.eneco.2019.104563,DOI:10.1016/0304-4076(94)01642-d,6
DOI:10.1016/j.eneco.2019.104563,DOI:10.1016/j.eneco.2016.03.003,7
DOI:10.1016/j.eneco.2019.104563,DOI:10.1016/j.rser.2010.11.048,5
DOI:10.1016/j.eneco.2019.104563,DOI:10.1002/jae.951,3
DOI:10.1016/j.eneco.2019.104563,DOI:10.1016/j.eneco.2008.12.010,4
DOI:10.1016/j.eneco.2019.104563,DOI:10.1016/j.eneco.2019.104541,3
DOI:10.1016/j.eneco.2019.104563,DOI:10.1016/j.enpol.2009.08.049,3
DOI:10.1016/j.eneco.2019.104563,DOI:10.1016/j.jeconom.2016.03.005,3
DOI:10.1016/j.eneco.2019.104563,DOI:10.1016/j.eneco.2011.08.015,3
DOI:10.1016/j.eneco.2019.104563,DOI:10.1016/j.energy.2014.05.081,3
DOI:10.1016/j.eneco.2019.104563,DOI:10.1016/j.enpol.2009.05.003,4
DOI:10.1016/j.eneco.2019.104563,DOI:10.1016/j.renene.2020.03.172,6
DOI:10.1016/j.eneco.2019.104563,DOI:10.1016/j.renene.2021.02.075,3
DOI:10.1016/j.eneco.2019.104563,DOI:10.1016/j.renene.2021.07.030,5
DOI:10.1016/j.eneco.2019.104563,DOI:10.1016/j.renene.2022.03.034,3
DOI:10.1016/j.eneco.2019.104563,DOI:10.1016/j.rser.2017.03.067,3
DOI:10.1016/j.eneco.2019.104563,DOI:10.1016/j.strueco.2021.03.011,5
DOI:10.1016/j.eneco.2019.104563,DOI:10.1016/j.jclepro.2020.120287,3
DOI:10.1016/j.eneco.2019.104563,DOI:10.1007/s11356-021-12447-2,3
DOI:10.1016/j.eneco.2019.104563,DOI:10.1016/j.energy.2020.117992,4
DOI:10.1016/j.eneco.2019.104563,DOI:10.1016/j.renene.2019.06.170,3
DOI:10.1016/j.eneco.2019.104563,DOI:10.1016/j.scitotenv.2019.01.323,3
DOI:10.1016/j.eneco.2019.104563,DOI:10.1007/s11356-019-04567-7,3
DOI:10.1016/j.eneco.2019.104563,DOI:10.1016/j.energy.2018.05.068,3
DOI:10.1016/j.eneco.2019.104563,DOI:10.1016/j.renene.2019.11.098,3
DOI:10.1016/j.eneco.2019.104563,DOI:10.1016/j.rser.2016.04.069,3
DOI:10.1016/j.eneco.2019.104563,DOI:10.1016/j.eneco.2016.08.012,3
DOI:10.1016/j.eneco.2019.104563,DOI:10.1016/j.enpol.2018.12.047,3
DOI:10.1016/j.eneco.2019.104563,DOI:10.1016/j.renene.2021.07.019,3
DOI:10.1016/j.techfore.2020.119921,DOI:10.1016/j.eneco.2015.12.010,3
DOI:10.1017/9781009157926.005,DOI:10.1891/9780826190123.ap02,3
DOI:10.1038/nenergy.2017.84,DOI:10.1016/j.enpol.2015.01.026,3
DOI:10.1038/s41560-021-00937-z,DOI:10.1002/pip.3189,3
DOI:10.1038/s41560-021-00937-z,DOI:10.1016/j.apenergy.2020.116273,3
DOI:10.1038/s41560-021-00937-z,DOI:10.1016/j.energy.2021.120467,3
DOI:10.1038/s41560-021-00937-z,DOI:10.1016/j.joule.2020.05.005,3
DOI:10.1038/s41560-021-00937-z,DOI:10.1016/j.joule.2021.03.005,3
DOI:10.1038/s41560-021-00937-z,DOI:10.1016/j.renene.2018.09.082,3
DOI:10.1038/s41560-021-00937-z,DOI:10.1038/s41558-021-00998-8,3
DOI:10.1038/s41560-021-00937-z,DOI:10.1109/access.2022.3193402,3
DOI:10.1016/j.eneco.2010.08.007,DOI:10.1016/j.eneco.2013.07.005,5
DOI:10.1016/j.eneco.2010.08.007,DOI:10.1016/j.eneco.2016.03.003,3
DOI:10.1016/j.eneco.2010.08.007,DOI:10.1016/j.enpol.2015.01.026,5
DOI:10.1016/j.eneco.2010.08.007,DOI:10.1016/j.enpol.2009.08.049,3
DOI:10.1016/j.eneco.2010.08.007,DOI:10.1016/j.respol.2007.12.003,3
DOI:10.1016/j.eneco.2013.07.005,DOI:10.1016/j.jeem.2010.08.004,3
DOI:10.1016/j.eneco.2013.07.005,DOI:10.1016/j.enpol.2009.08.049,3
DOI:10.1016/j.eneco.2013.07.005,DOI:10.1016/j.enpol.2015.01.026,3
DOI:10.1016/j.eneco.2013.07.005,DOI:10.1016/j.renene.2021.02.075,3
DOI:10.1016/j.eneco.2013.07.005,DOI:10.1016/j.renene.2019.06.054,3
DOI:10.1016/j.enpol.2009.04.032,DOI:10.1080/09644016.2014.923639,3
DOI:10.1016/j.enpol.2009.04.032,DOI:10.1111/j.1541-1338.2008.00360.x,7
DOI:10.1016/j.enpol.2009.04.032,DOI:10.2307/1954434,3
DOI:10.1016/j.enpol.2009.04.032,"LYON TP, 2010, ENERG J, V31, P133",5
DOI:10.1016/j.enpol.2009.04.032,DOI:10.1016/j.enpol.2007.06.010,4
DOI:10.1016/j.enpol.2009.04.032,DOI:10.1111/j.1540-6237.2008.00571.x,3
DOI:10.1016/j.enpol.2009.04.032,"RABE BARRY., 2004, STATEHOUSE AND GREENHOUSE: THE EMERGING POLITICS OF AMERICAN CLIMATE CHANGE POLICY",3
DOI:10.1016/j.enpol.2009.04.032,"RABE B., 2006, SUSTAINABLE DEV. LAW POLICY, V7, P10",3
DOI:10.1016/j.enpol.2013.12.064,DOI:10.1016/j.gloenvcha.2014.04.011,3
DOI:10.1016/j.enpol.2013.12.064,DOI:10.1080/09644016.2014.923639,3
DOI:10.1016/j.enpol.2013.12.064,DOI:10.1111/j.1541-1338.2008.00360.x,3
DOI:10.1016/j.enpol.2013.12.064,DOI:10.1146/annurev.soc.33.090106.142507,3
DOI:10.1016/j.enpol.2013.12.064,"LYON TP, 2010, ENERG J, V31, P133",3
DOI:10.1016/j.gloenvcha.2014.04.001,DOI:10.1016/j.gloenvcha.2014.04.011,3
DOI:10.1016/j.gloenvcha.2014.04.001,DOI:10.1080/09644016.2014.923639,3
DOI:10.1016/j.gloenvcha.2014.04.001,DOI:10.1111/j.1540-5907.2008.00346.x,3
DOI:10.1016/j.gloenvcha.2014.04.001,DOI:10.1111/j.1541-1338.2008.00360.x,3
DOI:10.1016/j.gloenvcha.2014.04.001,DOI:10.1146/annurev.soc.33.090106.142507,3
DOI:10.1016/j.gloenvcha.2014.04.001,DOI:10.4324/9780367274689-8,3
DOI:10.1016/j.gloenvcha.2014.04.001,"LYON TP, 2010, ENERG J, V31, P133",3
DOI:10.1016/j.gloenvcha.2014.04.011,DOI:10.1080/09644016.2014.923639,4
DOI:10.1016/j.gloenvcha.2014.04.011,DOI:10.1111/j.1540-5907.2008.00346.x,3
DOI:10.1016/j.gloenvcha.2014.04.011,DOI:10.1111/j.1541-1338.2008.00360.x,4
DOI:10.1016/j.gloenvcha.2014.04.011,DOI:10.1146/annurev.soc.33.090106.142507,4
DOI:10.1016/j.gloenvcha.2014.04.011,DOI:10.4324/9780367274689-8,3
DOI:10.1016/j.gloenvcha.2014.04.011,"LYON TP, 2010, ENERG J, V31, P133",4
DOI:10.1016/j.rser.2016.09.137,DOI:10.1016/j.heliyon.2019.e01166,3
DOI:10.1016/j.rser.2016.09.137,DOI:10.1016/j.erss.2020.101716,3
DOI:10.1016/s0301-4215(00)00070-7,DOI:10.1016/j.enpol.2004.08.004,3
DOI:10.1016/s0301-4215(00)00070-7,DOI:10.1016/j.respol.2007.01.003,3
DOI:10.1016/s0301-4215(00)00070-7,DOI:10.1016/s0048-7333(02)00062-8,3
DOI:10.1016/s0301-4215(00)00070-7,DOI:10.1016/j.enpol.2006.02.010,3
DOI:10.1080/09644016.2014.923639,DOI:10.1111/j.1540-5907.2008.00346.x,3
DOI:10.1080/09644016.2014.923639,DOI:10.1111/j.1541-1338.2008.00360.x,5
DOI:10.1080/09644016.2014.923639,DOI:10.1146/annurev.soc.33.090106.142507,4
DOI:10.1080/09644016.2014.923639,DOI:10.4324/9780367274689-8,3
DOI:10.1080/09644016.2014.923639,"LYON TP, 2010, ENERG J, V31, P133",4
DOI:10.1080/09644016.2014.923639,DOI:10.1002/eet.375,3
DOI:10.1080/09644016.2014.923639,DOI:10.1017/s0003055404001078,3
DOI:10.1111/j.1540-5907.2008.00346.x,DOI:10.1111/j.1541-1338.2008.00360.x,3
DOI:10.1111/j.1540-5907.2008.00346.x,DOI:10.1146/annurev.soc.33.090106.142507,3
DOI:10.1111/j.1540-5907.2008.00346.x,DOI:10.2307/1954434,3
DOI:10.1111/j.1540-5907.2008.00346.x,DOI:10.4324/9780367274689-8,3
DOI:10.1111/j.1540-5907.2008.00346.x,"LYON TP, 2010, ENERG J, V31, P133",3
DOI:10.1111/j.1540-5907.2008.00346.x,DOI:10.2307/1963526,3
DOI:10.1111/j.1541-1338.2008.00360.x,DOI:10.1146/annurev.soc.33.090106.142507,4
DOI:10.1111/j.1541-1338.2008.00360.x,DOI:10.2307/1954434,3
DOI:10.1111/j.1541-1338.2008.00360.x,DOI:10.4324/9780367274689-8,3
DOI:10.1111/j.1541-1338.2008.00360.x,"LYON TP, 2010, ENERG J, V31, P133",9
DOI:10.1111/j.1541-1338.2008.00360.x,DOI:10.1111/j.1541-0072.2012.00471.x,3
DOI:10.1111/j.1541-1338.2008.00360.x,DOI:10.1177/153244000500500406,3
DOI:10.1111/j.1541-1338.2008.00360.x,DOI:10.1086/684791,3
DOI:10.1111/j.1541-1338.2008.00360.x,DOI:10.1111/psj.12066,3
DOI:10.1111/j.1541-1338.2008.00360.x,DOI:10.5547/01956574.33.2.1,4
DOI:10.1111/j.1541-1338.2008.00360.x,"RABE BARRY., 2004, STATEHOUSE AND GREENHOUSE: THE EMERGING POLITICS OF AMERICAN CLIMATE CHANGE POLICY",4
DOI:10.1111/j.1541-1338.2008.00360.x,DOI:10.1111/j.1540-6237.2008.00571.x,4
DOI:10.1111/j.1541-1338.2008.00360.x,DOI:10.1016/j.enpol.2007.06.010,4
DOI:10.1111/j.1541-1338.2008.00360.x,DOI:10.1002/eet.375,3
DOI:10.1111/j.1541-1338.2008.00360.x,DOI:10.1017/s0003055404001078,3
DOI:10.1111/j.1541-1338.2008.00360.x,DOI:10.2307/1963526,3
DOI:10.1146/annurev.soc.33.090106.142507,DOI:10.4324/9780367274689-8,3
DOI:10.1146/annurev.soc.33.090106.142507,"LYON TP, 2010, ENERG J, V31, P133",4
DOI:10.2307/1954434,DOI:10.2307/1963526,3
DOI:10.4324/9780367274689-8,"LYON TP, 2010, ENERG J, V31, P133",3
"LYON TP, 2010, ENERG J, V31, P133",DOI:10.1177/153244000500500406,3
"LYON TP, 2010, ENERG J, V31, P133",DOI:10.1086/684791,3
"LYON TP, 2010, ENERG J, V31, P133",DOI:10.1111/psj.12066,3
"LYON TP, 2010, ENERG J, V31, P133",DOI:10.5547/01956574.33.2.1,4
"LYON TP, 2010, ENERG J, V31, P133","RABE BARRY., 2004, STATEHOUSE AND GREENHOUSE: THE EMERGING POLITICS OF AMERICAN CLIMATE CHANGE POLICY",3
"LYON TP, 2010, ENERG J, V31, P133",DOI:10.1016/j.enpol.2007.06.010,3
DOI:10.1016/j.rser.2009.11.007,DOI:10.1287/mnsc.15.5.215,3
DOI:10.1016/j.enpol.2007.05.015,DOI:10.1016/j.enpol.2004.08.004,7
DOI:10.1016/j.enpol.2007.05.015,DOI:10.1016/j.enpol.2006.06.005,3
DOI:10.1016/j.enpol.2007.05.015,DOI:10.1016/j.enpol.2008.06.023,4
DOI:10.1016/j.enpol.2007.05.015,DOI:10.1016/j.enpol.2009.10.047,3
DOI:10.1016/j.enpol.2007.05.015,DOI:10.1016/j.enpol.2011.03.074,3
DOI:10.1016/j.enpol.2007.05.015,DOI:10.1016/j.enpol.2012.03.014,3
DOI:10.1016/j.enpol.2007.05.015,DOI:10.1016/j.renene.2007.10.008,6
DOI:10.1016/j.enpol.2007.05.015,DOI:10.1016/s0301-4215(02)00133-7,6
DOI:10.1016/j.enpol.2007.05.015,DOI:10.1016/j.enpol.2004.06.014,3
DOI:10.1016/j.enpol.2007.05.015,DOI:10.1016/j.enpol.2004.08.029,4
DOI:10.1016/j.enpol.2007.05.015,DOI:10.1016/j.rser.2010.11.015,3
DOI:10.1016/j.enpol.2007.05.015,DOI:10.2307/422246,3
DOI:10.1016/j.enpol.2007.05.015,DOI:10.1016/s0301-4215(02)00337-3,3
DOI:10.1016/j.enpol.2007.05.015,"KOMOR P., 2004, RENEWABLE ENERGY POL",4
DOI:10.1016/j.enpol.2007.05.015,DOI:10.1016/j.erss.2014.12.001,3
DOI:10.1016/j.enpol.2007.05.015,DOI:10.1016/j.enpol.2011.08.029,3
DOI:10.1016/j.enpol.2007.05.015,DOI:10.1016/j.enpol.2015.01.026,3
DOI:10.1016/j.jclepro.2019.07.020,DOI:10.1016/j.renene.2003.12.003,3
DOI:10.1016/j.jclepro.2019.07.020,DOI:10.1016/j.rser.2007.11.006,4
DOI:10.1016/j.jclepro.2019.07.020,DOI:10.1016/j.rser.2014.08.077,4
DOI:10.1016/j.jclepro.2019.07.020,DOI:10.1016/s0960-1481(00)00186-5,3
DOI:10.1016/j.jclepro.2019.07.020,DOI:10.5121/ijdkp.2019.9301,3
DOI:10.1016/j.jclepro.2019.07.020,DOI:10.1016/j.seta.2021.101549,3
DOI:10.1016/j.renene.2003.12.003,DOI:10.1016/j.rser.2007.11.006,3
DOI:10.1016/j.renene.2003.12.003,DOI:10.1016/j.rser.2014.08.077,5
DOI:10.1016/j.renene.2003.12.003,DOI:10.1016/j.rser.2013.07.002,3
DOI:10.1016/j.rser.2007.11.006,DOI:10.1016/j.rser.2014.08.077,4
DOI:10.1016/j.rser.2007.11.006,DOI:10.1016/s0960-1481(00)00186-5,5
DOI:10.1016/j.rser.2007.11.006,DOI:10.1002/sd.2030,3
DOI:10.1016/j.rser.2007.11.006,DOI:10.1007/s11356-020-09700-5,3
DOI:10.1016/j.rser.2007.11.006,DOI:10.3390/cleantechnol1010003,3
DOI:10.1016/j.rser.2007.11.006,DOI:10.1016/j.rser.2009.07.037,3
DOI:10.1016/j.rser.2014.08.077,DOI:10.1016/s0960-1481(00)00186-5,3
DOI:10.1016/j.rser.2014.08.077,DOI:10.1016/j.heliyon.2019.e01166,4
DOI:10.1016/j.rser.2014.08.077,DOI:10.1016/j.renene.2021.03.141,3
DOI:10.1016/j.rser.2014.08.077,DOI:10.1016/j.rser.2013.07.002,3
DOI:10.1016/j.rser.2014.08.077,DOI:10.1016/j.techfore.2021.120937,3
DOI:10.1016/j.rser.2014.08.077,DOI:10.1016/j.jclepro.2019.117655,3
DOI:10.1016/j.rser.2014.08.077,DOI:10.1016/j.rser.2014.07.023,3
DOI:10.1016/j.rser.2014.11.102,"KUMI E.N., 2017, ELECTRICITY SITUATIO",3
DOI:10.1016/s0960-1481(00)00186-5,DOI:10.1016/j.heliyon.2019.e01166,4
DOI:10.1016/s0960-1481(00)00186-5,DOI:10.1016/j.renene.2008.05.004,3
DOI:10.1016/s0960-1481(00)00186-5,DOI:10.1016/j.rser.2009.06.021,3
DOI:10.1016/s0960-1481(00)00186-5,DOI:10.1016/j.rser.2009.07.037,3
DOI:10.1016/s0960-1481(00)00186-5,DOI:10.1016/b0-12-176480-x/00488-5,3
DOI:10.1016/s0960-1481(00)00186-5,DOI:10.1016/j.eneco.2008.12.010,4
DOI:10.1016/s0960-1481(00)00186-5,DOI:10.1016/j.energy.2014.05.081,3
DOI:10.1016/j.ref.2024.100545,DOI:10.1016/j.esr.2022.100939,3
DOI:10.1016/j.ref.2024.100545,DOI:10.1016/j.energy.2021.120467,3
DOI:10.1016/j.ref.2024.100545,DOI:10.1016/j.rser.2022.112111,3
DOI:10.1007/s11356-020-11640-z,DOI:10.1017/s0266466604203073,3
DOI:10.1007/s11356-020-11640-z,DOI:10.1111/j.1468-0084.2007.00477.x,4
DOI:10.1007/s11356-020-11640-z,DOI:10.1002/jae.951,3
DOI:10.1007/s11356-020-11640-z,DOI:10.1016/j.scitotenv.2019.05.011,3
DOI:10.1016/j.eneco.2016.08.012,DOI:10.1016/j.energy.2019.116583,3
DOI:10.1016/j.eneco.2016.08.012,DOI:10.1016/j.enpol.2009.12.048,3
DOI:10.1016/j.eneco.2016.08.012,DOI:10.1016/j.renene.2019.09.005,10
DOI:10.1016/j.eneco.2016.08.012,DOI:10.1016/j.renene.2021.06.121,6
DOI:10.1016/j.eneco.2016.08.012,DOI:10.1016/j.rser.2016.02.006,3
DOI:10.1016/j.eneco.2016.08.012,DOI:10.1016/j.enpol.2018.12.047,9
DOI:10.1016/j.eneco.2016.08.012,DOI:10.1016/j.erss.2020.101537,5
DOI:10.1016/j.eneco.2016.08.012,DOI:10.1016/j.renene.2021.02.038,5
DOI:10.1016/j.eneco.2016.08.012,DOI:10.1016/j.renene.2021.02.075,5
DOI:10.1016/j.eneco.2016.08.012,DOI:10.1016/j.scitotenv.2019.01.323,6
DOI:10.1016/j.eneco.2016.08.012,DOI:10.1017/s1355770x1000001x,6
DOI:10.1016/j.eneco.2016.08.012,DOI:10.1080/13504851.2019.1593934,3
DOI:10.1016/j.eneco.2016.08.012,DOI:10.1504/ijepee.2015.068246],4
DOI:10.1016/j.eneco.2016.08.012,DOI:10.1002/jae.951,3
DOI:10.1016/j.eneco.2016.08.012,DOI:10.1016/0304-4076(94)01642-d,3
DOI:10.1016/j.eneco.2016.08.012,DOI:10.1111/j.1468-0084.2007.00477.x,3
DOI:10.1016/j.eneco.2016.08.012,DOI:10.1002/ijfe.2049,3
DOI:10.1016/j.eneco.2016.08.012,DOI:10.1007/s11356-021-12447-2,5
DOI:10.1016/j.eneco.2016.08.012,DOI:10.1016/j.eneco.2021.105287,3
DOI:10.1016/j.eneco.2016.08.012,DOI:10.1080/1540496x.2017.1363036,3
DOI:10.1016/j.eneco.2016.08.012,DOI:10.3390/su14031208,4
DOI:10.1016/j.eneco.2016.08.012,DOI:10.1016/j.eneco.2016.03.003,3
DOI:10.1016/j.eneco.2016.08.012,DOI:10.1016/j.energy.2018.05.068,3
DOI:10.1016/j.eneco.2016.08.012,DOI:10.1016/j.eneco.2017.01.019,3
DOI:10.1016/j.eneco.2016.08.012,DOI:10.1016/j.enpol.2010.11.034,3
DOI:10.1016/j.eneco.2016.08.012,DOI:10.1007/s11356-019-04567-7,3
DOI:10.1016/j.eneco.2016.08.012,DOI:10.1016/j.eneco.2019.104541,3
DOI:10.1016/j.eneco.2016.08.012,DOI:10.1016/j.jclepro.2018.04.190,3
DOI:10.1016/j.eneco.2016.08.012,DOI:10.1016/j.renene.2021.07.030,3
DOI:10.1016/j.eneco.2016.08.012,DOI:10.1016/j.scitotenv.2020.142220,3
DOI:10.1016/j.eneco.2020.104768,DOI:10.1017/s0266466604203073,3
DOI:10.1016/j.energy.2019.116583,DOI:10.1016/j.enpol.2009.12.048,3
DOI:10.1016/j.energy.2019.116583,DOI:10.1016/j.renene.2019.09.005,8
DOI:10.1016/j.energy.2019.116583,DOI:10.1016/j.renene.2021.06.121,3
DOI:10.1016/j.energy.2019.116583,DOI:10.1080/07474938.2014.956623,4
DOI:10.1016/j.energy.2019.116583,DOI:10.1016/j.energy.2020.117992,3
DOI:10.1016/j.energy.2019.116583,DOI:10.1016/j.enpol.2020.111365,3
DOI:10.1016/j.energy.2019.116583,DOI:10.1016/j.renene.2019.06.054,3
DOI:10.1016/j.energy.2019.116583,DOI:10.1016/j.renene.2020.03.172,3
DOI:10.1016/j.energy.2019.116583,DOI:10.1016/j.renene.2021.07.030,3
DOI:10.1016/j.energy.2019.116583,DOI:10.1017/s1355770x1000001x,3
DOI:10.1016/j.energy.2019.116583,DOI:10.1002/jae.951,7
DOI:10.1016/j.energy.2019.116583,DOI:10.1016/j.enpol.2020.111428,3
DOI:10.1016/j.energy.2019.116583,DOI:10.1016/j.jeconom.2007.05.010,5
DOI:10.1016/j.energy.2019.116583,DOI:10.1016/j.techfore.2017.05.021,3
DOI:10.1016/j.energy.2019.116583,DOI:10.1016/j.scitotenv.2019.01.323,3
DOI:10.1016/j.energy.2019.116583,DOI:10.1111/j.1468-0084.2007.00477.x,4
DOI:10.1016/j.energy.2019.116583,DOI:10.2307/2297111,3
DOI:10.1016/j.enpol.2008.08.025,DOI:10.1016/j.enpol.2009.12.048,3
DOI:10.1016/j.enpol.2008.08.025,DOI:10.1016/j.renene.2019.09.005,3
DOI:10.1016/j.enpol.2009.12.048,DOI:10.1016/j.renene.2019.09.005,6
DOI:10.1016/j.enpol.2009.12.048,DOI:10.1016/j.renene.2021.06.121,4
DOI:10.1016/j.enpol.2009.12.048,DOI:10.1017/s0266466604203073,3
DOI:10.1016/j.enpol.2009.12.048,DOI:10.1007/s11356-019-04567-7,3
DOI:10.1016/j.enpol.2009.12.048,DOI:10.1016/0304-4076(94)01642-d,3
DOI:10.1016/j.enpol.2009.12.048,"PESARAN MH, 2021, EMPIR ECON, V60, P13, DOI [10.17863/CAM.5113, 10.1007/S00181-020-01875-7]",3
DOI:10.1016/j.enpol.2009.12.048,DOI:10.1007/s13132-022-00999-8,3
DOI:10.1016/j.enpol.2009.12.048,DOI:10.1016/j.eneco.2021.105649,3
DOI:10.1016/j.enpol.2009.12.048,DOI:10.1016/j.enpol.2010.11.034,3
DOI:10.1016/j.enpol.2009.12.048,DOI:10.1016/j.enpol.2018.12.047,3
DOI:10.1016/j.enpol.2009.12.048,DOI:10.1017/s1355770x1000001x,3
DOI:10.1016/j.enpol.2009.12.048,DOI:10.1016/j.eneco.2015.12.010,3
DOI:10.1016/j.enpol.2009.12.048,DOI:10.1016/j.renene.2020.03.172,3
DOI:10.1016/j.enpol.2009.12.048,DOI:10.1016/j.resourpol.2022.103041,3
DOI:10.1016/j.enpol.2009.12.048,DOI:10.1016/j.strueco.2021.03.011,3
DOI:10.1016/j.enpol.2009.12.048,DOI:10.1016/j.renene.2021.02.075,3
DOI:10.1016/j.enpol.2009.12.048,DOI:10.1016/j.renene.2022.04.150,3
DOI:10.1016/j.enpol.2009.12.048,DOI:10.1016/j.scitotenv.2019.01.323,3
DOI:10.1016/j.enpol.2009.12.048,DOI:10.1002/jae.951,4
DOI:10.1016/j.enpol.2009.12.048,DOI:10.1111/j.1468-0084.2007.00477.x,4
DOI:10.1016/j.enpol.2009.12.048,DOI:10.1111/j.1468-0262.2006.00692.x,3
DOI:10.1016/j.jenvman.2020.111027,DOI:10.1017/s0266466604203073,3
DOI:10.1016/j.renene.2019.09.005,DOI:10.1016/j.renene.2021.06.121,5
DOI:10.1016/j.renene.2019.09.005,DOI:10.1016/j.rser.2016.02.006,3
DOI:10.1016/j.renene.2019.09.005,DOI:10.1017/s0266466604203073,3
DOI:10.1016/j.renene.2019.09.005,DOI:10.1111/1468-0084.61.s1.14,3
DOI:10.1016/j.renene.2019.09.005,DOI:10.1016/j.enpol.2018.12.047,7
DOI:10.1016/j.renene.2019.09.005,DOI:10.1016/j.erss.2020.101537,3
DOI:10.1016/j.renene.2019.09.005,DOI:10.1016/j.renene.2019.05.059,3
DOI:10.1016/j.renene.2019.09.005,DOI:10.1016/j.renene.2021.02.038,4
DOI:10.1016/j.renene.2019.09.005,DOI:10.1016/j.renene.2021.02.075,5
DOI:10.1016/j.renene.2019.09.005,DOI:10.1016/j.scitotenv.2019.01.323,8
DOI:10.1016/j.renene.2019.09.005,DOI:10.1017/s1355770x1000001x,6
DOI:10.1016/j.renene.2019.09.005,DOI:10.1504/ijepee.2015.068246],4
DOI:10.1016/j.renene.2019.09.005,DOI:10.1002/jae.951,7
DOI:10.1016/j.renene.2019.09.005,DOI:10.1016/0304-4076(94)01642-d,3
DOI:10.1016/j.renene.2019.09.005,DOI:10.1016/j.eneco.2016.02.008,3
DOI:10.1016/j.renene.2019.09.005,DOI:10.1016/s0304-4076(01)00098-7,3
DOI:10.1016/j.renene.2019.09.005,DOI:10.1111/j.1468-0084.2007.00477.x,7
DOI:10.1016/j.renene.2019.09.005,"PESARAN MH, 2021, EMPIR ECON, V60, P13, DOI [10.17863/CAM.5113, 10.1007/S00181-020-01875-7]",4
DOI:10.1016/j.renene.2019.09.005,DOI:10.1002/ijfe.2049,3
DOI:10.1016/j.renene.2019.09.005,DOI:10.1007/s11356-021-12447-2,6
DOI:10.1016/j.renene.2019.09.005,DOI:10.1016/j.eneco.2021.105287,3
DOI:10.1016/j.renene.2019.09.005,DOI:10.1016/j.enpol.2022.112909,3
DOI:10.1016/j.renene.2019.09.005,DOI:10.1016/j.jeconom.2007.05.010,7
DOI:10.1016/j.renene.2019.09.005,DOI:10.1016/j.resourpol.2022.102680,3
DOI:10.1016/j.renene.2019.09.005,DOI:10.1080/1540496x.2017.1363036,5
DOI:10.1016/j.renene.2019.09.005,DOI:10.3390/su14031208,4
DOI:10.1016/j.renene.2019.09.005,DOI:10.1016/j.renene.2020.11.052,3
DOI:10.1016/j.renene.2019.09.005,DOI:10.1016/j.eneco.2008.12.010,3
DOI:10.1016/j.renene.2019.09.005,DOI:10.1016/j.energy.2014.05.081,3
DOI:10.1016/j.renene.2019.09.005,DOI:10.1016/j.energy.2020.117992,4
DOI:10.1016/j.renene.2019.09.005,DOI:10.1016/j.jclepro.2020.120287,3
DOI:10.1016/j.renene.2019.09.005,DOI:10.1016/j.jenvman.2020.111028,3
DOI:10.1016/j.renene.2019.09.005,DOI:10.1016/j.renene.2020.03.172,4
DOI:10.1016/j.renene.2019.09.005,DOI:10.1016/j.renene.2021.07.030,3
DOI:10.1016/j.renene.2019.09.005,DOI:10.1016/j.renene.2022.03.034,3
DOI:10.1016/j.renene.2019.09.005,DOI:10.1016/j.rser.2010.11.048,3
DOI:10.1016/j.renene.2019.09.005,DOI:10.1016/j.scitotenv.2020.142220,3
DOI:10.1016/j.renene.2019.09.005,DOI:10.1016/j.eneco.2017.01.019,4
DOI:10.1016/j.renene.2019.09.005,DOI:10.1007/s13132-022-00999-8,4
DOI:10.1016/j.renene.2019.09.005,DOI:10.1016/j.eneco.2023.106661,5
DOI:10.1016/j.renene.2019.09.005,DOI:10.1016/j.enpol.2010.11.034,3
DOI:10.1016/j.renene.2019.09.005,DOI:10.1016/j.renene.2023.02.017,4
DOI:10.1016/j.renene.2019.09.005,DOI:10.1007/s11356-019-04567-7,3
DOI:10.1016/j.renene.2019.09.005,DOI:10.1016/j.eneco.2015.12.010,3
DOI:10.1016/j.renene.2019.09.005,DOI:10.1016/j.energy.2022.125799,3
DOI:10.1016/j.renene.2019.09.005,DOI:10.1016/j.enpol.2020.111365,3
DOI:10.1016/j.renene.2019.09.005,DOI:10.2307/1913236,3
DOI:10.1016/j.renene.2019.09.005,DOI:10.1007/s11356-022-18976-8,4
DOI:10.1016/j.renene.2019.09.005,DOI:10.1016/j.renene.2022.04.150,4
DOI:10.1016/j.renene.2019.09.005,DOI:10.1111/j.1368-423x.2007.00227.x,3
DOI:10.1016/j.renene.2019.09.005,DOI:10.1111/j.1468-0262.2006.00692.x,3
DOI:10.1016/j.renene.2019.09.005,DOI:10.2307/2297545,3
DOI:10.1016/j.renene.2019.09.005,"SUN ZHONGYE, 2023, INT J ENVIRON RES PUBLIC HEALTH, V20, DOI [10.3390/IJERPH20043124, 10.3390/IJERPH20043124]",3
DOI:10.1016/j.renene.2021.06.121,DOI:10.1016/s0304-4076(98)00076-1,3
DOI:10.1016/j.renene.2021.06.121,DOI:10.1017/s0266466604203073,3
DOI:10.1016/j.renene.2021.06.121,DOI:10.1007/s11356-021-12447-2,5
DOI:10.1016/j.renene.2021.06.121,DOI:10.1016/j.eneco.2008.12.010,3
DOI:10.1016/j.renene.2021.06.121,DOI:10.1016/j.eneco.2023.106700,3
DOI:10.1016/j.renene.2021.06.121,DOI:10.1016/j.energy.2018.05.068,3
DOI:10.1016/j.renene.2021.06.121,DOI:10.1016/j.enpol.2009.09.002,4
DOI:10.1016/j.renene.2021.06.121,DOI:10.1016/j.renene.2019.06.054,4
DOI:10.1016/j.renene.2021.06.121,DOI:10.1016/j.renene.2020.03.172,4
DOI:10.1016/j.renene.2021.06.121,DOI:10.1016/j.renene.2021.02.075,5
DOI:10.1016/j.renene.2021.06.121,DOI:10.1016/j.rser.2023.113320,3
DOI:10.1016/j.renene.2021.06.121,DOI:10.1002/jae.951,4
DOI:10.1016/j.renene.2021.06.121,DOI:10.1016/j.eneco.2017.01.019,3
DOI:10.1016/j.renene.2021.06.121,DOI:10.1016/j.jeconom.2007.05.010,8
DOI:10.1016/j.renene.2021.06.121,DOI:10.1080/07474930500243019,3
DOI:10.1016/j.renene.2021.06.121,DOI:10.1111/j.1468-0262.2006.00692.x,4
DOI:10.1016/j.renene.2021.06.121,"WOOLDRIDGE JM, 2010, ECONOMETRIC ANALYSIS OF CROSS SECTION AND PANEL DATA, 2ND EDITION, P3",3
DOI:10.1016/j.renene.2021.06.121,DOI:10.1007/s11356-019-04567-7,4
DOI:10.1016/j.renene.2021.06.121,DOI:10.1016/j.eneco.2021.105649,4
DOI:10.1016/j.renene.2021.06.121,DOI:10.1016/j.renene.2019.09.006,3
DOI:10.1016/j.renene.2021.06.121,DOI:10.1016/j.scitotenv.2020.142220,3
DOI:10.1016/j.renene.2021.06.121,"PESARAN MH, 2021, EMPIR ECON, V60, P13, DOI [10.17863/CAM.5113, 10.1007/S00181-020-01875-7]",4
DOI:10.1016/j.renene.2021.06.121,DOI:10.1016/j.energy.2014.05.081,3
DOI:10.1016/j.renene.2021.06.121,DOI:10.1080/1540496x.2017.1363036,3
DOI:10.1016/j.renene.2021.06.121,DOI:10.1016/0304-4076(94)01642-d,4
DOI:10.1016/j.renene.2021.06.121,DOI:10.1016/j.eneco.2015.12.010,3
DOI:10.1016/j.renene.2021.06.121,DOI:10.1016/j.ref.2022.11.007,3
DOI:10.1016/j.renene.2021.06.121,DOI:10.1016/j.renene.2022.07.042,3
DOI:10.1016/j.renene.2021.06.121,DOI:10.1016/s0304-4076(98)00023-2,3
DOI:10.1016/j.renene.2021.06.121,DOI:10.1002/ijfe.2900,3
DOI:10.1016/j.renene.2021.06.121,DOI:10.1007/s13132-022-00999-8,3
DOI:10.1016/j.renene.2021.06.121,DOI:10.1016/j.eneco.2023.106661,3
DOI:10.1016/j.renene.2021.06.121,DOI:10.1016/j.enpol.2010.11.034,5
DOI:10.1016/j.renene.2021.06.121,DOI:10.1016/j.enpol.2018.12.047,4
DOI:10.1016/j.renene.2021.06.121,DOI:10.1017/s1355770x1000001x,3
DOI:10.1016/j.renene.2021.06.121,DOI:10.1016/j.renene.2022.03.034,3
DOI:10.1016/j.renene.2021.06.121,DOI:10.1016/j.renene.2022.04.150,4
DOI:10.1016/j.renene.2021.06.121,DOI:10.1111/j.1468-0084.2007.00477.x,4
DOI:10.1016/j.renene.2021.06.121,DOI:10.1016/j.eneco.2019.104541,3
DOI:10.1016/j.renene.2021.06.121,DOI:10.1016/j.enpol.2011.10.050,3
DOI:10.1016/j.renene.2021.06.121,DOI:10.1016/j.jclepro.2018.04.190,3
DOI:10.1016/j.renene.2021.06.121,DOI:10.1016/j.renene.2021.07.030,3
DOI:10.1016/j.renene.2021.06.121,DOI:10.1016/j.scitotenv.2019.01.323,3
DOI:10.1016/j.renene.2021.06.121,DOI:10.1016/j.strueco.2021.03.011,3
DOI:10.1016/j.renene.2021.06.121,DOI:10.1016/j.enpol.2009.05.003,3
DOI:10.1016/j.renene.2021.06.121,DOI:10.1016/j.rser.2010.11.048,3
DOI:10.1016/j.renene.2021.06.121,DOI:10.3390/en15010108,3
DOI:10.1016/j.rser.2016.02.006,DOI:10.1111/1468-0084.61.s1.14,3
DOI:10.1016/j.rser.2016.02.006,DOI:10.1016/j.eneco.2016.02.008,3
DOI:10.1016/j.rser.2016.02.006,DOI:10.1016/s0304-4076(01)00098-7,3
DOI:10.1016/j.rser.2016.02.006,DOI:10.1016/j.enpol.2009.05.003,3
DOI:10.1016/s0304-4076(98)00076-1,DOI:10.1017/s0266466604203073,3
DOI:10.1017/s0266466604203073,DOI:10.1080/07474938.2014.956623,4
DOI:10.1017/s0266466604203073,DOI:10.1111/1468-0084.61.s1.14,7
DOI:10.1017/s0266466604203073,DOI:10.2307/2670182,5
DOI:10.1017/s0266466604203073,"PEDRONI P, 2000, ADV ECONOMETRICS, V15, P93",4
DOI:10.1017/s0266466604203073,"BREITUNG J, 2000, ADV ECONOMETRICS, V15, P161",3
DOI:10.1017/s0266466604203073,DOI:10.1007/s11356-020-09497-3,3
DOI:10.1017/s0266466604203073,DOI:10.1016/s0304-4076(01)00098-7,6
DOI:10.1017/s0266466604203073,DOI:10.1111/1468-0084.0610s1631,6
DOI:10.1017/s0266466604203073,DOI:10.2307/2297111,6
DOI:10.1017/s0266466604203073,DOI:10.1002/jae.951,19
DOI:10.1017/s0266466604203073,DOI:10.1016/j.jeconom.2007.05.010,8
DOI:10.1017/s0266466604203073,DOI:10.1016/j.resourpol.2021.102380,3
DOI:10.1017/s0266466604203073,DOI:10.1016/s0304-4076(98)00023-2,12
DOI:10.1017/s0266466604203073,DOI:10.1111/j.1368-423x.2007.00227.x,3
DOI:10.1017/s0266466604203073,"PESARAN MH, 2021, EMPIR ECON, V60, P13, DOI [10.17863/CAM.5113, 10.1007/S00181-020-01875-7]",11
DOI:10.1017/s0266466604203073,DOI:10.2307/2297545,3
DOI:10.1017/s0266466604203073,DOI:10.1080/07474930500243019,6
DOI:10.1017/s0266466604203073,DOI:10.2307/1913643,3
DOI:10.1017/s0266466604203073,DOI:10.1016/0304-4076(94)01644-f,4
DOI:10.1017/s0266466604203073,DOI:10.1016/j.scitotenv.2020.136504,5
DOI:10.1017/s0266466604203073,DOI:10.1016/0304-4076(94)01642-d,3
DOI:10.1017/s0266466604203073,DOI:10.1016/j.energy.2014.05.081,3
DOI:10.1017/s0266466604203073,DOI:10.1016/j.enpol.2009.05.003,3
DOI:10.1017/s0266466604203073,DOI:10.1016/j.enpol.2009.08.049,3
DOI:10.1017/s0266466604203073,"KAO CW, 2000, ADV ECONOMETRICS, V15, P179",5
DOI:10.1017/s0266466604203073,DOI:10.1016/j.enpol.2009.09.002,3
DOI:10.1017/s0266466604203073,DOI:10.1016/j.jeconom.2015.03.007,5
DOI:10.1017/s0266466604203073,DOI:10.1016/j.renene.2016.03.078,4
DOI:10.1017/s0266466604203073,"GROSSMAN GM, 1993, MEXICO-U.S. FREE TRADE AGREEMENT, P13",3
DOI:10.1017/s0266466604203073,DOI:10.1016/j.econmod.2012.02.014,5
DOI:10.1017/s0266466604203073,DOI:10.1016/j.renene.2020.09.128,4
DOI:10.1017/s0266466604203073,DOI:10.1016/j.renene.2022.03.099,3
DOI:10.1017/s0266466604203073,DOI:10.1016/j.techsoc.2021.101746,3
DOI:10.1017/s0266466604203073,DOI:10.1111/1368-423x.00108,3
DOI:10.1017/s0266466604203073,DOI:10.1111/j.1368-423x.2011.00349.x,3
DOI:10.1017/s0266466604203073,DOI:10.1111/j.1468-0084.2007.00477.x,10
DOI:10.1017/s0266466604203073,DOI:10.1016/j.renene.2022.01.073,5
DOI:10.1017/s0266466604203073,DOI:10.1080/00036846.2021.1904126,3
DOI:10.1017/s0266466604203073,DOI:10.1007/s11356-021-14993-1,3
DOI:10.1017/s0266466604203073,DOI:10.1016/j.jenvman.2021.113653,3
DOI:10.1017/s0266466604203073,DOI:10.1016/j.jenvman.2021.113980,3
DOI:10.1017/s0266466604203073,DOI:10.1016/j.renene.2022.01.075,3
DOI:10.1017/s0266466604203073,DOI:10.1002/sd.2292,3
DOI:10.1017/s0266466604203073,DOI:10.1016/j.jmva.2004.05.006,3
DOI:10.1080/07474938.2014.956623,DOI:10.1002/jae.951,8
DOI:10.1080/07474938.2014.956623,"PESARAN MH, 2021, EMPIR ECON, V60, P13, DOI [10.17863/CAM.5113, 10.1007/S00181-020-01875-7]",3
DOI:10.1080/07474938.2014.956623,DOI:10.1016/j.techsoc.2022.102044,3
DOI:10.1080/07474938.2014.956623,DOI:10.1162/003465398557825,3
DOI:10.1080/07474938.2014.956623,DOI:10.1016/j.econlet.2013.09.012,4
DOI:10.1080/07474938.2014.956623,DOI:10.1016/j.jeconom.2007.05.010,7
DOI:10.1080/07474938.2014.956623,DOI:10.1016/j.econmod.2012.02.014,4
DOI:10.1080/07474938.2014.956623,DOI:10.1111/j.1468-0084.2007.00477.x,6
DOI:10.1111/1468-0084.61.s1.14,DOI:10.2307/2670182,4
DOI:10.1111/1468-0084.61.s1.14,DOI:10.1002/jae.951,9
DOI:10.1111/1468-0084.61.s1.14,DOI:10.1016/j.jeconom.2007.05.010,7
DOI:10.1111/1468-0084.61.s1.14,DOI:10.1016/s0304-4076(98)00023-2,5
DOI:10.1111/1468-0084.61.s1.14,DOI:10.2307/2297111,6
DOI:10.1111/1468-0084.61.s1.14,"PESARAN MH, 2021, EMPIR ECON, V60, P13, DOI [10.17863/CAM.5113, 10.1007/S00181-020-01875-7]",4
DOI:10.1111/1468-0084.61.s1.14,DOI:10.1080/07474930500243019,3
DOI:10.1111/1468-0084.61.s1.14,DOI:10.1111/j.1468-0084.2007.00477.x,5
DOI:10.1111/1468-0084.61.s1.14,DOI:10.1016/0304-4076(94)01644-f,6
DOI:10.1111/1468-0084.61.s1.14,DOI:10.1016/s0304-4076(01)00098-7,5
DOI:10.1111/1468-0084.61.s1.14,DOI:10.1016/j.econmod.2012.02.014,5
DOI:10.1111/1468-0084.61.s1.14,DOI:10.1162/003465301753237803,4
DOI:10.1111/1468-0084.61.s1.14,DOI:10.1016/j.energy.2014.05.081,4
DOI:10.1111/1468-0084.61.s1.14,DOI:10.1016/j.enpol.2009.05.003,3
DOI:10.1111/1468-0084.61.s1.14,DOI:10.1111/1468-0084.0610s1631,3
DOI:10.1111/1468-0084.61.s1.14,"BOND S., 2013, ACCOUNTING FOR UNOBSERVED HETEROGENEITY IN PANEL TIME SERIES MODELS, V1, P1",3
DOI:10.1111/1468-0084.61.s1.14,DOI:10.1016/j.enpol.2013.10.064,3
DOI:10.1111/1468-0084.61.s1.14,DOI:10.1016/j.renene.2019.11.106,4
DOI:10.1111/1468-0084.61.s1.14,DOI:10.1080/00036846.2018.1558359,3
DOI:10.1111/1468-0084.61.s1.14,DOI:10.1177/0958305x19857209,3
DOI:10.1111/1468-0084.61.s1.14,DOI:10.1177/1391561418794691,4
DOI:10.1111/1468-0084.61.s1.14,DOI:10.2307/1912791,4
DOI:10.2307/2670182,"PEDRONI P, 2000, ADV ECONOMETRICS, V15, P93",4
DOI:10.2307/2670182,"PESARAN MH, 2021, EMPIR ECON, V60, P13, DOI [10.17863/CAM.5113, 10.1007/S00181-020-01875-7]",5
DOI:10.2307/2670182,DOI:10.1016/s0304-4076(98)00023-2,4
DOI:10.2307/2670182,DOI:10.1016/j.econmod.2012.02.014,3
DOI:10.2307/2670182,DOI:10.1002/jae.951,5
DOI:10.2307/2670182,DOI:10.1016/0304-4076(94)01644-f,5
DOI:10.2307/2670182,DOI:10.1016/s0304-4076(01)00098-7,3
DOI:10.2307/2670182,DOI:10.1111/j.1468-0084.2007.00477.x,3
DOI:10.2307/2670182,DOI:10.1177/1536867x0700700204,3
"PEDRONI P, 2000, ADV ECONOMETRICS, V15, P93",DOI:10.1016/j.enpol.2009.05.003,3
"PEDRONI P, 2000, ADV ECONOMETRICS, V15, P93",DOI:10.1016/s0304-4076(98)00023-2,4
"PEDRONI P, 2000, ADV ECONOMETRICS, V15, P93","PESARAN MH, 2021, EMPIR ECON, V60, P13, DOI [10.17863/CAM.5113, 10.1007/S00181-020-01875-7]",3
DOI:10.1007/s11356-020-08592-9,DOI:10.1016/j.enpol.2007.10.027,3
DOI:10.1007/s11356-020-08592-9,DOI:10.1016/j.rser.2009.11.009,4
DOI:10.1007/s11356-020-08592-9,DOI:10.1016/j.renene.2014.02.010,3
DOI:10.1016/j.apenergy.2018.01.084,DOI:10.1080/15567249.2011.595248,3
DOI:10.1016/j.apenergy.2018.01.084,DOI:10.1016/j.enpol.2018.12.047,3
DOI:10.1016/j.enpol.2004.08.035,DOI:10.1016/j.rser.2009.11.009,3
DOI:10.1016/j.enpol.2006.12.001,DOI:10.1016/j.enpol.2008.06.026,4
DOI:10.1016/j.enpol.2006.12.001,DOI:10.1016/j.enpol.2010.03.077,3
DOI:10.1016/j.enpol.2006.12.001,DOI:10.1016/j.erss.2020.101544,4
DOI:10.1016/j.enpol.2006.12.001,DOI:10.1016/j.jclepro.2019.117737,3
DOI:10.1016/j.enpol.2006.12.001,DOI:10.1016/j.rser.2009.11.009,3
DOI:10.1016/j.enpol.2006.12.001,DOI:10.1007/s11356-020-10504-w,3
DOI:10.1016/j.enpol.2006.12.001,DOI:10.1016/j.apenergy.2012.06.057,4
DOI:10.1016/j.enpol.2006.12.001,DOI:10.1016/j.rser.2005.10.005,4
DOI:10.1016/j.enpol.2006.12.001,DOI:10.1080/09640560701402075,3
DOI:10.1016/j.enpol.2006.12.001,DOI:10.1002/casp.1004,3
DOI:10.1016/j.enpol.2006.12.001,DOI:10.1002/we.124,4
DOI:10.1016/j.enpol.2006.12.001,DOI:10.1016/j.enpol.2007.10.019,3
DOI:10.1016/j.enpol.2006.12.001,DOI:10.1177/0963662513514165,3
DOI:10.1016/j.enpol.2006.12.001,DOI:10.1080/09644016.2013.755793,3
DOI:10.1016/j.enpol.2006.12.001,DOI:10.1016/j.enpol.2006.12.002,3
DOI:10.1016/j.enpol.2007.10.027,DOI:10.1016/j.rser.2009.11.009,4
DOI:10.1016/j.enpol.2007.10.027,DOI:10.1016/j.renene.2014.02.010,3
DOI:10.1016/j.enpol.2008.06.026,DOI:10.1002/casp.1004,3
DOI:10.1016/j.enpol.2008.06.026,DOI:10.1002/we.124,3
DOI:10.1016/j.enpol.2008.06.026,DOI:10.1016/s0960-1481(99)00130-5,3
DOI:10.1016/j.enpol.2008.06.026,DOI:10.1016/j.rser.2005.10.005,3
DOI:10.1016/j.enpol.2008.06.026,DOI:10.1016/j.enpol.2006.12.002,3
DOI:10.1016/j.enpol.2008.07.028,DOI:10.1016/j.erss.2015.12.006,3
DOI:10.1016/j.enpol.2008.07.028,DOI:10.1016/j.eist.2014.04.004,3
DOI:10.1016/j.enpol.2008.07.028,DOI:10.1016/j.enpol.2013.06.030,4
DOI:10.1016/j.enpol.2008.07.028,DOI:10.1016/j.enpol.2018.03.062,3
DOI:10.1016/j.enpol.2008.07.028,DOI:10.1016/j.jclepro.2017.01.048,3
DOI:10.1016/j.enpol.2008.07.028,DOI:10.1016/j.enpol.2007.10.019,4
DOI:10.1016/j.enpol.2008.07.028,DOI:10.1016/j.rser.2014.10.089,3
DOI:10.1016/j.enpol.2010.03.077,"EBERHARD A., 2014, SOUTH AFRICA'S RENEWABLE ENERGY IPP PROCUREMENT PROGRAM: SUCCESS FACTORS AND LESSONS",3
DOI:10.1016/j.erss.2014.12.014,DOI:10.1016/j.erss.2015.12.006,3
DOI:10.1016/j.erss.2015.12.006,DOI:10.1016/j.erss.2018.01.009,3
DOI:10.1016/j.erss.2015.12.006,DOI:10.1016/j.erss.2014.12.001,3
DOI:10.1016/j.erss.2015.12.006,DOI:10.1016/j.enpol.2016.03.017,3
DOI:10.1016/j.erss.2015.12.006,DOI:10.1016/j.jclepro.2017.01.048,4
DOI:10.1016/j.erss.2015.12.006,DOI:10.1016/j.enpol.2013.06.030,3
DOI:10.1016/j.erss.2015.12.006,DOI:10.1016/j.erss.2015.02.005,3
DOI:10.1016/j.jenvman.2021.113980,DOI:10.1016/j.jclepro.2022.130648,3
DOI:10.1016/j.jenvman.2021.113980,DOI:10.1002/jae.951,3
DOI:10.1016/j.jenvman.2021.113980,DOI:10.1007/s11356-021-14993-1,3
DOI:10.1016/j.jenvman.2021.113980,DOI:10.1016/j.renene.2022.01.073,4
DOI:10.1016/j.jenvman.2021.113980,DOI:10.1111/j.1468-0084.2007.00477.x,4
DOI:10.1016/j.jenvman.2021.113980,"KAO CW, 2000, ADV ECONOMETRICS, V15, P179",3
DOI:10.1016/j.jenvman.2021.113980,DOI:10.1016/j.jeconom.2007.05.010,3
DOI:10.1016/j.jenvman.2021.113980,DOI:10.1016/j.renene.2022.06.125,3
DOI:10.1016/j.jretconser.2015.11.006,DOI:10.1080/13504620220145401,3
DOI:10.1016/j.renene.2021.02.072,DOI:10.1016/j.renene.2019.06.054,3
DOI:10.1016/j.renene.2021.02.072,DOI:10.1016/j.renene.2019.09.006,3
DOI:10.1016/j.renene.2021.02.075,DOI:10.1016/j.rser.2019.109547,3
DOI:10.1016/j.renene.2021.02.075,DOI:10.1016/j.enpol.2018.12.047,6
DOI:10.1016/j.renene.2021.02.075,DOI:10.1016/j.jeconom.2016.03.005,3
DOI:10.1016/j.renene.2021.02.075,DOI:10.1016/j.renene.2021.02.038,3
DOI:10.1016/j.renene.2021.02.075,DOI:10.1016/j.scitotenv.2019.01.323,4
DOI:10.1016/j.renene.2021.02.075,DOI:10.1080/13504851.2019.1593934,3
DOI:10.1016/j.renene.2021.02.075,DOI:10.1177/1536867x19874243,3
DOI:10.1016/j.renene.2021.02.075,DOI:10.1504/ijepee.2015.068246],3
DOI:10.1016/j.renene.2021.02.075,DOI:10.1007/s11356-021-12447-2,3
DOI:10.1016/j.renene.2021.02.075,DOI:10.1016/j.renene.2020.03.172,3
DOI:10.1016/j.renene.2021.02.075,DOI:10.1002/jae.951,3
DOI:10.1016/j.renene.2021.02.075,DOI:10.1016/0304-4076(94)01642-d,3
DOI:10.1016/j.renene.2021.02.075,DOI:10.1016/j.strueco.2021.03.011,3
DOI:10.1016/j.renene.2021.02.075,DOI:10.1016/j.eneco.2015.12.010,4
DOI:10.1016/j.renene.2021.02.075,DOI:10.1007/s11356-019-04567-7,3
DOI:10.1016/j.renene.2021.02.075,DOI:10.1016/j.eneco.2017.01.019,3
DOI:10.1016/j.rser.2009.11.009,DOI:10.1007/s11356-020-10504-w,3
DOI:10.1016/j.rser.2009.11.009,DOI:10.1016/j.apenergy.2012.06.057,4
DOI:10.1016/j.rser.2009.11.009,DOI:10.1016/j.renene.2014.02.010,3
DOI:10.1016/j.rser.2019.109547,DOI:10.1016/j.eneco.2023.106700,3
DOI:10.1016/j.rser.2019.109547,DOI:10.1016/j.enpol.2021.112566,4
DOI:10.1016/j.rser.2019.109547,DOI:10.1016/j.erss.2015.06.008,3
DOI:10.1016/j.rser.2019.109547,DOI:10.1016/j.techfore.2015.10.014,4
DOI:10.1016/j.rser.2019.109547,DOI:10.1111/gec3.12580,4
DOI:10.1016/j.rser.2019.109547,DOI:10.1007/978-3-319-67855-9_1,3
DOI:10.1016/j.rser.2019.109547,DOI:10.1016/j.erss.2018.10.018,3
DOI:10.1080/13504620220145401,DOI:10.1016/j.renene.2014.02.010,3
DOI:10.1080/13504620220145401,DOI:10.1016/j.renene.2023.119787,3
DOI:10.1080/15567249.2011.595248,DOI:10.1080/15567249.2013.853713,3
DOI:10.1080/15567249.2011.595248,DOI:10.1016/j.energy.2014.05.081,3
DOI:10.1080/15567249.2013.853713,DOI:10.1016/j.eneco.2008.12.010,3
DOI:10.1080/15567249.2013.853713,DOI:10.1016/j.energy.2014.05.081,3
DOI:10.3390/en15010108,DOI:10.1002/jae.951,3
DOI:10.3390/en15010108,DOI:10.1007/s11356-019-04567-7,3
DOI:10.3390/en15010108,DOI:10.1016/j.jeconom.2007.05.010,4
DOI:10.3390/en15010108,DOI:10.1186/s43093-023-00183-7,3
DOI:10.3390/en15010108,DOI:10.2307/2297545,3
DOI:10.3390/en15010108,DOI:10.1007/s11356-021-12447-2,3
DOI:10.3390/en15010108,DOI:10.1016/j.renene.2021.07.030,3
DOI:10.3390/en15010108,DOI:10.1016/j.renene.2022.04.150,4
DOI:10.3390/en15010108,DOI:10.1002/bse.3269,3
DOI:10.3390/en15010108,DOI:10.1007/s11356-022-20919-2,3
DOI:10.3390/en15010108,DOI:10.1007/s13132-022-00999-8,3
DOI:10.3390/en15010108,DOI:10.1016/j.eneco.2023.106661,3
DOI:10.3390/en15010108,DOI:10.1016/j.enpol.2009.05.003,3
DOI:10.3390/en15010108,DOI:10.1016/j.heliyon.2023.e13049,3
DOI:10.3390/en15010108,DOI:10.1016/j.heliyon.2023.e14155,3
DOI:10.3390/en15010108,DOI:10.1016/j.renene.2022.03.143,3
DOI:10.3390/en15010108,DOI:10.1016/j.strueco.2021.03.011,3
DOI:10.3390/en15010108,DOI:10.1111/j.1468-0084.2007.00477.x,3
DOI:10.1016/s0301-4215(02)00343-9,DOI:10.1016/s0301-4215(02)00133-7,3
DOI:10.1016/j.energy.2010.06.028,DOI:10.1016/j.rser.2010.11.015,3
DOI:10.1016/j.enpol.2009.10.047,DOI:10.1016/j.enpol.2004.08.004,3
DOI:10.1016/j.enpol.2009.10.047,DOI:10.1016/j.enpol.2012.03.014,3
DOI:10.1016/j.enpol.2009.10.047,DOI:10.1016/j.renene.2007.10.008,3
DOI:10.1016/j.enpol.2009.10.047,DOI:10.1016/s0301-4215(02)00133-7,4
DOI:10.1016/j.enpol.2009.10.047,DOI:10.1016/j.enpol.2004.06.014,3
DOI:10.1016/j.enpol.2009.10.047,DOI:10.1016/j.enpol.2004.08.029,3
DOI:10.1016/j.rser.2010.11.015,DOI:10.1016/j.enpol.2004.08.029,3
DOI:10.1016/j.eneco.2016.03.003,DOI:10.1016/j.enpol.2015.01.026,3
DOI:10.1016/j.eneco.2016.03.003,DOI:10.1016/j.esd.2015.12.006,3
DOI:10.1016/j.eneco.2016.03.003,DOI:10.1016/j.rser.2018.04.075,4
DOI:10.1016/j.eneco.2016.03.003,DOI:10.1016/0304-4076(94)01642-d,5
DOI:10.1016/j.eneco.2016.03.003,DOI:10.1016/j.renene.2018.12.037,3
DOI:10.1016/j.eneco.2016.03.003,DOI:10.1016/j.rser.2010.11.048,4
DOI:10.1016/j.eneco.2016.03.003,DOI:10.1016/j.rser.2016.12.032,3
DOI:10.1016/j.eneco.2016.03.003,DOI:10.1002/jae.951,3
DOI:10.1016/j.eneco.2016.03.003,DOI:10.1016/j.eneco.2008.12.010,3
DOI:10.1016/j.eneco.2016.03.003,DOI:10.1016/j.eneco.2019.104541,3
DOI:10.1016/j.eneco.2016.03.003,DOI:10.1016/j.enpol.2009.08.049,4
DOI:10.1016/j.eneco.2016.03.003,DOI:10.1016/j.jeconom.2016.03.005,3
DOI:10.1016/j.eneco.2016.03.003,DOI:10.1016/j.enpol.2009.05.003,4
DOI:10.1016/j.eneco.2016.03.003,DOI:10.1016/j.renene.2020.03.172,4
DOI:10.1016/j.eneco.2016.03.003,DOI:10.1016/j.renene.2021.07.030,4
DOI:10.1016/j.eneco.2016.03.003,DOI:10.1016/j.rser.2017.03.067,3
DOI:10.1016/j.eneco.2016.03.003,DOI:10.1016/j.strueco.2021.03.011,5
DOI:10.1016/j.eneco.2016.03.003,DOI:10.1016/j.energy.2018.05.068,4
DOI:10.1016/j.eneco.2016.03.003,DOI:10.1007/s11356-019-04567-7,3
DOI:10.1016/j.eneco.2016.03.003,DOI:10.1016/j.energy.2020.117992,3
DOI:10.1016/j.eneco.2016.03.003,DOI:10.1016/j.rser.2016.04.069,3
DOI:10.1016/j.enpol.2015.01.026,DOI:10.1016/j.esd.2015.12.006,4
DOI:10.1016/j.enpol.2015.01.026,DOI:10.1016/j.heliyon.2019.e01166,3
DOI:10.1016/j.enpol.2015.01.026,DOI:10.1016/j.enpol.2013.07.063,4
DOI:10.1016/j.enpol.2015.01.026,DOI:10.1016/s0301-4215(01)00098-2,3
DOI:10.1016/j.enpol.2015.01.026,DOI:10.1016/j.apenergy.2018.11.098,3
DOI:10.1016/j.enpol.2015.01.026,DOI:10.1016/j.enpol.2004.08.029,4
DOI:10.1016/j.enpol.2015.01.026,DOI:10.1016/j.techfore.2012.08.003,3
DOI:10.1016/j.enpol.2015.01.026,DOI:10.1016/j.gloenvcha.2015.10.001,3
DOI:10.1016/j.enpol.2015.01.026,DOI:10.1016/j.gloenvcha.2016.02.005,3
DOI:10.1016/j.enpol.2015.01.026,DOI:10.1016/j.techfore.2017.05.021,3
DOI:10.1016/j.enpol.2015.01.026,DOI:10.1016/j.rser.2016.10.024,3
DOI:10.1016/j.enpol.2015.01.026,DOI:10.1016/s0301-4215(02)00133-7,3
DOI:10.1016/j.esd.2015.12.006,DOI:10.1016/j.renene.2018.12.037,3
DOI:10.1016/j.heliyon.2019.e01166,DOI:10.1016/j.renene.2013.06.024,3
DOI:10.1016/j.heliyon.2019.e01166,DOI:10.1016/j.renene.2013.09.029,3
DOI:10.1016/j.heliyon.2019.e01166,DOI:10.1016/j.rser.2014.01.014,3
DOI:10.1016/j.heliyon.2019.e01166,DOI:10.3390/en8053794,4
DOI:10.1016/j.heliyon.2019.e01166,DOI:10.1088/1755-1315/83/1/012012,3
DOI:10.1016/j.heliyon.2019.e01166,DOI:10.3390/su11041206,3
DOI:10.1016/j.heliyon.2019.e01166,DOI:10.1016/j.erss.2017.10.018,3
DOI:10.1016/j.renene.2013.06.024,DOI:10.1016/j.renene.2013.09.029,3
DOI:10.1016/j.renene.2013.06.024,DOI:10.1016/j.renene.2014.08.027,3
DOI:10.1016/j.renene.2013.06.024,DOI:10.1016/j.rser.2014.01.014,3
DOI:10.1016/j.renene.2013.06.024,DOI:10.3390/en8053794,3
DOI:10.1016/j.renene.2013.06.024,DOI:10.1016/j.renene.2015.07.060,4
DOI:10.1016/j.renene.2013.06.024,DOI:10.1016/j.enpol.2019.110881,3
DOI:10.1016/j.renene.2013.09.029,DOI:10.1016/j.rser.2014.01.014,3
DOI:10.1016/j.renene.2013.09.029,DOI:10.3390/en8053794,3
DOI:10.1016/j.renene.2014.08.027,DOI:10.1016/j.energy.2018.07.209,3
DOI:10.1016/j.rser.2014.01.014,DOI:10.3390/en8053794,3
DOI:10.1016/j.rser.2018.04.075,DOI:10.1016/j.rser.2016.12.032,3
DOI:10.1016/j.rser.2018.04.075,DOI:10.1007/s11356-022-18715-z,3
DOI:10.1080/10042857.2017.1416049,DOI:10.1016/j.enpol.2020.111295,4
DOI:10.1080/10042857.2017.1416049,DOI:10.1108/ijesm-04-2020-0004,3
DOI:10.1080/10042857.2017.1416049,DOI:10.1111/1468-0262.00124,3
DOI:10.1007/s11356-020-10504-w,DOI:10.1016/j.apenergy.2012.06.057,3
DOI:10.1016/j.apenergy.2012.06.057,DOI:10.22097/eeer.2017.47240],3
DOI:10.1016/j.energy.2020.117992,DOI:10.1007/s11356-019-04567-7,4
DOI:10.1016/j.energy.2020.117992,DOI:10.1016/j.energy.2018.05.068,4
DOI:10.1016/j.energy.2020.117992,DOI:10.1007/s11356-021-12447-2,4
DOI:10.1016/j.energy.2020.117992,DOI:10.1016/j.eneco.2008.12.010,3
DOI:10.1016/j.energy.2020.117992,DOI:10.1016/j.renene.2020.03.172,5
DOI:10.1016/j.energy.2020.117992,DOI:10.1016/j.renene.2021.07.030,4
DOI:10.1016/j.energy.2020.117992,DOI:10.1016/j.scitotenv.2019.01.323,4
DOI:10.1016/j.energy.2020.117992,DOI:10.1016/j.strueco.2021.03.011,4
DOI:10.1016/j.energy.2020.117992,DOI:10.1016/j.eneco.2019.104541,3
DOI:10.1016/j.energy.2020.117992,DOI:10.1016/j.renene.2021.07.019,3
DOI:10.3390/en14175420,DOI:10.1016/j.renene.2014.02.010,3
DOI:10.1016/0165-1889(88)90041-3,DOI:10.1111/j.1468-0084.1990.mp52002003.x,5
DOI:10.1016/0165-1889(88)90041-3,DOI:10.2307/1913236,6
DOI:10.1016/0165-1889(88)90041-3,DOI:10.1007/s11356-021-12447-2,4
DOI:10.1016/0304-4076(95)01753-4,DOI:10.1016/s0165-1765(97)00214-0,3
DOI:10.1016/j.eneco.2008.12.010,DOI:10.1016/j.eneco.2011.08.015,4
DOI:10.1016/j.eneco.2008.12.010,DOI:10.1016/j.enpol.2009.05.003,4
DOI:10.1016/j.eneco.2008.12.010,DOI:10.1111/j.1468-0084.1990.mp52002003.x,3
DOI:10.1016/j.eneco.2008.12.010,DOI:10.2307/1913236,5
DOI:10.1016/j.eneco.2008.12.010,DOI:10.1002/jae.951,3
DOI:10.1016/j.eneco.2008.12.010,DOI:10.1016/0304-4076(94)01642-d,3
DOI:10.1016/j.eneco.2008.12.010,DOI:10.1016/j.eneco.2019.104541,3
DOI:10.1016/j.eneco.2008.12.010,DOI:10.1016/j.enpol.2009.08.049,5
DOI:10.1016/j.eneco.2008.12.010,DOI:10.1016/j.rser.2010.11.048,5
DOI:10.1016/j.eneco.2008.12.010,DOI:10.1007/s11356-021-12447-2,4
DOI:10.1016/j.eneco.2008.12.010,DOI:10.1016/j.energy.2018.05.068,4
DOI:10.1016/j.eneco.2008.12.010,DOI:10.1016/j.enpol.2009.09.002,5
DOI:10.1016/j.eneco.2008.12.010,DOI:10.1016/j.renene.2019.06.054,5
DOI:10.1016/j.eneco.2008.12.010,DOI:10.1016/j.renene.2020.03.172,5
DOI:10.1016/j.eneco.2008.12.010,DOI:10.2307/1912791,3
DOI:10.1016/j.eneco.2008.12.010,DOI:10.1007/s40974-020-00168-0,4
DOI:10.1016/j.eneco.2008.12.010,DOI:10.1016/j.eneco.2014.01.003,4
DOI:10.1016/j.eneco.2008.12.010,DOI:10.1016/j.energy.2014.05.081,9
DOI:10.1016/j.eneco.2008.12.010,DOI:10.1016/j.esr.2020.100535,4
DOI:10.1016/j.eneco.2008.12.010,DOI:10.1016/j.jclepro.2020.120287,3
DOI:10.1016/j.eneco.2008.12.010,DOI:10.1016/j.renene.2018.08.069,3
DOI:10.1016/j.eneco.2008.12.010,DOI:10.1016/j.renene.2019.11.098,4
DOI:10.1016/j.eneco.2008.12.010,DOI:10.1016/j.renene.2021.07.030,5
DOI:10.1016/j.eneco.2008.12.010,DOI:10.1016/j.rser.2017.03.067,4
DOI:10.1016/j.eneco.2008.12.010,DOI:10.1080/00036846.2014.964834,4
DOI:10.1016/j.eneco.2008.12.010,DOI:10.1080/00036846.2015.1011312,3
DOI:10.1016/j.eneco.2008.12.010,DOI:10.3390/en14102947,3
DOI:10.1016/j.eneco.2008.12.010,DOI:10.3390/su12114689,5
DOI:10.1016/j.eneco.2008.12.010,DOI:10.1016/j.renene.2019.06.170,5
DOI:10.1016/j.eneco.2008.12.010,DOI:10.1007/s11356-019-04567-7,4
DOI:10.1016/j.eneco.2008.12.010,DOI:10.1016/j.renene.2019.09.006,4
DOI:10.1016/j.eneco.2008.12.010,DOI:10.1016/j.strueco.2021.03.011,4
DOI:10.1016/j.eneco.2008.12.010,DOI:10.1080/1540496x.2017.1363036,4
DOI:10.1016/j.eneco.2008.12.010,DOI:10.1016/j.eneco.2016.02.008,3
DOI:10.1016/j.eneco.2008.12.010,DOI:10.1016/j.enpol.2010.01.024,3
DOI:10.1016/j.eneco.2008.12.010,DOI:10.1016/j.enpol.2013.10.064,3
DOI:10.1016/j.eneco.2008.12.010,DOI:10.1016/j.jclepro.2019.119122,3
DOI:10.1016/j.eneco.2008.12.010,DOI:10.1016/0304-4076(94)01644-f,3
DOI:10.1016/j.eneco.2008.12.010,DOI:10.1016/j.eneco.2015.12.010,3
DOI:10.1016/j.eneco.2008.12.010,DOI:10.1016/j.jeconom.2007.05.010,3
DOI:10.1016/j.eneco.2008.12.010,DOI:10.1016/j.renene.2019.11.106,4
DOI:10.1016/j.eneco.2008.12.010,DOI:10.1177/0958305x19857209,3
DOI:10.1016/j.eneco.2008.12.010,DOI:10.1177/1391561418794691,3
DOI:10.1016/j.eneco.2008.12.010,DOI:10.1016/j.renene.2017.03.102,3
DOI:10.1016/j.eneco.2008.12.010,DOI:10.1016/j.enpol.2018.12.047,3
DOI:10.1016/j.eneco.2008.12.010,DOI:10.2307/2297545,3
DOI:10.1016/j.eneco.2008.12.010,DOI:10.2307/2951763,3
DOI:10.1016/j.eneco.2011.08.015,DOI:10.1016/j.enpol.2009.05.003,5
DOI:10.1016/j.eneco.2011.08.015,DOI:10.1016/j.enpol.2009.08.049,4
DOI:10.1016/j.eneco.2011.08.015,DOI:10.1016/j.renene.2020.03.172,4
DOI:10.1016/j.eneco.2011.08.015,DOI:10.1016/j.energy.2014.05.081,3
DOI:10.1016/j.eneco.2011.08.015,DOI:10.1016/j.renene.2021.07.030,3
DOI:10.1016/j.eneco.2011.08.015,DOI:10.1016/j.rser.2017.03.067,3
DOI:10.1016/j.enpol.2009.05.003,DOI:10.1016/j.enpol.2009.09.002,4
DOI:10.1016/j.enpol.2009.05.003,DOI:10.1016/j.ecolecon.2020.106760,3
DOI:10.1016/j.enpol.2009.05.003,DOI:10.1016/j.econmod.2012.02.014,3
DOI:10.1016/j.enpol.2009.05.003,DOI:10.1016/j.eneco.2014.01.003,3
DOI:10.1016/j.enpol.2009.05.003,DOI:10.1016/j.enpol.2019.110929,3
DOI:10.1016/j.enpol.2009.05.003,DOI:10.1016/j.renene.2017.03.102,3
DOI:10.1016/j.enpol.2009.05.003,DOI:10.2307/2297111,3
DOI:10.1016/j.enpol.2009.05.003,"AGHION P, 2016, J POLIT ECON, V124, P1",3
DOI:10.1016/j.enpol.2009.05.003,DOI:10.1016/j.energy.2014.05.081,7
DOI:10.1016/j.enpol.2009.05.003,"PESARAN MH, 2021, EMPIR ECON, V60, P13, DOI [10.17863/CAM.5113, 10.1007/S00181-020-01875-7]",7
DOI:10.1016/j.enpol.2009.05.003,DOI:10.1002/jae.951,5
DOI:10.1016/j.enpol.2009.05.003,DOI:10.1016/0304-4076(94)01642-d,4
DOI:10.1016/j.enpol.2009.05.003,DOI:10.1016/j.enpol.2009.08.049,3
DOI:10.1016/j.enpol.2009.05.003,DOI:10.1016/j.jeconom.2016.03.005,3
DOI:10.1016/j.enpol.2009.05.003,DOI:10.1016/j.renene.2019.09.006,3
DOI:10.1016/j.enpol.2009.05.003,DOI:10.1016/j.renene.2020.03.172,4
DOI:10.1016/j.enpol.2009.05.003,DOI:10.1016/j.renene.2021.07.030,4
DOI:10.1016/j.enpol.2009.05.003,DOI:10.1016/j.resourpol.2022.103041,3
DOI:10.1016/j.enpol.2009.05.003,DOI:10.1016/j.strueco.2021.03.011,6
DOI:10.1016/j.enpol.2009.05.003,DOI:10.1177/1536867x19874243,3
DOI:10.1016/j.enpol.2009.05.003,DOI:10.1016/j.jclepro.2020.120287,3
DOI:10.1016/j.enpol.2009.05.003,DOI:10.1016/j.renene.2019.06.054,3
DOI:10.1016/j.enpol.2009.05.003,DOI:10.1016/0304-4076(94)01644-f,3
DOI:10.1016/j.enpol.2009.05.003,DOI:10.1016/s0304-4076(01)00098-7,3
DOI:10.1016/j.enpol.2009.05.003,DOI:10.1007/s11356-019-04567-7,4
DOI:10.1016/j.enpol.2009.05.003,DOI:10.1007/s11356-017-8850-7,3
DOI:10.1016/j.enpol.2009.05.003,DOI:10.1016/j.eneco.2015.12.010,3
DOI:10.1016/j.enpol.2009.05.003,DOI:10.1016/j.eneco.2018.08.017,3
DOI:10.1016/j.enpol.2009.05.003,DOI:10.1016/j.jeconom.2007.05.010,5
DOI:10.1016/j.enpol.2009.05.003,DOI:10.1080/1540496x.2017.1363036,3
DOI:10.1016/j.enpol.2009.05.003,DOI:10.1111/j.1468-0084.2007.00477.x,4
DOI:10.1016/j.enpol.2009.05.003,DOI:10.1016/j.enpol.2010.11.034,3
DOI:10.1016/j.enpol.2009.05.003,DOI:10.1016/j.scitotenv.2019.01.323,3
DOI:10.1016/j.enpol.2009.05.003,DOI:10.1016/j.energy.2020.118162,3
DOI:10.1016/j.enpol.2009.05.003,DOI:10.1016/j.renene.2019.11.098,3
DOI:10.1016/j.enpol.2009.05.003,DOI:10.1016/j.renene.2021.07.019,3
DOI:10.1016/j.enpol.2009.05.003,DOI:10.1016/j.renene.2021.02.038,3
DOI:10.1016/j.enpol.2009.05.003,DOI:10.1162/003465398557825,3
DOI:10.1016/j.enpol.2009.05.003,DOI:10.1177/1536867x0700700301,3
DOI:10.1016/j.enpol.2009.05.003,"SUN ZHONGYE, 2023, INT J ENVIRON RES PUBLIC HEALTH, V20, DOI [10.3390/IJERPH20043124, 10.3390/IJERPH20043124]",3
DOI:10.1016/j.enpol.2009.05.003,DOI:10.1002/bse.3269,3
DOI:10.1016/j.enpol.2009.05.003,DOI:10.1007/s11356-022-20919-2,3
DOI:10.1016/j.enpol.2009.05.003,DOI:10.1007/s13132-022-00999-8,3
DOI:10.1016/j.enpol.2009.05.003,DOI:10.1016/j.eneco.2023.106661,3
DOI:10.1016/j.enpol.2009.05.003,DOI:10.1016/j.heliyon.2023.e13049,3
DOI:10.1016/j.enpol.2009.05.003,DOI:10.1016/j.heliyon.2023.e14155,3
DOI:10.1016/j.enpol.2009.05.003,DOI:10.1016/j.renene.2022.03.143,3
DOI:10.1016/j.enpol.2009.05.003,DOI:10.1016/j.renene.2022.04.150,3
DOI:10.1111/j.1468-0084.1990.mp52002003.x,DOI:10.2307/1913236,6
DOI:10.1111/j.1468-0084.1990.mp52002003.x,DOI:10.1016/j.scitotenv.2019.01.323,3
DOI:10.1111/j.1468-0084.1990.mp52002003.x,DOI:10.1007/s11356-021-12447-2,3
DOI:10.2307/1913236,DOI:10.1007/s11356-020-09497-3,4
DOI:10.2307/1913236,DOI:10.1007/s40974-020-00168-0,4
DOI:10.2307/1913236,DOI:10.1016/j.enpol.2014.03.029,3
DOI:10.2307/1913236,DOI:10.1016/j.enpol.2018.12.047,3
DOI:10.2307/1913236,"[ANONYMOUS], 2019, WORLD DEVELOPMENT INDICATORS",3
DOI:10.2307/1913236,DOI:10.1007/s11356-021-12447-2,3
DOI:10.2307/1913236,DOI:10.1002/jae.951,3
DOI:10.2307/1913236,DOI:10.3390/en14102947,3
DOI:10.2307/1913236,DOI:10.1016/j.eneco.2014.01.003,3
DOI:10.2307/1913236,DOI:10.2307/2297545,4
DOI:10.1016/j.renene.2014.02.010,DOI:10.1016/j.renene.2023.119787,3
DOI:10.1016/j.renene.2014.02.010,DOI:10.1177/0276146713481605,3
"AGHION P, 2016, J POLIT ECON, V124, P1",DOI:10.1016/j.enpol.2009.09.002,3
"AGHION P, 2016, J POLIT ECON, V124, P1","PESARAN MH, 2021, EMPIR ECON, V60, P13, DOI [10.17863/CAM.5113, 10.1007/S00181-020-01875-7]",3
"AGHION P, 2016, J POLIT ECON, V124, P1",DOI:10.1016/j.eneco.2014.01.003,3
"AGHION P, 2016, J POLIT ECON, V124, P1",DOI:10.1002/jae.951,3
DOI:10.1016/j.apenergy.2018.11.098,DOI:10.1016/j.eneco.2020.104997,3
DOI:10.1016/j.apenergy.2018.11.098,DOI:10.1016/j.renene.2020.03.172,3
DOI:10.1016/j.apenergy.2018.11.098,DOI:10.1016/j.eneco.2022.106499,3
DOI:10.1016/j.apenergy.2018.11.098,DOI:10.1016/j.techfore.2012.08.003,3
DOI:10.1016/j.apenergy.2018.11.098,DOI:10.1016/j.techfore.2017.05.021,4
DOI:10.1016/j.renene.2018.02.041,DOI:10.1002/jae.951,3
DOI:10.1016/j.renene.2018.02.041,DOI:10.1111/j.1468-0084.2007.00477.x,3
DOI:10.1016/j.scitotenv.2018.06.320,DOI:10.1016/j.jclepro.2018.03.236,3
DOI:10.1016/j.scitotenv.2018.06.320,DOI:10.1016/j.rser.2015.10.080,3
DOI:10.1016/j.jenvman.2023.119709,DOI:10.1016/j.enpol.2023.113823,3
DOI:10.1016/j.jenvman.2023.119709,DOI:10.1016/j.renene.2021.02.038,3
DOI:10.1016/j.jenvman.2023.119709,DOI:10.1016/j.renene.2023.02.017,3
DOI:10.1016/j.rser.2010.11.048,DOI:10.1016/0304-4076(94)01642-d,4
DOI:10.1016/j.rser.2010.11.048,DOI:10.1016/j.rser.2016.12.032,3
DOI:10.1016/j.rser.2010.11.048,DOI:10.1002/jae.951,3
DOI:10.1016/j.rser.2010.11.048,DOI:10.1016/j.eneco.2019.104541,3
DOI:10.1016/j.rser.2010.11.048,DOI:10.1016/j.energy.2014.05.081,4
DOI:10.1016/j.rser.2010.11.048,DOI:10.1016/j.jclepro.2020.120287,3
DOI:10.1016/j.rser.2010.11.048,DOI:10.1016/j.renene.2021.07.030,3
DOI:10.1016/j.rser.2010.11.048,DOI:10.1016/j.renene.2022.03.034,3
DOI:10.1016/j.rser.2010.11.048,DOI:10.1080/00036846.2014.964834,3
DOI:10.1016/j.rser.2010.11.048,DOI:10.3390/su12114689,3
DOI:10.1016/j.rser.2010.11.048,DOI:10.1016/j.enpol.2018.12.047,3
DOI:10.1016/j.rser.2010.11.048,DOI:10.1016/j.jeconom.2007.05.010,3
DOI:10.1016/j.rser.2011.03.001,DOI:10.1016/j.rser.2013.07.015,3
DOI:10.1017/s1355770x1000001x,"BREITUNG J, 2000, ADV ECONOMETRICS, V15, P161",3
DOI:10.1017/s1355770x1000001x,DOI:10.1016/j.enpol.2018.12.047,5
DOI:10.1017/s1355770x1000001x,DOI:10.1016/j.renene.2021.02.038,3
DOI:10.1017/s1355770x1000001x,DOI:10.1016/j.scitotenv.2019.01.323,5
DOI:10.1017/s1355770x1000001x,DOI:10.1504/ijepee.2015.068246],3
DOI:10.1017/s1355770x1000001x,DOI:10.1016/j.eneco.2017.01.019,3
DOI:10.1017/s1355770x1000001x,DOI:10.1007/s11356-021-12447-2,3
DOI:10.1017/s1355770x1000001x,DOI:10.1080/1540496x.2017.1363036,3
DOI:10.1017/s1355770x1000001x,DOI:10.3390/su14031208,3
DOI:10.1017/s1355770x1000001x,DOI:10.1016/0304-4076(94)01642-d,3
DOI:10.1017/s1355770x1000001x,DOI:10.1016/j.energy.2018.05.068,3
DOI:10.1017/s1355770x1000001x,DOI:10.1016/j.renene.2019.11.098,3
DOI:10.1017/s1355770x1000001x,DOI:10.1016/j.renene.2020.03.172,3
DOI:10.1017/s1355770x1000001x,DOI:10.1016/j.renene.2021.07.030,4
DOI:10.1017/s1355770x1000001x,DOI:10.1016/j.strueco.2021.03.011,3
DOI:10.1017/s1355770x1000001x,DOI:10.1016/j.eneco.2021.105649,3
DOI:10.1017/s1355770x1000001x,DOI:10.1016/j.enpol.2010.11.034,4
DOI:10.1016/j.respol.2012.02.013,DOI:10.1016/s0048-7333(02)00062-8,3
DOI:10.1057/palcomms.2015.47,DOI:10.1111/j.1758-5899.2011.00119.x,3
DOI:10.1016/j.eneco.2024.107489,DOI:10.1016/j.eneco.2024.107654,3
DOI:10.1016/j.eneco.2024.107489,DOI:10.1016/j.jclepro.2024.141298,3
DOI:10.1016/j.eneco.2024.107489,DOI:10.1016/j.eneco.2024.107388,3
DOI:10.1016/0304-4076(94)01642-d,DOI:10.1016/j.renene.2018.12.037,3
DOI:10.1016/0304-4076(94)01642-d,DOI:10.1016/j.rser.2016.12.032,3
DOI:10.1016/0304-4076(94)01642-d,DOI:10.1007/s11356-019-04567-7,4
DOI:10.1016/0304-4076(94)01642-d,DOI:10.1177/1536867x0900900106,9
DOI:10.1016/0304-4076(94)01642-d,DOI:10.1002/jae.951,9
DOI:10.1016/0304-4076(94)01642-d,DOI:10.1016/j.jeconom.2016.03.005,3
DOI:10.1016/0304-4076(94)01642-d,DOI:10.1111/j.1468-0084.2007.00477.x,4
DOI:10.1016/0304-4076(94)01642-d,DOI:10.1016/s0304-4076(01)00098-7,5
DOI:10.1016/0304-4076(94)01642-d,"PESARAN MH, 2021, EMPIR ECON, V60, P13, DOI [10.17863/CAM.5113, 10.1007/S00181-020-01875-7]",8
DOI:10.1016/0304-4076(94)01642-d,DOI:10.1016/j.energy.2014.05.081,4
DOI:10.1016/0304-4076(94)01642-d,DOI:10.1016/j.renene.2020.03.172,3
DOI:10.1016/0304-4076(94)01642-d,DOI:10.1016/j.renene.2021.07.030,3
DOI:10.1016/0304-4076(94)01642-d,DOI:10.1016/j.strueco.2021.03.011,3
DOI:10.1016/0304-4076(94)01642-d,DOI:10.1080/07474930500243019,3
DOI:10.1016/0304-4076(94)01642-d,DOI:10.1016/j.jeconom.2007.05.010,5
DOI:10.1016/0304-4076(94)01642-d,DOI:10.1016/s0304-4076(98)00023-2,3
DOI:10.1016/0304-4076(94)01642-d,DOI:10.1016/j.energy.2018.05.068,3
DOI:10.1016/0304-4076(94)01642-d,DOI:10.1016/j.renene.2020.11.052,3
DOI:10.1016/0304-4076(94)01642-d,DOI:10.1007/s13132-022-00999-8,3
DOI:10.1016/0304-4076(94)01642-d,DOI:10.1162/003465398557825,3
DOI:10.1016/0304-4076(94)01642-d,DOI:10.2307/1911408,5
DOI:10.1016/0304-4076(94)01642-d,DOI:10.2307/1913103,3
DOI:10.1016/0304-4076(94)01642-d,DOI:10.1016/j.jeconom.2004.02.005,3
DOI:10.1016/0304-4076(94)01642-d,DOI:10.1016/j.enpol.2010.11.034,3
DOI:10.1016/j.enpol.2010.03.029,DOI:10.1016/j.ecolecon.2010.06.014,3
DOI:10.1016/j.enpol.2010.03.029,DOI:10.1016/j.renene.2018.10.052,3
DOI:10.1016/j.renene.2018.12.037,DOI:10.1016/j.rser.2016.12.032,3
DOI:10.1016/j.rser.2016.12.032,DOI:10.1002/jae.951,3
DOI:10.1111/psj.12095,DOI:10.1007/s11077-009-9099-x,3
DOI:10.1111/psj.12095,DOI:10.1016/s1449-4035(07)70118-2,3
"BHALLA NITA, BBC FOCUS ON AFRICA, P23",DOI:10.1016/j.eist.2011.02.003,3
"BHALLA NITA, BBC FOCUS ON AFRICA, P23",DOI:10.1080/13563467.2013.849674,3
DOI:10.1016/j.eist.2011.02.002,DOI:10.1016/j.eist.2011.02.003,4
DOI:10.1016/j.eist.2011.02.002,DOI:10.1016/j.enpol.2013.09.039,3
DOI:10.1016/j.eist.2011.02.002,DOI:10.1016/s0048-7333(02)00062-8,5
DOI:10.1016/j.eist.2011.02.002,DOI:10.1080/13563467.2013.849674,3
DOI:10.1016/j.eist.2011.02.002,DOI:10.1007/s11077-009-9097-z,3
DOI:10.1016/j.eist.2011.02.002,DOI:10.1016/j.respol.2007.01.003,3
DOI:10.1016/j.eist.2011.02.002,DOI:10.1016/j.respol.2004.01.015,4
DOI:10.1016/j.eist.2011.02.002,DOI:10.1016/j.respol.2005.07.005,3
DOI:10.1016/j.eist.2011.02.003,DOI:10.1016/s0048-7333(02)00062-8,4
DOI:10.1016/j.eist.2011.02.003,DOI:10.1080/13563467.2013.849674,4
DOI:10.1016/j.eist.2011.02.003,DOI:10.1016/j.respol.2012.02.014,3
DOI:10.1016/j.eist.2011.02.003,DOI:10.1007/s11077-009-9097-z,3
DOI:10.1016/j.eist.2011.02.003,DOI:10.1080/09537329808524310,3
DOI:10.1016/j.eist.2014.04.004,DOI:10.1016/j.erss.2014.12.001,4
DOI:10.1016/j.eist.2014.04.004,DOI:10.1016/j.enpol.2007.10.019,3
DOI:10.1016/j.eist.2014.04.004,DOI:10.1016/j.enpol.2013.06.030,6
DOI:10.1016/j.eist.2014.04.004,DOI:10.1016/j.rser.2018.06.013,3
DOI:10.1016/j.eist.2014.04.004,DOI:10.1016/j.enpol.2018.03.062,3
DOI:10.1016/j.eist.2014.04.004,DOI:10.1016/j.erss.2017.09.019,3
DOI:10.1016/j.eist.2014.04.004,DOI:10.1016/j.jclepro.2017.01.048,4
DOI:10.1016/j.eist.2014.04.004,DOI:10.1016/j.respol.2007.01.003,3
DOI:10.1016/j.enpol.2013.09.039,DOI:10.1016/s0048-7333(02)00062-8,3
DOI:10.1016/j.erss.2014.12.001,DOI:10.1016/j.enpol.2017.06.051,3
DOI:10.1016/j.erss.2014.12.001,DOI:10.1007/978-3-319-93518-8,3
DOI:10.1016/j.erss.2014.12.001,DOI:10.1016/j.enpol.2013.06.030,3
DOI:10.1016/j.erss.2014.12.001,DOI:10.1016/j.enpol.2016.03.017,3
DOI:10.1016/j.erss.2014.12.001,DOI:10.1016/j.enpol.2018.03.062,3
DOI:10.1016/j.erss.2014.12.001,DOI:10.1016/j.jclepro.2017.01.048,4
DOI:10.1016/j.erss.2014.12.001,DOI:10.3390/su10093339,4
DOI:10.1016/j.erss.2014.12.001,DOI:10.1016/j.enpol.2012.08.045,3
DOI:10.1016/j.erss.2014.12.001,DOI:10.1016/j.rser.2017.10.050,3
DOI:10.1016/j.erss.2014.12.001,DOI:10.1016/j.enpol.2008.09.032,4
DOI:10.1016/j.erss.2014.12.001,DOI:10.1016/j.renene.2014.02.038,4
DOI:10.1016/s0048-7333(02)00062-8,DOI:10.1080/13563467.2013.849674,4
DOI:10.1016/s0048-7333(02)00062-8,DOI:10.1177/0263276414531627,4
DOI:10.1016/s0048-7333(02)00062-8,DOI:10.1016/j.respol.2007.01.003,5
DOI:10.1016/s0048-7333(02)00062-8,DOI:10.1016/j.respol.2005.07.005,5
DOI:10.1016/s0048-7333(02)00062-8,DOI:10.1016/j.respol.2004.01.015,6
DOI:10.1016/s0048-7333(02)00062-8,DOI:10.1016/j.respol.2010.01.023,3
DOI:10.1016/s0048-7333(02)00062-8,DOI:10.1016/j.respol.2016.04.004,3
DOI:10.1016/s0048-7333(02)00062-8,DOI:10.1016/j.respol.2015.09.008,3
DOI:10.1080/13563467.2013.849674,DOI:10.1177/0263276414531627,3
DOI:10.1080/13563467.2013.849674,DOI:10.1016/j.geoforum.2015.06.017,4
DOI:10.1080/13563467.2013.849674,DOI:10.1016/j.geoforum.2016.05.009,3
DOI:10.1080/13563467.2013.849674,DOI:10.1016/j.polgeo.2017.03.003,3
DOI:10.1080/13563467.2013.849674,"EBERHARD A., 2014, SOUTH AFRICA'S RENEWABLE ENERGY IPP PROCUREMENT PROGRAM: SUCCESS FACTORS AND LESSONS",4
DOI:10.1080/13563467.2013.849674,"FINE B., 2018, POLITICAL EC S AFRIC",5
DOI:10.1080/13563467.2013.849674,DOI:10.1016/j.enpol.2012.10.066,4
DOI:10.1080/13563467.2013.849674,DOI:10.1016/j.polgeo.2016.10.001,3
DOI:10.1080/13563467.2013.849674,DOI:10.1111/gec3.12214,3
DOI:10.1080/13563467.2013.849674,DOI:10.1177/0042098013500090,3
DOI:10.1080/13563467.2013.849674,DOI:10.58331/uctpress.15,3
DOI:10.1080/13563467.2013.849674,DOI:10.1016/j.respol.2004.01.015,3
"KUMAR JCR, 2020, ENERGY SUSTAIN SOC, V10, DOI [10.30954/2277-940X.05.2020.16, 10.1186/S13705-019-0232-1]",DOI:10.1016/j.energy.2021.120410,3
"KUMAR JCR, 2020, ENERGY SUSTAIN SOC, V10, DOI [10.30954/2277-940X.05.2020.16, 10.1186/S13705-019-0232-1]",DOI:10.1016/j.techfore.2019.06.008,3
DOI:10.1016/j.erss.2019.101233,DOI:10.1016/j.enpol.2017.10.031,3
DOI:10.1016/j.erss.2019.101233,DOI:10.1016/j.erss.2017.10.018,4
DOI:10.1007/s11356-019-04567-7,DOI:10.1016/j.enpol.2009.09.002,3
DOI:10.1007/s11356-019-04567-7,DOI:10.1142/s1793993323500035,3
DOI:10.1007/s11356-019-04567-7,DOI:10.1016/j.energy.2018.05.068,6
DOI:10.1007/s11356-019-04567-7,DOI:10.1016/j.scitotenv.2020.142583,4
DOI:10.1007/s11356-019-04567-7,DOI:10.1016/j.jeconom.2007.05.010,5
DOI:10.1007/s11356-019-04567-7,DOI:10.1016/j.renene.2019.06.054,4
DOI:10.1007/s11356-019-04567-7,DOI:10.1016/j.renene.2019.09.006,4
DOI:10.1007/s11356-019-04567-7,DOI:10.1016/j.renene.2019.11.106,3
DOI:10.1007/s11356-019-04567-7,"PESARAN MH, 2021, EMPIR ECON, V60, P13, DOI [10.17863/CAM.5113, 10.1007/S00181-020-01875-7]",4
DOI:10.1007/s11356-019-04567-7,DOI:10.1016/j.energy.2014.05.081,4
DOI:10.1007/s11356-019-04567-7,DOI:10.1016/j.renene.2019.06.170,3
DOI:10.1007/s11356-019-04567-7,DOI:10.1016/j.renene.2019.11.098,3
DOI:10.1007/s11356-019-04567-7,DOI:10.1016/j.renene.2020.03.172,5
DOI:10.1007/s11356-019-04567-7,DOI:10.1016/j.renene.2021.07.030,4
DOI:10.1007/s11356-019-04567-7,DOI:10.1016/j.rser.2017.03.067,3
DOI:10.1007/s11356-019-04567-7,DOI:10.1016/j.strueco.2021.03.011,4
DOI:10.1007/s11356-019-04567-7,DOI:10.1080/1540496x.2017.1363036,4
DOI:10.1007/s11356-019-04567-7,DOI:10.1002/jae.951,3
DOI:10.1007/s11356-019-04567-7,DOI:10.1186/s43093-023-00183-7,3
DOI:10.1007/s11356-019-04567-7,DOI:10.2307/2297545,4
DOI:10.1007/s11356-019-04567-7,DOI:10.1002/ijfe.2073,3
DOI:10.1007/s11356-019-04567-7,DOI:10.1007/s11356-017-8850-7,3
DOI:10.1007/s11356-019-04567-7,DOI:10.1007/s40974-020-00168-0,3
DOI:10.1007/s11356-019-04567-7,DOI:10.1016/j.eneco.2015.12.010,5
DOI:10.1007/s11356-019-04567-7,DOI:10.1111/j.1468-0084.2007.00477.x,3
DOI:10.1007/s11356-019-04567-7,DOI:10.1007/s11356-022-18976-8,3
DOI:10.1007/s11356-019-04567-7,DOI:10.1007/s13132-022-00999-8,3
DOI:10.1007/s11356-019-04567-7,DOI:10.1016/j.eneco.2017.01.019,3
DOI:10.1007/s11356-019-04567-7,DOI:10.1016/j.enpol.2018.12.047,5
DOI:10.1007/s11356-019-04567-7,DOI:10.1016/j.renene.2022.04.150,3
DOI:10.1007/s11356-019-04567-7,DOI:10.1016/j.scitotenv.2019.01.323,3
DOI:10.1007/s11356-019-04567-7,DOI:10.1504/ijepee.2015.068246],3
DOI:10.1007/s11356-019-04567-7,DOI:10.3390/en13236265,3
DOI:10.1007/s11356-019-04567-7,DOI:10.1016/j.eneco.2019.104541,3
DOI:10.1007/s11356-019-04567-7,DOI:10.1016/j.energy.2020.117356,4
DOI:10.1007/s11356-019-04567-7,DOI:10.1016/j.jclepro.2018.04.190,3
DOI:10.1007/s11356-019-04567-7,DOI:10.1016/j.renene.2021.07.019,3
DOI:10.1007/s11356-019-04567-7,DOI:10.1016/j.renene.2022.03.143,3
DOI:10.1007/s11558-019-09344-2,DOI:10.1080/00036840500392078,3
DOI:10.1007/s11558-019-09344-2,DOI:10.1002/jae.951,3
DOI:10.1007/s11558-019-09344-2,DOI:10.1016/j.jeconom.2007.05.010,3
DOI:10.1007/s11558-019-09344-2,DOI:10.1111/j.1468-0084.2007.00477.x,3
DOI:10.1016/j.enpol.2009.09.002,DOI:10.1016/j.erss.2015.12.020,3
DOI:10.1016/j.enpol.2009.09.002,DOI:10.1016/j.jeconom.2015.03.007,3
DOI:10.1016/j.enpol.2009.09.002,DOI:10.1086/261725,3
DOI:10.1016/j.enpol.2009.09.002,DOI:10.1111/j.1468-0262.2006.00692.x,4
DOI:10.1016/j.enpol.2009.09.002,"PESARAN MH, 2021, EMPIR ECON, V60, P13, DOI [10.17863/CAM.5113, 10.1007/S00181-020-01875-7]",5
DOI:10.1016/j.enpol.2009.09.002,DOI:10.1016/j.enpol.2009.08.049,3
DOI:10.1016/j.enpol.2009.09.002,DOI:10.1016/j.renene.2019.06.054,4
DOI:10.1016/j.enpol.2009.09.002,DOI:10.1016/j.renene.2020.03.172,3
DOI:10.1016/j.enpol.2009.09.002,DOI:10.1007/978-1-4899-8008-3_9,3
DOI:10.1016/j.enpol.2009.09.002,DOI:10.1016/j.eneco.2015.01.003,3
DOI:10.1016/j.enpol.2009.09.002,DOI:10.1016/j.energy.2020.118162,3
DOI:10.1016/j.enpol.2009.09.002,DOI:10.1002/jae.951,6
DOI:10.1016/j.enpol.2009.09.002,DOI:10.1016/j.renene.2016.03.078,3
DOI:10.1016/j.enpol.2009.09.002,DOI:10.1016/j.worlddev.2004.03.004,4
DOI:10.1016/j.enpol.2009.09.002,DOI:10.1257/aer.102.1.131,3
DOI:10.1016/j.renene.2021.11.075,DOI:10.1016/j.resourpol.2022.102569,3
DOI:10.1016/j.renene.2023.119403,DOI:10.1177/1536867x0900900106,3
DOI:10.1016/j.resourpol.2022.102569,DOI:10.1002/jae.951,5
DOI:10.1016/j.resourpol.2022.102569,DOI:10.1016/j.econmod.2012.02.014,4
DOI:10.1016/j.resourpol.2022.102569,DOI:10.1016/j.jeconom.2007.05.010,4
DOI:10.1016/j.resourpol.2022.102569,DOI:10.1111/j.1468-0084.2007.00477.x,4
DOI:10.1177/1536867x0900900106,DOI:10.1002/sd.2703,3
DOI:10.1177/1536867x0900900106,DOI:10.1002/jae.951,3
DOI:10.1177/1536867x0900900106,DOI:10.1016/s0304-4076(01)00098-7,3
DOI:10.1177/1536867x0900900106,DOI:10.2307/1911408,4
DOI:10.1177/1536867x0900900106,DOI:10.2307/1913103,3
DOI:10.1257/aer.102.1.131,DOI:10.1002/jae.951,3
DOI:10.2307/1911408,DOI:10.2307/1913103,3
DOI:10.2307/1911408,DOI:10.1016/j.jeconom.2004.02.005,3
DOI:10.3390/su12124921,DOI:10.1016/j.energy.2021.120467,3
DOI:10.1016/j.enpol.2011.06.050,DOI:10.1016/j.enpol.2004.08.029,3
DOI:10.1016/j.enpol.2012.08.064,DOI:10.1016/j.renene.2008.03.018,3
DOI:10.1016/j.erss.2015.12.016,DOI:10.1016/j.enpol.2013.06.030,3
DOI:10.1016/j.erss.2015.12.016,DOI:10.1016/j.erss.2019.101231,3
DOI:10.1016/j.erss.2015.12.016,DOI:10.1016/j.enpol.2008.09.032,3
DOI:10.1016/j.renene.2021.03.141,DOI:10.1016/j.techfore.2021.120937,4
DOI:10.1016/j.renene.2021.03.141,DOI:10.1016/j.seta.2021.101818,3
DOI:10.1016/j.techfore.2021.120937,DOI:10.1016/j.seta.2021.101818,3
DOI:10.1016/j.energy.2021.120467,DOI:10.1016/j.esr.2019.100431,3
DOI:10.1016/j.energy.2021.120467,DOI:10.1016/j.rser.2021.110934,3
DOI:10.1016/j.energy.2021.120467,DOI:10.1016/j.wasman.2018.01.036,3
DOI:10.1016/j.energy.2021.120467,DOI:10.1016/j.apenergy.2020.116273,10
DOI:10.1016/j.energy.2021.120467,DOI:10.1016/j.futures.2020.102644,3
DOI:10.1016/j.energy.2021.120467,DOI:10.1016/j.renene.2019.02.077,3
DOI:10.1016/j.energy.2021.120467,DOI:10.1002/pip.3189,6
DOI:10.1016/j.energy.2021.120467,DOI:10.1016/j.enconman.2016.01.019,6
DOI:10.1016/j.energy.2021.120467,DOI:10.1016/j.energy.2021.121690,4
DOI:10.1016/j.energy.2021.120467,DOI:10.1016/j.est.2017.11.012,3
DOI:10.1016/j.energy.2021.120467,DOI:10.1016/j.ijepes.2019.03.055,4
DOI:10.1016/j.energy.2021.120467,DOI:10.1016/j.jclepro.2019.03.086,3
DOI:10.1016/j.energy.2021.120467,DOI:10.1016/j.joule.2021.03.005,8
DOI:10.1016/j.energy.2021.120467,DOI:10.1016/j.rser.2019.04.032,3
DOI:10.1016/j.energy.2021.120467,DOI:10.1016/j.solener.2018.07.029,6
DOI:10.1016/j.energy.2021.120467,DOI:10.1016/j.solener.2019.04.081,3
DOI:10.1016/j.energy.2021.120467,DOI:10.1016/j.techfore.2019.06.008,4
DOI:10.1016/j.energy.2021.120467,DOI:10.1038/s41467-019-08855-1,5
DOI:10.1016/j.energy.2021.120467,DOI:10.3390/en12203870,6
DOI:10.1016/j.energy.2021.120467,DOI:10.3390/en13102502,4
DOI:10.1016/j.energy.2021.120467,DOI:10.1016/j.apenergy.2020.114737,3
DOI:10.1016/j.energy.2021.120467,DOI:10.1016/j.apenergy.2021.117265,3
DOI:10.1016/j.energy.2021.120467,DOI:10.1016/j.joule.2020.05.005,3
DOI:10.1016/j.energy.2021.120467,DOI:10.1016/j.oneear.2019.12.003,5
DOI:10.1016/j.energy.2021.120467,DOI:10.1016/j.renene.2018.09.082,5
DOI:10.1016/j.energy.2021.120467,DOI:10.1016/j.rser.2020.109917,4
DOI:10.1016/j.energy.2021.120467,DOI:10.1016/j.rser.2022.112452,3
DOI:10.1016/j.energy.2021.120467,DOI:10.1038/s41558-021-00998-8,3
DOI:10.1016/j.energy.2021.120467,DOI:10.1109/access.2022.3193402,7
DOI:10.1016/j.energy.2021.120467,DOI:10.1002/pip.3659,3
DOI:10.1016/j.energy.2021.120467,DOI:10.1016/j.ijhydene.2023.08.170,4
DOI:10.1016/j.energy.2021.120467,DOI:10.1016/j.renene.2021.03.098,4
DOI:10.1016/j.energy.2021.120467,DOI:10.1038/s41467-019-12468-z,3
DOI:10.1016/j.energy.2021.120467,DOI:10.3390/en10101468,4
DOI:10.1016/j.energy.2021.120467,DOI:10.3390/en14082103,4
DOI:10.1016/j.energy.2021.120467,DOI:10.3390/en14206594,3
DOI:10.1016/j.energy.2021.120467,DOI:10.1016/j.esr.2019.100399,3
DOI:10.1016/j.energy.2021.120467,DOI:10.1016/j.renene.2018.02.009,3
DOI:10.1016/j.energy.2021.120467,DOI:10.1073/pnas.1610381114,3
DOI:10.1016/j.energy.2021.120467,DOI:10.1007/s11027-019-9847-y,3
DOI:10.1016/j.energy.2021.120467,DOI:10.1016/j.apenergy.2020.116170,3
DOI:10.1016/j.energy.2021.120467,DOI:10.1016/j.egypro.2016.10.115,4
DOI:10.1016/j.energy.2021.120467,DOI:10.1016/j.energy.2018.06.222,3
DOI:10.1016/j.energy.2021.120467,DOI:10.1016/j.joule.2023.06.016,3
DOI:10.1016/j.energy.2021.120467,DOI:10.1016/j.rser.2021.111557,3
DOI:10.1016/j.energy.2021.120467,DOI:10.1016/j.rser.2025.115371,3
DOI:10.1016/j.energy.2021.120467,DOI:10.1016/j.rser.2025.115383,3
DOI:10.1016/j.energy.2021.120467,DOI:10.1038/nenergy.2017.140,3
DOI:10.1016/j.energy.2021.120467,DOI:10.1038/s41467-020-20015-4,3
DOI:10.1016/j.energy.2021.120467,DOI:10.1109/access.2022.3221155,4
DOI:10.1016/j.energy.2021.120467,DOI:10.1007/978-1-4939-2493-6_1071-1,3
DOI:10.1016/j.energy.2021.120467,DOI:10.1016/j.energy.2019.03.092,4
DOI:10.1016/j.energy.2021.120467,DOI:10.1016/j.rser.2018.04.113,5
DOI:10.1016/j.energy.2021.120467,DOI:10.3390/en10081171,3
DOI:10.1016/j.energy.2021.120467,DOI:10.1016/j.rser.2018.05.042,3
DOI:10.1016/j.energy.2021.120467,DOI:10.1016/j.energy.2020.118532,4
DOI:10.1016/j.esr.2019.100431,DOI:10.1016/j.wasman.2018.01.036,3
DOI:10.1016/j.rser.2021.110934,DOI:10.1016/j.apenergy.2020.116273,3
DOI:10.1016/j.renene.2018.08.069,DOI:10.3390/su12114689,3
DOI:10.5194/essd-14-1917-2022,DOI:10.1002/jae.951,3
DOI:10.1016/j.erss.2015.12.020,DOI:10.1002/jae.951,4
DOI:10.1016/j.jeconom.2015.03.007,DOI:10.1002/sd.2399,3
DOI:10.1016/j.jeconom.2015.03.007,DOI:10.1177/1536867x1201200105,3
DOI:10.1016/j.jeconom.2015.03.007,"PESARAN MH, 2021, EMPIR ECON, V60, P13, DOI [10.17863/CAM.5113, 10.1007/S00181-020-01875-7]",8
DOI:10.1016/j.jeconom.2015.03.007,DOI:10.1002/jae.951,10
DOI:10.1016/j.jeconom.2015.03.007,DOI:10.2307/2297111,4
DOI:10.1016/j.jeconom.2015.03.007,DOI:10.1016/j.econlet.2013.09.012,3
DOI:10.1016/j.jeconom.2015.03.007,DOI:10.1016/j.jeconom.2007.05.010,3
DOI:10.1016/j.jeconom.2015.03.007,DOI:10.1016/j.econmod.2012.02.014,3
DOI:10.1016/j.jeconom.2015.03.007,DOI:10.1111/j.1468-0084.2007.00477.x,7
DOI:10.1016/j.jeconom.2015.03.007,DOI:10.1016/j.jenvman.2020.111028,3
DOI:10.1016/j.jeconom.2015.03.007,DOI:10.1016/s0304-4076(98)00023-2,3
DOI:10.1086/261725,DOI:10.1016/j.worlddev.2004.03.004,3
DOI:10.1016/j.enpol.2009.07.003,DOI:10.1016/j.enpol.2017.10.031,3
DOI:10.1016/j.enpol.2017.10.031,DOI:10.1016/j.enpol.2018.03.062,3
DOI:10.1016/j.enpol.2017.10.031,DOI:10.1016/j.erss.2017.10.018,3
DOI:10.1016/j.enpol.2017.10.031,DOI:10.1016/j.enpol.2013.06.030,3
DOI:10.1016/j.enpol.2017.10.031,DOI:10.1080/09644016.2017.1387294,3
DOI:10.1016/j.enpol.2018.03.062,DOI:10.3390/su10093339,3
DOI:10.1016/j.enpol.2018.03.062,DOI:10.1016/j.enpol.2013.06.030,4
DOI:10.1016/j.enpol.2018.03.062,DOI:10.1016/j.erss.2017.09.019,3
DOI:10.1016/j.enpol.2018.03.062,DOI:10.1016/j.jclepro.2017.01.048,4
DOI:10.1016/j.enpol.2018.03.062,DOI:10.1016/j.enpol.2008.09.032,3
DOI:10.1016/j.enpol.2018.03.062,DOI:10.1016/j.renene.2014.02.038,3
DOI:10.1016/j.erss.2017.10.018,DOI:10.1016/j.erss.2021.102482,4
DOI:10.1016/j.erss.2017.10.018,DOI:10.1080/1523908x.2019.1680277,3
DOI:10.1016/j.erss.2017.10.018,DOI:10.1016/j.erss.2017.09.024,3
DOI:10.1016/j.erss.2017.10.018,DOI:10.1080/09644016.2017.1387294,3
DOI:10.1016/j.erss.2021.102157,DOI:10.1016/j.jup.2021.101269,3
DOI:10.1016/j.jup.2021.101269,DOI:10.3351/ppp.0008.0003.0004,3
DOI:10.1016/j.jup.2021.101269,DOI:10.1016/j.jclepro.2017.01.048,3
DOI:10.3351/ppp.0008.0003.0004,DOI:10.1111/apce.12038,3
DOI:10.3390/su10093339,DOI:10.1016/j.enpol.2013.06.030,3
DOI:10.1016/j.eneco.2015.01.003,DOI:10.1016/j.enpol.2020.111295,3
DOI:10.1016/j.eneco.2015.01.003,DOI:10.1016/j.renene.2019.09.007,3
DOI:10.1016/j.eneco.2015.01.003,"PESARAN MH, 2021, EMPIR ECON, V60, P13, DOI [10.17863/CAM.5113, 10.1007/S00181-020-01875-7]",4
DOI:10.1016/j.eneco.2015.01.003,DOI:10.1007/978-1-4899-8008-3_9,3
DOI:10.1016/j.eneco.2015.01.003,DOI:10.1016/j.energy.2020.118162,4
DOI:10.1016/j.eneco.2015.01.003,DOI:10.1016/j.renene.2019.06.170,3
DOI:10.1016/j.eneco.2015.01.003,DOI:10.1016/s0304-4076(98)00023-2,3
DOI:10.1016/j.eneco.2015.01.003,DOI:10.1002/jae.951,4
DOI:10.1016/j.renene.2020.03.172,DOI:10.1504/ijgenvi.2016.076945,3
DOI:10.1016/j.renene.2020.03.172,DOI:10.1016/j.jeconom.2007.05.010,4
DOI:10.1016/j.renene.2020.03.172,DOI:10.1016/j.jeconom.2012.04.004,3
DOI:10.1016/j.renene.2020.03.172,"PESARAN MH, 2021, EMPIR ECON, V60, P13, DOI [10.17863/CAM.5113, 10.1007/S00181-020-01875-7]",4
DOI:10.1016/j.renene.2020.03.172,DOI:10.1007/s11356-021-12447-2,5
DOI:10.1016/j.renene.2020.03.172,DOI:10.1016/j.energy.2018.05.068,7
DOI:10.1016/j.renene.2020.03.172,DOI:10.1016/j.enpol.2009.08.049,3
DOI:10.1016/j.renene.2020.03.172,DOI:10.1016/j.eneco.2021.105649,3
DOI:10.1016/j.renene.2020.03.172,DOI:10.1016/j.enpol.2020.111365,3
DOI:10.1016/j.renene.2020.03.172,DOI:10.1016/j.jenvman.2020.111028,4
DOI:10.1016/j.renene.2020.03.172,DOI:10.1016/j.renene.2019.09.006,4
DOI:10.1016/j.renene.2020.03.172,DOI:10.1016/j.renene.2019.11.098,5
DOI:10.1016/j.renene.2020.03.172,DOI:10.1002/jae.951,5
DOI:10.1016/j.renene.2020.03.172,DOI:10.1016/j.energy.2014.05.081,3
DOI:10.1016/j.renene.2020.03.172,DOI:10.1016/j.enpol.2019.06.012,3
DOI:10.1016/j.renene.2020.03.172,DOI:10.1016/j.jeconom.2016.03.005,3
DOI:10.1016/j.renene.2020.03.172,DOI:10.1016/j.renene.2017.03.102,3
DOI:10.1016/j.renene.2020.03.172,DOI:10.1016/j.renene.2021.07.030,7
DOI:10.1016/j.renene.2020.03.172,DOI:10.1016/j.renene.2022.03.034,4
DOI:10.1016/j.renene.2020.03.172,DOI:10.1016/j.resourpol.2022.103041,5
DOI:10.1016/j.renene.2020.03.172,DOI:10.1016/j.rser.2017.03.067,3
DOI:10.1016/j.renene.2020.03.172,DOI:10.1016/j.strueco.2021.03.011,6
DOI:10.1016/j.renene.2020.03.172,DOI:10.1177/1536867x19874243,3
DOI:10.1016/j.renene.2020.03.172,DOI:10.1016/j.energy.2021.121758,3
DOI:10.1016/j.renene.2020.03.172,DOI:10.1016/j.renene.2022.04.062,4
DOI:10.1016/j.renene.2020.03.172,DOI:10.1016/j.scitotenv.2019.01.323,3
DOI:10.1016/j.renene.2020.03.172,DOI:10.1080/1540496x.2017.1363036,3
DOI:10.1016/j.renene.2020.03.172,DOI:10.1002/bse.3269,3
DOI:10.1016/j.renene.2020.03.172,DOI:10.1016/j.eneco.2019.104541,4
DOI:10.1016/j.renene.2020.03.172,DOI:10.1016/j.renene.2022.08.097,3
DOI:10.1016/j.renene.2020.03.172,DOI:10.1162/003465398557825,3
DOI:10.1016/j.renene.2020.03.172,DOI:10.1177/1536867x0700700301,3
DOI:10.1016/j.renene.2020.03.172,DOI:10.1016/j.renene.2022.04.150,3
DOI:10.1016/j.renene.2020.03.172,DOI:10.1111/j.1368-423x.2007.00227.x,3
DOI:10.1016/j.renene.2020.03.172,DOI:10.1111/j.1468-0084.2007.00477.x,5
DOI:10.1016/j.renene.2020.03.172,DOI:10.2307/2297111,4
DOI:10.1016/j.renene.2020.03.172,DOI:10.1007/s13132-022-00999-8,3
DOI:10.1016/j.renene.2020.03.172,DOI:10.1016/j.eneco.2023.106661,3
DOI:10.1016/j.renene.2020.03.172,DOI:10.1080/08874417.2022.2049017,3
DOI:10.1016/j.renene.2020.03.172,DOI:10.1007/s10668-021-01716-2,3
DOI:10.1016/j.renene.2020.03.172,DOI:10.1016/j.energy.2020.117356,3
DOI:10.1016/j.renene.2020.03.172,DOI:10.1016/j.jclepro.2018.04.190,3
DOI:10.1016/j.renene.2020.03.172,DOI:10.1016/j.renene.2021.07.019,5
DOI:10.1016/j.renene.2020.03.172,DOI:10.1016/j.renene.2022.03.143,3
DOI:10.1016/j.rser.2013.09.006,DOI:10.1016/j.enpol.2013.07.063,3
DOI:10.1093/qje/qjw024,DOI:10.1002/jae.951,3
DOI:10.1093/qje/qjw024,DOI:10.1007/s11356-020-08642-2,3
DOI:10.1093/qje/qjw024,DOI:10.1007/s11356-023-25407-9,3
DOI:10.1093/qje/qjw024,DOI:10.1016/j.econmod.2012.02.014,3
DOI:10.1093/qje/qjw024,DOI:10.1016/j.enpol.2024.114025,3
DOI:10.1093/qje/qjw024,DOI:10.1016/j.envsci.2023.04.021,3
DOI:10.1093/qje/qjw024,DOI:10.1016/j.jenvman.2021.112865,3
DOI:10.1093/qje/qjw024,DOI:10.1016/j.jenvman.2022.115500,3
DOI:10.1093/qje/qjw024,DOI:10.1016/j.resourpol.2022.103142,3
DOI:10.1093/qje/qjw024,DOI:10.1111/j.1468-0084.2007.00477.x,3
DOI:10.1093/qje/qjw024,DOI:10.3389/fenvs.2022.1058967,3
DOI:10.1093/qje/qjw024,DOI:10.1016/j.erss.2021.102415,4
DOI:10.1016/j.enpol.2014.05.004,DOI:10.1016/j.enpol.2014.11.038,3
DOI:10.1016/j.enpol.2024.114025,DOI:10.1016/j.jeconom.2007.05.010,3
DOI:10.1016/j.enpol.2024.114025,DOI:10.1002/jae.951,4
DOI:10.1016/j.enpol.2024.114025,DOI:10.1007/s13762-024-05456-4,3
DOI:10.1016/j.enpol.2024.114025,DOI:10.1016/j.jenvman.2022.115500,3
DOI:10.1016/j.enpol.2024.114025,DOI:10.1016/s0921-8009(03)00188-5,3
DOI:10.1016/j.enpol.2024.114025,DOI:10.1111/j.1468-0084.2007.00477.x,4
DOI:10.1016/j.enpol.2024.114025,DOI:10.2307/2297111,3
DOI:10.1016/j.enpol.2024.114025,DOI:10.1016/j.techsoc.2022.102044,3
DOI:10.1016/j.jeconom.2007.05.010,DOI:10.1016/j.jeconom.2012.04.004,5
DOI:10.1016/j.jeconom.2007.05.010,"PESARAN MH, 2021, EMPIR ECON, V60, P13, DOI [10.17863/CAM.5113, 10.1007/S00181-020-01875-7]",17
DOI:10.1016/j.jeconom.2007.05.010,DOI:10.1002/jae.951,36
DOI:10.1016/j.jeconom.2007.05.010,DOI:10.1016/j.crsust.2022.100165,3
DOI:10.1016/j.jeconom.2007.05.010,DOI:10.1016/j.resourpol.2021.102380,3
DOI:10.1016/j.jeconom.2007.05.010,DOI:10.1016/j.scitotenv.2020.138945,5
DOI:10.1016/j.jeconom.2007.05.010,DOI:10.1016/s0304-4076(98)00023-2,8
DOI:10.1016/j.jeconom.2007.05.010,DOI:10.1081/etc-200067895,3
DOI:10.1016/j.jeconom.2007.05.010,DOI:10.1111/j.1368-423x.2007.00227.x,9
DOI:10.1016/j.jeconom.2007.05.010,DOI:10.2307/2297111,15
DOI:10.1016/j.jeconom.2007.05.010,DOI:10.3390/su14084562,3
DOI:10.1016/j.jeconom.2007.05.010,DOI:10.1007/s11356-020-09497-3,4
DOI:10.1016/j.jeconom.2007.05.010,DOI:10.1016/j.eneco.2018.08.017,4
DOI:10.1016/j.jeconom.2007.05.010,DOI:10.1016/j.gr.2022.09.014,5
DOI:10.1016/j.jeconom.2007.05.010,DOI:10.1016/j.renene.2019.11.106,5
DOI:10.1016/j.jeconom.2007.05.010,DOI:10.1016/j.renene.2021.06.125,3
DOI:10.1016/j.jeconom.2007.05.010,DOI:10.1016/j.renene.2022.10.067,3
DOI:10.1016/j.jeconom.2007.05.010,DOI:10.1016/j.techsoc.2022.102044,3
DOI:10.1016/j.jeconom.2007.05.010,DOI:10.2307/1912791,5
DOI:10.1016/j.jeconom.2007.05.010,DOI:10.1002/jae.2899,3
DOI:10.1016/j.jeconom.2007.05.010,DOI:10.1016/0304-4076(94)01644-f,5
DOI:10.1016/j.jeconom.2007.05.010,DOI:10.1016/j.eneco.2017.01.019,3
DOI:10.1016/j.jeconom.2007.05.010,DOI:10.1016/j.erss.2020.101716,3
DOI:10.1016/j.jeconom.2007.05.010,DOI:10.1016/j.gr.2021.10.026,3
DOI:10.1016/j.jeconom.2007.05.010,DOI:10.1016/j.scitotenv.2020.136504,3
DOI:10.1016/j.jeconom.2007.05.010,DOI:10.1080/07474930500243019,5
DOI:10.1016/j.jeconom.2007.05.010,DOI:10.1111/1468-0084.0610s1631,3
DOI:10.1016/j.jeconom.2007.05.010,DOI:10.1111/j.1468-0262.2006.00692.x,11
DOI:10.1016/j.jeconom.2007.05.010,DOI:10.2307/2297545,5
DOI:10.1016/j.jeconom.2007.05.010,"EBERHARDT M., 2009, MPRA PAPER 17692",3
DOI:10.1016/j.jeconom.2007.05.010,DOI:10.1002/ijfe.2049,3
DOI:10.1016/j.jeconom.2007.05.010,DOI:10.1007/s11356-021-12447-2,4
DOI:10.1016/j.jeconom.2007.05.010,DOI:10.1016/j.energy.2020.118405,3
DOI:10.1016/j.jeconom.2007.05.010,DOI:10.1016/j.enpol.2018.12.047,3
DOI:10.1016/j.jeconom.2007.05.010,DOI:10.1016/j.jenvman.2021.112908,3
DOI:10.1016/j.jeconom.2007.05.010,DOI:10.1016/j.renene.2021.02.038,4
DOI:10.1016/j.jeconom.2007.05.010,DOI:10.1016/j.renene.2022.01.073,7
DOI:10.1016/j.jeconom.2007.05.010,DOI:10.1016/j.renene.2022.03.099,4
DOI:10.1016/j.jeconom.2007.05.010,DOI:10.1016/j.renene.2022.07.028,3
DOI:10.1016/j.jeconom.2007.05.010,DOI:10.1016/j.scitotenv.2020.141853,3
DOI:10.1016/j.jeconom.2007.05.010,DOI:10.1080/1540496x.2017.1363036,4
DOI:10.1016/j.jeconom.2007.05.010,DOI:10.1111/j.1468-0084.2007.00477.x,30
DOI:10.1016/j.jeconom.2007.05.010,DOI:10.3390/su14031208,3
DOI:10.1016/j.jeconom.2007.05.010,DOI:10.1002/jae.967,3
DOI:10.1016/j.jeconom.2007.05.010,DOI:10.1016/j.eneco.2021.105649,3
DOI:10.1016/j.jeconom.2007.05.010,DOI:10.1016/j.renene.2019.06.054,3
DOI:10.1016/j.jeconom.2007.05.010,DOI:10.1016/j.renene.2019.09.006,4
DOI:10.1016/j.jeconom.2007.05.010,DOI:10.1016/j.rser.2014.07.033,3
DOI:10.1016/j.jeconom.2007.05.010,DOI:10.1007/s00181-020-01875-7,3
DOI:10.1016/j.jeconom.2007.05.010,DOI:10.1016/j.apenergy.2023.122212,3
DOI:10.1016/j.jeconom.2007.05.010,DOI:10.1016/j.econlet.2013.09.012,5
DOI:10.1016/j.jeconom.2007.05.010,DOI:10.1016/j.econmod.2012.02.014,20
DOI:10.1016/j.jeconom.2007.05.010,DOI:10.1016/j.eneco.2015.12.010,4
DOI:10.1016/j.jeconom.2007.05.010,DOI:10.1016/j.ref.2022.11.007,3
DOI:10.1016/j.jeconom.2007.05.010,DOI:10.1162/003465301753237803,5
DOI:10.1016/j.jeconom.2007.05.010,DOI:10.1016/j.jenvman.2023.118122,5
DOI:10.1016/j.jeconom.2007.05.010,DOI:10.1002/bse.3175,3
DOI:10.1016/j.jeconom.2007.05.010,"[ANONYMOUS], 2023, WORLD DEVELOPMENT INDICATORS",3
DOI:10.1016/j.jeconom.2007.05.010,DOI:10.1016/j.renene.2021.12.022,3
DOI:10.1016/j.jeconom.2007.05.010,DOI:10.1016/j.techsoc.2021.101746,3
DOI:10.1016/j.jeconom.2007.05.010,DOI:10.2307/1913643,4
DOI:10.1016/j.jeconom.2007.05.010,DOI:10.1111/j.1368-423x.2011.00349.x,4
DOI:10.1016/j.jeconom.2007.05.010,DOI:10.1186/s43093-023-00183-7,4
DOI:10.1016/j.jeconom.2007.05.010,DOI:10.2307/2951679,3
DOI:10.1016/j.jeconom.2007.05.010,"BOND S., 2013, ACCOUNTING FOR UNOBSERVED HETEROGENEITY IN PANEL TIME SERIES MODELS, V1, P1",4
DOI:10.1016/j.jeconom.2007.05.010,DOI:10.1002/ijfe.2073,4
DOI:10.1016/j.jeconom.2007.05.010,DOI:10.1007/s11356-017-8850-7,3
DOI:10.1016/j.jeconom.2007.05.010,DOI:10.1007/s40974-020-00168-0,3
DOI:10.1016/j.jeconom.2007.05.010,DOI:10.1016/j.energy.2014.05.081,4
DOI:10.1016/j.jeconom.2007.05.010,DOI:10.1016/j.enpol.2013.10.064,3
DOI:10.1016/j.jeconom.2007.05.010,DOI:10.1016/j.jclepro.2020.120287,3
DOI:10.1016/j.jeconom.2007.05.010,DOI:10.1016/j.spc.2020.11.008,3
DOI:10.1016/j.jeconom.2007.05.010,DOI:10.1080/00036846.2018.1558359,3
DOI:10.1016/j.jeconom.2007.05.010,DOI:10.1111/1467-8268.12147,3
DOI:10.1016/j.jeconom.2007.05.010,DOI:10.1177/1391561418794691,5
DOI:10.1016/j.jeconom.2007.05.010,"NATHANIEL SP, 2021, ENERGY ECOL ENVIRON, V6, P496, DOI [10.37421/2161-0525.2021.S7.001, 10.1007/S40974-020-00205-Y]",3
DOI:10.1016/j.jeconom.2007.05.010,"WORLD BANK, 2024, WORLD DEVELOPMENT INDICATORS.",3
DOI:10.1016/j.jeconom.2007.05.010,"[ANONYMOUS], 2019, BP STAT REV WORLD EN",3
DOI:10.1016/j.jeconom.2007.05.010,DOI:10.1080/15567249.2023.2214917,3
DOI:10.1016/j.jeconom.2007.05.010,DOI:10.1007/s11356-023-25407-9,3
DOI:10.1016/j.jeconom.2007.05.010,DOI:10.1016/j.envsci.2023.04.021,3
DOI:10.1016/j.jeconom.2007.05.010,DOI:10.1016/j.jclepro.2019.118787,3
DOI:10.1016/j.jeconom.2007.05.010,DOI:10.1016/s0921-8009(03)00188-5,3
DOI:10.1016/j.jeconom.2007.05.010,DOI:10.1162/003465398557825,6
DOI:10.1016/j.jeconom.2007.05.010,DOI:10.1016/j.energy.2021.119935,4
DOI:10.1016/j.jeconom.2007.05.010,DOI:10.1016/j.enpol.2020.111365,4
DOI:10.1016/j.jeconom.2007.05.010,DOI:10.1016/j.jenvman.2021.113004,4
DOI:10.1016/j.jeconom.2007.05.010,DOI:10.1016/j.renene.2023.02.017,3
DOI:10.1016/j.jeconom.2007.05.010,DOI:10.1002/ijfe.2900,3
DOI:10.1016/j.jeconom.2007.05.010,DOI:10.1016/j.renene.2022.04.150,4
DOI:10.1016/j.jeconom.2007.05.010,DOI:10.1016/j.resourpol.2022.103041,3
DOI:10.1016/j.jeconom.2007.05.010,DOI:10.1002/sd.2399,3
DOI:10.1016/j.jeconom.2007.05.010,DOI:10.1007/s11356-020-10446-3,3
DOI:10.1016/j.jeconom.2007.05.010,DOI:10.1007/s13132-022-00999-8,5
DOI:10.1016/j.jeconom.2007.05.010,DOI:10.1016/j.gr.2021.09.012,3
DOI:10.1016/j.jeconom.2007.05.010,DOI:10.1016/j.renene.2022.06.125,6
DOI:10.1016/j.jeconom.2007.05.010,DOI:10.1016/j.resourpol.2020.101817,3
DOI:10.1016/j.jeconom.2007.05.010,DOI:10.1016/j.scs.2021.102881,4
DOI:10.1016/j.jeconom.2007.05.010,DOI:10.1016/j.energy.2021.121758,4
DOI:10.1016/j.jeconom.2007.05.010,DOI:10.1073/pnas.94.1.175,3
DOI:10.1016/j.jeconom.2007.05.010,DOI:10.1016/j.jclepro.2020.121550,3
DOI:10.1016/j.jeconom.2007.05.010,DOI:10.1016/j.renene.2021.12.038,3
DOI:10.1016/j.jeconom.2007.05.010,DOI:10.1016/j.rser.2015.10.080,4
DOI:10.1016/j.jeconom.2007.05.010,DOI:10.1007/s11356-022-18976-8,3
DOI:10.1016/j.jeconom.2007.05.010,DOI:10.1016/j.eneco.2023.106661,6
DOI:10.1016/j.jeconom.2007.05.010,DOI:10.1016/j.techfore.2023.123004,3
DOI:10.1016/j.jeconom.2007.05.010,DOI:10.1016/j.energy.2018.12.198,3
DOI:10.1016/j.jeconom.2007.05.010,"[ANONYMOUS], 2019, WORLD DEVELOPMENT INDICATORS",3
DOI:10.1016/j.jeconom.2007.05.010,DOI:10.1016/j.jclepro.2019.04.210,3
DOI:10.1016/j.jeconom.2007.05.010,DOI:10.1016/j.enpol.2010.11.034,3
DOI:10.1016/j.jeconom.2007.05.010,DOI:10.1177/1536867x0700700301,4
DOI:10.1016/j.jeconom.2007.05.010,"SUN ZHONGYE, 2023, INT J ENVIRON RES PUBLIC HEALTH, V20, DOI [10.3390/IJERPH20043124, 10.3390/IJERPH20043124]",3
DOI:10.1016/j.jeconom.2007.05.010,DOI:10.1016/j.heliyon.2022.e09913,3
DOI:10.1016/j.jeconom.2007.05.010,DOI:10.1016/j.strueco.2021.03.011,4
DOI:10.1016/j.jeconom.2007.05.010,DOI:10.1002/sd.2292,3
DOI:10.1016/j.jeconom.2007.05.010,DOI:10.1016/j.renene.2020.10.143,3
DOI:10.1016/j.jeconom.2007.05.010,DOI:10.1002/bse.3269,4
DOI:10.1016/j.jeconom.2007.05.010,DOI:10.1007/s11356-022-20919-2,3
DOI:10.1016/j.jeconom.2007.05.010,DOI:10.1016/j.heliyon.2023.e13049,3
DOI:10.1016/j.jeconom.2007.05.010,DOI:10.1016/j.heliyon.2023.e14155,3
DOI:10.1016/j.jeconom.2007.05.010,DOI:10.1016/j.renene.2022.03.143,3
DOI:10.1016/j.jeconom.2007.05.010,DOI:10.1007/s11356-021-14993-1,3
DOI:10.1016/j.jeconom.2007.05.010,DOI:10.1016/j.energy.2020.118162,3
DOI:10.1016/j.jeconom.2007.05.010,DOI:10.1016/j.energy.2017.11.092,3
DOI:10.1016/j.jeconom.2012.04.004,"PESARAN MH, 2021, EMPIR ECON, V60, P13, DOI [10.17863/CAM.5113, 10.1007/S00181-020-01875-7]",3
DOI:10.1016/j.jeconom.2012.04.004,DOI:10.1002/jae.951,4
DOI:10.1016/j.jeconom.2012.04.004,DOI:10.1007/s11356-022-18976-8,3
DOI:10.1016/j.jeconom.2012.04.004,DOI:10.1016/j.eneco.2023.106661,3
DOI:10.1016/j.jeconom.2012.04.004,DOI:10.1111/j.1368-423x.2007.00227.x,3
DOI:10.1016/j.jeconom.2012.04.004,DOI:10.1186/s43093-023-00183-7,3
DOI:10.1016/j.jeconom.2012.04.004,DOI:10.1111/j.1468-0084.2007.00477.x,3
DOI:10.1016/j.jeconom.2012.04.004,DOI:10.2307/2297111,3
DOI:10.1016/j.renene.2022.12.089,"PESARAN MH, 2021, EMPIR ECON, V60, P13, DOI [10.17863/CAM.5113, 10.1007/S00181-020-01875-7]",5
DOI:10.1016/j.renene.2022.12.089,DOI:10.1002/jae.951,4
DOI:10.1016/j.renene.2022.12.089,DOI:10.1016/j.econmod.2012.02.014,3
DOI:10.1016/j.renene.2022.12.089,DOI:10.1016/s0304-4076(98)00023-2,3
"PESARAN MH, 2021, EMPIR ECON, V60, P13, DOI [10.17863/CAM.5113, 10.1007/S00181-020-01875-7]",DOI:10.1002/jae.951,26
"PESARAN MH, 2021, EMPIR ECON, V60, P13, DOI [10.17863/CAM.5113, 10.1007/S00181-020-01875-7]",DOI:10.1016/j.resourpol.2021.102380,3
"PESARAN MH, 2021, EMPIR ECON, V60, P13, DOI [10.17863/CAM.5113, 10.1007/S00181-020-01875-7]",DOI:10.1016/j.scitotenv.2020.138945,4
"PESARAN MH, 2021, EMPIR ECON, V60, P13, DOI [10.17863/CAM.5113, 10.1007/S00181-020-01875-7]",DOI:10.1016/s0304-4076(98)00023-2,13
"PESARAN MH, 2021, EMPIR ECON, V60, P13, DOI [10.17863/CAM.5113, 10.1007/S00181-020-01875-7]",DOI:10.1081/etc-200067895,3
"PESARAN MH, 2021, EMPIR ECON, V60, P13, DOI [10.17863/CAM.5113, 10.1007/S00181-020-01875-7]",DOI:10.1111/j.1368-423x.2007.00227.x,6
"PESARAN MH, 2021, EMPIR ECON, V60, P13, DOI [10.17863/CAM.5113, 10.1007/S00181-020-01875-7]",DOI:10.2307/2297111,9
"PESARAN MH, 2021, EMPIR ECON, V60, P13, DOI [10.17863/CAM.5113, 10.1007/S00181-020-01875-7]",DOI:10.1111/j.1468-0262.2006.00692.x,5
"PESARAN MH, 2021, EMPIR ECON, V60, P13, DOI [10.17863/CAM.5113, 10.1007/S00181-020-01875-7]",DOI:10.2307/1913827,3
"PESARAN MH, 2021, EMPIR ECON, V60, P13, DOI [10.17863/CAM.5113, 10.1007/S00181-020-01875-7]",DOI:10.2307/2082979,3
"PESARAN MH, 2021, EMPIR ECON, V60, P13, DOI [10.17863/CAM.5113, 10.1007/S00181-020-01875-7]",DOI:10.1016/j.renene.2017.03.102,4
"PESARAN MH, 2021, EMPIR ECON, V60, P13, DOI [10.17863/CAM.5113, 10.1007/S00181-020-01875-7]",DOI:10.1016/s0304-4076(01)00098-7,5
"PESARAN MH, 2021, EMPIR ECON, V60, P13, DOI [10.17863/CAM.5113, 10.1007/S00181-020-01875-7]",DOI:10.1111/1468-0084.0610s1631,4
"PESARAN MH, 2021, EMPIR ECON, V60, P13, DOI [10.17863/CAM.5113, 10.1007/S00181-020-01875-7]",DOI:10.1111/j.1468-0084.2007.00477.x,16
"PESARAN MH, 2021, EMPIR ECON, V60, P13, DOI [10.17863/CAM.5113, 10.1007/S00181-020-01875-7]",DOI:10.1162/003465301753237803,5
"PESARAN MH, 2021, EMPIR ECON, V60, P13, DOI [10.17863/CAM.5113, 10.1007/S00181-020-01875-7]",DOI:10.2307/1913643,3
"PESARAN MH, 2021, EMPIR ECON, V60, P13, DOI [10.17863/CAM.5113, 10.1007/S00181-020-01875-7]",DOI:10.2307/1884513,4
"PESARAN MH, 2021, EMPIR ECON, V60, P13, DOI [10.17863/CAM.5113, 10.1007/S00181-020-01875-7]",DOI:10.2307/2297545,5
"PESARAN MH, 2021, EMPIR ECON, V60, P13, DOI [10.17863/CAM.5113, 10.1007/S00181-020-01875-7]",DOI:10.2307/2951763,3
"PESARAN MH, 2021, EMPIR ECON, V60, P13, DOI [10.17863/CAM.5113, 10.1007/S00181-020-01875-7]",DOI:10.1016/j.energy.2014.05.081,5
"PESARAN MH, 2021, EMPIR ECON, V60, P13, DOI [10.17863/CAM.5113, 10.1007/S00181-020-01875-7]",DOI:10.1177/1536867x1201200105,4
"PESARAN MH, 2021, EMPIR ECON, V60, P13, DOI [10.17863/CAM.5113, 10.1007/S00181-020-01875-7]",DOI:10.1016/0304-4076(94)01644-f,3
"PESARAN MH, 2021, EMPIR ECON, V60, P13, DOI [10.17863/CAM.5113, 10.1007/S00181-020-01875-7]",DOI:10.1016/j.jeconom.2016.03.005,3
"PESARAN MH, 2021, EMPIR ECON, V60, P13, DOI [10.17863/CAM.5113, 10.1007/S00181-020-01875-7]",DOI:10.1016/j.renene.2019.09.006,3
"PESARAN MH, 2021, EMPIR ECON, V60, P13, DOI [10.17863/CAM.5113, 10.1007/S00181-020-01875-7]",DOI:10.1016/j.renene.2021.07.030,3
"PESARAN MH, 2021, EMPIR ECON, V60, P13, DOI [10.17863/CAM.5113, 10.1007/S00181-020-01875-7]",DOI:10.1016/j.resourpol.2022.103041,3
"PESARAN MH, 2021, EMPIR ECON, V60, P13, DOI [10.17863/CAM.5113, 10.1007/S00181-020-01875-7]",DOI:10.1016/j.scitotenv.2018.11.354,3
"PESARAN MH, 2021, EMPIR ECON, V60, P13, DOI [10.17863/CAM.5113, 10.1007/S00181-020-01875-7]",DOI:10.1016/j.strueco.2021.03.011,3
"PESARAN MH, 2021, EMPIR ECON, V60, P13, DOI [10.17863/CAM.5113, 10.1007/S00181-020-01875-7]",DOI:10.1080/07474930500243019,3
"PESARAN MH, 2021, EMPIR ECON, V60, P13, DOI [10.17863/CAM.5113, 10.1007/S00181-020-01875-7]",DOI:10.1177/1536867x19874243,3
"PESARAN MH, 2021, EMPIR ECON, V60, P13, DOI [10.17863/CAM.5113, 10.1007/S00181-020-01875-7]",DOI:10.1016/j.eneco.2021.105649,3
"PESARAN MH, 2021, EMPIR ECON, V60, P13, DOI [10.17863/CAM.5113, 10.1007/S00181-020-01875-7]",DOI:10.1016/j.rser.2016.11.004,3
"PESARAN MH, 2021, EMPIR ECON, V60, P13, DOI [10.17863/CAM.5113, 10.1007/S00181-020-01875-7]",DOI:10.3390/pr9081281,4
"PESARAN MH, 2021, EMPIR ECON, V60, P13, DOI [10.17863/CAM.5113, 10.1007/S00181-020-01875-7]",DOI:10.1016/j.energy.2020.118162,3
"PESARAN MH, 2021, EMPIR ECON, V60, P13, DOI [10.17863/CAM.5113, 10.1007/S00181-020-01875-7]",DOI:10.1108/ijesm-02-2019-0007,3
"PESARAN MH, 2021, EMPIR ECON, V60, P13, DOI [10.17863/CAM.5113, 10.1007/S00181-020-01875-7]",DOI:10.1007/s11356-022-21401-9,3
"PESARAN MH, 2021, EMPIR ECON, V60, P13, DOI [10.17863/CAM.5113, 10.1007/S00181-020-01875-7]",DOI:10.1016/j.econmod.2012.02.014,10
"PESARAN MH, 2021, EMPIR ECON, V60, P13, DOI [10.17863/CAM.5113, 10.1007/S00181-020-01875-7]",DOI:10.1016/j.techfore.2022.121633,3
"PESARAN MH, 2021, EMPIR ECON, V60, P13, DOI [10.17863/CAM.5113, 10.1007/S00181-020-01875-7]","[ANONYMOUS], 2023, WORLD DEVELOPMENT INDICATORS",4
"PESARAN MH, 2021, EMPIR ECON, V60, P13, DOI [10.17863/CAM.5113, 10.1007/S00181-020-01875-7]",DOI:10.1002/sd.2175,3
"PESARAN MH, 2021, EMPIR ECON, V60, P13, DOI [10.17863/CAM.5113, 10.1007/S00181-020-01875-7]",DOI:10.1016/j.renene.2021.12.022,3
"PESARAN MH, 2021, EMPIR ECON, V60, P13, DOI [10.17863/CAM.5113, 10.1007/S00181-020-01875-7]",DOI:10.1111/j.1468-0084.2008.00513.x,3
"PESARAN MH, 2021, EMPIR ECON, V60, P13, DOI [10.17863/CAM.5113, 10.1007/S00181-020-01875-7]",DOI:10.1007/s11356-020-08812-2,3
"PESARAN MH, 2021, EMPIR ECON, V60, P13, DOI [10.17863/CAM.5113, 10.1007/S00181-020-01875-7]",DOI:10.1016/j.jenvman.2021.112779,3
"PESARAN MH, 2021, EMPIR ECON, V60, P13, DOI [10.17863/CAM.5113, 10.1007/S00181-020-01875-7]",DOI:10.1016/j.jenvman.2023.118122,3
"PESARAN MH, 2021, EMPIR ECON, V60, P13, DOI [10.17863/CAM.5113, 10.1007/S00181-020-01875-7]",DOI:10.1007/s13132-022-00999-8,4
"PESARAN MH, 2021, EMPIR ECON, V60, P13, DOI [10.17863/CAM.5113, 10.1007/S00181-020-01875-7]",DOI:10.1162/003465398557825,6
"PESARAN MH, 2021, EMPIR ECON, V60, P13, DOI [10.17863/CAM.5113, 10.1007/S00181-020-01875-7]",DOI:10.1016/j.renene.2022.06.125,4
"PESARAN MH, 2021, EMPIR ECON, V60, P13, DOI [10.17863/CAM.5113, 10.1007/S00181-020-01875-7]",DOI:10.1016/j.renene.2023.02.017,3
"PESARAN MH, 2021, EMPIR ECON, V60, P13, DOI [10.17863/CAM.5113, 10.1007/S00181-020-01875-7]",DOI:10.1016/j.techfore.2022.121756,3
"PESARAN MH, 2021, EMPIR ECON, V60, P13, DOI [10.17863/CAM.5113, 10.1007/S00181-020-01875-7]",DOI:10.1007/s11356-020-12181-1,3
"PESARAN MH, 2021, EMPIR ECON, V60, P13, DOI [10.17863/CAM.5113, 10.1007/S00181-020-01875-7]",DOI:10.1016/j.scs.2019.101996,3
"PESARAN MH, 2021, EMPIR ECON, V60, P13, DOI [10.17863/CAM.5113, 10.1007/S00181-020-01875-7]",DOI:10.1016/j.scs.2021.102881,3
"PESARAN MH, 2021, EMPIR ECON, V60, P13, DOI [10.17863/CAM.5113, 10.1007/S00181-020-01875-7]",DOI:10.1016/j.renene.2021.02.038,3
"PESARAN MH, 2021, EMPIR ECON, V60, P13, DOI [10.17863/CAM.5113, 10.1007/S00181-020-01875-7]",DOI:10.1177/1536867x0700700301,3
"PESARAN MH, 2021, EMPIR ECON, V60, P13, DOI [10.17863/CAM.5113, 10.1007/S00181-020-01875-7]","SUN ZHONGYE, 2023, INT J ENVIRON RES PUBLIC HEALTH, V20, DOI [10.3390/IJERPH20043124, 10.3390/IJERPH20043124]",3
"PESARAN MH, 2021, EMPIR ECON, V60, P13, DOI [10.17863/CAM.5113, 10.1007/S00181-020-01875-7]",DOI:10.1002/bse.3269,3
"PESARAN MH, 2021, EMPIR ECON, V60, P13, DOI [10.17863/CAM.5113, 10.1007/S00181-020-01875-7]",DOI:10.1016/j.energy.2021.121758,3
"PESARAN MH, 2021, EMPIR ECON, V60, P13, DOI [10.17863/CAM.5113, 10.1007/S00181-020-01875-7]",DOI:10.1016/j.scitotenv.2020.136504,3
"PESARAN MH, 2021, EMPIR ECON, V60, P13, DOI [10.17863/CAM.5113, 10.1007/S00181-020-01875-7]",DOI:10.3389/fenvs.2021.778088,3
"PESARAN MH, 2021, EMPIR ECON, V60, P13, DOI [10.17863/CAM.5113, 10.1007/S00181-020-01875-7]",DOI:10.1016/j.energy.2017.11.092,3
DOI:10.1007/s11123-010-0178-y,DOI:10.2307/1884513,3
DOI:10.1016/j.enpol.2020.111295,DOI:10.1016/j.renene.2019.09.007,3
DOI:10.1016/j.enpol.2020.111295,DOI:10.1108/ijesm-04-2020-0004,3
DOI:10.1016/j.enpol.2020.111295,DOI:10.1108/ijesm-11-2022-0032,3
DOI:10.1016/j.enpol.2020.111295,DOI:10.1111/1468-0262.00124,3
DOI:10.1016/j.apenergy.2022.120056,DOI:10.1016/j.jenvman.2021.113229,3
DOI:10.1016/j.eneco.2022.106499,DOI:10.1016/j.techfore.2017.05.021,3
DOI:10.1016/j.eneco.2022.106499,DOI:10.1038/s41560-024-01606-7,3
DOI:10.1016/j.eneco.2023.106595,DOI:10.1016/j.renene.2023.02.124,3
DOI:10.1016/j.eneco.2023.106595,DOI:10.1016/j.eneco.2023.106661,3
DOI:10.1016/j.eneco.2023.106595,DOI:10.1016/j.techsoc.2022.102044,3
DOI:10.1016/j.eneco.2023.106595,DOI:10.1007/s11356-022-24336-3,3
DOI:10.1016/j.rser.2022.112164,DOI:10.3390/en15041498,3
DOI:10.1016/j.eneco.2021.105476,DOI:10.1016/j.resourpol.2021.102402,3
DOI:10.1016/j.renene.2021.02.038,DOI:10.1016/j.scitotenv.2019.01.323,4
DOI:10.1016/j.renene.2021.02.038,DOI:10.1016/j.enpol.2018.12.047,5
DOI:10.1016/j.renene.2021.02.038,DOI:10.1016/j.erss.2020.101537,3
DOI:10.1016/j.renene.2021.02.038,DOI:10.1016/j.jeconom.2016.03.005,3
DOI:10.1016/j.renene.2021.02.038,DOI:10.1016/j.techfore.2022.121756,3
DOI:10.1016/j.renene.2021.02.038,DOI:10.1080/13504851.2019.1593934,3
DOI:10.1016/j.renene.2021.02.038,DOI:10.1177/1536867x19874243,3
DOI:10.1016/j.renene.2021.02.038,DOI:10.1504/ijepee.2015.068246],3
DOI:10.1016/j.renene.2021.02.038,DOI:10.1002/ijfe.2049,3
DOI:10.1016/j.renene.2021.02.038,DOI:10.1002/jae.951,3
DOI:10.1016/j.renene.2021.02.038,DOI:10.1007/s11356-021-12447-2,3
DOI:10.1016/j.renene.2021.02.038,DOI:10.1016/j.eneco.2021.105287,3
DOI:10.1016/j.renene.2021.02.038,DOI:10.1080/1540496x.2017.1363036,3
DOI:10.1016/j.renene.2021.02.038,DOI:10.1111/j.1468-0084.2007.00477.x,3
DOI:10.1016/j.renene.2021.02.038,DOI:10.3390/su14031208,4
DOI:10.1016/j.renene.2021.02.038,DOI:10.1162/003465398557825,3
DOI:10.1016/j.renene.2021.02.038,DOI:10.1177/1536867x0700700301,3
DOI:10.1016/j.renene.2021.02.038,"SUN ZHONGYE, 2023, INT J ENVIRON RES PUBLIC HEALTH, V20, DOI [10.3390/IJERPH20043124, 10.3390/IJERPH20043124]",3
DOI:10.1016/j.scitotenv.2019.01.323,DOI:10.1016/j.enpol.2018.12.047,6
DOI:10.1016/j.scitotenv.2019.01.323,DOI:10.1016/j.erss.2020.101537,3
DOI:10.1016/j.scitotenv.2019.01.323,DOI:10.1504/ijepee.2015.068246],5
DOI:10.1016/j.scitotenv.2019.01.323,DOI:10.1002/jae.951,3
DOI:10.1016/j.scitotenv.2019.01.323,DOI:10.1007/s11356-021-12447-2,5
DOI:10.1016/j.scitotenv.2019.01.323,DOI:10.1016/j.eneco.2021.105287,3
DOI:10.1016/j.scitotenv.2019.01.323,DOI:10.1016/j.energy.2021.121758,3
DOI:10.1016/j.scitotenv.2019.01.323,DOI:10.1016/j.renene.2021.07.030,4
DOI:10.1016/j.scitotenv.2019.01.323,DOI:10.1016/j.eneco.2017.01.019,4
DOI:10.1016/j.scitotenv.2019.01.323,DOI:10.1016/j.eneco.2015.12.010,3
DOI:10.1016/j.scitotenv.2019.01.323,DOI:10.1016/j.enpol.2010.11.034,3
DOI:10.1016/j.scitotenv.2019.01.323,DOI:10.1080/07474939608800353,3
DOI:10.1016/j.scitotenv.2019.01.323,DOI:10.1016/j.renene.2022.04.150,3
DOI:10.1016/j.scitotenv.2019.01.323,DOI:10.1016/j.strueco.2021.03.011,3
DOI:10.1002/sd.2175,DOI:10.1111/j.1468-0084.2007.00477.x,3
DOI:10.1002/sd.2175,DOI:10.1002/jae.951,3
DOI:10.1007/s10098-019-01676-2,DOI:10.1016/j.jclepro.2017.03.203,3
DOI:10.1007/s10098-019-01676-2,DOI:10.1016/j.renene.2019.12.149,3
DOI:10.1007/s10098-019-01676-2,DOI:10.1016/j.rser.2015.10.080,4
DOI:10.1007/s10098-019-01676-2,DOI:10.1002/jae.951,3
DOI:10.1016/j.ecolecon.2020.106760,DOI:10.1016/j.enpol.2019.110929,4
DOI:10.1016/j.ecolecon.2020.106760,DOI:10.1016/j.renene.2017.03.102,3
DOI:10.1016/j.ecolecon.2020.106760,DOI:10.1016/j.renene2018.02.026,3
DOI:10.1016/j.econmod.2012.02.014,DOI:10.1016/j.enpol.2019.110929,4
DOI:10.1016/j.econmod.2012.02.014,DOI:10.1016/j.renene.2020.09.128,4
DOI:10.1016/j.econmod.2012.02.014,DOI:10.1016/j.rser.2019.01.004,3
DOI:10.1016/j.econmod.2012.02.014,DOI:10.1016/j.techfore.2019.05.028,3
DOI:10.1016/j.econmod.2012.02.014,DOI:10.2307/1912791,8
DOI:10.1016/j.econmod.2012.02.014,DOI:10.2307/2297111,9
DOI:10.1016/j.econmod.2012.02.014,DOI:10.1016/j.jclepro.2018.03.236,3
DOI:10.1016/j.econmod.2012.02.014,DOI:10.1111/j.1468-0262.2006.00692.x,7
DOI:10.1016/j.econmod.2012.02.014,"BREITUNG J, 2000, ADV ECONOMETRICS, V15, P161",3
DOI:10.1016/j.econmod.2012.02.014,DOI:10.1002/jae.951,24
DOI:10.1016/j.econmod.2012.02.014,DOI:10.1016/j.apenergy.2023.122212,3
DOI:10.1016/j.econmod.2012.02.014,DOI:10.1016/j.econlet.2013.09.012,5
DOI:10.1016/j.econmod.2012.02.014,DOI:10.1016/j.eneco.2015.12.010,3
DOI:10.1016/j.econmod.2012.02.014,DOI:10.1016/s0304-4076(98)00023-2,10
DOI:10.1016/j.econmod.2012.02.014,DOI:10.1080/07474930500243019,3
DOI:10.1016/j.econmod.2012.02.014,DOI:10.1162/003465301753237803,3
DOI:10.1016/j.econmod.2012.02.014,DOI:10.1007/s10668-021-01716-2,3
DOI:10.1016/j.econmod.2012.02.014,DOI:10.1007/s11356-020-07876-4,3
DOI:10.1016/j.econmod.2012.02.014,DOI:10.1016/j.gr.2022.09.014,3
DOI:10.1016/j.econmod.2012.02.014,DOI:10.1016/j.renene.2023.03.020,3
DOI:10.1016/j.econmod.2012.02.014,DOI:10.1111/j.1468-0084.2007.00477.x,21
DOI:10.1016/j.econmod.2012.02.014,DOI:10.1016/j.renene.2021.12.022,3
DOI:10.1016/j.econmod.2012.02.014,DOI:10.1016/j.scitotenv.2020.141853,3
DOI:10.1016/j.econmod.2012.02.014,DOI:10.2307/2951679,3
DOI:10.1016/j.econmod.2012.02.014,"BOND S., 2013, ACCOUNTING FOR UNOBSERVED HETEROGENEITY IN PANEL TIME SERIES MODELS, V1, P1",4
DOI:10.1016/j.econmod.2012.02.014,DOI:10.1002/ijfe.2073,4
DOI:10.1016/j.econmod.2012.02.014,DOI:10.1002/jae.723,3
DOI:10.1016/j.econmod.2012.02.014,DOI:10.1007/s10708-020-10270-9,3
DOI:10.1016/j.econmod.2012.02.014,DOI:10.1007/s11356-020-09497-3,4
DOI:10.1016/j.econmod.2012.02.014,DOI:10.1007/s40974-020-00168-0,4
DOI:10.1016/j.econmod.2012.02.014,DOI:10.1016/0304-4076(94)01644-f,3
DOI:10.1016/j.econmod.2012.02.014,DOI:10.1016/j.eneco.2018.08.017,3
DOI:10.1016/j.econmod.2012.02.014,DOI:10.1016/j.energy.2014.05.081,4
DOI:10.1016/j.econmod.2012.02.014,DOI:10.1016/j.renene.2018.10.052,3
DOI:10.1016/j.econmod.2012.02.014,DOI:10.1016/j.renene.2019.11.106,5
DOI:10.1016/j.econmod.2012.02.014,DOI:10.1016/j.spc.2020.11.008,3
DOI:10.1016/j.econmod.2012.02.014,DOI:10.1080/00036846.2018.1558359,3
DOI:10.1016/j.econmod.2012.02.014,DOI:10.1111/twec.12898,3
DOI:10.1016/j.econmod.2012.02.014,DOI:10.1177/0958305x19857209,4
DOI:10.1016/j.econmod.2012.02.014,DOI:10.1177/1391561418794691,7
DOI:10.1016/j.econmod.2012.02.014,"NATHANIEL SP, 2021, ENERGY ECOL ENVIRON, V6, P496, DOI [10.37421/2161-0525.2021.S7.001, 10.1007/S40974-020-00205-Y]",3
DOI:10.1016/j.econmod.2012.02.014,"[ANONYMOUS], 2019, BP STAT REV WORLD EN",3
DOI:10.1016/j.econmod.2012.02.014,DOI:10.1007/s10668-022-02128-6,3
DOI:10.1016/j.econmod.2012.02.014,DOI:10.1016/j.renene.2022.06.125,3
DOI:10.1016/j.econmod.2012.02.014,DOI:10.1162/003465398557825,5
DOI:10.1016/j.econmod.2012.02.014,DOI:10.1007/s11356-020-08642-2,3
DOI:10.1016/j.econmod.2012.02.014,DOI:10.1007/s11356-022-18664-7,3
DOI:10.1016/j.econmod.2012.02.014,DOI:10.1007/s11356-023-25407-9,3
DOI:10.1016/j.econmod.2012.02.014,DOI:10.1016/j.enpol.2020.112115,3
DOI:10.1016/j.econmod.2012.02.014,DOI:10.1016/j.envsci.2023.04.021,3
DOI:10.1016/j.econmod.2012.02.014,DOI:10.1016/j.jclepro.2019.118787,3
DOI:10.1016/j.econmod.2012.02.014,DOI:10.1016/j.jenvman.2022.115500,3
DOI:10.1016/j.econmod.2012.02.014,DOI:10.1016/j.resourpol.2021.102380,3
DOI:10.1016/j.econmod.2012.02.014,DOI:10.1016/j.resourpol.2022.103142,3
DOI:10.1016/j.econmod.2012.02.014,DOI:10.1016/j.techsoc.2021.101828,3
DOI:10.1016/j.econmod.2012.02.014,DOI:10.1016/s0921-8009(03)00188-5,4
DOI:10.1016/j.econmod.2012.02.014,DOI:10.3389/fenvs.2022.1058967,3
DOI:10.1016/j.econmod.2012.02.014,DOI:10.3389/fenvs.2022.1068379,3
DOI:10.1016/j.econmod.2012.02.014,DOI:10.1111/j.1368-423x.2011.00349.x,3
DOI:10.1016/j.econmod.2012.02.014,DOI:10.1016/j.energy.2021.119935,3
DOI:10.1016/j.econmod.2012.02.014,DOI:10.1016/j.jenvman.2021.113004,3
DOI:10.1016/j.econmod.2012.02.014,DOI:10.1016/j.scitotenv.2020.138945,3
DOI:10.1016/j.econmod.2012.02.014,DOI:10.1016/j.enpol.2021.112345,3
DOI:10.1016/j.econmod.2012.02.014,DOI:10.1016/j.renene.2021.12.006,3
DOI:10.1016/j.econmod.2012.02.014,DOI:10.1073/pnas.94.1.175,3
DOI:10.1016/j.econmod.2012.02.014,DOI:10.1080/13547860.2021.1949086,3
DOI:10.1016/j.econmod.2012.02.014,DOI:10.1016/j.jclepro.2020.121550,3
DOI:10.1016/j.econmod.2012.02.014,DOI:10.1016/j.rser.2015.10.080,3
DOI:10.1016/j.econmod.2012.02.014,DOI:10.1016/j.energy.2018.12.198,3
DOI:10.1016/j.econmod.2012.02.014,DOI:10.1016/j.eneco.2023.106661,3
DOI:10.1016/j.econmod.2012.02.014,DOI:10.1007/s11356-020-10446-3,3
DOI:10.1016/j.econmod.2012.02.014,DOI:10.3389/fenvs.2021.778088,3
DOI:10.1016/j.econmod.2012.02.014,DOI:10.1007/s40974-020-00185-z,3
DOI:10.1016/j.econmod.2012.02.014,DOI:10.1177/1536867x211000004,3
DOI:10.1016/j.econmod.2012.02.014,DOI:10.1007/s11356-018-3108-6,3
DOI:10.1016/j.econmod.2012.02.014,DOI:10.1007/s11356-019-04296-x,3
DOI:10.1016/j.econmod.2012.02.014,DOI:10.1016/j.jeconom.2008.10.012,3
DOI:10.1016/j.econmod.2012.02.014,DOI:10.1016/j.tele.2017.01.001,3
DOI:10.1016/j.eneco.2014.01.003,DOI:10.2307/2297111,3
DOI:10.1016/j.eneco.2014.01.003,DOI:10.3390/su12114689,3
DOI:10.1016/j.eneco.2014.01.003,DOI:10.1016/j.energy.2014.05.081,3
DOI:10.1016/j.eneco.2014.01.003,DOI:10.1016/j.renene.2021.07.030,3
DOI:10.1016/j.eneco.2014.01.003,DOI:10.1080/00036846.2014.964834,3
DOI:10.1016/j.eneco.2014.01.003,DOI:10.1002/jae.951,3
DOI:10.1016/j.enpol.2019.110929,DOI:10.1016/j.renene.2017.03.102,4
DOI:10.1016/j.enpol.2019.110929,DOI:10.1016/j.renene2018.02.026,3
DOI:10.1016/j.enpol.2019.110929,DOI:10.1016/j.strueco.2021.03.011,3
DOI:10.1016/j.enpol.2019.110929,DOI:10.1111/j.1468-0084.2007.00477.x,3
DOI:10.1016/j.jclepro.2020.125529,DOI:10.1002/jae.951,4
DOI:10.1016/j.jclepro.2020.125529,DOI:10.1111/j.1468-0084.2007.00477.x,4
DOI:10.1016/j.jenvman.2020.110712,DOI:10.1016/j.enpol.2017.10.050,3
DOI:10.1016/j.jenvman.2020.110829,DOI:10.1016/j.scitotenv.2020.136504,3
DOI:10.1016/j.jenvman.2020.110829,DOI:10.1002/jae.951,3
DOI:10.1016/j.jenvman.2020.110829,DOI:10.1111/j.1468-0084.2007.00477.x,3
DOI:10.1016/j.renene.2017.03.102,DOI:10.1016/j.rser.2017.01.010,3
DOI:10.1016/j.renene.2017.03.102,DOI:10.1002/jae.951,4
DOI:10.1016/j.renene.2017.03.102,DOI:10.1016/j.eneco.2018.07.034,3
DOI:10.1016/j.renene.2017.03.102,DOI:10.1016/j.renene.2021.07.030,3
DOI:10.1016/j.renene.2017.03.102,DOI:10.1016/j.strueco.2021.03.011,4
DOI:10.1016/j.renene.2020.09.128,DOI:10.2307/2297111,3
DOI:10.1016/j.renene.2020.09.128,DOI:10.1002/jae.951,5
DOI:10.1016/j.renene.2020.09.128,DOI:10.1016/j.renene.2022.01.075,3
DOI:10.1016/j.renene.2020.09.128,DOI:10.1111/j.1468-0084.2007.00477.x,6
DOI:10.1016/j.rser.2019.01.004,DOI:10.1016/j.techfore.2019.05.028,3
DOI:10.1016/j.rser.2019.01.004,DOI:10.2307/1912791,3
DOI:10.1016/j.rser.2019.01.004,DOI:10.2307/2297111,3
DOI:10.1016/j.scitotenv.2018.12.104,DOI:10.1111/j.1468-0084.2007.00477.x,3
DOI:10.1016/j.techfore.2019.05.028,DOI:10.2307/1912791,3
DOI:10.1016/j.techfore.2019.05.028,DOI:10.2307/2297111,3
DOI:10.2307/1912791,DOI:10.2307/2297111,8
DOI:10.2307/1912791,DOI:10.1002/gas.22141,3
DOI:10.2307/1912791,DOI:10.1007/s10708-020-10234-z,3
DOI:10.2307/1912791,DOI:10.1007/s10708-020-10270-9,4
DOI:10.2307/1912791,DOI:10.1007/s11356-020-09497-3,5
DOI:10.2307/1912791,DOI:10.1007/s40974-020-00168-0,5
DOI:10.2307/1912791,DOI:10.1016/j.renene.2019.06.054,4
DOI:10.2307/1912791,DOI:10.1016/j.renene.2019.11.106,6
DOI:10.2307/1912791,DOI:10.1177/0958305x19857209,5
DOI:10.2307/1912791,DOI:10.1177/1391561418794691,7
DOI:10.2307/1912791,"OHLIN BERTIL., 1933, INTERREGIONAL AND INTERNATIONAL TRADE",3
DOI:10.2307/1912791,"[ANONYMOUS], 2019, WORLD DEVELOPMENT INDICATORS",3
DOI:10.2307/1912791,"BOND S., 2013, ACCOUNTING FOR UNOBSERVED HETEROGENEITY IN PANEL TIME SERIES MODELS, V1, P1",4
DOI:10.2307/1912791,DOI:10.1002/ijfe.2073,4
DOI:10.2307/1912791,DOI:10.1002/jae.723,3
DOI:10.2307/1912791,DOI:10.1016/0304-4076(94)01644-f,3
DOI:10.2307/1912791,DOI:10.1016/j.energy.2014.05.081,3
DOI:10.2307/1912791,DOI:10.1080/00036846.2018.1558359,3
DOI:10.2307/1912791,DOI:10.1111/j.1468-0084.2007.00477.x,6
DOI:10.2307/1912791,DOI:10.1111/twec.12898,3
DOI:10.2307/1912791,DOI:10.1002/jae.951,5
DOI:10.2307/1912791,DOI:10.1111/j.1468-0262.2006.00692.x,4
DOI:10.2307/1912791,DOI:10.1007/s40974-020-00185-z,3
DOI:10.2307/2297111,DOI:10.1002/gas.22141,3
DOI:10.2307/2297111,DOI:10.1007/s10708-020-10234-z,3
DOI:10.2307/2297111,DOI:10.1007/s10708-020-10270-9,3
DOI:10.2307/2297111,DOI:10.1007/s11356-020-09497-3,4
DOI:10.2307/2297111,DOI:10.1007/s40974-020-00168-0,4
DOI:10.2307/2297111,DOI:10.1016/j.enpol.2018.12.047,3
DOI:10.2307/2297111,DOI:10.1016/j.renene.2019.06.054,3
DOI:10.2307/2297111,DOI:10.1016/j.renene.2019.11.106,5
DOI:10.2307/2297111,DOI:10.1177/0958305x19857209,4
DOI:10.2307/2297111,DOI:10.1177/1391561418794691,7
DOI:10.2307/2297111,"[ANONYMOUS], 2019, WORLD DEVELOPMENT INDICATORS",4
DOI:10.2307/2297111,DOI:10.1002/jae.951,23
DOI:10.2307/2297111,DOI:10.1016/j.resourpol.2021.102380,3
DOI:10.2307/2297111,DOI:10.1016/s0304-4076(98)00023-2,6
DOI:10.2307/2297111,DOI:10.1111/j.1368-423x.2007.00227.x,8
DOI:10.2307/2297111,DOI:10.2307/2297545,6
DOI:10.2307/2297111,DOI:10.1162/003465301753237803,4
DOI:10.2307/2297111,DOI:10.1016/j.strueco.2023.11.006,3
DOI:10.2307/2297111,DOI:10.1038/nclimate2512,3
DOI:10.2307/2297111,DOI:10.1111/j.1468-0262.2006.00692.x,6
DOI:10.2307/2297111,DOI:10.1016/j.renene.2022.05.168,3
DOI:10.2307/2297111,DOI:10.1016/0304-4076(94)01644-f,4
DOI:10.2307/2297111,DOI:10.1080/15567249.2023.2214917,3
DOI:10.2307/2297111,DOI:10.1111/j.1468-0084.2007.00477.x,15
DOI:10.2307/2297111,DOI:10.1007/s11356-023-25407-9,3
DOI:10.2307/2297111,DOI:10.1007/s13762-024-05456-4,3
DOI:10.2307/2297111,DOI:10.1016/j.envsci.2023.04.021,3
DOI:10.2307/2297111,DOI:10.1016/j.jenvman.2022.115500,3
DOI:10.2307/2297111,DOI:10.1016/s0921-8009(03)00188-5,4
DOI:10.2307/2297111,DOI:10.1162/003465398557825,5
DOI:10.2307/2297111,DOI:10.1016/j.renene.2022.04.150,3
DOI:10.2307/2297111,DOI:10.1016/j.resourpol.2022.103041,3
DOI:10.2307/2297111,DOI:10.1007/s13132-022-00999-8,3
DOI:10.2307/2297111,DOI:10.1016/j.eneco.2023.106661,3
DOI:10.2307/2297111,DOI:10.1080/08874417.2022.2049017,3
DOI:10.2307/2297111,DOI:10.1016/j.enpol.2013.10.064,3
DOI:10.2307/2297111,"BOND S., 2013, ACCOUNTING FOR UNOBSERVED HETEROGENEITY IN PANEL TIME SERIES MODELS, V1, P1",3
DOI:10.2307/2297111,DOI:10.1016/j.jclepro.2019.04.210,3
DOI:10.2307/2297111,DOI:10.1002/ijfe.2073,4
DOI:10.2307/2297111,DOI:10.1007/s40974-020-00185-z,3
DOI:10.1016/j.enpol.2013.10.064,DOI:10.1016/j.enpol.2010.01.024,3
DOI:10.1016/j.enpol.2013.10.064,DOI:10.1016/j.renene.2019.09.006,3
DOI:10.1016/j.enpol.2013.10.064,DOI:10.1016/j.rser.2014.07.033,3
DOI:10.1016/j.enpol.2013.10.064,DOI:10.1111/j.1468-0084.2007.00477.x,4
DOI:10.1016/j.enpol.2013.10.064,DOI:10.1002/jae.951,4
DOI:10.1016/j.enpol.2013.10.064,DOI:10.1016/j.rser.2015.10.080,3
DOI:10.1016/j.eneco.2024.107584,DOI:10.1016/j.eneco.2024.107388,3
DOI:10.1016/j.eneco.2024.107584,DOI:10.1016/j.esr.2024.101600,3
DOI:10.1016/j.eneco.2024.107584,DOI:10.1016/j.eneco.2024.107403,3
DOI:10.1016/j.eneco.2024.107584,DOI:10.1016/j.eneco.2024.107493,3
DOI:10.1016/j.eneco.2024.107584,DOI:10.1016/j.eneco.2024.107654,3
DOI:10.1016/j.eneco.2024.107584,DOI:10.1016/j.jclepro.2024.141298,3
DOI:10.1016/j.resourpol.2022.102680,DOI:10.1002/jae.951,3
DOI:10.1016/j.resourpol.2022.102680,DOI:10.1007/s11356-021-12447-2,3
DOI:10.1016/j.resourpol.2022.102680,DOI:10.1016/j.enpol.2022.112909,3
DOI:10.1016/j.resourpol.2022.102680,DOI:10.1016/j.gr.2022.09.014,3
DOI:10.1016/j.resourpol.2022.102680,DOI:10.1016/j.renene.2022.01.073,3
DOI:10.1016/j.resourpol.2022.102680,DOI:10.1111/j.1468-0084.2007.00477.x,3
DOI:10.1016/j.rser.2021.111524,DOI:10.1038/s41560-020-0641-6,3
DOI:10.2753/mtp1069-6679190202,DOI:10.1007/s11747-014-0403-8,3
DOI:10.3390/su12125078,DOI:10.1002/jae.951,4
DOI:10.1016/j.techfore.2023.123004,DOI:10.1002/jae.951,3
DOI:10.1080/09638199.2023.2237131,DOI:10.2307/2297545,3
DOI:10.2307/2297545,DOI:10.2307/2951679,7
DOI:10.2307/2297545,DOI:10.2307/2951763,11
DOI:10.2307/2297545,DOI:10.1016/s0304-4076(98)00023-2,5
DOI:10.2307/2297545,DOI:10.1111/j.1368-423x.2007.00227.x,3
DOI:10.2307/2297545,DOI:10.1111/j.1468-0262.2006.00692.x,3
DOI:10.2307/2297545,DOI:10.1002/jae.951,7
DOI:10.2307/2297545,DOI:10.1016/0304-4076(94)01644-f,3
DOI:10.2307/2297545,DOI:10.1080/07474930500243019,3
DOI:10.2307/2297545,DOI:10.1007/s11356-021-13476-7,3
DOI:10.2307/2297545,DOI:10.1016/j.econmod.2012.04.022,3
DOI:10.2307/2297545,DOI:10.1016/j.energy.2021.121758,3
DOI:10.2307/2297545,"[ANONYMOUS], 2019, WORLD DEVELOPMENT INDICATORS",4
DOI:10.2307/2297545,DOI:10.1002/ijfe.2049,3
DOI:10.2307/2297545,DOI:10.1186/s43093-023-00183-7,3
DOI:10.2307/2297545,"SUN ZHONGYE, 2023, INT J ENVIRON RES PUBLIC HEALTH, V20, DOI [10.3390/IJERPH20043124, 10.3390/IJERPH20043124]",4
DOI:10.2307/2297545,DOI:10.2307/1912517,3
DOI:10.2307/2297545,DOI:10.1007/s40974-020-00168-0,3
DOI:10.2307/2297545,DOI:10.1016/j.renene.2019.11.098,3
DOI:10.2307/2297545,DOI:10.1080/08874417.2022.2049017,3
DOI:10.2307/2297545,DOI:10.1016/j.scs.2021.102881,3
DOI:10.2307/2297545,DOI:10.1111/j.1468-0084.2007.00477.x,3
DOI:10.2307/2297545,DOI:10.1162/003465398557825,3
DOI:10.2307/2297545,DOI:10.1007/s11356-022-18976-8,3
DOI:10.2307/2297545,DOI:10.1016/j.eneco.2023.106661,3
DOI:10.2307/2297545,DOI:10.1108/ijesm-12-2019-0019,3
DOI:10.2307/2297545,DOI:10.1016/j.energy.2018.05.068,3
DOI:10.2307/2297545,DOI:10.1016/j.energy.2020.117356,3
DOI:10.2307/2297545,DOI:10.1007/s11356-021-14032-z,3
DOI:10.2307/2951679,DOI:10.2307/2951763,5
DOI:10.2307/2951679,DOI:10.1002/jae.951,3
DOI:10.2307/2951763,DOI:10.1016/s0304-4076(98)00023-2,5
DOI:10.2307/2951763,DOI:10.1016/s0304-4076(01)00098-7,3
DOI:10.2307/2951763,DOI:10.1002/jae.951,3
DOI:10.1007/s11356-020-10446-3,DOI:10.1002/jae.951,3
DOI:10.1007/s11356-020-10446-3,DOI:10.1111/j.1468-0084.2007.00477.x,4
DOI:10.1016/j.energy.2020.117356,DOI:10.1016/j.energy.2018.05.068,3
DOI:10.1016/j.energy.2020.117356,DOI:10.1016/j.enpol.2018.12.047,3
DOI:10.1016/j.energy.2020.117356,DOI:10.1016/j.renene.2021.07.019,3
DOI:10.1016/j.energy.2020.117356,DOI:10.1016/j.renene.2021.07.030,3
DOI:10.1016/j.energy.2020.117356,DOI:10.1016/j.strueco.2021.03.011,3
DOI:10.1016/j.enpol.2004.08.004,DOI:10.1016/j.enpol.2009.02.043,3
DOI:10.1016/j.enpol.2004.08.004,DOI:10.1016/j.enpol.2009.11.001,3
DOI:10.1016/j.enpol.2004.08.004,DOI:10.1016/j.enpol.2010.11.012,4
DOI:10.1016/j.enpol.2004.08.004,DOI:10.1016/j.enpol.2008.06.023,3
DOI:10.1016/j.enpol.2004.08.004,DOI:10.1016/j.enpol.2011.03.074,4
DOI:10.1016/j.enpol.2004.08.004,DOI:10.1016/j.enpol.2012.03.014,3
DOI:10.1016/j.enpol.2004.08.004,DOI:10.1016/j.renene.2007.10.008,6
DOI:10.1016/j.enpol.2004.08.004,DOI:10.1016/s0301-4215(02)00133-7,5
DOI:10.1016/j.enpol.2004.08.004,DOI:10.1016/j.enpol.2004.08.029,3
DOI:10.1016/j.enpol.2004.08.004,DOI:10.1016/s0301-4215(03)00108-3,3
DOI:10.1016/j.enpol.2004.08.004,"[ANONYMOUS], 2005, COMMUNICATION COMMIS",4
DOI:10.1016/j.enpol.2004.08.004,"DE JAGER D., 2008, POLICY INSTRUMENT DE",3
DOI:10.1016/j.enpol.2004.08.004,DOI:10.1016/j.enpol.2004.06.014,4
DOI:10.1016/j.enpol.2004.08.004,DOI:10.1016/j.geoforum.2006.11.016,3
DOI:10.1016/j.enpol.2004.08.004,DOI:10.1016/j.renene.2005.03.015,3
DOI:10.1016/j.enpol.2004.08.004,"KOMOR P., 2004, RENEWABLE ENERGY POL",3
DOI:10.1016/j.enpol.2010.11.012,DOI:10.1016/j.enpol.2011.03.074,3
DOI:10.1016/j.enpol.2012.10.018,DOI:10.1142/s2010007810000169,3
DOI:10.1016/j.enpol.2012.10.018,DOI:10.1016/j.enpol.2009.06.033,3
DOI:10.1111/ectj.12097,DOI:10.1214/18-aos1709,3
DOI:10.1016/s0960-1481(99)00130-5,DOI:10.1002/casp.1004,3
DOI:10.1016/s0960-1481(99)00130-5,DOI:10.1002/we.124,3
DOI:10.1016/j.respol.2015.09.008,DOI:10.1016/j.respol.2011.02.005,3
DOI:10.1016/j.respol.2015.09.008,DOI:10.1016/j.respol.2016.04.004,4
DOI:10.1002/casp.1004,DOI:10.1002/we.124,3
DOI:10.1002/casp.1004,DOI:10.1080/08941920.2016.1150536,3
DOI:10.1002/casp.1004,DOI:10.1016/j.rser.2005.10.005,3
DOI:10.1016/j.enpol.2008.09.032,DOI:10.1016/j.enpol.2009.05.055,3
DOI:10.1016/j.enpol.2008.09.032,DOI:10.1016/j.enpol.2011.03.017,3
DOI:10.1016/j.enpol.2008.09.032,DOI:10.1016/j.enpol.2013.06.030,3
DOI:10.1016/j.enpol.2008.09.032,DOI:10.1016/j.enpol.2018.06.002,3
DOI:10.1016/j.enpol.2008.09.032,DOI:10.1016/j.rser.2014.10.089,3
DOI:10.1016/j.enpol.2008.09.032,DOI:10.1016/j.enpol.2007.10.019,4
DOI:10.1016/j.enpol.2008.09.032,DOI:10.1016/j.jclepro.2017.01.048,3
DOI:10.1016/j.enpol.2008.09.032,DOI:10.1016/j.rser.2018.06.013,3
DOI:10.1016/j.enpol.2008.09.032,DOI:10.1016/j.renene.2014.02.038,5
DOI:10.1007/s11356-021-16713-1,DOI:10.1016/j.erss.2021.102415,4
DOI:10.1007/s11356-021-16713-1,DOI:10.1016/j.igd.2022.100010],4
DOI:10.1016/j.erss.2021.102415,DOI:10.1016/j.igd.2022.100010],4
DOI:10.1016/j.erss.2021.102415,DOI:10.1016/j.renene.2021.07.092,4
DOI:10.1016/j.erss.2021.102415,DOI:10.1016/j.renene.2022.07.159,3
DOI:10.1016/j.erss.2021.102415,DOI:10.2307/1913643,4
DOI:10.1016/j.erss.2021.102415,DOI:10.1016/j.eneco.2023.106817,3
DOI:10.1016/j.erss.2021.102415,DOI:10.1016/j.jclepro.2020.120102,3
DOI:10.1016/j.erss.2021.102415,DOI:10.1016/j.jbankfin.2015.01.013,4
DOI:10.1016/j.erss.2021.102415,DOI:10.1080/07474939608800353,4
DOI:10.1016/j.igd.2022.100010],DOI:10.2307/1913643,3
DOI:10.1016/j.renene.2021.07.092,DOI:10.1016/j.renene.2022.07.159,3
DOI:10.2307/1913643,DOI:10.1002/jae.951,5
DOI:10.2307/1913643,DOI:10.1111/j.1468-0084.2007.00477.x,5
DOI:10.2307/1913643,DOI:10.1016/j.enpol.2016.10.005,3
DOI:10.2307/1913643,DOI:10.1016/j.techsoc.2021.101746,3
DOI:10.2307/1913643,DOI:10.1111/j.1368-423x.2011.00349.x,4
DOI:10.2307/1913643,DOI:10.1016/j.jbankfin.2015.01.013,3
DOI:10.1016/j.erss.2015.02.005,DOI:10.1016/j.enpol.2013.06.030,3
DOI:10.1016/j.erss.2015.02.005,DOI:10.1016/j.jclepro.2017.01.048,3
DOI:10.1002/sd.2399,DOI:10.1002/jae.951,4
DOI:10.1002/sd.2399,DOI:10.1016/j.renene.2022.01.073,3
DOI:10.1002/sd.2399,DOI:10.1111/j.1468-0084.2007.00477.x,4
DOI:10.1016/j.energy.2018.05.068,DOI:10.1162/003465398557825,4
DOI:10.1016/j.energy.2018.05.068,DOI:10.1177/1536867x0700700301,4
DOI:10.1016/j.energy.2018.05.068,DOI:10.1007/s11356-021-12447-2,3
DOI:10.1016/j.energy.2018.05.068,DOI:10.1016/j.enpol.2009.08.049,3
DOI:10.1016/j.energy.2018.05.068,DOI:10.1016/j.scitotenv.2020.142583,3
DOI:10.1016/j.energy.2018.05.068,DOI:10.1016/j.renene.2019.11.098,3
DOI:10.1016/j.energy.2018.05.068,DOI:10.1016/j.renene.2021.07.030,5
DOI:10.1016/j.energy.2018.05.068,DOI:10.1016/j.strueco.2021.03.011,5
DOI:10.1016/j.energy.2018.05.068,DOI:10.1002/bse.3269,3
DOI:10.1016/j.energy.2018.05.068,DOI:10.1016/j.eneco.2019.104541,3
DOI:10.1016/j.energy.2018.05.068,DOI:10.1016/j.resourpol.2022.103041,3
DOI:10.1016/j.energy.2018.05.068,DOI:10.1016/j.renene.2021.07.019,3
DOI:10.1016/j.energy.2018.05.068,DOI:10.1016/j.renene.2022.03.143,3
DOI:10.1016/j.erss.2015.10.004,DOI:10.1016/j.apenergy.2015.01.002,7
DOI:10.1016/j.erss.2015.10.004,DOI:10.1016/j.enpol.2017.06.014,4
DOI:10.1016/j.erss.2015.10.004,DOI:10.1111/geoj.12008,4
DOI:10.1016/j.erss.2015.10.004,DOI:10.1016/j.erss.2017.09.024,5
DOI:10.1016/j.erss.2015.10.004,DOI:10.1016/j.enpol.2015.08.033,3
DOI:10.1016/j.erss.2015.10.004,DOI:10.1016/j.enpol.2017.03.005,4
DOI:10.1016/j.erss.2015.10.004,DOI:10.1017/cbo9781107323605,3
DOI:10.1016/j.erss.2015.10.004,DOI:10.1016/j.enpol.2007.10.019,4
DOI:10.1016/j.erss.2015.10.004,DOI:10.1016/j.enpol.2017.03.018,4
DOI:10.1016/j.erss.2015.10.004,DOI:10.1038/nenergy.2016.24,3
DOI:10.1016/j.jclepro.2019.118537,DOI:10.1016/j.enpol.2017.10.050,3
DOI:10.1109/access.2022.3193402,DOI:10.1002/pip.3189,4
DOI:10.1109/access.2022.3193402,DOI:10.1016/j.apenergy.2020.114737,3
DOI:10.1109/access.2022.3193402,DOI:10.1016/j.apenergy.2020.116273,5
DOI:10.1109/access.2022.3193402,DOI:10.1016/j.enconman.2016.01.019,3
DOI:10.1109/access.2022.3193402,DOI:10.1016/j.joule.2020.05.005,3
DOI:10.1109/access.2022.3193402,DOI:10.1016/j.joule.2021.03.005,4
DOI:10.1109/access.2022.3193402,DOI:10.1016/j.oneear.2019.12.003,3
DOI:10.1109/access.2022.3193402,DOI:10.1016/j.renene.2018.09.082,3
DOI:10.1109/access.2022.3193402,DOI:10.1016/j.rser.2020.109917,3
DOI:10.1109/access.2022.3193402,DOI:10.1016/j.rser.2022.112452,3
DOI:10.1109/access.2022.3193402,DOI:10.1038/s41467-019-08855-1,3
DOI:10.1109/access.2022.3193402,DOI:10.1038/s41558-021-00998-8,3
DOI:10.1109/access.2022.3193402,DOI:10.1002/pip.3659,3
DOI:10.1109/access.2022.3193402,DOI:10.1016/j.ijhydene.2023.08.170,4
DOI:10.1109/access.2022.3193402,DOI:10.1016/j.renene.2021.03.098,3
DOI:10.1109/access.2022.3193402,DOI:10.1016/j.solener.2018.07.029,3
DOI:10.1109/access.2022.3193402,DOI:10.3390/en10101468,3
DOI:10.1109/access.2022.3193402,DOI:10.3390/en13102502,3
DOI:10.1109/access.2022.3193402,DOI:10.3390/en14082103,3
DOI:10.1109/access.2022.3193402,DOI:10.3390/en14206594,3
DOI:10.1109/access.2022.3193402,DOI:10.1016/j.joule.2023.06.016,3
DOI:10.1109/access.2022.3193402,DOI:10.1016/j.rser.2025.115371,3
DOI:10.1109/access.2022.3193402,DOI:10.1016/j.rser.2025.115383,3
DOI:10.1109/access.2022.3193402,DOI:10.1038/nenergy.2017.140,3
DOI:10.1109/access.2022.3193402,DOI:10.1109/access.2022.3221155,3
DOI:10.1162/003465398557825,DOI:10.1177/1536867x0700700301,7
DOI:10.1162/003465398557825,DOI:10.1016/j.eneco.2015.12.010,3
DOI:10.1162/003465398557825,DOI:10.1016/j.energy.2022.124289,3
DOI:10.1162/003465398557825,DOI:10.1016/j.resourpol.2022.103041,4
DOI:10.1162/003465398557825,DOI:10.1007/s13132-022-00999-8,3
DOI:10.1162/003465398557825,DOI:10.1002/jae.951,8
DOI:10.1162/003465398557825,DOI:10.1111/j.1368-423x.2007.00227.x,3
DOI:10.1162/003465398557825,DOI:10.1111/j.1468-0084.2007.00477.x,5
DOI:10.1162/003465398557825,DOI:10.1002/pa.2882,3
DOI:10.1162/003465398557825,DOI:10.1002/bse.3269,3
DOI:10.1162/003465398557825,DOI:10.1016/j.enpol.2010.11.034,3
DOI:10.1162/003465398557825,DOI:10.1016/j.renene.2021.07.030,3
DOI:10.1162/003465398557825,DOI:10.1016/j.strueco.2021.03.011,3
DOI:10.1162/003465398557825,"SUN ZHONGYE, 2023, INT J ENVIRON RES PUBLIC HEALTH, V20, DOI [10.3390/IJERPH20043124, 10.3390/IJERPH20043124]",3
DOI:10.1162/003465398557825,DOI:10.1016/j.eneco.2023.106661,3
DOI:10.1177/1536867x0700700301,DOI:10.1002/pa.2882,3
DOI:10.1177/1536867x0700700301,DOI:10.1002/bse.3269,3
DOI:10.1177/1536867x0700700301,DOI:10.1016/j.enpol.2010.11.034,3
DOI:10.1177/1536867x0700700301,DOI:10.1016/j.renene.2021.07.030,3
DOI:10.1177/1536867x0700700301,DOI:10.1016/j.resourpol.2022.103041,3
DOI:10.1177/1536867x0700700301,DOI:10.1016/j.strueco.2021.03.011,3
DOI:10.1177/1536867x0700700301,"SUN ZHONGYE, 2023, INT J ENVIRON RES PUBLIC HEALTH, V20, DOI [10.3390/IJERPH20043124, 10.3390/IJERPH20043124]",3
DOI:10.1177/1536867x0700700301,DOI:10.1002/jae.951,3
DOI:10.1177/1536867x0700700301,DOI:10.1016/j.eneco.2023.106661,3
DOI:10.1007/s11356-019-06102-0,DOI:10.1016/j.rser.2015.01.035,3
DOI:10.1016/j.enpol.2018.12.050,DOI:10.1016/j.rser.2017.05.090,3
DOI:10.1016/j.erss.2020.101716,DOI:10.1016/j.eneco.2017.01.019,3
DOI:10.1016/j.erss.2020.101716,DOI:10.1002/jae.951,3
"BREITUNG J, 2000, ADV ECONOMETRICS, V15, P161",DOI:10.1016/j.enpol.2018.12.047,3
"BREITUNG J, 2000, ADV ECONOMETRICS, V15, P161",DOI:10.1016/s0304-4076(01)00098-7,4
"BREITUNG J, 2000, ADV ECONOMETRICS, V15, P161",DOI:10.1111/1468-0084.0610s1631,3
"BREITUNG J, 2000, ADV ECONOMETRICS, V15, P161",DOI:10.1016/s0304-4076(98)00023-2,5
DOI:10.1002/gas.22141,DOI:10.1016/j.renene.2019.06.054,3
DOI:10.1002/gas.22141,DOI:10.1016/j.renene.2019.11.106,3
DOI:10.1002/gas.22141,DOI:10.1177/0958305x19857209,4
DOI:10.1002/gas.22141,DOI:10.1177/1391561418794691,4
DOI:10.1007/s10708-020-10234-z,DOI:10.1007/s11356-020-09497-3,3
DOI:10.1007/s10708-020-10234-z,DOI:10.1007/s40974-020-00168-0,3
DOI:10.1007/s10708-020-10234-z,DOI:10.1177/1391561418794691,3
DOI:10.1007/s10708-020-10234-z,"[ANONYMOUS], 2019, WORLD DEVELOPMENT INDICATORS",3
DOI:10.1007/s10708-020-10270-9,DOI:10.1007/s11356-020-09497-3,4
DOI:10.1007/s10708-020-10270-9,DOI:10.1007/s40974-020-00168-0,4
DOI:10.1007/s10708-020-10270-9,DOI:10.1016/j.renene.2019.06.054,3
DOI:10.1007/s10708-020-10270-9,DOI:10.1016/j.renene.2019.11.106,4
DOI:10.1007/s10708-020-10270-9,DOI:10.1177/0958305x19857209,3
DOI:10.1007/s10708-020-10270-9,DOI:10.1177/1391561418794691,4
DOI:10.1007/s10708-020-10270-9,DOI:10.1002/ijfe.2073,3
DOI:10.1007/s10708-020-10270-9,DOI:10.1002/jae.723,3
DOI:10.1007/s10708-020-10270-9,DOI:10.1111/j.1468-0084.2007.00477.x,4
DOI:10.1007/s10708-020-10270-9,DOI:10.1002/jae.951,3
DOI:10.1007/s11356-020-09497-3,DOI:10.1007/s40974-020-00168-0,7
DOI:10.1007/s11356-020-09497-3,DOI:10.1016/j.renene.2019.06.054,4
DOI:10.1007/s11356-020-09497-3,DOI:10.1016/j.renene.2019.11.106,6
DOI:10.1007/s11356-020-09497-3,DOI:10.1016/s0304-4076(01)00098-7,3
DOI:10.1007/s11356-020-09497-3,DOI:10.1177/0958305x19857209,3
DOI:10.1007/s11356-020-09497-3,DOI:10.1177/1391561418794691,6
DOI:10.1007/s11356-020-09497-3,"[ANONYMOUS], 2019, WORLD DEVELOPMENT INDICATORS",4
DOI:10.1007/s11356-020-09497-3,DOI:10.1002/jae.951,6
DOI:10.1007/s11356-020-09497-3,DOI:10.1016/j.energy.2014.05.081,3
DOI:10.1007/s11356-020-09497-3,DOI:10.1016/j.renene.2019.09.006,3
DOI:10.1007/s11356-020-09497-3,"BOND S., 2013, ACCOUNTING FOR UNOBSERVED HETEROGENEITY IN PANEL TIME SERIES MODELS, V1, P1",3
DOI:10.1007/s11356-020-09497-3,DOI:10.1002/ijfe.2073,5
DOI:10.1007/s11356-020-09497-3,DOI:10.1002/jae.723,3
DOI:10.1007/s11356-020-09497-3,DOI:10.1016/j.spc.2020.11.008,3
DOI:10.1007/s11356-020-09497-3,DOI:10.1111/j.1468-0084.2007.00477.x,4
DOI:10.1007/s11356-020-09497-3,DOI:10.1111/twec.12898,3
DOI:10.1007/s11356-020-09497-3,DOI:10.1007/s11356-020-10701-7,3
DOI:10.1007/s11356-020-09497-3,DOI:10.1007/s40974-020-00185-z,4
DOI:10.1007/s40974-020-00168-0,DOI:10.1016/j.enpol.2018.12.047,4
DOI:10.1007/s40974-020-00168-0,DOI:10.1016/j.renene.2019.06.054,3
DOI:10.1007/s40974-020-00168-0,DOI:10.1016/j.renene.2019.11.106,5
DOI:10.1007/s40974-020-00168-0,DOI:10.1177/0958305x19857209,3
DOI:10.1007/s40974-020-00168-0,DOI:10.1177/1391561418794691,5
DOI:10.1007/s40974-020-00168-0,"[ANONYMOUS], 2019, WORLD DEVELOPMENT INDICATORS",4
DOI:10.1007/s40974-020-00168-0,DOI:10.1016/j.energy.2014.05.081,4
DOI:10.1007/s40974-020-00168-0,DOI:10.1016/j.rser.2017.03.067,4
DOI:10.1007/s40974-020-00168-0,DOI:10.1016/j.rser.2015.11.003,3
DOI:10.1007/s40974-020-00168-0,DOI:10.1016/j.egyr.2021.01.038,3
DOI:10.1007/s40974-020-00168-0,"BOND S., 2013, ACCOUNTING FOR UNOBSERVED HETEROGENEITY IN PANEL TIME SERIES MODELS, V1, P1",3
DOI:10.1007/s40974-020-00168-0,DOI:10.1002/ijfe.2073,5
DOI:10.1007/s40974-020-00168-0,DOI:10.1002/jae.723,3
DOI:10.1007/s40974-020-00168-0,DOI:10.1007/s11356-020-11976-6,3
DOI:10.1007/s40974-020-00168-0,DOI:10.1007/s40974-020-00190-2,3
DOI:10.1007/s40974-020-00168-0,DOI:10.1016/j.enpol.2009.08.049,3
DOI:10.1007/s40974-020-00168-0,DOI:10.1016/j.spc.2020.11.008,3
DOI:10.1007/s40974-020-00168-0,DOI:10.1111/j.1468-0084.2007.00477.x,4
DOI:10.1007/s40974-020-00168-0,DOI:10.1111/twec.12898,4
DOI:10.1007/s40974-020-00168-0,DOI:10.1007/s11356-020-10701-7,4
DOI:10.1007/s40974-020-00168-0,DOI:10.1002/jae.951,3
DOI:10.1007/s40974-020-00168-0,DOI:10.1007/s40974-020-00185-z,4
DOI:10.1016/j.enpol.2014.03.029,DOI:10.1016/j.renene.2019.06.054,3
DOI:10.1016/j.enpol.2018.12.047,DOI:10.1016/j.renene.2019.11.106,3
DOI:10.1016/j.enpol.2018.12.047,"[ANONYMOUS], 2019, WORLD DEVELOPMENT INDICATORS",4
DOI:10.1016/j.enpol.2018.12.047,DOI:10.1016/j.erss.2020.101537,5
DOI:10.1016/j.enpol.2018.12.047,DOI:10.1080/13504851.2019.1593934,3
DOI:10.1016/j.enpol.2018.12.047,DOI:10.1504/ijepee.2015.068246],5
DOI:10.1016/j.enpol.2018.12.047,DOI:10.1002/ijfe.2049,3
DOI:10.1016/j.enpol.2018.12.047,DOI:10.1002/jae.951,3
DOI:10.1016/j.enpol.2018.12.047,DOI:10.1007/s11356-021-12447-2,4
DOI:10.1016/j.enpol.2018.12.047,DOI:10.1016/j.eneco.2021.105287,3
DOI:10.1016/j.enpol.2018.12.047,DOI:10.1080/1540496x.2017.1363036,4
DOI:10.1016/j.enpol.2018.12.047,DOI:10.3390/su14031208,4
DOI:10.1016/j.enpol.2018.12.047,DOI:10.1016/j.eneco.2017.01.019,5
DOI:10.1016/j.enpol.2018.12.047,DOI:10.1007/s13132-022-00999-8,3
DOI:10.1016/j.enpol.2018.12.047,DOI:10.1016/j.eneco.2015.12.010,4
DOI:10.1016/j.enpol.2018.12.047,DOI:10.1016/j.eneco.2019.104541,3
DOI:10.1016/j.enpol.2018.12.047,DOI:10.1016/j.jclepro.2018.04.190,3
DOI:10.1016/j.enpol.2018.12.047,DOI:10.1016/j.renene.2021.07.019,3
DOI:10.1016/j.renene.2019.06.054,DOI:10.1016/j.renene.2019.11.106,4
DOI:10.1016/j.renene.2019.06.054,DOI:10.1177/0958305x19857209,4
DOI:10.1016/j.renene.2019.06.054,DOI:10.1177/1391561418794691,4
DOI:10.1016/j.renene.2019.06.054,DOI:10.1016/j.enpol.2009.08.049,3
DOI:10.1016/j.renene.2019.06.054,DOI:10.1016/j.eneco.2021.105649,3
DOI:10.1016/j.renene.2019.06.054,DOI:10.1016/j.strueco.2021.03.011,3
DOI:10.1016/j.renene.2019.06.054,DOI:10.1016/j.eneco.2017.06.025,3
DOI:10.1016/j.renene.2019.06.054,DOI:10.1016/j.renene.2019.09.006,5
DOI:10.1016/j.renene.2019.06.054,DOI:10.1016/j.scitotenv.2020.142220,3
DOI:10.1016/j.renene.2019.06.054,DOI:10.1002/jae.951,3
DOI:10.1016/j.renene.2019.06.054,DOI:10.1016/j.energy.2014.05.081,3
DOI:10.1016/j.renene.2019.06.054,DOI:10.1016/j.renene.2019.06.170,3
DOI:10.1016/j.renene.2019.06.054,DOI:10.1080/1540496x.2017.1363036,3
DOI:10.1016/j.renene.2019.06.054,DOI:10.1111/j.1468-0084.2007.00477.x,3
DOI:10.1016/j.renene.2019.11.106,DOI:10.1177/0958305x19857209,5
DOI:10.1016/j.renene.2019.11.106,DOI:10.1177/1391561418794691,6
DOI:10.1016/j.renene.2019.11.106,"OHLIN BERTIL., 1933, INTERREGIONAL AND INTERNATIONAL TRADE",3
DOI:10.1016/j.renene.2019.11.106,"[ANONYMOUS], 2019, WORLD DEVELOPMENT INDICATORS",3
DOI:10.1016/j.renene.2019.11.106,DOI:10.1016/j.eneco.2018.08.017,3
DOI:10.1016/j.renene.2019.11.106,DOI:10.1016/j.renene.2019.09.006,4
DOI:10.1016/j.renene.2019.11.106,"BOND S., 2013, ACCOUNTING FOR UNOBSERVED HETEROGENEITY IN PANEL TIME SERIES MODELS, V1, P1",3
DOI:10.1016/j.renene.2019.11.106,DOI:10.1002/ijfe.2073,4
DOI:10.1016/j.renene.2019.11.106,DOI:10.1002/jae.723,3
DOI:10.1016/j.renene.2019.11.106,DOI:10.1016/0304-4076(94)01644-f,3
DOI:10.1016/j.renene.2019.11.106,DOI:10.1016/j.eneco.2015.12.010,3
DOI:10.1016/j.renene.2019.11.106,DOI:10.1016/j.energy.2014.05.081,4
DOI:10.1016/j.renene.2019.11.106,DOI:10.1080/00036846.2018.1558359,3
DOI:10.1016/j.renene.2019.11.106,DOI:10.1111/j.1468-0084.2007.00477.x,4
DOI:10.1016/j.renene.2019.11.106,DOI:10.1016/j.techsoc.2022.102044,3
DOI:10.1016/j.renene.2019.11.106,DOI:10.1002/jae.951,4
DOI:10.1016/j.renene.2019.11.106,DOI:10.1007/s40974-020-00185-z,3
DOI:10.1016/s0304-4076(01)00098-7,DOI:10.1111/1468-0084.0610s1631,6
DOI:10.1016/s0304-4076(01)00098-7,DOI:10.1002/jae.951,4
DOI:10.1016/s0304-4076(01)00098-7,DOI:10.1016/j.eneco.2016.02.008,3
DOI:10.1016/s0304-4076(01)00098-7,DOI:10.1111/j.1468-0084.2007.00477.x,4
DOI:10.1016/s0304-4076(01)00098-7,DOI:10.1162/003465301753237803,3
DOI:10.1016/s0304-4076(01)00098-7,DOI:10.1016/0304-4076(94)01644-f,4
DOI:10.1016/s0304-4076(01)00098-7,DOI:10.1016/j.renene.2019.09.007,3
DOI:10.1016/s0304-4076(01)00098-7,DOI:10.1016/s0304-4076(98)00023-2,6
DOI:10.1016/s0304-4076(01)00098-7,DOI:10.1080/07474930500243019,3
DOI:10.1016/s0304-4076(01)00098-7,DOI:10.1016/j.energy.2014.05.081,3
DOI:10.1016/s0304-4076(01)00098-7,DOI:10.1016/s0261-5606(00)00048-6,3
DOI:10.1016/s0304-4076(01)00098-7,DOI:10.1111/1467-8268.12147,3
DOI:10.1111/1468-0084.0610s1631,DOI:10.1002/jae.951,5
DOI:10.1111/1468-0084.0610s1631,DOI:10.1111/j.1468-0084.2007.00477.x,3
DOI:10.1111/1468-0084.0610s1631,DOI:10.1016/s0304-4076(98)00023-2,5
DOI:10.1177/0958305x19857209,DOI:10.1177/1391561418794691,6
DOI:10.1177/0958305x19857209,"OHLIN BERTIL., 1933, INTERREGIONAL AND INTERNATIONAL TRADE",3
DOI:10.1177/0958305x19857209,DOI:10.1016/j.energy.2014.05.081,4
DOI:10.1177/0958305x19857209,DOI:10.1016/j.renene.2019.09.006,3
DOI:10.1177/0958305x19857209,DOI:10.1111/j.1468-0084.2007.00477.x,3
DOI:10.1177/0958305x19857209,DOI:10.1002/jae.951,4
DOI:10.1177/0958305x19857209,DOI:10.1016/j.rser.2016.03.034,3
DOI:10.1177/1391561418794691,"OHLIN BERTIL., 1933, INTERREGIONAL AND INTERNATIONAL TRADE",3
DOI:10.1177/1391561418794691,"[ANONYMOUS], 2019, WORLD DEVELOPMENT INDICATORS",3
DOI:10.1177/1391561418794691,"BOND S., 2013, ACCOUNTING FOR UNOBSERVED HETEROGENEITY IN PANEL TIME SERIES MODELS, V1, P1",4
DOI:10.1177/1391561418794691,DOI:10.1002/ijfe.2073,4
DOI:10.1177/1391561418794691,DOI:10.1002/jae.723,3
DOI:10.1177/1391561418794691,DOI:10.1016/0304-4076(94)01644-f,3
DOI:10.1177/1391561418794691,DOI:10.1016/j.energy.2014.05.081,4
DOI:10.1177/1391561418794691,DOI:10.1016/j.renene.2018.10.052,3
DOI:10.1177/1391561418794691,DOI:10.1016/j.renene.2019.09.006,4
DOI:10.1177/1391561418794691,DOI:10.1080/00036846.2018.1558359,3
DOI:10.1177/1391561418794691,DOI:10.1111/j.1468-0084.2007.00477.x,7
DOI:10.1177/1391561418794691,DOI:10.1111/twec.12898,3
DOI:10.1177/1391561418794691,DOI:10.1002/jae.951,7
DOI:10.1177/1391561418794691,DOI:10.1111/j.1468-0262.2006.00692.x,3
DOI:10.1177/1391561418794691,DOI:10.1007/s40974-020-00185-z,3
"[ANONYMOUS], 2019, WORLD DEVELOPMENT INDICATORS",DOI:10.1016/j.jclepro.2017.03.203,3
"[ANONYMOUS], 2019, WORLD DEVELOPMENT INDICATORS",DOI:10.1002/jae.951,3
"[ANONYMOUS], 2019, WORLD DEVELOPMENT INDICATORS",DOI:10.1111/j.1468-0262.2006.00692.x,3
"[ANONYMOUS], 2019, WORLD DEVELOPMENT INDICATORS",DOI:10.1002/ijfe.2073,3
DOI:10.2307/422246,DOI:10.1016/j.enpol.2004.08.029,4
DOI:10.2307/422246,DOI:10.1177/1065912907313077,3
DOI:10.2307/422246,DOI:10.1332/030557312x655765,3
DOI:10.1016/s0301-4215(00)00122-1,DOI:10.1016/s0360-5442(99)00010-9,3
DOI:10.1016/s0301-4215(00)00122-1,DOI:10.1504/ijgei.2000.004384,3
DOI:10.1016/s0360-5442(99)00010-9,DOI:10.1504/ijgei.2000.004384,3
DOI:10.1016/j.apenergy.2015.01.075,DOI:10.1016/j.energy.2018.06.222,3
DOI:10.1016/j.energy.2018.06.222,DOI:10.1002/pip.3189,3
DOI:10.1016/j.energy.2018.06.222,DOI:10.1016/j.apenergy.2020.116273,3
DOI:10.1016/j.energy.2018.06.222,DOI:10.1016/j.joule.2021.03.005,3
DOI:10.1016/j.energy.2018.06.222,DOI:10.1016/j.renene.2018.09.082,3
DOI:10.1016/j.energy.2018.06.222,DOI:10.1016/j.solener.2018.07.029,3
DOI:10.1016/j.energy.2018.06.222,DOI:10.1038/s41467-020-20015-4,3
DOI:10.1016/j.energy.2018.06.222,DOI:10.1109/access.2022.3221155,3
DOI:10.1016/j.energy.2018.06.222,DOI:10.3390/en10101468,3
DOI:10.1016/j.renene.2019.02.077,DOI:10.1016/j.erss.2020.101579,3
DOI:10.1016/j.rser.2018.04.113,DOI:10.1007/978-1-4939-2493-6_1071-1,3
DOI:10.1016/j.rser.2018.04.113,DOI:10.1016/j.apenergy.2020.116273,4
DOI:10.1016/j.rser.2018.04.113,DOI:10.1016/j.energy.2019.03.092,4
DOI:10.1016/j.rser.2018.04.113,DOI:10.1016/j.joule.2021.03.005,3
DOI:10.1016/j.rser.2018.04.113,DOI:10.1016/j.renene.2018.09.082,3
DOI:10.1016/j.rser.2018.04.113,DOI:10.3390/en12203870,3
DOI:10.1016/j.rser.2018.04.113,DOI:10.1016/j.rser.2018.05.042,3
DOI:10.1016/j.rser.2018.04.113,DOI:10.1016/j.energy.2020.118532,3
DOI:10.1016/j.techfore.2022.121756,DOI:10.1016/j.renene.2023.02.017,3
DOI:10.1016/j.techfore.2022.121756,DOI:10.1002/jae.951,3
DOI:10.1016/j.techfore.2022.121756,DOI:10.1016/j.energy.2020.118322,3
DOI:10.1016/j.respol.2007.01.003,DOI:10.1016/j.respol.2005.07.005,4
DOI:10.1002/sd.2030,DOI:10.1007/s11356-020-09700-5,3
DOI:10.1002/sd.2030,DOI:10.3390/cleantechnol1010003,4
DOI:10.1007/s11356-020-09700-5,DOI:10.3390/cleantechnol1010003,3
DOI:10.1016/j.enpol.2022.112854,DOI:10.1007/s11356-022-18976-8,3
DOI:10.1002/jae.951,DOI:10.1016/j.crsust.2022.100165,3
DOI:10.1002/jae.951,DOI:10.1016/j.resourpol.2021.102380,4
DOI:10.1002/jae.951,DOI:10.1016/j.scitotenv.2020.138945,6
DOI:10.1002/jae.951,DOI:10.1016/s0304-4076(98)00023-2,14
DOI:10.1002/jae.951,DOI:10.1111/j.1368-423x.2007.00227.x,9
DOI:10.1002/jae.951,DOI:10.1016/j.eap.2023.04.015,3
DOI:10.1002/jae.951,DOI:10.1016/j.jeconom.2016.03.005,4
DOI:10.1002/jae.951,DOI:10.1016/j.jenvman.2023.118122,4
DOI:10.1002/jae.951,DOI:10.1016/s0304-4076(99)00025-1,3
DOI:10.1002/jae.951,DOI:10.1111/j.1468-0084.2007.00477.x,41
DOI:10.1002/jae.951,DOI:10.1002/jae.723,3
DOI:10.1002/jae.951,DOI:10.1007/s11356-021-15666-9,3
DOI:10.1002/jae.951,DOI:10.1016/j.renene.2019.01.010,3
DOI:10.1002/jae.951,DOI:10.1016/j.renene.2022.11.089,4
DOI:10.1002/jae.951,DOI:10.1162/003465301753237803,6
DOI:10.1002/jae.951,DOI:10.1002/sd.2144,3
DOI:10.1002/jae.951,DOI:10.1016/0304-4076(94)01644-f,7
DOI:10.1002/jae.951,DOI:10.1016/j.eneco.2017.01.019,3
DOI:10.1002/jae.951,DOI:10.1016/j.gr.2021.10.026,3
DOI:10.1002/jae.951,DOI:10.1016/j.renene.2022.12.125,3
DOI:10.1002/jae.951,DOI:10.1016/j.scitotenv.2020.136504,6
DOI:10.1002/jae.951,DOI:10.1080/07474930500243019,7
DOI:10.1002/jae.951,DOI:10.1111/j.1468-0262.2006.00692.x,13
DOI:10.1002/jae.951,"EBERHARDT M., 2009, MPRA PAPER 17692",3
DOI:10.1002/jae.951,"WOOLDRIDGE JM, 2010, ECONOMETRIC ANALYSIS OF CROSS SECTION AND PANEL DATA, 2ND EDITION, P3",4
DOI:10.1002/jae.951,DOI:10.1002/ijfe.2049,3
DOI:10.1002/jae.951,DOI:10.1007/s11356-020-10775-3,3
DOI:10.1002/jae.951,DOI:10.1016/j.eneco.2021.105287,3
DOI:10.1002/jae.951,DOI:10.1016/j.gr.2022.09.014,4
DOI:10.1002/jae.951,DOI:10.1016/j.jenvman.2021.112908,3
DOI:10.1002/jae.951,DOI:10.1016/j.renene.2022.01.073,8
DOI:10.1002/jae.951,DOI:10.1016/j.renene.2022.03.099,4
DOI:10.1002/jae.951,DOI:10.1016/j.renene.2022.10.067,3
DOI:10.1002/jae.951,DOI:10.1016/j.scitotenv.2020.141853,4
DOI:10.1002/jae.951,DOI:10.1016/j.techfore.2022.122004,3
DOI:10.1002/jae.951,DOI:10.1080/1540496x.2017.1363036,3
DOI:10.1002/jae.951,DOI:10.3389/fenrg.2022.874824,3
DOI:10.1002/jae.951,DOI:10.3390/su14031208,3
DOI:10.1002/jae.951,DOI:10.1017/s1876404511200046,3
DOI:10.1002/jae.951,DOI:10.1016/j.energy.2014.05.081,3
DOI:10.1002/jae.951,DOI:10.1016/j.renene.2019.09.006,3
DOI:10.1002/jae.951,DOI:10.1016/j.renene.2021.07.030,4
DOI:10.1002/jae.951,DOI:10.1016/j.renene.2022.03.034,3
DOI:10.1002/jae.951,DOI:10.1016/j.renene2018.02.026,3
DOI:10.1002/jae.951,DOI:10.1016/j.resourpol.2022.103041,4
DOI:10.1002/jae.951,DOI:10.1016/j.scitotenv.2018.11.354,3
DOI:10.1002/jae.951,DOI:10.1016/j.strueco.2021.03.011,4
DOI:10.1002/jae.951,DOI:10.1016/j.tele.2020.101537,3
DOI:10.1002/jae.951,DOI:10.1177/1536867x19874243,3
DOI:10.1002/jae.951,DOI:10.1007/s11356-022-18715-z,3
DOI:10.1002/jae.951,DOI:10.3390/en18112759,3
DOI:10.1002/jae.951,DOI:10.1007/s00181-020-01875-7,4
DOI:10.1002/jae.951,DOI:10.1016/j.apenergy.2023.122212,3
DOI:10.1002/jae.951,DOI:10.1016/j.econlet.2013.09.012,6
DOI:10.1002/jae.951,DOI:10.1016/j.eneco.2015.12.010,3
DOI:10.1002/jae.951,DOI:10.1016/j.ref.2022.11.007,3
DOI:10.1002/jae.951,DOI:10.1016/j.renene.2022.07.042,3
DOI:10.1002/jae.951,DOI:10.1016/j.renene.2022.11.080,3
DOI:10.1002/jae.951,DOI:10.1016/j.scitotenv.2018.07.365,3
DOI:10.1002/jae.951,DOI:10.1007/s10668-023-03546-w,3
DOI:10.1002/jae.951,DOI:10.1016/j.energy.2021.121758,5
DOI:10.1002/jae.951,DOI:10.1007/s10668-021-01716-2,3
DOI:10.1002/jae.951,DOI:10.1007/s11356-020-07876-4,3
DOI:10.1002/jae.951,DOI:10.1007/s11356-022-21401-9,3
DOI:10.1002/jae.951,DOI:10.1016/j.eneco.2022.106183,3
DOI:10.1002/jae.951,DOI:10.1016/j.enpol.2023.113863,3
DOI:10.1002/jae.951,DOI:10.1016/j.techfore.2022.121633,3
DOI:10.1002/jae.951,"[ANONYMOUS], 2023, WORLD DEVELOPMENT INDICATORS",4
DOI:10.1002/jae.951,DOI:10.1007/s11356-022-18976-8,4
DOI:10.1002/jae.951,DOI:10.1016/j.jclepro.2024.140805,3
DOI:10.1002/jae.951,DOI:10.1016/j.resourpol.2022.102578,3
DOI:10.1002/jae.951,DOI:10.1016/j.strueco.2023.11.006,3
DOI:10.1002/jae.951,DOI:10.1038/nclimate2512,3
DOI:10.1002/jae.951,DOI:10.1111/j.1468-0084.2008.00513.x,3
DOI:10.1002/jae.951,DOI:10.1177/1536867x1201200105,4
DOI:10.1002/jae.951,DOI:10.1016/j.worlddev.2004.03.004,3
DOI:10.1002/jae.951,DOI:10.1111/j.1368-423x.2011.00349.x,5
DOI:10.1002/jae.951,DOI:10.1007/s11356-020-08812-2,3
DOI:10.1002/jae.951,DOI:10.1007/s11356-021-14301-x,3
DOI:10.1002/jae.951,DOI:10.1016/j.jenvman.2021.112779,3
DOI:10.1002/jae.951,DOI:10.1186/s43093-023-00183-7,5
DOI:10.1002/jae.951,DOI:10.1016/j.renene.2021.12.022,3
DOI:10.1002/jae.951,DOI:10.1016/j.renene.2022.05.168,3
DOI:10.1002/jae.951,DOI:10.1016/j.ecolecon.2003.09.007,3
DOI:10.1002/jae.951,DOI:10.1016/j.envsci.2020.12.004,3
DOI:10.1002/jae.951,DOI:10.1016/j.renene.2016.03.078,5
DOI:10.1002/jae.951,DOI:10.1016/j.rser.2008.09.026,3
DOI:10.1002/jae.951,DOI:10.1080/15567249.2023.2214917,3
DOI:10.1002/jae.951,DOI:10.1007/s11356-020-08142-3,3
DOI:10.1002/jae.951,DOI:10.1016/j.econlet.2007.03.003,3
DOI:10.1002/jae.951,DOI:10.1016/j.renene.2021.06.118,3
DOI:10.1002/jae.951,DOI:10.1111/1467-8268.12147,4
DOI:10.1002/jae.951,DOI:10.1007/s10668-022-02128-6,3
DOI:10.1002/jae.951,DOI:10.1016/j.eneco.2018.08.017,3
DOI:10.1002/jae.951,DOI:10.1016/j.renene.2022.06.125,6
DOI:10.1002/jae.951,DOI:10.1016/j.renene.2023.02.017,4
DOI:10.1002/jae.951,DOI:10.1007/s10668-023-04081-4,3
DOI:10.1002/jae.951,DOI:10.1007/s11356-020-08642-2,3
DOI:10.1002/jae.951,DOI:10.1007/s11356-023-25407-9,4
DOI:10.1002/jae.951,DOI:10.1007/s13762-024-05456-4,3
DOI:10.1002/jae.951,DOI:10.1016/j.enpol.2020.112115,3
DOI:10.1002/jae.951,DOI:10.1016/j.envres.2022.114637,3
DOI:10.1002/jae.951,DOI:10.1016/j.envsci.2023.04.021,4
DOI:10.1002/jae.951,DOI:10.1016/j.jclepro.2019.118787,4
DOI:10.1002/jae.951,DOI:10.1016/j.jenvman.2022.115500,4
DOI:10.1002/jae.951,DOI:10.1016/j.renene.2022.01.075,4
DOI:10.1002/jae.951,DOI:10.1016/j.resourpol.2022.103142,3
DOI:10.1002/jae.951,DOI:10.1016/j.techsoc.2021.101828,3
DOI:10.1002/jae.951,DOI:10.1016/s0921-8009(03)00188-5,5
DOI:10.1002/jae.951,DOI:10.3389/fenvs.2022.1058967,3
DOI:10.1002/jae.951,DOI:10.3389/fenvs.2022.1068379,3
DOI:10.1002/jae.951,"LIU HY, 2023, SUSTAIN DEV, V31, P2278, DOI [10.1002/SD.2505, 10.13386/J.ISSN1002-0306.2022040201]",3
DOI:10.1002/jae.951,DOI:10.1016/j.energy.2021.119935,3
DOI:10.1002/jae.951,DOI:10.1016/j.energy.2022.125799,3
DOI:10.1002/jae.951,DOI:10.1016/j.enpol.2020.111365,3
DOI:10.1002/jae.951,DOI:10.1016/j.jenvman.2021.113004,3
DOI:10.1002/jae.951,DOI:10.1016/j.techsoc.2021.101746,3
DOI:10.1002/jae.951,DOI:10.1111/1368-423x.00108,3
DOI:10.1002/jae.951,DOI:10.1016/j.renene.2022.04.150,3
DOI:10.1002/jae.951,DOI:10.1007/s11356-018-2347-x,3
DOI:10.1002/jae.951,DOI:10.1007/s11356-020-12181-1,4
DOI:10.1002/jae.951,DOI:10.1007/s13132-022-00999-8,5
DOI:10.1002/jae.951,DOI:10.1016/j.gr.2021.09.012,3
DOI:10.1002/jae.951,DOI:10.1016/j.jclepro.2018.03.236,5
DOI:10.1002/jae.951,DOI:10.1016/j.resourpol.2020.101817,3
DOI:10.1002/jae.951,DOI:10.1016/j.resourpol.2020.101924,3
DOI:10.1002/jae.951,DOI:10.1016/j.scs.2019.101996,3
DOI:10.1002/jae.951,DOI:10.1016/j.scs.2021.102881,4
DOI:10.1002/jae.951,DOI:10.1016/j.enpol.2021.112345,3
DOI:10.1002/jae.951,DOI:10.1016/j.renene.2018.10.052,3
DOI:10.1002/jae.951,DOI:10.1016/j.renene.2021.12.006,3
DOI:10.1002/jae.951,DOI:10.1016/j.rser.2016.04.018,3
DOI:10.1002/jae.951,DOI:10.1016/j.scitotenv.2019.05.028,4
DOI:10.1002/jae.951,DOI:10.1073/pnas.94.1.175,4
DOI:10.1002/jae.951,DOI:10.1016/j.eneco.2023.106661,6
DOI:10.1002/jae.951,DOI:10.1016/j.seta.2022.102669,3
DOI:10.1002/jae.951,DOI:10.1016/j.techsoc.2022.102044,3
DOI:10.1002/jae.951,DOI:10.1080/08874417.2022.2049017,3
DOI:10.1002/jae.951,DOI:10.1126/science.171.3977.1212,3
DOI:10.1002/jae.951,DOI:10.1198/073500104000000019,3
DOI:10.1002/jae.951,DOI:10.1002/ieam.4500,3
DOI:10.1002/jae.951,DOI:10.1016/j.jclepro.2020.121550,3
DOI:10.1002/jae.951,DOI:10.1016/j.renene.2021.12.038,4
DOI:10.1002/jae.951,DOI:10.1016/j.rser.2015.10.080,6
DOI:10.1002/jae.951,DOI:10.1016/j.enpol.2017.10.050,5
DOI:10.1002/jae.951,DOI:10.1016/j.renene.2022.12.088,3
DOI:10.1002/jae.951,"BOND S., 2013, ACCOUNTING FOR UNOBSERVED HETEROGENEITY IN PANEL TIME SERIES MODELS, V1, P1",3
DOI:10.1002/jae.951,DOI:10.1016/j.jclepro.2019.04.210,3
DOI:10.1002/jae.951,DOI:10.1080/00036846.2021.1904126,3
DOI:10.1002/jae.951,DOI:10.1016/j.ecolecon.2010.06.014,3
DOI:10.1002/jae.951,DOI:10.1016/j.jenvman.2021.113241,3
DOI:10.1002/jae.951,DOI:10.1016/j.enpol.2018.11.044,3
DOI:10.1002/jae.951,DOI:10.1016/j.heliyon.2022.e09913,3
DOI:10.1002/jae.951,DOI:10.1002/sd.2292,5
DOI:10.1002/jae.951,DOI:10.1007/s11356-022-21489-z,3
DOI:10.1002/jae.951,DOI:10.1016/j.egyr.2022.01.022,3
DOI:10.1002/jae.951,DOI:10.1016/j.renene.2020.10.143,3
DOI:10.1002/jae.951,DOI:10.1016/j.resourpol.2021.102302,3
DOI:10.1002/jae.951,DOI:10.1002/bse.3269,3
DOI:10.1002/jae.951,DOI:10.3389/fenvs.2021.778088,3
DOI:10.1002/jae.951,DOI:10.1002/ijfe.2073,4
DOI:10.1002/jae.951,DOI:10.1007/s40974-020-00185-z,3
DOI:10.1002/jae.951,DOI:10.1016/j.jenvman.2020.111028,3
DOI:10.1002/jae.951,DOI:10.1111/twec.12898,3
DOI:10.1002/jae.951,DOI:10.1016/j.rser.2016.03.034,3
DOI:10.1002/jae.951,DOI:10.1016/j.energy.2020.118162,4
DOI:10.1002/jae.951,DOI:10.1007/s11356-021-14993-1,3
DOI:10.1002/jae.951,DOI:10.1007/s11356-021-17708-8,3
DOI:10.1002/jae.951,DOI:10.1016/j.jenvman.2021.113653,3
DOI:10.1002/jae.951,DOI:10.1016/j.scitotenv.2019.05.011,3
DOI:10.1002/jae.951,"KAO CW, 2000, ADV ECONOMETRICS, V15, P179",4
DOI:10.1002/jae.951,"SUN ZHONGYE, 2023, INT J ENVIRON RES PUBLIC HEALTH, V20, DOI [10.3390/IJERPH20043124, 10.3390/IJERPH20043124]",3
DOI:10.1002/jae.951,DOI:10.1016/j.eneco.2018.07.020,3
DOI:10.1002/jae.951,DOI:10.1007/s11356-018-3108-6,4
DOI:10.1002/jae.951,DOI:10.1007/s11356-019-04296-x,4
DOI:10.1002/jae.951,DOI:10.1016/j.enpol.2013.05.099,3
DOI:10.1002/jae.951,DOI:10.1016/j.jeconom.2008.10.012,3
DOI:10.1002/jae.951,DOI:10.1016/j.tele.2017.01.001,3
DOI:10.1002/jae.951,DOI:10.1016/j.jmva.2004.05.006,3
DOI:10.1002/jae.951,DOI:10.1016/j.energy.2017.11.092,4
DOI:10.1016/j.eneco.2023.107172,DOI:10.1016/j.eneco.2023.106700,3
DOI:10.1016/j.eneco.2023.107172,DOI:10.1257/aer.20191823,3
DOI:10.1016/j.resourpol.2021.102380,DOI:10.1111/j.1468-0084.2007.00477.x,3
DOI:10.1016/j.resourpol.2021.102380,DOI:10.3389/fenvs.2022.1068379,3
DOI:10.1016/j.scitotenv.2020.138945,DOI:10.1016/s0304-4076(98)00023-2,3
DOI:10.1016/j.scitotenv.2020.138945,DOI:10.1016/j.scitotenv.2020.141853,3
DOI:10.1016/j.scitotenv.2020.138945,DOI:10.1111/j.1468-0084.2007.00477.x,5
DOI:10.1016/s0304-4076(98)00023-2,DOI:10.1081/etc-200067895,3
DOI:10.1016/s0304-4076(98)00023-2,DOI:10.1016/j.econlet.2013.09.012,3
DOI:10.1016/s0304-4076(98)00023-2,DOI:10.1080/07474930500243019,6
DOI:10.1016/s0304-4076(98)00023-2,DOI:10.1162/003465301753237803,5
DOI:10.1016/s0304-4076(98)00023-2,DOI:10.1016/j.energy.2020.118162,3
DOI:10.1016/s0304-4076(98)00023-2,DOI:10.1016/j.ijhydene.2017.08.072,3
DOI:10.1016/s0304-4076(98)00023-2,DOI:10.1016/0304-4076(94)01644-f,3
DOI:10.1016/s0304-4076(98)00023-2,DOI:10.1016/s0261-5606(00)00048-6,3
DOI:10.1016/s0304-4076(98)00023-2,DOI:10.1111/j.1468-0084.2007.00477.x,8
DOI:10.1016/s0304-4076(98)00023-2,DOI:10.1007/s10668-023-04081-4,3
DOI:10.1016/s0304-4076(98)00023-2,DOI:10.1016/j.renene.2022.03.099,3
DOI:10.1111/j.1368-423x.2007.00227.x,DOI:10.1111/j.1468-0262.2006.00692.x,4
DOI:10.1111/j.1368-423x.2007.00227.x,DOI:10.1080/15567249.2023.2214917,3
DOI:10.1111/j.1368-423x.2007.00227.x,DOI:10.1111/j.1468-0084.2007.00477.x,6
DOI:10.1111/j.1368-423x.2007.00227.x,DOI:10.1016/j.renene.2023.02.017,3
DOI:10.1111/j.1368-423x.2007.00227.x,DOI:10.1016/j.renene.2022.04.150,3
DOI:10.1111/j.1368-423x.2007.00227.x,DOI:10.1016/j.resourpol.2022.103041,3
DOI:10.1111/j.1368-423x.2007.00227.x,DOI:10.1007/s11356-022-18976-8,3
DOI:10.1111/j.1368-423x.2007.00227.x,DOI:10.1016/j.eneco.2023.106661,3
DOI:10.1111/j.1368-423x.2007.00227.x,DOI:10.1186/s43093-023-00183-7,3
DOI:10.1016/j.envsci.2006.07.005,DOI:10.2307/1963526,3
DOI:10.1111/j.1541-1338.2012.00548.x,DOI:10.2307/1963526,3
DOI:10.2307/1963526,DOI:10.1016/j.enpol.2007.06.010,3
DOI:10.1016/0165-1765(80)90024-5,DOI:10.1016/j.eneco.2023.106817,3
DOI:10.1016/0165-1765(80)90024-5,DOI:10.1016/j.eneco.2023.107021,3
DOI:10.1016/0165-1765(80)90024-5,DOI:10.1016/j.rser.2023.113683,3
DOI:10.1016/0165-1765(80)90024-5,DOI:10.1016/j.telpol.2023.102568,3
DOI:10.1016/0165-1765(80)90024-5,DOI:10.1080/07474939608800353,4
DOI:10.1016/j.eneco.2022.106205,DOI:10.1016/j.envdev.2021.100640,3
DOI:10.1016/j.eneco.2022.106205,DOI:10.1016/j.renene.2016.03.102,3
DOI:10.1016/j.eneco.2022.106205,DOI:10.1016/j.resourpol.2022.102893,4
DOI:10.1016/j.eneco.2022.106205,DOI:10.1016/j.rser.2023.113320,3
DOI:10.1016/j.eneco.2023.106661,DOI:10.1016/j.resourpol.2023.103500,3
DOI:10.1016/j.eneco.2023.106661,DOI:10.1016/j.eneco.2017.01.019,3
DOI:10.1016/j.eneco.2023.106661,DOI:10.1016/j.enpol.2010.11.034,3
DOI:10.1016/j.eneco.2023.106661,DOI:10.1007/s11356-022-18976-8,5
DOI:10.1016/j.eneco.2023.106661,DOI:10.1016/j.envsci.2023.04.021,3
DOI:10.1016/j.eneco.2023.106661,DOI:10.1016/j.jenvman.2023.118120,3
DOI:10.1016/j.eneco.2023.106661,DOI:10.1016/j.renene.2023.02.017,5
DOI:10.1016/j.eneco.2023.106661,DOI:10.1002/ijfe.2900,3
DOI:10.1016/j.eneco.2023.106661,DOI:10.1007/s13132-022-00999-8,5
DOI:10.1016/j.eneco.2023.106661,DOI:10.1016/j.energy.2023.127130,3
DOI:10.1016/j.eneco.2023.106661,DOI:10.1016/j.renene.2022.12.088,3
DOI:10.1016/j.eneco.2023.106661,DOI:10.3390/su14031208,3
DOI:10.1016/j.eneco.2023.106661,DOI:10.1080/08874417.2022.2049017,3
DOI:10.1016/j.eneco.2023.106661,DOI:10.1111/j.1468-0084.2007.00477.x,5
DOI:10.1016/j.eneco.2023.106661,DOI:10.1186/s43093-023-00183-7,3
DOI:10.1016/j.eneco.2023.106661,DOI:10.1016/j.strueco.2021.03.011,4
DOI:10.1016/j.eneco.2023.106661,DOI:10.1002/bse.3269,3
DOI:10.1016/j.eneco.2023.106661,DOI:10.1007/s11356-022-20919-2,3
DOI:10.1016/j.eneco.2023.106661,DOI:10.1016/j.heliyon.2023.e13049,3
DOI:10.1016/j.eneco.2023.106661,DOI:10.1016/j.heliyon.2023.e14155,3
DOI:10.1016/j.eneco.2023.106661,DOI:10.1016/j.renene.2022.03.143,3
DOI:10.1016/j.eneco.2023.106661,DOI:10.1016/j.renene.2022.04.150,3
DOI:10.1016/j.eneco.2023.106661,"SUN ZHONGYE, 2023, INT J ENVIRON RES PUBLIC HEALTH, V20, DOI [10.3390/IJERPH20043124, 10.3390/IJERPH20043124]",3
DOI:10.1016/j.eneco.2023.106817,DOI:10.1016/j.eneco.2023.107021,3
DOI:10.1016/j.eneco.2023.106817,DOI:10.1016/j.energy.2023.127383,3
DOI:10.1016/j.eneco.2023.106817,DOI:10.1016/j.enpol.2023.113749,3
DOI:10.1016/j.eneco.2023.106817,DOI:10.1016/j.gsf.2024.101932,3
DOI:10.1016/j.eneco.2023.106817,DOI:10.1016/j.jbankfin.2015.01.013,3
DOI:10.1016/j.eneco.2023.106817,DOI:10.1016/j.rser.2023.113683,3
DOI:10.1016/j.eneco.2023.106817,DOI:10.1016/j.telpol.2023.102568,3
DOI:10.1016/j.eneco.2023.106817,DOI:10.1080/07474939608800353,4
DOI:10.1016/j.eneco.2023.106817,DOI:10.1016/j.renene.2022.11.089,3
DOI:10.1016/j.eneco.2023.106817,DOI:10.1016/j.energy.2023.130204,3
DOI:10.1016/j.eneco.2023.106817,DOI:10.1016/j.resourpol.2022.103229,3
DOI:10.1016/j.eneco.2023.107021,DOI:10.1016/j.rser.2023.113320,3
DOI:10.1016/j.eneco.2023.107021,DOI:10.1016/j.rser.2023.113683,3
DOI:10.1016/j.eneco.2023.107021,DOI:10.1016/j.telpol.2023.102568,3
DOI:10.1016/j.eneco.2023.107021,DOI:10.1080/07474939608800353,3
DOI:10.1016/j.enpol.2023.113749,DOI:10.1080/07474939608800353,3
DOI:10.1016/j.envdev.2021.100640,DOI:10.1016/j.renene.2016.03.102,3
DOI:10.1016/j.envdev.2021.100640,DOI:10.1016/j.resourpol.2022.102893,4
DOI:10.1016/j.envdev.2021.100640,DOI:10.1016/j.rser.2023.113320,3
DOI:10.1016/j.envdev.2021.100640,DOI:10.1016/j.apenergy.2018.05.047,3
DOI:10.1016/j.envdev.2021.100640,DOI:10.1016/j.enpol.2018.04.056,3
DOI:10.1016/j.jbankfin.2015.01.013,DOI:10.1080/07474939608800353,5
DOI:10.1016/j.jclepro.2017.03.203,DOI:10.1080/07474939608800353,3
DOI:10.1016/j.jclepro.2017.03.203,DOI:10.1016/j.eneco.2018.03.028,3
DOI:10.1016/j.jclepro.2017.03.203,DOI:10.1016/j.ecolind.2016.11.032,3
DOI:10.1016/j.jclepro.2017.03.203,DOI:10.1016/j.enpol.2020.112115,3
DOI:10.1016/j.jclepro.2017.03.203,DOI:10.1016/j.renene.2019.12.149,3
DOI:10.1016/j.jclepro.2017.03.203,DOI:10.1016/j.rser.2015.10.080,3
DOI:10.1016/j.renene.2016.03.102,DOI:10.1016/j.resourpol.2022.102893,3
DOI:10.1016/j.renene.2016.03.102,"[ANONYMOUS], 2021, THE ROLE OF CRITICAL MINERALS IN CLEAN ENERGY TRANSITIONS",3
DOI:10.1016/j.renene.2023.119232,DOI:10.1016/j.telpol.2023.102568,3
DOI:10.1016/j.resourpol.2022.102893,DOI:10.1016/j.rser.2023.113320,3
DOI:10.1016/j.resourpol.2022.102893,DOI:10.1016/j.apenergy.2018.05.047,3
DOI:10.1016/j.rser.2023.113320,DOI:10.1016/j.resourpol.2022.103229,3
DOI:10.1016/j.rser.2023.113320,DOI:10.1002/jae.2899,3
DOI:10.1016/j.rser.2023.113320,DOI:10.1111/j.1468-0262.2006.00692.x,3
DOI:10.1016/j.rser.2023.113683,DOI:10.1016/j.telpol.2023.102568,3
DOI:10.1016/j.rser.2023.113683,DOI:10.1080/07474939608800353,3
DOI:10.1016/j.telpol.2023.102568,DOI:10.1080/07474939608800353,3
DOI:10.1080/07474939608800353,DOI:10.1016/j.enpol.2020.112115,3
DOI:10.1080/07474939608800353,DOI:10.1016/j.renene.2022.11.089,3
DOI:10.1016/j.renene.2007.10.008,DOI:10.1016/j.enpol.2006.06.005,3
DOI:10.1016/j.renene.2007.10.008,DOI:10.1016/j.enpol.2008.06.023,3
DOI:10.1016/j.renene.2007.10.008,DOI:10.1016/j.enpol.2012.03.014,3
DOI:10.1016/j.renene.2007.10.008,DOI:10.1016/s0301-4215(02)00133-7,4
DOI:10.1016/j.renene.2007.10.008,DOI:10.1016/j.enpol.2004.06.014,3
DOI:10.1016/j.eneco.2022.105945,DOI:10.1016/j.enpol.2021.112254,3
DOI:10.1016/j.eneco.2022.105945,DOI:10.1016/j.enpol.2021.112267,3
DOI:10.1016/j.energy.2021.119935,DOI:10.1016/j.jclepro.2020.120768,3
DOI:10.1016/j.energy.2021.119935,DOI:10.1016/j.jclepro.2020.123725,3
DOI:10.1016/j.energy.2021.119935,DOI:10.1111/j.1468-0084.2007.00477.x,4
DOI:10.1016/j.enpol.2021.112254,DOI:10.1016/j.enpol.2021.112267,3
DOI:10.1016/j.erss.2020.101537,DOI:10.1504/ijepee.2015.068246],3
DOI:10.1016/j.erss.2020.101537,DOI:10.1007/s11356-021-12447-2,3
DOI:10.1016/j.jclepro.2020.120768,DOI:10.1016/j.energy.2020.118162,3
DOI:10.1016/j.jclepro.2020.122844,DOI:10.1016/j.renene.2019.05.059,3
DOI:10.1016/j.jeconom.2016.03.005,DOI:10.1177/1536867x19874243,4
DOI:10.1016/j.jeconom.2016.03.005,DOI:10.1111/j.1468-0084.2007.00477.x,3
DOI:10.1016/j.jeconom.2016.03.005,DOI:10.1016/j.renene.2021.07.030,3
DOI:10.1016/j.jeconom.2016.03.005,DOI:10.1016/j.resourpol.2022.103041,3
DOI:10.1016/j.jeconom.2016.03.005,DOI:10.1016/j.strueco.2021.03.011,3
DOI:10.1016/j.jenvman.2022.115500,DOI:10.1007/s11356-020-08642-2,3
DOI:10.1016/j.jenvman.2022.115500,DOI:10.1007/s11356-023-25407-9,3
DOI:10.1016/j.jenvman.2022.115500,DOI:10.1007/s13762-024-05456-4,3
DOI:10.1016/j.jenvman.2022.115500,DOI:10.1016/j.envsci.2023.04.021,3
DOI:10.1016/j.jenvman.2022.115500,DOI:10.1016/j.resourpol.2022.103142,3
DOI:10.1016/j.jenvman.2022.115500,DOI:10.1016/s0921-8009(03)00188-5,3
DOI:10.1016/j.jenvman.2022.115500,DOI:10.1111/j.1468-0084.2007.00477.x,4
DOI:10.1016/j.jenvman.2022.115500,DOI:10.3389/fenvs.2022.1058967,3
DOI:10.1016/j.renene.2019.05.059,DOI:10.3390/en14113076,3
DOI:10.1016/j.renene.2019.05.059,DOI:10.1016/j.heliyon.2022.e09913,3
DOI:10.1016/j.renene.2019.05.059,DOI:10.1016/j.strueco.2021.03.011,3
DOI:10.1016/j.renene.2019.05.059,DOI:10.1007/s11356-021-12447-2,3
DOI:10.1177/1536867x19874243,DOI:10.1016/j.renene.2021.07.030,3
DOI:10.1177/1536867x19874243,DOI:10.1016/j.resourpol.2022.103041,3
DOI:10.1177/1536867x19874243,DOI:10.1016/j.strueco.2021.03.011,3
DOI:10.1504/ijepee.2015.068246],DOI:10.1007/s11356-021-12447-2,3
DOI:10.1504/ijepee.2015.068246],DOI:10.1016/j.eneco.2017.01.019,3
DOI:10.1016/j.enpol.2006.06.005,DOI:10.1016/j.enpol.2013.07.063,3
DOI:10.1016/j.enpol.2006.06.005,DOI:10.1016/j.respol.2018.03.012,3
DOI:10.1016/j.enpol.2006.06.005,DOI:10.1016/j.worlddev.2017.03.027,3
DOI:10.1016/j.enpol.2006.06.005,DOI:10.1504/ijtg.2011.039768,3
DOI:10.1016/j.enpol.2008.06.023,DOI:10.1016/s0301-4215(02)00133-7,4
DOI:10.1016/s0301-4215(02)00133-7,DOI:10.1016/j.enpol.2004.06.014,3
DOI:10.1016/j.ecolecon.2010.06.014,DOI:10.1016/j.renene.2018.10.052,3
DOI:10.1016/j.enpol.2004.08.029,DOI:10.1177/1065912907313077,4
DOI:10.1016/j.enpol.2004.08.029,"[ANONYMOUS], 2005, COMMUNICATION COMMIS",3
DOI:10.1016/j.respol.2016.04.004,DOI:10.1016/j.respol.2011.02.005,3
DOI:10.1111/j.1468-0262.2006.00692.x,DOI:10.1016/j.jclepro.2018.03.236,3
DOI:10.1111/j.1468-0262.2006.00692.x,DOI:10.1002/jae.2899,5
DOI:10.1111/j.1468-0262.2006.00692.x,DOI:10.1016/0304-4076(94)01644-f,3
DOI:10.1111/j.1468-0262.2006.00692.x,DOI:10.1016/j.eneco.2017.01.019,3
DOI:10.1111/j.1468-0262.2006.00692.x,DOI:10.1016/j.renene.2022.12.125,3
DOI:10.1111/j.1468-0262.2006.00692.x,DOI:10.1111/j.1468-0084.2007.00477.x,11
DOI:10.1111/j.1468-0262.2006.00692.x,DOI:10.1016/j.worlddev.2004.03.004,3
DOI:10.1111/j.1468-0262.2006.00692.x,DOI:10.1016/j.renene.2021.07.030,3
DOI:10.1111/j.1468-0262.2006.00692.x,DOI:10.1016/j.rser.2015.10.080,3
DOI:10.1111/j.1468-0262.2006.00692.x,"BOND S., 2013, ACCOUNTING FOR UNOBSERVED HETEROGENEITY IN PANEL TIME SERIES MODELS, V1, P1",3
DOI:10.1111/j.1468-0262.2006.00692.x,DOI:10.1002/ijfe.2073,3
DOI:10.3390/su14095557,DOI:10.1002/ijfe.2049,3
DOI:10.1016/j.eneco.2019.104541,DOI:10.1016/j.eneco.2015.12.010,3
DOI:10.1016/j.eneco.2019.104541,DOI:10.1016/j.renene.2021.07.030,3
DOI:10.1016/j.eneco.2019.104541,DOI:10.1016/j.strueco.2021.03.011,3
DOI:10.1016/j.eneco.2019.104541,DOI:10.1007/s11356-021-12447-2,3
DOI:10.1016/j.eneco.2019.104541,DOI:10.1016/j.jclepro.2018.04.190,3
DOI:10.1016/j.eneco.2019.104541,DOI:10.1016/j.renene.2021.07.019,3
DOI:10.1016/j.eneco.2023.106700,DOI:10.1016/j.eneco.2023.107061,3
DOI:10.1016/j.eneco.2023.106700,DOI:10.1016/j.jenvman.2023.118122,3
DOI:10.1016/j.eneco.2023.106700,DOI:10.1257/aer.20191823,7
DOI:10.1016/j.eneco.2023.106700,DOI:10.1007/s11356-021-12447-2,4
DOI:10.1016/j.eneco.2023.106700,DOI:10.1016/j.eneco.2022.106068,3
DOI:10.1016/j.eneco.2023.106700,DOI:10.1016/j.energy.2023.129174,4
DOI:10.1016/j.eneco.2023.106700,DOI:10.1016/j.renene.2022.07.029,3
DOI:10.1016/j.eneco.2023.106700,DOI:10.1016/j.resourpol.2022.103229,3
DOI:10.1016/j.eneco.2023.106700,DOI:10.1016/j.resourpol.2023.103608,3
DOI:10.1016/j.eneco.2023.106700,DOI:10.3390/en15041498,4
DOI:10.1016/j.eneco.2023.106700,DOI:10.1016/j.eneco.2021.105649,3
DOI:10.1016/j.eneco.2023.106700,DOI:10.1016/j.enpol.2021.112566,5
DOI:10.1016/j.eneco.2023.106700,DOI:10.1016/j.jenvman.2023.119962,4
DOI:10.1016/j.eneco.2023.106700,DOI:10.3390/su12072689,3
DOI:10.1016/j.eneco.2023.106700,DOI:10.1016/j.jclepro.2021.126189,5
DOI:10.1016/j.eneco.2023.107061,DOI:10.1257/aer.20191823,4
DOI:10.1016/j.eneco.2023.107061,DOI:10.1016/j.energy.2023.129174,3
DOI:10.1016/j.enpol.2009.08.049,DOI:10.1016/j.energy.2014.05.081,4
DOI:10.1016/j.enpol.2009.08.049,DOI:10.1016/j.renene.2019.09.006,3
DOI:10.1016/j.enpol.2009.08.049,DOI:10.1016/j.rser.2017.03.067,3
DOI:10.1016/j.jenvman.2023.118122,DOI:10.1111/j.1468-0084.2007.00477.x,4
DOI:10.1016/j.jenvman.2023.118122,DOI:10.1257/aer.20191823,3
DOI:10.1016/j.jenvman.2023.118122,DOI:10.1016/j.enpol.2020.111365,3
DOI:10.1016/j.jenvman.2023.118561,DOI:10.1257/aer.20191823,3
DOI:10.1111/j.1468-0084.2007.00477.x,DOI:10.1002/jae.723,4
DOI:10.1111/j.1468-0084.2007.00477.x,DOI:10.1016/j.eneco.2016.02.008,3
DOI:10.1111/j.1468-0084.2007.00477.x,DOI:10.1016/j.renene.2019.01.010,3
DOI:10.1111/j.1468-0084.2007.00477.x,DOI:10.1162/003465301753237803,4
DOI:10.1111/j.1468-0084.2007.00477.x,DOI:10.1007/s11356-020-10775-3,3
DOI:10.1111/j.1468-0084.2007.00477.x,DOI:10.1007/s11356-021-12447-2,3
DOI:10.1111/j.1468-0084.2007.00477.x,DOI:10.1016/j.gr.2022.09.014,4
DOI:10.1111/j.1468-0084.2007.00477.x,DOI:10.1016/j.jenvman.2021.112908,3
DOI:10.1111/j.1468-0084.2007.00477.x,DOI:10.1016/j.renene.2022.01.073,8
DOI:10.1111/j.1468-0084.2007.00477.x,DOI:10.1016/j.renene.2022.03.099,3
DOI:10.1111/j.1468-0084.2007.00477.x,DOI:10.1016/j.renene.2022.07.028,3
DOI:10.1111/j.1468-0084.2007.00477.x,DOI:10.1016/j.renene.2022.10.067,3
DOI:10.1111/j.1468-0084.2007.00477.x,DOI:10.1016/j.scitotenv.2020.141853,5
DOI:10.1111/j.1468-0084.2007.00477.x,DOI:10.1080/1540496x.2017.1363036,4
DOI:10.1111/j.1468-0084.2007.00477.x,DOI:10.3389/fenrg.2022.874824,3
DOI:10.1111/j.1468-0084.2007.00477.x,DOI:10.3390/su14031208,3
DOI:10.1111/j.1468-0084.2007.00477.x,DOI:10.1016/0304-4076(94)01644-f,4
DOI:10.1111/j.1468-0084.2007.00477.x,DOI:10.1002/bse.3175,3
DOI:10.1111/j.1468-0084.2007.00477.x,DOI:10.1007/s10668-021-01716-2,3
DOI:10.1111/j.1468-0084.2007.00477.x,DOI:10.1007/s11356-020-07876-4,3
DOI:10.1111/j.1468-0084.2007.00477.x,DOI:10.1016/j.techfore.2022.121633,4
DOI:10.1111/j.1468-0084.2007.00477.x,"[ANONYMOUS], 2023, WORLD DEVELOPMENT INDICATORS",3
DOI:10.1111/j.1468-0084.2007.00477.x,DOI:10.1016/j.eneco.2020.105060,3
DOI:10.1111/j.1468-0084.2007.00477.x,DOI:10.1016/j.enpol.2016.10.005,3
DOI:10.1111/j.1468-0084.2007.00477.x,DOI:10.1016/j.renene.2021.12.022,3
DOI:10.1111/j.1468-0084.2007.00477.x,DOI:10.1016/j.scitotenv.2018.10.017,3
DOI:10.1111/j.1468-0084.2007.00477.x,DOI:10.1016/j.techsoc.2021.101656,4
DOI:10.1111/j.1468-0084.2007.00477.x,DOI:10.1016/j.techsoc.2021.101746,4
DOI:10.1111/j.1468-0084.2007.00477.x,DOI:10.1007/s11356-022-18976-8,3
DOI:10.1111/j.1468-0084.2007.00477.x,"BOND S., 2013, ACCOUNTING FOR UNOBSERVED HETEROGENEITY IN PANEL TIME SERIES MODELS, V1, P1",3
DOI:10.1111/j.1468-0084.2007.00477.x,DOI:10.1002/ijfe.2073,5
DOI:10.1111/j.1468-0084.2007.00477.x,DOI:10.1007/s11356-017-8850-7,3
DOI:10.1111/j.1468-0084.2007.00477.x,DOI:10.1016/j.eneco.2015.12.010,3
DOI:10.1111/j.1468-0084.2007.00477.x,DOI:10.1016/j.eneco.2018.08.017,3
DOI:10.1111/j.1468-0084.2007.00477.x,DOI:10.1016/j.energy.2014.05.081,3
DOI:10.1111/j.1468-0084.2007.00477.x,DOI:10.1016/j.jclepro.2020.120287,3
DOI:10.1111/j.1468-0084.2007.00477.x,DOI:10.1016/j.renene.2018.10.052,4
DOI:10.1111/j.1468-0084.2007.00477.x,DOI:10.1016/j.renene.2019.09.006,4
DOI:10.1111/j.1468-0084.2007.00477.x,DOI:10.1016/j.rser.2014.07.033,3
DOI:10.1111/j.1468-0084.2007.00477.x,DOI:10.1016/j.spc.2020.11.008,3
DOI:10.1111/j.1468-0084.2007.00477.x,DOI:10.1111/1467-8268.12147,3
DOI:10.1111/j.1468-0084.2007.00477.x,DOI:10.1111/twec.12898,4
DOI:10.1111/j.1468-0084.2007.00477.x,"NATHANIEL SP, 2021, ENERGY ECOL ENVIRON, V6, P496, DOI [10.37421/2161-0525.2021.S7.001, 10.1007/S40974-020-00205-Y]",3
DOI:10.1111/j.1468-0084.2007.00477.x,"WORLD BANK, 2024, WORLD DEVELOPMENT INDICATORS.",3
DOI:10.1111/j.1468-0084.2007.00477.x,"[ANONYMOUS], 2019, BP STAT REV WORLD EN",3
DOI:10.1111/j.1468-0084.2007.00477.x,DOI:10.1016/j.envsci.2020.12.004,3
DOI:10.1111/j.1468-0084.2007.00477.x,DOI:10.1016/j.renene.2016.03.078,3
DOI:10.1111/j.1468-0084.2007.00477.x,DOI:10.1080/15567249.2023.2214917,3
DOI:10.1111/j.1468-0084.2007.00477.x,DOI:10.1016/j.worlddev.2004.03.004,3
DOI:10.1111/j.1468-0084.2007.00477.x,DOI:10.1007/s11356-020-08642-2,3
DOI:10.1111/j.1468-0084.2007.00477.x,DOI:10.1007/s11356-022-18664-7,3
DOI:10.1111/j.1468-0084.2007.00477.x,DOI:10.1007/s11356-023-25407-9,4
DOI:10.1111/j.1468-0084.2007.00477.x,DOI:10.1007/s13762-024-05456-4,3
DOI:10.1111/j.1468-0084.2007.00477.x,DOI:10.1016/j.apenergy.2023.122212,3
DOI:10.1111/j.1468-0084.2007.00477.x,DOI:10.1016/j.enpol.2020.112115,3
DOI:10.1111/j.1468-0084.2007.00477.x,DOI:10.1016/j.envsci.2023.04.021,4
DOI:10.1111/j.1468-0084.2007.00477.x,DOI:10.1016/j.jclepro.2019.118787,4
DOI:10.1111/j.1468-0084.2007.00477.x,DOI:10.1016/j.renene.2022.01.075,4
DOI:10.1111/j.1468-0084.2007.00477.x,DOI:10.1016/j.resourpol.2022.103142,3
DOI:10.1111/j.1468-0084.2007.00477.x,DOI:10.1016/j.techsoc.2021.101828,3
DOI:10.1111/j.1468-0084.2007.00477.x,DOI:10.1016/s0921-8009(03)00188-5,5
DOI:10.1111/j.1468-0084.2007.00477.x,DOI:10.3389/fenvs.2022.1058967,3
DOI:10.1111/j.1468-0084.2007.00477.x,DOI:10.3389/fenvs.2022.1068379,3
DOI:10.1111/j.1468-0084.2007.00477.x,DOI:10.1016/j.enpol.2020.111365,4
DOI:10.1111/j.1468-0084.2007.00477.x,DOI:10.1016/j.jenvman.2021.113004,3
DOI:10.1111/j.1468-0084.2007.00477.x,DOI:10.1111/1368-423x.00108,3
DOI:10.1111/j.1468-0084.2007.00477.x,DOI:10.1111/j.1368-423x.2011.00349.x,4
DOI:10.1111/j.1468-0084.2007.00477.x,DOI:10.1002/ijfe.2900,3
DOI:10.1111/j.1468-0084.2007.00477.x,DOI:10.1016/j.renene.2022.04.150,4
DOI:10.1111/j.1468-0084.2007.00477.x,DOI:10.1016/j.resourpol.2022.103041,3
DOI:10.1111/j.1468-0084.2007.00477.x,DOI:10.1007/s11356-018-2347-x,3
DOI:10.1111/j.1468-0084.2007.00477.x,DOI:10.1007/s11356-020-12181-1,4
DOI:10.1111/j.1468-0084.2007.00477.x,DOI:10.1007/s13132-022-00999-8,6
DOI:10.1111/j.1468-0084.2007.00477.x,DOI:10.1016/j.gr.2021.10.026,3
DOI:10.1111/j.1468-0084.2007.00477.x,DOI:10.1016/j.jclepro.2018.03.236,4
DOI:10.1111/j.1468-0084.2007.00477.x,DOI:10.1016/j.renene.2022.06.125,6
DOI:10.1111/j.1468-0084.2007.00477.x,DOI:10.1016/j.resourpol.2020.101817,4
DOI:10.1111/j.1468-0084.2007.00477.x,DOI:10.1016/j.resourpol.2020.101924,3
DOI:10.1111/j.1468-0084.2007.00477.x,DOI:10.1016/j.scs.2019.101996,3
DOI:10.1111/j.1468-0084.2007.00477.x,DOI:10.1016/j.scs.2021.102881,4
DOI:10.1111/j.1468-0084.2007.00477.x,DOI:10.1016/j.energy.2021.121758,4
DOI:10.1111/j.1468-0084.2007.00477.x,DOI:10.1016/j.enpol.2021.112345,3
DOI:10.1111/j.1468-0084.2007.00477.x,DOI:10.1016/j.renene.2021.12.006,3
DOI:10.1111/j.1468-0084.2007.00477.x,DOI:10.1016/j.rser.2016.04.018,3
DOI:10.1111/j.1468-0084.2007.00477.x,DOI:10.1073/pnas.94.1.175,3
DOI:10.1111/j.1468-0084.2007.00477.x,DOI:10.1080/13547860.2021.1949086,3
DOI:10.1111/j.1468-0084.2007.00477.x,DOI:10.1016/j.seta.2022.102669,3
DOI:10.1111/j.1468-0084.2007.00477.x,DOI:10.1016/j.techsoc.2022.102044,3
DOI:10.1111/j.1468-0084.2007.00477.x,DOI:10.1080/08874417.2022.2049017,3
DOI:10.1111/j.1468-0084.2007.00477.x,DOI:10.1002/ieam.4500,3
DOI:10.1111/j.1468-0084.2007.00477.x,DOI:10.1016/j.jclepro.2020.121550,4
DOI:10.1111/j.1468-0084.2007.00477.x,DOI:10.1016/j.rser.2015.10.080,5
DOI:10.1111/j.1468-0084.2007.00477.x,DOI:10.1016/j.enpol.2017.10.050,3
DOI:10.1111/j.1468-0084.2007.00477.x,DOI:10.1002/sd.2292,4
DOI:10.1111/j.1468-0084.2007.00477.x,DOI:10.1016/j.enpol.2016.11.030,3
DOI:10.1111/j.1468-0084.2007.00477.x,DOI:10.1016/j.jenvman.2020.111028,4
DOI:10.1111/j.1468-0084.2007.00477.x,DOI:10.1016/j.resourpol.2021.102302,4
DOI:10.1111/j.1468-0084.2007.00477.x,DOI:10.1016/j.techsoc.2021.101587,3
DOI:10.1111/j.1468-0084.2007.00477.x,DOI:10.1016/j.heliyon.2022.e09913,3
DOI:10.1111/j.1468-0084.2007.00477.x,DOI:10.1016/j.strueco.2021.03.011,4
DOI:10.1111/j.1468-0084.2007.00477.x,DOI:10.1016/j.egyr.2022.01.022,3
DOI:10.1111/j.1468-0084.2007.00477.x,DOI:10.1016/j.renene.2020.10.143,4
DOI:10.1111/j.1468-0084.2007.00477.x,DOI:10.1002/bse.3269,4
DOI:10.1111/j.1468-0084.2007.00477.x,DOI:10.1007/s11356-022-20919-2,3
DOI:10.1111/j.1468-0084.2007.00477.x,DOI:10.1016/j.heliyon.2023.e13049,3
DOI:10.1111/j.1468-0084.2007.00477.x,DOI:10.1016/j.heliyon.2023.e14155,3
DOI:10.1111/j.1468-0084.2007.00477.x,DOI:10.1016/j.renene.2022.03.143,3
DOI:10.1111/j.1468-0084.2007.00477.x,DOI:10.1016/j.scitotenv.2020.136504,6
DOI:10.1111/j.1468-0084.2007.00477.x,DOI:10.3389/fenvs.2021.778088,3
DOI:10.1111/j.1468-0084.2007.00477.x,DOI:10.1007/s40974-020-00185-z,3
DOI:10.1111/j.1468-0084.2007.00477.x,DOI:10.1016/j.jclepro.2020.124867,3
DOI:10.1111/j.1468-0084.2007.00477.x,DOI:10.1007/s11356-021-14993-1,3
DOI:10.1111/j.1468-0084.2007.00477.x,DOI:10.1016/j.jenvman.2021.113653,3
DOI:10.1111/j.1468-0084.2007.00477.x,DOI:10.1016/j.scitotenv.2019.05.011,3
DOI:10.1111/j.1468-0084.2007.00477.x,"KAO CW, 2000, ADV ECONOMETRICS, V15, P179",4
DOI:10.1111/j.1468-0084.2007.00477.x,DOI:10.1016/j.resourpol.2023.103486,3
DOI:10.1111/j.1468-0084.2007.00477.x,DOI:10.1002/jae.2899,3
DOI:10.1111/j.1468-0084.2007.00477.x,DOI:10.1016/j.eneco.2021.105649,3
DOI:10.1111/j.1468-0084.2007.00477.x,DOI:10.1007/s11356-018-3108-6,4
DOI:10.1111/j.1468-0084.2007.00477.x,DOI:10.1007/s11356-019-04296-x,4
DOI:10.1111/j.1468-0084.2007.00477.x,DOI:10.1016/j.enpol.2013.05.099,3
DOI:10.1111/j.1468-0084.2007.00477.x,DOI:10.1016/j.jeconom.2008.10.012,3
DOI:10.1111/j.1468-0084.2007.00477.x,DOI:10.1016/j.tele.2017.01.001,3
DOI:10.1111/j.1468-0084.2007.00477.x,DOI:10.1016/j.techfore.2023.122413,3
DOI:10.1111/j.1468-0084.2007.00477.x,DOI:10.1016/j.jmva.2004.05.006,3
DOI:10.1111/j.1468-0084.2007.00477.x,DOI:10.1016/j.energy.2017.11.092,3
DOI:10.1257/aer.20191823,DOI:10.1007/s11356-021-12447-2,4
DOI:10.1257/aer.20191823,DOI:10.1016/j.eneco.2022.106068,3
DOI:10.1257/aer.20191823,DOI:10.1016/j.energy.2023.129174,5
DOI:10.1257/aer.20191823,DOI:10.1016/j.resourpol.2022.103229,3
DOI:10.1257/aer.20191823,DOI:10.3390/en15041498,3
DOI:10.1257/aer.20191823,DOI:10.1016/j.energy.2023.126683,3
DOI:10.1257/aer.20191823,DOI:10.1016/j.enpol.2021.112566,3
DOI:10.1257/aer.20191823,DOI:10.1016/j.iref.2021.02.006,3
DOI:10.1257/aer.20191823,DOI:10.1016/j.jenvman.2023.119962,3
DOI:10.1257/aer.20191823,DOI:10.1016/j.jclepro.2021.126189,3
DOI:10.1007/s11356-021-18454-7,DOI:10.3389/fenrg.2021.743114,3
DOI:10.1016/j.gr.2022.09.014,DOI:10.1016/j.renene.2021.06.125,3
DOI:10.1016/j.gr.2022.09.014,DOI:10.1016/j.renene.2022.10.067,3
DOI:10.1016/j.gr.2022.09.014,DOI:10.1007/s11356-021-12447-2,3
DOI:10.1016/j.gr.2022.09.014,DOI:10.1016/j.renene.2019.11.098,3
DOI:10.1016/j.renene.2022.10.067,DOI:10.1016/j.esr.2024.101388,3
DOI:10.3389/fenrg.2021.743114,DOI:10.1016/j.egyr.2021.06.041,4
DOI:10.1016/j.enpol.2021.112566,DOI:10.1016/j.jenvman.2023.119962,3
DOI:10.1016/j.enpol.2021.112566,DOI:10.1007/s11356-021-12447-2,4
DOI:10.1016/j.enpol.2021.112566,DOI:10.3390/en15041498,4
DOI:10.1016/j.enpol.2021.112566,DOI:10.3390/su12072689,3
DOI:10.1016/j.enpol.2021.112566,DOI:10.1016/j.jclepro.2021.126189,3
DOI:10.1016/j.enpol.2021.112566,DOI:10.1016/j.techfore.2015.10.014,3
DOI:10.1016/j.enpol.2021.112566,DOI:10.1111/gec3.12580,3
DOI:10.1016/j.renene.2021.06.023,DOI:10.1016/j.techsoc.2022.102044,3
DOI:10.1016/j.techsoc.2022.102044,DOI:10.1016/j.eneco.2015.12.010,3
DOI:10.1016/j.techsoc.2022.102044,DOI:10.1016/j.heliyon.2022.e09913,3
DOI:10.1007/s11356-020-09520-7,DOI:10.1016/j.eneco.2017.01.019,4
DOI:10.1016/j.enpol.2017.10.050,DOI:10.1016/j.renene.2016.03.078,3
DOI:10.1016/j.enpol.2017.10.050,DOI:10.1016/j.jclepro.2017.10.156,3
DOI:10.1016/j.enpol.2017.10.050,DOI:10.1016/j.renene.2021.08.078,3
DOI:10.1016/j.enpol.2017.10.050,DOI:10.1016/j.scs.2019.101553,3
DOI:10.1016/j.enpol.2017.10.050,DOI:10.1016/j.rser.2015.10.080,3
DOI:10.1016/j.renene.2016.03.078,DOI:10.1016/j.rser.2015.10.080,3
DOI:10.1016/j.apenergy.2015.01.002,DOI:10.1016/j.enpol.2017.06.014,4
DOI:10.1016/j.apenergy.2015.01.002,DOI:10.1016/j.enpol.2007.10.019,3
DOI:10.1016/j.apenergy.2015.01.002,DOI:10.1016/j.enpol.2017.03.018,4
DOI:10.1016/j.apenergy.2018.03.054,DOI:10.17645/pag.v9i1.3615,3
DOI:10.1016/j.enpol.2012.10.066,DOI:10.1016/j.enpol.2007.10.019,4
DOI:10.1016/j.enpol.2012.10.066,DOI:10.1016/j.respol.2004.01.015,4
DOI:10.1016/j.enpol.2012.10.066,DOI:10.1007/s11024-009-9124-4,3
DOI:10.1016/j.enpol.2012.10.066,DOI:10.1016/j.enpol.2014.12.011,3
DOI:10.1016/j.enpol.2012.10.066,DOI:10.1080/01426390903557543,3
DOI:10.1016/j.enpol.2012.10.066,DOI:10.1111/gec3.12214,4
DOI:10.1016/j.enpol.2012.10.066,DOI:10.1111/j.1475-5661.2012.00535.x,3
DOI:10.1016/j.enpol.2012.10.066,DOI:10.1177/0042098013500090,3
DOI:10.1016/j.enpol.2012.10.066,DOI:10.1016/j.eist.2014.11.001,3
DOI:10.1016/j.enpol.2012.10.066,DOI:10.1016/j.respol.2012.02.014,3
DOI:10.1016/j.renene.2019.11.098,DOI:10.1016/j.renene.2019.09.006,4
DOI:10.1016/j.renene.2019.11.098,DOI:10.1016/j.renene.2021.07.030,4
DOI:10.1016/j.renene.2019.11.098,DOI:10.1016/j.renene.2021.12.135,3
DOI:10.1016/j.renene.2019.11.098,DOI:10.1016/j.resourpol.2022.103041,3
DOI:10.1016/j.renene.2019.11.098,DOI:10.35333/jore.2019.52],3
DOI:10.1016/j.renene.2019.11.098,DOI:10.1016/j.rser.2017.06.042,3
DOI:10.1016/j.renene.2019.11.098,DOI:10.1016/j.strueco.2021.03.011,3
DOI:10.1016/j.renene.2019.11.098,DOI:10.1016/j.rser.2004.11.002,3
DOI:10.1016/j.renene.2019.11.098,DOI:10.1016/j.renene.2021.07.019,3
DOI:10.1002/jae.723,DOI:10.1002/ijfe.2073,3
DOI:10.1016/j.enpol.2013.07.063,DOI:10.1016/j.enpol.2012.06.066,3
DOI:10.1016/j.renene.2022.06.074,DOI:10.1016/j.renene.2023.03.115,3
DOI:10.1016/j.renene.2022.11.089,DOI:10.1016/j.eneco.2021.105649,3
DOI:10.1016/j.renene.2022.11.089,DOI:10.1016/j.energy.2022.124289,3
DOI:10.1162/003465301753237803,DOI:10.1080/07474930500243019,3
DOI:10.1016/j.enpol.2023.113422,DOI:10.1108/cfri-02-2021-0046,3
DOI:10.1016/j.resourpol.2022.102689,DOI:10.1108/cfri-02-2021-0046,3
DOI:10.1016/j.mex.2020.101160,DOI:10.1111/opec.12189,3
DOI:10.1016/j.mex.2020.101160,DOI:10.1177/1536867x1801800409,4
DOI:10.1016/j.mex.2020.101160,DOI:10.1371/journal.pone.0245828,3
DOI:10.1016/j.mex.2020.101160,DOI:10.3390/su12156202,3
DOI:10.1111/opec.12189,DOI:10.1177/1536867x1801800409,3
DOI:10.1111/opec.12189,DOI:10.1371/journal.pone.0245828,3
DOI:10.1111/opec.12189,DOI:10.3390/su12156202,3
DOI:10.1177/1536867x1801800409,DOI:10.1371/journal.pone.0245828,3
DOI:10.1177/1536867x1801800409,DOI:10.3390/su12156202,3
DOI:10.1371/journal.pone.0245828,DOI:10.3390/su12156202,3
DOI:10.1016/j.energy.2009.07.008,DOI:10.1016/j.rser.2009.06.021,5
DOI:10.1016/j.energy.2009.07.008,DOI:10.1016/j.rser.2003.12.007,3
DOI:10.1016/j.rser.2009.06.021,DOI:10.1016/j.rser.2016.11.191,3
DOI:10.1016/j.rser.2009.06.021,DOI:10.1016/j.rser.2003.12.007,3
DOI:10.3389/fenvs.2022.1058967,DOI:10.1007/s11356-020-08642-2,3
DOI:10.3389/fenvs.2022.1058967,DOI:10.1007/s11356-023-25407-9,3
DOI:10.3389/fenvs.2022.1058967,DOI:10.1016/j.envsci.2023.04.021,3
DOI:10.3389/fenvs.2022.1058967,DOI:10.1016/j.resourpol.2022.103142,3
DOI:10.1016/j.envsci.2019.12.010,DOI:10.3389/fenvs.2020.579838,3
DOI:10.1002/we.124,DOI:10.1016/j.enpol.2009.05.055,3
DOI:10.1016/j.enpol.2009.05.055,DOI:10.1016/j.enpol.2007.10.019,3
DOI:10.1260/095830506779398849,"RAGWITZ MARIOET AL., 2007, OPTRES - ASSESSMENT AND OPTIMISATION OF RENEWABLE ENERGY SUPPORT SCHEMES IN THE EUROPEAN ELECTRICITY MARKET",3
DOI:10.1007/s11077-009-9079-1,DOI:10.1007/s11077-009-9099-x,3
DOI:10.1007/s11077-009-9079-1,DOI:10.1111/j.1540-5907.2007.00266.x,3
DOI:10.1007/s11077-009-9099-x,DOI:10.1080/13876980802648144,4
DOI:10.1007/s11077-009-9099-x,DOI:10.1111/j.1540-5907.2007.00266.x,3
DOI:10.1007/s11077-009-9099-x,DOI:10.1016/s1449-4035(07)70118-2,3
DOI:10.1016/j.joule.2021.03.005,DOI:10.1002/pip.3189,6
DOI:10.1016/j.joule.2021.03.005,DOI:10.1016/j.apenergy.2020.116273,6
DOI:10.1016/j.joule.2021.03.005,DOI:10.1016/j.enconman.2016.01.019,4
DOI:10.1016/j.joule.2021.03.005,DOI:10.1016/j.energy.2021.121690,3
DOI:10.1016/j.joule.2021.03.005,DOI:10.1016/j.jclepro.2019.03.086,3
DOI:10.1016/j.joule.2021.03.005,DOI:10.1016/j.solener.2018.07.029,4
DOI:10.1016/j.joule.2021.03.005,DOI:10.1016/j.solener.2019.04.081,3
DOI:10.1016/j.joule.2021.03.005,DOI:10.1038/s41467-019-08855-1,4
DOI:10.1016/j.joule.2021.03.005,DOI:10.3390/en12203870,4
DOI:10.1016/j.joule.2021.03.005,DOI:10.1016/j.apenergy.2020.114737,3
DOI:10.1016/j.joule.2021.03.005,DOI:10.1016/j.apenergy.2021.117265,3
DOI:10.1016/j.joule.2021.03.005,DOI:10.1016/j.joule.2020.05.005,3
DOI:10.1016/j.joule.2021.03.005,DOI:10.1016/j.oneear.2019.12.003,3
DOI:10.1016/j.joule.2021.03.005,DOI:10.1016/j.renene.2018.09.082,5
DOI:10.1016/j.joule.2021.03.005,DOI:10.1016/j.rser.2020.109917,3
DOI:10.1016/j.joule.2021.03.005,DOI:10.1038/s41558-021-00998-8,3
DOI:10.1016/j.joule.2021.03.005,DOI:10.1007/s11027-019-9847-y,3
DOI:10.1016/j.joule.2021.03.005,DOI:10.1016/j.apenergy.2020.116170,3
DOI:10.1016/j.joule.2021.03.005,DOI:10.1016/j.egypro.2016.10.115,3
DOI:10.1016/j.joule.2021.03.005,DOI:10.1016/j.ijhydene.2023.08.170,3
DOI:10.1016/j.joule.2021.03.005,DOI:10.1016/j.joule.2023.06.016,3
DOI:10.1016/j.joule.2021.03.005,DOI:10.1016/j.rser.2021.111557,3
DOI:10.1016/j.joule.2021.03.005,DOI:10.1016/j.rser.2025.115371,3
DOI:10.1016/j.joule.2021.03.005,DOI:10.1016/j.rser.2025.115383,3
DOI:10.1016/j.joule.2021.03.005,DOI:10.1038/nenergy.2017.140,3
DOI:10.1016/j.joule.2021.03.005,DOI:10.1038/s41467-020-20015-4,3
DOI:10.1016/j.joule.2021.03.005,DOI:10.1109/access.2022.3221155,4
DOI:10.1016/j.joule.2021.03.005,DOI:10.3390/en10101468,3
DOI:10.1016/j.joule.2021.03.005,DOI:10.3390/en14082103,3
DOI:10.1016/j.joule.2021.03.005,DOI:10.1007/978-1-4939-2493-6_1071-1,3
DOI:10.1016/j.joule.2021.03.005,DOI:10.1016/j.energy.2019.03.092,3
DOI:10.1016/j.joule.2021.03.005,DOI:10.1016/j.energy.2020.118532,3
DOI:10.1016/j.scitotenv.2020.141853,DOI:10.1016/j.energy.2020.118405,3
DOI:10.1080/13876980802648144,DOI:10.1111/j.1540-5907.2007.00266.x,3
DOI:10.1016/j.energy.2020.119220,DOI:10.1016/j.jclepro.2018.03.236,3
DOI:10.1016/j.energy.2020.119220,DOI:10.1016/j.jenvman.2021.113513,3
DOI:10.1016/j.enpol.2020.111428,DOI:10.1016/j.techfore.2017.05.021,4
DOI:10.1016/j.rser.2016.11.004,DOI:10.1016/j.techfore.2017.05.021,3
DOI:10.1016/j.techfore.2017.05.021,DOI:10.1016/j.gloenvcha.2016.02.005,3
DOI:10.1016/j.techfore.2017.05.021,DOI:10.1017/bap.2018.17,3
DOI:10.1007/s11356-021-14993-1,DOI:10.1016/j.renene.2022.01.073,3
DOI:10.1007/s11356-022-18976-8,DOI:10.1007/s13132-022-00999-8,3
DOI:10.1007/s11356-022-18976-8,DOI:10.1016/j.renene.2022.04.150,3
DOI:10.1007/s11356-022-18976-8,DOI:10.1016/j.scitotenv.2020.142583,3
DOI:10.1007/s11356-022-18976-8,DOI:10.3390/en13236265,3
DOI:10.1007/s11356-022-18976-8,DOI:10.1016/j.renene.2023.02.017,3
DOI:10.1007/s11356-022-18976-8,DOI:10.1186/s43093-023-00183-7,3
DOI:10.1007/s11356-022-18976-8,"SUN ZHONGYE, 2023, INT J ENVIRON RES PUBLIC HEALTH, V20, DOI [10.3390/IJERPH20043124, 10.3390/IJERPH20043124]",3
DOI:10.1016/j.jenvman.2021.111999,DOI:10.3390/su12114689,4
DOI:10.1016/j.renene.2019.09.007,DOI:10.1016/j.rser.2014.07.033,3
DOI:10.1016/j.renene.2019.09.007,DOI:10.1016/j.rser.2014.07.128,3
DOI:10.1016/j.renene.2019.09.007,DOI:10.1016/j.renene.2019.06.170,3
DOI:10.1016/j.renene.2022.12.095,DOI:10.1016/j.renene.2023.01.058,3
DOI:10.1016/j.renene.2023.02.017,DOI:10.1016/j.egyr.2021.01.038,3
DOI:10.1016/j.renene.2023.02.017,DOI:10.1016/j.jenvman.2023.118120,3
DOI:10.1016/j.renene.2023.02.017,DOI:10.1016/j.renene.2022.12.088,3
DOI:10.1016/j.rser.2014.07.033,DOI:10.1016/j.renene.2019.09.006,3
DOI:10.1016/j.techfore.2019.06.008,DOI:10.1016/j.apenergy.2020.116273,3
DOI:10.1016/j.techfore.2019.06.008,DOI:10.1016/j.ijepes.2019.03.055,4
DOI:10.1016/j.techfore.2019.06.008,DOI:10.1038/s41467-019-08855-1,3
DOI:10.1016/j.techfore.2019.06.008,DOI:10.3390/en12203870,4
DOI:10.1016/j.techfore.2019.06.008,DOI:10.3390/en13102502,3
DOI:10.1016/j.apenergy.2020.116273,DOI:10.1016/j.futures.2020.102644,3
DOI:10.1016/j.apenergy.2020.116273,DOI:10.1016/j.renene.2020.03.119,3
DOI:10.1016/j.apenergy.2020.116273,DOI:10.1002/pip.3189,5
DOI:10.1016/j.apenergy.2020.116273,DOI:10.1016/j.enconman.2016.01.019,6
DOI:10.1016/j.apenergy.2020.116273,DOI:10.1016/j.energy.2021.121690,3
DOI:10.1016/j.apenergy.2020.116273,DOI:10.1016/j.est.2017.11.012,3
DOI:10.1016/j.apenergy.2020.116273,DOI:10.1016/j.ijepes.2019.03.055,4
DOI:10.1016/j.apenergy.2020.116273,DOI:10.1016/j.jclepro.2019.03.086,3
DOI:10.1016/j.apenergy.2020.116273,DOI:10.1016/j.solener.2018.07.029,6
DOI:10.1016/j.apenergy.2020.116273,DOI:10.1016/j.solener.2019.04.081,3
DOI:10.1016/j.apenergy.2020.116273,DOI:10.1038/s41467-019-08855-1,4
DOI:10.1016/j.apenergy.2020.116273,DOI:10.3390/en12203870,6
DOI:10.1016/j.apenergy.2020.116273,DOI:10.3390/en13102502,3
DOI:10.1016/j.apenergy.2020.116273,DOI:10.1016/j.apenergy.2021.117265,3
DOI:10.1016/j.apenergy.2020.116273,DOI:10.1016/j.joule.2020.05.005,3
DOI:10.1016/j.apenergy.2020.116273,DOI:10.1016/j.oneear.2019.12.003,4
DOI:10.1016/j.apenergy.2020.116273,DOI:10.1016/j.renene.2018.09.082,5
DOI:10.1016/j.apenergy.2020.116273,DOI:10.1016/j.rser.2020.109917,3
DOI:10.1016/j.apenergy.2020.116273,DOI:10.1016/j.rser.2022.112452,3
DOI:10.1016/j.apenergy.2020.116273,DOI:10.1038/s41558-021-00998-8,3
DOI:10.1016/j.apenergy.2020.116273,DOI:10.1002/pip.3659,3
DOI:10.1016/j.apenergy.2020.116273,DOI:10.1016/j.ijhydene.2023.08.170,3
DOI:10.1016/j.apenergy.2020.116273,DOI:10.1016/j.renene.2021.03.098,4
DOI:10.1016/j.apenergy.2020.116273,DOI:10.3390/en10101468,4
DOI:10.1016/j.apenergy.2020.116273,DOI:10.3390/en14082103,3
DOI:10.1016/j.apenergy.2020.116273,DOI:10.1016/j.energy.2019.03.092,5
DOI:10.1016/j.apenergy.2020.116273,DOI:10.1016/j.renene.2021.05.029,3
DOI:10.1016/j.apenergy.2020.116273,DOI:10.1016/j.rser.2018.05.042,3
DOI:10.1016/j.apenergy.2020.116273,DOI:10.1007/s11027-019-9847-y,3
DOI:10.1016/j.apenergy.2020.116273,DOI:10.1016/j.egypro.2016.10.115,4
DOI:10.1016/j.apenergy.2020.116273,DOI:10.1038/s41467-020-20015-4,3
DOI:10.1016/j.apenergy.2020.116273,DOI:10.1109/access.2022.3221155,3
DOI:10.1016/j.apenergy.2020.116273,DOI:10.1007/978-1-4939-2493-6_1071-1,3
DOI:10.1016/j.apenergy.2020.116273,DOI:10.3390/en10081171,3
DOI:10.1016/j.eneco.2017.01.019,DOI:10.1002/sd.2144,3
DOI:10.1016/j.eneco.2017.01.019,DOI:10.1007/s13132-022-00999-8,3
DOI:10.1016/j.eneco.2017.01.019,DOI:10.1016/j.renene.2021.07.019,3
DOI:10.1016/j.polgeo.2016.10.001,"WLOKAS HL, 2017, J ENERGY SOUTH AFR, V28, P35",3
DOI:10.1080/14786451.2020.1731511,DOI:10.1002/sd.2144,3
DOI:10.3390/su12114689,DOI:10.1016/j.energy.2014.05.081,3
DOI:10.3390/su12114689,DOI:10.1016/j.esr.2020.100535,3
DOI:10.3390/su12114689,DOI:10.1080/00036846.2014.964834,3
DOI:10.3390/su12114689,DOI:10.1080/00036846.2015.1011312,3
DOI:10.3390/su12114689,DOI:10.3390/en14102947,3
DOI:10.1016/j.scitotenv.2020.142220,DOI:10.1007/s11356-021-12447-2,4
DOI:10.1016/j.scitotenv.2020.142220,DOI:10.1016/j.jenvman.2020.111028,3
DOI:10.1016/j.enpol.2007.10.019,DOI:10.1016/j.enpol.2013.06.030,5
DOI:10.1016/j.enpol.2007.10.019,DOI:10.1016/j.rser.2018.06.013,4
DOI:10.1016/j.enpol.2007.10.019,DOI:10.1016/j.enpol.2016.03.017,3
DOI:10.1016/j.enpol.2007.10.019,DOI:10.1016/j.rser.2014.10.089,5
DOI:10.1016/j.enpol.2007.10.019,DOI:10.1016/j.enpol.2018.08.054,3
DOI:10.1016/j.enpol.2007.10.019,DOI:10.1080/09644016.2017.1387294,3
DOI:10.1016/j.enpol.2007.10.019,DOI:10.1016/j.jclepro.2017.01.048,4
DOI:10.1016/j.enpol.2007.10.019,DOI:10.1007/s11625-017-0433-5,3
DOI:10.1016/j.enpol.2013.06.030,DOI:10.1016/j.rser.2018.06.013,3
DOI:10.1016/j.enpol.2013.06.030,DOI:10.1016/j.enpol.2016.03.017,4
DOI:10.1016/j.enpol.2013.06.030,DOI:10.1016/j.enpol.2016.07.010,3
DOI:10.1016/j.enpol.2013.06.030,DOI:10.1016/j.erss.2017.09.019,3
DOI:10.1016/j.enpol.2013.06.030,DOI:10.1016/j.jclepro.2017.01.048,5
DOI:10.1016/j.enpol.2013.06.030,DOI:10.1080/09644016.2018.1427824,3
DOI:10.1016/j.enpol.2013.06.030,DOI:10.1016/j.enpol.2018.08.054,3
DOI:10.1016/j.enpol.2013.06.030,DOI:10.1016/j.rser.2014.10.089,5
DOI:10.1016/j.erss.2018.07.007,"CRESWELL J.W., 2014, QUAL INQ",3
DOI:10.1016/j.respol.2004.01.015,DOI:10.1016/j.eist.2014.11.001,3
DOI:10.1016/j.respol.2004.01.015,DOI:10.1016/j.respol.2012.02.014,3
DOI:10.1016/j.rser.2018.06.013,DOI:10.1016/j.jclepro.2017.01.048,3
DOI:10.1016/j.rser.2018.06.013,DOI:10.1016/j.erss.2017.06.023,3
DOI:10.1007/s11356-023-25407-9,DOI:10.1007/s11356-020-08642-2,3
DOI:10.1007/s11356-023-25407-9,DOI:10.1016/j.envsci.2023.04.021,4
DOI:10.1007/s11356-023-25407-9,DOI:10.1016/j.resourpol.2022.103142,3
DOI:10.1016/j.eneco.2018.03.028,DOI:10.1016/j.energy.2021.122018,3
DOI:10.1016/j.eneco.2018.03.028,DOI:10.1016/j.jclepro.2018.03.236,3
DOI:10.1016/j.eneco.2018.03.028,DOI:10.1016/j.gr.2021.09.012,3
DOI:10.1016/j.eneco.2018.03.028,DOI:10.1016/j.rser.2015.10.080,3
DOI:10.1016/j.jeconom.2015.05.003,DOI:10.1007/s11356-021-12447-2,3
DOI:10.1016/j.spc.2020.11.008,DOI:10.1002/ijfe.2073,3
DOI:10.1016/j.spc.2020.11.008,DOI:10.1007/s10708-020-10370-6,3
DOI:10.1016/j.jclepro.2018.03.236,DOI:10.1007/s11356-021-13476-7,3
DOI:10.1016/j.jclepro.2018.03.236,DOI:10.1016/j.eneco.2015.12.007,3
DOI:10.1016/j.jclepro.2018.03.236,DOI:10.1016/j.gr.2021.09.012,3
DOI:10.1016/j.jclepro.2018.03.236,DOI:10.1016/j.rser.2015.10.080,3
DOI:10.1016/j.jenvman.2021.113653,DOI:10.1016/j.energy.2021.123063,3
DOI:10.1016/j.jenvman.2021.113653,"KAO CW, 2000, ADV ECONOMETRICS, V15, P179",3
DOI:10.1016/j.ecolecon.2011.09.014,DOI:10.1016/j.respol.2009.01.004,3
DOI:10.1016/j.ecolecon.2011.09.014,DOI:10.1016/j.respol.2013.01.002,3
DOI:10.1007/s11356-021-12447-2,DOI:10.1016/j.eneco.2022.106068,3
DOI:10.1007/s11356-021-12447-2,DOI:10.1016/j.energy.2023.129174,3
DOI:10.1007/s11356-021-12447-2,DOI:10.1016/j.resourpol.2022.103229,3
DOI:10.1007/s11356-021-12447-2,DOI:10.3390/en15041498,5
DOI:10.1007/s11356-021-12447-2,DOI:10.1002/ijfe.2049,4
DOI:10.1007/s11356-021-12447-2,DOI:10.1007/s12053-022-10021-4,3
DOI:10.1007/s11356-021-12447-2,DOI:10.1016/j.eneco.2021.105287,4
DOI:10.1007/s11356-021-12447-2,DOI:10.1016/j.enpol.2022.112909,3
DOI:10.1007/s11356-021-12447-2,DOI:10.1080/1540496x.2017.1363036,3
DOI:10.1007/s11356-021-12447-2,DOI:10.3390/su14031208,3
DOI:10.1007/s11356-021-12447-2,DOI:10.1016/j.jenvman.2020.111028,3
DOI:10.1007/s11356-021-12447-2,DOI:10.1016/j.renene.2021.07.030,4
DOI:10.1007/s11356-021-12447-2,DOI:10.3390/su12072689,3
DOI:10.1007/s11356-021-12447-2,DOI:10.1016/j.renene.2021.07.019,3
DOI:10.1007/s11356-021-12447-2,DOI:10.1016/j.strueco.2021.03.011,3
DOI:10.1007/s11356-021-12447-2,DOI:10.1016/j.energy.2023.126683,3
DOI:10.1007/s11356-021-12447-2,DOI:10.1016/j.renene.2022.04.150,3
DOI:10.1016/j.eneco.2022.106068,DOI:10.3390/en15041498,3
DOI:10.1016/j.energy.2023.129174,DOI:10.1016/j.resourpol.2022.103229,3
DOI:10.1016/j.energy.2023.129174,DOI:10.1016/j.jenvman.2023.119962,3
DOI:10.1016/j.renene.2022.07.029,DOI:10.1016/j.resourpol.2022.103229,3
DOI:10.1016/j.renene.2022.07.029,DOI:10.1016/j.resourpol.2023.103608,3
DOI:10.1016/j.resourpol.2022.103229,DOI:10.1016/j.resourpol.2023.103608,3
DOI:10.3390/en15041498,DOI:10.3390/su12072689,3
DOI:10.1016/j.energy.2014.05.081,DOI:10.1016/j.esr.2020.100535,3
DOI:10.1016/j.energy.2014.05.081,DOI:10.1016/j.jclepro.2020.120287,3
DOI:10.1016/j.energy.2014.05.081,DOI:10.1016/j.renene.2021.07.030,4
DOI:10.1016/j.energy.2014.05.081,DOI:10.1016/j.renene.2022.03.034,3
DOI:10.1016/j.energy.2014.05.081,DOI:10.1016/j.rser.2017.03.067,5
DOI:10.1016/j.energy.2014.05.081,DOI:10.1080/00036846.2014.964834,3
DOI:10.1016/j.energy.2014.05.081,DOI:10.1016/j.renene.2019.09.006,5
DOI:10.1016/j.energy.2014.05.081,DOI:10.1016/j.strueco.2021.03.011,3
DOI:10.1016/j.energy.2014.05.081,DOI:10.1016/j.rser.2015.11.003,3
DOI:10.1016/j.energy.2014.05.081,DOI:10.1080/1540496x.2017.1363036,4
DOI:10.1016/j.energy.2014.05.081,DOI:10.1016/j.renene.2019.06.170,4
DOI:10.1016/j.energy.2014.05.081,DOI:10.1016/0304-4076(94)01644-f,3
DOI:10.1016/j.energy.2014.05.081,DOI:10.1007/s13132-023-01540-1,3
DOI:10.1016/j.apenergy.2021.117948,DOI:10.1080/15435075.2021.1880912,3
DOI:10.1016/j.techfore.2017.12.012,DOI:10.1016/j.techfore.2020.120521,3
DOI:10.1080/07474930500243019,"WOOLDRIDGE JM, 2010, ECONOMETRIC ANALYSIS OF CROSS SECTION AND PANEL DATA, 2ND EDITION, P3",3
DOI:10.1080/07474930500243019,DOI:10.1016/j.econlet.2013.09.012,3
DOI:10.1080/07474930500243019,DOI:10.1016/j.renene.2022.07.042,3
DOI:10.1002/sd.2144,DOI:10.1016/j.gr.2021.10.026,4
DOI:10.1002/sd.2144,DOI:10.1007/s11356-020-12181-1,3
DOI:10.1016/0304-4076(94)01644-f,"BOND S., 2013, ACCOUNTING FOR UNOBSERVED HETEROGENEITY IN PANEL TIME SERIES MODELS, V1, P1",3
DOI:10.1016/0304-4076(94)01644-f,DOI:10.1080/00036846.2018.1558359,3
DOI:10.1016/j.eneco.2020.104842,DOI:10.1016/j.seta.2022.102966,3
DOI:10.1016/j.energy.2021.121690,DOI:10.3390/en13102502,3
DOI:10.1016/j.gr.2021.10.026,DOI:10.1016/j.renene.2022.01.073,3
DOI:10.1016/j.gr.2021.10.026,DOI:10.1016/j.renene.2022.06.125,3
DOI:10.1016/j.scitotenv.2020.136504,DOI:10.1016/j.renene.2022.01.075,3
DOI:10.1016/j.enpol.2010.11.034,DOI:10.1002/bse.3013,3
DOI:10.1016/j.enpol.2010.11.034,DOI:10.1016/j.eneco.2021.105649,4
DOI:10.1016/j.enpol.2010.11.034,DOI:10.1016/j.energy.2022.124289,3
DOI:10.1016/j.enpol.2010.11.034,DOI:10.1016/j.eneco.2015.12.010,3
DOI:10.1016/j.enpol.2010.11.034,DOI:10.1016/j.enpol.2019.06.012,3
DOI:10.1016/j.enpol.2010.11.034,DOI:10.1016/j.renene.2021.07.030,3
DOI:10.1016/j.eneco.2021.105649,DOI:10.1016/j.jenvman.2020.111028,3
DOI:10.1016/j.eneco.2021.105649,DOI:10.1016/j.renene.2019.09.006,5
DOI:10.1016/j.eneco.2021.105649,DOI:10.1016/j.energy.2022.124289,4
DOI:10.1016/j.eneco.2021.105649,DOI:10.1016/j.strueco.2021.03.011,3
DOI:10.1016/j.eneco.2021.105649,DOI:10.1016/j.strueco.2023.11.006,3
DOI:10.1016/j.eneco.2021.105649,DOI:10.1016/j.enpol.2011.02.026,3
DOI:10.1016/j.eneco.2021.105649,DOI:10.1016/j.renene.2022.08.097,3
DOI:10.1016/j.eneco.2021.105649,DOI:10.1016/j.renene.2021.07.030,3
DOI:10.1016/j.energy.2023.126683,DOI:10.1016/j.iref.2021.02.006,3
DOI:10.1016/j.enpol.2020.111365,DOI:10.1016/j.strueco.2021.03.011,3
DOI:10.1016/j.enpol.2020.111365,DOI:10.1080/1540496x.2017.1363036,3
DOI:10.1016/j.renene.2019.09.006,DOI:10.1016/j.renene.2021.07.030,4
DOI:10.1016/j.renene.2019.09.006,DOI:10.1016/j.rser.2017.03.067,3
DOI:10.1016/j.renene.2019.09.006,DOI:10.1016/j.strueco.2021.03.011,3
DOI:10.1016/j.jclepro.2019.03.086,DOI:10.3390/en12203870,3
DOI:10.1111/gec3.12580,DOI:10.1016/j.techfore.2015.10.014,3
DOI:10.1002/ijfe.2049,DOI:10.1016/j.eneco.2021.105287,4
DOI:10.1002/ijfe.2049,DOI:10.1016/j.enpol.2022.112909,3
DOI:10.1002/ijfe.2049,DOI:10.1080/1540496x.2017.1363036,3
DOI:10.1002/ijfe.2049,DOI:10.3390/su14031208,3
DOI:10.1016/j.eneco.2021.105287,DOI:10.1016/j.enpol.2022.112909,3
DOI:10.1016/j.eneco.2021.105287,DOI:10.1080/1540496x.2017.1363036,3
DOI:10.1016/j.eneco.2021.105287,DOI:10.3390/su14031208,3
DOI:10.1016/j.renene.2022.01.073,DOI:10.1016/j.renene.2022.07.028,3
DOI:10.1016/j.renene.2022.01.073,DOI:10.1016/j.renene.2020.10.143,3
DOI:10.1016/j.renene.2022.01.073,DOI:10.1016/j.renene.2022.06.125,4
DOI:10.1016/j.renene.2022.01.073,DOI:10.1002/sd.2292,3
DOI:10.1016/j.renene.2022.01.073,DOI:10.1016/j.egyr.2022.01.022,3
DOI:10.1016/j.renene.2022.01.073,"KAO CW, 2000, ADV ECONOMETRICS, V15, P179",3
DOI:10.1016/j.renene.2022.03.099,DOI:10.1016/j.jenvman.2021.113004,3
DOI:10.1080/1540496x.2017.1363036,DOI:10.3390/su14031208,3
DOI:10.1080/1540496x.2017.1363036,DOI:10.1016/j.renene.2019.06.170,4
DOI:10.1080/1540496x.2017.1363036,DOI:10.1016/j.strueco.2021.03.011,3
DOI:10.1080/1540496x.2017.1363036,DOI:10.1002/ijfe.2073,3
DOI:10.1080/1540496x.2017.1363036,DOI:10.1016/j.eneco.2015.12.010,3
DOI:10.3390/su14031208,DOI:10.1007/s13132-022-00999-8,3
DOI:10.3390/su14031208,DOI:10.1016/j.energy.2023.127130,3
DOI:10.1016/j.energy.2020.118162,DOI:10.1016/j.jclepro.2020.124956,3
DOI:10.1016/j.energy.2020.118162,DOI:10.1016/j.rser.2016.04.069,3
DOI:10.1016/j.rser.2017.03.067,DOI:10.1016/j.renene.2021.07.030,4
DOI:10.1016/j.rser.2017.03.067,DOI:10.1016/j.strueco.2021.03.011,3
DOI:10.7135/upo9781843318903,"NELSON R.R., 1993, NATL INNOVATION SYST",3
DOI:10.24136/oc.2023.032,DOI:10.1016/j.eneco.2024.107388,3
DOI:10.1002/er.6413,DOI:10.3390/su15108026,3
DOI:10.1016/j.esr.2020.100535,DOI:10.1080/00036846.2014.964834,3
DOI:10.1016/j.esr.2020.100535,DOI:10.3390/en14102947,3
DOI:10.1016/j.jclepro.2020.120287,DOI:10.1016/j.renene.2021.07.030,3
DOI:10.1016/j.jclepro.2020.120287,DOI:10.1016/j.renene.2022.03.034,3
DOI:10.1016/j.renene.2021.07.030,DOI:10.1016/j.renene.2022.03.034,4
DOI:10.1016/j.renene.2021.07.030,DOI:10.1016/j.resourpol.2022.103041,5
DOI:10.1016/j.renene.2021.07.030,"[ANONYMOUS], 2023, WORLD DEVELOPMENT INDICATORS",3
DOI:10.1016/j.renene.2021.07.030,DOI:10.1016/j.enpol.2019.06.012,3
DOI:10.1016/j.renene.2021.07.030,DOI:10.1016/j.strueco.2021.03.011,6
DOI:10.1016/j.renene.2021.07.030,DOI:10.1016/j.energy.2021.121758,3
DOI:10.1016/j.renene.2021.07.030,DOI:10.1016/j.jclepro.2020.125779,3
DOI:10.1016/j.renene.2021.07.030,DOI:10.1002/bse.3269,3
DOI:10.1016/j.renene.2021.07.030,DOI:10.1016/j.renene.2021.07.019,3
DOI:10.1016/j.renene.2021.07.030,DOI:10.1016/j.renene.2022.04.150,3
DOI:10.1016/j.renene.2021.12.135,DOI:10.35333/jore.2019.52],3
DOI:10.1016/j.renene.2022.03.034,DOI:10.1016/j.resourpol.2022.103041,4
DOI:10.1016/j.resourpol.2022.103041,DOI:10.1016/j.enpol.2019.06.012,3
DOI:10.1016/j.resourpol.2022.103041,DOI:10.1016/j.strueco.2021.03.011,4
DOI:10.1016/j.resourpol.2022.103041,DOI:10.1016/j.eneco.2015.12.010,3
DOI:10.1016/j.resourpol.2022.103041,DOI:10.1002/bse.3269,3
DOI:10.1016/j.resourpol.2022.103041,DOI:10.1016/j.renene.2022.04.150,3
DOI:10.1080/00036846.2014.964834,DOI:10.3390/en14102947,3
DOI:10.1016/j.enpol.2016.03.017,DOI:10.1016/j.jclepro.2017.01.048,4
DOI:10.1016/j.enpol.2016.03.017,DOI:10.1080/09644016.2018.1427824,3
DOI:10.1016/j.enpol.2016.03.017,DOI:10.1016/j.rser.2014.10.089,3
DOI:10.1016/j.enpol.2016.03.017,DOI:10.1038/nenergy.2016.24,3
DOI:10.1016/j.enpol.2016.03.017,DOI:10.1038/nenergy.2016.32,3
DOI:10.1016/j.enpol.2021.112435,DOI:10.1016/j.jclepro.2017.01.048,3
DOI:10.1016/j.erss.2017.09.019,DOI:10.1016/j.jclepro.2017.01.048,3
DOI:10.1016/j.erss.2017.09.024,DOI:10.1080/09644016.2017.1387294,4
DOI:10.1016/j.erss.2017.09.024,DOI:10.1016/j.enpol.2017.03.005,4
DOI:10.1016/j.enpol.2019.06.012,DOI:10.1016/j.strueco.2021.03.011,3
DOI:10.1016/j.enpol.2024.114010,DOI:10.1016/j.jclepro.2024.141298,3
DOI:10.1016/j.strueco.2021.03.011,DOI:10.1016/j.strueco.2023.11.006,3
DOI:10.1016/j.strueco.2021.03.011,DOI:10.1002/bse.3269,4
DOI:10.1016/j.strueco.2021.03.011,DOI:10.1016/j.renene.2021.07.019,3
DOI:10.1016/j.strueco.2021.03.011,DOI:10.1007/s11356-022-20919-2,3
DOI:10.1016/j.strueco.2021.03.011,DOI:10.1007/s13132-022-00999-8,3
DOI:10.1016/j.strueco.2021.03.011,DOI:10.1016/j.heliyon.2023.e13049,3
DOI:10.1016/j.strueco.2021.03.011,DOI:10.1016/j.heliyon.2023.e14155,3
DOI:10.1016/j.strueco.2021.03.011,DOI:10.1016/j.renene.2022.03.143,3
DOI:10.1016/j.strueco.2021.03.011,DOI:10.1016/j.renene.2022.04.150,3
DOI:10.1016/j.eist.2019.01.004,DOI:10.1016/j.eist.2011.04.006,3
DOI:10.1016/j.eist.2019.01.004,DOI:10.1016/j.respol.2012.02.014,3
DOI:10.1016/j.esr.2019.100399,DOI:10.1073/pnas.1610381114,3
DOI:10.1016/j.esr.2019.100399,DOI:10.3390/en13123036,3
DOI:10.1016/j.renene.2022.03.143,DOI:10.1002/bse.3269,3
DOI:10.1016/j.renene.2022.03.143,DOI:10.1007/s11356-022-20919-2,3
DOI:10.1016/j.renene.2022.03.143,DOI:10.1007/s13132-022-00999-8,3
DOI:10.1016/j.renene.2022.03.143,DOI:10.1016/j.heliyon.2023.e13049,3
DOI:10.1016/j.renene.2022.03.143,DOI:10.1016/j.heliyon.2023.e14155,3
DOI:10.1016/j.renene.2022.03.143,DOI:10.1016/j.renene.2022.04.150,3
DOI:10.1016/j.rser.2014.10.089,DOI:10.1016/j.enpol.2011.03.017,3
DOI:10.1016/j.rser.2021.111233,DOI:10.1016/j.strueco.2019.12.009,3
DOI:10.1016/j.scitotenv.2020.142583,DOI:10.1007/s13132-022-00999-8,3
DOI:10.1016/j.scitotenv.2020.142583,DOI:10.1016/j.renene.2022.04.150,3
DOI:10.1016/j.scitotenv.2020.142583,DOI:10.3390/en13236265,3
DOI:10.1016/j.jclepro.2024.141298,DOI:10.1016/j.eneco.2024.107403,4
DOI:10.1016/j.jclepro.2024.141298,DOI:10.1016/j.eneco.2024.107493,4
DOI:10.1016/j.jclepro.2024.141298,DOI:10.1016/j.eneco.2024.107654,3
DOI:10.1016/j.jclepro.2024.141298,DOI:10.1016/j.eneco.2024.107388,4
DOI:10.1016/j.respol.2016.01.015,DOI:10.1016/j.respol.2005.07.005,3
DOI:10.1016/j.rser.2018.05.042,DOI:10.1016/j.energy.2019.03.092,3
"[ANONYMOUS], 2019, BP STAT REV WORLD EN",DOI:10.1016/j.eneco.2015.12.010,3
DOI:10.1016/j.rser.2015.11.003,DOI:10.1002/ijfe.2073,3
"ALDRICH DANIELP., 2008, SITE FIGHTS: DIVISIVE FACILITIES AND CIVIL SOCIETY IN JAPAN AND THE WEST",DOI:10.1007/s11625-018-0613-y,3
"ALDRICH DANIELP., 2008, SITE FIGHTS: DIVISIVE FACILITIES AND CIVIL SOCIETY IN JAPAN AND THE WEST",DOI:10.1016/j.esd.2017.11.002,3
"ALDRICH DANIELP., 2008, SITE FIGHTS: DIVISIVE FACILITIES AND CIVIL SOCIETY IN JAPAN AND THE WEST","HASEGAWA K., 2004, CONSTRUCTING CIVIL SOCIETY IN JAPAN: VOICES OF ENVIRONMENTAL MOVEMENTS",3
DOI:10.1007/s11625-018-0613-y,DOI:10.1016/j.esd.2017.11.002,3
DOI:10.1007/s11625-018-0613-y,"HASEGAWA K., 2004, CONSTRUCTING CIVIL SOCIETY IN JAPAN: VOICES OF ENVIRONMENTAL MOVEMENTS",3
DOI:10.1016/j.esd.2017.11.002,"HASEGAWA K., 2004, CONSTRUCTING CIVIL SOCIETY IN JAPAN: VOICES OF ENVIRONMENTAL MOVEMENTS",3
DOI:10.1086/684791,DOI:10.5547/01956574.33.2.1,3
DOI:10.1016/j.rser.2017.10.050,DOI:10.1080/13549839.2019.1652802,3
DOI:10.3390/en13071615,DOI:10.1038/nenergy.2016.24,3
DOI:10.1016/j.scs.2021.103382,DOI:10.1007/s10668-021-01418-9,3
DOI:10.1016/j.scs.2021.103382,DOI:10.1007/s10668-021-01716-2,3
DOI:10.1016/j.scs.2021.103382,DOI:10.1007/s11356-021-13476-7,3
DOI:10.1016/j.enpol.2018.02.036,DOI:10.1038/nenergy.2016.24,4
DOI:10.1016/j.respol.2009.01.004,DOI:10.1016/j.respol.2013.01.002,3
DOI:10.1016/j.gloenvcha.2015.10.001,DOI:10.1016/j.gloenvcha.2016.02.005,3
DOI:10.1016/j.gloenvcha.2016.02.005,DOI:10.1016/j.polgeo.2017.03.003,3
DOI:10.1016/j.gloenvcha.2016.02.005,DOI:10.1016/j.jclepro.2014.06.056,3
DOI:10.1016/j.gloenvcha.2016.02.005,DOI:10.1038/nclimate2112,3
DOI:10.1016/j.polgeo.2017.03.003,"FINE B., 2018, POLITICAL EC S AFRIC",3
DOI:10.1016/j.eneco.2024.107388,DOI:10.1016/j.eneco.2024.107403,3
DOI:10.1016/j.eneco.2024.107388,DOI:10.1016/j.eneco.2024.107493,3
DOI:10.1016/j.rser.2015.04.070,DOI:10.1073/pnas.1500415112,3
DOI:10.1016/j.scitotenv.2018.10.017,DOI:10.1016/j.eneco.2015.12.010,3
DOI:10.1016/j.eneco.2015.12.010,DOI:10.1002/ijfe.2073,3
DOI:10.1016/j.eneco.2015.12.010,DOI:10.1016/j.indic.2020.100085,3
DOI:10.1016/j.eneco.2015.12.010,DOI:10.1016/j.eneco.2019.06.025,3
DOI:10.1016/j.eneco.2015.12.010,DOI:10.1002/bse.3269,3
DOI:10.1016/j.renene.2021.08.078,DOI:10.1016/j.scitotenv.2019.134653,3
DOI:10.1016/j.renene.2022.01.075,DOI:10.1016/j.jclepro.2019.118787,3
DOI:10.1016/j.renene.2022.01.075,DOI:10.1016/j.jclepro.2022.130648,3
DOI:10.1016/j.rser.2020.110157,DOI:10.1016/j.techfore.2022.121727,3
DOI:10.1002/pip.3189,DOI:10.1016/j.enconman.2016.01.019,4
DOI:10.1002/pip.3189,DOI:10.1016/j.solener.2018.07.029,4
DOI:10.1002/pip.3189,DOI:10.1016/j.solener.2019.04.081,3
DOI:10.1002/pip.3189,DOI:10.1038/s41467-019-08855-1,4
DOI:10.1002/pip.3189,DOI:10.3390/en12203870,3
DOI:10.1002/pip.3189,DOI:10.1016/j.apenergy.2020.114737,3
DOI:10.1002/pip.3189,DOI:10.1016/j.apenergy.2021.117265,3
DOI:10.1002/pip.3189,DOI:10.1016/j.joule.2020.05.005,3
DOI:10.1002/pip.3189,DOI:10.1016/j.renene.2018.09.082,4
DOI:10.1002/pip.3189,DOI:10.1016/j.rser.2020.109917,3
DOI:10.1002/pip.3189,DOI:10.1038/s41558-021-00998-8,3
DOI:10.1002/pip.3189,DOI:10.1016/j.ijhydene.2023.08.170,3
DOI:10.1002/pip.3189,DOI:10.1016/j.joule.2023.06.016,3
DOI:10.1002/pip.3189,DOI:10.1016/j.rser.2021.111557,3
DOI:10.1002/pip.3189,DOI:10.1016/j.rser.2025.115371,3
DOI:10.1002/pip.3189,DOI:10.1016/j.rser.2025.115383,3
DOI:10.1002/pip.3189,DOI:10.1038/nenergy.2017.140,3
DOI:10.1002/pip.3189,DOI:10.1038/s41467-020-20015-4,3
DOI:10.1002/pip.3189,DOI:10.1109/access.2022.3221155,4
DOI:10.1002/pip.3189,DOI:10.3390/en10101468,3
DOI:10.1002/pip.3189,DOI:10.3390/en14082103,3
DOI:10.1016/j.desal.2016.02.004,DOI:10.1016/j.enconman.2016.01.019,3
DOI:10.1016/j.enconman.2016.01.019,DOI:10.1016/j.est.2017.11.012,3
DOI:10.1016/j.enconman.2016.01.019,DOI:10.1016/j.ijepes.2019.03.055,3
DOI:10.1016/j.enconman.2016.01.019,DOI:10.1016/j.solener.2018.07.029,5
DOI:10.1016/j.enconman.2016.01.019,DOI:10.1038/s41467-019-08855-1,3
DOI:10.1016/j.enconman.2016.01.019,DOI:10.3390/en12203870,4
DOI:10.1016/j.enconman.2016.01.019,DOI:10.1002/pip.2885,3
DOI:10.1016/j.enconman.2016.01.019,DOI:10.1016/j.renene.2018.09.082,3
DOI:10.1016/j.enconman.2016.01.019,DOI:10.1016/j.rser.2020.109917,3
DOI:10.1016/j.enconman.2016.01.019,DOI:10.1016/j.rser.2022.112452,3
DOI:10.1016/j.enconman.2016.01.019,DOI:10.1016/j.jclepro.2016.09.068,4
DOI:10.1016/j.enconman.2016.01.019,DOI:10.3390/en10101468,3
DOI:10.1016/j.enconman.2016.01.019,DOI:10.1002/pip.1254,4
DOI:10.1016/j.enconman.2016.01.019,DOI:10.1016/j.energy.2019.03.092,3
DOI:10.1016/j.enconman.2016.01.019,DOI:10.1016/j.rser.2016.07.001,3
DOI:10.1016/j.energy.2020.117507,DOI:10.1038/s41467-019-08855-1,3
DOI:10.1016/j.energy.2020.117507,DOI:10.3390/en12203870,3
DOI:10.1016/j.est.2017.11.012,DOI:10.1016/j.solener.2018.07.029,3
DOI:10.1016/j.est.2017.11.012,DOI:10.3390/en12203870,3
DOI:10.1016/j.ijepes.2019.03.055,DOI:10.1016/j.solener.2018.07.029,3
DOI:10.1016/j.ijepes.2019.03.055,DOI:10.1038/s41467-019-08855-1,3
DOI:10.1016/j.ijepes.2019.03.055,DOI:10.3390/en12203870,4
DOI:10.1016/j.ijepes.2019.03.055,DOI:10.3390/en13102502,4
DOI:10.1016/j.ijepes.2019.03.055,DOI:10.1016/j.jclepro.2016.09.068,3
DOI:10.1016/j.ijepes.2019.03.055,DOI:10.1016/j.renene.2021.03.098,3
DOI:10.1016/j.solener.2018.07.029,DOI:10.1016/j.solener.2019.04.081,3
DOI:10.1016/j.solener.2018.07.029,DOI:10.3390/en12203870,3
DOI:10.1016/j.solener.2018.07.029,DOI:10.1002/pip.3659,3
DOI:10.1016/j.solener.2018.07.029,DOI:10.1016/j.ijhydene.2023.08.170,3
DOI:10.1016/j.solener.2018.07.029,DOI:10.1016/j.renene.2021.03.098,3
DOI:10.1016/j.solener.2018.07.029,DOI:10.3390/en10101468,4
DOI:10.1016/j.solener.2018.07.029,DOI:10.3390/en14082103,3
DOI:10.1016/j.solener.2018.07.029,DOI:10.1016/j.egypro.2016.10.115,3
DOI:10.1016/j.solener.2018.07.029,DOI:10.1016/j.renene.2018.09.082,3
DOI:10.1016/j.solener.2018.07.029,DOI:10.1038/s41467-020-20015-4,3
DOI:10.1016/j.solener.2018.07.029,DOI:10.1109/access.2022.3221155,3
DOI:10.1038/s41467-019-08855-1,DOI:10.3390/en12203870,5
DOI:10.1038/s41467-019-08855-1,DOI:10.3390/en13102502,4
DOI:10.1038/s41467-019-08855-1,DOI:10.1002/pip.2885,3
DOI:10.1038/s41467-019-08855-1,DOI:10.1016/j.oneear.2019.12.003,3
DOI:10.1038/s41467-019-08855-1,DOI:10.1016/j.rser.2020.109917,3
DOI:10.1038/s41467-019-08855-1,DOI:10.1038/s41560-019-0501-4,3
DOI:10.3390/en12203870,DOI:10.3390/en13102502,3
DOI:10.3390/en12203870,DOI:10.1002/pip.2885,3
DOI:10.3390/en12203870,DOI:10.1016/j.oneear.2019.12.003,4
DOI:10.3390/en12203870,DOI:10.1016/j.renene.2018.09.082,3
DOI:10.3390/en12203870,DOI:10.3390/en10081171,4
DOI:10.3390/en12203870,DOI:10.1016/j.egypro.2016.10.115,3
DOI:10.3390/en12203870,DOI:10.1016/j.energy.2019.03.092,3
DOI:10.3390/en13102502,DOI:10.1038/s41560-019-0501-4,3
DOI:10.3390/pr9081281,DOI:10.1108/ijesm-02-2019-0007,3
DOI:10.1016/j.energy.2021.121758,DOI:10.1007/s10668-021-01418-9,3
DOI:10.1016/j.energy.2021.121758,DOI:10.1007/s11356-021-13476-7,3
DOI:10.1016/j.energy.2021.121758,DOI:10.1016/j.energy.2017.02.089,3
DOI:10.1016/j.energy.2021.121758,DOI:10.1016/j.enpol.2020.112115,3
DOI:10.1016/j.energy.2021.121758,DOI:10.1002/bse.3269,3
DOI:10.1016/j.geoforum.2015.06.017,"EBERHARD A., 2014, SOUTH AFRICA'S RENEWABLE ENERGY IPP PROCUREMENT PROGRAM: SUCCESS FACTORS AND LESSONS",3
DOI:10.1016/j.geoforum.2015.06.017,"FINE B., 2018, POLITICAL EC S AFRIC",4
"EBERHARD A., 2014, SOUTH AFRICA'S RENEWABLE ENERGY IPP PROCUREMENT PROGRAM: SUCCESS FACTORS AND LESSONS","FINE B., 2018, POLITICAL EC S AFRIC",4
"EBERHARD A., 2014, SOUTH AFRICA'S RENEWABLE ENERGY IPP PROCUREMENT PROGRAM: SUCCESS FACTORS AND LESSONS",DOI:10.58331/uctpress.15,3
"EBERHARD A., 2014, SOUTH AFRICA'S RENEWABLE ENERGY IPP PROCUREMENT PROGRAM: SUCCESS FACTORS AND LESSONS","WLOKAS HL, 2012, J ENERGY SOUTH AFR, V23, P46",3
"EBERHARD A., 2014, SOUTH AFRICA'S RENEWABLE ENERGY IPP PROCUREMENT PROGRAM: SUCCESS FACTORS AND LESSONS","WLOKAS HL, 2017, J ENERGY SOUTH AFR, V28, P35",3
"FINE B., 2018, POLITICAL EC S AFRIC",DOI:10.58331/uctpress.15,3
"KAO CW, 2000, ADV ECONOMETRICS, V15, P179",DOI:10.1016/j.jmva.2004.05.006,3
DOI:10.1016/j.apenergy.2021.117265,DOI:10.1016/j.renene.2018.09.082,3
DOI:10.1016/j.joule.2020.05.005,DOI:10.1016/j.renene.2018.09.082,3
DOI:10.1016/j.joule.2020.05.005,DOI:10.1038/s41558-021-00998-8,3
DOI:10.1016/j.renene.2018.09.082,DOI:10.1038/s41558-021-00998-8,3
DOI:10.1016/j.renene.2018.09.082,DOI:10.1007/s11027-019-9847-y,3
DOI:10.1016/j.renene.2018.09.082,DOI:10.1016/j.egypro.2016.10.115,3
DOI:10.1016/j.renene.2018.09.082,DOI:10.1038/s41467-020-20015-4,3
DOI:10.1016/j.renene.2018.09.082,DOI:10.1109/access.2022.3221155,3
DOI:10.1016/j.renene.2018.09.082,DOI:10.3390/en10101468,3
DOI:10.1016/j.renene.2018.09.082,DOI:10.1007/978-1-4939-2493-6_1071-1,3
DOI:10.1016/j.renene.2018.09.082,DOI:10.1016/j.energy.2019.03.092,3
DOI:10.1016/j.rser.2020.109917,DOI:10.3390/en14082103,3
DOI:10.1016/j.renene.2022.04.125,DOI:10.1016/j.eap.2022.11.024,3
DOI:10.1016/j.renene.2022.04.125,DOI:10.1016/j.renene.2022.12.025,3
DOI:10.1016/j.renene.2022.04.125,DOI:10.1016/j.renene.2022.12.066,3
DOI:10.1016/j.renene.2022.04.125,DOI:10.1016/j.resourpol.2022.102982,3
DOI:10.1016/j.renene.2022.04.125,DOI:10.1016/j.resourpol.2023.103375,3
DOI:10.1016/j.renene.2022.04.125,DOI:10.1109/comst.2020.2971757,3
DOI:10.1016/j.eneco.2024.107403,DOI:10.1016/j.eneco.2024.107493,4
DOI:10.1016/j.energy.2024.132939,DOI:10.1016/j.renene.2024.121664,3
DOI:10.1016/j.envsci.2023.04.021,DOI:10.1007/s11356-020-08642-2,3
DOI:10.1016/j.envsci.2023.04.021,DOI:10.1016/j.resourpol.2022.103142,3
DOI:10.1007/s10668-021-01716-2,DOI:10.1007/s10668-021-01418-9,3
DOI:10.1007/s10668-021-01716-2,DOI:10.1007/s11356-021-13476-7,3
DOI:10.1007/s10668-021-01716-2,DOI:10.1016/j.ecolind.2014.11.026,3
DOI:10.1016/j.jclepro.2016.09.068,DOI:10.1002/pip.1254,3
DOI:10.3390/en10081171,DOI:10.1016/j.egypro.2016.10.115,3
DOI:10.5278/ijsepm.3385,DOI:10.1016/j.egypro.2016.10.115,3
DOI:10.5278/ijsepm.3385,DOI:10.1016/j.rser.2021.111557,3
DOI:10.1002/bse.2862,DOI:10.1016/j.rser.2015.10.080,3
DOI:10.1007/s10668-021-01418-9,DOI:10.1007/s11356-021-13476-7,4
DOI:10.1007/s10668-021-01418-9,DOI:10.1016/j.energy.2017.02.089,3
DOI:10.1007/s10668-021-01418-9,DOI:10.1016/j.enpol.2020.112115,3
DOI:10.1007/s10668-021-01418-9,DOI:10.1016/j.marpol.2021.104831,3
DOI:10.1007/s11356-018-3165-x,DOI:10.1016/j.energy.2017.02.089,3
DOI:10.1007/s11356-021-13476-7,DOI:10.1016/j.energy.2017.02.089,3
DOI:10.1007/s11356-021-13476-7,DOI:10.1016/j.enpol.2020.112115,3
DOI:10.1007/s11356-021-13476-7,DOI:10.1016/j.marpol.2021.104831,3
DOI:10.1016/j.ecolind.2016.11.032,DOI:10.1016/j.rser.2015.10.080,3
DOI:10.1016/j.eneco.2018.07.020,DOI:10.1016/j.energy.2017.02.089,3
DOI:10.1016/j.energy.2017.02.089,DOI:10.1016/j.enpol.2020.112115,3
DOI:10.1016/j.enpol.2020.112115,DOI:10.1016/j.techsoc.2021.101828,3
DOI:10.1016/j.gr.2021.09.012,DOI:10.1016/j.rser.2015.10.080,3
DOI:10.1016/j.renene.2019.12.149,DOI:10.1016/j.rser.2015.10.080,3
DOI:10.1016/j.rser.2015.10.080,DOI:10.3390/su11123295,3
DOI:10.1016/j.rser.2015.10.080,DOI:10.1016/j.rser.2008.09.026,3
DOI:10.1016/j.rser.2015.10.080,DOI:10.1016/j.rser.2016.10.018,3
DOI:10.1016/j.rser.2015.10.080,DOI:10.1016/j.scitotenv.2019.05.028,3
DOI:10.1016/j.enpol.2016.10.005,DOI:10.1016/j.techsoc.2021.101746,3
DOI:10.1016/j.techsoc.2021.101656,DOI:10.1016/j.resourpol.2021.102302,3
DOI:10.1016/j.eap.2022.11.024,DOI:10.1016/j.renene.2022.12.025,3
DOI:10.1016/j.eap.2022.11.024,DOI:10.1016/j.renene.2022.12.066,4
DOI:10.1016/j.eap.2022.11.024,DOI:10.1016/j.resourpol.2022.102982,4
DOI:10.1016/j.eap.2022.11.024,DOI:10.1016/j.resourpol.2023.103375,4
DOI:10.1016/j.eap.2022.11.024,DOI:10.1016/j.seta.2022.102564,3
DOI:10.1016/j.eap.2022.11.024,DOI:10.1109/comst.2020.2971757,3
DOI:10.1016/j.renene.2022.12.025,DOI:10.1016/j.renene.2022.12.066,4
DOI:10.1016/j.renene.2022.12.025,DOI:10.1016/j.resourpol.2022.102982,3
DOI:10.1016/j.renene.2022.12.025,DOI:10.1016/j.resourpol.2023.103375,3
DOI:10.1016/j.renene.2022.12.025,DOI:10.1109/comst.2020.2971757,3
DOI:10.1016/j.renene.2022.12.066,DOI:10.1016/j.resourpol.2022.102982,5
DOI:10.1016/j.renene.2022.12.066,DOI:10.1016/j.resourpol.2023.103375,5
DOI:10.1016/j.renene.2022.12.066,DOI:10.1016/j.seta.2022.102564,3
DOI:10.1016/j.renene.2022.12.066,DOI:10.1109/comst.2020.2971757,3
DOI:10.1016/j.renene.2022.12.066,DOI:10.1016/j.exis.2023.101284,3
DOI:10.1016/j.renene.2022.12.066,DOI:10.1142/s0217590823440034,3
DOI:10.1016/j.resourpol.2022.102982,DOI:10.1016/j.resourpol.2023.103375,5
DOI:10.1016/j.resourpol.2022.102982,DOI:10.1016/j.seta.2022.102564,3
DOI:10.1016/j.resourpol.2022.102982,DOI:10.1109/comst.2020.2971757,3
DOI:10.1016/j.resourpol.2022.102982,DOI:10.1016/j.exis.2023.101284,3
DOI:10.1016/j.resourpol.2022.102982,DOI:10.1142/s0217590823440034,3
DOI:10.1016/j.resourpol.2023.103375,DOI:10.1016/j.seta.2022.102564,3
DOI:10.1016/j.resourpol.2023.103375,DOI:10.1109/comst.2020.2971757,3
DOI:10.1016/j.resourpol.2023.103375,DOI:10.1016/j.exis.2023.101284,3
DOI:10.1016/j.resourpol.2023.103375,DOI:10.1142/s0217590823440034,3
DOI:10.1080/13501760410001694291,DOI:10.1111/0952-1895.00121,3
DOI:10.1111/0952-1895.00121,DOI:10.1111/j.1467-9248.1996.tb00334.x,3
DOI:10.3390/en13236265,DOI:10.1007/s13132-022-00999-8,3
DOI:10.3390/en13236265,DOI:10.1016/j.renene.2022.04.150,3
DOI:10.1016/j.erss.2022.102639,DOI:10.1016/j.seps.2020.100925,3
DOI:10.1016/j.erss.2022.102639,DOI:10.1016/j.seps.2022.101347,3
DOI:10.1016/j.seps.2020.100925,DOI:10.1016/j.seps.2022.101347,3
DOI:10.1002/ijfe.2900,DOI:10.1007/s13132-022-00999-8,4
DOI:10.1002/ijfe.2900,DOI:10.1016/j.renene.2022.04.150,3
DOI:10.1007/s13132-022-00999-8,DOI:10.1016/j.energy.2023.127130,3
DOI:10.1007/s13132-022-00999-8,DOI:10.1016/j.renene.2022.04.150,4
DOI:10.1007/s13132-022-00999-8,DOI:10.1016/j.renene.2022.06.125,3
DOI:10.1007/s13132-022-00999-8,DOI:10.1016/j.resourpol.2020.101817,3
DOI:10.1007/s13132-022-00999-8,DOI:10.1016/j.scs.2021.102881,3
DOI:10.1007/s13132-022-00999-8,DOI:10.1080/08874417.2022.2049017,3
DOI:10.1007/s13132-022-00999-8,DOI:10.1002/bse.3269,3
DOI:10.1007/s13132-022-00999-8,DOI:10.1007/s11356-022-20919-2,3
DOI:10.1007/s13132-022-00999-8,DOI:10.1016/j.heliyon.2023.e13049,3
DOI:10.1007/s13132-022-00999-8,DOI:10.1016/j.heliyon.2023.e14155,3
DOI:10.1186/s43093-023-00183-7,DOI:10.1016/j.renene.2022.12.088,3
DOI:10.1186/s43093-023-00183-7,"SUN ZHONGYE, 2023, INT J ENVIRON RES PUBLIC HEALTH, V20, DOI [10.3390/IJERPH20043124, 10.3390/IJERPH20043124]",3
DOI:10.1016/j.egypro.2016.10.115,DOI:10.1016/j.rser.2021.111557,3
DOI:10.1016/j.egypro.2016.10.115,DOI:10.1007/s11027-019-9847-y,3
DOI:10.1016/j.rser.2021.111557,DOI:10.1109/access.2022.3221155,3
DOI:10.1016/j.rser.2021.111557,DOI:10.3390/en14082103,3
DOI:10.1002/pip.3659,DOI:10.1016/j.ijhydene.2023.08.170,3
DOI:10.1002/pip.3659,DOI:10.3390/en10101468,3
DOI:10.1016/j.ijhydene.2023.08.170,DOI:10.3390/en10101468,3
DOI:10.1016/j.ijhydene.2023.08.170,DOI:10.3390/en14082103,3
DOI:10.1016/j.ijhydene.2023.08.170,DOI:10.3390/en14206594,3
DOI:10.1016/j.ijhydene.2023.08.170,DOI:10.1016/j.joule.2023.06.016,3
DOI:10.1016/j.ijhydene.2023.08.170,DOI:10.1016/j.rser.2025.115371,3
DOI:10.1016/j.ijhydene.2023.08.170,DOI:10.1016/j.rser.2025.115383,3
DOI:10.1016/j.ijhydene.2023.08.170,DOI:10.1038/nenergy.2017.140,3
DOI:10.1016/j.ijhydene.2023.08.170,DOI:10.1109/access.2022.3221155,3
DOI:10.3390/en10101468,DOI:10.3390/en14082103,3
DOI:10.3390/en10101468,DOI:10.1038/s41467-020-20015-4,3
DOI:10.3390/en10101468,DOI:10.1109/access.2022.3221155,3
DOI:10.3390/en14082103,DOI:10.3390/en14206594,3
DOI:10.3390/en14082103,DOI:10.1109/access.2022.3221155,3
DOI:10.1016/j.energy.2019.03.092,DOI:10.1007/978-1-4939-2493-6_1071-1,3
DOI:10.1016/j.renene.2014.02.038,DOI:10.1016/j.rser.2015.04.051,3
DOI:10.1007/978-3-319-67855-9_1,DOI:10.1016/j.erss.2018.10.018,3
"BOND S., 2013, ACCOUNTING FOR UNOBSERVED HETEROGENEITY IN PANEL TIME SERIES MODELS, V1, P1",DOI:10.1002/ijfe.2073,3
"BOND S., 2013, ACCOUNTING FOR UNOBSERVED HETEROGENEITY IN PANEL TIME SERIES MODELS, V1, P1",DOI:10.1080/00036846.2018.1558359,3
DOI:10.1002/ijfe.2073,DOI:10.1111/twec.12898,3
DOI:10.1002/ijfe.2073,DOI:10.1007/s11356-020-10701-7,3
DOI:10.1002/ijfe.2073,DOI:10.1007/s40974-020-00185-z,4
DOI:10.1016/j.renene.2018.10.052,DOI:10.1111/twec.12898,3
DOI:10.1111/twec.12898,DOI:10.1007/s11356-020-10701-7,3
DOI:10.1016/j.exis.2023.101284,DOI:10.1142/s0217590823440034,3
DOI:10.1007/s11356-020-08642-2,DOI:10.1016/j.resourpol.2022.103142,4
DOI:10.1007/s13762-024-05456-4,DOI:10.1016/s0921-8009(03)00188-5,3
DOI:10.1002/bse.3269,DOI:10.1007/s11356-022-20919-2,3
DOI:10.1002/bse.3269,DOI:10.1016/j.heliyon.2023.e13049,3
DOI:10.1002/bse.3269,DOI:10.1016/j.heliyon.2023.e14155,3
DOI:10.1002/bse.3269,DOI:10.1016/j.renene.2022.04.150,3
DOI:10.1016/j.renene.2022.04.150,DOI:10.1007/s11356-022-20919-2,3
DOI:10.1016/j.renene.2022.04.150,DOI:10.1016/j.heliyon.2023.e13049,3
DOI:10.1016/j.renene.2022.04.150,DOI:10.1016/j.heliyon.2023.e14155,3
DOI:10.1016/j.joule.2023.06.016,DOI:10.1016/j.rser.2025.115371,3
DOI:10.1016/j.joule.2023.06.016,DOI:10.1016/j.rser.2025.115383,3
DOI:10.1016/j.joule.2023.06.016,DOI:10.1038/nenergy.2017.140,3
DOI:10.1016/j.joule.2023.06.016,DOI:10.1109/access.2022.3221155,3
DOI:10.1016/j.rser.2025.115371,DOI:10.1016/j.rser.2025.115383,3
DOI:10.1016/j.rser.2025.115371,DOI:10.1038/nenergy.2017.140,3
DOI:10.1016/j.rser.2025.115371,DOI:10.1109/access.2022.3221155,3
DOI:10.1016/j.rser.2025.115383,DOI:10.1038/nenergy.2017.140,3
DOI:10.1016/j.rser.2025.115383,DOI:10.1109/access.2022.3221155,3
DOI:10.1038/nenergy.2017.140,DOI:10.1109/access.2022.3221155,3
DOI:10.1038/s41467-020-20015-4,DOI:10.1109/access.2022.3221155,3
DOI:10.1007/s11356-020-10701-7,DOI:10.1007/s40974-020-00185-z,3
DOI:10.1016/j.renene.2022.03.005,DOI:10.1016/j.enpol.2020.112041,3
DOI:10.1002/sd.2292,DOI:10.1007/s11356-022-21489-z,3
DOI:10.1007/s11356-019-04296-x,DOI:10.1007/s11356-018-3108-6,3
DOI:10.1007/s11356-019-04296-x,DOI:10.1016/j.tele.2017.01.001,3
DOI:10.1007/s11356-022-20919-2,DOI:10.1016/j.heliyon.2023.e13049,3
DOI:10.1007/s11356-022-20919-2,DOI:10.1016/j.heliyon.2023.e14155,3
DOI:10.1016/j.heliyon.2023.e13049,DOI:10.1016/j.heliyon.2023.e14155,3
DOI:10.1016/j.erss.2024.103482,DOI:10.1108/frep-03-2022-0021,3
DOI:10.1007/s11356-018-3108-6,DOI:10.1016/j.enpol.2013.05.099,3
DOI:10.1007/s11356-018-3108-6,DOI:10.1016/j.tele.2017.01.001,3
