source,target,weight
"BOSTROM NICK., 2014, SUPERINTELLIGENCE: PATHS, DANGERS, STRATEGIES",DOI:10.1007/s11023-020-09539-2,3
"BOSTROM NICK., 2014, SUPERINTELLIGENCE: PATHS, DANGERS, STRATEGIES",DOI:10.1038/s42256-019-0088-2,4
"BOSTROM NICK., 2014, SUPERINTELLIGENCE: PATHS, DANGERS, STRATEGIES",DOI:10.1038/s42256-019-0114-4,4
"BOSTROM NICK., 2014, SUPERINTELLIGENCE: PATHS, DANGERS, STRATEGIES",DOI:10.1098/rsta.2018.0089,2
"BOSTROM NICK., 2014, SUPERINTELLIGENCE: PATHS, DANGERS, STRATEGIES",DOI:10.1145/3442188.3445922,2
"BOSTROM NICK., 2014, SUPERINTELLIGENCE: PATHS, DANGERS, STRATEGIES","RUSSELL S., 2019, HUMAN COMPATIBLE ART",2
"BOSTROM NICK., 2014, SUPERINTELLIGENCE: PATHS, DANGERS, STRATEGIES","WIENER N., 1954, THE HUMAN USE OF HUMAN BEINGS: CYBERNETICS AND SOCIETY",2
"BOSTROM NICK., 2014, SUPERINTELLIGENCE: PATHS, DANGERS, STRATEGIES",DOI:10.1007/s00146-017-0768-6,2
"BOSTROM NICK., 2014, SUPERINTELLIGENCE: PATHS, DANGERS, STRATEGIES",DOI:10.1007/s10892-017-9252-2,3
"BOSTROM NICK., 2014, SUPERINTELLIGENCE: PATHS, DANGERS, STRATEGIES",DOI:10.1038/548520a,2
"BOSTROM NICK., 2014, SUPERINTELLIGENCE: PATHS, DANGERS, STRATEGIES",DOI:10.1075/nlp.8.11bry,2
"BOSTROM NICK., 2014, SUPERINTELLIGENCE: PATHS, DANGERS, STRATEGIES","NATH R., 2009, PHILOSOPHY OF ARTIFICIAL INTELLIGENCE: A CRITIQUE OF THE MECHANISTIC THEORY OF MIND",2
"BOSTROM NICK., 2014, SUPERINTELLIGENCE: PATHS, DANGERS, STRATEGIES","POWERS TM., 2009, PHILOS NOW MAGAZINE, V72, P15",2
"BOSTROM NICK., 2014, SUPERINTELLIGENCE: PATHS, DANGERS, STRATEGIES","SPIVAK GAYATRICHAKRAVORTY., 1997, GRAMMATOLOGY, PIX",2
"BOSTROM NICK., 2014, SUPERINTELLIGENCE: PATHS, DANGERS, STRATEGIES","ASIMOV ISAAC., 2004, I ROBOT",2
"BOSTROM NICK., 2014, SUPERINTELLIGENCE: PATHS, DANGERS, STRATEGIES","BENJAMIN RUHA., 2019, RACE TECHNOLOGY ABOL",2
"BOSTROM NICK., 2014, SUPERINTELLIGENCE: PATHS, DANGERS, STRATEGIES",DOI:10.1093/acprof:oso/9780190498511.001.0001,4
"BOSTROM NICK., 2014, SUPERINTELLIGENCE: PATHS, DANGERS, STRATEGIES","WINNER L, 1980, DAEDALUS, V109, P121",2
"BOSTROM NICK., 2014, SUPERINTELLIGENCE: PATHS, DANGERS, STRATEGIES",DOI:10.1007/s10676-006-0004-4,2
"BOSTROM NICK., 2014, SUPERINTELLIGENCE: PATHS, DANGERS, STRATEGIES",DOI:10.2759/177365,2
"BOSTROM NICK., 2014, SUPERINTELLIGENCE: PATHS, DANGERS, STRATEGIES",DOI:10.1007/978-3-319-60648-4,4
"BOSTROM NICK., 2014, SUPERINTELLIGENCE: PATHS, DANGERS, STRATEGIES","DOMINGOS PEDRO., 2015, THE MASTER ALGORITHM: HOW THE QUEST FOR THE ULTIMATE LEARNING MACHINE WILL REMAKE OUR WORLD",2
"BOSTROM NICK., 2014, SUPERINTELLIGENCE: PATHS, DANGERS, STRATEGIES","2015, CHOICE, V52, P52, DOI [10.5860/CHOICE.190706, 10.4159/HARVARD.9780674736061]",2
"BOSTROM NICK., 2014, SUPERINTELLIGENCE: PATHS, DANGERS, STRATEGIES","ANDERSON MICHAEL., 2011, MACHINE ETHICS",3
"BOSTROM NICK., 2014, SUPERINTELLIGENCE: PATHS, DANGERS, STRATEGIES","BUOLAMWINI JOY., 2018, C FAIRNESS ACCOUNTAB, V81, P1",2
"BOSTROM NICK., 2014, SUPERINTELLIGENCE: PATHS, DANGERS, STRATEGIES",DOI:10.1007/s11023-018-9482-5,2
"BOSTROM NICK., 2014, SUPERINTELLIGENCE: PATHS, DANGERS, STRATEGIES",DOI:10.1038/s41586-018-0637-6,2
"BOSTROM NICK., 2014, SUPERINTELLIGENCE: PATHS, DANGERS, STRATEGIES",DOI:10.5555/3002861],2
"BOSTROM NICK., 2014, SUPERINTELLIGENCE: PATHS, DANGERS, STRATEGIES","EUBANKS VIRGINIA., 2018, AUTOMATING INEQUALITY: HOW HIGH-TECH TOOLS PROFILE, POLICE, AND PUNISH THE POOR",2
"BOSTROM NICK., 2014, SUPERINTELLIGENCE: PATHS, DANGERS, STRATEGIES",DOI:10.1038/d41586-019-02939-0,2
"BOSTROM NICK., 2014, SUPERINTELLIGENCE: PATHS, DANGERS, STRATEGIES",DOI:10.1080/17530350.2019.1639068,2
"BOSTROM NICK., 2014, SUPERINTELLIGENCE: PATHS, DANGERS, STRATEGIES",DOI:10.2307/j.ctt1pwt9w5.11],2
"BOSTROM NICK., 2014, SUPERINTELLIGENCE: PATHS, DANGERS, STRATEGIES","FEENBERG A., 1991, CRITICAL THEORY OF TECHNOLOGY",2
"BOSTROM NICK., 2014, SUPERINTELLIGENCE: PATHS, DANGERS, STRATEGIES",DOI:10.1007/978-3-030-30371-6,3
"COECKELBERGH MARK., 2022, THE POLITICAL PHILOSOPHY OF AI",DOI:10.1007/s13347-022-00557-9,2
"COECKELBERGH MARK., 2022, THE POLITICAL PHILOSOPHY OF AI",DOI:10.1038/s42256-019-0088-2,2
DOI:10.1007/s00146-021-01267-0,DOI:10.1007/s00146-021-01308-8,2
DOI:10.1007/s00146-021-01267-0,DOI:10.1007/s11023-020-09517-8,2
DOI:10.1007/s00146-021-01267-0,DOI:10.1007/s11023-021-09563-w,2
DOI:10.1007/s00146-021-01267-0,DOI:10.1007/s11948-020-00277-3,2
DOI:10.1007/s00146-021-01267-0,DOI:10.1038/s42256-019-0088-2,4
DOI:10.1007/s00146-021-01267-0,DOI:10.1038/s42256-019-0114-4,2
DOI:10.1007/s00146-021-01267-0,DOI:10.1098/rsta.2018.0089,2
DOI:10.1007/s00146-021-01267-0,DOI:10.1126/science.aax0162,2
DOI:10.1007/s00146-021-01267-0,DOI:10.1145/3287560.3287584,2
DOI:10.1007/s00146-021-01267-0,DOI:10.1007/s00146-021-01256-3,2
DOI:10.1007/s00146-021-01267-0,DOI:10.1007/s11948-019-00165-5,2
DOI:10.1007/s00146-021-01267-0,DOI:10.1016/j.jss.2021.111067,2
DOI:10.1007/s00146-021-01267-0,DOI:10.1080/1369118x.2020.1713842,2
DOI:10.1007/s00146-021-01267-0,DOI:10.1109/ms.2020.2985621,3
DOI:10.1007/s00146-021-01267-0,DOI:10.1109/seaa.2019.00015,2
DOI:10.1007/s00146-021-01267-0,DOI:10.1145/3430368,2
DOI:10.1007/s00146-021-01267-0,DOI:10.54648/eulr2020024,2
DOI:10.1007/s00146-021-01267-0,DOI:10.1007/978-3-030-49392-9_13,2
DOI:10.1007/s00146-021-01308-8,DOI:10.1007/s11023-020-09517-8,5
DOI:10.1007/s00146-021-01308-8,DOI:10.1007/s11023-021-09563-w,4
DOI:10.1007/s00146-021-01308-8,DOI:10.1007/s11948-020-00277-3,2
DOI:10.1007/s00146-021-01308-8,DOI:10.1007/s11948-023-00443-3,2
DOI:10.1007/s00146-021-01308-8,DOI:10.1016/j.ijinfomgt.2021.102433,2
DOI:10.1007/s00146-021-01308-8,DOI:10.1038/s42256-019-0088-2,8
DOI:10.1007/s00146-021-01308-8,DOI:10.1038/s42256-019-0114-4,5
DOI:10.1007/s00146-021-01308-8,DOI:10.1038/s42256-022-00449-9,2
DOI:10.1007/s00146-021-01308-8,DOI:10.1098/rsta.2018.0089,2
DOI:10.1007/s00146-021-01308-8,DOI:10.1177/2053951720942541,3
DOI:10.1007/s00146-021-01308-8,"MEHRABI N, 2021, ACM COMPUT SURV, V54, DOI [10.1145/3457607, 10.1186/S12889-022-13256-Z]",2
DOI:10.1007/s00146-021-01308-8,DOI:10.1109/ssci47803.2020.9308437,2
DOI:10.1007/s00146-021-01308-8,DOI:10.1126/science.aat5991,2
DOI:10.1007/s00146-021-01308-8,DOI:10.1007/s43681-022-00209-w],2
DOI:10.1007/s00146-021-01308-8,DOI:10.1007/s43681-023-00258-9,2
DOI:10.1007/s00146-021-01308-8,DOI:10.1016/j.patter.2021.100314,2
DOI:10.1007/s00146-021-01308-8,DOI:10.1108/jices-12-2019-0138,2
DOI:10.1007/s00146-021-01308-8,DOI:10.1145/33066183314289,3
DOI:10.1007/s00146-021-01308-8,"EUBANKS V., 2018, AUTOMATING INEQUALITY: HOW HIGH-TECH TOOLS PROFILE, POLICE, AND PUNISH THE POOR",2
DOI:10.1007/s00146-021-01308-8,DOI:10.1007/s00146-021-01148-6,2
DOI:10.1007/s00146-021-01308-8,DOI:10.1007/s11948-019-00165-5,4
DOI:10.1007/s00146-021-01308-8,DOI:10.1098/rsta.2018.0080,2
DOI:10.1007/s00146-021-01308-8,DOI:10.1145/3419764,2
DOI:10.1007/s00146-021-01308-8,DOI:10.2139/ssrn.3518482],2
DOI:10.1007/s00146-021-01308-8,DOI:10.1007/s11023-018-9482-5,2
DOI:10.1007/s00146-021-01308-8,DOI:10.1007/s13347-019-00354-x,2
DOI:10.1007/s00146-021-01308-8,DOI:10.1098/rsta.2018.0085,2
DOI:10.1007/s00146-021-01308-8,DOI:10.1007/s00146-021-01256-3,2
DOI:10.1007/s00146-021-01308-8,DOI:10.1007/s00146-021-01380-0,2
DOI:10.1007/s00146-021-01308-8,DOI:10.1007/s10551-021-05032-7,2
DOI:10.1007/s00146-021-01308-8,DOI:10.1007/s10676-021-09619-6,2
DOI:10.1007/s00146-021-01308-8,"HUANG CHANGWU, 2023, IEEE TRANSACTIONS ON ARTIFICIAL INTELLIGENCE, P799, DOI [10.1109/TAI.2022.3194503, 10.1109/TAI.2022.3194503]",2
DOI:10.1007/s10551-022-05049-6,DOI:10.1038/s42256-019-0088-2,2
DOI:10.1007/s10551-022-05049-6,DOI:10.1038/s42256-019-0114-4,2
DOI:10.1007/s10676-017-9430-8,DOI:10.1007/s11023-020-09517-8,3
DOI:10.1007/s10676-017-9430-8,DOI:10.1007/s11948-020-00277-3,2
DOI:10.1007/s10676-017-9430-8,DOI:10.1007/s43681-020-00008-1],2
DOI:10.1007/s10676-017-9430-8,DOI:10.1038/s42256-019-0088-2,5
DOI:10.1007/s10676-017-9430-8,DOI:10.1038/s42256-019-0114-4,2
DOI:10.1007/s10676-017-9430-8,DOI:10.4159/9780674042582,2
DOI:10.1007/s10676-017-9430-8,DOI:10.1007/s10551-018-3921-3,2
DOI:10.1007/s10676-017-9430-8,DOI:10.1080/1369118x.2020.1713842,2
DOI:10.1007/s11023-020-09517-8,DOI:10.1007/s11023-020-09539-2,3
DOI:10.1007/s11023-020-09517-8,DOI:10.1007/s11023-021-09563-w,10
DOI:10.1007/s11023-020-09517-8,DOI:10.1007/s11948-020-00277-3,6
DOI:10.1007/s11023-020-09517-8,DOI:10.1007/s13347-018-0330-6,3
DOI:10.1007/s11023-020-09517-8,DOI:10.1007/s13347-022-00557-9,3
DOI:10.1007/s11023-020-09517-8,DOI:10.1007/s43681-020-00008-1],6
DOI:10.1007/s11023-020-09517-8,DOI:10.1007/s43681-021-00080-1,2
DOI:10.1007/s11023-020-09517-8,DOI:10.1007/s43681-021-00084-x],5
DOI:10.1007/s11023-020-09517-8,DOI:10.1016/j.ijinfomgt.2021.102433,2
DOI:10.1007/s11023-020-09517-8,DOI:10.1038/s42256-019-0088-2,51
DOI:10.1007/s11023-020-09517-8,DOI:10.1038/s42256-019-0114-4,27
DOI:10.1007/s11023-020-09517-8,DOI:10.1038/s42256-022-00449-9,2
DOI:10.1007/s11023-020-09517-8,DOI:10.1080/01900692.2018.1498103,2
DOI:10.1007/s11023-020-09517-8,DOI:10.1098/rsta.2018.0089,4
DOI:10.1007/s11023-020-09517-8,DOI:10.1108/jices-12-2020-0125,2
DOI:10.1007/s11023-020-09517-8,DOI:10.1145/3442188.3445922,5
DOI:10.1007/s11023-020-09517-8,DOI:10.1177/2053951720942541,12
DOI:10.1007/s11023-020-09517-8,DOI:10.2307/j.ctvkjb25m,3
DOI:10.1007/s11023-020-09517-8,DOI:10.4159/9780674042582,3
DOI:10.1007/s11023-020-09517-8,"HARDT M, 2016, ADV NEUR IN, V29",2
DOI:10.1007/s11023-020-09517-8,"MEHRABI N, 2021, ACM COMPUT SURV, V54, DOI [10.1145/3457607, 10.1186/S12889-022-13256-Z]",4
DOI:10.1007/s11023-020-09517-8,"COHEN IG, 2020, GEORGETOWN LAW J, V108, P1425",2
DOI:10.1007/s11023-020-09517-8,DOI:10.1007/s10676-004-3422-1,2
DOI:10.1007/s11023-020-09517-8,DOI:10.1007/s43681-022-00209-w],6
DOI:10.1007/s11023-020-09517-8,DOI:10.1038/s42256-019-0048-x,2
DOI:10.1007/s11023-020-09517-8,DOI:10.1093/jcr/ucz013,2
DOI:10.1007/s11023-020-09517-8,DOI:10.1126/science.aax2342,8
DOI:10.1007/s11023-020-09517-8,DOI:10.1145/3233231,2
DOI:10.1007/s11023-020-09517-8,DOI:10.1162/99608f92.8cd550d1,5
DOI:10.1007/s11023-020-09517-8,DOI:10.5555/3002861],5
DOI:10.1007/s11023-020-09517-8,DOI:10.1002/9781119815075.ch45,3
DOI:10.1007/s11023-020-09517-8,DOI:10.1007/s00146-023-01635-y,2
DOI:10.1007/s11023-020-09517-8,DOI:10.1007/s10892-017-9252-2,2
DOI:10.1007/s11023-020-09517-8,DOI:10.1007/s11192-009-0146-3,2
DOI:10.1007/s11023-020-09517-8,DOI:10.1098/rsta.2016.0360,5
DOI:10.1007/s11023-020-09517-8,DOI:10.1098/rsta.2018.0081,4
DOI:10.1007/s11023-020-09517-8,"CHAN KAI SIANG, 2019, JMIR MED EDUC, V5, PE13930, DOI [10.2196/13930, 10.2196/13930]",2
DOI:10.1007/s11023-020-09517-8,DOI:10.1007/s00330-018-5601-1,3
DOI:10.1007/s11023-020-09517-8,DOI:10.1016/j.socscimed.2020.113172,3
DOI:10.1007/s11023-020-09517-8,DOI:10.1038/s41591-018-0272-7,2
DOI:10.1007/s11023-020-09517-8,DOI:10.1038/s41591-018-0300-7,4
DOI:10.1007/s11023-020-09517-8,DOI:10.1038/s41746-018-0061-1,3
DOI:10.1007/s11023-020-09517-8,DOI:10.1038/s41746-020-0288-5,3
DOI:10.1007/s11023-020-09517-8,DOI:10.1111/medu.14131,2
DOI:10.1007/s11023-020-09517-8,DOI:10.1136/svn-2017-000101,3
DOI:10.1007/s11023-020-09517-8,"STEPHENSON W., 1953, STUDY BEHAV Q TECHNI",2
DOI:10.1007/s11023-020-09517-8,"BEAUCHAMP TL., 2013, PRINCIPLES BIOMEDICA, VSEVENTH",2
DOI:10.1007/s11023-020-09517-8,"BODDINGTON P., 2017, CODE ETHICS ARTIFICI",2
DOI:10.1007/s11023-020-09517-8,DOI:10.1007/s11023-018-9482-5,17
DOI:10.1007/s11023-020-09517-8,DOI:10.1007/s11948-019-00165-5,17
DOI:10.1007/s11023-020-09517-8,DOI:10.1038/s42256-021-00298-y,2
DOI:10.1007/s11023-020-09517-8,DOI:10.1098/rsta.2016.0112,3
DOI:10.1007/s11023-020-09517-8,DOI:10.1145/3236024.3264833,8
DOI:10.1007/s11023-020-09517-8,DOI:10.1145/3430368,4
DOI:10.1007/s11023-020-09517-8,"[ANONYMOUS], 2018, ACM CODE OF ETHICS AND PROFESSIONAL CONDUCT",2
DOI:10.1007/s11023-020-09517-8,"DE LAAT PAUL B, 2021, PHILOS TECHNOL, V34, P1135, DOI [10.1007/S13347-021-00474-3, 10.1007/S13347-021-00474-3]",2
DOI:10.1007/s11023-020-09517-8,DOI:10.1007/s11948-011-9343-6,2
DOI:10.1007/s11023-020-09517-8,DOI:10.1007/s13347-020-00405-8],2
DOI:10.1007/s11023-020-09517-8,DOI:10.1007/s13347-022-00507-5,3
DOI:10.1007/s11023-020-09517-8,DOI:10.1007/s40593-021-00248-0,2
DOI:10.1007/s11023-020-09517-8,DOI:10.1007/s43681-021-00043-6],2
DOI:10.1007/s11023-020-09517-8,DOI:10.1016/j.jss.2021.111067,2
DOI:10.1007/s11023-020-09517-8,DOI:10.1038/s42256-020-0214-1,2
DOI:10.1007/s11023-020-09517-8,DOI:10.1109/mts.2021.3056286,3
DOI:10.1007/s11023-020-09517-8,DOI:10.1145/3313831.3376445,3
DOI:10.1007/s11023-020-09517-8,"EUROPEAN COMMISSION, 2019, ETHICS GUIDELINES TR",2
DOI:10.1007/s11023-020-09517-8,"HAO KAREN., 2019, MIT TECHNOLOGY REVIEW",2
DOI:10.1007/s11023-020-09517-8,DOI:10.1007/978-3-030-30371-6_1,2
DOI:10.1007/s11023-020-09517-8,DOI:10.1016/j.telpol.2020.101937,2
DOI:10.1007/s11023-020-09517-8,DOI:10.1080/09505431.2021.1990875,2
DOI:10.1007/s11023-020-09517-8,DOI:10.1109/ms.2020.2985621,3
DOI:10.1007/s11023-020-09517-8,"GREENE D, 2019, PROCEEDINGS OF THE 52ND ANNUAL HAWAII INTERNATIONAL CONFERENCE ON SYSTEM SCIENCES, P2122",9
DOI:10.1007/s11023-020-09517-8,DOI:10.1038/s41586-018-0637-6,3
DOI:10.1007/s11023-020-09517-8,DOI:10.1002/aaai.12062,2
DOI:10.1007/s11023-020-09517-8,DOI:10.1007/s13347-019-00354-x,9
DOI:10.1007/s11023-020-09517-8,DOI:10.1007/s13347-022-00553-z],3
DOI:10.1007/s11023-020-09517-8,DOI:10.1016/j.inffus.2019.12.012,2
DOI:10.1007/s11023-020-09517-8,DOI:10.1038/s42256-020-0186-1,2
DOI:10.1007/s11023-020-09517-8,DOI:10.1109/ssci47803.2020.9308437,2
DOI:10.1007/s11023-020-09517-8,DOI:10.1126/science.aat5991,4
DOI:10.1007/s11023-020-09517-8,DOI:10.1126/scirobotics.aay7120,2
DOI:10.1007/s11023-020-09517-8,DOI:10.1145/33066183314289,13
DOI:10.1007/s11023-020-09517-8,DOI:10.1016/j.chbr.2020.100014,2
DOI:10.1007/s11023-020-09517-8,DOI:10.1016/j.techfore.2016.08.019,2
DOI:10.1007/s11023-020-09517-8,DOI:10.2139/ssrn.3518482],14
DOI:10.1007/s11023-020-09517-8,"BEAUCHAMP T. L., 2019, PRINCIPLES OF BIOMEDICAL ETHICS, V8TH",2
DOI:10.1007/s11023-020-09517-8,"BELLAMY R.K.E., 2018, CORR ABS/1810.01943",2
DOI:10.1007/s11023-020-09517-8,"BOSTROM N, 2014, CAMBRIDGE HANDBOOK OF ARTIFICIAL INTELLIGENCE, P316",5
DOI:10.1007/s11023-020-09517-8,"CASTELVECCHI D, 2016, NATURE, V537, P20, DOI [10.1038/538020A, 10.1038/NATURE.2016.20491, 10.1038/538020A]",3
DOI:10.1007/s11023-020-09517-8,DOI:10.1007/s00146-020-01010-1,2
DOI:10.1007/s11023-020-09517-8,DOI:10.1007/s10551-018-3921-3,2
DOI:10.1007/s11023-020-09517-8,DOI:10.1007/s10676-019-09502-5,2
DOI:10.1007/s11023-020-09517-8,DOI:10.1007/s11948-019-00151-x,2
DOI:10.1007/s11023-020-09517-8,DOI:10.1016/j.neucom.2025.131942,4
DOI:10.1007/s11023-020-09517-8,DOI:10.1038/d41586-018-05707-8,3
DOI:10.1007/s11023-020-09517-8,DOI:10.1038/d41586-019-01413-1,2
DOI:10.1007/s11023-020-09517-8,DOI:10.1080/03637751.2017.1375130,2
DOI:10.1007/s11023-020-09517-8,DOI:10.1080/1369118x.2012.678878,2
DOI:10.1007/s11023-020-09517-8,DOI:10.1093/idpl/ipx005,3
DOI:10.1007/s11023-020-09517-8,DOI:10.1098/rsta.2016.0122,2
DOI:10.1007/s11023-020-09517-8,DOI:10.1111/j.1467-9973.1995.tb00553.x,2
DOI:10.1007/s11023-020-09517-8,DOI:10.1177/2053951716679679,7
DOI:10.1007/s11023-020-09517-8,DOI:10.1177/2053951717743530,2
DOI:10.1007/s11023-020-09517-8,DOI:10.1177/2053951719858114,2
DOI:10.1007/s11023-020-09517-8,DOI:10.15779/z38bg31,2
DOI:10.1007/s11023-020-09517-8,DOI:10.1609/aimag.v38i2.2731,2
DOI:10.1007/s11023-020-09517-8,"MINGERS J, 2010, MIS QUART, V34, P833",2
DOI:10.1007/s11023-020-09517-8,"MULLER V.C., 2020, ETHICS OF ARTIFICIAL INTELLIGENCE AND ROBOTICS",2
DOI:10.1007/s11023-020-09517-8,"2015, CHOICE, V52, P52, DOI [10.5860/CHOICE.190706, 10.4159/HARVARD.9780674736061]",4
DOI:10.1007/s11023-020-09517-8,"BERENDT BETTINA, 2019, PALADYN, JOURNAL OF BEHAVIORAL ROBOTICS, V10, P44, DOI [10.1515/PJBR-2019-0004, 10.1515/PJBR-2019-0004]",2
DOI:10.1007/s11023-020-09517-8,"BINNS REUBEN., 2018, PROCEEDINGS OF MACHINE LEARNING RESEARCH, V81, P1~11",2
DOI:10.1007/s11023-020-09517-8,"COECKELBERGH M., 2020, AI ETHICS",2
DOI:10.1007/s11023-020-09517-8,DOI:10.1145/3351095.3372860,7
DOI:10.1007/s11023-020-09517-8,"EUBANKS V., 2018, AUTOMATING INEQUALITY: HOW HIGH-TECH TOOLS PROFILE, POLICE, AND PUNISH THE POOR",2
DOI:10.1007/s11023-020-09517-8,"WASHINGTON A.L., 2018, COLO. TECH. LJ, V17, P131",2
DOI:10.1007/s11023-020-09517-8,"WHITTLESTONE J., 2019, ETHICAL AND SOCIETAL IMPLICATIONS OF ALGORITHMS, DATA, AND ARTIFICIAL INTELLIGENCE: A ROADMAP FOR RESEARCH",3
DOI:10.1007/s11023-020-09517-8,DOI:10.1007/s43681-020-00013-4],3
DOI:10.1007/s11023-020-09517-8,DOI:10.1007/s43681-021-00065-0],2
DOI:10.1007/s11023-020-09517-8,DOI:10.1007/s43681-021-00122-8,2
DOI:10.1007/s11023-020-09517-8,DOI:10.1007/s43681-023-00258-9,3
DOI:10.1007/s11023-020-09517-8,DOI:10.1016/j.patter.2021.100314,2
DOI:10.1007/s11023-020-09517-8,DOI:10.1016/j.patter.2023.100857,4
DOI:10.1007/s11023-020-09517-8,DOI:10.1017/als.2020.19,2
DOI:10.1007/s11023-020-09517-8,DOI:10.1108/jices-12-2019-0138,8
DOI:10.1007/s11023-020-09517-8,DOI:10.1145/3375627.3375804,4
DOI:10.1007/s11023-020-09517-8,DOI:10.1177/02761467241285793,2
DOI:10.1007/s11023-020-09517-8,DOI:10.22503/inftars.xx.2020.4.5,2
DOI:10.1007/s11023-020-09517-8,DOI:10.2307/2025709,2
DOI:10.1007/s11023-020-09517-8,"REES CONNOR, 2022, AI ETHICS, P1, DOI [10.1007/S43681-022-00232-X, 10.1007/S43681-022-00232-X]",2
DOI:10.1007/s11023-020-09517-8,"BEAUCHAMP T.L., 2001, PRINCIPLES OF BIOMEDICAL ETHICS",3
DOI:10.1007/s11023-020-09517-8,DOI:10.1007/s11948-021-00336-3,3
DOI:10.1007/s11023-020-09517-8,DOI:10.1145/3381831,2
DOI:10.1007/s11023-020-09517-8,DOI:10.4159/9780674982109,2
DOI:10.1007/s11023-020-09517-8,"LUCCIONI AS, 2023, J MACH LEARN RES, V24",2
DOI:10.1007/s11023-020-09517-8,DOI:10.1007/s11024-009-9127-1,2
DOI:10.1007/s11023-020-09517-8,DOI:10.11648/j.ajtas.20160501.11,2
DOI:10.1007/s11023-020-09517-8,DOI:10.2307/j.ctvhrd092.18,11
DOI:10.1007/s11023-020-09517-8,"RUSSELL S., 2002, ARTIFICIAL INTELLIGENCE: A MODERN APPROACH",5
DOI:10.1007/s11023-020-09517-8,"TALLACCHINI M, 2015, GENET SOC, P156",2
DOI:10.1007/s11023-020-09517-8,"ANGWIN J., 2016, PROPUBLICA",4
DOI:10.1007/s11023-020-09517-8,DOI:10.1016/j.dss.2020.113302,2
DOI:10.1007/s11023-020-09517-8,DOI:10.1016/j.im.2024.103969,3
DOI:10.1007/s11023-020-09517-8,DOI:10.1145/3097983.3098095,3
DOI:10.1007/s11023-020-09517-8,DOI:10.1145/3465416.3483305,2
DOI:10.1007/s11023-020-09517-8,DOI:10.1145/3530019.3531329,2
DOI:10.1007/s11023-020-09517-8,DOI:10.9785/cri-2019-200402,2
DOI:10.1007/s11023-020-09517-8,"STRUBELL E, 2019, 57TH ANNUAL MEETING OF THE ASSOCIATION FOR COMPUTATIONAL LINGUISTICS (ACL 2019), P3645",2
DOI:10.1007/s11023-020-09517-8,"BORENSTEIN JASON, 2021, AI ETHICS, V1, P61, DOI [10.1007/S43681-020-00002-7, 10.1007/S43681-020-00002-7]",3
DOI:10.1007/s11023-020-09517-8,DOI:10.1007/s00146-021-01168-2,2
DOI:10.1007/s11023-020-09517-8,DOI:10.1007/s40593-021-00239-1,3
DOI:10.1007/s11023-020-09517-8,DOI:10.1080/08838151.2020.1843357,2
DOI:10.1007/s11023-020-09517-8,DOI:10.1145/3313831.3376727,2
DOI:10.1007/s11023-020-09517-8,DOI:10.4018/jdm.2020040105,3
DOI:10.1007/s11023-020-09517-8,"HUANG CHANGWU, 2023, IEEE TRANSACTIONS ON ARTIFICIAL INTELLIGENCE, P799, DOI [10.1109/TAI.2022.3194503, 10.1109/TAI.2022.3194503]",4
DOI:10.1007/s11023-020-09517-8,DOI:10.1098/rsta.2018.0080,3
DOI:10.1007/s11023-020-09517-8,DOI:10.1007/s11948-012-9413-4,2
DOI:10.1007/s11023-020-09517-8,DOI:10.1007/s13347-017-0263-5],4
DOI:10.1007/s11023-020-09517-8,DOI:10.1016/j.clsr.2019.04.007,2
DOI:10.1007/s11023-020-09517-8,DOI:10.1016/j.clsr.2020.105404,3
DOI:10.1007/s11023-020-09517-8,DOI:10.1080/1369118x.2020.1713842,3
DOI:10.1007/s11023-020-09517-8,DOI:10.1098/rsta.2018.0084,2
DOI:10.1007/s11023-020-09517-8,DOI:10.1098/rsta.2018.0085,5
DOI:10.1007/s11023-020-09517-8,DOI:10.1145/3306618.3314289,2
DOI:10.1007/s11023-020-09517-8,DOI:10.1145/3351095.3373152,2
DOI:10.1007/s11023-020-09517-8,DOI:10.1145/3375627.3375828,2
DOI:10.1007/s11023-020-09517-8,DOI:10.1177/1461444816676645,3
DOI:10.1007/s11023-020-09517-8,DOI:10.1007/978-3-030-33742-1_21,3
DOI:10.1007/s11023-020-09517-8,DOI:10.1007/s00146-021-01148-6,4
DOI:10.1007/s11023-020-09517-8,DOI:10.1007/s00146-021-01154-8,2
DOI:10.1007/s11023-020-09517-8,DOI:10.1007/s10551-021-05032-7,3
DOI:10.1007/s11023-020-09517-8,DOI:10.1007/s10551-022-05051-y,2
DOI:10.1007/s11023-020-09517-8,DOI:10.1007/s10676-021-09619-6,3
DOI:10.1007/s11023-020-09517-8,DOI:10.1177/17470161211022790,2
DOI:10.1007/s11023-020-09517-8,DOI:10.1177/2053951716650211,2
DOI:10.1007/s11023-020-09517-8,DOI:10.4018/ijt.20210101.oa2,2
DOI:10.1007/s11023-020-09517-8,DOI:10.7326/m18-0850,3
DOI:10.1007/s11023-020-09517-8,"TIDJON LIONEL NGANYEWOU, 2023, IEEE TRANSACTIONS ON ARTIFICIAL INTELLIGENCE, P820, DOI [10.1109/TAI.2022.3225132, 10.1109/TAI.2022.3225132]",3
DOI:10.1007/s11023-020-09517-8,DOI:10.1007/978-3-030-30371-6,3
DOI:10.1007/s11023-020-09517-8,DOI:10.1145/3287560.3287574,4
DOI:10.1007/s11023-020-09517-8,"FUNG PASCALE, 2023, AI ETHICS, V3, P505, DOI [10.1007/S43681-022-00180-6, 10.1007/S43681-022-00180-6]",2
DOI:10.1007/s11023-020-09517-8,DOI:10.1177/2053951715622512,3
DOI:10.1007/s11023-020-09517-8,DOI:10.1191/1478088706qp063oa,4
DOI:10.1007/s11023-020-09517-8,DOI:10.1109/educon52537.2022.9766818,2
DOI:10.1007/s11023-020-09517-8,DOI:10.1186/s41239-019-0171-0,2
DOI:10.1007/s11023-020-09517-8,DOI:10.2196/46428,2
DOI:10.1007/s11023-020-09517-8,DOI:10.1007/s10551-009-0347-y,2
DOI:10.1007/s11023-020-09517-8,DOI:10.2759/177365,5
DOI:10.1007/s11023-020-09517-8,"[ANONYMOUS], 2018, RESPONSIBLE BOTS: 10 GUIDELINES FOR DEVELOPERS OF CONVERSATIONAL AI",2
DOI:10.1007/s11023-020-09517-8,DOI:10.1007/978-3-319-60648-4,3
DOI:10.1007/s11023-020-09517-8,DOI:10.1007/s10676-018-9450-z,3
DOI:10.1007/s11023-020-09517-8,DOI:10.1007/s43681-020-00011-6],3
DOI:10.1007/s11023-020-09517-8,DOI:10.1007/s00146-020-00992-2,2
DOI:10.1007/s11023-020-09517-8,DOI:10.1007/s00146-022-01578-w,2
DOI:10.1007/s11023-020-09517-8,DOI:10.1007/s13347-020-00402-x],3
DOI:10.1007/s11023-020-09517-8,"FUNG PASCALE, 2021, [NO TITLE CAPTURED]",2
DOI:10.1007/s11023-020-09517-8,"LASKAI LORAND, 2019, CHINESE EXPERT GROUP OFFERS 'GOVERNANCE PRINCIPLES' FOR 'RESPONSIBLE AI'",2
DOI:10.1007/s11023-020-09517-8,DOI:10.1007/s00146-022-01602-z,2
DOI:10.1007/s11023-020-09517-8,DOI:10.1007/s13347-021-00450-x,2
DOI:10.1007/s11023-020-09517-8,"DELVAUX M., 2017, GLOBALCIT COUNTRY REPORT NO. 2017/11",2
DOI:10.1007/s11023-020-09517-8,"JORDAN S.R., 2019, DESIGNING AN ARTIFICIAL INTELLIGENCE RESEARCH REVIEW COMMITTEE",2
DOI:10.1007/s11023-020-09517-8,"[ANONYMOUS], 2016, ETHICALLY ALIGNED DESIGN: A VISION FOR PRIORITIZING HUMAN WELL -BEING WITH AUTONOMOUS AND INTELLIGENT SYSTEMS",2
DOI:10.1007/s11023-020-09517-8,"AKGUN SELIN, 2022, AI ETHICS, V2, P431, DOI [10.1007/S43681-021-00096-7, 10.1007/S43681-021-00096-7]",2
DOI:10.1007/s11023-020-09517-8,DOI:10.1001/jama.2019.18058,2
DOI:10.1007/s11023-020-09517-8,DOI:10.1007/s10459-021-10040-3,2
DOI:10.1007/s11023-020-09517-8,DOI:10.1007/s12525-020-00441-4,2
DOI:10.1007/s11023-020-09517-8,DOI:10.1038/nature21056,2
DOI:10.1007/s11023-020-09517-8,DOI:10.1038/s41746-020-0294-7,2
DOI:10.1007/s11023-020-09517-8,DOI:10.1097/acm.0000000000004291,2
DOI:10.1007/s11023-020-09517-8,DOI:10.1101/2021.01.14.21249830,2
DOI:10.1007/s11023-020-09517-8,DOI:10.1136/bmjqs-2018-008370,2
DOI:10.1007/s11023-020-09517-8,DOI:10.1162/99608f92.92fe150c,3
DOI:10.1007/s11023-020-09517-8,DOI:10.1177/0008125619864925,4
DOI:10.1007/s11023-020-09517-8,DOI:10.1177/23821205211036836,2
DOI:10.1007/s11023-020-09517-8,DOI:10.1186/s12909-022-03852-3,2
DOI:10.1007/s11023-020-09517-8,DOI:10.1371/journal.pdig.0000198,2
DOI:10.1007/s11023-020-09517-8,DOI:10.2139/ssrn.3403301],3
DOI:10.1007/s11023-020-09517-8,DOI:10.2196/45312,2
DOI:10.1007/s11023-020-09517-8,DOI:10.2196/46885,2
DOI:10.1007/s11023-020-09517-8,DOI:10.2196/48163,2
DOI:10.1007/s11023-020-09517-8,DOI:10.3390/app12094130,3
DOI:10.1007/s11023-020-09517-8,DOI:10.4103/jfmpc.jfmpc_440_19,2
DOI:10.1007/s11023-020-09517-8,DOI:10.48550/arxiv.2109.02866],2
DOI:10.1007/s11023-020-09517-8,DOI:10.5334/pme.954,2
DOI:10.1007/s11023-020-09517-8,"HAMET P, 2017, METABOLISM, V69, PS36, DOI [10.26738/MJEM.2017/MJEM26.2018/PLH.CRE.041017, 10.1016/J.METABOL.2017.01.011]",2
DOI:10.1007/s11023-020-09517-8,"PARANJAPE KETAN, 2019, JMIR MED EDUC, V5, PE16048, DOI [10.2196/16048, 10.2196/16048]",2
DOI:10.1007/s11023-020-09517-8,"PEI WANG, 2019, JOURNAL OF ARTIFICIAL GENERAL INTELLIGENCE, V10, P1, DOI [10.2478/JAGI-2019-0002, 10.2478/JAGI-2019-0002]",2
DOI:10.1007/s11023-020-09517-8,"WARTMAN STEVEN A, 2019, AMA J ETHICS, V21, PE146, DOI [10.1001/AMAJETHICS.2019.146, 10.1001/AMAJETHICS.2019.146]",2
DOI:10.1007/s11023-020-09517-8,"[ANONYMOUS], 2019, ETHICS GUIDELINES FOR TRUSTWORTHY AL",3
DOI:10.1007/s11023-020-09517-8,"DASTIN JEREY., 2018, REUTERS",2
DOI:10.1007/s11023-020-09517-8,DOI:10.1016/j.futures.2021.102884,2
DOI:10.1007/s11023-020-09517-8,DOI:10.1016/j.jbusres.2022.01.083,2
DOI:10.1007/s11023-020-09517-8,DOI:10.1109/istas48451.2019.8937920,2
DOI:10.1007/s11023-020-09517-8,DOI:10.1007/s00146-020-00965-5,2
DOI:10.1007/s11023-020-09517-8,DOI:10.1007/s43681-022-00171-7,2
DOI:10.1007/s11023-020-09517-8,DOI:10.1016/j.jsis.2024.101885,2
DOI:10.1007/s11023-020-09517-8,DOI:10.1016/j.techsoc.2024.102527,2
DOI:10.1007/s11023-020-09517-8,DOI:10.1109/tcss.2023.3251729,2
DOI:10.1007/s11023-020-09517-8,DOI:10.1145/3419764,2
DOI:10.1007/s11023-020-09517-8,DOI:10.48550/arxiv.1906.05684],2
DOI:10.1007/s11023-020-09517-8,"VAN MAANEN GIJS, 2022, DIGIT SOC, V1, P9, DOI [10.1007/S44206-022-00013-3, 10.1007/S44206-022-00013-3]",2
DOI:10.1007/s11023-020-09517-8,"BENJAMIN RUHA., 2019, RACE TECHNOLOGY ABOL",2
DOI:10.1007/s11023-020-09517-8,DOI:10.1109/jproc.2019.2900622,2
DOI:10.1007/s11023-020-09517-8,DOI:10.1177/0268580900015002005,2
DOI:10.1007/s11023-020-09517-8,DOI:10.1007/s00146-018-0871-3,2
DOI:10.1007/s11023-020-09517-8,DOI:10.1007/s00146-022-01545-5,2
DOI:10.1007/s11023-020-09517-8,DOI:10.1007/s10551-021-04843-y,2
DOI:10.1007/s11023-020-09517-8,DOI:10.3390/ai4020019,2
DOI:10.1007/s11023-020-09517-8,DOI:10.3390/app12125826,2
DOI:10.1007/s11023-020-09517-8,DOI:10.1007/s11948-020-00213-5,2
DOI:10.1007/s11023-020-09517-8,DOI:10.1007/s12599-023-00787-x,2
DOI:10.1007/s11023-020-09517-8,DOI:10.3390/ai4010003,2
DOI:10.1007/s11023-020-09517-8,DOI:10.7551/mitpress/12549.001.0001,4
DOI:10.1007/s11023-020-09517-8,DOI:10.1016/j.clsr.2021.105597,2
DOI:10.1007/s11023-020-09517-8,DOI:10.1016/j.clsr.2021.105567,2
DOI:10.1007/s11023-020-09517-8,"EUBANKS VIRGINIA., 2018, AUTOMATING INEQUALITY: HOW HIGH-TECH TOOLS PROFILE, POLICE, AND PUNISH THE POOR",2
DOI:10.1007/s11023-020-09517-8,DOI:10.1001/jama.2013.281053,2
DOI:10.1007/s11023-020-09517-8,DOI:10.1016/b0-08-043076-7/04195-4],2
DOI:10.1007/s11023-020-09517-8,DOI:10.1111/j.1475-6773.2010.01140.x,2
DOI:10.1007/s11023-020-09517-8,DOI:10.2307/j.ctv1ghv45t,2
DOI:10.1007/s11023-020-09517-8,DOI:10.1109/access.2018.2870052,3
DOI:10.1007/s11023-020-09517-8,"FANTA A, 2019, ALGORITHMWATCH",2
DOI:10.1007/s11023-020-09517-8,DOI:10.2307/258788,3
DOI:10.1007/s11023-020-09517-8,DOI:10.1109/msp.2018.2701164,2
DOI:10.1007/s11023-020-09517-8,DOI:10.1007/s11948-016-9759-0,2
DOI:10.1007/s11023-020-09517-8,DOI:10.1016/j.jbusres.2020.08.024,2
DOI:10.1007/s11023-020-09517-8,"GILLIGAN C., 1993, DIFFERENT VOICE PSYC",2
DOI:10.1007/s11023-020-09517-8,"NOBLE SU, 2018, ALGORITHMS OF OPPRESSION, P1",2
DOI:10.1007/s11023-020-09517-8,"TAYLOR C., 1989, SOURCES SELF MAKING",2
DOI:10.1007/s11023-020-09517-8,DOI:10.1111/ropr.12555,2
DOI:10.1007/s11023-020-09517-8,DOI:10.1177/2053951719860542,2
DOI:10.1007/s11023-020-09517-8,DOI:10.1038/s41467-019-14108-y,2
DOI:10.1007/s11023-020-09539-2,DOI:10.1007/s11948-023-00443-3,2
DOI:10.1007/s11023-020-09539-2,DOI:10.1038/s42256-019-0088-2,2
DOI:10.1007/s11023-020-09539-2,DOI:10.1038/s42256-019-0114-4,2
DOI:10.1007/s11023-020-09539-2,DOI:10.1145/3442188.3445922,2
DOI:10.1007/s11023-020-09539-2,"AKGUN SELIN, 2022, AI ETHICS, V2, P431, DOI [10.1007/S43681-021-00096-7, 10.1007/S43681-021-00096-7]",2
DOI:10.1007/s11023-020-09539-2,DOI:10.1177/1525822x05279903,2
DOI:10.1007/s11023-020-09539-2,"PEI WANG, 2019, JOURNAL OF ARTIFICIAL GENERAL INTELLIGENCE, V10, P1, DOI [10.2478/JAGI-2019-0002, 10.2478/JAGI-2019-0002]",2
DOI:10.1007/s11023-020-09539-2,DOI:10.1162/99608f92.92fe150c,2
DOI:10.1007/s11023-021-09563-w,DOI:10.1007/s11948-020-00277-3,3
DOI:10.1007/s11023-021-09563-w,DOI:10.1007/s13347-017-0279-x],2
DOI:10.1007/s11023-021-09563-w,DOI:10.1007/s13347-022-00557-9,4
DOI:10.1007/s11023-021-09563-w,DOI:10.1007/s43681-020-00008-1],2
DOI:10.1007/s11023-021-09563-w,DOI:10.1007/s43681-021-00084-x],3
DOI:10.1007/s11023-021-09563-w,DOI:10.1016/j.ijinfomgt.2021.102433,2
DOI:10.1007/s11023-021-09563-w,DOI:10.1038/s42256-019-0088-2,13
DOI:10.1007/s11023-021-09563-w,DOI:10.1038/s42256-019-0114-4,13
DOI:10.1007/s11023-021-09563-w,DOI:10.1080/03080188.2020.1840225,2
DOI:10.1007/s11023-021-09563-w,DOI:10.1089/big.2016.0047,2
DOI:10.1007/s11023-021-09563-w,DOI:10.1098/rsta.2018.0089,4
DOI:10.1007/s11023-021-09563-w,DOI:10.1145/3442188.3445922,2
DOI:10.1007/s11023-021-09563-w,DOI:10.1146/annurev-statistics-042720-125902,2
DOI:10.1007/s11023-021-09563-w,DOI:10.1177/2053951720942541,5
DOI:10.1007/s11023-021-09563-w,DOI:10.2307/20439056,2
DOI:10.1007/s11023-021-09563-w,"ZUBOFF S, 2019, THE AGE SURVEILLANCE",2
DOI:10.1007/s11023-021-09563-w,DOI:10.1007/s11948-019-00165-5,8
DOI:10.1007/s11023-021-09563-w,DOI:10.1080/09505431.2021.1990875,2
DOI:10.1007/s11023-021-09563-w,DOI:10.1109/ms.2020.2985621,2
DOI:10.1007/s11023-021-09563-w,DOI:10.1145/3430368,3
DOI:10.1007/s11023-021-09563-w,"GREENE D, 2019, PROCEEDINGS OF THE 52ND ANNUAL HAWAII INTERNATIONAL CONFERENCE ON SYSTEM SCIENCES, P2122",4
DOI:10.1007/s11023-021-09563-w,DOI:10.1007/s43681-020-00013-4],4
DOI:10.1007/s11023-021-09563-w,DOI:10.1007/s43681-021-00122-8,3
DOI:10.1007/s11023-021-09563-w,DOI:10.1007/s43681-022-00209-w],3
DOI:10.1007/s11023-021-09563-w,DOI:10.1007/s43681-023-00258-9,2
DOI:10.1007/s11023-021-09563-w,DOI:10.1016/j.patter.2021.100314,2
DOI:10.1007/s11023-021-09563-w,DOI:10.1016/j.patter.2023.100857,2
DOI:10.1007/s11023-021-09563-w,DOI:10.1145/3236024.3264833,3
DOI:10.1007/s11023-021-09563-w,DOI:10.1145/33066183314289,6
DOI:10.1007/s11023-021-09563-w,DOI:10.1145/3351095.3372860,4
DOI:10.1007/s11023-021-09563-w,DOI:10.1145/3375627.3375804,2
DOI:10.1007/s11023-021-09563-w,DOI:10.1177/02761467241285793,2
DOI:10.1007/s11023-021-09563-w,DOI:10.1515/9780691249643,2
DOI:10.1007/s11023-021-09563-w,"EUBANKS V., 2018, AUTOMATING INEQUALITY: HOW HIGH-TECH TOOLS PROFILE, POLICE, AND PUNISH THE POOR",2
DOI:10.1007/s11023-021-09563-w,"BORENSTEIN JASON, 2021, AI ETHICS, V1, P61, DOI [10.1007/S43681-020-00002-7, 10.1007/S43681-020-00002-7]",2
DOI:10.1007/s11023-021-09563-w,DOI:10.1007/978-3-031-04826-5_22,2
DOI:10.1007/s11023-021-09563-w,DOI:10.1007/s11023-018-9482-5,6
DOI:10.1007/s11023-021-09563-w,DOI:10.1007/s13347-019-00354-x,7
DOI:10.1007/s11023-021-09563-w,DOI:10.1007/s13347-022-00553-z],2
DOI:10.1007/s11023-021-09563-w,DOI:10.1145/3313831.3376727,2
DOI:10.1007/s11023-021-09563-w,DOI:10.1145/3330794,2
DOI:10.1007/s11023-021-09563-w,DOI:10.1145/3351095.3372873,2
DOI:10.1007/s11023-021-09563-w,DOI:10.1145/3375627.3375868,2
DOI:10.1007/s11023-021-09563-w,DOI:10.1145/3442188.3445914,2
DOI:10.1007/s11023-021-09563-w,DOI:10.1145/3530019.3531329,2
DOI:10.1007/s11023-021-09563-w,DOI:10.1145/3626234,2
DOI:10.1007/s11023-021-09563-w,DOI:10.2139/ssrn.3518482],5
DOI:10.1007/s11023-021-09563-w,DOI:10.3390/su13073718,2
DOI:10.1007/s11023-021-09563-w,DOI:10.5555/3447307.3447313,2
DOI:10.1007/s11023-021-09563-w,"JAVED RT, 2022, J ARTIF INTELL RES, V73, P933",2
DOI:10.1007/s11023-021-09563-w,"LUNDBERG SM, 2017, ADV NEUR IN, V30",2
DOI:10.1007/s11023-021-09563-w,"SOUTHWORTH JANE, TRANSFORMING HIGHER, V4",2
DOI:10.1007/s11023-021-09563-w,DOI:10.1007/978-3-030-33742-1_21,3
DOI:10.1007/s11023-021-09563-w,DOI:10.1007/s11023-021-09557-8,2
DOI:10.1007/s11023-021-09563-w,DOI:10.1007/s13347-017-0263-5],2
DOI:10.1007/s11023-021-09563-w,DOI:10.1162/99608f92.8cd550d1,2
DOI:10.1007/s11023-021-09563-w,DOI:10.1016/j.jfineco.2021.05.047,2
DOI:10.1007/s11023-021-09563-w,DOI:10.1126/science.aax2342,4
DOI:10.1007/s11023-021-09563-w,DOI:10.3390/ai4010003,2
DOI:10.1007/s11023-021-09563-w,DOI:10.7326/m18-0850,2
DOI:10.1007/s11023-021-09563-w,DOI:10.1007/978-3-030-30371-6,2
DOI:10.1007/s11023-021-09563-w,DOI:10.1007/s00146-021-01148-6,3
DOI:10.1007/s11023-021-09563-w,DOI:10.1016/j.inffus.2019.12.012,2
DOI:10.1007/s11023-021-09563-w,DOI:10.1145/3287560.3287596,2
DOI:10.1007/s11023-021-09563-w,DOI:10.1145/3419764,3
DOI:10.1007/s11023-021-09563-w,DOI:10.1145/3458723,2
DOI:10.1007/s11023-021-09563-w,DOI:10.1191/1478088706qp063oa,2
DOI:10.1007/s11023-021-09563-w,DOI:10.1098/rsta.2018.0084,2
DOI:10.1007/s11023-021-09563-w,DOI:10.1145/3233231,2
DOI:10.1007/s11023-021-09563-w,DOI:10.1145/3616865,2
DOI:10.1007/s11023-021-09563-w,DOI:10.1147/jrd.2019.2942287,2
DOI:10.1007/s11023-021-09563-w,DOI:10.1177/1461444816676645,3
DOI:10.1007/s11023-021-09563-w,DOI:10.1177/2053951715622512,2
DOI:10.1007/s11023-021-09563-w,DOI:10.1007/s11948-021-00336-3,2
DOI:10.1007/s11023-021-09563-w,DOI:10.1016/j.clsr.2020.105404,2
DOI:10.1007/s11023-021-09563-w,DOI:10.1080/1369118x.2020.1713842,2
DOI:10.1007/s11023-021-09563-w,DOI:10.1098/rsta.2018.0085,3
DOI:10.1007/s11023-021-09563-w,DOI:10.1177/2053951716679679,3
DOI:10.1007/s11023-021-09563-w,DOI:10.4018/ijt.20210101.oa2,2
DOI:10.1007/s11023-021-09563-w,"TIDJON LIONEL NGANYEWOU, 2023, IEEE TRANSACTIONS ON ARTIFICIAL INTELLIGENCE, P820, DOI [10.1109/TAI.2022.3225132, 10.1109/TAI.2022.3225132]",2
DOI:10.1007/s11023-021-09563-w,DOI:10.1007/s13347-021-00450-x,2
DOI:10.1007/s11023-021-09563-w,DOI:10.1111/j.1468-0386.2008.00447.x,2
DOI:10.1007/s11023-021-09563-w,DOI:10.2307/j.ctvhrd092.18,2
DOI:10.1007/s11023-021-09563-w,DOI:10.1145/3287560.3287574,2
DOI:10.1007/s11023-021-09563-w,"HUANG CHANGWU, 2023, IEEE TRANSACTIONS ON ARTIFICIAL INTELLIGENCE, P799, DOI [10.1109/TAI.2022.3194503, 10.1109/TAI.2022.3194503]",2
DOI:10.1007/s11948-020-00277-3,DOI:10.1007/s43681-020-00008-1],2
DOI:10.1007/s11948-020-00277-3,DOI:10.1007/s43681-021-00084-x],2
DOI:10.1007/s11948-020-00277-3,DOI:10.1038/s42256-019-0088-2,6
DOI:10.1007/s11948-020-00277-3,DOI:10.1038/s42256-019-0114-4,4
DOI:10.1007/s11948-020-00277-3,DOI:10.1098/rsta.2018.0089,2
DOI:10.1007/s11948-020-00277-3,DOI:10.1145/3442188.3445922,2
DOI:10.1007/s11948-020-00277-3,DOI:10.1177/2053951720942541,3
DOI:10.1007/s11948-020-00277-3,DOI:10.4159/9780674042582,2
DOI:10.1007/s11948-020-00277-3,DOI:10.1007/s11948-019-00165-5,3
DOI:10.1007/s11948-020-00277-3,DOI:10.1007/s13347-019-00354-x,2
DOI:10.1007/s11948-020-00277-3,DOI:10.1126/science.aax2342,2
DOI:10.1007/s11948-020-00277-3,DOI:10.1177/2053951716679679,2
DOI:10.1007/s11948-020-00277-3,DOI:10.2139/ssrn.3518482],2
DOI:10.1007/s11948-020-00277-3,DOI:10.1007/s10676-018-9453-9,2
DOI:10.1007/s11948-020-00277-3,DOI:10.1080/14494035.2020.1855800,2
DOI:10.1007/s11948-020-00277-3,DOI:10.1007/s10551-021-05032-7,2
DOI:10.1007/s11948-020-00277-3,DOI:10.1007/s11948-021-00336-3,2
DOI:10.1007/s11948-020-00277-3,"TIDJON LIONEL NGANYEWOU, 2023, IEEE TRANSACTIONS ON ARTIFICIAL INTELLIGENCE, P820, DOI [10.1109/TAI.2022.3225132, 10.1109/TAI.2022.3225132]",2
DOI:10.1007/s11948-023-00443-3,DOI:10.1038/s42256-019-0088-2,4
DOI:10.1007/s11948-023-00443-3,DOI:10.1038/s42256-019-0114-4,3
DOI:10.1007/s11948-023-00443-3,DOI:10.1093/jmp/15.2.219,2
DOI:10.1007/s11948-023-00443-3,DOI:10.1007/s11948-019-00165-5,2
DOI:10.1007/s11948-023-00443-3,DOI:10.1007/s43681-022-00209-w],2
DOI:10.1007/s13347-017-0279-x],DOI:10.1007/s13347-022-00557-9,2
DOI:10.1007/s13347-017-0279-x],DOI:10.1089/big.2016.0047,2
DOI:10.1007/s13347-017-0279-x],DOI:10.1126/science.aax0162,2
DOI:10.1007/s13347-017-0279-x],DOI:10.1145/3442188.3445922,2
DOI:10.1007/s13347-017-0279-x],DOI:10.1146/annurev-statistics-042720-125902,2
DOI:10.1007/s13347-017-0279-x],DOI:10.2307/20439056,2
DOI:10.1007/s13347-017-0279-x],"ZUBOFF S, 2019, THE AGE SURVEILLANCE",2
DOI:10.1007/s13347-017-0279-x],DOI:10.1007/s11023-018-9482-5,2
DOI:10.1007/s13347-017-0279-x],DOI:10.1098/rsta.2018.0084,2
DOI:10.1007/s13347-017-0279-x],DOI:10.1145/3287560.3287596,2
DOI:10.1007/s13347-017-0279-x],DOI:10.1177/1461444816676645,2
DOI:10.1007/s13347-017-0279-x],DOI:10.1177/2053951715622512,2
DOI:10.1007/s13347-018-0330-6,DOI:10.1007/s13347-022-00557-9,2
DOI:10.1007/s13347-018-0330-6,DOI:10.1038/s42256-019-0088-2,4
DOI:10.1007/s13347-018-0330-6,DOI:10.1038/s42256-019-0114-4,2
DOI:10.1007/s13347-018-0330-6,DOI:10.1002/hast.973,3
DOI:10.1007/s13347-018-0330-6,DOI:10.1007/s13347-022-00550-2,2
DOI:10.1007/s13347-018-0330-6,DOI:10.1007/s43681-022-00152-w,2
DOI:10.1007/s13347-018-0330-6,DOI:10.1007/s43681-022-00209-w],2
DOI:10.1007/s13347-018-0330-6,DOI:10.1145/3233231,2
DOI:10.1007/s13347-018-0330-6,DOI:10.1162/99608f92.8cd550d1,2
DOI:10.1007/s13347-018-0330-6,DOI:10.1007/s11023-021-09570-x,2
DOI:10.1007/s13347-022-00557-9,DOI:10.1007/s43681-020-00008-1],2
DOI:10.1007/s13347-022-00557-9,DOI:10.1038/s42256-019-0088-2,7
DOI:10.1007/s13347-022-00557-9,DOI:10.1038/s42256-019-0114-4,4
DOI:10.1007/s13347-022-00557-9,DOI:10.1089/big.2016.0047,2
DOI:10.1007/s13347-022-00557-9,DOI:10.1098/rsta.2018.0089,2
DOI:10.1007/s13347-022-00557-9,DOI:10.1145/3442188.3445922,2
DOI:10.1007/s13347-022-00557-9,DOI:10.1146/annurev-statistics-042720-125902,2
DOI:10.1007/s13347-022-00557-9,DOI:10.1177/2053951720942541,3
DOI:10.1007/s13347-022-00557-9,DOI:10.2307/20439056,2
DOI:10.1007/s13347-022-00557-9,"MEHRABI N, 2021, ACM COMPUT SURV, V54, DOI [10.1145/3457607, 10.1186/S12889-022-13256-Z]",3
DOI:10.1007/s13347-022-00557-9,"ZUBOFF S, 2019, THE AGE SURVEILLANCE",2
DOI:10.1007/s13347-022-00557-9,"2015, CHOICE, V52, P52, DOI [10.5860/CHOICE.190706, 10.4159/HARVARD.9780674736061]",2
DOI:10.1007/s13347-022-00557-9,"AKRICH M, 2004, SCI SOC SANTE, V22, P5",2
DOI:10.1007/s13347-022-00557-9,"BENGIO Y, 2019, ARXIV, DOI ARXIV:1709.08568",2
DOI:10.1007/s13347-022-00557-9,"BERNS JORG JOCHEN, 2003, VEHICULE DIEUX ARCHE",2
DOI:10.1007/s13347-022-00557-9,"BERNS T., 2021, ETHIQUE COMMUNICATIO",2
DOI:10.1007/s13347-022-00557-9,"BILLIER J. -C., 2010, INTRO ETHIQUE",2
DOI:10.1007/s13347-022-00557-9,"BONNEFON J.-F., 2021, THAT THE BIOLOGICAL WORLD CAN BE UNDERSTOOD AS A SORT OF MACHINE, WITH PARTS THAT BEAR",2
DOI:10.1007/s13347-022-00557-9,"BOSTROM N, 2014, CAMBRIDGE HANDBOOK OF ARTIFICIAL INTELLIGENCE, P316",3
DOI:10.1007/s13347-022-00557-9,"CACCAMO E., 2019, VILLE INTELLIGENTE V",2
DOI:10.1007/s13347-022-00557-9,"CASILLI ANTONIO A., 2019, EN ATTENDANT LES ROBOTS",2
DOI:10.1007/s13347-022-00557-9,"CASTELVECCHI D, 2016, NATURE, V537, P20, DOI [10.1038/538020A, 10.1038/NATURE.2016.20491, 10.1038/538020A]",2
DOI:10.1007/s13347-022-00557-9,"CHARDEL P. -A., 2020, EMPIRE SIGNAL ECRIT",2
DOI:10.1007/s13347-022-00557-9,"CHATILA R, 2022, POUR UNE ETHIQUE DU NUMERIQUE, P27",2
DOI:10.1007/s13347-022-00557-9,"CHAUVIER S., 2016, LENCYCLOPEDIE PHILOS",2
DOI:10.1007/s13347-022-00557-9,"CRAWFORD K., 2021, ATLAS IA",2
DOI:10.1007/s13347-022-00557-9,"DANIELS NORMAN., 1996, JUSTICE AND JUSTIFICATION: REFLECTIVE EQUILIBRIUM IN THEORY AND PRACTICE",2
DOI:10.1007/s13347-022-00557-9,"DANIELS NORMAN., 2003, STANFORD ENCY PHILOS, VFALL 2010",2
DOI:10.1007/s13347-022-00557-9,"DIAKOPOULOS NICHOLAS., 2016, MIT TECHNOLOGY REVIEW",2
DOI:10.1007/s13347-022-00557-9,DOI:10.1007/978-3-030-81907-1,3
DOI:10.1007/s13347-022-00557-9,DOI:10.1007/978-3-540-30301-5_65,2
DOI:10.1007/s13347-022-00557-9,DOI:10.1007/s00146-018-0824-x,2
DOI:10.1007/s13347-022-00557-9,DOI:10.1007/s00146-021-01322-w,2
DOI:10.1007/s13347-022-00557-9,DOI:10.1007/s10676-006-0004-4,2
DOI:10.1007/s13347-022-00557-9,DOI:10.1007/s10676-011-9279-1,2
DOI:10.1007/s13347-022-00557-9,DOI:10.1007/s10677-016-9745-2,2
DOI:10.1007/s13347-022-00557-9,DOI:10.1007/s11948-019-00096-1,2
DOI:10.1007/s13347-022-00557-9,DOI:10.1007/s12130-010-9113-9],2
DOI:10.1007/s13347-022-00557-9,DOI:10.1007/s13347-020-00432-5],2
DOI:10.1007/s13347-022-00557-9,DOI:10.1007/s13347-021-00449-4],2
DOI:10.1007/s13347-022-00557-9,DOI:10.1007/s13347-021-00468-1],2
DOI:10.1007/s13347-022-00557-9,DOI:10.1016/j.inffus.2019.12.012,3
DOI:10.1007/s13347-022-00557-9,DOI:10.1016/j.inffus.2021.05.009,2
DOI:10.1007/s13347-022-00557-9,DOI:10.1038/s41586-018-0637-6,2
DOI:10.1007/s13347-022-00557-9,DOI:10.1073/pnas.1900654116,2
DOI:10.1007/s13347-022-00557-9,DOI:10.1086/291922,2
DOI:10.1007/s13347-022-00557-9,DOI:10.1093/0199252866.003.0002],2
DOI:10.1007/s13347-022-00557-9,DOI:10.1093/acprof:oso/9780190498511.001.0001,2
DOI:10.1007/s13347-022-00557-9,DOI:10.1126/science.aan8871,2
DOI:10.1007/s13347-022-00557-9,DOI:10.1126/scirobotics.aay7120,3
DOI:10.1007/s13347-022-00557-9,DOI:10.1145/3144592.3144598,2
DOI:10.1007/s13347-022-00557-9,DOI:10.1145/3287560.3287598,3
DOI:10.1007/s13347-022-00557-9,DOI:10.1609/aimag.v38i3.2741,2
DOI:10.1007/s13347-022-00557-9,DOI:10.17351/ests2020.277,2
DOI:10.1007/s13347-022-00557-9,DOI:10.3390/bdcc3010005,2
DOI:10.1007/s13347-022-00557-9,DOI:10.3406/reso.2000.2235,2
DOI:10.1007/s13347-022-00557-9,DOI:10.3917/comm.164.0911],2
DOI:10.1007/s13347-022-00557-9,DOI:10.3917/commu.088.0149],2
DOI:10.1007/s13347-022-00557-9,DOI:10.3917/ls.135.0087,2
DOI:10.1007/s13347-022-00557-9,DOI:10.3917/rai.019.0193,2
DOI:10.1007/s13347-022-00557-9,DOI:10.3917/res.212.0207,2
DOI:10.1007/s13347-022-00557-9,DOI:10.3917/zil.005.0208],2
DOI:10.1007/s13347-022-00557-9,DOI:10.4000/ethiquepublique.995],2
DOI:10.1007/s13347-022-00557-9,DOI:10.4000/quaderni.2216,2
DOI:10.1007/s13347-022-00557-9,DOI:10.4000/quaderni.2234],2
DOI:10.1007/s13347-022-00557-9,DOI:10.4000/sdt.14802],2
DOI:10.1007/s13347-022-00557-9,DOI:10.48550/arxiv.1810.00184],2
DOI:10.1007/s13347-022-00557-9,"DUMOUCHEL P., 2016, ROBOT. IL GRANDE ATLANTE VISIVO SUL ROBOT, DALL'ANTICA GRECIA ALLE INTELLIGENZE ARTIFICIALI, 24 ORE CULTURA",2
DOI:10.1007/s13347-022-00557-9,"ERASMUS ADRIAN, 2021, PHILOS TECHNOL, V34, P833, DOI [10.1007/S13347-020-00435-2, 10.1007/S13347-020-00435-2]",2
DOI:10.1007/s13347-022-00557-9,"FOUCAULT MICHEL., 1969, ARCHAEOLOGY KNOWLEDG",2
DOI:10.1007/s13347-022-00557-9,"FRANCK G., 2014, L'ECONOMIE DE L'ATTENTION, P55",2
DOI:10.1007/s13347-022-00557-9,"FROIDEVAUX C, 2022, POUR UNE ETHIQUE DU NUMERIQUE, P41",2
DOI:10.1007/s13347-022-00557-9,"FUCHS C, 2014, DIGITAL LABOUR AND KARL MARX, P1",2
DOI:10.1007/s13347-022-00557-9,"GIBERT M., 2021, FAIRE MORALE ROBOTS",2
DOI:10.1007/s13347-022-00557-9,"GUNKEL DJ, 2018, ROBOT RIGHTS",2
DOI:10.1007/s13347-022-00557-9,"HAIYI ZHU, 2018, PROCEEDINGS OF THE ACM ON HUMAN-COMPUTER INTERACTION, V2, DOI [10.1145/3274463, 10.1145/3274463]",2
DOI:10.1007/s13347-022-00557-9,"HOWARD P.N., 2015, PAX TECHNICA: HOW THE INTERNET OF THINGS MAY SET US FREE OR LOCK US UP",2
DOI:10.1007/s13347-022-00557-9,"HURSTHOUSE ROSALIND., 1999, ON VIRTUE ETHICS",2
DOI:10.1007/s13347-022-00557-9,"KANT E., 1989, CRITIQUE RAISON PRAT",2
DOI:10.1007/s13347-022-00557-9,"KERVEGAN J.-F., 2012, ARCH PHILOS, P199",2
DOI:10.1007/s13347-022-00557-9,"LEROI-GOURHAN A., 1995, GESTE PAROLE, VI",2
DOI:10.1007/s13347-022-00557-9,"MCCONNELL TERRANCE., 2018, THE STANFORD ENCYCLOPEDIA OF PHILOSOPHY",2
DOI:10.1007/s13347-022-00557-9,"MIT, 2016, MORAL MACHINES",2
DOI:10.1007/s13347-022-00557-9,"NEVEJANS NATHALIE, 2017, TRAITE DE DROIT ET D'ETHIQUE DE LA ROBOTIQUE CIVILE, VLEH",2
DOI:10.1007/s13347-022-00557-9,"OGIEN R., 2008, CONCEPTS ETHIQUE FAU",2
DOI:10.1007/s13347-022-00557-9,"OGIEN RUWEN., 2007, LETHIQUE AUJOURDHUI. MAXIMALISTES ET MINIMALISTES",2
DOI:10.1007/s13347-022-00557-9,"ONEIL C., 2018, ALGORITHMES BOMBE RE",2
DOI:10.1007/s13347-022-00557-9,"ORSI FRANCESCO., 2015, VALUE THEORY",2
DOI:10.1007/s13347-022-00557-9,"PEDERSEN ISABEL., 2020, EMBODIED COMPUTING: WEARABLES, IMPLANTABLES, EMBEDDABLES, INGESTIBLES",2
DOI:10.1007/s13347-022-00557-9,"POPPER K., 1973, LOGIQUE DECOUVERTE S",2
DOI:10.1007/s13347-022-00557-9,"RAWLS J., 1999, THEORIE DE LA JUSTICE",2
DOI:10.1007/s13347-022-00557-9,"REBER B., 2014, TERMINAL TECHNOLOGIE, V119",2
DOI:10.1007/s13347-022-00557-9,"SCHNAPPER D., 2012, COMPREHENSION SOCIOL",2
DOI:10.1007/s13347-022-00557-9,"THOMSON JUDITH J, 1976, MONIST, V59, P204",2
DOI:10.1007/s13347-022-00557-9,"VINCENT ANDRE, 1963, ARCHIVES DE PHILOSOPHIE DU DROIT, V8, P237",2
DOI:10.1007/s13347-022-00557-9,"[ANONYMOUS], 2013, SCI TECHNIQUES SOC",2
DOI:10.1007/s13347-022-00557-9,"[ANONYMOUS], 2013, SMART CITIES: THEORIE ET CRITIQUE D'UN IDEAL AUTOREALISATEUR",2
DOI:10.1007/s13347-022-00557-9,DOI:10.1007/s11023-018-9482-5,4
DOI:10.1007/s13347-022-00557-9,DOI:10.1007/s11948-019-00165-5,4
DOI:10.1007/s13347-022-00557-9,DOI:10.1007/s13347-019-00354-x,3
DOI:10.1007/s13347-022-00557-9,"MULLER V.C., 2020, ETHICS OF ARTIFICIAL INTELLIGENCE AND ROBOTICS",2
DOI:10.1007/s13347-022-00557-9,DOI:10.1007/s13347-022-00507-5,2
DOI:10.1007/s13347-022-00557-9,DOI:10.1007/s13347-022-00553-z],2
DOI:10.1007/s13347-022-00557-9,DOI:10.1016/j.jbi.2020.103655,2
DOI:10.1007/s13347-022-00557-9,DOI:10.1126/science.abg1834,2
DOI:10.1007/s13347-022-00557-9,DOI:10.1145/3233231,2
DOI:10.1007/s13347-022-00557-9,DOI:10.1145/33066183314289,2
DOI:10.1007/s13347-022-00557-9,DOI:10.1002/hast.973,3
DOI:10.1007/s13347-022-00557-9,DOI:10.1007/s13347-022-00550-2,2
DOI:10.1007/s13347-022-00557-9,DOI:10.1007/s43681-021-00122-8,2
DOI:10.1007/s13347-022-00557-9,DOI:10.1007/s43681-022-00209-w],3
DOI:10.1007/s13347-022-00557-9,DOI:10.1111/jopp.12262,2
DOI:10.1007/s13347-022-00557-9,DOI:10.1007/s43681-020-00013-4],2
DOI:10.1007/s13347-022-00557-9,DOI:10.1126/science.aax2342,2
DOI:10.1007/s13347-022-00557-9,"BUOLAMWINI JOY., 2018, C FAIRNESS ACCOUNTAB, V81, P1",2
DOI:10.1007/s43681-020-00008-1],DOI:10.1007/s43681-021-00084-x],2
DOI:10.1007/s43681-020-00008-1],DOI:10.1016/j.ijinfomgt.2021.102433,2
DOI:10.1007/s43681-020-00008-1],DOI:10.1038/s42256-019-0088-2,8
DOI:10.1007/s43681-020-00008-1],DOI:10.1038/s42256-019-0114-4,4
DOI:10.1007/s43681-020-00008-1],DOI:10.1108/jices-12-2020-0125,2
DOI:10.1007/s43681-020-00008-1],DOI:10.4159/9780674042582,2
DOI:10.1007/s43681-020-00008-1],"MEHRABI N, 2021, ACM COMPUT SURV, V54, DOI [10.1145/3457607, 10.1186/S12889-022-13256-Z]",2
DOI:10.1007/s43681-020-00008-1],DOI:10.1007/s11948-019-00165-5,3
DOI:10.1007/s43681-020-00008-1],DOI:10.1007/s13347-019-00354-x,2
DOI:10.1007/s43681-020-00008-1],DOI:10.1145/33066183314289,2
DOI:10.1007/s43681-020-00008-1],"AI4K12, 2020, GRAND BAND PROGR CHA",2
DOI:10.1007/s43681-020-00008-1],"BORENSTEIN JASON, 2021, AI ETHICS, V1, P61, DOI [10.1007/S43681-020-00002-7, 10.1007/S43681-020-00002-7]",2
DOI:10.1007/s43681-020-00008-1],"BROWN S. R., 1980, POLITICAL SUBJECTIVI",2
DOI:10.1007/s43681-020-00008-1],DOI:10.1007/s11423-021-10018-3],2
DOI:10.1007/s43681-020-00008-1],DOI:10.1016/j.edurev.2020.100361,2
DOI:10.1007/s43681-020-00008-1],DOI:10.1080/10494820.2021.1926289,2
DOI:10.1007/s43681-020-00008-1],DOI:10.1145/3290605.3300677,2
DOI:10.1007/s43681-020-00008-1],DOI:10.1177/1077800403259491,2
DOI:10.1007/s43681-020-00008-1],DOI:10.1177/20539517221092956,2
DOI:10.1007/s43681-020-00008-1],DOI:10.1186/s40594-023-00418-7,2
DOI:10.1007/s43681-020-00008-1],DOI:10.1348/014466604x23473,2
DOI:10.1007/s43681-020-00008-1],DOI:10.2139/ssrn.3518482],4
DOI:10.1007/s43681-020-00008-1],DOI:10.22488/okstate.11.100594,2
DOI:10.1007/s43681-020-00008-1],DOI:10.4018/jdm.2020040105,3
DOI:10.1007/s43681-020-00008-1],DOI:10.4135/9781848607927,2
DOI:10.1007/s43681-020-00008-1],"FAST E, 2017, AAAI CONF ARTIF INTE, P963",2
DOI:10.1007/s43681-020-00008-1],"PEW RESEARCH CENTER, 2021, EXPERTS DOUBT ETHICA",2
DOI:10.1007/s43681-020-00008-1],"ZABALA A, 2014, R J, V6, P163",2
DOI:10.1007/s43681-020-00008-1],DOI:10.1007/s00146-021-01168-2,2
DOI:10.1007/s43681-020-00008-1],DOI:10.1007/s10639-022-11086-5,2
DOI:10.1007/s43681-020-00008-1],DOI:10.1016/j.chbr.2020.100014,2
DOI:10.1007/s43681-020-00008-1],DOI:10.1145/3236024.3264833,2
DOI:10.1007/s43681-020-00008-1],DOI:10.1108/jices-12-2019-0138,2
DOI:10.1007/s43681-020-00008-1],DOI:10.1007/s10796-021-10146-4,2
DOI:10.1007/s43681-020-00008-1],"[ANONYMOUS], 2019, ETHICS GUIDELINES FOR TRUSTWORTHY AI",2
DOI:10.1007/s43681-020-00008-1],DOI:10.1007/s43681-020-00011-6],2
DOI:10.1007/s43681-020-00008-1],DOI:10.1109/jproc.2019.2900622,2
DOI:10.1007/s43681-020-00008-1],DOI:10.1145/3351095.3372860,2
DOI:10.1007/s43681-021-00080-1,DOI:10.1038/s42256-019-0088-2,2
DOI:10.1007/s43681-021-00084-x],DOI:10.1016/j.ijinfomgt.2021.102433,2
DOI:10.1007/s43681-021-00084-x],DOI:10.1038/s42256-019-0088-2,7
DOI:10.1007/s43681-021-00084-x],DOI:10.1038/s42256-019-0114-4,6
DOI:10.1007/s43681-021-00084-x],DOI:10.1145/3442188.3445922,2
DOI:10.1007/s43681-021-00084-x],DOI:10.1177/2053951720942541,2
DOI:10.1007/s43681-021-00084-x],"HARDT M, 2016, ADV NEUR IN, V29",2
DOI:10.1007/s43681-021-00084-x],"ZUBOFF S, 2019, THE AGE SURVEILLANCE",2
DOI:10.1007/s43681-021-00084-x],DOI:10.1002/9781119815075.ch45,2
DOI:10.1007/s43681-021-00084-x],DOI:10.1007/s13347-021-00450-x,2
DOI:10.1007/s43681-021-00084-x],DOI:10.1145/3351095.3372860,2
DOI:10.1007/s43681-021-00084-x],DOI:10.1007/s11948-019-00165-5,5
DOI:10.1007/s43681-021-00084-x],DOI:10.1145/3287560.3287596,3
DOI:10.1007/s43681-021-00084-x],DOI:10.1145/3458723,2
DOI:10.1007/s43681-021-00084-x],DOI:10.48550/arxiv.2111.01122,2
DOI:10.1007/s43681-021-00084-x],"GREENE D, 2019, PROCEEDINGS OF THE 52ND ANNUAL HAWAII INTERNATIONAL CONFERENCE ON SYSTEM SCIENCES, P2122",2
DOI:10.1007/s43681-021-00084-x],"RAKOVA BOGDANA, 2021, PROCEEDINGS OF THE ACM ON HUMAN-COMPUTER INTERACTION, V5, DOI [10.1145/3449081, 10.1145/3449081]",2
DOI:10.1007/s43681-021-00084-x],"SCHIFF D, 2020, ARXIV, DOI [ARXIV:2006.04707, 10.48550/ARXIV.2006.04707]",2
DOI:10.1007/s43681-021-00084-x],DOI:10.1145/3236024.3264833,2
DOI:10.1007/s43681-021-00084-x],DOI:10.1007/s11023-018-9482-5,3
DOI:10.1007/s43681-021-00084-x],DOI:10.1108/jices-12-2019-0138,2
DOI:10.1007/s43681-021-00084-x],"[ANONYMOUS], 2017, TOP 10 PRINCIPLES FOR ETHICAL ARTIFICIAL INTELLIGENCE, P8",2
DOI:10.1007/s43681-021-00084-x],DOI:10.1016/j.jbusres.2020.08.024,2
DOI:10.1007/s43681-021-00084-x],DOI:10.1080/14494035.2021.1929728,2
DOI:10.1016/j.ijinfomgt.2021.102433,DOI:10.1038/s42256-019-0088-2,6
DOI:10.1016/j.ijinfomgt.2021.102433,DOI:10.1038/s42256-019-0114-4,3
DOI:10.1016/j.ijinfomgt.2021.102433,DOI:10.1098/rsta.2018.0089,2
DOI:10.1016/j.ijinfomgt.2021.102433,DOI:10.1177/2053951720942541,2
DOI:10.1016/j.ijinfomgt.2021.102433,DOI:10.1016/j.jbusres.2022.01.083,2
DOI:10.1016/j.ijinfomgt.2021.102433,DOI:10.25300/misq/2021/16274],2
DOI:10.1016/j.ijinfomgt.2021.102433,DOI:10.1007/s11023-018-9482-5,3
DOI:10.1016/j.ijinfomgt.2021.102433,DOI:10.1007/s13347-019-00354-x,2
DOI:10.1016/j.ijinfomgt.2021.102433,"HUANG CHANGWU, 2023, IEEE TRANSACTIONS ON ARTIFICIAL INTELLIGENCE, P799, DOI [10.1109/TAI.2022.3194503, 10.1109/TAI.2022.3194503]",2
DOI:10.1016/j.ijinfomgt.2021.102433,DOI:10.1007/s11948-019-00165-5,2
DOI:10.1016/j.ijinfomgt.2021.102433,DOI:10.1007/s43681-020-00011-6],2
DOI:10.1016/j.ijinfomgt.2021.102433,DOI:10.1080/03071847.2019.1694260,2
DOI:10.1016/j.ijinfomgt.2021.102433,DOI:10.1080/14494035.2021.1929728,2
DOI:10.1016/j.ijinfomgt.2021.102433,DOI:10.3390/bdcc3020026,2
DOI:10.1016/j.ijinfomgt.2021.102433,DOI:10.4018/jdm.2020040105,2
DOI:10.1016/j.ijinfomgt.2021.102433,DOI:10.1016/j.jbusres.2020.08.024,2
DOI:10.1016/j.ijinfomgt.2021.102433,DOI:10.1177/2053951716679679,2
DOI:10.1016/j.ijinfomgt.2021.102433,DOI:10.1007/s10796-021-10146-4,2
DOI:10.1016/j.ijinfomgt.2021.102433,DOI:10.1080/0960085x.2022.2026621,2
DOI:10.1037/xge0001250,DOI:10.1038/s42256-019-0088-2,2
DOI:10.1038/s42256-019-0088-2,DOI:10.1038/s42256-019-0114-4,46
DOI:10.1038/s42256-019-0088-2,DOI:10.1038/s42256-022-00449-9,3
DOI:10.1038/s42256-019-0088-2,DOI:10.1080/01900692.2018.1498103,2
DOI:10.1038/s42256-019-0088-2,DOI:10.1080/03080188.2020.1840225,2
DOI:10.1038/s42256-019-0088-2,DOI:10.1089/big.2016.0047,2
DOI:10.1038/s42256-019-0088-2,DOI:10.1093/jmp/15.2.219,2
DOI:10.1038/s42256-019-0088-2,DOI:10.1098/rsta.2018.0089,7
DOI:10.1038/s42256-019-0088-2,DOI:10.1108/jices-12-2020-0125,2
DOI:10.1038/s42256-019-0088-2,DOI:10.1126/science.aax0162,2
DOI:10.1038/s42256-019-0088-2,DOI:10.1145/3287560.3287584,2
DOI:10.1038/s42256-019-0088-2,DOI:10.1145/3442188.3445922,7
DOI:10.1038/s42256-019-0088-2,DOI:10.1177/1527476418796632,2
DOI:10.1038/s42256-019-0088-2,DOI:10.1177/2053951720942541,13
DOI:10.1038/s42256-019-0088-2,DOI:10.2307/j.ctvkjb25m,3
DOI:10.1038/s42256-019-0088-2,DOI:10.4159/9780674042582,4
DOI:10.1038/s42256-019-0088-2,"HARDT M, 2016, ADV NEUR IN, V29",3
DOI:10.1038/s42256-019-0088-2,"MEHRABI N, 2021, ACM COMPUT SURV, V54, DOI [10.1145/3457607, 10.1186/S12889-022-13256-Z]",6
DOI:10.1038/s42256-019-0088-2,"RUSSELL S., 2019, HUMAN COMPATIBLE ART",2
DOI:10.1038/s42256-019-0088-2,"WIENER N., 1954, THE HUMAN USE OF HUMAN BEINGS: CYBERNETICS AND SOCIETY",3
DOI:10.1038/s42256-019-0088-2,"ZUBOFF S, 2019, THE AGE SURVEILLANCE",3
DOI:10.1038/s42256-019-0088-2,"2015, CHOICE, V52, P52, DOI [10.5860/CHOICE.190706, 10.4159/HARVARD.9780674736061]",7
DOI:10.1038/s42256-019-0088-2,"AKRICH M, 2004, SCI SOC SANTE, V22, P5",2
DOI:10.1038/s42256-019-0088-2,"BENGIO Y, 2019, ARXIV, DOI ARXIV:1709.08568",2
DOI:10.1038/s42256-019-0088-2,"BERNS JORG JOCHEN, 2003, VEHICULE DIEUX ARCHE",2
DOI:10.1038/s42256-019-0088-2,"BERNS T., 2021, ETHIQUE COMMUNICATIO",2
DOI:10.1038/s42256-019-0088-2,"BILLIER J. -C., 2010, INTRO ETHIQUE",2
DOI:10.1038/s42256-019-0088-2,"BONNEFON J.-F., 2021, THAT THE BIOLOGICAL WORLD CAN BE UNDERSTOOD AS A SORT OF MACHINE, WITH PARTS THAT BEAR",2
DOI:10.1038/s42256-019-0088-2,"BOSTROM N, 2014, CAMBRIDGE HANDBOOK OF ARTIFICIAL INTELLIGENCE, P316",7
DOI:10.1038/s42256-019-0088-2,"CACCAMO E., 2019, VILLE INTELLIGENTE V",2
DOI:10.1038/s42256-019-0088-2,"CASILLI ANTONIO A., 2019, EN ATTENDANT LES ROBOTS",2
DOI:10.1038/s42256-019-0088-2,"CASTELVECCHI D, 2016, NATURE, V537, P20, DOI [10.1038/538020A, 10.1038/NATURE.2016.20491, 10.1038/538020A]",5
DOI:10.1038/s42256-019-0088-2,"CHARDEL P. -A., 2020, EMPIRE SIGNAL ECRIT",2
DOI:10.1038/s42256-019-0088-2,"CHATILA R, 2022, POUR UNE ETHIQUE DU NUMERIQUE, P27",2
DOI:10.1038/s42256-019-0088-2,"CHAUVIER S., 2016, LENCYCLOPEDIE PHILOS",2
DOI:10.1038/s42256-019-0088-2,"CRAWFORD K., 2021, ATLAS IA",2
DOI:10.1038/s42256-019-0088-2,"DANIELS NORMAN., 1996, JUSTICE AND JUSTIFICATION: REFLECTIVE EQUILIBRIUM IN THEORY AND PRACTICE",2
DOI:10.1038/s42256-019-0088-2,"DANIELS NORMAN., 2003, STANFORD ENCY PHILOS, VFALL 2010",2
DOI:10.1038/s42256-019-0088-2,"DIAKOPOULOS NICHOLAS., 2016, MIT TECHNOLOGY REVIEW",2
DOI:10.1038/s42256-019-0088-2,DOI:10.1007/978-3-030-81907-1,3
DOI:10.1038/s42256-019-0088-2,DOI:10.1007/978-3-540-30301-5_65,2
DOI:10.1038/s42256-019-0088-2,DOI:10.1007/s00146-018-0824-x,2
DOI:10.1038/s42256-019-0088-2,DOI:10.1007/s00146-021-01322-w,2
DOI:10.1038/s42256-019-0088-2,DOI:10.1007/s10676-006-0004-4,3
DOI:10.1038/s42256-019-0088-2,DOI:10.1007/s10676-011-9279-1,2
DOI:10.1038/s42256-019-0088-2,DOI:10.1007/s10677-016-9745-2,2
DOI:10.1038/s42256-019-0088-2,DOI:10.1007/s11948-019-00096-1,2
DOI:10.1038/s42256-019-0088-2,DOI:10.1007/s12130-010-9113-9],2
DOI:10.1038/s42256-019-0088-2,DOI:10.1007/s13347-020-00432-5],2
DOI:10.1038/s42256-019-0088-2,DOI:10.1007/s13347-021-00449-4],2
DOI:10.1038/s42256-019-0088-2,DOI:10.1007/s13347-021-00468-1],2
DOI:10.1038/s42256-019-0088-2,DOI:10.1016/j.inffus.2019.12.012,10
DOI:10.1038/s42256-019-0088-2,DOI:10.1016/j.inffus.2021.05.009,2
DOI:10.1038/s42256-019-0088-2,DOI:10.1038/s41586-018-0637-6,10
DOI:10.1038/s42256-019-0088-2,DOI:10.1073/pnas.1900654116,2
DOI:10.1038/s42256-019-0088-2,DOI:10.1086/291922,2
DOI:10.1038/s42256-019-0088-2,DOI:10.1093/0199252866.003.0002],2
DOI:10.1038/s42256-019-0088-2,DOI:10.1093/acprof:oso/9780190498511.001.0001,4
DOI:10.1038/s42256-019-0088-2,DOI:10.1126/science.aan8871,3
DOI:10.1038/s42256-019-0088-2,DOI:10.1126/scirobotics.aay7120,6
DOI:10.1038/s42256-019-0088-2,DOI:10.1145/3144592.3144598,2
DOI:10.1038/s42256-019-0088-2,DOI:10.1145/3287560.3287598,5
DOI:10.1038/s42256-019-0088-2,DOI:10.1609/aimag.v38i3.2741,4
DOI:10.1038/s42256-019-0088-2,DOI:10.17351/ests2020.277,3
DOI:10.1038/s42256-019-0088-2,DOI:10.3390/bdcc3010005,3
DOI:10.1038/s42256-019-0088-2,DOI:10.3406/reso.2000.2235,2
DOI:10.1038/s42256-019-0088-2,DOI:10.3917/comm.164.0911],2
DOI:10.1038/s42256-019-0088-2,DOI:10.3917/commu.088.0149],2
DOI:10.1038/s42256-019-0088-2,DOI:10.3917/ls.135.0087,2
DOI:10.1038/s42256-019-0088-2,DOI:10.3917/rai.019.0193,2
DOI:10.1038/s42256-019-0088-2,DOI:10.3917/res.212.0207,2
DOI:10.1038/s42256-019-0088-2,DOI:10.3917/zil.005.0208],2
DOI:10.1038/s42256-019-0088-2,DOI:10.4000/ethiquepublique.995],2
DOI:10.1038/s42256-019-0088-2,DOI:10.4000/quaderni.2216,2
DOI:10.1038/s42256-019-0088-2,DOI:10.4000/quaderni.2234],2
DOI:10.1038/s42256-019-0088-2,DOI:10.4000/sdt.14802],2
DOI:10.1038/s42256-019-0088-2,DOI:10.48550/arxiv.1810.00184],2
DOI:10.1038/s42256-019-0088-2,"DUMOUCHEL P., 2016, ROBOT. IL GRANDE ATLANTE VISIVO SUL ROBOT, DALL'ANTICA GRECIA ALLE INTELLIGENZE ARTIFICIALI, 24 ORE CULTURA",2
DOI:10.1038/s42256-019-0088-2,"ERASMUS ADRIAN, 2021, PHILOS TECHNOL, V34, P833, DOI [10.1007/S13347-020-00435-2, 10.1007/S13347-020-00435-2]",2
DOI:10.1038/s42256-019-0088-2,"FOUCAULT MICHEL., 1969, ARCHAEOLOGY KNOWLEDG",2
DOI:10.1038/s42256-019-0088-2,"FRANCK G., 2014, L'ECONOMIE DE L'ATTENTION, P55",2
DOI:10.1038/s42256-019-0088-2,"FROIDEVAUX C, 2022, POUR UNE ETHIQUE DU NUMERIQUE, P41",2
DOI:10.1038/s42256-019-0088-2,"FUCHS C, 2014, DIGITAL LABOUR AND KARL MARX, P1",2
DOI:10.1038/s42256-019-0088-2,"GIBERT M., 2021, FAIRE MORALE ROBOTS",2
DOI:10.1038/s42256-019-0088-2,"GUNKEL DJ, 2018, ROBOT RIGHTS",3
DOI:10.1038/s42256-019-0088-2,"HAIYI ZHU, 2018, PROCEEDINGS OF THE ACM ON HUMAN-COMPUTER INTERACTION, V2, DOI [10.1145/3274463, 10.1145/3274463]",2
DOI:10.1038/s42256-019-0088-2,"HOWARD P.N., 2015, PAX TECHNICA: HOW THE INTERNET OF THINGS MAY SET US FREE OR LOCK US UP",2
DOI:10.1038/s42256-019-0088-2,"HURSTHOUSE ROSALIND., 1999, ON VIRTUE ETHICS",3
DOI:10.1038/s42256-019-0088-2,"KANT E., 1989, CRITIQUE RAISON PRAT",2
DOI:10.1038/s42256-019-0088-2,"KERVEGAN J.-F., 2012, ARCH PHILOS, P199",2
DOI:10.1038/s42256-019-0088-2,"LEROI-GOURHAN A., 1995, GESTE PAROLE, VI",2
DOI:10.1038/s42256-019-0088-2,"MCCONNELL TERRANCE., 2018, THE STANFORD ENCYCLOPEDIA OF PHILOSOPHY",2
DOI:10.1038/s42256-019-0088-2,"MIT, 2016, MORAL MACHINES",2
DOI:10.1038/s42256-019-0088-2,"NEVEJANS NATHALIE, 2017, TRAITE DE DROIT ET D'ETHIQUE DE LA ROBOTIQUE CIVILE, VLEH",2
DOI:10.1038/s42256-019-0088-2,"OGIEN R., 2008, CONCEPTS ETHIQUE FAU",2
DOI:10.1038/s42256-019-0088-2,"OGIEN RUWEN., 2007, LETHIQUE AUJOURDHUI. MAXIMALISTES ET MINIMALISTES",2
DOI:10.1038/s42256-019-0088-2,"ONEIL C., 2018, ALGORITHMES BOMBE RE",2
DOI:10.1038/s42256-019-0088-2,"ORSI FRANCESCO., 2015, VALUE THEORY",2
DOI:10.1038/s42256-019-0088-2,"PEDERSEN ISABEL., 2020, EMBODIED COMPUTING: WEARABLES, IMPLANTABLES, EMBEDDABLES, INGESTIBLES",2
DOI:10.1038/s42256-019-0088-2,"POPPER K., 1973, LOGIQUE DECOUVERTE S",2
DOI:10.1038/s42256-019-0088-2,"RAWLS J., 1999, THEORIE DE LA JUSTICE",2
DOI:10.1038/s42256-019-0088-2,"REBER B., 2014, TERMINAL TECHNOLOGIE, V119",2
DOI:10.1038/s42256-019-0088-2,"SCHNAPPER D., 2012, COMPREHENSION SOCIOL",2
DOI:10.1038/s42256-019-0088-2,"THOMSON JUDITH J, 1976, MONIST, V59, P204",2
DOI:10.1038/s42256-019-0088-2,"VINCENT ANDRE, 1963, ARCHIVES DE PHILOSOPHIE DU DROIT, V8, P237",2
DOI:10.1038/s42256-019-0088-2,"[ANONYMOUS], 2013, SCI TECHNIQUES SOC",2
DOI:10.1038/s42256-019-0088-2,"[ANONYMOUS], 2013, SMART CITIES: THEORIE ET CRITIQUE D'UN IDEAL AUTOREALISATEUR",2
DOI:10.1038/s42256-019-0088-2,DOI:10.1007/s11245-022-09874-2,3
DOI:10.1038/s42256-019-0088-2,DOI:10.1126/science.adh4451,2
DOI:10.1038/s42256-019-0088-2,"[ANONYMOUS], 2021, RECOMMENDATION ON THE ETHICS OF ARTIFICIAL INTELLIGENCE",3
DOI:10.1038/s42256-019-0088-2,DOI:10.1001/jama.2016.17216,2
DOI:10.1038/s42256-019-0088-2,DOI:10.1002/hast.973,4
DOI:10.1038/s42256-019-0088-2,DOI:10.1007/s11023-018-9482-5,37
DOI:10.1038/s42256-019-0088-2,DOI:10.1007/s13347-021-00450-x,2
DOI:10.1038/s42256-019-0088-2,DOI:10.1016/j.cjca.2021.09.004,2
DOI:10.1038/s42256-019-0088-2,DOI:10.1016/j.jocn.2019.03.001,2
DOI:10.1038/s42256-019-0088-2,DOI:10.1016/j.socscimed.2020.113172,9
DOI:10.1038/s42256-019-0088-2,DOI:10.1038/s41591-018-0300-7,8
DOI:10.1038/s42256-019-0088-2,DOI:10.1038/s41591-021-01614-0,3
DOI:10.1038/s42256-019-0088-2,DOI:10.1038/s42256-019-0048-x,5
DOI:10.1038/s42256-019-0088-2,DOI:10.1093/hropen/hoab040,2
DOI:10.1038/s42256-019-0088-2,DOI:10.1111/bioe.12887,2
DOI:10.1038/s42256-019-0088-2,DOI:10.1126/science.aax2342,15
DOI:10.1038/s42256-019-0088-2,DOI:10.1136/amiajnl-2011-000089,2
DOI:10.1038/s42256-019-0088-2,DOI:10.1136/jme.28.5.332-a,2
DOI:10.1038/s42256-019-0088-2,DOI:10.1145/2783258.2788613,2
DOI:10.1038/s42256-019-0088-2,DOI:10.1145/3442188.3445923,2
DOI:10.1038/s42256-019-0088-2,DOI:10.1186/s12911-020-01332-6,3
DOI:10.1038/s42256-019-0088-2,"COHEN IG, 2020, GEORGETOWN LAW J, V108, P1425",2
DOI:10.1038/s42256-019-0088-2,DOI:10.1007/s10676-004-3422-1,3
DOI:10.1038/s42256-019-0088-2,DOI:10.1007/s43681-022-00152-w,2
DOI:10.1038/s42256-019-0088-2,DOI:10.1007/s43681-022-00209-w],16
DOI:10.1038/s42256-019-0088-2,DOI:10.1093/jcr/ucz013,3
DOI:10.1038/s42256-019-0088-2,DOI:10.1145/3233231,4
DOI:10.1038/s42256-019-0088-2,DOI:10.1162/99608f92.8cd550d1,14
DOI:10.1038/s42256-019-0088-2,DOI:10.5555/3002861],6
DOI:10.1038/s42256-019-0088-2,"BORENSTEIN JASON, 2021, AI ETHICS, V1, P61, DOI [10.1007/S43681-020-00002-7, 10.1007/S43681-020-00002-7]",11
DOI:10.1038/s42256-019-0088-2,"DIGNUM VIRGINIA., 2017, ITU JOURNAL: ICT DISCOVERIES",3
DOI:10.1038/s42256-019-0088-2,DOI:10.1007/s00146-022-01511-1,2
DOI:10.1038/s42256-019-0088-2,DOI:10.1007/s10459-021-10040-3,3
DOI:10.1038/s42256-019-0088-2,DOI:10.1007/s11019-020-09948-1,2
DOI:10.1038/s42256-019-0088-2,DOI:10.1007/s11948-020-00250-0,2
DOI:10.1038/s42256-019-0088-2,DOI:10.1080/1364557032000119616],4
DOI:10.1038/s42256-019-0088-2,DOI:10.1108/jices-06-2018-0056,2
DOI:10.1038/s42256-019-0088-2,DOI:10.1109/edocw52865.2021.00036,2
DOI:10.1038/s42256-019-0088-2,DOI:10.1145/2939672.2945386,2
DOI:10.1038/s42256-019-0088-2,DOI:10.1145/2983323.2983776,2
DOI:10.1038/s42256-019-0088-2,DOI:10.1145/3294052.3322192,2
DOI:10.1038/s42256-019-0088-2,DOI:10.1145/3328778.3366825,2
DOI:10.1038/s42256-019-0088-2,DOI:10.1145/3375627.3375868,5
DOI:10.1038/s42256-019-0088-2,DOI:10.1145/3442188.3445914,6
DOI:10.1038/s42256-019-0088-2,DOI:10.1613/jair.1.12814,2
DOI:10.1038/s42256-019-0088-2,DOI:10.2196/25759,2
DOI:10.1038/s42256-019-0088-2,DOI:10.2196/46428,3
DOI:10.1038/s42256-019-0088-2,DOI:10.3390/su13073718,2
DOI:10.1038/s42256-019-0088-2,DOI:10.4018/978-1-7998-4763-2.ch005,2
DOI:10.1038/s42256-019-0088-2,DOI:10.7326/m18-0850,5
DOI:10.1038/s42256-019-0088-2,"JAVED RT, 2022, J ARTIF INTELL RES, V73, P933",4
DOI:10.1038/s42256-019-0088-2,"MOOR J, 2006, AI MAG, V27, P87",2
DOI:10.1038/s42256-019-0088-2,"SOWMIA K. R., 2020, J GREEN ENG, V10, P1566",2
DOI:10.1038/s42256-019-0088-2,"[ANONYMOUS], 2019, ETHICALLY ALIGNED DESIGN: A VISION FOR PRIORITIZING HUMAN WELL-BEING WITH AUTONOMOUS AND INTELLIGENT SYSTEMS",3
DOI:10.1038/s42256-019-0088-2,"BEAUCHAMP TL., 2013, PRINCIPLES BIOMEDICA, VSEVENTH",6
DOI:10.1038/s42256-019-0088-2,DOI:10.1007/s00146-022-01498-9,2
DOI:10.1038/s42256-019-0088-2,DOI:10.1007/s10676-020-09534-2,2
DOI:10.1038/s42256-019-0088-2,DOI:10.1007/s11948-019-00165-5,35
DOI:10.1038/s42256-019-0088-2,DOI:10.1007/s13347-017-0263-5,2
DOI:10.1038/s42256-019-0088-2,DOI:10.1007/s13347-022-00538-y],4
DOI:10.1038/s42256-019-0088-2,DOI:10.1109/sds49233.2020.00015,2
DOI:10.1038/s42256-019-0088-2,DOI:10.1177/2053951715622512,5
DOI:10.1038/s42256-019-0088-2,"DE LAAT PAUL B, 2018, PHILOS TECHNOL, V31, P525, DOI [10.1007/S13347-017-0293-Z, 10.1007/S13347-017-0293-Z]",2
DOI:10.1038/s42256-019-0088-2,DOI:10.1007/s13347-019-00354-x,16
DOI:10.1038/s42256-019-0088-2,DOI:10.1056/nejmp1714229,3
DOI:10.1038/s42256-019-0088-2,DOI:10.1080/15265161.2020.1819469,2
DOI:10.1038/s42256-019-0088-2,DOI:10.1093/jamia/ocz192,3
DOI:10.1038/s42256-019-0088-2,DOI:10.1136/medethics-2019-105586,3
DOI:10.1038/s42256-019-0088-2,DOI:10.1145/3375627.3375804,8
DOI:10.1038/s42256-019-0088-2,DOI:10.1145/3465416.3483305,3
DOI:10.1038/s42256-019-0088-2,DOI:10.1371/journal.pmed.1002689,3
DOI:10.1038/s42256-019-0088-2,"IENCA MARCELLO, 2020, AJOB NEUROSCI, V11, P77, DOI [10.1080/21507740.2020.1740352, 10.1080/21507740.2020.1740352]",2
DOI:10.1038/s42256-019-0088-2,"MISSELHORN C., 2018, GRUNDFRAGEN DER MASCHINENETHIK",2
DOI:10.1038/s42256-019-0088-2,"MULLER V.C., 2020, ETHICS OF ARTIFICIAL INTELLIGENCE AND ROBOTICS",6
DOI:10.1038/s42256-019-0088-2,"ALPAYDIN E., 2020, INTRO MACHINE LEARNI",2
DOI:10.1038/s42256-019-0088-2,DOI:10.1007/978-3-030-69978-9,2
DOI:10.1038/s42256-019-0088-2,DOI:10.1007/s00146-020-00965-5,3
DOI:10.1038/s42256-019-0088-2,DOI:10.1007/s43681-020-00020-5],3
DOI:10.1038/s42256-019-0088-2,DOI:10.1038/nature14539,4
DOI:10.1038/s42256-019-0088-2,DOI:10.1145/3448250,3
DOI:10.1038/s42256-019-0088-2,"DREYFUS HUBERT., 1992, WHAT COMPUTERS STILL",2
DOI:10.1038/s42256-019-0088-2,"HALL WENDY., 2017, GROWING ARTIFICIAL I",3
DOI:10.1038/s42256-019-0088-2,"WEIZENBAUM J., 1977, COMPUTER POWER AND HUMAN REASON. FROM JUDGMENT TO CALCULATION, V1ST",2
DOI:10.1038/s42256-019-0088-2,DOI:10.1007/s43681-022-00150-y],2
DOI:10.1038/s42256-019-0088-2,DOI:10.1016/j.jbusres.2020.08.024,5
DOI:10.1038/s42256-019-0088-2,"CHAN KAI SIANG, 2019, JMIR MED EDUC, V5, PE13930, DOI [10.2196/13930, 10.2196/13930]",2
DOI:10.1038/s42256-019-0088-2,DOI:10.1007/s00330-018-5601-1,3
DOI:10.1038/s42256-019-0088-2,DOI:10.1038/s41551-018-0305-z,2
DOI:10.1038/s42256-019-0088-2,DOI:10.1038/s41591-018-0272-7,2
DOI:10.1038/s42256-019-0088-2,DOI:10.1038/s41591-018-0307-0,2
DOI:10.1038/s42256-019-0088-2,DOI:10.1038/s41746-018-0061-1,3
DOI:10.1038/s42256-019-0088-2,DOI:10.1038/s41746-020-0288-5,3
DOI:10.1038/s42256-019-0088-2,DOI:10.1111/medu.14131,2
DOI:10.1038/s42256-019-0088-2,DOI:10.1136/svn-2017-000101,3
DOI:10.1038/s42256-019-0088-2,DOI:10.1186/s12916-019-1426-2,2
DOI:10.1038/s42256-019-0088-2,"STEPHENSON W., 1953, STUDY BEHAV Q TECHNI",2
DOI:10.1038/s42256-019-0088-2,"BODDINGTON P., 2017, CODE ETHICS ARTIFICI",2
DOI:10.1038/s42256-019-0088-2,DOI:10.1038/s42256-021-00298-y,2
DOI:10.1038/s42256-019-0088-2,DOI:10.1098/rsta.2016.0112,4
DOI:10.1038/s42256-019-0088-2,DOI:10.1145/3236024.3264833,10
DOI:10.1038/s42256-019-0088-2,DOI:10.1145/3430368,6
DOI:10.1038/s42256-019-0088-2,"[ANONYMOUS], 2017, THE IEEE GLOBAL INITIATIVE ON ETHICS OF AUTONOMOUS AND INTELLIGENT SYSTEMS",2
DOI:10.1038/s42256-019-0088-2,"[ANONYMOUS], 2018, ACM CODE OF ETHICS AND PROFESSIONAL CONDUCT",3
DOI:10.1038/s42256-019-0088-2,"[ANONYMOUS], 2021, PROPOSAL REGULATION",2
DOI:10.1038/s42256-019-0088-2,DOI:10.1007/s13347-020-00405-8],5
DOI:10.1038/s42256-019-0088-2,"DE LAAT PAUL B, 2021, PHILOS TECHNOL, V34, P1135, DOI [10.1007/S13347-021-00474-3, 10.1007/S13347-021-00474-3]",4
DOI:10.1038/s42256-019-0088-2,DOI:10.1007/978-94-007-7844-3_4,2
DOI:10.1038/s42256-019-0088-2,DOI:10.1007/s11948-010-9249-8,2
DOI:10.1038/s42256-019-0088-2,DOI:10.1007/s11948-011-9343-6,2
DOI:10.1038/s42256-019-0088-2,DOI:10.1007/s13347-022-00507-5,3
DOI:10.1038/s42256-019-0088-2,DOI:10.1007/s40593-021-00248-0,4
DOI:10.1038/s42256-019-0088-2,DOI:10.1007/s43681-021-00043-6],2
DOI:10.1038/s42256-019-0088-2,DOI:10.1016/j.jss.2021.111067,4
DOI:10.1038/s42256-019-0088-2,DOI:10.1017/cbo9780511845239.004,2
DOI:10.1038/s42256-019-0088-2,DOI:10.1038/s42256-020-0214-1,3
DOI:10.1038/s42256-019-0088-2,DOI:10.1109/mts.2021.3056286,4
DOI:10.1038/s42256-019-0088-2,DOI:10.1145/3313831.3376445,5
DOI:10.1038/s42256-019-0088-2,DOI:10.1145/3330794,4
DOI:10.1038/s42256-019-0088-2,DOI:10.1186/s12910-022-00746-3,2
DOI:10.1038/s42256-019-0088-2,"HAO KAREN., 2019, MIT TECHNOLOGY REVIEW",2
DOI:10.1038/s42256-019-0088-2,"UMBRELLO STEVEN, 2021, AI ETHICS, V1, P283, DOI [10.1007/S43681-021-00038-3, 10.1007/S43681-021-00038-3]",2
DOI:10.1038/s42256-019-0088-2,"[ANONYMOUS], 2019, RECOMMENDATION COUNC",2
DOI:10.1038/s42256-019-0088-2,"BEAUCHAMP T.L., 2009, PRINCIPLES BIOMEDICA",2
DOI:10.1038/s42256-019-0088-2,DOI:10.1007/s00146-021-01154-8,6
DOI:10.1038/s42256-019-0088-2,DOI:10.1007/s11023-021-09557-8,3
DOI:10.1038/s42256-019-0088-2,DOI:10.1007/s13347-015-0211-1,2
DOI:10.1038/s42256-019-0088-2,DOI:10.1007/s13347-018-0303-9],2
DOI:10.1038/s42256-019-0088-2,DOI:10.1057/jit.2015.5,2
DOI:10.1038/s42256-019-0088-2,DOI:10.1145/3287560.3287596,6
DOI:10.1038/s42256-019-0088-2,DOI:10.1145/3351095.3372873,5
DOI:10.1038/s42256-019-0088-2,DOI:10.1177/1461444816676645,4
DOI:10.1038/s42256-019-0088-2,DOI:10.1177/2053951720983865,2
DOI:10.1038/s42256-019-0088-2,DOI:10.2861/6644,2
DOI:10.1038/s42256-019-0088-2,"ALGORITHMWATCH, 2020, AI ETH GUID GLOB INV",2
DOI:10.1038/s42256-019-0088-2,"CHEN J, 2021, PREPRINT",2
DOI:10.1038/s42256-019-0088-2,DOI:10.1007/978-3-030-30371-6_1,3
DOI:10.1038/s42256-019-0088-2,DOI:10.1016/j.telpol.2020.101937,2
DOI:10.1038/s42256-019-0088-2,DOI:10.1080/09505431.2021.1990875,2
DOI:10.1038/s42256-019-0088-2,DOI:10.1109/ms.2020.2985621,5
DOI:10.1038/s42256-019-0088-2,"GREENE D, 2019, PROCEEDINGS OF THE 52ND ANNUAL HAWAII INTERNATIONAL CONFERENCE ON SYSTEM SCIENCES, P2122",13
DOI:10.1038/s42256-019-0088-2,"COLLINGRIDGE D., 1981, THE SOCIAL CONTROL OF TECHNOLOGY",2
DOI:10.1038/s42256-019-0088-2,"BLACKMAN R., 2022, HARVARD BUSINESS REVIEW",2
DOI:10.1038/s42256-019-0088-2,"BOSSMANN J., 2016, TOP 9 ETHICAL ISSUES IN ARTIFICIAL INTELLIGENCE",2
DOI:10.1038/s42256-019-0088-2,"DAWSON D, 2019, ARTIFICIAL INTELLIGENCE: AUSTRALIA'S ETHICS FRAMEWORK",2
DOI:10.1038/s42256-019-0088-2,DOI:10.1109/ssci47803.2020.9308437,6
DOI:10.1038/s42256-019-0088-2,DOI:10.1126/science.131.3410.1355,2
DOI:10.1038/s42256-019-0088-2,DOI:10.1126/science.aat5991,9
DOI:10.1038/s42256-019-0088-2,DOI:10.1145/3442188.3445971,2
DOI:10.1038/s42256-019-0088-2,"NSW GOVERNMENT, 2020, ARTIFICIAL INTELLIGENCE (AI) ETHICS POLICY",2
DOI:10.1038/s42256-019-0088-2,DOI:10.1002/aaai.12062,2
DOI:10.1038/s42256-019-0088-2,DOI:10.1007/s13347-022-00553-z],5
DOI:10.1038/s42256-019-0088-2,DOI:10.1016/j.jbi.2020.103655,2
DOI:10.1038/s42256-019-0088-2,DOI:10.1038/s42256-020-0186-1,2
DOI:10.1038/s42256-019-0088-2,DOI:10.1145/33066183314289,17
DOI:10.1038/s42256-019-0088-2,DOI:10.1002/widm.1507,2
DOI:10.1038/s42256-019-0088-2,DOI:10.1007/s00146-020-00992-2,5
DOI:10.1038/s42256-019-0088-2,DOI:10.1007/s10551-018-3921-3,7
DOI:10.1038/s42256-019-0088-2,DOI:10.1007/s10676-023-09702-0,2
DOI:10.1038/s42256-019-0088-2,DOI:10.1080/23311975.2024.2333063,2
DOI:10.1038/s42256-019-0088-2,DOI:10.1089/big.2018.0083,3
DOI:10.1038/s42256-019-0088-2,DOI:10.1098/rsta.2016.0360,7
DOI:10.1038/s42256-019-0088-2,DOI:10.1145/2871196,2
DOI:10.1038/s42256-019-0088-2,DOI:10.1177/2053951717736335,3
DOI:10.1038/s42256-019-0088-2,DOI:10.1177/2053951717743530,5
DOI:10.1038/s42256-019-0088-2,DOI:10.22215/timreview/1282,2
DOI:10.1038/s42256-019-0088-2,DOI:10.3390/bdcc7010015,2
DOI:10.1038/s42256-019-0088-2,"EUBANKS VIRGINIA., 2018, AUTOMATING INEQUALITY: HOW HIGH-TECH TOOLS PROFILE, POLICE, AND PUNISH THE POOR",5
DOI:10.1038/s42256-019-0088-2,"HUANG CHANGWU, 2023, IEEE TRANSACTIONS ON ARTIFICIAL INTELLIGENCE, P799, DOI [10.1109/TAI.2022.3194503, 10.1109/TAI.2022.3194503]",6
DOI:10.1038/s42256-019-0088-2,"VAN MAANEN GIJS, 2022, DIGIT SOC, V1, P9, DOI [10.1007/S44206-022-00013-3, 10.1007/S44206-022-00013-3]",3
DOI:10.1038/s42256-019-0088-2,"BELLAMY R.K.E., 2018, CORR ABS/1810.01943",2
DOI:10.1038/s42256-019-0088-2,DOI:10.1007/s00146-020-01010-1,2
DOI:10.1038/s42256-019-0088-2,DOI:10.1007/s00146-020-01069-w,2
DOI:10.1038/s42256-019-0088-2,DOI:10.1007/s10676-019-09502-5,2
DOI:10.1038/s42256-019-0088-2,DOI:10.1007/s11948-019-00151-x,2
DOI:10.1038/s42256-019-0088-2,DOI:10.1016/j.neucom.2025.131942,6
DOI:10.1038/s42256-019-0088-2,DOI:10.1037/a0017103,2
DOI:10.1038/s42256-019-0088-2,DOI:10.1038/d41586-018-05707-8,3
DOI:10.1038/s42256-019-0088-2,DOI:10.1038/d41586-019-01413-1,2
DOI:10.1038/s42256-019-0088-2,DOI:10.1038/d41586-021-01812-3,2
DOI:10.1038/s42256-019-0088-2,DOI:10.1080/03637751.2017.1375130,2
DOI:10.1038/s42256-019-0088-2,DOI:10.1080/1369118x.2012.678878,3
DOI:10.1038/s42256-019-0088-2,DOI:10.1093/idpl/ipx005,3
DOI:10.1038/s42256-019-0088-2,DOI:10.1098/rsta.2016.0122,3
DOI:10.1038/s42256-019-0088-2,DOI:10.1111/j.1467-9973.1985.tb00173.x,2
DOI:10.1038/s42256-019-0088-2,DOI:10.1111/j.1467-9973.1995.tb00553.x,2
DOI:10.1038/s42256-019-0088-2,DOI:10.1177/2053951714559253,2
DOI:10.1038/s42256-019-0088-2,DOI:10.1177/2053951716679679,15
DOI:10.1038/s42256-019-0088-2,DOI:10.1177/2053951719858114,2
DOI:10.1038/s42256-019-0088-2,DOI:10.15779/z38bg31,4
DOI:10.1038/s42256-019-0088-2,DOI:10.1609/aimag.v38i2.2731,3
DOI:10.1038/s42256-019-0088-2,DOI:10.2139/ssrn.3518482],29
DOI:10.1038/s42256-019-0088-2,"EUROPEAN COMMISSION, 2021, PROPOSAL FOR A REGULATION: ARTIFICIAL INTELLIGENCE ACT: AIA",2
DOI:10.1038/s42256-019-0088-2,"MINGERS J, 2010, MIS QUART, V34, P833",2
DOI:10.1038/s42256-019-0088-2,"ONEIL CATHY., 2016, WEAPONS_OF_MATH_DESTRUCTION:_HOW_BIG_DATA_INCREASES INEQUALITY_AND_THREATENS_DEMOCRACY",3
DOI:10.1038/s42256-019-0088-2,"BERENDT BETTINA, 2019, PALADYN, JOURNAL OF BEHAVIORAL ROBOTICS, V10, P44, DOI [10.1515/PJBR-2019-0004, 10.1515/PJBR-2019-0004]",2
DOI:10.1038/s42256-019-0088-2,"COECKELBERGH M., 2020, AI ETHICS",4
DOI:10.1038/s42256-019-0088-2,DOI:10.1007/978-3-319-10377-8_13,2
DOI:10.1038/s42256-019-0088-2,DOI:10.1007/s10676-018-9457-5,2
DOI:10.1038/s42256-019-0088-2,DOI:10.1007/s11192-009-0146-3,2
DOI:10.1038/s42256-019-0088-2,DOI:10.1145/2090236.2090255],2
DOI:10.1038/s42256-019-0088-2,DOI:10.1145/230538.230561,2
DOI:10.1038/s42256-019-0088-2,DOI:10.1145/3287560.3287567,2
DOI:10.1038/s42256-019-0088-2,DOI:10.1145/3351095.3372860,9
DOI:10.1038/s42256-019-0088-2,"EUBANKS V., 2018, AUTOMATING INEQUALITY: HOW HIGH-TECH TOOLS PROFILE, POLICE, AND PUNISH THE POOR",3
DOI:10.1038/s42256-019-0088-2,"WASHINGTON A.L., 2018, COLO. TECH. LJ, V17, P131",2
DOI:10.1038/s42256-019-0088-2,"WHITTLESTONE J., 2019, ETHICAL AND SOCIETAL IMPLICATIONS OF ALGORITHMS, DATA, AND ARTIFICIAL INTELLIGENCE: A ROADMAP FOR RESEARCH",4
DOI:10.1038/s42256-019-0088-2,DOI:10.1007/s43681-020-00013-4],4
DOI:10.1038/s42256-019-0088-2,DOI:10.1007/s43681-021-00065-0],2
DOI:10.1038/s42256-019-0088-2,DOI:10.1007/s43681-021-00122-8,4
DOI:10.1038/s42256-019-0088-2,DOI:10.1007/s43681-023-00258-9,4
DOI:10.1038/s42256-019-0088-2,DOI:10.1016/j.patter.2021.100314,7
DOI:10.1038/s42256-019-0088-2,DOI:10.1016/j.patter.2023.100818,2
DOI:10.1038/s42256-019-0088-2,DOI:10.1016/j.patter.2023.100857,9
DOI:10.1038/s42256-019-0088-2,DOI:10.1017/als.2020.19,5
DOI:10.1038/s42256-019-0088-2,DOI:10.1017/cbo9780511554476],2
DOI:10.1038/s42256-019-0088-2,DOI:10.1108/jices-12-2019-0138,10
DOI:10.1038/s42256-019-0088-2,DOI:10.1177/02761467241285793,2
DOI:10.1038/s42256-019-0088-2,DOI:10.2307/2025709,2
DOI:10.1038/s42256-019-0088-2,"REES CONNOR, 2022, AI ETHICS, P1, DOI [10.1007/S43681-022-00232-X, 10.1007/S43681-022-00232-X]",2
DOI:10.1038/s42256-019-0088-2,"DEVLIN J, 2019, 2019 CONFERENCE OF THE NORTH AMERICAN CHAPTER OF THE ASSOCIATION FOR COMPUTATIONAL LINGUISTICS: HUMAN LANGUAGE TECHNOLOGIES (NAACL HLT 2019), VOL. 1, P4171",4
DOI:10.1038/s42256-019-0088-2,DOI:10.1007/s11948-015-9652-2,2
DOI:10.1038/s42256-019-0088-2,DOI:10.1017/bhj.2019.28,2
DOI:10.1038/s42256-019-0088-2,DOI:10.1080/09528130050111428,2
DOI:10.1038/s42256-019-0088-2,DOI:10.1093/jleo/ewac004,3
DOI:10.1038/s42256-019-0088-2,DOI:10.1108/dprg-08-2018-0049,2
DOI:10.1038/s42256-019-0088-2,DOI:10.1147/jrd.2019.2942287,2
DOI:10.1038/s42256-019-0088-2,"RUSSELL S., 2002, ARTIFICIAL INTELLIGENCE: A MODERN APPROACH",5
DOI:10.1038/s42256-019-0088-2,"VERMA S, 2018, 2018 IEEE/ACM INTERNATIONAL WORKSHOP ON SOFTWARE FAIRNESS (FAIRWARE 2018), P1, DOI [10.1108/CASE.IIMA.2020.000089, 10.1145/3194770.3194776, 10.23919/FAIRWARE.2018.8452913]",3
DOI:10.1038/s42256-019-0088-2,"ADAMS C, 2023, COMPUT EDUC-ARTIF IN, V4, DOI [10.1016/J.CAEAI.2023.100131, 10.1016/J.CAEAI.2023.100131]",2
DOI:10.1038/s42256-019-0088-2,DOI:10.1002/9781119815075.ch45,4
DOI:10.1038/s42256-019-0088-2,DOI:10.1007/978-3-031-37776-1_20,2
DOI:10.1038/s42256-019-0088-2,DOI:10.1007/s10639-022-11316-w,5
DOI:10.1038/s42256-019-0088-2,DOI:10.1007/s11948-017-9901-7,5
DOI:10.1038/s42256-019-0088-2,DOI:10.1007/s40593-021-00270-2,4
DOI:10.1038/s42256-019-0088-2,DOI:10.1016/j.chb.2018.12.023,2
DOI:10.1038/s42256-019-0088-2,DOI:10.1080/14703297.2023.2190148,2
DOI:10.1038/s42256-019-0088-2,DOI:10.1186/s41239-023-00408-3,4
DOI:10.1038/s42256-019-0088-2,DOI:10.37074/jalt.2023.6.2.4],2
DOI:10.1038/s42256-019-0088-2,DOI:10.4135/9781071802878,2
DOI:10.1038/s42256-019-0088-2,"HSIEH HF, 2005, QUAL HEALTH RES, V15, P1277, DOI [10.1177/1049732305276687, 10.1111/EVA.13711]",3
DOI:10.1038/s42256-019-0088-2,"MEMARIAN B, 2023, COMPUT EDUC-ARTIF IN, V5, DOI [10.1016/J.CAEAI.2023.100152, 10.1016/J.CAEAI.2023.100152]",3
DOI:10.1038/s42256-019-0088-2,"SCHIFF DANIEL, 2021, IEEE TRANSACTIONS ON TECHNOLOGY AND SOCIETY, V2, P31, DOI [10.1109/TTS.2021.3052127, 10.1109/TTS.2021.3052127]",3
DOI:10.1038/s42256-019-0088-2,"ZENG Y, 2018, ARXIV, DOI ARXIV:1812.04814",2
DOI:10.1038/s42256-019-0088-2,"AKGUN SELIN, 2022, AI ETHICS, V2, P431, DOI [10.1007/S43681-021-00096-7, 10.1007/S43681-021-00096-7]",5
DOI:10.1038/s42256-019-0088-2,DOI:10.1007/s00146-022-01497-w,2
DOI:10.1038/s42256-019-0088-2,DOI:10.1007/s11948-016-9797-7,3
DOI:10.1038/s42256-019-0088-2,DOI:10.1007/s40593-022-00293-3,3
DOI:10.1038/s42256-019-0088-2,DOI:10.1007/s40593-022-00298-y,2
DOI:10.1038/s42256-019-0088-2,DOI:10.1016/j.caeai.2021.100041,3
DOI:10.1038/s42256-019-0088-2,DOI:10.1016/j.ijinfomgt.2023.102642,3
DOI:10.1038/s42256-019-0088-2,DOI:10.1037//0033-295x.108.4.814,2
DOI:10.1038/s42256-019-0088-2,DOI:10.1037/13620-004,2
DOI:10.1038/s42256-019-0088-2,DOI:10.1080/10494820.2021.1926289,3
DOI:10.1038/s42256-019-0088-2,DOI:10.1145/3313831.3376727,5
DOI:10.1038/s42256-019-0088-2,DOI:10.1145/3530019.3531329,5
DOI:10.1038/s42256-019-0088-2,DOI:10.1145/3634685,2
DOI:10.1038/s42256-019-0088-2,DOI:10.3390/su142114549,2
DOI:10.1038/s42256-019-0088-2,DOI:10.5555/3447307.3447313,2
DOI:10.1038/s42256-019-0088-2,"GRIFFIN TRICIA A., 2025, AI AND ETHICS, V5, P1087, DOI [10.1007/S43681-024-00458-X, 10.1007/S43681-024-00458-X]",2
DOI:10.1038/s42256-019-0088-2,"KROLL JA, 2017, U PENN LAW REV, V165, P633",3
DOI:10.1038/s42256-019-0088-2,"LUNDBERG SM, 2017, ADV NEUR IN, V30",5
DOI:10.1038/s42256-019-0088-2,"VAN BRUMMELEN J, 2021, AAAI CONF ARTIF INTE, V35, P15655",2
DOI:10.1038/s42256-019-0088-2,"ADAMS C, 2022, INT REV INF ETHICS, V31",2
DOI:10.1038/s42256-019-0088-2,DOI:10.1007/s00146-022-01602-z,3
DOI:10.1038/s42256-019-0088-2,DOI:10.1057/s41599-024-03432-4,2
DOI:10.1038/s42256-019-0088-2,DOI:10.1186/s41239-023-00436-z,4
DOI:10.1038/s42256-019-0088-2,"BEAUCHAMP T.L., 2001, PRINCIPLES OF BIOMEDICAL ETHICS",3
DOI:10.1038/s42256-019-0088-2,DOI:10.1007/s11948-021-00336-3,2
DOI:10.1038/s42256-019-0088-2,DOI:10.1016/j.joule.2023.09.004,2
DOI:10.1038/s42256-019-0088-2,DOI:10.1016/j.robot.2016.08.018,2
DOI:10.1038/s42256-019-0088-2,DOI:10.1145/242485.242493],2
DOI:10.1038/s42256-019-0088-2,DOI:10.1145/3381831,3
DOI:10.1038/s42256-019-0088-2,DOI:10.3390/jcm8030360,2
DOI:10.1038/s42256-019-0088-2,DOI:10.4159/9780674982109,2
DOI:10.1038/s42256-019-0088-2,"LUCCIONI AS, 2023, J MACH LEARN RES, V24",2
DOI:10.1038/s42256-019-0088-2,DOI:10.1007/978-94-007-1356-7_2,2
DOI:10.1038/s42256-019-0088-2,DOI:10.1007/s11024-009-9127-1,2
DOI:10.1038/s42256-019-0088-2,DOI:10.11648/j.ajtas.20160501.11,2
DOI:10.1038/s42256-019-0088-2,DOI:10.2139/ssrn.3414805,3
DOI:10.1038/s42256-019-0088-2,DOI:10.2307/j.ctvhrd092.18,10
DOI:10.1038/s42256-019-0088-2,"TALLACCHINI M, 2015, GENET SOC, P156",2
DOI:10.1038/s42256-019-0088-2,DOI:10.1007/s10676-018-9453-9,3
DOI:10.1038/s42256-019-0088-2,DOI:10.1007/s11023-017-9417-6,2
DOI:10.1038/s42256-019-0088-2,DOI:10.1007/s11948-020-00240-2,2
DOI:10.1038/s42256-019-0088-2,DOI:10.1007/s13347-020-00402-x],5
DOI:10.1038/s42256-019-0088-2,DOI:10.1080/14494035.2020.1855800,2
DOI:10.1038/s42256-019-0088-2,DOI:10.1126/science.aau6595,2
DOI:10.1038/s42256-019-0088-2,DOI:10.7551/mitpress/12549.001.0001,4
DOI:10.1038/s42256-019-0088-2,DOI:10.1007/978-3-030-33742-1_21,4
DOI:10.1038/s42256-019-0088-2,DOI:10.1007/978-3-030-49392-9_13,5
DOI:10.1038/s42256-019-0088-2,DOI:10.1007/s10551-019-04226-4,2
DOI:10.1038/s42256-019-0088-2,DOI:10.1007/s11023-020-09521-y,3
DOI:10.1038/s42256-019-0088-2,DOI:10.1007/s13347-017-0263-5],5
DOI:10.1038/s42256-019-0088-2,DOI:10.1038/d41586-020-01578-0,2
DOI:10.1038/s42256-019-0088-2,DOI:10.1093/mind/lix.236.433],2
DOI:10.1038/s42256-019-0088-2,DOI:10.1098/rsta.2018.0081,5
DOI:10.1038/s42256-019-0088-2,DOI:10.1108/jices-04-2019-0039,3
DOI:10.1038/s42256-019-0088-2,DOI:10.1111/bjet.12868,2
DOI:10.1038/s42256-019-0088-2,DOI:10.1145/3351095.3373152,3
DOI:10.1038/s42256-019-0088-2,"ANGWIN J., 2016, PROPUBLICA",5
DOI:10.1038/s42256-019-0088-2,DOI:10.1007/s00146-021-01294-x,3
DOI:10.1038/s42256-019-0088-2,DOI:10.1016/j.dss.2020.113302,2
DOI:10.1038/s42256-019-0088-2,DOI:10.1016/j.im.2024.103969,2
DOI:10.1038/s42256-019-0088-2,DOI:10.1038/s42256-021-00370-7,2
DOI:10.1038/s42256-019-0088-2,DOI:10.1145/2939672.2939778],2
DOI:10.1038/s42256-019-0088-2,DOI:10.1145/3097983.3098095,3
DOI:10.1038/s42256-019-0088-2,DOI:10.1145/3278721.3278779,3
DOI:10.1038/s42256-019-0088-2,DOI:10.1561/0400000042,3
DOI:10.1038/s42256-019-0088-2,DOI:10.23919/mipro.2018.8400040,2
DOI:10.1038/s42256-019-0088-2,DOI:10.3389/frai.2024.1377011,2
DOI:10.1038/s42256-019-0088-2,DOI:10.9785/cri-2019-200402,4
DOI:10.1038/s42256-019-0088-2,"RUSSELL C, 2017, ADV NEUR IN, V30",2
DOI:10.1038/s42256-019-0088-2,"STRUBELL E, 2019, 57TH ANNUAL MEETING OF THE ASSOCIATION FOR COMPUTATIONAL LINGUISTICS (ACL 2019), P3645",2
DOI:10.1038/s42256-019-0088-2,"BEAUCHAMP TOM L., 2003, EM A COMPANION TO APPLIED ETHICS, P1",2
DOI:10.1038/s42256-019-0088-2,DOI:10.1016/j.jbusres.2020.11.030,4
DOI:10.1038/s42256-019-0088-2,DOI:10.1145/3351095.3372833,3
DOI:10.1038/s42256-019-0088-2,DOI:10.1215/9780822381952-013,2
DOI:10.1038/s42256-019-0088-2,DOI:10.48550/arxiv.1812.04814,2
DOI:10.1038/s42256-019-0088-2,"FJELD J., 2020, PRINCIPLED ARTIFICIA",2
DOI:10.1038/s42256-019-0088-2,"VALLOR S., 2016, TECHNOLOGY VIRTUES P",2
DOI:10.1038/s42256-019-0088-2,"WHITTLESTONE J., 2019, ETHICAL SOC IMPLICAT",2
DOI:10.1038/s42256-019-0088-2,"AI4K12, 2020, GRAND BAND PROGR CHA",2
DOI:10.1038/s42256-019-0088-2,"BROWN S. R., 1980, POLITICAL SUBJECTIVI",2
DOI:10.1038/s42256-019-0088-2,DOI:10.1007/s11423-021-10018-3],2
DOI:10.1038/s42256-019-0088-2,DOI:10.1016/j.edurev.2020.100361,2
DOI:10.1038/s42256-019-0088-2,DOI:10.1145/3290605.3300677,2
DOI:10.1038/s42256-019-0088-2,DOI:10.1177/1077800403259491,2
DOI:10.1038/s42256-019-0088-2,DOI:10.1177/20539517221092956,7
DOI:10.1038/s42256-019-0088-2,DOI:10.1186/s40594-023-00418-7,4
DOI:10.1038/s42256-019-0088-2,DOI:10.1348/014466604x23473,2
DOI:10.1038/s42256-019-0088-2,DOI:10.22488/okstate.11.100594,2
DOI:10.1038/s42256-019-0088-2,DOI:10.3389/fcomp.2022.776837,3
DOI:10.1038/s42256-019-0088-2,DOI:10.4018/jdm.2020040105,10
DOI:10.1038/s42256-019-0088-2,DOI:10.4135/9781848607927,2
DOI:10.1038/s42256-019-0088-2,"FAST E, 2017, AAAI CONF ARTIF INTE, P963",2
DOI:10.1038/s42256-019-0088-2,"LUCKIN R., 2016, INTELLIGENCE UNLEASH",2
DOI:10.1038/s42256-019-0088-2,"PEW RESEARCH CENTER, 2021, EXPERTS DOUBT ETHICA",2
DOI:10.1038/s42256-019-0088-2,"ZABALA A, 2014, R J, V6, P163",2
DOI:10.1038/s42256-019-0088-2,DOI:10.1136/bmjopen-2022-064362,3
DOI:10.1038/s42256-019-0088-2,DOI:10.1177/01634437221099612,3
DOI:10.1038/s42256-019-0088-2,DOI:10.1177/0268580900015002005,2
DOI:10.1038/s42256-019-0088-2,DOI:10.2307/j.ctv1ghv45t,3
DOI:10.1038/s42256-019-0088-2,DOI:10.2966/scrip.170220.389],2
DOI:10.1038/s42256-019-0088-2,DOI:10.48550/arxiv.1802.01852,2
DOI:10.1038/s42256-019-0088-2,"EUBANKS V., 2018, AUTOMATING INEQUALIT",2
DOI:10.1038/s42256-019-0088-2,"ZUBOFF S., 2019, AGE SURVEILLANCE CAP",2
DOI:10.1038/s42256-019-0088-2,DOI:10.1007/s00146-021-01168-2,3
DOI:10.1038/s42256-019-0088-2,DOI:10.1007/s40593-021-00239-1,8
DOI:10.1038/s42256-019-0088-2,DOI:10.1080/08838151.2020.1843357,3
DOI:10.1038/s42256-019-0088-2,DOI:10.1080/10447318.2020.1801227,2
DOI:10.1038/s42256-019-0088-2,DOI:10.1080/10447318.2021.2009669,3
DOI:10.1038/s42256-019-0088-2,DOI:10.1098/rsta.2018.0080,6
DOI:10.1038/s42256-019-0088-2,"YU H, 2018, PROCEEDINGS OF THE TWENTY-SEVENTH INTERNATIONAL JOINT CONFERENCE ON ARTIFICIAL INTELLIGENCE, P5527",2
DOI:10.1038/s42256-019-0088-2,DOI:10.1016/s2589-7500(19)30123-2,2
DOI:10.1038/s42256-019-0088-2,"FLORIDI LUCIANO., 2014, 4 REVOLUTION INFOSPH",3
DOI:10.1038/s42256-019-0088-2,DOI:10.1038/sdata.2016.18,2
DOI:10.1038/s42256-019-0088-2,"*SMART DUB, 2018, AI ETH PRINC GUID",3
DOI:10.1038/s42256-019-0088-2,"ANDERSON MICHAEL., 2011, MACHINE ETHICS",2
DOI:10.1038/s42256-019-0088-2,"BEIJING A, 2019, @A(!2020.& LIYING.ANALYSISOFDROUGHTCHARACTERISTICSBASED ON MULTIPLEINDICESIN THEHEXIINLAND RIVERBASIN& D'",2
DOI:10.1038/s42256-019-0088-2,"BUOLAMWINI JOY., 2018, C FAIRNESS ACCOUNTAB, V81, P1",5
DOI:10.1038/s42256-019-0088-2,"CAMPOLO A., 2017, AI NOW 2017 REPORT",2
DOI:10.1038/s42256-019-0088-2,"CRAWFORD K., 2018, ANATOMY OF AN AI SYSTEM",2
DOI:10.1038/s42256-019-0088-2,DOI:10.1007/978-3-319-60648-4,5
DOI:10.1038/s42256-019-0088-2,DOI:10.1007/s10892-017-9252-2,2
DOI:10.1038/s42256-019-0088-2,DOI:10.1007/s11948-016-9759-0,4
DOI:10.1038/s42256-019-0088-2,DOI:10.1073/pnas.1320040111,3
DOI:10.1038/s42256-019-0088-2,DOI:10.1080/1369118x.2016.1154087,3
DOI:10.1038/s42256-019-0088-2,DOI:10.1145/3287560.3287585,2
DOI:10.1038/s42256-019-0088-2,DOI:10.1145/3458723,5
DOI:10.1038/s42256-019-0088-2,DOI:10.1177/1024258916687250,2
DOI:10.1038/s42256-019-0088-2,DOI:10.2307/j.ctvjk2wr9,3
DOI:10.1038/s42256-019-0088-2,DOI:10.4337/9781783476732.00017,2
DOI:10.1038/s42256-019-0088-2,"FUTURE OF LIFE INSTITUTE, 2017, PRINC DEV CONJ 2017",2
DOI:10.1038/s42256-019-0088-2,"PARISER ELI., 2011, FILTER BUBBLE WHAT I",2
DOI:10.1038/s42256-019-0088-2,"SCHNEIER BRUCE., 2018, CLICK HERE KILL EVER, VFIRST",2
DOI:10.1038/s42256-019-0088-2,"VAKKURI V, 2018, INT ICE CONF ENG",2
DOI:10.1038/s42256-019-0088-2,DOI:10.1007/978-3-030-30371-6,7
DOI:10.1038/s42256-019-0088-2,DOI:10.1007/978-3-540-79228-4_1,2
DOI:10.1038/s42256-019-0088-2,DOI:10.1007/s00146-021-01148-6,5
DOI:10.1038/s42256-019-0088-2,DOI:10.1007/s11948-021-00293-x,2
DOI:10.1038/s42256-019-0088-2,DOI:10.1007/s43681-022-00143-x],2
DOI:10.1038/s42256-019-0088-2,DOI:10.1080/0960085x.2022.2026621,3
DOI:10.1038/s42256-019-0088-2,DOI:10.1145/3298981,2
DOI:10.1038/s42256-019-0088-2,DOI:10.1145/3419764,3
DOI:10.1038/s42256-019-0088-2,DOI:10.1191/1478088706qp063oa,7
DOI:10.1038/s42256-019-0088-2,DOI:10.3390/app12094130,3
DOI:10.1038/s42256-019-0088-2,DOI:10.48550/arxiv.1810.01943],2
DOI:10.1038/s42256-019-0088-2,"LU QH, 2022, 2022 ACM/IEEE 44TH INTERNATIONAL CONFERENCE ON SOFTWARE ENGINEERING: SOFTWARE ENGINEERING IN PRACTICE (ICSE-SEIP 2022), P241, DOI [10.1145/3510457.3513063, 10.1109/ICSE-SEIP55303.2022.9793864]",2
DOI:10.1038/s42256-019-0088-2,"ONEIL C., 2016, WEAPONS OF MATH DESTRUCTION: HOW BIG DATA INCREASES INEQUALITY AND THREATENS DEMOCRACY",2
DOI:10.1038/s42256-019-0088-2,"[ANONYMOUS], 2021, LAYING DOWN HARMONISED RULES ON ARTIFICIAL INTELLIGENCE (ARTIFICIAL INTELLIGENCE ACT) AND AMENDING CERTAIN UNION LEGISLATIVE ACTS, PROPOSAL FOR A REGULATION COM/2021/206 FINAL, P1",2
DOI:10.1038/s42256-019-0088-2,"BRYNJOLFFSON ERICANDREW MCAFEE., 2014, THE SECOND MACHINE AGE: WORK, PROGRESS, AND PROSPERITY IN A TIME OF BRILLIANT TECHNOLOGIES",2
DOI:10.1038/s42256-019-0088-2,DOI:10.1007/978-3-030-77626-8_34,2
DOI:10.1038/s42256-019-0088-2,DOI:10.1007/978-3-319-90869-4_7,2
DOI:10.1038/s42256-019-0088-2,DOI:10.1007/s00146-020-00960-w,2
DOI:10.1038/s42256-019-0088-2,DOI:10.1007/s10676-009-9187-9,3
DOI:10.1038/s42256-019-0088-2,DOI:10.2307/2529310,2
DOI:10.1038/s42256-019-0088-2,"STRAUSS A., 1990, BASICS OF QUALITATIVE RESEARCH",3
DOI:10.1038/s42256-019-0088-2,DOI:10.1007/s00146-021-01256-3,3
DOI:10.1038/s42256-019-0088-2,DOI:10.1007/s00146-021-01380-0,2
DOI:10.1038/s42256-019-0088-2,DOI:10.1007/s12369-019-00605-z,2
DOI:10.1038/s42256-019-0088-2,DOI:10.7551/mitpress/7585.001.0001,2
DOI:10.1038/s42256-019-0088-2,DOI:10.1007/s11948-012-9413-4,3
DOI:10.1038/s42256-019-0088-2,DOI:10.1016/j.clsr.2019.04.007,3
DOI:10.1038/s42256-019-0088-2,DOI:10.1016/j.clsr.2020.105404,3
DOI:10.1038/s42256-019-0088-2,DOI:10.1080/03071847.2019.1694260,3
DOI:10.1038/s42256-019-0088-2,DOI:10.1080/1369118x.2020.1713842,7
DOI:10.1038/s42256-019-0088-2,DOI:10.1098/rsta.2018.0084,2
DOI:10.1038/s42256-019-0088-2,DOI:10.1098/rsta.2018.0085,7
DOI:10.1038/s42256-019-0088-2,DOI:10.1145/3290605.3300830,3
DOI:10.1038/s42256-019-0088-2,DOI:10.1145/3306618.3314289,2
DOI:10.1038/s42256-019-0088-2,DOI:10.1145/3375627.3375828,2
DOI:10.1038/s42256-019-0088-2,DOI:10.5465/amr.2018.0072,2
DOI:10.1038/s42256-019-0088-2,DOI:10.5465/annals.2018.0174,2
DOI:10.1038/s42256-019-0088-2,"FOUNTAIN T, 2019, HARVARD BUS REV, V97, P62",2
DOI:10.1038/s42256-019-0088-2,DOI:10.1007/978-3-030-56286-1_9],2
DOI:10.1038/s42256-019-0088-2,DOI:10.1007/978-3-030-81907-1_2],2
DOI:10.1038/s42256-019-0088-2,DOI:10.1007/s10551-019-04407-1,2
DOI:10.1038/s42256-019-0088-2,DOI:10.1007/s10551-021-05032-7,3
DOI:10.1038/s42256-019-0088-2,DOI:10.1007/s10551-022-05050-z,3
DOI:10.1038/s42256-019-0088-2,DOI:10.1007/s10551-022-05051-y,2
DOI:10.1038/s42256-019-0088-2,DOI:10.1007/s10676-021-09619-6,2
DOI:10.1038/s42256-019-0088-2,DOI:10.1016/j.socscimed.2022.114782,2
DOI:10.1038/s42256-019-0088-2,DOI:10.1037/amp0000972,2
DOI:10.1038/s42256-019-0088-2,DOI:10.1080/03080188.2020.1840220,2
DOI:10.1038/s42256-019-0088-2,DOI:10.1109/seaa.2019.00015,2
DOI:10.1038/s42256-019-0088-2,DOI:10.1177/102831539700100211,2
DOI:10.1038/s42256-019-0088-2,DOI:10.1177/17470161211022790,2
DOI:10.1038/s42256-019-0088-2,DOI:10.4018/ijt.20210101.oa2,2
DOI:10.1038/s42256-019-0088-2,DOI:10.54648/eulr2020024,2
DOI:10.1038/s42256-019-0088-2,DOI:10.1145/3287560.3287574,4
DOI:10.1038/s42256-019-0088-2,"BENJAMIN RUHA., 2019, RACE TECHNOLOGY ABOL",4
DOI:10.1038/s42256-019-0088-2,"NOBLE SU, 2018, ALGORITHMS OF OPPRESSION, P1",3
DOI:10.1038/s42256-019-0088-2,DOI:10.1007/s10551-022-05060-x,2
DOI:10.1038/s42256-019-0088-2,DOI:10.1145/3531146.3533097,2
DOI:10.1038/s42256-019-0088-2,"FUNG PASCALE, 2023, AI ETHICS, V3, P505, DOI [10.1007/S43681-022-00180-6, 10.1007/S43681-022-00180-6]",2
DOI:10.1038/s42256-019-0088-2,DOI:10.1017/cbo9780511815355,2
DOI:10.1038/s42256-019-0088-2,DOI:10.1109/access.2020.2988510,2
DOI:10.1038/s42256-019-0088-2,DOI:10.1186/s41239-019-0171-0,6
DOI:10.1038/s42256-019-0088-2,DOI:10.1007/s10551-009-0347-y,2
DOI:10.1038/s42256-019-0088-2,DOI:10.1023/b:mind.0000035461.63578.9d,2
DOI:10.1038/s42256-019-0088-2,DOI:10.2759/177365,4
DOI:10.1038/s42256-019-0088-2,"[ANONYMOUS], 2018, RESPONSIBLE BOTS: 10 GUIDELINES FOR DEVELOPERS OF CONVERSATIONAL AI",2
DOI:10.1038/s42256-019-0088-2,"[ANONYMOUS], ETHICALLY ALIGNED DESIGN: A VISION FOR PRIORITIZING HUMAN WELL-BEING WITH AUTONOMOUS AND INTELLIGENT SYSTEMS",2
DOI:10.1038/s42256-019-0088-2,DOI:10.1007/s10676-018-9450-z,3
DOI:10.1038/s42256-019-0088-2,DOI:10.1007/s43681-020-00011-6],6
DOI:10.1038/s42256-019-0088-2,DOI:10.1145/3287560.3287600,2
DOI:10.1038/s42256-019-0088-2,DOI:10.1016/j.caeai.2025.100405,4
DOI:10.1038/s42256-019-0088-2,DOI:10.1057/s41599-024-04044-8,2
DOI:10.1038/s42256-019-0088-2,DOI:10.1186/1748-5908-5-69,2
DOI:10.1038/s42256-019-0088-2,"UNESCO, 2021, RECOMMENDATION ETHIC",4
DOI:10.1038/s42256-019-0088-2,DOI:10.1080/1369118x.2023.2205493,2
DOI:10.1038/s42256-019-0088-2,DOI:10.1177/1527476419837739,2
DOI:10.1038/s42256-019-0088-2,DOI:10.4324/9780203902752,2
DOI:10.1038/s42256-019-0088-2,"FRICKER M, 2008, THEORIA-SPAIN, V23, P69",2
DOI:10.1038/s42256-019-0088-2,"ROCHE CATHY, 2022, AI ETHICS, P1, DOI [10.1007/S43681-022-00218-9, 10.1007/S43681-022-00218-9]",2
DOI:10.1038/s42256-019-0088-2,DOI:10.1007/s00146-022-01578-w,3
DOI:10.1038/s42256-019-0088-2,DOI:10.1007/s43681-022-00156-6],2
DOI:10.1038/s42256-019-0088-2,"FUNG PASCALE, 2021, [NO TITLE CAPTURED]",2
DOI:10.1038/s42256-019-0088-2,"LASKAI LORAND, 2019, CHINESE EXPERT GROUP OFFERS 'GOVERNANCE PRINCIPLES' FOR 'RESPONSIBLE AI'",2
DOI:10.1038/s42256-019-0088-2,"THE IEEE GLOBAL INITIATIVE ON ETHICS OF AUTONOMOUS AND INTELLIGENT SYSTEMS, 2019, TECHNICAL REPORT",2
DOI:10.1038/s42256-019-0088-2,"DASTIN JEREY., 2018, REUTERS",3
DOI:10.1038/s42256-019-0088-2,DOI:10.1007/s10551-019-04213-9,2
DOI:10.1038/s42256-019-0088-2,DOI:10.1007/s10551-021-04843-y,3
DOI:10.1038/s42256-019-0088-2,DOI:10.1007/s11747-019-00696-0,2
DOI:10.1038/s42256-019-0088-2,DOI:10.1007/s11747-020-00749-9,2
DOI:10.1038/s42256-019-0088-2,DOI:10.1007/s13162-024-00275-9,2
DOI:10.1038/s42256-019-0088-2,DOI:10.1016/j.ijresmar.2021.11.002,2
DOI:10.1038/s42256-019-0088-2,DOI:10.1016/j.jbusres.2021.01.055,2
DOI:10.1038/s42256-019-0088-2,DOI:10.1016/j.jbusres.2021.07.043,2
DOI:10.1038/s42256-019-0088-2,DOI:10.1016/j.tics.2019.02.008,2
DOI:10.1038/s42256-019-0088-2,DOI:10.1080/10508422.2020.1776617,2
DOI:10.1038/s42256-019-0088-2,DOI:10.1177/0011000006287390,2
DOI:10.1038/s42256-019-0088-2,DOI:10.1177/027614678600600103],2
DOI:10.1038/s42256-019-0088-2,DOI:10.1177/1094670517752459,2
DOI:10.1038/s42256-019-0088-2,"GHALLAB MALIK, 2019, AI PERSPECTIVES, V1, DOI [10.1186/S42467-019-0003-Z, 10.1186/S42467-019-0003-Z]",2
DOI:10.1038/s42256-019-0088-2,"HAIR JF., 2010, MULTIVARIATE DATA ANALYSIS, V7TH",3
DOI:10.1038/s42256-019-0088-2,DOI:10.1007/s10462-024-10740-3,2
DOI:10.1038/s42256-019-0088-2,DOI:10.1186/s12910-023-01000-0,2
DOI:10.1038/s42256-019-0088-2,"ACCESS NOW, 2018, HUM RIGHTS AG ART IN",2
DOI:10.1038/s42256-019-0088-2,"TELEFONICA, 2018, REPORT",2
DOI:10.1038/s42256-019-0088-2,"UNIVERSITY OF MONTREAL, 2018, MONTR DECL RESP DEV",2
DOI:10.1038/s42256-019-0088-2,"[ANONYMOUS], 2018, GOOGLE",2
DOI:10.1038/s42256-019-0088-2,DOI:10.1007/978-3-030-69978-9_4,3
DOI:10.1038/s42256-019-0088-2,DOI:10.2139/ssrn.3306006],2
DOI:10.1038/s42256-019-0088-2,DOI:10.1109/msp.2018.2701164,4
DOI:10.1038/s42256-019-0088-2,DOI:10.1001/jama.2019.18058,2
DOI:10.1038/s42256-019-0088-2,DOI:10.1007/s12525-020-00441-4,4
DOI:10.1038/s42256-019-0088-2,DOI:10.1038/nature21056,2
DOI:10.1038/s42256-019-0088-2,DOI:10.1038/s41746-020-0294-7,2
DOI:10.1038/s42256-019-0088-2,DOI:10.1097/acm.0000000000004291,2
DOI:10.1038/s42256-019-0088-2,DOI:10.1101/2021.01.14.21249830,2
DOI:10.1038/s42256-019-0088-2,DOI:10.1136/bmjqs-2018-008370,2
DOI:10.1038/s42256-019-0088-2,DOI:10.1177/0008125619864925,8
DOI:10.1038/s42256-019-0088-2,DOI:10.1177/23821205211036836,2
DOI:10.1038/s42256-019-0088-2,DOI:10.1186/s12909-022-03852-3,2
DOI:10.1038/s42256-019-0088-2,DOI:10.1186/s12909-023-04698-z,2
DOI:10.1038/s42256-019-0088-2,DOI:10.1371/journal.pdig.0000198,2
DOI:10.1038/s42256-019-0088-2,DOI:10.2139/ssrn.3403301],2
DOI:10.1038/s42256-019-0088-2,DOI:10.2196/45312,2
DOI:10.1038/s42256-019-0088-2,DOI:10.2196/46885,2
DOI:10.1038/s42256-019-0088-2,DOI:10.2196/48163,2
DOI:10.1038/s42256-019-0088-2,DOI:10.4103/jfmpc.jfmpc_440_19,2
DOI:10.1038/s42256-019-0088-2,DOI:10.48550/arxiv.2109.02866],2
DOI:10.1038/s42256-019-0088-2,DOI:10.5334/pme.954,2
DOI:10.1038/s42256-019-0088-2,"HAMET P, 2017, METABOLISM, V69, PS36, DOI [10.26738/MJEM.2017/MJEM26.2018/PLH.CRE.041017, 10.1016/J.METABOL.2017.01.011]",2
DOI:10.1038/s42256-019-0088-2,"PARANJAPE KETAN, 2019, JMIR MED EDUC, V5, PE16048, DOI [10.2196/16048, 10.2196/16048]",2
DOI:10.1038/s42256-019-0088-2,"WARTMAN STEVEN A, 2019, AMA J ETHICS, V21, PE146, DOI [10.1001/AMAJETHICS.2019.146, 10.1001/AMAJETHICS.2019.146]",2
DOI:10.1038/s42256-019-0088-2,"[ANONYMOUS], 2019, ETHICS GUIDELINES FOR TRUSTWORTHY AL",4
DOI:10.1038/s42256-019-0088-2,DOI:10.1016/j.eng.2019.12.015,3
DOI:10.1038/s42256-019-0088-2,DOI:10.1016/j.ijinfomgt.2019.08.002,2
DOI:10.1038/s42256-019-0088-2,DOI:10.1016/j.jbusres.2022.01.083,2
DOI:10.1038/s42256-019-0088-2,DOI:10.1177/0894439317698637,2
DOI:10.1038/s42256-019-0088-2,DOI:10.17705/2msqe.00012,2
DOI:10.1038/s42256-019-0088-2,DOI:10.1007/s11948-020-00228-y,2
DOI:10.1038/s42256-019-0088-2,DOI:10.1016/j.patter.2021.100205,2
DOI:10.1038/s42256-019-0088-2,DOI:10.3390/app12125826,3
DOI:10.1038/s42256-019-0088-2,"MOROZOV E., 2014, TO SAVE EVERYTHING, CLICK HERE: THE FOLLY OF TECHNOLOGICAL SOLUTIONISM",3
DOI:10.1038/s42256-019-0088-2,DOI:10.1007/s10956-023-10039-y,2
DOI:10.1038/s42256-019-0088-2,DOI:10.1016/j.caeai.2022.100045,2
DOI:10.1038/s42256-019-0088-2,DOI:10.1016/j.lindif.2023.102274,2
DOI:10.1038/s42256-019-0088-2,DOI:10.1177/10776958221149577],3
DOI:10.1038/s42256-019-0088-2,DOI:10.30191/ets.202301_26(1).0002,3
DOI:10.1038/s42256-019-0088-2,DOI:10.3390/healthcare11060887,2
DOI:10.1038/s42256-019-0088-2,DOI:10.37965/jait.2023.0184,2
DOI:10.1038/s42256-019-0088-2,DOI:10.48550/arxiv.2303.08774],2
DOI:10.1038/s42256-019-0088-2,"TSZ KIT NG DAVY, 2021, PROCEEDINGS OF THE ASSOCIATION FOR INFORMATION SCIENCE AND TECHNOLOGY, V58, P504, DOI [10.1002/PRA2.487, 10.1002/PRA2.487]",2
DOI:10.1038/s42256-019-0088-2,DOI:10.1016/j.compbiomed.2021.104660,2
DOI:10.1038/s42256-019-0088-2,DOI:10.1016/j.jbusres.2021.04.070,2
DOI:10.1038/s42256-019-0088-2,DOI:10.1038/s41746-018-0040-6,2
DOI:10.1038/s42256-019-0088-2,DOI:10.3390/ai4010003,3
DOI:10.1038/s42256-019-0088-2,"BOYD KAREN L., 2021, PROCEEDINGS OF THE ACM ON HUMAN-COMPUTER INTERACTION, V5, DOI [10.1145/3479582, 10.1145/3479582]",2
DOI:10.1038/s42256-019-0088-2,DOI:10.1016/j.respol.2013.05.008,2
DOI:10.1038/s42256-019-0088-2,DOI:10.1145/3406865.3418590,2
DOI:10.1038/s42256-019-0088-2,DOI:10.48550/arxiv.2111.01122,2
DOI:10.1038/s42256-019-0088-2,"FLANAGAN M, 2014, VALUES AT PLAY IN DIGITAL GAMES, P1",2
DOI:10.1038/s42256-019-0088-2,"MADAIO MICHAEL, 2022, PROCEEDINGS OF THE ACM ON HUMAN-COMPUTER INTERACTION, V6, DOI [10.1145/3512899, 10.1145/3512899]",2
DOI:10.1038/s42256-019-0088-2,"METCALF J, 2019, SOC RES, V86, P449",3
DOI:10.1038/s42256-019-0088-2,"SCHIFF D, 2020, ARXIV, DOI [ARXIV:2006.04707, 10.48550/ARXIV.2006.04707]",2
DOI:10.1038/s42256-019-0088-2,"SUCHMAN L., 2002, SCANDINAVIAN JOURNAL OF INFORMATION SYSTEMS, V14, P91",2
DOI:10.1038/s42256-019-0088-2,"WONG RICHMOND Y., 2021, PROCEEDINGS OF THE ACM ON HUMAN-COMPUTER INTERACTION, V5, DOI [10.1145/3479499, 10.1145/3479499]",2
DOI:10.1038/s42256-019-0088-2,DOI:10.1136/bmj.m1328,2
DOI:10.1038/s42256-019-0088-2,"[ANONYMOUS], 2019, ETHICS GUIDELINES FOR TRUSTWORTHY AI",2
DOI:10.1038/s42256-019-0088-2,DOI:10.1145/3313831.3376276,2
DOI:10.1038/s42256-019-0088-2,DOI:10.1145/3173574.3174014,2
DOI:10.1038/s42256-019-0088-2,DOI:10.1177/20539517231177620,2
DOI:10.1038/s42256-019-0088-2,"WONG RY, 2023, P ACM HUM COMPUT INT, V7, DOI [10.1145/3579621, 10.1145/3579621]",2
DOI:10.1038/s42256-019-0088-2,DOI:10.1002/widm.1312,2
DOI:10.1038/s42256-019-0088-2,DOI:10.1007/s12369-019-00612-0,2
DOI:10.1038/s42256-019-0088-2,DOI:10.1016/j.artint.2018.07.007,2
DOI:10.1038/s42256-019-0088-2,DOI:10.1016/j.ijhcs.2020.102551,2
DOI:10.1038/s42256-019-0088-2,DOI:10.1109/access.2018.2870052,3
DOI:10.1038/s42256-019-0088-2,DOI:10.1145/3178876.3186138,2
DOI:10.1038/s42256-019-0088-2,DOI:10.1145/3236009,2
DOI:10.1038/s42256-019-0088-2,DOI:10.14763/2020.2.1469],2
DOI:10.1038/s42256-019-0088-2,DOI:10.1002/nur.20147,2
DOI:10.1038/s42256-019-0088-2,DOI:10.1186/s41239-024-00496-9,3
DOI:10.1038/s42256-019-0088-2,DOI:10.1007/s00146-017-0734-3,2
DOI:10.1038/s42256-019-0088-2,DOI:10.1080/17530350.2019.1639068,2
DOI:10.1038/s42256-019-0088-2,"PETERS DORIAN, 2020, IEEE TRANSACTIONS ON TECHNOLOGY AND SOCIETY, V1, P34, DOI [10.1109/TTS.2020.2974991, 10.1109/TTS.2020.2974991]",2
DOI:10.1038/s42256-019-0088-2,"COULDRY N, 2019, CULT ECON LIFE, P3",2
DOI:10.1038/s42256-019-0088-2,DOI:10.1007/s00146-022-01455-6,2
DOI:10.1038/s42256-019-0088-2,DOI:10.1007/s10676-022-09622-5,2
DOI:10.1038/s42256-019-0088-2,DOI:10.1177/1527476419831640,2
DOI:10.1038/s42256-019-0088-2,DOI:10.14763/2019.2.1410,2
DOI:10.1038/s42256-019-0088-2,DOI:10.1109/jproc.2019.2900622,3
DOI:10.1038/s42256-019-0088-2,DOI:10.1007/s00146-018-0871-3,2
DOI:10.1038/s42256-019-0088-2,DOI:10.1016/j.iotcps.2023.04.003],2
DOI:10.1038/s42256-019-0088-2,DOI:10.1145/3411764.3445260,2
DOI:10.1038/s42256-019-0088-2,DOI:10.3390/ai4020019,2
DOI:10.1038/s42256-019-0088-2,DOI:10.1007/s12599-023-00787-x,2
DOI:10.1038/s42256-019-0088-2,DOI:10.3389/frobt.2018.00015,2
DOI:10.1038/s42256-019-0088-2,"CHRISTIAN B., 2021, THE ALIGNMENT PROBLEM: HOW CAN MACHINES LEARN HUMAN VALUES?",3
DOI:10.1038/s42256-019-0088-2,DOI:10.1007/s10639-022-10925-9,2
DOI:10.1038/s42256-019-0088-2,DOI:10.1007/s11948-016-9809-7,2
DOI:10.1038/s42256-019-0088-2,DOI:10.1007/s11948-016-9814-x,2
DOI:10.1038/s42256-019-0088-2,DOI:10.1007/s11948-021-00280-2,2
DOI:10.1038/s42256-019-0088-2,DOI:10.1016/j.compedu.2023.104813,2
DOI:10.1038/s42256-019-0088-2,DOI:10.1080/22054952.2021.1914297],2
DOI:10.1038/s42256-019-0088-2,DOI:10.1186/s40594-023-00452-5,2
DOI:10.1038/s42256-019-0088-2,DOI:10.1186/s40594-023-00454-3,2
DOI:10.1038/s42256-019-0088-2,DOI:10.1186/s40594-024-00484-5,2
DOI:10.1038/s42256-019-0088-2,"ERDURAN SIBEL, 2023, SCIENCE, V382, PEADM9788, DOI [10.1126/SCIENCE.ADM9788, 10.1126/SCIENCE.ADM9788]",2
DOI:10.1038/s42256-019-0088-2,DOI:10.48550/arxiv.2104.10350,2
DOI:10.1038/s42256-019-0088-2,"SHAHRIARI K, 2017, 2017 IEEE CANADA INTERNATIONAL HUMANITARIAN TECHNOLOGY CONFERENCE (IHTC)",2
DOI:10.1038/s42256-019-0088-2,DOI:10.1016/j.clsr.2021.105597,2
DOI:10.1038/s42256-019-0088-2,DOI:10.1093/scipol/scz023,2
DOI:10.1038/s42256-019-0088-2,DOI:10.1016/j.clsr.2021.105567,2
DOI:10.1038/s42256-019-0088-2,DOI:10.1080/14494035.2021.1928377,2
DOI:10.1038/s42256-019-0088-2,DOI:10.1016/j.ejor.2005.04.006,2
DOI:10.1038/s42256-019-0088-2,"ORGANISATION FOR ECONOMIC CO-OPERATION AND DEVELOPMENT, 2019, RECOMMENDATION COUNC",2
DOI:10.1038/s42256-019-0088-2,"[ANONYMOUS], 2017, TOP 10 PRINCIPLES FOR ETHICAL ARTIFICIAL INTELLIGENCE, P8",2
DOI:10.1038/s42256-019-0088-2,"FANTA A, 2019, ALGORITHMWATCH",2
DOI:10.1038/s42256-019-0088-2,DOI:10.1093/oxfordhb/9780190067397.013.16,2
DOI:10.1038/s42256-019-0088-2,DOI:10.2307/258788,3
DOI:10.1038/s42256-019-0088-2,DOI:10.7189/jogh.09.020318,2
DOI:10.1038/s42256-019-0088-2,DOI:10.1007/s10676-021-09593-z,3
DOI:10.1038/s42256-019-0088-2,DOI:10.1007/s11948-020-00175-8,2
DOI:10.1038/s42256-019-0088-2,DOI:10.1016/j.techsoc.2021.101726,2
DOI:10.1038/s42256-019-0088-2,DOI:10.1080/14494035.2021.1929728,3
DOI:10.1038/s42256-019-0088-2,DOI:10.1177/2053951720915939,2
DOI:10.1038/s42256-019-0088-2,DOI:10.3390/bdcc3020026,2
DOI:10.1038/s42256-019-0088-2,"GIUFFRIDA I, 2019, FORDHAM LAW REV, V88, P439",2
DOI:10.1038/s42256-019-0088-2,DOI:10.1038/s41598-024-52549-8,2
DOI:10.1038/s42256-019-0088-2,DOI:10.1162/jmlr.2003.3.4-5.993,2
DOI:10.1038/s42256-019-0088-2,DOI:10.1186/s41239-023-00411-8,3
DOI:10.1038/s42256-019-0088-2,DOI:10.1002/asi.23867,2
DOI:10.1038/s42256-019-0088-2,DOI:10.1016/j.pubrev.2020.101980,2
DOI:10.1038/s42256-019-0088-2,DOI:10.28991/esj-2023-07-02-01],2
DOI:10.1038/s42256-019-0088-2,"FORNELL C., 1981, J MARKETING RES, V18, P382, DOI [10.1177/002224378101800104, 10.2307/3151312, 10.2307/3150980]",2
DOI:10.1038/s42256-019-0088-2,"[ANONYMOUS], 2019, DIGITAL ECONOMY AND SOCIETY INDEX REPORT 2019. P, P6",2
DOI:10.1038/s42256-019-0088-2,DOI:10.1016/j.techfore.2016.08.019,2
DOI:10.1038/s42256-019-0088-2,DOI:10.1007/s10015-019-00525-1,2
DOI:10.1038/s42256-019-0088-2,DOI:10.1016/j.cognition.2018.08.003,2
DOI:10.1038/s42256-019-0088-2,DOI:10.1038/s41598-024-54294-4,2
DOI:10.1038/s42256-019-0088-2,DOI:10.1109/tcss.2023.3251729,2
DOI:10.1038/s42256-019-0088-2,DOI:10.1111/ropr.12555,2
DOI:10.1038/s42256-019-0088-2,DOI:10.1177/2053951719860542,2
DOI:10.1038/s42256-019-0088-2,DOI:10.2307/30036540,3
DOI:10.1038/s42256-019-0088-2,DOI:10.1007/s10796-021-10146-4,2
DOI:10.1038/s42256-019-0088-2,"BYRNE B, 2010, INTERNATIONAL HANDBOOK OF PSYCHOLOGY IN EDUCATION, P3",2
DOI:10.1038/s42256-019-0088-2,DOI:10.1002/job.2735,2
DOI:10.1038/s42256-019-0088-2,DOI:10.1037/0021-9010.88.5.879,2
DOI:10.1038/s42256-019-0088-2,DOI:10.1037/0033-295x.84.2.191,2
DOI:10.1038/s42256-019-0088-2,DOI:10.1080/10447318.2021.2012378,2
DOI:10.1038/s42256-019-0088-2,DOI:10.1080/10447318.2023.2178612,2
DOI:10.1038/s42256-019-0088-2,DOI:10.1080/10528008.2006.11488962,2
DOI:10.1038/s42256-019-0088-2,"HOLDEN H, 2011, J RES TECHNOL EDUC, V43, P343",2
DOI:10.1038/s42256-019-0088-2,DOI:10.1038/s41467-019-14108-y,2
DOI:10.1038/s42256-019-0088-2,DOI:10.1080/08839514.2025.2463722,2
DOI:10.1038/s42256-019-0088-2,DOI:10.5465/amj.2011.60263120,2
DOI:10.1038/s42256-019-0088-2,"HOFFMAN RR, 2019, ARXIV, DOI ARXIV:1812.04608",2
DOI:10.1038/s42256-019-0088-2,DOI:10.1080/08989621.2024.2345713,2
DOI:10.1038/s42256-019-0088-2,"WALLACH W., 2008, MORAL MACHINES: TEACHING ROBOTS RIGHT FROM WRONG",2
DOI:10.1038/s42256-019-0088-2,DOI:10.1186/s41239-023-00392-8,3
DOI:10.1038/s42256-019-0088-2,DOI:10.1007/978-3-030-12524-0_2,3
DOI:10.1038/s42256-019-0088-2,DOI:10.1007/978-3-030-93758-4_15,2
DOI:10.1038/s42256-019-0088-2,"HEIDER F., 1982, THE PSYCHOLOGY OF INTERPERSONAL RELATIONS",2
DOI:10.1038/s42256-019-0114-4,DOI:10.1093/jmp/15.2.219,2
DOI:10.1038/s42256-019-0114-4,DOI:10.1098/rsta.2018.0089,6
DOI:10.1038/s42256-019-0114-4,DOI:10.1145/3442188.3445922,5
DOI:10.1038/s42256-019-0114-4,DOI:10.1177/1527476418796632,2
DOI:10.1038/s42256-019-0114-4,DOI:10.1177/2053951720942541,11
DOI:10.1038/s42256-019-0114-4,DOI:10.2307/j.ctvkjb25m,3
DOI:10.1038/s42256-019-0114-4,DOI:10.4159/9780674042582,2
DOI:10.1038/s42256-019-0114-4,"HARDT M, 2016, ADV NEUR IN, V29",4
DOI:10.1038/s42256-019-0114-4,"MEHRABI N, 2021, ACM COMPUT SURV, V54, DOI [10.1145/3457607, 10.1186/S12889-022-13256-Z]",2
DOI:10.1038/s42256-019-0114-4,"RUSSELL S., 2019, HUMAN COMPATIBLE ART",2
DOI:10.1038/s42256-019-0114-4,"WIENER N., 1954, THE HUMAN USE OF HUMAN BEINGS: CYBERNETICS AND SOCIETY",3
DOI:10.1038/s42256-019-0114-4,"ZUBOFF S, 2019, THE AGE SURVEILLANCE",3
DOI:10.1038/s42256-019-0114-4,"BEAUCHAMP TL., 2013, PRINCIPLES BIOMEDICA, VSEVENTH",4
DOI:10.1038/s42256-019-0114-4,DOI:10.1007/s11023-018-9482-5,20
DOI:10.1038/s42256-019-0114-4,DOI:10.1007/s11948-019-00165-5,21
DOI:10.1038/s42256-019-0114-4,DOI:10.1007/s13347-022-00538-y],3
DOI:10.1038/s42256-019-0114-4,DOI:10.1145/3233231,3
DOI:10.1038/s42256-019-0114-4,DOI:10.1162/99608f92.8cd550d1,6
DOI:10.1038/s42256-019-0114-4,DOI:10.1177/0022146510383839,2
DOI:10.1038/s42256-019-0114-4,DOI:10.1177/2053951715622512,3
DOI:10.1038/s42256-019-0114-4,DOI:10.1007/s13347-019-00354-x,13
DOI:10.1038/s42256-019-0114-4,DOI:10.1038/s41591-018-0300-7,3
DOI:10.1038/s42256-019-0114-4,DOI:10.1080/15265161.2020.1819469,3
DOI:10.1038/s42256-019-0114-4,DOI:10.1093/jamia/ocz192,3
DOI:10.1038/s42256-019-0114-4,DOI:10.1136/medethics-2019-105586,3
DOI:10.1038/s42256-019-0114-4,DOI:10.1145/3375627.3375804,4
DOI:10.1038/s42256-019-0114-4,DOI:10.1145/3465416.3483305,2
DOI:10.1038/s42256-019-0114-4,"MULLER V.C., 2020, ETHICS OF ARTIFICIAL INTELLIGENCE AND ROBOTICS",4
DOI:10.1038/s42256-019-0114-4,DOI:10.1007/978-3-030-69978-9,2
DOI:10.1038/s42256-019-0114-4,DOI:10.1007/s00146-020-00965-5,2
DOI:10.1038/s42256-019-0114-4,DOI:10.1145/3448250,2
DOI:10.1038/s42256-019-0114-4,"DREYFUS HUBERT., 1992, WHAT COMPUTERS STILL",2
DOI:10.1038/s42256-019-0114-4,"HALL WENDY., 2017, GROWING ARTIFICIAL I",3
DOI:10.1038/s42256-019-0114-4,"KNIGHT W, 2017, TECHNOL REV, V120, P54",2
DOI:10.1038/s42256-019-0114-4,"WEIZENBAUM J., 1977, COMPUTER POWER AND HUMAN REASON. FROM JUDGMENT TO CALCULATION, V1ST",2
DOI:10.1038/s42256-019-0114-4,"BODDINGTON P., 2017, CODE ETHICS ARTIFICI",2
DOI:10.1038/s42256-019-0114-4,DOI:10.1038/s42256-021-00298-y,2
DOI:10.1038/s42256-019-0114-4,DOI:10.1098/rsta.2016.0112,3
DOI:10.1038/s42256-019-0114-4,DOI:10.1145/3236024.3264833,8
DOI:10.1038/s42256-019-0114-4,DOI:10.1145/3430368,5
DOI:10.1038/s42256-019-0114-4,"[ANONYMOUS], 2018, ACM CODE OF ETHICS AND PROFESSIONAL CONDUCT",2
DOI:10.1038/s42256-019-0114-4,DOI:10.1001/jamadermatol.2018.2348,2
DOI:10.1038/s42256-019-0114-4,DOI:10.1007/978-3-319-60648-4,6
DOI:10.1038/s42256-019-0114-4,DOI:10.1007/s11023-020-09521-y,2
DOI:10.1038/s42256-019-0114-4,DOI:10.1038/d41586-019-01413-1,3
DOI:10.1038/s42256-019-0114-4,DOI:10.1126/science.aax2342,8
DOI:10.1038/s42256-019-0114-4,DOI:10.1186/s12910-022-00746-3,2
DOI:10.1038/s42256-019-0114-4,"DE LAAT PAUL B, 2021, PHILOS TECHNOL, V34, P1135, DOI [10.1007/S13347-021-00474-3, 10.1007/S13347-021-00474-3]",4
DOI:10.1038/s42256-019-0114-4,DOI:10.1007/978-94-007-7844-3_4,2
DOI:10.1038/s42256-019-0114-4,DOI:10.1007/s13347-020-00405-8],2
DOI:10.1038/s42256-019-0114-4,DOI:10.1007/s13347-022-00507-5,2
DOI:10.1038/s42256-019-0114-4,DOI:10.1007/s43681-022-00209-w],7
DOI:10.1038/s42256-019-0114-4,DOI:10.1016/j.jss.2021.111067,3
DOI:10.1038/s42256-019-0114-4,DOI:10.1017/cbo9780511845239.004,2
DOI:10.1038/s42256-019-0114-4,DOI:10.1038/s42256-020-0214-1,3
DOI:10.1038/s42256-019-0114-4,DOI:10.1109/mts.2021.3056286,2
DOI:10.1038/s42256-019-0114-4,DOI:10.1145/3313831.3376445,2
DOI:10.1038/s42256-019-0114-4,DOI:10.1145/3330794,3
DOI:10.1038/s42256-019-0114-4,"[ANONYMOUS], 2019, RECOMMENDATION COUNC",2
DOI:10.1038/s42256-019-0114-4,"BEAUCHAMP T.L., 2009, PRINCIPLES BIOMEDICA",2
DOI:10.1038/s42256-019-0114-4,DOI:10.1007/s00146-021-01154-8,2
DOI:10.1038/s42256-019-0114-4,DOI:10.1007/s11023-021-09557-8,2
DOI:10.1038/s42256-019-0114-4,DOI:10.1007/s13347-015-0211-1,2
DOI:10.1038/s42256-019-0114-4,DOI:10.1145/3287560.3287596,4
DOI:10.1038/s42256-019-0114-4,DOI:10.1145/3351095.3372873,4
DOI:10.1038/s42256-019-0114-4,DOI:10.1177/1461444816676645,5
DOI:10.1038/s42256-019-0114-4,DOI:10.1007/978-3-030-30371-6_1,2
DOI:10.1038/s42256-019-0114-4,DOI:10.1016/j.telpol.2020.101937,2
DOI:10.1038/s42256-019-0114-4,DOI:10.1080/09505431.2021.1990875,2
DOI:10.1038/s42256-019-0114-4,DOI:10.1109/ms.2020.2985621,2
DOI:10.1038/s42256-019-0114-4,"GREENE D, 2019, PROCEEDINGS OF THE 52ND ANNUAL HAWAII INTERNATIONAL CONFERENCE ON SYSTEM SCIENCES, P2122",11
DOI:10.1038/s42256-019-0114-4,"ZUBOFF S, 2019, AGE SURVEILLANCE CAP",2
DOI:10.1038/s42256-019-0114-4,DOI:10.1007/s13347-022-00553-z],2
DOI:10.1038/s42256-019-0114-4,DOI:10.1016/j.inffus.2019.12.012,4
DOI:10.1038/s42256-019-0114-4,DOI:10.1038/s42256-020-0186-1,2
DOI:10.1038/s42256-019-0114-4,DOI:10.1109/ssci47803.2020.9308437,3
DOI:10.1038/s42256-019-0114-4,DOI:10.1126/science.aat5991,5
DOI:10.1038/s42256-019-0114-4,DOI:10.1126/scirobotics.aay7120,2
DOI:10.1038/s42256-019-0114-4,DOI:10.1145/33066183314289,8
DOI:10.1038/s42256-019-0114-4,"BOSTROM N, 2014, CAMBRIDGE HANDBOOK OF ARTIFICIAL INTELLIGENCE, P316",3
DOI:10.1038/s42256-019-0114-4,DOI:10.1007/s10551-018-3921-3,3
DOI:10.1038/s42256-019-0114-4,DOI:10.1007/s11948-019-00151-x,2
DOI:10.1038/s42256-019-0114-4,DOI:10.1037/a0017103,2
DOI:10.1038/s42256-019-0114-4,DOI:10.1080/1369118x.2012.678878,2
DOI:10.1038/s42256-019-0114-4,DOI:10.1093/idpl/ipx005,2
DOI:10.1038/s42256-019-0114-4,DOI:10.1098/rsta.2016.0122,2
DOI:10.1038/s42256-019-0114-4,DOI:10.1098/rsta.2016.0360,4
DOI:10.1038/s42256-019-0114-4,DOI:10.1177/2053951716679679,5
DOI:10.1038/s42256-019-0114-4,DOI:10.1177/2053951717743530,2
DOI:10.1038/s42256-019-0114-4,DOI:10.15779/z38bg31,2
DOI:10.1038/s42256-019-0114-4,DOI:10.1609/aimag.v38i2.2731,2
DOI:10.1038/s42256-019-0114-4,DOI:10.2139/ssrn.3518482],13
DOI:10.1038/s42256-019-0114-4,DOI:10.5281/zenodo.3240529,2
DOI:10.1038/s42256-019-0114-4,"EUROPEAN COMMISSION, 2021, PROPOSAL FOR A REGULATION: ARTIFICIAL INTELLIGENCE ACT: AIA",2
DOI:10.1038/s42256-019-0114-4,"MINGERS J, 2010, MIS QUART, V34, P833",2
DOI:10.1038/s42256-019-0114-4,"ONEIL CATHY., 2016, WEAPONS_OF_MATH_DESTRUCTION:_HOW_BIG_DATA_INCREASES INEQUALITY_AND_THREATENS_DEMOCRACY",2
DOI:10.1038/s42256-019-0114-4,"2015, CHOICE, V52, P52, DOI [10.5860/CHOICE.190706, 10.4159/HARVARD.9780674736061]",4
DOI:10.1038/s42256-019-0114-4,"COECKELBERGH M., 2020, AI ETHICS",2
DOI:10.1038/s42256-019-0114-4,DOI:10.1007/s10676-018-9457-5,2
DOI:10.1038/s42256-019-0114-4,DOI:10.1145/230538.230561,2
DOI:10.1038/s42256-019-0114-4,DOI:10.1145/3351095.3372860,7
DOI:10.1038/s42256-019-0114-4,DOI:10.5555/3002861],4
DOI:10.1038/s42256-019-0114-4,"EUBANKS V., 2018, AUTOMATING INEQUALITY: HOW HIGH-TECH TOOLS PROFILE, POLICE, AND PUNISH THE POOR",3
DOI:10.1038/s42256-019-0114-4,"WHITTLESTONE J., 2019, ETHICAL AND SOCIETAL IMPLICATIONS OF ALGORITHMS, DATA, AND ARTIFICIAL INTELLIGENCE: A ROADMAP FOR RESEARCH",3
DOI:10.1038/s42256-019-0114-4,DOI:10.1007/s43681-020-00013-4],2
DOI:10.1038/s42256-019-0114-4,DOI:10.1007/s43681-021-00065-0],2
DOI:10.1038/s42256-019-0114-4,DOI:10.1007/s43681-021-00122-8,2
DOI:10.1038/s42256-019-0114-4,DOI:10.1007/s43681-023-00258-9,3
DOI:10.1038/s42256-019-0114-4,DOI:10.1108/jices-12-2019-0138,4
DOI:10.1038/s42256-019-0114-4,DOI:10.1177/02761467241285793,2
DOI:10.1038/s42256-019-0114-4,DOI:10.2307/2025709,2
DOI:10.1038/s42256-019-0114-4,DOI:10.29297/orbit.v2i2.109,2
DOI:10.1038/s42256-019-0114-4,"REES CONNOR, 2022, AI ETHICS, P1, DOI [10.1007/S43681-022-00232-X, 10.1007/S43681-022-00232-X]",2
DOI:10.1038/s42256-019-0114-4,"BEAUCHAMP TOM L., 2003, EM A COMPANION TO APPLIED ETHICS, P1",2
DOI:10.1038/s42256-019-0114-4,DOI:10.1016/j.jbusres.2020.11.030,3
DOI:10.1038/s42256-019-0114-4,DOI:10.1016/j.socscimed.2020.113172,2
DOI:10.1038/s42256-019-0114-4,DOI:10.1098/rsta.2018.0081,2
DOI:10.1038/s42256-019-0114-4,DOI:10.1145/3351095.3372833,3
DOI:10.1038/s42256-019-0114-4,DOI:10.1177/0162243918793711,2
DOI:10.1038/s42256-019-0114-4,DOI:10.1215/9780822381952-013,2
DOI:10.1038/s42256-019-0114-4,"FJELD J., 2020, PRINCIPLED ARTIFICIA",2
DOI:10.1038/s42256-019-0114-4,"VALLOR S., 2016, TECHNOLOGY VIRTUES P",2
DOI:10.1038/s42256-019-0114-4,DOI:10.1016/s2589-7500(19)30123-2,2
DOI:10.1038/s42256-019-0114-4,DOI:10.1177/0090591784012001005,3
DOI:10.1038/s42256-019-0114-4,"FLORIDI LUCIANO., 2014, 4 REVOLUTION INFOSPH",2
DOI:10.1038/s42256-019-0114-4,"*SMART DUB, 2018, AI ETH PRINC GUID",2
DOI:10.1038/s42256-019-0114-4,"ANDERSON MICHAEL., 2011, MACHINE ETHICS",2
DOI:10.1038/s42256-019-0114-4,"BEIJING A, 2019, @A(!2020.& LIYING.ANALYSISOFDROUGHTCHARACTERISTICSBASED ON MULTIPLEINDICESIN THEHEXIINLAND RIVERBASIN& D'",2
DOI:10.1038/s42256-019-0114-4,"BUOLAMWINI JOY., 2018, C FAIRNESS ACCOUNTAB, V81, P1",2
DOI:10.1038/s42256-019-0114-4,"CRAWFORD K., 2018, ANATOMY OF AN AI SYSTEM",2
DOI:10.1038/s42256-019-0114-4,DOI:10.1007/s10892-017-9252-2,2
DOI:10.1038/s42256-019-0114-4,DOI:10.1007/s11948-016-9759-0,3
DOI:10.1038/s42256-019-0114-4,DOI:10.1038/s41586-018-0637-6,4
DOI:10.1038/s42256-019-0114-4,DOI:10.1080/1369118x.2016.1154087,2
DOI:10.1038/s42256-019-0114-4,DOI:10.1093/acprof:oso/9780190498511.001.0001,2
DOI:10.1038/s42256-019-0114-4,DOI:10.1145/3458723,3
DOI:10.1038/s42256-019-0114-4,DOI:10.1177/1024258916687250,2
DOI:10.1038/s42256-019-0114-4,DOI:10.2307/j.ctvjk2wr9,2
DOI:10.1038/s42256-019-0114-4,DOI:10.4337/9781783476732.00017,2
DOI:10.1038/s42256-019-0114-4,"EUBANKS VIRGINIA., 2018, AUTOMATING INEQUALITY: HOW HIGH-TECH TOOLS PROFILE, POLICE, AND PUNISH THE POOR",2
DOI:10.1038/s42256-019-0114-4,DOI:10.1007/s11948-017-9901-7,2
DOI:10.1038/s42256-019-0114-4,DOI:10.1080/17530350.2019.1639068,2
DOI:10.1038/s42256-019-0114-4,DOI:10.1007/978-3-030-30371-6,5
DOI:10.1038/s42256-019-0114-4,DOI:10.1007/s00146-021-01148-6,4
DOI:10.1038/s42256-019-0114-4,DOI:10.1007/s43681-022-00143-x],2
DOI:10.1038/s42256-019-0114-4,DOI:10.1080/0960085x.2022.2026621,2
DOI:10.1038/s42256-019-0114-4,DOI:10.1098/rsta.2018.0080,2
DOI:10.1038/s42256-019-0114-4,DOI:10.1145/3419764,2
DOI:10.1038/s42256-019-0114-4,DOI:10.1191/1478088706qp063oa,3
DOI:10.1038/s42256-019-0114-4,DOI:10.48550/arxiv.1810.01943],2
DOI:10.1038/s42256-019-0114-4,"ONEIL C., 2016, WEAPONS OF MATH DESTRUCTION: HOW BIG DATA INCREASES INEQUALITY AND THREATENS DEMOCRACY",2
DOI:10.1038/s42256-019-0114-4,DOI:10.1007/978-3-030-77626-8_34,2
DOI:10.1038/s42256-019-0114-4,DOI:10.1007/s00146-020-00992-2,2
DOI:10.1038/s42256-019-0114-4,DOI:10.1007/s10676-009-9187-9,2
DOI:10.1038/s42256-019-0114-4,DOI:10.1145/3287560.3287598,2
DOI:10.1038/s42256-019-0114-4,DOI:10.1145/3236009,2
DOI:10.1038/s42256-019-0114-4,DOI:10.1007/s00146-022-01602-z,2
DOI:10.1038/s42256-019-0114-4,DOI:10.1007/s43681-022-00228-7,2
DOI:10.1038/s42256-019-0114-4,"STRAUSS A., 1990, BASICS OF QUALITATIVE RESEARCH",3
DOI:10.1038/s42256-019-0114-4,DOI:10.1007/s00146-021-01256-3,2
DOI:10.1038/s42256-019-0114-4,DOI:10.1007/s00146-021-01380-0,2
DOI:10.1038/s42256-019-0114-4,DOI:10.1007/s11948-012-9413-4,2
DOI:10.1038/s42256-019-0114-4,DOI:10.1007/s13347-017-0263-5],3
DOI:10.1038/s42256-019-0114-4,DOI:10.1016/j.clsr.2019.04.007,2
DOI:10.1038/s42256-019-0114-4,DOI:10.1016/j.clsr.2020.105404,3
DOI:10.1038/s42256-019-0114-4,DOI:10.1080/03071847.2019.1694260,2
DOI:10.1038/s42256-019-0114-4,DOI:10.1080/1369118x.2020.1713842,3
DOI:10.1038/s42256-019-0114-4,DOI:10.1098/rsta.2018.0084,2
DOI:10.1038/s42256-019-0114-4,DOI:10.1098/rsta.2018.0085,6
DOI:10.1038/s42256-019-0114-4,DOI:10.1145/3290605.3300830,2
DOI:10.1038/s42256-019-0114-4,DOI:10.1145/3306618.3314289,2
DOI:10.1038/s42256-019-0114-4,DOI:10.1145/3375627.3375828,2
DOI:10.1038/s42256-019-0114-4,"KROLL JA, 2017, U PENN LAW REV, V165, P633",2
DOI:10.1038/s42256-019-0114-4,DOI:10.1007/978-3-030-33742-1_21,2
DOI:10.1038/s42256-019-0114-4,DOI:10.1007/978-3-030-81907-1_2],2
DOI:10.1038/s42256-019-0114-4,DOI:10.1007/s10551-022-05050-z,2
DOI:10.1038/s42256-019-0114-4,DOI:10.1007/s10551-022-05051-y,2
DOI:10.1038/s42256-019-0114-4,DOI:10.1007/s11948-021-00336-3,2
DOI:10.1038/s42256-019-0114-4,DOI:10.1007/s13347-021-00487-y,2
DOI:10.1038/s42256-019-0114-4,DOI:10.4018/ijt.20210101.oa2,2
DOI:10.1038/s42256-019-0114-4,DOI:10.7326/m18-0850,2
DOI:10.1038/s42256-019-0114-4,"TIDJON LIONEL NGANYEWOU, 2023, IEEE TRANSACTIONS ON ARTIFICIAL INTELLIGENCE, P820, DOI [10.1109/TAI.2022.3225132, 10.1109/TAI.2022.3225132]",2
DOI:10.1038/s42256-019-0114-4,DOI:10.1145/3287560.3287574,3
DOI:10.1038/s42256-019-0114-4,DOI:10.2307/j.ctvhrd092.18,10
DOI:10.1038/s42256-019-0114-4,DOI:10.2759/177365,4
DOI:10.1038/s42256-019-0114-4,DOI:10.1007/s43681-020-00011-6],4
DOI:10.1038/s42256-019-0114-4,DOI:10.1145/3287560.3287600,2
DOI:10.1038/s42256-019-0114-4,"BORENSTEIN JASON, 2021, AI ETHICS, V1, P61, DOI [10.1007/S43681-020-00002-7, 10.1007/S43681-020-00002-7]",2
DOI:10.1038/s42256-019-0114-4,DOI:10.1080/1364557032000119616],2
DOI:10.1038/s42256-019-0114-4,DOI:10.1186/1748-5908-5-69,2
DOI:10.1038/s42256-019-0114-4,"EUROPEAN COMMISSION HIGH-LEVEL EXPERT GROUP ON ARTIFICIAL INTELLIGENCE, 2019, ETHICS GUIDELINES TR",2
DOI:10.1038/s42256-019-0114-4,"UNESCO, 2021, RECOMMENDATION ETHIC",2
DOI:10.1038/s42256-019-0114-4,DOI:10.1186/s12910-023-01000-0,2
DOI:10.1038/s42256-019-0114-4,DOI:10.1007/s10551-021-04843-y,2
DOI:10.1038/s42256-019-0114-4,DOI:10.1007/s11747-019-00696-0,2
DOI:10.1038/s42256-019-0114-4,DOI:10.1007/s11747-020-00749-9,2
DOI:10.1038/s42256-019-0114-4,DOI:10.1007/s13162-024-00275-9,2
DOI:10.1038/s42256-019-0114-4,DOI:10.1016/j.ijresmar.2021.11.002,2
DOI:10.1038/s42256-019-0114-4,DOI:10.1016/j.jbusres.2020.08.024,3
DOI:10.1038/s42256-019-0114-4,DOI:10.1016/j.jbusres.2021.01.055,2
DOI:10.1038/s42256-019-0114-4,DOI:10.1016/j.jbusres.2021.07.043,2
DOI:10.1038/s42256-019-0114-4,DOI:10.1177/0011000006287390,2
DOI:10.1038/s42256-019-0114-4,DOI:10.1177/027614678600600103],2
DOI:10.1038/s42256-019-0114-4,DOI:10.1177/1094670517752459,2
DOI:10.1038/s42256-019-0114-4,DOI:10.4324/9780203793206,2
DOI:10.1038/s42256-019-0114-4,DOI:10.1007/s13347-021-00450-x,2
DOI:10.1038/s42256-019-0114-4,"DELVAUX M., 2017, GLOBALCIT COUNTRY REPORT NO. 2017/11",2
DOI:10.1038/s42256-019-0114-4,"RUSSELL S., 2002, ARTIFICIAL INTELLIGENCE: A MODERN APPROACH",2
DOI:10.1038/s42256-019-0114-4,"WALLACH W., 2008, MORAL MACHINES: TEACHING ROBOTS RIGHT FROM WRONG",2
DOI:10.1038/s42256-019-0114-4,"[ANONYMOUS], 2016, ETHICALLY ALIGNED DESIGN: A VISION FOR PRIORITIZING HUMAN WELL -BEING WITH AUTONOMOUS AND INTELLIGENT SYSTEMS",2
DOI:10.1038/s42256-019-0114-4,"GAL DANIT, 2020, OXFORD HANDBOOK OF ETHICS OFARTIFICIAL INTELLIGENCE, P607",2
DOI:10.1038/s42256-019-0114-4,"METCALF J, 2019, SOC RES, V86, P449",2
DOI:10.1038/s42256-019-0114-4,DOI:10.1080/135017699343360,2
DOI:10.1038/s42256-019-0114-4,DOI:10.1111/j.1468-0386.2008.00447.x,2
DOI:10.1038/s42256-019-0114-4,DOI:10.1111/rego.12366,2
DOI:10.1038/s42256-019-0114-4,DOI:10.1177/0008125619864925,2
DOI:10.1038/s42256-019-0114-4,DOI:10.4018/jdm.2020040105,2
DOI:10.1038/s42256-019-0114-4,"BENJAMIN RUHA., 2019, RACE TECHNOLOGY ABOL",2
DOI:10.1038/s42256-019-0114-4,DOI:10.1109/jproc.2019.2900622,3
DOI:10.1038/s42256-019-0114-4,DOI:10.1177/0268580900015002005,2
DOI:10.1038/s42256-019-0114-4,"CHRISTIAN B., 2021, THE ALIGNMENT PROBLEM: HOW CAN MACHINES LEARN HUMAN VALUES?",2
DOI:10.1038/s42256-019-0114-4,DOI:10.1177/2378023121999581,2
DOI:10.1038/s42256-019-0114-4,DOI:10.2307/j.ctv1ghv45t,2
DOI:10.1038/s42256-019-0114-4,"ANGWIN J., 2016, PROPUBLICA",2
DOI:10.1038/s42256-019-0114-4,"[ANONYMOUS], 2017, TOP 10 PRINCIPLES FOR ETHICAL ARTIFICIAL INTELLIGENCE, P8",2
DOI:10.1038/s42256-019-0114-4,"BROUSSARD M, 2018, ARTIFICIAL UNINTELLIGENCE: HOW COMPUTERS MISUNDERSTAND THE WORLD",2
DOI:10.1038/s42256-019-0114-4,DOI:10.1001/jama.2020.9371,2
DOI:10.1038/s42256-019-0114-4,DOI:10.1002/asi.23867,3
DOI:10.1038/s42256-019-0114-4,DOI:10.1016/j.pubrev.2020.101980,2
DOI:10.1038/s42256-019-0114-4,"GILLIGAN C., 1993, DIFFERENT VOICE PSYC",2
DOI:10.1038/s42256-019-0114-4,"HUANG CHANGWU, 2023, IEEE TRANSACTIONS ON ARTIFICIAL INTELLIGENCE, P799, DOI [10.1109/TAI.2022.3194503, 10.1109/TAI.2022.3194503]",2
DOI:10.1038/s42256-019-0114-4,"TAYLOR C., 1989, SOURCES SELF MAKING",2
DOI:10.1038/s42256-019-0114-4,DOI:10.1177/20539517221092956,2
DOI:10.1038/s42256-019-0114-4,DOI:10.1080/14494035.2021.1929728,2
DOI:10.1038/s42256-022-00449-9,DOI:10.1007/s11023-018-9482-5,2
DOI:10.1080/03080188.2020.1840225,DOI:10.1177/1527476418796632,2
DOI:10.1089/big.2016.0047,DOI:10.1145/3442188.3445922,2
DOI:10.1089/big.2016.0047,DOI:10.1146/annurev-statistics-042720-125902,2
DOI:10.1089/big.2016.0047,DOI:10.2307/20439056,2
DOI:10.1089/big.2016.0047,"ZUBOFF S, 2019, THE AGE SURVEILLANCE",2
DOI:10.1089/big.2016.0047,DOI:10.1147/jrd.2019.2942287,2
DOI:10.1089/big.2016.0047,DOI:10.1007/s11023-018-9482-5,2
DOI:10.1098/rsta.2018.0089,DOI:10.1177/2053951720942541,2
DOI:10.1098/rsta.2018.0089,"ZUBOFF S, 2019, THE AGE SURVEILLANCE",2
DOI:10.1098/rsta.2018.0089,DOI:10.1007/s11948-019-00165-5,4
DOI:10.1098/rsta.2018.0089,DOI:10.1016/j.jbusres.2020.11.030,3
DOI:10.1098/rsta.2018.0089,DOI:10.1109/ssci47803.2020.9308437,2
DOI:10.1098/rsta.2018.0089,"GREENE D, 2019, PROCEEDINGS OF THE 52ND ANNUAL HAWAII INTERNATIONAL CONFERENCE ON SYSTEM SCIENCES, P2122",3
DOI:10.1098/rsta.2018.0089,"WHITTLESTONE J., 2019, ETHICAL SOC IMPLICAT",2
DOI:10.1098/rsta.2018.0089,"DE LAAT PAUL B, 2021, PHILOS TECHNOL, V34, P1135, DOI [10.1007/S13347-021-00474-3, 10.1007/S13347-021-00474-3]",2
DOI:10.1098/rsta.2018.0089,DOI:10.1007/s00146-021-01148-6,2
DOI:10.1098/rsta.2018.0089,DOI:10.1007/s00146-021-01154-8,2
DOI:10.1098/rsta.2018.0089,DOI:10.1007/s10551-019-04407-1,2
DOI:10.1098/rsta.2018.0089,DOI:10.1007/s13347-019-00354-x,2
DOI:10.1098/rsta.2018.0089,DOI:10.1016/j.socscimed.2022.114782,2
DOI:10.1098/rsta.2018.0089,DOI:10.1080/03080188.2020.1840220,2
DOI:10.1098/rsta.2018.0089,DOI:10.1080/1369118x.2020.1713842,2
DOI:10.1098/rsta.2018.0089,DOI:10.1098/rsta.2018.0085,2
DOI:10.1098/rsta.2018.0089,DOI:10.1109/mts.2021.3056286,2
DOI:10.1098/rsta.2018.0089,DOI:10.2139/ssrn.3518482],3
DOI:10.1098/rsta.2018.0089,DOI:10.1007/978-3-030-30371-6,2
DOI:10.1098/rsta.2018.0089,DOI:10.4018/jdm.2020040105,2
DOI:10.1098/rsta.2018.0089,"HALL WENDY., 2017, GROWING ARTIFICIAL I",2
DOI:10.1098/rsta.2018.0089,DOI:10.1007/s11023-018-9482-5,3
DOI:10.1098/rsta.2018.0089,DOI:10.2307/j.ctvhrd092.18,2
DOI:10.1126/science.aax0162,DOI:10.1145/3287560.3287584,2
DOI:10.1126/science.aax0162,DOI:10.1007/s10676-009-9187-9,2
DOI:10.1126/science.aax0162,DOI:10.1145/3236009,2
DOI:10.1126/science.aax0162,DOI:10.1145/3287560.3287596,2
DOI:10.1145/3442188.3445922,DOI:10.1146/annurev-statistics-042720-125902,2
DOI:10.1145/3442188.3445922,DOI:10.1177/2053951720942541,2
DOI:10.1145/3442188.3445922,DOI:10.2307/20439056,2
DOI:10.1145/3442188.3445922,DOI:10.2307/j.ctvkjb25m,2
DOI:10.1145/3442188.3445922,"MEHRABI N, 2021, ACM COMPUT SURV, V54, DOI [10.1145/3457607, 10.1186/S12889-022-13256-Z]",2
DOI:10.1145/3442188.3445922,"ZUBOFF S, 2019, THE AGE SURVEILLANCE",2
DOI:10.1145/3442188.3445922,"BEAUCHAMP T. L., 2019, PRINCIPLES OF BIOMEDICAL ETHICS, V8TH",2
DOI:10.1145/3442188.3445922,"BOSTROM N, 2014, CAMBRIDGE HANDBOOK OF ARTIFICIAL INTELLIGENCE, P316",3
DOI:10.1145/3442188.3445922,DOI:10.1007/s11023-018-9482-5,6
DOI:10.1145/3442188.3445922,DOI:10.1080/1369118x.2012.678878,2
DOI:10.1145/3442188.3445922,DOI:10.1126/science.aax2342,2
DOI:10.1145/3442188.3445922,DOI:10.1177/2053951716679679,2
DOI:10.1145/3442188.3445922,"CORBETT-DAVIES S, 2023, J MACH LEARN RES, V24, P1",2
DOI:10.1145/3442188.3445922,DOI:10.1007/s00146-021-01294-x,2
DOI:10.1145/3442188.3445922,DOI:10.1038/s42256-019-0048-x,2
DOI:10.1145/3442188.3445922,DOI:10.1145/3097983.3098095,2
DOI:10.1145/3442188.3445922,DOI:10.1145/3287560.3287589,2
DOI:10.1145/3442188.3445922,DOI:10.1145/3494672,2
DOI:10.1145/3442188.3445922,DOI:10.3390/bdcc7010015,2
DOI:10.1145/3442188.3445922,DOI:10.48550/arxiv.2303.16626,2
DOI:10.1145/3442188.3445922,"LUNDBERG SM, 2017, ADV NEUR IN, V30",2
DOI:10.1145/3442188.3445922,"SUNDARARAJAN M., 2020, [NO TITLE CAPTURED], P9269",2
DOI:10.1145/3442188.3445922,DOI:10.1145/3287560.3287598,3
DOI:10.1145/3442188.3445922,DOI:10.1037/10851-000],2
DOI:10.1145/3442188.3445922,DOI:10.1007/978-3-030-30371-6,2
DOI:10.1145/3442188.3445922,DOI:10.2307/j.ctvhrd092.18,2
DOI:10.1145/3442188.3445922,DOI:10.2307/2183914,2
DOI:10.1146/annurev-statistics-042720-125902,DOI:10.2307/20439056,2
DOI:10.1146/annurev-statistics-042720-125902,"ZUBOFF S, 2019, THE AGE SURVEILLANCE",2
DOI:10.1177/1527476418796632,DOI:10.2307/j.ctvkjb25m,2
DOI:10.1177/1527476418796632,DOI:10.1007/s11023-018-9482-5,2
DOI:10.1177/2053951720942541,DOI:10.4159/9780674042582,2
DOI:10.1177/2053951720942541,"MEHRABI N, 2021, ACM COMPUT SURV, V54, DOI [10.1145/3457607, 10.1186/S12889-022-13256-Z]",2
DOI:10.1177/2053951720942541,"WIENER N., 1954, THE HUMAN USE OF HUMAN BEINGS: CYBERNETICS AND SOCIETY",2
DOI:10.1177/2053951720942541,DOI:10.1007/s00146-020-00965-5,3
DOI:10.1177/2053951720942541,"HALL WENDY., 2017, GROWING ARTIFICIAL I",2
DOI:10.1177/2053951720942541,DOI:10.1007/s11023-018-9482-5,6
DOI:10.1177/2053951720942541,DOI:10.1007/s11948-019-00165-5,7
DOI:10.1177/2053951720942541,DOI:10.1007/s13347-019-00354-x,7
DOI:10.1177/2053951720942541,DOI:10.1145/3236024.3264833,5
DOI:10.1177/2053951720942541,DOI:10.7551/mitpress/12549.001.0001,2
DOI:10.1177/2053951720942541,"MULLER V.C., 2020, ETHICS OF ARTIFICIAL INTELLIGENCE AND ROBOTICS",2
DOI:10.1177/2053951720942541,DOI:10.1098/rsta.2016.0112,3
DOI:10.1177/2053951720942541,"CASTELVECCHI D, 2016, NATURE, V537, P20, DOI [10.1038/538020A, 10.1038/NATURE.2016.20491, 10.1038/538020A]",2
DOI:10.1177/2053951720942541,DOI:10.1007/s00146-020-01069-w,2
DOI:10.1177/2053951720942541,DOI:10.1109/mis.2006.80,2
DOI:10.1177/2053951720942541,DOI:10.1109/mis.2006.83,2
DOI:10.1177/2053951720942541,DOI:10.1111/j.1467-9973.1995.tb00553.x,2
DOI:10.1177/2053951720942541,DOI:10.1126/science.aax2342,2
DOI:10.1177/2053951720942541,DOI:10.1177/2053951717743530,2
DOI:10.1177/2053951720942541,DOI:10.2139/ssrn.3518482],4
DOI:10.1177/2053951720942541,DOI:10.1007/s43681-020-00013-4],3
DOI:10.1177/2053951720942541,DOI:10.1007/s43681-021-00122-8,2
DOI:10.1177/2053951720942541,DOI:10.1007/s43681-022-00209-w],3
DOI:10.1177/2053951720942541,DOI:10.1108/jices-12-2019-0138,3
DOI:10.1177/2053951720942541,DOI:10.1145/33066183314289,3
DOI:10.1177/2053951720942541,DOI:10.1145/3351095.3372860,2
DOI:10.1177/2053951720942541,DOI:10.1145/3375627.3375804,2
DOI:10.1177/2053951720942541,DOI:10.22503/inftars.xx.2020.4.5,2
DOI:10.1177/2053951720942541,DOI:10.5555/3002861],3
DOI:10.1177/2053951720942541,DOI:10.2307/j.ctvhrd092.18,4
DOI:10.1177/2053951720942541,DOI:10.1145/3351095.3373152,2
DOI:10.1177/2053951720942541,DOI:10.1162/99608f92.8cd550d1,2
DOI:10.1177/2053951720942541,DOI:10.1007/s10676-006-0001-7,2
DOI:10.1177/2053951720942541,DOI:10.1007/s00146-022-01602-z,2
DOI:10.1177/2053951720942541,DOI:10.1007/s43681-022-00228-7,2
DOI:10.1177/2053951720942541,DOI:10.48550/arxiv.1906.05684],2
DOI:10.1177/2053951720942541,DOI:10.1145/3313831.3376445,2
DOI:10.1177/2053951720942541,"ANGWIN J., 2016, PROPUBLICA",2
DOI:10.1177/2053951720942541,DOI:10.1111/j.1475-6773.2010.01140.x,2
DOI:10.1177/2053951720942541,DOI:10.2307/j.ctv1ghv45t,2
DOI:10.2307/20439056,"ZUBOFF S, 2019, THE AGE SURVEILLANCE",2
DOI:10.2307/j.ctvkjb25m,DOI:10.1007/s11023-018-9482-5,2
DOI:10.2307/j.ctvkjb25m,DOI:10.1145/33066183314289,2
DOI:10.4159/9780674042582,"NOZICK ROBERT., 1974, ANARCHY STATE UTOPIA",2
"HARDT M, 2016, ADV NEUR IN, V29","ZUBOFF S, 2019, THE AGE SURVEILLANCE",2
"HARDT M, 2016, ADV NEUR IN, V29",DOI:10.1007/s11023-018-9482-5,3
"HARDT M, 2016, ADV NEUR IN, V29",DOI:10.1145/3236009,2
"HARDT M, 2016, ADV NEUR IN, V29",DOI:10.1145/3236024.3264833,2
"HARDT M, 2016, ADV NEUR IN, V29",DOI:10.1145/3287560.3287600,2
"HARDT M, 2016, ADV NEUR IN, V29","GREENE D, 2019, PROCEEDINGS OF THE 52ND ANNUAL HAWAII INTERNATIONAL CONFERENCE ON SYSTEM SCIENCES, P2122",2
"MEHRABI N, 2021, ACM COMPUT SURV, V54, DOI [10.1145/3457607, 10.1186/S12889-022-13256-Z]",DOI:10.1007/s00146-022-01455-6,2
"MEHRABI N, 2021, ACM COMPUT SURV, V54, DOI [10.1145/3457607, 10.1186/S12889-022-13256-Z]",DOI:10.1007/s11023-018-9482-5,3
"MEHRABI N, 2021, ACM COMPUT SURV, V54, DOI [10.1145/3457607, 10.1186/S12889-022-13256-Z]",DOI:10.1007/s11948-019-00165-5,2
"MEHRABI N, 2021, ACM COMPUT SURV, V54, DOI [10.1145/3457607, 10.1186/S12889-022-13256-Z]",DOI:10.1007/s13347-019-00354-x,2
"MEHRABI N, 2021, ACM COMPUT SURV, V54, DOI [10.1145/3457607, 10.1186/S12889-022-13256-Z]",DOI:10.1016/j.patter.2023.100857,2
"MEHRABI N, 2021, ACM COMPUT SURV, V54, DOI [10.1145/3457607, 10.1186/S12889-022-13256-Z]",DOI:10.1145/2939672.2939778],2
"MEHRABI N, 2021, ACM COMPUT SURV, V54, DOI [10.1145/3457607, 10.1186/S12889-022-13256-Z]",DOI:10.1145/3465416.3483305,2
"MEHRABI N, 2021, ACM COMPUT SURV, V54, DOI [10.1145/3457607, 10.1186/S12889-022-13256-Z]",DOI:10.1561/0400000042,2
"MEHRABI N, 2021, ACM COMPUT SURV, V54, DOI [10.1145/3457607, 10.1186/S12889-022-13256-Z]","LUNDBERG SM, 2017, ADV NEUR IN, V30",2
"RUSSELL S., 2019, HUMAN COMPATIBLE ART","WIENER N., 1954, THE HUMAN USE OF HUMAN BEINGS: CYBERNETICS AND SOCIETY",2
"ZUBOFF S, 2019, THE AGE SURVEILLANCE",DOI:10.1007/s11948-019-00165-5,2
"ZUBOFF S, 2019, THE AGE SURVEILLANCE",DOI:10.1145/3351095.3372833,2
"ZUBOFF S, 2019, THE AGE SURVEILLANCE","GREENE D, 2019, PROCEEDINGS OF THE 52ND ANNUAL HAWAII INTERNATIONAL CONFERENCE ON SYSTEM SCIENCES, P2122",2
"ZUBOFF S, 2019, THE AGE SURVEILLANCE",DOI:10.1007/s11023-018-9482-5,2
"ZUBOFF S, 2019, THE AGE SURVEILLANCE",DOI:10.1145/3287560.3287596,2
"ZUBOFF S, 2019, THE AGE SURVEILLANCE",DOI:10.1145/3458723,2
"ZUBOFF S, 2019, THE AGE SURVEILLANCE","LUNDBERG SM, 2017, ADV NEUR IN, V30",2
DOI:10.1162/99608f92.8cd550d1,DOI:10.7551/mitpress/12549.001.0001,2
DOI:10.1162/99608f92.8cd550d1,"BEAUCHAMP TL., 2013, PRINCIPLES BIOMEDICA, VSEVENTH",4
DOI:10.1162/99608f92.8cd550d1,DOI:10.1126/science.aax2342,4
DOI:10.1162/99608f92.8cd550d1,DOI:10.1002/hast.973,3
DOI:10.1162/99608f92.8cd550d1,DOI:10.1007/s43681-022-00152-w,2
DOI:10.1162/99608f92.8cd550d1,DOI:10.1145/3233231,2
DOI:10.1162/99608f92.8cd550d1,DOI:10.5555/3002861],3
DOI:10.1162/99608f92.8cd550d1,DOI:10.1007/s00481-023-00761-x,2
DOI:10.1162/99608f92.8cd550d1,DOI:10.1007/s11023-018-9482-5,8
DOI:10.1162/99608f92.8cd550d1,DOI:10.1007/s11948-019-00165-5,8
DOI:10.1162/99608f92.8cd550d1,DOI:10.1007/s13347-017-0263-5,2
DOI:10.1162/99608f92.8cd550d1,DOI:10.1007/s13347-022-00538-y],2
DOI:10.1162/99608f92.8cd550d1,DOI:10.1111/bioe.12918,2
DOI:10.1162/99608f92.8cd550d1,DOI:10.1177/2053951715622512,4
DOI:10.1162/99608f92.8cd550d1,DOI:10.1007/s00146-021-01154-8,2
DOI:10.1162/99608f92.8cd550d1,DOI:10.1007/s11023-021-09557-8,2
DOI:10.1162/99608f92.8cd550d1,DOI:10.1145/3287560.3287596,2
DOI:10.1162/99608f92.8cd550d1,DOI:10.1145/3351095.3372873,2
DOI:10.1162/99608f92.8cd550d1,DOI:10.1177/1461444816676645,4
DOI:10.1162/99608f92.8cd550d1,DOI:10.2861/6644,2
DOI:10.1162/99608f92.8cd550d1,DOI:10.1126/science.132.3429.741,2
DOI:10.1162/99608f92.8cd550d1,DOI:10.1126/science.aat5991,4
DOI:10.1162/99608f92.8cd550d1,DOI:10.1007/s11948-015-9652-2,2
DOI:10.1162/99608f92.8cd550d1,DOI:10.1080/09528130050111428,3
DOI:10.1162/99608f92.8cd550d1,DOI:10.1147/jrd.2019.2942287,2
DOI:10.1162/99608f92.8cd550d1,"[ANONYMOUS], 2017, MONTREAL DECLARATION",2
DOI:10.1162/99608f92.8cd550d1,DOI:10.1007/s10551-019-04226-4,3
DOI:10.1162/99608f92.8cd550d1,DOI:10.1007/s11023-017-9438-1,2
DOI:10.1162/99608f92.8cd550d1,DOI:10.1007/s11023-020-09521-y,2
DOI:10.1162/99608f92.8cd550d1,DOI:10.1007/s13347-017-0263-5],4
DOI:10.1162/99608f92.8cd550d1,DOI:10.1007/s13347-019-00354-x,5
DOI:10.1162/99608f92.8cd550d1,DOI:10.1038/d41586-020-01578-0,2
DOI:10.1162/99608f92.8cd550d1,DOI:10.1080/21670811.2014.976411,2
DOI:10.1162/99608f92.8cd550d1,DOI:10.1098/rsta.2016.0112,3
DOI:10.1162/99608f92.8cd550d1,DOI:10.1098/rsta.2018.0081,3
DOI:10.1162/99608f92.8cd550d1,DOI:10.1145/33066183314289,2
DOI:10.1162/99608f92.8cd550d1,DOI:10.1145/3351095.3373152,2
DOI:10.1162/99608f92.8cd550d1,DOI:10.1609/aimag.v38i3.2741,2
DOI:10.1162/99608f92.8cd550d1,DOI:10.1007/978-3-319-67280-9_9,2
DOI:10.1162/99608f92.8cd550d1,DOI:10.1007/s00146-018-0848-2,2
DOI:10.1162/99608f92.8cd550d1,DOI:10.1007/s10676-018-9447-7,2
DOI:10.1162/99608f92.8cd550d1,DOI:10.1007/s11948-012-9413-4,2
DOI:10.1162/99608f92.8cd550d1,DOI:10.1016/j.clsr.2019.04.007,2
DOI:10.1162/99608f92.8cd550d1,DOI:10.1098/rsta.2016.0360,3
DOI:10.1162/99608f92.8cd550d1,DOI:10.1098/rsta.2018.0080,3
DOI:10.1162/99608f92.8cd550d1,DOI:10.1098/rsta.2018.0084,2
DOI:10.1162/99608f92.8cd550d1,DOI:10.1177/0191453714545340,2
DOI:10.1162/99608f92.8cd550d1,"MINGERS J, 2010, MIS QUART, V34, P833",2
DOI:10.1162/99608f92.8cd550d1,DOI:10.1007/s00146-020-00950-y,2
DOI:10.1162/99608f92.8cd550d1,DOI:10.1007/s00146-022-01455-6,2
DOI:10.1162/99608f92.8cd550d1,DOI:10.1017/cbo9780511610325.008,2
DOI:10.1162/99608f92.8cd550d1,DOI:10.1017/cbo9780511614194.006],2
DOI:10.1162/99608f92.8cd550d1,DOI:10.1093/acprof:oso/9780199794515.003.0009,2
DOI:10.1162/99608f92.8cd550d1,DOI:10.1111/j.1467-9833.1998.tb00098.x,2
DOI:10.1162/99608f92.8cd550d1,DOI:10.1111/j.1527-2001.1993.tb00630.x,2
DOI:10.1162/99608f92.8cd550d1,DOI:10.1111/j.1527-2001.2009.01056.x,2
DOI:10.1162/99608f92.8cd550d1,DOI:10.2307/2108082,2
DOI:10.1162/99608f92.8cd550d1,"FRANKFURT HARRY., 1989, THE INNER CITADEL: ESSAYS ON INDIVIDUAL AUTONOMY, P63",2
DOI:10.1162/99608f92.8cd550d1,"JAWORSKA A, 2009, NATURALIZED BIOETHICS: TOWARD RESPONSIBLE KNOWING AND PRACTICE, P80",2
DOI:10.1162/99608f92.8cd550d1,"PASQUALE F., 2015, BLACK BOK SOC SECRET",2
DOI:10.1162/99608f92.8cd550d1,"BENJAMIN RUHA., 2019, RACE TECHNOLOGY ABOL",2
DOI:10.1162/99608f92.8cd550d1,DOI:10.1145/3173574.3173951,2
DOI:10.1162/99608f92.8cd550d1,DOI:10.1007/s10676-018-9452-x,2
DOI:10.1162/99608f92.8cd550d1,DOI:10.1016/j.patter.2021.100205,2
DOI:10.1162/99608f92.8cd550d1,DOI:10.1177/2053951716679679,5
DOI:10.1162/99608f92.8cd550d1,DOI:10.2139/ssrn.3518482],3
DOI:10.1162/99608f92.8cd550d1,DOI:10.1007/s43681-022-00171-7,2
DOI:10.1162/99608f92.8cd550d1,DOI:10.1177/2378023121999581,2
DOI:10.1162/99608f92.8cd550d1,DOI:10.1191/1478088706qp063oa,2
DOI:10.1162/99608f92.8cd550d1,DOI:10.1007/s10676-019-09502-5,2
DOI:10.1162/99608f92.8cd550d1,DOI:10.1109/msp.2018.2701164,2
DOI:10.1162/99608f92.8cd550d1,DOI:10.1007/978-3-030-30371-6,2
DOI:10.1162/99608f92.8cd550d1,DOI:10.1186/s41239-019-0171-0,2
DOI:10.1162/99608f92.8cd550d1,DOI:10.1186/s41239-023-00408-3,2
DOI:10.1162/99608f92.8cd550d1,DOI:10.1007/s40593-021-00239-1,2
DOI:10.1162/99608f92.8cd550d1,DOI:10.1186/s41239-023-00392-8,2
DOI:10.1162/99608f92.8cd550d1,DOI:10.1016/j.caeai.2025.100405,2
DOI:10.7551/mitpress/12549.001.0001,DOI:10.1007/s11023-018-9482-5,4
DOI:10.7551/mitpress/12549.001.0001,DOI:10.1007/s11948-019-00165-5,3
DOI:10.7551/mitpress/12549.001.0001,DOI:10.1007/s13347-022-00591-7,2
DOI:10.7551/mitpress/12549.001.0001,"MULLER V.C., 2020, ETHICS OF ARTIFICIAL INTELLIGENCE AND ROBOTICS",2
DOI:10.7551/mitpress/12549.001.0001,DOI:10.1098/rsta.2018.0080,2
DOI:10.7551/mitpress/12549.001.0001,DOI:10.1007/978-3-319-60648-4,2
DOI:10.7551/mitpress/12549.001.0001,DOI:10.1007/s10676-021-09619-6,2
DOI:10.7551/mitpress/12549.001.0001,DOI:10.1007/s11948-020-00213-5,2
DOI:10.7551/mitpress/12549.001.0001,DOI:10.1007/s12599-023-00787-x,2
DOI:10.7551/mitpress/12549.001.0001,DOI:10.1145/33066183314289,3
DOI:10.7551/mitpress/12549.001.0001,DOI:10.3390/app12094130,2
DOI:10.7551/mitpress/12549.001.0001,"RUSSELL S., 2002, ARTIFICIAL INTELLIGENCE: A MODERN APPROACH",2
DOI:10.7551/mitpress/12549.001.0001,DOI:10.1016/j.neucom.2025.131942,2
DOI:10.1001/jama.267.16.2221,DOI:10.1136/medethics-2018-105118,2
DOI:10.1007/s11019-019-09912-8,DOI:10.1007/s13347-019-00391-6,3
DOI:10.1007/s11019-019-09912-8,DOI:10.1093/hropen/hoab040,2
DOI:10.1007/s11019-019-09912-8,DOI:10.1111/bioe.12869,2
DOI:10.1007/s11019-019-09912-8,DOI:10.1126/science.aax2342,2
DOI:10.1007/s11019-019-09912-8,DOI:10.1038/s42256-019-0048-x,2
DOI:10.1007/s11019-019-09912-8,DOI:10.1093/jcr/ucz013,2
DOI:10.1007/s13347-019-00391-6,DOI:10.1093/hropen/hoab040,2
DOI:10.1007/s13347-019-00391-6,DOI:10.1111/bioe.12869,2
DOI:10.1007/s13347-019-00391-6,DOI:10.1126/science.aax2342,2
DOI:10.1007/s13347-019-00391-6,DOI:10.1038/s42256-019-0048-x,2
DOI:10.1007/s13347-019-00391-6,DOI:10.1093/jcr/ucz013,2
DOI:10.1016/s2589-7500(19)30123-2,DOI:10.1126/science.aax2342,3
DOI:10.1016/s2589-7500(19)30123-2,DOI:10.1007/s11023-018-9482-5,2
DOI:10.1016/s2589-7500(19)30123-2,DOI:10.1007/s43681-022-00209-w],2
DOI:10.1038/s41586-018-0637-6,DOI:10.1126/science.aax2342,2
DOI:10.1038/s41586-018-0637-6,"LAMANNA CAMILLO, 2018, AMA J ETHICS, V20, PE902, DOI [10.1001/AMAJETHICS.2018.902, 10.1001/AMAJETHICS.2018.902]",2
DOI:10.1038/s41586-018-0637-6,"2015, CHOICE, V52, P52, DOI [10.5860/CHOICE.190706, 10.4159/HARVARD.9780674736061]",4
DOI:10.1038/s41586-018-0637-6,"AKRICH M, 2004, SCI SOC SANTE, V22, P5",2
DOI:10.1038/s41586-018-0637-6,"BENGIO Y, 2019, ARXIV, DOI ARXIV:1709.08568",2
DOI:10.1038/s41586-018-0637-6,"BERNS JORG JOCHEN, 2003, VEHICULE DIEUX ARCHE",2
DOI:10.1038/s41586-018-0637-6,"BERNS T., 2021, ETHIQUE COMMUNICATIO",2
DOI:10.1038/s41586-018-0637-6,"BILLIER J. -C., 2010, INTRO ETHIQUE",2
DOI:10.1038/s41586-018-0637-6,"BONNEFON J.-F., 2021, THAT THE BIOLOGICAL WORLD CAN BE UNDERSTOOD AS A SORT OF MACHINE, WITH PARTS THAT BEAR",2
DOI:10.1038/s41586-018-0637-6,"BOSTROM N, 2014, CAMBRIDGE HANDBOOK OF ARTIFICIAL INTELLIGENCE, P316",4
DOI:10.1038/s41586-018-0637-6,"CACCAMO E., 2019, VILLE INTELLIGENTE V",2
DOI:10.1038/s41586-018-0637-6,"CASILLI ANTONIO A., 2019, EN ATTENDANT LES ROBOTS",2
DOI:10.1038/s41586-018-0637-6,"CASTELVECCHI D, 2016, NATURE, V537, P20, DOI [10.1038/538020A, 10.1038/NATURE.2016.20491, 10.1038/538020A]",2
DOI:10.1038/s41586-018-0637-6,"CHARDEL P. -A., 2020, EMPIRE SIGNAL ECRIT",2
DOI:10.1038/s41586-018-0637-6,"CHATILA R, 2022, POUR UNE ETHIQUE DU NUMERIQUE, P27",2
DOI:10.1038/s41586-018-0637-6,"CHAUVIER S., 2016, LENCYCLOPEDIE PHILOS",2
DOI:10.1038/s41586-018-0637-6,"CRAWFORD K., 2021, ATLAS IA",2
DOI:10.1038/s41586-018-0637-6,"DANIELS NORMAN., 1996, JUSTICE AND JUSTIFICATION: REFLECTIVE EQUILIBRIUM IN THEORY AND PRACTICE",3
DOI:10.1038/s41586-018-0637-6,"DANIELS NORMAN., 2003, STANFORD ENCY PHILOS, VFALL 2010",2
DOI:10.1038/s41586-018-0637-6,"DIAKOPOULOS NICHOLAS., 2016, MIT TECHNOLOGY REVIEW",2
DOI:10.1038/s41586-018-0637-6,DOI:10.1007/978-3-030-81907-1,3
DOI:10.1038/s41586-018-0637-6,DOI:10.1007/978-3-540-30301-5_65,2
DOI:10.1038/s41586-018-0637-6,DOI:10.1007/s00146-018-0824-x,2
DOI:10.1038/s41586-018-0637-6,DOI:10.1007/s00146-021-01322-w,2
DOI:10.1038/s41586-018-0637-6,DOI:10.1007/s10676-006-0004-4,2
DOI:10.1038/s41586-018-0637-6,DOI:10.1007/s10676-011-9279-1,2
DOI:10.1038/s41586-018-0637-6,DOI:10.1007/s10677-016-9745-2,3
DOI:10.1038/s41586-018-0637-6,DOI:10.1007/s11948-019-00096-1,2
DOI:10.1038/s41586-018-0637-6,DOI:10.1007/s12130-010-9113-9],2
DOI:10.1038/s41586-018-0637-6,DOI:10.1007/s13347-020-00432-5],2
DOI:10.1038/s41586-018-0637-6,DOI:10.1007/s13347-021-00449-4],2
DOI:10.1038/s41586-018-0637-6,DOI:10.1007/s13347-021-00468-1],2
DOI:10.1038/s41586-018-0637-6,DOI:10.1016/j.inffus.2019.12.012,3
DOI:10.1038/s41586-018-0637-6,DOI:10.1016/j.inffus.2021.05.009,2
DOI:10.1038/s41586-018-0637-6,DOI:10.1073/pnas.1900654116,2
DOI:10.1038/s41586-018-0637-6,DOI:10.1086/291922,2
DOI:10.1038/s41586-018-0637-6,DOI:10.1093/0199252866.003.0002],4
DOI:10.1038/s41586-018-0637-6,DOI:10.1093/acprof:oso/9780190498511.001.0001,4
DOI:10.1038/s41586-018-0637-6,DOI:10.1126/science.aan8871,2
DOI:10.1038/s41586-018-0637-6,DOI:10.1126/scirobotics.aay7120,2
DOI:10.1038/s41586-018-0637-6,DOI:10.1145/3144592.3144598,2
DOI:10.1038/s41586-018-0637-6,DOI:10.1145/3287560.3287598,2
DOI:10.1038/s41586-018-0637-6,DOI:10.1609/aimag.v38i3.2741,2
DOI:10.1038/s41586-018-0637-6,DOI:10.17351/ests2020.277,2
DOI:10.1038/s41586-018-0637-6,DOI:10.3390/bdcc3010005,2
DOI:10.1038/s41586-018-0637-6,DOI:10.3406/reso.2000.2235,2
DOI:10.1038/s41586-018-0637-6,DOI:10.3917/comm.164.0911],2
DOI:10.1038/s41586-018-0637-6,DOI:10.3917/commu.088.0149],2
DOI:10.1038/s41586-018-0637-6,DOI:10.3917/ls.135.0087,2
DOI:10.1038/s41586-018-0637-6,DOI:10.3917/rai.019.0193,2
DOI:10.1038/s41586-018-0637-6,DOI:10.3917/res.212.0207,2
DOI:10.1038/s41586-018-0637-6,DOI:10.3917/zil.005.0208],2
DOI:10.1038/s41586-018-0637-6,DOI:10.4000/ethiquepublique.995],2
DOI:10.1038/s41586-018-0637-6,DOI:10.4000/quaderni.2216,2
DOI:10.1038/s41586-018-0637-6,DOI:10.4000/quaderni.2234],2
DOI:10.1038/s41586-018-0637-6,DOI:10.4000/sdt.14802],2
DOI:10.1038/s41586-018-0637-6,DOI:10.48550/arxiv.1810.00184],2
DOI:10.1038/s41586-018-0637-6,"DUMOUCHEL P., 2016, ROBOT. IL GRANDE ATLANTE VISIVO SUL ROBOT, DALL'ANTICA GRECIA ALLE INTELLIGENZE ARTIFICIALI, 24 ORE CULTURA",2
DOI:10.1038/s41586-018-0637-6,"ERASMUS ADRIAN, 2021, PHILOS TECHNOL, V34, P833, DOI [10.1007/S13347-020-00435-2, 10.1007/S13347-020-00435-2]",2
DOI:10.1038/s41586-018-0637-6,"FOUCAULT MICHEL., 1969, ARCHAEOLOGY KNOWLEDG",2
DOI:10.1038/s41586-018-0637-6,"FRANCK G., 2014, L'ECONOMIE DE L'ATTENTION, P55",2
DOI:10.1038/s41586-018-0637-6,"FROIDEVAUX C, 2022, POUR UNE ETHIQUE DU NUMERIQUE, P41",2
DOI:10.1038/s41586-018-0637-6,"FUCHS C, 2014, DIGITAL LABOUR AND KARL MARX, P1",2
DOI:10.1038/s41586-018-0637-6,"GIBERT M., 2021, FAIRE MORALE ROBOTS",2
DOI:10.1038/s41586-018-0637-6,"GUNKEL DJ, 2018, ROBOT RIGHTS",2
DOI:10.1038/s41586-018-0637-6,"HAIYI ZHU, 2018, PROCEEDINGS OF THE ACM ON HUMAN-COMPUTER INTERACTION, V2, DOI [10.1145/3274463, 10.1145/3274463]",2
DOI:10.1038/s41586-018-0637-6,"HOWARD P.N., 2015, PAX TECHNICA: HOW THE INTERNET OF THINGS MAY SET US FREE OR LOCK US UP",2
DOI:10.1038/s41586-018-0637-6,"HURSTHOUSE ROSALIND., 1999, ON VIRTUE ETHICS",3
DOI:10.1038/s41586-018-0637-6,"KANT E., 1989, CRITIQUE RAISON PRAT",2
DOI:10.1038/s41586-018-0637-6,"KERVEGAN J.-F., 2012, ARCH PHILOS, P199",2
DOI:10.1038/s41586-018-0637-6,"LEROI-GOURHAN A., 1995, GESTE PAROLE, VI",2
DOI:10.1038/s41586-018-0637-6,"MCCONNELL TERRANCE., 2018, THE STANFORD ENCYCLOPEDIA OF PHILOSOPHY",2
DOI:10.1038/s41586-018-0637-6,"MIT, 2016, MORAL MACHINES",2
DOI:10.1038/s41586-018-0637-6,"NEVEJANS NATHALIE, 2017, TRAITE DE DROIT ET D'ETHIQUE DE LA ROBOTIQUE CIVILE, VLEH",2
DOI:10.1038/s41586-018-0637-6,"OGIEN R., 2008, CONCEPTS ETHIQUE FAU",2
DOI:10.1038/s41586-018-0637-6,"OGIEN RUWEN., 2007, LETHIQUE AUJOURDHUI. MAXIMALISTES ET MINIMALISTES",2
DOI:10.1038/s41586-018-0637-6,"ONEIL C., 2018, ALGORITHMES BOMBE RE",2
DOI:10.1038/s41586-018-0637-6,"ORSI FRANCESCO., 2015, VALUE THEORY",2
DOI:10.1038/s41586-018-0637-6,"PEDERSEN ISABEL., 2020, EMBODIED COMPUTING: WEARABLES, IMPLANTABLES, EMBEDDABLES, INGESTIBLES",2
DOI:10.1038/s41586-018-0637-6,"POPPER K., 1973, LOGIQUE DECOUVERTE S",2
DOI:10.1038/s41586-018-0637-6,"RAWLS J., 1999, THEORIE DE LA JUSTICE",2
DOI:10.1038/s41586-018-0637-6,"REBER B., 2014, TERMINAL TECHNOLOGIE, V119",2
DOI:10.1038/s41586-018-0637-6,"SCHNAPPER D., 2012, COMPREHENSION SOCIOL",2
DOI:10.1038/s41586-018-0637-6,"THOMSON JUDITH J, 1976, MONIST, V59, P204",2
DOI:10.1038/s41586-018-0637-6,"VINCENT ANDRE, 1963, ARCHIVES DE PHILOSOPHIE DU DROIT, V8, P237",2
DOI:10.1038/s41586-018-0637-6,"[ANONYMOUS], 2013, SCI TECHNIQUES SOC",2
DOI:10.1038/s41586-018-0637-6,"[ANONYMOUS], 2013, SMART CITIES: THEORIE ET CRITIQUE D'UN IDEAL AUTOREALISATEUR",2
DOI:10.1038/s41586-018-0637-6,DOI:10.1108/dprg-08-2018-0049,2
DOI:10.1038/s41586-018-0637-6,DOI:10.1126/science.aat5991,5
DOI:10.1038/s41586-018-0637-6,"RUSSELL S., 2002, ARTIFICIAL INTELLIGENCE: A MODERN APPROACH",2
DOI:10.1038/s41586-018-0637-6,"CAMPOLO A., 2017, AI NOW 2017 REPORT",3
DOI:10.1038/s41586-018-0637-6,"CRAWFORD KATE, 2016, AI NOW PUBLIC S HOST, P24",2
DOI:10.1038/s41586-018-0637-6,DOI:10.1007/s10676-009-9187-9,2
DOI:10.1038/s41586-018-0637-6,DOI:10.1007/s11023-018-9482-5,3
DOI:10.1038/s41586-018-0637-6,DOI:10.1177/2053951717743530,3
DOI:10.1038/s41586-018-0637-6,DOI:10.2307/j.ctvhrd092.18,2
DOI:10.1038/s41586-018-0637-6,"ANDERSON MICHAEL., 2011, MACHINE ETHICS",2
DOI:10.1038/s41586-018-0637-6,DOI:10.1007/978-3-319-60648-4,2
DOI:10.1038/s41586-018-0637-6,DOI:10.1007/s10892-017-9252-2,2
DOI:10.1038/s41586-018-0637-6,DOI:10.1177/1024258916687250,2
DOI:10.1038/s41586-018-0637-6,"VAKKURI V, 2018, INT ICE CONF ENG",2
DOI:10.1038/s41586-018-0637-6,DOI:10.1126/science.aaf2654,2
DOI:10.1038/s41586-018-0637-6,DOI:10.2307/796133,2
DOI:10.1038/s41586-018-0637-6,DOI:10.1109/jproc.2019.2898267,2
DOI:10.1038/s41586-018-0637-6,"WALLACH W., 2008, MORAL MACHINES: TEACHING ROBOTS RIGHT FROM WRONG",3
DOI:10.1038/s41586-018-0637-6,DOI:10.1016/j.ijhcs.2020.102551,2
DOI:10.1038/s41586-018-0637-6,DOI:10.2139/ssrn.3518482],2
DOI:10.1093/hropen/hoab040,DOI:10.1111/bioe.12869,2
DOI:10.1093/hropen/hoab040,DOI:10.1126/science.aax2342,3
DOI:10.1093/hropen/hoab040,DOI:10.1002/hast.973,2
DOI:10.1093/hropen/hoab040,DOI:10.1038/s42256-019-0048-x,2
DOI:10.1111/bioe.12869,DOI:10.1126/science.aax2342,2
DOI:10.1126/science.aax2342,"BEAUCHAMP TL., 2013, PRINCIPLES BIOMEDICA, VSEVENTH",2
DOI:10.1126/science.aax2342,DOI:10.1148/radiol.2019191586,2
DOI:10.1126/science.aax2342,DOI:10.1148/ryai.2021210097,2
DOI:10.1126/science.aax2342,"ONEIL CATHY., 2016, WEAPONS_OF_MATH_DESTRUCTION:_HOW_BIG_DATA_INCREASES INEQUALITY_AND_THREATENS_DEMOCRACY",2
DOI:10.1126/science.aax2342,DOI:10.1002/hast.973,4
DOI:10.1126/science.aax2342,DOI:10.1007/s11023-018-9482-5,7
DOI:10.1126/science.aax2342,DOI:10.1016/j.socscimed.2020.113172,3
DOI:10.1126/science.aax2342,DOI:10.1038/s41591-018-0300-7,5
DOI:10.1126/science.aax2342,DOI:10.1038/s42256-019-0048-x,3
DOI:10.1126/science.aax2342,DOI:10.1145/2783258.2788613,2
DOI:10.1126/science.aax2342,DOI:10.1145/3442188.3445923,2
DOI:10.1126/science.aax2342,"COHEN IG, 2020, GEORGETOWN LAW J, V108, P1425",3
DOI:10.1126/science.aax2342,DOI:10.1007/s10676-004-3422-1,2
DOI:10.1126/science.aax2342,DOI:10.1007/s13347-022-00550-2,2
DOI:10.1126/science.aax2342,DOI:10.1007/s43681-022-00209-w],3
DOI:10.1126/science.aax2342,DOI:10.1093/jcr/ucz013,3
DOI:10.1126/science.aax2342,DOI:10.1145/3233231,4
DOI:10.1126/science.aax2342,DOI:10.5555/3002861],3
DOI:10.1126/science.aax2342,"COULDRY N, 2019, CULT ECON LIFE, P3",2
DOI:10.1126/science.aax2342,DOI:10.2307/j.ctv1ghv45t,2
DOI:10.1126/science.aax2342,"EUBANKS VIRGINIA., 2018, AUTOMATING INEQUALITY: HOW HIGH-TECH TOOLS PROFILE, POLICE, AND PUNISH THE POOR",2
DOI:10.1126/science.aax2342,DOI:10.1001/jama.2019.11365,2
DOI:10.1126/science.aax2342,DOI:10.1001/jama.2019.15064,2
DOI:10.1126/science.aax2342,DOI:10.1001/jama.2019.18058,2
DOI:10.1126/science.aax2342,DOI:10.1001/jama.2019.21215,2
DOI:10.1126/science.aax2342,DOI:10.1016/s0035-9203(02)90265-8,2
DOI:10.1126/science.aax2342,DOI:10.1038/d41586-018-05707-8,2
DOI:10.1126/science.aax2342,DOI:10.1038/nature21056,2
DOI:10.1126/science.aax2342,DOI:10.1016/b978-0-12-818438-7.00012-5],2
DOI:10.1126/science.aax2342,DOI:10.3390/ai4010003,2
DOI:10.1126/science.aax2342,DOI:10.7326/m18-0850,2
DOI:10.1126/science.aax2342,DOI:10.1001/jamadermatol.2018.2348,3
DOI:10.1126/science.aax2342,DOI:10.1007/978-3-319-60648-4,2
DOI:10.1126/science.aax2342,DOI:10.1016/s0031-3203(99)00065-5,2
DOI:10.1126/science.aax2342,DOI:10.1038/d41586-019-01413-1,3
DOI:10.1126/science.aax2342,DOI:10.4103/jfmpc.jfmpc_440_19,2
DOI:10.1126/science.aax2342,DOI:10.48550/arxiv.2109.02866],2
DOI:10.1126/science.aax2342,"WORLD HEALTH ORGANIZATION, 2021, ETHICS GOVERNANCE AR",2
DOI:10.1126/science.aax2342,DOI:10.1136/bmjqs-2018-008370,2
DOI:10.1126/science.aax2342,"BEAUCHAMP T.L., 2009, PRINCIPLES BIOMEDICA",2
DOI:10.1126/science.aax2342,DOI:10.1007/s00146-021-01154-8,2
DOI:10.1126/science.aax2342,DOI:10.1007/s11948-019-00165-5,4
DOI:10.1126/science.aax2342,DOI:10.1057/jit.2015.5,2
DOI:10.1126/science.aax2342,DOI:10.1145/3287560.3287596,2
DOI:10.1126/science.aax2342,DOI:10.1177/1461444816676645,2
DOI:10.1126/science.aax2342,"CASTELVECCHI D, 2016, NATURE, V537, P20, DOI [10.1038/538020A, 10.1038/NATURE.2016.20491, 10.1038/538020A]",2
DOI:10.1126/science.aax2342,DOI:10.1007/s13347-019-00354-x,3
DOI:10.1126/science.aax2342,DOI:10.1016/j.neucom.2025.131942,2
DOI:10.1126/science.aax2342,DOI:10.1080/1369118x.2012.678878,2
DOI:10.1126/science.aax2342,DOI:10.1093/idpl/ipx005,2
DOI:10.1126/science.aax2342,DOI:10.1136/medethics-2019-105586,2
DOI:10.1126/science.aax2342,DOI:10.1177/2053951716679679,3
DOI:10.1126/science.aax2342,DOI:10.2139/ssrn.3518482],3
DOI:10.1126/science.aax2342,"MULLER V.C., 2020, ETHICS OF ARTIFICIAL INTELLIGENCE AND ROBOTICS",2
DOI:10.1126/science.aax2342,"DASTIN JEREY., 2018, REUTERS",2
DOI:10.1126/science.aax2342,DOI:10.1038/s41591-020-1035-9,2
DOI:10.1126/science.aax2342,DOI:10.1073/pnas.1320040111,2
DOI:10.1126/science.aax2342,DOI:10.1007/s43681-020-00013-4],2
DOI:10.1126/science.aax2342,DOI:10.1016/j.patter.2021.100205,2
DOI:10.1126/science.aax2342,DOI:10.1145/3097983.3098095,2
DOI:10.1126/science.aax2342,DOI:10.1177/0162243915605575,2
DOI:10.1126/science.aax2342,DOI:10.2139/ssrn.3403301],2
DOI:10.1126/science.aax2342,DOI:10.1038/s41591-018-0272-7,2
DOI:10.1126/science.aax2342,DOI:10.1038/s41746-018-0061-1,2
DOI:10.1126/science.aax2342,"PARANJAPE KETAN, 2019, JMIR MED EDUC, V5, PE16048, DOI [10.2196/16048, 10.2196/16048]",2
DOI:10.1126/science.aax2342,"WARTMAN STEVEN A, 2019, AMA J ETHICS, V21, PE146, DOI [10.1001/AMAJETHICS.2019.146, 10.1001/AMAJETHICS.2019.146]",2
DOI:10.1126/science.aax2342,DOI:10.1145/33066183314289,3
DOI:10.1126/science.aax2342,DOI:10.1177/0008125619864925,2
DOI:10.1126/science.aax2342,DOI:10.1186/s12909-023-04698-z,2
DOI:10.1126/science.aax2342,"[ANONYMOUS], 2019, ETHICS GUIDELINES FOR TRUSTWORTHY AL",3
DOI:10.1126/science.aax2342,DOI:10.1016/j.inffus.2019.12.012,2
DOI:10.1126/science.aax2342,"ANGWIN J., 2016, PROPUBLICA",3
DOI:10.1126/science.aax2342,"BENJAMIN RUHA., 2019, RACE TECHNOLOGY ABOL",2
DOI:10.1126/science.aax2342,DOI:10.1016/j.clsr.2021.105567,2
DOI:10.1126/science.aax2342,DOI:10.2307/258788,2
DOI:10.1126/science.aax2342,DOI:10.1016/j.cognition.2018.08.003,2
DOI:10.1145/3351095.3372833,DOI:10.1007/s11948-019-00165-5,2
DOI:10.1145/3351095.3372833,"GREENE D, 2019, PROCEEDINGS OF THE 52ND ANNUAL HAWAII INTERNATIONAL CONFERENCE ON SYSTEM SCIENCES, P2122",3
"2015, CHOICE, V52, P52, DOI [10.5860/CHOICE.190706, 10.4159/HARVARD.9780674736061]","AKRICH M, 2004, SCI SOC SANTE, V22, P5",2
"2015, CHOICE, V52, P52, DOI [10.5860/CHOICE.190706, 10.4159/HARVARD.9780674736061]","BENGIO Y, 2019, ARXIV, DOI ARXIV:1709.08568",2
"2015, CHOICE, V52, P52, DOI [10.5860/CHOICE.190706, 10.4159/HARVARD.9780674736061]","BERNS JORG JOCHEN, 2003, VEHICULE DIEUX ARCHE",2
"2015, CHOICE, V52, P52, DOI [10.5860/CHOICE.190706, 10.4159/HARVARD.9780674736061]","BERNS T., 2021, ETHIQUE COMMUNICATIO",2
"2015, CHOICE, V52, P52, DOI [10.5860/CHOICE.190706, 10.4159/HARVARD.9780674736061]","BILLIER J. -C., 2010, INTRO ETHIQUE",2
"2015, CHOICE, V52, P52, DOI [10.5860/CHOICE.190706, 10.4159/HARVARD.9780674736061]","BONNEFON J.-F., 2021, THAT THE BIOLOGICAL WORLD CAN BE UNDERSTOOD AS A SORT OF MACHINE, WITH PARTS THAT BEAR",2
"2015, CHOICE, V52, P52, DOI [10.5860/CHOICE.190706, 10.4159/HARVARD.9780674736061]","BOSTROM N, 2014, CAMBRIDGE HANDBOOK OF ARTIFICIAL INTELLIGENCE, P316",2
"2015, CHOICE, V52, P52, DOI [10.5860/CHOICE.190706, 10.4159/HARVARD.9780674736061]","CACCAMO E., 2019, VILLE INTELLIGENTE V",2
"2015, CHOICE, V52, P52, DOI [10.5860/CHOICE.190706, 10.4159/HARVARD.9780674736061]","CASILLI ANTONIO A., 2019, EN ATTENDANT LES ROBOTS",2
"2015, CHOICE, V52, P52, DOI [10.5860/CHOICE.190706, 10.4159/HARVARD.9780674736061]","CASTELVECCHI D, 2016, NATURE, V537, P20, DOI [10.1038/538020A, 10.1038/NATURE.2016.20491, 10.1038/538020A]",2
"2015, CHOICE, V52, P52, DOI [10.5860/CHOICE.190706, 10.4159/HARVARD.9780674736061]","CHARDEL P. -A., 2020, EMPIRE SIGNAL ECRIT",2
"2015, CHOICE, V52, P52, DOI [10.5860/CHOICE.190706, 10.4159/HARVARD.9780674736061]","CHATILA R, 2022, POUR UNE ETHIQUE DU NUMERIQUE, P27",2
"2015, CHOICE, V52, P52, DOI [10.5860/CHOICE.190706, 10.4159/HARVARD.9780674736061]","CHAUVIER S., 2016, LENCYCLOPEDIE PHILOS",2
"2015, CHOICE, V52, P52, DOI [10.5860/CHOICE.190706, 10.4159/HARVARD.9780674736061]","CRAWFORD K., 2021, ATLAS IA",2
"2015, CHOICE, V52, P52, DOI [10.5860/CHOICE.190706, 10.4159/HARVARD.9780674736061]","DANIELS NORMAN., 1996, JUSTICE AND JUSTIFICATION: REFLECTIVE EQUILIBRIUM IN THEORY AND PRACTICE",2
"2015, CHOICE, V52, P52, DOI [10.5860/CHOICE.190706, 10.4159/HARVARD.9780674736061]","DANIELS NORMAN., 2003, STANFORD ENCY PHILOS, VFALL 2010",2
"2015, CHOICE, V52, P52, DOI [10.5860/CHOICE.190706, 10.4159/HARVARD.9780674736061]","DIAKOPOULOS NICHOLAS., 2016, MIT TECHNOLOGY REVIEW",2
"2015, CHOICE, V52, P52, DOI [10.5860/CHOICE.190706, 10.4159/HARVARD.9780674736061]",DOI:10.1007/978-3-030-81907-1,3
"2015, CHOICE, V52, P52, DOI [10.5860/CHOICE.190706, 10.4159/HARVARD.9780674736061]",DOI:10.1007/978-3-540-30301-5_65,2
"2015, CHOICE, V52, P52, DOI [10.5860/CHOICE.190706, 10.4159/HARVARD.9780674736061]",DOI:10.1007/s00146-018-0824-x,2
"2015, CHOICE, V52, P52, DOI [10.5860/CHOICE.190706, 10.4159/HARVARD.9780674736061]",DOI:10.1007/s00146-021-01322-w,2
"2015, CHOICE, V52, P52, DOI [10.5860/CHOICE.190706, 10.4159/HARVARD.9780674736061]",DOI:10.1007/s10676-006-0004-4,2
"2015, CHOICE, V52, P52, DOI [10.5860/CHOICE.190706, 10.4159/HARVARD.9780674736061]",DOI:10.1007/s10676-011-9279-1,2
"2015, CHOICE, V52, P52, DOI [10.5860/CHOICE.190706, 10.4159/HARVARD.9780674736061]",DOI:10.1007/s10677-016-9745-2,2
"2015, CHOICE, V52, P52, DOI [10.5860/CHOICE.190706, 10.4159/HARVARD.9780674736061]",DOI:10.1007/s11948-019-00096-1,2
"2015, CHOICE, V52, P52, DOI [10.5860/CHOICE.190706, 10.4159/HARVARD.9780674736061]",DOI:10.1007/s12130-010-9113-9],2
"2015, CHOICE, V52, P52, DOI [10.5860/CHOICE.190706, 10.4159/HARVARD.9780674736061]",DOI:10.1007/s13347-020-00432-5],2
"2015, CHOICE, V52, P52, DOI [10.5860/CHOICE.190706, 10.4159/HARVARD.9780674736061]",DOI:10.1007/s13347-021-00449-4],2
"2015, CHOICE, V52, P52, DOI [10.5860/CHOICE.190706, 10.4159/HARVARD.9780674736061]",DOI:10.1007/s13347-021-00468-1],2
"2015, CHOICE, V52, P52, DOI [10.5860/CHOICE.190706, 10.4159/HARVARD.9780674736061]",DOI:10.1016/j.inffus.2019.12.012,3
"2015, CHOICE, V52, P52, DOI [10.5860/CHOICE.190706, 10.4159/HARVARD.9780674736061]",DOI:10.1016/j.inffus.2021.05.009,2
"2015, CHOICE, V52, P52, DOI [10.5860/CHOICE.190706, 10.4159/HARVARD.9780674736061]",DOI:10.1073/pnas.1900654116,2
"2015, CHOICE, V52, P52, DOI [10.5860/CHOICE.190706, 10.4159/HARVARD.9780674736061]",DOI:10.1086/291922,2
"2015, CHOICE, V52, P52, DOI [10.5860/CHOICE.190706, 10.4159/HARVARD.9780674736061]",DOI:10.1093/0199252866.003.0002],2
"2015, CHOICE, V52, P52, DOI [10.5860/CHOICE.190706, 10.4159/HARVARD.9780674736061]",DOI:10.1093/acprof:oso/9780190498511.001.0001,3
"2015, CHOICE, V52, P52, DOI [10.5860/CHOICE.190706, 10.4159/HARVARD.9780674736061]",DOI:10.1126/science.aan8871,2
"2015, CHOICE, V52, P52, DOI [10.5860/CHOICE.190706, 10.4159/HARVARD.9780674736061]",DOI:10.1126/scirobotics.aay7120,2
"2015, CHOICE, V52, P52, DOI [10.5860/CHOICE.190706, 10.4159/HARVARD.9780674736061]",DOI:10.1145/3144592.3144598,2
"2015, CHOICE, V52, P52, DOI [10.5860/CHOICE.190706, 10.4159/HARVARD.9780674736061]",DOI:10.1145/3287560.3287598,2
"2015, CHOICE, V52, P52, DOI [10.5860/CHOICE.190706, 10.4159/HARVARD.9780674736061]",DOI:10.1609/aimag.v38i3.2741,3
"2015, CHOICE, V52, P52, DOI [10.5860/CHOICE.190706, 10.4159/HARVARD.9780674736061]",DOI:10.17351/ests2020.277,2
"2015, CHOICE, V52, P52, DOI [10.5860/CHOICE.190706, 10.4159/HARVARD.9780674736061]",DOI:10.3390/bdcc3010005,2
"2015, CHOICE, V52, P52, DOI [10.5860/CHOICE.190706, 10.4159/HARVARD.9780674736061]",DOI:10.3406/reso.2000.2235,2
"2015, CHOICE, V52, P52, DOI [10.5860/CHOICE.190706, 10.4159/HARVARD.9780674736061]",DOI:10.3917/comm.164.0911],2
"2015, CHOICE, V52, P52, DOI [10.5860/CHOICE.190706, 10.4159/HARVARD.9780674736061]",DOI:10.3917/commu.088.0149],2
"2015, CHOICE, V52, P52, DOI [10.5860/CHOICE.190706, 10.4159/HARVARD.9780674736061]",DOI:10.3917/ls.135.0087,2
"2015, CHOICE, V52, P52, DOI [10.5860/CHOICE.190706, 10.4159/HARVARD.9780674736061]",DOI:10.3917/rai.019.0193,2
"2015, CHOICE, V52, P52, DOI [10.5860/CHOICE.190706, 10.4159/HARVARD.9780674736061]",DOI:10.3917/res.212.0207,2
"2015, CHOICE, V52, P52, DOI [10.5860/CHOICE.190706, 10.4159/HARVARD.9780674736061]",DOI:10.3917/zil.005.0208],2
"2015, CHOICE, V52, P52, DOI [10.5860/CHOICE.190706, 10.4159/HARVARD.9780674736061]",DOI:10.4000/ethiquepublique.995],2
"2015, CHOICE, V52, P52, DOI [10.5860/CHOICE.190706, 10.4159/HARVARD.9780674736061]",DOI:10.4000/quaderni.2216,2
"2015, CHOICE, V52, P52, DOI [10.5860/CHOICE.190706, 10.4159/HARVARD.9780674736061]",DOI:10.4000/quaderni.2234],2
"2015, CHOICE, V52, P52, DOI [10.5860/CHOICE.190706, 10.4159/HARVARD.9780674736061]",DOI:10.4000/sdt.14802],2
"2015, CHOICE, V52, P52, DOI [10.5860/CHOICE.190706, 10.4159/HARVARD.9780674736061]",DOI:10.48550/arxiv.1810.00184],2
"2015, CHOICE, V52, P52, DOI [10.5860/CHOICE.190706, 10.4159/HARVARD.9780674736061]","DUMOUCHEL P., 2016, ROBOT. IL GRANDE ATLANTE VISIVO SUL ROBOT, DALL'ANTICA GRECIA ALLE INTELLIGENZE ARTIFICIALI, 24 ORE CULTURA",2
"2015, CHOICE, V52, P52, DOI [10.5860/CHOICE.190706, 10.4159/HARVARD.9780674736061]","ERASMUS ADRIAN, 2021, PHILOS TECHNOL, V34, P833, DOI [10.1007/S13347-020-00435-2, 10.1007/S13347-020-00435-2]",2
"2015, CHOICE, V52, P52, DOI [10.5860/CHOICE.190706, 10.4159/HARVARD.9780674736061]","FOUCAULT MICHEL., 1969, ARCHAEOLOGY KNOWLEDG",2
"2015, CHOICE, V52, P52, DOI [10.5860/CHOICE.190706, 10.4159/HARVARD.9780674736061]","FRANCK G., 2014, L'ECONOMIE DE L'ATTENTION, P55",2
"2015, CHOICE, V52, P52, DOI [10.5860/CHOICE.190706, 10.4159/HARVARD.9780674736061]","FROIDEVAUX C, 2022, POUR UNE ETHIQUE DU NUMERIQUE, P41",2
"2015, CHOICE, V52, P52, DOI [10.5860/CHOICE.190706, 10.4159/HARVARD.9780674736061]","FUCHS C, 2014, DIGITAL LABOUR AND KARL MARX, P1",2
"2015, CHOICE, V52, P52, DOI [10.5860/CHOICE.190706, 10.4159/HARVARD.9780674736061]","GIBERT M., 2021, FAIRE MORALE ROBOTS",2
"2015, CHOICE, V52, P52, DOI [10.5860/CHOICE.190706, 10.4159/HARVARD.9780674736061]","GUNKEL DJ, 2018, ROBOT RIGHTS",2
"2015, CHOICE, V52, P52, DOI [10.5860/CHOICE.190706, 10.4159/HARVARD.9780674736061]","HAIYI ZHU, 2018, PROCEEDINGS OF THE ACM ON HUMAN-COMPUTER INTERACTION, V2, DOI [10.1145/3274463, 10.1145/3274463]",2
"2015, CHOICE, V52, P52, DOI [10.5860/CHOICE.190706, 10.4159/HARVARD.9780674736061]","HOWARD P.N., 2015, PAX TECHNICA: HOW THE INTERNET OF THINGS MAY SET US FREE OR LOCK US UP",2
"2015, CHOICE, V52, P52, DOI [10.5860/CHOICE.190706, 10.4159/HARVARD.9780674736061]","HURSTHOUSE ROSALIND., 1999, ON VIRTUE ETHICS",3
"2015, CHOICE, V52, P52, DOI [10.5860/CHOICE.190706, 10.4159/HARVARD.9780674736061]","KANT E., 1989, CRITIQUE RAISON PRAT",2
"2015, CHOICE, V52, P52, DOI [10.5860/CHOICE.190706, 10.4159/HARVARD.9780674736061]","KERVEGAN J.-F., 2012, ARCH PHILOS, P199",2
"2015, CHOICE, V52, P52, DOI [10.5860/CHOICE.190706, 10.4159/HARVARD.9780674736061]","LEROI-GOURHAN A., 1995, GESTE PAROLE, VI",2
"2015, CHOICE, V52, P52, DOI [10.5860/CHOICE.190706, 10.4159/HARVARD.9780674736061]","MCCONNELL TERRANCE., 2018, THE STANFORD ENCYCLOPEDIA OF PHILOSOPHY",2
"2015, CHOICE, V52, P52, DOI [10.5860/CHOICE.190706, 10.4159/HARVARD.9780674736061]","MIT, 2016, MORAL MACHINES",2
"2015, CHOICE, V52, P52, DOI [10.5860/CHOICE.190706, 10.4159/HARVARD.9780674736061]","NEVEJANS NATHALIE, 2017, TRAITE DE DROIT ET D'ETHIQUE DE LA ROBOTIQUE CIVILE, VLEH",2
"2015, CHOICE, V52, P52, DOI [10.5860/CHOICE.190706, 10.4159/HARVARD.9780674736061]","OGIEN R., 2008, CONCEPTS ETHIQUE FAU",2
"2015, CHOICE, V52, P52, DOI [10.5860/CHOICE.190706, 10.4159/HARVARD.9780674736061]","OGIEN RUWEN., 2007, LETHIQUE AUJOURDHUI. MAXIMALISTES ET MINIMALISTES",2
"2015, CHOICE, V52, P52, DOI [10.5860/CHOICE.190706, 10.4159/HARVARD.9780674736061]","ONEIL C., 2018, ALGORITHMES BOMBE RE",2
"2015, CHOICE, V52, P52, DOI [10.5860/CHOICE.190706, 10.4159/HARVARD.9780674736061]","ORSI FRANCESCO., 2015, VALUE THEORY",2
"2015, CHOICE, V52, P52, DOI [10.5860/CHOICE.190706, 10.4159/HARVARD.9780674736061]","PEDERSEN ISABEL., 2020, EMBODIED COMPUTING: WEARABLES, IMPLANTABLES, EMBEDDABLES, INGESTIBLES",2
"2015, CHOICE, V52, P52, DOI [10.5860/CHOICE.190706, 10.4159/HARVARD.9780674736061]","POPPER K., 1973, LOGIQUE DECOUVERTE S",2
"2015, CHOICE, V52, P52, DOI [10.5860/CHOICE.190706, 10.4159/HARVARD.9780674736061]","RAWLS J., 1999, THEORIE DE LA JUSTICE",2
"2015, CHOICE, V52, P52, DOI [10.5860/CHOICE.190706, 10.4159/HARVARD.9780674736061]","REBER B., 2014, TERMINAL TECHNOLOGIE, V119",2
"2015, CHOICE, V52, P52, DOI [10.5860/CHOICE.190706, 10.4159/HARVARD.9780674736061]","SCHNAPPER D., 2012, COMPREHENSION SOCIOL",2
"2015, CHOICE, V52, P52, DOI [10.5860/CHOICE.190706, 10.4159/HARVARD.9780674736061]","THOMSON JUDITH J, 1976, MONIST, V59, P204",2
"2015, CHOICE, V52, P52, DOI [10.5860/CHOICE.190706, 10.4159/HARVARD.9780674736061]","VINCENT ANDRE, 1963, ARCHIVES DE PHILOSOPHIE DU DROIT, V8, P237",2
"2015, CHOICE, V52, P52, DOI [10.5860/CHOICE.190706, 10.4159/HARVARD.9780674736061]","[ANONYMOUS], 2013, SCI TECHNIQUES SOC",2
"2015, CHOICE, V52, P52, DOI [10.5860/CHOICE.190706, 10.4159/HARVARD.9780674736061]","[ANONYMOUS], 2013, SMART CITIES: THEORIE ET CRITIQUE D'UN IDEAL AUTOREALISATEUR",2
"2015, CHOICE, V52, P52, DOI [10.5860/CHOICE.190706, 10.4159/HARVARD.9780674736061]",DOI:10.1136/medethics-2019-105586,2
"2015, CHOICE, V52, P52, DOI [10.5860/CHOICE.190706, 10.4159/HARVARD.9780674736061]",DOI:10.1145/2939672.2939778,2
"2015, CHOICE, V52, P52, DOI [10.5860/CHOICE.190706, 10.4159/HARVARD.9780674736061]",DOI:10.1177/2053951715622512,2
"2015, CHOICE, V52, P52, DOI [10.5860/CHOICE.190706, 10.4159/HARVARD.9780674736061]",DOI:10.1177/2053951716679679,3
"2015, CHOICE, V52, P52, DOI [10.5860/CHOICE.190706, 10.4159/HARVARD.9780674736061]",DOI:10.1098/rsta.2016.0360,2
"2015, CHOICE, V52, P52, DOI [10.5860/CHOICE.190706, 10.4159/HARVARD.9780674736061]",DOI:10.2139/ssrn.3518482],3
"2015, CHOICE, V52, P52, DOI [10.5860/CHOICE.190706, 10.4159/HARVARD.9780674736061]",DOI:10.5555/3002861],4
"2015, CHOICE, V52, P52, DOI [10.5860/CHOICE.190706, 10.4159/HARVARD.9780674736061]",DOI:10.1007/s11023-018-9482-5,3
"2015, CHOICE, V52, P52, DOI [10.5860/CHOICE.190706, 10.4159/HARVARD.9780674736061]","ANDERSON MICHAEL., 2011, MACHINE ETHICS",2
"2015, CHOICE, V52, P52, DOI [10.5860/CHOICE.190706, 10.4159/HARVARD.9780674736061]","BUOLAMWINI JOY., 2018, C FAIRNESS ACCOUNTAB, V81, P1",2
"2015, CHOICE, V52, P52, DOI [10.5860/CHOICE.190706, 10.4159/HARVARD.9780674736061]",DOI:10.1007/978-3-319-60648-4,3
"2015, CHOICE, V52, P52, DOI [10.5860/CHOICE.190706, 10.4159/HARVARD.9780674736061]",DOI:10.1177/0162243915606523,2
"2015, CHOICE, V52, P52, DOI [10.5860/CHOICE.190706, 10.4159/HARVARD.9780674736061]","EUBANKS VIRGINIA., 2018, AUTOMATING INEQUALITY: HOW HIGH-TECH TOOLS PROFILE, POLICE, AND PUNISH THE POOR",3
"2015, CHOICE, V52, P52, DOI [10.5860/CHOICE.190706, 10.4159/HARVARD.9780674736061]","GREENE D, 2019, PROCEEDINGS OF THE 52ND ANNUAL HAWAII INTERNATIONAL CONFERENCE ON SYSTEM SCIENCES, P2122",2
"2015, CHOICE, V52, P52, DOI [10.5860/CHOICE.190706, 10.4159/HARVARD.9780674736061]",DOI:10.1007/s00146-021-01148-6,2
"2015, CHOICE, V52, P52, DOI [10.5860/CHOICE.190706, 10.4159/HARVARD.9780674736061]",DOI:10.1007/s10551-019-04407-1,2
"2015, CHOICE, V52, P52, DOI [10.5860/CHOICE.190706, 10.4159/HARVARD.9780674736061]",DOI:10.1007/s10551-022-05051-y,2
"2015, CHOICE, V52, P52, DOI [10.5860/CHOICE.190706, 10.4159/HARVARD.9780674736061]",DOI:10.1007/s10676-021-09619-6,2
"2015, CHOICE, V52, P52, DOI [10.5860/CHOICE.190706, 10.4159/HARVARD.9780674736061]",DOI:10.1016/j.techsoc.2021.101666,2
"2015, CHOICE, V52, P52, DOI [10.5860/CHOICE.190706, 10.4159/HARVARD.9780674736061]",DOI:10.1177/2053951716650211,2
"2015, CHOICE, V52, P52, DOI [10.5860/CHOICE.190706, 10.4159/HARVARD.9780674736061]","MOROZOV E., 2014, TO SAVE EVERYTHING, CLICK HERE: THE FOLLY OF TECHNOLOGICAL SOLUTIONISM",2
"2015, CHOICE, V52, P52, DOI [10.5860/CHOICE.190706, 10.4159/HARVARD.9780674736061]","[ANONYMOUS], 2019, ETHICS GUIDELINES FOR TRUSTWORTHY AL",2
"2015, CHOICE, V52, P52, DOI [10.5860/CHOICE.190706, 10.4159/HARVARD.9780674736061]",DOI:10.2307/j.ctt1gk0941,2
"2015, CHOICE, V52, P52, DOI [10.5860/CHOICE.190706, 10.4159/HARVARD.9780674736061]","NISSENBAUM H.F., 2010, PRIVACY IN CONTEXT: TECHNOLOGY, POLICY, AND THE INTEGRITY OF SOCIAL LIFE",2
"AKRICH M, 2004, SCI SOC SANTE, V22, P5","BENGIO Y, 2019, ARXIV, DOI ARXIV:1709.08568",2
"AKRICH M, 2004, SCI SOC SANTE, V22, P5","BERNS JORG JOCHEN, 2003, VEHICULE DIEUX ARCHE",2
"AKRICH M, 2004, SCI SOC SANTE, V22, P5","BERNS T., 2021, ETHIQUE COMMUNICATIO",2
"AKRICH M, 2004, SCI SOC SANTE, V22, P5","BILLIER J. -C., 2010, INTRO ETHIQUE",2
"AKRICH M, 2004, SCI SOC SANTE, V22, P5","BONNEFON J.-F., 2021, THAT THE BIOLOGICAL WORLD CAN BE UNDERSTOOD AS A SORT OF MACHINE, WITH PARTS THAT BEAR",2
"AKRICH M, 2004, SCI SOC SANTE, V22, P5","BOSTROM N, 2014, CAMBRIDGE HANDBOOK OF ARTIFICIAL INTELLIGENCE, P316",2
"AKRICH M, 2004, SCI SOC SANTE, V22, P5","CACCAMO E., 2019, VILLE INTELLIGENTE V",2
"AKRICH M, 2004, SCI SOC SANTE, V22, P5","CASILLI ANTONIO A., 2019, EN ATTENDANT LES ROBOTS",2
"AKRICH M, 2004, SCI SOC SANTE, V22, P5","CASTELVECCHI D, 2016, NATURE, V537, P20, DOI [10.1038/538020A, 10.1038/NATURE.2016.20491, 10.1038/538020A]",2
"AKRICH M, 2004, SCI SOC SANTE, V22, P5","CHARDEL P. -A., 2020, EMPIRE SIGNAL ECRIT",2
"AKRICH M, 2004, SCI SOC SANTE, V22, P5","CHATILA R, 2022, POUR UNE ETHIQUE DU NUMERIQUE, P27",2
"AKRICH M, 2004, SCI SOC SANTE, V22, P5","CHAUVIER S., 2016, LENCYCLOPEDIE PHILOS",2
"AKRICH M, 2004, SCI SOC SANTE, V22, P5","CRAWFORD K., 2021, ATLAS IA",2
"AKRICH M, 2004, SCI SOC SANTE, V22, P5","DANIELS NORMAN., 1996, JUSTICE AND JUSTIFICATION: REFLECTIVE EQUILIBRIUM IN THEORY AND PRACTICE",2
"AKRICH M, 2004, SCI SOC SANTE, V22, P5","DANIELS NORMAN., 2003, STANFORD ENCY PHILOS, VFALL 2010",2
"AKRICH M, 2004, SCI SOC SANTE, V22, P5","DIAKOPOULOS NICHOLAS., 2016, MIT TECHNOLOGY REVIEW",2
"AKRICH M, 2004, SCI SOC SANTE, V22, P5",DOI:10.1007/978-3-030-81907-1,2
"AKRICH M, 2004, SCI SOC SANTE, V22, P5",DOI:10.1007/978-3-540-30301-5_65,2
"AKRICH M, 2004, SCI SOC SANTE, V22, P5",DOI:10.1007/s00146-018-0824-x,2
"AKRICH M, 2004, SCI SOC SANTE, V22, P5",DOI:10.1007/s00146-021-01322-w,2
"AKRICH M, 2004, SCI SOC SANTE, V22, P5",DOI:10.1007/s10676-006-0004-4,2
"AKRICH M, 2004, SCI SOC SANTE, V22, P5",DOI:10.1007/s10676-011-9279-1,2
"AKRICH M, 2004, SCI SOC SANTE, V22, P5",DOI:10.1007/s10677-016-9745-2,2
"AKRICH M, 2004, SCI SOC SANTE, V22, P5",DOI:10.1007/s11948-019-00096-1,2
"AKRICH M, 2004, SCI SOC SANTE, V22, P5",DOI:10.1007/s12130-010-9113-9],2
"AKRICH M, 2004, SCI SOC SANTE, V22, P5",DOI:10.1007/s13347-020-00432-5],2
"AKRICH M, 2004, SCI SOC SANTE, V22, P5",DOI:10.1007/s13347-021-00449-4],2
"AKRICH M, 2004, SCI SOC SANTE, V22, P5",DOI:10.1007/s13347-021-00468-1],2
"AKRICH M, 2004, SCI SOC SANTE, V22, P5",DOI:10.1016/j.inffus.2019.12.012,2
"AKRICH M, 2004, SCI SOC SANTE, V22, P5",DOI:10.1016/j.inffus.2021.05.009,2
"AKRICH M, 2004, SCI SOC SANTE, V22, P5",DOI:10.1073/pnas.1900654116,2
"AKRICH M, 2004, SCI SOC SANTE, V22, P5",DOI:10.1086/291922,2
"AKRICH M, 2004, SCI SOC SANTE, V22, P5",DOI:10.1093/0199252866.003.0002],2
"AKRICH M, 2004, SCI SOC SANTE, V22, P5",DOI:10.1093/acprof:oso/9780190498511.001.0001,2
"AKRICH M, 2004, SCI SOC SANTE, V22, P5",DOI:10.1126/science.aan8871,2
"AKRICH M, 2004, SCI SOC SANTE, V22, P5",DOI:10.1126/scirobotics.aay7120,2
"AKRICH M, 2004, SCI SOC SANTE, V22, P5",DOI:10.1145/3144592.3144598,2
"AKRICH M, 2004, SCI SOC SANTE, V22, P5",DOI:10.1145/3287560.3287598,2
"AKRICH M, 2004, SCI SOC SANTE, V22, P5",DOI:10.1609/aimag.v38i3.2741,2
"AKRICH M, 2004, SCI SOC SANTE, V22, P5",DOI:10.17351/ests2020.277,2
"AKRICH M, 2004, SCI SOC SANTE, V22, P5",DOI:10.3390/bdcc3010005,2
"AKRICH M, 2004, SCI SOC SANTE, V22, P5",DOI:10.3406/reso.2000.2235,2
"AKRICH M, 2004, SCI SOC SANTE, V22, P5",DOI:10.3917/comm.164.0911],2
"AKRICH M, 2004, SCI SOC SANTE, V22, P5",DOI:10.3917/commu.088.0149],2
"AKRICH M, 2004, SCI SOC SANTE, V22, P5",DOI:10.3917/ls.135.0087,2
"AKRICH M, 2004, SCI SOC SANTE, V22, P5",DOI:10.3917/rai.019.0193,2
"AKRICH M, 2004, SCI SOC SANTE, V22, P5",DOI:10.3917/res.212.0207,2
"AKRICH M, 2004, SCI SOC SANTE, V22, P5",DOI:10.3917/zil.005.0208],2
"AKRICH M, 2004, SCI SOC SANTE, V22, P5",DOI:10.4000/ethiquepublique.995],2
"AKRICH M, 2004, SCI SOC SANTE, V22, P5",DOI:10.4000/quaderni.2216,2
"AKRICH M, 2004, SCI SOC SANTE, V22, P5",DOI:10.4000/quaderni.2234],2
"AKRICH M, 2004, SCI SOC SANTE, V22, P5",DOI:10.4000/sdt.14802],2
"AKRICH M, 2004, SCI SOC SANTE, V22, P5",DOI:10.48550/arxiv.1810.00184],2
"AKRICH M, 2004, SCI SOC SANTE, V22, P5","DUMOUCHEL P., 2016, ROBOT. IL GRANDE ATLANTE VISIVO SUL ROBOT, DALL'ANTICA GRECIA ALLE INTELLIGENZE ARTIFICIALI, 24 ORE CULTURA",2
"AKRICH M, 2004, SCI SOC SANTE, V22, P5","ERASMUS ADRIAN, 2021, PHILOS TECHNOL, V34, P833, DOI [10.1007/S13347-020-00435-2, 10.1007/S13347-020-00435-2]",2
"AKRICH M, 2004, SCI SOC SANTE, V22, P5","FOUCAULT MICHEL., 1969, ARCHAEOLOGY KNOWLEDG",2
"AKRICH M, 2004, SCI SOC SANTE, V22, P5","FRANCK G., 2014, L'ECONOMIE DE L'ATTENTION, P55",2
"AKRICH M, 2004, SCI SOC SANTE, V22, P5","FROIDEVAUX C, 2022, POUR UNE ETHIQUE DU NUMERIQUE, P41",2
"AKRICH M, 2004, SCI SOC SANTE, V22, P5","FUCHS C, 2014, DIGITAL LABOUR AND KARL MARX, P1",2
"AKRICH M, 2004, SCI SOC SANTE, V22, P5","GIBERT M., 2021, FAIRE MORALE ROBOTS",2
"AKRICH M, 2004, SCI SOC SANTE, V22, P5","GUNKEL DJ, 2018, ROBOT RIGHTS",2
"AKRICH M, 2004, SCI SOC SANTE, V22, P5","HAIYI ZHU, 2018, PROCEEDINGS OF THE ACM ON HUMAN-COMPUTER INTERACTION, V2, DOI [10.1145/3274463, 10.1145/3274463]",2
"AKRICH M, 2004, SCI SOC SANTE, V22, P5","HOWARD P.N., 2015, PAX TECHNICA: HOW THE INTERNET OF THINGS MAY SET US FREE OR LOCK US UP",2
"AKRICH M, 2004, SCI SOC SANTE, V22, P5","HURSTHOUSE ROSALIND., 1999, ON VIRTUE ETHICS",2
"AKRICH M, 2004, SCI SOC SANTE, V22, P5","KANT E., 1989, CRITIQUE RAISON PRAT",2
"AKRICH M, 2004, SCI SOC SANTE, V22, P5","KERVEGAN J.-F., 2012, ARCH PHILOS, P199",2
"AKRICH M, 2004, SCI SOC SANTE, V22, P5","LEROI-GOURHAN A., 1995, GESTE PAROLE, VI",2
"AKRICH M, 2004, SCI SOC SANTE, V22, P5","MCCONNELL TERRANCE., 2018, THE STANFORD ENCYCLOPEDIA OF PHILOSOPHY",2
"AKRICH M, 2004, SCI SOC SANTE, V22, P5","MIT, 2016, MORAL MACHINES",2
"AKRICH M, 2004, SCI SOC SANTE, V22, P5","NEVEJANS NATHALIE, 2017, TRAITE DE DROIT ET D'ETHIQUE DE LA ROBOTIQUE CIVILE, VLEH",2
"AKRICH M, 2004, SCI SOC SANTE, V22, P5","OGIEN R., 2008, CONCEPTS ETHIQUE FAU",2
"AKRICH M, 2004, SCI SOC SANTE, V22, P5","OGIEN RUWEN., 2007, LETHIQUE AUJOURDHUI. MAXIMALISTES ET MINIMALISTES",2
"AKRICH M, 2004, SCI SOC SANTE, V22, P5","ONEIL C., 2018, ALGORITHMES BOMBE RE",2
"AKRICH M, 2004, SCI SOC SANTE, V22, P5","ORSI FRANCESCO., 2015, VALUE THEORY",2
"AKRICH M, 2004, SCI SOC SANTE, V22, P5","PEDERSEN ISABEL., 2020, EMBODIED COMPUTING: WEARABLES, IMPLANTABLES, EMBEDDABLES, INGESTIBLES",2
"AKRICH M, 2004, SCI SOC SANTE, V22, P5","POPPER K., 1973, LOGIQUE DECOUVERTE S",2
"AKRICH M, 2004, SCI SOC SANTE, V22, P5","RAWLS J., 1999, THEORIE DE LA JUSTICE",2
"AKRICH M, 2004, SCI SOC SANTE, V22, P5","REBER B., 2014, TERMINAL TECHNOLOGIE, V119",2
"AKRICH M, 2004, SCI SOC SANTE, V22, P5","SCHNAPPER D., 2012, COMPREHENSION SOCIOL",2
"AKRICH M, 2004, SCI SOC SANTE, V22, P5","THOMSON JUDITH J, 1976, MONIST, V59, P204",2
"AKRICH M, 2004, SCI SOC SANTE, V22, P5","VINCENT ANDRE, 1963, ARCHIVES DE PHILOSOPHIE DU DROIT, V8, P237",2
"AKRICH M, 2004, SCI SOC SANTE, V22, P5","[ANONYMOUS], 2013, SCI TECHNIQUES SOC",2
"AKRICH M, 2004, SCI SOC SANTE, V22, P5","[ANONYMOUS], 2013, SMART CITIES: THEORIE ET CRITIQUE D'UN IDEAL AUTOREALISATEUR",2
"BENGIO Y, 2019, ARXIV, DOI ARXIV:1709.08568","BERNS JORG JOCHEN, 2003, VEHICULE DIEUX ARCHE",2
"BENGIO Y, 2019, ARXIV, DOI ARXIV:1709.08568","BERNS T., 2021, ETHIQUE COMMUNICATIO",2
"BENGIO Y, 2019, ARXIV, DOI ARXIV:1709.08568","BILLIER J. -C., 2010, INTRO ETHIQUE",2
"BENGIO Y, 2019, ARXIV, DOI ARXIV:1709.08568","BONNEFON J.-F., 2021, THAT THE BIOLOGICAL WORLD CAN BE UNDERSTOOD AS A SORT OF MACHINE, WITH PARTS THAT BEAR",2
"BENGIO Y, 2019, ARXIV, DOI ARXIV:1709.08568","BOSTROM N, 2014, CAMBRIDGE HANDBOOK OF ARTIFICIAL INTELLIGENCE, P316",2
"BENGIO Y, 2019, ARXIV, DOI ARXIV:1709.08568","CACCAMO E., 2019, VILLE INTELLIGENTE V",2
"BENGIO Y, 2019, ARXIV, DOI ARXIV:1709.08568","CASILLI ANTONIO A., 2019, EN ATTENDANT LES ROBOTS",2
"BENGIO Y, 2019, ARXIV, DOI ARXIV:1709.08568","CASTELVECCHI D, 2016, NATURE, V537, P20, DOI [10.1038/538020A, 10.1038/NATURE.2016.20491, 10.1038/538020A]",2
"BENGIO Y, 2019, ARXIV, DOI ARXIV:1709.08568","CHARDEL P. -A., 2020, EMPIRE SIGNAL ECRIT",2
"BENGIO Y, 2019, ARXIV, DOI ARXIV:1709.08568","CHATILA R, 2022, POUR UNE ETHIQUE DU NUMERIQUE, P27",2
"BENGIO Y, 2019, ARXIV, DOI ARXIV:1709.08568","CHAUVIER S., 2016, LENCYCLOPEDIE PHILOS",2
"BENGIO Y, 2019, ARXIV, DOI ARXIV:1709.08568","CRAWFORD K., 2021, ATLAS IA",2
"BENGIO Y, 2019, ARXIV, DOI ARXIV:1709.08568","DANIELS NORMAN., 1996, JUSTICE AND JUSTIFICATION: REFLECTIVE EQUILIBRIUM IN THEORY AND PRACTICE",2
"BENGIO Y, 2019, ARXIV, DOI ARXIV:1709.08568","DANIELS NORMAN., 2003, STANFORD ENCY PHILOS, VFALL 2010",2
"BENGIO Y, 2019, ARXIV, DOI ARXIV:1709.08568","DIAKOPOULOS NICHOLAS., 2016, MIT TECHNOLOGY REVIEW",2
"BENGIO Y, 2019, ARXIV, DOI ARXIV:1709.08568",DOI:10.1007/978-3-030-81907-1,2
"BENGIO Y, 2019, ARXIV, DOI ARXIV:1709.08568",DOI:10.1007/978-3-540-30301-5_65,2
"BENGIO Y, 2019, ARXIV, DOI ARXIV:1709.08568",DOI:10.1007/s00146-018-0824-x,2
"BENGIO Y, 2019, ARXIV, DOI ARXIV:1709.08568",DOI:10.1007/s00146-021-01322-w,2
"BENGIO Y, 2019, ARXIV, DOI ARXIV:1709.08568",DOI:10.1007/s10676-006-0004-4,2
"BENGIO Y, 2019, ARXIV, DOI ARXIV:1709.08568",DOI:10.1007/s10676-011-9279-1,2
"BENGIO Y, 2019, ARXIV, DOI ARXIV:1709.08568",DOI:10.1007/s10677-016-9745-2,2
"BENGIO Y, 2019, ARXIV, DOI ARXIV:1709.08568",DOI:10.1007/s11948-019-00096-1,2
"BENGIO Y, 2019, ARXIV, DOI ARXIV:1709.08568",DOI:10.1007/s12130-010-9113-9],2
"BENGIO Y, 2019, ARXIV, DOI ARXIV:1709.08568",DOI:10.1007/s13347-020-00432-5],2
"BENGIO Y, 2019, ARXIV, DOI ARXIV:1709.08568",DOI:10.1007/s13347-021-00449-4],2
"BENGIO Y, 2019, ARXIV, DOI ARXIV:1709.08568",DOI:10.1007/s13347-021-00468-1],2
"BENGIO Y, 2019, ARXIV, DOI ARXIV:1709.08568",DOI:10.1016/j.inffus.2019.12.012,2
"BENGIO Y, 2019, ARXIV, DOI ARXIV:1709.08568",DOI:10.1016/j.inffus.2021.05.009,2
"BENGIO Y, 2019, ARXIV, DOI ARXIV:1709.08568",DOI:10.1073/pnas.1900654116,2
"BENGIO Y, 2019, ARXIV, DOI ARXIV:1709.08568",DOI:10.1086/291922,2
"BENGIO Y, 2019, ARXIV, DOI ARXIV:1709.08568",DOI:10.1093/0199252866.003.0002],2
"BENGIO Y, 2019, ARXIV, DOI ARXIV:1709.08568",DOI:10.1093/acprof:oso/9780190498511.001.0001,2
"BENGIO Y, 2019, ARXIV, DOI ARXIV:1709.08568",DOI:10.1126/science.aan8871,2
"BENGIO Y, 2019, ARXIV, DOI ARXIV:1709.08568",DOI:10.1126/scirobotics.aay7120,2
"BENGIO Y, 2019, ARXIV, DOI ARXIV:1709.08568",DOI:10.1145/3144592.3144598,2
"BENGIO Y, 2019, ARXIV, DOI ARXIV:1709.08568",DOI:10.1145/3287560.3287598,2
"BENGIO Y, 2019, ARXIV, DOI ARXIV:1709.08568",DOI:10.1609/aimag.v38i3.2741,2
"BENGIO Y, 2019, ARXIV, DOI ARXIV:1709.08568",DOI:10.17351/ests2020.277,2
"BENGIO Y, 2019, ARXIV, DOI ARXIV:1709.08568",DOI:10.3390/bdcc3010005,2
"BENGIO Y, 2019, ARXIV, DOI ARXIV:1709.08568",DOI:10.3406/reso.2000.2235,2
"BENGIO Y, 2019, ARXIV, DOI ARXIV:1709.08568",DOI:10.3917/comm.164.0911],2
"BENGIO Y, 2019, ARXIV, DOI ARXIV:1709.08568",DOI:10.3917/commu.088.0149],2
"BENGIO Y, 2019, ARXIV, DOI ARXIV:1709.08568",DOI:10.3917/ls.135.0087,2
"BENGIO Y, 2019, ARXIV, DOI ARXIV:1709.08568",DOI:10.3917/rai.019.0193,2
"BENGIO Y, 2019, ARXIV, DOI ARXIV:1709.08568",DOI:10.3917/res.212.0207,2
"BENGIO Y, 2019, ARXIV, DOI ARXIV:1709.08568",DOI:10.3917/zil.005.0208],2
"BENGIO Y, 2019, ARXIV, DOI ARXIV:1709.08568",DOI:10.4000/ethiquepublique.995],2
"BENGIO Y, 2019, ARXIV, DOI ARXIV:1709.08568",DOI:10.4000/quaderni.2216,2
"BENGIO Y, 2019, ARXIV, DOI ARXIV:1709.08568",DOI:10.4000/quaderni.2234],2
"BENGIO Y, 2019, ARXIV, DOI ARXIV:1709.08568",DOI:10.4000/sdt.14802],2
"BENGIO Y, 2019, ARXIV, DOI ARXIV:1709.08568",DOI:10.48550/arxiv.1810.00184],2
"BENGIO Y, 2019, ARXIV, DOI ARXIV:1709.08568","DUMOUCHEL P., 2016, ROBOT. IL GRANDE ATLANTE VISIVO SUL ROBOT, DALL'ANTICA GRECIA ALLE INTELLIGENZE ARTIFICIALI, 24 ORE CULTURA",2
"BENGIO Y, 2019, ARXIV, DOI ARXIV:1709.08568","ERASMUS ADRIAN, 2021, PHILOS TECHNOL, V34, P833, DOI [10.1007/S13347-020-00435-2, 10.1007/S13347-020-00435-2]",2
"BENGIO Y, 2019, ARXIV, DOI ARXIV:1709.08568","FOUCAULT MICHEL., 1969, ARCHAEOLOGY KNOWLEDG",2
"BENGIO Y, 2019, ARXIV, DOI ARXIV:1709.08568","FRANCK G., 2014, L'ECONOMIE DE L'ATTENTION, P55",2
"BENGIO Y, 2019, ARXIV, DOI ARXIV:1709.08568","FROIDEVAUX C, 2022, POUR UNE ETHIQUE DU NUMERIQUE, P41",2
"BENGIO Y, 2019, ARXIV, DOI ARXIV:1709.08568","FUCHS C, 2014, DIGITAL LABOUR AND KARL MARX, P1",2
"BENGIO Y, 2019, ARXIV, DOI ARXIV:1709.08568","GIBERT M., 2021, FAIRE MORALE ROBOTS",2
"BENGIO Y, 2019, ARXIV, DOI ARXIV:1709.08568","GUNKEL DJ, 2018, ROBOT RIGHTS",2
"BENGIO Y, 2019, ARXIV, DOI ARXIV:1709.08568","HAIYI ZHU, 2018, PROCEEDINGS OF THE ACM ON HUMAN-COMPUTER INTERACTION, V2, DOI [10.1145/3274463, 10.1145/3274463]",2
"BENGIO Y, 2019, ARXIV, DOI ARXIV:1709.08568","HOWARD P.N., 2015, PAX TECHNICA: HOW THE INTERNET OF THINGS MAY SET US FREE OR LOCK US UP",2
"BENGIO Y, 2019, ARXIV, DOI ARXIV:1709.08568","HURSTHOUSE ROSALIND., 1999, ON VIRTUE ETHICS",2
"BENGIO Y, 2019, ARXIV, DOI ARXIV:1709.08568","KANT E., 1989, CRITIQUE RAISON PRAT",2
"BENGIO Y, 2019, ARXIV, DOI ARXIV:1709.08568","KERVEGAN J.-F., 2012, ARCH PHILOS, P199",2
"BENGIO Y, 2019, ARXIV, DOI ARXIV:1709.08568","LEROI-GOURHAN A., 1995, GESTE PAROLE, VI",2
"BENGIO Y, 2019, ARXIV, DOI ARXIV:1709.08568","MCCONNELL TERRANCE., 2018, THE STANFORD ENCYCLOPEDIA OF PHILOSOPHY",2
"BENGIO Y, 2019, ARXIV, DOI ARXIV:1709.08568","MIT, 2016, MORAL MACHINES",2
"BENGIO Y, 2019, ARXIV, DOI ARXIV:1709.08568","NEVEJANS NATHALIE, 2017, TRAITE DE DROIT ET D'ETHIQUE DE LA ROBOTIQUE CIVILE, VLEH",2
"BENGIO Y, 2019, ARXIV, DOI ARXIV:1709.08568","OGIEN R., 2008, CONCEPTS ETHIQUE FAU",2
"BENGIO Y, 2019, ARXIV, DOI ARXIV:1709.08568","OGIEN RUWEN., 2007, LETHIQUE AUJOURDHUI. MAXIMALISTES ET MINIMALISTES",2
"BENGIO Y, 2019, ARXIV, DOI ARXIV:1709.08568","ONEIL C., 2018, ALGORITHMES BOMBE RE",2
"BENGIO Y, 2019, ARXIV, DOI ARXIV:1709.08568","ORSI FRANCESCO., 2015, VALUE THEORY",2
"BENGIO Y, 2019, ARXIV, DOI ARXIV:1709.08568","PEDERSEN ISABEL., 2020, EMBODIED COMPUTING: WEARABLES, IMPLANTABLES, EMBEDDABLES, INGESTIBLES",2
"BENGIO Y, 2019, ARXIV, DOI ARXIV:1709.08568","POPPER K., 1973, LOGIQUE DECOUVERTE S",2
"BENGIO Y, 2019, ARXIV, DOI ARXIV:1709.08568","RAWLS J., 1999, THEORIE DE LA JUSTICE",2
"BENGIO Y, 2019, ARXIV, DOI ARXIV:1709.08568","REBER B., 2014, TERMINAL TECHNOLOGIE, V119",2
"BENGIO Y, 2019, ARXIV, DOI ARXIV:1709.08568","SCHNAPPER D., 2012, COMPREHENSION SOCIOL",2
"BENGIO Y, 2019, ARXIV, DOI ARXIV:1709.08568","THOMSON JUDITH J, 1976, MONIST, V59, P204",2
"BENGIO Y, 2019, ARXIV, DOI ARXIV:1709.08568","VINCENT ANDRE, 1963, ARCHIVES DE PHILOSOPHIE DU DROIT, V8, P237",2
"BENGIO Y, 2019, ARXIV, DOI ARXIV:1709.08568","[ANONYMOUS], 2013, SCI TECHNIQUES SOC",2
"BENGIO Y, 2019, ARXIV, DOI ARXIV:1709.08568","[ANONYMOUS], 2013, SMART CITIES: THEORIE ET CRITIQUE D'UN IDEAL AUTOREALISATEUR",2
"BERNS JORG JOCHEN, 2003, VEHICULE DIEUX ARCHE","BERNS T., 2021, ETHIQUE COMMUNICATIO",2
"BERNS JORG JOCHEN, 2003, VEHICULE DIEUX ARCHE","BILLIER J. -C., 2010, INTRO ETHIQUE",2
"BERNS JORG JOCHEN, 2003, VEHICULE DIEUX ARCHE","BONNEFON J.-F., 2021, THAT THE BIOLOGICAL WORLD CAN BE UNDERSTOOD AS A SORT OF MACHINE, WITH PARTS THAT BEAR",2
"BERNS JORG JOCHEN, 2003, VEHICULE DIEUX ARCHE","BOSTROM N, 2014, CAMBRIDGE HANDBOOK OF ARTIFICIAL INTELLIGENCE, P316",2
"BERNS JORG JOCHEN, 2003, VEHICULE DIEUX ARCHE","CACCAMO E., 2019, VILLE INTELLIGENTE V",2
"BERNS JORG JOCHEN, 2003, VEHICULE DIEUX ARCHE","CASILLI ANTONIO A., 2019, EN ATTENDANT LES ROBOTS",2
"BERNS JORG JOCHEN, 2003, VEHICULE DIEUX ARCHE","CASTELVECCHI D, 2016, NATURE, V537, P20, DOI [10.1038/538020A, 10.1038/NATURE.2016.20491, 10.1038/538020A]",2
"BERNS JORG JOCHEN, 2003, VEHICULE DIEUX ARCHE","CHARDEL P. -A., 2020, EMPIRE SIGNAL ECRIT",2
"BERNS JORG JOCHEN, 2003, VEHICULE DIEUX ARCHE","CHATILA R, 2022, POUR UNE ETHIQUE DU NUMERIQUE, P27",2
"BERNS JORG JOCHEN, 2003, VEHICULE DIEUX ARCHE","CHAUVIER S., 2016, LENCYCLOPEDIE PHILOS",2
"BERNS JORG JOCHEN, 2003, VEHICULE DIEUX ARCHE","CRAWFORD K., 2021, ATLAS IA",2
"BERNS JORG JOCHEN, 2003, VEHICULE DIEUX ARCHE","DANIELS NORMAN., 1996, JUSTICE AND JUSTIFICATION: REFLECTIVE EQUILIBRIUM IN THEORY AND PRACTICE",2
"BERNS JORG JOCHEN, 2003, VEHICULE DIEUX ARCHE","DANIELS NORMAN., 2003, STANFORD ENCY PHILOS, VFALL 2010",2
"BERNS JORG JOCHEN, 2003, VEHICULE DIEUX ARCHE","DIAKOPOULOS NICHOLAS., 2016, MIT TECHNOLOGY REVIEW",2
"BERNS JORG JOCHEN, 2003, VEHICULE DIEUX ARCHE",DOI:10.1007/978-3-030-81907-1,2
"BERNS JORG JOCHEN, 2003, VEHICULE DIEUX ARCHE",DOI:10.1007/978-3-540-30301-5_65,2
"BERNS JORG JOCHEN, 2003, VEHICULE DIEUX ARCHE",DOI:10.1007/s00146-018-0824-x,2
"BERNS JORG JOCHEN, 2003, VEHICULE DIEUX ARCHE",DOI:10.1007/s00146-021-01322-w,2
"BERNS JORG JOCHEN, 2003, VEHICULE DIEUX ARCHE",DOI:10.1007/s10676-006-0004-4,2
"BERNS JORG JOCHEN, 2003, VEHICULE DIEUX ARCHE",DOI:10.1007/s10676-011-9279-1,2
"BERNS JORG JOCHEN, 2003, VEHICULE DIEUX ARCHE",DOI:10.1007/s10677-016-9745-2,2
"BERNS JORG JOCHEN, 2003, VEHICULE DIEUX ARCHE",DOI:10.1007/s11948-019-00096-1,2
"BERNS JORG JOCHEN, 2003, VEHICULE DIEUX ARCHE",DOI:10.1007/s12130-010-9113-9],2
"BERNS JORG JOCHEN, 2003, VEHICULE DIEUX ARCHE",DOI:10.1007/s13347-020-00432-5],2
"BERNS JORG JOCHEN, 2003, VEHICULE DIEUX ARCHE",DOI:10.1007/s13347-021-00449-4],2
"BERNS JORG JOCHEN, 2003, VEHICULE DIEUX ARCHE",DOI:10.1007/s13347-021-00468-1],2
"BERNS JORG JOCHEN, 2003, VEHICULE DIEUX ARCHE",DOI:10.1016/j.inffus.2019.12.012,2
"BERNS JORG JOCHEN, 2003, VEHICULE DIEUX ARCHE",DOI:10.1016/j.inffus.2021.05.009,2
"BERNS JORG JOCHEN, 2003, VEHICULE DIEUX ARCHE",DOI:10.1073/pnas.1900654116,2
"BERNS JORG JOCHEN, 2003, VEHICULE DIEUX ARCHE",DOI:10.1086/291922,2
"BERNS JORG JOCHEN, 2003, VEHICULE DIEUX ARCHE",DOI:10.1093/0199252866.003.0002],2
"BERNS JORG JOCHEN, 2003, VEHICULE DIEUX ARCHE",DOI:10.1093/acprof:oso/9780190498511.001.0001,2
"BERNS JORG JOCHEN, 2003, VEHICULE DIEUX ARCHE",DOI:10.1126/science.aan8871,2
"BERNS JORG JOCHEN, 2003, VEHICULE DIEUX ARCHE",DOI:10.1126/scirobotics.aay7120,2
"BERNS JORG JOCHEN, 2003, VEHICULE DIEUX ARCHE",DOI:10.1145/3144592.3144598,2
"BERNS JORG JOCHEN, 2003, VEHICULE DIEUX ARCHE",DOI:10.1145/3287560.3287598,2
"BERNS JORG JOCHEN, 2003, VEHICULE DIEUX ARCHE",DOI:10.1609/aimag.v38i3.2741,2
"BERNS JORG JOCHEN, 2003, VEHICULE DIEUX ARCHE",DOI:10.17351/ests2020.277,2
"BERNS JORG JOCHEN, 2003, VEHICULE DIEUX ARCHE",DOI:10.3390/bdcc3010005,2
"BERNS JORG JOCHEN, 2003, VEHICULE DIEUX ARCHE",DOI:10.3406/reso.2000.2235,2
"BERNS JORG JOCHEN, 2003, VEHICULE DIEUX ARCHE",DOI:10.3917/comm.164.0911],2
"BERNS JORG JOCHEN, 2003, VEHICULE DIEUX ARCHE",DOI:10.3917/commu.088.0149],2
"BERNS JORG JOCHEN, 2003, VEHICULE DIEUX ARCHE",DOI:10.3917/ls.135.0087,2
"BERNS JORG JOCHEN, 2003, VEHICULE DIEUX ARCHE",DOI:10.3917/rai.019.0193,2
"BERNS JORG JOCHEN, 2003, VEHICULE DIEUX ARCHE",DOI:10.3917/res.212.0207,2
"BERNS JORG JOCHEN, 2003, VEHICULE DIEUX ARCHE",DOI:10.3917/zil.005.0208],2
"BERNS JORG JOCHEN, 2003, VEHICULE DIEUX ARCHE",DOI:10.4000/ethiquepublique.995],2
"BERNS JORG JOCHEN, 2003, VEHICULE DIEUX ARCHE",DOI:10.4000/quaderni.2216,2
"BERNS JORG JOCHEN, 2003, VEHICULE DIEUX ARCHE",DOI:10.4000/quaderni.2234],2
"BERNS JORG JOCHEN, 2003, VEHICULE DIEUX ARCHE",DOI:10.4000/sdt.14802],2
"BERNS JORG JOCHEN, 2003, VEHICULE DIEUX ARCHE",DOI:10.48550/arxiv.1810.00184],2
"BERNS JORG JOCHEN, 2003, VEHICULE DIEUX ARCHE","DUMOUCHEL P., 2016, ROBOT. IL GRANDE ATLANTE VISIVO SUL ROBOT, DALL'ANTICA GRECIA ALLE INTELLIGENZE ARTIFICIALI, 24 ORE CULTURA",2
"BERNS JORG JOCHEN, 2003, VEHICULE DIEUX ARCHE","ERASMUS ADRIAN, 2021, PHILOS TECHNOL, V34, P833, DOI [10.1007/S13347-020-00435-2, 10.1007/S13347-020-00435-2]",2
"BERNS JORG JOCHEN, 2003, VEHICULE DIEUX ARCHE","FOUCAULT MICHEL., 1969, ARCHAEOLOGY KNOWLEDG",2
"BERNS JORG JOCHEN, 2003, VEHICULE DIEUX ARCHE","FRANCK G., 2014, L'ECONOMIE DE L'ATTENTION, P55",2
"BERNS JORG JOCHEN, 2003, VEHICULE DIEUX ARCHE","FROIDEVAUX C, 2022, POUR UNE ETHIQUE DU NUMERIQUE, P41",2
"BERNS JORG JOCHEN, 2003, VEHICULE DIEUX ARCHE","FUCHS C, 2014, DIGITAL LABOUR AND KARL MARX, P1",2
"BERNS JORG JOCHEN, 2003, VEHICULE DIEUX ARCHE","GIBERT M., 2021, FAIRE MORALE ROBOTS",2
"BERNS JORG JOCHEN, 2003, VEHICULE DIEUX ARCHE","GUNKEL DJ, 2018, ROBOT RIGHTS",2
"BERNS JORG JOCHEN, 2003, VEHICULE DIEUX ARCHE","HAIYI ZHU, 2018, PROCEEDINGS OF THE ACM ON HUMAN-COMPUTER INTERACTION, V2, DOI [10.1145/3274463, 10.1145/3274463]",2
"BERNS JORG JOCHEN, 2003, VEHICULE DIEUX ARCHE","HOWARD P.N., 2015, PAX TECHNICA: HOW THE INTERNET OF THINGS MAY SET US FREE OR LOCK US UP",2
"BERNS JORG JOCHEN, 2003, VEHICULE DIEUX ARCHE","HURSTHOUSE ROSALIND., 1999, ON VIRTUE ETHICS",2
"BERNS JORG JOCHEN, 2003, VEHICULE DIEUX ARCHE","KANT E., 1989, CRITIQUE RAISON PRAT",2
"BERNS JORG JOCHEN, 2003, VEHICULE DIEUX ARCHE","KERVEGAN J.-F., 2012, ARCH PHILOS, P199",2
"BERNS JORG JOCHEN, 2003, VEHICULE DIEUX ARCHE","LEROI-GOURHAN A., 1995, GESTE PAROLE, VI",2
"BERNS JORG JOCHEN, 2003, VEHICULE DIEUX ARCHE","MCCONNELL TERRANCE., 2018, THE STANFORD ENCYCLOPEDIA OF PHILOSOPHY",2
"BERNS JORG JOCHEN, 2003, VEHICULE DIEUX ARCHE","MIT, 2016, MORAL MACHINES",2
"BERNS JORG JOCHEN, 2003, VEHICULE DIEUX ARCHE","NEVEJANS NATHALIE, 2017, TRAITE DE DROIT ET D'ETHIQUE DE LA ROBOTIQUE CIVILE, VLEH",2
"BERNS JORG JOCHEN, 2003, VEHICULE DIEUX ARCHE","OGIEN R., 2008, CONCEPTS ETHIQUE FAU",2
"BERNS JORG JOCHEN, 2003, VEHICULE DIEUX ARCHE","OGIEN RUWEN., 2007, LETHIQUE AUJOURDHUI. MAXIMALISTES ET MINIMALISTES",2
"BERNS JORG JOCHEN, 2003, VEHICULE DIEUX ARCHE","ONEIL C., 2018, ALGORITHMES BOMBE RE",2
"BERNS JORG JOCHEN, 2003, VEHICULE DIEUX ARCHE","ORSI FRANCESCO., 2015, VALUE THEORY",2
"BERNS JORG JOCHEN, 2003, VEHICULE DIEUX ARCHE","PEDERSEN ISABEL., 2020, EMBODIED COMPUTING: WEARABLES, IMPLANTABLES, EMBEDDABLES, INGESTIBLES",2
"BERNS JORG JOCHEN, 2003, VEHICULE DIEUX ARCHE","POPPER K., 1973, LOGIQUE DECOUVERTE S",2
"BERNS JORG JOCHEN, 2003, VEHICULE DIEUX ARCHE","RAWLS J., 1999, THEORIE DE LA JUSTICE",2
"BERNS JORG JOCHEN, 2003, VEHICULE DIEUX ARCHE","REBER B., 2014, TERMINAL TECHNOLOGIE, V119",2
"BERNS JORG JOCHEN, 2003, VEHICULE DIEUX ARCHE","SCHNAPPER D., 2012, COMPREHENSION SOCIOL",2
"BERNS JORG JOCHEN, 2003, VEHICULE DIEUX ARCHE","THOMSON JUDITH J, 1976, MONIST, V59, P204",2
"BERNS JORG JOCHEN, 2003, VEHICULE DIEUX ARCHE","VINCENT ANDRE, 1963, ARCHIVES DE PHILOSOPHIE DU DROIT, V8, P237",2
"BERNS JORG JOCHEN, 2003, VEHICULE DIEUX ARCHE","[ANONYMOUS], 2013, SCI TECHNIQUES SOC",2
"BERNS JORG JOCHEN, 2003, VEHICULE DIEUX ARCHE","[ANONYMOUS], 2013, SMART CITIES: THEORIE ET CRITIQUE D'UN IDEAL AUTOREALISATEUR",2
"BERNS T., 2021, ETHIQUE COMMUNICATIO","BILLIER J. -C., 2010, INTRO ETHIQUE",2
"BERNS T., 2021, ETHIQUE COMMUNICATIO","BONNEFON J.-F., 2021, THAT THE BIOLOGICAL WORLD CAN BE UNDERSTOOD AS A SORT OF MACHINE, WITH PARTS THAT BEAR",2
"BERNS T., 2021, ETHIQUE COMMUNICATIO","BOSTROM N, 2014, CAMBRIDGE HANDBOOK OF ARTIFICIAL INTELLIGENCE, P316",2
"BERNS T., 2021, ETHIQUE COMMUNICATIO","CACCAMO E., 2019, VILLE INTELLIGENTE V",2
"BERNS T., 2021, ETHIQUE COMMUNICATIO","CASILLI ANTONIO A., 2019, EN ATTENDANT LES ROBOTS",2
"BERNS T., 2021, ETHIQUE COMMUNICATIO","CASTELVECCHI D, 2016, NATURE, V537, P20, DOI [10.1038/538020A, 10.1038/NATURE.2016.20491, 10.1038/538020A]",2
"BERNS T., 2021, ETHIQUE COMMUNICATIO","CHARDEL P. -A., 2020, EMPIRE SIGNAL ECRIT",2
"BERNS T., 2021, ETHIQUE COMMUNICATIO","CHATILA R, 2022, POUR UNE ETHIQUE DU NUMERIQUE, P27",2
"BERNS T., 2021, ETHIQUE COMMUNICATIO","CHAUVIER S., 2016, LENCYCLOPEDIE PHILOS",2
"BERNS T., 2021, ETHIQUE COMMUNICATIO","CRAWFORD K., 2021, ATLAS IA",2
"BERNS T., 2021, ETHIQUE COMMUNICATIO","DANIELS NORMAN., 1996, JUSTICE AND JUSTIFICATION: REFLECTIVE EQUILIBRIUM IN THEORY AND PRACTICE",2
"BERNS T., 2021, ETHIQUE COMMUNICATIO","DANIELS NORMAN., 2003, STANFORD ENCY PHILOS, VFALL 2010",2
"BERNS T., 2021, ETHIQUE COMMUNICATIO","DIAKOPOULOS NICHOLAS., 2016, MIT TECHNOLOGY REVIEW",2
"BERNS T., 2021, ETHIQUE COMMUNICATIO",DOI:10.1007/978-3-030-81907-1,2
"BERNS T., 2021, ETHIQUE COMMUNICATIO",DOI:10.1007/978-3-540-30301-5_65,2
"BERNS T., 2021, ETHIQUE COMMUNICATIO",DOI:10.1007/s00146-018-0824-x,2
"BERNS T., 2021, ETHIQUE COMMUNICATIO",DOI:10.1007/s00146-021-01322-w,2
"BERNS T., 2021, ETHIQUE COMMUNICATIO",DOI:10.1007/s10676-006-0004-4,2
"BERNS T., 2021, ETHIQUE COMMUNICATIO",DOI:10.1007/s10676-011-9279-1,2
"BERNS T., 2021, ETHIQUE COMMUNICATIO",DOI:10.1007/s10677-016-9745-2,2
"BERNS T., 2021, ETHIQUE COMMUNICATIO",DOI:10.1007/s11948-019-00096-1,2
"BERNS T., 2021, ETHIQUE COMMUNICATIO",DOI:10.1007/s12130-010-9113-9],2
"BERNS T., 2021, ETHIQUE COMMUNICATIO",DOI:10.1007/s13347-020-00432-5],2
"BERNS T., 2021, ETHIQUE COMMUNICATIO",DOI:10.1007/s13347-021-00449-4],2
"BERNS T., 2021, ETHIQUE COMMUNICATIO",DOI:10.1007/s13347-021-00468-1],2
"BERNS T., 2021, ETHIQUE COMMUNICATIO",DOI:10.1016/j.inffus.2019.12.012,2
"BERNS T., 2021, ETHIQUE COMMUNICATIO",DOI:10.1016/j.inffus.2021.05.009,2
"BERNS T., 2021, ETHIQUE COMMUNICATIO",DOI:10.1073/pnas.1900654116,2
"BERNS T., 2021, ETHIQUE COMMUNICATIO",DOI:10.1086/291922,2
"BERNS T., 2021, ETHIQUE COMMUNICATIO",DOI:10.1093/0199252866.003.0002],2
"BERNS T., 2021, ETHIQUE COMMUNICATIO",DOI:10.1093/acprof:oso/9780190498511.001.0001,2
"BERNS T., 2021, ETHIQUE COMMUNICATIO",DOI:10.1126/science.aan8871,2
"BERNS T., 2021, ETHIQUE COMMUNICATIO",DOI:10.1126/scirobotics.aay7120,2
"BERNS T., 2021, ETHIQUE COMMUNICATIO",DOI:10.1145/3144592.3144598,2
"BERNS T., 2021, ETHIQUE COMMUNICATIO",DOI:10.1145/3287560.3287598,2
"BERNS T., 2021, ETHIQUE COMMUNICATIO",DOI:10.1609/aimag.v38i3.2741,2
"BERNS T., 2021, ETHIQUE COMMUNICATIO",DOI:10.17351/ests2020.277,2
"BERNS T., 2021, ETHIQUE COMMUNICATIO",DOI:10.3390/bdcc3010005,2
"BERNS T., 2021, ETHIQUE COMMUNICATIO",DOI:10.3406/reso.2000.2235,2
"BERNS T., 2021, ETHIQUE COMMUNICATIO",DOI:10.3917/comm.164.0911],2
"BERNS T., 2021, ETHIQUE COMMUNICATIO",DOI:10.3917/commu.088.0149],2
"BERNS T., 2021, ETHIQUE COMMUNICATIO",DOI:10.3917/ls.135.0087,2
"BERNS T., 2021, ETHIQUE COMMUNICATIO",DOI:10.3917/rai.019.0193,2
"BERNS T., 2021, ETHIQUE COMMUNICATIO",DOI:10.3917/res.212.0207,2
"BERNS T., 2021, ETHIQUE COMMUNICATIO",DOI:10.3917/zil.005.0208],2
"BERNS T., 2021, ETHIQUE COMMUNICATIO",DOI:10.4000/ethiquepublique.995],2
"BERNS T., 2021, ETHIQUE COMMUNICATIO",DOI:10.4000/quaderni.2216,2
"BERNS T., 2021, ETHIQUE COMMUNICATIO",DOI:10.4000/quaderni.2234],2
"BERNS T., 2021, ETHIQUE COMMUNICATIO",DOI:10.4000/sdt.14802],2
"BERNS T., 2021, ETHIQUE COMMUNICATIO",DOI:10.48550/arxiv.1810.00184],2
"BERNS T., 2021, ETHIQUE COMMUNICATIO","DUMOUCHEL P., 2016, ROBOT. IL GRANDE ATLANTE VISIVO SUL ROBOT, DALL'ANTICA GRECIA ALLE INTELLIGENZE ARTIFICIALI, 24 ORE CULTURA",2
"BERNS T., 2021, ETHIQUE COMMUNICATIO","ERASMUS ADRIAN, 2021, PHILOS TECHNOL, V34, P833, DOI [10.1007/S13347-020-00435-2, 10.1007/S13347-020-00435-2]",2
"BERNS T., 2021, ETHIQUE COMMUNICATIO","FOUCAULT MICHEL., 1969, ARCHAEOLOGY KNOWLEDG",2
"BERNS T., 2021, ETHIQUE COMMUNICATIO","FRANCK G., 2014, L'ECONOMIE DE L'ATTENTION, P55",2
"BERNS T., 2021, ETHIQUE COMMUNICATIO","FROIDEVAUX C, 2022, POUR UNE ETHIQUE DU NUMERIQUE, P41",2
"BERNS T., 2021, ETHIQUE COMMUNICATIO","FUCHS C, 2014, DIGITAL LABOUR AND KARL MARX, P1",2
"BERNS T., 2021, ETHIQUE COMMUNICATIO","GIBERT M., 2021, FAIRE MORALE ROBOTS",2
"BERNS T., 2021, ETHIQUE COMMUNICATIO","GUNKEL DJ, 2018, ROBOT RIGHTS",2
"BERNS T., 2021, ETHIQUE COMMUNICATIO","HAIYI ZHU, 2018, PROCEEDINGS OF THE ACM ON HUMAN-COMPUTER INTERACTION, V2, DOI [10.1145/3274463, 10.1145/3274463]",2
"BERNS T., 2021, ETHIQUE COMMUNICATIO","HOWARD P.N., 2015, PAX TECHNICA: HOW THE INTERNET OF THINGS MAY SET US FREE OR LOCK US UP",2
"BERNS T., 2021, ETHIQUE COMMUNICATIO","HURSTHOUSE ROSALIND., 1999, ON VIRTUE ETHICS",2
"BERNS T., 2021, ETHIQUE COMMUNICATIO","KANT E., 1989, CRITIQUE RAISON PRAT",2
"BERNS T., 2021, ETHIQUE COMMUNICATIO","KERVEGAN J.-F., 2012, ARCH PHILOS, P199",2
"BERNS T., 2021, ETHIQUE COMMUNICATIO","LEROI-GOURHAN A., 1995, GESTE PAROLE, VI",2
"BERNS T., 2021, ETHIQUE COMMUNICATIO","MCCONNELL TERRANCE., 2018, THE STANFORD ENCYCLOPEDIA OF PHILOSOPHY",2
"BERNS T., 2021, ETHIQUE COMMUNICATIO","MIT, 2016, MORAL MACHINES",2
"BERNS T., 2021, ETHIQUE COMMUNICATIO","NEVEJANS NATHALIE, 2017, TRAITE DE DROIT ET D'ETHIQUE DE LA ROBOTIQUE CIVILE, VLEH",2
"BERNS T., 2021, ETHIQUE COMMUNICATIO","OGIEN R., 2008, CONCEPTS ETHIQUE FAU",2
"BERNS T., 2021, ETHIQUE COMMUNICATIO","OGIEN RUWEN., 2007, LETHIQUE AUJOURDHUI. MAXIMALISTES ET MINIMALISTES",2
"BERNS T., 2021, ETHIQUE COMMUNICATIO","ONEIL C., 2018, ALGORITHMES BOMBE RE",2
"BERNS T., 2021, ETHIQUE COMMUNICATIO","ORSI FRANCESCO., 2015, VALUE THEORY",2
"BERNS T., 2021, ETHIQUE COMMUNICATIO","PEDERSEN ISABEL., 2020, EMBODIED COMPUTING: WEARABLES, IMPLANTABLES, EMBEDDABLES, INGESTIBLES",2
"BERNS T., 2021, ETHIQUE COMMUNICATIO","POPPER K., 1973, LOGIQUE DECOUVERTE S",2
"BERNS T., 2021, ETHIQUE COMMUNICATIO","RAWLS J., 1999, THEORIE DE LA JUSTICE",2
"BERNS T., 2021, ETHIQUE COMMUNICATIO","REBER B., 2014, TERMINAL TECHNOLOGIE, V119",2
"BERNS T., 2021, ETHIQUE COMMUNICATIO","SCHNAPPER D., 2012, COMPREHENSION SOCIOL",2
"BERNS T., 2021, ETHIQUE COMMUNICATIO","THOMSON JUDITH J, 1976, MONIST, V59, P204",2
"BERNS T., 2021, ETHIQUE COMMUNICATIO","VINCENT ANDRE, 1963, ARCHIVES DE PHILOSOPHIE DU DROIT, V8, P237",2
"BERNS T., 2021, ETHIQUE COMMUNICATIO","[ANONYMOUS], 2013, SCI TECHNIQUES SOC",2
"BERNS T., 2021, ETHIQUE COMMUNICATIO","[ANONYMOUS], 2013, SMART CITIES: THEORIE ET CRITIQUE D'UN IDEAL AUTOREALISATEUR",2
"BILLIER J. -C., 2010, INTRO ETHIQUE","BONNEFON J.-F., 2021, THAT THE BIOLOGICAL WORLD CAN BE UNDERSTOOD AS A SORT OF MACHINE, WITH PARTS THAT BEAR",2
"BILLIER J. -C., 2010, INTRO ETHIQUE","BOSTROM N, 2014, CAMBRIDGE HANDBOOK OF ARTIFICIAL INTELLIGENCE, P316",2
"BILLIER J. -C., 2010, INTRO ETHIQUE","CACCAMO E., 2019, VILLE INTELLIGENTE V",2
"BILLIER J. -C., 2010, INTRO ETHIQUE","CASILLI ANTONIO A., 2019, EN ATTENDANT LES ROBOTS",2
"BILLIER J. -C., 2010, INTRO ETHIQUE","CASTELVECCHI D, 2016, NATURE, V537, P20, DOI [10.1038/538020A, 10.1038/NATURE.2016.20491, 10.1038/538020A]",2
"BILLIER J. -C., 2010, INTRO ETHIQUE","CHARDEL P. -A., 2020, EMPIRE SIGNAL ECRIT",2
"BILLIER J. -C., 2010, INTRO ETHIQUE","CHATILA R, 2022, POUR UNE ETHIQUE DU NUMERIQUE, P27",2
"BILLIER J. -C., 2010, INTRO ETHIQUE","CHAUVIER S., 2016, LENCYCLOPEDIE PHILOS",2
"BILLIER J. -C., 2010, INTRO ETHIQUE","CRAWFORD K., 2021, ATLAS IA",2
"BILLIER J. -C., 2010, INTRO ETHIQUE","DANIELS NORMAN., 1996, JUSTICE AND JUSTIFICATION: REFLECTIVE EQUILIBRIUM IN THEORY AND PRACTICE",2
"BILLIER J. -C., 2010, INTRO ETHIQUE","DANIELS NORMAN., 2003, STANFORD ENCY PHILOS, VFALL 2010",2
"BILLIER J. -C., 2010, INTRO ETHIQUE","DIAKOPOULOS NICHOLAS., 2016, MIT TECHNOLOGY REVIEW",2
"BILLIER J. -C., 2010, INTRO ETHIQUE",DOI:10.1007/978-3-030-81907-1,2
"BILLIER J. -C., 2010, INTRO ETHIQUE",DOI:10.1007/978-3-540-30301-5_65,2
"BILLIER J. -C., 2010, INTRO ETHIQUE",DOI:10.1007/s00146-018-0824-x,2
"BILLIER J. -C., 2010, INTRO ETHIQUE",DOI:10.1007/s00146-021-01322-w,2
"BILLIER J. -C., 2010, INTRO ETHIQUE",DOI:10.1007/s10676-006-0004-4,2
"BILLIER J. -C., 2010, INTRO ETHIQUE",DOI:10.1007/s10676-011-9279-1,2
"BILLIER J. -C., 2010, INTRO ETHIQUE",DOI:10.1007/s10677-016-9745-2,2
"BILLIER J. -C., 2010, INTRO ETHIQUE",DOI:10.1007/s11948-019-00096-1,2
"BILLIER J. -C., 2010, INTRO ETHIQUE",DOI:10.1007/s12130-010-9113-9],2
"BILLIER J. -C., 2010, INTRO ETHIQUE",DOI:10.1007/s13347-020-00432-5],2
"BILLIER J. -C., 2010, INTRO ETHIQUE",DOI:10.1007/s13347-021-00449-4],2
"BILLIER J. -C., 2010, INTRO ETHIQUE",DOI:10.1007/s13347-021-00468-1],2
"BILLIER J. -C., 2010, INTRO ETHIQUE",DOI:10.1016/j.inffus.2019.12.012,2
"BILLIER J. -C., 2010, INTRO ETHIQUE",DOI:10.1016/j.inffus.2021.05.009,2
"BILLIER J. -C., 2010, INTRO ETHIQUE",DOI:10.1073/pnas.1900654116,2
"BILLIER J. -C., 2010, INTRO ETHIQUE",DOI:10.1086/291922,2
"BILLIER J. -C., 2010, INTRO ETHIQUE",DOI:10.1093/0199252866.003.0002],2
"BILLIER J. -C., 2010, INTRO ETHIQUE",DOI:10.1093/acprof:oso/9780190498511.001.0001,2
"BILLIER J. -C., 2010, INTRO ETHIQUE",DOI:10.1126/science.aan8871,2
"BILLIER J. -C., 2010, INTRO ETHIQUE",DOI:10.1126/scirobotics.aay7120,2
"BILLIER J. -C., 2010, INTRO ETHIQUE",DOI:10.1145/3144592.3144598,2
"BILLIER J. -C., 2010, INTRO ETHIQUE",DOI:10.1145/3287560.3287598,2
"BILLIER J. -C., 2010, INTRO ETHIQUE",DOI:10.1609/aimag.v38i3.2741,2
"BILLIER J. -C., 2010, INTRO ETHIQUE",DOI:10.17351/ests2020.277,2
"BILLIER J. -C., 2010, INTRO ETHIQUE",DOI:10.3390/bdcc3010005,2
"BILLIER J. -C., 2010, INTRO ETHIQUE",DOI:10.3406/reso.2000.2235,2
"BILLIER J. -C., 2010, INTRO ETHIQUE",DOI:10.3917/comm.164.0911],2
"BILLIER J. -C., 2010, INTRO ETHIQUE",DOI:10.3917/commu.088.0149],2
"BILLIER J. -C., 2010, INTRO ETHIQUE",DOI:10.3917/ls.135.0087,2
"BILLIER J. -C., 2010, INTRO ETHIQUE",DOI:10.3917/rai.019.0193,2
"BILLIER J. -C., 2010, INTRO ETHIQUE",DOI:10.3917/res.212.0207,2
"BILLIER J. -C., 2010, INTRO ETHIQUE",DOI:10.3917/zil.005.0208],2
"BILLIER J. -C., 2010, INTRO ETHIQUE",DOI:10.4000/ethiquepublique.995],2
"BILLIER J. -C., 2010, INTRO ETHIQUE",DOI:10.4000/quaderni.2216,2
"BILLIER J. -C., 2010, INTRO ETHIQUE",DOI:10.4000/quaderni.2234],2
"BILLIER J. -C., 2010, INTRO ETHIQUE",DOI:10.4000/sdt.14802],2
"BILLIER J. -C., 2010, INTRO ETHIQUE",DOI:10.48550/arxiv.1810.00184],2
"BILLIER J. -C., 2010, INTRO ETHIQUE","DUMOUCHEL P., 2016, ROBOT. IL GRANDE ATLANTE VISIVO SUL ROBOT, DALL'ANTICA GRECIA ALLE INTELLIGENZE ARTIFICIALI, 24 ORE CULTURA",2
"BILLIER J. -C., 2010, INTRO ETHIQUE","ERASMUS ADRIAN, 2021, PHILOS TECHNOL, V34, P833, DOI [10.1007/S13347-020-00435-2, 10.1007/S13347-020-00435-2]",2
"BILLIER J. -C., 2010, INTRO ETHIQUE","FOUCAULT MICHEL., 1969, ARCHAEOLOGY KNOWLEDG",2
"BILLIER J. -C., 2010, INTRO ETHIQUE","FRANCK G., 2014, L'ECONOMIE DE L'ATTENTION, P55",2
"BILLIER J. -C., 2010, INTRO ETHIQUE","FROIDEVAUX C, 2022, POUR UNE ETHIQUE DU NUMERIQUE, P41",2
"BILLIER J. -C., 2010, INTRO ETHIQUE","FUCHS C, 2014, DIGITAL LABOUR AND KARL MARX, P1",2
"BILLIER J. -C., 2010, INTRO ETHIQUE","GIBERT M., 2021, FAIRE MORALE ROBOTS",2
"BILLIER J. -C., 2010, INTRO ETHIQUE","GUNKEL DJ, 2018, ROBOT RIGHTS",2
"BILLIER J. -C., 2010, INTRO ETHIQUE","HAIYI ZHU, 2018, PROCEEDINGS OF THE ACM ON HUMAN-COMPUTER INTERACTION, V2, DOI [10.1145/3274463, 10.1145/3274463]",2
"BILLIER J. -C., 2010, INTRO ETHIQUE","HOWARD P.N., 2015, PAX TECHNICA: HOW THE INTERNET OF THINGS MAY SET US FREE OR LOCK US UP",2
"BILLIER J. -C., 2010, INTRO ETHIQUE","HURSTHOUSE ROSALIND., 1999, ON VIRTUE ETHICS",2
"BILLIER J. -C., 2010, INTRO ETHIQUE","KANT E., 1989, CRITIQUE RAISON PRAT",2
"BILLIER J. -C., 2010, INTRO ETHIQUE","KERVEGAN J.-F., 2012, ARCH PHILOS, P199",2
"BILLIER J. -C., 2010, INTRO ETHIQUE","LEROI-GOURHAN A., 1995, GESTE PAROLE, VI",2
"BILLIER J. -C., 2010, INTRO ETHIQUE","MCCONNELL TERRANCE., 2018, THE STANFORD ENCYCLOPEDIA OF PHILOSOPHY",2
"BILLIER J. -C., 2010, INTRO ETHIQUE","MIT, 2016, MORAL MACHINES",2
"BILLIER J. -C., 2010, INTRO ETHIQUE","NEVEJANS NATHALIE, 2017, TRAITE DE DROIT ET D'ETHIQUE DE LA ROBOTIQUE CIVILE, VLEH",2
"BILLIER J. -C., 2010, INTRO ETHIQUE","OGIEN R., 2008, CONCEPTS ETHIQUE FAU",2
"BILLIER J. -C., 2010, INTRO ETHIQUE","OGIEN RUWEN., 2007, LETHIQUE AUJOURDHUI. MAXIMALISTES ET MINIMALISTES",2
"BILLIER J. -C., 2010, INTRO ETHIQUE","ONEIL C., 2018, ALGORITHMES BOMBE RE",2
"BILLIER J. -C., 2010, INTRO ETHIQUE","ORSI FRANCESCO., 2015, VALUE THEORY",2
"BILLIER J. -C., 2010, INTRO ETHIQUE","PEDERSEN ISABEL., 2020, EMBODIED COMPUTING: WEARABLES, IMPLANTABLES, EMBEDDABLES, INGESTIBLES",2
"BILLIER J. -C., 2010, INTRO ETHIQUE","POPPER K., 1973, LOGIQUE DECOUVERTE S",2
"BILLIER J. -C., 2010, INTRO ETHIQUE","RAWLS J., 1999, THEORIE DE LA JUSTICE",2
"BILLIER J. -C., 2010, INTRO ETHIQUE","REBER B., 2014, TERMINAL TECHNOLOGIE, V119",2
"BILLIER J. -C., 2010, INTRO ETHIQUE","SCHNAPPER D., 2012, COMPREHENSION SOCIOL",2
"BILLIER J. -C., 2010, INTRO ETHIQUE","THOMSON JUDITH J, 1976, MONIST, V59, P204",2
"BILLIER J. -C., 2010, INTRO ETHIQUE","VINCENT ANDRE, 1963, ARCHIVES DE PHILOSOPHIE DU DROIT, V8, P237",2
"BILLIER J. -C., 2010, INTRO ETHIQUE","[ANONYMOUS], 2013, SCI TECHNIQUES SOC",2
"BILLIER J. -C., 2010, INTRO ETHIQUE","[ANONYMOUS], 2013, SMART CITIES: THEORIE ET CRITIQUE D'UN IDEAL AUTOREALISATEUR",2
"BONNEFON J.-F., 2021, THAT THE BIOLOGICAL WORLD CAN BE UNDERSTOOD AS A SORT OF MACHINE, WITH PARTS THAT BEAR","BOSTROM N, 2014, CAMBRIDGE HANDBOOK OF ARTIFICIAL INTELLIGENCE, P316",2
"BONNEFON J.-F., 2021, THAT THE BIOLOGICAL WORLD CAN BE UNDERSTOOD AS A SORT OF MACHINE, WITH PARTS THAT BEAR","CACCAMO E., 2019, VILLE INTELLIGENTE V",2
"BONNEFON J.-F., 2021, THAT THE BIOLOGICAL WORLD CAN BE UNDERSTOOD AS A SORT OF MACHINE, WITH PARTS THAT BEAR","CASILLI ANTONIO A., 2019, EN ATTENDANT LES ROBOTS",2
"BONNEFON J.-F., 2021, THAT THE BIOLOGICAL WORLD CAN BE UNDERSTOOD AS A SORT OF MACHINE, WITH PARTS THAT BEAR","CASTELVECCHI D, 2016, NATURE, V537, P20, DOI [10.1038/538020A, 10.1038/NATURE.2016.20491, 10.1038/538020A]",2
"BONNEFON J.-F., 2021, THAT THE BIOLOGICAL WORLD CAN BE UNDERSTOOD AS A SORT OF MACHINE, WITH PARTS THAT BEAR","CHARDEL P. -A., 2020, EMPIRE SIGNAL ECRIT",2
"BONNEFON J.-F., 2021, THAT THE BIOLOGICAL WORLD CAN BE UNDERSTOOD AS A SORT OF MACHINE, WITH PARTS THAT BEAR","CHATILA R, 2022, POUR UNE ETHIQUE DU NUMERIQUE, P27",2
"BONNEFON J.-F., 2021, THAT THE BIOLOGICAL WORLD CAN BE UNDERSTOOD AS A SORT OF MACHINE, WITH PARTS THAT BEAR","CHAUVIER S., 2016, LENCYCLOPEDIE PHILOS",2
"BONNEFON J.-F., 2021, THAT THE BIOLOGICAL WORLD CAN BE UNDERSTOOD AS A SORT OF MACHINE, WITH PARTS THAT BEAR","CRAWFORD K., 2021, ATLAS IA",2
"BONNEFON J.-F., 2021, THAT THE BIOLOGICAL WORLD CAN BE UNDERSTOOD AS A SORT OF MACHINE, WITH PARTS THAT BEAR","DANIELS NORMAN., 1996, JUSTICE AND JUSTIFICATION: REFLECTIVE EQUILIBRIUM IN THEORY AND PRACTICE",2
"BONNEFON J.-F., 2021, THAT THE BIOLOGICAL WORLD CAN BE UNDERSTOOD AS A SORT OF MACHINE, WITH PARTS THAT BEAR","DANIELS NORMAN., 2003, STANFORD ENCY PHILOS, VFALL 2010",2
"BONNEFON J.-F., 2021, THAT THE BIOLOGICAL WORLD CAN BE UNDERSTOOD AS A SORT OF MACHINE, WITH PARTS THAT BEAR","DIAKOPOULOS NICHOLAS., 2016, MIT TECHNOLOGY REVIEW",2
"BONNEFON J.-F., 2021, THAT THE BIOLOGICAL WORLD CAN BE UNDERSTOOD AS A SORT OF MACHINE, WITH PARTS THAT BEAR",DOI:10.1007/978-3-030-81907-1,2
"BONNEFON J.-F., 2021, THAT THE BIOLOGICAL WORLD CAN BE UNDERSTOOD AS A SORT OF MACHINE, WITH PARTS THAT BEAR",DOI:10.1007/978-3-540-30301-5_65,2
"BONNEFON J.-F., 2021, THAT THE BIOLOGICAL WORLD CAN BE UNDERSTOOD AS A SORT OF MACHINE, WITH PARTS THAT BEAR",DOI:10.1007/s00146-018-0824-x,2
"BONNEFON J.-F., 2021, THAT THE BIOLOGICAL WORLD CAN BE UNDERSTOOD AS A SORT OF MACHINE, WITH PARTS THAT BEAR",DOI:10.1007/s00146-021-01322-w,2
"BONNEFON J.-F., 2021, THAT THE BIOLOGICAL WORLD CAN BE UNDERSTOOD AS A SORT OF MACHINE, WITH PARTS THAT BEAR",DOI:10.1007/s10676-006-0004-4,2
"BONNEFON J.-F., 2021, THAT THE BIOLOGICAL WORLD CAN BE UNDERSTOOD AS A SORT OF MACHINE, WITH PARTS THAT BEAR",DOI:10.1007/s10676-011-9279-1,2
"BONNEFON J.-F., 2021, THAT THE BIOLOGICAL WORLD CAN BE UNDERSTOOD AS A SORT OF MACHINE, WITH PARTS THAT BEAR",DOI:10.1007/s10677-016-9745-2,2
"BONNEFON J.-F., 2021, THAT THE BIOLOGICAL WORLD CAN BE UNDERSTOOD AS A SORT OF MACHINE, WITH PARTS THAT BEAR",DOI:10.1007/s11948-019-00096-1,2
"BONNEFON J.-F., 2021, THAT THE BIOLOGICAL WORLD CAN BE UNDERSTOOD AS A SORT OF MACHINE, WITH PARTS THAT BEAR",DOI:10.1007/s12130-010-9113-9],2
"BONNEFON J.-F., 2021, THAT THE BIOLOGICAL WORLD CAN BE UNDERSTOOD AS A SORT OF MACHINE, WITH PARTS THAT BEAR",DOI:10.1007/s13347-020-00432-5],2
"BONNEFON J.-F., 2021, THAT THE BIOLOGICAL WORLD CAN BE UNDERSTOOD AS A SORT OF MACHINE, WITH PARTS THAT BEAR",DOI:10.1007/s13347-021-00449-4],2
"BONNEFON J.-F., 2021, THAT THE BIOLOGICAL WORLD CAN BE UNDERSTOOD AS A SORT OF MACHINE, WITH PARTS THAT BEAR",DOI:10.1007/s13347-021-00468-1],2
"BONNEFON J.-F., 2021, THAT THE BIOLOGICAL WORLD CAN BE UNDERSTOOD AS A SORT OF MACHINE, WITH PARTS THAT BEAR",DOI:10.1016/j.inffus.2019.12.012,2
"BONNEFON J.-F., 2021, THAT THE BIOLOGICAL WORLD CAN BE UNDERSTOOD AS A SORT OF MACHINE, WITH PARTS THAT BEAR",DOI:10.1016/j.inffus.2021.05.009,2
"BONNEFON J.-F., 2021, THAT THE BIOLOGICAL WORLD CAN BE UNDERSTOOD AS A SORT OF MACHINE, WITH PARTS THAT BEAR",DOI:10.1073/pnas.1900654116,2
"BONNEFON J.-F., 2021, THAT THE BIOLOGICAL WORLD CAN BE UNDERSTOOD AS A SORT OF MACHINE, WITH PARTS THAT BEAR",DOI:10.1086/291922,2
"BONNEFON J.-F., 2021, THAT THE BIOLOGICAL WORLD CAN BE UNDERSTOOD AS A SORT OF MACHINE, WITH PARTS THAT BEAR",DOI:10.1093/0199252866.003.0002],2
"BONNEFON J.-F., 2021, THAT THE BIOLOGICAL WORLD CAN BE UNDERSTOOD AS A SORT OF MACHINE, WITH PARTS THAT BEAR",DOI:10.1093/acprof:oso/9780190498511.001.0001,2
"BONNEFON J.-F., 2021, THAT THE BIOLOGICAL WORLD CAN BE UNDERSTOOD AS A SORT OF MACHINE, WITH PARTS THAT BEAR",DOI:10.1126/science.aan8871,2
"BONNEFON J.-F., 2021, THAT THE BIOLOGICAL WORLD CAN BE UNDERSTOOD AS A SORT OF MACHINE, WITH PARTS THAT BEAR",DOI:10.1126/scirobotics.aay7120,2
"BONNEFON J.-F., 2021, THAT THE BIOLOGICAL WORLD CAN BE UNDERSTOOD AS A SORT OF MACHINE, WITH PARTS THAT BEAR",DOI:10.1145/3144592.3144598,2
"BONNEFON J.-F., 2021, THAT THE BIOLOGICAL WORLD CAN BE UNDERSTOOD AS A SORT OF MACHINE, WITH PARTS THAT BEAR",DOI:10.1145/3287560.3287598,2
"BONNEFON J.-F., 2021, THAT THE BIOLOGICAL WORLD CAN BE UNDERSTOOD AS A SORT OF MACHINE, WITH PARTS THAT BEAR",DOI:10.1609/aimag.v38i3.2741,2
"BONNEFON J.-F., 2021, THAT THE BIOLOGICAL WORLD CAN BE UNDERSTOOD AS A SORT OF MACHINE, WITH PARTS THAT BEAR",DOI:10.17351/ests2020.277,2
"BONNEFON J.-F., 2021, THAT THE BIOLOGICAL WORLD CAN BE UNDERSTOOD AS A SORT OF MACHINE, WITH PARTS THAT BEAR",DOI:10.3390/bdcc3010005,2
"BONNEFON J.-F., 2021, THAT THE BIOLOGICAL WORLD CAN BE UNDERSTOOD AS A SORT OF MACHINE, WITH PARTS THAT BEAR",DOI:10.3406/reso.2000.2235,2
"BONNEFON J.-F., 2021, THAT THE BIOLOGICAL WORLD CAN BE UNDERSTOOD AS A SORT OF MACHINE, WITH PARTS THAT BEAR",DOI:10.3917/comm.164.0911],2
"BONNEFON J.-F., 2021, THAT THE BIOLOGICAL WORLD CAN BE UNDERSTOOD AS A SORT OF MACHINE, WITH PARTS THAT BEAR",DOI:10.3917/commu.088.0149],2
"BONNEFON J.-F., 2021, THAT THE BIOLOGICAL WORLD CAN BE UNDERSTOOD AS A SORT OF MACHINE, WITH PARTS THAT BEAR",DOI:10.3917/ls.135.0087,2
"BONNEFON J.-F., 2021, THAT THE BIOLOGICAL WORLD CAN BE UNDERSTOOD AS A SORT OF MACHINE, WITH PARTS THAT BEAR",DOI:10.3917/rai.019.0193,2
"BONNEFON J.-F., 2021, THAT THE BIOLOGICAL WORLD CAN BE UNDERSTOOD AS A SORT OF MACHINE, WITH PARTS THAT BEAR",DOI:10.3917/res.212.0207,2
"BONNEFON J.-F., 2021, THAT THE BIOLOGICAL WORLD CAN BE UNDERSTOOD AS A SORT OF MACHINE, WITH PARTS THAT BEAR",DOI:10.3917/zil.005.0208],2
"BONNEFON J.-F., 2021, THAT THE BIOLOGICAL WORLD CAN BE UNDERSTOOD AS A SORT OF MACHINE, WITH PARTS THAT BEAR",DOI:10.4000/ethiquepublique.995],2
"BONNEFON J.-F., 2021, THAT THE BIOLOGICAL WORLD CAN BE UNDERSTOOD AS A SORT OF MACHINE, WITH PARTS THAT BEAR",DOI:10.4000/quaderni.2216,2
"BONNEFON J.-F., 2021, THAT THE BIOLOGICAL WORLD CAN BE UNDERSTOOD AS A SORT OF MACHINE, WITH PARTS THAT BEAR",DOI:10.4000/quaderni.2234],2
"BONNEFON J.-F., 2021, THAT THE BIOLOGICAL WORLD CAN BE UNDERSTOOD AS A SORT OF MACHINE, WITH PARTS THAT BEAR",DOI:10.4000/sdt.14802],2
"BONNEFON J.-F., 2021, THAT THE BIOLOGICAL WORLD CAN BE UNDERSTOOD AS A SORT OF MACHINE, WITH PARTS THAT BEAR",DOI:10.48550/arxiv.1810.00184],2
"BONNEFON J.-F., 2021, THAT THE BIOLOGICAL WORLD CAN BE UNDERSTOOD AS A SORT OF MACHINE, WITH PARTS THAT BEAR","DUMOUCHEL P., 2016, ROBOT. IL GRANDE ATLANTE VISIVO SUL ROBOT, DALL'ANTICA GRECIA ALLE INTELLIGENZE ARTIFICIALI, 24 ORE CULTURA",2
"BONNEFON J.-F., 2021, THAT THE BIOLOGICAL WORLD CAN BE UNDERSTOOD AS A SORT OF MACHINE, WITH PARTS THAT BEAR","ERASMUS ADRIAN, 2021, PHILOS TECHNOL, V34, P833, DOI [10.1007/S13347-020-00435-2, 10.1007/S13347-020-00435-2]",2
"BONNEFON J.-F., 2021, THAT THE BIOLOGICAL WORLD CAN BE UNDERSTOOD AS A SORT OF MACHINE, WITH PARTS THAT BEAR","FOUCAULT MICHEL., 1969, ARCHAEOLOGY KNOWLEDG",2
"BONNEFON J.-F., 2021, THAT THE BIOLOGICAL WORLD CAN BE UNDERSTOOD AS A SORT OF MACHINE, WITH PARTS THAT BEAR","FRANCK G., 2014, L'ECONOMIE DE L'ATTENTION, P55",2
"BONNEFON J.-F., 2021, THAT THE BIOLOGICAL WORLD CAN BE UNDERSTOOD AS A SORT OF MACHINE, WITH PARTS THAT BEAR","FROIDEVAUX C, 2022, POUR UNE ETHIQUE DU NUMERIQUE, P41",2
"BONNEFON J.-F., 2021, THAT THE BIOLOGICAL WORLD CAN BE UNDERSTOOD AS A SORT OF MACHINE, WITH PARTS THAT BEAR","FUCHS C, 2014, DIGITAL LABOUR AND KARL MARX, P1",2
"BONNEFON J.-F., 2021, THAT THE BIOLOGICAL WORLD CAN BE UNDERSTOOD AS A SORT OF MACHINE, WITH PARTS THAT BEAR","GIBERT M., 2021, FAIRE MORALE ROBOTS",2
"BONNEFON J.-F., 2021, THAT THE BIOLOGICAL WORLD CAN BE UNDERSTOOD AS A SORT OF MACHINE, WITH PARTS THAT BEAR","GUNKEL DJ, 2018, ROBOT RIGHTS",2
"BONNEFON J.-F., 2021, THAT THE BIOLOGICAL WORLD CAN BE UNDERSTOOD AS A SORT OF MACHINE, WITH PARTS THAT BEAR","HAIYI ZHU, 2018, PROCEEDINGS OF THE ACM ON HUMAN-COMPUTER INTERACTION, V2, DOI [10.1145/3274463, 10.1145/3274463]",2
"BONNEFON J.-F., 2021, THAT THE BIOLOGICAL WORLD CAN BE UNDERSTOOD AS A SORT OF MACHINE, WITH PARTS THAT BEAR","HOWARD P.N., 2015, PAX TECHNICA: HOW THE INTERNET OF THINGS MAY SET US FREE OR LOCK US UP",2
"BONNEFON J.-F., 2021, THAT THE BIOLOGICAL WORLD CAN BE UNDERSTOOD AS A SORT OF MACHINE, WITH PARTS THAT BEAR","HURSTHOUSE ROSALIND., 1999, ON VIRTUE ETHICS",2
"BONNEFON J.-F., 2021, THAT THE BIOLOGICAL WORLD CAN BE UNDERSTOOD AS A SORT OF MACHINE, WITH PARTS THAT BEAR","KANT E., 1989, CRITIQUE RAISON PRAT",2
"BONNEFON J.-F., 2021, THAT THE BIOLOGICAL WORLD CAN BE UNDERSTOOD AS A SORT OF MACHINE, WITH PARTS THAT BEAR","KERVEGAN J.-F., 2012, ARCH PHILOS, P199",2
"BONNEFON J.-F., 2021, THAT THE BIOLOGICAL WORLD CAN BE UNDERSTOOD AS A SORT OF MACHINE, WITH PARTS THAT BEAR","LEROI-GOURHAN A., 1995, GESTE PAROLE, VI",2
"BONNEFON J.-F., 2021, THAT THE BIOLOGICAL WORLD CAN BE UNDERSTOOD AS A SORT OF MACHINE, WITH PARTS THAT BEAR","MCCONNELL TERRANCE., 2018, THE STANFORD ENCYCLOPEDIA OF PHILOSOPHY",2
"BONNEFON J.-F., 2021, THAT THE BIOLOGICAL WORLD CAN BE UNDERSTOOD AS A SORT OF MACHINE, WITH PARTS THAT BEAR","MIT, 2016, MORAL MACHINES",2
"BONNEFON J.-F., 2021, THAT THE BIOLOGICAL WORLD CAN BE UNDERSTOOD AS A SORT OF MACHINE, WITH PARTS THAT BEAR","NEVEJANS NATHALIE, 2017, TRAITE DE DROIT ET D'ETHIQUE DE LA ROBOTIQUE CIVILE, VLEH",2
"BONNEFON J.-F., 2021, THAT THE BIOLOGICAL WORLD CAN BE UNDERSTOOD AS A SORT OF MACHINE, WITH PARTS THAT BEAR","OGIEN R., 2008, CONCEPTS ETHIQUE FAU",2
"BONNEFON J.-F., 2021, THAT THE BIOLOGICAL WORLD CAN BE UNDERSTOOD AS A SORT OF MACHINE, WITH PARTS THAT BEAR","OGIEN RUWEN., 2007, LETHIQUE AUJOURDHUI. MAXIMALISTES ET MINIMALISTES",2
"BONNEFON J.-F., 2021, THAT THE BIOLOGICAL WORLD CAN BE UNDERSTOOD AS A SORT OF MACHINE, WITH PARTS THAT BEAR","ONEIL C., 2018, ALGORITHMES BOMBE RE",2
"BONNEFON J.-F., 2021, THAT THE BIOLOGICAL WORLD CAN BE UNDERSTOOD AS A SORT OF MACHINE, WITH PARTS THAT BEAR","ORSI FRANCESCO., 2015, VALUE THEORY",2
"BONNEFON J.-F., 2021, THAT THE BIOLOGICAL WORLD CAN BE UNDERSTOOD AS A SORT OF MACHINE, WITH PARTS THAT BEAR","PEDERSEN ISABEL., 2020, EMBODIED COMPUTING: WEARABLES, IMPLANTABLES, EMBEDDABLES, INGESTIBLES",2
"BONNEFON J.-F., 2021, THAT THE BIOLOGICAL WORLD CAN BE UNDERSTOOD AS A SORT OF MACHINE, WITH PARTS THAT BEAR","POPPER K., 1973, LOGIQUE DECOUVERTE S",2
"BONNEFON J.-F., 2021, THAT THE BIOLOGICAL WORLD CAN BE UNDERSTOOD AS A SORT OF MACHINE, WITH PARTS THAT BEAR","RAWLS J., 1999, THEORIE DE LA JUSTICE",2
"BONNEFON J.-F., 2021, THAT THE BIOLOGICAL WORLD CAN BE UNDERSTOOD AS A SORT OF MACHINE, WITH PARTS THAT BEAR","REBER B., 2014, TERMINAL TECHNOLOGIE, V119",2
"BONNEFON J.-F., 2021, THAT THE BIOLOGICAL WORLD CAN BE UNDERSTOOD AS A SORT OF MACHINE, WITH PARTS THAT BEAR","SCHNAPPER D., 2012, COMPREHENSION SOCIOL",2
"BONNEFON J.-F., 2021, THAT THE BIOLOGICAL WORLD CAN BE UNDERSTOOD AS A SORT OF MACHINE, WITH PARTS THAT BEAR","THOMSON JUDITH J, 1976, MONIST, V59, P204",2
"BONNEFON J.-F., 2021, THAT THE BIOLOGICAL WORLD CAN BE UNDERSTOOD AS A SORT OF MACHINE, WITH PARTS THAT BEAR","VINCENT ANDRE, 1963, ARCHIVES DE PHILOSOPHIE DU DROIT, V8, P237",2
"BONNEFON J.-F., 2021, THAT THE BIOLOGICAL WORLD CAN BE UNDERSTOOD AS A SORT OF MACHINE, WITH PARTS THAT BEAR","[ANONYMOUS], 2013, SCI TECHNIQUES SOC",2
"BONNEFON J.-F., 2021, THAT THE BIOLOGICAL WORLD CAN BE UNDERSTOOD AS A SORT OF MACHINE, WITH PARTS THAT BEAR","[ANONYMOUS], 2013, SMART CITIES: THEORIE ET CRITIQUE D'UN IDEAL AUTOREALISATEUR",2
"BOSTROM N, 2014, CAMBRIDGE HANDBOOK OF ARTIFICIAL INTELLIGENCE, P316","CACCAMO E., 2019, VILLE INTELLIGENTE V",2
"BOSTROM N, 2014, CAMBRIDGE HANDBOOK OF ARTIFICIAL INTELLIGENCE, P316","CASILLI ANTONIO A., 2019, EN ATTENDANT LES ROBOTS",2
"BOSTROM N, 2014, CAMBRIDGE HANDBOOK OF ARTIFICIAL INTELLIGENCE, P316","CASTELVECCHI D, 2016, NATURE, V537, P20, DOI [10.1038/538020A, 10.1038/NATURE.2016.20491, 10.1038/538020A]",3
"BOSTROM N, 2014, CAMBRIDGE HANDBOOK OF ARTIFICIAL INTELLIGENCE, P316","CHARDEL P. -A., 2020, EMPIRE SIGNAL ECRIT",2
"BOSTROM N, 2014, CAMBRIDGE HANDBOOK OF ARTIFICIAL INTELLIGENCE, P316","CHATILA R, 2022, POUR UNE ETHIQUE DU NUMERIQUE, P27",2
"BOSTROM N, 2014, CAMBRIDGE HANDBOOK OF ARTIFICIAL INTELLIGENCE, P316","CHAUVIER S., 2016, LENCYCLOPEDIE PHILOS",2
"BOSTROM N, 2014, CAMBRIDGE HANDBOOK OF ARTIFICIAL INTELLIGENCE, P316","CRAWFORD K., 2021, ATLAS IA",2
"BOSTROM N, 2014, CAMBRIDGE HANDBOOK OF ARTIFICIAL INTELLIGENCE, P316","DANIELS NORMAN., 1996, JUSTICE AND JUSTIFICATION: REFLECTIVE EQUILIBRIUM IN THEORY AND PRACTICE",3
"BOSTROM N, 2014, CAMBRIDGE HANDBOOK OF ARTIFICIAL INTELLIGENCE, P316","DANIELS NORMAN., 2003, STANFORD ENCY PHILOS, VFALL 2010",2
"BOSTROM N, 2014, CAMBRIDGE HANDBOOK OF ARTIFICIAL INTELLIGENCE, P316","DIAKOPOULOS NICHOLAS., 2016, MIT TECHNOLOGY REVIEW",2
"BOSTROM N, 2014, CAMBRIDGE HANDBOOK OF ARTIFICIAL INTELLIGENCE, P316",DOI:10.1007/978-3-030-81907-1,2
"BOSTROM N, 2014, CAMBRIDGE HANDBOOK OF ARTIFICIAL INTELLIGENCE, P316",DOI:10.1007/978-3-540-30301-5_65,2
"BOSTROM N, 2014, CAMBRIDGE HANDBOOK OF ARTIFICIAL INTELLIGENCE, P316",DOI:10.1007/s00146-018-0824-x,2
"BOSTROM N, 2014, CAMBRIDGE HANDBOOK OF ARTIFICIAL INTELLIGENCE, P316",DOI:10.1007/s00146-021-01322-w,2
"BOSTROM N, 2014, CAMBRIDGE HANDBOOK OF ARTIFICIAL INTELLIGENCE, P316",DOI:10.1007/s10676-006-0004-4,4
"BOSTROM N, 2014, CAMBRIDGE HANDBOOK OF ARTIFICIAL INTELLIGENCE, P316",DOI:10.1007/s10676-011-9279-1,2
"BOSTROM N, 2014, CAMBRIDGE HANDBOOK OF ARTIFICIAL INTELLIGENCE, P316",DOI:10.1007/s10677-016-9745-2,2
"BOSTROM N, 2014, CAMBRIDGE HANDBOOK OF ARTIFICIAL INTELLIGENCE, P316",DOI:10.1007/s11948-019-00096-1,2
"BOSTROM N, 2014, CAMBRIDGE HANDBOOK OF ARTIFICIAL INTELLIGENCE, P316",DOI:10.1007/s12130-010-9113-9],2
"BOSTROM N, 2014, CAMBRIDGE HANDBOOK OF ARTIFICIAL INTELLIGENCE, P316",DOI:10.1007/s13347-020-00432-5],2
"BOSTROM N, 2014, CAMBRIDGE HANDBOOK OF ARTIFICIAL INTELLIGENCE, P316",DOI:10.1007/s13347-021-00449-4],2
"BOSTROM N, 2014, CAMBRIDGE HANDBOOK OF ARTIFICIAL INTELLIGENCE, P316",DOI:10.1007/s13347-021-00468-1],2
"BOSTROM N, 2014, CAMBRIDGE HANDBOOK OF ARTIFICIAL INTELLIGENCE, P316",DOI:10.1016/j.inffus.2019.12.012,3
"BOSTROM N, 2014, CAMBRIDGE HANDBOOK OF ARTIFICIAL INTELLIGENCE, P316",DOI:10.1016/j.inffus.2021.05.009,2
"BOSTROM N, 2014, CAMBRIDGE HANDBOOK OF ARTIFICIAL INTELLIGENCE, P316",DOI:10.1073/pnas.1900654116,2
"BOSTROM N, 2014, CAMBRIDGE HANDBOOK OF ARTIFICIAL INTELLIGENCE, P316",DOI:10.1086/291922,2
"BOSTROM N, 2014, CAMBRIDGE HANDBOOK OF ARTIFICIAL INTELLIGENCE, P316",DOI:10.1093/0199252866.003.0002],3
"BOSTROM N, 2014, CAMBRIDGE HANDBOOK OF ARTIFICIAL INTELLIGENCE, P316",DOI:10.1093/acprof:oso/9780190498511.001.0001,2
"BOSTROM N, 2014, CAMBRIDGE HANDBOOK OF ARTIFICIAL INTELLIGENCE, P316",DOI:10.1126/science.aan8871,2
"BOSTROM N, 2014, CAMBRIDGE HANDBOOK OF ARTIFICIAL INTELLIGENCE, P316",DOI:10.1126/scirobotics.aay7120,3
"BOSTROM N, 2014, CAMBRIDGE HANDBOOK OF ARTIFICIAL INTELLIGENCE, P316",DOI:10.1145/3144592.3144598,2
"BOSTROM N, 2014, CAMBRIDGE HANDBOOK OF ARTIFICIAL INTELLIGENCE, P316",DOI:10.1145/3287560.3287598,4
"BOSTROM N, 2014, CAMBRIDGE HANDBOOK OF ARTIFICIAL INTELLIGENCE, P316",DOI:10.1609/aimag.v38i3.2741,3
"BOSTROM N, 2014, CAMBRIDGE HANDBOOK OF ARTIFICIAL INTELLIGENCE, P316",DOI:10.17351/ests2020.277,2
"BOSTROM N, 2014, CAMBRIDGE HANDBOOK OF ARTIFICIAL INTELLIGENCE, P316",DOI:10.3390/bdcc3010005,2
"BOSTROM N, 2014, CAMBRIDGE HANDBOOK OF ARTIFICIAL INTELLIGENCE, P316",DOI:10.3406/reso.2000.2235,2
"BOSTROM N, 2014, CAMBRIDGE HANDBOOK OF ARTIFICIAL INTELLIGENCE, P316",DOI:10.3917/comm.164.0911],2
"BOSTROM N, 2014, CAMBRIDGE HANDBOOK OF ARTIFICIAL INTELLIGENCE, P316",DOI:10.3917/commu.088.0149],2
"BOSTROM N, 2014, CAMBRIDGE HANDBOOK OF ARTIFICIAL INTELLIGENCE, P316",DOI:10.3917/ls.135.0087,2
"BOSTROM N, 2014, CAMBRIDGE HANDBOOK OF ARTIFICIAL INTELLIGENCE, P316",DOI:10.3917/rai.019.0193,2
"BOSTROM N, 2014, CAMBRIDGE HANDBOOK OF ARTIFICIAL INTELLIGENCE, P316",DOI:10.3917/res.212.0207,2
"BOSTROM N, 2014, CAMBRIDGE HANDBOOK OF ARTIFICIAL INTELLIGENCE, P316",DOI:10.3917/zil.005.0208],2
"BOSTROM N, 2014, CAMBRIDGE HANDBOOK OF ARTIFICIAL INTELLIGENCE, P316",DOI:10.4000/ethiquepublique.995],2
"BOSTROM N, 2014, CAMBRIDGE HANDBOOK OF ARTIFICIAL INTELLIGENCE, P316",DOI:10.4000/quaderni.2216,2
"BOSTROM N, 2014, CAMBRIDGE HANDBOOK OF ARTIFICIAL INTELLIGENCE, P316",DOI:10.4000/quaderni.2234],2
"BOSTROM N, 2014, CAMBRIDGE HANDBOOK OF ARTIFICIAL INTELLIGENCE, P316",DOI:10.4000/sdt.14802],2
"BOSTROM N, 2014, CAMBRIDGE HANDBOOK OF ARTIFICIAL INTELLIGENCE, P316",DOI:10.48550/arxiv.1810.00184],2
"BOSTROM N, 2014, CAMBRIDGE HANDBOOK OF ARTIFICIAL INTELLIGENCE, P316","DUMOUCHEL P., 2016, ROBOT. IL GRANDE ATLANTE VISIVO SUL ROBOT, DALL'ANTICA GRECIA ALLE INTELLIGENZE ARTIFICIALI, 24 ORE CULTURA",2
"BOSTROM N, 2014, CAMBRIDGE HANDBOOK OF ARTIFICIAL INTELLIGENCE, P316","ERASMUS ADRIAN, 2021, PHILOS TECHNOL, V34, P833, DOI [10.1007/S13347-020-00435-2, 10.1007/S13347-020-00435-2]",2
"BOSTROM N, 2014, CAMBRIDGE HANDBOOK OF ARTIFICIAL INTELLIGENCE, P316","FOUCAULT MICHEL., 1969, ARCHAEOLOGY KNOWLEDG",2
"BOSTROM N, 2014, CAMBRIDGE HANDBOOK OF ARTIFICIAL INTELLIGENCE, P316","FRANCK G., 2014, L'ECONOMIE DE L'ATTENTION, P55",2
"BOSTROM N, 2014, CAMBRIDGE HANDBOOK OF ARTIFICIAL INTELLIGENCE, P316","FROIDEVAUX C, 2022, POUR UNE ETHIQUE DU NUMERIQUE, P41",2
"BOSTROM N, 2014, CAMBRIDGE HANDBOOK OF ARTIFICIAL INTELLIGENCE, P316","FUCHS C, 2014, DIGITAL LABOUR AND KARL MARX, P1",2
"BOSTROM N, 2014, CAMBRIDGE HANDBOOK OF ARTIFICIAL INTELLIGENCE, P316","GIBERT M., 2021, FAIRE MORALE ROBOTS",2
"BOSTROM N, 2014, CAMBRIDGE HANDBOOK OF ARTIFICIAL INTELLIGENCE, P316","GUNKEL DJ, 2018, ROBOT RIGHTS",3
"BOSTROM N, 2014, CAMBRIDGE HANDBOOK OF ARTIFICIAL INTELLIGENCE, P316","HAIYI ZHU, 2018, PROCEEDINGS OF THE ACM ON HUMAN-COMPUTER INTERACTION, V2, DOI [10.1145/3274463, 10.1145/3274463]",2
"BOSTROM N, 2014, CAMBRIDGE HANDBOOK OF ARTIFICIAL INTELLIGENCE, P316","HOWARD P.N., 2015, PAX TECHNICA: HOW THE INTERNET OF THINGS MAY SET US FREE OR LOCK US UP",2
"BOSTROM N, 2014, CAMBRIDGE HANDBOOK OF ARTIFICIAL INTELLIGENCE, P316","HURSTHOUSE ROSALIND., 1999, ON VIRTUE ETHICS",2
"BOSTROM N, 2014, CAMBRIDGE HANDBOOK OF ARTIFICIAL INTELLIGENCE, P316","KANT E., 1989, CRITIQUE RAISON PRAT",2
"BOSTROM N, 2014, CAMBRIDGE HANDBOOK OF ARTIFICIAL INTELLIGENCE, P316","KERVEGAN J.-F., 2012, ARCH PHILOS, P199",2
"BOSTROM N, 2014, CAMBRIDGE HANDBOOK OF ARTIFICIAL INTELLIGENCE, P316","LEROI-GOURHAN A., 1995, GESTE PAROLE, VI",2
"BOSTROM N, 2014, CAMBRIDGE HANDBOOK OF ARTIFICIAL INTELLIGENCE, P316","MCCONNELL TERRANCE., 2018, THE STANFORD ENCYCLOPEDIA OF PHILOSOPHY",2
"BOSTROM N, 2014, CAMBRIDGE HANDBOOK OF ARTIFICIAL INTELLIGENCE, P316","MIT, 2016, MORAL MACHINES",2
"BOSTROM N, 2014, CAMBRIDGE HANDBOOK OF ARTIFICIAL INTELLIGENCE, P316","NEVEJANS NATHALIE, 2017, TRAITE DE DROIT ET D'ETHIQUE DE LA ROBOTIQUE CIVILE, VLEH",2
"BOSTROM N, 2014, CAMBRIDGE HANDBOOK OF ARTIFICIAL INTELLIGENCE, P316","OGIEN R., 2008, CONCEPTS ETHIQUE FAU",2
"BOSTROM N, 2014, CAMBRIDGE HANDBOOK OF ARTIFICIAL INTELLIGENCE, P316","OGIEN RUWEN., 2007, LETHIQUE AUJOURDHUI. MAXIMALISTES ET MINIMALISTES",2
"BOSTROM N, 2014, CAMBRIDGE HANDBOOK OF ARTIFICIAL INTELLIGENCE, P316","ONEIL C., 2018, ALGORITHMES BOMBE RE",2
"BOSTROM N, 2014, CAMBRIDGE HANDBOOK OF ARTIFICIAL INTELLIGENCE, P316","ORSI FRANCESCO., 2015, VALUE THEORY",2
"BOSTROM N, 2014, CAMBRIDGE HANDBOOK OF ARTIFICIAL INTELLIGENCE, P316","PEDERSEN ISABEL., 2020, EMBODIED COMPUTING: WEARABLES, IMPLANTABLES, EMBEDDABLES, INGESTIBLES",2
"BOSTROM N, 2014, CAMBRIDGE HANDBOOK OF ARTIFICIAL INTELLIGENCE, P316","POPPER K., 1973, LOGIQUE DECOUVERTE S",2
"BOSTROM N, 2014, CAMBRIDGE HANDBOOK OF ARTIFICIAL INTELLIGENCE, P316","RAWLS J., 1999, THEORIE DE LA JUSTICE",2
"BOSTROM N, 2014, CAMBRIDGE HANDBOOK OF ARTIFICIAL INTELLIGENCE, P316","REBER B., 2014, TERMINAL TECHNOLOGIE, V119",2
"BOSTROM N, 2014, CAMBRIDGE HANDBOOK OF ARTIFICIAL INTELLIGENCE, P316","SCHNAPPER D., 2012, COMPREHENSION SOCIOL",2
"BOSTROM N, 2014, CAMBRIDGE HANDBOOK OF ARTIFICIAL INTELLIGENCE, P316","THOMSON JUDITH J, 1976, MONIST, V59, P204",2
"BOSTROM N, 2014, CAMBRIDGE HANDBOOK OF ARTIFICIAL INTELLIGENCE, P316","VINCENT ANDRE, 1963, ARCHIVES DE PHILOSOPHIE DU DROIT, V8, P237",2
"BOSTROM N, 2014, CAMBRIDGE HANDBOOK OF ARTIFICIAL INTELLIGENCE, P316","[ANONYMOUS], 2013, SCI TECHNIQUES SOC",2
"BOSTROM N, 2014, CAMBRIDGE HANDBOOK OF ARTIFICIAL INTELLIGENCE, P316","[ANONYMOUS], 2013, SMART CITIES: THEORIE ET CRITIQUE D'UN IDEAL AUTOREALISATEUR",2
"BOSTROM N, 2014, CAMBRIDGE HANDBOOK OF ARTIFICIAL INTELLIGENCE, P316","ANDERSON M, 2007, AI MAG, V28, P15",2
"BOSTROM N, 2014, CAMBRIDGE HANDBOOK OF ARTIFICIAL INTELLIGENCE, P316","BEAUCHAMP T. L., 2019, PRINCIPLES OF BIOMEDICAL ETHICS, V8TH",2
"BOSTROM N, 2014, CAMBRIDGE HANDBOOK OF ARTIFICIAL INTELLIGENCE, P316",DOI:10.1007/s11023-018-9482-5,7
"BOSTROM N, 2014, CAMBRIDGE HANDBOOK OF ARTIFICIAL INTELLIGENCE, P316",DOI:10.1007/s11948-019-00165-5,2
"BOSTROM N, 2014, CAMBRIDGE HANDBOOK OF ARTIFICIAL INTELLIGENCE, P316",DOI:10.1038/d41586-018-05707-8,3
"BOSTROM N, 2014, CAMBRIDGE HANDBOOK OF ARTIFICIAL INTELLIGENCE, P316",DOI:10.1038/d41586-019-01413-1,2
"BOSTROM N, 2014, CAMBRIDGE HANDBOOK OF ARTIFICIAL INTELLIGENCE, P316",DOI:10.1109/mis.2006.80,2
"BOSTROM N, 2014, CAMBRIDGE HANDBOOK OF ARTIFICIAL INTELLIGENCE, P316",DOI:10.1109/mis.2006.83,2
"BOSTROM N, 2014, CAMBRIDGE HANDBOOK OF ARTIFICIAL INTELLIGENCE, P316",DOI:10.1111/j.1467-9973.1985.tb00173.x,2
"BOSTROM N, 2014, CAMBRIDGE HANDBOOK OF ARTIFICIAL INTELLIGENCE, P316",DOI:10.1177/2053951716679679,2
"BOSTROM N, 2014, CAMBRIDGE HANDBOOK OF ARTIFICIAL INTELLIGENCE, P316",DOI:10.1177/2053951717743530,2
"BOSTROM N, 2014, CAMBRIDGE HANDBOOK OF ARTIFICIAL INTELLIGENCE, P316","MULLER V.C., 2020, ETHICS OF ARTIFICIAL INTELLIGENCE AND ROBOTICS",2
"BOSTROM N, 2014, CAMBRIDGE HANDBOOK OF ARTIFICIAL INTELLIGENCE, P316","ONEIL CATHY., 2016, WEAPONS_OF_MATH_DESTRUCTION:_HOW_BIG_DATA_INCREASES INEQUALITY_AND_THREATENS_DEMOCRACY",2
"BOSTROM N, 2014, CAMBRIDGE HANDBOOK OF ARTIFICIAL INTELLIGENCE, P316",DOI:10.1007/s10676-009-9187-9,2
"BOSTROM N, 2014, CAMBRIDGE HANDBOOK OF ARTIFICIAL INTELLIGENCE, P316",DOI:10.1098/rsta.2018.0085,2
"BOSTROM N, 2014, CAMBRIDGE HANDBOOK OF ARTIFICIAL INTELLIGENCE, P316",DOI:10.1126/science.aat5991,2
"BOSTROM N, 2014, CAMBRIDGE HANDBOOK OF ARTIFICIAL INTELLIGENCE, P316",DOI:10.2307/j.ctvhrd092.18,2
"BOSTROM N, 2014, CAMBRIDGE HANDBOOK OF ARTIFICIAL INTELLIGENCE, P316",DOI:10.2759/177365,3
"BOSTROM N, 2014, CAMBRIDGE HANDBOOK OF ARTIFICIAL INTELLIGENCE, P316","BRYNJOLFFSON ERICANDREW MCAFEE., 2014, THE SECOND MACHINE AGE: WORK, PROGRESS, AND PROSPERITY IN A TIME OF BRILLIANT TECHNOLOGIES",3
"BOSTROM N, 2014, CAMBRIDGE HANDBOOK OF ARTIFICIAL INTELLIGENCE, P316",DOI:10.1016/j.futures.2021.102884,2
"CACCAMO E., 2019, VILLE INTELLIGENTE V","CASILLI ANTONIO A., 2019, EN ATTENDANT LES ROBOTS",2
"CACCAMO E., 2019, VILLE INTELLIGENTE V","CASTELVECCHI D, 2016, NATURE, V537, P20, DOI [10.1038/538020A, 10.1038/NATURE.2016.20491, 10.1038/538020A]",2
"CACCAMO E., 2019, VILLE INTELLIGENTE V","CHARDEL P. -A., 2020, EMPIRE SIGNAL ECRIT",2
"CACCAMO E., 2019, VILLE INTELLIGENTE V","CHATILA R, 2022, POUR UNE ETHIQUE DU NUMERIQUE, P27",2
"CACCAMO E., 2019, VILLE INTELLIGENTE V","CHAUVIER S., 2016, LENCYCLOPEDIE PHILOS",2
"CACCAMO E., 2019, VILLE INTELLIGENTE V","CRAWFORD K., 2021, ATLAS IA",2
"CACCAMO E., 2019, VILLE INTELLIGENTE V","DANIELS NORMAN., 1996, JUSTICE AND JUSTIFICATION: REFLECTIVE EQUILIBRIUM IN THEORY AND PRACTICE",2
"CACCAMO E., 2019, VILLE INTELLIGENTE V","DANIELS NORMAN., 2003, STANFORD ENCY PHILOS, VFALL 2010",2
"CACCAMO E., 2019, VILLE INTELLIGENTE V","DIAKOPOULOS NICHOLAS., 2016, MIT TECHNOLOGY REVIEW",2
"CACCAMO E., 2019, VILLE INTELLIGENTE V",DOI:10.1007/978-3-030-81907-1,2
"CACCAMO E., 2019, VILLE INTELLIGENTE V",DOI:10.1007/978-3-540-30301-5_65,2
"CACCAMO E., 2019, VILLE INTELLIGENTE V",DOI:10.1007/s00146-018-0824-x,2
"CACCAMO E., 2019, VILLE INTELLIGENTE V",DOI:10.1007/s00146-021-01322-w,2
"CACCAMO E., 2019, VILLE INTELLIGENTE V",DOI:10.1007/s10676-006-0004-4,2
"CACCAMO E., 2019, VILLE INTELLIGENTE V",DOI:10.1007/s10676-011-9279-1,2
"CACCAMO E., 2019, VILLE INTELLIGENTE V",DOI:10.1007/s10677-016-9745-2,2
"CACCAMO E., 2019, VILLE INTELLIGENTE V",DOI:10.1007/s11948-019-00096-1,2
"CACCAMO E., 2019, VILLE INTELLIGENTE V",DOI:10.1007/s12130-010-9113-9],2
"CACCAMO E., 2019, VILLE INTELLIGENTE V",DOI:10.1007/s13347-020-00432-5],2
"CACCAMO E., 2019, VILLE INTELLIGENTE V",DOI:10.1007/s13347-021-00449-4],2
"CACCAMO E., 2019, VILLE INTELLIGENTE V",DOI:10.1007/s13347-021-00468-1],2
"CACCAMO E., 2019, VILLE INTELLIGENTE V",DOI:10.1016/j.inffus.2019.12.012,2
"CACCAMO E., 2019, VILLE INTELLIGENTE V",DOI:10.1016/j.inffus.2021.05.009,2
"CACCAMO E., 2019, VILLE INTELLIGENTE V",DOI:10.1073/pnas.1900654116,2
"CACCAMO E., 2019, VILLE INTELLIGENTE V",DOI:10.1086/291922,2
"CACCAMO E., 2019, VILLE INTELLIGENTE V",DOI:10.1093/0199252866.003.0002],2
"CACCAMO E., 2019, VILLE INTELLIGENTE V",DOI:10.1093/acprof:oso/9780190498511.001.0001,2
"CACCAMO E., 2019, VILLE INTELLIGENTE V",DOI:10.1126/science.aan8871,2
"CACCAMO E., 2019, VILLE INTELLIGENTE V",DOI:10.1126/scirobotics.aay7120,2
"CACCAMO E., 2019, VILLE INTELLIGENTE V",DOI:10.1145/3144592.3144598,2
"CACCAMO E., 2019, VILLE INTELLIGENTE V",DOI:10.1145/3287560.3287598,2
"CACCAMO E., 2019, VILLE INTELLIGENTE V",DOI:10.1609/aimag.v38i3.2741,2
"CACCAMO E., 2019, VILLE INTELLIGENTE V",DOI:10.17351/ests2020.277,2
"CACCAMO E., 2019, VILLE INTELLIGENTE V",DOI:10.3390/bdcc3010005,2
"CACCAMO E., 2019, VILLE INTELLIGENTE V",DOI:10.3406/reso.2000.2235,2
"CACCAMO E., 2019, VILLE INTELLIGENTE V",DOI:10.3917/comm.164.0911],2
"CACCAMO E., 2019, VILLE INTELLIGENTE V",DOI:10.3917/commu.088.0149],2
"CACCAMO E., 2019, VILLE INTELLIGENTE V",DOI:10.3917/ls.135.0087,2
"CACCAMO E., 2019, VILLE INTELLIGENTE V",DOI:10.3917/rai.019.0193,2
"CACCAMO E., 2019, VILLE INTELLIGENTE V",DOI:10.3917/res.212.0207,2
"CACCAMO E., 2019, VILLE INTELLIGENTE V",DOI:10.3917/zil.005.0208],2
"CACCAMO E., 2019, VILLE INTELLIGENTE V",DOI:10.4000/ethiquepublique.995],2
"CACCAMO E., 2019, VILLE INTELLIGENTE V",DOI:10.4000/quaderni.2216,2
"CACCAMO E., 2019, VILLE INTELLIGENTE V",DOI:10.4000/quaderni.2234],2
"CACCAMO E., 2019, VILLE INTELLIGENTE V",DOI:10.4000/sdt.14802],2
"CACCAMO E., 2019, VILLE INTELLIGENTE V",DOI:10.48550/arxiv.1810.00184],2
"CACCAMO E., 2019, VILLE INTELLIGENTE V","DUMOUCHEL P., 2016, ROBOT. IL GRANDE ATLANTE VISIVO SUL ROBOT, DALL'ANTICA GRECIA ALLE INTELLIGENZE ARTIFICIALI, 24 ORE CULTURA",2
"CACCAMO E., 2019, VILLE INTELLIGENTE V","ERASMUS ADRIAN, 2021, PHILOS TECHNOL, V34, P833, DOI [10.1007/S13347-020-00435-2, 10.1007/S13347-020-00435-2]",2
"CACCAMO E., 2019, VILLE INTELLIGENTE V","FOUCAULT MICHEL., 1969, ARCHAEOLOGY KNOWLEDG",2
"CACCAMO E., 2019, VILLE INTELLIGENTE V","FRANCK G., 2014, L'ECONOMIE DE L'ATTENTION, P55",2
"CACCAMO E., 2019, VILLE INTELLIGENTE V","FROIDEVAUX C, 2022, POUR UNE ETHIQUE DU NUMERIQUE, P41",2
"CACCAMO E., 2019, VILLE INTELLIGENTE V","FUCHS C, 2014, DIGITAL LABOUR AND KARL MARX, P1",2
"CACCAMO E., 2019, VILLE INTELLIGENTE V","GIBERT M., 2021, FAIRE MORALE ROBOTS",2
"CACCAMO E., 2019, VILLE INTELLIGENTE V","GUNKEL DJ, 2018, ROBOT RIGHTS",2
"CACCAMO E., 2019, VILLE INTELLIGENTE V","HAIYI ZHU, 2018, PROCEEDINGS OF THE ACM ON HUMAN-COMPUTER INTERACTION, V2, DOI [10.1145/3274463, 10.1145/3274463]",2
"CACCAMO E., 2019, VILLE INTELLIGENTE V","HOWARD P.N., 2015, PAX TECHNICA: HOW THE INTERNET OF THINGS MAY SET US FREE OR LOCK US UP",2
"CACCAMO E., 2019, VILLE INTELLIGENTE V","HURSTHOUSE ROSALIND., 1999, ON VIRTUE ETHICS",2
"CACCAMO E., 2019, VILLE INTELLIGENTE V","KANT E., 1989, CRITIQUE RAISON PRAT",2
"CACCAMO E., 2019, VILLE INTELLIGENTE V","KERVEGAN J.-F., 2012, ARCH PHILOS, P199",2
"CACCAMO E., 2019, VILLE INTELLIGENTE V","LEROI-GOURHAN A., 1995, GESTE PAROLE, VI",2
"CACCAMO E., 2019, VILLE INTELLIGENTE V","MCCONNELL TERRANCE., 2018, THE STANFORD ENCYCLOPEDIA OF PHILOSOPHY",2
"CACCAMO E., 2019, VILLE INTELLIGENTE V","MIT, 2016, MORAL MACHINES",2
"CACCAMO E., 2019, VILLE INTELLIGENTE V","NEVEJANS NATHALIE, 2017, TRAITE DE DROIT ET D'ETHIQUE DE LA ROBOTIQUE CIVILE, VLEH",2
"CACCAMO E., 2019, VILLE INTELLIGENTE V","OGIEN R., 2008, CONCEPTS ETHIQUE FAU",2
"CACCAMO E., 2019, VILLE INTELLIGENTE V","OGIEN RUWEN., 2007, LETHIQUE AUJOURDHUI. MAXIMALISTES ET MINIMALISTES",2
"CACCAMO E., 2019, VILLE INTELLIGENTE V","ONEIL C., 2018, ALGORITHMES BOMBE RE",2
"CACCAMO E., 2019, VILLE INTELLIGENTE V","ORSI FRANCESCO., 2015, VALUE THEORY",2
"CACCAMO E., 2019, VILLE INTELLIGENTE V","PEDERSEN ISABEL., 2020, EMBODIED COMPUTING: WEARABLES, IMPLANTABLES, EMBEDDABLES, INGESTIBLES",2
"CACCAMO E., 2019, VILLE INTELLIGENTE V","POPPER K., 1973, LOGIQUE DECOUVERTE S",2
"CACCAMO E., 2019, VILLE INTELLIGENTE V","RAWLS J., 1999, THEORIE DE LA JUSTICE",2
"CACCAMO E., 2019, VILLE INTELLIGENTE V","REBER B., 2014, TERMINAL TECHNOLOGIE, V119",2
"CACCAMO E., 2019, VILLE INTELLIGENTE V","SCHNAPPER D., 2012, COMPREHENSION SOCIOL",2
"CACCAMO E., 2019, VILLE INTELLIGENTE V","THOMSON JUDITH J, 1976, MONIST, V59, P204",2
"CACCAMO E., 2019, VILLE INTELLIGENTE V","VINCENT ANDRE, 1963, ARCHIVES DE PHILOSOPHIE DU DROIT, V8, P237",2
"CACCAMO E., 2019, VILLE INTELLIGENTE V","[ANONYMOUS], 2013, SCI TECHNIQUES SOC",2
"CACCAMO E., 2019, VILLE INTELLIGENTE V","[ANONYMOUS], 2013, SMART CITIES: THEORIE ET CRITIQUE D'UN IDEAL AUTOREALISATEUR",2
"CASILLI ANTONIO A., 2019, EN ATTENDANT LES ROBOTS","CASTELVECCHI D, 2016, NATURE, V537, P20, DOI [10.1038/538020A, 10.1038/NATURE.2016.20491, 10.1038/538020A]",2
"CASILLI ANTONIO A., 2019, EN ATTENDANT LES ROBOTS","CHARDEL P. -A., 2020, EMPIRE SIGNAL ECRIT",2
"CASILLI ANTONIO A., 2019, EN ATTENDANT LES ROBOTS","CHATILA R, 2022, POUR UNE ETHIQUE DU NUMERIQUE, P27",2
"CASILLI ANTONIO A., 2019, EN ATTENDANT LES ROBOTS","CHAUVIER S., 2016, LENCYCLOPEDIE PHILOS",2
"CASILLI ANTONIO A., 2019, EN ATTENDANT LES ROBOTS","CRAWFORD K., 2021, ATLAS IA",2
"CASILLI ANTONIO A., 2019, EN ATTENDANT LES ROBOTS","DANIELS NORMAN., 1996, JUSTICE AND JUSTIFICATION: REFLECTIVE EQUILIBRIUM IN THEORY AND PRACTICE",2
"CASILLI ANTONIO A., 2019, EN ATTENDANT LES ROBOTS","DANIELS NORMAN., 2003, STANFORD ENCY PHILOS, VFALL 2010",2
"CASILLI ANTONIO A., 2019, EN ATTENDANT LES ROBOTS","DIAKOPOULOS NICHOLAS., 2016, MIT TECHNOLOGY REVIEW",2
"CASILLI ANTONIO A., 2019, EN ATTENDANT LES ROBOTS",DOI:10.1007/978-3-030-81907-1,2
"CASILLI ANTONIO A., 2019, EN ATTENDANT LES ROBOTS",DOI:10.1007/978-3-540-30301-5_65,2
"CASILLI ANTONIO A., 2019, EN ATTENDANT LES ROBOTS",DOI:10.1007/s00146-018-0824-x,2
"CASILLI ANTONIO A., 2019, EN ATTENDANT LES ROBOTS",DOI:10.1007/s00146-021-01322-w,2
"CASILLI ANTONIO A., 2019, EN ATTENDANT LES ROBOTS",DOI:10.1007/s10676-006-0004-4,2
"CASILLI ANTONIO A., 2019, EN ATTENDANT LES ROBOTS",DOI:10.1007/s10676-011-9279-1,2
"CASILLI ANTONIO A., 2019, EN ATTENDANT LES ROBOTS",DOI:10.1007/s10677-016-9745-2,2
"CASILLI ANTONIO A., 2019, EN ATTENDANT LES ROBOTS",DOI:10.1007/s11948-019-00096-1,2
"CASILLI ANTONIO A., 2019, EN ATTENDANT LES ROBOTS",DOI:10.1007/s12130-010-9113-9],2
"CASILLI ANTONIO A., 2019, EN ATTENDANT LES ROBOTS",DOI:10.1007/s13347-020-00432-5],2
"CASILLI ANTONIO A., 2019, EN ATTENDANT LES ROBOTS",DOI:10.1007/s13347-021-00449-4],2
"CASILLI ANTONIO A., 2019, EN ATTENDANT LES ROBOTS",DOI:10.1007/s13347-021-00468-1],2
"CASILLI ANTONIO A., 2019, EN ATTENDANT LES ROBOTS",DOI:10.1016/j.inffus.2019.12.012,2
"CASILLI ANTONIO A., 2019, EN ATTENDANT LES ROBOTS",DOI:10.1016/j.inffus.2021.05.009,2
"CASILLI ANTONIO A., 2019, EN ATTENDANT LES ROBOTS",DOI:10.1073/pnas.1900654116,2
"CASILLI ANTONIO A., 2019, EN ATTENDANT LES ROBOTS",DOI:10.1086/291922,2
"CASILLI ANTONIO A., 2019, EN ATTENDANT LES ROBOTS",DOI:10.1093/0199252866.003.0002],2
"CASILLI ANTONIO A., 2019, EN ATTENDANT LES ROBOTS",DOI:10.1093/acprof:oso/9780190498511.001.0001,2
"CASILLI ANTONIO A., 2019, EN ATTENDANT LES ROBOTS",DOI:10.1126/science.aan8871,2
"CASILLI ANTONIO A., 2019, EN ATTENDANT LES ROBOTS",DOI:10.1126/scirobotics.aay7120,2
"CASILLI ANTONIO A., 2019, EN ATTENDANT LES ROBOTS",DOI:10.1145/3144592.3144598,2
"CASILLI ANTONIO A., 2019, EN ATTENDANT LES ROBOTS",DOI:10.1145/3287560.3287598,2
"CASILLI ANTONIO A., 2019, EN ATTENDANT LES ROBOTS",DOI:10.1609/aimag.v38i3.2741,2
"CASILLI ANTONIO A., 2019, EN ATTENDANT LES ROBOTS",DOI:10.17351/ests2020.277,2
"CASILLI ANTONIO A., 2019, EN ATTENDANT LES ROBOTS",DOI:10.3390/bdcc3010005,2
"CASILLI ANTONIO A., 2019, EN ATTENDANT LES ROBOTS",DOI:10.3406/reso.2000.2235,2
"CASILLI ANTONIO A., 2019, EN ATTENDANT LES ROBOTS",DOI:10.3917/comm.164.0911],2
"CASILLI ANTONIO A., 2019, EN ATTENDANT LES ROBOTS",DOI:10.3917/commu.088.0149],2
"CASILLI ANTONIO A., 2019, EN ATTENDANT LES ROBOTS",DOI:10.3917/ls.135.0087,2
"CASILLI ANTONIO A., 2019, EN ATTENDANT LES ROBOTS",DOI:10.3917/rai.019.0193,2
"CASILLI ANTONIO A., 2019, EN ATTENDANT LES ROBOTS",DOI:10.3917/res.212.0207,2
"CASILLI ANTONIO A., 2019, EN ATTENDANT LES ROBOTS",DOI:10.3917/zil.005.0208],2
"CASILLI ANTONIO A., 2019, EN ATTENDANT LES ROBOTS",DOI:10.4000/ethiquepublique.995],2
"CASILLI ANTONIO A., 2019, EN ATTENDANT LES ROBOTS",DOI:10.4000/quaderni.2216,2
"CASILLI ANTONIO A., 2019, EN ATTENDANT LES ROBOTS",DOI:10.4000/quaderni.2234],2
"CASILLI ANTONIO A., 2019, EN ATTENDANT LES ROBOTS",DOI:10.4000/sdt.14802],2
"CASILLI ANTONIO A., 2019, EN ATTENDANT LES ROBOTS",DOI:10.48550/arxiv.1810.00184],2
"CASILLI ANTONIO A., 2019, EN ATTENDANT LES ROBOTS","DUMOUCHEL P., 2016, ROBOT. IL GRANDE ATLANTE VISIVO SUL ROBOT, DALL'ANTICA GRECIA ALLE INTELLIGENZE ARTIFICIALI, 24 ORE CULTURA",2
"CASILLI ANTONIO A., 2019, EN ATTENDANT LES ROBOTS","ERASMUS ADRIAN, 2021, PHILOS TECHNOL, V34, P833, DOI [10.1007/S13347-020-00435-2, 10.1007/S13347-020-00435-2]",2
"CASILLI ANTONIO A., 2019, EN ATTENDANT LES ROBOTS","FOUCAULT MICHEL., 1969, ARCHAEOLOGY KNOWLEDG",2
"CASILLI ANTONIO A., 2019, EN ATTENDANT LES ROBOTS","FRANCK G., 2014, L'ECONOMIE DE L'ATTENTION, P55",2
"CASILLI ANTONIO A., 2019, EN ATTENDANT LES ROBOTS","FROIDEVAUX C, 2022, POUR UNE ETHIQUE DU NUMERIQUE, P41",2
"CASILLI ANTONIO A., 2019, EN ATTENDANT LES ROBOTS","FUCHS C, 2014, DIGITAL LABOUR AND KARL MARX, P1",2
"CASILLI ANTONIO A., 2019, EN ATTENDANT LES ROBOTS","GIBERT M., 2021, FAIRE MORALE ROBOTS",2
"CASILLI ANTONIO A., 2019, EN ATTENDANT LES ROBOTS","GUNKEL DJ, 2018, ROBOT RIGHTS",2
"CASILLI ANTONIO A., 2019, EN ATTENDANT LES ROBOTS","HAIYI ZHU, 2018, PROCEEDINGS OF THE ACM ON HUMAN-COMPUTER INTERACTION, V2, DOI [10.1145/3274463, 10.1145/3274463]",2
"CASILLI ANTONIO A., 2019, EN ATTENDANT LES ROBOTS","HOWARD P.N., 2015, PAX TECHNICA: HOW THE INTERNET OF THINGS MAY SET US FREE OR LOCK US UP",2
"CASILLI ANTONIO A., 2019, EN ATTENDANT LES ROBOTS","HURSTHOUSE ROSALIND., 1999, ON VIRTUE ETHICS",2
"CASILLI ANTONIO A., 2019, EN ATTENDANT LES ROBOTS","KANT E., 1989, CRITIQUE RAISON PRAT",2
"CASILLI ANTONIO A., 2019, EN ATTENDANT LES ROBOTS","KERVEGAN J.-F., 2012, ARCH PHILOS, P199",2
"CASILLI ANTONIO A., 2019, EN ATTENDANT LES ROBOTS","LEROI-GOURHAN A., 1995, GESTE PAROLE, VI",2
"CASILLI ANTONIO A., 2019, EN ATTENDANT LES ROBOTS","MCCONNELL TERRANCE., 2018, THE STANFORD ENCYCLOPEDIA OF PHILOSOPHY",2
"CASILLI ANTONIO A., 2019, EN ATTENDANT LES ROBOTS","MIT, 2016, MORAL MACHINES",2
"CASILLI ANTONIO A., 2019, EN ATTENDANT LES ROBOTS","NEVEJANS NATHALIE, 2017, TRAITE DE DROIT ET D'ETHIQUE DE LA ROBOTIQUE CIVILE, VLEH",2
"CASILLI ANTONIO A., 2019, EN ATTENDANT LES ROBOTS","OGIEN R., 2008, CONCEPTS ETHIQUE FAU",2
"CASILLI ANTONIO A., 2019, EN ATTENDANT LES ROBOTS","OGIEN RUWEN., 2007, LETHIQUE AUJOURDHUI. MAXIMALISTES ET MINIMALISTES",2
"CASILLI ANTONIO A., 2019, EN ATTENDANT LES ROBOTS","ONEIL C., 2018, ALGORITHMES BOMBE RE",2
"CASILLI ANTONIO A., 2019, EN ATTENDANT LES ROBOTS","ORSI FRANCESCO., 2015, VALUE THEORY",2
"CASILLI ANTONIO A., 2019, EN ATTENDANT LES ROBOTS","PEDERSEN ISABEL., 2020, EMBODIED COMPUTING: WEARABLES, IMPLANTABLES, EMBEDDABLES, INGESTIBLES",2
"CASILLI ANTONIO A., 2019, EN ATTENDANT LES ROBOTS","POPPER K., 1973, LOGIQUE DECOUVERTE S",2
"CASILLI ANTONIO A., 2019, EN ATTENDANT LES ROBOTS","RAWLS J., 1999, THEORIE DE LA JUSTICE",2
"CASILLI ANTONIO A., 2019, EN ATTENDANT LES ROBOTS","REBER B., 2014, TERMINAL TECHNOLOGIE, V119",2
"CASILLI ANTONIO A., 2019, EN ATTENDANT LES ROBOTS","SCHNAPPER D., 2012, COMPREHENSION SOCIOL",2
"CASILLI ANTONIO A., 2019, EN ATTENDANT LES ROBOTS","THOMSON JUDITH J, 1976, MONIST, V59, P204",2
"CASILLI ANTONIO A., 2019, EN ATTENDANT LES ROBOTS","VINCENT ANDRE, 1963, ARCHIVES DE PHILOSOPHIE DU DROIT, V8, P237",2
"CASILLI ANTONIO A., 2019, EN ATTENDANT LES ROBOTS","[ANONYMOUS], 2013, SCI TECHNIQUES SOC",2
"CASILLI ANTONIO A., 2019, EN ATTENDANT LES ROBOTS","[ANONYMOUS], 2013, SMART CITIES: THEORIE ET CRITIQUE D'UN IDEAL AUTOREALISATEUR",2
"CASTELVECCHI D, 2016, NATURE, V537, P20, DOI [10.1038/538020A, 10.1038/NATURE.2016.20491, 10.1038/538020A]","CHARDEL P. -A., 2020, EMPIRE SIGNAL ECRIT",2
"CASTELVECCHI D, 2016, NATURE, V537, P20, DOI [10.1038/538020A, 10.1038/NATURE.2016.20491, 10.1038/538020A]","CHATILA R, 2022, POUR UNE ETHIQUE DU NUMERIQUE, P27",2
"CASTELVECCHI D, 2016, NATURE, V537, P20, DOI [10.1038/538020A, 10.1038/NATURE.2016.20491, 10.1038/538020A]","CHAUVIER S., 2016, LENCYCLOPEDIE PHILOS",2
"CASTELVECCHI D, 2016, NATURE, V537, P20, DOI [10.1038/538020A, 10.1038/NATURE.2016.20491, 10.1038/538020A]","CRAWFORD K., 2021, ATLAS IA",2
"CASTELVECCHI D, 2016, NATURE, V537, P20, DOI [10.1038/538020A, 10.1038/NATURE.2016.20491, 10.1038/538020A]","DANIELS NORMAN., 1996, JUSTICE AND JUSTIFICATION: REFLECTIVE EQUILIBRIUM IN THEORY AND PRACTICE",2
"CASTELVECCHI D, 2016, NATURE, V537, P20, DOI [10.1038/538020A, 10.1038/NATURE.2016.20491, 10.1038/538020A]","DANIELS NORMAN., 2003, STANFORD ENCY PHILOS, VFALL 2010",2
"CASTELVECCHI D, 2016, NATURE, V537, P20, DOI [10.1038/538020A, 10.1038/NATURE.2016.20491, 10.1038/538020A]","DIAKOPOULOS NICHOLAS., 2016, MIT TECHNOLOGY REVIEW",2
"CASTELVECCHI D, 2016, NATURE, V537, P20, DOI [10.1038/538020A, 10.1038/NATURE.2016.20491, 10.1038/538020A]",DOI:10.1007/978-3-030-81907-1,2
"CASTELVECCHI D, 2016, NATURE, V537, P20, DOI [10.1038/538020A, 10.1038/NATURE.2016.20491, 10.1038/538020A]",DOI:10.1007/978-3-540-30301-5_65,2
"CASTELVECCHI D, 2016, NATURE, V537, P20, DOI [10.1038/538020A, 10.1038/NATURE.2016.20491, 10.1038/538020A]",DOI:10.1007/s00146-018-0824-x,2
"CASTELVECCHI D, 2016, NATURE, V537, P20, DOI [10.1038/538020A, 10.1038/NATURE.2016.20491, 10.1038/538020A]",DOI:10.1007/s00146-021-01322-w,2
"CASTELVECCHI D, 2016, NATURE, V537, P20, DOI [10.1038/538020A, 10.1038/NATURE.2016.20491, 10.1038/538020A]",DOI:10.1007/s10676-006-0004-4,3
"CASTELVECCHI D, 2016, NATURE, V537, P20, DOI [10.1038/538020A, 10.1038/NATURE.2016.20491, 10.1038/538020A]",DOI:10.1007/s10676-011-9279-1,2
"CASTELVECCHI D, 2016, NATURE, V537, P20, DOI [10.1038/538020A, 10.1038/NATURE.2016.20491, 10.1038/538020A]",DOI:10.1007/s10677-016-9745-2,2
"CASTELVECCHI D, 2016, NATURE, V537, P20, DOI [10.1038/538020A, 10.1038/NATURE.2016.20491, 10.1038/538020A]",DOI:10.1007/s11948-019-00096-1,2
"CASTELVECCHI D, 2016, NATURE, V537, P20, DOI [10.1038/538020A, 10.1038/NATURE.2016.20491, 10.1038/538020A]",DOI:10.1007/s12130-010-9113-9],2
"CASTELVECCHI D, 2016, NATURE, V537, P20, DOI [10.1038/538020A, 10.1038/NATURE.2016.20491, 10.1038/538020A]",DOI:10.1007/s13347-020-00432-5],2
"CASTELVECCHI D, 2016, NATURE, V537, P20, DOI [10.1038/538020A, 10.1038/NATURE.2016.20491, 10.1038/538020A]",DOI:10.1007/s13347-021-00449-4],2
"CASTELVECCHI D, 2016, NATURE, V537, P20, DOI [10.1038/538020A, 10.1038/NATURE.2016.20491, 10.1038/538020A]",DOI:10.1007/s13347-021-00468-1],2
"CASTELVECCHI D, 2016, NATURE, V537, P20, DOI [10.1038/538020A, 10.1038/NATURE.2016.20491, 10.1038/538020A]",DOI:10.1016/j.inffus.2019.12.012,2
"CASTELVECCHI D, 2016, NATURE, V537, P20, DOI [10.1038/538020A, 10.1038/NATURE.2016.20491, 10.1038/538020A]",DOI:10.1016/j.inffus.2021.05.009,2
"CASTELVECCHI D, 2016, NATURE, V537, P20, DOI [10.1038/538020A, 10.1038/NATURE.2016.20491, 10.1038/538020A]",DOI:10.1073/pnas.1900654116,2
"CASTELVECCHI D, 2016, NATURE, V537, P20, DOI [10.1038/538020A, 10.1038/NATURE.2016.20491, 10.1038/538020A]",DOI:10.1086/291922,2
"CASTELVECCHI D, 2016, NATURE, V537, P20, DOI [10.1038/538020A, 10.1038/NATURE.2016.20491, 10.1038/538020A]",DOI:10.1093/0199252866.003.0002],2
"CASTELVECCHI D, 2016, NATURE, V537, P20, DOI [10.1038/538020A, 10.1038/NATURE.2016.20491, 10.1038/538020A]",DOI:10.1093/acprof:oso/9780190498511.001.0001,2
"CASTELVECCHI D, 2016, NATURE, V537, P20, DOI [10.1038/538020A, 10.1038/NATURE.2016.20491, 10.1038/538020A]",DOI:10.1126/science.aan8871,2
"CASTELVECCHI D, 2016, NATURE, V537, P20, DOI [10.1038/538020A, 10.1038/NATURE.2016.20491, 10.1038/538020A]",DOI:10.1126/scirobotics.aay7120,2
"CASTELVECCHI D, 2016, NATURE, V537, P20, DOI [10.1038/538020A, 10.1038/NATURE.2016.20491, 10.1038/538020A]",DOI:10.1145/3144592.3144598,2
"CASTELVECCHI D, 2016, NATURE, V537, P20, DOI [10.1038/538020A, 10.1038/NATURE.2016.20491, 10.1038/538020A]",DOI:10.1145/3287560.3287598,2
"CASTELVECCHI D, 2016, NATURE, V537, P20, DOI [10.1038/538020A, 10.1038/NATURE.2016.20491, 10.1038/538020A]",DOI:10.1609/aimag.v38i3.2741,3
"CASTELVECCHI D, 2016, NATURE, V537, P20, DOI [10.1038/538020A, 10.1038/NATURE.2016.20491, 10.1038/538020A]",DOI:10.17351/ests2020.277,2
"CASTELVECCHI D, 2016, NATURE, V537, P20, DOI [10.1038/538020A, 10.1038/NATURE.2016.20491, 10.1038/538020A]",DOI:10.3390/bdcc3010005,2
"CASTELVECCHI D, 2016, NATURE, V537, P20, DOI [10.1038/538020A, 10.1038/NATURE.2016.20491, 10.1038/538020A]",DOI:10.3406/reso.2000.2235,2
"CASTELVECCHI D, 2016, NATURE, V537, P20, DOI [10.1038/538020A, 10.1038/NATURE.2016.20491, 10.1038/538020A]",DOI:10.3917/comm.164.0911],2
"CASTELVECCHI D, 2016, NATURE, V537, P20, DOI [10.1038/538020A, 10.1038/NATURE.2016.20491, 10.1038/538020A]",DOI:10.3917/commu.088.0149],2
"CASTELVECCHI D, 2016, NATURE, V537, P20, DOI [10.1038/538020A, 10.1038/NATURE.2016.20491, 10.1038/538020A]",DOI:10.3917/ls.135.0087,2
"CASTELVECCHI D, 2016, NATURE, V537, P20, DOI [10.1038/538020A, 10.1038/NATURE.2016.20491, 10.1038/538020A]",DOI:10.3917/rai.019.0193,2
"CASTELVECCHI D, 2016, NATURE, V537, P20, DOI [10.1038/538020A, 10.1038/NATURE.2016.20491, 10.1038/538020A]",DOI:10.3917/res.212.0207,2
"CASTELVECCHI D, 2016, NATURE, V537, P20, DOI [10.1038/538020A, 10.1038/NATURE.2016.20491, 10.1038/538020A]",DOI:10.3917/zil.005.0208],2
"CASTELVECCHI D, 2016, NATURE, V537, P20, DOI [10.1038/538020A, 10.1038/NATURE.2016.20491, 10.1038/538020A]",DOI:10.4000/ethiquepublique.995],2
"CASTELVECCHI D, 2016, NATURE, V537, P20, DOI [10.1038/538020A, 10.1038/NATURE.2016.20491, 10.1038/538020A]",DOI:10.4000/quaderni.2216,2
"CASTELVECCHI D, 2016, NATURE, V537, P20, DOI [10.1038/538020A, 10.1038/NATURE.2016.20491, 10.1038/538020A]",DOI:10.4000/quaderni.2234],2
"CASTELVECCHI D, 2016, NATURE, V537, P20, DOI [10.1038/538020A, 10.1038/NATURE.2016.20491, 10.1038/538020A]",DOI:10.4000/sdt.14802],2
"CASTELVECCHI D, 2016, NATURE, V537, P20, DOI [10.1038/538020A, 10.1038/NATURE.2016.20491, 10.1038/538020A]",DOI:10.48550/arxiv.1810.00184],2
"CASTELVECCHI D, 2016, NATURE, V537, P20, DOI [10.1038/538020A, 10.1038/NATURE.2016.20491, 10.1038/538020A]","DUMOUCHEL P., 2016, ROBOT. IL GRANDE ATLANTE VISIVO SUL ROBOT, DALL'ANTICA GRECIA ALLE INTELLIGENZE ARTIFICIALI, 24 ORE CULTURA",2
"CASTELVECCHI D, 2016, NATURE, V537, P20, DOI [10.1038/538020A, 10.1038/NATURE.2016.20491, 10.1038/538020A]","ERASMUS ADRIAN, 2021, PHILOS TECHNOL, V34, P833, DOI [10.1007/S13347-020-00435-2, 10.1007/S13347-020-00435-2]",2
"CASTELVECCHI D, 2016, NATURE, V537, P20, DOI [10.1038/538020A, 10.1038/NATURE.2016.20491, 10.1038/538020A]","FOUCAULT MICHEL., 1969, ARCHAEOLOGY KNOWLEDG",2
"CASTELVECCHI D, 2016, NATURE, V537, P20, DOI [10.1038/538020A, 10.1038/NATURE.2016.20491, 10.1038/538020A]","FRANCK G., 2014, L'ECONOMIE DE L'ATTENTION, P55",2
"CASTELVECCHI D, 2016, NATURE, V537, P20, DOI [10.1038/538020A, 10.1038/NATURE.2016.20491, 10.1038/538020A]","FROIDEVAUX C, 2022, POUR UNE ETHIQUE DU NUMERIQUE, P41",2
"CASTELVECCHI D, 2016, NATURE, V537, P20, DOI [10.1038/538020A, 10.1038/NATURE.2016.20491, 10.1038/538020A]","FUCHS C, 2014, DIGITAL LABOUR AND KARL MARX, P1",2
"CASTELVECCHI D, 2016, NATURE, V537, P20, DOI [10.1038/538020A, 10.1038/NATURE.2016.20491, 10.1038/538020A]","GIBERT M., 2021, FAIRE MORALE ROBOTS",2
"CASTELVECCHI D, 2016, NATURE, V537, P20, DOI [10.1038/538020A, 10.1038/NATURE.2016.20491, 10.1038/538020A]","GUNKEL DJ, 2018, ROBOT RIGHTS",2
"CASTELVECCHI D, 2016, NATURE, V537, P20, DOI [10.1038/538020A, 10.1038/NATURE.2016.20491, 10.1038/538020A]","HAIYI ZHU, 2018, PROCEEDINGS OF THE ACM ON HUMAN-COMPUTER INTERACTION, V2, DOI [10.1145/3274463, 10.1145/3274463]",2
"CASTELVECCHI D, 2016, NATURE, V537, P20, DOI [10.1038/538020A, 10.1038/NATURE.2016.20491, 10.1038/538020A]","HOWARD P.N., 2015, PAX TECHNICA: HOW THE INTERNET OF THINGS MAY SET US FREE OR LOCK US UP",2
"CASTELVECCHI D, 2016, NATURE, V537, P20, DOI [10.1038/538020A, 10.1038/NATURE.2016.20491, 10.1038/538020A]","HURSTHOUSE ROSALIND., 1999, ON VIRTUE ETHICS",2
"CASTELVECCHI D, 2016, NATURE, V537, P20, DOI [10.1038/538020A, 10.1038/NATURE.2016.20491, 10.1038/538020A]","KANT E., 1989, CRITIQUE RAISON PRAT",2
"CASTELVECCHI D, 2016, NATURE, V537, P20, DOI [10.1038/538020A, 10.1038/NATURE.2016.20491, 10.1038/538020A]","KERVEGAN J.-F., 2012, ARCH PHILOS, P199",2
"CASTELVECCHI D, 2016, NATURE, V537, P20, DOI [10.1038/538020A, 10.1038/NATURE.2016.20491, 10.1038/538020A]","LEROI-GOURHAN A., 1995, GESTE PAROLE, VI",2
"CASTELVECCHI D, 2016, NATURE, V537, P20, DOI [10.1038/538020A, 10.1038/NATURE.2016.20491, 10.1038/538020A]","MCCONNELL TERRANCE., 2018, THE STANFORD ENCYCLOPEDIA OF PHILOSOPHY",2
"CASTELVECCHI D, 2016, NATURE, V537, P20, DOI [10.1038/538020A, 10.1038/NATURE.2016.20491, 10.1038/538020A]","MIT, 2016, MORAL MACHINES",2
"CASTELVECCHI D, 2016, NATURE, V537, P20, DOI [10.1038/538020A, 10.1038/NATURE.2016.20491, 10.1038/538020A]","NEVEJANS NATHALIE, 2017, TRAITE DE DROIT ET D'ETHIQUE DE LA ROBOTIQUE CIVILE, VLEH",2
"CASTELVECCHI D, 2016, NATURE, V537, P20, DOI [10.1038/538020A, 10.1038/NATURE.2016.20491, 10.1038/538020A]","OGIEN R., 2008, CONCEPTS ETHIQUE FAU",2
"CASTELVECCHI D, 2016, NATURE, V537, P20, DOI [10.1038/538020A, 10.1038/NATURE.2016.20491, 10.1038/538020A]","OGIEN RUWEN., 2007, LETHIQUE AUJOURDHUI. MAXIMALISTES ET MINIMALISTES",2
"CASTELVECCHI D, 2016, NATURE, V537, P20, DOI [10.1038/538020A, 10.1038/NATURE.2016.20491, 10.1038/538020A]","ONEIL C., 2018, ALGORITHMES BOMBE RE",2
"CASTELVECCHI D, 2016, NATURE, V537, P20, DOI [10.1038/538020A, 10.1038/NATURE.2016.20491, 10.1038/538020A]","ORSI FRANCESCO., 2015, VALUE THEORY",2
"CASTELVECCHI D, 2016, NATURE, V537, P20, DOI [10.1038/538020A, 10.1038/NATURE.2016.20491, 10.1038/538020A]","PEDERSEN ISABEL., 2020, EMBODIED COMPUTING: WEARABLES, IMPLANTABLES, EMBEDDABLES, INGESTIBLES",2
"CASTELVECCHI D, 2016, NATURE, V537, P20, DOI [10.1038/538020A, 10.1038/NATURE.2016.20491, 10.1038/538020A]","POPPER K., 1973, LOGIQUE DECOUVERTE S",2
"CASTELVECCHI D, 2016, NATURE, V537, P20, DOI [10.1038/538020A, 10.1038/NATURE.2016.20491, 10.1038/538020A]","RAWLS J., 1999, THEORIE DE LA JUSTICE",2
"CASTELVECCHI D, 2016, NATURE, V537, P20, DOI [10.1038/538020A, 10.1038/NATURE.2016.20491, 10.1038/538020A]","REBER B., 2014, TERMINAL TECHNOLOGIE, V119",2
"CASTELVECCHI D, 2016, NATURE, V537, P20, DOI [10.1038/538020A, 10.1038/NATURE.2016.20491, 10.1038/538020A]","SCHNAPPER D., 2012, COMPREHENSION SOCIOL",2
"CASTELVECCHI D, 2016, NATURE, V537, P20, DOI [10.1038/538020A, 10.1038/NATURE.2016.20491, 10.1038/538020A]","THOMSON JUDITH J, 1976, MONIST, V59, P204",2
"CASTELVECCHI D, 2016, NATURE, V537, P20, DOI [10.1038/538020A, 10.1038/NATURE.2016.20491, 10.1038/538020A]","VINCENT ANDRE, 1963, ARCHIVES DE PHILOSOPHIE DU DROIT, V8, P237",2
"CASTELVECCHI D, 2016, NATURE, V537, P20, DOI [10.1038/538020A, 10.1038/NATURE.2016.20491, 10.1038/538020A]","[ANONYMOUS], 2013, SCI TECHNIQUES SOC",2
"CASTELVECCHI D, 2016, NATURE, V537, P20, DOI [10.1038/538020A, 10.1038/NATURE.2016.20491, 10.1038/538020A]","[ANONYMOUS], 2013, SMART CITIES: THEORIE ET CRITIQUE D'UN IDEAL AUTOREALISATEUR",2
"CHARDEL P. -A., 2020, EMPIRE SIGNAL ECRIT","CHATILA R, 2022, POUR UNE ETHIQUE DU NUMERIQUE, P27",2
"CHARDEL P. -A., 2020, EMPIRE SIGNAL ECRIT","CHAUVIER S., 2016, LENCYCLOPEDIE PHILOS",2
"CHARDEL P. -A., 2020, EMPIRE SIGNAL ECRIT","CRAWFORD K., 2021, ATLAS IA",2
"CHARDEL P. -A., 2020, EMPIRE SIGNAL ECRIT","DANIELS NORMAN., 1996, JUSTICE AND JUSTIFICATION: REFLECTIVE EQUILIBRIUM IN THEORY AND PRACTICE",2
"CHARDEL P. -A., 2020, EMPIRE SIGNAL ECRIT","DANIELS NORMAN., 2003, STANFORD ENCY PHILOS, VFALL 2010",2
"CHARDEL P. -A., 2020, EMPIRE SIGNAL ECRIT","DIAKOPOULOS NICHOLAS., 2016, MIT TECHNOLOGY REVIEW",2
"CHARDEL P. -A., 2020, EMPIRE SIGNAL ECRIT",DOI:10.1007/978-3-030-81907-1,2
"CHARDEL P. -A., 2020, EMPIRE SIGNAL ECRIT",DOI:10.1007/978-3-540-30301-5_65,2
"CHARDEL P. -A., 2020, EMPIRE SIGNAL ECRIT",DOI:10.1007/s00146-018-0824-x,2
"CHARDEL P. -A., 2020, EMPIRE SIGNAL ECRIT",DOI:10.1007/s00146-021-01322-w,2
"CHARDEL P. -A., 2020, EMPIRE SIGNAL ECRIT",DOI:10.1007/s10676-006-0004-4,2
"CHARDEL P. -A., 2020, EMPIRE SIGNAL ECRIT",DOI:10.1007/s10676-011-9279-1,2
"CHARDEL P. -A., 2020, EMPIRE SIGNAL ECRIT",DOI:10.1007/s10677-016-9745-2,2
"CHARDEL P. -A., 2020, EMPIRE SIGNAL ECRIT",DOI:10.1007/s11948-019-00096-1,2
"CHARDEL P. -A., 2020, EMPIRE SIGNAL ECRIT",DOI:10.1007/s12130-010-9113-9],2
"CHARDEL P. -A., 2020, EMPIRE SIGNAL ECRIT",DOI:10.1007/s13347-020-00432-5],2
"CHARDEL P. -A., 2020, EMPIRE SIGNAL ECRIT",DOI:10.1007/s13347-021-00449-4],2
"CHARDEL P. -A., 2020, EMPIRE SIGNAL ECRIT",DOI:10.1007/s13347-021-00468-1],2
"CHARDEL P. -A., 2020, EMPIRE SIGNAL ECRIT",DOI:10.1016/j.inffus.2019.12.012,2
"CHARDEL P. -A., 2020, EMPIRE SIGNAL ECRIT",DOI:10.1016/j.inffus.2021.05.009,2
"CHARDEL P. -A., 2020, EMPIRE SIGNAL ECRIT",DOI:10.1073/pnas.1900654116,2
"CHARDEL P. -A., 2020, EMPIRE SIGNAL ECRIT",DOI:10.1086/291922,2
"CHARDEL P. -A., 2020, EMPIRE SIGNAL ECRIT",DOI:10.1093/0199252866.003.0002],2
"CHARDEL P. -A., 2020, EMPIRE SIGNAL ECRIT",DOI:10.1093/acprof:oso/9780190498511.001.0001,2
"CHARDEL P. -A., 2020, EMPIRE SIGNAL ECRIT",DOI:10.1126/science.aan8871,2
"CHARDEL P. -A., 2020, EMPIRE SIGNAL ECRIT",DOI:10.1126/scirobotics.aay7120,2
"CHARDEL P. -A., 2020, EMPIRE SIGNAL ECRIT",DOI:10.1145/3144592.3144598,2
"CHARDEL P. -A., 2020, EMPIRE SIGNAL ECRIT",DOI:10.1145/3287560.3287598,2
"CHARDEL P. -A., 2020, EMPIRE SIGNAL ECRIT",DOI:10.1609/aimag.v38i3.2741,2
"CHARDEL P. -A., 2020, EMPIRE SIGNAL ECRIT",DOI:10.17351/ests2020.277,2
"CHARDEL P. -A., 2020, EMPIRE SIGNAL ECRIT",DOI:10.3390/bdcc3010005,2
"CHARDEL P. -A., 2020, EMPIRE SIGNAL ECRIT",DOI:10.3406/reso.2000.2235,2
"CHARDEL P. -A., 2020, EMPIRE SIGNAL ECRIT",DOI:10.3917/comm.164.0911],2
"CHARDEL P. -A., 2020, EMPIRE SIGNAL ECRIT",DOI:10.3917/commu.088.0149],2
"CHARDEL P. -A., 2020, EMPIRE SIGNAL ECRIT",DOI:10.3917/ls.135.0087,2
"CHARDEL P. -A., 2020, EMPIRE SIGNAL ECRIT",DOI:10.3917/rai.019.0193,2
"CHARDEL P. -A., 2020, EMPIRE SIGNAL ECRIT",DOI:10.3917/res.212.0207,2
"CHARDEL P. -A., 2020, EMPIRE SIGNAL ECRIT",DOI:10.3917/zil.005.0208],2
"CHARDEL P. -A., 2020, EMPIRE SIGNAL ECRIT",DOI:10.4000/ethiquepublique.995],2
"CHARDEL P. -A., 2020, EMPIRE SIGNAL ECRIT",DOI:10.4000/quaderni.2216,2
"CHARDEL P. -A., 2020, EMPIRE SIGNAL ECRIT",DOI:10.4000/quaderni.2234],2
"CHARDEL P. -A., 2020, EMPIRE SIGNAL ECRIT",DOI:10.4000/sdt.14802],2
"CHARDEL P. -A., 2020, EMPIRE SIGNAL ECRIT",DOI:10.48550/arxiv.1810.00184],2
"CHARDEL P. -A., 2020, EMPIRE SIGNAL ECRIT","DUMOUCHEL P., 2016, ROBOT. IL GRANDE ATLANTE VISIVO SUL ROBOT, DALL'ANTICA GRECIA ALLE INTELLIGENZE ARTIFICIALI, 24 ORE CULTURA",2
"CHARDEL P. -A., 2020, EMPIRE SIGNAL ECRIT","ERASMUS ADRIAN, 2021, PHILOS TECHNOL, V34, P833, DOI [10.1007/S13347-020-00435-2, 10.1007/S13347-020-00435-2]",2
"CHARDEL P. -A., 2020, EMPIRE SIGNAL ECRIT","FOUCAULT MICHEL., 1969, ARCHAEOLOGY KNOWLEDG",2
"CHARDEL P. -A., 2020, EMPIRE SIGNAL ECRIT","FRANCK G., 2014, L'ECONOMIE DE L'ATTENTION, P55",2
"CHARDEL P. -A., 2020, EMPIRE SIGNAL ECRIT","FROIDEVAUX C, 2022, POUR UNE ETHIQUE DU NUMERIQUE, P41",2
"CHARDEL P. -A., 2020, EMPIRE SIGNAL ECRIT","FUCHS C, 2014, DIGITAL LABOUR AND KARL MARX, P1",2
"CHARDEL P. -A., 2020, EMPIRE SIGNAL ECRIT","GIBERT M., 2021, FAIRE MORALE ROBOTS",2
"CHARDEL P. -A., 2020, EMPIRE SIGNAL ECRIT","GUNKEL DJ, 2018, ROBOT RIGHTS",2
"CHARDEL P. -A., 2020, EMPIRE SIGNAL ECRIT","HAIYI ZHU, 2018, PROCEEDINGS OF THE ACM ON HUMAN-COMPUTER INTERACTION, V2, DOI [10.1145/3274463, 10.1145/3274463]",2
"CHARDEL P. -A., 2020, EMPIRE SIGNAL ECRIT","HOWARD P.N., 2015, PAX TECHNICA: HOW THE INTERNET OF THINGS MAY SET US FREE OR LOCK US UP",2
"CHARDEL P. -A., 2020, EMPIRE SIGNAL ECRIT","HURSTHOUSE ROSALIND., 1999, ON VIRTUE ETHICS",2
"CHARDEL P. -A., 2020, EMPIRE SIGNAL ECRIT","KANT E., 1989, CRITIQUE RAISON PRAT",2
"CHARDEL P. -A., 2020, EMPIRE SIGNAL ECRIT","KERVEGAN J.-F., 2012, ARCH PHILOS, P199",2
"CHARDEL P. -A., 2020, EMPIRE SIGNAL ECRIT","LEROI-GOURHAN A., 1995, GESTE PAROLE, VI",2
"CHARDEL P. -A., 2020, EMPIRE SIGNAL ECRIT","MCCONNELL TERRANCE., 2018, THE STANFORD ENCYCLOPEDIA OF PHILOSOPHY",2
"CHARDEL P. -A., 2020, EMPIRE SIGNAL ECRIT","MIT, 2016, MORAL MACHINES",2
"CHARDEL P. -A., 2020, EMPIRE SIGNAL ECRIT","NEVEJANS NATHALIE, 2017, TRAITE DE DROIT ET D'ETHIQUE DE LA ROBOTIQUE CIVILE, VLEH",2
"CHARDEL P. -A., 2020, EMPIRE SIGNAL ECRIT","OGIEN R., 2008, CONCEPTS ETHIQUE FAU",2
"CHARDEL P. -A., 2020, EMPIRE SIGNAL ECRIT","OGIEN RUWEN., 2007, LETHIQUE AUJOURDHUI. MAXIMALISTES ET MINIMALISTES",2
"CHARDEL P. -A., 2020, EMPIRE SIGNAL ECRIT","ONEIL C., 2018, ALGORITHMES BOMBE RE",2
"CHARDEL P. -A., 2020, EMPIRE SIGNAL ECRIT","ORSI FRANCESCO., 2015, VALUE THEORY",2
"CHARDEL P. -A., 2020, EMPIRE SIGNAL ECRIT","PEDERSEN ISABEL., 2020, EMBODIED COMPUTING: WEARABLES, IMPLANTABLES, EMBEDDABLES, INGESTIBLES",2
"CHARDEL P. -A., 2020, EMPIRE SIGNAL ECRIT","POPPER K., 1973, LOGIQUE DECOUVERTE S",2
"CHARDEL P. -A., 2020, EMPIRE SIGNAL ECRIT","RAWLS J., 1999, THEORIE DE LA JUSTICE",2
"CHARDEL P. -A., 2020, EMPIRE SIGNAL ECRIT","REBER B., 2014, TERMINAL TECHNOLOGIE, V119",2
"CHARDEL P. -A., 2020, EMPIRE SIGNAL ECRIT","SCHNAPPER D., 2012, COMPREHENSION SOCIOL",2
"CHARDEL P. -A., 2020, EMPIRE SIGNAL ECRIT","THOMSON JUDITH J, 1976, MONIST, V59, P204",2
"CHARDEL P. -A., 2020, EMPIRE SIGNAL ECRIT","VINCENT ANDRE, 1963, ARCHIVES DE PHILOSOPHIE DU DROIT, V8, P237",2
"CHARDEL P. -A., 2020, EMPIRE SIGNAL ECRIT","[ANONYMOUS], 2013, SCI TECHNIQUES SOC",2
"CHARDEL P. -A., 2020, EMPIRE SIGNAL ECRIT","[ANONYMOUS], 2013, SMART CITIES: THEORIE ET CRITIQUE D'UN IDEAL AUTOREALISATEUR",2
"CHATILA R, 2022, POUR UNE ETHIQUE DU NUMERIQUE, P27","CHAUVIER S., 2016, LENCYCLOPEDIE PHILOS",2
"CHATILA R, 2022, POUR UNE ETHIQUE DU NUMERIQUE, P27","CRAWFORD K., 2021, ATLAS IA",2
"CHATILA R, 2022, POUR UNE ETHIQUE DU NUMERIQUE, P27","DANIELS NORMAN., 1996, JUSTICE AND JUSTIFICATION: REFLECTIVE EQUILIBRIUM IN THEORY AND PRACTICE",2
"CHATILA R, 2022, POUR UNE ETHIQUE DU NUMERIQUE, P27","DANIELS NORMAN., 2003, STANFORD ENCY PHILOS, VFALL 2010",2
"CHATILA R, 2022, POUR UNE ETHIQUE DU NUMERIQUE, P27","DIAKOPOULOS NICHOLAS., 2016, MIT TECHNOLOGY REVIEW",2
"CHATILA R, 2022, POUR UNE ETHIQUE DU NUMERIQUE, P27",DOI:10.1007/978-3-030-81907-1,2
"CHATILA R, 2022, POUR UNE ETHIQUE DU NUMERIQUE, P27",DOI:10.1007/978-3-540-30301-5_65,2
"CHATILA R, 2022, POUR UNE ETHIQUE DU NUMERIQUE, P27",DOI:10.1007/s00146-018-0824-x,2
"CHATILA R, 2022, POUR UNE ETHIQUE DU NUMERIQUE, P27",DOI:10.1007/s00146-021-01322-w,2
"CHATILA R, 2022, POUR UNE ETHIQUE DU NUMERIQUE, P27",DOI:10.1007/s10676-006-0004-4,2
"CHATILA R, 2022, POUR UNE ETHIQUE DU NUMERIQUE, P27",DOI:10.1007/s10676-011-9279-1,2
"CHATILA R, 2022, POUR UNE ETHIQUE DU NUMERIQUE, P27",DOI:10.1007/s10677-016-9745-2,2
"CHATILA R, 2022, POUR UNE ETHIQUE DU NUMERIQUE, P27",DOI:10.1007/s11948-019-00096-1,2
"CHATILA R, 2022, POUR UNE ETHIQUE DU NUMERIQUE, P27",DOI:10.1007/s12130-010-9113-9],2
"CHATILA R, 2022, POUR UNE ETHIQUE DU NUMERIQUE, P27",DOI:10.1007/s13347-020-00432-5],2
"CHATILA R, 2022, POUR UNE ETHIQUE DU NUMERIQUE, P27",DOI:10.1007/s13347-021-00449-4],2
"CHATILA R, 2022, POUR UNE ETHIQUE DU NUMERIQUE, P27",DOI:10.1007/s13347-021-00468-1],2
"CHATILA R, 2022, POUR UNE ETHIQUE DU NUMERIQUE, P27",DOI:10.1016/j.inffus.2019.12.012,2
"CHATILA R, 2022, POUR UNE ETHIQUE DU NUMERIQUE, P27",DOI:10.1016/j.inffus.2021.05.009,2
"CHATILA R, 2022, POUR UNE ETHIQUE DU NUMERIQUE, P27",DOI:10.1073/pnas.1900654116,2
"CHATILA R, 2022, POUR UNE ETHIQUE DU NUMERIQUE, P27",DOI:10.1086/291922,2
"CHATILA R, 2022, POUR UNE ETHIQUE DU NUMERIQUE, P27",DOI:10.1093/0199252866.003.0002],2
"CHATILA R, 2022, POUR UNE ETHIQUE DU NUMERIQUE, P27",DOI:10.1093/acprof:oso/9780190498511.001.0001,2
"CHATILA R, 2022, POUR UNE ETHIQUE DU NUMERIQUE, P27",DOI:10.1126/science.aan8871,2
"CHATILA R, 2022, POUR UNE ETHIQUE DU NUMERIQUE, P27",DOI:10.1126/scirobotics.aay7120,2
"CHATILA R, 2022, POUR UNE ETHIQUE DU NUMERIQUE, P27",DOI:10.1145/3144592.3144598,2
"CHATILA R, 2022, POUR UNE ETHIQUE DU NUMERIQUE, P27",DOI:10.1145/3287560.3287598,2
"CHATILA R, 2022, POUR UNE ETHIQUE DU NUMERIQUE, P27",DOI:10.1609/aimag.v38i3.2741,2
"CHATILA R, 2022, POUR UNE ETHIQUE DU NUMERIQUE, P27",DOI:10.17351/ests2020.277,2
"CHATILA R, 2022, POUR UNE ETHIQUE DU NUMERIQUE, P27",DOI:10.3390/bdcc3010005,2
"CHATILA R, 2022, POUR UNE ETHIQUE DU NUMERIQUE, P27",DOI:10.3406/reso.2000.2235,2
"CHATILA R, 2022, POUR UNE ETHIQUE DU NUMERIQUE, P27",DOI:10.3917/comm.164.0911],2
"CHATILA R, 2022, POUR UNE ETHIQUE DU NUMERIQUE, P27",DOI:10.3917/commu.088.0149],2
"CHATILA R, 2022, POUR UNE ETHIQUE DU NUMERIQUE, P27",DOI:10.3917/ls.135.0087,2
"CHATILA R, 2022, POUR UNE ETHIQUE DU NUMERIQUE, P27",DOI:10.3917/rai.019.0193,2
"CHATILA R, 2022, POUR UNE ETHIQUE DU NUMERIQUE, P27",DOI:10.3917/res.212.0207,2
"CHATILA R, 2022, POUR UNE ETHIQUE DU NUMERIQUE, P27",DOI:10.3917/zil.005.0208],2
"CHATILA R, 2022, POUR UNE ETHIQUE DU NUMERIQUE, P27",DOI:10.4000/ethiquepublique.995],2
"CHATILA R, 2022, POUR UNE ETHIQUE DU NUMERIQUE, P27",DOI:10.4000/quaderni.2216,2
"CHATILA R, 2022, POUR UNE ETHIQUE DU NUMERIQUE, P27",DOI:10.4000/quaderni.2234],2
"CHATILA R, 2022, POUR UNE ETHIQUE DU NUMERIQUE, P27",DOI:10.4000/sdt.14802],2
"CHATILA R, 2022, POUR UNE ETHIQUE DU NUMERIQUE, P27",DOI:10.48550/arxiv.1810.00184],2
"CHATILA R, 2022, POUR UNE ETHIQUE DU NUMERIQUE, P27","DUMOUCHEL P., 2016, ROBOT. IL GRANDE ATLANTE VISIVO SUL ROBOT, DALL'ANTICA GRECIA ALLE INTELLIGENZE ARTIFICIALI, 24 ORE CULTURA",2
"CHATILA R, 2022, POUR UNE ETHIQUE DU NUMERIQUE, P27","ERASMUS ADRIAN, 2021, PHILOS TECHNOL, V34, P833, DOI [10.1007/S13347-020-00435-2, 10.1007/S13347-020-00435-2]",2
"CHATILA R, 2022, POUR UNE ETHIQUE DU NUMERIQUE, P27","FOUCAULT MICHEL., 1969, ARCHAEOLOGY KNOWLEDG",2
"CHATILA R, 2022, POUR UNE ETHIQUE DU NUMERIQUE, P27","FRANCK G., 2014, L'ECONOMIE DE L'ATTENTION, P55",2
"CHATILA R, 2022, POUR UNE ETHIQUE DU NUMERIQUE, P27","FROIDEVAUX C, 2022, POUR UNE ETHIQUE DU NUMERIQUE, P41",2
"CHATILA R, 2022, POUR UNE ETHIQUE DU NUMERIQUE, P27","FUCHS C, 2014, DIGITAL LABOUR AND KARL MARX, P1",2
"CHATILA R, 2022, POUR UNE ETHIQUE DU NUMERIQUE, P27","GIBERT M., 2021, FAIRE MORALE ROBOTS",2
"CHATILA R, 2022, POUR UNE ETHIQUE DU NUMERIQUE, P27","GUNKEL DJ, 2018, ROBOT RIGHTS",2
"CHATILA R, 2022, POUR UNE ETHIQUE DU NUMERIQUE, P27","HAIYI ZHU, 2018, PROCEEDINGS OF THE ACM ON HUMAN-COMPUTER INTERACTION, V2, DOI [10.1145/3274463, 10.1145/3274463]",2
"CHATILA R, 2022, POUR UNE ETHIQUE DU NUMERIQUE, P27","HOWARD P.N., 2015, PAX TECHNICA: HOW THE INTERNET OF THINGS MAY SET US FREE OR LOCK US UP",2
"CHATILA R, 2022, POUR UNE ETHIQUE DU NUMERIQUE, P27","HURSTHOUSE ROSALIND., 1999, ON VIRTUE ETHICS",2
"CHATILA R, 2022, POUR UNE ETHIQUE DU NUMERIQUE, P27","KANT E., 1989, CRITIQUE RAISON PRAT",2
"CHATILA R, 2022, POUR UNE ETHIQUE DU NUMERIQUE, P27","KERVEGAN J.-F., 2012, ARCH PHILOS, P199",2
"CHATILA R, 2022, POUR UNE ETHIQUE DU NUMERIQUE, P27","LEROI-GOURHAN A., 1995, GESTE PAROLE, VI",2
"CHATILA R, 2022, POUR UNE ETHIQUE DU NUMERIQUE, P27","MCCONNELL TERRANCE., 2018, THE STANFORD ENCYCLOPEDIA OF PHILOSOPHY",2
"CHATILA R, 2022, POUR UNE ETHIQUE DU NUMERIQUE, P27","MIT, 2016, MORAL MACHINES",2
"CHATILA R, 2022, POUR UNE ETHIQUE DU NUMERIQUE, P27","NEVEJANS NATHALIE, 2017, TRAITE DE DROIT ET D'ETHIQUE DE LA ROBOTIQUE CIVILE, VLEH",2
"CHATILA R, 2022, POUR UNE ETHIQUE DU NUMERIQUE, P27","OGIEN R., 2008, CONCEPTS ETHIQUE FAU",2
"CHATILA R, 2022, POUR UNE ETHIQUE DU NUMERIQUE, P27","OGIEN RUWEN., 2007, LETHIQUE AUJOURDHUI. MAXIMALISTES ET MINIMALISTES",2
"CHATILA R, 2022, POUR UNE ETHIQUE DU NUMERIQUE, P27","ONEIL C., 2018, ALGORITHMES BOMBE RE",2
"CHATILA R, 2022, POUR UNE ETHIQUE DU NUMERIQUE, P27","ORSI FRANCESCO., 2015, VALUE THEORY",2
"CHATILA R, 2022, POUR UNE ETHIQUE DU NUMERIQUE, P27","PEDERSEN ISABEL., 2020, EMBODIED COMPUTING: WEARABLES, IMPLANTABLES, EMBEDDABLES, INGESTIBLES",2
"CHATILA R, 2022, POUR UNE ETHIQUE DU NUMERIQUE, P27","POPPER K., 1973, LOGIQUE DECOUVERTE S",2
"CHATILA R, 2022, POUR UNE ETHIQUE DU NUMERIQUE, P27","RAWLS J., 1999, THEORIE DE LA JUSTICE",2
"CHATILA R, 2022, POUR UNE ETHIQUE DU NUMERIQUE, P27","REBER B., 2014, TERMINAL TECHNOLOGIE, V119",2
"CHATILA R, 2022, POUR UNE ETHIQUE DU NUMERIQUE, P27","SCHNAPPER D., 2012, COMPREHENSION SOCIOL",2
"CHATILA R, 2022, POUR UNE ETHIQUE DU NUMERIQUE, P27","THOMSON JUDITH J, 1976, MONIST, V59, P204",2
"CHATILA R, 2022, POUR UNE ETHIQUE DU NUMERIQUE, P27","VINCENT ANDRE, 1963, ARCHIVES DE PHILOSOPHIE DU DROIT, V8, P237",2
"CHATILA R, 2022, POUR UNE ETHIQUE DU NUMERIQUE, P27","[ANONYMOUS], 2013, SCI TECHNIQUES SOC",2
"CHATILA R, 2022, POUR UNE ETHIQUE DU NUMERIQUE, P27","[ANONYMOUS], 2013, SMART CITIES: THEORIE ET CRITIQUE D'UN IDEAL AUTOREALISATEUR",2
"CHAUVIER S., 2016, LENCYCLOPEDIE PHILOS","CRAWFORD K., 2021, ATLAS IA",2
"CHAUVIER S., 2016, LENCYCLOPEDIE PHILOS","DANIELS NORMAN., 1996, JUSTICE AND JUSTIFICATION: REFLECTIVE EQUILIBRIUM IN THEORY AND PRACTICE",2
"CHAUVIER S., 2016, LENCYCLOPEDIE PHILOS","DANIELS NORMAN., 2003, STANFORD ENCY PHILOS, VFALL 2010",2
"CHAUVIER S., 2016, LENCYCLOPEDIE PHILOS","DIAKOPOULOS NICHOLAS., 2016, MIT TECHNOLOGY REVIEW",2
"CHAUVIER S., 2016, LENCYCLOPEDIE PHILOS",DOI:10.1007/978-3-030-81907-1,2
"CHAUVIER S., 2016, LENCYCLOPEDIE PHILOS",DOI:10.1007/978-3-540-30301-5_65,2
"CHAUVIER S., 2016, LENCYCLOPEDIE PHILOS",DOI:10.1007/s00146-018-0824-x,2
"CHAUVIER S., 2016, LENCYCLOPEDIE PHILOS",DOI:10.1007/s00146-021-01322-w,2
"CHAUVIER S., 2016, LENCYCLOPEDIE PHILOS",DOI:10.1007/s10676-006-0004-4,2
"CHAUVIER S., 2016, LENCYCLOPEDIE PHILOS",DOI:10.1007/s10676-011-9279-1,2
"CHAUVIER S., 2016, LENCYCLOPEDIE PHILOS",DOI:10.1007/s10677-016-9745-2,2
"CHAUVIER S., 2016, LENCYCLOPEDIE PHILOS",DOI:10.1007/s11948-019-00096-1,2
"CHAUVIER S., 2016, LENCYCLOPEDIE PHILOS",DOI:10.1007/s12130-010-9113-9],2
"CHAUVIER S., 2016, LENCYCLOPEDIE PHILOS",DOI:10.1007/s13347-020-00432-5],2
"CHAUVIER S., 2016, LENCYCLOPEDIE PHILOS",DOI:10.1007/s13347-021-00449-4],2
"CHAUVIER S., 2016, LENCYCLOPEDIE PHILOS",DOI:10.1007/s13347-021-00468-1],2
"CHAUVIER S., 2016, LENCYCLOPEDIE PHILOS",DOI:10.1016/j.inffus.2019.12.012,2
"CHAUVIER S., 2016, LENCYCLOPEDIE PHILOS",DOI:10.1016/j.inffus.2021.05.009,2
"CHAUVIER S., 2016, LENCYCLOPEDIE PHILOS",DOI:10.1073/pnas.1900654116,2
"CHAUVIER S., 2016, LENCYCLOPEDIE PHILOS",DOI:10.1086/291922,2
"CHAUVIER S., 2016, LENCYCLOPEDIE PHILOS",DOI:10.1093/0199252866.003.0002],2
"CHAUVIER S., 2016, LENCYCLOPEDIE PHILOS",DOI:10.1093/acprof:oso/9780190498511.001.0001,2
"CHAUVIER S., 2016, LENCYCLOPEDIE PHILOS",DOI:10.1126/science.aan8871,2
"CHAUVIER S., 2016, LENCYCLOPEDIE PHILOS",DOI:10.1126/scirobotics.aay7120,2
"CHAUVIER S., 2016, LENCYCLOPEDIE PHILOS",DOI:10.1145/3144592.3144598,2
"CHAUVIER S., 2016, LENCYCLOPEDIE PHILOS",DOI:10.1145/3287560.3287598,2
"CHAUVIER S., 2016, LENCYCLOPEDIE PHILOS",DOI:10.1609/aimag.v38i3.2741,2
"CHAUVIER S., 2016, LENCYCLOPEDIE PHILOS",DOI:10.17351/ests2020.277,2
"CHAUVIER S., 2016, LENCYCLOPEDIE PHILOS",DOI:10.3390/bdcc3010005,2
"CHAUVIER S., 2016, LENCYCLOPEDIE PHILOS",DOI:10.3406/reso.2000.2235,2
"CHAUVIER S., 2016, LENCYCLOPEDIE PHILOS",DOI:10.3917/comm.164.0911],2
"CHAUVIER S., 2016, LENCYCLOPEDIE PHILOS",DOI:10.3917/commu.088.0149],2
"CHAUVIER S., 2016, LENCYCLOPEDIE PHILOS",DOI:10.3917/ls.135.0087,2
"CHAUVIER S., 2016, LENCYCLOPEDIE PHILOS",DOI:10.3917/rai.019.0193,2
"CHAUVIER S., 2016, LENCYCLOPEDIE PHILOS",DOI:10.3917/res.212.0207,2
"CHAUVIER S., 2016, LENCYCLOPEDIE PHILOS",DOI:10.3917/zil.005.0208],2
"CHAUVIER S., 2016, LENCYCLOPEDIE PHILOS",DOI:10.4000/ethiquepublique.995],2
"CHAUVIER S., 2016, LENCYCLOPEDIE PHILOS",DOI:10.4000/quaderni.2216,2
"CHAUVIER S., 2016, LENCYCLOPEDIE PHILOS",DOI:10.4000/quaderni.2234],2
"CHAUVIER S., 2016, LENCYCLOPEDIE PHILOS",DOI:10.4000/sdt.14802],2
"CHAUVIER S., 2016, LENCYCLOPEDIE PHILOS",DOI:10.48550/arxiv.1810.00184],2
"CHAUVIER S., 2016, LENCYCLOPEDIE PHILOS","DUMOUCHEL P., 2016, ROBOT. IL GRANDE ATLANTE VISIVO SUL ROBOT, DALL'ANTICA GRECIA ALLE INTELLIGENZE ARTIFICIALI, 24 ORE CULTURA",2
"CHAUVIER S., 2016, LENCYCLOPEDIE PHILOS","ERASMUS ADRIAN, 2021, PHILOS TECHNOL, V34, P833, DOI [10.1007/S13347-020-00435-2, 10.1007/S13347-020-00435-2]",2
"CHAUVIER S., 2016, LENCYCLOPEDIE PHILOS","FOUCAULT MICHEL., 1969, ARCHAEOLOGY KNOWLEDG",2
"CHAUVIER S., 2016, LENCYCLOPEDIE PHILOS","FRANCK G., 2014, L'ECONOMIE DE L'ATTENTION, P55",2
"CHAUVIER S., 2016, LENCYCLOPEDIE PHILOS","FROIDEVAUX C, 2022, POUR UNE ETHIQUE DU NUMERIQUE, P41",2
"CHAUVIER S., 2016, LENCYCLOPEDIE PHILOS","FUCHS C, 2014, DIGITAL LABOUR AND KARL MARX, P1",2
"CHAUVIER S., 2016, LENCYCLOPEDIE PHILOS","GIBERT M., 2021, FAIRE MORALE ROBOTS",2
"CHAUVIER S., 2016, LENCYCLOPEDIE PHILOS","GUNKEL DJ, 2018, ROBOT RIGHTS",2
"CHAUVIER S., 2016, LENCYCLOPEDIE PHILOS","HAIYI ZHU, 2018, PROCEEDINGS OF THE ACM ON HUMAN-COMPUTER INTERACTION, V2, DOI [10.1145/3274463, 10.1145/3274463]",2
"CHAUVIER S., 2016, LENCYCLOPEDIE PHILOS","HOWARD P.N., 2015, PAX TECHNICA: HOW THE INTERNET OF THINGS MAY SET US FREE OR LOCK US UP",2
"CHAUVIER S., 2016, LENCYCLOPEDIE PHILOS","HURSTHOUSE ROSALIND., 1999, ON VIRTUE ETHICS",2
"CHAUVIER S., 2016, LENCYCLOPEDIE PHILOS","KANT E., 1989, CRITIQUE RAISON PRAT",2
"CHAUVIER S., 2016, LENCYCLOPEDIE PHILOS","KERVEGAN J.-F., 2012, ARCH PHILOS, P199",2
"CHAUVIER S., 2016, LENCYCLOPEDIE PHILOS","LEROI-GOURHAN A., 1995, GESTE PAROLE, VI",2
"CHAUVIER S., 2016, LENCYCLOPEDIE PHILOS","MCCONNELL TERRANCE., 2018, THE STANFORD ENCYCLOPEDIA OF PHILOSOPHY",2
"CHAUVIER S., 2016, LENCYCLOPEDIE PHILOS","MIT, 2016, MORAL MACHINES",2
"CHAUVIER S., 2016, LENCYCLOPEDIE PHILOS","NEVEJANS NATHALIE, 2017, TRAITE DE DROIT ET D'ETHIQUE DE LA ROBOTIQUE CIVILE, VLEH",2
"CHAUVIER S., 2016, LENCYCLOPEDIE PHILOS","OGIEN R., 2008, CONCEPTS ETHIQUE FAU",2
"CHAUVIER S., 2016, LENCYCLOPEDIE PHILOS","OGIEN RUWEN., 2007, LETHIQUE AUJOURDHUI. MAXIMALISTES ET MINIMALISTES",2
"CHAUVIER S., 2016, LENCYCLOPEDIE PHILOS","ONEIL C., 2018, ALGORITHMES BOMBE RE",2
"CHAUVIER S., 2016, LENCYCLOPEDIE PHILOS","ORSI FRANCESCO., 2015, VALUE THEORY",2
"CHAUVIER S., 2016, LENCYCLOPEDIE PHILOS","PEDERSEN ISABEL., 2020, EMBODIED COMPUTING: WEARABLES, IMPLANTABLES, EMBEDDABLES, INGESTIBLES",2
"CHAUVIER S., 2016, LENCYCLOPEDIE PHILOS","POPPER K., 1973, LOGIQUE DECOUVERTE S",2
"CHAUVIER S., 2016, LENCYCLOPEDIE PHILOS","RAWLS J., 1999, THEORIE DE LA JUSTICE",2
"CHAUVIER S., 2016, LENCYCLOPEDIE PHILOS","REBER B., 2014, TERMINAL TECHNOLOGIE, V119",2
"CHAUVIER S., 2016, LENCYCLOPEDIE PHILOS","SCHNAPPER D., 2012, COMPREHENSION SOCIOL",2
"CHAUVIER S., 2016, LENCYCLOPEDIE PHILOS","THOMSON JUDITH J, 1976, MONIST, V59, P204",2
"CHAUVIER S., 2016, LENCYCLOPEDIE PHILOS","VINCENT ANDRE, 1963, ARCHIVES DE PHILOSOPHIE DU DROIT, V8, P237",2
"CHAUVIER S., 2016, LENCYCLOPEDIE PHILOS","[ANONYMOUS], 2013, SCI TECHNIQUES SOC",2
"CHAUVIER S., 2016, LENCYCLOPEDIE PHILOS","[ANONYMOUS], 2013, SMART CITIES: THEORIE ET CRITIQUE D'UN IDEAL AUTOREALISATEUR",2
"CRAWFORD K., 2021, ATLAS IA","DANIELS NORMAN., 1996, JUSTICE AND JUSTIFICATION: REFLECTIVE EQUILIBRIUM IN THEORY AND PRACTICE",2
"CRAWFORD K., 2021, ATLAS IA","DANIELS NORMAN., 2003, STANFORD ENCY PHILOS, VFALL 2010",2
"CRAWFORD K., 2021, ATLAS IA","DIAKOPOULOS NICHOLAS., 2016, MIT TECHNOLOGY REVIEW",2
"CRAWFORD K., 2021, ATLAS IA",DOI:10.1007/978-3-030-81907-1,2
"CRAWFORD K., 2021, ATLAS IA",DOI:10.1007/978-3-540-30301-5_65,2
"CRAWFORD K., 2021, ATLAS IA",DOI:10.1007/s00146-018-0824-x,2
"CRAWFORD K., 2021, ATLAS IA",DOI:10.1007/s00146-021-01322-w,2
"CRAWFORD K., 2021, ATLAS IA",DOI:10.1007/s10676-006-0004-4,2
"CRAWFORD K., 2021, ATLAS IA",DOI:10.1007/s10676-011-9279-1,2
"CRAWFORD K., 2021, ATLAS IA",DOI:10.1007/s10677-016-9745-2,2
"CRAWFORD K., 2021, ATLAS IA",DOI:10.1007/s11948-019-00096-1,2
"CRAWFORD K., 2021, ATLAS IA",DOI:10.1007/s12130-010-9113-9],2
"CRAWFORD K., 2021, ATLAS IA",DOI:10.1007/s13347-020-00432-5],2
"CRAWFORD K., 2021, ATLAS IA",DOI:10.1007/s13347-021-00449-4],2
"CRAWFORD K., 2021, ATLAS IA",DOI:10.1007/s13347-021-00468-1],2
"CRAWFORD K., 2021, ATLAS IA",DOI:10.1016/j.inffus.2019.12.012,2
"CRAWFORD K., 2021, ATLAS IA",DOI:10.1016/j.inffus.2021.05.009,2
"CRAWFORD K., 2021, ATLAS IA",DOI:10.1073/pnas.1900654116,2
"CRAWFORD K., 2021, ATLAS IA",DOI:10.1086/291922,2
"CRAWFORD K., 2021, ATLAS IA",DOI:10.1093/0199252866.003.0002],2
"CRAWFORD K., 2021, ATLAS IA",DOI:10.1093/acprof:oso/9780190498511.001.0001,2
"CRAWFORD K., 2021, ATLAS IA",DOI:10.1126/science.aan8871,2
"CRAWFORD K., 2021, ATLAS IA",DOI:10.1126/scirobotics.aay7120,2
"CRAWFORD K., 2021, ATLAS IA",DOI:10.1145/3144592.3144598,2
"CRAWFORD K., 2021, ATLAS IA",DOI:10.1145/3287560.3287598,2
"CRAWFORD K., 2021, ATLAS IA",DOI:10.1609/aimag.v38i3.2741,2
"CRAWFORD K., 2021, ATLAS IA",DOI:10.17351/ests2020.277,2
"CRAWFORD K., 2021, ATLAS IA",DOI:10.3390/bdcc3010005,2
"CRAWFORD K., 2021, ATLAS IA",DOI:10.3406/reso.2000.2235,2
"CRAWFORD K., 2021, ATLAS IA",DOI:10.3917/comm.164.0911],2
"CRAWFORD K., 2021, ATLAS IA",DOI:10.3917/commu.088.0149],2
"CRAWFORD K., 2021, ATLAS IA",DOI:10.3917/ls.135.0087,2
"CRAWFORD K., 2021, ATLAS IA",DOI:10.3917/rai.019.0193,2
"CRAWFORD K., 2021, ATLAS IA",DOI:10.3917/res.212.0207,2
"CRAWFORD K., 2021, ATLAS IA",DOI:10.3917/zil.005.0208],2
"CRAWFORD K., 2021, ATLAS IA",DOI:10.4000/ethiquepublique.995],2
"CRAWFORD K., 2021, ATLAS IA",DOI:10.4000/quaderni.2216,2
"CRAWFORD K., 2021, ATLAS IA",DOI:10.4000/quaderni.2234],2
"CRAWFORD K., 2021, ATLAS IA",DOI:10.4000/sdt.14802],2
"CRAWFORD K., 2021, ATLAS IA",DOI:10.48550/arxiv.1810.00184],2
"CRAWFORD K., 2021, ATLAS IA","DUMOUCHEL P., 2016, ROBOT. IL GRANDE ATLANTE VISIVO SUL ROBOT, DALL'ANTICA GRECIA ALLE INTELLIGENZE ARTIFICIALI, 24 ORE CULTURA",2
"CRAWFORD K., 2021, ATLAS IA","ERASMUS ADRIAN, 2021, PHILOS TECHNOL, V34, P833, DOI [10.1007/S13347-020-00435-2, 10.1007/S13347-020-00435-2]",2
"CRAWFORD K., 2021, ATLAS IA","FOUCAULT MICHEL., 1969, ARCHAEOLOGY KNOWLEDG",2
"CRAWFORD K., 2021, ATLAS IA","FRANCK G., 2014, L'ECONOMIE DE L'ATTENTION, P55",2
"CRAWFORD K., 2021, ATLAS IA","FROIDEVAUX C, 2022, POUR UNE ETHIQUE DU NUMERIQUE, P41",2
"CRAWFORD K., 2021, ATLAS IA","FUCHS C, 2014, DIGITAL LABOUR AND KARL MARX, P1",2
"CRAWFORD K., 2021, ATLAS IA","GIBERT M., 2021, FAIRE MORALE ROBOTS",2
"CRAWFORD K., 2021, ATLAS IA","GUNKEL DJ, 2018, ROBOT RIGHTS",2
"CRAWFORD K., 2021, ATLAS IA","HAIYI ZHU, 2018, PROCEEDINGS OF THE ACM ON HUMAN-COMPUTER INTERACTION, V2, DOI [10.1145/3274463, 10.1145/3274463]",2
"CRAWFORD K., 2021, ATLAS IA","HOWARD P.N., 2015, PAX TECHNICA: HOW THE INTERNET OF THINGS MAY SET US FREE OR LOCK US UP",2
"CRAWFORD K., 2021, ATLAS IA","HURSTHOUSE ROSALIND., 1999, ON VIRTUE ETHICS",2
"CRAWFORD K., 2021, ATLAS IA","KANT E., 1989, CRITIQUE RAISON PRAT",2
"CRAWFORD K., 2021, ATLAS IA","KERVEGAN J.-F., 2012, ARCH PHILOS, P199",2
"CRAWFORD K., 2021, ATLAS IA","LEROI-GOURHAN A., 1995, GESTE PAROLE, VI",2
"CRAWFORD K., 2021, ATLAS IA","MCCONNELL TERRANCE., 2018, THE STANFORD ENCYCLOPEDIA OF PHILOSOPHY",2
"CRAWFORD K., 2021, ATLAS IA","MIT, 2016, MORAL MACHINES",2
"CRAWFORD K., 2021, ATLAS IA","NEVEJANS NATHALIE, 2017, TRAITE DE DROIT ET D'ETHIQUE DE LA ROBOTIQUE CIVILE, VLEH",2
"CRAWFORD K., 2021, ATLAS IA","OGIEN R., 2008, CONCEPTS ETHIQUE FAU",2
"CRAWFORD K., 2021, ATLAS IA","OGIEN RUWEN., 2007, LETHIQUE AUJOURDHUI. MAXIMALISTES ET MINIMALISTES",2
"CRAWFORD K., 2021, ATLAS IA","ONEIL C., 2018, ALGORITHMES BOMBE RE",2
"CRAWFORD K., 2021, ATLAS IA","ORSI FRANCESCO., 2015, VALUE THEORY",2
"CRAWFORD K., 2021, ATLAS IA","PEDERSEN ISABEL., 2020, EMBODIED COMPUTING: WEARABLES, IMPLANTABLES, EMBEDDABLES, INGESTIBLES",2
"CRAWFORD K., 2021, ATLAS IA","POPPER K., 1973, LOGIQUE DECOUVERTE S",2
"CRAWFORD K., 2021, ATLAS IA","RAWLS J., 1999, THEORIE DE LA JUSTICE",2
"CRAWFORD K., 2021, ATLAS IA","REBER B., 2014, TERMINAL TECHNOLOGIE, V119",2
"CRAWFORD K., 2021, ATLAS IA","SCHNAPPER D., 2012, COMPREHENSION SOCIOL",2
"CRAWFORD K., 2021, ATLAS IA","THOMSON JUDITH J, 1976, MONIST, V59, P204",2
"CRAWFORD K., 2021, ATLAS IA","VINCENT ANDRE, 1963, ARCHIVES DE PHILOSOPHIE DU DROIT, V8, P237",2
"CRAWFORD K., 2021, ATLAS IA","[ANONYMOUS], 2013, SCI TECHNIQUES SOC",2
"CRAWFORD K., 2021, ATLAS IA","[ANONYMOUS], 2013, SMART CITIES: THEORIE ET CRITIQUE D'UN IDEAL AUTOREALISATEUR",2
"DANIELS NORMAN., 1996, JUSTICE AND JUSTIFICATION: REFLECTIVE EQUILIBRIUM IN THEORY AND PRACTICE","DANIELS NORMAN., 2003, STANFORD ENCY PHILOS, VFALL 2010",2
"DANIELS NORMAN., 1996, JUSTICE AND JUSTIFICATION: REFLECTIVE EQUILIBRIUM IN THEORY AND PRACTICE","DIAKOPOULOS NICHOLAS., 2016, MIT TECHNOLOGY REVIEW",2
"DANIELS NORMAN., 1996, JUSTICE AND JUSTIFICATION: REFLECTIVE EQUILIBRIUM IN THEORY AND PRACTICE",DOI:10.1007/978-3-030-81907-1,2
"DANIELS NORMAN., 1996, JUSTICE AND JUSTIFICATION: REFLECTIVE EQUILIBRIUM IN THEORY AND PRACTICE",DOI:10.1007/978-3-540-30301-5_65,2
"DANIELS NORMAN., 1996, JUSTICE AND JUSTIFICATION: REFLECTIVE EQUILIBRIUM IN THEORY AND PRACTICE",DOI:10.1007/s00146-018-0824-x,2
"DANIELS NORMAN., 1996, JUSTICE AND JUSTIFICATION: REFLECTIVE EQUILIBRIUM IN THEORY AND PRACTICE",DOI:10.1007/s00146-021-01322-w,2
"DANIELS NORMAN., 1996, JUSTICE AND JUSTIFICATION: REFLECTIVE EQUILIBRIUM IN THEORY AND PRACTICE",DOI:10.1007/s10676-006-0004-4,2
"DANIELS NORMAN., 1996, JUSTICE AND JUSTIFICATION: REFLECTIVE EQUILIBRIUM IN THEORY AND PRACTICE",DOI:10.1007/s10676-011-9279-1,2
"DANIELS NORMAN., 1996, JUSTICE AND JUSTIFICATION: REFLECTIVE EQUILIBRIUM IN THEORY AND PRACTICE",DOI:10.1007/s10677-016-9745-2,2
"DANIELS NORMAN., 1996, JUSTICE AND JUSTIFICATION: REFLECTIVE EQUILIBRIUM IN THEORY AND PRACTICE",DOI:10.1007/s11948-019-00096-1,2
"DANIELS NORMAN., 1996, JUSTICE AND JUSTIFICATION: REFLECTIVE EQUILIBRIUM IN THEORY AND PRACTICE",DOI:10.1007/s12130-010-9113-9],2
"DANIELS NORMAN., 1996, JUSTICE AND JUSTIFICATION: REFLECTIVE EQUILIBRIUM IN THEORY AND PRACTICE",DOI:10.1007/s13347-020-00432-5],2
"DANIELS NORMAN., 1996, JUSTICE AND JUSTIFICATION: REFLECTIVE EQUILIBRIUM IN THEORY AND PRACTICE",DOI:10.1007/s13347-021-00449-4],2
"DANIELS NORMAN., 1996, JUSTICE AND JUSTIFICATION: REFLECTIVE EQUILIBRIUM IN THEORY AND PRACTICE",DOI:10.1007/s13347-021-00468-1],2
"DANIELS NORMAN., 1996, JUSTICE AND JUSTIFICATION: REFLECTIVE EQUILIBRIUM IN THEORY AND PRACTICE",DOI:10.1016/j.inffus.2019.12.012,2
"DANIELS NORMAN., 1996, JUSTICE AND JUSTIFICATION: REFLECTIVE EQUILIBRIUM IN THEORY AND PRACTICE",DOI:10.1016/j.inffus.2021.05.009,2
"DANIELS NORMAN., 1996, JUSTICE AND JUSTIFICATION: REFLECTIVE EQUILIBRIUM IN THEORY AND PRACTICE",DOI:10.1073/pnas.1900654116,2
"DANIELS NORMAN., 1996, JUSTICE AND JUSTIFICATION: REFLECTIVE EQUILIBRIUM IN THEORY AND PRACTICE",DOI:10.1086/291922,2
"DANIELS NORMAN., 1996, JUSTICE AND JUSTIFICATION: REFLECTIVE EQUILIBRIUM IN THEORY AND PRACTICE",DOI:10.1093/0199252866.003.0002],2
"DANIELS NORMAN., 1996, JUSTICE AND JUSTIFICATION: REFLECTIVE EQUILIBRIUM IN THEORY AND PRACTICE",DOI:10.1093/acprof:oso/9780190498511.001.0001,2
"DANIELS NORMAN., 1996, JUSTICE AND JUSTIFICATION: REFLECTIVE EQUILIBRIUM IN THEORY AND PRACTICE",DOI:10.1126/science.aan8871,2
"DANIELS NORMAN., 1996, JUSTICE AND JUSTIFICATION: REFLECTIVE EQUILIBRIUM IN THEORY AND PRACTICE",DOI:10.1126/scirobotics.aay7120,2
"DANIELS NORMAN., 1996, JUSTICE AND JUSTIFICATION: REFLECTIVE EQUILIBRIUM IN THEORY AND PRACTICE",DOI:10.1145/3144592.3144598,2
"DANIELS NORMAN., 1996, JUSTICE AND JUSTIFICATION: REFLECTIVE EQUILIBRIUM IN THEORY AND PRACTICE",DOI:10.1145/3287560.3287598,2
"DANIELS NORMAN., 1996, JUSTICE AND JUSTIFICATION: REFLECTIVE EQUILIBRIUM IN THEORY AND PRACTICE",DOI:10.1609/aimag.v38i3.2741,2
"DANIELS NORMAN., 1996, JUSTICE AND JUSTIFICATION: REFLECTIVE EQUILIBRIUM IN THEORY AND PRACTICE",DOI:10.17351/ests2020.277,2
"DANIELS NORMAN., 1996, JUSTICE AND JUSTIFICATION: REFLECTIVE EQUILIBRIUM IN THEORY AND PRACTICE",DOI:10.3390/bdcc3010005,2
"DANIELS NORMAN., 1996, JUSTICE AND JUSTIFICATION: REFLECTIVE EQUILIBRIUM IN THEORY AND PRACTICE",DOI:10.3406/reso.2000.2235,2
"DANIELS NORMAN., 1996, JUSTICE AND JUSTIFICATION: REFLECTIVE EQUILIBRIUM IN THEORY AND PRACTICE",DOI:10.3917/comm.164.0911],2
"DANIELS NORMAN., 1996, JUSTICE AND JUSTIFICATION: REFLECTIVE EQUILIBRIUM IN THEORY AND PRACTICE",DOI:10.3917/commu.088.0149],2
"DANIELS NORMAN., 1996, JUSTICE AND JUSTIFICATION: REFLECTIVE EQUILIBRIUM IN THEORY AND PRACTICE",DOI:10.3917/ls.135.0087,2
"DANIELS NORMAN., 1996, JUSTICE AND JUSTIFICATION: REFLECTIVE EQUILIBRIUM IN THEORY AND PRACTICE",DOI:10.3917/rai.019.0193,2
"DANIELS NORMAN., 1996, JUSTICE AND JUSTIFICATION: REFLECTIVE EQUILIBRIUM IN THEORY AND PRACTICE",DOI:10.3917/res.212.0207,2
"DANIELS NORMAN., 1996, JUSTICE AND JUSTIFICATION: REFLECTIVE EQUILIBRIUM IN THEORY AND PRACTICE",DOI:10.3917/zil.005.0208],2
"DANIELS NORMAN., 1996, JUSTICE AND JUSTIFICATION: REFLECTIVE EQUILIBRIUM IN THEORY AND PRACTICE",DOI:10.4000/ethiquepublique.995],2
"DANIELS NORMAN., 1996, JUSTICE AND JUSTIFICATION: REFLECTIVE EQUILIBRIUM IN THEORY AND PRACTICE",DOI:10.4000/quaderni.2216,2
"DANIELS NORMAN., 1996, JUSTICE AND JUSTIFICATION: REFLECTIVE EQUILIBRIUM IN THEORY AND PRACTICE",DOI:10.4000/quaderni.2234],2
"DANIELS NORMAN., 1996, JUSTICE AND JUSTIFICATION: REFLECTIVE EQUILIBRIUM IN THEORY AND PRACTICE",DOI:10.4000/sdt.14802],2
"DANIELS NORMAN., 1996, JUSTICE AND JUSTIFICATION: REFLECTIVE EQUILIBRIUM IN THEORY AND PRACTICE",DOI:10.48550/arxiv.1810.00184],2
"DANIELS NORMAN., 1996, JUSTICE AND JUSTIFICATION: REFLECTIVE EQUILIBRIUM IN THEORY AND PRACTICE","DUMOUCHEL P., 2016, ROBOT. IL GRANDE ATLANTE VISIVO SUL ROBOT, DALL'ANTICA GRECIA ALLE INTELLIGENZE ARTIFICIALI, 24 ORE CULTURA",2
"DANIELS NORMAN., 1996, JUSTICE AND JUSTIFICATION: REFLECTIVE EQUILIBRIUM IN THEORY AND PRACTICE","ERASMUS ADRIAN, 2021, PHILOS TECHNOL, V34, P833, DOI [10.1007/S13347-020-00435-2, 10.1007/S13347-020-00435-2]",2
"DANIELS NORMAN., 1996, JUSTICE AND JUSTIFICATION: REFLECTIVE EQUILIBRIUM IN THEORY AND PRACTICE","FOUCAULT MICHEL., 1969, ARCHAEOLOGY KNOWLEDG",2
"DANIELS NORMAN., 1996, JUSTICE AND JUSTIFICATION: REFLECTIVE EQUILIBRIUM IN THEORY AND PRACTICE","FRANCK G., 2014, L'ECONOMIE DE L'ATTENTION, P55",2
"DANIELS NORMAN., 1996, JUSTICE AND JUSTIFICATION: REFLECTIVE EQUILIBRIUM IN THEORY AND PRACTICE","FROIDEVAUX C, 2022, POUR UNE ETHIQUE DU NUMERIQUE, P41",2
"DANIELS NORMAN., 1996, JUSTICE AND JUSTIFICATION: REFLECTIVE EQUILIBRIUM IN THEORY AND PRACTICE","FUCHS C, 2014, DIGITAL LABOUR AND KARL MARX, P1",2
"DANIELS NORMAN., 1996, JUSTICE AND JUSTIFICATION: REFLECTIVE EQUILIBRIUM IN THEORY AND PRACTICE","GIBERT M., 2021, FAIRE MORALE ROBOTS",2
"DANIELS NORMAN., 1996, JUSTICE AND JUSTIFICATION: REFLECTIVE EQUILIBRIUM IN THEORY AND PRACTICE","GUNKEL DJ, 2018, ROBOT RIGHTS",2
"DANIELS NORMAN., 1996, JUSTICE AND JUSTIFICATION: REFLECTIVE EQUILIBRIUM IN THEORY AND PRACTICE","HAIYI ZHU, 2018, PROCEEDINGS OF THE ACM ON HUMAN-COMPUTER INTERACTION, V2, DOI [10.1145/3274463, 10.1145/3274463]",2
"DANIELS NORMAN., 1996, JUSTICE AND JUSTIFICATION: REFLECTIVE EQUILIBRIUM IN THEORY AND PRACTICE","HOWARD P.N., 2015, PAX TECHNICA: HOW THE INTERNET OF THINGS MAY SET US FREE OR LOCK US UP",2
"DANIELS NORMAN., 1996, JUSTICE AND JUSTIFICATION: REFLECTIVE EQUILIBRIUM IN THEORY AND PRACTICE","HURSTHOUSE ROSALIND., 1999, ON VIRTUE ETHICS",2
"DANIELS NORMAN., 1996, JUSTICE AND JUSTIFICATION: REFLECTIVE EQUILIBRIUM IN THEORY AND PRACTICE","KANT E., 1989, CRITIQUE RAISON PRAT",2
"DANIELS NORMAN., 1996, JUSTICE AND JUSTIFICATION: REFLECTIVE EQUILIBRIUM IN THEORY AND PRACTICE","KERVEGAN J.-F., 2012, ARCH PHILOS, P199",2
"DANIELS NORMAN., 1996, JUSTICE AND JUSTIFICATION: REFLECTIVE EQUILIBRIUM IN THEORY AND PRACTICE","LEROI-GOURHAN A., 1995, GESTE PAROLE, VI",2
"DANIELS NORMAN., 1996, JUSTICE AND JUSTIFICATION: REFLECTIVE EQUILIBRIUM IN THEORY AND PRACTICE","MCCONNELL TERRANCE., 2018, THE STANFORD ENCYCLOPEDIA OF PHILOSOPHY",2
"DANIELS NORMAN., 1996, JUSTICE AND JUSTIFICATION: REFLECTIVE EQUILIBRIUM IN THEORY AND PRACTICE","MIT, 2016, MORAL MACHINES",2
"DANIELS NORMAN., 1996, JUSTICE AND JUSTIFICATION: REFLECTIVE EQUILIBRIUM IN THEORY AND PRACTICE","NEVEJANS NATHALIE, 2017, TRAITE DE DROIT ET D'ETHIQUE DE LA ROBOTIQUE CIVILE, VLEH",2
"DANIELS NORMAN., 1996, JUSTICE AND JUSTIFICATION: REFLECTIVE EQUILIBRIUM IN THEORY AND PRACTICE","OGIEN R., 2008, CONCEPTS ETHIQUE FAU",2
"DANIELS NORMAN., 1996, JUSTICE AND JUSTIFICATION: REFLECTIVE EQUILIBRIUM IN THEORY AND PRACTICE","OGIEN RUWEN., 2007, LETHIQUE AUJOURDHUI. MAXIMALISTES ET MINIMALISTES",2
"DANIELS NORMAN., 1996, JUSTICE AND JUSTIFICATION: REFLECTIVE EQUILIBRIUM IN THEORY AND PRACTICE","ONEIL C., 2018, ALGORITHMES BOMBE RE",2
"DANIELS NORMAN., 1996, JUSTICE AND JUSTIFICATION: REFLECTIVE EQUILIBRIUM IN THEORY AND PRACTICE","ORSI FRANCESCO., 2015, VALUE THEORY",2
"DANIELS NORMAN., 1996, JUSTICE AND JUSTIFICATION: REFLECTIVE EQUILIBRIUM IN THEORY AND PRACTICE","PEDERSEN ISABEL., 2020, EMBODIED COMPUTING: WEARABLES, IMPLANTABLES, EMBEDDABLES, INGESTIBLES",2
"DANIELS NORMAN., 1996, JUSTICE AND JUSTIFICATION: REFLECTIVE EQUILIBRIUM IN THEORY AND PRACTICE","POPPER K., 1973, LOGIQUE DECOUVERTE S",2
"DANIELS NORMAN., 1996, JUSTICE AND JUSTIFICATION: REFLECTIVE EQUILIBRIUM IN THEORY AND PRACTICE","RAWLS J., 1999, THEORIE DE LA JUSTICE",2
"DANIELS NORMAN., 1996, JUSTICE AND JUSTIFICATION: REFLECTIVE EQUILIBRIUM IN THEORY AND PRACTICE","REBER B., 2014, TERMINAL TECHNOLOGIE, V119",2
"DANIELS NORMAN., 1996, JUSTICE AND JUSTIFICATION: REFLECTIVE EQUILIBRIUM IN THEORY AND PRACTICE","SCHNAPPER D., 2012, COMPREHENSION SOCIOL",2
"DANIELS NORMAN., 1996, JUSTICE AND JUSTIFICATION: REFLECTIVE EQUILIBRIUM IN THEORY AND PRACTICE","THOMSON JUDITH J, 1976, MONIST, V59, P204",2
"DANIELS NORMAN., 1996, JUSTICE AND JUSTIFICATION: REFLECTIVE EQUILIBRIUM IN THEORY AND PRACTICE","VINCENT ANDRE, 1963, ARCHIVES DE PHILOSOPHIE DU DROIT, V8, P237",2
"DANIELS NORMAN., 1996, JUSTICE AND JUSTIFICATION: REFLECTIVE EQUILIBRIUM IN THEORY AND PRACTICE","[ANONYMOUS], 2013, SCI TECHNIQUES SOC",2
"DANIELS NORMAN., 1996, JUSTICE AND JUSTIFICATION: REFLECTIVE EQUILIBRIUM IN THEORY AND PRACTICE","[ANONYMOUS], 2013, SMART CITIES: THEORIE ET CRITIQUE D'UN IDEAL AUTOREALISATEUR",2
"DANIELS NORMAN., 2003, STANFORD ENCY PHILOS, VFALL 2010","DIAKOPOULOS NICHOLAS., 2016, MIT TECHNOLOGY REVIEW",2
"DANIELS NORMAN., 2003, STANFORD ENCY PHILOS, VFALL 2010",DOI:10.1007/978-3-030-81907-1,2
"DANIELS NORMAN., 2003, STANFORD ENCY PHILOS, VFALL 2010",DOI:10.1007/978-3-540-30301-5_65,2
"DANIELS NORMAN., 2003, STANFORD ENCY PHILOS, VFALL 2010",DOI:10.1007/s00146-018-0824-x,2
"DANIELS NORMAN., 2003, STANFORD ENCY PHILOS, VFALL 2010",DOI:10.1007/s00146-021-01322-w,2
"DANIELS NORMAN., 2003, STANFORD ENCY PHILOS, VFALL 2010",DOI:10.1007/s10676-006-0004-4,2
"DANIELS NORMAN., 2003, STANFORD ENCY PHILOS, VFALL 2010",DOI:10.1007/s10676-011-9279-1,2
"DANIELS NORMAN., 2003, STANFORD ENCY PHILOS, VFALL 2010",DOI:10.1007/s10677-016-9745-2,2
"DANIELS NORMAN., 2003, STANFORD ENCY PHILOS, VFALL 2010",DOI:10.1007/s11948-019-00096-1,2
"DANIELS NORMAN., 2003, STANFORD ENCY PHILOS, VFALL 2010",DOI:10.1007/s12130-010-9113-9],2
"DANIELS NORMAN., 2003, STANFORD ENCY PHILOS, VFALL 2010",DOI:10.1007/s13347-020-00432-5],2
"DANIELS NORMAN., 2003, STANFORD ENCY PHILOS, VFALL 2010",DOI:10.1007/s13347-021-00449-4],2
"DANIELS NORMAN., 2003, STANFORD ENCY PHILOS, VFALL 2010",DOI:10.1007/s13347-021-00468-1],2
"DANIELS NORMAN., 2003, STANFORD ENCY PHILOS, VFALL 2010",DOI:10.1016/j.inffus.2019.12.012,2
"DANIELS NORMAN., 2003, STANFORD ENCY PHILOS, VFALL 2010",DOI:10.1016/j.inffus.2021.05.009,2
"DANIELS NORMAN., 2003, STANFORD ENCY PHILOS, VFALL 2010",DOI:10.1073/pnas.1900654116,2
"DANIELS NORMAN., 2003, STANFORD ENCY PHILOS, VFALL 2010",DOI:10.1086/291922,2
"DANIELS NORMAN., 2003, STANFORD ENCY PHILOS, VFALL 2010",DOI:10.1093/0199252866.003.0002],2
"DANIELS NORMAN., 2003, STANFORD ENCY PHILOS, VFALL 2010",DOI:10.1093/acprof:oso/9780190498511.001.0001,2
"DANIELS NORMAN., 2003, STANFORD ENCY PHILOS, VFALL 2010",DOI:10.1126/science.aan8871,2
"DANIELS NORMAN., 2003, STANFORD ENCY PHILOS, VFALL 2010",DOI:10.1126/scirobotics.aay7120,2
"DANIELS NORMAN., 2003, STANFORD ENCY PHILOS, VFALL 2010",DOI:10.1145/3144592.3144598,2
"DANIELS NORMAN., 2003, STANFORD ENCY PHILOS, VFALL 2010",DOI:10.1145/3287560.3287598,2
"DANIELS NORMAN., 2003, STANFORD ENCY PHILOS, VFALL 2010",DOI:10.1609/aimag.v38i3.2741,2
"DANIELS NORMAN., 2003, STANFORD ENCY PHILOS, VFALL 2010",DOI:10.17351/ests2020.277,2
"DANIELS NORMAN., 2003, STANFORD ENCY PHILOS, VFALL 2010",DOI:10.3390/bdcc3010005,2
"DANIELS NORMAN., 2003, STANFORD ENCY PHILOS, VFALL 2010",DOI:10.3406/reso.2000.2235,2
"DANIELS NORMAN., 2003, STANFORD ENCY PHILOS, VFALL 2010",DOI:10.3917/comm.164.0911],2
"DANIELS NORMAN., 2003, STANFORD ENCY PHILOS, VFALL 2010",DOI:10.3917/commu.088.0149],2
"DANIELS NORMAN., 2003, STANFORD ENCY PHILOS, VFALL 2010",DOI:10.3917/ls.135.0087,2
"DANIELS NORMAN., 2003, STANFORD ENCY PHILOS, VFALL 2010",DOI:10.3917/rai.019.0193,2
"DANIELS NORMAN., 2003, STANFORD ENCY PHILOS, VFALL 2010",DOI:10.3917/res.212.0207,2
"DANIELS NORMAN., 2003, STANFORD ENCY PHILOS, VFALL 2010",DOI:10.3917/zil.005.0208],2
"DANIELS NORMAN., 2003, STANFORD ENCY PHILOS, VFALL 2010",DOI:10.4000/ethiquepublique.995],2
"DANIELS NORMAN., 2003, STANFORD ENCY PHILOS, VFALL 2010",DOI:10.4000/quaderni.2216,2
"DANIELS NORMAN., 2003, STANFORD ENCY PHILOS, VFALL 2010",DOI:10.4000/quaderni.2234],2
"DANIELS NORMAN., 2003, STANFORD ENCY PHILOS, VFALL 2010",DOI:10.4000/sdt.14802],2
"DANIELS NORMAN., 2003, STANFORD ENCY PHILOS, VFALL 2010",DOI:10.48550/arxiv.1810.00184],2
"DANIELS NORMAN., 2003, STANFORD ENCY PHILOS, VFALL 2010","DUMOUCHEL P., 2016, ROBOT. IL GRANDE ATLANTE VISIVO SUL ROBOT, DALL'ANTICA GRECIA ALLE INTELLIGENZE ARTIFICIALI, 24 ORE CULTURA",2
"DANIELS NORMAN., 2003, STANFORD ENCY PHILOS, VFALL 2010","ERASMUS ADRIAN, 2021, PHILOS TECHNOL, V34, P833, DOI [10.1007/S13347-020-00435-2, 10.1007/S13347-020-00435-2]",2
"DANIELS NORMAN., 2003, STANFORD ENCY PHILOS, VFALL 2010","FOUCAULT MICHEL., 1969, ARCHAEOLOGY KNOWLEDG",2
"DANIELS NORMAN., 2003, STANFORD ENCY PHILOS, VFALL 2010","FRANCK G., 2014, L'ECONOMIE DE L'ATTENTION, P55",2
"DANIELS NORMAN., 2003, STANFORD ENCY PHILOS, VFALL 2010","FROIDEVAUX C, 2022, POUR UNE ETHIQUE DU NUMERIQUE, P41",2
"DANIELS NORMAN., 2003, STANFORD ENCY PHILOS, VFALL 2010","FUCHS C, 2014, DIGITAL LABOUR AND KARL MARX, P1",2
"DANIELS NORMAN., 2003, STANFORD ENCY PHILOS, VFALL 2010","GIBERT M., 2021, FAIRE MORALE ROBOTS",2
"DANIELS NORMAN., 2003, STANFORD ENCY PHILOS, VFALL 2010","GUNKEL DJ, 2018, ROBOT RIGHTS",2
"DANIELS NORMAN., 2003, STANFORD ENCY PHILOS, VFALL 2010","HAIYI ZHU, 2018, PROCEEDINGS OF THE ACM ON HUMAN-COMPUTER INTERACTION, V2, DOI [10.1145/3274463, 10.1145/3274463]",2
"DANIELS NORMAN., 2003, STANFORD ENCY PHILOS, VFALL 2010","HOWARD P.N., 2015, PAX TECHNICA: HOW THE INTERNET OF THINGS MAY SET US FREE OR LOCK US UP",2
"DANIELS NORMAN., 2003, STANFORD ENCY PHILOS, VFALL 2010","HURSTHOUSE ROSALIND., 1999, ON VIRTUE ETHICS",2
"DANIELS NORMAN., 2003, STANFORD ENCY PHILOS, VFALL 2010","KANT E., 1989, CRITIQUE RAISON PRAT",2
"DANIELS NORMAN., 2003, STANFORD ENCY PHILOS, VFALL 2010","KERVEGAN J.-F., 2012, ARCH PHILOS, P199",2
"DANIELS NORMAN., 2003, STANFORD ENCY PHILOS, VFALL 2010","LEROI-GOURHAN A., 1995, GESTE PAROLE, VI",2
"DANIELS NORMAN., 2003, STANFORD ENCY PHILOS, VFALL 2010","MCCONNELL TERRANCE., 2018, THE STANFORD ENCYCLOPEDIA OF PHILOSOPHY",2
"DANIELS NORMAN., 2003, STANFORD ENCY PHILOS, VFALL 2010","MIT, 2016, MORAL MACHINES",2
"DANIELS NORMAN., 2003, STANFORD ENCY PHILOS, VFALL 2010","NEVEJANS NATHALIE, 2017, TRAITE DE DROIT ET D'ETHIQUE DE LA ROBOTIQUE CIVILE, VLEH",2
"DANIELS NORMAN., 2003, STANFORD ENCY PHILOS, VFALL 2010","OGIEN R., 2008, CONCEPTS ETHIQUE FAU",2
"DANIELS NORMAN., 2003, STANFORD ENCY PHILOS, VFALL 2010","OGIEN RUWEN., 2007, LETHIQUE AUJOURDHUI. MAXIMALISTES ET MINIMALISTES",2
"DANIELS NORMAN., 2003, STANFORD ENCY PHILOS, VFALL 2010","ONEIL C., 2018, ALGORITHMES BOMBE RE",2
"DANIELS NORMAN., 2003, STANFORD ENCY PHILOS, VFALL 2010","ORSI FRANCESCO., 2015, VALUE THEORY",2
"DANIELS NORMAN., 2003, STANFORD ENCY PHILOS, VFALL 2010","PEDERSEN ISABEL., 2020, EMBODIED COMPUTING: WEARABLES, IMPLANTABLES, EMBEDDABLES, INGESTIBLES",2
"DANIELS NORMAN., 2003, STANFORD ENCY PHILOS, VFALL 2010","POPPER K., 1973, LOGIQUE DECOUVERTE S",2
"DANIELS NORMAN., 2003, STANFORD ENCY PHILOS, VFALL 2010","RAWLS J., 1999, THEORIE DE LA JUSTICE",2
"DANIELS NORMAN., 2003, STANFORD ENCY PHILOS, VFALL 2010","REBER B., 2014, TERMINAL TECHNOLOGIE, V119",2
"DANIELS NORMAN., 2003, STANFORD ENCY PHILOS, VFALL 2010","SCHNAPPER D., 2012, COMPREHENSION SOCIOL",2
"DANIELS NORMAN., 2003, STANFORD ENCY PHILOS, VFALL 2010","THOMSON JUDITH J, 1976, MONIST, V59, P204",2
"DANIELS NORMAN., 2003, STANFORD ENCY PHILOS, VFALL 2010","VINCENT ANDRE, 1963, ARCHIVES DE PHILOSOPHIE DU DROIT, V8, P237",2
"DANIELS NORMAN., 2003, STANFORD ENCY PHILOS, VFALL 2010","[ANONYMOUS], 2013, SCI TECHNIQUES SOC",2
"DANIELS NORMAN., 2003, STANFORD ENCY PHILOS, VFALL 2010","[ANONYMOUS], 2013, SMART CITIES: THEORIE ET CRITIQUE D'UN IDEAL AUTOREALISATEUR",2
"DIAKOPOULOS NICHOLAS., 2016, MIT TECHNOLOGY REVIEW",DOI:10.1007/978-3-030-81907-1,2
"DIAKOPOULOS NICHOLAS., 2016, MIT TECHNOLOGY REVIEW",DOI:10.1007/978-3-540-30301-5_65,2
"DIAKOPOULOS NICHOLAS., 2016, MIT TECHNOLOGY REVIEW",DOI:10.1007/s00146-018-0824-x,2
"DIAKOPOULOS NICHOLAS., 2016, MIT TECHNOLOGY REVIEW",DOI:10.1007/s00146-021-01322-w,2
"DIAKOPOULOS NICHOLAS., 2016, MIT TECHNOLOGY REVIEW",DOI:10.1007/s10676-006-0004-4,2
"DIAKOPOULOS NICHOLAS., 2016, MIT TECHNOLOGY REVIEW",DOI:10.1007/s10676-011-9279-1,2
"DIAKOPOULOS NICHOLAS., 2016, MIT TECHNOLOGY REVIEW",DOI:10.1007/s10677-016-9745-2,2
"DIAKOPOULOS NICHOLAS., 2016, MIT TECHNOLOGY REVIEW",DOI:10.1007/s11948-019-00096-1,2
"DIAKOPOULOS NICHOLAS., 2016, MIT TECHNOLOGY REVIEW",DOI:10.1007/s12130-010-9113-9],2
"DIAKOPOULOS NICHOLAS., 2016, MIT TECHNOLOGY REVIEW",DOI:10.1007/s13347-020-00432-5],2
"DIAKOPOULOS NICHOLAS., 2016, MIT TECHNOLOGY REVIEW",DOI:10.1007/s13347-021-00449-4],2
"DIAKOPOULOS NICHOLAS., 2016, MIT TECHNOLOGY REVIEW",DOI:10.1007/s13347-021-00468-1],2
"DIAKOPOULOS NICHOLAS., 2016, MIT TECHNOLOGY REVIEW",DOI:10.1016/j.inffus.2019.12.012,2
"DIAKOPOULOS NICHOLAS., 2016, MIT TECHNOLOGY REVIEW",DOI:10.1016/j.inffus.2021.05.009,2
"DIAKOPOULOS NICHOLAS., 2016, MIT TECHNOLOGY REVIEW",DOI:10.1073/pnas.1900654116,2
"DIAKOPOULOS NICHOLAS., 2016, MIT TECHNOLOGY REVIEW",DOI:10.1086/291922,2
"DIAKOPOULOS NICHOLAS., 2016, MIT TECHNOLOGY REVIEW",DOI:10.1093/0199252866.003.0002],2
"DIAKOPOULOS NICHOLAS., 2016, MIT TECHNOLOGY REVIEW",DOI:10.1093/acprof:oso/9780190498511.001.0001,2
"DIAKOPOULOS NICHOLAS., 2016, MIT TECHNOLOGY REVIEW",DOI:10.1126/science.aan8871,2
"DIAKOPOULOS NICHOLAS., 2016, MIT TECHNOLOGY REVIEW",DOI:10.1126/scirobotics.aay7120,2
"DIAKOPOULOS NICHOLAS., 2016, MIT TECHNOLOGY REVIEW",DOI:10.1145/3144592.3144598,2
"DIAKOPOULOS NICHOLAS., 2016, MIT TECHNOLOGY REVIEW",DOI:10.1145/3287560.3287598,2
"DIAKOPOULOS NICHOLAS., 2016, MIT TECHNOLOGY REVIEW",DOI:10.1609/aimag.v38i3.2741,2
"DIAKOPOULOS NICHOLAS., 2016, MIT TECHNOLOGY REVIEW",DOI:10.17351/ests2020.277,2
"DIAKOPOULOS NICHOLAS., 2016, MIT TECHNOLOGY REVIEW",DOI:10.3390/bdcc3010005,2
"DIAKOPOULOS NICHOLAS., 2016, MIT TECHNOLOGY REVIEW",DOI:10.3406/reso.2000.2235,2
"DIAKOPOULOS NICHOLAS., 2016, MIT TECHNOLOGY REVIEW",DOI:10.3917/comm.164.0911],2
"DIAKOPOULOS NICHOLAS., 2016, MIT TECHNOLOGY REVIEW",DOI:10.3917/commu.088.0149],2
"DIAKOPOULOS NICHOLAS., 2016, MIT TECHNOLOGY REVIEW",DOI:10.3917/ls.135.0087,2
"DIAKOPOULOS NICHOLAS., 2016, MIT TECHNOLOGY REVIEW",DOI:10.3917/rai.019.0193,2
"DIAKOPOULOS NICHOLAS., 2016, MIT TECHNOLOGY REVIEW",DOI:10.3917/res.212.0207,2
"DIAKOPOULOS NICHOLAS., 2016, MIT TECHNOLOGY REVIEW",DOI:10.3917/zil.005.0208],2
"DIAKOPOULOS NICHOLAS., 2016, MIT TECHNOLOGY REVIEW",DOI:10.4000/ethiquepublique.995],2
"DIAKOPOULOS NICHOLAS., 2016, MIT TECHNOLOGY REVIEW",DOI:10.4000/quaderni.2216,2
"DIAKOPOULOS NICHOLAS., 2016, MIT TECHNOLOGY REVIEW",DOI:10.4000/quaderni.2234],2
"DIAKOPOULOS NICHOLAS., 2016, MIT TECHNOLOGY REVIEW",DOI:10.4000/sdt.14802],2
"DIAKOPOULOS NICHOLAS., 2016, MIT TECHNOLOGY REVIEW",DOI:10.48550/arxiv.1810.00184],2
"DIAKOPOULOS NICHOLAS., 2016, MIT TECHNOLOGY REVIEW","DUMOUCHEL P., 2016, ROBOT. IL GRANDE ATLANTE VISIVO SUL ROBOT, DALL'ANTICA GRECIA ALLE INTELLIGENZE ARTIFICIALI, 24 ORE CULTURA",2
"DIAKOPOULOS NICHOLAS., 2016, MIT TECHNOLOGY REVIEW","ERASMUS ADRIAN, 2021, PHILOS TECHNOL, V34, P833, DOI [10.1007/S13347-020-00435-2, 10.1007/S13347-020-00435-2]",2
"DIAKOPOULOS NICHOLAS., 2016, MIT TECHNOLOGY REVIEW","FOUCAULT MICHEL., 1969, ARCHAEOLOGY KNOWLEDG",2
"DIAKOPOULOS NICHOLAS., 2016, MIT TECHNOLOGY REVIEW","FRANCK G., 2014, L'ECONOMIE DE L'ATTENTION, P55",2
"DIAKOPOULOS NICHOLAS., 2016, MIT TECHNOLOGY REVIEW","FROIDEVAUX C, 2022, POUR UNE ETHIQUE DU NUMERIQUE, P41",2
"DIAKOPOULOS NICHOLAS., 2016, MIT TECHNOLOGY REVIEW","FUCHS C, 2014, DIGITAL LABOUR AND KARL MARX, P1",2
"DIAKOPOULOS NICHOLAS., 2016, MIT TECHNOLOGY REVIEW","GIBERT M., 2021, FAIRE MORALE ROBOTS",2
"DIAKOPOULOS NICHOLAS., 2016, MIT TECHNOLOGY REVIEW","GUNKEL DJ, 2018, ROBOT RIGHTS",2
"DIAKOPOULOS NICHOLAS., 2016, MIT TECHNOLOGY REVIEW","HAIYI ZHU, 2018, PROCEEDINGS OF THE ACM ON HUMAN-COMPUTER INTERACTION, V2, DOI [10.1145/3274463, 10.1145/3274463]",2
"DIAKOPOULOS NICHOLAS., 2016, MIT TECHNOLOGY REVIEW","HOWARD P.N., 2015, PAX TECHNICA: HOW THE INTERNET OF THINGS MAY SET US FREE OR LOCK US UP",2
"DIAKOPOULOS NICHOLAS., 2016, MIT TECHNOLOGY REVIEW","HURSTHOUSE ROSALIND., 1999, ON VIRTUE ETHICS",2
"DIAKOPOULOS NICHOLAS., 2016, MIT TECHNOLOGY REVIEW","KANT E., 1989, CRITIQUE RAISON PRAT",2
"DIAKOPOULOS NICHOLAS., 2016, MIT TECHNOLOGY REVIEW","KERVEGAN J.-F., 2012, ARCH PHILOS, P199",2
"DIAKOPOULOS NICHOLAS., 2016, MIT TECHNOLOGY REVIEW","LEROI-GOURHAN A., 1995, GESTE PAROLE, VI",2
"DIAKOPOULOS NICHOLAS., 2016, MIT TECHNOLOGY REVIEW","MCCONNELL TERRANCE., 2018, THE STANFORD ENCYCLOPEDIA OF PHILOSOPHY",2
"DIAKOPOULOS NICHOLAS., 2016, MIT TECHNOLOGY REVIEW","MIT, 2016, MORAL MACHINES",2
"DIAKOPOULOS NICHOLAS., 2016, MIT TECHNOLOGY REVIEW","NEVEJANS NATHALIE, 2017, TRAITE DE DROIT ET D'ETHIQUE DE LA ROBOTIQUE CIVILE, VLEH",2
"DIAKOPOULOS NICHOLAS., 2016, MIT TECHNOLOGY REVIEW","OGIEN R., 2008, CONCEPTS ETHIQUE FAU",2
"DIAKOPOULOS NICHOLAS., 2016, MIT TECHNOLOGY REVIEW","OGIEN RUWEN., 2007, LETHIQUE AUJOURDHUI. MAXIMALISTES ET MINIMALISTES",2
"DIAKOPOULOS NICHOLAS., 2016, MIT TECHNOLOGY REVIEW","ONEIL C., 2018, ALGORITHMES BOMBE RE",2
"DIAKOPOULOS NICHOLAS., 2016, MIT TECHNOLOGY REVIEW","ORSI FRANCESCO., 2015, VALUE THEORY",2
"DIAKOPOULOS NICHOLAS., 2016, MIT TECHNOLOGY REVIEW","PEDERSEN ISABEL., 2020, EMBODIED COMPUTING: WEARABLES, IMPLANTABLES, EMBEDDABLES, INGESTIBLES",2
"DIAKOPOULOS NICHOLAS., 2016, MIT TECHNOLOGY REVIEW","POPPER K., 1973, LOGIQUE DECOUVERTE S",2
"DIAKOPOULOS NICHOLAS., 2016, MIT TECHNOLOGY REVIEW","RAWLS J., 1999, THEORIE DE LA JUSTICE",2
"DIAKOPOULOS NICHOLAS., 2016, MIT TECHNOLOGY REVIEW","REBER B., 2014, TERMINAL TECHNOLOGIE, V119",2
"DIAKOPOULOS NICHOLAS., 2016, MIT TECHNOLOGY REVIEW","SCHNAPPER D., 2012, COMPREHENSION SOCIOL",2
"DIAKOPOULOS NICHOLAS., 2016, MIT TECHNOLOGY REVIEW","THOMSON JUDITH J, 1976, MONIST, V59, P204",2
"DIAKOPOULOS NICHOLAS., 2016, MIT TECHNOLOGY REVIEW","VINCENT ANDRE, 1963, ARCHIVES DE PHILOSOPHIE DU DROIT, V8, P237",2
"DIAKOPOULOS NICHOLAS., 2016, MIT TECHNOLOGY REVIEW","[ANONYMOUS], 2013, SCI TECHNIQUES SOC",2
"DIAKOPOULOS NICHOLAS., 2016, MIT TECHNOLOGY REVIEW","[ANONYMOUS], 2013, SMART CITIES: THEORIE ET CRITIQUE D'UN IDEAL AUTOREALISATEUR",2
DOI:10.1007/978-3-030-81907-1,DOI:10.1007/978-3-540-30301-5_65,2
DOI:10.1007/978-3-030-81907-1,DOI:10.1007/s00146-018-0824-x,2
DOI:10.1007/978-3-030-81907-1,DOI:10.1007/s00146-021-01322-w,2
DOI:10.1007/978-3-030-81907-1,DOI:10.1007/s10676-006-0004-4,2
DOI:10.1007/978-3-030-81907-1,DOI:10.1007/s10676-011-9279-1,2
DOI:10.1007/978-3-030-81907-1,DOI:10.1007/s10677-016-9745-2,2
DOI:10.1007/978-3-030-81907-1,DOI:10.1007/s11948-019-00096-1,2
DOI:10.1007/978-3-030-81907-1,DOI:10.1007/s12130-010-9113-9],2
DOI:10.1007/978-3-030-81907-1,DOI:10.1007/s13347-020-00432-5],2
DOI:10.1007/978-3-030-81907-1,DOI:10.1007/s13347-021-00449-4],2
DOI:10.1007/978-3-030-81907-1,DOI:10.1007/s13347-021-00468-1],2
DOI:10.1007/978-3-030-81907-1,DOI:10.1016/j.inffus.2019.12.012,2
DOI:10.1007/978-3-030-81907-1,DOI:10.1016/j.inffus.2021.05.009,2
DOI:10.1007/978-3-030-81907-1,DOI:10.1073/pnas.1900654116,2
DOI:10.1007/978-3-030-81907-1,DOI:10.1086/291922,2
DOI:10.1007/978-3-030-81907-1,DOI:10.1093/0199252866.003.0002],2
DOI:10.1007/978-3-030-81907-1,DOI:10.1093/acprof:oso/9780190498511.001.0001,2
DOI:10.1007/978-3-030-81907-1,DOI:10.1126/science.aan8871,2
DOI:10.1007/978-3-030-81907-1,DOI:10.1126/scirobotics.aay7120,2
DOI:10.1007/978-3-030-81907-1,DOI:10.1145/3144592.3144598,2
DOI:10.1007/978-3-030-81907-1,DOI:10.1145/3287560.3287598,2
DOI:10.1007/978-3-030-81907-1,DOI:10.1609/aimag.v38i3.2741,2
DOI:10.1007/978-3-030-81907-1,DOI:10.17351/ests2020.277,2
DOI:10.1007/978-3-030-81907-1,DOI:10.3390/bdcc3010005,2
DOI:10.1007/978-3-030-81907-1,DOI:10.3406/reso.2000.2235,2
DOI:10.1007/978-3-030-81907-1,DOI:10.3917/comm.164.0911],2
DOI:10.1007/978-3-030-81907-1,DOI:10.3917/commu.088.0149],2
DOI:10.1007/978-3-030-81907-1,DOI:10.3917/ls.135.0087,2
DOI:10.1007/978-3-030-81907-1,DOI:10.3917/rai.019.0193,2
DOI:10.1007/978-3-030-81907-1,DOI:10.3917/res.212.0207,2
DOI:10.1007/978-3-030-81907-1,DOI:10.3917/zil.005.0208],2
DOI:10.1007/978-3-030-81907-1,DOI:10.4000/ethiquepublique.995],2
DOI:10.1007/978-3-030-81907-1,DOI:10.4000/quaderni.2216,2
DOI:10.1007/978-3-030-81907-1,DOI:10.4000/quaderni.2234],2
DOI:10.1007/978-3-030-81907-1,DOI:10.4000/sdt.14802],2
DOI:10.1007/978-3-030-81907-1,DOI:10.48550/arxiv.1810.00184],2
DOI:10.1007/978-3-030-81907-1,"DUMOUCHEL P., 2016, ROBOT. IL GRANDE ATLANTE VISIVO SUL ROBOT, DALL'ANTICA GRECIA ALLE INTELLIGENZE ARTIFICIALI, 24 ORE CULTURA",2
DOI:10.1007/978-3-030-81907-1,"ERASMUS ADRIAN, 2021, PHILOS TECHNOL, V34, P833, DOI [10.1007/S13347-020-00435-2, 10.1007/S13347-020-00435-2]",2
DOI:10.1007/978-3-030-81907-1,"FOUCAULT MICHEL., 1969, ARCHAEOLOGY KNOWLEDG",2
DOI:10.1007/978-3-030-81907-1,"FRANCK G., 2014, L'ECONOMIE DE L'ATTENTION, P55",2
DOI:10.1007/978-3-030-81907-1,"FROIDEVAUX C, 2022, POUR UNE ETHIQUE DU NUMERIQUE, P41",2
DOI:10.1007/978-3-030-81907-1,"FUCHS C, 2014, DIGITAL LABOUR AND KARL MARX, P1",2
DOI:10.1007/978-3-030-81907-1,"GIBERT M., 2021, FAIRE MORALE ROBOTS",2
DOI:10.1007/978-3-030-81907-1,"GUNKEL DJ, 2018, ROBOT RIGHTS",2
DOI:10.1007/978-3-030-81907-1,"HAIYI ZHU, 2018, PROCEEDINGS OF THE ACM ON HUMAN-COMPUTER INTERACTION, V2, DOI [10.1145/3274463, 10.1145/3274463]",2
DOI:10.1007/978-3-030-81907-1,"HOWARD P.N., 2015, PAX TECHNICA: HOW THE INTERNET OF THINGS MAY SET US FREE OR LOCK US UP",2
DOI:10.1007/978-3-030-81907-1,"HURSTHOUSE ROSALIND., 1999, ON VIRTUE ETHICS",2
DOI:10.1007/978-3-030-81907-1,"KANT E., 1989, CRITIQUE RAISON PRAT",2
DOI:10.1007/978-3-030-81907-1,"KERVEGAN J.-F., 2012, ARCH PHILOS, P199",2
DOI:10.1007/978-3-030-81907-1,"LEROI-GOURHAN A., 1995, GESTE PAROLE, VI",2
DOI:10.1007/978-3-030-81907-1,"MCCONNELL TERRANCE., 2018, THE STANFORD ENCYCLOPEDIA OF PHILOSOPHY",2
DOI:10.1007/978-3-030-81907-1,"MIT, 2016, MORAL MACHINES",2
DOI:10.1007/978-3-030-81907-1,"NEVEJANS NATHALIE, 2017, TRAITE DE DROIT ET D'ETHIQUE DE LA ROBOTIQUE CIVILE, VLEH",2
DOI:10.1007/978-3-030-81907-1,"OGIEN R., 2008, CONCEPTS ETHIQUE FAU",2
DOI:10.1007/978-3-030-81907-1,"OGIEN RUWEN., 2007, LETHIQUE AUJOURDHUI. MAXIMALISTES ET MINIMALISTES",2
DOI:10.1007/978-3-030-81907-1,"ONEIL C., 2018, ALGORITHMES BOMBE RE",2
DOI:10.1007/978-3-030-81907-1,"ORSI FRANCESCO., 2015, VALUE THEORY",2
DOI:10.1007/978-3-030-81907-1,"PEDERSEN ISABEL., 2020, EMBODIED COMPUTING: WEARABLES, IMPLANTABLES, EMBEDDABLES, INGESTIBLES",2
DOI:10.1007/978-3-030-81907-1,"POPPER K., 1973, LOGIQUE DECOUVERTE S",2
DOI:10.1007/978-3-030-81907-1,"RAWLS J., 1999, THEORIE DE LA JUSTICE",2
DOI:10.1007/978-3-030-81907-1,"REBER B., 2014, TERMINAL TECHNOLOGIE, V119",2
DOI:10.1007/978-3-030-81907-1,"SCHNAPPER D., 2012, COMPREHENSION SOCIOL",2
DOI:10.1007/978-3-030-81907-1,"THOMSON JUDITH J, 1976, MONIST, V59, P204",2
DOI:10.1007/978-3-030-81907-1,"VINCENT ANDRE, 1963, ARCHIVES DE PHILOSOPHIE DU DROIT, V8, P237",2
DOI:10.1007/978-3-030-81907-1,"[ANONYMOUS], 2013, SCI TECHNIQUES SOC",2
DOI:10.1007/978-3-030-81907-1,"[ANONYMOUS], 2013, SMART CITIES: THEORIE ET CRITIQUE D'UN IDEAL AUTOREALISATEUR",2
DOI:10.1007/978-3-030-81907-1,"FLORIDI L., 2023, THE ETHICS OF ARTIFICIAL INTELLIGENCE: PRINCIPLES, CHALLENGES, AND OPPORTUNITIES",2
DOI:10.1007/978-3-030-81907-1,"FLORIDI LUCIANO., 2014, 4 REVOLUTION INFOSPH",2
DOI:10.1007/978-3-030-81907-1,"FLORIDI LUCIANO., 2011, THE PHILOSOPHY OF INFORMATION",2
DOI:10.1007/978-3-540-30301-5_65,DOI:10.1007/s00146-018-0824-x,2
DOI:10.1007/978-3-540-30301-5_65,DOI:10.1007/s00146-021-01322-w,2
DOI:10.1007/978-3-540-30301-5_65,DOI:10.1007/s10676-006-0004-4,2
DOI:10.1007/978-3-540-30301-5_65,DOI:10.1007/s10676-011-9279-1,2
DOI:10.1007/978-3-540-30301-5_65,DOI:10.1007/s10677-016-9745-2,2
DOI:10.1007/978-3-540-30301-5_65,DOI:10.1007/s11948-019-00096-1,2
DOI:10.1007/978-3-540-30301-5_65,DOI:10.1007/s12130-010-9113-9],2
DOI:10.1007/978-3-540-30301-5_65,DOI:10.1007/s13347-020-00432-5],2
DOI:10.1007/978-3-540-30301-5_65,DOI:10.1007/s13347-021-00449-4],2
DOI:10.1007/978-3-540-30301-5_65,DOI:10.1007/s13347-021-00468-1],2
DOI:10.1007/978-3-540-30301-5_65,DOI:10.1016/j.inffus.2019.12.012,2
DOI:10.1007/978-3-540-30301-5_65,DOI:10.1016/j.inffus.2021.05.009,2
DOI:10.1007/978-3-540-30301-5_65,DOI:10.1073/pnas.1900654116,2
DOI:10.1007/978-3-540-30301-5_65,DOI:10.1086/291922,2
DOI:10.1007/978-3-540-30301-5_65,DOI:10.1093/0199252866.003.0002],2
DOI:10.1007/978-3-540-30301-5_65,DOI:10.1093/acprof:oso/9780190498511.001.0001,2
DOI:10.1007/978-3-540-30301-5_65,DOI:10.1126/science.aan8871,2
DOI:10.1007/978-3-540-30301-5_65,DOI:10.1126/scirobotics.aay7120,2
DOI:10.1007/978-3-540-30301-5_65,DOI:10.1145/3144592.3144598,2
DOI:10.1007/978-3-540-30301-5_65,DOI:10.1145/3287560.3287598,2
DOI:10.1007/978-3-540-30301-5_65,DOI:10.1609/aimag.v38i3.2741,2
DOI:10.1007/978-3-540-30301-5_65,DOI:10.17351/ests2020.277,2
DOI:10.1007/978-3-540-30301-5_65,DOI:10.3390/bdcc3010005,2
DOI:10.1007/978-3-540-30301-5_65,DOI:10.3406/reso.2000.2235,2
DOI:10.1007/978-3-540-30301-5_65,DOI:10.3917/comm.164.0911],2
DOI:10.1007/978-3-540-30301-5_65,DOI:10.3917/commu.088.0149],2
DOI:10.1007/978-3-540-30301-5_65,DOI:10.3917/ls.135.0087,2
DOI:10.1007/978-3-540-30301-5_65,DOI:10.3917/rai.019.0193,2
DOI:10.1007/978-3-540-30301-5_65,DOI:10.3917/res.212.0207,2
DOI:10.1007/978-3-540-30301-5_65,DOI:10.3917/zil.005.0208],2
DOI:10.1007/978-3-540-30301-5_65,DOI:10.4000/ethiquepublique.995],2
DOI:10.1007/978-3-540-30301-5_65,DOI:10.4000/quaderni.2216,2
DOI:10.1007/978-3-540-30301-5_65,DOI:10.4000/quaderni.2234],2
DOI:10.1007/978-3-540-30301-5_65,DOI:10.4000/sdt.14802],2
DOI:10.1007/978-3-540-30301-5_65,DOI:10.48550/arxiv.1810.00184],2
DOI:10.1007/978-3-540-30301-5_65,"DUMOUCHEL P., 2016, ROBOT. IL GRANDE ATLANTE VISIVO SUL ROBOT, DALL'ANTICA GRECIA ALLE INTELLIGENZE ARTIFICIALI, 24 ORE CULTURA",2
DOI:10.1007/978-3-540-30301-5_65,"ERASMUS ADRIAN, 2021, PHILOS TECHNOL, V34, P833, DOI [10.1007/S13347-020-00435-2, 10.1007/S13347-020-00435-2]",2
DOI:10.1007/978-3-540-30301-5_65,"FOUCAULT MICHEL., 1969, ARCHAEOLOGY KNOWLEDG",2
DOI:10.1007/978-3-540-30301-5_65,"FRANCK G., 2014, L'ECONOMIE DE L'ATTENTION, P55",2
DOI:10.1007/978-3-540-30301-5_65,"FROIDEVAUX C, 2022, POUR UNE ETHIQUE DU NUMERIQUE, P41",2
DOI:10.1007/978-3-540-30301-5_65,"FUCHS C, 2014, DIGITAL LABOUR AND KARL MARX, P1",2
DOI:10.1007/978-3-540-30301-5_65,"GIBERT M., 2021, FAIRE MORALE ROBOTS",2
DOI:10.1007/978-3-540-30301-5_65,"GUNKEL DJ, 2018, ROBOT RIGHTS",2
DOI:10.1007/978-3-540-30301-5_65,"HAIYI ZHU, 2018, PROCEEDINGS OF THE ACM ON HUMAN-COMPUTER INTERACTION, V2, DOI [10.1145/3274463, 10.1145/3274463]",2
DOI:10.1007/978-3-540-30301-5_65,"HOWARD P.N., 2015, PAX TECHNICA: HOW THE INTERNET OF THINGS MAY SET US FREE OR LOCK US UP",2
DOI:10.1007/978-3-540-30301-5_65,"HURSTHOUSE ROSALIND., 1999, ON VIRTUE ETHICS",2
DOI:10.1007/978-3-540-30301-5_65,"KANT E., 1989, CRITIQUE RAISON PRAT",2
DOI:10.1007/978-3-540-30301-5_65,"KERVEGAN J.-F., 2012, ARCH PHILOS, P199",2
DOI:10.1007/978-3-540-30301-5_65,"LEROI-GOURHAN A., 1995, GESTE PAROLE, VI",2
DOI:10.1007/978-3-540-30301-5_65,"MCCONNELL TERRANCE., 2018, THE STANFORD ENCYCLOPEDIA OF PHILOSOPHY",2
DOI:10.1007/978-3-540-30301-5_65,"MIT, 2016, MORAL MACHINES",2
DOI:10.1007/978-3-540-30301-5_65,"NEVEJANS NATHALIE, 2017, TRAITE DE DROIT ET D'ETHIQUE DE LA ROBOTIQUE CIVILE, VLEH",2
DOI:10.1007/978-3-540-30301-5_65,"OGIEN R., 2008, CONCEPTS ETHIQUE FAU",2
DOI:10.1007/978-3-540-30301-5_65,"OGIEN RUWEN., 2007, LETHIQUE AUJOURDHUI. MAXIMALISTES ET MINIMALISTES",2
DOI:10.1007/978-3-540-30301-5_65,"ONEIL C., 2018, ALGORITHMES BOMBE RE",2
DOI:10.1007/978-3-540-30301-5_65,"ORSI FRANCESCO., 2015, VALUE THEORY",2
DOI:10.1007/978-3-540-30301-5_65,"PEDERSEN ISABEL., 2020, EMBODIED COMPUTING: WEARABLES, IMPLANTABLES, EMBEDDABLES, INGESTIBLES",2
DOI:10.1007/978-3-540-30301-5_65,"POPPER K., 1973, LOGIQUE DECOUVERTE S",2
DOI:10.1007/978-3-540-30301-5_65,"RAWLS J., 1999, THEORIE DE LA JUSTICE",2
DOI:10.1007/978-3-540-30301-5_65,"REBER B., 2014, TERMINAL TECHNOLOGIE, V119",2
DOI:10.1007/978-3-540-30301-5_65,"SCHNAPPER D., 2012, COMPREHENSION SOCIOL",2
DOI:10.1007/978-3-540-30301-5_65,"THOMSON JUDITH J, 1976, MONIST, V59, P204",2
DOI:10.1007/978-3-540-30301-5_65,"VINCENT ANDRE, 1963, ARCHIVES DE PHILOSOPHIE DU DROIT, V8, P237",2
DOI:10.1007/978-3-540-30301-5_65,"[ANONYMOUS], 2013, SCI TECHNIQUES SOC",2
DOI:10.1007/978-3-540-30301-5_65,"[ANONYMOUS], 2013, SMART CITIES: THEORIE ET CRITIQUE D'UN IDEAL AUTOREALISATEUR",2
DOI:10.1007/s00146-018-0824-x,DOI:10.1007/s00146-021-01322-w,2
DOI:10.1007/s00146-018-0824-x,DOI:10.1007/s10676-006-0004-4,2
DOI:10.1007/s00146-018-0824-x,DOI:10.1007/s10676-011-9279-1,2
DOI:10.1007/s00146-018-0824-x,DOI:10.1007/s10677-016-9745-2,2
DOI:10.1007/s00146-018-0824-x,DOI:10.1007/s11948-019-00096-1,2
DOI:10.1007/s00146-018-0824-x,DOI:10.1007/s12130-010-9113-9],2
DOI:10.1007/s00146-018-0824-x,DOI:10.1007/s13347-020-00432-5],2
DOI:10.1007/s00146-018-0824-x,DOI:10.1007/s13347-021-00449-4],2
DOI:10.1007/s00146-018-0824-x,DOI:10.1007/s13347-021-00468-1],2
DOI:10.1007/s00146-018-0824-x,DOI:10.1016/j.inffus.2019.12.012,2
DOI:10.1007/s00146-018-0824-x,DOI:10.1016/j.inffus.2021.05.009,2
DOI:10.1007/s00146-018-0824-x,DOI:10.1073/pnas.1900654116,2
DOI:10.1007/s00146-018-0824-x,DOI:10.1086/291922,2
DOI:10.1007/s00146-018-0824-x,DOI:10.1093/0199252866.003.0002],2
DOI:10.1007/s00146-018-0824-x,DOI:10.1093/acprof:oso/9780190498511.001.0001,2
DOI:10.1007/s00146-018-0824-x,DOI:10.1126/science.aan8871,2
DOI:10.1007/s00146-018-0824-x,DOI:10.1126/scirobotics.aay7120,2
DOI:10.1007/s00146-018-0824-x,DOI:10.1145/3144592.3144598,2
DOI:10.1007/s00146-018-0824-x,DOI:10.1145/3287560.3287598,2
DOI:10.1007/s00146-018-0824-x,DOI:10.1609/aimag.v38i3.2741,2
DOI:10.1007/s00146-018-0824-x,DOI:10.17351/ests2020.277,2
DOI:10.1007/s00146-018-0824-x,DOI:10.3390/bdcc3010005,2
DOI:10.1007/s00146-018-0824-x,DOI:10.3406/reso.2000.2235,2
DOI:10.1007/s00146-018-0824-x,DOI:10.3917/comm.164.0911],2
DOI:10.1007/s00146-018-0824-x,DOI:10.3917/commu.088.0149],2
DOI:10.1007/s00146-018-0824-x,DOI:10.3917/ls.135.0087,2
DOI:10.1007/s00146-018-0824-x,DOI:10.3917/rai.019.0193,2
DOI:10.1007/s00146-018-0824-x,DOI:10.3917/res.212.0207,2
DOI:10.1007/s00146-018-0824-x,DOI:10.3917/zil.005.0208],2
DOI:10.1007/s00146-018-0824-x,DOI:10.4000/ethiquepublique.995],2
DOI:10.1007/s00146-018-0824-x,DOI:10.4000/quaderni.2216,2
DOI:10.1007/s00146-018-0824-x,DOI:10.4000/quaderni.2234],2
DOI:10.1007/s00146-018-0824-x,DOI:10.4000/sdt.14802],2
DOI:10.1007/s00146-018-0824-x,DOI:10.48550/arxiv.1810.00184],2
DOI:10.1007/s00146-018-0824-x,"DUMOUCHEL P., 2016, ROBOT. IL GRANDE ATLANTE VISIVO SUL ROBOT, DALL'ANTICA GRECIA ALLE INTELLIGENZE ARTIFICIALI, 24 ORE CULTURA",2
DOI:10.1007/s00146-018-0824-x,"ERASMUS ADRIAN, 2021, PHILOS TECHNOL, V34, P833, DOI [10.1007/S13347-020-00435-2, 10.1007/S13347-020-00435-2]",2
DOI:10.1007/s00146-018-0824-x,"FOUCAULT MICHEL., 1969, ARCHAEOLOGY KNOWLEDG",2
DOI:10.1007/s00146-018-0824-x,"FRANCK G., 2014, L'ECONOMIE DE L'ATTENTION, P55",2
DOI:10.1007/s00146-018-0824-x,"FROIDEVAUX C, 2022, POUR UNE ETHIQUE DU NUMERIQUE, P41",2
DOI:10.1007/s00146-018-0824-x,"FUCHS C, 2014, DIGITAL LABOUR AND KARL MARX, P1",2
DOI:10.1007/s00146-018-0824-x,"GIBERT M., 2021, FAIRE MORALE ROBOTS",2
DOI:10.1007/s00146-018-0824-x,"GUNKEL DJ, 2018, ROBOT RIGHTS",2
DOI:10.1007/s00146-018-0824-x,"HAIYI ZHU, 2018, PROCEEDINGS OF THE ACM ON HUMAN-COMPUTER INTERACTION, V2, DOI [10.1145/3274463, 10.1145/3274463]",2
DOI:10.1007/s00146-018-0824-x,"HOWARD P.N., 2015, PAX TECHNICA: HOW THE INTERNET OF THINGS MAY SET US FREE OR LOCK US UP",2
DOI:10.1007/s00146-018-0824-x,"HURSTHOUSE ROSALIND., 1999, ON VIRTUE ETHICS",2
DOI:10.1007/s00146-018-0824-x,"KANT E., 1989, CRITIQUE RAISON PRAT",2
DOI:10.1007/s00146-018-0824-x,"KERVEGAN J.-F., 2012, ARCH PHILOS, P199",2
DOI:10.1007/s00146-018-0824-x,"LEROI-GOURHAN A., 1995, GESTE PAROLE, VI",2
DOI:10.1007/s00146-018-0824-x,"MCCONNELL TERRANCE., 2018, THE STANFORD ENCYCLOPEDIA OF PHILOSOPHY",2
DOI:10.1007/s00146-018-0824-x,"MIT, 2016, MORAL MACHINES",2
DOI:10.1007/s00146-018-0824-x,"NEVEJANS NATHALIE, 2017, TRAITE DE DROIT ET D'ETHIQUE DE LA ROBOTIQUE CIVILE, VLEH",2
DOI:10.1007/s00146-018-0824-x,"OGIEN R., 2008, CONCEPTS ETHIQUE FAU",2
DOI:10.1007/s00146-018-0824-x,"OGIEN RUWEN., 2007, LETHIQUE AUJOURDHUI. MAXIMALISTES ET MINIMALISTES",2
DOI:10.1007/s00146-018-0824-x,"ONEIL C., 2018, ALGORITHMES BOMBE RE",2
DOI:10.1007/s00146-018-0824-x,"ORSI FRANCESCO., 2015, VALUE THEORY",2
DOI:10.1007/s00146-018-0824-x,"PEDERSEN ISABEL., 2020, EMBODIED COMPUTING: WEARABLES, IMPLANTABLES, EMBEDDABLES, INGESTIBLES",2
DOI:10.1007/s00146-018-0824-x,"POPPER K., 1973, LOGIQUE DECOUVERTE S",2
DOI:10.1007/s00146-018-0824-x,"RAWLS J., 1999, THEORIE DE LA JUSTICE",2
DOI:10.1007/s00146-018-0824-x,"REBER B., 2014, TERMINAL TECHNOLOGIE, V119",2
DOI:10.1007/s00146-018-0824-x,"SCHNAPPER D., 2012, COMPREHENSION SOCIOL",2
DOI:10.1007/s00146-018-0824-x,"THOMSON JUDITH J, 1976, MONIST, V59, P204",2
DOI:10.1007/s00146-018-0824-x,"VINCENT ANDRE, 1963, ARCHIVES DE PHILOSOPHIE DU DROIT, V8, P237",2
DOI:10.1007/s00146-018-0824-x,"[ANONYMOUS], 2013, SCI TECHNIQUES SOC",2
DOI:10.1007/s00146-018-0824-x,"[ANONYMOUS], 2013, SMART CITIES: THEORIE ET CRITIQUE D'UN IDEAL AUTOREALISATEUR",2
DOI:10.1007/s00146-021-01322-w,DOI:10.1007/s10676-006-0004-4,2
DOI:10.1007/s00146-021-01322-w,DOI:10.1007/s10676-011-9279-1,2
DOI:10.1007/s00146-021-01322-w,DOI:10.1007/s10677-016-9745-2,2
DOI:10.1007/s00146-021-01322-w,DOI:10.1007/s11948-019-00096-1,2
DOI:10.1007/s00146-021-01322-w,DOI:10.1007/s12130-010-9113-9],2
DOI:10.1007/s00146-021-01322-w,DOI:10.1007/s13347-020-00432-5],2
DOI:10.1007/s00146-021-01322-w,DOI:10.1007/s13347-021-00449-4],2
DOI:10.1007/s00146-021-01322-w,DOI:10.1007/s13347-021-00468-1],2
DOI:10.1007/s00146-021-01322-w,DOI:10.1016/j.inffus.2019.12.012,2
DOI:10.1007/s00146-021-01322-w,DOI:10.1016/j.inffus.2021.05.009,2
DOI:10.1007/s00146-021-01322-w,DOI:10.1073/pnas.1900654116,2
DOI:10.1007/s00146-021-01322-w,DOI:10.1086/291922,2
DOI:10.1007/s00146-021-01322-w,DOI:10.1093/0199252866.003.0002],2
DOI:10.1007/s00146-021-01322-w,DOI:10.1093/acprof:oso/9780190498511.001.0001,2
DOI:10.1007/s00146-021-01322-w,DOI:10.1126/science.aan8871,2
DOI:10.1007/s00146-021-01322-w,DOI:10.1126/scirobotics.aay7120,2
DOI:10.1007/s00146-021-01322-w,DOI:10.1145/3144592.3144598,2
DOI:10.1007/s00146-021-01322-w,DOI:10.1145/3287560.3287598,2
DOI:10.1007/s00146-021-01322-w,DOI:10.1609/aimag.v38i3.2741,2
DOI:10.1007/s00146-021-01322-w,DOI:10.17351/ests2020.277,2
DOI:10.1007/s00146-021-01322-w,DOI:10.3390/bdcc3010005,2
DOI:10.1007/s00146-021-01322-w,DOI:10.3406/reso.2000.2235,2
DOI:10.1007/s00146-021-01322-w,DOI:10.3917/comm.164.0911],2
DOI:10.1007/s00146-021-01322-w,DOI:10.3917/commu.088.0149],2
DOI:10.1007/s00146-021-01322-w,DOI:10.3917/ls.135.0087,2
DOI:10.1007/s00146-021-01322-w,DOI:10.3917/rai.019.0193,2
DOI:10.1007/s00146-021-01322-w,DOI:10.3917/res.212.0207,2
DOI:10.1007/s00146-021-01322-w,DOI:10.3917/zil.005.0208],2
DOI:10.1007/s00146-021-01322-w,DOI:10.4000/ethiquepublique.995],2
DOI:10.1007/s00146-021-01322-w,DOI:10.4000/quaderni.2216,2
DOI:10.1007/s00146-021-01322-w,DOI:10.4000/quaderni.2234],2
DOI:10.1007/s00146-021-01322-w,DOI:10.4000/sdt.14802],2
DOI:10.1007/s00146-021-01322-w,DOI:10.48550/arxiv.1810.00184],2
DOI:10.1007/s00146-021-01322-w,"DUMOUCHEL P., 2016, ROBOT. IL GRANDE ATLANTE VISIVO SUL ROBOT, DALL'ANTICA GRECIA ALLE INTELLIGENZE ARTIFICIALI, 24 ORE CULTURA",2
DOI:10.1007/s00146-021-01322-w,"ERASMUS ADRIAN, 2021, PHILOS TECHNOL, V34, P833, DOI [10.1007/S13347-020-00435-2, 10.1007/S13347-020-00435-2]",2
DOI:10.1007/s00146-021-01322-w,"FOUCAULT MICHEL., 1969, ARCHAEOLOGY KNOWLEDG",2
DOI:10.1007/s00146-021-01322-w,"FRANCK G., 2014, L'ECONOMIE DE L'ATTENTION, P55",2
DOI:10.1007/s00146-021-01322-w,"FROIDEVAUX C, 2022, POUR UNE ETHIQUE DU NUMERIQUE, P41",2
DOI:10.1007/s00146-021-01322-w,"FUCHS C, 2014, DIGITAL LABOUR AND KARL MARX, P1",2
DOI:10.1007/s00146-021-01322-w,"GIBERT M., 2021, FAIRE MORALE ROBOTS",2
DOI:10.1007/s00146-021-01322-w,"GUNKEL DJ, 2018, ROBOT RIGHTS",2
DOI:10.1007/s00146-021-01322-w,"HAIYI ZHU, 2018, PROCEEDINGS OF THE ACM ON HUMAN-COMPUTER INTERACTION, V2, DOI [10.1145/3274463, 10.1145/3274463]",2
DOI:10.1007/s00146-021-01322-w,"HOWARD P.N., 2015, PAX TECHNICA: HOW THE INTERNET OF THINGS MAY SET US FREE OR LOCK US UP",2
DOI:10.1007/s00146-021-01322-w,"HURSTHOUSE ROSALIND., 1999, ON VIRTUE ETHICS",2
DOI:10.1007/s00146-021-01322-w,"KANT E., 1989, CRITIQUE RAISON PRAT",2
DOI:10.1007/s00146-021-01322-w,"KERVEGAN J.-F., 2012, ARCH PHILOS, P199",2
DOI:10.1007/s00146-021-01322-w,"LEROI-GOURHAN A., 1995, GESTE PAROLE, VI",2
DOI:10.1007/s00146-021-01322-w,"MCCONNELL TERRANCE., 2018, THE STANFORD ENCYCLOPEDIA OF PHILOSOPHY",2
DOI:10.1007/s00146-021-01322-w,"MIT, 2016, MORAL MACHINES",2
DOI:10.1007/s00146-021-01322-w,"NEVEJANS NATHALIE, 2017, TRAITE DE DROIT ET D'ETHIQUE DE LA ROBOTIQUE CIVILE, VLEH",2
DOI:10.1007/s00146-021-01322-w,"OGIEN R., 2008, CONCEPTS ETHIQUE FAU",2
DOI:10.1007/s00146-021-01322-w,"OGIEN RUWEN., 2007, LETHIQUE AUJOURDHUI. MAXIMALISTES ET MINIMALISTES",2
DOI:10.1007/s00146-021-01322-w,"ONEIL C., 2018, ALGORITHMES BOMBE RE",2
DOI:10.1007/s00146-021-01322-w,"ORSI FRANCESCO., 2015, VALUE THEORY",2
DOI:10.1007/s00146-021-01322-w,"PEDERSEN ISABEL., 2020, EMBODIED COMPUTING: WEARABLES, IMPLANTABLES, EMBEDDABLES, INGESTIBLES",2
DOI:10.1007/s00146-021-01322-w,"POPPER K., 1973, LOGIQUE DECOUVERTE S",2
DOI:10.1007/s00146-021-01322-w,"RAWLS J., 1999, THEORIE DE LA JUSTICE",2
DOI:10.1007/s00146-021-01322-w,"REBER B., 2014, TERMINAL TECHNOLOGIE, V119",2
DOI:10.1007/s00146-021-01322-w,"SCHNAPPER D., 2012, COMPREHENSION SOCIOL",2
DOI:10.1007/s00146-021-01322-w,"THOMSON JUDITH J, 1976, MONIST, V59, P204",2
DOI:10.1007/s00146-021-01322-w,"VINCENT ANDRE, 1963, ARCHIVES DE PHILOSOPHIE DU DROIT, V8, P237",2
DOI:10.1007/s00146-021-01322-w,"[ANONYMOUS], 2013, SCI TECHNIQUES SOC",2
DOI:10.1007/s00146-021-01322-w,"[ANONYMOUS], 2013, SMART CITIES: THEORIE ET CRITIQUE D'UN IDEAL AUTOREALISATEUR",2
DOI:10.1007/s10676-006-0004-4,DOI:10.1007/s10676-011-9279-1,2
DOI:10.1007/s10676-006-0004-4,DOI:10.1007/s10677-016-9745-2,2
DOI:10.1007/s10676-006-0004-4,DOI:10.1007/s11948-019-00096-1,2
DOI:10.1007/s10676-006-0004-4,DOI:10.1007/s12130-010-9113-9],2
DOI:10.1007/s10676-006-0004-4,DOI:10.1007/s13347-020-00432-5],2
DOI:10.1007/s10676-006-0004-4,DOI:10.1007/s13347-021-00449-4],2
DOI:10.1007/s10676-006-0004-4,DOI:10.1007/s13347-021-00468-1],2
DOI:10.1007/s10676-006-0004-4,DOI:10.1016/j.inffus.2019.12.012,2
DOI:10.1007/s10676-006-0004-4,DOI:10.1016/j.inffus.2021.05.009,2
DOI:10.1007/s10676-006-0004-4,DOI:10.1073/pnas.1900654116,2
DOI:10.1007/s10676-006-0004-4,DOI:10.1086/291922,2
DOI:10.1007/s10676-006-0004-4,DOI:10.1093/0199252866.003.0002],2
DOI:10.1007/s10676-006-0004-4,DOI:10.1093/acprof:oso/9780190498511.001.0001,2
DOI:10.1007/s10676-006-0004-4,DOI:10.1126/science.aan8871,2
DOI:10.1007/s10676-006-0004-4,DOI:10.1126/scirobotics.aay7120,2
DOI:10.1007/s10676-006-0004-4,DOI:10.1145/3144592.3144598,2
DOI:10.1007/s10676-006-0004-4,DOI:10.1145/3287560.3287598,2
DOI:10.1007/s10676-006-0004-4,DOI:10.1609/aimag.v38i3.2741,3
DOI:10.1007/s10676-006-0004-4,DOI:10.17351/ests2020.277,2
DOI:10.1007/s10676-006-0004-4,DOI:10.3390/bdcc3010005,2
DOI:10.1007/s10676-006-0004-4,DOI:10.3406/reso.2000.2235,2
DOI:10.1007/s10676-006-0004-4,DOI:10.3917/comm.164.0911],2
DOI:10.1007/s10676-006-0004-4,DOI:10.3917/commu.088.0149],2
DOI:10.1007/s10676-006-0004-4,DOI:10.3917/ls.135.0087,2
DOI:10.1007/s10676-006-0004-4,DOI:10.3917/rai.019.0193,2
DOI:10.1007/s10676-006-0004-4,DOI:10.3917/res.212.0207,2
DOI:10.1007/s10676-006-0004-4,DOI:10.3917/zil.005.0208],2
DOI:10.1007/s10676-006-0004-4,DOI:10.4000/ethiquepublique.995],2
DOI:10.1007/s10676-006-0004-4,DOI:10.4000/quaderni.2216,2
DOI:10.1007/s10676-006-0004-4,DOI:10.4000/quaderni.2234],2
DOI:10.1007/s10676-006-0004-4,DOI:10.4000/sdt.14802],2
DOI:10.1007/s10676-006-0004-4,DOI:10.48550/arxiv.1810.00184],2
DOI:10.1007/s10676-006-0004-4,"DUMOUCHEL P., 2016, ROBOT. IL GRANDE ATLANTE VISIVO SUL ROBOT, DALL'ANTICA GRECIA ALLE INTELLIGENZE ARTIFICIALI, 24 ORE CULTURA",2
DOI:10.1007/s10676-006-0004-4,"ERASMUS ADRIAN, 2021, PHILOS TECHNOL, V34, P833, DOI [10.1007/S13347-020-00435-2, 10.1007/S13347-020-00435-2]",2
DOI:10.1007/s10676-006-0004-4,"FOUCAULT MICHEL., 1969, ARCHAEOLOGY KNOWLEDG",2
DOI:10.1007/s10676-006-0004-4,"FRANCK G., 2014, L'ECONOMIE DE L'ATTENTION, P55",2
DOI:10.1007/s10676-006-0004-4,"FROIDEVAUX C, 2022, POUR UNE ETHIQUE DU NUMERIQUE, P41",2
DOI:10.1007/s10676-006-0004-4,"FUCHS C, 2014, DIGITAL LABOUR AND KARL MARX, P1",2
DOI:10.1007/s10676-006-0004-4,"GIBERT M., 2021, FAIRE MORALE ROBOTS",2
DOI:10.1007/s10676-006-0004-4,"GUNKEL DJ, 2018, ROBOT RIGHTS",2
DOI:10.1007/s10676-006-0004-4,"HAIYI ZHU, 2018, PROCEEDINGS OF THE ACM ON HUMAN-COMPUTER INTERACTION, V2, DOI [10.1145/3274463, 10.1145/3274463]",2
DOI:10.1007/s10676-006-0004-4,"HOWARD P.N., 2015, PAX TECHNICA: HOW THE INTERNET OF THINGS MAY SET US FREE OR LOCK US UP",2
DOI:10.1007/s10676-006-0004-4,"HURSTHOUSE ROSALIND., 1999, ON VIRTUE ETHICS",2
DOI:10.1007/s10676-006-0004-4,"KANT E., 1989, CRITIQUE RAISON PRAT",2
DOI:10.1007/s10676-006-0004-4,"KERVEGAN J.-F., 2012, ARCH PHILOS, P199",2
DOI:10.1007/s10676-006-0004-4,"LEROI-GOURHAN A., 1995, GESTE PAROLE, VI",2
DOI:10.1007/s10676-006-0004-4,"MCCONNELL TERRANCE., 2018, THE STANFORD ENCYCLOPEDIA OF PHILOSOPHY",2
DOI:10.1007/s10676-006-0004-4,"MIT, 2016, MORAL MACHINES",2
DOI:10.1007/s10676-006-0004-4,"NEVEJANS NATHALIE, 2017, TRAITE DE DROIT ET D'ETHIQUE DE LA ROBOTIQUE CIVILE, VLEH",2
DOI:10.1007/s10676-006-0004-4,"OGIEN R., 2008, CONCEPTS ETHIQUE FAU",2
DOI:10.1007/s10676-006-0004-4,"OGIEN RUWEN., 2007, LETHIQUE AUJOURDHUI. MAXIMALISTES ET MINIMALISTES",2
DOI:10.1007/s10676-006-0004-4,"ONEIL C., 2018, ALGORITHMES BOMBE RE",2
DOI:10.1007/s10676-006-0004-4,"ORSI FRANCESCO., 2015, VALUE THEORY",2
DOI:10.1007/s10676-006-0004-4,"PEDERSEN ISABEL., 2020, EMBODIED COMPUTING: WEARABLES, IMPLANTABLES, EMBEDDABLES, INGESTIBLES",2
DOI:10.1007/s10676-006-0004-4,"POPPER K., 1973, LOGIQUE DECOUVERTE S",2
DOI:10.1007/s10676-006-0004-4,"RAWLS J., 1999, THEORIE DE LA JUSTICE",2
DOI:10.1007/s10676-006-0004-4,"REBER B., 2014, TERMINAL TECHNOLOGIE, V119",2
DOI:10.1007/s10676-006-0004-4,"SCHNAPPER D., 2012, COMPREHENSION SOCIOL",2
DOI:10.1007/s10676-006-0004-4,"THOMSON JUDITH J, 1976, MONIST, V59, P204",2
DOI:10.1007/s10676-006-0004-4,"VINCENT ANDRE, 1963, ARCHIVES DE PHILOSOPHIE DU DROIT, V8, P237",2
DOI:10.1007/s10676-006-0004-4,"[ANONYMOUS], 2013, SCI TECHNIQUES SOC",2
DOI:10.1007/s10676-006-0004-4,"[ANONYMOUS], 2013, SMART CITIES: THEORIE ET CRITIQUE D'UN IDEAL AUTOREALISATEUR",2
DOI:10.1007/s10676-006-0004-4,"ANDERSON M, 2007, AI MAG, V28, P15",2
DOI:10.1007/s10676-006-0004-4,DOI:10.1109/mis.2006.80,2
DOI:10.1007/s10676-006-0004-4,DOI:10.1109/mis.2006.83,2
DOI:10.1007/s10676-011-9279-1,DOI:10.1007/s10677-016-9745-2,2
DOI:10.1007/s10676-011-9279-1,DOI:10.1007/s11948-019-00096-1,2
DOI:10.1007/s10676-011-9279-1,DOI:10.1007/s12130-010-9113-9],2
DOI:10.1007/s10676-011-9279-1,DOI:10.1007/s13347-020-00432-5],2
DOI:10.1007/s10676-011-9279-1,DOI:10.1007/s13347-021-00449-4],2
DOI:10.1007/s10676-011-9279-1,DOI:10.1007/s13347-021-00468-1],2
DOI:10.1007/s10676-011-9279-1,DOI:10.1016/j.inffus.2019.12.012,2
DOI:10.1007/s10676-011-9279-1,DOI:10.1016/j.inffus.2021.05.009,2
DOI:10.1007/s10676-011-9279-1,DOI:10.1073/pnas.1900654116,2
DOI:10.1007/s10676-011-9279-1,DOI:10.1086/291922,2
DOI:10.1007/s10676-011-9279-1,DOI:10.1093/0199252866.003.0002],2
DOI:10.1007/s10676-011-9279-1,DOI:10.1093/acprof:oso/9780190498511.001.0001,2
DOI:10.1007/s10676-011-9279-1,DOI:10.1126/science.aan8871,2
DOI:10.1007/s10676-011-9279-1,DOI:10.1126/scirobotics.aay7120,2
DOI:10.1007/s10676-011-9279-1,DOI:10.1145/3144592.3144598,2
DOI:10.1007/s10676-011-9279-1,DOI:10.1145/3287560.3287598,2
DOI:10.1007/s10676-011-9279-1,DOI:10.1609/aimag.v38i3.2741,2
DOI:10.1007/s10676-011-9279-1,DOI:10.17351/ests2020.277,2
DOI:10.1007/s10676-011-9279-1,DOI:10.3390/bdcc3010005,2
DOI:10.1007/s10676-011-9279-1,DOI:10.3406/reso.2000.2235,2
DOI:10.1007/s10676-011-9279-1,DOI:10.3917/comm.164.0911],2
DOI:10.1007/s10676-011-9279-1,DOI:10.3917/commu.088.0149],2
DOI:10.1007/s10676-011-9279-1,DOI:10.3917/ls.135.0087,2
DOI:10.1007/s10676-011-9279-1,DOI:10.3917/rai.019.0193,2
DOI:10.1007/s10676-011-9279-1,DOI:10.3917/res.212.0207,2
DOI:10.1007/s10676-011-9279-1,DOI:10.3917/zil.005.0208],2
DOI:10.1007/s10676-011-9279-1,DOI:10.4000/ethiquepublique.995],2
DOI:10.1007/s10676-011-9279-1,DOI:10.4000/quaderni.2216,2
DOI:10.1007/s10676-011-9279-1,DOI:10.4000/quaderni.2234],2
DOI:10.1007/s10676-011-9279-1,DOI:10.4000/sdt.14802],2
DOI:10.1007/s10676-011-9279-1,DOI:10.48550/arxiv.1810.00184],2
DOI:10.1007/s10676-011-9279-1,"DUMOUCHEL P., 2016, ROBOT. IL GRANDE ATLANTE VISIVO SUL ROBOT, DALL'ANTICA GRECIA ALLE INTELLIGENZE ARTIFICIALI, 24 ORE CULTURA",2
DOI:10.1007/s10676-011-9279-1,"ERASMUS ADRIAN, 2021, PHILOS TECHNOL, V34, P833, DOI [10.1007/S13347-020-00435-2, 10.1007/S13347-020-00435-2]",2
DOI:10.1007/s10676-011-9279-1,"FOUCAULT MICHEL., 1969, ARCHAEOLOGY KNOWLEDG",2
DOI:10.1007/s10676-011-9279-1,"FRANCK G., 2014, L'ECONOMIE DE L'ATTENTION, P55",2
DOI:10.1007/s10676-011-9279-1,"FROIDEVAUX C, 2022, POUR UNE ETHIQUE DU NUMERIQUE, P41",2
DOI:10.1007/s10676-011-9279-1,"FUCHS C, 2014, DIGITAL LABOUR AND KARL MARX, P1",2
DOI:10.1007/s10676-011-9279-1,"GIBERT M., 2021, FAIRE MORALE ROBOTS",2
DOI:10.1007/s10676-011-9279-1,"GUNKEL DJ, 2018, ROBOT RIGHTS",2
DOI:10.1007/s10676-011-9279-1,"HAIYI ZHU, 2018, PROCEEDINGS OF THE ACM ON HUMAN-COMPUTER INTERACTION, V2, DOI [10.1145/3274463, 10.1145/3274463]",2
DOI:10.1007/s10676-011-9279-1,"HOWARD P.N., 2015, PAX TECHNICA: HOW THE INTERNET OF THINGS MAY SET US FREE OR LOCK US UP",2
DOI:10.1007/s10676-011-9279-1,"HURSTHOUSE ROSALIND., 1999, ON VIRTUE ETHICS",2
DOI:10.1007/s10676-011-9279-1,"KANT E., 1989, CRITIQUE RAISON PRAT",2
DOI:10.1007/s10676-011-9279-1,"KERVEGAN J.-F., 2012, ARCH PHILOS, P199",2
DOI:10.1007/s10676-011-9279-1,"LEROI-GOURHAN A., 1995, GESTE PAROLE, VI",2
DOI:10.1007/s10676-011-9279-1,"MCCONNELL TERRANCE., 2018, THE STANFORD ENCYCLOPEDIA OF PHILOSOPHY",2
DOI:10.1007/s10676-011-9279-1,"MIT, 2016, MORAL MACHINES",2
DOI:10.1007/s10676-011-9279-1,"NEVEJANS NATHALIE, 2017, TRAITE DE DROIT ET D'ETHIQUE DE LA ROBOTIQUE CIVILE, VLEH",2
DOI:10.1007/s10676-011-9279-1,"OGIEN R., 2008, CONCEPTS ETHIQUE FAU",2
DOI:10.1007/s10676-011-9279-1,"OGIEN RUWEN., 2007, LETHIQUE AUJOURDHUI. MAXIMALISTES ET MINIMALISTES",2
DOI:10.1007/s10676-011-9279-1,"ONEIL C., 2018, ALGORITHMES BOMBE RE",2
DOI:10.1007/s10676-011-9279-1,"ORSI FRANCESCO., 2015, VALUE THEORY",2
DOI:10.1007/s10676-011-9279-1,"PEDERSEN ISABEL., 2020, EMBODIED COMPUTING: WEARABLES, IMPLANTABLES, EMBEDDABLES, INGESTIBLES",2
DOI:10.1007/s10676-011-9279-1,"POPPER K., 1973, LOGIQUE DECOUVERTE S",2
DOI:10.1007/s10676-011-9279-1,"RAWLS J., 1999, THEORIE DE LA JUSTICE",2
DOI:10.1007/s10676-011-9279-1,"REBER B., 2014, TERMINAL TECHNOLOGIE, V119",2
DOI:10.1007/s10676-011-9279-1,"SCHNAPPER D., 2012, COMPREHENSION SOCIOL",2
DOI:10.1007/s10676-011-9279-1,"THOMSON JUDITH J, 1976, MONIST, V59, P204",2
DOI:10.1007/s10676-011-9279-1,"VINCENT ANDRE, 1963, ARCHIVES DE PHILOSOPHIE DU DROIT, V8, P237",2
DOI:10.1007/s10676-011-9279-1,"[ANONYMOUS], 2013, SCI TECHNIQUES SOC",2
DOI:10.1007/s10676-011-9279-1,"[ANONYMOUS], 2013, SMART CITIES: THEORIE ET CRITIQUE D'UN IDEAL AUTOREALISATEUR",2
DOI:10.1007/s10677-016-9745-2,DOI:10.1007/s11948-019-00096-1,2
DOI:10.1007/s10677-016-9745-2,DOI:10.1007/s12130-010-9113-9],2
DOI:10.1007/s10677-016-9745-2,DOI:10.1007/s13347-020-00432-5],2
DOI:10.1007/s10677-016-9745-2,DOI:10.1007/s13347-021-00449-4],2
DOI:10.1007/s10677-016-9745-2,DOI:10.1007/s13347-021-00468-1],2
DOI:10.1007/s10677-016-9745-2,DOI:10.1016/j.inffus.2019.12.012,2
DOI:10.1007/s10677-016-9745-2,DOI:10.1016/j.inffus.2021.05.009,2
DOI:10.1007/s10677-016-9745-2,DOI:10.1073/pnas.1900654116,2
DOI:10.1007/s10677-016-9745-2,DOI:10.1086/291922,2
DOI:10.1007/s10677-016-9745-2,DOI:10.1093/0199252866.003.0002],3
DOI:10.1007/s10677-016-9745-2,DOI:10.1093/acprof:oso/9780190498511.001.0001,2
DOI:10.1007/s10677-016-9745-2,DOI:10.1126/science.aan8871,2
DOI:10.1007/s10677-016-9745-2,DOI:10.1126/scirobotics.aay7120,2
DOI:10.1007/s10677-016-9745-2,DOI:10.1145/3144592.3144598,2
DOI:10.1007/s10677-016-9745-2,DOI:10.1145/3287560.3287598,2
DOI:10.1007/s10677-016-9745-2,DOI:10.1609/aimag.v38i3.2741,2
DOI:10.1007/s10677-016-9745-2,DOI:10.17351/ests2020.277,2
DOI:10.1007/s10677-016-9745-2,DOI:10.3390/bdcc3010005,2
DOI:10.1007/s10677-016-9745-2,DOI:10.3406/reso.2000.2235,2
DOI:10.1007/s10677-016-9745-2,DOI:10.3917/comm.164.0911],2
DOI:10.1007/s10677-016-9745-2,DOI:10.3917/commu.088.0149],2
DOI:10.1007/s10677-016-9745-2,DOI:10.3917/ls.135.0087,2
DOI:10.1007/s10677-016-9745-2,DOI:10.3917/rai.019.0193,2
DOI:10.1007/s10677-016-9745-2,DOI:10.3917/res.212.0207,2
DOI:10.1007/s10677-016-9745-2,DOI:10.3917/zil.005.0208],2
DOI:10.1007/s10677-016-9745-2,DOI:10.4000/ethiquepublique.995],2
DOI:10.1007/s10677-016-9745-2,DOI:10.4000/quaderni.2216,2
DOI:10.1007/s10677-016-9745-2,DOI:10.4000/quaderni.2234],2
DOI:10.1007/s10677-016-9745-2,DOI:10.4000/sdt.14802],2
DOI:10.1007/s10677-016-9745-2,DOI:10.48550/arxiv.1810.00184],2
DOI:10.1007/s10677-016-9745-2,"DUMOUCHEL P., 2016, ROBOT. IL GRANDE ATLANTE VISIVO SUL ROBOT, DALL'ANTICA GRECIA ALLE INTELLIGENZE ARTIFICIALI, 24 ORE CULTURA",2
DOI:10.1007/s10677-016-9745-2,"ERASMUS ADRIAN, 2021, PHILOS TECHNOL, V34, P833, DOI [10.1007/S13347-020-00435-2, 10.1007/S13347-020-00435-2]",2
DOI:10.1007/s10677-016-9745-2,"FOUCAULT MICHEL., 1969, ARCHAEOLOGY KNOWLEDG",2
DOI:10.1007/s10677-016-9745-2,"FRANCK G., 2014, L'ECONOMIE DE L'ATTENTION, P55",2
DOI:10.1007/s10677-016-9745-2,"FROIDEVAUX C, 2022, POUR UNE ETHIQUE DU NUMERIQUE, P41",2
DOI:10.1007/s10677-016-9745-2,"FUCHS C, 2014, DIGITAL LABOUR AND KARL MARX, P1",2
DOI:10.1007/s10677-016-9745-2,"GIBERT M., 2021, FAIRE MORALE ROBOTS",2
DOI:10.1007/s10677-016-9745-2,"GUNKEL DJ, 2018, ROBOT RIGHTS",2
DOI:10.1007/s10677-016-9745-2,"HAIYI ZHU, 2018, PROCEEDINGS OF THE ACM ON HUMAN-COMPUTER INTERACTION, V2, DOI [10.1145/3274463, 10.1145/3274463]",2
DOI:10.1007/s10677-016-9745-2,"HOWARD P.N., 2015, PAX TECHNICA: HOW THE INTERNET OF THINGS MAY SET US FREE OR LOCK US UP",2
DOI:10.1007/s10677-016-9745-2,"HURSTHOUSE ROSALIND., 1999, ON VIRTUE ETHICS",2
DOI:10.1007/s10677-016-9745-2,"KANT E., 1989, CRITIQUE RAISON PRAT",2
DOI:10.1007/s10677-016-9745-2,"KERVEGAN J.-F., 2012, ARCH PHILOS, P199",2
DOI:10.1007/s10677-016-9745-2,"LEROI-GOURHAN A., 1995, GESTE PAROLE, VI",2
DOI:10.1007/s10677-016-9745-2,"MCCONNELL TERRANCE., 2018, THE STANFORD ENCYCLOPEDIA OF PHILOSOPHY",2
DOI:10.1007/s10677-016-9745-2,"MIT, 2016, MORAL MACHINES",2
DOI:10.1007/s10677-016-9745-2,"NEVEJANS NATHALIE, 2017, TRAITE DE DROIT ET D'ETHIQUE DE LA ROBOTIQUE CIVILE, VLEH",2
DOI:10.1007/s10677-016-9745-2,"OGIEN R., 2008, CONCEPTS ETHIQUE FAU",2
DOI:10.1007/s10677-016-9745-2,"OGIEN RUWEN., 2007, LETHIQUE AUJOURDHUI. MAXIMALISTES ET MINIMALISTES",2
DOI:10.1007/s10677-016-9745-2,"ONEIL C., 2018, ALGORITHMES BOMBE RE",2
DOI:10.1007/s10677-016-9745-2,"ORSI FRANCESCO., 2015, VALUE THEORY",2
DOI:10.1007/s10677-016-9745-2,"PEDERSEN ISABEL., 2020, EMBODIED COMPUTING: WEARABLES, IMPLANTABLES, EMBEDDABLES, INGESTIBLES",2
DOI:10.1007/s10677-016-9745-2,"POPPER K., 1973, LOGIQUE DECOUVERTE S",2
DOI:10.1007/s10677-016-9745-2,"RAWLS J., 1999, THEORIE DE LA JUSTICE",2
DOI:10.1007/s10677-016-9745-2,"REBER B., 2014, TERMINAL TECHNOLOGIE, V119",2
DOI:10.1007/s10677-016-9745-2,"SCHNAPPER D., 2012, COMPREHENSION SOCIOL",2
DOI:10.1007/s10677-016-9745-2,"THOMSON JUDITH J, 1976, MONIST, V59, P204",2
DOI:10.1007/s10677-016-9745-2,"VINCENT ANDRE, 1963, ARCHIVES DE PHILOSOPHIE DU DROIT, V8, P237",2
DOI:10.1007/s10677-016-9745-2,"[ANONYMOUS], 2013, SCI TECHNIQUES SOC",2
DOI:10.1007/s10677-016-9745-2,"[ANONYMOUS], 2013, SMART CITIES: THEORIE ET CRITIQUE D'UN IDEAL AUTOREALISATEUR",2
DOI:10.1007/s10677-016-9745-2,DOI:10.1007/s11948-014-9565-5,2
DOI:10.1007/s10677-016-9745-2,DOI:10.1126/science.aaf2654,2
DOI:10.1007/s11948-019-00096-1,DOI:10.1007/s12130-010-9113-9],2
DOI:10.1007/s11948-019-00096-1,DOI:10.1007/s13347-020-00432-5],2
DOI:10.1007/s11948-019-00096-1,DOI:10.1007/s13347-021-00449-4],2
DOI:10.1007/s11948-019-00096-1,DOI:10.1007/s13347-021-00468-1],2
DOI:10.1007/s11948-019-00096-1,DOI:10.1016/j.inffus.2019.12.012,2
DOI:10.1007/s11948-019-00096-1,DOI:10.1016/j.inffus.2021.05.009,2
DOI:10.1007/s11948-019-00096-1,DOI:10.1073/pnas.1900654116,2
DOI:10.1007/s11948-019-00096-1,DOI:10.1086/291922,2
DOI:10.1007/s11948-019-00096-1,DOI:10.1093/0199252866.003.0002],2
DOI:10.1007/s11948-019-00096-1,DOI:10.1093/acprof:oso/9780190498511.001.0001,2
DOI:10.1007/s11948-019-00096-1,DOI:10.1126/science.aan8871,2
DOI:10.1007/s11948-019-00096-1,DOI:10.1126/scirobotics.aay7120,2
DOI:10.1007/s11948-019-00096-1,DOI:10.1145/3144592.3144598,2
DOI:10.1007/s11948-019-00096-1,DOI:10.1145/3287560.3287598,2
DOI:10.1007/s11948-019-00096-1,DOI:10.1609/aimag.v38i3.2741,2
DOI:10.1007/s11948-019-00096-1,DOI:10.17351/ests2020.277,2
DOI:10.1007/s11948-019-00096-1,DOI:10.3390/bdcc3010005,2
DOI:10.1007/s11948-019-00096-1,DOI:10.3406/reso.2000.2235,2
DOI:10.1007/s11948-019-00096-1,DOI:10.3917/comm.164.0911],2
DOI:10.1007/s11948-019-00096-1,DOI:10.3917/commu.088.0149],2
DOI:10.1007/s11948-019-00096-1,DOI:10.3917/ls.135.0087,2
DOI:10.1007/s11948-019-00096-1,DOI:10.3917/rai.019.0193,2
DOI:10.1007/s11948-019-00096-1,DOI:10.3917/res.212.0207,2
DOI:10.1007/s11948-019-00096-1,DOI:10.3917/zil.005.0208],2
DOI:10.1007/s11948-019-00096-1,DOI:10.4000/ethiquepublique.995],2
DOI:10.1007/s11948-019-00096-1,DOI:10.4000/quaderni.2216,2
DOI:10.1007/s11948-019-00096-1,DOI:10.4000/quaderni.2234],2
DOI:10.1007/s11948-019-00096-1,DOI:10.4000/sdt.14802],2
DOI:10.1007/s11948-019-00096-1,DOI:10.48550/arxiv.1810.00184],2
DOI:10.1007/s11948-019-00096-1,"DUMOUCHEL P., 2016, ROBOT. IL GRANDE ATLANTE VISIVO SUL ROBOT, DALL'ANTICA GRECIA ALLE INTELLIGENZE ARTIFICIALI, 24 ORE CULTURA",2
DOI:10.1007/s11948-019-00096-1,"ERASMUS ADRIAN, 2021, PHILOS TECHNOL, V34, P833, DOI [10.1007/S13347-020-00435-2, 10.1007/S13347-020-00435-2]",2
DOI:10.1007/s11948-019-00096-1,"FOUCAULT MICHEL., 1969, ARCHAEOLOGY KNOWLEDG",2
DOI:10.1007/s11948-019-00096-1,"FRANCK G., 2014, L'ECONOMIE DE L'ATTENTION, P55",2
DOI:10.1007/s11948-019-00096-1,"FROIDEVAUX C, 2022, POUR UNE ETHIQUE DU NUMERIQUE, P41",2
DOI:10.1007/s11948-019-00096-1,"FUCHS C, 2014, DIGITAL LABOUR AND KARL MARX, P1",2
DOI:10.1007/s11948-019-00096-1,"GIBERT M., 2021, FAIRE MORALE ROBOTS",2
DOI:10.1007/s11948-019-00096-1,"GUNKEL DJ, 2018, ROBOT RIGHTS",2
DOI:10.1007/s11948-019-00096-1,"HAIYI ZHU, 2018, PROCEEDINGS OF THE ACM ON HUMAN-COMPUTER INTERACTION, V2, DOI [10.1145/3274463, 10.1145/3274463]",2
DOI:10.1007/s11948-019-00096-1,"HOWARD P.N., 2015, PAX TECHNICA: HOW THE INTERNET OF THINGS MAY SET US FREE OR LOCK US UP",2
DOI:10.1007/s11948-019-00096-1,"HURSTHOUSE ROSALIND., 1999, ON VIRTUE ETHICS",2
DOI:10.1007/s11948-019-00096-1,"KANT E., 1989, CRITIQUE RAISON PRAT",2
DOI:10.1007/s11948-019-00096-1,"KERVEGAN J.-F., 2012, ARCH PHILOS, P199",2
DOI:10.1007/s11948-019-00096-1,"LEROI-GOURHAN A., 1995, GESTE PAROLE, VI",2
DOI:10.1007/s11948-019-00096-1,"MCCONNELL TERRANCE., 2018, THE STANFORD ENCYCLOPEDIA OF PHILOSOPHY",2
DOI:10.1007/s11948-019-00096-1,"MIT, 2016, MORAL MACHINES",2
DOI:10.1007/s11948-019-00096-1,"NEVEJANS NATHALIE, 2017, TRAITE DE DROIT ET D'ETHIQUE DE LA ROBOTIQUE CIVILE, VLEH",2
DOI:10.1007/s11948-019-00096-1,"OGIEN R., 2008, CONCEPTS ETHIQUE FAU",2
DOI:10.1007/s11948-019-00096-1,"OGIEN RUWEN., 2007, LETHIQUE AUJOURDHUI. MAXIMALISTES ET MINIMALISTES",2
DOI:10.1007/s11948-019-00096-1,"ONEIL C., 2018, ALGORITHMES BOMBE RE",2
DOI:10.1007/s11948-019-00096-1,"ORSI FRANCESCO., 2015, VALUE THEORY",2
DOI:10.1007/s11948-019-00096-1,"PEDERSEN ISABEL., 2020, EMBODIED COMPUTING: WEARABLES, IMPLANTABLES, EMBEDDABLES, INGESTIBLES",2
DOI:10.1007/s11948-019-00096-1,"POPPER K., 1973, LOGIQUE DECOUVERTE S",2
DOI:10.1007/s11948-019-00096-1,"RAWLS J., 1999, THEORIE DE LA JUSTICE",2
DOI:10.1007/s11948-019-00096-1,"REBER B., 2014, TERMINAL TECHNOLOGIE, V119",2
DOI:10.1007/s11948-019-00096-1,"SCHNAPPER D., 2012, COMPREHENSION SOCIOL",2
DOI:10.1007/s11948-019-00096-1,"THOMSON JUDITH J, 1976, MONIST, V59, P204",2
DOI:10.1007/s11948-019-00096-1,"VINCENT ANDRE, 1963, ARCHIVES DE PHILOSOPHIE DU DROIT, V8, P237",2
DOI:10.1007/s11948-019-00096-1,"[ANONYMOUS], 2013, SCI TECHNIQUES SOC",2
DOI:10.1007/s11948-019-00096-1,"[ANONYMOUS], 2013, SMART CITIES: THEORIE ET CRITIQUE D'UN IDEAL AUTOREALISATEUR",2
DOI:10.1007/s12130-010-9113-9],DOI:10.1007/s13347-020-00432-5],2
DOI:10.1007/s12130-010-9113-9],DOI:10.1007/s13347-021-00449-4],2
DOI:10.1007/s12130-010-9113-9],DOI:10.1007/s13347-021-00468-1],2
DOI:10.1007/s12130-010-9113-9],DOI:10.1016/j.inffus.2019.12.012,2
DOI:10.1007/s12130-010-9113-9],DOI:10.1016/j.inffus.2021.05.009,2
DOI:10.1007/s12130-010-9113-9],DOI:10.1073/pnas.1900654116,2
DOI:10.1007/s12130-010-9113-9],DOI:10.1086/291922,2
DOI:10.1007/s12130-010-9113-9],DOI:10.1093/0199252866.003.0002],2
DOI:10.1007/s12130-010-9113-9],DOI:10.1093/acprof:oso/9780190498511.001.0001,2
DOI:10.1007/s12130-010-9113-9],DOI:10.1126/science.aan8871,2
DOI:10.1007/s12130-010-9113-9],DOI:10.1126/scirobotics.aay7120,2
DOI:10.1007/s12130-010-9113-9],DOI:10.1145/3144592.3144598,2
DOI:10.1007/s12130-010-9113-9],DOI:10.1145/3287560.3287598,2
DOI:10.1007/s12130-010-9113-9],DOI:10.1609/aimag.v38i3.2741,2
DOI:10.1007/s12130-010-9113-9],DOI:10.17351/ests2020.277,2
DOI:10.1007/s12130-010-9113-9],DOI:10.3390/bdcc3010005,2
DOI:10.1007/s12130-010-9113-9],DOI:10.3406/reso.2000.2235,2
DOI:10.1007/s12130-010-9113-9],DOI:10.3917/comm.164.0911],2
DOI:10.1007/s12130-010-9113-9],DOI:10.3917/commu.088.0149],2
DOI:10.1007/s12130-010-9113-9],DOI:10.3917/ls.135.0087,2
DOI:10.1007/s12130-010-9113-9],DOI:10.3917/rai.019.0193,2
DOI:10.1007/s12130-010-9113-9],DOI:10.3917/res.212.0207,2
DOI:10.1007/s12130-010-9113-9],DOI:10.3917/zil.005.0208],2
DOI:10.1007/s12130-010-9113-9],DOI:10.4000/ethiquepublique.995],2
DOI:10.1007/s12130-010-9113-9],DOI:10.4000/quaderni.2216,2
DOI:10.1007/s12130-010-9113-9],DOI:10.4000/quaderni.2234],2
DOI:10.1007/s12130-010-9113-9],DOI:10.4000/sdt.14802],2
DOI:10.1007/s12130-010-9113-9],DOI:10.48550/arxiv.1810.00184],2
DOI:10.1007/s12130-010-9113-9],"DUMOUCHEL P., 2016, ROBOT. IL GRANDE ATLANTE VISIVO SUL ROBOT, DALL'ANTICA GRECIA ALLE INTELLIGENZE ARTIFICIALI, 24 ORE CULTURA",2
DOI:10.1007/s12130-010-9113-9],"ERASMUS ADRIAN, 2021, PHILOS TECHNOL, V34, P833, DOI [10.1007/S13347-020-00435-2, 10.1007/S13347-020-00435-2]",2
DOI:10.1007/s12130-010-9113-9],"FOUCAULT MICHEL., 1969, ARCHAEOLOGY KNOWLEDG",2
DOI:10.1007/s12130-010-9113-9],"FRANCK G., 2014, L'ECONOMIE DE L'ATTENTION, P55",2
DOI:10.1007/s12130-010-9113-9],"FROIDEVAUX C, 2022, POUR UNE ETHIQUE DU NUMERIQUE, P41",2
DOI:10.1007/s12130-010-9113-9],"FUCHS C, 2014, DIGITAL LABOUR AND KARL MARX, P1",2
DOI:10.1007/s12130-010-9113-9],"GIBERT M., 2021, FAIRE MORALE ROBOTS",2
DOI:10.1007/s12130-010-9113-9],"GUNKEL DJ, 2018, ROBOT RIGHTS",2
DOI:10.1007/s12130-010-9113-9],"HAIYI ZHU, 2018, PROCEEDINGS OF THE ACM ON HUMAN-COMPUTER INTERACTION, V2, DOI [10.1145/3274463, 10.1145/3274463]",2
DOI:10.1007/s12130-010-9113-9],"HOWARD P.N., 2015, PAX TECHNICA: HOW THE INTERNET OF THINGS MAY SET US FREE OR LOCK US UP",2
DOI:10.1007/s12130-010-9113-9],"HURSTHOUSE ROSALIND., 1999, ON VIRTUE ETHICS",2
DOI:10.1007/s12130-010-9113-9],"KANT E., 1989, CRITIQUE RAISON PRAT",2
DOI:10.1007/s12130-010-9113-9],"KERVEGAN J.-F., 2012, ARCH PHILOS, P199",2
DOI:10.1007/s12130-010-9113-9],"LEROI-GOURHAN A., 1995, GESTE PAROLE, VI",2
DOI:10.1007/s12130-010-9113-9],"MCCONNELL TERRANCE., 2018, THE STANFORD ENCYCLOPEDIA OF PHILOSOPHY",2
DOI:10.1007/s12130-010-9113-9],"MIT, 2016, MORAL MACHINES",2
DOI:10.1007/s12130-010-9113-9],"NEVEJANS NATHALIE, 2017, TRAITE DE DROIT ET D'ETHIQUE DE LA ROBOTIQUE CIVILE, VLEH",2
DOI:10.1007/s12130-010-9113-9],"OGIEN R., 2008, CONCEPTS ETHIQUE FAU",2
DOI:10.1007/s12130-010-9113-9],"OGIEN RUWEN., 2007, LETHIQUE AUJOURDHUI. MAXIMALISTES ET MINIMALISTES",2
DOI:10.1007/s12130-010-9113-9],"ONEIL C., 2018, ALGORITHMES BOMBE RE",2
DOI:10.1007/s12130-010-9113-9],"ORSI FRANCESCO., 2015, VALUE THEORY",2
DOI:10.1007/s12130-010-9113-9],"PEDERSEN ISABEL., 2020, EMBODIED COMPUTING: WEARABLES, IMPLANTABLES, EMBEDDABLES, INGESTIBLES",2
DOI:10.1007/s12130-010-9113-9],"POPPER K., 1973, LOGIQUE DECOUVERTE S",2
DOI:10.1007/s12130-010-9113-9],"RAWLS J., 1999, THEORIE DE LA JUSTICE",2
DOI:10.1007/s12130-010-9113-9],"REBER B., 2014, TERMINAL TECHNOLOGIE, V119",2
DOI:10.1007/s12130-010-9113-9],"SCHNAPPER D., 2012, COMPREHENSION SOCIOL",2
DOI:10.1007/s12130-010-9113-9],"THOMSON JUDITH J, 1976, MONIST, V59, P204",2
DOI:10.1007/s12130-010-9113-9],"VINCENT ANDRE, 1963, ARCHIVES DE PHILOSOPHIE DU DROIT, V8, P237",2
DOI:10.1007/s12130-010-9113-9],"[ANONYMOUS], 2013, SCI TECHNIQUES SOC",2
DOI:10.1007/s12130-010-9113-9],"[ANONYMOUS], 2013, SMART CITIES: THEORIE ET CRITIQUE D'UN IDEAL AUTOREALISATEUR",2
DOI:10.1007/s13347-020-00432-5],DOI:10.1007/s13347-021-00449-4],2
DOI:10.1007/s13347-020-00432-5],DOI:10.1007/s13347-021-00468-1],2
DOI:10.1007/s13347-020-00432-5],DOI:10.1016/j.inffus.2019.12.012,2
DOI:10.1007/s13347-020-00432-5],DOI:10.1016/j.inffus.2021.05.009,2
DOI:10.1007/s13347-020-00432-5],DOI:10.1073/pnas.1900654116,2
DOI:10.1007/s13347-020-00432-5],DOI:10.1086/291922,2
DOI:10.1007/s13347-020-00432-5],DOI:10.1093/0199252866.003.0002],2
DOI:10.1007/s13347-020-00432-5],DOI:10.1093/acprof:oso/9780190498511.001.0001,2
DOI:10.1007/s13347-020-00432-5],DOI:10.1126/science.aan8871,2
DOI:10.1007/s13347-020-00432-5],DOI:10.1126/scirobotics.aay7120,2
DOI:10.1007/s13347-020-00432-5],DOI:10.1145/3144592.3144598,2
DOI:10.1007/s13347-020-00432-5],DOI:10.1145/3287560.3287598,2
DOI:10.1007/s13347-020-00432-5],DOI:10.1609/aimag.v38i3.2741,2
DOI:10.1007/s13347-020-00432-5],DOI:10.17351/ests2020.277,2
DOI:10.1007/s13347-020-00432-5],DOI:10.3390/bdcc3010005,2
DOI:10.1007/s13347-020-00432-5],DOI:10.3406/reso.2000.2235,2
DOI:10.1007/s13347-020-00432-5],DOI:10.3917/comm.164.0911],2
DOI:10.1007/s13347-020-00432-5],DOI:10.3917/commu.088.0149],2
DOI:10.1007/s13347-020-00432-5],DOI:10.3917/ls.135.0087,2
DOI:10.1007/s13347-020-00432-5],DOI:10.3917/rai.019.0193,2
DOI:10.1007/s13347-020-00432-5],DOI:10.3917/res.212.0207,2
DOI:10.1007/s13347-020-00432-5],DOI:10.3917/zil.005.0208],2
DOI:10.1007/s13347-020-00432-5],DOI:10.4000/ethiquepublique.995],2
DOI:10.1007/s13347-020-00432-5],DOI:10.4000/quaderni.2216,2
DOI:10.1007/s13347-020-00432-5],DOI:10.4000/quaderni.2234],2
DOI:10.1007/s13347-020-00432-5],DOI:10.4000/sdt.14802],2
DOI:10.1007/s13347-020-00432-5],DOI:10.48550/arxiv.1810.00184],2
DOI:10.1007/s13347-020-00432-5],"DUMOUCHEL P., 2016, ROBOT. IL GRANDE ATLANTE VISIVO SUL ROBOT, DALL'ANTICA GRECIA ALLE INTELLIGENZE ARTIFICIALI, 24 ORE CULTURA",2
DOI:10.1007/s13347-020-00432-5],"ERASMUS ADRIAN, 2021, PHILOS TECHNOL, V34, P833, DOI [10.1007/S13347-020-00435-2, 10.1007/S13347-020-00435-2]",2
DOI:10.1007/s13347-020-00432-5],"FOUCAULT MICHEL., 1969, ARCHAEOLOGY KNOWLEDG",2
DOI:10.1007/s13347-020-00432-5],"FRANCK G., 2014, L'ECONOMIE DE L'ATTENTION, P55",2
DOI:10.1007/s13347-020-00432-5],"FROIDEVAUX C, 2022, POUR UNE ETHIQUE DU NUMERIQUE, P41",2
DOI:10.1007/s13347-020-00432-5],"FUCHS C, 2014, DIGITAL LABOUR AND KARL MARX, P1",2
DOI:10.1007/s13347-020-00432-5],"GIBERT M., 2021, FAIRE MORALE ROBOTS",2
DOI:10.1007/s13347-020-00432-5],"GUNKEL DJ, 2018, ROBOT RIGHTS",2
DOI:10.1007/s13347-020-00432-5],"HAIYI ZHU, 2018, PROCEEDINGS OF THE ACM ON HUMAN-COMPUTER INTERACTION, V2, DOI [10.1145/3274463, 10.1145/3274463]",2
DOI:10.1007/s13347-020-00432-5],"HOWARD P.N., 2015, PAX TECHNICA: HOW THE INTERNET OF THINGS MAY SET US FREE OR LOCK US UP",2
DOI:10.1007/s13347-020-00432-5],"HURSTHOUSE ROSALIND., 1999, ON VIRTUE ETHICS",2
DOI:10.1007/s13347-020-00432-5],"KANT E., 1989, CRITIQUE RAISON PRAT",2
DOI:10.1007/s13347-020-00432-5],"KERVEGAN J.-F., 2012, ARCH PHILOS, P199",2
DOI:10.1007/s13347-020-00432-5],"LEROI-GOURHAN A., 1995, GESTE PAROLE, VI",2
DOI:10.1007/s13347-020-00432-5],"MCCONNELL TERRANCE., 2018, THE STANFORD ENCYCLOPEDIA OF PHILOSOPHY",2
DOI:10.1007/s13347-020-00432-5],"MIT, 2016, MORAL MACHINES",2
DOI:10.1007/s13347-020-00432-5],"NEVEJANS NATHALIE, 2017, TRAITE DE DROIT ET D'ETHIQUE DE LA ROBOTIQUE CIVILE, VLEH",2
DOI:10.1007/s13347-020-00432-5],"OGIEN R., 2008, CONCEPTS ETHIQUE FAU",2
DOI:10.1007/s13347-020-00432-5],"OGIEN RUWEN., 2007, LETHIQUE AUJOURDHUI. MAXIMALISTES ET MINIMALISTES",2
DOI:10.1007/s13347-020-00432-5],"ONEIL C., 2018, ALGORITHMES BOMBE RE",2
DOI:10.1007/s13347-020-00432-5],"ORSI FRANCESCO., 2015, VALUE THEORY",2
DOI:10.1007/s13347-020-00432-5],"PEDERSEN ISABEL., 2020, EMBODIED COMPUTING: WEARABLES, IMPLANTABLES, EMBEDDABLES, INGESTIBLES",2
DOI:10.1007/s13347-020-00432-5],"POPPER K., 1973, LOGIQUE DECOUVERTE S",2
DOI:10.1007/s13347-020-00432-5],"RAWLS J., 1999, THEORIE DE LA JUSTICE",2
DOI:10.1007/s13347-020-00432-5],"REBER B., 2014, TERMINAL TECHNOLOGIE, V119",2
DOI:10.1007/s13347-020-00432-5],"SCHNAPPER D., 2012, COMPREHENSION SOCIOL",2
DOI:10.1007/s13347-020-00432-5],"THOMSON JUDITH J, 1976, MONIST, V59, P204",2
DOI:10.1007/s13347-020-00432-5],"VINCENT ANDRE, 1963, ARCHIVES DE PHILOSOPHIE DU DROIT, V8, P237",2
DOI:10.1007/s13347-020-00432-5],"[ANONYMOUS], 2013, SCI TECHNIQUES SOC",2
DOI:10.1007/s13347-020-00432-5],"[ANONYMOUS], 2013, SMART CITIES: THEORIE ET CRITIQUE D'UN IDEAL AUTOREALISATEUR",2
DOI:10.1007/s13347-021-00449-4],DOI:10.1007/s13347-021-00468-1],2
DOI:10.1007/s13347-021-00449-4],DOI:10.1016/j.inffus.2019.12.012,2
DOI:10.1007/s13347-021-00449-4],DOI:10.1016/j.inffus.2021.05.009,2
DOI:10.1007/s13347-021-00449-4],DOI:10.1073/pnas.1900654116,2
DOI:10.1007/s13347-021-00449-4],DOI:10.1086/291922,2
DOI:10.1007/s13347-021-00449-4],DOI:10.1093/0199252866.003.0002],2
DOI:10.1007/s13347-021-00449-4],DOI:10.1093/acprof:oso/9780190498511.001.0001,2
DOI:10.1007/s13347-021-00449-4],DOI:10.1126/science.aan8871,2
DOI:10.1007/s13347-021-00449-4],DOI:10.1126/scirobotics.aay7120,2
DOI:10.1007/s13347-021-00449-4],DOI:10.1145/3144592.3144598,2
DOI:10.1007/s13347-021-00449-4],DOI:10.1145/3287560.3287598,2
DOI:10.1007/s13347-021-00449-4],DOI:10.1609/aimag.v38i3.2741,2
DOI:10.1007/s13347-021-00449-4],DOI:10.17351/ests2020.277,2
DOI:10.1007/s13347-021-00449-4],DOI:10.3390/bdcc3010005,2
DOI:10.1007/s13347-021-00449-4],DOI:10.3406/reso.2000.2235,2
DOI:10.1007/s13347-021-00449-4],DOI:10.3917/comm.164.0911],2
DOI:10.1007/s13347-021-00449-4],DOI:10.3917/commu.088.0149],2
DOI:10.1007/s13347-021-00449-4],DOI:10.3917/ls.135.0087,2
DOI:10.1007/s13347-021-00449-4],DOI:10.3917/rai.019.0193,2
DOI:10.1007/s13347-021-00449-4],DOI:10.3917/res.212.0207,2
DOI:10.1007/s13347-021-00449-4],DOI:10.3917/zil.005.0208],2
DOI:10.1007/s13347-021-00449-4],DOI:10.4000/ethiquepublique.995],2
DOI:10.1007/s13347-021-00449-4],DOI:10.4000/quaderni.2216,2
DOI:10.1007/s13347-021-00449-4],DOI:10.4000/quaderni.2234],2
DOI:10.1007/s13347-021-00449-4],DOI:10.4000/sdt.14802],2
DOI:10.1007/s13347-021-00449-4],DOI:10.48550/arxiv.1810.00184],2
DOI:10.1007/s13347-021-00449-4],"DUMOUCHEL P., 2016, ROBOT. IL GRANDE ATLANTE VISIVO SUL ROBOT, DALL'ANTICA GRECIA ALLE INTELLIGENZE ARTIFICIALI, 24 ORE CULTURA",2
DOI:10.1007/s13347-021-00449-4],"ERASMUS ADRIAN, 2021, PHILOS TECHNOL, V34, P833, DOI [10.1007/S13347-020-00435-2, 10.1007/S13347-020-00435-2]",2
DOI:10.1007/s13347-021-00449-4],"FOUCAULT MICHEL., 1969, ARCHAEOLOGY KNOWLEDG",2
DOI:10.1007/s13347-021-00449-4],"FRANCK G., 2014, L'ECONOMIE DE L'ATTENTION, P55",2
DOI:10.1007/s13347-021-00449-4],"FROIDEVAUX C, 2022, POUR UNE ETHIQUE DU NUMERIQUE, P41",2
DOI:10.1007/s13347-021-00449-4],"FUCHS C, 2014, DIGITAL LABOUR AND KARL MARX, P1",2
DOI:10.1007/s13347-021-00449-4],"GIBERT M., 2021, FAIRE MORALE ROBOTS",2
DOI:10.1007/s13347-021-00449-4],"GUNKEL DJ, 2018, ROBOT RIGHTS",2
DOI:10.1007/s13347-021-00449-4],"HAIYI ZHU, 2018, PROCEEDINGS OF THE ACM ON HUMAN-COMPUTER INTERACTION, V2, DOI [10.1145/3274463, 10.1145/3274463]",2
DOI:10.1007/s13347-021-00449-4],"HOWARD P.N., 2015, PAX TECHNICA: HOW THE INTERNET OF THINGS MAY SET US FREE OR LOCK US UP",2
DOI:10.1007/s13347-021-00449-4],"HURSTHOUSE ROSALIND., 1999, ON VIRTUE ETHICS",2
DOI:10.1007/s13347-021-00449-4],"KANT E., 1989, CRITIQUE RAISON PRAT",2
DOI:10.1007/s13347-021-00449-4],"KERVEGAN J.-F., 2012, ARCH PHILOS, P199",2
DOI:10.1007/s13347-021-00449-4],"LEROI-GOURHAN A., 1995, GESTE PAROLE, VI",2
DOI:10.1007/s13347-021-00449-4],"MCCONNELL TERRANCE., 2018, THE STANFORD ENCYCLOPEDIA OF PHILOSOPHY",2
DOI:10.1007/s13347-021-00449-4],"MIT, 2016, MORAL MACHINES",2
DOI:10.1007/s13347-021-00449-4],"NEVEJANS NATHALIE, 2017, TRAITE DE DROIT ET D'ETHIQUE DE LA ROBOTIQUE CIVILE, VLEH",2
DOI:10.1007/s13347-021-00449-4],"OGIEN R., 2008, CONCEPTS ETHIQUE FAU",2
DOI:10.1007/s13347-021-00449-4],"OGIEN RUWEN., 2007, LETHIQUE AUJOURDHUI. MAXIMALISTES ET MINIMALISTES",2
DOI:10.1007/s13347-021-00449-4],"ONEIL C., 2018, ALGORITHMES BOMBE RE",2
DOI:10.1007/s13347-021-00449-4],"ORSI FRANCESCO., 2015, VALUE THEORY",2
DOI:10.1007/s13347-021-00449-4],"PEDERSEN ISABEL., 2020, EMBODIED COMPUTING: WEARABLES, IMPLANTABLES, EMBEDDABLES, INGESTIBLES",2
DOI:10.1007/s13347-021-00449-4],"POPPER K., 1973, LOGIQUE DECOUVERTE S",2
DOI:10.1007/s13347-021-00449-4],"RAWLS J., 1999, THEORIE DE LA JUSTICE",2
DOI:10.1007/s13347-021-00449-4],"REBER B., 2014, TERMINAL TECHNOLOGIE, V119",2
DOI:10.1007/s13347-021-00449-4],"SCHNAPPER D., 2012, COMPREHENSION SOCIOL",2
DOI:10.1007/s13347-021-00449-4],"THOMSON JUDITH J, 1976, MONIST, V59, P204",2
DOI:10.1007/s13347-021-00449-4],"VINCENT ANDRE, 1963, ARCHIVES DE PHILOSOPHIE DU DROIT, V8, P237",2
DOI:10.1007/s13347-021-00449-4],"[ANONYMOUS], 2013, SCI TECHNIQUES SOC",2
DOI:10.1007/s13347-021-00449-4],"[ANONYMOUS], 2013, SMART CITIES: THEORIE ET CRITIQUE D'UN IDEAL AUTOREALISATEUR",2
DOI:10.1007/s13347-021-00468-1],DOI:10.1016/j.inffus.2019.12.012,2
DOI:10.1007/s13347-021-00468-1],DOI:10.1016/j.inffus.2021.05.009,2
DOI:10.1007/s13347-021-00468-1],DOI:10.1073/pnas.1900654116,2
DOI:10.1007/s13347-021-00468-1],DOI:10.1086/291922,2
DOI:10.1007/s13347-021-00468-1],DOI:10.1093/0199252866.003.0002],2
DOI:10.1007/s13347-021-00468-1],DOI:10.1093/acprof:oso/9780190498511.001.0001,2
DOI:10.1007/s13347-021-00468-1],DOI:10.1126/science.aan8871,2
DOI:10.1007/s13347-021-00468-1],DOI:10.1126/scirobotics.aay7120,2
DOI:10.1007/s13347-021-00468-1],DOI:10.1145/3144592.3144598,2
DOI:10.1007/s13347-021-00468-1],DOI:10.1145/3287560.3287598,2
DOI:10.1007/s13347-021-00468-1],DOI:10.1609/aimag.v38i3.2741,2
DOI:10.1007/s13347-021-00468-1],DOI:10.17351/ests2020.277,2
DOI:10.1007/s13347-021-00468-1],DOI:10.3390/bdcc3010005,2
DOI:10.1007/s13347-021-00468-1],DOI:10.3406/reso.2000.2235,2
DOI:10.1007/s13347-021-00468-1],DOI:10.3917/comm.164.0911],2
DOI:10.1007/s13347-021-00468-1],DOI:10.3917/commu.088.0149],2
DOI:10.1007/s13347-021-00468-1],DOI:10.3917/ls.135.0087,2
DOI:10.1007/s13347-021-00468-1],DOI:10.3917/rai.019.0193,2
DOI:10.1007/s13347-021-00468-1],DOI:10.3917/res.212.0207,2
DOI:10.1007/s13347-021-00468-1],DOI:10.3917/zil.005.0208],2
DOI:10.1007/s13347-021-00468-1],DOI:10.4000/ethiquepublique.995],2
DOI:10.1007/s13347-021-00468-1],DOI:10.4000/quaderni.2216,2
DOI:10.1007/s13347-021-00468-1],DOI:10.4000/quaderni.2234],2
DOI:10.1007/s13347-021-00468-1],DOI:10.4000/sdt.14802],2
DOI:10.1007/s13347-021-00468-1],DOI:10.48550/arxiv.1810.00184],2
DOI:10.1007/s13347-021-00468-1],"DUMOUCHEL P., 2016, ROBOT. IL GRANDE ATLANTE VISIVO SUL ROBOT, DALL'ANTICA GRECIA ALLE INTELLIGENZE ARTIFICIALI, 24 ORE CULTURA",2
DOI:10.1007/s13347-021-00468-1],"ERASMUS ADRIAN, 2021, PHILOS TECHNOL, V34, P833, DOI [10.1007/S13347-020-00435-2, 10.1007/S13347-020-00435-2]",2
DOI:10.1007/s13347-021-00468-1],"FOUCAULT MICHEL., 1969, ARCHAEOLOGY KNOWLEDG",2
DOI:10.1007/s13347-021-00468-1],"FRANCK G., 2014, L'ECONOMIE DE L'ATTENTION, P55",2
DOI:10.1007/s13347-021-00468-1],"FROIDEVAUX C, 2022, POUR UNE ETHIQUE DU NUMERIQUE, P41",2
DOI:10.1007/s13347-021-00468-1],"FUCHS C, 2014, DIGITAL LABOUR AND KARL MARX, P1",2
DOI:10.1007/s13347-021-00468-1],"GIBERT M., 2021, FAIRE MORALE ROBOTS",2
DOI:10.1007/s13347-021-00468-1],"GUNKEL DJ, 2018, ROBOT RIGHTS",2
DOI:10.1007/s13347-021-00468-1],"HAIYI ZHU, 2018, PROCEEDINGS OF THE ACM ON HUMAN-COMPUTER INTERACTION, V2, DOI [10.1145/3274463, 10.1145/3274463]",2
DOI:10.1007/s13347-021-00468-1],"HOWARD P.N., 2015, PAX TECHNICA: HOW THE INTERNET OF THINGS MAY SET US FREE OR LOCK US UP",2
DOI:10.1007/s13347-021-00468-1],"HURSTHOUSE ROSALIND., 1999, ON VIRTUE ETHICS",2
DOI:10.1007/s13347-021-00468-1],"KANT E., 1989, CRITIQUE RAISON PRAT",2
DOI:10.1007/s13347-021-00468-1],"KERVEGAN J.-F., 2012, ARCH PHILOS, P199",2
DOI:10.1007/s13347-021-00468-1],"LEROI-GOURHAN A., 1995, GESTE PAROLE, VI",2
DOI:10.1007/s13347-021-00468-1],"MCCONNELL TERRANCE., 2018, THE STANFORD ENCYCLOPEDIA OF PHILOSOPHY",2
DOI:10.1007/s13347-021-00468-1],"MIT, 2016, MORAL MACHINES",2
DOI:10.1007/s13347-021-00468-1],"NEVEJANS NATHALIE, 2017, TRAITE DE DROIT ET D'ETHIQUE DE LA ROBOTIQUE CIVILE, VLEH",2
DOI:10.1007/s13347-021-00468-1],"OGIEN R., 2008, CONCEPTS ETHIQUE FAU",2
DOI:10.1007/s13347-021-00468-1],"OGIEN RUWEN., 2007, LETHIQUE AUJOURDHUI. MAXIMALISTES ET MINIMALISTES",2
DOI:10.1007/s13347-021-00468-1],"ONEIL C., 2018, ALGORITHMES BOMBE RE",2
DOI:10.1007/s13347-021-00468-1],"ORSI FRANCESCO., 2015, VALUE THEORY",2
DOI:10.1007/s13347-021-00468-1],"PEDERSEN ISABEL., 2020, EMBODIED COMPUTING: WEARABLES, IMPLANTABLES, EMBEDDABLES, INGESTIBLES",2
DOI:10.1007/s13347-021-00468-1],"POPPER K., 1973, LOGIQUE DECOUVERTE S",2
DOI:10.1007/s13347-021-00468-1],"RAWLS J., 1999, THEORIE DE LA JUSTICE",2
DOI:10.1007/s13347-021-00468-1],"REBER B., 2014, TERMINAL TECHNOLOGIE, V119",2
DOI:10.1007/s13347-021-00468-1],"SCHNAPPER D., 2012, COMPREHENSION SOCIOL",2
DOI:10.1007/s13347-021-00468-1],"THOMSON JUDITH J, 1976, MONIST, V59, P204",2
DOI:10.1007/s13347-021-00468-1],"VINCENT ANDRE, 1963, ARCHIVES DE PHILOSOPHIE DU DROIT, V8, P237",2
DOI:10.1007/s13347-021-00468-1],"[ANONYMOUS], 2013, SCI TECHNIQUES SOC",2
DOI:10.1007/s13347-021-00468-1],"[ANONYMOUS], 2013, SMART CITIES: THEORIE ET CRITIQUE D'UN IDEAL AUTOREALISATEUR",2
DOI:10.1016/j.inffus.2019.12.012,DOI:10.1016/j.inffus.2021.05.009,2
DOI:10.1016/j.inffus.2019.12.012,DOI:10.1073/pnas.1900654116,2
DOI:10.1016/j.inffus.2019.12.012,DOI:10.1086/291922,2
DOI:10.1016/j.inffus.2019.12.012,DOI:10.1093/0199252866.003.0002],2
DOI:10.1016/j.inffus.2019.12.012,DOI:10.1093/acprof:oso/9780190498511.001.0001,2
DOI:10.1016/j.inffus.2019.12.012,DOI:10.1126/science.aan8871,2
DOI:10.1016/j.inffus.2019.12.012,DOI:10.1126/scirobotics.aay7120,4
DOI:10.1016/j.inffus.2019.12.012,DOI:10.1145/3144592.3144598,2
DOI:10.1016/j.inffus.2019.12.012,DOI:10.1145/3287560.3287598,2
DOI:10.1016/j.inffus.2019.12.012,DOI:10.1609/aimag.v38i3.2741,3
DOI:10.1016/j.inffus.2019.12.012,DOI:10.17351/ests2020.277,2
DOI:10.1016/j.inffus.2019.12.012,DOI:10.3390/bdcc3010005,2
DOI:10.1016/j.inffus.2019.12.012,DOI:10.3406/reso.2000.2235,2
DOI:10.1016/j.inffus.2019.12.012,DOI:10.3917/comm.164.0911],2
DOI:10.1016/j.inffus.2019.12.012,DOI:10.3917/commu.088.0149],2
DOI:10.1016/j.inffus.2019.12.012,DOI:10.3917/ls.135.0087,2
DOI:10.1016/j.inffus.2019.12.012,DOI:10.3917/rai.019.0193,2
DOI:10.1016/j.inffus.2019.12.012,DOI:10.3917/res.212.0207,2
DOI:10.1016/j.inffus.2019.12.012,DOI:10.3917/zil.005.0208],2
DOI:10.1016/j.inffus.2019.12.012,DOI:10.4000/ethiquepublique.995],2
DOI:10.1016/j.inffus.2019.12.012,DOI:10.4000/quaderni.2216,2
DOI:10.1016/j.inffus.2019.12.012,DOI:10.4000/quaderni.2234],2
DOI:10.1016/j.inffus.2019.12.012,DOI:10.4000/sdt.14802],2
DOI:10.1016/j.inffus.2019.12.012,DOI:10.48550/arxiv.1810.00184],2
DOI:10.1016/j.inffus.2019.12.012,"DUMOUCHEL P., 2016, ROBOT. IL GRANDE ATLANTE VISIVO SUL ROBOT, DALL'ANTICA GRECIA ALLE INTELLIGENZE ARTIFICIALI, 24 ORE CULTURA",2
DOI:10.1016/j.inffus.2019.12.012,"ERASMUS ADRIAN, 2021, PHILOS TECHNOL, V34, P833, DOI [10.1007/S13347-020-00435-2, 10.1007/S13347-020-00435-2]",2
DOI:10.1016/j.inffus.2019.12.012,"FOUCAULT MICHEL., 1969, ARCHAEOLOGY KNOWLEDG",2
DOI:10.1016/j.inffus.2019.12.012,"FRANCK G., 2014, L'ECONOMIE DE L'ATTENTION, P55",2
DOI:10.1016/j.inffus.2019.12.012,"FROIDEVAUX C, 2022, POUR UNE ETHIQUE DU NUMERIQUE, P41",2
DOI:10.1016/j.inffus.2019.12.012,"FUCHS C, 2014, DIGITAL LABOUR AND KARL MARX, P1",2
DOI:10.1016/j.inffus.2019.12.012,"GIBERT M., 2021, FAIRE MORALE ROBOTS",2
DOI:10.1016/j.inffus.2019.12.012,"GUNKEL DJ, 2018, ROBOT RIGHTS",3
DOI:10.1016/j.inffus.2019.12.012,"HAIYI ZHU, 2018, PROCEEDINGS OF THE ACM ON HUMAN-COMPUTER INTERACTION, V2, DOI [10.1145/3274463, 10.1145/3274463]",2
DOI:10.1016/j.inffus.2019.12.012,"HOWARD P.N., 2015, PAX TECHNICA: HOW THE INTERNET OF THINGS MAY SET US FREE OR LOCK US UP",2
DOI:10.1016/j.inffus.2019.12.012,"HURSTHOUSE ROSALIND., 1999, ON VIRTUE ETHICS",2
DOI:10.1016/j.inffus.2019.12.012,"KANT E., 1989, CRITIQUE RAISON PRAT",2
DOI:10.1016/j.inffus.2019.12.012,"KERVEGAN J.-F., 2012, ARCH PHILOS, P199",2
DOI:10.1016/j.inffus.2019.12.012,"LEROI-GOURHAN A., 1995, GESTE PAROLE, VI",2
DOI:10.1016/j.inffus.2019.12.012,"MCCONNELL TERRANCE., 2018, THE STANFORD ENCYCLOPEDIA OF PHILOSOPHY",2
DOI:10.1016/j.inffus.2019.12.012,"MIT, 2016, MORAL MACHINES",2
DOI:10.1016/j.inffus.2019.12.012,"NEVEJANS NATHALIE, 2017, TRAITE DE DROIT ET D'ETHIQUE DE LA ROBOTIQUE CIVILE, VLEH",2
DOI:10.1016/j.inffus.2019.12.012,"OGIEN R., 2008, CONCEPTS ETHIQUE FAU",2
DOI:10.1016/j.inffus.2019.12.012,"OGIEN RUWEN., 2007, LETHIQUE AUJOURDHUI. MAXIMALISTES ET MINIMALISTES",2
DOI:10.1016/j.inffus.2019.12.012,"ONEIL C., 2018, ALGORITHMES BOMBE RE",2
DOI:10.1016/j.inffus.2019.12.012,"ORSI FRANCESCO., 2015, VALUE THEORY",2
DOI:10.1016/j.inffus.2019.12.012,"PEDERSEN ISABEL., 2020, EMBODIED COMPUTING: WEARABLES, IMPLANTABLES, EMBEDDABLES, INGESTIBLES",2
DOI:10.1016/j.inffus.2019.12.012,"POPPER K., 1973, LOGIQUE DECOUVERTE S",2
DOI:10.1016/j.inffus.2019.12.012,"RAWLS J., 1999, THEORIE DE LA JUSTICE",2
DOI:10.1016/j.inffus.2019.12.012,"REBER B., 2014, TERMINAL TECHNOLOGIE, V119",2
DOI:10.1016/j.inffus.2019.12.012,"SCHNAPPER D., 2012, COMPREHENSION SOCIOL",2
DOI:10.1016/j.inffus.2019.12.012,"THOMSON JUDITH J, 1976, MONIST, V59, P204",2
DOI:10.1016/j.inffus.2019.12.012,"VINCENT ANDRE, 1963, ARCHIVES DE PHILOSOPHIE DU DROIT, V8, P237",2
DOI:10.1016/j.inffus.2019.12.012,"[ANONYMOUS], 2013, SCI TECHNIQUES SOC",2
DOI:10.1016/j.inffus.2019.12.012,"[ANONYMOUS], 2013, SMART CITIES: THEORIE ET CRITIQUE D'UN IDEAL AUTOREALISATEUR",2
DOI:10.1016/j.inffus.2019.12.012,DOI:10.1007/s11948-019-00165-5,3
DOI:10.1016/j.inffus.2019.12.012,DOI:10.1007/s13347-019-00354-x,2
DOI:10.1016/j.inffus.2019.12.012,DOI:10.1145/3233231,2
DOI:10.1016/j.inffus.2019.12.012,DOI:10.1145/33066183314289,3
DOI:10.1016/j.inffus.2019.12.012,DOI:10.1007/s11023-018-9482-5,4
DOI:10.1016/j.inffus.2019.12.012,DOI:10.1007/s13347-017-0263-5],2
DOI:10.1016/j.inffus.2019.12.012,DOI:10.1177/2053951715622512,2
DOI:10.1016/j.inffus.2019.12.012,"EUROPEAN COMMISSION, 2019, ETHICS GUIDELINES FOR TRUSTWORTHY AI",2
DOI:10.1016/j.inffus.2019.12.012,DOI:10.1007/978-3-030-30371-6,2
DOI:10.1016/j.inffus.2019.12.012,DOI:10.1007/s43681-022-00143-x],2
DOI:10.1016/j.inffus.2019.12.012,DOI:10.1080/0960085x.2022.2026621,2
DOI:10.1016/j.inffus.2019.12.012,DOI:10.1145/3287560.3287596,2
DOI:10.1016/j.inffus.2019.12.012,DOI:10.1191/1478088706qp063oa,2
DOI:10.1016/j.inffus.2019.12.012,"DASTIN JEREY., 2018, REUTERS",2
DOI:10.1016/j.inffus.2019.12.012,DOI:10.1007/s10551-022-05050-z,2
DOI:10.1016/j.inffus.2019.12.012,DOI:10.1007/s43681-020-00011-6],2
DOI:10.1016/j.inffus.2019.12.012,"GHALLAB MALIK, 2019, AI PERSPECTIVES, V1, DOI [10.1186/S42467-019-0003-Z, 10.1186/S42467-019-0003-Z]",2
DOI:10.1016/j.inffus.2019.12.012,DOI:10.1098/rsta.2018.0085,2
DOI:10.1016/j.inffus.2019.12.012,DOI:10.3390/healthcare11060887,2
DOI:10.1016/j.inffus.2019.12.012,DOI:10.1186/s12911-020-01332-6,2
DOI:10.1016/j.inffus.2021.05.009,DOI:10.1073/pnas.1900654116,2
DOI:10.1016/j.inffus.2021.05.009,DOI:10.1086/291922,2
DOI:10.1016/j.inffus.2021.05.009,DOI:10.1093/0199252866.003.0002],2
DOI:10.1016/j.inffus.2021.05.009,DOI:10.1093/acprof:oso/9780190498511.001.0001,2
DOI:10.1016/j.inffus.2021.05.009,DOI:10.1126/science.aan8871,2
DOI:10.1016/j.inffus.2021.05.009,DOI:10.1126/scirobotics.aay7120,2
DOI:10.1016/j.inffus.2021.05.009,DOI:10.1145/3144592.3144598,2
DOI:10.1016/j.inffus.2021.05.009,DOI:10.1145/3287560.3287598,2
DOI:10.1016/j.inffus.2021.05.009,DOI:10.1609/aimag.v38i3.2741,2
DOI:10.1016/j.inffus.2021.05.009,DOI:10.17351/ests2020.277,2
DOI:10.1016/j.inffus.2021.05.009,DOI:10.3390/bdcc3010005,2
DOI:10.1016/j.inffus.2021.05.009,DOI:10.3406/reso.2000.2235,2
DOI:10.1016/j.inffus.2021.05.009,DOI:10.3917/comm.164.0911],2
DOI:10.1016/j.inffus.2021.05.009,DOI:10.3917/commu.088.0149],2
DOI:10.1016/j.inffus.2021.05.009,DOI:10.3917/ls.135.0087,2
DOI:10.1016/j.inffus.2021.05.009,DOI:10.3917/rai.019.0193,2
DOI:10.1016/j.inffus.2021.05.009,DOI:10.3917/res.212.0207,2
DOI:10.1016/j.inffus.2021.05.009,DOI:10.3917/zil.005.0208],2
DOI:10.1016/j.inffus.2021.05.009,DOI:10.4000/ethiquepublique.995],2
DOI:10.1016/j.inffus.2021.05.009,DOI:10.4000/quaderni.2216,2
DOI:10.1016/j.inffus.2021.05.009,DOI:10.4000/quaderni.2234],2
DOI:10.1016/j.inffus.2021.05.009,DOI:10.4000/sdt.14802],2
DOI:10.1016/j.inffus.2021.05.009,DOI:10.48550/arxiv.1810.00184],2
DOI:10.1016/j.inffus.2021.05.009,"DUMOUCHEL P., 2016, ROBOT. IL GRANDE ATLANTE VISIVO SUL ROBOT, DALL'ANTICA GRECIA ALLE INTELLIGENZE ARTIFICIALI, 24 ORE CULTURA",2
DOI:10.1016/j.inffus.2021.05.009,"ERASMUS ADRIAN, 2021, PHILOS TECHNOL, V34, P833, DOI [10.1007/S13347-020-00435-2, 10.1007/S13347-020-00435-2]",2
DOI:10.1016/j.inffus.2021.05.009,"FOUCAULT MICHEL., 1969, ARCHAEOLOGY KNOWLEDG",2
DOI:10.1016/j.inffus.2021.05.009,"FRANCK G., 2014, L'ECONOMIE DE L'ATTENTION, P55",2
DOI:10.1016/j.inffus.2021.05.009,"FROIDEVAUX C, 2022, POUR UNE ETHIQUE DU NUMERIQUE, P41",2
DOI:10.1016/j.inffus.2021.05.009,"FUCHS C, 2014, DIGITAL LABOUR AND KARL MARX, P1",2
DOI:10.1016/j.inffus.2021.05.009,"GIBERT M., 2021, FAIRE MORALE ROBOTS",2
DOI:10.1016/j.inffus.2021.05.009,"GUNKEL DJ, 2018, ROBOT RIGHTS",2
DOI:10.1016/j.inffus.2021.05.009,"HAIYI ZHU, 2018, PROCEEDINGS OF THE ACM ON HUMAN-COMPUTER INTERACTION, V2, DOI [10.1145/3274463, 10.1145/3274463]",2
DOI:10.1016/j.inffus.2021.05.009,"HOWARD P.N., 2015, PAX TECHNICA: HOW THE INTERNET OF THINGS MAY SET US FREE OR LOCK US UP",2
DOI:10.1016/j.inffus.2021.05.009,"HURSTHOUSE ROSALIND., 1999, ON VIRTUE ETHICS",2
DOI:10.1016/j.inffus.2021.05.009,"KANT E., 1989, CRITIQUE RAISON PRAT",2
DOI:10.1016/j.inffus.2021.05.009,"KERVEGAN J.-F., 2012, ARCH PHILOS, P199",2
DOI:10.1016/j.inffus.2021.05.009,"LEROI-GOURHAN A., 1995, GESTE PAROLE, VI",2
DOI:10.1016/j.inffus.2021.05.009,"MCCONNELL TERRANCE., 2018, THE STANFORD ENCYCLOPEDIA OF PHILOSOPHY",2
DOI:10.1016/j.inffus.2021.05.009,"MIT, 2016, MORAL MACHINES",2
DOI:10.1016/j.inffus.2021.05.009,"NEVEJANS NATHALIE, 2017, TRAITE DE DROIT ET D'ETHIQUE DE LA ROBOTIQUE CIVILE, VLEH",2
DOI:10.1016/j.inffus.2021.05.009,"OGIEN R., 2008, CONCEPTS ETHIQUE FAU",2
DOI:10.1016/j.inffus.2021.05.009,"OGIEN RUWEN., 2007, LETHIQUE AUJOURDHUI. MAXIMALISTES ET MINIMALISTES",2
DOI:10.1016/j.inffus.2021.05.009,"ONEIL C., 2018, ALGORITHMES BOMBE RE",2
DOI:10.1016/j.inffus.2021.05.009,"ORSI FRANCESCO., 2015, VALUE THEORY",2
DOI:10.1016/j.inffus.2021.05.009,"PEDERSEN ISABEL., 2020, EMBODIED COMPUTING: WEARABLES, IMPLANTABLES, EMBEDDABLES, INGESTIBLES",2
DOI:10.1016/j.inffus.2021.05.009,"POPPER K., 1973, LOGIQUE DECOUVERTE S",2
DOI:10.1016/j.inffus.2021.05.009,"RAWLS J., 1999, THEORIE DE LA JUSTICE",2
DOI:10.1016/j.inffus.2021.05.009,"REBER B., 2014, TERMINAL TECHNOLOGIE, V119",2
DOI:10.1016/j.inffus.2021.05.009,"SCHNAPPER D., 2012, COMPREHENSION SOCIOL",2
DOI:10.1016/j.inffus.2021.05.009,"THOMSON JUDITH J, 1976, MONIST, V59, P204",2
DOI:10.1016/j.inffus.2021.05.009,"VINCENT ANDRE, 1963, ARCHIVES DE PHILOSOPHIE DU DROIT, V8, P237",2
DOI:10.1016/j.inffus.2021.05.009,"[ANONYMOUS], 2013, SCI TECHNIQUES SOC",2
DOI:10.1016/j.inffus.2021.05.009,"[ANONYMOUS], 2013, SMART CITIES: THEORIE ET CRITIQUE D'UN IDEAL AUTOREALISATEUR",2
DOI:10.1073/pnas.1900654116,DOI:10.1086/291922,2
DOI:10.1073/pnas.1900654116,DOI:10.1093/0199252866.003.0002],2
DOI:10.1073/pnas.1900654116,DOI:10.1093/acprof:oso/9780190498511.001.0001,2
DOI:10.1073/pnas.1900654116,DOI:10.1126/science.aan8871,2
DOI:10.1073/pnas.1900654116,DOI:10.1126/scirobotics.aay7120,2
DOI:10.1073/pnas.1900654116,DOI:10.1145/3144592.3144598,2
DOI:10.1073/pnas.1900654116,DOI:10.1145/3287560.3287598,2
DOI:10.1073/pnas.1900654116,DOI:10.1609/aimag.v38i3.2741,2
DOI:10.1073/pnas.1900654116,DOI:10.17351/ests2020.277,2
DOI:10.1073/pnas.1900654116,DOI:10.3390/bdcc3010005,2
DOI:10.1073/pnas.1900654116,DOI:10.3406/reso.2000.2235,2
DOI:10.1073/pnas.1900654116,DOI:10.3917/comm.164.0911],2
DOI:10.1073/pnas.1900654116,DOI:10.3917/commu.088.0149],2
DOI:10.1073/pnas.1900654116,DOI:10.3917/ls.135.0087,2
DOI:10.1073/pnas.1900654116,DOI:10.3917/rai.019.0193,2
DOI:10.1073/pnas.1900654116,DOI:10.3917/res.212.0207,2
DOI:10.1073/pnas.1900654116,DOI:10.3917/zil.005.0208],2
DOI:10.1073/pnas.1900654116,DOI:10.4000/ethiquepublique.995],2
DOI:10.1073/pnas.1900654116,DOI:10.4000/quaderni.2216,2
DOI:10.1073/pnas.1900654116,DOI:10.4000/quaderni.2234],2
DOI:10.1073/pnas.1900654116,DOI:10.4000/sdt.14802],2
DOI:10.1073/pnas.1900654116,DOI:10.48550/arxiv.1810.00184],2
DOI:10.1073/pnas.1900654116,"DUMOUCHEL P., 2016, ROBOT. IL GRANDE ATLANTE VISIVO SUL ROBOT, DALL'ANTICA GRECIA ALLE INTELLIGENZE ARTIFICIALI, 24 ORE CULTURA",2
DOI:10.1073/pnas.1900654116,"ERASMUS ADRIAN, 2021, PHILOS TECHNOL, V34, P833, DOI [10.1007/S13347-020-00435-2, 10.1007/S13347-020-00435-2]",2
DOI:10.1073/pnas.1900654116,"FOUCAULT MICHEL., 1969, ARCHAEOLOGY KNOWLEDG",2
DOI:10.1073/pnas.1900654116,"FRANCK G., 2014, L'ECONOMIE DE L'ATTENTION, P55",2
DOI:10.1073/pnas.1900654116,"FROIDEVAUX C, 2022, POUR UNE ETHIQUE DU NUMERIQUE, P41",2
DOI:10.1073/pnas.1900654116,"FUCHS C, 2014, DIGITAL LABOUR AND KARL MARX, P1",2
DOI:10.1073/pnas.1900654116,"GIBERT M., 2021, FAIRE MORALE ROBOTS",2
DOI:10.1073/pnas.1900654116,"GUNKEL DJ, 2018, ROBOT RIGHTS",2
DOI:10.1073/pnas.1900654116,"HAIYI ZHU, 2018, PROCEEDINGS OF THE ACM ON HUMAN-COMPUTER INTERACTION, V2, DOI [10.1145/3274463, 10.1145/3274463]",2
DOI:10.1073/pnas.1900654116,"HOWARD P.N., 2015, PAX TECHNICA: HOW THE INTERNET OF THINGS MAY SET US FREE OR LOCK US UP",2
DOI:10.1073/pnas.1900654116,"HURSTHOUSE ROSALIND., 1999, ON VIRTUE ETHICS",2
DOI:10.1073/pnas.1900654116,"KANT E., 1989, CRITIQUE RAISON PRAT",2
DOI:10.1073/pnas.1900654116,"KERVEGAN J.-F., 2012, ARCH PHILOS, P199",2
DOI:10.1073/pnas.1900654116,"LEROI-GOURHAN A., 1995, GESTE PAROLE, VI",2
DOI:10.1073/pnas.1900654116,"MCCONNELL TERRANCE., 2018, THE STANFORD ENCYCLOPEDIA OF PHILOSOPHY",2
DOI:10.1073/pnas.1900654116,"MIT, 2016, MORAL MACHINES",2
DOI:10.1073/pnas.1900654116,"NEVEJANS NATHALIE, 2017, TRAITE DE DROIT ET D'ETHIQUE DE LA ROBOTIQUE CIVILE, VLEH",2
DOI:10.1073/pnas.1900654116,"OGIEN R., 2008, CONCEPTS ETHIQUE FAU",2
DOI:10.1073/pnas.1900654116,"OGIEN RUWEN., 2007, LETHIQUE AUJOURDHUI. MAXIMALISTES ET MINIMALISTES",2
DOI:10.1073/pnas.1900654116,"ONEIL C., 2018, ALGORITHMES BOMBE RE",2
DOI:10.1073/pnas.1900654116,"ORSI FRANCESCO., 2015, VALUE THEORY",2
DOI:10.1073/pnas.1900654116,"PEDERSEN ISABEL., 2020, EMBODIED COMPUTING: WEARABLES, IMPLANTABLES, EMBEDDABLES, INGESTIBLES",2
DOI:10.1073/pnas.1900654116,"POPPER K., 1973, LOGIQUE DECOUVERTE S",2
DOI:10.1073/pnas.1900654116,"RAWLS J., 1999, THEORIE DE LA JUSTICE",2
DOI:10.1073/pnas.1900654116,"REBER B., 2014, TERMINAL TECHNOLOGIE, V119",2
DOI:10.1073/pnas.1900654116,"SCHNAPPER D., 2012, COMPREHENSION SOCIOL",2
DOI:10.1073/pnas.1900654116,"THOMSON JUDITH J, 1976, MONIST, V59, P204",2
DOI:10.1073/pnas.1900654116,"VINCENT ANDRE, 1963, ARCHIVES DE PHILOSOPHIE DU DROIT, V8, P237",2
DOI:10.1073/pnas.1900654116,"[ANONYMOUS], 2013, SCI TECHNIQUES SOC",2
DOI:10.1073/pnas.1900654116,"[ANONYMOUS], 2013, SMART CITIES: THEORIE ET CRITIQUE D'UN IDEAL AUTOREALISATEUR",2
DOI:10.1086/291922,DOI:10.1093/0199252866.003.0002],2
DOI:10.1086/291922,DOI:10.1093/acprof:oso/9780190498511.001.0001,2
DOI:10.1086/291922,DOI:10.1126/science.aan8871,2
DOI:10.1086/291922,DOI:10.1126/scirobotics.aay7120,2
DOI:10.1086/291922,DOI:10.1145/3144592.3144598,2
DOI:10.1086/291922,DOI:10.1145/3287560.3287598,2
DOI:10.1086/291922,DOI:10.1609/aimag.v38i3.2741,2
DOI:10.1086/291922,DOI:10.17351/ests2020.277,2
DOI:10.1086/291922,DOI:10.3390/bdcc3010005,2
DOI:10.1086/291922,DOI:10.3406/reso.2000.2235,2
DOI:10.1086/291922,DOI:10.3917/comm.164.0911],2
DOI:10.1086/291922,DOI:10.3917/commu.088.0149],2
DOI:10.1086/291922,DOI:10.3917/ls.135.0087,2
DOI:10.1086/291922,DOI:10.3917/rai.019.0193,2
DOI:10.1086/291922,DOI:10.3917/res.212.0207,2
DOI:10.1086/291922,DOI:10.3917/zil.005.0208],2
DOI:10.1086/291922,DOI:10.4000/ethiquepublique.995],2
DOI:10.1086/291922,DOI:10.4000/quaderni.2216,2
DOI:10.1086/291922,DOI:10.4000/quaderni.2234],2
DOI:10.1086/291922,DOI:10.4000/sdt.14802],2
DOI:10.1086/291922,DOI:10.48550/arxiv.1810.00184],2
DOI:10.1086/291922,"DUMOUCHEL P., 2016, ROBOT. IL GRANDE ATLANTE VISIVO SUL ROBOT, DALL'ANTICA GRECIA ALLE INTELLIGENZE ARTIFICIALI, 24 ORE CULTURA",2
DOI:10.1086/291922,"ERASMUS ADRIAN, 2021, PHILOS TECHNOL, V34, P833, DOI [10.1007/S13347-020-00435-2, 10.1007/S13347-020-00435-2]",2
DOI:10.1086/291922,"FOUCAULT MICHEL., 1969, ARCHAEOLOGY KNOWLEDG",2
DOI:10.1086/291922,"FRANCK G., 2014, L'ECONOMIE DE L'ATTENTION, P55",2
DOI:10.1086/291922,"FROIDEVAUX C, 2022, POUR UNE ETHIQUE DU NUMERIQUE, P41",2
DOI:10.1086/291922,"FUCHS C, 2014, DIGITAL LABOUR AND KARL MARX, P1",2
DOI:10.1086/291922,"GIBERT M., 2021, FAIRE MORALE ROBOTS",2
DOI:10.1086/291922,"GUNKEL DJ, 2018, ROBOT RIGHTS",2
DOI:10.1086/291922,"HAIYI ZHU, 2018, PROCEEDINGS OF THE ACM ON HUMAN-COMPUTER INTERACTION, V2, DOI [10.1145/3274463, 10.1145/3274463]",2
DOI:10.1086/291922,"HOWARD P.N., 2015, PAX TECHNICA: HOW THE INTERNET OF THINGS MAY SET US FREE OR LOCK US UP",2
DOI:10.1086/291922,"HURSTHOUSE ROSALIND., 1999, ON VIRTUE ETHICS",2
DOI:10.1086/291922,"KANT E., 1989, CRITIQUE RAISON PRAT",2
DOI:10.1086/291922,"KERVEGAN J.-F., 2012, ARCH PHILOS, P199",2
DOI:10.1086/291922,"LEROI-GOURHAN A., 1995, GESTE PAROLE, VI",2
DOI:10.1086/291922,"MCCONNELL TERRANCE., 2018, THE STANFORD ENCYCLOPEDIA OF PHILOSOPHY",2
DOI:10.1086/291922,"MIT, 2016, MORAL MACHINES",2
DOI:10.1086/291922,"NEVEJANS NATHALIE, 2017, TRAITE DE DROIT ET D'ETHIQUE DE LA ROBOTIQUE CIVILE, VLEH",2
DOI:10.1086/291922,"OGIEN R., 2008, CONCEPTS ETHIQUE FAU",2
DOI:10.1086/291922,"OGIEN RUWEN., 2007, LETHIQUE AUJOURDHUI. MAXIMALISTES ET MINIMALISTES",2
DOI:10.1086/291922,"ONEIL C., 2018, ALGORITHMES BOMBE RE",2
DOI:10.1086/291922,"ORSI FRANCESCO., 2015, VALUE THEORY",2
DOI:10.1086/291922,"PEDERSEN ISABEL., 2020, EMBODIED COMPUTING: WEARABLES, IMPLANTABLES, EMBEDDABLES, INGESTIBLES",2
DOI:10.1086/291922,"POPPER K., 1973, LOGIQUE DECOUVERTE S",2
DOI:10.1086/291922,"RAWLS J., 1999, THEORIE DE LA JUSTICE",2
DOI:10.1086/291922,"REBER B., 2014, TERMINAL TECHNOLOGIE, V119",2
DOI:10.1086/291922,"SCHNAPPER D., 2012, COMPREHENSION SOCIOL",2
DOI:10.1086/291922,"THOMSON JUDITH J, 1976, MONIST, V59, P204",2
DOI:10.1086/291922,"VINCENT ANDRE, 1963, ARCHIVES DE PHILOSOPHIE DU DROIT, V8, P237",2
DOI:10.1086/291922,"[ANONYMOUS], 2013, SCI TECHNIQUES SOC",2
DOI:10.1086/291922,"[ANONYMOUS], 2013, SMART CITIES: THEORIE ET CRITIQUE D'UN IDEAL AUTOREALISATEUR",2
DOI:10.1093/0199252866.003.0002],DOI:10.1093/acprof:oso/9780190498511.001.0001,2
DOI:10.1093/0199252866.003.0002],DOI:10.1126/science.aan8871,2
DOI:10.1093/0199252866.003.0002],DOI:10.1126/scirobotics.aay7120,2
DOI:10.1093/0199252866.003.0002],DOI:10.1145/3144592.3144598,2
DOI:10.1093/0199252866.003.0002],DOI:10.1145/3287560.3287598,2
DOI:10.1093/0199252866.003.0002],DOI:10.1609/aimag.v38i3.2741,2
DOI:10.1093/0199252866.003.0002],DOI:10.17351/ests2020.277,2
DOI:10.1093/0199252866.003.0002],DOI:10.3390/bdcc3010005,2
DOI:10.1093/0199252866.003.0002],DOI:10.3406/reso.2000.2235,2
DOI:10.1093/0199252866.003.0002],DOI:10.3917/comm.164.0911],2
DOI:10.1093/0199252866.003.0002],DOI:10.3917/commu.088.0149],2
DOI:10.1093/0199252866.003.0002],DOI:10.3917/ls.135.0087,2
DOI:10.1093/0199252866.003.0002],DOI:10.3917/rai.019.0193,2
DOI:10.1093/0199252866.003.0002],DOI:10.3917/res.212.0207,2
DOI:10.1093/0199252866.003.0002],DOI:10.3917/zil.005.0208],2
DOI:10.1093/0199252866.003.0002],DOI:10.4000/ethiquepublique.995],2
DOI:10.1093/0199252866.003.0002],DOI:10.4000/quaderni.2216,2
DOI:10.1093/0199252866.003.0002],DOI:10.4000/quaderni.2234],2
DOI:10.1093/0199252866.003.0002],DOI:10.4000/sdt.14802],2
DOI:10.1093/0199252866.003.0002],DOI:10.48550/arxiv.1810.00184],2
DOI:10.1093/0199252866.003.0002],"DUMOUCHEL P., 2016, ROBOT. IL GRANDE ATLANTE VISIVO SUL ROBOT, DALL'ANTICA GRECIA ALLE INTELLIGENZE ARTIFICIALI, 24 ORE CULTURA",2
DOI:10.1093/0199252866.003.0002],"ERASMUS ADRIAN, 2021, PHILOS TECHNOL, V34, P833, DOI [10.1007/S13347-020-00435-2, 10.1007/S13347-020-00435-2]",2
DOI:10.1093/0199252866.003.0002],"FOUCAULT MICHEL., 1969, ARCHAEOLOGY KNOWLEDG",2
DOI:10.1093/0199252866.003.0002],"FRANCK G., 2014, L'ECONOMIE DE L'ATTENTION, P55",2
DOI:10.1093/0199252866.003.0002],"FROIDEVAUX C, 2022, POUR UNE ETHIQUE DU NUMERIQUE, P41",2
DOI:10.1093/0199252866.003.0002],"FUCHS C, 2014, DIGITAL LABOUR AND KARL MARX, P1",2
DOI:10.1093/0199252866.003.0002],"GIBERT M., 2021, FAIRE MORALE ROBOTS",2
DOI:10.1093/0199252866.003.0002],"GUNKEL DJ, 2018, ROBOT RIGHTS",2
DOI:10.1093/0199252866.003.0002],"HAIYI ZHU, 2018, PROCEEDINGS OF THE ACM ON HUMAN-COMPUTER INTERACTION, V2, DOI [10.1145/3274463, 10.1145/3274463]",2
DOI:10.1093/0199252866.003.0002],"HOWARD P.N., 2015, PAX TECHNICA: HOW THE INTERNET OF THINGS MAY SET US FREE OR LOCK US UP",2
DOI:10.1093/0199252866.003.0002],"HURSTHOUSE ROSALIND., 1999, ON VIRTUE ETHICS",2
DOI:10.1093/0199252866.003.0002],"KANT E., 1989, CRITIQUE RAISON PRAT",2
DOI:10.1093/0199252866.003.0002],"KERVEGAN J.-F., 2012, ARCH PHILOS, P199",2
DOI:10.1093/0199252866.003.0002],"LEROI-GOURHAN A., 1995, GESTE PAROLE, VI",2
DOI:10.1093/0199252866.003.0002],"MCCONNELL TERRANCE., 2018, THE STANFORD ENCYCLOPEDIA OF PHILOSOPHY",2
DOI:10.1093/0199252866.003.0002],"MIT, 2016, MORAL MACHINES",2
DOI:10.1093/0199252866.003.0002],"NEVEJANS NATHALIE, 2017, TRAITE DE DROIT ET D'ETHIQUE DE LA ROBOTIQUE CIVILE, VLEH",2
DOI:10.1093/0199252866.003.0002],"OGIEN R., 2008, CONCEPTS ETHIQUE FAU",2
DOI:10.1093/0199252866.003.0002],"OGIEN RUWEN., 2007, LETHIQUE AUJOURDHUI. MAXIMALISTES ET MINIMALISTES",2
DOI:10.1093/0199252866.003.0002],"ONEIL C., 2018, ALGORITHMES BOMBE RE",2
DOI:10.1093/0199252866.003.0002],"ORSI FRANCESCO., 2015, VALUE THEORY",2
DOI:10.1093/0199252866.003.0002],"PEDERSEN ISABEL., 2020, EMBODIED COMPUTING: WEARABLES, IMPLANTABLES, EMBEDDABLES, INGESTIBLES",2
DOI:10.1093/0199252866.003.0002],"POPPER K., 1973, LOGIQUE DECOUVERTE S",2
DOI:10.1093/0199252866.003.0002],"RAWLS J., 1999, THEORIE DE LA JUSTICE",2
DOI:10.1093/0199252866.003.0002],"REBER B., 2014, TERMINAL TECHNOLOGIE, V119",2
DOI:10.1093/0199252866.003.0002],"SCHNAPPER D., 2012, COMPREHENSION SOCIOL",2
DOI:10.1093/0199252866.003.0002],"THOMSON JUDITH J, 1976, MONIST, V59, P204",3
DOI:10.1093/0199252866.003.0002],"VINCENT ANDRE, 1963, ARCHIVES DE PHILOSOPHIE DU DROIT, V8, P237",2
DOI:10.1093/0199252866.003.0002],"[ANONYMOUS], 2013, SCI TECHNIQUES SOC",2
DOI:10.1093/0199252866.003.0002],"[ANONYMOUS], 2013, SMART CITIES: THEORIE ET CRITIQUE D'UN IDEAL AUTOREALISATEUR",2
DOI:10.1093/0199252866.003.0002],"WALLACH W., 2008, MORAL MACHINES: TEACHING ROBOTS RIGHT FROM WRONG",2
DOI:10.1093/acprof:oso/9780190498511.001.0001,DOI:10.1126/science.aan8871,2
DOI:10.1093/acprof:oso/9780190498511.001.0001,DOI:10.1126/scirobotics.aay7120,3
DOI:10.1093/acprof:oso/9780190498511.001.0001,DOI:10.1145/3144592.3144598,2
DOI:10.1093/acprof:oso/9780190498511.001.0001,DOI:10.1145/3287560.3287598,2
DOI:10.1093/acprof:oso/9780190498511.001.0001,DOI:10.1609/aimag.v38i3.2741,2
DOI:10.1093/acprof:oso/9780190498511.001.0001,DOI:10.17351/ests2020.277,2
DOI:10.1093/acprof:oso/9780190498511.001.0001,DOI:10.3390/bdcc3010005,2
DOI:10.1093/acprof:oso/9780190498511.001.0001,DOI:10.3406/reso.2000.2235,2
DOI:10.1093/acprof:oso/9780190498511.001.0001,DOI:10.3917/comm.164.0911],2
DOI:10.1093/acprof:oso/9780190498511.001.0001,DOI:10.3917/commu.088.0149],2
DOI:10.1093/acprof:oso/9780190498511.001.0001,DOI:10.3917/ls.135.0087,2
DOI:10.1093/acprof:oso/9780190498511.001.0001,DOI:10.3917/rai.019.0193,2
DOI:10.1093/acprof:oso/9780190498511.001.0001,DOI:10.3917/res.212.0207,2
DOI:10.1093/acprof:oso/9780190498511.001.0001,DOI:10.3917/zil.005.0208],2
DOI:10.1093/acprof:oso/9780190498511.001.0001,DOI:10.4000/ethiquepublique.995],2
DOI:10.1093/acprof:oso/9780190498511.001.0001,DOI:10.4000/quaderni.2216,2
DOI:10.1093/acprof:oso/9780190498511.001.0001,DOI:10.4000/quaderni.2234],2
DOI:10.1093/acprof:oso/9780190498511.001.0001,DOI:10.4000/sdt.14802],2
DOI:10.1093/acprof:oso/9780190498511.001.0001,DOI:10.48550/arxiv.1810.00184],2
DOI:10.1093/acprof:oso/9780190498511.001.0001,"DUMOUCHEL P., 2016, ROBOT. IL GRANDE ATLANTE VISIVO SUL ROBOT, DALL'ANTICA GRECIA ALLE INTELLIGENZE ARTIFICIALI, 24 ORE CULTURA",2
DOI:10.1093/acprof:oso/9780190498511.001.0001,"ERASMUS ADRIAN, 2021, PHILOS TECHNOL, V34, P833, DOI [10.1007/S13347-020-00435-2, 10.1007/S13347-020-00435-2]",2
DOI:10.1093/acprof:oso/9780190498511.001.0001,"FOUCAULT MICHEL., 1969, ARCHAEOLOGY KNOWLEDG",2
DOI:10.1093/acprof:oso/9780190498511.001.0001,"FRANCK G., 2014, L'ECONOMIE DE L'ATTENTION, P55",2
DOI:10.1093/acprof:oso/9780190498511.001.0001,"FROIDEVAUX C, 2022, POUR UNE ETHIQUE DU NUMERIQUE, P41",2
DOI:10.1093/acprof:oso/9780190498511.001.0001,"FUCHS C, 2014, DIGITAL LABOUR AND KARL MARX, P1",2
DOI:10.1093/acprof:oso/9780190498511.001.0001,"GIBERT M., 2021, FAIRE MORALE ROBOTS",2
DOI:10.1093/acprof:oso/9780190498511.001.0001,"GUNKEL DJ, 2018, ROBOT RIGHTS",2
DOI:10.1093/acprof:oso/9780190498511.001.0001,"HAIYI ZHU, 2018, PROCEEDINGS OF THE ACM ON HUMAN-COMPUTER INTERACTION, V2, DOI [10.1145/3274463, 10.1145/3274463]",2
DOI:10.1093/acprof:oso/9780190498511.001.0001,"HOWARD P.N., 2015, PAX TECHNICA: HOW THE INTERNET OF THINGS MAY SET US FREE OR LOCK US UP",2
DOI:10.1093/acprof:oso/9780190498511.001.0001,"HURSTHOUSE ROSALIND., 1999, ON VIRTUE ETHICS",3
DOI:10.1093/acprof:oso/9780190498511.001.0001,"KANT E., 1989, CRITIQUE RAISON PRAT",2
DOI:10.1093/acprof:oso/9780190498511.001.0001,"KERVEGAN J.-F., 2012, ARCH PHILOS, P199",2
DOI:10.1093/acprof:oso/9780190498511.001.0001,"LEROI-GOURHAN A., 1995, GESTE PAROLE, VI",2
DOI:10.1093/acprof:oso/9780190498511.001.0001,"MCCONNELL TERRANCE., 2018, THE STANFORD ENCYCLOPEDIA OF PHILOSOPHY",2
DOI:10.1093/acprof:oso/9780190498511.001.0001,"MIT, 2016, MORAL MACHINES",2
DOI:10.1093/acprof:oso/9780190498511.001.0001,"NEVEJANS NATHALIE, 2017, TRAITE DE DROIT ET D'ETHIQUE DE LA ROBOTIQUE CIVILE, VLEH",2
DOI:10.1093/acprof:oso/9780190498511.001.0001,"OGIEN R., 2008, CONCEPTS ETHIQUE FAU",2
DOI:10.1093/acprof:oso/9780190498511.001.0001,"OGIEN RUWEN., 2007, LETHIQUE AUJOURDHUI. MAXIMALISTES ET MINIMALISTES",2
DOI:10.1093/acprof:oso/9780190498511.001.0001,"ONEIL C., 2018, ALGORITHMES BOMBE RE",2
DOI:10.1093/acprof:oso/9780190498511.001.0001,"ORSI FRANCESCO., 2015, VALUE THEORY",2
DOI:10.1093/acprof:oso/9780190498511.001.0001,"PEDERSEN ISABEL., 2020, EMBODIED COMPUTING: WEARABLES, IMPLANTABLES, EMBEDDABLES, INGESTIBLES",2
DOI:10.1093/acprof:oso/9780190498511.001.0001,"POPPER K., 1973, LOGIQUE DECOUVERTE S",2
DOI:10.1093/acprof:oso/9780190498511.001.0001,"RAWLS J., 1999, THEORIE DE LA JUSTICE",2
DOI:10.1093/acprof:oso/9780190498511.001.0001,"REBER B., 2014, TERMINAL TECHNOLOGIE, V119",2
DOI:10.1093/acprof:oso/9780190498511.001.0001,"SCHNAPPER D., 2012, COMPREHENSION SOCIOL",2
DOI:10.1093/acprof:oso/9780190498511.001.0001,"THOMSON JUDITH J, 1976, MONIST, V59, P204",2
DOI:10.1093/acprof:oso/9780190498511.001.0001,"VINCENT ANDRE, 1963, ARCHIVES DE PHILOSOPHIE DU DROIT, V8, P237",2
DOI:10.1093/acprof:oso/9780190498511.001.0001,"[ANONYMOUS], 2013, SCI TECHNIQUES SOC",2
DOI:10.1093/acprof:oso/9780190498511.001.0001,"[ANONYMOUS], 2013, SMART CITIES: THEORIE ET CRITIQUE D'UN IDEAL AUTOREALISATEUR",2
DOI:10.1093/acprof:oso/9780190498511.001.0001,DOI:10.1007/978-3-319-60648-4,2
DOI:10.1093/acprof:oso/9780190498511.001.0001,DOI:10.3389/frobt.2018.00015,2
DOI:10.1093/acprof:oso/9780190498511.001.0001,DOI:10.1007/978-3-030-30371-6,2
DOI:10.1093/acprof:oso/9780190498511.001.0001,DOI:10.2307/2183914,2
DOI:10.1093/acprof:oso/9780190498511.001.0001,"MULLER V.C., 2020, ETHICS OF ARTIFICIAL INTELLIGENCE AND ROBOTICS",2
DOI:10.1126/science.aan8871,DOI:10.1126/scirobotics.aay7120,2
DOI:10.1126/science.aan8871,DOI:10.1145/3144592.3144598,2
DOI:10.1126/science.aan8871,DOI:10.1145/3287560.3287598,2
DOI:10.1126/science.aan8871,DOI:10.1609/aimag.v38i3.2741,2
DOI:10.1126/science.aan8871,DOI:10.17351/ests2020.277,2
DOI:10.1126/science.aan8871,DOI:10.3390/bdcc3010005,2
DOI:10.1126/science.aan8871,DOI:10.3406/reso.2000.2235,2
DOI:10.1126/science.aan8871,DOI:10.3917/comm.164.0911],2
DOI:10.1126/science.aan8871,DOI:10.3917/commu.088.0149],2
DOI:10.1126/science.aan8871,DOI:10.3917/ls.135.0087,2
DOI:10.1126/science.aan8871,DOI:10.3917/rai.019.0193,2
DOI:10.1126/science.aan8871,DOI:10.3917/res.212.0207,2
DOI:10.1126/science.aan8871,DOI:10.3917/zil.005.0208],2
DOI:10.1126/science.aan8871,DOI:10.4000/ethiquepublique.995],2
DOI:10.1126/science.aan8871,DOI:10.4000/quaderni.2216,2
DOI:10.1126/science.aan8871,DOI:10.4000/quaderni.2234],2
DOI:10.1126/science.aan8871,DOI:10.4000/sdt.14802],2
DOI:10.1126/science.aan8871,DOI:10.48550/arxiv.1810.00184],2
DOI:10.1126/science.aan8871,"DUMOUCHEL P., 2016, ROBOT. IL GRANDE ATLANTE VISIVO SUL ROBOT, DALL'ANTICA GRECIA ALLE INTELLIGENZE ARTIFICIALI, 24 ORE CULTURA",2
DOI:10.1126/science.aan8871,"ERASMUS ADRIAN, 2021, PHILOS TECHNOL, V34, P833, DOI [10.1007/S13347-020-00435-2, 10.1007/S13347-020-00435-2]",2
DOI:10.1126/science.aan8871,"FOUCAULT MICHEL., 1969, ARCHAEOLOGY KNOWLEDG",2
DOI:10.1126/science.aan8871,"FRANCK G., 2014, L'ECONOMIE DE L'ATTENTION, P55",2
DOI:10.1126/science.aan8871,"FROIDEVAUX C, 2022, POUR UNE ETHIQUE DU NUMERIQUE, P41",2
DOI:10.1126/science.aan8871,"FUCHS C, 2014, DIGITAL LABOUR AND KARL MARX, P1",2
DOI:10.1126/science.aan8871,"GIBERT M., 2021, FAIRE MORALE ROBOTS",2
DOI:10.1126/science.aan8871,"GUNKEL DJ, 2018, ROBOT RIGHTS",2
DOI:10.1126/science.aan8871,"HAIYI ZHU, 2018, PROCEEDINGS OF THE ACM ON HUMAN-COMPUTER INTERACTION, V2, DOI [10.1145/3274463, 10.1145/3274463]",2
DOI:10.1126/science.aan8871,"HOWARD P.N., 2015, PAX TECHNICA: HOW THE INTERNET OF THINGS MAY SET US FREE OR LOCK US UP",2
DOI:10.1126/science.aan8871,"HURSTHOUSE ROSALIND., 1999, ON VIRTUE ETHICS",2
DOI:10.1126/science.aan8871,"KANT E., 1989, CRITIQUE RAISON PRAT",2
DOI:10.1126/science.aan8871,"KERVEGAN J.-F., 2012, ARCH PHILOS, P199",2
DOI:10.1126/science.aan8871,"LEROI-GOURHAN A., 1995, GESTE PAROLE, VI",2
DOI:10.1126/science.aan8871,"MCCONNELL TERRANCE., 2018, THE STANFORD ENCYCLOPEDIA OF PHILOSOPHY",2
DOI:10.1126/science.aan8871,"MIT, 2016, MORAL MACHINES",2
DOI:10.1126/science.aan8871,"NEVEJANS NATHALIE, 2017, TRAITE DE DROIT ET D'ETHIQUE DE LA ROBOTIQUE CIVILE, VLEH",2
DOI:10.1126/science.aan8871,"OGIEN R., 2008, CONCEPTS ETHIQUE FAU",2
DOI:10.1126/science.aan8871,"OGIEN RUWEN., 2007, LETHIQUE AUJOURDHUI. MAXIMALISTES ET MINIMALISTES",2
DOI:10.1126/science.aan8871,"ONEIL C., 2018, ALGORITHMES BOMBE RE",2
DOI:10.1126/science.aan8871,"ORSI FRANCESCO., 2015, VALUE THEORY",2
DOI:10.1126/science.aan8871,"PEDERSEN ISABEL., 2020, EMBODIED COMPUTING: WEARABLES, IMPLANTABLES, EMBEDDABLES, INGESTIBLES",2
DOI:10.1126/science.aan8871,"POPPER K., 1973, LOGIQUE DECOUVERTE S",2
DOI:10.1126/science.aan8871,"RAWLS J., 1999, THEORIE DE LA JUSTICE",2
DOI:10.1126/science.aan8871,"REBER B., 2014, TERMINAL TECHNOLOGIE, V119",2
DOI:10.1126/science.aan8871,"SCHNAPPER D., 2012, COMPREHENSION SOCIOL",2
DOI:10.1126/science.aan8871,"THOMSON JUDITH J, 1976, MONIST, V59, P204",2
DOI:10.1126/science.aan8871,"VINCENT ANDRE, 1963, ARCHIVES DE PHILOSOPHIE DU DROIT, V8, P237",2
DOI:10.1126/science.aan8871,"[ANONYMOUS], 2013, SCI TECHNIQUES SOC",2
DOI:10.1126/science.aan8871,"[ANONYMOUS], 2013, SMART CITIES: THEORIE ET CRITIQUE D'UN IDEAL AUTOREALISATEUR",2
DOI:10.1126/scirobotics.aay7120,DOI:10.1145/3144592.3144598,2
DOI:10.1126/scirobotics.aay7120,DOI:10.1145/3287560.3287598,2
DOI:10.1126/scirobotics.aay7120,DOI:10.1609/aimag.v38i3.2741,2
DOI:10.1126/scirobotics.aay7120,DOI:10.17351/ests2020.277,2
DOI:10.1126/scirobotics.aay7120,DOI:10.3390/bdcc3010005,2
DOI:10.1126/scirobotics.aay7120,DOI:10.3406/reso.2000.2235,2
DOI:10.1126/scirobotics.aay7120,DOI:10.3917/comm.164.0911],2
DOI:10.1126/scirobotics.aay7120,DOI:10.3917/commu.088.0149],2
DOI:10.1126/scirobotics.aay7120,DOI:10.3917/ls.135.0087,2
DOI:10.1126/scirobotics.aay7120,DOI:10.3917/rai.019.0193,2
DOI:10.1126/scirobotics.aay7120,DOI:10.3917/res.212.0207,2
DOI:10.1126/scirobotics.aay7120,DOI:10.3917/zil.005.0208],2
DOI:10.1126/scirobotics.aay7120,DOI:10.4000/ethiquepublique.995],2
DOI:10.1126/scirobotics.aay7120,DOI:10.4000/quaderni.2216,2
DOI:10.1126/scirobotics.aay7120,DOI:10.4000/quaderni.2234],2
DOI:10.1126/scirobotics.aay7120,DOI:10.4000/sdt.14802],2
DOI:10.1126/scirobotics.aay7120,DOI:10.48550/arxiv.1810.00184],2
DOI:10.1126/scirobotics.aay7120,"DUMOUCHEL P., 2016, ROBOT. IL GRANDE ATLANTE VISIVO SUL ROBOT, DALL'ANTICA GRECIA ALLE INTELLIGENZE ARTIFICIALI, 24 ORE CULTURA",2
DOI:10.1126/scirobotics.aay7120,"ERASMUS ADRIAN, 2021, PHILOS TECHNOL, V34, P833, DOI [10.1007/S13347-020-00435-2, 10.1007/S13347-020-00435-2]",2
DOI:10.1126/scirobotics.aay7120,"FOUCAULT MICHEL., 1969, ARCHAEOLOGY KNOWLEDG",2
DOI:10.1126/scirobotics.aay7120,"FRANCK G., 2014, L'ECONOMIE DE L'ATTENTION, P55",2
DOI:10.1126/scirobotics.aay7120,"FROIDEVAUX C, 2022, POUR UNE ETHIQUE DU NUMERIQUE, P41",2
DOI:10.1126/scirobotics.aay7120,"FUCHS C, 2014, DIGITAL LABOUR AND KARL MARX, P1",2
DOI:10.1126/scirobotics.aay7120,"GIBERT M., 2021, FAIRE MORALE ROBOTS",2
DOI:10.1126/scirobotics.aay7120,"GUNKEL DJ, 2018, ROBOT RIGHTS",3
DOI:10.1126/scirobotics.aay7120,"HAIYI ZHU, 2018, PROCEEDINGS OF THE ACM ON HUMAN-COMPUTER INTERACTION, V2, DOI [10.1145/3274463, 10.1145/3274463]",2
DOI:10.1126/scirobotics.aay7120,"HOWARD P.N., 2015, PAX TECHNICA: HOW THE INTERNET OF THINGS MAY SET US FREE OR LOCK US UP",2
DOI:10.1126/scirobotics.aay7120,"HURSTHOUSE ROSALIND., 1999, ON VIRTUE ETHICS",2
DOI:10.1126/scirobotics.aay7120,"KANT E., 1989, CRITIQUE RAISON PRAT",2
DOI:10.1126/scirobotics.aay7120,"KERVEGAN J.-F., 2012, ARCH PHILOS, P199",2
DOI:10.1126/scirobotics.aay7120,"LEROI-GOURHAN A., 1995, GESTE PAROLE, VI",2
DOI:10.1126/scirobotics.aay7120,"MCCONNELL TERRANCE., 2018, THE STANFORD ENCYCLOPEDIA OF PHILOSOPHY",2
DOI:10.1126/scirobotics.aay7120,"MIT, 2016, MORAL MACHINES",2
DOI:10.1126/scirobotics.aay7120,"NEVEJANS NATHALIE, 2017, TRAITE DE DROIT ET D'ETHIQUE DE LA ROBOTIQUE CIVILE, VLEH",2
DOI:10.1126/scirobotics.aay7120,"OGIEN R., 2008, CONCEPTS ETHIQUE FAU",2
DOI:10.1126/scirobotics.aay7120,"OGIEN RUWEN., 2007, LETHIQUE AUJOURDHUI. MAXIMALISTES ET MINIMALISTES",2
DOI:10.1126/scirobotics.aay7120,"ONEIL C., 2018, ALGORITHMES BOMBE RE",2
DOI:10.1126/scirobotics.aay7120,"ORSI FRANCESCO., 2015, VALUE THEORY",2
DOI:10.1126/scirobotics.aay7120,"PEDERSEN ISABEL., 2020, EMBODIED COMPUTING: WEARABLES, IMPLANTABLES, EMBEDDABLES, INGESTIBLES",2
DOI:10.1126/scirobotics.aay7120,"POPPER K., 1973, LOGIQUE DECOUVERTE S",2
DOI:10.1126/scirobotics.aay7120,"RAWLS J., 1999, THEORIE DE LA JUSTICE",2
DOI:10.1126/scirobotics.aay7120,"REBER B., 2014, TERMINAL TECHNOLOGIE, V119",2
DOI:10.1126/scirobotics.aay7120,"SCHNAPPER D., 2012, COMPREHENSION SOCIOL",2
DOI:10.1126/scirobotics.aay7120,"THOMSON JUDITH J, 1976, MONIST, V59, P204",2
DOI:10.1126/scirobotics.aay7120,"VINCENT ANDRE, 1963, ARCHIVES DE PHILOSOPHIE DU DROIT, V8, P237",2
DOI:10.1126/scirobotics.aay7120,"[ANONYMOUS], 2013, SCI TECHNIQUES SOC",2
DOI:10.1126/scirobotics.aay7120,"[ANONYMOUS], 2013, SMART CITIES: THEORIE ET CRITIQUE D'UN IDEAL AUTOREALISATEUR",2
DOI:10.1126/scirobotics.aay7120,DOI:10.1007/s11023-018-9482-5,2
DOI:10.1126/scirobotics.aay7120,DOI:10.1016/j.cjca.2021.09.004,2
DOI:10.1126/scirobotics.aay7120,DOI:10.1007/978-3-030-30371-6,2
DOI:10.1126/scirobotics.aay7120,DOI:10.1016/j.clsr.2019.04.007,2
DOI:10.1126/scirobotics.aay7120,DOI:10.1098/rsta.2018.0085,2
DOI:10.1145/3144592.3144598,DOI:10.1145/3287560.3287598,2
DOI:10.1145/3144592.3144598,DOI:10.1609/aimag.v38i3.2741,2
DOI:10.1145/3144592.3144598,DOI:10.17351/ests2020.277,2
DOI:10.1145/3144592.3144598,DOI:10.3390/bdcc3010005,2
DOI:10.1145/3144592.3144598,DOI:10.3406/reso.2000.2235,2
DOI:10.1145/3144592.3144598,DOI:10.3917/comm.164.0911],2
DOI:10.1145/3144592.3144598,DOI:10.3917/commu.088.0149],2
DOI:10.1145/3144592.3144598,DOI:10.3917/ls.135.0087,2
DOI:10.1145/3144592.3144598,DOI:10.3917/rai.019.0193,2
DOI:10.1145/3144592.3144598,DOI:10.3917/res.212.0207,2
DOI:10.1145/3144592.3144598,DOI:10.3917/zil.005.0208],2
DOI:10.1145/3144592.3144598,DOI:10.4000/ethiquepublique.995],2
DOI:10.1145/3144592.3144598,DOI:10.4000/quaderni.2216,2
DOI:10.1145/3144592.3144598,DOI:10.4000/quaderni.2234],2
DOI:10.1145/3144592.3144598,DOI:10.4000/sdt.14802],2
DOI:10.1145/3144592.3144598,DOI:10.48550/arxiv.1810.00184],2
DOI:10.1145/3144592.3144598,"DUMOUCHEL P., 2016, ROBOT. IL GRANDE ATLANTE VISIVO SUL ROBOT, DALL'ANTICA GRECIA ALLE INTELLIGENZE ARTIFICIALI, 24 ORE CULTURA",2
DOI:10.1145/3144592.3144598,"ERASMUS ADRIAN, 2021, PHILOS TECHNOL, V34, P833, DOI [10.1007/S13347-020-00435-2, 10.1007/S13347-020-00435-2]",2
DOI:10.1145/3144592.3144598,"FOUCAULT MICHEL., 1969, ARCHAEOLOGY KNOWLEDG",2
DOI:10.1145/3144592.3144598,"FRANCK G., 2014, L'ECONOMIE DE L'ATTENTION, P55",2
DOI:10.1145/3144592.3144598,"FROIDEVAUX C, 2022, POUR UNE ETHIQUE DU NUMERIQUE, P41",2
DOI:10.1145/3144592.3144598,"FUCHS C, 2014, DIGITAL LABOUR AND KARL MARX, P1",2
DOI:10.1145/3144592.3144598,"GIBERT M., 2021, FAIRE MORALE ROBOTS",2
DOI:10.1145/3144592.3144598,"GUNKEL DJ, 2018, ROBOT RIGHTS",2
DOI:10.1145/3144592.3144598,"HAIYI ZHU, 2018, PROCEEDINGS OF THE ACM ON HUMAN-COMPUTER INTERACTION, V2, DOI [10.1145/3274463, 10.1145/3274463]",2
DOI:10.1145/3144592.3144598,"HOWARD P.N., 2015, PAX TECHNICA: HOW THE INTERNET OF THINGS MAY SET US FREE OR LOCK US UP",2
DOI:10.1145/3144592.3144598,"HURSTHOUSE ROSALIND., 1999, ON VIRTUE ETHICS",2
DOI:10.1145/3144592.3144598,"KANT E., 1989, CRITIQUE RAISON PRAT",2
DOI:10.1145/3144592.3144598,"KERVEGAN J.-F., 2012, ARCH PHILOS, P199",2
DOI:10.1145/3144592.3144598,"LEROI-GOURHAN A., 1995, GESTE PAROLE, VI",2
DOI:10.1145/3144592.3144598,"MCCONNELL TERRANCE., 2018, THE STANFORD ENCYCLOPEDIA OF PHILOSOPHY",2
DOI:10.1145/3144592.3144598,"MIT, 2016, MORAL MACHINES",2
DOI:10.1145/3144592.3144598,"NEVEJANS NATHALIE, 2017, TRAITE DE DROIT ET D'ETHIQUE DE LA ROBOTIQUE CIVILE, VLEH",2
DOI:10.1145/3144592.3144598,"OGIEN R., 2008, CONCEPTS ETHIQUE FAU",2
DOI:10.1145/3144592.3144598,"OGIEN RUWEN., 2007, LETHIQUE AUJOURDHUI. MAXIMALISTES ET MINIMALISTES",2
DOI:10.1145/3144592.3144598,"ONEIL C., 2018, ALGORITHMES BOMBE RE",2
DOI:10.1145/3144592.3144598,"ORSI FRANCESCO., 2015, VALUE THEORY",2
DOI:10.1145/3144592.3144598,"PEDERSEN ISABEL., 2020, EMBODIED COMPUTING: WEARABLES, IMPLANTABLES, EMBEDDABLES, INGESTIBLES",2
DOI:10.1145/3144592.3144598,"POPPER K., 1973, LOGIQUE DECOUVERTE S",2
DOI:10.1145/3144592.3144598,"RAWLS J., 1999, THEORIE DE LA JUSTICE",2
DOI:10.1145/3144592.3144598,"REBER B., 2014, TERMINAL TECHNOLOGIE, V119",2
DOI:10.1145/3144592.3144598,"SCHNAPPER D., 2012, COMPREHENSION SOCIOL",2
DOI:10.1145/3144592.3144598,"THOMSON JUDITH J, 1976, MONIST, V59, P204",2
DOI:10.1145/3144592.3144598,"VINCENT ANDRE, 1963, ARCHIVES DE PHILOSOPHIE DU DROIT, V8, P237",2
DOI:10.1145/3144592.3144598,"[ANONYMOUS], 2013, SCI TECHNIQUES SOC",2
DOI:10.1145/3144592.3144598,"[ANONYMOUS], 2013, SMART CITIES: THEORIE ET CRITIQUE D'UN IDEAL AUTOREALISATEUR",2
DOI:10.1145/3287560.3287598,DOI:10.1609/aimag.v38i3.2741,2
DOI:10.1145/3287560.3287598,DOI:10.17351/ests2020.277,2
DOI:10.1145/3287560.3287598,DOI:10.3390/bdcc3010005,2
DOI:10.1145/3287560.3287598,DOI:10.3406/reso.2000.2235,2
DOI:10.1145/3287560.3287598,DOI:10.3917/comm.164.0911],2
DOI:10.1145/3287560.3287598,DOI:10.3917/commu.088.0149],2
DOI:10.1145/3287560.3287598,DOI:10.3917/ls.135.0087,2
DOI:10.1145/3287560.3287598,DOI:10.3917/rai.019.0193,2
DOI:10.1145/3287560.3287598,DOI:10.3917/res.212.0207,2
DOI:10.1145/3287560.3287598,DOI:10.3917/zil.005.0208],2
DOI:10.1145/3287560.3287598,DOI:10.4000/ethiquepublique.995],2
DOI:10.1145/3287560.3287598,DOI:10.4000/quaderni.2216,2
DOI:10.1145/3287560.3287598,DOI:10.4000/quaderni.2234],2
DOI:10.1145/3287560.3287598,DOI:10.4000/sdt.14802],2
DOI:10.1145/3287560.3287598,DOI:10.48550/arxiv.1810.00184],2
DOI:10.1145/3287560.3287598,"DUMOUCHEL P., 2016, ROBOT. IL GRANDE ATLANTE VISIVO SUL ROBOT, DALL'ANTICA GRECIA ALLE INTELLIGENZE ARTIFICIALI, 24 ORE CULTURA",2
DOI:10.1145/3287560.3287598,"ERASMUS ADRIAN, 2021, PHILOS TECHNOL, V34, P833, DOI [10.1007/S13347-020-00435-2, 10.1007/S13347-020-00435-2]",2
DOI:10.1145/3287560.3287598,"FOUCAULT MICHEL., 1969, ARCHAEOLOGY KNOWLEDG",2
DOI:10.1145/3287560.3287598,"FRANCK G., 2014, L'ECONOMIE DE L'ATTENTION, P55",2
DOI:10.1145/3287560.3287598,"FROIDEVAUX C, 2022, POUR UNE ETHIQUE DU NUMERIQUE, P41",2
DOI:10.1145/3287560.3287598,"FUCHS C, 2014, DIGITAL LABOUR AND KARL MARX, P1",2
DOI:10.1145/3287560.3287598,"GIBERT M., 2021, FAIRE MORALE ROBOTS",2
DOI:10.1145/3287560.3287598,"GUNKEL DJ, 2018, ROBOT RIGHTS",2
DOI:10.1145/3287560.3287598,"HAIYI ZHU, 2018, PROCEEDINGS OF THE ACM ON HUMAN-COMPUTER INTERACTION, V2, DOI [10.1145/3274463, 10.1145/3274463]",2
DOI:10.1145/3287560.3287598,"HOWARD P.N., 2015, PAX TECHNICA: HOW THE INTERNET OF THINGS MAY SET US FREE OR LOCK US UP",2
DOI:10.1145/3287560.3287598,"HURSTHOUSE ROSALIND., 1999, ON VIRTUE ETHICS",2
DOI:10.1145/3287560.3287598,"KANT E., 1989, CRITIQUE RAISON PRAT",2
DOI:10.1145/3287560.3287598,"KERVEGAN J.-F., 2012, ARCH PHILOS, P199",2
DOI:10.1145/3287560.3287598,"LEROI-GOURHAN A., 1995, GESTE PAROLE, VI",2
DOI:10.1145/3287560.3287598,"MCCONNELL TERRANCE., 2018, THE STANFORD ENCYCLOPEDIA OF PHILOSOPHY",2
DOI:10.1145/3287560.3287598,"MIT, 2016, MORAL MACHINES",2
DOI:10.1145/3287560.3287598,"NEVEJANS NATHALIE, 2017, TRAITE DE DROIT ET D'ETHIQUE DE LA ROBOTIQUE CIVILE, VLEH",2
DOI:10.1145/3287560.3287598,"OGIEN R., 2008, CONCEPTS ETHIQUE FAU",2
DOI:10.1145/3287560.3287598,"OGIEN RUWEN., 2007, LETHIQUE AUJOURDHUI. MAXIMALISTES ET MINIMALISTES",2
DOI:10.1145/3287560.3287598,"ONEIL C., 2018, ALGORITHMES BOMBE RE",2
DOI:10.1145/3287560.3287598,"ORSI FRANCESCO., 2015, VALUE THEORY",2
DOI:10.1145/3287560.3287598,"PEDERSEN ISABEL., 2020, EMBODIED COMPUTING: WEARABLES, IMPLANTABLES, EMBEDDABLES, INGESTIBLES",2
DOI:10.1145/3287560.3287598,"POPPER K., 1973, LOGIQUE DECOUVERTE S",2
DOI:10.1145/3287560.3287598,"RAWLS J., 1999, THEORIE DE LA JUSTICE",2
DOI:10.1145/3287560.3287598,"REBER B., 2014, TERMINAL TECHNOLOGIE, V119",2
DOI:10.1145/3287560.3287598,"SCHNAPPER D., 2012, COMPREHENSION SOCIOL",2
DOI:10.1145/3287560.3287598,"THOMSON JUDITH J, 1976, MONIST, V59, P204",2
DOI:10.1145/3287560.3287598,"VINCENT ANDRE, 1963, ARCHIVES DE PHILOSOPHIE DU DROIT, V8, P237",2
DOI:10.1145/3287560.3287598,"[ANONYMOUS], 2013, SCI TECHNIQUES SOC",2
DOI:10.1145/3287560.3287598,"[ANONYMOUS], 2013, SMART CITIES: THEORIE ET CRITIQUE D'UN IDEAL AUTOREALISATEUR",2
DOI:10.1145/3287560.3287598,DOI:10.1007/s11023-018-9482-5,4
DOI:10.1145/3287560.3287598,"BROUSSARD M, 2018, ARTIFICIAL UNINTELLIGENCE: HOW COMPUTERS MISUNDERSTAND THE WORLD",2
DOI:10.1145/3287560.3287598,DOI:10.1007/s11356-023-31437-0,2
DOI:10.1145/3287560.3287598,DOI:10.1080/1369118x.2019.1573912,2
DOI:10.1145/3287560.3287598,DOI:10.1145/3287560.3287596,2
DOI:10.1145/3287560.3287598,DOI:10.1145/3433949,2
DOI:10.1145/3287560.3287598,DOI:10.1145/3458723,2
DOI:10.1145/3287560.3287598,"WILLIAMS B., 1985, ETHICS LIMITS PHILOS",2
DOI:10.1145/3287560.3287598,"GREEN BEN, 2021, JOURNAL OF SOCIAL COMPUTING, V2, P249, DOI [10.23919/JSC.2021.0029, 10.23919/JSC.2021.0029]",2
DOI:10.1145/3287560.3287598,DOI:10.1177/2053951716679679,2
DOI:10.1609/aimag.v38i3.2741,DOI:10.17351/ests2020.277,2
DOI:10.1609/aimag.v38i3.2741,DOI:10.3390/bdcc3010005,2
DOI:10.1609/aimag.v38i3.2741,DOI:10.3406/reso.2000.2235,2
DOI:10.1609/aimag.v38i3.2741,DOI:10.3917/comm.164.0911],2
DOI:10.1609/aimag.v38i3.2741,DOI:10.3917/commu.088.0149],2
DOI:10.1609/aimag.v38i3.2741,DOI:10.3917/ls.135.0087,2
DOI:10.1609/aimag.v38i3.2741,DOI:10.3917/rai.019.0193,2
DOI:10.1609/aimag.v38i3.2741,DOI:10.3917/res.212.0207,2
DOI:10.1609/aimag.v38i3.2741,DOI:10.3917/zil.005.0208],2
DOI:10.1609/aimag.v38i3.2741,DOI:10.4000/ethiquepublique.995],2
DOI:10.1609/aimag.v38i3.2741,DOI:10.4000/quaderni.2216,2
DOI:10.1609/aimag.v38i3.2741,DOI:10.4000/quaderni.2234],2
DOI:10.1609/aimag.v38i3.2741,DOI:10.4000/sdt.14802],2
DOI:10.1609/aimag.v38i3.2741,DOI:10.48550/arxiv.1810.00184],2
DOI:10.1609/aimag.v38i3.2741,"DUMOUCHEL P., 2016, ROBOT. IL GRANDE ATLANTE VISIVO SUL ROBOT, DALL'ANTICA GRECIA ALLE INTELLIGENZE ARTIFICIALI, 24 ORE CULTURA",2
DOI:10.1609/aimag.v38i3.2741,"ERASMUS ADRIAN, 2021, PHILOS TECHNOL, V34, P833, DOI [10.1007/S13347-020-00435-2, 10.1007/S13347-020-00435-2]",2
DOI:10.1609/aimag.v38i3.2741,"FOUCAULT MICHEL., 1969, ARCHAEOLOGY KNOWLEDG",2
DOI:10.1609/aimag.v38i3.2741,"FRANCK G., 2014, L'ECONOMIE DE L'ATTENTION, P55",2
DOI:10.1609/aimag.v38i3.2741,"FROIDEVAUX C, 2022, POUR UNE ETHIQUE DU NUMERIQUE, P41",2
DOI:10.1609/aimag.v38i3.2741,"FUCHS C, 2014, DIGITAL LABOUR AND KARL MARX, P1",2
DOI:10.1609/aimag.v38i3.2741,"GIBERT M., 2021, FAIRE MORALE ROBOTS",2
DOI:10.1609/aimag.v38i3.2741,"GUNKEL DJ, 2018, ROBOT RIGHTS",2
DOI:10.1609/aimag.v38i3.2741,"HAIYI ZHU, 2018, PROCEEDINGS OF THE ACM ON HUMAN-COMPUTER INTERACTION, V2, DOI [10.1145/3274463, 10.1145/3274463]",2
DOI:10.1609/aimag.v38i3.2741,"HOWARD P.N., 2015, PAX TECHNICA: HOW THE INTERNET OF THINGS MAY SET US FREE OR LOCK US UP",2
DOI:10.1609/aimag.v38i3.2741,"HURSTHOUSE ROSALIND., 1999, ON VIRTUE ETHICS",2
DOI:10.1609/aimag.v38i3.2741,"KANT E., 1989, CRITIQUE RAISON PRAT",2
DOI:10.1609/aimag.v38i3.2741,"KERVEGAN J.-F., 2012, ARCH PHILOS, P199",2
DOI:10.1609/aimag.v38i3.2741,"LEROI-GOURHAN A., 1995, GESTE PAROLE, VI",2
DOI:10.1609/aimag.v38i3.2741,"MCCONNELL TERRANCE., 2018, THE STANFORD ENCYCLOPEDIA OF PHILOSOPHY",2
DOI:10.1609/aimag.v38i3.2741,"MIT, 2016, MORAL MACHINES",2
DOI:10.1609/aimag.v38i3.2741,"NEVEJANS NATHALIE, 2017, TRAITE DE DROIT ET D'ETHIQUE DE LA ROBOTIQUE CIVILE, VLEH",2
DOI:10.1609/aimag.v38i3.2741,"OGIEN R., 2008, CONCEPTS ETHIQUE FAU",2
DOI:10.1609/aimag.v38i3.2741,"OGIEN RUWEN., 2007, LETHIQUE AUJOURDHUI. MAXIMALISTES ET MINIMALISTES",2
DOI:10.1609/aimag.v38i3.2741,"ONEIL C., 2018, ALGORITHMES BOMBE RE",2
DOI:10.1609/aimag.v38i3.2741,"ORSI FRANCESCO., 2015, VALUE THEORY",2
DOI:10.1609/aimag.v38i3.2741,"PEDERSEN ISABEL., 2020, EMBODIED COMPUTING: WEARABLES, IMPLANTABLES, EMBEDDABLES, INGESTIBLES",2
DOI:10.1609/aimag.v38i3.2741,"POPPER K., 1973, LOGIQUE DECOUVERTE S",2
DOI:10.1609/aimag.v38i3.2741,"RAWLS J., 1999, THEORIE DE LA JUSTICE",2
DOI:10.1609/aimag.v38i3.2741,"REBER B., 2014, TERMINAL TECHNOLOGIE, V119",2
DOI:10.1609/aimag.v38i3.2741,"SCHNAPPER D., 2012, COMPREHENSION SOCIOL",2
DOI:10.1609/aimag.v38i3.2741,"THOMSON JUDITH J, 1976, MONIST, V59, P204",2
DOI:10.1609/aimag.v38i3.2741,"VINCENT ANDRE, 1963, ARCHIVES DE PHILOSOPHIE DU DROIT, V8, P237",2
DOI:10.1609/aimag.v38i3.2741,"[ANONYMOUS], 2013, SCI TECHNIQUES SOC",2
DOI:10.1609/aimag.v38i3.2741,"[ANONYMOUS], 2013, SMART CITIES: THEORIE ET CRITIQUE D'UN IDEAL AUTOREALISATEUR",2
DOI:10.1609/aimag.v38i3.2741,DOI:10.1007/s10676-019-09502-5,2
DOI:10.1609/aimag.v38i3.2741,DOI:10.1007/s11023-018-9482-5,3
DOI:10.1609/aimag.v38i3.2741,DOI:10.1007/s13347-019-00354-x,2
DOI:10.1609/aimag.v38i3.2741,DOI:10.1093/idpl/ipx005,2
DOI:10.1609/aimag.v38i3.2741,DOI:10.1098/rsta.2016.0112,2
DOI:10.1609/aimag.v38i3.2741,DOI:10.1098/rsta.2016.0360,2
DOI:10.1609/aimag.v38i3.2741,DOI:10.1136/medethics-2019-105586,2
DOI:10.1609/aimag.v38i3.2741,DOI:10.1177/2053951716679679,2
DOI:10.1609/aimag.v38i3.2741,"MINGERS J, 2010, MIS QUART, V34, P833",2
DOI:10.1609/aimag.v38i3.2741,DOI:10.1007/s13347-017-0263-5],2
DOI:10.1609/aimag.v38i3.2741,DOI:10.1177/2053951715622512,2
DOI:10.17351/ests2020.277,DOI:10.3390/bdcc3010005,2
DOI:10.17351/ests2020.277,DOI:10.3406/reso.2000.2235,2
DOI:10.17351/ests2020.277,DOI:10.3917/comm.164.0911],2
DOI:10.17351/ests2020.277,DOI:10.3917/commu.088.0149],2
DOI:10.17351/ests2020.277,DOI:10.3917/ls.135.0087,2
DOI:10.17351/ests2020.277,DOI:10.3917/rai.019.0193,2
DOI:10.17351/ests2020.277,DOI:10.3917/res.212.0207,2
DOI:10.17351/ests2020.277,DOI:10.3917/zil.005.0208],2
DOI:10.17351/ests2020.277,DOI:10.4000/ethiquepublique.995],2
DOI:10.17351/ests2020.277,DOI:10.4000/quaderni.2216,2
DOI:10.17351/ests2020.277,DOI:10.4000/quaderni.2234],2
DOI:10.17351/ests2020.277,DOI:10.4000/sdt.14802],2
DOI:10.17351/ests2020.277,DOI:10.48550/arxiv.1810.00184],2
DOI:10.17351/ests2020.277,"DUMOUCHEL P., 2016, ROBOT. IL GRANDE ATLANTE VISIVO SUL ROBOT, DALL'ANTICA GRECIA ALLE INTELLIGENZE ARTIFICIALI, 24 ORE CULTURA",2
DOI:10.17351/ests2020.277,"ERASMUS ADRIAN, 2021, PHILOS TECHNOL, V34, P833, DOI [10.1007/S13347-020-00435-2, 10.1007/S13347-020-00435-2]",2
DOI:10.17351/ests2020.277,"FOUCAULT MICHEL., 1969, ARCHAEOLOGY KNOWLEDG",2
DOI:10.17351/ests2020.277,"FRANCK G., 2014, L'ECONOMIE DE L'ATTENTION, P55",2
DOI:10.17351/ests2020.277,"FROIDEVAUX C, 2022, POUR UNE ETHIQUE DU NUMERIQUE, P41",2
DOI:10.17351/ests2020.277,"FUCHS C, 2014, DIGITAL LABOUR AND KARL MARX, P1",2
DOI:10.17351/ests2020.277,"GIBERT M., 2021, FAIRE MORALE ROBOTS",2
DOI:10.17351/ests2020.277,"GUNKEL DJ, 2018, ROBOT RIGHTS",2
DOI:10.17351/ests2020.277,"HAIYI ZHU, 2018, PROCEEDINGS OF THE ACM ON HUMAN-COMPUTER INTERACTION, V2, DOI [10.1145/3274463, 10.1145/3274463]",2
DOI:10.17351/ests2020.277,"HOWARD P.N., 2015, PAX TECHNICA: HOW THE INTERNET OF THINGS MAY SET US FREE OR LOCK US UP",2
DOI:10.17351/ests2020.277,"HURSTHOUSE ROSALIND., 1999, ON VIRTUE ETHICS",2
DOI:10.17351/ests2020.277,"KANT E., 1989, CRITIQUE RAISON PRAT",2
DOI:10.17351/ests2020.277,"KERVEGAN J.-F., 2012, ARCH PHILOS, P199",2
DOI:10.17351/ests2020.277,"LEROI-GOURHAN A., 1995, GESTE PAROLE, VI",2
DOI:10.17351/ests2020.277,"MCCONNELL TERRANCE., 2018, THE STANFORD ENCYCLOPEDIA OF PHILOSOPHY",2
DOI:10.17351/ests2020.277,"MIT, 2016, MORAL MACHINES",2
DOI:10.17351/ests2020.277,"NEVEJANS NATHALIE, 2017, TRAITE DE DROIT ET D'ETHIQUE DE LA ROBOTIQUE CIVILE, VLEH",2
DOI:10.17351/ests2020.277,"OGIEN R., 2008, CONCEPTS ETHIQUE FAU",2
DOI:10.17351/ests2020.277,"OGIEN RUWEN., 2007, LETHIQUE AUJOURDHUI. MAXIMALISTES ET MINIMALISTES",2
DOI:10.17351/ests2020.277,"ONEIL C., 2018, ALGORITHMES BOMBE RE",2
DOI:10.17351/ests2020.277,"ORSI FRANCESCO., 2015, VALUE THEORY",2
DOI:10.17351/ests2020.277,"PEDERSEN ISABEL., 2020, EMBODIED COMPUTING: WEARABLES, IMPLANTABLES, EMBEDDABLES, INGESTIBLES",2
DOI:10.17351/ests2020.277,"POPPER K., 1973, LOGIQUE DECOUVERTE S",2
DOI:10.17351/ests2020.277,"RAWLS J., 1999, THEORIE DE LA JUSTICE",2
DOI:10.17351/ests2020.277,"REBER B., 2014, TERMINAL TECHNOLOGIE, V119",2
DOI:10.17351/ests2020.277,"SCHNAPPER D., 2012, COMPREHENSION SOCIOL",2
DOI:10.17351/ests2020.277,"THOMSON JUDITH J, 1976, MONIST, V59, P204",2
DOI:10.17351/ests2020.277,"VINCENT ANDRE, 1963, ARCHIVES DE PHILOSOPHIE DU DROIT, V8, P237",2
DOI:10.17351/ests2020.277,"[ANONYMOUS], 2013, SCI TECHNIQUES SOC",2
DOI:10.17351/ests2020.277,"[ANONYMOUS], 2013, SMART CITIES: THEORIE ET CRITIQUE D'UN IDEAL AUTOREALISATEUR",2
DOI:10.3390/bdcc3010005,DOI:10.3406/reso.2000.2235,2
DOI:10.3390/bdcc3010005,DOI:10.3917/comm.164.0911],2
DOI:10.3390/bdcc3010005,DOI:10.3917/commu.088.0149],2
DOI:10.3390/bdcc3010005,DOI:10.3917/ls.135.0087,2
DOI:10.3390/bdcc3010005,DOI:10.3917/rai.019.0193,2
DOI:10.3390/bdcc3010005,DOI:10.3917/res.212.0207,2
DOI:10.3390/bdcc3010005,DOI:10.3917/zil.005.0208],2
DOI:10.3390/bdcc3010005,DOI:10.4000/ethiquepublique.995],2
DOI:10.3390/bdcc3010005,DOI:10.4000/quaderni.2216,2
DOI:10.3390/bdcc3010005,DOI:10.4000/quaderni.2234],2
DOI:10.3390/bdcc3010005,DOI:10.4000/sdt.14802],2
DOI:10.3390/bdcc3010005,DOI:10.48550/arxiv.1810.00184],2
DOI:10.3390/bdcc3010005,"DUMOUCHEL P., 2016, ROBOT. IL GRANDE ATLANTE VISIVO SUL ROBOT, DALL'ANTICA GRECIA ALLE INTELLIGENZE ARTIFICIALI, 24 ORE CULTURA",2
DOI:10.3390/bdcc3010005,"ERASMUS ADRIAN, 2021, PHILOS TECHNOL, V34, P833, DOI [10.1007/S13347-020-00435-2, 10.1007/S13347-020-00435-2]",2
DOI:10.3390/bdcc3010005,"FOUCAULT MICHEL., 1969, ARCHAEOLOGY KNOWLEDG",2
DOI:10.3390/bdcc3010005,"FRANCK G., 2014, L'ECONOMIE DE L'ATTENTION, P55",2
DOI:10.3390/bdcc3010005,"FROIDEVAUX C, 2022, POUR UNE ETHIQUE DU NUMERIQUE, P41",2
DOI:10.3390/bdcc3010005,"FUCHS C, 2014, DIGITAL LABOUR AND KARL MARX, P1",2
DOI:10.3390/bdcc3010005,"GIBERT M., 2021, FAIRE MORALE ROBOTS",2
DOI:10.3390/bdcc3010005,"GUNKEL DJ, 2018, ROBOT RIGHTS",2
DOI:10.3390/bdcc3010005,"HAIYI ZHU, 2018, PROCEEDINGS OF THE ACM ON HUMAN-COMPUTER INTERACTION, V2, DOI [10.1145/3274463, 10.1145/3274463]",2
DOI:10.3390/bdcc3010005,"HOWARD P.N., 2015, PAX TECHNICA: HOW THE INTERNET OF THINGS MAY SET US FREE OR LOCK US UP",2
DOI:10.3390/bdcc3010005,"HURSTHOUSE ROSALIND., 1999, ON VIRTUE ETHICS",2
DOI:10.3390/bdcc3010005,"KANT E., 1989, CRITIQUE RAISON PRAT",2
DOI:10.3390/bdcc3010005,"KERVEGAN J.-F., 2012, ARCH PHILOS, P199",2
DOI:10.3390/bdcc3010005,"LEROI-GOURHAN A., 1995, GESTE PAROLE, VI",2
DOI:10.3390/bdcc3010005,"MCCONNELL TERRANCE., 2018, THE STANFORD ENCYCLOPEDIA OF PHILOSOPHY",2
DOI:10.3390/bdcc3010005,"MIT, 2016, MORAL MACHINES",2
DOI:10.3390/bdcc3010005,"NEVEJANS NATHALIE, 2017, TRAITE DE DROIT ET D'ETHIQUE DE LA ROBOTIQUE CIVILE, VLEH",2
DOI:10.3390/bdcc3010005,"OGIEN R., 2008, CONCEPTS ETHIQUE FAU",2
DOI:10.3390/bdcc3010005,"OGIEN RUWEN., 2007, LETHIQUE AUJOURDHUI. MAXIMALISTES ET MINIMALISTES",2
DOI:10.3390/bdcc3010005,"ONEIL C., 2018, ALGORITHMES BOMBE RE",2
DOI:10.3390/bdcc3010005,"ORSI FRANCESCO., 2015, VALUE THEORY",2
DOI:10.3390/bdcc3010005,"PEDERSEN ISABEL., 2020, EMBODIED COMPUTING: WEARABLES, IMPLANTABLES, EMBEDDABLES, INGESTIBLES",2
DOI:10.3390/bdcc3010005,"POPPER K., 1973, LOGIQUE DECOUVERTE S",2
DOI:10.3390/bdcc3010005,"RAWLS J., 1999, THEORIE DE LA JUSTICE",2
DOI:10.3390/bdcc3010005,"REBER B., 2014, TERMINAL TECHNOLOGIE, V119",2
DOI:10.3390/bdcc3010005,"SCHNAPPER D., 2012, COMPREHENSION SOCIOL",2
DOI:10.3390/bdcc3010005,"THOMSON JUDITH J, 1976, MONIST, V59, P204",2
DOI:10.3390/bdcc3010005,"VINCENT ANDRE, 1963, ARCHIVES DE PHILOSOPHIE DU DROIT, V8, P237",2
DOI:10.3390/bdcc3010005,"[ANONYMOUS], 2013, SCI TECHNIQUES SOC",2
DOI:10.3390/bdcc3010005,"[ANONYMOUS], 2013, SMART CITIES: THEORIE ET CRITIQUE D'UN IDEAL AUTOREALISATEUR",2
DOI:10.3406/reso.2000.2235,DOI:10.3917/comm.164.0911],2
DOI:10.3406/reso.2000.2235,DOI:10.3917/commu.088.0149],2
DOI:10.3406/reso.2000.2235,DOI:10.3917/ls.135.0087,2
DOI:10.3406/reso.2000.2235,DOI:10.3917/rai.019.0193,2
DOI:10.3406/reso.2000.2235,DOI:10.3917/res.212.0207,2
DOI:10.3406/reso.2000.2235,DOI:10.3917/zil.005.0208],2
DOI:10.3406/reso.2000.2235,DOI:10.4000/ethiquepublique.995],2
DOI:10.3406/reso.2000.2235,DOI:10.4000/quaderni.2216,2
DOI:10.3406/reso.2000.2235,DOI:10.4000/quaderni.2234],2
DOI:10.3406/reso.2000.2235,DOI:10.4000/sdt.14802],2
DOI:10.3406/reso.2000.2235,DOI:10.48550/arxiv.1810.00184],2
DOI:10.3406/reso.2000.2235,"DUMOUCHEL P., 2016, ROBOT. IL GRANDE ATLANTE VISIVO SUL ROBOT, DALL'ANTICA GRECIA ALLE INTELLIGENZE ARTIFICIALI, 24 ORE CULTURA",2
DOI:10.3406/reso.2000.2235,"ERASMUS ADRIAN, 2021, PHILOS TECHNOL, V34, P833, DOI [10.1007/S13347-020-00435-2, 10.1007/S13347-020-00435-2]",2
DOI:10.3406/reso.2000.2235,"FOUCAULT MICHEL., 1969, ARCHAEOLOGY KNOWLEDG",2
DOI:10.3406/reso.2000.2235,"FRANCK G., 2014, L'ECONOMIE DE L'ATTENTION, P55",2
DOI:10.3406/reso.2000.2235,"FROIDEVAUX C, 2022, POUR UNE ETHIQUE DU NUMERIQUE, P41",2
DOI:10.3406/reso.2000.2235,"FUCHS C, 2014, DIGITAL LABOUR AND KARL MARX, P1",2
DOI:10.3406/reso.2000.2235,"GIBERT M., 2021, FAIRE MORALE ROBOTS",2
DOI:10.3406/reso.2000.2235,"GUNKEL DJ, 2018, ROBOT RIGHTS",2
DOI:10.3406/reso.2000.2235,"HAIYI ZHU, 2018, PROCEEDINGS OF THE ACM ON HUMAN-COMPUTER INTERACTION, V2, DOI [10.1145/3274463, 10.1145/3274463]",2
DOI:10.3406/reso.2000.2235,"HOWARD P.N., 2015, PAX TECHNICA: HOW THE INTERNET OF THINGS MAY SET US FREE OR LOCK US UP",2
DOI:10.3406/reso.2000.2235,"HURSTHOUSE ROSALIND., 1999, ON VIRTUE ETHICS",2
DOI:10.3406/reso.2000.2235,"KANT E., 1989, CRITIQUE RAISON PRAT",2
DOI:10.3406/reso.2000.2235,"KERVEGAN J.-F., 2012, ARCH PHILOS, P199",2
DOI:10.3406/reso.2000.2235,"LEROI-GOURHAN A., 1995, GESTE PAROLE, VI",2
DOI:10.3406/reso.2000.2235,"MCCONNELL TERRANCE., 2018, THE STANFORD ENCYCLOPEDIA OF PHILOSOPHY",2
DOI:10.3406/reso.2000.2235,"MIT, 2016, MORAL MACHINES",2
DOI:10.3406/reso.2000.2235,"NEVEJANS NATHALIE, 2017, TRAITE DE DROIT ET D'ETHIQUE DE LA ROBOTIQUE CIVILE, VLEH",2
DOI:10.3406/reso.2000.2235,"OGIEN R., 2008, CONCEPTS ETHIQUE FAU",2
DOI:10.3406/reso.2000.2235,"OGIEN RUWEN., 2007, LETHIQUE AUJOURDHUI. MAXIMALISTES ET MINIMALISTES",2
DOI:10.3406/reso.2000.2235,"ONEIL C., 2018, ALGORITHMES BOMBE RE",2
DOI:10.3406/reso.2000.2235,"ORSI FRANCESCO., 2015, VALUE THEORY",2
DOI:10.3406/reso.2000.2235,"PEDERSEN ISABEL., 2020, EMBODIED COMPUTING: WEARABLES, IMPLANTABLES, EMBEDDABLES, INGESTIBLES",2
DOI:10.3406/reso.2000.2235,"POPPER K., 1973, LOGIQUE DECOUVERTE S",2
DOI:10.3406/reso.2000.2235,"RAWLS J., 1999, THEORIE DE LA JUSTICE",2
DOI:10.3406/reso.2000.2235,"REBER B., 2014, TERMINAL TECHNOLOGIE, V119",2
DOI:10.3406/reso.2000.2235,"SCHNAPPER D., 2012, COMPREHENSION SOCIOL",2
DOI:10.3406/reso.2000.2235,"THOMSON JUDITH J, 1976, MONIST, V59, P204",2
DOI:10.3406/reso.2000.2235,"VINCENT ANDRE, 1963, ARCHIVES DE PHILOSOPHIE DU DROIT, V8, P237",2
DOI:10.3406/reso.2000.2235,"[ANONYMOUS], 2013, SCI TECHNIQUES SOC",2
DOI:10.3406/reso.2000.2235,"[ANONYMOUS], 2013, SMART CITIES: THEORIE ET CRITIQUE D'UN IDEAL AUTOREALISATEUR",2
DOI:10.3917/comm.164.0911],DOI:10.3917/commu.088.0149],2
DOI:10.3917/comm.164.0911],DOI:10.3917/ls.135.0087,2
DOI:10.3917/comm.164.0911],DOI:10.3917/rai.019.0193,2
DOI:10.3917/comm.164.0911],DOI:10.3917/res.212.0207,2
DOI:10.3917/comm.164.0911],DOI:10.3917/zil.005.0208],2
DOI:10.3917/comm.164.0911],DOI:10.4000/ethiquepublique.995],2
DOI:10.3917/comm.164.0911],DOI:10.4000/quaderni.2216,2
DOI:10.3917/comm.164.0911],DOI:10.4000/quaderni.2234],2
DOI:10.3917/comm.164.0911],DOI:10.4000/sdt.14802],2
DOI:10.3917/comm.164.0911],DOI:10.48550/arxiv.1810.00184],2
DOI:10.3917/comm.164.0911],"DUMOUCHEL P., 2016, ROBOT. IL GRANDE ATLANTE VISIVO SUL ROBOT, DALL'ANTICA GRECIA ALLE INTELLIGENZE ARTIFICIALI, 24 ORE CULTURA",2
DOI:10.3917/comm.164.0911],"ERASMUS ADRIAN, 2021, PHILOS TECHNOL, V34, P833, DOI [10.1007/S13347-020-00435-2, 10.1007/S13347-020-00435-2]",2
DOI:10.3917/comm.164.0911],"FOUCAULT MICHEL., 1969, ARCHAEOLOGY KNOWLEDG",2
DOI:10.3917/comm.164.0911],"FRANCK G., 2014, L'ECONOMIE DE L'ATTENTION, P55",2
DOI:10.3917/comm.164.0911],"FROIDEVAUX C, 2022, POUR UNE ETHIQUE DU NUMERIQUE, P41",2
DOI:10.3917/comm.164.0911],"FUCHS C, 2014, DIGITAL LABOUR AND KARL MARX, P1",2
DOI:10.3917/comm.164.0911],"GIBERT M., 2021, FAIRE MORALE ROBOTS",2
DOI:10.3917/comm.164.0911],"GUNKEL DJ, 2018, ROBOT RIGHTS",2
DOI:10.3917/comm.164.0911],"HAIYI ZHU, 2018, PROCEEDINGS OF THE ACM ON HUMAN-COMPUTER INTERACTION, V2, DOI [10.1145/3274463, 10.1145/3274463]",2
DOI:10.3917/comm.164.0911],"HOWARD P.N., 2015, PAX TECHNICA: HOW THE INTERNET OF THINGS MAY SET US FREE OR LOCK US UP",2
DOI:10.3917/comm.164.0911],"HURSTHOUSE ROSALIND., 1999, ON VIRTUE ETHICS",2
DOI:10.3917/comm.164.0911],"KANT E., 1989, CRITIQUE RAISON PRAT",2
DOI:10.3917/comm.164.0911],"KERVEGAN J.-F., 2012, ARCH PHILOS, P199",2
DOI:10.3917/comm.164.0911],"LEROI-GOURHAN A., 1995, GESTE PAROLE, VI",2
DOI:10.3917/comm.164.0911],"MCCONNELL TERRANCE., 2018, THE STANFORD ENCYCLOPEDIA OF PHILOSOPHY",2
DOI:10.3917/comm.164.0911],"MIT, 2016, MORAL MACHINES",2
DOI:10.3917/comm.164.0911],"NEVEJANS NATHALIE, 2017, TRAITE DE DROIT ET D'ETHIQUE DE LA ROBOTIQUE CIVILE, VLEH",2
DOI:10.3917/comm.164.0911],"OGIEN R., 2008, CONCEPTS ETHIQUE FAU",2
DOI:10.3917/comm.164.0911],"OGIEN RUWEN., 2007, LETHIQUE AUJOURDHUI. MAXIMALISTES ET MINIMALISTES",2
DOI:10.3917/comm.164.0911],"ONEIL C., 2018, ALGORITHMES BOMBE RE",2
DOI:10.3917/comm.164.0911],"ORSI FRANCESCO., 2015, VALUE THEORY",2
DOI:10.3917/comm.164.0911],"PEDERSEN ISABEL., 2020, EMBODIED COMPUTING: WEARABLES, IMPLANTABLES, EMBEDDABLES, INGESTIBLES",2
DOI:10.3917/comm.164.0911],"POPPER K., 1973, LOGIQUE DECOUVERTE S",2
DOI:10.3917/comm.164.0911],"RAWLS J., 1999, THEORIE DE LA JUSTICE",2
DOI:10.3917/comm.164.0911],"REBER B., 2014, TERMINAL TECHNOLOGIE, V119",2
DOI:10.3917/comm.164.0911],"SCHNAPPER D., 2012, COMPREHENSION SOCIOL",2
DOI:10.3917/comm.164.0911],"THOMSON JUDITH J, 1976, MONIST, V59, P204",2
DOI:10.3917/comm.164.0911],"VINCENT ANDRE, 1963, ARCHIVES DE PHILOSOPHIE DU DROIT, V8, P237",2
DOI:10.3917/comm.164.0911],"[ANONYMOUS], 2013, SCI TECHNIQUES SOC",2
DOI:10.3917/comm.164.0911],"[ANONYMOUS], 2013, SMART CITIES: THEORIE ET CRITIQUE D'UN IDEAL AUTOREALISATEUR",2
DOI:10.3917/commu.088.0149],DOI:10.3917/ls.135.0087,2
DOI:10.3917/commu.088.0149],DOI:10.3917/rai.019.0193,2
DOI:10.3917/commu.088.0149],DOI:10.3917/res.212.0207,2
DOI:10.3917/commu.088.0149],DOI:10.3917/zil.005.0208],2
DOI:10.3917/commu.088.0149],DOI:10.4000/ethiquepublique.995],2
DOI:10.3917/commu.088.0149],DOI:10.4000/quaderni.2216,2
DOI:10.3917/commu.088.0149],DOI:10.4000/quaderni.2234],2
DOI:10.3917/commu.088.0149],DOI:10.4000/sdt.14802],2
DOI:10.3917/commu.088.0149],DOI:10.48550/arxiv.1810.00184],2
DOI:10.3917/commu.088.0149],"DUMOUCHEL P., 2016, ROBOT. IL GRANDE ATLANTE VISIVO SUL ROBOT, DALL'ANTICA GRECIA ALLE INTELLIGENZE ARTIFICIALI, 24 ORE CULTURA",2
DOI:10.3917/commu.088.0149],"ERASMUS ADRIAN, 2021, PHILOS TECHNOL, V34, P833, DOI [10.1007/S13347-020-00435-2, 10.1007/S13347-020-00435-2]",2
DOI:10.3917/commu.088.0149],"FOUCAULT MICHEL., 1969, ARCHAEOLOGY KNOWLEDG",2
DOI:10.3917/commu.088.0149],"FRANCK G., 2014, L'ECONOMIE DE L'ATTENTION, P55",2
DOI:10.3917/commu.088.0149],"FROIDEVAUX C, 2022, POUR UNE ETHIQUE DU NUMERIQUE, P41",2
DOI:10.3917/commu.088.0149],"FUCHS C, 2014, DIGITAL LABOUR AND KARL MARX, P1",2
DOI:10.3917/commu.088.0149],"GIBERT M., 2021, FAIRE MORALE ROBOTS",2
DOI:10.3917/commu.088.0149],"GUNKEL DJ, 2018, ROBOT RIGHTS",2
DOI:10.3917/commu.088.0149],"HAIYI ZHU, 2018, PROCEEDINGS OF THE ACM ON HUMAN-COMPUTER INTERACTION, V2, DOI [10.1145/3274463, 10.1145/3274463]",2
DOI:10.3917/commu.088.0149],"HOWARD P.N., 2015, PAX TECHNICA: HOW THE INTERNET OF THINGS MAY SET US FREE OR LOCK US UP",2
DOI:10.3917/commu.088.0149],"HURSTHOUSE ROSALIND., 1999, ON VIRTUE ETHICS",2
DOI:10.3917/commu.088.0149],"KANT E., 1989, CRITIQUE RAISON PRAT",2
DOI:10.3917/commu.088.0149],"KERVEGAN J.-F., 2012, ARCH PHILOS, P199",2
DOI:10.3917/commu.088.0149],"LEROI-GOURHAN A., 1995, GESTE PAROLE, VI",2
DOI:10.3917/commu.088.0149],"MCCONNELL TERRANCE., 2018, THE STANFORD ENCYCLOPEDIA OF PHILOSOPHY",2
DOI:10.3917/commu.088.0149],"MIT, 2016, MORAL MACHINES",2
DOI:10.3917/commu.088.0149],"NEVEJANS NATHALIE, 2017, TRAITE DE DROIT ET D'ETHIQUE DE LA ROBOTIQUE CIVILE, VLEH",2
DOI:10.3917/commu.088.0149],"OGIEN R., 2008, CONCEPTS ETHIQUE FAU",2
DOI:10.3917/commu.088.0149],"OGIEN RUWEN., 2007, LETHIQUE AUJOURDHUI. MAXIMALISTES ET MINIMALISTES",2
DOI:10.3917/commu.088.0149],"ONEIL C., 2018, ALGORITHMES BOMBE RE",2
DOI:10.3917/commu.088.0149],"ORSI FRANCESCO., 2015, VALUE THEORY",2
DOI:10.3917/commu.088.0149],"PEDERSEN ISABEL., 2020, EMBODIED COMPUTING: WEARABLES, IMPLANTABLES, EMBEDDABLES, INGESTIBLES",2
DOI:10.3917/commu.088.0149],"POPPER K., 1973, LOGIQUE DECOUVERTE S",2
DOI:10.3917/commu.088.0149],"RAWLS J., 1999, THEORIE DE LA JUSTICE",2
DOI:10.3917/commu.088.0149],"REBER B., 2014, TERMINAL TECHNOLOGIE, V119",2
DOI:10.3917/commu.088.0149],"SCHNAPPER D., 2012, COMPREHENSION SOCIOL",2
DOI:10.3917/commu.088.0149],"THOMSON JUDITH J, 1976, MONIST, V59, P204",2
DOI:10.3917/commu.088.0149],"VINCENT ANDRE, 1963, ARCHIVES DE PHILOSOPHIE DU DROIT, V8, P237",2
DOI:10.3917/commu.088.0149],"[ANONYMOUS], 2013, SCI TECHNIQUES SOC",2
DOI:10.3917/commu.088.0149],"[ANONYMOUS], 2013, SMART CITIES: THEORIE ET CRITIQUE D'UN IDEAL AUTOREALISATEUR",2
DOI:10.3917/ls.135.0087,DOI:10.3917/rai.019.0193,2
DOI:10.3917/ls.135.0087,DOI:10.3917/res.212.0207,2
DOI:10.3917/ls.135.0087,DOI:10.3917/zil.005.0208],2
DOI:10.3917/ls.135.0087,DOI:10.4000/ethiquepublique.995],2
DOI:10.3917/ls.135.0087,DOI:10.4000/quaderni.2216,2
DOI:10.3917/ls.135.0087,DOI:10.4000/quaderni.2234],2
DOI:10.3917/ls.135.0087,DOI:10.4000/sdt.14802],2
DOI:10.3917/ls.135.0087,DOI:10.48550/arxiv.1810.00184],2
DOI:10.3917/ls.135.0087,"DUMOUCHEL P., 2016, ROBOT. IL GRANDE ATLANTE VISIVO SUL ROBOT, DALL'ANTICA GRECIA ALLE INTELLIGENZE ARTIFICIALI, 24 ORE CULTURA",2
DOI:10.3917/ls.135.0087,"ERASMUS ADRIAN, 2021, PHILOS TECHNOL, V34, P833, DOI [10.1007/S13347-020-00435-2, 10.1007/S13347-020-00435-2]",2
DOI:10.3917/ls.135.0087,"FOUCAULT MICHEL., 1969, ARCHAEOLOGY KNOWLEDG",2
DOI:10.3917/ls.135.0087,"FRANCK G., 2014, L'ECONOMIE DE L'ATTENTION, P55",2
DOI:10.3917/ls.135.0087,"FROIDEVAUX C, 2022, POUR UNE ETHIQUE DU NUMERIQUE, P41",2
DOI:10.3917/ls.135.0087,"FUCHS C, 2014, DIGITAL LABOUR AND KARL MARX, P1",2
DOI:10.3917/ls.135.0087,"GIBERT M., 2021, FAIRE MORALE ROBOTS",2
DOI:10.3917/ls.135.0087,"GUNKEL DJ, 2018, ROBOT RIGHTS",2
DOI:10.3917/ls.135.0087,"HAIYI ZHU, 2018, PROCEEDINGS OF THE ACM ON HUMAN-COMPUTER INTERACTION, V2, DOI [10.1145/3274463, 10.1145/3274463]",2
DOI:10.3917/ls.135.0087,"HOWARD P.N., 2015, PAX TECHNICA: HOW THE INTERNET OF THINGS MAY SET US FREE OR LOCK US UP",2
DOI:10.3917/ls.135.0087,"HURSTHOUSE ROSALIND., 1999, ON VIRTUE ETHICS",2
DOI:10.3917/ls.135.0087,"KANT E., 1989, CRITIQUE RAISON PRAT",2
DOI:10.3917/ls.135.0087,"KERVEGAN J.-F., 2012, ARCH PHILOS, P199",2
DOI:10.3917/ls.135.0087,"LEROI-GOURHAN A., 1995, GESTE PAROLE, VI",2
DOI:10.3917/ls.135.0087,"MCCONNELL TERRANCE., 2018, THE STANFORD ENCYCLOPEDIA OF PHILOSOPHY",2
DOI:10.3917/ls.135.0087,"MIT, 2016, MORAL MACHINES",2
DOI:10.3917/ls.135.0087,"NEVEJANS NATHALIE, 2017, TRAITE DE DROIT ET D'ETHIQUE DE LA ROBOTIQUE CIVILE, VLEH",2
DOI:10.3917/ls.135.0087,"OGIEN R., 2008, CONCEPTS ETHIQUE FAU",2
DOI:10.3917/ls.135.0087,"OGIEN RUWEN., 2007, LETHIQUE AUJOURDHUI. MAXIMALISTES ET MINIMALISTES",2
DOI:10.3917/ls.135.0087,"ONEIL C., 2018, ALGORITHMES BOMBE RE",2
DOI:10.3917/ls.135.0087,"ORSI FRANCESCO., 2015, VALUE THEORY",2
DOI:10.3917/ls.135.0087,"PEDERSEN ISABEL., 2020, EMBODIED COMPUTING: WEARABLES, IMPLANTABLES, EMBEDDABLES, INGESTIBLES",2
DOI:10.3917/ls.135.0087,"POPPER K., 1973, LOGIQUE DECOUVERTE S",2
DOI:10.3917/ls.135.0087,"RAWLS J., 1999, THEORIE DE LA JUSTICE",2
DOI:10.3917/ls.135.0087,"REBER B., 2014, TERMINAL TECHNOLOGIE, V119",2
DOI:10.3917/ls.135.0087,"SCHNAPPER D., 2012, COMPREHENSION SOCIOL",2
DOI:10.3917/ls.135.0087,"THOMSON JUDITH J, 1976, MONIST, V59, P204",2
DOI:10.3917/ls.135.0087,"VINCENT ANDRE, 1963, ARCHIVES DE PHILOSOPHIE DU DROIT, V8, P237",2
DOI:10.3917/ls.135.0087,"[ANONYMOUS], 2013, SCI TECHNIQUES SOC",2
DOI:10.3917/ls.135.0087,"[ANONYMOUS], 2013, SMART CITIES: THEORIE ET CRITIQUE D'UN IDEAL AUTOREALISATEUR",2
DOI:10.3917/rai.019.0193,DOI:10.3917/res.212.0207,2
DOI:10.3917/rai.019.0193,DOI:10.3917/zil.005.0208],2
DOI:10.3917/rai.019.0193,DOI:10.4000/ethiquepublique.995],2
DOI:10.3917/rai.019.0193,DOI:10.4000/quaderni.2216,2
DOI:10.3917/rai.019.0193,DOI:10.4000/quaderni.2234],2
DOI:10.3917/rai.019.0193,DOI:10.4000/sdt.14802],2
DOI:10.3917/rai.019.0193,DOI:10.48550/arxiv.1810.00184],2
DOI:10.3917/rai.019.0193,"DUMOUCHEL P., 2016, ROBOT. IL GRANDE ATLANTE VISIVO SUL ROBOT, DALL'ANTICA GRECIA ALLE INTELLIGENZE ARTIFICIALI, 24 ORE CULTURA",2
DOI:10.3917/rai.019.0193,"ERASMUS ADRIAN, 2021, PHILOS TECHNOL, V34, P833, DOI [10.1007/S13347-020-00435-2, 10.1007/S13347-020-00435-2]",2
DOI:10.3917/rai.019.0193,"FOUCAULT MICHEL., 1969, ARCHAEOLOGY KNOWLEDG",2
DOI:10.3917/rai.019.0193,"FRANCK G., 2014, L'ECONOMIE DE L'ATTENTION, P55",2
DOI:10.3917/rai.019.0193,"FROIDEVAUX C, 2022, POUR UNE ETHIQUE DU NUMERIQUE, P41",2
DOI:10.3917/rai.019.0193,"FUCHS C, 2014, DIGITAL LABOUR AND KARL MARX, P1",2
DOI:10.3917/rai.019.0193,"GIBERT M., 2021, FAIRE MORALE ROBOTS",2
DOI:10.3917/rai.019.0193,"GUNKEL DJ, 2018, ROBOT RIGHTS",2
DOI:10.3917/rai.019.0193,"HAIYI ZHU, 2018, PROCEEDINGS OF THE ACM ON HUMAN-COMPUTER INTERACTION, V2, DOI [10.1145/3274463, 10.1145/3274463]",2
DOI:10.3917/rai.019.0193,"HOWARD P.N., 2015, PAX TECHNICA: HOW THE INTERNET OF THINGS MAY SET US FREE OR LOCK US UP",2
DOI:10.3917/rai.019.0193,"HURSTHOUSE ROSALIND., 1999, ON VIRTUE ETHICS",2
DOI:10.3917/rai.019.0193,"KANT E., 1989, CRITIQUE RAISON PRAT",2
DOI:10.3917/rai.019.0193,"KERVEGAN J.-F., 2012, ARCH PHILOS, P199",2
DOI:10.3917/rai.019.0193,"LEROI-GOURHAN A., 1995, GESTE PAROLE, VI",2
DOI:10.3917/rai.019.0193,"MCCONNELL TERRANCE., 2018, THE STANFORD ENCYCLOPEDIA OF PHILOSOPHY",2
DOI:10.3917/rai.019.0193,"MIT, 2016, MORAL MACHINES",2
DOI:10.3917/rai.019.0193,"NEVEJANS NATHALIE, 2017, TRAITE DE DROIT ET D'ETHIQUE DE LA ROBOTIQUE CIVILE, VLEH",2
DOI:10.3917/rai.019.0193,"OGIEN R., 2008, CONCEPTS ETHIQUE FAU",2
DOI:10.3917/rai.019.0193,"OGIEN RUWEN., 2007, LETHIQUE AUJOURDHUI. MAXIMALISTES ET MINIMALISTES",2
DOI:10.3917/rai.019.0193,"ONEIL C., 2018, ALGORITHMES BOMBE RE",2
DOI:10.3917/rai.019.0193,"ORSI FRANCESCO., 2015, VALUE THEORY",2
DOI:10.3917/rai.019.0193,"PEDERSEN ISABEL., 2020, EMBODIED COMPUTING: WEARABLES, IMPLANTABLES, EMBEDDABLES, INGESTIBLES",2
DOI:10.3917/rai.019.0193,"POPPER K., 1973, LOGIQUE DECOUVERTE S",2
DOI:10.3917/rai.019.0193,"RAWLS J., 1999, THEORIE DE LA JUSTICE",2
DOI:10.3917/rai.019.0193,"REBER B., 2014, TERMINAL TECHNOLOGIE, V119",2
DOI:10.3917/rai.019.0193,"SCHNAPPER D., 2012, COMPREHENSION SOCIOL",2
DOI:10.3917/rai.019.0193,"THOMSON JUDITH J, 1976, MONIST, V59, P204",2
DOI:10.3917/rai.019.0193,"VINCENT ANDRE, 1963, ARCHIVES DE PHILOSOPHIE DU DROIT, V8, P237",2
DOI:10.3917/rai.019.0193,"[ANONYMOUS], 2013, SCI TECHNIQUES SOC",2
DOI:10.3917/rai.019.0193,"[ANONYMOUS], 2013, SMART CITIES: THEORIE ET CRITIQUE D'UN IDEAL AUTOREALISATEUR",2
DOI:10.3917/res.212.0207,DOI:10.3917/zil.005.0208],2
DOI:10.3917/res.212.0207,DOI:10.4000/ethiquepublique.995],2
DOI:10.3917/res.212.0207,DOI:10.4000/quaderni.2216,2
DOI:10.3917/res.212.0207,DOI:10.4000/quaderni.2234],2
DOI:10.3917/res.212.0207,DOI:10.4000/sdt.14802],2
DOI:10.3917/res.212.0207,DOI:10.48550/arxiv.1810.00184],2
DOI:10.3917/res.212.0207,"DUMOUCHEL P., 2016, ROBOT. IL GRANDE ATLANTE VISIVO SUL ROBOT, DALL'ANTICA GRECIA ALLE INTELLIGENZE ARTIFICIALI, 24 ORE CULTURA",2
DOI:10.3917/res.212.0207,"ERASMUS ADRIAN, 2021, PHILOS TECHNOL, V34, P833, DOI [10.1007/S13347-020-00435-2, 10.1007/S13347-020-00435-2]",2
DOI:10.3917/res.212.0207,"FOUCAULT MICHEL., 1969, ARCHAEOLOGY KNOWLEDG",2
DOI:10.3917/res.212.0207,"FRANCK G., 2014, L'ECONOMIE DE L'ATTENTION, P55",2
DOI:10.3917/res.212.0207,"FROIDEVAUX C, 2022, POUR UNE ETHIQUE DU NUMERIQUE, P41",2
DOI:10.3917/res.212.0207,"FUCHS C, 2014, DIGITAL LABOUR AND KARL MARX, P1",2
DOI:10.3917/res.212.0207,"GIBERT M., 2021, FAIRE MORALE ROBOTS",2
DOI:10.3917/res.212.0207,"GUNKEL DJ, 2018, ROBOT RIGHTS",2
DOI:10.3917/res.212.0207,"HAIYI ZHU, 2018, PROCEEDINGS OF THE ACM ON HUMAN-COMPUTER INTERACTION, V2, DOI [10.1145/3274463, 10.1145/3274463]",2
DOI:10.3917/res.212.0207,"HOWARD P.N., 2015, PAX TECHNICA: HOW THE INTERNET OF THINGS MAY SET US FREE OR LOCK US UP",2
DOI:10.3917/res.212.0207,"HURSTHOUSE ROSALIND., 1999, ON VIRTUE ETHICS",2
DOI:10.3917/res.212.0207,"KANT E., 1989, CRITIQUE RAISON PRAT",2
DOI:10.3917/res.212.0207,"KERVEGAN J.-F., 2012, ARCH PHILOS, P199",2
DOI:10.3917/res.212.0207,"LEROI-GOURHAN A., 1995, GESTE PAROLE, VI",2
DOI:10.3917/res.212.0207,"MCCONNELL TERRANCE., 2018, THE STANFORD ENCYCLOPEDIA OF PHILOSOPHY",2
DOI:10.3917/res.212.0207,"MIT, 2016, MORAL MACHINES",2
DOI:10.3917/res.212.0207,"NEVEJANS NATHALIE, 2017, TRAITE DE DROIT ET D'ETHIQUE DE LA ROBOTIQUE CIVILE, VLEH",2
DOI:10.3917/res.212.0207,"OGIEN R., 2008, CONCEPTS ETHIQUE FAU",2
DOI:10.3917/res.212.0207,"OGIEN RUWEN., 2007, LETHIQUE AUJOURDHUI. MAXIMALISTES ET MINIMALISTES",2
DOI:10.3917/res.212.0207,"ONEIL C., 2018, ALGORITHMES BOMBE RE",2
DOI:10.3917/res.212.0207,"ORSI FRANCESCO., 2015, VALUE THEORY",2
DOI:10.3917/res.212.0207,"PEDERSEN ISABEL., 2020, EMBODIED COMPUTING: WEARABLES, IMPLANTABLES, EMBEDDABLES, INGESTIBLES",2
DOI:10.3917/res.212.0207,"POPPER K., 1973, LOGIQUE DECOUVERTE S",2
DOI:10.3917/res.212.0207,"RAWLS J., 1999, THEORIE DE LA JUSTICE",2
DOI:10.3917/res.212.0207,"REBER B., 2014, TERMINAL TECHNOLOGIE, V119",2
DOI:10.3917/res.212.0207,"SCHNAPPER D., 2012, COMPREHENSION SOCIOL",2
DOI:10.3917/res.212.0207,"THOMSON JUDITH J, 1976, MONIST, V59, P204",2
DOI:10.3917/res.212.0207,"VINCENT ANDRE, 1963, ARCHIVES DE PHILOSOPHIE DU DROIT, V8, P237",2
DOI:10.3917/res.212.0207,"[ANONYMOUS], 2013, SCI TECHNIQUES SOC",2
DOI:10.3917/res.212.0207,"[ANONYMOUS], 2013, SMART CITIES: THEORIE ET CRITIQUE D'UN IDEAL AUTOREALISATEUR",2
DOI:10.3917/zil.005.0208],DOI:10.4000/ethiquepublique.995],2
DOI:10.3917/zil.005.0208],DOI:10.4000/quaderni.2216,2
DOI:10.3917/zil.005.0208],DOI:10.4000/quaderni.2234],2
DOI:10.3917/zil.005.0208],DOI:10.4000/sdt.14802],2
DOI:10.3917/zil.005.0208],DOI:10.48550/arxiv.1810.00184],2
DOI:10.3917/zil.005.0208],"DUMOUCHEL P., 2016, ROBOT. IL GRANDE ATLANTE VISIVO SUL ROBOT, DALL'ANTICA GRECIA ALLE INTELLIGENZE ARTIFICIALI, 24 ORE CULTURA",2
DOI:10.3917/zil.005.0208],"ERASMUS ADRIAN, 2021, PHILOS TECHNOL, V34, P833, DOI [10.1007/S13347-020-00435-2, 10.1007/S13347-020-00435-2]",2
DOI:10.3917/zil.005.0208],"FOUCAULT MICHEL., 1969, ARCHAEOLOGY KNOWLEDG",2
DOI:10.3917/zil.005.0208],"FRANCK G., 2014, L'ECONOMIE DE L'ATTENTION, P55",2
DOI:10.3917/zil.005.0208],"FROIDEVAUX C, 2022, POUR UNE ETHIQUE DU NUMERIQUE, P41",2
DOI:10.3917/zil.005.0208],"FUCHS C, 2014, DIGITAL LABOUR AND KARL MARX, P1",2
DOI:10.3917/zil.005.0208],"GIBERT M., 2021, FAIRE MORALE ROBOTS",2
DOI:10.3917/zil.005.0208],"GUNKEL DJ, 2018, ROBOT RIGHTS",2
DOI:10.3917/zil.005.0208],"HAIYI ZHU, 2018, PROCEEDINGS OF THE ACM ON HUMAN-COMPUTER INTERACTION, V2, DOI [10.1145/3274463, 10.1145/3274463]",2
DOI:10.3917/zil.005.0208],"HOWARD P.N., 2015, PAX TECHNICA: HOW THE INTERNET OF THINGS MAY SET US FREE OR LOCK US UP",2
DOI:10.3917/zil.005.0208],"HURSTHOUSE ROSALIND., 1999, ON VIRTUE ETHICS",2
DOI:10.3917/zil.005.0208],"KANT E., 1989, CRITIQUE RAISON PRAT",2
DOI:10.3917/zil.005.0208],"KERVEGAN J.-F., 2012, ARCH PHILOS, P199",2
DOI:10.3917/zil.005.0208],"LEROI-GOURHAN A., 1995, GESTE PAROLE, VI",2
DOI:10.3917/zil.005.0208],"MCCONNELL TERRANCE., 2018, THE STANFORD ENCYCLOPEDIA OF PHILOSOPHY",2
DOI:10.3917/zil.005.0208],"MIT, 2016, MORAL MACHINES",2
DOI:10.3917/zil.005.0208],"NEVEJANS NATHALIE, 2017, TRAITE DE DROIT ET D'ETHIQUE DE LA ROBOTIQUE CIVILE, VLEH",2
DOI:10.3917/zil.005.0208],"OGIEN R., 2008, CONCEPTS ETHIQUE FAU",2
DOI:10.3917/zil.005.0208],"OGIEN RUWEN., 2007, LETHIQUE AUJOURDHUI. MAXIMALISTES ET MINIMALISTES",2
DOI:10.3917/zil.005.0208],"ONEIL C., 2018, ALGORITHMES BOMBE RE",2
DOI:10.3917/zil.005.0208],"ORSI FRANCESCO., 2015, VALUE THEORY",2
DOI:10.3917/zil.005.0208],"PEDERSEN ISABEL., 2020, EMBODIED COMPUTING: WEARABLES, IMPLANTABLES, EMBEDDABLES, INGESTIBLES",2
DOI:10.3917/zil.005.0208],"POPPER K., 1973, LOGIQUE DECOUVERTE S",2
DOI:10.3917/zil.005.0208],"RAWLS J., 1999, THEORIE DE LA JUSTICE",2
DOI:10.3917/zil.005.0208],"REBER B., 2014, TERMINAL TECHNOLOGIE, V119",2
DOI:10.3917/zil.005.0208],"SCHNAPPER D., 2012, COMPREHENSION SOCIOL",2
DOI:10.3917/zil.005.0208],"THOMSON JUDITH J, 1976, MONIST, V59, P204",2
DOI:10.3917/zil.005.0208],"VINCENT ANDRE, 1963, ARCHIVES DE PHILOSOPHIE DU DROIT, V8, P237",2
DOI:10.3917/zil.005.0208],"[ANONYMOUS], 2013, SCI TECHNIQUES SOC",2
DOI:10.3917/zil.005.0208],"[ANONYMOUS], 2013, SMART CITIES: THEORIE ET CRITIQUE D'UN IDEAL AUTOREALISATEUR",2
DOI:10.4000/ethiquepublique.995],DOI:10.4000/quaderni.2216,2
DOI:10.4000/ethiquepublique.995],DOI:10.4000/quaderni.2234],2
DOI:10.4000/ethiquepublique.995],DOI:10.4000/sdt.14802],2
DOI:10.4000/ethiquepublique.995],DOI:10.48550/arxiv.1810.00184],2
DOI:10.4000/ethiquepublique.995],"DUMOUCHEL P., 2016, ROBOT. IL GRANDE ATLANTE VISIVO SUL ROBOT, DALL'ANTICA GRECIA ALLE INTELLIGENZE ARTIFICIALI, 24 ORE CULTURA",2
DOI:10.4000/ethiquepublique.995],"ERASMUS ADRIAN, 2021, PHILOS TECHNOL, V34, P833, DOI [10.1007/S13347-020-00435-2, 10.1007/S13347-020-00435-2]",2
DOI:10.4000/ethiquepublique.995],"FOUCAULT MICHEL., 1969, ARCHAEOLOGY KNOWLEDG",2
DOI:10.4000/ethiquepublique.995],"FRANCK G., 2014, L'ECONOMIE DE L'ATTENTION, P55",2
DOI:10.4000/ethiquepublique.995],"FROIDEVAUX C, 2022, POUR UNE ETHIQUE DU NUMERIQUE, P41",2
DOI:10.4000/ethiquepublique.995],"FUCHS C, 2014, DIGITAL LABOUR AND KARL MARX, P1",2
DOI:10.4000/ethiquepublique.995],"GIBERT M., 2021, FAIRE MORALE ROBOTS",2
DOI:10.4000/ethiquepublique.995],"GUNKEL DJ, 2018, ROBOT RIGHTS",2
DOI:10.4000/ethiquepublique.995],"HAIYI ZHU, 2018, PROCEEDINGS OF THE ACM ON HUMAN-COMPUTER INTERACTION, V2, DOI [10.1145/3274463, 10.1145/3274463]",2
DOI:10.4000/ethiquepublique.995],"HOWARD P.N., 2015, PAX TECHNICA: HOW THE INTERNET OF THINGS MAY SET US FREE OR LOCK US UP",2
DOI:10.4000/ethiquepublique.995],"HURSTHOUSE ROSALIND., 1999, ON VIRTUE ETHICS",2
DOI:10.4000/ethiquepublique.995],"KANT E., 1989, CRITIQUE RAISON PRAT",2
DOI:10.4000/ethiquepublique.995],"KERVEGAN J.-F., 2012, ARCH PHILOS, P199",2
DOI:10.4000/ethiquepublique.995],"LEROI-GOURHAN A., 1995, GESTE PAROLE, VI",2
DOI:10.4000/ethiquepublique.995],"MCCONNELL TERRANCE., 2018, THE STANFORD ENCYCLOPEDIA OF PHILOSOPHY",2
DOI:10.4000/ethiquepublique.995],"MIT, 2016, MORAL MACHINES",2
DOI:10.4000/ethiquepublique.995],"NEVEJANS NATHALIE, 2017, TRAITE DE DROIT ET D'ETHIQUE DE LA ROBOTIQUE CIVILE, VLEH",2
DOI:10.4000/ethiquepublique.995],"OGIEN R., 2008, CONCEPTS ETHIQUE FAU",2
DOI:10.4000/ethiquepublique.995],"OGIEN RUWEN., 2007, LETHIQUE AUJOURDHUI. MAXIMALISTES ET MINIMALISTES",2
DOI:10.4000/ethiquepublique.995],"ONEIL C., 2018, ALGORITHMES BOMBE RE",2
DOI:10.4000/ethiquepublique.995],"ORSI FRANCESCO., 2015, VALUE THEORY",2
DOI:10.4000/ethiquepublique.995],"PEDERSEN ISABEL., 2020, EMBODIED COMPUTING: WEARABLES, IMPLANTABLES, EMBEDDABLES, INGESTIBLES",2
DOI:10.4000/ethiquepublique.995],"POPPER K., 1973, LOGIQUE DECOUVERTE S",2
DOI:10.4000/ethiquepublique.995],"RAWLS J., 1999, THEORIE DE LA JUSTICE",2
DOI:10.4000/ethiquepublique.995],"REBER B., 2014, TERMINAL TECHNOLOGIE, V119",2
DOI:10.4000/ethiquepublique.995],"SCHNAPPER D., 2012, COMPREHENSION SOCIOL",2
DOI:10.4000/ethiquepublique.995],"THOMSON JUDITH J, 1976, MONIST, V59, P204",2
DOI:10.4000/ethiquepublique.995],"VINCENT ANDRE, 1963, ARCHIVES DE PHILOSOPHIE DU DROIT, V8, P237",2
DOI:10.4000/ethiquepublique.995],"[ANONYMOUS], 2013, SCI TECHNIQUES SOC",2
DOI:10.4000/ethiquepublique.995],"[ANONYMOUS], 2013, SMART CITIES: THEORIE ET CRITIQUE D'UN IDEAL AUTOREALISATEUR",2
DOI:10.4000/quaderni.2216,DOI:10.4000/quaderni.2234],2
DOI:10.4000/quaderni.2216,DOI:10.4000/sdt.14802],2
DOI:10.4000/quaderni.2216,DOI:10.48550/arxiv.1810.00184],2
DOI:10.4000/quaderni.2216,"DUMOUCHEL P., 2016, ROBOT. IL GRANDE ATLANTE VISIVO SUL ROBOT, DALL'ANTICA GRECIA ALLE INTELLIGENZE ARTIFICIALI, 24 ORE CULTURA",2
DOI:10.4000/quaderni.2216,"ERASMUS ADRIAN, 2021, PHILOS TECHNOL, V34, P833, DOI [10.1007/S13347-020-00435-2, 10.1007/S13347-020-00435-2]",2
DOI:10.4000/quaderni.2216,"FOUCAULT MICHEL., 1969, ARCHAEOLOGY KNOWLEDG",2
DOI:10.4000/quaderni.2216,"FRANCK G., 2014, L'ECONOMIE DE L'ATTENTION, P55",2
DOI:10.4000/quaderni.2216,"FROIDEVAUX C, 2022, POUR UNE ETHIQUE DU NUMERIQUE, P41",2
DOI:10.4000/quaderni.2216,"FUCHS C, 2014, DIGITAL LABOUR AND KARL MARX, P1",2
DOI:10.4000/quaderni.2216,"GIBERT M., 2021, FAIRE MORALE ROBOTS",2
DOI:10.4000/quaderni.2216,"GUNKEL DJ, 2018, ROBOT RIGHTS",2
DOI:10.4000/quaderni.2216,"HAIYI ZHU, 2018, PROCEEDINGS OF THE ACM ON HUMAN-COMPUTER INTERACTION, V2, DOI [10.1145/3274463, 10.1145/3274463]",2
DOI:10.4000/quaderni.2216,"HOWARD P.N., 2015, PAX TECHNICA: HOW THE INTERNET OF THINGS MAY SET US FREE OR LOCK US UP",2
DOI:10.4000/quaderni.2216,"HURSTHOUSE ROSALIND., 1999, ON VIRTUE ETHICS",2
DOI:10.4000/quaderni.2216,"KANT E., 1989, CRITIQUE RAISON PRAT",2
DOI:10.4000/quaderni.2216,"KERVEGAN J.-F., 2012, ARCH PHILOS, P199",2
DOI:10.4000/quaderni.2216,"LEROI-GOURHAN A., 1995, GESTE PAROLE, VI",2
DOI:10.4000/quaderni.2216,"MCCONNELL TERRANCE., 2018, THE STANFORD ENCYCLOPEDIA OF PHILOSOPHY",2
DOI:10.4000/quaderni.2216,"MIT, 2016, MORAL MACHINES",2
DOI:10.4000/quaderni.2216,"NEVEJANS NATHALIE, 2017, TRAITE DE DROIT ET D'ETHIQUE DE LA ROBOTIQUE CIVILE, VLEH",2
DOI:10.4000/quaderni.2216,"OGIEN R., 2008, CONCEPTS ETHIQUE FAU",2
DOI:10.4000/quaderni.2216,"OGIEN RUWEN., 2007, LETHIQUE AUJOURDHUI. MAXIMALISTES ET MINIMALISTES",2
DOI:10.4000/quaderni.2216,"ONEIL C., 2018, ALGORITHMES BOMBE RE",2
DOI:10.4000/quaderni.2216,"ORSI FRANCESCO., 2015, VALUE THEORY",2
DOI:10.4000/quaderni.2216,"PEDERSEN ISABEL., 2020, EMBODIED COMPUTING: WEARABLES, IMPLANTABLES, EMBEDDABLES, INGESTIBLES",2
DOI:10.4000/quaderni.2216,"POPPER K., 1973, LOGIQUE DECOUVERTE S",2
DOI:10.4000/quaderni.2216,"RAWLS J., 1999, THEORIE DE LA JUSTICE",2
DOI:10.4000/quaderni.2216,"REBER B., 2014, TERMINAL TECHNOLOGIE, V119",2
DOI:10.4000/quaderni.2216,"SCHNAPPER D., 2012, COMPREHENSION SOCIOL",2
DOI:10.4000/quaderni.2216,"THOMSON JUDITH J, 1976, MONIST, V59, P204",2
DOI:10.4000/quaderni.2216,"VINCENT ANDRE, 1963, ARCHIVES DE PHILOSOPHIE DU DROIT, V8, P237",2
DOI:10.4000/quaderni.2216,"[ANONYMOUS], 2013, SCI TECHNIQUES SOC",2
DOI:10.4000/quaderni.2216,"[ANONYMOUS], 2013, SMART CITIES: THEORIE ET CRITIQUE D'UN IDEAL AUTOREALISATEUR",2
DOI:10.4000/quaderni.2234],DOI:10.4000/sdt.14802],2
DOI:10.4000/quaderni.2234],DOI:10.48550/arxiv.1810.00184],2
DOI:10.4000/quaderni.2234],"DUMOUCHEL P., 2016, ROBOT. IL GRANDE ATLANTE VISIVO SUL ROBOT, DALL'ANTICA GRECIA ALLE INTELLIGENZE ARTIFICIALI, 24 ORE CULTURA",2
DOI:10.4000/quaderni.2234],"ERASMUS ADRIAN, 2021, PHILOS TECHNOL, V34, P833, DOI [10.1007/S13347-020-00435-2, 10.1007/S13347-020-00435-2]",2
DOI:10.4000/quaderni.2234],"FOUCAULT MICHEL., 1969, ARCHAEOLOGY KNOWLEDG",2
DOI:10.4000/quaderni.2234],"FRANCK G., 2014, L'ECONOMIE DE L'ATTENTION, P55",2
DOI:10.4000/quaderni.2234],"FROIDEVAUX C, 2022, POUR UNE ETHIQUE DU NUMERIQUE, P41",2
DOI:10.4000/quaderni.2234],"FUCHS C, 2014, DIGITAL LABOUR AND KARL MARX, P1",2
DOI:10.4000/quaderni.2234],"GIBERT M., 2021, FAIRE MORALE ROBOTS",2
DOI:10.4000/quaderni.2234],"GUNKEL DJ, 2018, ROBOT RIGHTS",2
DOI:10.4000/quaderni.2234],"HAIYI ZHU, 2018, PROCEEDINGS OF THE ACM ON HUMAN-COMPUTER INTERACTION, V2, DOI [10.1145/3274463, 10.1145/3274463]",2
DOI:10.4000/quaderni.2234],"HOWARD P.N., 2015, PAX TECHNICA: HOW THE INTERNET OF THINGS MAY SET US FREE OR LOCK US UP",2
DOI:10.4000/quaderni.2234],"HURSTHOUSE ROSALIND., 1999, ON VIRTUE ETHICS",2
DOI:10.4000/quaderni.2234],"KANT E., 1989, CRITIQUE RAISON PRAT",2
DOI:10.4000/quaderni.2234],"KERVEGAN J.-F., 2012, ARCH PHILOS, P199",2
DOI:10.4000/quaderni.2234],"LEROI-GOURHAN A., 1995, GESTE PAROLE, VI",2
DOI:10.4000/quaderni.2234],"MCCONNELL TERRANCE., 2018, THE STANFORD ENCYCLOPEDIA OF PHILOSOPHY",2
DOI:10.4000/quaderni.2234],"MIT, 2016, MORAL MACHINES",2
DOI:10.4000/quaderni.2234],"NEVEJANS NATHALIE, 2017, TRAITE DE DROIT ET D'ETHIQUE DE LA ROBOTIQUE CIVILE, VLEH",2
DOI:10.4000/quaderni.2234],"OGIEN R., 2008, CONCEPTS ETHIQUE FAU",2
DOI:10.4000/quaderni.2234],"OGIEN RUWEN., 2007, LETHIQUE AUJOURDHUI. MAXIMALISTES ET MINIMALISTES",2
DOI:10.4000/quaderni.2234],"ONEIL C., 2018, ALGORITHMES BOMBE RE",2
DOI:10.4000/quaderni.2234],"ORSI FRANCESCO., 2015, VALUE THEORY",2
DOI:10.4000/quaderni.2234],"PEDERSEN ISABEL., 2020, EMBODIED COMPUTING: WEARABLES, IMPLANTABLES, EMBEDDABLES, INGESTIBLES",2
DOI:10.4000/quaderni.2234],"POPPER K., 1973, LOGIQUE DECOUVERTE S",2
DOI:10.4000/quaderni.2234],"RAWLS J., 1999, THEORIE DE LA JUSTICE",2
DOI:10.4000/quaderni.2234],"REBER B., 2014, TERMINAL TECHNOLOGIE, V119",2
DOI:10.4000/quaderni.2234],"SCHNAPPER D., 2012, COMPREHENSION SOCIOL",2
DOI:10.4000/quaderni.2234],"THOMSON JUDITH J, 1976, MONIST, V59, P204",2
DOI:10.4000/quaderni.2234],"VINCENT ANDRE, 1963, ARCHIVES DE PHILOSOPHIE DU DROIT, V8, P237",2
DOI:10.4000/quaderni.2234],"[ANONYMOUS], 2013, SCI TECHNIQUES SOC",2
DOI:10.4000/quaderni.2234],"[ANONYMOUS], 2013, SMART CITIES: THEORIE ET CRITIQUE D'UN IDEAL AUTOREALISATEUR",2
DOI:10.4000/sdt.14802],DOI:10.48550/arxiv.1810.00184],2
DOI:10.4000/sdt.14802],"DUMOUCHEL P., 2016, ROBOT. IL GRANDE ATLANTE VISIVO SUL ROBOT, DALL'ANTICA GRECIA ALLE INTELLIGENZE ARTIFICIALI, 24 ORE CULTURA",2
DOI:10.4000/sdt.14802],"ERASMUS ADRIAN, 2021, PHILOS TECHNOL, V34, P833, DOI [10.1007/S13347-020-00435-2, 10.1007/S13347-020-00435-2]",2
DOI:10.4000/sdt.14802],"FOUCAULT MICHEL., 1969, ARCHAEOLOGY KNOWLEDG",2
DOI:10.4000/sdt.14802],"FRANCK G., 2014, L'ECONOMIE DE L'ATTENTION, P55",2
DOI:10.4000/sdt.14802],"FROIDEVAUX C, 2022, POUR UNE ETHIQUE DU NUMERIQUE, P41",2
DOI:10.4000/sdt.14802],"FUCHS C, 2014, DIGITAL LABOUR AND KARL MARX, P1",2
DOI:10.4000/sdt.14802],"GIBERT M., 2021, FAIRE MORALE ROBOTS",2
DOI:10.4000/sdt.14802],"GUNKEL DJ, 2018, ROBOT RIGHTS",2
DOI:10.4000/sdt.14802],"HAIYI ZHU, 2018, PROCEEDINGS OF THE ACM ON HUMAN-COMPUTER INTERACTION, V2, DOI [10.1145/3274463, 10.1145/3274463]",2
DOI:10.4000/sdt.14802],"HOWARD P.N., 2015, PAX TECHNICA: HOW THE INTERNET OF THINGS MAY SET US FREE OR LOCK US UP",2
DOI:10.4000/sdt.14802],"HURSTHOUSE ROSALIND., 1999, ON VIRTUE ETHICS",2
DOI:10.4000/sdt.14802],"KANT E., 1989, CRITIQUE RAISON PRAT",2
DOI:10.4000/sdt.14802],"KERVEGAN J.-F., 2012, ARCH PHILOS, P199",2
DOI:10.4000/sdt.14802],"LEROI-GOURHAN A., 1995, GESTE PAROLE, VI",2
DOI:10.4000/sdt.14802],"MCCONNELL TERRANCE., 2018, THE STANFORD ENCYCLOPEDIA OF PHILOSOPHY",2
DOI:10.4000/sdt.14802],"MIT, 2016, MORAL MACHINES",2
DOI:10.4000/sdt.14802],"NEVEJANS NATHALIE, 2017, TRAITE DE DROIT ET D'ETHIQUE DE LA ROBOTIQUE CIVILE, VLEH",2
DOI:10.4000/sdt.14802],"OGIEN R., 2008, CONCEPTS ETHIQUE FAU",2
DOI:10.4000/sdt.14802],"OGIEN RUWEN., 2007, LETHIQUE AUJOURDHUI. MAXIMALISTES ET MINIMALISTES",2
DOI:10.4000/sdt.14802],"ONEIL C., 2018, ALGORITHMES BOMBE RE",2
DOI:10.4000/sdt.14802],"ORSI FRANCESCO., 2015, VALUE THEORY",2
DOI:10.4000/sdt.14802],"PEDERSEN ISABEL., 2020, EMBODIED COMPUTING: WEARABLES, IMPLANTABLES, EMBEDDABLES, INGESTIBLES",2
DOI:10.4000/sdt.14802],"POPPER K., 1973, LOGIQUE DECOUVERTE S",2
DOI:10.4000/sdt.14802],"RAWLS J., 1999, THEORIE DE LA JUSTICE",2
DOI:10.4000/sdt.14802],"REBER B., 2014, TERMINAL TECHNOLOGIE, V119",2
DOI:10.4000/sdt.14802],"SCHNAPPER D., 2012, COMPREHENSION SOCIOL",2
DOI:10.4000/sdt.14802],"THOMSON JUDITH J, 1976, MONIST, V59, P204",2
DOI:10.4000/sdt.14802],"VINCENT ANDRE, 1963, ARCHIVES DE PHILOSOPHIE DU DROIT, V8, P237",2
DOI:10.4000/sdt.14802],"[ANONYMOUS], 2013, SCI TECHNIQUES SOC",2
DOI:10.4000/sdt.14802],"[ANONYMOUS], 2013, SMART CITIES: THEORIE ET CRITIQUE D'UN IDEAL AUTOREALISATEUR",2
DOI:10.48550/arxiv.1810.00184],"DUMOUCHEL P., 2016, ROBOT. IL GRANDE ATLANTE VISIVO SUL ROBOT, DALL'ANTICA GRECIA ALLE INTELLIGENZE ARTIFICIALI, 24 ORE CULTURA",2
DOI:10.48550/arxiv.1810.00184],"ERASMUS ADRIAN, 2021, PHILOS TECHNOL, V34, P833, DOI [10.1007/S13347-020-00435-2, 10.1007/S13347-020-00435-2]",2
DOI:10.48550/arxiv.1810.00184],"FOUCAULT MICHEL., 1969, ARCHAEOLOGY KNOWLEDG",2
DOI:10.48550/arxiv.1810.00184],"FRANCK G., 2014, L'ECONOMIE DE L'ATTENTION, P55",2
DOI:10.48550/arxiv.1810.00184],"FROIDEVAUX C, 2022, POUR UNE ETHIQUE DU NUMERIQUE, P41",2
DOI:10.48550/arxiv.1810.00184],"FUCHS C, 2014, DIGITAL LABOUR AND KARL MARX, P1",2
DOI:10.48550/arxiv.1810.00184],"GIBERT M., 2021, FAIRE MORALE ROBOTS",2
DOI:10.48550/arxiv.1810.00184],"GUNKEL DJ, 2018, ROBOT RIGHTS",2
DOI:10.48550/arxiv.1810.00184],"HAIYI ZHU, 2018, PROCEEDINGS OF THE ACM ON HUMAN-COMPUTER INTERACTION, V2, DOI [10.1145/3274463, 10.1145/3274463]",2
DOI:10.48550/arxiv.1810.00184],"HOWARD P.N., 2015, PAX TECHNICA: HOW THE INTERNET OF THINGS MAY SET US FREE OR LOCK US UP",2
DOI:10.48550/arxiv.1810.00184],"HURSTHOUSE ROSALIND., 1999, ON VIRTUE ETHICS",2
DOI:10.48550/arxiv.1810.00184],"KANT E., 1989, CRITIQUE RAISON PRAT",2
DOI:10.48550/arxiv.1810.00184],"KERVEGAN J.-F., 2012, ARCH PHILOS, P199",2
DOI:10.48550/arxiv.1810.00184],"LEROI-GOURHAN A., 1995, GESTE PAROLE, VI",2
DOI:10.48550/arxiv.1810.00184],"MCCONNELL TERRANCE., 2018, THE STANFORD ENCYCLOPEDIA OF PHILOSOPHY",2
DOI:10.48550/arxiv.1810.00184],"MIT, 2016, MORAL MACHINES",2
DOI:10.48550/arxiv.1810.00184],"NEVEJANS NATHALIE, 2017, TRAITE DE DROIT ET D'ETHIQUE DE LA ROBOTIQUE CIVILE, VLEH",2
DOI:10.48550/arxiv.1810.00184],"OGIEN R., 2008, CONCEPTS ETHIQUE FAU",2
DOI:10.48550/arxiv.1810.00184],"OGIEN RUWEN., 2007, LETHIQUE AUJOURDHUI. MAXIMALISTES ET MINIMALISTES",2
DOI:10.48550/arxiv.1810.00184],"ONEIL C., 2018, ALGORITHMES BOMBE RE",2
DOI:10.48550/arxiv.1810.00184],"ORSI FRANCESCO., 2015, VALUE THEORY",2
DOI:10.48550/arxiv.1810.00184],"PEDERSEN ISABEL., 2020, EMBODIED COMPUTING: WEARABLES, IMPLANTABLES, EMBEDDABLES, INGESTIBLES",2
DOI:10.48550/arxiv.1810.00184],"POPPER K., 1973, LOGIQUE DECOUVERTE S",2
DOI:10.48550/arxiv.1810.00184],"RAWLS J., 1999, THEORIE DE LA JUSTICE",2
DOI:10.48550/arxiv.1810.00184],"REBER B., 2014, TERMINAL TECHNOLOGIE, V119",2
DOI:10.48550/arxiv.1810.00184],"SCHNAPPER D., 2012, COMPREHENSION SOCIOL",2
DOI:10.48550/arxiv.1810.00184],"THOMSON JUDITH J, 1976, MONIST, V59, P204",2
DOI:10.48550/arxiv.1810.00184],"VINCENT ANDRE, 1963, ARCHIVES DE PHILOSOPHIE DU DROIT, V8, P237",2
DOI:10.48550/arxiv.1810.00184],"[ANONYMOUS], 2013, SCI TECHNIQUES SOC",2
DOI:10.48550/arxiv.1810.00184],"[ANONYMOUS], 2013, SMART CITIES: THEORIE ET CRITIQUE D'UN IDEAL AUTOREALISATEUR",2
"DUMOUCHEL P., 2016, ROBOT. IL GRANDE ATLANTE VISIVO SUL ROBOT, DALL'ANTICA GRECIA ALLE INTELLIGENZE ARTIFICIALI, 24 ORE CULTURA","ERASMUS ADRIAN, 2021, PHILOS TECHNOL, V34, P833, DOI [10.1007/S13347-020-00435-2, 10.1007/S13347-020-00435-2]",2
"DUMOUCHEL P., 2016, ROBOT. IL GRANDE ATLANTE VISIVO SUL ROBOT, DALL'ANTICA GRECIA ALLE INTELLIGENZE ARTIFICIALI, 24 ORE CULTURA","FOUCAULT MICHEL., 1969, ARCHAEOLOGY KNOWLEDG",2
"DUMOUCHEL P., 2016, ROBOT. IL GRANDE ATLANTE VISIVO SUL ROBOT, DALL'ANTICA GRECIA ALLE INTELLIGENZE ARTIFICIALI, 24 ORE CULTURA","FRANCK G., 2014, L'ECONOMIE DE L'ATTENTION, P55",2
"DUMOUCHEL P., 2016, ROBOT. IL GRANDE ATLANTE VISIVO SUL ROBOT, DALL'ANTICA GRECIA ALLE INTELLIGENZE ARTIFICIALI, 24 ORE CULTURA","FROIDEVAUX C, 2022, POUR UNE ETHIQUE DU NUMERIQUE, P41",2
"DUMOUCHEL P., 2016, ROBOT. IL GRANDE ATLANTE VISIVO SUL ROBOT, DALL'ANTICA GRECIA ALLE INTELLIGENZE ARTIFICIALI, 24 ORE CULTURA","FUCHS C, 2014, DIGITAL LABOUR AND KARL MARX, P1",2
"DUMOUCHEL P., 2016, ROBOT. IL GRANDE ATLANTE VISIVO SUL ROBOT, DALL'ANTICA GRECIA ALLE INTELLIGENZE ARTIFICIALI, 24 ORE CULTURA","GIBERT M., 2021, FAIRE MORALE ROBOTS",2
"DUMOUCHEL P., 2016, ROBOT. IL GRANDE ATLANTE VISIVO SUL ROBOT, DALL'ANTICA GRECIA ALLE INTELLIGENZE ARTIFICIALI, 24 ORE CULTURA","GUNKEL DJ, 2018, ROBOT RIGHTS",2
"DUMOUCHEL P., 2016, ROBOT. IL GRANDE ATLANTE VISIVO SUL ROBOT, DALL'ANTICA GRECIA ALLE INTELLIGENZE ARTIFICIALI, 24 ORE CULTURA","HAIYI ZHU, 2018, PROCEEDINGS OF THE ACM ON HUMAN-COMPUTER INTERACTION, V2, DOI [10.1145/3274463, 10.1145/3274463]",2
"DUMOUCHEL P., 2016, ROBOT. IL GRANDE ATLANTE VISIVO SUL ROBOT, DALL'ANTICA GRECIA ALLE INTELLIGENZE ARTIFICIALI, 24 ORE CULTURA","HOWARD P.N., 2015, PAX TECHNICA: HOW THE INTERNET OF THINGS MAY SET US FREE OR LOCK US UP",2
"DUMOUCHEL P., 2016, ROBOT. IL GRANDE ATLANTE VISIVO SUL ROBOT, DALL'ANTICA GRECIA ALLE INTELLIGENZE ARTIFICIALI, 24 ORE CULTURA","HURSTHOUSE ROSALIND., 1999, ON VIRTUE ETHICS",2
"DUMOUCHEL P., 2016, ROBOT. IL GRANDE ATLANTE VISIVO SUL ROBOT, DALL'ANTICA GRECIA ALLE INTELLIGENZE ARTIFICIALI, 24 ORE CULTURA","KANT E., 1989, CRITIQUE RAISON PRAT",2
"DUMOUCHEL P., 2016, ROBOT. IL GRANDE ATLANTE VISIVO SUL ROBOT, DALL'ANTICA GRECIA ALLE INTELLIGENZE ARTIFICIALI, 24 ORE CULTURA","KERVEGAN J.-F., 2012, ARCH PHILOS, P199",2
"DUMOUCHEL P., 2016, ROBOT. IL GRANDE ATLANTE VISIVO SUL ROBOT, DALL'ANTICA GRECIA ALLE INTELLIGENZE ARTIFICIALI, 24 ORE CULTURA","LEROI-GOURHAN A., 1995, GESTE PAROLE, VI",2
"DUMOUCHEL P., 2016, ROBOT. IL GRANDE ATLANTE VISIVO SUL ROBOT, DALL'ANTICA GRECIA ALLE INTELLIGENZE ARTIFICIALI, 24 ORE CULTURA","MCCONNELL TERRANCE., 2018, THE STANFORD ENCYCLOPEDIA OF PHILOSOPHY",2
"DUMOUCHEL P., 2016, ROBOT. IL GRANDE ATLANTE VISIVO SUL ROBOT, DALL'ANTICA GRECIA ALLE INTELLIGENZE ARTIFICIALI, 24 ORE CULTURA","MIT, 2016, MORAL MACHINES",2
"DUMOUCHEL P., 2016, ROBOT. IL GRANDE ATLANTE VISIVO SUL ROBOT, DALL'ANTICA GRECIA ALLE INTELLIGENZE ARTIFICIALI, 24 ORE CULTURA","NEVEJANS NATHALIE, 2017, TRAITE DE DROIT ET D'ETHIQUE DE LA ROBOTIQUE CIVILE, VLEH",2
"DUMOUCHEL P., 2016, ROBOT. IL GRANDE ATLANTE VISIVO SUL ROBOT, DALL'ANTICA GRECIA ALLE INTELLIGENZE ARTIFICIALI, 24 ORE CULTURA","OGIEN R., 2008, CONCEPTS ETHIQUE FAU",2
"DUMOUCHEL P., 2016, ROBOT. IL GRANDE ATLANTE VISIVO SUL ROBOT, DALL'ANTICA GRECIA ALLE INTELLIGENZE ARTIFICIALI, 24 ORE CULTURA","OGIEN RUWEN., 2007, LETHIQUE AUJOURDHUI. MAXIMALISTES ET MINIMALISTES",2
"DUMOUCHEL P., 2016, ROBOT. IL GRANDE ATLANTE VISIVO SUL ROBOT, DALL'ANTICA GRECIA ALLE INTELLIGENZE ARTIFICIALI, 24 ORE CULTURA","ONEIL C., 2018, ALGORITHMES BOMBE RE",2
"DUMOUCHEL P., 2016, ROBOT. IL GRANDE ATLANTE VISIVO SUL ROBOT, DALL'ANTICA GRECIA ALLE INTELLIGENZE ARTIFICIALI, 24 ORE CULTURA","ORSI FRANCESCO., 2015, VALUE THEORY",2
"DUMOUCHEL P., 2016, ROBOT. IL GRANDE ATLANTE VISIVO SUL ROBOT, DALL'ANTICA GRECIA ALLE INTELLIGENZE ARTIFICIALI, 24 ORE CULTURA","PEDERSEN ISABEL., 2020, EMBODIED COMPUTING: WEARABLES, IMPLANTABLES, EMBEDDABLES, INGESTIBLES",2
"DUMOUCHEL P., 2016, ROBOT. IL GRANDE ATLANTE VISIVO SUL ROBOT, DALL'ANTICA GRECIA ALLE INTELLIGENZE ARTIFICIALI, 24 ORE CULTURA","POPPER K., 1973, LOGIQUE DECOUVERTE S",2
"DUMOUCHEL P., 2016, ROBOT. IL GRANDE ATLANTE VISIVO SUL ROBOT, DALL'ANTICA GRECIA ALLE INTELLIGENZE ARTIFICIALI, 24 ORE CULTURA","RAWLS J., 1999, THEORIE DE LA JUSTICE",2
"DUMOUCHEL P., 2016, ROBOT. IL GRANDE ATLANTE VISIVO SUL ROBOT, DALL'ANTICA GRECIA ALLE INTELLIGENZE ARTIFICIALI, 24 ORE CULTURA","REBER B., 2014, TERMINAL TECHNOLOGIE, V119",2
"DUMOUCHEL P., 2016, ROBOT. IL GRANDE ATLANTE VISIVO SUL ROBOT, DALL'ANTICA GRECIA ALLE INTELLIGENZE ARTIFICIALI, 24 ORE CULTURA","SCHNAPPER D., 2012, COMPREHENSION SOCIOL",2
"DUMOUCHEL P., 2016, ROBOT. IL GRANDE ATLANTE VISIVO SUL ROBOT, DALL'ANTICA GRECIA ALLE INTELLIGENZE ARTIFICIALI, 24 ORE CULTURA","THOMSON JUDITH J, 1976, MONIST, V59, P204",2
"DUMOUCHEL P., 2016, ROBOT. IL GRANDE ATLANTE VISIVO SUL ROBOT, DALL'ANTICA GRECIA ALLE INTELLIGENZE ARTIFICIALI, 24 ORE CULTURA","VINCENT ANDRE, 1963, ARCHIVES DE PHILOSOPHIE DU DROIT, V8, P237",2
"DUMOUCHEL P., 2016, ROBOT. IL GRANDE ATLANTE VISIVO SUL ROBOT, DALL'ANTICA GRECIA ALLE INTELLIGENZE ARTIFICIALI, 24 ORE CULTURA","[ANONYMOUS], 2013, SCI TECHNIQUES SOC",2
"DUMOUCHEL P., 2016, ROBOT. IL GRANDE ATLANTE VISIVO SUL ROBOT, DALL'ANTICA GRECIA ALLE INTELLIGENZE ARTIFICIALI, 24 ORE CULTURA","[ANONYMOUS], 2013, SMART CITIES: THEORIE ET CRITIQUE D'UN IDEAL AUTOREALISATEUR",2
"ERASMUS ADRIAN, 2021, PHILOS TECHNOL, V34, P833, DOI [10.1007/S13347-020-00435-2, 10.1007/S13347-020-00435-2]","FOUCAULT MICHEL., 1969, ARCHAEOLOGY KNOWLEDG",2
"ERASMUS ADRIAN, 2021, PHILOS TECHNOL, V34, P833, DOI [10.1007/S13347-020-00435-2, 10.1007/S13347-020-00435-2]","FRANCK G., 2014, L'ECONOMIE DE L'ATTENTION, P55",2
"ERASMUS ADRIAN, 2021, PHILOS TECHNOL, V34, P833, DOI [10.1007/S13347-020-00435-2, 10.1007/S13347-020-00435-2]","FROIDEVAUX C, 2022, POUR UNE ETHIQUE DU NUMERIQUE, P41",2
"ERASMUS ADRIAN, 2021, PHILOS TECHNOL, V34, P833, DOI [10.1007/S13347-020-00435-2, 10.1007/S13347-020-00435-2]","FUCHS C, 2014, DIGITAL LABOUR AND KARL MARX, P1",2
"ERASMUS ADRIAN, 2021, PHILOS TECHNOL, V34, P833, DOI [10.1007/S13347-020-00435-2, 10.1007/S13347-020-00435-2]","GIBERT M., 2021, FAIRE MORALE ROBOTS",2
"ERASMUS ADRIAN, 2021, PHILOS TECHNOL, V34, P833, DOI [10.1007/S13347-020-00435-2, 10.1007/S13347-020-00435-2]","GUNKEL DJ, 2018, ROBOT RIGHTS",2
"ERASMUS ADRIAN, 2021, PHILOS TECHNOL, V34, P833, DOI [10.1007/S13347-020-00435-2, 10.1007/S13347-020-00435-2]","HAIYI ZHU, 2018, PROCEEDINGS OF THE ACM ON HUMAN-COMPUTER INTERACTION, V2, DOI [10.1145/3274463, 10.1145/3274463]",2
"ERASMUS ADRIAN, 2021, PHILOS TECHNOL, V34, P833, DOI [10.1007/S13347-020-00435-2, 10.1007/S13347-020-00435-2]","HOWARD P.N., 2015, PAX TECHNICA: HOW THE INTERNET OF THINGS MAY SET US FREE OR LOCK US UP",2
"ERASMUS ADRIAN, 2021, PHILOS TECHNOL, V34, P833, DOI [10.1007/S13347-020-00435-2, 10.1007/S13347-020-00435-2]","HURSTHOUSE ROSALIND., 1999, ON VIRTUE ETHICS",2
"ERASMUS ADRIAN, 2021, PHILOS TECHNOL, V34, P833, DOI [10.1007/S13347-020-00435-2, 10.1007/S13347-020-00435-2]","KANT E., 1989, CRITIQUE RAISON PRAT",2
"ERASMUS ADRIAN, 2021, PHILOS TECHNOL, V34, P833, DOI [10.1007/S13347-020-00435-2, 10.1007/S13347-020-00435-2]","KERVEGAN J.-F., 2012, ARCH PHILOS, P199",2
"ERASMUS ADRIAN, 2021, PHILOS TECHNOL, V34, P833, DOI [10.1007/S13347-020-00435-2, 10.1007/S13347-020-00435-2]","LEROI-GOURHAN A., 1995, GESTE PAROLE, VI",2
"ERASMUS ADRIAN, 2021, PHILOS TECHNOL, V34, P833, DOI [10.1007/S13347-020-00435-2, 10.1007/S13347-020-00435-2]","MCCONNELL TERRANCE., 2018, THE STANFORD ENCYCLOPEDIA OF PHILOSOPHY",2
"ERASMUS ADRIAN, 2021, PHILOS TECHNOL, V34, P833, DOI [10.1007/S13347-020-00435-2, 10.1007/S13347-020-00435-2]","MIT, 2016, MORAL MACHINES",2
"ERASMUS ADRIAN, 2021, PHILOS TECHNOL, V34, P833, DOI [10.1007/S13347-020-00435-2, 10.1007/S13347-020-00435-2]","NEVEJANS NATHALIE, 2017, TRAITE DE DROIT ET D'ETHIQUE DE LA ROBOTIQUE CIVILE, VLEH",2
"ERASMUS ADRIAN, 2021, PHILOS TECHNOL, V34, P833, DOI [10.1007/S13347-020-00435-2, 10.1007/S13347-020-00435-2]","OGIEN R., 2008, CONCEPTS ETHIQUE FAU",2
"ERASMUS ADRIAN, 2021, PHILOS TECHNOL, V34, P833, DOI [10.1007/S13347-020-00435-2, 10.1007/S13347-020-00435-2]","OGIEN RUWEN., 2007, LETHIQUE AUJOURDHUI. MAXIMALISTES ET MINIMALISTES",2
"ERASMUS ADRIAN, 2021, PHILOS TECHNOL, V34, P833, DOI [10.1007/S13347-020-00435-2, 10.1007/S13347-020-00435-2]","ONEIL C., 2018, ALGORITHMES BOMBE RE",2
"ERASMUS ADRIAN, 2021, PHILOS TECHNOL, V34, P833, DOI [10.1007/S13347-020-00435-2, 10.1007/S13347-020-00435-2]","ORSI FRANCESCO., 2015, VALUE THEORY",2
"ERASMUS ADRIAN, 2021, PHILOS TECHNOL, V34, P833, DOI [10.1007/S13347-020-00435-2, 10.1007/S13347-020-00435-2]","PEDERSEN ISABEL., 2020, EMBODIED COMPUTING: WEARABLES, IMPLANTABLES, EMBEDDABLES, INGESTIBLES",2
"ERASMUS ADRIAN, 2021, PHILOS TECHNOL, V34, P833, DOI [10.1007/S13347-020-00435-2, 10.1007/S13347-020-00435-2]","POPPER K., 1973, LOGIQUE DECOUVERTE S",2
"ERASMUS ADRIAN, 2021, PHILOS TECHNOL, V34, P833, DOI [10.1007/S13347-020-00435-2, 10.1007/S13347-020-00435-2]","RAWLS J., 1999, THEORIE DE LA JUSTICE",2
"ERASMUS ADRIAN, 2021, PHILOS TECHNOL, V34, P833, DOI [10.1007/S13347-020-00435-2, 10.1007/S13347-020-00435-2]","REBER B., 2014, TERMINAL TECHNOLOGIE, V119",2
"ERASMUS ADRIAN, 2021, PHILOS TECHNOL, V34, P833, DOI [10.1007/S13347-020-00435-2, 10.1007/S13347-020-00435-2]","SCHNAPPER D., 2012, COMPREHENSION SOCIOL",2
"ERASMUS ADRIAN, 2021, PHILOS TECHNOL, V34, P833, DOI [10.1007/S13347-020-00435-2, 10.1007/S13347-020-00435-2]","THOMSON JUDITH J, 1976, MONIST, V59, P204",2
"ERASMUS ADRIAN, 2021, PHILOS TECHNOL, V34, P833, DOI [10.1007/S13347-020-00435-2, 10.1007/S13347-020-00435-2]","VINCENT ANDRE, 1963, ARCHIVES DE PHILOSOPHIE DU DROIT, V8, P237",2
"ERASMUS ADRIAN, 2021, PHILOS TECHNOL, V34, P833, DOI [10.1007/S13347-020-00435-2, 10.1007/S13347-020-00435-2]","[ANONYMOUS], 2013, SCI TECHNIQUES SOC",2
"ERASMUS ADRIAN, 2021, PHILOS TECHNOL, V34, P833, DOI [10.1007/S13347-020-00435-2, 10.1007/S13347-020-00435-2]","[ANONYMOUS], 2013, SMART CITIES: THEORIE ET CRITIQUE D'UN IDEAL AUTOREALISATEUR",2
"FOUCAULT MICHEL., 1969, ARCHAEOLOGY KNOWLEDG","FRANCK G., 2014, L'ECONOMIE DE L'ATTENTION, P55",2
"FOUCAULT MICHEL., 1969, ARCHAEOLOGY KNOWLEDG","FROIDEVAUX C, 2022, POUR UNE ETHIQUE DU NUMERIQUE, P41",2
"FOUCAULT MICHEL., 1969, ARCHAEOLOGY KNOWLEDG","FUCHS C, 2014, DIGITAL LABOUR AND KARL MARX, P1",2
"FOUCAULT MICHEL., 1969, ARCHAEOLOGY KNOWLEDG","GIBERT M., 2021, FAIRE MORALE ROBOTS",2
"FOUCAULT MICHEL., 1969, ARCHAEOLOGY KNOWLEDG","GUNKEL DJ, 2018, ROBOT RIGHTS",2
"FOUCAULT MICHEL., 1969, ARCHAEOLOGY KNOWLEDG","HAIYI ZHU, 2018, PROCEEDINGS OF THE ACM ON HUMAN-COMPUTER INTERACTION, V2, DOI [10.1145/3274463, 10.1145/3274463]",2
"FOUCAULT MICHEL., 1969, ARCHAEOLOGY KNOWLEDG","HOWARD P.N., 2015, PAX TECHNICA: HOW THE INTERNET OF THINGS MAY SET US FREE OR LOCK US UP",2
"FOUCAULT MICHEL., 1969, ARCHAEOLOGY KNOWLEDG","HURSTHOUSE ROSALIND., 1999, ON VIRTUE ETHICS",2
"FOUCAULT MICHEL., 1969, ARCHAEOLOGY KNOWLEDG","KANT E., 1989, CRITIQUE RAISON PRAT",2
"FOUCAULT MICHEL., 1969, ARCHAEOLOGY KNOWLEDG","KERVEGAN J.-F., 2012, ARCH PHILOS, P199",2
"FOUCAULT MICHEL., 1969, ARCHAEOLOGY KNOWLEDG","LEROI-GOURHAN A., 1995, GESTE PAROLE, VI",2
"FOUCAULT MICHEL., 1969, ARCHAEOLOGY KNOWLEDG","MCCONNELL TERRANCE., 2018, THE STANFORD ENCYCLOPEDIA OF PHILOSOPHY",2
"FOUCAULT MICHEL., 1969, ARCHAEOLOGY KNOWLEDG","MIT, 2016, MORAL MACHINES",2
"FOUCAULT MICHEL., 1969, ARCHAEOLOGY KNOWLEDG","NEVEJANS NATHALIE, 2017, TRAITE DE DROIT ET D'ETHIQUE DE LA ROBOTIQUE CIVILE, VLEH",2
"FOUCAULT MICHEL., 1969, ARCHAEOLOGY KNOWLEDG","OGIEN R., 2008, CONCEPTS ETHIQUE FAU",2
"FOUCAULT MICHEL., 1969, ARCHAEOLOGY KNOWLEDG","OGIEN RUWEN., 2007, LETHIQUE AUJOURDHUI. MAXIMALISTES ET MINIMALISTES",2
"FOUCAULT MICHEL., 1969, ARCHAEOLOGY KNOWLEDG","ONEIL C., 2018, ALGORITHMES BOMBE RE",2
"FOUCAULT MICHEL., 1969, ARCHAEOLOGY KNOWLEDG","ORSI FRANCESCO., 2015, VALUE THEORY",2
"FOUCAULT MICHEL., 1969, ARCHAEOLOGY KNOWLEDG","PEDERSEN ISABEL., 2020, EMBODIED COMPUTING: WEARABLES, IMPLANTABLES, EMBEDDABLES, INGESTIBLES",2
"FOUCAULT MICHEL., 1969, ARCHAEOLOGY KNOWLEDG","POPPER K., 1973, LOGIQUE DECOUVERTE S",2
"FOUCAULT MICHEL., 1969, ARCHAEOLOGY KNOWLEDG","RAWLS J., 1999, THEORIE DE LA JUSTICE",2
"FOUCAULT MICHEL., 1969, ARCHAEOLOGY KNOWLEDG","REBER B., 2014, TERMINAL TECHNOLOGIE, V119",2
"FOUCAULT MICHEL., 1969, ARCHAEOLOGY KNOWLEDG","SCHNAPPER D., 2012, COMPREHENSION SOCIOL",2
"FOUCAULT MICHEL., 1969, ARCHAEOLOGY KNOWLEDG","THOMSON JUDITH J, 1976, MONIST, V59, P204",2
"FOUCAULT MICHEL., 1969, ARCHAEOLOGY KNOWLEDG","VINCENT ANDRE, 1963, ARCHIVES DE PHILOSOPHIE DU DROIT, V8, P237",2
"FOUCAULT MICHEL., 1969, ARCHAEOLOGY KNOWLEDG","[ANONYMOUS], 2013, SCI TECHNIQUES SOC",2
"FOUCAULT MICHEL., 1969, ARCHAEOLOGY KNOWLEDG","[ANONYMOUS], 2013, SMART CITIES: THEORIE ET CRITIQUE D'UN IDEAL AUTOREALISATEUR",2
"FRANCK G., 2014, L'ECONOMIE DE L'ATTENTION, P55","FROIDEVAUX C, 2022, POUR UNE ETHIQUE DU NUMERIQUE, P41",2
"FRANCK G., 2014, L'ECONOMIE DE L'ATTENTION, P55","FUCHS C, 2014, DIGITAL LABOUR AND KARL MARX, P1",2
"FRANCK G., 2014, L'ECONOMIE DE L'ATTENTION, P55","GIBERT M., 2021, FAIRE MORALE ROBOTS",2
"FRANCK G., 2014, L'ECONOMIE DE L'ATTENTION, P55","GUNKEL DJ, 2018, ROBOT RIGHTS",2
"FRANCK G., 2014, L'ECONOMIE DE L'ATTENTION, P55","HAIYI ZHU, 2018, PROCEEDINGS OF THE ACM ON HUMAN-COMPUTER INTERACTION, V2, DOI [10.1145/3274463, 10.1145/3274463]",2
"FRANCK G., 2014, L'ECONOMIE DE L'ATTENTION, P55","HOWARD P.N., 2015, PAX TECHNICA: HOW THE INTERNET OF THINGS MAY SET US FREE OR LOCK US UP",2
"FRANCK G., 2014, L'ECONOMIE DE L'ATTENTION, P55","HURSTHOUSE ROSALIND., 1999, ON VIRTUE ETHICS",2
"FRANCK G., 2014, L'ECONOMIE DE L'ATTENTION, P55","KANT E., 1989, CRITIQUE RAISON PRAT",2
"FRANCK G., 2014, L'ECONOMIE DE L'ATTENTION, P55","KERVEGAN J.-F., 2012, ARCH PHILOS, P199",2
"FRANCK G., 2014, L'ECONOMIE DE L'ATTENTION, P55","LEROI-GOURHAN A., 1995, GESTE PAROLE, VI",2
"FRANCK G., 2014, L'ECONOMIE DE L'ATTENTION, P55","MCCONNELL TERRANCE., 2018, THE STANFORD ENCYCLOPEDIA OF PHILOSOPHY",2
"FRANCK G., 2014, L'ECONOMIE DE L'ATTENTION, P55","MIT, 2016, MORAL MACHINES",2
"FRANCK G., 2014, L'ECONOMIE DE L'ATTENTION, P55","NEVEJANS NATHALIE, 2017, TRAITE DE DROIT ET D'ETHIQUE DE LA ROBOTIQUE CIVILE, VLEH",2
"FRANCK G., 2014, L'ECONOMIE DE L'ATTENTION, P55","OGIEN R., 2008, CONCEPTS ETHIQUE FAU",2
"FRANCK G., 2014, L'ECONOMIE DE L'ATTENTION, P55","OGIEN RUWEN., 2007, LETHIQUE AUJOURDHUI. MAXIMALISTES ET MINIMALISTES",2
"FRANCK G., 2014, L'ECONOMIE DE L'ATTENTION, P55","ONEIL C., 2018, ALGORITHMES BOMBE RE",2
"FRANCK G., 2014, L'ECONOMIE DE L'ATTENTION, P55","ORSI FRANCESCO., 2015, VALUE THEORY",2
"FRANCK G., 2014, L'ECONOMIE DE L'ATTENTION, P55","PEDERSEN ISABEL., 2020, EMBODIED COMPUTING: WEARABLES, IMPLANTABLES, EMBEDDABLES, INGESTIBLES",2
"FRANCK G., 2014, L'ECONOMIE DE L'ATTENTION, P55","POPPER K., 1973, LOGIQUE DECOUVERTE S",2
"FRANCK G., 2014, L'ECONOMIE DE L'ATTENTION, P55","RAWLS J., 1999, THEORIE DE LA JUSTICE",2
"FRANCK G., 2014, L'ECONOMIE DE L'ATTENTION, P55","REBER B., 2014, TERMINAL TECHNOLOGIE, V119",2
"FRANCK G., 2014, L'ECONOMIE DE L'ATTENTION, P55","SCHNAPPER D., 2012, COMPREHENSION SOCIOL",2
"FRANCK G., 2014, L'ECONOMIE DE L'ATTENTION, P55","THOMSON JUDITH J, 1976, MONIST, V59, P204",2
"FRANCK G., 2014, L'ECONOMIE DE L'ATTENTION, P55","VINCENT ANDRE, 1963, ARCHIVES DE PHILOSOPHIE DU DROIT, V8, P237",2
"FRANCK G., 2014, L'ECONOMIE DE L'ATTENTION, P55","[ANONYMOUS], 2013, SCI TECHNIQUES SOC",2
"FRANCK G., 2014, L'ECONOMIE DE L'ATTENTION, P55","[ANONYMOUS], 2013, SMART CITIES: THEORIE ET CRITIQUE D'UN IDEAL AUTOREALISATEUR",2
"FROIDEVAUX C, 2022, POUR UNE ETHIQUE DU NUMERIQUE, P41","FUCHS C, 2014, DIGITAL LABOUR AND KARL MARX, P1",2
"FROIDEVAUX C, 2022, POUR UNE ETHIQUE DU NUMERIQUE, P41","GIBERT M., 2021, FAIRE MORALE ROBOTS",2
"FROIDEVAUX C, 2022, POUR UNE ETHIQUE DU NUMERIQUE, P41","GUNKEL DJ, 2018, ROBOT RIGHTS",2
"FROIDEVAUX C, 2022, POUR UNE ETHIQUE DU NUMERIQUE, P41","HAIYI ZHU, 2018, PROCEEDINGS OF THE ACM ON HUMAN-COMPUTER INTERACTION, V2, DOI [10.1145/3274463, 10.1145/3274463]",2
"FROIDEVAUX C, 2022, POUR UNE ETHIQUE DU NUMERIQUE, P41","HOWARD P.N., 2015, PAX TECHNICA: HOW THE INTERNET OF THINGS MAY SET US FREE OR LOCK US UP",2
"FROIDEVAUX C, 2022, POUR UNE ETHIQUE DU NUMERIQUE, P41","HURSTHOUSE ROSALIND., 1999, ON VIRTUE ETHICS",2
"FROIDEVAUX C, 2022, POUR UNE ETHIQUE DU NUMERIQUE, P41","KANT E., 1989, CRITIQUE RAISON PRAT",2
"FROIDEVAUX C, 2022, POUR UNE ETHIQUE DU NUMERIQUE, P41","KERVEGAN J.-F., 2012, ARCH PHILOS, P199",2
"FROIDEVAUX C, 2022, POUR UNE ETHIQUE DU NUMERIQUE, P41","LEROI-GOURHAN A., 1995, GESTE PAROLE, VI",2
"FROIDEVAUX C, 2022, POUR UNE ETHIQUE DU NUMERIQUE, P41","MCCONNELL TERRANCE., 2018, THE STANFORD ENCYCLOPEDIA OF PHILOSOPHY",2
"FROIDEVAUX C, 2022, POUR UNE ETHIQUE DU NUMERIQUE, P41","MIT, 2016, MORAL MACHINES",2
"FROIDEVAUX C, 2022, POUR UNE ETHIQUE DU NUMERIQUE, P41","NEVEJANS NATHALIE, 2017, TRAITE DE DROIT ET D'ETHIQUE DE LA ROBOTIQUE CIVILE, VLEH",2
"FROIDEVAUX C, 2022, POUR UNE ETHIQUE DU NUMERIQUE, P41","OGIEN R., 2008, CONCEPTS ETHIQUE FAU",2
"FROIDEVAUX C, 2022, POUR UNE ETHIQUE DU NUMERIQUE, P41","OGIEN RUWEN., 2007, LETHIQUE AUJOURDHUI. MAXIMALISTES ET MINIMALISTES",2
"FROIDEVAUX C, 2022, POUR UNE ETHIQUE DU NUMERIQUE, P41","ONEIL C., 2018, ALGORITHMES BOMBE RE",2
"FROIDEVAUX C, 2022, POUR UNE ETHIQUE DU NUMERIQUE, P41","ORSI FRANCESCO., 2015, VALUE THEORY",2
"FROIDEVAUX C, 2022, POUR UNE ETHIQUE DU NUMERIQUE, P41","PEDERSEN ISABEL., 2020, EMBODIED COMPUTING: WEARABLES, IMPLANTABLES, EMBEDDABLES, INGESTIBLES",2
"FROIDEVAUX C, 2022, POUR UNE ETHIQUE DU NUMERIQUE, P41","POPPER K., 1973, LOGIQUE DECOUVERTE S",2
"FROIDEVAUX C, 2022, POUR UNE ETHIQUE DU NUMERIQUE, P41","RAWLS J., 1999, THEORIE DE LA JUSTICE",2
"FROIDEVAUX C, 2022, POUR UNE ETHIQUE DU NUMERIQUE, P41","REBER B., 2014, TERMINAL TECHNOLOGIE, V119",2
"FROIDEVAUX C, 2022, POUR UNE ETHIQUE DU NUMERIQUE, P41","SCHNAPPER D., 2012, COMPREHENSION SOCIOL",2
"FROIDEVAUX C, 2022, POUR UNE ETHIQUE DU NUMERIQUE, P41","THOMSON JUDITH J, 1976, MONIST, V59, P204",2
"FROIDEVAUX C, 2022, POUR UNE ETHIQUE DU NUMERIQUE, P41","VINCENT ANDRE, 1963, ARCHIVES DE PHILOSOPHIE DU DROIT, V8, P237",2
"FROIDEVAUX C, 2022, POUR UNE ETHIQUE DU NUMERIQUE, P41","[ANONYMOUS], 2013, SCI TECHNIQUES SOC",2
"FROIDEVAUX C, 2022, POUR UNE ETHIQUE DU NUMERIQUE, P41","[ANONYMOUS], 2013, SMART CITIES: THEORIE ET CRITIQUE D'UN IDEAL AUTOREALISATEUR",2
"FUCHS C, 2014, DIGITAL LABOUR AND KARL MARX, P1","GIBERT M., 2021, FAIRE MORALE ROBOTS",2
"FUCHS C, 2014, DIGITAL LABOUR AND KARL MARX, P1","GUNKEL DJ, 2018, ROBOT RIGHTS",2
"FUCHS C, 2014, DIGITAL LABOUR AND KARL MARX, P1","HAIYI ZHU, 2018, PROCEEDINGS OF THE ACM ON HUMAN-COMPUTER INTERACTION, V2, DOI [10.1145/3274463, 10.1145/3274463]",2
"FUCHS C, 2014, DIGITAL LABOUR AND KARL MARX, P1","HOWARD P.N., 2015, PAX TECHNICA: HOW THE INTERNET OF THINGS MAY SET US FREE OR LOCK US UP",2
"FUCHS C, 2014, DIGITAL LABOUR AND KARL MARX, P1","HURSTHOUSE ROSALIND., 1999, ON VIRTUE ETHICS",2
"FUCHS C, 2014, DIGITAL LABOUR AND KARL MARX, P1","KANT E., 1989, CRITIQUE RAISON PRAT",2
"FUCHS C, 2014, DIGITAL LABOUR AND KARL MARX, P1","KERVEGAN J.-F., 2012, ARCH PHILOS, P199",2
"FUCHS C, 2014, DIGITAL LABOUR AND KARL MARX, P1","LEROI-GOURHAN A., 1995, GESTE PAROLE, VI",2
"FUCHS C, 2014, DIGITAL LABOUR AND KARL MARX, P1","MCCONNELL TERRANCE., 2018, THE STANFORD ENCYCLOPEDIA OF PHILOSOPHY",2
"FUCHS C, 2014, DIGITAL LABOUR AND KARL MARX, P1","MIT, 2016, MORAL MACHINES",2
"FUCHS C, 2014, DIGITAL LABOUR AND KARL MARX, P1","NEVEJANS NATHALIE, 2017, TRAITE DE DROIT ET D'ETHIQUE DE LA ROBOTIQUE CIVILE, VLEH",2
"FUCHS C, 2014, DIGITAL LABOUR AND KARL MARX, P1","OGIEN R., 2008, CONCEPTS ETHIQUE FAU",2
"FUCHS C, 2014, DIGITAL LABOUR AND KARL MARX, P1","OGIEN RUWEN., 2007, LETHIQUE AUJOURDHUI. MAXIMALISTES ET MINIMALISTES",2
"FUCHS C, 2014, DIGITAL LABOUR AND KARL MARX, P1","ONEIL C., 2018, ALGORITHMES BOMBE RE",2
"FUCHS C, 2014, DIGITAL LABOUR AND KARL MARX, P1","ORSI FRANCESCO., 2015, VALUE THEORY",2
"FUCHS C, 2014, DIGITAL LABOUR AND KARL MARX, P1","PEDERSEN ISABEL., 2020, EMBODIED COMPUTING: WEARABLES, IMPLANTABLES, EMBEDDABLES, INGESTIBLES",2
"FUCHS C, 2014, DIGITAL LABOUR AND KARL MARX, P1","POPPER K., 1973, LOGIQUE DECOUVERTE S",2
"FUCHS C, 2014, DIGITAL LABOUR AND KARL MARX, P1","RAWLS J., 1999, THEORIE DE LA JUSTICE",2
"FUCHS C, 2014, DIGITAL LABOUR AND KARL MARX, P1","REBER B., 2014, TERMINAL TECHNOLOGIE, V119",2
"FUCHS C, 2014, DIGITAL LABOUR AND KARL MARX, P1","SCHNAPPER D., 2012, COMPREHENSION SOCIOL",2
"FUCHS C, 2014, DIGITAL LABOUR AND KARL MARX, P1","THOMSON JUDITH J, 1976, MONIST, V59, P204",2
"FUCHS C, 2014, DIGITAL LABOUR AND KARL MARX, P1","VINCENT ANDRE, 1963, ARCHIVES DE PHILOSOPHIE DU DROIT, V8, P237",2
"FUCHS C, 2014, DIGITAL LABOUR AND KARL MARX, P1","[ANONYMOUS], 2013, SCI TECHNIQUES SOC",2
"FUCHS C, 2014, DIGITAL LABOUR AND KARL MARX, P1","[ANONYMOUS], 2013, SMART CITIES: THEORIE ET CRITIQUE D'UN IDEAL AUTOREALISATEUR",2
"GIBERT M., 2021, FAIRE MORALE ROBOTS","GUNKEL DJ, 2018, ROBOT RIGHTS",2
"GIBERT M., 2021, FAIRE MORALE ROBOTS","HAIYI ZHU, 2018, PROCEEDINGS OF THE ACM ON HUMAN-COMPUTER INTERACTION, V2, DOI [10.1145/3274463, 10.1145/3274463]",2
"GIBERT M., 2021, FAIRE MORALE ROBOTS","HOWARD P.N., 2015, PAX TECHNICA: HOW THE INTERNET OF THINGS MAY SET US FREE OR LOCK US UP",2
"GIBERT M., 2021, FAIRE MORALE ROBOTS","HURSTHOUSE ROSALIND., 1999, ON VIRTUE ETHICS",2
"GIBERT M., 2021, FAIRE MORALE ROBOTS","KANT E., 1989, CRITIQUE RAISON PRAT",2
"GIBERT M., 2021, FAIRE MORALE ROBOTS","KERVEGAN J.-F., 2012, ARCH PHILOS, P199",2
"GIBERT M., 2021, FAIRE MORALE ROBOTS","LEROI-GOURHAN A., 1995, GESTE PAROLE, VI",2
"GIBERT M., 2021, FAIRE MORALE ROBOTS","MCCONNELL TERRANCE., 2018, THE STANFORD ENCYCLOPEDIA OF PHILOSOPHY",2
"GIBERT M., 2021, FAIRE MORALE ROBOTS","MIT, 2016, MORAL MACHINES",2
"GIBERT M., 2021, FAIRE MORALE ROBOTS","NEVEJANS NATHALIE, 2017, TRAITE DE DROIT ET D'ETHIQUE DE LA ROBOTIQUE CIVILE, VLEH",2
"GIBERT M., 2021, FAIRE MORALE ROBOTS","OGIEN R., 2008, CONCEPTS ETHIQUE FAU",2
"GIBERT M., 2021, FAIRE MORALE ROBOTS","OGIEN RUWEN., 2007, LETHIQUE AUJOURDHUI. MAXIMALISTES ET MINIMALISTES",2
"GIBERT M., 2021, FAIRE MORALE ROBOTS","ONEIL C., 2018, ALGORITHMES BOMBE RE",2
"GIBERT M., 2021, FAIRE MORALE ROBOTS","ORSI FRANCESCO., 2015, VALUE THEORY",2
"GIBERT M., 2021, FAIRE MORALE ROBOTS","PEDERSEN ISABEL., 2020, EMBODIED COMPUTING: WEARABLES, IMPLANTABLES, EMBEDDABLES, INGESTIBLES",2
"GIBERT M., 2021, FAIRE MORALE ROBOTS","POPPER K., 1973, LOGIQUE DECOUVERTE S",2
"GIBERT M., 2021, FAIRE MORALE ROBOTS","RAWLS J., 1999, THEORIE DE LA JUSTICE",2
"GIBERT M., 2021, FAIRE MORALE ROBOTS","REBER B., 2014, TERMINAL TECHNOLOGIE, V119",2
"GIBERT M., 2021, FAIRE MORALE ROBOTS","SCHNAPPER D., 2012, COMPREHENSION SOCIOL",2
"GIBERT M., 2021, FAIRE MORALE ROBOTS","THOMSON JUDITH J, 1976, MONIST, V59, P204",2
"GIBERT M., 2021, FAIRE MORALE ROBOTS","VINCENT ANDRE, 1963, ARCHIVES DE PHILOSOPHIE DU DROIT, V8, P237",2
"GIBERT M., 2021, FAIRE MORALE ROBOTS","[ANONYMOUS], 2013, SCI TECHNIQUES SOC",2
"GIBERT M., 2021, FAIRE MORALE ROBOTS","[ANONYMOUS], 2013, SMART CITIES: THEORIE ET CRITIQUE D'UN IDEAL AUTOREALISATEUR",2
"GUNKEL DJ, 2018, ROBOT RIGHTS","HAIYI ZHU, 2018, PROCEEDINGS OF THE ACM ON HUMAN-COMPUTER INTERACTION, V2, DOI [10.1145/3274463, 10.1145/3274463]",2
"GUNKEL DJ, 2018, ROBOT RIGHTS","HOWARD P.N., 2015, PAX TECHNICA: HOW THE INTERNET OF THINGS MAY SET US FREE OR LOCK US UP",2
"GUNKEL DJ, 2018, ROBOT RIGHTS","HURSTHOUSE ROSALIND., 1999, ON VIRTUE ETHICS",2
"GUNKEL DJ, 2018, ROBOT RIGHTS","KANT E., 1989, CRITIQUE RAISON PRAT",2
"GUNKEL DJ, 2018, ROBOT RIGHTS","KERVEGAN J.-F., 2012, ARCH PHILOS, P199",2
"GUNKEL DJ, 2018, ROBOT RIGHTS","LEROI-GOURHAN A., 1995, GESTE PAROLE, VI",2
"GUNKEL DJ, 2018, ROBOT RIGHTS","MCCONNELL TERRANCE., 2018, THE STANFORD ENCYCLOPEDIA OF PHILOSOPHY",2
"GUNKEL DJ, 2018, ROBOT RIGHTS","MIT, 2016, MORAL MACHINES",2
"GUNKEL DJ, 2018, ROBOT RIGHTS","NEVEJANS NATHALIE, 2017, TRAITE DE DROIT ET D'ETHIQUE DE LA ROBOTIQUE CIVILE, VLEH",2
"GUNKEL DJ, 2018, ROBOT RIGHTS","OGIEN R., 2008, CONCEPTS ETHIQUE FAU",2
"GUNKEL DJ, 2018, ROBOT RIGHTS","OGIEN RUWEN., 2007, LETHIQUE AUJOURDHUI. MAXIMALISTES ET MINIMALISTES",2
"GUNKEL DJ, 2018, ROBOT RIGHTS","ONEIL C., 2018, ALGORITHMES BOMBE RE",2
"GUNKEL DJ, 2018, ROBOT RIGHTS","ORSI FRANCESCO., 2015, VALUE THEORY",2
"GUNKEL DJ, 2018, ROBOT RIGHTS","PEDERSEN ISABEL., 2020, EMBODIED COMPUTING: WEARABLES, IMPLANTABLES, EMBEDDABLES, INGESTIBLES",2
"GUNKEL DJ, 2018, ROBOT RIGHTS","POPPER K., 1973, LOGIQUE DECOUVERTE S",2
"GUNKEL DJ, 2018, ROBOT RIGHTS","RAWLS J., 1999, THEORIE DE LA JUSTICE",2
"GUNKEL DJ, 2018, ROBOT RIGHTS","REBER B., 2014, TERMINAL TECHNOLOGIE, V119",2
"GUNKEL DJ, 2018, ROBOT RIGHTS","SCHNAPPER D., 2012, COMPREHENSION SOCIOL",2
"GUNKEL DJ, 2018, ROBOT RIGHTS","THOMSON JUDITH J, 1976, MONIST, V59, P204",2
"GUNKEL DJ, 2018, ROBOT RIGHTS","VINCENT ANDRE, 1963, ARCHIVES DE PHILOSOPHIE DU DROIT, V8, P237",2
"GUNKEL DJ, 2018, ROBOT RIGHTS","[ANONYMOUS], 2013, SCI TECHNIQUES SOC",2
"GUNKEL DJ, 2018, ROBOT RIGHTS","[ANONYMOUS], 2013, SMART CITIES: THEORIE ET CRITIQUE D'UN IDEAL AUTOREALISATEUR",2
"HAIYI ZHU, 2018, PROCEEDINGS OF THE ACM ON HUMAN-COMPUTER INTERACTION, V2, DOI [10.1145/3274463, 10.1145/3274463]","HOWARD P.N., 2015, PAX TECHNICA: HOW THE INTERNET OF THINGS MAY SET US FREE OR LOCK US UP",2
"HAIYI ZHU, 2018, PROCEEDINGS OF THE ACM ON HUMAN-COMPUTER INTERACTION, V2, DOI [10.1145/3274463, 10.1145/3274463]","HURSTHOUSE ROSALIND., 1999, ON VIRTUE ETHICS",2
"HAIYI ZHU, 2018, PROCEEDINGS OF THE ACM ON HUMAN-COMPUTER INTERACTION, V2, DOI [10.1145/3274463, 10.1145/3274463]","KANT E., 1989, CRITIQUE RAISON PRAT",2
"HAIYI ZHU, 2018, PROCEEDINGS OF THE ACM ON HUMAN-COMPUTER INTERACTION, V2, DOI [10.1145/3274463, 10.1145/3274463]","KERVEGAN J.-F., 2012, ARCH PHILOS, P199",2
"HAIYI ZHU, 2018, PROCEEDINGS OF THE ACM ON HUMAN-COMPUTER INTERACTION, V2, DOI [10.1145/3274463, 10.1145/3274463]","LEROI-GOURHAN A., 1995, GESTE PAROLE, VI",2
"HAIYI ZHU, 2018, PROCEEDINGS OF THE ACM ON HUMAN-COMPUTER INTERACTION, V2, DOI [10.1145/3274463, 10.1145/3274463]","MCCONNELL TERRANCE., 2018, THE STANFORD ENCYCLOPEDIA OF PHILOSOPHY",2
"HAIYI ZHU, 2018, PROCEEDINGS OF THE ACM ON HUMAN-COMPUTER INTERACTION, V2, DOI [10.1145/3274463, 10.1145/3274463]","MIT, 2016, MORAL MACHINES",2
"HAIYI ZHU, 2018, PROCEEDINGS OF THE ACM ON HUMAN-COMPUTER INTERACTION, V2, DOI [10.1145/3274463, 10.1145/3274463]","NEVEJANS NATHALIE, 2017, TRAITE DE DROIT ET D'ETHIQUE DE LA ROBOTIQUE CIVILE, VLEH",2
"HAIYI ZHU, 2018, PROCEEDINGS OF THE ACM ON HUMAN-COMPUTER INTERACTION, V2, DOI [10.1145/3274463, 10.1145/3274463]","OGIEN R., 2008, CONCEPTS ETHIQUE FAU",2
"HAIYI ZHU, 2018, PROCEEDINGS OF THE ACM ON HUMAN-COMPUTER INTERACTION, V2, DOI [10.1145/3274463, 10.1145/3274463]","OGIEN RUWEN., 2007, LETHIQUE AUJOURDHUI. MAXIMALISTES ET MINIMALISTES",2
"HAIYI ZHU, 2018, PROCEEDINGS OF THE ACM ON HUMAN-COMPUTER INTERACTION, V2, DOI [10.1145/3274463, 10.1145/3274463]","ONEIL C., 2018, ALGORITHMES BOMBE RE",2
"HAIYI ZHU, 2018, PROCEEDINGS OF THE ACM ON HUMAN-COMPUTER INTERACTION, V2, DOI [10.1145/3274463, 10.1145/3274463]","ORSI FRANCESCO., 2015, VALUE THEORY",2
"HAIYI ZHU, 2018, PROCEEDINGS OF THE ACM ON HUMAN-COMPUTER INTERACTION, V2, DOI [10.1145/3274463, 10.1145/3274463]","PEDERSEN ISABEL., 2020, EMBODIED COMPUTING: WEARABLES, IMPLANTABLES, EMBEDDABLES, INGESTIBLES",2
"HAIYI ZHU, 2018, PROCEEDINGS OF THE ACM ON HUMAN-COMPUTER INTERACTION, V2, DOI [10.1145/3274463, 10.1145/3274463]","POPPER K., 1973, LOGIQUE DECOUVERTE S",2
"HAIYI ZHU, 2018, PROCEEDINGS OF THE ACM ON HUMAN-COMPUTER INTERACTION, V2, DOI [10.1145/3274463, 10.1145/3274463]","RAWLS J., 1999, THEORIE DE LA JUSTICE",2
"HAIYI ZHU, 2018, PROCEEDINGS OF THE ACM ON HUMAN-COMPUTER INTERACTION, V2, DOI [10.1145/3274463, 10.1145/3274463]","REBER B., 2014, TERMINAL TECHNOLOGIE, V119",2
"HAIYI ZHU, 2018, PROCEEDINGS OF THE ACM ON HUMAN-COMPUTER INTERACTION, V2, DOI [10.1145/3274463, 10.1145/3274463]","SCHNAPPER D., 2012, COMPREHENSION SOCIOL",2
"HAIYI ZHU, 2018, PROCEEDINGS OF THE ACM ON HUMAN-COMPUTER INTERACTION, V2, DOI [10.1145/3274463, 10.1145/3274463]","THOMSON JUDITH J, 1976, MONIST, V59, P204",2
"HAIYI ZHU, 2018, PROCEEDINGS OF THE ACM ON HUMAN-COMPUTER INTERACTION, V2, DOI [10.1145/3274463, 10.1145/3274463]","VINCENT ANDRE, 1963, ARCHIVES DE PHILOSOPHIE DU DROIT, V8, P237",2
"HAIYI ZHU, 2018, PROCEEDINGS OF THE ACM ON HUMAN-COMPUTER INTERACTION, V2, DOI [10.1145/3274463, 10.1145/3274463]","[ANONYMOUS], 2013, SCI TECHNIQUES SOC",2
"HAIYI ZHU, 2018, PROCEEDINGS OF THE ACM ON HUMAN-COMPUTER INTERACTION, V2, DOI [10.1145/3274463, 10.1145/3274463]","[ANONYMOUS], 2013, SMART CITIES: THEORIE ET CRITIQUE D'UN IDEAL AUTOREALISATEUR",2
"HOWARD P.N., 2015, PAX TECHNICA: HOW THE INTERNET OF THINGS MAY SET US FREE OR LOCK US UP","HURSTHOUSE ROSALIND., 1999, ON VIRTUE ETHICS",2
"HOWARD P.N., 2015, PAX TECHNICA: HOW THE INTERNET OF THINGS MAY SET US FREE OR LOCK US UP","KANT E., 1989, CRITIQUE RAISON PRAT",2
"HOWARD P.N., 2015, PAX TECHNICA: HOW THE INTERNET OF THINGS MAY SET US FREE OR LOCK US UP","KERVEGAN J.-F., 2012, ARCH PHILOS, P199",2
"HOWARD P.N., 2015, PAX TECHNICA: HOW THE INTERNET OF THINGS MAY SET US FREE OR LOCK US UP","LEROI-GOURHAN A., 1995, GESTE PAROLE, VI",2
"HOWARD P.N., 2015, PAX TECHNICA: HOW THE INTERNET OF THINGS MAY SET US FREE OR LOCK US UP","MCCONNELL TERRANCE., 2018, THE STANFORD ENCYCLOPEDIA OF PHILOSOPHY",2
"HOWARD P.N., 2015, PAX TECHNICA: HOW THE INTERNET OF THINGS MAY SET US FREE OR LOCK US UP","MIT, 2016, MORAL MACHINES",2
"HOWARD P.N., 2015, PAX TECHNICA: HOW THE INTERNET OF THINGS MAY SET US FREE OR LOCK US UP","NEVEJANS NATHALIE, 2017, TRAITE DE DROIT ET D'ETHIQUE DE LA ROBOTIQUE CIVILE, VLEH",2
"HOWARD P.N., 2015, PAX TECHNICA: HOW THE INTERNET OF THINGS MAY SET US FREE OR LOCK US UP","OGIEN R., 2008, CONCEPTS ETHIQUE FAU",2
"HOWARD P.N., 2015, PAX TECHNICA: HOW THE INTERNET OF THINGS MAY SET US FREE OR LOCK US UP","OGIEN RUWEN., 2007, LETHIQUE AUJOURDHUI. MAXIMALISTES ET MINIMALISTES",2
"HOWARD P.N., 2015, PAX TECHNICA: HOW THE INTERNET OF THINGS MAY SET US FREE OR LOCK US UP","ONEIL C., 2018, ALGORITHMES BOMBE RE",2
"HOWARD P.N., 2015, PAX TECHNICA: HOW THE INTERNET OF THINGS MAY SET US FREE OR LOCK US UP","ORSI FRANCESCO., 2015, VALUE THEORY",2
"HOWARD P.N., 2015, PAX TECHNICA: HOW THE INTERNET OF THINGS MAY SET US FREE OR LOCK US UP","PEDERSEN ISABEL., 2020, EMBODIED COMPUTING: WEARABLES, IMPLANTABLES, EMBEDDABLES, INGESTIBLES",2
"HOWARD P.N., 2015, PAX TECHNICA: HOW THE INTERNET OF THINGS MAY SET US FREE OR LOCK US UP","POPPER K., 1973, LOGIQUE DECOUVERTE S",2
"HOWARD P.N., 2015, PAX TECHNICA: HOW THE INTERNET OF THINGS MAY SET US FREE OR LOCK US UP","RAWLS J., 1999, THEORIE DE LA JUSTICE",2
"HOWARD P.N., 2015, PAX TECHNICA: HOW THE INTERNET OF THINGS MAY SET US FREE OR LOCK US UP","REBER B., 2014, TERMINAL TECHNOLOGIE, V119",2
"HOWARD P.N., 2015, PAX TECHNICA: HOW THE INTERNET OF THINGS MAY SET US FREE OR LOCK US UP","SCHNAPPER D., 2012, COMPREHENSION SOCIOL",2
"HOWARD P.N., 2015, PAX TECHNICA: HOW THE INTERNET OF THINGS MAY SET US FREE OR LOCK US UP","THOMSON JUDITH J, 1976, MONIST, V59, P204",2
"HOWARD P.N., 2015, PAX TECHNICA: HOW THE INTERNET OF THINGS MAY SET US FREE OR LOCK US UP","VINCENT ANDRE, 1963, ARCHIVES DE PHILOSOPHIE DU DROIT, V8, P237",2
"HOWARD P.N., 2015, PAX TECHNICA: HOW THE INTERNET OF THINGS MAY SET US FREE OR LOCK US UP","[ANONYMOUS], 2013, SCI TECHNIQUES SOC",2
"HOWARD P.N., 2015, PAX TECHNICA: HOW THE INTERNET OF THINGS MAY SET US FREE OR LOCK US UP","[ANONYMOUS], 2013, SMART CITIES: THEORIE ET CRITIQUE D'UN IDEAL AUTOREALISATEUR",2
"HURSTHOUSE ROSALIND., 1999, ON VIRTUE ETHICS","KANT E., 1989, CRITIQUE RAISON PRAT",2
"HURSTHOUSE ROSALIND., 1999, ON VIRTUE ETHICS","KERVEGAN J.-F., 2012, ARCH PHILOS, P199",2
"HURSTHOUSE ROSALIND., 1999, ON VIRTUE ETHICS","LEROI-GOURHAN A., 1995, GESTE PAROLE, VI",2
"HURSTHOUSE ROSALIND., 1999, ON VIRTUE ETHICS","MCCONNELL TERRANCE., 2018, THE STANFORD ENCYCLOPEDIA OF PHILOSOPHY",2
"HURSTHOUSE ROSALIND., 1999, ON VIRTUE ETHICS","MIT, 2016, MORAL MACHINES",2
"HURSTHOUSE ROSALIND., 1999, ON VIRTUE ETHICS","NEVEJANS NATHALIE, 2017, TRAITE DE DROIT ET D'ETHIQUE DE LA ROBOTIQUE CIVILE, VLEH",2
"HURSTHOUSE ROSALIND., 1999, ON VIRTUE ETHICS","OGIEN R., 2008, CONCEPTS ETHIQUE FAU",2
"HURSTHOUSE ROSALIND., 1999, ON VIRTUE ETHICS","OGIEN RUWEN., 2007, LETHIQUE AUJOURDHUI. MAXIMALISTES ET MINIMALISTES",2
"HURSTHOUSE ROSALIND., 1999, ON VIRTUE ETHICS","ONEIL C., 2018, ALGORITHMES BOMBE RE",2
"HURSTHOUSE ROSALIND., 1999, ON VIRTUE ETHICS","ORSI FRANCESCO., 2015, VALUE THEORY",2
"HURSTHOUSE ROSALIND., 1999, ON VIRTUE ETHICS","PEDERSEN ISABEL., 2020, EMBODIED COMPUTING: WEARABLES, IMPLANTABLES, EMBEDDABLES, INGESTIBLES",2
"HURSTHOUSE ROSALIND., 1999, ON VIRTUE ETHICS","POPPER K., 1973, LOGIQUE DECOUVERTE S",2
"HURSTHOUSE ROSALIND., 1999, ON VIRTUE ETHICS","RAWLS J., 1999, THEORIE DE LA JUSTICE",2
"HURSTHOUSE ROSALIND., 1999, ON VIRTUE ETHICS","REBER B., 2014, TERMINAL TECHNOLOGIE, V119",2
"HURSTHOUSE ROSALIND., 1999, ON VIRTUE ETHICS","SCHNAPPER D., 2012, COMPREHENSION SOCIOL",2
"HURSTHOUSE ROSALIND., 1999, ON VIRTUE ETHICS","THOMSON JUDITH J, 1976, MONIST, V59, P204",2
"HURSTHOUSE ROSALIND., 1999, ON VIRTUE ETHICS","VINCENT ANDRE, 1963, ARCHIVES DE PHILOSOPHIE DU DROIT, V8, P237",2
"HURSTHOUSE ROSALIND., 1999, ON VIRTUE ETHICS","[ANONYMOUS], 2013, SCI TECHNIQUES SOC",2
"HURSTHOUSE ROSALIND., 1999, ON VIRTUE ETHICS","[ANONYMOUS], 2013, SMART CITIES: THEORIE ET CRITIQUE D'UN IDEAL AUTOREALISATEUR",2
"KANT E., 1989, CRITIQUE RAISON PRAT","KERVEGAN J.-F., 2012, ARCH PHILOS, P199",2
"KANT E., 1989, CRITIQUE RAISON PRAT","LEROI-GOURHAN A., 1995, GESTE PAROLE, VI",2
"KANT E., 1989, CRITIQUE RAISON PRAT","MCCONNELL TERRANCE., 2018, THE STANFORD ENCYCLOPEDIA OF PHILOSOPHY",2
"KANT E., 1989, CRITIQUE RAISON PRAT","MIT, 2016, MORAL MACHINES",2
"KANT E., 1989, CRITIQUE RAISON PRAT","NEVEJANS NATHALIE, 2017, TRAITE DE DROIT ET D'ETHIQUE DE LA ROBOTIQUE CIVILE, VLEH",2
"KANT E., 1989, CRITIQUE RAISON PRAT","OGIEN R., 2008, CONCEPTS ETHIQUE FAU",2
"KANT E., 1989, CRITIQUE RAISON PRAT","OGIEN RUWEN., 2007, LETHIQUE AUJOURDHUI. MAXIMALISTES ET MINIMALISTES",2
"KANT E., 1989, CRITIQUE RAISON PRAT","ONEIL C., 2018, ALGORITHMES BOMBE RE",2
"KANT E., 1989, CRITIQUE RAISON PRAT","ORSI FRANCESCO., 2015, VALUE THEORY",2
"KANT E., 1989, CRITIQUE RAISON PRAT","PEDERSEN ISABEL., 2020, EMBODIED COMPUTING: WEARABLES, IMPLANTABLES, EMBEDDABLES, INGESTIBLES",2
"KANT E., 1989, CRITIQUE RAISON PRAT","POPPER K., 1973, LOGIQUE DECOUVERTE S",2
"KANT E., 1989, CRITIQUE RAISON PRAT","RAWLS J., 1999, THEORIE DE LA JUSTICE",2
"KANT E., 1989, CRITIQUE RAISON PRAT","REBER B., 2014, TERMINAL TECHNOLOGIE, V119",2
"KANT E., 1989, CRITIQUE RAISON PRAT","SCHNAPPER D., 2012, COMPREHENSION SOCIOL",2
"KANT E., 1989, CRITIQUE RAISON PRAT","THOMSON JUDITH J, 1976, MONIST, V59, P204",2
"KANT E., 1989, CRITIQUE RAISON PRAT","VINCENT ANDRE, 1963, ARCHIVES DE PHILOSOPHIE DU DROIT, V8, P237",2
"KANT E., 1989, CRITIQUE RAISON PRAT","[ANONYMOUS], 2013, SCI TECHNIQUES SOC",2
"KANT E., 1989, CRITIQUE RAISON PRAT","[ANONYMOUS], 2013, SMART CITIES: THEORIE ET CRITIQUE D'UN IDEAL AUTOREALISATEUR",2
"KERVEGAN J.-F., 2012, ARCH PHILOS, P199","LEROI-GOURHAN A., 1995, GESTE PAROLE, VI",2
"KERVEGAN J.-F., 2012, ARCH PHILOS, P199","MCCONNELL TERRANCE., 2018, THE STANFORD ENCYCLOPEDIA OF PHILOSOPHY",2
"KERVEGAN J.-F., 2012, ARCH PHILOS, P199","MIT, 2016, MORAL MACHINES",2
"KERVEGAN J.-F., 2012, ARCH PHILOS, P199","NEVEJANS NATHALIE, 2017, TRAITE DE DROIT ET D'ETHIQUE DE LA ROBOTIQUE CIVILE, VLEH",2
"KERVEGAN J.-F., 2012, ARCH PHILOS, P199","OGIEN R., 2008, CONCEPTS ETHIQUE FAU",2
"KERVEGAN J.-F., 2012, ARCH PHILOS, P199","OGIEN RUWEN., 2007, LETHIQUE AUJOURDHUI. MAXIMALISTES ET MINIMALISTES",2
"KERVEGAN J.-F., 2012, ARCH PHILOS, P199","ONEIL C., 2018, ALGORITHMES BOMBE RE",2
"KERVEGAN J.-F., 2012, ARCH PHILOS, P199","ORSI FRANCESCO., 2015, VALUE THEORY",2
"KERVEGAN J.-F., 2012, ARCH PHILOS, P199","PEDERSEN ISABEL., 2020, EMBODIED COMPUTING: WEARABLES, IMPLANTABLES, EMBEDDABLES, INGESTIBLES",2
"KERVEGAN J.-F., 2012, ARCH PHILOS, P199","POPPER K., 1973, LOGIQUE DECOUVERTE S",2
"KERVEGAN J.-F., 2012, ARCH PHILOS, P199","RAWLS J., 1999, THEORIE DE LA JUSTICE",2
"KERVEGAN J.-F., 2012, ARCH PHILOS, P199","REBER B., 2014, TERMINAL TECHNOLOGIE, V119",2
"KERVEGAN J.-F., 2012, ARCH PHILOS, P199","SCHNAPPER D., 2012, COMPREHENSION SOCIOL",2
"KERVEGAN J.-F., 2012, ARCH PHILOS, P199","THOMSON JUDITH J, 1976, MONIST, V59, P204",2
"KERVEGAN J.-F., 2012, ARCH PHILOS, P199","VINCENT ANDRE, 1963, ARCHIVES DE PHILOSOPHIE DU DROIT, V8, P237",2
"KERVEGAN J.-F., 2012, ARCH PHILOS, P199","[ANONYMOUS], 2013, SCI TECHNIQUES SOC",2
"KERVEGAN J.-F., 2012, ARCH PHILOS, P199","[ANONYMOUS], 2013, SMART CITIES: THEORIE ET CRITIQUE D'UN IDEAL AUTOREALISATEUR",2
"LEROI-GOURHAN A., 1995, GESTE PAROLE, VI","MCCONNELL TERRANCE., 2018, THE STANFORD ENCYCLOPEDIA OF PHILOSOPHY",2
"LEROI-GOURHAN A., 1995, GESTE PAROLE, VI","MIT, 2016, MORAL MACHINES",2
"LEROI-GOURHAN A., 1995, GESTE PAROLE, VI","NEVEJANS NATHALIE, 2017, TRAITE DE DROIT ET D'ETHIQUE DE LA ROBOTIQUE CIVILE, VLEH",2
"LEROI-GOURHAN A., 1995, GESTE PAROLE, VI","OGIEN R., 2008, CONCEPTS ETHIQUE FAU",2
"LEROI-GOURHAN A., 1995, GESTE PAROLE, VI","OGIEN RUWEN., 2007, LETHIQUE AUJOURDHUI. MAXIMALISTES ET MINIMALISTES",2
"LEROI-GOURHAN A., 1995, GESTE PAROLE, VI","ONEIL C., 2018, ALGORITHMES BOMBE RE",2
"LEROI-GOURHAN A., 1995, GESTE PAROLE, VI","ORSI FRANCESCO., 2015, VALUE THEORY",2
"LEROI-GOURHAN A., 1995, GESTE PAROLE, VI","PEDERSEN ISABEL., 2020, EMBODIED COMPUTING: WEARABLES, IMPLANTABLES, EMBEDDABLES, INGESTIBLES",2
"LEROI-GOURHAN A., 1995, GESTE PAROLE, VI","POPPER K., 1973, LOGIQUE DECOUVERTE S",2
"LEROI-GOURHAN A., 1995, GESTE PAROLE, VI","RAWLS J., 1999, THEORIE DE LA JUSTICE",2
"LEROI-GOURHAN A., 1995, GESTE PAROLE, VI","REBER B., 2014, TERMINAL TECHNOLOGIE, V119",2
"LEROI-GOURHAN A., 1995, GESTE PAROLE, VI","SCHNAPPER D., 2012, COMPREHENSION SOCIOL",2
"LEROI-GOURHAN A., 1995, GESTE PAROLE, VI","THOMSON JUDITH J, 1976, MONIST, V59, P204",2
"LEROI-GOURHAN A., 1995, GESTE PAROLE, VI","VINCENT ANDRE, 1963, ARCHIVES DE PHILOSOPHIE DU DROIT, V8, P237",2
"LEROI-GOURHAN A., 1995, GESTE PAROLE, VI","[ANONYMOUS], 2013, SCI TECHNIQUES SOC",2
"LEROI-GOURHAN A., 1995, GESTE PAROLE, VI","[ANONYMOUS], 2013, SMART CITIES: THEORIE ET CRITIQUE D'UN IDEAL AUTOREALISATEUR",2
"MCCONNELL TERRANCE., 2018, THE STANFORD ENCYCLOPEDIA OF PHILOSOPHY","MIT, 2016, MORAL MACHINES",2
"MCCONNELL TERRANCE., 2018, THE STANFORD ENCYCLOPEDIA OF PHILOSOPHY","NEVEJANS NATHALIE, 2017, TRAITE DE DROIT ET D'ETHIQUE DE LA ROBOTIQUE CIVILE, VLEH",2
"MCCONNELL TERRANCE., 2018, THE STANFORD ENCYCLOPEDIA OF PHILOSOPHY","OGIEN R., 2008, CONCEPTS ETHIQUE FAU",2
"MCCONNELL TERRANCE., 2018, THE STANFORD ENCYCLOPEDIA OF PHILOSOPHY","OGIEN RUWEN., 2007, LETHIQUE AUJOURDHUI. MAXIMALISTES ET MINIMALISTES",2
"MCCONNELL TERRANCE., 2018, THE STANFORD ENCYCLOPEDIA OF PHILOSOPHY","ONEIL C., 2018, ALGORITHMES BOMBE RE",2
"MCCONNELL TERRANCE., 2018, THE STANFORD ENCYCLOPEDIA OF PHILOSOPHY","ORSI FRANCESCO., 2015, VALUE THEORY",2
"MCCONNELL TERRANCE., 2018, THE STANFORD ENCYCLOPEDIA OF PHILOSOPHY","PEDERSEN ISABEL., 2020, EMBODIED COMPUTING: WEARABLES, IMPLANTABLES, EMBEDDABLES, INGESTIBLES",2
"MCCONNELL TERRANCE., 2018, THE STANFORD ENCYCLOPEDIA OF PHILOSOPHY","POPPER K., 1973, LOGIQUE DECOUVERTE S",2
"MCCONNELL TERRANCE., 2018, THE STANFORD ENCYCLOPEDIA OF PHILOSOPHY","RAWLS J., 1999, THEORIE DE LA JUSTICE",2
"MCCONNELL TERRANCE., 2018, THE STANFORD ENCYCLOPEDIA OF PHILOSOPHY","REBER B., 2014, TERMINAL TECHNOLOGIE, V119",2
"MCCONNELL TERRANCE., 2018, THE STANFORD ENCYCLOPEDIA OF PHILOSOPHY","SCHNAPPER D., 2012, COMPREHENSION SOCIOL",2
"MCCONNELL TERRANCE., 2018, THE STANFORD ENCYCLOPEDIA OF PHILOSOPHY","THOMSON JUDITH J, 1976, MONIST, V59, P204",2
"MCCONNELL TERRANCE., 2018, THE STANFORD ENCYCLOPEDIA OF PHILOSOPHY","VINCENT ANDRE, 1963, ARCHIVES DE PHILOSOPHIE DU DROIT, V8, P237",2
"MCCONNELL TERRANCE., 2018, THE STANFORD ENCYCLOPEDIA OF PHILOSOPHY","[ANONYMOUS], 2013, SCI TECHNIQUES SOC",2
"MCCONNELL TERRANCE., 2018, THE STANFORD ENCYCLOPEDIA OF PHILOSOPHY","[ANONYMOUS], 2013, SMART CITIES: THEORIE ET CRITIQUE D'UN IDEAL AUTOREALISATEUR",2
"MIT, 2016, MORAL MACHINES","NEVEJANS NATHALIE, 2017, TRAITE DE DROIT ET D'ETHIQUE DE LA ROBOTIQUE CIVILE, VLEH",2
"MIT, 2016, MORAL MACHINES","OGIEN R., 2008, CONCEPTS ETHIQUE FAU",2
"MIT, 2016, MORAL MACHINES","OGIEN RUWEN., 2007, LETHIQUE AUJOURDHUI. MAXIMALISTES ET MINIMALISTES",2
"MIT, 2016, MORAL MACHINES","ONEIL C., 2018, ALGORITHMES BOMBE RE",2
"MIT, 2016, MORAL MACHINES","ORSI FRANCESCO., 2015, VALUE THEORY",2
"MIT, 2016, MORAL MACHINES","PEDERSEN ISABEL., 2020, EMBODIED COMPUTING: WEARABLES, IMPLANTABLES, EMBEDDABLES, INGESTIBLES",2
"MIT, 2016, MORAL MACHINES","POPPER K., 1973, LOGIQUE DECOUVERTE S",2
"MIT, 2016, MORAL MACHINES","RAWLS J., 1999, THEORIE DE LA JUSTICE",2
"MIT, 2016, MORAL MACHINES","REBER B., 2014, TERMINAL TECHNOLOGIE, V119",2
"MIT, 2016, MORAL MACHINES","SCHNAPPER D., 2012, COMPREHENSION SOCIOL",2
"MIT, 2016, MORAL MACHINES","THOMSON JUDITH J, 1976, MONIST, V59, P204",2
"MIT, 2016, MORAL MACHINES","VINCENT ANDRE, 1963, ARCHIVES DE PHILOSOPHIE DU DROIT, V8, P237",2
"MIT, 2016, MORAL MACHINES","[ANONYMOUS], 2013, SCI TECHNIQUES SOC",2
"MIT, 2016, MORAL MACHINES","[ANONYMOUS], 2013, SMART CITIES: THEORIE ET CRITIQUE D'UN IDEAL AUTOREALISATEUR",2
"NEVEJANS NATHALIE, 2017, TRAITE DE DROIT ET D'ETHIQUE DE LA ROBOTIQUE CIVILE, VLEH","OGIEN R., 2008, CONCEPTS ETHIQUE FAU",2
"NEVEJANS NATHALIE, 2017, TRAITE DE DROIT ET D'ETHIQUE DE LA ROBOTIQUE CIVILE, VLEH","OGIEN RUWEN., 2007, LETHIQUE AUJOURDHUI. MAXIMALISTES ET MINIMALISTES",2
"NEVEJANS NATHALIE, 2017, TRAITE DE DROIT ET D'ETHIQUE DE LA ROBOTIQUE CIVILE, VLEH","ONEIL C., 2018, ALGORITHMES BOMBE RE",2
"NEVEJANS NATHALIE, 2017, TRAITE DE DROIT ET D'ETHIQUE DE LA ROBOTIQUE CIVILE, VLEH","ORSI FRANCESCO., 2015, VALUE THEORY",2
"NEVEJANS NATHALIE, 2017, TRAITE DE DROIT ET D'ETHIQUE DE LA ROBOTIQUE CIVILE, VLEH","PEDERSEN ISABEL., 2020, EMBODIED COMPUTING: WEARABLES, IMPLANTABLES, EMBEDDABLES, INGESTIBLES",2
"NEVEJANS NATHALIE, 2017, TRAITE DE DROIT ET D'ETHIQUE DE LA ROBOTIQUE CIVILE, VLEH","POPPER K., 1973, LOGIQUE DECOUVERTE S",2
"NEVEJANS NATHALIE, 2017, TRAITE DE DROIT ET D'ETHIQUE DE LA ROBOTIQUE CIVILE, VLEH","RAWLS J., 1999, THEORIE DE LA JUSTICE",2
"NEVEJANS NATHALIE, 2017, TRAITE DE DROIT ET D'ETHIQUE DE LA ROBOTIQUE CIVILE, VLEH","REBER B., 2014, TERMINAL TECHNOLOGIE, V119",2
"NEVEJANS NATHALIE, 2017, TRAITE DE DROIT ET D'ETHIQUE DE LA ROBOTIQUE CIVILE, VLEH","SCHNAPPER D., 2012, COMPREHENSION SOCIOL",2
"NEVEJANS NATHALIE, 2017, TRAITE DE DROIT ET D'ETHIQUE DE LA ROBOTIQUE CIVILE, VLEH","THOMSON JUDITH J, 1976, MONIST, V59, P204",2
"NEVEJANS NATHALIE, 2017, TRAITE DE DROIT ET D'ETHIQUE DE LA ROBOTIQUE CIVILE, VLEH","VINCENT ANDRE, 1963, ARCHIVES DE PHILOSOPHIE DU DROIT, V8, P237",2
"NEVEJANS NATHALIE, 2017, TRAITE DE DROIT ET D'ETHIQUE DE LA ROBOTIQUE CIVILE, VLEH","[ANONYMOUS], 2013, SCI TECHNIQUES SOC",2
"NEVEJANS NATHALIE, 2017, TRAITE DE DROIT ET D'ETHIQUE DE LA ROBOTIQUE CIVILE, VLEH","[ANONYMOUS], 2013, SMART CITIES: THEORIE ET CRITIQUE D'UN IDEAL AUTOREALISATEUR",2
"OGIEN R., 2008, CONCEPTS ETHIQUE FAU","OGIEN RUWEN., 2007, LETHIQUE AUJOURDHUI. MAXIMALISTES ET MINIMALISTES",2
"OGIEN R., 2008, CONCEPTS ETHIQUE FAU","ONEIL C., 2018, ALGORITHMES BOMBE RE",2
"OGIEN R., 2008, CONCEPTS ETHIQUE FAU","ORSI FRANCESCO., 2015, VALUE THEORY",2
"OGIEN R., 2008, CONCEPTS ETHIQUE FAU","PEDERSEN ISABEL., 2020, EMBODIED COMPUTING: WEARABLES, IMPLANTABLES, EMBEDDABLES, INGESTIBLES",2
"OGIEN R., 2008, CONCEPTS ETHIQUE FAU","POPPER K., 1973, LOGIQUE DECOUVERTE S",2
"OGIEN R., 2008, CONCEPTS ETHIQUE FAU","RAWLS J., 1999, THEORIE DE LA JUSTICE",2
"OGIEN R., 2008, CONCEPTS ETHIQUE FAU","REBER B., 2014, TERMINAL TECHNOLOGIE, V119",2
"OGIEN R., 2008, CONCEPTS ETHIQUE FAU","SCHNAPPER D., 2012, COMPREHENSION SOCIOL",2
"OGIEN R., 2008, CONCEPTS ETHIQUE FAU","THOMSON JUDITH J, 1976, MONIST, V59, P204",2
"OGIEN R., 2008, CONCEPTS ETHIQUE FAU","VINCENT ANDRE, 1963, ARCHIVES DE PHILOSOPHIE DU DROIT, V8, P237",2
"OGIEN R., 2008, CONCEPTS ETHIQUE FAU","[ANONYMOUS], 2013, SCI TECHNIQUES SOC",2
"OGIEN R., 2008, CONCEPTS ETHIQUE FAU","[ANONYMOUS], 2013, SMART CITIES: THEORIE ET CRITIQUE D'UN IDEAL AUTOREALISATEUR",2
"OGIEN RUWEN., 2007, LETHIQUE AUJOURDHUI. MAXIMALISTES ET MINIMALISTES","ONEIL C., 2018, ALGORITHMES BOMBE RE",2
"OGIEN RUWEN., 2007, LETHIQUE AUJOURDHUI. MAXIMALISTES ET MINIMALISTES","ORSI FRANCESCO., 2015, VALUE THEORY",2
"OGIEN RUWEN., 2007, LETHIQUE AUJOURDHUI. MAXIMALISTES ET MINIMALISTES","PEDERSEN ISABEL., 2020, EMBODIED COMPUTING: WEARABLES, IMPLANTABLES, EMBEDDABLES, INGESTIBLES",2
"OGIEN RUWEN., 2007, LETHIQUE AUJOURDHUI. MAXIMALISTES ET MINIMALISTES","POPPER K., 1973, LOGIQUE DECOUVERTE S",2
"OGIEN RUWEN., 2007, LETHIQUE AUJOURDHUI. MAXIMALISTES ET MINIMALISTES","RAWLS J., 1999, THEORIE DE LA JUSTICE",2
"OGIEN RUWEN., 2007, LETHIQUE AUJOURDHUI. MAXIMALISTES ET MINIMALISTES","REBER B., 2014, TERMINAL TECHNOLOGIE, V119",2
"OGIEN RUWEN., 2007, LETHIQUE AUJOURDHUI. MAXIMALISTES ET MINIMALISTES","SCHNAPPER D., 2012, COMPREHENSION SOCIOL",2
"OGIEN RUWEN., 2007, LETHIQUE AUJOURDHUI. MAXIMALISTES ET MINIMALISTES","THOMSON JUDITH J, 1976, MONIST, V59, P204",2
"OGIEN RUWEN., 2007, LETHIQUE AUJOURDHUI. MAXIMALISTES ET MINIMALISTES","VINCENT ANDRE, 1963, ARCHIVES DE PHILOSOPHIE DU DROIT, V8, P237",2
"OGIEN RUWEN., 2007, LETHIQUE AUJOURDHUI. MAXIMALISTES ET MINIMALISTES","[ANONYMOUS], 2013, SCI TECHNIQUES SOC",2
"OGIEN RUWEN., 2007, LETHIQUE AUJOURDHUI. MAXIMALISTES ET MINIMALISTES","[ANONYMOUS], 2013, SMART CITIES: THEORIE ET CRITIQUE D'UN IDEAL AUTOREALISATEUR",2
"ONEIL C., 2018, ALGORITHMES BOMBE RE","ORSI FRANCESCO., 2015, VALUE THEORY",2
"ONEIL C., 2018, ALGORITHMES BOMBE RE","PEDERSEN ISABEL., 2020, EMBODIED COMPUTING: WEARABLES, IMPLANTABLES, EMBEDDABLES, INGESTIBLES",2
"ONEIL C., 2018, ALGORITHMES BOMBE RE","POPPER K., 1973, LOGIQUE DECOUVERTE S",2
"ONEIL C., 2018, ALGORITHMES BOMBE RE","RAWLS J., 1999, THEORIE DE LA JUSTICE",2
"ONEIL C., 2018, ALGORITHMES BOMBE RE","REBER B., 2014, TERMINAL TECHNOLOGIE, V119",2
"ONEIL C., 2018, ALGORITHMES BOMBE RE","SCHNAPPER D., 2012, COMPREHENSION SOCIOL",2
"ONEIL C., 2018, ALGORITHMES BOMBE RE","THOMSON JUDITH J, 1976, MONIST, V59, P204",2
"ONEIL C., 2018, ALGORITHMES BOMBE RE","VINCENT ANDRE, 1963, ARCHIVES DE PHILOSOPHIE DU DROIT, V8, P237",2
"ONEIL C., 2018, ALGORITHMES BOMBE RE","[ANONYMOUS], 2013, SCI TECHNIQUES SOC",2
"ONEIL C., 2018, ALGORITHMES BOMBE RE","[ANONYMOUS], 2013, SMART CITIES: THEORIE ET CRITIQUE D'UN IDEAL AUTOREALISATEUR",2
"ORSI FRANCESCO., 2015, VALUE THEORY","PEDERSEN ISABEL., 2020, EMBODIED COMPUTING: WEARABLES, IMPLANTABLES, EMBEDDABLES, INGESTIBLES",2
"ORSI FRANCESCO., 2015, VALUE THEORY","POPPER K., 1973, LOGIQUE DECOUVERTE S",2
"ORSI FRANCESCO., 2015, VALUE THEORY","RAWLS J., 1999, THEORIE DE LA JUSTICE",2
"ORSI FRANCESCO., 2015, VALUE THEORY","REBER B., 2014, TERMINAL TECHNOLOGIE, V119",2
"ORSI FRANCESCO., 2015, VALUE THEORY","SCHNAPPER D., 2012, COMPREHENSION SOCIOL",2
"ORSI FRANCESCO., 2015, VALUE THEORY","THOMSON JUDITH J, 1976, MONIST, V59, P204",2
"ORSI FRANCESCO., 2015, VALUE THEORY","VINCENT ANDRE, 1963, ARCHIVES DE PHILOSOPHIE DU DROIT, V8, P237",2
"ORSI FRANCESCO., 2015, VALUE THEORY","[ANONYMOUS], 2013, SCI TECHNIQUES SOC",2
"ORSI FRANCESCO., 2015, VALUE THEORY","[ANONYMOUS], 2013, SMART CITIES: THEORIE ET CRITIQUE D'UN IDEAL AUTOREALISATEUR",2
"PEDERSEN ISABEL., 2020, EMBODIED COMPUTING: WEARABLES, IMPLANTABLES, EMBEDDABLES, INGESTIBLES","POPPER K., 1973, LOGIQUE DECOUVERTE S",2
"PEDERSEN ISABEL., 2020, EMBODIED COMPUTING: WEARABLES, IMPLANTABLES, EMBEDDABLES, INGESTIBLES","RAWLS J., 1999, THEORIE DE LA JUSTICE",2
"PEDERSEN ISABEL., 2020, EMBODIED COMPUTING: WEARABLES, IMPLANTABLES, EMBEDDABLES, INGESTIBLES","REBER B., 2014, TERMINAL TECHNOLOGIE, V119",2
"PEDERSEN ISABEL., 2020, EMBODIED COMPUTING: WEARABLES, IMPLANTABLES, EMBEDDABLES, INGESTIBLES","SCHNAPPER D., 2012, COMPREHENSION SOCIOL",2
"PEDERSEN ISABEL., 2020, EMBODIED COMPUTING: WEARABLES, IMPLANTABLES, EMBEDDABLES, INGESTIBLES","THOMSON JUDITH J, 1976, MONIST, V59, P204",2
"PEDERSEN ISABEL., 2020, EMBODIED COMPUTING: WEARABLES, IMPLANTABLES, EMBEDDABLES, INGESTIBLES","VINCENT ANDRE, 1963, ARCHIVES DE PHILOSOPHIE DU DROIT, V8, P237",2
"PEDERSEN ISABEL., 2020, EMBODIED COMPUTING: WEARABLES, IMPLANTABLES, EMBEDDABLES, INGESTIBLES","[ANONYMOUS], 2013, SCI TECHNIQUES SOC",2
"PEDERSEN ISABEL., 2020, EMBODIED COMPUTING: WEARABLES, IMPLANTABLES, EMBEDDABLES, INGESTIBLES","[ANONYMOUS], 2013, SMART CITIES: THEORIE ET CRITIQUE D'UN IDEAL AUTOREALISATEUR",2
"POPPER K., 1973, LOGIQUE DECOUVERTE S","RAWLS J., 1999, THEORIE DE LA JUSTICE",2
"POPPER K., 1973, LOGIQUE DECOUVERTE S","REBER B., 2014, TERMINAL TECHNOLOGIE, V119",2
"POPPER K., 1973, LOGIQUE DECOUVERTE S","SCHNAPPER D., 2012, COMPREHENSION SOCIOL",2
"POPPER K., 1973, LOGIQUE DECOUVERTE S","THOMSON JUDITH J, 1976, MONIST, V59, P204",2
"POPPER K., 1973, LOGIQUE DECOUVERTE S","VINCENT ANDRE, 1963, ARCHIVES DE PHILOSOPHIE DU DROIT, V8, P237",2
"POPPER K., 1973, LOGIQUE DECOUVERTE S","[ANONYMOUS], 2013, SCI TECHNIQUES SOC",2
"POPPER K., 1973, LOGIQUE DECOUVERTE S","[ANONYMOUS], 2013, SMART CITIES: THEORIE ET CRITIQUE D'UN IDEAL AUTOREALISATEUR",2
"RAWLS J., 1999, THEORIE DE LA JUSTICE","REBER B., 2014, TERMINAL TECHNOLOGIE, V119",2
"RAWLS J., 1999, THEORIE DE LA JUSTICE","SCHNAPPER D., 2012, COMPREHENSION SOCIOL",2
"RAWLS J., 1999, THEORIE DE LA JUSTICE","THOMSON JUDITH J, 1976, MONIST, V59, P204",2
"RAWLS J., 1999, THEORIE DE LA JUSTICE","VINCENT ANDRE, 1963, ARCHIVES DE PHILOSOPHIE DU DROIT, V8, P237",2
"RAWLS J., 1999, THEORIE DE LA JUSTICE","[ANONYMOUS], 2013, SCI TECHNIQUES SOC",2
"RAWLS J., 1999, THEORIE DE LA JUSTICE","[ANONYMOUS], 2013, SMART CITIES: THEORIE ET CRITIQUE D'UN IDEAL AUTOREALISATEUR",2
"REBER B., 2014, TERMINAL TECHNOLOGIE, V119","SCHNAPPER D., 2012, COMPREHENSION SOCIOL",2
"REBER B., 2014, TERMINAL TECHNOLOGIE, V119","THOMSON JUDITH J, 1976, MONIST, V59, P204",2
"REBER B., 2014, TERMINAL TECHNOLOGIE, V119","VINCENT ANDRE, 1963, ARCHIVES DE PHILOSOPHIE DU DROIT, V8, P237",2
"REBER B., 2014, TERMINAL TECHNOLOGIE, V119","[ANONYMOUS], 2013, SCI TECHNIQUES SOC",2
"REBER B., 2014, TERMINAL TECHNOLOGIE, V119","[ANONYMOUS], 2013, SMART CITIES: THEORIE ET CRITIQUE D'UN IDEAL AUTOREALISATEUR",2
"SCHNAPPER D., 2012, COMPREHENSION SOCIOL","THOMSON JUDITH J, 1976, MONIST, V59, P204",2
"SCHNAPPER D., 2012, COMPREHENSION SOCIOL","VINCENT ANDRE, 1963, ARCHIVES DE PHILOSOPHIE DU DROIT, V8, P237",2
"SCHNAPPER D., 2012, COMPREHENSION SOCIOL","[ANONYMOUS], 2013, SCI TECHNIQUES SOC",2
"SCHNAPPER D., 2012, COMPREHENSION SOCIOL","[ANONYMOUS], 2013, SMART CITIES: THEORIE ET CRITIQUE D'UN IDEAL AUTOREALISATEUR",2
"THOMSON JUDITH J, 1976, MONIST, V59, P204","VINCENT ANDRE, 1963, ARCHIVES DE PHILOSOPHIE DU DROIT, V8, P237",2
"THOMSON JUDITH J, 1976, MONIST, V59, P204","[ANONYMOUS], 2013, SCI TECHNIQUES SOC",2
"THOMSON JUDITH J, 1976, MONIST, V59, P204","[ANONYMOUS], 2013, SMART CITIES: THEORIE ET CRITIQUE D'UN IDEAL AUTOREALISATEUR",2
"VINCENT ANDRE, 1963, ARCHIVES DE PHILOSOPHIE DU DROIT, V8, P237","[ANONYMOUS], 2013, SCI TECHNIQUES SOC",2
"VINCENT ANDRE, 1963, ARCHIVES DE PHILOSOPHIE DU DROIT, V8, P237","[ANONYMOUS], 2013, SMART CITIES: THEORIE ET CRITIQUE D'UN IDEAL AUTOREALISATEUR",2
"[ANONYMOUS], 2013, SCI TECHNIQUES SOC","[ANONYMOUS], 2013, SMART CITIES: THEORIE ET CRITIQUE D'UN IDEAL AUTOREALISATEUR",2
DOI:10.1038/nature21056,DOI:10.1038/d41586-018-05707-8,2
DOI:10.1038/nature21056,DOI:10.1136/bmjqs-2018-008370,3
DOI:10.1038/nature21056,DOI:10.1136/svn-2017-000101,3
DOI:10.1038/nature21056,DOI:10.1001/jama.2019.15064,2
DOI:10.1038/nature21056,DOI:10.1001/jama.2019.18058,3
DOI:10.1038/nature21056,DOI:10.1007/s00330-018-5601-1,2
DOI:10.1038/nature21056,DOI:10.1007/s10459-021-10040-3,3
DOI:10.1038/nature21056,DOI:10.1038/s41746-018-0061-1,2
DOI:10.1038/nature21056,DOI:10.1038/s41746-020-0288-5,2
DOI:10.1038/nature21056,DOI:10.1038/s41746-020-0294-7,3
DOI:10.1038/nature21056,DOI:10.1097/acm.0000000000004291,3
DOI:10.1038/nature21056,DOI:10.1101/2021.01.14.21249830,2
DOI:10.1038/nature21056,DOI:10.1145/33066183314289,2
DOI:10.1038/nature21056,DOI:10.1177/23821205211036836,2
DOI:10.1038/nature21056,DOI:10.1186/s12909-022-03852-3,2
DOI:10.1038/nature21056,DOI:10.1371/journal.pdig.0000198,2
DOI:10.1038/nature21056,DOI:10.2196/45312,2
DOI:10.1038/nature21056,DOI:10.2196/46885,2
DOI:10.1038/nature21056,DOI:10.2196/48163,2
DOI:10.1038/nature21056,DOI:10.3390/app12094130,2
DOI:10.1038/nature21056,DOI:10.4103/jfmpc.jfmpc_440_19,2
DOI:10.1038/nature21056,DOI:10.48550/arxiv.2109.02866],2
DOI:10.1038/nature21056,DOI:10.5334/pme.954,2
DOI:10.1038/nature21056,"HAMET P, 2017, METABOLISM, V69, PS36, DOI [10.26738/MJEM.2017/MJEM26.2018/PLH.CRE.041017, 10.1016/J.METABOL.2017.01.011]",2
DOI:10.1038/nature21056,"PARANJAPE KETAN, 2019, JMIR MED EDUC, V5, PE16048, DOI [10.2196/16048, 10.2196/16048]",2
DOI:10.1038/nature21056,"RUSSELL S., 2002, ARTIFICIAL INTELLIGENCE: A MODERN APPROACH",2
DOI:10.1038/nature21056,"WARTMAN STEVEN A, 2019, AMA J ETHICS, V21, PE146, DOI [10.1001/AMAJETHICS.2019.146, 10.1001/AMAJETHICS.2019.146]",2
DOI:10.1038/nature21056,DOI:10.7326/m18-0850,2
DOI:10.1038/s41591-021-01614-0,DOI:10.1001/jama.2016.17216,2
DOI:10.1038/s41591-021-01614-0,DOI:10.1016/j.jocn.2019.03.001,2
DOI:10.1038/s41591-021-01614-0,DOI:10.1016/j.socscimed.2020.113172,2
DOI:10.1038/s41591-021-01614-0,DOI:10.1038/s41591-018-0300-7,2
"BEAUCHAMP TL., 2013, PRINCIPLES BIOMEDICA, VSEVENTH",DOI:10.1007/s00481-023-00761-x,2
"BEAUCHAMP TL., 2013, PRINCIPLES BIOMEDICA, VSEVENTH",DOI:10.1007/s11023-018-9482-5,6
"BEAUCHAMP TL., 2013, PRINCIPLES BIOMEDICA, VSEVENTH",DOI:10.1007/s11948-019-00165-5,3
"BEAUCHAMP TL., 2013, PRINCIPLES BIOMEDICA, VSEVENTH",DOI:10.1111/bioe.12918,2
"BEAUCHAMP TL., 2013, PRINCIPLES BIOMEDICA, VSEVENTH",DOI:10.1177/2053951715622512,2
"BEAUCHAMP TL., 2013, PRINCIPLES BIOMEDICA, VSEVENTH","[ANONYMOUS], 2018, ACM CODE OF ETHICS AND PROFESSIONAL CONDUCT",2
"BEAUCHAMP TL., 2013, PRINCIPLES BIOMEDICA, VSEVENTH",DOI:10.2139/ssrn.3518482],2
"BEAUCHAMP TL., 2013, PRINCIPLES BIOMEDICA, VSEVENTH",DOI:10.2777/531856publicationsoffice,2
DOI:10.1148/radiol.2019191586,DOI:10.1001/jama.2019.15064,2
DOI:10.1148/radiol.2019191586,DOI:10.1001/jama.2019.18058,2
DOI:10.1148/radiol.2019191586,DOI:10.1001/jama.2019.21215,2
DOI:10.1148/radiol.2019191586,DOI:10.1016/s0035-9203(02)90265-8,2
DOI:10.1148/radiol.2019191586,DOI:10.1136/bmjgh-2018-000798,2
DOI:10.1148/radiol.2019191586,DOI:10.1145/2783258.2788613,2
DOI:10.1148/radiol.2019191586,"SCHIFF DANIEL, 2019, AMA J ETHICS, V21, PE138, DOI [10.1001/AMAJETHICS.2019.138, 10.1001/AMAJETHICS.2019.138]",2
"ONEIL CATHY., 2016, WEAPONS_OF_MATH_DESTRUCTION:_HOW_BIG_DATA_INCREASES INEQUALITY_AND_THREATENS_DEMOCRACY",DOI:10.1007/s11948-015-9652-2,3
"ONEIL CATHY., 2016, WEAPONS_OF_MATH_DESTRUCTION:_HOW_BIG_DATA_INCREASES INEQUALITY_AND_THREATENS_DEMOCRACY",DOI:10.1016/j.techsoc.2016.02.004,3
"ONEIL CATHY., 2016, WEAPONS_OF_MATH_DESTRUCTION:_HOW_BIG_DATA_INCREASES INEQUALITY_AND_THREATENS_DEMOCRACY",DOI:10.1093/ijlit/eaz004,3
"ONEIL CATHY., 2016, WEAPONS_OF_MATH_DESTRUCTION:_HOW_BIG_DATA_INCREASES INEQUALITY_AND_THREATENS_DEMOCRACY",DOI:10.1098/rsta.2016.0360,4
"ONEIL CATHY., 2016, WEAPONS_OF_MATH_DESTRUCTION:_HOW_BIG_DATA_INCREASES INEQUALITY_AND_THREATENS_DEMOCRACY",DOI:10.1148/rg.2017160130,3
"ONEIL CATHY., 2016, WEAPONS_OF_MATH_DESTRUCTION:_HOW_BIG_DATA_INCREASES INEQUALITY_AND_THREATENS_DEMOCRACY",DOI:10.2214/ajr.16.17224,3
"ONEIL CATHY., 2016, WEAPONS_OF_MATH_DESTRUCTION:_HOW_BIG_DATA_INCREASES INEQUALITY_AND_THREATENS_DEMOCRACY","KIM HWIYOUNG, 2019, [JOURNAL OF THE KOREAN SOCIETY OF RADIOLOGY (JKSR), 대한영상의학회지], V80, P259",3
"ONEIL CATHY., 2016, WEAPONS_OF_MATH_DESTRUCTION:_HOW_BIG_DATA_INCREASES INEQUALITY_AND_THREATENS_DEMOCRACY","[ANONYMOUS], 2018, ARTIF INTELL",3
"ONEIL CATHY., 2016, WEAPONS_OF_MATH_DESTRUCTION:_HOW_BIG_DATA_INCREASES INEQUALITY_AND_THREATENS_DEMOCRACY","[ANONYMOUS], 2018, ARXIV180600069CSSTAT",3
"ONEIL CATHY., 2016, WEAPONS_OF_MATH_DESTRUCTION:_HOW_BIG_DATA_INCREASES INEQUALITY_AND_THREATENS_DEMOCRACY","[ANONYMOUS], 2019, CT GAN MALICIOUS TAM",3
"ONEIL CATHY., 2016, WEAPONS_OF_MATH_DESTRUCTION:_HOW_BIG_DATA_INCREASES INEQUALITY_AND_THREATENS_DEMOCRACY","[ANONYMOUS], ARXIV171009762CSQBIO",3
"ONEIL CATHY., 2016, WEAPONS_OF_MATH_DESTRUCTION:_HOW_BIG_DATA_INCREASES INEQUALITY_AND_THREATENS_DEMOCRACY","[ANONYMOUS], ARXIV180405296CSSTAT",3
"ONEIL CATHY., 2016, WEAPONS_OF_MATH_DESTRUCTION:_HOW_BIG_DATA_INCREASES INEQUALITY_AND_THREATENS_DEMOCRACY","[ANONYMOUS], EXPLAINABLE ARTIFICI",3
"ONEIL CATHY., 2016, WEAPONS_OF_MATH_DESTRUCTION:_HOW_BIG_DATA_INCREASES INEQUALITY_AND_THREATENS_DEMOCRACY","[ANONYMOUS], IEEE GLOB IN ETH AL",2
"ONEIL CATHY., 2016, WEAPONS_OF_MATH_DESTRUCTION:_HOW_BIG_DATA_INCREASES INEQUALITY_AND_THREATENS_DEMOCRACY",DOI:10.1007/s11023-018-9482-5,4
"ONEIL CATHY., 2016, WEAPONS_OF_MATH_DESTRUCTION:_HOW_BIG_DATA_INCREASES INEQUALITY_AND_THREATENS_DEMOCRACY",DOI:10.1038/d41586-018-05707-8,2
"ONEIL CATHY., 2016, WEAPONS_OF_MATH_DESTRUCTION:_HOW_BIG_DATA_INCREASES INEQUALITY_AND_THREATENS_DEMOCRACY",DOI:10.1038/d41586-019-01413-1,2
"ONEIL CATHY., 2016, WEAPONS_OF_MATH_DESTRUCTION:_HOW_BIG_DATA_INCREASES INEQUALITY_AND_THREATENS_DEMOCRACY",DOI:10.1080/1369118x.2012.678878,2
"ONEIL CATHY., 2016, WEAPONS_OF_MATH_DESTRUCTION:_HOW_BIG_DATA_INCREASES INEQUALITY_AND_THREATENS_DEMOCRACY",DOI:10.1177/2053951714559253,2
"ONEIL CATHY., 2016, WEAPONS_OF_MATH_DESTRUCTION:_HOW_BIG_DATA_INCREASES INEQUALITY_AND_THREATENS_DEMOCRACY",DOI:10.1177/2053951716679679,2
"ONEIL CATHY., 2016, WEAPONS_OF_MATH_DESTRUCTION:_HOW_BIG_DATA_INCREASES INEQUALITY_AND_THREATENS_DEMOCRACY",DOI:10.1177/2053951717743530,2
"ONEIL CATHY., 2016, WEAPONS_OF_MATH_DESTRUCTION:_HOW_BIG_DATA_INCREASES INEQUALITY_AND_THREATENS_DEMOCRACY",DOI:10.15779/z38bg31,2
"ONEIL CATHY., 2016, WEAPONS_OF_MATH_DESTRUCTION:_HOW_BIG_DATA_INCREASES INEQUALITY_AND_THREATENS_DEMOCRACY",DOI:10.2139/ssrn.3518482],2
"ONEIL CATHY., 2016, WEAPONS_OF_MATH_DESTRUCTION:_HOW_BIG_DATA_INCREASES INEQUALITY_AND_THREATENS_DEMOCRACY","DAWSON D., 2019, ARTIF INTELL",2
"ONEIL CATHY., 2016, WEAPONS_OF_MATH_DESTRUCTION:_HOW_BIG_DATA_INCREASES INEQUALITY_AND_THREATENS_DEMOCRACY",DOI:10.1126/science.aat5991,2
"ONEIL CATHY., 2016, WEAPONS_OF_MATH_DESTRUCTION:_HOW_BIG_DATA_INCREASES INEQUALITY_AND_THREATENS_DEMOCRACY","CROWDER GEORGE., 2006, CONTEMP POLIT THEORY, V5, P405",2
DOI:10.1007/s10676-017-9440-6,DOI:10.1007/s11023-008-9113-7,2
DOI:10.1007/s10676-017-9440-6,DOI:10.1007/s11023-018-9482-5,2
DOI:10.1007/s10676-017-9440-6,DOI:10.1177/2053951715622512,2
DOI:10.1007/s10892-017-9252-2,DOI:10.1609/aimag.v38i2.2731,2
DOI:10.1007/s10892-017-9252-2,"VAN OTTERLO M., 2018, NIEUW ARCHIEF VOOR WISKUNDE, V19, P206",2
DOI:10.1007/s10892-017-9252-2,DOI:10.1007/s00146-017-0768-6,3
DOI:10.1007/s10892-017-9252-2,DOI:10.1075/nlp.8.11bry,2
DOI:10.1007/s10892-017-9252-2,"NATH R., 2009, PHILOSOPHY OF ARTIFICIAL INTELLIGENCE: A CRITIQUE OF THE MECHANISTIC THEORY OF MIND",2
DOI:10.1007/s10892-017-9252-2,"POWERS TM., 2009, PHILOS NOW MAGAZINE, V72, P15",2
DOI:10.1007/s10892-017-9252-2,"SPIVAK GAYATRICHAKRAVORTY., 1997, GRAMMATOLOGY, PIX",2
DOI:10.1007/s10892-017-9252-2,"ASIMOV ISAAC., 2004, I ROBOT",2
DOI:10.1007/s10892-017-9252-2,DOI:10.1007/s10676-006-9111-5,2
DOI:10.1007/s10892-017-9252-2,DOI:10.1109/mis.2006.77,2
DOI:10.1007/s10892-017-9252-2,"SULLINS JP, 2006, INT REV INF ETHICS, V6, P23",2
DOI:10.1007/s10892-017-9252-2,DOI:10.1098/rsta.2016.0360,2
DOI:10.1007/s10892-017-9252-2,DOI:10.1017/cbo9780511978036.032,2
DOI:10.1007/s10892-017-9252-2,"BRINGSJORD S, 2012, INTELL ROBOT AUTON, P85",2
DOI:10.1007/s10892-017-9252-2,DOI:10.1080/1369118x.2016.1154087,2
DOI:10.1007/s10892-017-9252-2,DOI:10.1126/science.aat5991,2
DOI:10.1609/aimag.v38i2.2731,DOI:10.1007/s11023-018-9482-5,2
DOI:10.1609/aimag.v38i2.2731,DOI:10.1037/a0017103,2
DOI:10.1609/aimag.v38i2.2731,DOI:10.1098/rsta.2016.0122,2
DOI:10.1609/aimag.v38i2.2731,DOI:10.1098/rsta.2016.0360,2
DOI:10.1609/aimag.v38i2.2731,DOI:10.1177/2053951717743530,2
DOI:10.1609/aimag.v38i2.2731,DOI:10.2139/ssrn.3518482],2
DOI:10.1609/aimag.v38i2.2731,"ZENG Y., 2018, ARXIV",2
DOI:10.1609/aimag.v38i2.2731,"BORENSTEIN JASON, 2021, AI ETHICS, V1, P61, DOI [10.1007/S43681-020-00002-7, 10.1007/S43681-020-00002-7]",3
DOI:10.1609/aimag.v38i2.2731,DOI:10.1007/s00146-021-01168-2,2
DOI:10.1609/aimag.v38i2.2731,DOI:10.1145/3159450.3159573,2
DOI:10.1609/aimag.v38i2.2731,DOI:10.1145/3236024.3264833,2
DOI:10.1609/aimag.v38i2.2731,DOI:10.1145/3313831.3376727,2
DOI:10.1007/s00146-017-0768-6,"NATH R., 2009, PHILOSOPHY OF ARTIFICIAL INTELLIGENCE: A CRITIQUE OF THE MECHANISTIC THEORY OF MIND",2
DOI:10.1007/s00146-017-0768-6,"POWERS TM., 2009, PHILOS NOW MAGAZINE, V72, P15",2
DOI:10.1075/nlp.8.11bry,DOI:10.1007/s10676-004-3422-1,2
DOI:10.1075/nlp.8.11bry,DOI:10.1111/j.1468-5930.2007.00346.x,3
DOI:10.1075/nlp.8.11bry,"BUOLAMWINI JOY., 2018, C FAIRNESS ACCOUNTAB, V81, P1",2
DOI:10.1075/nlp.8.11bry,DOI:10.1007/s11023-018-9482-5,2
"NATH R., 2009, PHILOSOPHY OF ARTIFICIAL INTELLIGENCE: A CRITIQUE OF THE MECHANISTIC THEORY OF MIND","POWERS TM., 2009, PHILOS NOW MAGAZINE, V72, P15",2
DOI:10.5555/3002861],DOI:10.1002/hast.973,2
DOI:10.5555/3002861],DOI:10.1007/s43681-022-00209-w],2
DOI:10.5555/3002861],"COULDRY N, 2019, CULT ECON LIFE, P3",2
DOI:10.5555/3002861],DOI:10.2307/j.ctt1pwt9w5.11],2
DOI:10.5555/3002861],DOI:10.2307/j.ctv1ghv45t,2
DOI:10.5555/3002861],"EUBANKS VIRGINIA., 2018, AUTOMATING INEQUALITY: HOW HIGH-TECH TOOLS PROFILE, POLICE, AND PUNISH THE POOR",3
DOI:10.5555/3002861],DOI:10.1098/rsta.2016.0360,2
DOI:10.5555/3002861],DOI:10.1145/3351095.3372860,2
DOI:10.5555/3002861],DOI:10.2139/ssrn.3518482],3
DOI:10.5555/3002861],"EUBANKS V., 2018, AUTOMATING INEQUALITY: HOW HIGH-TECH TOOLS PROFILE, POLICE, AND PUNISH THE POOR",2
DOI:10.5555/3002861],DOI:10.1017/cbo9780511554476],2
DOI:10.5555/3002861],DOI:10.1126/science.aat5991,2
DOI:10.5555/3002861],DOI:10.1145/3236024.3264833,2
DOI:10.5555/3002861],DOI:10.22503/inftars.xx.2020.4.5,2
DOI:10.5555/3002861],DOI:10.1007/s11023-018-9482-5,5
DOI:10.5555/3002861],"BUOLAMWINI JOY., 2018, C FAIRNESS ACCOUNTAB, V81, P1",2
DOI:10.5555/3002861],DOI:10.1007/978-3-319-60648-4,2
DOI:10.5555/3002861],DOI:10.1073/pnas.1320040111,2
DOI:10.5555/3002861],DOI:10.1177/0162243915606523,3
DOI:10.5555/3002861],DOI:10.1177/2053951717743530,2
DOI:10.5555/3002861],"PARISER ELI., 2011, FILTER BUBBLE WHAT I",2
DOI:10.5555/3002861],DOI:10.1007/s11948-020-00213-5,2
DOI:10.5555/3002861],DOI:10.1126/science.1248506,2
DOI:10.5555/3002861],DOI:10.1177/2053951716679679,2
DOI:10.5555/3002861],DOI:10.1038/d41586-019-02939-0,2
DOI:10.5555/3002861],"ANGWIN J., 2016, PROPUBLICA",2
DOI:10.5555/3002861],"DASTIN JEREY., 2018, REUTERS",2
DOI:10.5555/3002861],DOI:10.1080/17530350.2019.1639068,2
DOI:10.5555/3002861],"[ANONYMOUS], 2019, ETHICS GUIDELINES FOR TRUSTWORTHY AL",2
DOI:10.1001/jama.2016.17216,DOI:10.1038/s41591-018-0300-7,2
DOI:10.1001/jama.2016.17216,DOI:10.1038/s41591-018-0307-0,2
DOI:10.1001/jama.2016.17216,DOI:10.1136/bjophthalmol-2018-313173,2
DOI:10.1001/jama.2016.17216,DOI:10.1145/2783258.2788613,2
DOI:10.1001/jama.2016.17216,DOI:10.1152/physiolgenomics.00119.2017,2
DOI:10.1001/jama.2016.17216,DOI:10.1016/j.jocn.2019.03.001,2
DOI:10.1001/jama.2018.20563,DOI:10.1001/jama.2019.21215,2
DOI:10.1001/jama.2019.15064,DOI:10.1001/jama.2019.18058,3
DOI:10.1001/jama.2019.15064,DOI:10.1001/jama.2019.21215,2
DOI:10.1001/jama.2019.15064,DOI:10.1016/s0035-9203(02)90265-8,2
DOI:10.1001/jama.2019.15064,DOI:10.1038/s41591-018-0272-7,2
DOI:10.1001/jama.2019.15064,DOI:10.1038/s41591-018-0300-7,2
DOI:10.1001/jama.2019.15064,DOI:10.1056/nejmp1714229,2
DOI:10.1001/jama.2019.15064,DOI:10.1136/bmjgh-2018-000798,2
DOI:10.1001/jama.2019.15064,DOI:10.1145/2783258.2788613,2
DOI:10.1001/jama.2019.15064,"SCHIFF DANIEL, 2019, AMA J ETHICS, V21, PE138, DOI [10.1001/AMAJETHICS.2019.138, 10.1001/AMAJETHICS.2019.138]",2
DOI:10.1001/jama.2019.15064,"WARTMAN STEVEN A, 2019, AMA J ETHICS, V21, PE146, DOI [10.1001/AMAJETHICS.2019.146, 10.1001/AMAJETHICS.2019.146]",3
DOI:10.1001/jama.2019.15064,DOI:10.1001/jama.2019.11365,2
DOI:10.1001/jama.2019.15064,DOI:10.1038/s41746-018-0061-1,2
DOI:10.1001/jama.2019.15064,"PARANJAPE KETAN, 2019, JMIR MED EDUC, V5, PE16048, DOI [10.2196/16048, 10.2196/16048]",2
DOI:10.1001/jama.2019.18058,DOI:10.1001/jama.2019.21215,2
DOI:10.1001/jama.2019.18058,DOI:10.1016/s0035-9203(02)90265-8,2
DOI:10.1001/jama.2019.18058,DOI:10.1038/s41591-018-0272-7,2
DOI:10.1001/jama.2019.18058,DOI:10.1038/s41591-018-0300-7,2
DOI:10.1001/jama.2019.18058,DOI:10.1056/nejmp1714229,2
DOI:10.1001/jama.2019.18058,DOI:10.1136/bmjgh-2018-000798,2
DOI:10.1001/jama.2019.18058,DOI:10.1145/2783258.2788613,2
DOI:10.1001/jama.2019.18058,"SCHIFF DANIEL, 2019, AMA J ETHICS, V21, PE138, DOI [10.1001/AMAJETHICS.2019.138, 10.1001/AMAJETHICS.2019.138]",2
DOI:10.1001/jama.2019.18058,"WARTMAN STEVEN A, 2019, AMA J ETHICS, V21, PE146, DOI [10.1001/AMAJETHICS.2019.146, 10.1001/AMAJETHICS.2019.146]",3
DOI:10.1001/jama.2019.18058,DOI:10.1007/s00330-018-5601-1,2
DOI:10.1001/jama.2019.18058,DOI:10.1007/s10459-021-10040-3,2
DOI:10.1001/jama.2019.18058,DOI:10.1038/s41746-018-0061-1,2
DOI:10.1001/jama.2019.18058,DOI:10.1038/s41746-020-0288-5,2
DOI:10.1001/jama.2019.18058,DOI:10.1038/s41746-020-0294-7,2
DOI:10.1001/jama.2019.18058,DOI:10.1097/acm.0000000000004291,2
DOI:10.1001/jama.2019.18058,DOI:10.1101/2021.01.14.21249830,2
DOI:10.1001/jama.2019.18058,DOI:10.1136/bmjqs-2018-008370,2
DOI:10.1001/jama.2019.18058,DOI:10.1136/svn-2017-000101,2
DOI:10.1001/jama.2019.18058,DOI:10.1145/33066183314289,2
DOI:10.1001/jama.2019.18058,DOI:10.1177/23821205211036836,2
DOI:10.1001/jama.2019.18058,DOI:10.1186/s12909-022-03852-3,2
DOI:10.1001/jama.2019.18058,DOI:10.1371/journal.pdig.0000198,2
DOI:10.1001/jama.2019.18058,DOI:10.2196/45312,2
DOI:10.1001/jama.2019.18058,DOI:10.2196/46885,2
DOI:10.1001/jama.2019.18058,DOI:10.2196/48163,2
DOI:10.1001/jama.2019.18058,DOI:10.3390/app12094130,2
DOI:10.1001/jama.2019.18058,DOI:10.4103/jfmpc.jfmpc_440_19,2
DOI:10.1001/jama.2019.18058,DOI:10.48550/arxiv.2109.02866],2
DOI:10.1001/jama.2019.18058,"HAMET P, 2017, METABOLISM, V69, PS36, DOI [10.26738/MJEM.2017/MJEM26.2018/PLH.CRE.041017, 10.1016/J.METABOL.2017.01.011]",2
DOI:10.1001/jama.2019.18058,"PARANJAPE KETAN, 2019, JMIR MED EDUC, V5, PE16048, DOI [10.2196/16048, 10.2196/16048]",2
DOI:10.1001/jama.2019.18058,"RUSSELL S., 2002, ARTIFICIAL INTELLIGENCE: A MODERN APPROACH",2
DOI:10.1001/jama.2019.21215,DOI:10.1016/s0035-9203(02)90265-8,2
DOI:10.1001/jama.2019.21215,DOI:10.1136/bmjgh-2018-000798,2
DOI:10.1001/jama.2019.21215,DOI:10.1145/2783258.2788613,2
DOI:10.1001/jama.2019.21215,"SCHIFF DANIEL, 2019, AMA J ETHICS, V21, PE138, DOI [10.1001/AMAJETHICS.2019.138, 10.1001/AMAJETHICS.2019.138]",2
DOI:10.1007/s00146-007-0093-6,"VLADECK DC, 2014, WASH LAW REV, V89, P116",2
DOI:10.1016/s0035-9203(02)90265-8,DOI:10.1136/bmjgh-2018-000798,2
DOI:10.1016/s0035-9203(02)90265-8,DOI:10.1145/2783258.2788613,2
DOI:10.1016/s0035-9203(02)90265-8,"SCHIFF DANIEL, 2019, AMA J ETHICS, V21, PE138, DOI [10.1001/AMAJETHICS.2019.138, 10.1001/AMAJETHICS.2019.138]",2
DOI:10.1038/s41591-018-0272-7,DOI:10.1038/s41591-018-0300-7,2
DOI:10.1038/s41591-018-0272-7,DOI:10.1038/s41591-018-0307-0,2
DOI:10.1038/s41591-018-0272-7,"WARTMAN STEVEN A, 2019, AMA J ETHICS, V21, PE146, DOI [10.1001/AMAJETHICS.2019.146, 10.1001/AMAJETHICS.2019.146]",3
DOI:10.1038/s41591-018-0272-7,DOI:10.1007/s00330-018-5601-1,2
DOI:10.1038/s41591-018-0272-7,DOI:10.1038/s41551-018-0305-z,2
DOI:10.1038/s41591-018-0272-7,DOI:10.1038/s41746-018-0061-1,3
DOI:10.1038/s41591-018-0272-7,DOI:10.1038/s41746-020-0288-5,2
DOI:10.1038/s41591-018-0272-7,DOI:10.1136/svn-2017-000101,2
DOI:10.1038/s41591-018-0272-7,"GERKE SARA, 2020, NPJ DIGITAL MEDICINE, V3, DOI [10.1038/S41746-020-0262-2, 10.1038/S41746-020-0306-7]",2
DOI:10.1038/s41591-018-0272-7,"COHEN IG, 2020, GEORGETOWN LAW J, V108, P1425",2
DOI:10.1038/s41591-018-0272-7,"PARANJAPE KETAN, 2019, JMIR MED EDUC, V5, PE16048, DOI [10.2196/16048, 10.2196/16048]",2
DOI:10.1038/s41591-018-0300-7,DOI:10.1038/s41591-018-0307-0,2
DOI:10.1038/s41591-018-0300-7,DOI:10.1056/nejmp1714229,3
DOI:10.1038/s41591-018-0300-7,DOI:10.1145/2783258.2788613,2
DOI:10.1038/s41591-018-0300-7,DOI:10.1152/physiolgenomics.00119.2017,2
DOI:10.1038/s41591-018-0300-7,"WARTMAN STEVEN A, 2019, AMA J ETHICS, V21, PE146, DOI [10.1001/AMAJETHICS.2019.146, 10.1001/AMAJETHICS.2019.146]",2
DOI:10.1038/s41591-018-0300-7,DOI:10.1007/s11023-018-9482-5,3
DOI:10.1038/s41591-018-0300-7,DOI:10.1016/j.socscimed.2020.113172,3
DOI:10.1038/s41591-018-0300-7,DOI:10.1007/s13347-019-00354-x,2
DOI:10.1038/s41591-018-0300-7,DOI:10.1136/medethics-2019-105586,3
DOI:10.1038/s41591-018-0300-7,"MULLER V.C., 2020, ETHICS OF ARTIFICIAL INTELLIGENCE AND ROBOTICS",2
DOI:10.1038/s41591-018-0300-7,"CHAN KAI SIANG, 2019, JMIR MED EDUC, V5, PE13930, DOI [10.2196/13930, 10.2196/13930]",2
DOI:10.1038/s41591-018-0300-7,DOI:10.1007/s00330-018-5601-1,3
DOI:10.1038/s41591-018-0300-7,DOI:10.1038/s41746-018-0061-1,2
DOI:10.1038/s41591-018-0300-7,DOI:10.1038/s41746-020-0288-5,2
DOI:10.1038/s41591-018-0300-7,DOI:10.1111/medu.14131,2
DOI:10.1038/s41591-018-0300-7,DOI:10.1136/svn-2017-000101,2
DOI:10.1038/s41591-018-0300-7,DOI:10.1186/s13244-019-0830-7,2
DOI:10.1038/s41591-018-0300-7,DOI:10.1007/s11948-019-00165-5,2
DOI:10.1038/s41591-018-0300-7,DOI:10.1016/j.neucom.2025.131942,3
DOI:10.1038/s41591-018-0300-7,DOI:10.2139/ssrn.3518482],2
DOI:10.1038/s41591-018-0300-7,"BUCHANAN CHRISTINE, 2021, JMIR NURS, V4, PE23933, DOI [10.2196/23933, 10.2196/23933]",2
DOI:10.1038/s41591-018-0300-7,DOI:10.1111/jan.14855,2
DOI:10.1038/s41591-018-0300-7,"MCGROW KATHLEEN, 2019, NURSING, V49, P46, DOI [10.1097/01.NURSE.0000577716.57052.8D, 10.1097/01.NURSE.0000577716.57052.8D]",2
DOI:10.1038/s41591-018-0307-0,DOI:10.1136/bjophthalmol-2018-313173,2
DOI:10.1038/s41591-018-0307-0,DOI:10.1136/leader-2018-000071,2
DOI:10.1038/s41591-018-0307-0,DOI:10.1136/svn-2017-000101,2
DOI:10.1056/nejmp1714229,"WARTMAN STEVEN A, 2019, AMA J ETHICS, V21, PE146, DOI [10.1001/AMAJETHICS.2019.146, 10.1001/AMAJETHICS.2019.146]",2
DOI:10.1056/nejmp1714229,"RUSSELL S., 2002, ARTIFICIAL INTELLIGENCE: A MODERN APPROACH",2
DOI:10.1109/jproc.2019.2900622,DOI:10.1007/s11948-019-00165-5,3
DOI:10.1109/jproc.2019.2900622,DOI:10.2139/ssrn.3518482],2
DOI:10.1109/jproc.2019.2900622,DOI:10.1007/s43681-020-00011-6],2
DOI:10.1136/bjophthalmol-2018-313173,DOI:10.1136/bmjgh-2018-000798,2
DOI:10.1136/bjophthalmol-2018-313173,DOI:10.1007/s11192-009-0146-3,2
DOI:10.1136/bmjgh-2018-000798,DOI:10.1145/2783258.2788613,2
DOI:10.1136/bmjgh-2018-000798,"SCHIFF DANIEL, 2019, AMA J ETHICS, V21, PE138, DOI [10.1001/AMAJETHICS.2019.138, 10.1001/AMAJETHICS.2019.138]",2
DOI:10.1136/bmjgh-2018-000798,"CHEN IRENE Y, 2019, AMA J ETHICS, V21, PE167, DOI [10.1001/AMAJETHICS.2019.167, 10.1001/AMAJETHICS.2019.167]",2
DOI:10.1136/bmjgh-2018-000798,DOI:10.1093/jamia/ocaa094,2
DOI:10.1145/2783258.2788613,DOI:10.1152/physiolgenomics.00119.2017,2
DOI:10.1145/2783258.2788613,"SCHIFF DANIEL, 2019, AMA J ETHICS, V21, PE138, DOI [10.1001/AMAJETHICS.2019.138, 10.1001/AMAJETHICS.2019.138]",2
DOI:10.1145/2783258.2788613,DOI:10.1002/hast.973,2
DOI:10.1145/2783258.2788613,DOI:10.1007/s11023-018-9482-5,2
"WARTMAN STEVEN A, 2019, AMA J ETHICS, V21, PE146, DOI [10.1001/AMAJETHICS.2019.146, 10.1001/AMAJETHICS.2019.146]","COHEN IG, 2020, GEORGETOWN LAW J, V108, P1425",2
"WARTMAN STEVEN A, 2019, AMA J ETHICS, V21, PE146, DOI [10.1001/AMAJETHICS.2019.146, 10.1001/AMAJETHICS.2019.146]",DOI:10.1038/s41746-018-0061-1,3
"WARTMAN STEVEN A, 2019, AMA J ETHICS, V21, PE146, DOI [10.1001/AMAJETHICS.2019.146, 10.1001/AMAJETHICS.2019.146]","PARANJAPE KETAN, 2019, JMIR MED EDUC, V5, PE16048, DOI [10.2196/16048, 10.2196/16048]",3
"WARTMAN STEVEN A, 2019, AMA J ETHICS, V21, PE146, DOI [10.1001/AMAJETHICS.2019.146, 10.1001/AMAJETHICS.2019.146]",DOI:10.1007/s00330-018-5601-1,2
"WARTMAN STEVEN A, 2019, AMA J ETHICS, V21, PE146, DOI [10.1001/AMAJETHICS.2019.146, 10.1001/AMAJETHICS.2019.146]",DOI:10.1007/s10459-021-10040-3,2
"WARTMAN STEVEN A, 2019, AMA J ETHICS, V21, PE146, DOI [10.1001/AMAJETHICS.2019.146, 10.1001/AMAJETHICS.2019.146]",DOI:10.1038/s41746-020-0288-5,2
"WARTMAN STEVEN A, 2019, AMA J ETHICS, V21, PE146, DOI [10.1001/AMAJETHICS.2019.146, 10.1001/AMAJETHICS.2019.146]",DOI:10.1038/s41746-020-0294-7,2
"WARTMAN STEVEN A, 2019, AMA J ETHICS, V21, PE146, DOI [10.1001/AMAJETHICS.2019.146, 10.1001/AMAJETHICS.2019.146]",DOI:10.1097/acm.0000000000004291,2
"WARTMAN STEVEN A, 2019, AMA J ETHICS, V21, PE146, DOI [10.1001/AMAJETHICS.2019.146, 10.1001/AMAJETHICS.2019.146]",DOI:10.1101/2021.01.14.21249830,2
"WARTMAN STEVEN A, 2019, AMA J ETHICS, V21, PE146, DOI [10.1001/AMAJETHICS.2019.146, 10.1001/AMAJETHICS.2019.146]",DOI:10.1136/bmjqs-2018-008370,2
"WARTMAN STEVEN A, 2019, AMA J ETHICS, V21, PE146, DOI [10.1001/AMAJETHICS.2019.146, 10.1001/AMAJETHICS.2019.146]",DOI:10.1136/svn-2017-000101,2
"WARTMAN STEVEN A, 2019, AMA J ETHICS, V21, PE146, DOI [10.1001/AMAJETHICS.2019.146, 10.1001/AMAJETHICS.2019.146]",DOI:10.1145/33066183314289,2
"WARTMAN STEVEN A, 2019, AMA J ETHICS, V21, PE146, DOI [10.1001/AMAJETHICS.2019.146, 10.1001/AMAJETHICS.2019.146]",DOI:10.1177/23821205211036836,2
"WARTMAN STEVEN A, 2019, AMA J ETHICS, V21, PE146, DOI [10.1001/AMAJETHICS.2019.146, 10.1001/AMAJETHICS.2019.146]",DOI:10.1186/s12909-022-03852-3,2
"WARTMAN STEVEN A, 2019, AMA J ETHICS, V21, PE146, DOI [10.1001/AMAJETHICS.2019.146, 10.1001/AMAJETHICS.2019.146]",DOI:10.1371/journal.pdig.0000198,2
"WARTMAN STEVEN A, 2019, AMA J ETHICS, V21, PE146, DOI [10.1001/AMAJETHICS.2019.146, 10.1001/AMAJETHICS.2019.146]",DOI:10.2196/45312,2
"WARTMAN STEVEN A, 2019, AMA J ETHICS, V21, PE146, DOI [10.1001/AMAJETHICS.2019.146, 10.1001/AMAJETHICS.2019.146]",DOI:10.2196/46885,2
"WARTMAN STEVEN A, 2019, AMA J ETHICS, V21, PE146, DOI [10.1001/AMAJETHICS.2019.146, 10.1001/AMAJETHICS.2019.146]",DOI:10.2196/48163,2
"WARTMAN STEVEN A, 2019, AMA J ETHICS, V21, PE146, DOI [10.1001/AMAJETHICS.2019.146, 10.1001/AMAJETHICS.2019.146]",DOI:10.3390/app12094130,2
"WARTMAN STEVEN A, 2019, AMA J ETHICS, V21, PE146, DOI [10.1001/AMAJETHICS.2019.146, 10.1001/AMAJETHICS.2019.146]",DOI:10.4103/jfmpc.jfmpc_440_19,2
"WARTMAN STEVEN A, 2019, AMA J ETHICS, V21, PE146, DOI [10.1001/AMAJETHICS.2019.146, 10.1001/AMAJETHICS.2019.146]",DOI:10.48550/arxiv.2109.02866],2
"WARTMAN STEVEN A, 2019, AMA J ETHICS, V21, PE146, DOI [10.1001/AMAJETHICS.2019.146, 10.1001/AMAJETHICS.2019.146]","HAMET P, 2017, METABOLISM, V69, PS36, DOI [10.26738/MJEM.2017/MJEM26.2018/PLH.CRE.041017, 10.1016/J.METABOL.2017.01.011]",2
"WARTMAN STEVEN A, 2019, AMA J ETHICS, V21, PE146, DOI [10.1001/AMAJETHICS.2019.146, 10.1001/AMAJETHICS.2019.146]","RUSSELL S., 2002, ARTIFICIAL INTELLIGENCE: A MODERN APPROACH",2
"ASIMOV ISAAC., 2004, I ROBOT",DOI:10.1007/s11023-018-9482-5,2
DOI:10.1007/s00146-007-0099-0,DOI:10.1109/mis.2006.77,2
DOI:10.1007/s10676-006-9111-5,DOI:10.1109/mis.2006.77,2
DOI:10.1007/s10676-006-9111-5,"SULLINS JP, 2006, INT REV INF ETHICS, V6, P23",2
DOI:10.1109/mis.2006.77,"SULLINS JP, 2006, INT REV INF ETHICS, V6, P23",2
DOI:10.1109/mis.2006.77,DOI:10.1007/s10676-004-3422-1,2
DOI:10.1007/s11023-019-09502-w,DOI:10.1177/2053951715622512,2
DOI:10.1016/j.artint.2018.07.007,DOI:10.1038/s42256-019-0048-x,2
DOI:10.1016/j.artmed.2021.102158,DOI:10.1038/s42256-019-0048-x,2
DOI:10.1016/j.artmed.2021.102158,"DURÁN JM, 2021, J MED ETHICS, V47, P329, DOI [10.1136/MEDETHICS-2020-106820, 10.1136/MEDETHICS-2021-107531]",2
DOI:10.1038/d41586-018-05707-8,DOI:10.1136/medethics-2019-105586,2
DOI:10.1038/d41586-018-05707-8,DOI:10.1177/2053951715622512,2
DOI:10.1038/d41586-018-05707-8,DOI:10.1177/2053951716679679,2
DOI:10.1038/d41586-018-05707-8,DOI:10.1007/s00146-020-01010-1,2
DOI:10.1038/d41586-018-05707-8,DOI:10.1007/s11023-018-9482-5,3
DOI:10.1038/d41586-018-05707-8,DOI:10.1007/s11948-019-00165-5,2
DOI:10.1038/d41586-018-05707-8,DOI:10.1038/d41586-019-01413-1,2
DOI:10.1038/d41586-018-05707-8,DOI:10.1177/2053951717743530,2
DOI:10.1038/d41586-018-05707-8,DOI:10.1098/rsta.2018.0085,2
DOI:10.1038/d41586-018-05707-8,DOI:10.1145/33066183314289,2
DOI:10.1038/s42256-019-0048-x,DOI:10.1093/jcr/ucz013,2
DOI:10.1038/s42256-019-0048-x,DOI:10.1177/2053951715622512,2
DOI:10.1038/s42256-019-0048-x,DOI:10.1177/2053951716679679,2
DOI:10.1038/s42256-019-0048-x,"DURÁN JM, 2021, J MED ETHICS, V47, P329, DOI [10.1136/MEDETHICS-2020-106820, 10.1136/MEDETHICS-2021-107531]",2
DOI:10.1038/s42256-019-0048-x,DOI:10.1002/hast.973,3
DOI:10.1038/s42256-019-0048-x,DOI:10.1007/s11023-018-9482-5,3
DOI:10.1038/s42256-019-0048-x,DOI:10.1186/s12911-020-01332-6,2
DOI:10.1038/s42256-019-0048-x,DOI:10.1007/s13347-022-00550-2,2
DOI:10.1038/s42256-019-0048-x,DOI:10.1007/s43681-022-00152-w,2
DOI:10.1038/s42256-019-0048-x,DOI:10.1145/3233231,2
DOI:10.1038/s42256-019-0048-x,DOI:10.7413/1827-5834014,2
DOI:10.1038/s42256-019-0048-x,"CORBETT-DAVIES S, 2023, J MACH LEARN RES, V24, P1",2
DOI:10.1038/s42256-019-0048-x,DOI:10.1007/s00146-021-01294-x,2
DOI:10.1038/s42256-019-0048-x,DOI:10.1145/3097983.3098095,2
DOI:10.1038/s42256-019-0048-x,DOI:10.1145/3278721.3278779,2
DOI:10.1038/s42256-019-0048-x,DOI:10.1145/3287560.3287589,2
DOI:10.1038/s42256-019-0048-x,DOI:10.1145/3494672,2
DOI:10.1038/s42256-019-0048-x,DOI:10.23919/mipro.2018.8400040,2
DOI:10.1038/s42256-019-0048-x,DOI:10.3390/bdcc7010015,2
DOI:10.1038/s42256-019-0048-x,DOI:10.48550/arxiv.2303.16626,2
DOI:10.1038/s42256-019-0048-x,"LUNDBERG SM, 2017, ADV NEUR IN, V30",2
DOI:10.1038/s42256-019-0048-x,"SUNDARARAJAN M., 2020, [NO TITLE CAPTURED], P9269",2
DOI:10.1038/s42256-019-0048-x,DOI:10.1111/j.1471-1842.2009.00848.x,2
DOI:10.1038/s42256-019-0048-x,DOI:10.1145/3287560.3287596,2
DOI:10.1038/s42256-019-0048-x,DOI:10.1145/3306618.3314248,2
DOI:10.1136/bmj.l886,DOI:10.1136/svn-2017-000101,2
DOI:10.1136/bmjqs-2018-008370,DOI:10.1136/svn-2017-000101,3
DOI:10.1136/bmjqs-2018-008370,DOI:10.1007/s00330-018-5601-1,2
DOI:10.1136/bmjqs-2018-008370,DOI:10.1007/s10459-021-10040-3,2
DOI:10.1136/bmjqs-2018-008370,DOI:10.1038/s41746-018-0061-1,2
DOI:10.1136/bmjqs-2018-008370,DOI:10.1038/s41746-020-0288-5,2
DOI:10.1136/bmjqs-2018-008370,DOI:10.1038/s41746-020-0294-7,2
DOI:10.1136/bmjqs-2018-008370,DOI:10.1097/acm.0000000000004291,2
DOI:10.1136/bmjqs-2018-008370,DOI:10.1101/2021.01.14.21249830,2
DOI:10.1136/bmjqs-2018-008370,DOI:10.1145/33066183314289,2
DOI:10.1136/bmjqs-2018-008370,DOI:10.1177/23821205211036836,2
DOI:10.1136/bmjqs-2018-008370,DOI:10.1186/s12909-022-03852-3,2
DOI:10.1136/bmjqs-2018-008370,DOI:10.1371/journal.pdig.0000198,2
DOI:10.1136/bmjqs-2018-008370,DOI:10.2196/45312,2
DOI:10.1136/bmjqs-2018-008370,DOI:10.2196/46885,2
DOI:10.1136/bmjqs-2018-008370,DOI:10.2196/48163,2
DOI:10.1136/bmjqs-2018-008370,DOI:10.3390/app12094130,2
DOI:10.1136/bmjqs-2018-008370,DOI:10.4103/jfmpc.jfmpc_440_19,2
DOI:10.1136/bmjqs-2018-008370,DOI:10.48550/arxiv.2109.02866],2
DOI:10.1136/bmjqs-2018-008370,"HAMET P, 2017, METABOLISM, V69, PS36, DOI [10.26738/MJEM.2017/MJEM26.2018/PLH.CRE.041017, 10.1016/J.METABOL.2017.01.011]",2
DOI:10.1136/bmjqs-2018-008370,"PARANJAPE KETAN, 2019, JMIR MED EDUC, V5, PE16048, DOI [10.2196/16048, 10.2196/16048]",2
DOI:10.1136/bmjqs-2018-008370,"RUSSELL S., 2002, ARTIFICIAL INTELLIGENCE: A MODERN APPROACH",2
DOI:10.1136/medethics-2019-105586,DOI:10.1145/2939672.2939778,2
DOI:10.1136/medethics-2019-105586,DOI:10.1177/2053951715622512,2
DOI:10.1136/medethics-2019-105586,DOI:10.1177/2053951716679679,2
DOI:10.1136/medethics-2019-105586,DOI:10.1007/s13347-019-00354-x,2
DOI:10.1136/medethics-2019-105586,DOI:10.1093/jamia/ocaa268,2
DOI:10.1136/medethics-2019-105586,"IENCA MARCELLO, 2020, AJOB NEUROSCI, V11, P77, DOI [10.1080/21507740.2020.1740352, 10.1080/21507740.2020.1740352]",2
DOI:10.1136/medethics-2019-105586,"MULLER V.C., 2020, ETHICS OF ARTIFICIAL INTELLIGENCE AND ROBOTICS",2
DOI:10.1136/medethics-2019-105586,DOI:10.1007/s11023-018-9482-5,3
DOI:10.1136/medethics-2019-105586,DOI:10.1007/s11948-019-00165-5,3
DOI:10.1136/svn-2017-000101,"CHAN KAI SIANG, 2019, JMIR MED EDUC, V5, PE13930, DOI [10.2196/13930, 10.2196/13930]",2
DOI:10.1136/svn-2017-000101,DOI:10.1007/s00330-018-5601-1,3
DOI:10.1136/svn-2017-000101,DOI:10.1038/s41746-018-0061-1,3
DOI:10.1136/svn-2017-000101,DOI:10.1038/s41746-020-0288-5,3
DOI:10.1136/svn-2017-000101,DOI:10.1111/medu.14131,2
DOI:10.1136/svn-2017-000101,DOI:10.1007/s10459-021-10040-3,2
DOI:10.1136/svn-2017-000101,DOI:10.1038/s41746-020-0294-7,2
DOI:10.1136/svn-2017-000101,DOI:10.1097/acm.0000000000004291,2
DOI:10.1136/svn-2017-000101,DOI:10.1101/2021.01.14.21249830,2
DOI:10.1136/svn-2017-000101,DOI:10.1145/33066183314289,2
DOI:10.1136/svn-2017-000101,DOI:10.1177/23821205211036836,2
DOI:10.1136/svn-2017-000101,DOI:10.1186/s12909-022-03852-3,2
DOI:10.1136/svn-2017-000101,DOI:10.1371/journal.pdig.0000198,2
DOI:10.1136/svn-2017-000101,DOI:10.2196/45312,2
DOI:10.1136/svn-2017-000101,DOI:10.2196/46885,2
DOI:10.1136/svn-2017-000101,DOI:10.2196/48163,2
DOI:10.1136/svn-2017-000101,DOI:10.3390/app12094130,2
DOI:10.1136/svn-2017-000101,DOI:10.4103/jfmpc.jfmpc_440_19,2
DOI:10.1136/svn-2017-000101,DOI:10.48550/arxiv.2109.02866],2
DOI:10.1136/svn-2017-000101,"HAMET P, 2017, METABOLISM, V69, PS36, DOI [10.26738/MJEM.2017/MJEM26.2018/PLH.CRE.041017, 10.1016/J.METABOL.2017.01.011]",2
DOI:10.1136/svn-2017-000101,"PARANJAPE KETAN, 2019, JMIR MED EDUC, V5, PE16048, DOI [10.2196/16048, 10.2196/16048]",2
DOI:10.1136/svn-2017-000101,"RUSSELL S., 2002, ARTIFICIAL INTELLIGENCE: A MODERN APPROACH",2
DOI:10.1145/2939672.2939778,DOI:10.1177/2053951715622512,2
DOI:10.1177/2053951715622512,DOI:10.1177/2053951716679679,5
DOI:10.1177/2053951715622512,DOI:10.1002/hast.973,3
DOI:10.1177/2053951715622512,DOI:10.1007/s00481-023-00761-x,2
DOI:10.1177/2053951715622512,DOI:10.1007/s11023-018-9482-5,7
DOI:10.1177/2053951715622512,DOI:10.1007/s11948-019-00165-5,2
DOI:10.1177/2053951715622512,DOI:10.1111/bioe.12918,2
DOI:10.1177/2053951715622512,DOI:10.1145/3233231,2
DOI:10.1177/2053951715622512,DOI:10.1007/s13347-017-0263-5],4
DOI:10.1177/2053951715622512,DOI:10.1007/s00146-017-0734-3,2
DOI:10.1177/2053951715622512,DOI:10.1007/s11023-008-9113-7,2
DOI:10.1177/2053951715622512,DOI:10.1080/1369118x.2012.678878,2
DOI:10.1177/2053951715622512,DOI:10.1098/rsta.2018.0084,2
DOI:10.1177/2053951715622512,DOI:10.1145/3097983.3098095,2
DOI:10.1177/2053951715622512,DOI:10.1145/3287560.3287596,2
DOI:10.1177/2053951715622512,DOI:10.1177/1461444816676645,3
DOI:10.1177/2053951715622512,DOI:10.1098/rsta.2018.0080,2
DOI:10.1177/2053951715622512,DOI:10.1145/3173574.3173951,2
DOI:10.1177/2053951715622512,DOI:10.1016/j.clsr.2019.04.007,2
DOI:10.1177/2053951715622512,DOI:10.1016/j.jbusres.2022.01.083,2
DOI:10.1177/2053951715622512,DOI:10.1098/rsta.2018.0081,2
DOI:10.1177/2053951715622512,DOI:10.1145/3287560.3287574,2
DOI:10.1177/2053951715622512,DOI:10.1007/s10676-009-9187-9,2
DOI:10.1177/2053951715622512,DOI:10.1093/idpl/ipx005,2
DOI:10.1177/2053951715622512,DOI:10.1177/0008125619864925,2
DOI:10.1177/2053951715622512,DOI:10.15779/z38bg31,2
DOI:10.1177/2053951716679679,"ANDERSON M, 2007, AI MAG, V28, P15",2
DOI:10.1177/2053951716679679,"BEAUCHAMP T. L., 2019, PRINCIPLES OF BIOMEDICAL ETHICS, V8TH",2
DOI:10.1177/2053951716679679,DOI:10.1007/s10551-018-3921-3,2
DOI:10.1177/2053951716679679,DOI:10.1007/s10676-019-09502-5,3
DOI:10.1177/2053951716679679,DOI:10.1007/s11023-018-9482-5,7
DOI:10.1177/2053951716679679,DOI:10.1007/s11948-019-00165-5,3
DOI:10.1177/2053951716679679,DOI:10.1007/s13347-019-00354-x,3
DOI:10.1177/2053951716679679,DOI:10.1016/j.neucom.2025.131942,3
DOI:10.1177/2053951716679679,DOI:10.1080/03637751.2017.1375130,3
DOI:10.1177/2053951716679679,DOI:10.1080/1369118x.2012.678878,2
DOI:10.1177/2053951716679679,DOI:10.1093/idpl/ipx005,3
DOI:10.1177/2053951716679679,DOI:10.1098/rsta.2016.0112,2
DOI:10.1177/2053951716679679,DOI:10.1098/rsta.2016.0122,2
DOI:10.1177/2053951716679679,DOI:10.1098/rsta.2016.0360,4
DOI:10.1177/2053951716679679,DOI:10.1177/2053951714559253,2
DOI:10.1177/2053951716679679,DOI:10.1177/2053951717743530,3
DOI:10.1177/2053951716679679,DOI:10.1177/2053951719858114,2
DOI:10.1177/2053951716679679,DOI:10.15779/z38bg31,3
DOI:10.1177/2053951716679679,DOI:10.2139/ssrn.3518482],5
DOI:10.1177/2053951716679679,"MINGERS J, 2010, MIS QUART, V34, P833",2
DOI:10.1177/2053951716679679,"MULLER V.C., 2020, ETHICS OF ARTIFICIAL INTELLIGENCE AND ROBOTICS",2
DOI:10.1177/2053951716679679,DOI:10.1007/s10676-004-3422-1,2
DOI:10.1177/2053951716679679,"GREENE D, 2019, PROCEEDINGS OF THE 52ND ANNUAL HAWAII INTERNATIONAL CONFERENCE ON SYSTEM SCIENCES, P2122",3
DOI:10.1177/2053951716679679,DOI:10.1145/3287560.3287596,2
DOI:10.1177/2053951716679679,"FOUNTAIN T, 2019, HARVARD BUS REV, V97, P62",2
DOI:10.1177/2053951716679679,DOI:10.1007/s00146-021-01154-8,2
DOI:10.1177/2053951716679679,DOI:10.1007/s10551-022-05050-z,2
DOI:10.1177/2053951716679679,DOI:10.1098/rsta.2018.0084,2
DOI:10.1177/2053951716679679,DOI:10.4018/ijt.20210101.oa2,2
DOI:10.1177/2053951716679679,"WHITTLESTONE J., 2019, ETHICAL AND SOCIETAL IMPLICATIONS OF ALGORITHMS, DATA, AND ARTIFICIAL INTELLIGENCE: A ROADMAP FOR RESEARCH",2
DOI:10.1177/2053951716679679,DOI:10.1007/s10676-018-9452-x,2
DOI:10.1177/2053951716679679,DOI:10.1016/j.patter.2021.100205,2
DOI:10.1177/2053951716679679,DOI:10.14763/2019.2.1410,2
DOI:10.1177/2053951716679679,DOI:10.1098/rsta.2018.0081,2
DOI:10.1177/2053951716679679,DOI:10.1126/science.aat5991,2
DOI:10.1177/2053951716679679,DOI:10.54808/jsci.21.04.42],2
DOI:10.1177/2053951716679679,"HUANG CHANGWU, 2023, IEEE TRANSACTIONS ON ARTIFICIAL INTELLIGENCE, P799, DOI [10.1109/TAI.2022.3194503, 10.1109/TAI.2022.3194503]",3
DOI:10.1177/2053951716679679,DOI:10.1177/0008125619864925,3
DOI:10.1177/2053951716679679,DOI:10.1109/msp.2018.2701164,2
DOI:10.1177/2053951716679679,"GIUFFRIDA I, 2019, FORDHAM LAW REV, V88, P439",2
DOI:10.1177/2053951716679679,DOI:10.1007/s10676-009-9187-9,2
DOI:10.1177/2053951716679679,DOI:10.1007/s13347-017-0263-5],2
DOI:10.1177/2053951716679679,DOI:10.1177/1461444816676645,2
DOI:10.1177/2053951716679679,DOI:10.1007/s11948-017-9901-7,2
DOI:10.1177/2053951716679679,DOI:10.1371/journal.pmed.1002689,2
DOI:10.1177/2053951716679679,DOI:10.1016/j.nbt.2024.12.003,2
DOI:10.1016/j.breast.2019.10.001,DOI:10.1016/j.socscimed.2020.113172,3
DOI:10.1016/j.breast.2019.10.001,"SHREVE JACOB T, 2022, AM SOC CLIN ONCOL EDUC BOOK, V42, P1, DOI [10.1200/EDBK_350652, 10.1200/EDBK_350652]",2
DOI:10.1016/j.breast.2019.10.001,DOI:10.1007/s11023-018-9482-5,2
DOI:10.1016/j.ijmedinf.2022.104738,DOI:10.1016/j.neucom.2025.131942,2
DOI:10.1016/j.ijmedinf.2022.104738,DOI:10.1016/j.socscimed.2020.113172,2
DOI:10.1016/j.neucom.2025.131942,DOI:10.1016/j.socscimed.2020.113172,2
DOI:10.1016/j.neucom.2025.131942,"BELLAMY R.K.E., 2018, CORR ABS/1810.01943",2
DOI:10.1016/j.neucom.2025.131942,DOI:10.1007/s11023-018-9482-5,3
DOI:10.1016/j.neucom.2025.131942,DOI:10.1007/s11948-019-00165-5,2
DOI:10.1016/j.neucom.2025.131942,DOI:10.2139/ssrn.3518482],3
DOI:10.1016/j.neucom.2025.131942,DOI:10.1145/33066183314289,2
DOI:10.1016/j.socscimed.2020.113172,"SHREVE JACOB T, 2022, AM SOC CLIN ONCOL EDUC BOOK, V42, P1, DOI [10.1200/EDBK_350652, 10.1200/EDBK_350652]",2
DOI:10.1016/j.socscimed.2020.113172,DOI:10.1002/hast.973,2
DOI:10.1016/j.socscimed.2020.113172,DOI:10.1007/s11023-018-9482-5,4
DOI:10.1016/j.socscimed.2020.113172,DOI:10.1111/bioe.12887,2
DOI:10.1016/j.socscimed.2020.113172,DOI:10.2196/13216,3
DOI:10.1016/j.socscimed.2020.113172,DOI:10.1007/s43681-021-00131-7],2
DOI:10.1016/j.socscimed.2020.113172,DOI:10.1097/md.0000000000036671,2
DOI:10.1016/j.socscimed.2020.113172,DOI:10.1007/s11948-019-00165-5,2
DOI:10.1016/j.socscimed.2020.113172,DOI:10.1016/j.jbusres.2020.11.030,2
DOI:10.1016/j.socscimed.2020.113172,DOI:10.1016/j.robot.2016.08.018,2
DOI:10.1016/j.socscimed.2020.113172,DOI:10.1108/jices-12-2019-0138,3
DOI:10.1016/j.socscimed.2020.113172,DOI:10.1145/242485.242493],2
DOI:10.1016/j.socscimed.2020.113172,DOI:10.1007/s00146-018-0871-3,2
DOI:10.1007/s00146-022-01598-6,DOI:10.1007/s10956-023-10039-y,2
DOI:10.1007/s10956-023-10039-y,DOI:10.1177/10776958221149577],2
DOI:10.1007/s10956-023-10039-y,DOI:10.30191/ets.202301_26(1).0002,2
DOI:10.1007/s10956-023-10039-y,DOI:10.1007/s40593-021-00239-1,2
DOI:10.1007/s10956-023-10039-y,DOI:10.1016/j.compedu.2023.104813,2
DOI:10.1007/s11245-022-09874-2,DOI:10.1177/01634437221099612,2
DOI:10.22215/timreview/1282,DOI:10.1007/s11948-019-00165-5,2
DOI:10.1002/hast.973,DOI:10.1007/s11023-018-9482-5,5
DOI:10.1002/hast.973,DOI:10.1111/bioe.12887,2
DOI:10.1002/hast.973,"COHEN IG, 2020, GEORGETOWN LAW J, V108, P1425",2
DOI:10.1002/hast.973,DOI:10.1007/s13347-022-00550-2,3
DOI:10.1002/hast.973,DOI:10.1007/s43681-022-00152-w,2
DOI:10.1002/hast.973,DOI:10.1007/s43681-022-00209-w],2
DOI:10.1002/hast.973,DOI:10.1145/3233231,4
DOI:10.1002/hast.973,DOI:10.1007/s11023-021-09570-x,2
DOI:10.1002/hast.973,DOI:10.1111/jopp.12262,2
DOI:10.1007/s11023-018-9482-5,DOI:10.1111/bioe.12887,2
DOI:10.1007/s11023-018-9482-5,DOI:10.1136/amiajnl-2011-000089,2
DOI:10.1007/s11023-018-9482-5,DOI:10.1145/3442188.3445923,2
DOI:10.1007/s11023-018-9482-5,DOI:10.1007/s00481-023-00761-x,2
DOI:10.1007/s11023-018-9482-5,DOI:10.1007/s10676-020-09534-2,2
DOI:10.1007/s11023-018-9482-5,DOI:10.1007/s11948-019-00165-5,21
DOI:10.1007/s11023-018-9482-5,DOI:10.1007/s13347-022-00538-y],3
DOI:10.1007/s11023-018-9482-5,DOI:10.1111/bioe.12918,2
DOI:10.1007/s11023-018-9482-5,DOI:10.1145/3233231,3
DOI:10.1007/s11023-018-9482-5,DOI:10.1007/s00146-022-01455-6,3
DOI:10.1007/s11023-018-9482-5,DOI:10.1007/s13347-019-00354-x,9
DOI:10.1007/s11023-018-9482-5,DOI:10.1145/3236024.3264833,7
DOI:10.1007/s11023-018-9482-5,"MULLER V.C., 2020, ETHICS OF ARTIFICIAL INTELLIGENCE AND ROBOTICS",3
DOI:10.1007/s11023-018-9482-5,"[ANONYMOUS], 2018, GOOGLE",3
DOI:10.1007/s11023-018-9482-5,DOI:10.1016/j.jbusres.2020.11.030,2
DOI:10.1007/s11023-018-9482-5,DOI:10.1017/s0033291720001683,2
DOI:10.1007/s11023-018-9482-5,DOI:10.1038/551159a,2
DOI:10.1007/s11023-018-9482-5,DOI:10.1177/1023263x20981566],2
DOI:10.1007/s11023-018-9482-5,DOI:10.14324/lre.19.1.01,2
DOI:10.1007/s11023-018-9482-5,DOI:10.2196/13216,2
DOI:10.1007/s11023-018-9482-5,"BODDINGTON P., 2017, CODE ETHICS ARTIFICI",2
DOI:10.1007/s11023-018-9482-5,DOI:10.1038/s42256-021-00298-y,2
DOI:10.1007/s11023-018-9482-5,DOI:10.1098/rsta.2016.0112,4
DOI:10.1007/s11023-018-9482-5,DOI:10.1145/3430368,3
DOI:10.1007/s11023-018-9482-5,"[ANONYMOUS], 2017, THE IEEE GLOBAL INITIATIVE ON ETHICS OF AUTONOMOUS AND INTELLIGENT SYSTEMS",2
DOI:10.1007/s11023-018-9482-5,"[ANONYMOUS], 2018, ACM CODE OF ETHICS AND PROFESSIONAL CONDUCT",2
DOI:10.1007/s11023-018-9482-5,"ANDERSON M, 2007, AI MAG, V28, P15",2
DOI:10.1007/s11023-018-9482-5,"BEAUCHAMP T. L., 2019, PRINCIPLES OF BIOMEDICAL ETHICS, V8TH",2
DOI:10.1007/s11023-018-9482-5,"BELLAMY R.K.E., 2018, CORR ABS/1810.01943",2
DOI:10.1007/s11023-018-9482-5,DOI:10.1007/s10551-018-3921-3,3
DOI:10.1007/s11023-018-9482-5,DOI:10.1007/s10676-019-09502-5,2
DOI:10.1007/s11023-018-9482-5,DOI:10.1007/s11948-019-00151-x,2
DOI:10.1007/s11023-018-9482-5,DOI:10.1037/a0017103,2
DOI:10.1007/s11023-018-9482-5,DOI:10.1038/d41586-019-01413-1,2
DOI:10.1007/s11023-018-9482-5,DOI:10.1038/d41586-021-01812-3,2
DOI:10.1007/s11023-018-9482-5,DOI:10.1080/03637751.2017.1375130,2
DOI:10.1007/s11023-018-9482-5,DOI:10.1080/1369118x.2012.678878,3
DOI:10.1007/s11023-018-9482-5,DOI:10.1093/idpl/ipx005,3
DOI:10.1007/s11023-018-9482-5,DOI:10.1098/rsta.2016.0122,2
DOI:10.1007/s11023-018-9482-5,DOI:10.1098/rsta.2016.0360,4
DOI:10.1007/s11023-018-9482-5,DOI:10.1109/mis.2006.80,3
DOI:10.1007/s11023-018-9482-5,DOI:10.1109/mis.2006.83,3
DOI:10.1007/s11023-018-9482-5,DOI:10.1111/j.1467-9973.1985.tb00173.x,2
DOI:10.1007/s11023-018-9482-5,DOI:10.1177/2053951717743530,5
DOI:10.1007/s11023-018-9482-5,DOI:10.15779/z38bg31,3
DOI:10.1007/s11023-018-9482-5,DOI:10.2139/ssrn.3518482],10
DOI:10.1007/s11023-018-9482-5,DOI:10.5281/zenodo.3240529,2
DOI:10.1007/s11023-018-9482-5,"MINGERS J, 2010, MIS QUART, V34, P833",3
DOI:10.1007/s11023-018-9482-5,"BORENSTEIN JASON, 2021, AI ETHICS, V1, P61, DOI [10.1007/S43681-020-00002-7, 10.1007/S43681-020-00002-7]",5
DOI:10.1007/s11023-018-9482-5,DOI:10.1007/s13347-022-00553-z],4
DOI:10.1007/s11023-018-9482-5,DOI:10.1007/s40593-022-00293-3,2
DOI:10.1007/s11023-018-9482-5,DOI:10.1007/s40593-022-00298-y,2
DOI:10.1007/s11023-018-9482-5,DOI:10.1007/s43681-020-00013-4],3
DOI:10.1007/s11023-018-9482-5,DOI:10.1007/s43681-021-00122-8,3
DOI:10.1007/s11023-018-9482-5,DOI:10.1007/s43681-022-00209-w],6
DOI:10.1007/s11023-018-9482-5,DOI:10.1016/j.caeai.2021.100041,2
DOI:10.1007/s11023-018-9482-5,DOI:10.1016/j.patter.2021.100314,2
DOI:10.1007/s11023-018-9482-5,DOI:10.1016/j.patter.2023.100857,3
DOI:10.1007/s11023-018-9482-5,DOI:10.1037//0033-295x.108.4.814,2
DOI:10.1007/s11023-018-9482-5,DOI:10.1145/3154485,2
DOI:10.1007/s11023-018-9482-5,DOI:10.1145/3313831.3376727,3
DOI:10.1007/s11023-018-9482-5,DOI:10.1145/3330794,4
DOI:10.1007/s11023-018-9482-5,DOI:10.1145/3351095.3372873,3
DOI:10.1007/s11023-018-9482-5,DOI:10.1145/3375627.3375804,3
DOI:10.1007/s11023-018-9482-5,DOI:10.1145/3375627.3375868,2
DOI:10.1007/s11023-018-9482-5,DOI:10.1145/3442188.3445914,3
DOI:10.1007/s11023-018-9482-5,DOI:10.1145/3530019.3531329,3
DOI:10.1007/s11023-018-9482-5,DOI:10.1145/3634685,2
DOI:10.1007/s11023-018-9482-5,"GRIFFIN TRICIA A., 2025, AI AND ETHICS, V5, P1087, DOI [10.1007/S43681-024-00458-X, 10.1007/S43681-024-00458-X]",2
DOI:10.1007/s11023-018-9482-5,"KROLL JA, 2017, U PENN LAW REV, V165, P633",2
DOI:10.1007/s11023-018-9482-5,"LUNDBERG SM, 2017, ADV NEUR IN, V30",6
DOI:10.1007/s11023-018-9482-5,"UMBRELLO STEVEN, 2021, AI ETHICS, V1, P283, DOI [10.1007/S43681-021-00038-3, 10.1007/S43681-021-00038-3]",2
DOI:10.1007/s11023-018-9482-5,"VAN BRUMMELEN J, 2021, AAAI CONF ARTIF INTE, V35, P15655",2
DOI:10.1007/s11023-018-9482-5,"CAMPOLO A., 2017, AI NOW 2017 REPORT",3
DOI:10.1007/s11023-018-9482-5,"CRAWFORD KATE, 2016, AI NOW PUBLIC S HOST, P24",2
DOI:10.1007/s11023-018-9482-5,"DAWSON D., 2019, ARTIF INTELL",2
DOI:10.1007/s11023-018-9482-5,DOI:10.1002/jrsm.1123,2
DOI:10.1007/s11023-018-9482-5,DOI:10.1007/s10676-009-9187-9,4
DOI:10.1007/s11023-018-9482-5,DOI:10.1007/s11948-017-9901-7,4
DOI:10.1007/s11023-018-9482-5,DOI:10.1038/538311a,2
DOI:10.1007/s11023-018-9482-5,DOI:10.1080/1364557032000119616],4
DOI:10.1007/s11023-018-9482-5,DOI:10.1098/rsta.2018.0085,7
DOI:10.1007/s11023-018-9482-5,DOI:10.1126/science.aat5991,6
DOI:10.1007/s11023-018-9482-5,DOI:10.1145/33066183314289,8
DOI:10.1007/s11023-018-9482-5,DOI:10.1371/journal.pmed.1000097,2
DOI:10.1007/s11023-018-9482-5,DOI:10.1371/journal.pmed.1002689,2
DOI:10.1007/s11023-018-9482-5,DOI:10.2307/j.ctvhrd092.18,7
DOI:10.1007/s11023-018-9482-5,"GREENE D, 2019, PROCEEDINGS OF THE 52ND ANNUAL HAWAII INTERNATIONAL CONFERENCE ON SYSTEM SCIENCES, P2122",7
DOI:10.1007/s11023-018-9482-5,"WHITTAKER M., 2018, AI NOW REPORT 2018",2
DOI:10.1007/s11023-018-9482-5,"[ANONYMOUS], 2017, ASILOMAR AI PRINCIPLES",2
DOI:10.1007/s11023-018-9482-5,"[ANONYMOUS], 2019, ETHICS GUIDELINES FOR TRUSTWORTHY AL",3
DOI:10.1007/s11023-018-9482-5,"ANGWIN J., 2016, PROPUBLICA",3
DOI:10.1007/s11023-018-9482-5,"CORBETT-DAVIES S, 2023, J MACH LEARN RES, V24, P1",2
DOI:10.1007/s11023-018-9482-5,"DEVLIN J, 2019, 2019 CONFERENCE OF THE NORTH AMERICAN CHAPTER OF THE ASSOCIATION FOR COMPUTATIONAL LINGUISTICS: HUMAN LANGUAGE TECHNOLOGIES (NAACL HLT 2019), VOL. 1, P4171",2
DOI:10.1007/s11023-018-9482-5,DOI:10.1007/s00146-021-01294-x,3
DOI:10.1007/s11023-018-9482-5,DOI:10.1016/j.dss.2020.113302,2
DOI:10.1007/s11023-018-9482-5,DOI:10.1145/2939672.2939778],2
DOI:10.1007/s11023-018-9482-5,DOI:10.1145/3097983.3098095,4
DOI:10.1007/s11023-018-9482-5,DOI:10.1145/3278721.3278779,2
DOI:10.1007/s11023-018-9482-5,DOI:10.1145/3287560.3287589,2
DOI:10.1007/s11023-018-9482-5,DOI:10.1145/3494672,2
DOI:10.1007/s11023-018-9482-5,DOI:10.1561/0400000042,3
DOI:10.1007/s11023-018-9482-5,DOI:10.3390/bdcc7010015,2
DOI:10.1007/s11023-018-9482-5,DOI:10.48550/arxiv.2303.16626,2
DOI:10.1007/s11023-018-9482-5,DOI:10.9785/cri-2019-200402,3
DOI:10.1007/s11023-018-9482-5,"RUSSELL C, 2017, ADV NEUR IN, V30",3
DOI:10.1007/s11023-018-9482-5,"STRUBELL E, 2019, 57TH ANNUAL MEETING OF THE ASSOCIATION FOR COMPUTATIONAL LINGUISTICS (ACL 2019), P3645",2
DOI:10.1007/s11023-018-9482-5,"SUNDARARAJAN M., 2020, [NO TITLE CAPTURED], P9269",2
DOI:10.1007/s11023-018-9482-5,DOI:10.1007/s11023-019-09509-3,2
DOI:10.1007/s11023-018-9482-5,DOI:10.1007/s13347-017-0263-5],6
DOI:10.1007/s11023-018-9482-5,DOI:10.1017/beq.2021.3,2
DOI:10.1007/s11023-018-9482-5,"EUROPEAN COMMISSION, 2019, ETHICS GUIDELINES FOR TRUSTWORTHY AI",2
DOI:10.1007/s11023-018-9482-5,DOI:10.1007/s13347-020-00405-8],4
DOI:10.1007/s11023-018-9482-5,DOI:10.1145/3351095.3372826,2
DOI:10.1007/s11023-018-9482-5,DOI:10.18574/nyu/9781479833641.001.0001,2
DOI:10.1007/s11023-018-9482-5,DOI:10.2307/j.ctv1ghv45t,4
DOI:10.1007/s11023-018-9482-5,"EUBANKS V., 2018, AUTOMATING INEQUALIT",3
DOI:10.1007/s11023-018-9482-5,"ZUBOFF S., 2019, AGE SURVEILLANCE CAP",2
DOI:10.1007/s11023-018-9482-5,DOI:10.1177/0090591784012001005,3
DOI:10.1007/s11023-018-9482-5,"*SMART DUB, 2018, AI ETH PRINC GUID",3
DOI:10.1007/s11023-018-9482-5,"ANDERSON MICHAEL., 2011, MACHINE ETHICS",2
DOI:10.1007/s11023-018-9482-5,"BUOLAMWINI JOY., 2018, C FAIRNESS ACCOUNTAB, V81, P1",4
DOI:10.1007/s11023-018-9482-5,"CRAWFORD K., 2018, ANATOMY OF AN AI SYSTEM",2
DOI:10.1007/s11023-018-9482-5,DOI:10.1007/978-3-319-60648-4,4
DOI:10.1007/s11023-018-9482-5,DOI:10.1007/s11948-016-9759-0,3
DOI:10.1007/s11023-018-9482-5,DOI:10.1073/pnas.1320040111,3
DOI:10.1007/s11023-018-9482-5,DOI:10.1080/1369118x.2016.1154087,2
DOI:10.1007/s11023-018-9482-5,DOI:10.1145/3458723,3
DOI:10.1007/s11023-018-9482-5,DOI:10.1177/0162243915606523,3
DOI:10.1007/s11023-018-9482-5,DOI:10.4337/9781783476732.00017,2
DOI:10.1007/s11023-018-9482-5,"EUBANKS VIRGINIA., 2018, AUTOMATING INEQUALITY: HOW HIGH-TECH TOOLS PROFILE, POLICE, AND PUNISH THE POOR",4
DOI:10.1007/s11023-018-9482-5,"FUTURE OF LIFE INSTITUTE, 2017, PRINC DEV CONJ 2017",3
DOI:10.1007/s11023-018-9482-5,"PARISER ELI., 2011, FILTER BUBBLE WHAT I",2
DOI:10.1007/s11023-018-9482-5,"SCHNEIER BRUCE., 2018, CLICK HERE KILL EVER, VFIRST",2
DOI:10.1007/s11023-018-9482-5,DOI:10.1007/s11948-020-00213-5,4
DOI:10.1007/s11023-018-9482-5,DOI:10.1126/science.1248506,2
DOI:10.1007/s11023-018-9482-5,DOI:10.1145/3287560.3287596,4
DOI:10.1007/s11023-018-9482-5,DOI:10.1145/3290605.3300830,2
DOI:10.1007/s11023-018-9482-5,DOI:10.1177/2053951720949566,2
DOI:10.1007/s11023-018-9482-5,"BRYNJOLFFSON ERICANDREW MCAFEE., 2014, THE SECOND MACHINE AGE: WORK, PROGRESS, AND PROSPERITY IN A TIME OF BRILLIANT TECHNOLOGIES",2
DOI:10.1007/s11023-018-9482-5,DOI:10.1007/s00146-020-00992-2,2
DOI:10.1007/s11023-018-9482-5,DOI:10.1007/s10676-004-3422-1,2
DOI:10.1007/s11023-018-9482-5,DOI:10.1007/s10676-006-0001-7,2
DOI:10.1007/s11023-018-9482-5,DOI:10.1007/s13347-015-0211-1,2
DOI:10.1007/s11023-018-9482-5,DOI:10.1108/jices-12-2019-0138,4
DOI:10.1007/s11023-018-9482-5,DOI:10.1109/msp.2018.2701164,4
DOI:10.1007/s11023-018-9482-5,DOI:10.1111/j.1468-5930.2007.00346.x,2
DOI:10.1007/s11023-018-9482-5,DOI:10.1145/3236009,3
DOI:10.1007/s11023-018-9482-5,"WEST S.M., 2019, DISCRIMINATING SYSTEMS: GENDER, RACE AND POWER IN AI",2
DOI:10.1007/s11023-018-9482-5,DOI:10.1145/3173574.3173951,3
DOI:10.1007/s11023-018-9482-5,DOI:10.3390/make4020026,2
DOI:10.1007/s11023-018-9482-5,DOI:10.1007/978-3-319-67280-9_9,2
DOI:10.1007/s11023-018-9482-5,DOI:10.1007/s00146-018-0848-2,2
DOI:10.1007/s11023-018-9482-5,DOI:10.1007/s10551-019-04226-4,2
DOI:10.1007/s11023-018-9482-5,DOI:10.1007/s10676-018-9447-7,2
DOI:10.1007/s11023-018-9482-5,DOI:10.1007/s11948-012-9413-4,2
DOI:10.1007/s11023-018-9482-5,DOI:10.1007/s13347-019-00372-9],2
DOI:10.1007/s11023-018-9482-5,DOI:10.1016/j.clsr.2019.04.007,3
DOI:10.1007/s11023-018-9482-5,DOI:10.1080/03071847.2019.1694260,2
DOI:10.1007/s11023-018-9482-5,DOI:10.1080/09528130050111428,2
DOI:10.1007/s11023-018-9482-5,DOI:10.1080/1369118x.2020.1713842,3
DOI:10.1007/s11023-018-9482-5,DOI:10.1098/rsta.2018.0080,6
DOI:10.1007/s11023-018-9482-5,DOI:10.1098/rsta.2018.0081,3
DOI:10.1007/s11023-018-9482-5,DOI:10.1098/rsta.2018.0084,3
DOI:10.1007/s11023-018-9482-5,DOI:10.1145/3306618.3314289,2
DOI:10.1007/s11023-018-9482-5,DOI:10.1177/0191453714545340,2
DOI:10.1007/s11023-018-9482-5,DOI:10.1177/1461444816676645,4
DOI:10.1007/s11023-018-9482-5,DOI:10.1007/s00146-020-00950-y,2
DOI:10.1007/s11023-018-9482-5,DOI:10.1017/cbo9780511610325.008,2
DOI:10.1007/s11023-018-9482-5,DOI:10.1017/cbo9780511614194.006],2
DOI:10.1007/s11023-018-9482-5,DOI:10.1093/acprof:oso/9780199794515.003.0009,2
DOI:10.1007/s11023-018-9482-5,DOI:10.1111/j.1467-9833.1998.tb00098.x,2
DOI:10.1007/s11023-018-9482-5,DOI:10.1111/j.1527-2001.1993.tb00630.x,2
DOI:10.1007/s11023-018-9482-5,DOI:10.1111/j.1527-2001.2009.01056.x,2
DOI:10.1007/s11023-018-9482-5,DOI:10.2307/2108082,2
DOI:10.1007/s11023-018-9482-5,"FRANKFURT HARRY., 1989, THE INNER CITADEL: ESSAYS ON INDIVIDUAL AUTONOMY, P63",2
DOI:10.1007/s11023-018-9482-5,"JAWORSKA A, 2009, NATURALIZED BIOETHICS: TOWARD RESPONSIBLE KNOWING AND PRACTICE, P80",2
DOI:10.1007/s11023-018-9482-5,"BROUSSARD M, 2018, ARTIFICIAL UNINTELLIGENCE: HOW COMPUTERS MISUNDERSTAND THE WORLD",2
DOI:10.1007/s11023-018-9482-5,DOI:10.1007/s11023-008-9113-7,2
DOI:10.1007/s11023-018-9482-5,DOI:10.1007/s11356-023-31437-0,2
DOI:10.1007/s11023-018-9482-5,DOI:10.1016/j.patter.2021.100205,3
DOI:10.1007/s11023-018-9482-5,DOI:10.1017/cbo9780511814563,2
DOI:10.1007/s11023-018-9482-5,DOI:10.1037/10851-000],2
DOI:10.1007/s11023-018-9482-5,DOI:10.1111/j.1471-1842.2009.00848.x,2
DOI:10.1007/s11023-018-9482-5,DOI:10.1145/3419764,3
DOI:10.1007/s11023-018-9482-5,DOI:10.1145/3433949,2
DOI:10.1007/s11023-018-9482-5,DOI:10.1145/3531146.3533213,2
DOI:10.1007/s11023-018-9482-5,DOI:10.1147/jrd.2019.2942287,2
DOI:10.1007/s11023-018-9482-5,DOI:10.1177/0162243915605575,2
DOI:10.1007/s11023-018-9482-5,DOI:10.2139/ssrn.3403301],2
DOI:10.1007/s11023-018-9482-5,DOI:10.48550/arxiv.2004.07213,2
DOI:10.1007/s11023-018-9482-5,"WILLIAMS B., 1985, ETHICS LIMITS PHILOS",2
DOI:10.1007/s11023-018-9482-5,DOI:10.2759/177365,5
DOI:10.1007/s11023-018-9482-5,DOI:10.1007/978-3-030-30371-6,4
DOI:10.1007/s11023-018-9482-5,DOI:10.1145/3287560.3287574,4
DOI:10.1007/s11023-018-9482-5,DOI:10.1145/3351095.3372860,3
DOI:10.1007/s11023-018-9482-5,"[ANONYMOUS], ETHICALLY ALIGNED DESIGN: A VISION FOR PRIORITIZING HUMAN WELL-BEING WITH AUTONOMOUS AND INTELLIGENT SYSTEMS",2
DOI:10.1007/s11023-018-9482-5,DOI:10.1007/s10676-018-9450-z,2
DOI:10.1007/s11023-018-9482-5,DOI:10.1007/s43681-020-00011-6],4
DOI:10.1007/s11023-018-9482-5,DOI:10.1145/3287560.3287600,2
DOI:10.1007/s11023-018-9482-5,"VERMA S, 2018, 2018 IEEE/ACM INTERNATIONAL WORKSHOP ON SOFTWARE FAIRNESS (FAIRWARE 2018), P1, DOI [10.1108/CASE.IIMA.2020.000089, 10.1145/3194770.3194776, 10.23919/FAIRWARE.2018.8452913]",2
DOI:10.1007/s11023-018-9482-5,"DIGNUM VIRGINIA., 2017, ITU JOURNAL: ICT DISCOVERIES",2
DOI:10.1007/s11023-018-9482-5,DOI:10.1057/s41599-024-04044-8,2
DOI:10.1007/s11023-018-9482-5,DOI:10.1186/1748-5908-5-69,2
DOI:10.1007/s11023-018-9482-5,DOI:10.1207/s15430421tip4104_2,2
DOI:10.1007/s11023-018-9482-5,"UNESCO, 2021, RECOMMENDATION ETHIC",2
DOI:10.1007/s11023-018-9482-5,DOI:10.2777/531856publicationsoffice,2
DOI:10.1007/s11023-018-9482-5,"IEEE INITIATIVE ON ETHICS OF AUTONOMOUS AND INTELLIGENT SYSTEMS, 2017, ETHICALLY ALIGNED DE",2
DOI:10.1007/s11023-018-9482-5,"ACCESS NOW, 2018, HUM RIGHTS AG ART IN",2
DOI:10.1007/s11023-018-9482-5,"CROWDER GEORGE., 2006, CONTEMP POLIT THEORY, V5, P405",2
DOI:10.1007/s11023-018-9482-5,"TELEFONICA, 2018, REPORT",2
DOI:10.1007/s11023-018-9482-5,"UNIVERSITY OF MONTREAL, 2018, MONTR DECL RESP DEV",2
DOI:10.1007/s11023-018-9482-5,DOI:10.1007/978-3-030-49392-9_13,2
DOI:10.1007/s11023-018-9482-5,DOI:10.1109/ms.2020.2985621,2
DOI:10.1007/s11023-018-9482-5,"DASTIN JEREY., 2018, REUTERS",3
DOI:10.1007/s11023-018-9482-5,DOI:10.1007/s00146-021-01154-8,3
DOI:10.1007/s11023-018-9482-5,DOI:10.1016/j.eng.2019.12.015,2
DOI:10.1007/s11023-018-9482-5,DOI:10.1016/j.futures.2021.102884,2
DOI:10.1007/s11023-018-9482-5,DOI:10.1016/j.jbusres.2022.01.083,2
DOI:10.1007/s11023-018-9482-5,DOI:10.1007/s11948-020-00228-y,2
DOI:10.1007/s11023-018-9482-5,DOI:10.12987/9780300252392,2
DOI:10.1007/s11023-018-9482-5,DOI:10.1007/s12525-020-00441-4,2
DOI:10.1007/s11023-018-9482-5,DOI:10.3390/healthcare11060887,2
DOI:10.1007/s11023-018-9482-5,"BENJAMIN RUHA., 2019, RACE TECHNOLOGY ABOL",2
DOI:10.1007/s11023-018-9482-5,DOI:10.1007/s10676-018-9452-x,2
DOI:10.1007/s11023-018-9482-5,DOI:10.1080/17530350.2019.1639068,2
DOI:10.1007/s11023-018-9482-5,DOI:10.14763/2019.2.1410,2
DOI:10.1007/s11023-018-9482-5,DOI:10.1007/s40593-021-00239-1,2
DOI:10.1007/s11023-018-9482-5,DOI:10.1177/0008125619864925,2
DOI:10.1007/s11023-018-9482-5,DOI:10.1186/s41239-019-0171-0,2
DOI:10.1007/s11023-018-9482-5,DOI:10.1007/s10676-021-09619-6,2
DOI:10.1007/s11023-018-9482-5,DOI:10.1007/s12599-023-00787-x,2
DOI:10.1007/s11023-018-9482-5,DOI:10.3390/ai4010003,2
DOI:10.1007/s11023-018-9482-5,DOI:10.1007/s00146-021-01148-6,2
DOI:10.1007/s11023-018-9482-5,DOI:10.1016/b0-08-043076-7/04195-4],2
DOI:10.1007/s11023-018-9482-5,DOI:10.1111/j.1475-6773.2010.01140.x,2
DOI:10.1007/s11023-018-9482-5,"[ANONYMOUS], 2017, TOP 10 PRINCIPLES FOR ETHICAL ARTIFICIAL INTELLIGENCE, P8",2
DOI:10.1007/s11023-018-9482-5,DOI:10.1001/jama.2020.9371,2
DOI:10.1007/s11023-018-9482-5,"WALLACH W., 2008, MORAL MACHINES: TEACHING ROBOTS RIGHT FROM WRONG",2
DOI:10.1007/s11023-018-9482-5,DOI:10.1109/access.2018.2870052,2
DOI:10.1007/s11023-018-9482-5,DOI:10.1007/s10676-021-09593-z,2
DOI:10.1007/s11023-018-9482-5,DOI:10.1016/j.techsoc.2021.101726,2
DOI:10.1007/s11023-018-9482-5,DOI:10.1080/14494035.2021.1929728,2
DOI:10.1007/s11023-018-9482-5,DOI:10.1109/mts.2021.3056286,2
DOI:10.1007/s11023-018-9482-5,DOI:10.4018/jdm.2020040105,2
DOI:10.1007/s11023-018-9482-5,DOI:10.1162/jmlr.2003.3.4-5.993,2
DOI:10.1007/s11023-018-9482-5,DOI:10.1191/1478088706qp063oa,2
DOI:10.1007/s11023-018-9482-5,DOI:10.1007/978-3-030-33742-1_21,2
DOI:10.1007/s11023-018-9482-5,"EUROPEAN COMMISSION, 2019, ETH GUID TRUSTW AI",2
DOI:10.1007/s11023-018-9482-5,"NOBLE SU, 2018, ALGORITHMS OF OPPRESSION, P1",2
DOI:10.1007/s11023-018-9482-5,DOI:10.1007/s10015-019-00525-1,2
DOI:10.1007/s11023-018-9482-5,DOI:10.1057/ejis.2013.18,2
DOI:10.1007/s13347-021-00450-x,DOI:10.1007/s10676-004-3422-1,2
DOI:10.1007/s13347-021-00450-x,DOI:10.3389/frobt.2018.00015,2
DOI:10.1016/j.jocn.2019.03.001,DOI:10.1186/s12911-020-01332-6,2
"COHEN IG, 2020, GEORGETOWN LAW J, V108, P1425",DOI:10.1145/3233231,2
"COHEN IG, 2020, GEORGETOWN LAW J, V108, P1425",DOI:10.1038/s41746-018-0061-1,2
"COHEN IG, 2020, GEORGETOWN LAW J, V108, P1425","PARANJAPE KETAN, 2019, JMIR MED EDUC, V5, PE16048, DOI [10.2196/16048, 10.2196/16048]",2
DOI:10.1007/s10676-004-3422-1,DOI:10.3389/frobt.2018.00015,2
DOI:10.1007/s10676-004-3422-1,DOI:10.1111/j.1468-5930.2007.00346.x,2
DOI:10.1007/s13347-022-00550-2,DOI:10.1007/s43681-022-00209-w],2
DOI:10.1007/s13347-022-00550-2,DOI:10.1145/3233231,2
DOI:10.1007/s13347-022-00550-2,DOI:10.1111/jopp.12262,2
DOI:10.1007/s43681-022-00152-w,DOI:10.1145/3233231,2
DOI:10.1007/s43681-022-00152-w,DOI:10.7413/1827-5834014,2
DOI:10.1007/s43681-022-00209-w],DOI:10.1145/3233231,2
DOI:10.1007/s43681-022-00209-w],"BORENSTEIN JASON, 2021, AI ETHICS, V1, P61, DOI [10.1007/S43681-020-00002-7, 10.1007/S43681-020-00002-7]",4
DOI:10.1007/s43681-022-00209-w],DOI:10.1007/s00146-022-01511-1,2
DOI:10.1007/s43681-022-00209-w],DOI:10.1145/3375627.3375868,3
DOI:10.1007/s43681-022-00209-w],DOI:10.1145/3442188.3445914,2
DOI:10.1007/s43681-022-00209-w],DOI:10.3390/su13073718,2
DOI:10.1007/s43681-022-00209-w],"JAVED RT, 2022, J ARTIF INTELL RES, V73, P933",3
DOI:10.1007/s43681-022-00209-w],DOI:10.1007/s11948-019-00165-5,8
DOI:10.1007/s43681-022-00209-w],DOI:10.1016/j.jss.2021.111067,2
DOI:10.1007/s43681-022-00209-w],DOI:10.1145/3330794,2
DOI:10.1007/s43681-022-00209-w],"UMBRELLO STEVEN, 2021, AI ETHICS, V1, P283, DOI [10.1007/S43681-021-00038-3, 10.1007/S43681-021-00038-3]",2
DOI:10.1007/s43681-022-00209-w],DOI:10.1007/s43681-021-00122-8,4
DOI:10.1007/s43681-022-00209-w],DOI:10.1007/s43681-023-00258-9,2
DOI:10.1007/s43681-022-00209-w],DOI:10.4018/978-1-7998-8467-5,2
DOI:10.1007/s43681-022-00209-w],"UNESCO, 2022, RECOMMENDATION ON THE ETHICS OF ARTIFICIAL INTELLIGENCE",2
DOI:10.1007/s43681-022-00209-w],DOI:10.1007/s43681-020-00013-4],3
DOI:10.1007/s43681-022-00209-w],DOI:10.1016/j.patter.2021.100314,4
DOI:10.1007/s43681-022-00209-w],DOI:10.1016/j.patter.2023.100857,2
DOI:10.1007/s43681-022-00209-w],DOI:10.1017/als.2020.19,2
DOI:10.1007/s43681-022-00209-w],DOI:10.1108/jices-12-2019-0138,2
DOI:10.1007/s43681-022-00209-w],DOI:10.1145/3236024.3264833,2
DOI:10.1007/s43681-022-00209-w],DOI:10.1145/33066183314289,3
DOI:10.1007/s43681-022-00209-w],DOI:10.1145/3351095.3372860,2
DOI:10.1007/s43681-022-00209-w],DOI:10.1145/3375627.3375804,3
DOI:10.1007/s43681-022-00209-w],"AKGUN SELIN, 2022, AI ETHICS, V2, P431, DOI [10.1007/S43681-021-00096-7, 10.1007/S43681-021-00096-7]",2
DOI:10.1007/s43681-022-00209-w],DOI:10.1007/s00146-022-01497-w,2
DOI:10.1007/s43681-022-00209-w],DOI:10.1007/s13347-019-00354-x,3
DOI:10.1007/s43681-022-00209-w],DOI:10.1007/s40593-021-00270-2,2
DOI:10.1007/s43681-022-00209-w],DOI:10.1037//0033-295x.108.4.814,2
DOI:10.1007/s43681-022-00209-w],DOI:10.1037/13620-004,2
DOI:10.1007/s43681-022-00209-w],DOI:10.1080/10494820.2021.1926289,2
DOI:10.1007/s43681-022-00209-w],DOI:10.1145/3530019.3531329,2
DOI:10.1007/s43681-022-00209-w],DOI:10.2139/ssrn.3518482],5
DOI:10.1007/s43681-022-00209-w],DOI:10.5555/3447307.3447313,2
DOI:10.1007/s43681-022-00209-w],"GRIFFIN TRICIA A., 2025, AI AND ETHICS, V5, P1087, DOI [10.1007/S43681-024-00458-X, 10.1007/S43681-024-00458-X]",2
DOI:10.1007/s43681-022-00209-w],DOI:10.1007/s00146-022-01602-z,2
DOI:10.1007/s43681-022-00209-w],DOI:10.2307/j.ctvhrd092.18,3
DOI:10.1007/s43681-022-00209-w],DOI:10.1080/1369118x.2023.2205493,2
DOI:10.1007/s43681-022-00209-w],"BUOLAMWINI JOY., 2018, C FAIRNESS ACCOUNTAB, V81, P1",2
DOI:10.1007/s43681-022-00209-w],"MOROZOV E., 2014, TO SAVE EVERYTHING, CLICK HERE: THE FOLLY OF TECHNOLOGICAL SOLUTIONISM",2
DOI:10.1007/s43681-022-00209-w],"ANGWIN J., 2016, PROPUBLICA",2
DOI:10.1145/3233231,DOI:10.1007/s11948-019-00165-5,2
DOI:10.1145/3233231,DOI:10.1007/s13347-019-00354-x,2
DOI:10.1145/3233231,DOI:10.1007/s13347-022-00507-5,2
DOI:10.1145/3233231,DOI:10.1007/s13347-022-00553-z],2
DOI:10.1145/3233231,DOI:10.1145/33066183314289,2
DOI:10.1145/3233231,DOI:10.1016/j.patter.2021.100205,2
DOI:10.1145/3233231,DOI:10.1145/3531146.3533213,2
DOI:10.1007/s00146-021-01154-8,DOI:10.1177/1461444816676645,2
DOI:10.1007/s00146-021-01154-8,DOI:10.1007/s11023-021-09557-8,2
DOI:10.1007/s00146-021-01154-8,DOI:10.1007/s11948-019-00165-5,4
DOI:10.1007/s00146-021-01154-8,DOI:10.1177/2053951720983865,2
DOI:10.1007/s00146-021-01154-8,DOI:10.1007/s00146-020-00992-2,2
DOI:10.1007/s00146-021-01154-8,DOI:10.1007/s10551-019-04407-1,2
DOI:10.1007/s00146-021-01154-8,DOI:10.1016/j.jbusres.2020.11.030,2
DOI:10.1007/s00146-021-01154-8,DOI:10.1016/j.socscimed.2022.114782,2
DOI:10.1007/s00146-021-01154-8,DOI:10.1080/03080188.2020.1840220,2
DOI:10.1007/s00146-021-01154-8,DOI:10.1080/1369118x.2020.1713842,2
DOI:10.1007/s00146-021-01154-8,DOI:10.1098/rsta.2018.0085,2
DOI:10.1007/s00146-021-01154-8,DOI:10.1109/mts.2021.3056286,2
DOI:10.1007/s00146-021-01154-8,DOI:10.2139/ssrn.3518482],3
DOI:10.1007/s00146-021-01154-8,"DASTIN JEREY., 2018, REUTERS",2
DOI:10.1007/s00146-021-01154-8,DOI:10.1007/s43681-020-00011-6],2
DOI:10.1007/s00146-021-01154-8,DOI:10.1073/pnas.1320040111,2
DOI:10.1177/1461444816676645,DOI:10.1007/s11948-019-00165-5,3
DOI:10.1177/1461444816676645,DOI:10.1145/3287560.3287596,3
DOI:10.1177/1461444816676645,DOI:10.1145/3351095.3372873,2
DOI:10.1177/1461444816676645,DOI:10.1007/978-3-319-67280-9_9,2
DOI:10.1177/1461444816676645,DOI:10.1007/s00146-018-0848-2,2
DOI:10.1177/1461444816676645,DOI:10.1007/s10551-019-04226-4,2
DOI:10.1177/1461444816676645,DOI:10.1007/s10676-018-9447-7,2
DOI:10.1177/1461444816676645,DOI:10.1007/s13347-017-0263-5],3
DOI:10.1177/1461444816676645,DOI:10.1007/s13347-019-00354-x,2
DOI:10.1177/1461444816676645,DOI:10.1007/s13347-019-00372-9],2
DOI:10.1177/1461444816676645,DOI:10.1016/j.clsr.2019.04.007,2
DOI:10.1177/1461444816676645,DOI:10.1080/09528130050111428,2
DOI:10.1177/1461444816676645,DOI:10.1098/rsta.2016.0112,2
DOI:10.1177/1461444816676645,DOI:10.1098/rsta.2016.0360,2
DOI:10.1177/1461444816676645,DOI:10.1098/rsta.2018.0080,2
DOI:10.1177/1461444816676645,DOI:10.1098/rsta.2018.0081,2
DOI:10.1177/1461444816676645,DOI:10.1098/rsta.2018.0084,3
DOI:10.1177/1461444816676645,DOI:10.1145/3306618.3314289,2
DOI:10.1177/1461444816676645,DOI:10.1177/0191453714545340,2
DOI:10.1177/1461444816676645,"MINGERS J, 2010, MIS QUART, V34, P833",2
DOI:10.1177/1461444816676645,"BROUSSARD M, 2018, ARTIFICIAL UNINTELLIGENCE: HOW COMPUTERS MISUNDERSTAND THE WORLD",2
DOI:10.1177/1461444816676645,DOI:10.1145/3419764,2
DOI:10.1177/1461444816676645,DOI:10.1145/3616865,2
DOI:10.1177/1461444816676645,DOI:10.1147/jrd.2019.2942287,2
DOI:10.1177/1461444816676645,DOI:10.1007/s10676-009-9187-9,2
DOI:10.1177/1461444816676645,DOI:10.1093/idpl/ipx005,2
DOI:10.1016/j.respol.2013.05.008,DOI:10.1007/s11948-019-00165-5,2
DOI:10.1016/j.respol.2013.05.008,DOI:10.1145/3458723,2
DOI:10.3389/frobt.2018.00015,DOI:10.1126/science.aaf2654,2
DOI:10.3389/frobt.2018.00015,DOI:10.2307/2183914,2
"COULDRY N, 2019, CULT ECON LIFE, P3","BENJAMIN RUHA., 2019, RACE TECHNOLOGY ABOL",2
"COULDRY N, 2019, CULT ECON LIFE, P3",DOI:10.1007/s13347-020-00405-8],2
"COULDRY N, 2019, CULT ECON LIFE, P3",DOI:10.1177/1527476419831640,2
"COULDRY N, 2019, CULT ECON LIFE, P3",DOI:10.2139/ssrn.3518482],2
DOI:10.1080/1369118x.2020.1713842,DOI:10.1007/s11023-020-09521-y,2
DOI:10.1080/1369118x.2020.1713842,DOI:10.1007/s11948-019-00165-5,4
DOI:10.1080/1369118x.2020.1713842,DOI:10.1007/s13347-019-00354-x,3
DOI:10.1080/1369118x.2020.1713842,DOI:10.1016/j.clsr.2019.04.007,2
DOI:10.1080/1369118x.2020.1713842,DOI:10.1016/j.clsr.2020.105404,2
DOI:10.1080/1369118x.2020.1713842,DOI:10.1080/03071847.2019.1694260,2
DOI:10.1080/1369118x.2020.1713842,DOI:10.1098/rsta.2018.0080,2
DOI:10.1080/1369118x.2020.1713842,DOI:10.1098/rsta.2018.0084,2
DOI:10.1080/1369118x.2020.1713842,DOI:10.1098/rsta.2018.0085,3
DOI:10.1080/1369118x.2020.1713842,DOI:10.1007/978-3-030-33742-1_21,2
DOI:10.1080/1369118x.2020.1713842,DOI:10.1007/s00146-021-01148-6,3
DOI:10.1080/1369118x.2020.1713842,DOI:10.1007/s10551-019-04407-1,2
DOI:10.1080/1369118x.2020.1713842,DOI:10.1016/j.jbusres.2020.11.030,2
DOI:10.1080/1369118x.2020.1713842,DOI:10.1016/j.socscimed.2022.114782,2
DOI:10.1080/1369118x.2020.1713842,DOI:10.1080/03080188.2020.1840220,2
DOI:10.1080/1369118x.2020.1713842,DOI:10.1109/ms.2020.2985621,2
DOI:10.1080/1369118x.2020.1713842,DOI:10.1109/mts.2021.3056286,2
DOI:10.1080/1369118x.2020.1713842,DOI:10.1109/seaa.2019.00015,2
DOI:10.1080/1369118x.2020.1713842,DOI:10.1109/ssci47803.2020.9308437,2
DOI:10.1080/1369118x.2020.1713842,DOI:10.1145/3430368,3
DOI:10.1080/1369118x.2020.1713842,DOI:10.2139/ssrn.3518482],3
DOI:10.1080/1369118x.2020.1713842,DOI:10.54648/eulr2020024,2
DOI:10.1080/1369118x.2020.1713842,DOI:10.7903/cmr.19970],2
DOI:10.1080/1369118x.2020.1713842,"GREENE D, 2019, PROCEEDINGS OF THE 52ND ANNUAL HAWAII INTERNATIONAL CONFERENCE ON SYSTEM SCIENCES, P2122",2
DOI:10.1080/1369118x.2020.1713842,DOI:10.1108/jices-04-2019-0039,2
DOI:10.1080/1369118x.2020.1713842,DOI:10.14763/2020.2.1469],2
DOI:10.1080/1369118x.2020.1713842,DOI:10.1007/s43681-020-00011-6],2
DOI:10.1080/1369118x.2020.1713842,DOI:10.1126/science.aat5991,2
DOI:10.1080/1369118x.2020.1713842,DOI:10.1177/0266382120923962],2
DOI:10.1177/2378023121999581,DOI:10.2307/j.ctv1ghv45t,2
DOI:10.1177/2378023121999581,"EUBANKS VIRGINIA., 2018, AUTOMATING INEQUALITY: HOW HIGH-TECH TOOLS PROFILE, POLICE, AND PUNISH THE POOR",2
DOI:10.1177/2378023121999581,"LATOUR BRUNO., 1979, LAB LIFE",2
DOI:10.2307/j.ctt1pwt9w5.11],"EUBANKS VIRGINIA., 2018, AUTOMATING INEQUALITY: HOW HIGH-TECH TOOLS PROFILE, POLICE, AND PUNISH THE POOR",2
DOI:10.2307/j.ctt1pwt9w5.11],DOI:10.1038/d41586-019-02939-0,2
DOI:10.2307/j.ctv1ghv45t,"EUBANKS VIRGINIA., 2018, AUTOMATING INEQUALITY: HOW HIGH-TECH TOOLS PROFILE, POLICE, AND PUNISH THE POOR",3
DOI:10.2307/j.ctv1ghv45t,"LATOUR BRUNO., 1979, LAB LIFE",2
DOI:10.2307/j.ctv1ghv45t,DOI:10.1007/s43681-021-00122-8,2
DOI:10.2307/j.ctv1ghv45t,DOI:10.1007/s11948-019-00165-5,2
DOI:10.2307/j.ctv1ghv45t,DOI:10.1007/s13347-019-00354-x,2
DOI:10.2307/j.ctv1ghv45t,DOI:10.2307/j.ctvhrd092.18,3
DOI:10.2307/j.ctv1ghv45t,DOI:10.1111/j.1475-6773.2010.01140.x,2
"EUBANKS VIRGINIA., 2018, AUTOMATING INEQUALITY: HOW HIGH-TECH TOOLS PROFILE, POLICE, AND PUNISH THE POOR","LATOUR BRUNO., 1979, LAB LIFE",2
"EUBANKS VIRGINIA., 2018, AUTOMATING INEQUALITY: HOW HIGH-TECH TOOLS PROFILE, POLICE, AND PUNISH THE POOR",DOI:10.1007/s11948-019-00165-5,2
"EUBANKS VIRGINIA., 2018, AUTOMATING INEQUALITY: HOW HIGH-TECH TOOLS PROFILE, POLICE, AND PUNISH THE POOR",DOI:10.1098/rsta.2016.0360,2
"EUBANKS VIRGINIA., 2018, AUTOMATING INEQUALITY: HOW HIGH-TECH TOOLS PROFILE, POLICE, AND PUNISH THE POOR",DOI:10.1177/2053951717743530,2
"EUBANKS VIRGINIA., 2018, AUTOMATING INEQUALITY: HOW HIGH-TECH TOOLS PROFILE, POLICE, AND PUNISH THE POOR","*SMART DUB, 2018, AI ETH PRINC GUID",2
"EUBANKS VIRGINIA., 2018, AUTOMATING INEQUALITY: HOW HIGH-TECH TOOLS PROFILE, POLICE, AND PUNISH THE POOR","BUOLAMWINI JOY., 2018, C FAIRNESS ACCOUNTAB, V81, P1",2
"EUBANKS VIRGINIA., 2018, AUTOMATING INEQUALITY: HOW HIGH-TECH TOOLS PROFILE, POLICE, AND PUNISH THE POOR",DOI:10.1007/978-3-319-60648-4,2
"EUBANKS VIRGINIA., 2018, AUTOMATING INEQUALITY: HOW HIGH-TECH TOOLS PROFILE, POLICE, AND PUNISH THE POOR",DOI:10.1177/0162243915606523,2
"EUBANKS VIRGINIA., 2018, AUTOMATING INEQUALITY: HOW HIGH-TECH TOOLS PROFILE, POLICE, AND PUNISH THE POOR","FUTURE OF LIFE INSTITUTE, 2017, PRINC DEV CONJ 2017",2
"EUBANKS VIRGINIA., 2018, AUTOMATING INEQUALITY: HOW HIGH-TECH TOOLS PROFILE, POLICE, AND PUNISH THE POOR","BENJAMIN RUHA., 2019, RACE TECHNOLOGY ABOL",2
"EUBANKS VIRGINIA., 2018, AUTOMATING INEQUALITY: HOW HIGH-TECH TOOLS PROFILE, POLICE, AND PUNISH THE POOR",DOI:10.1080/17530350.2019.1639068,2
"EUBANKS VIRGINIA., 2018, AUTOMATING INEQUALITY: HOW HIGH-TECH TOOLS PROFILE, POLICE, AND PUNISH THE POOR","FOUCAULT M., 1977, DISCIPLINE AND PUNISH: THE BIRTH OF THE PRISON",2
"EUBANKS VIRGINIA., 2018, AUTOMATING INEQUALITY: HOW HIGH-TECH TOOLS PROFILE, POLICE, AND PUNISH THE POOR",DOI:10.2139/ssrn.3518482],3
"EUBANKS VIRGINIA., 2018, AUTOMATING INEQUALITY: HOW HIGH-TECH TOOLS PROFILE, POLICE, AND PUNISH THE POOR",DOI:10.2307/j.ctvhrd092.18,2
"EUBANKS VIRGINIA., 2018, AUTOMATING INEQUALITY: HOW HIGH-TECH TOOLS PROFILE, POLICE, AND PUNISH THE POOR","[ANONYMOUS], 2019, ETHICS GUIDELINES FOR TRUSTWORTHY AL",2
DOI:10.1007/s00330-018-5601-1,DOI:10.1111/1468-0009.12504,2
DOI:10.1007/s00330-018-5601-1,"CHAN KAI SIANG, 2019, JMIR MED EDUC, V5, PE13930, DOI [10.2196/13930, 10.2196/13930]",2
DOI:10.1007/s00330-018-5601-1,DOI:10.1038/s41746-018-0061-1,3
DOI:10.1007/s00330-018-5601-1,DOI:10.1038/s41746-020-0288-5,3
DOI:10.1007/s00330-018-5601-1,DOI:10.1111/medu.14131,2
DOI:10.1007/s00330-018-5601-1,DOI:10.1186/s13244-019-0830-7,2
DOI:10.1007/s00330-018-5601-1,DOI:10.1007/s10459-021-10040-3,2
DOI:10.1007/s00330-018-5601-1,DOI:10.1038/s41746-020-0294-7,2
DOI:10.1007/s00330-018-5601-1,DOI:10.1097/acm.0000000000004291,2
DOI:10.1007/s00330-018-5601-1,DOI:10.1101/2021.01.14.21249830,2
DOI:10.1007/s00330-018-5601-1,DOI:10.1145/33066183314289,2
DOI:10.1007/s00330-018-5601-1,DOI:10.1177/23821205211036836,2
DOI:10.1007/s00330-018-5601-1,DOI:10.1186/s12909-022-03852-3,2
DOI:10.1007/s00330-018-5601-1,DOI:10.1371/journal.pdig.0000198,2
DOI:10.1007/s00330-018-5601-1,DOI:10.2196/45312,2
DOI:10.1007/s00330-018-5601-1,DOI:10.2196/46885,2
DOI:10.1007/s00330-018-5601-1,DOI:10.2196/48163,2
DOI:10.1007/s00330-018-5601-1,DOI:10.3390/app12094130,2
DOI:10.1007/s00330-018-5601-1,DOI:10.4103/jfmpc.jfmpc_440_19,2
DOI:10.1007/s00330-018-5601-1,DOI:10.48550/arxiv.2109.02866],2
DOI:10.1007/s00330-018-5601-1,"HAMET P, 2017, METABOLISM, V69, PS36, DOI [10.26738/MJEM.2017/MJEM26.2018/PLH.CRE.041017, 10.1016/J.METABOL.2017.01.011]",2
DOI:10.1007/s00330-018-5601-1,"PARANJAPE KETAN, 2019, JMIR MED EDUC, V5, PE16048, DOI [10.2196/16048, 10.2196/16048]",2
DOI:10.1007/s00330-018-5601-1,"RUSSELL S., 2002, ARTIFICIAL INTELLIGENCE: A MODERN APPROACH",2
"EZE E.C., 1997, POSTCOLONIAL AFRICAN PHILOSOPHY: A CRITICAL READER","MENKITI IFEANYIA., 1984, AFRICAN PHILOS, P171",2
"CAMPOLO A., 2017, AI NOW 2017 REPORT",DOI:10.4018/jdm.2020040105,2
"CAMPOLO A., 2017, AI NOW 2017 REPORT","CRAWFORD KATE, 2016, AI NOW PUBLIC S HOST, P24",2
"CAMPOLO A., 2017, AI NOW 2017 REPORT",DOI:10.1126/science.aat5991,3
"CAMPOLO A., 2017, AI NOW 2017 REPORT",DOI:10.1177/2053951717743530,2
DOI:10.1007/978-3-031-37776-1_20,DOI:10.1016/j.ijinfomgt.2023.102642,2
DOI:10.1007/978-3-031-37776-1_20,"POPENICI STEFAN A D, 2017, RES PRACT TECHNOL ENHANC LEARN, V12, P22, DOI [10.1186/S41039-017-0062-8, 10.1186/S41039-017-0062-8]",2
DOI:10.1016/j.ijinfomgt.2023.102642,DOI:10.1007/s13347-019-00354-x,2
DOI:10.1016/j.ijinfomgt.2023.102642,DOI:10.1007/s13347-022-00553-z],2
DOI:10.1016/j.ijinfomgt.2023.102642,DOI:10.1007/s43681-020-00013-4],2
DOI:10.1016/j.ijinfomgt.2023.102642,DOI:10.1108/jices-12-2019-0138,2
DOI:10.4018/jdm.2020040105,DOI:10.1109/tcss.2023.3251729,2
DOI:10.4018/jdm.2020040105,DOI:10.1145/3635715,2
DOI:10.4018/jdm.2020040105,"AI4K12, 2020, GRAND BAND PROGR CHA",2
DOI:10.4018/jdm.2020040105,"BORENSTEIN JASON, 2021, AI ETHICS, V1, P61, DOI [10.1007/S43681-020-00002-7, 10.1007/S43681-020-00002-7]",4
DOI:10.4018/jdm.2020040105,"BROWN S. R., 1980, POLITICAL SUBJECTIVI",2
DOI:10.4018/jdm.2020040105,DOI:10.1007/s11423-021-10018-3],2
DOI:10.4018/jdm.2020040105,DOI:10.1016/j.edurev.2020.100361,2
DOI:10.4018/jdm.2020040105,DOI:10.1016/j.patter.2021.100314,2
DOI:10.4018/jdm.2020040105,DOI:10.1080/10494820.2021.1926289,2
DOI:10.4018/jdm.2020040105,DOI:10.1145/3290605.3300677,2
DOI:10.4018/jdm.2020040105,DOI:10.1177/1077800403259491,2
DOI:10.4018/jdm.2020040105,DOI:10.1177/20539517221092956,3
DOI:10.4018/jdm.2020040105,DOI:10.1186/s40594-023-00418-7,2
DOI:10.4018/jdm.2020040105,DOI:10.1348/014466604x23473,2
DOI:10.4018/jdm.2020040105,DOI:10.2139/ssrn.3518482],6
DOI:10.4018/jdm.2020040105,DOI:10.22488/okstate.11.100594,2
DOI:10.4018/jdm.2020040105,DOI:10.4135/9781848607927,2
DOI:10.4018/jdm.2020040105,"FAST E, 2017, AAAI CONF ARTIF INTE, P963",2
DOI:10.4018/jdm.2020040105,"LUCKIN R., 2016, INTELLIGENCE UNLEASH",2
DOI:10.4018/jdm.2020040105,"PEW RESEARCH CENTER, 2021, EXPERTS DOUBT ETHICA",2
DOI:10.4018/jdm.2020040105,"ZABALA A, 2014, R J, V6, P163",2
DOI:10.4018/jdm.2020040105,DOI:10.1007/s00146-021-01168-2,3
DOI:10.4018/jdm.2020040105,DOI:10.1007/s40593-021-00239-1,3
DOI:10.4018/jdm.2020040105,DOI:10.1080/08838151.2020.1843357,2
DOI:10.4018/jdm.2020040105,DOI:10.1080/10447318.2021.2009669,2
DOI:10.4018/jdm.2020040105,"HUANG CHANGWU, 2023, IEEE TRANSACTIONS ON ARTIFICIAL INTELLIGENCE, P799, DOI [10.1109/TAI.2022.3194503, 10.1109/TAI.2022.3194503]",2
DOI:10.4018/jdm.2020040105,DOI:10.1007/s10639-022-11316-w,3
DOI:10.4018/jdm.2020040105,DOI:10.1145/3448250,2
DOI:10.4018/jdm.2020040105,DOI:10.1007/978-3-030-69978-9_4,2
DOI:10.4018/jdm.2020040105,"MULLER V.C., 2020, ETHICS OF ARTIFICIAL INTELLIGENCE AND ROBOTICS",2
DOI:10.4018/jdm.2020040105,DOI:10.1038/s41467-019-14108-y,2
DOI:10.4018/jdm.2020040105,DOI:10.1108/jices-12-2019-0138,2
DOI:10.4018/jdm.2020040105,DOI:10.1007/s11948-019-00165-5,2
DOI:10.4018/jdm.2020040105,DOI:10.1007/s11948-020-00175-8,2
DOI:10.4018/jdm.2020040105,DOI:10.1007/s13347-020-00402-x],2
DOI:10.4018/jdm.2020040105,DOI:10.1007/s43681-020-00011-6],2
DOI:10.4018/jdm.2020040105,DOI:10.1080/03071847.2019.1694260,2
DOI:10.4018/jdm.2020040105,DOI:10.1080/14494035.2021.1929728,2
DOI:10.4018/jdm.2020040105,DOI:10.1126/science.aat5991,2
DOI:10.4018/jdm.2020040105,DOI:10.3390/bdcc3020026,2
DOI:10.4018/jdm.2020040105,"FORNELL C., 1981, J MARKETING RES, V18, P382, DOI [10.1177/002224378101800104, 10.2307/3151312, 10.2307/3150980]",2
DOI:10.4018/jdm.2020040105,DOI:10.1016/j.jbusres.2020.08.024,2
DOI:10.1007/s10639-022-11316-w,DOI:10.1080/15391523.2022.2121344,2
DOI:10.1007/s10639-022-11316-w,DOI:10.14324/lre.19.1.05,2
DOI:10.1007/s10639-022-11316-w,"ADAMS C, 2023, COMPUT EDUC-ARTIF IN, V4, DOI [10.1016/J.CAEAI.2023.100131, 10.1016/J.CAEAI.2023.100131]",4
DOI:10.1007/s10639-022-11316-w,DOI:10.1002/9781119815075.ch45,2
DOI:10.1007/s10639-022-11316-w,DOI:10.1007/s11948-017-9901-7,2
DOI:10.1007/s10639-022-11316-w,DOI:10.1007/s40593-021-00270-2,4
DOI:10.1007/s10639-022-11316-w,DOI:10.1016/j.patter.2021.100314,2
DOI:10.1007/s10639-022-11316-w,DOI:10.1186/s41239-023-00408-3,2
DOI:10.1007/s10639-022-11316-w,DOI:10.2139/ssrn.3518482],4
DOI:10.1007/s10639-022-11316-w,DOI:10.37074/jalt.2023.6.2.4],2
DOI:10.1007/s10639-022-11316-w,"MEMARIAN B, 2023, COMPUT EDUC-ARTIF IN, V5, DOI [10.1016/J.CAEAI.2023.100152, 10.1016/J.CAEAI.2023.100152]",4
DOI:10.1007/s10639-022-11316-w,"SCHIFF DANIEL, 2021, IEEE TRANSACTIONS ON TECHNOLOGY AND SOCIETY, V2, P31, DOI [10.1109/TTS.2021.3052127, 10.1109/TTS.2021.3052127]",2
DOI:10.1007/s10639-022-11316-w,"AKGUN SELIN, 2022, AI ETHICS, V2, P431, DOI [10.1007/S43681-021-00096-7, 10.1007/S43681-021-00096-7]",2
DOI:10.1007/s10639-022-11316-w,"BORENSTEIN JASON, 2021, AI ETHICS, V1, P61, DOI [10.1007/S43681-020-00002-7, 10.1007/S43681-020-00002-7]",5
DOI:10.1007/s10639-022-11316-w,DOI:10.1007/s13218-021-00737-3,2
DOI:10.1007/s10639-022-11316-w,DOI:10.1007/s40593-022-00293-3,2
DOI:10.1007/s10639-022-11316-w,DOI:10.1007/s40593-022-00298-y,2
DOI:10.1007/s10639-022-11316-w,DOI:10.1016/j.caeai.2021.100041,4
DOI:10.1007/s10639-022-11316-w,DOI:10.1016/j.caeai.2022.100054],2
DOI:10.1007/s10639-022-11316-w,DOI:10.1016/j.patter.2023.100857,3
DOI:10.1007/s10639-022-11316-w,DOI:10.1080/10494820.2021.1926289,2
DOI:10.1007/s10639-022-11316-w,DOI:10.1145/3313831.3376727,2
DOI:10.1007/s10639-022-11316-w,DOI:10.1145/3375627.3375868,2
DOI:10.1007/s10639-022-11316-w,DOI:10.1145/3442188.3445914,2
DOI:10.1007/s10639-022-11316-w,DOI:10.1145/3462741.3466664,2
DOI:10.1007/s10639-022-11316-w,DOI:10.1145/3626234,2
DOI:10.1007/s10639-022-11316-w,DOI:10.1145/3635715,2
DOI:10.1007/s10639-022-11316-w,DOI:10.30630/joiv.6.2-2.1126],2
DOI:10.1007/s10639-022-11316-w,"JAVED RT, 2022, J ARTIF INTELL RES, V73, P933",2
DOI:10.1007/s10639-022-11316-w,"VAN BRUMMELEN J, 2021, AAAI CONF ARTIF INTE, V35, P15655",2
DOI:10.1007/s10639-022-11316-w,DOI:10.1007/978-3-030-12524-0_2,2
DOI:10.1007/s10639-022-11316-w,DOI:10.1007/s00146-021-01168-2,3
DOI:10.1007/s10639-022-11316-w,DOI:10.1007/s41649-021-00182-2,2
DOI:10.1007/s10639-022-11316-w,DOI:10.1080/0142159x.2023.2186203,2
DOI:10.1007/s10639-022-11316-w,DOI:10.3389/fhumd.2024.1421273,2
DOI:10.1007/s10639-022-11316-w,"UNESCO, 2021, RECOMMENDATION ETHIC",2
DOI:10.1007/s10639-022-11316-w,DOI:10.1007/s10639-021-10597-x,2
DOI:10.1007/s10639-022-11316-w,DOI:10.1007/s10639-023-11600-3,2
DOI:10.1007/s10639-022-11316-w,DOI:10.1007/s40593-021-00239-1,3
DOI:10.1007/s10639-022-11316-w,DOI:10.1080/10494820.2023.2212706,2
DOI:10.1007/s10639-022-11316-w,DOI:10.1109/access.2020.2988510,2
DOI:10.1007/s10639-022-11316-w,DOI:10.1109/educon52537.2022.9766818,2
DOI:10.1007/s10639-022-11316-w,DOI:10.1109/icalt55010.2022.00095,2
DOI:10.1007/s10639-022-11316-w,DOI:10.1145/3357236.3395558,2
DOI:10.1007/s10639-022-11316-w,DOI:10.1191/1478088706qp063oa,2
DOI:10.1007/s10639-022-11316-w,"DABBAGH HOSSEIN, 2025, AI AND ETHICS, V5, P87, DOI [10.1007/S43681-024-00462-1, 10.1007/S43681-024-00462-1]",2
DOI:10.1007/s10639-022-11316-w,DOI:10.1002/nur.20147,2
DOI:10.1007/s10639-022-11316-w,DOI:10.1007/s10676-023-09733-7,2
DOI:10.1007/s10639-022-11316-w,DOI:10.1111/bjet.13411,2
DOI:10.1007/s10639-022-11316-w,DOI:10.1111/isj.12370,2
DOI:10.1007/s10639-022-11316-w,DOI:10.1145/3381884],2
DOI:10.1007/s10639-022-11316-w,DOI:10.3390/app14041588,2
DOI:10.1007/s10639-022-11316-w,"KAJIWARA Y, 2024, COMPUT EDUC-ARTIF IN, V6, DOI [10.1016/J.CAEAI.2024.100251, 10.1016/J.CAEAI.2024.100251]",2
DOI:10.1007/s10639-022-11316-w,DOI:10.1007/978-981-99-1767-9_64,2
DOI:10.1007/s10639-022-11316-w,DOI:10.1007/s10664-024-10465-5,2
DOI:10.1007/s10639-022-11316-w,DOI:10.1007/s10639-022-11086-5,2
DOI:10.1007/s10639-022-11316-w,DOI:10.1186/s41239-021-00292-9,2
DOI:10.1007/s10639-022-11316-w,DOI:10.30191/ets.202301_26(1).0002,2
"BODDINGTON P., 2017, CODE ETHICS ARTIFICI",DOI:10.2307/j.ctvhrd092.18,2
"BODDINGTON P., 2017, CODE ETHICS ARTIFICI","GREENE D, 2019, PROCEEDINGS OF THE 52ND ANNUAL HAWAII INTERNATIONAL CONFERENCE ON SYSTEM SCIENCES, P2122",2
DOI:10.1007/s11948-015-9652-2,DOI:10.1016/j.techsoc.2016.02.004,4
DOI:10.1007/s11948-015-9652-2,DOI:10.1093/ijlit/eaz004,4
DOI:10.1007/s11948-015-9652-2,DOI:10.1098/rsta.2016.0360,5
DOI:10.1007/s11948-015-9652-2,DOI:10.1148/rg.2017160130,4
DOI:10.1007/s11948-015-9652-2,DOI:10.2214/ajr.16.17224,4
DOI:10.1007/s11948-015-9652-2,"KIM HWIYOUNG, 2019, [JOURNAL OF THE KOREAN SOCIETY OF RADIOLOGY (JKSR), 대한영상의학회지], V80, P259",4
DOI:10.1007/s11948-015-9652-2,"[ANONYMOUS], 2018, ARTIF INTELL",3
DOI:10.1007/s11948-015-9652-2,"[ANONYMOUS], 2018, ARXIV180600069CSSTAT",4
DOI:10.1007/s11948-015-9652-2,"[ANONYMOUS], 2019, CT GAN MALICIOUS TAM",4
DOI:10.1007/s11948-015-9652-2,"[ANONYMOUS], ARXIV171009762CSQBIO",4
DOI:10.1007/s11948-015-9652-2,"[ANONYMOUS], ARXIV180405296CSSTAT",4
DOI:10.1007/s11948-015-9652-2,"[ANONYMOUS], EXPLAINABLE ARTIFICI",4
DOI:10.1007/s11948-015-9652-2,"[ANONYMOUS], IEEE GLOB IN ETH AL",3
"BORENSTEIN JASON, 2021, AI ETHICS, V1, P61, DOI [10.1007/S43681-020-00002-7, 10.1007/S43681-020-00002-7]","DIGNUM VIRGINIA., 2017, ITU JOURNAL: ICT DISCOVERIES",2
"BORENSTEIN JASON, 2021, AI ETHICS, V1, P61, DOI [10.1007/S43681-020-00002-7, 10.1007/S43681-020-00002-7]",DOI:10.1007/s00146-022-01511-1,2
"BORENSTEIN JASON, 2021, AI ETHICS, V1, P61, DOI [10.1007/S43681-020-00002-7, 10.1007/S43681-020-00002-7]",DOI:10.1007/s11019-020-09948-1,2
"BORENSTEIN JASON, 2021, AI ETHICS, V1, P61, DOI [10.1007/S43681-020-00002-7, 10.1007/S43681-020-00002-7]",DOI:10.1080/1364557032000119616],2
"BORENSTEIN JASON, 2021, AI ETHICS, V1, P61, DOI [10.1007/S43681-020-00002-7, 10.1007/S43681-020-00002-7]",DOI:10.1108/jices-06-2018-0056,2
"BORENSTEIN JASON, 2021, AI ETHICS, V1, P61, DOI [10.1007/S43681-020-00002-7, 10.1007/S43681-020-00002-7]",DOI:10.1109/edocw52865.2021.00036,2
"BORENSTEIN JASON, 2021, AI ETHICS, V1, P61, DOI [10.1007/S43681-020-00002-7, 10.1007/S43681-020-00002-7]",DOI:10.1145/2939672.2945386,2
"BORENSTEIN JASON, 2021, AI ETHICS, V1, P61, DOI [10.1007/S43681-020-00002-7, 10.1007/S43681-020-00002-7]",DOI:10.1145/2983323.2983776,2
"BORENSTEIN JASON, 2021, AI ETHICS, V1, P61, DOI [10.1007/S43681-020-00002-7, 10.1007/S43681-020-00002-7]",DOI:10.1145/3294052.3322192,2
"BORENSTEIN JASON, 2021, AI ETHICS, V1, P61, DOI [10.1007/S43681-020-00002-7, 10.1007/S43681-020-00002-7]",DOI:10.1145/3328778.3366825,3
"BORENSTEIN JASON, 2021, AI ETHICS, V1, P61, DOI [10.1007/S43681-020-00002-7, 10.1007/S43681-020-00002-7]",DOI:10.1145/3375627.3375868,6
"BORENSTEIN JASON, 2021, AI ETHICS, V1, P61, DOI [10.1007/S43681-020-00002-7, 10.1007/S43681-020-00002-7]",DOI:10.1145/3442188.3445914,7
"BORENSTEIN JASON, 2021, AI ETHICS, V1, P61, DOI [10.1007/S43681-020-00002-7, 10.1007/S43681-020-00002-7]",DOI:10.2196/25759,2
"BORENSTEIN JASON, 2021, AI ETHICS, V1, P61, DOI [10.1007/S43681-020-00002-7, 10.1007/S43681-020-00002-7]",DOI:10.2196/46428,2
"BORENSTEIN JASON, 2021, AI ETHICS, V1, P61, DOI [10.1007/S43681-020-00002-7, 10.1007/S43681-020-00002-7]",DOI:10.3390/su13073718,3
"BORENSTEIN JASON, 2021, AI ETHICS, V1, P61, DOI [10.1007/S43681-020-00002-7, 10.1007/S43681-020-00002-7]",DOI:10.4018/978-1-7998-4763-2.ch005,2
"BORENSTEIN JASON, 2021, AI ETHICS, V1, P61, DOI [10.1007/S43681-020-00002-7, 10.1007/S43681-020-00002-7]",DOI:10.7326/m18-0850,2
"BORENSTEIN JASON, 2021, AI ETHICS, V1, P61, DOI [10.1007/S43681-020-00002-7, 10.1007/S43681-020-00002-7]","JAVED RT, 2022, J ARTIF INTELL RES, V73, P933",4
"BORENSTEIN JASON, 2021, AI ETHICS, V1, P61, DOI [10.1007/S43681-020-00002-7, 10.1007/S43681-020-00002-7]","SOWMIA K. R., 2020, J GREEN ENG, V10, P1566",2
"BORENSTEIN JASON, 2021, AI ETHICS, V1, P61, DOI [10.1007/S43681-020-00002-7, 10.1007/S43681-020-00002-7]","[ANONYMOUS], 2019, ETHICALLY ALIGNED DESIGN: A VISION FOR PRIORITIZING HUMAN WELL-BEING WITH AUTONOMOUS AND INTELLIGENT SYSTEMS",3
"BORENSTEIN JASON, 2021, AI ETHICS, V1, P61, DOI [10.1007/S43681-020-00002-7, 10.1007/S43681-020-00002-7]","AKGUN SELIN, 2022, AI ETHICS, V2, P431, DOI [10.1007/S43681-021-00096-7, 10.1007/S43681-021-00096-7]",4
"BORENSTEIN JASON, 2021, AI ETHICS, V1, P61, DOI [10.1007/S43681-020-00002-7, 10.1007/S43681-020-00002-7]",DOI:10.1007/978-3-031-04826-5_22,2
"BORENSTEIN JASON, 2021, AI ETHICS, V1, P61, DOI [10.1007/S43681-020-00002-7, 10.1007/S43681-020-00002-7]",DOI:10.1007/s00146-022-01497-w,2
"BORENSTEIN JASON, 2021, AI ETHICS, V1, P61, DOI [10.1007/S43681-020-00002-7, 10.1007/S43681-020-00002-7]",DOI:10.1007/s11092-008-9064-9,2
"BORENSTEIN JASON, 2021, AI ETHICS, V1, P61, DOI [10.1007/S43681-020-00002-7, 10.1007/S43681-020-00002-7]",DOI:10.1007/s11948-016-9797-7,3
"BORENSTEIN JASON, 2021, AI ETHICS, V1, P61, DOI [10.1007/S43681-020-00002-7, 10.1007/S43681-020-00002-7]",DOI:10.1007/s11948-019-00165-5,3
"BORENSTEIN JASON, 2021, AI ETHICS, V1, P61, DOI [10.1007/S43681-020-00002-7, 10.1007/S43681-020-00002-7]",DOI:10.1007/s13218-021-00737-3,2
"BORENSTEIN JASON, 2021, AI ETHICS, V1, P61, DOI [10.1007/S43681-020-00002-7, 10.1007/S43681-020-00002-7]",DOI:10.1007/s40593-021-00270-2,3
"BORENSTEIN JASON, 2021, AI ETHICS, V1, P61, DOI [10.1007/S43681-020-00002-7, 10.1007/S43681-020-00002-7]",DOI:10.1007/s40593-022-00293-3,3
"BORENSTEIN JASON, 2021, AI ETHICS, V1, P61, DOI [10.1007/S43681-020-00002-7, 10.1007/S43681-020-00002-7]",DOI:10.1007/s40593-022-00298-y,2
"BORENSTEIN JASON, 2021, AI ETHICS, V1, P61, DOI [10.1007/S43681-020-00002-7, 10.1007/S43681-020-00002-7]",DOI:10.1007/s43681-020-00020-5],3
"BORENSTEIN JASON, 2021, AI ETHICS, V1, P61, DOI [10.1007/S43681-020-00002-7, 10.1007/S43681-020-00002-7]",DOI:10.1016/j.caeai.2021.100041,3
"BORENSTEIN JASON, 2021, AI ETHICS, V1, P61, DOI [10.1007/S43681-020-00002-7, 10.1007/S43681-020-00002-7]",DOI:10.1016/j.caeai.2022.100054],2
"BORENSTEIN JASON, 2021, AI ETHICS, V1, P61, DOI [10.1007/S43681-020-00002-7, 10.1007/S43681-020-00002-7]",DOI:10.1016/j.caeo.2024.100171,2
"BORENSTEIN JASON, 2021, AI ETHICS, V1, P61, DOI [10.1007/S43681-020-00002-7, 10.1007/S43681-020-00002-7]",DOI:10.1016/j.patter.2021.100314,2
"BORENSTEIN JASON, 2021, AI ETHICS, V1, P61, DOI [10.1007/S43681-020-00002-7, 10.1007/S43681-020-00002-7]",DOI:10.1037/13620-004,2
"BORENSTEIN JASON, 2021, AI ETHICS, V1, P61, DOI [10.1007/S43681-020-00002-7, 10.1007/S43681-020-00002-7]",DOI:10.1080/10494820.2021.1926289,4
"BORENSTEIN JASON, 2021, AI ETHICS, V1, P61, DOI [10.1007/S43681-020-00002-7, 10.1007/S43681-020-00002-7]",DOI:10.1093/oxfordhb/9780197579329.013.31],2
"BORENSTEIN JASON, 2021, AI ETHICS, V1, P61, DOI [10.1007/S43681-020-00002-7, 10.1007/S43681-020-00002-7]",DOI:10.1145/3154485,2
"BORENSTEIN JASON, 2021, AI ETHICS, V1, P61, DOI [10.1007/S43681-020-00002-7, 10.1007/S43681-020-00002-7]",DOI:10.1145/3313831.3376727,5
"BORENSTEIN JASON, 2021, AI ETHICS, V1, P61, DOI [10.1007/S43681-020-00002-7, 10.1007/S43681-020-00002-7]",DOI:10.1145/3330794,5
"BORENSTEIN JASON, 2021, AI ETHICS, V1, P61, DOI [10.1007/S43681-020-00002-7, 10.1007/S43681-020-00002-7]",DOI:10.1145/3462741.3466664,2
"BORENSTEIN JASON, 2021, AI ETHICS, V1, P61, DOI [10.1007/S43681-020-00002-7, 10.1007/S43681-020-00002-7]",DOI:10.1145/3634685,2
"BORENSTEIN JASON, 2021, AI ETHICS, V1, P61, DOI [10.1007/S43681-020-00002-7, 10.1007/S43681-020-00002-7]",DOI:10.1177/20539517241299732,2
"BORENSTEIN JASON, 2021, AI ETHICS, V1, P61, DOI [10.1007/S43681-020-00002-7, 10.1007/S43681-020-00002-7]",DOI:10.2139/ssrn.3518482],6
"BORENSTEIN JASON, 2021, AI ETHICS, V1, P61, DOI [10.1007/S43681-020-00002-7, 10.1007/S43681-020-00002-7]",DOI:10.30630/joiv.6.2-2.1126],2
"BORENSTEIN JASON, 2021, AI ETHICS, V1, P61, DOI [10.1007/S43681-020-00002-7, 10.1007/S43681-020-00002-7]",DOI:10.5555/3447307.3447313,3
"BORENSTEIN JASON, 2021, AI ETHICS, V1, P61, DOI [10.1007/S43681-020-00002-7, 10.1007/S43681-020-00002-7]","SOUTHWORTH JANE, TRANSFORMING HIGHER, V4",3
"BORENSTEIN JASON, 2021, AI ETHICS, V1, P61, DOI [10.1007/S43681-020-00002-7, 10.1007/S43681-020-00002-7]","VAN BRUMMELEN J, 2021, AAAI CONF ARTIF INTE, V35, P15655",3
"BORENSTEIN JASON, 2021, AI ETHICS, V1, P61, DOI [10.1007/S43681-020-00002-7, 10.1007/S43681-020-00002-7]","ADAMS C, 2022, INT REV INF ETHICS, V31",2
"BORENSTEIN JASON, 2021, AI ETHICS, V1, P61, DOI [10.1007/S43681-020-00002-7, 10.1007/S43681-020-00002-7]",DOI:10.1007/s00146-022-01602-z,3
"BORENSTEIN JASON, 2021, AI ETHICS, V1, P61, DOI [10.1007/S43681-020-00002-7, 10.1007/S43681-020-00002-7]",DOI:10.1080/2331186x.2023.2290342,2
"BORENSTEIN JASON, 2021, AI ETHICS, V1, P61, DOI [10.1007/S43681-020-00002-7, 10.1007/S43681-020-00002-7]",DOI:10.1186/s41239-023-00408-3,2
"BORENSTEIN JASON, 2021, AI ETHICS, V1, P61, DOI [10.1007/S43681-020-00002-7, 10.1007/S43681-020-00002-7]",DOI:10.1186/s41239-023-00436-z,2
"BORENSTEIN JASON, 2021, AI ETHICS, V1, P61, DOI [10.1007/S43681-020-00002-7, 10.1007/S43681-020-00002-7]","AI4K12, 2020, GRAND BAND PROGR CHA",2
"BORENSTEIN JASON, 2021, AI ETHICS, V1, P61, DOI [10.1007/S43681-020-00002-7, 10.1007/S43681-020-00002-7]","BROWN S. R., 1980, POLITICAL SUBJECTIVI",2
"BORENSTEIN JASON, 2021, AI ETHICS, V1, P61, DOI [10.1007/S43681-020-00002-7, 10.1007/S43681-020-00002-7]","COECKELBERGH M., 2020, AI ETHICS",2
"BORENSTEIN JASON, 2021, AI ETHICS, V1, P61, DOI [10.1007/S43681-020-00002-7, 10.1007/S43681-020-00002-7]",DOI:10.1007/s11423-021-10018-3],2
"BORENSTEIN JASON, 2021, AI ETHICS, V1, P61, DOI [10.1007/S43681-020-00002-7, 10.1007/S43681-020-00002-7]",DOI:10.1016/j.edurev.2020.100361,2
"BORENSTEIN JASON, 2021, AI ETHICS, V1, P61, DOI [10.1007/S43681-020-00002-7, 10.1007/S43681-020-00002-7]",DOI:10.1145/3290605.3300677,2
"BORENSTEIN JASON, 2021, AI ETHICS, V1, P61, DOI [10.1007/S43681-020-00002-7, 10.1007/S43681-020-00002-7]",DOI:10.1177/1077800403259491,2
"BORENSTEIN JASON, 2021, AI ETHICS, V1, P61, DOI [10.1007/S43681-020-00002-7, 10.1007/S43681-020-00002-7]",DOI:10.1177/20539517221092956,3
"BORENSTEIN JASON, 2021, AI ETHICS, V1, P61, DOI [10.1007/S43681-020-00002-7, 10.1007/S43681-020-00002-7]",DOI:10.1186/s40594-023-00418-7,5
"BORENSTEIN JASON, 2021, AI ETHICS, V1, P61, DOI [10.1007/S43681-020-00002-7, 10.1007/S43681-020-00002-7]",DOI:10.1348/014466604x23473,2
"BORENSTEIN JASON, 2021, AI ETHICS, V1, P61, DOI [10.1007/S43681-020-00002-7, 10.1007/S43681-020-00002-7]",DOI:10.1609/aaai.v37i13.26906],2
"BORENSTEIN JASON, 2021, AI ETHICS, V1, P61, DOI [10.1007/S43681-020-00002-7, 10.1007/S43681-020-00002-7]",DOI:10.22488/okstate.11.100594,2
"BORENSTEIN JASON, 2021, AI ETHICS, V1, P61, DOI [10.1007/S43681-020-00002-7, 10.1007/S43681-020-00002-7]",DOI:10.4135/9781848607927,2
"BORENSTEIN JASON, 2021, AI ETHICS, V1, P61, DOI [10.1007/S43681-020-00002-7, 10.1007/S43681-020-00002-7]","FAST E, 2017, AAAI CONF ARTIF INTE, P963",2
"BORENSTEIN JASON, 2021, AI ETHICS, V1, P61, DOI [10.1007/S43681-020-00002-7, 10.1007/S43681-020-00002-7]","LUCKIN R., 2016, INTELLIGENCE UNLEASH",2
"BORENSTEIN JASON, 2021, AI ETHICS, V1, P61, DOI [10.1007/S43681-020-00002-7, 10.1007/S43681-020-00002-7]","PEW RESEARCH CENTER, 2021, EXPERTS DOUBT ETHICA",2
"BORENSTEIN JASON, 2021, AI ETHICS, V1, P61, DOI [10.1007/S43681-020-00002-7, 10.1007/S43681-020-00002-7]","ZABALA A, 2014, R J, V6, P163",2
"BORENSTEIN JASON, 2021, AI ETHICS, V1, P61, DOI [10.1007/S43681-020-00002-7, 10.1007/S43681-020-00002-7]",DOI:10.1007/s00146-021-01168-2,5
"BORENSTEIN JASON, 2021, AI ETHICS, V1, P61, DOI [10.1007/S43681-020-00002-7, 10.1007/S43681-020-00002-7]",DOI:10.1007/s10639-022-11086-5,2
"BORENSTEIN JASON, 2021, AI ETHICS, V1, P61, DOI [10.1007/S43681-020-00002-7, 10.1007/S43681-020-00002-7]",DOI:10.1007/s40593-021-00239-1,6
"BORENSTEIN JASON, 2021, AI ETHICS, V1, P61, DOI [10.1007/S43681-020-00002-7, 10.1007/S43681-020-00002-7]",DOI:10.1080/0144929x.2024.2350666,2
"BORENSTEIN JASON, 2021, AI ETHICS, V1, P61, DOI [10.1007/S43681-020-00002-7, 10.1007/S43681-020-00002-7]",DOI:10.1080/08838151.2020.1843357,2
"BORENSTEIN JASON, 2021, AI ETHICS, V1, P61, DOI [10.1007/S43681-020-00002-7, 10.1007/S43681-020-00002-7]",DOI:10.1111/jcal.12867,2
"BORENSTEIN JASON, 2021, AI ETHICS, V1, P61, DOI [10.1007/S43681-020-00002-7, 10.1007/S43681-020-00002-7]",DOI:10.1145/3159450.3159573,2
"BORENSTEIN JASON, 2021, AI ETHICS, V1, P61, DOI [10.1007/S43681-020-00002-7, 10.1007/S43681-020-00002-7]","KASPERSEN MAGNUS HOHOLT, 2022, INTERNATIONAL JOURNAL OF CHILD-COMPUTER INTERACTION, DOI [10.1016/J.IJCCI.2022.100539, 10.1016/J.IJCCI.2022.100539]",2
"BORENSTEIN JASON, 2021, AI ETHICS, V1, P61, DOI [10.1007/S43681-020-00002-7, 10.1007/S43681-020-00002-7]","ADAMS C, 2023, COMPUT EDUC-ARTIF IN, V4, DOI [10.1016/J.CAEAI.2023.100131, 10.1016/J.CAEAI.2023.100131]",2
"BORENSTEIN JASON, 2021, AI ETHICS, V1, P61, DOI [10.1007/S43681-020-00002-7, 10.1007/S43681-020-00002-7]",DOI:10.1007/s41649-021-00182-2,2
"BORENSTEIN JASON, 2021, AI ETHICS, V1, P61, DOI [10.1007/S43681-020-00002-7, 10.1007/S43681-020-00002-7]","UNESCO, 2021, RECOMMENDATION ETHIC",2
"BORENSTEIN JASON, 2021, AI ETHICS, V1, P61, DOI [10.1007/S43681-020-00002-7, 10.1007/S43681-020-00002-7]",DOI:10.1007/s10639-023-11600-3,2
"BORENSTEIN JASON, 2021, AI ETHICS, V1, P61, DOI [10.1007/S43681-020-00002-7, 10.1007/S43681-020-00002-7]",DOI:10.1016/j.caeai.2021.100008],2
"BORENSTEIN JASON, 2021, AI ETHICS, V1, P61, DOI [10.1007/S43681-020-00002-7, 10.1007/S43681-020-00002-7]",DOI:10.1080/10494820.2023.2212706,2
"BORENSTEIN JASON, 2021, AI ETHICS, V1, P61, DOI [10.1007/S43681-020-00002-7, 10.1007/S43681-020-00002-7]",DOI:10.1109/access.2020.2988510,2
"BORENSTEIN JASON, 2021, AI ETHICS, V1, P61, DOI [10.1007/S43681-020-00002-7, 10.1007/S43681-020-00002-7]",DOI:10.1109/educon52537.2022.9766818,2
"BORENSTEIN JASON, 2021, AI ETHICS, V1, P61, DOI [10.1007/S43681-020-00002-7, 10.1007/S43681-020-00002-7]",DOI:10.1145/3357236.3395558,2
"BORENSTEIN JASON, 2021, AI ETHICS, V1, P61, DOI [10.1007/S43681-020-00002-7, 10.1007/S43681-020-00002-7]",DOI:10.1186/s41239-019-0171-0,3
"BORENSTEIN JASON, 2021, AI ETHICS, V1, P61, DOI [10.1007/S43681-020-00002-7, 10.1007/S43681-020-00002-7]",DOI:10.1007/s00146-020-01112-w,2
"BORENSTEIN JASON, 2021, AI ETHICS, V1, P61, DOI [10.1007/S43681-020-00002-7, 10.1007/S43681-020-00002-7]",DOI:10.1145/3299758.3299764,2
"BORENSTEIN JASON, 2021, AI ETHICS, V1, P61, DOI [10.1007/S43681-020-00002-7, 10.1007/S43681-020-00002-7]",DOI:10.1007/978-981-99-1767-9_64,2
"BORENSTEIN JASON, 2021, AI ETHICS, V1, P61, DOI [10.1007/S43681-020-00002-7, 10.1007/S43681-020-00002-7]",DOI:10.1207/s15430421tip4104_2,2
"BORENSTEIN JASON, 2021, AI ETHICS, V1, P61, DOI [10.1007/S43681-020-00002-7, 10.1007/S43681-020-00002-7]","DASTIN JEREY., 2018, REUTERS",2
"BORENSTEIN JASON, 2021, AI ETHICS, V1, P61, DOI [10.1007/S43681-020-00002-7, 10.1007/S43681-020-00002-7]",DOI:10.1007/s10551-022-05051-y,3
"BORENSTEIN JASON, 2021, AI ETHICS, V1, P61, DOI [10.1007/S43681-020-00002-7, 10.1007/S43681-020-00002-7]",DOI:10.1016/j.jbusres.2020.10.044,2
"BORENSTEIN JASON, 2021, AI ETHICS, V1, P61, DOI [10.1007/S43681-020-00002-7, 10.1007/S43681-020-00002-7]",DOI:10.1108/ebr-11-2018-0203,2
"BORENSTEIN JASON, 2021, AI ETHICS, V1, P61, DOI [10.1007/S43681-020-00002-7, 10.1007/S43681-020-00002-7]","HAIR JF., 2010, MULTIVARIATE DATA ANALYSIS, V7TH",2
"BORENSTEIN JASON, 2021, AI ETHICS, V1, P61, DOI [10.1007/S43681-020-00002-7, 10.1007/S43681-020-00002-7]",DOI:10.1007/s40593-021-00248-0,3
"BORENSTEIN JASON, 2021, AI ETHICS, V1, P61, DOI [10.1007/S43681-020-00002-7, 10.1007/S43681-020-00002-7]",DOI:10.1007/s10639-022-10925-9,2
"BORENSTEIN JASON, 2021, AI ETHICS, V1, P61, DOI [10.1007/S43681-020-00002-7, 10.1007/S43681-020-00002-7]",DOI:10.1007/s11948-016-9809-7,2
"BORENSTEIN JASON, 2021, AI ETHICS, V1, P61, DOI [10.1007/S43681-020-00002-7, 10.1007/S43681-020-00002-7]",DOI:10.1007/s11948-016-9814-x,2
"BORENSTEIN JASON, 2021, AI ETHICS, V1, P61, DOI [10.1007/S43681-020-00002-7, 10.1007/S43681-020-00002-7]",DOI:10.1007/s11948-021-00280-2,2
"BORENSTEIN JASON, 2021, AI ETHICS, V1, P61, DOI [10.1007/S43681-020-00002-7, 10.1007/S43681-020-00002-7]",DOI:10.1016/j.compedu.2023.104813,3
"BORENSTEIN JASON, 2021, AI ETHICS, V1, P61, DOI [10.1007/S43681-020-00002-7, 10.1007/S43681-020-00002-7]",DOI:10.1080/22054952.2021.1914297],2
"BORENSTEIN JASON, 2021, AI ETHICS, V1, P61, DOI [10.1007/S43681-020-00002-7, 10.1007/S43681-020-00002-7]",DOI:10.1109/ssci47803.2020.9308437,2
"BORENSTEIN JASON, 2021, AI ETHICS, V1, P61, DOI [10.1007/S43681-020-00002-7, 10.1007/S43681-020-00002-7]",DOI:10.1126/science.aat5991,3
"BORENSTEIN JASON, 2021, AI ETHICS, V1, P61, DOI [10.1007/S43681-020-00002-7, 10.1007/S43681-020-00002-7]",DOI:10.1177/10776958221149577],2
"BORENSTEIN JASON, 2021, AI ETHICS, V1, P61, DOI [10.1007/S43681-020-00002-7, 10.1007/S43681-020-00002-7]",DOI:10.1186/s40594-023-00452-5,2
"BORENSTEIN JASON, 2021, AI ETHICS, V1, P61, DOI [10.1007/S43681-020-00002-7, 10.1007/S43681-020-00002-7]",DOI:10.1186/s40594-023-00454-3,2
"BORENSTEIN JASON, 2021, AI ETHICS, V1, P61, DOI [10.1007/S43681-020-00002-7, 10.1007/S43681-020-00002-7]",DOI:10.1186/s40594-024-00484-5,2
"BORENSTEIN JASON, 2021, AI ETHICS, V1, P61, DOI [10.1007/S43681-020-00002-7, 10.1007/S43681-020-00002-7]",DOI:10.30191/ets.202301_26(1).0002,3
"BORENSTEIN JASON, 2021, AI ETHICS, V1, P61, DOI [10.1007/S43681-020-00002-7, 10.1007/S43681-020-00002-7]","ERDURAN SIBEL, 2023, SCIENCE, V382, PEADM9788, DOI [10.1126/SCIENCE.ADM9788, 10.1126/SCIENCE.ADM9788]",2
"BORENSTEIN JASON, 2021, AI ETHICS, V1, P61, DOI [10.1007/S43681-020-00002-7, 10.1007/S43681-020-00002-7]","HSIEH HF, 2005, QUAL HEALTH RES, V15, P1277, DOI [10.1177/1049732305276687, 10.1111/EVA.13711]",2
"BORENSTEIN JASON, 2021, AI ETHICS, V1, P61, DOI [10.1007/S43681-020-00002-7, 10.1007/S43681-020-00002-7]",DOI:10.1016/j.compedu.2022.104582,2
"BORENSTEIN JASON, 2021, AI ETHICS, V1, P61, DOI [10.1007/S43681-020-00002-7, 10.1007/S43681-020-00002-7]",DOI:10.1111/bjet.13411,2
"BORENSTEIN JASON, 2021, AI ETHICS, V1, P61, DOI [10.1007/S43681-020-00002-7, 10.1007/S43681-020-00002-7]",DOI:10.1145/3341525.3387364,2
"BORENSTEIN JASON, 2021, AI ETHICS, V1, P61, DOI [10.1007/S43681-020-00002-7, 10.1007/S43681-020-00002-7]",DOI:10.1145/3381884],2
"BORENSTEIN JASON, 2021, AI ETHICS, V1, P61, DOI [10.1007/S43681-020-00002-7, 10.1007/S43681-020-00002-7]",DOI:10.3390/app14041588,2
"BORENSTEIN JASON, 2021, AI ETHICS, V1, P61, DOI [10.1007/S43681-020-00002-7, 10.1007/S43681-020-00002-7]","KAJIWARA Y, 2024, COMPUT EDUC-ARTIF IN, V6, DOI [10.1016/J.CAEAI.2024.100251, 10.1016/J.CAEAI.2024.100251]",2
"BORENSTEIN JASON, 2021, AI ETHICS, V1, P61, DOI [10.1007/S43681-020-00002-7, 10.1007/S43681-020-00002-7]",DOI:10.1007/s11948-020-00213-5,2
"BORENSTEIN JASON, 2021, AI ETHICS, V1, P61, DOI [10.1007/S43681-020-00002-7, 10.1007/S43681-020-00002-7]",DOI:10.2753/mtp1069-6679190202,2
"BORENSTEIN JASON, 2021, AI ETHICS, V1, P61, DOI [10.1007/S43681-020-00002-7, 10.1007/S43681-020-00002-7]",DOI:10.1186/s40594-024-00493-4,2
"BORENSTEIN JASON, 2021, AI ETHICS, V1, P61, DOI [10.1007/S43681-020-00002-7, 10.1007/S43681-020-00002-7]",DOI:10.1186/s41239-023-00392-8,2
"DIGNUM VIRGINIA., 2017, ITU JOURNAL: ICT DISCOVERIES",DOI:10.1007/s11019-020-09948-1,2
"DIGNUM VIRGINIA., 2017, ITU JOURNAL: ICT DISCOVERIES",DOI:10.1080/1364557032000119616],2
"DIGNUM VIRGINIA., 2017, ITU JOURNAL: ICT DISCOVERIES",DOI:10.1108/jices-06-2018-0056,2
"DIGNUM VIRGINIA., 2017, ITU JOURNAL: ICT DISCOVERIES",DOI:10.1109/edocw52865.2021.00036,2
"DIGNUM VIRGINIA., 2017, ITU JOURNAL: ICT DISCOVERIES",DOI:10.1145/2939672.2945386,2
"DIGNUM VIRGINIA., 2017, ITU JOURNAL: ICT DISCOVERIES",DOI:10.1145/2983323.2983776,2
"DIGNUM VIRGINIA., 2017, ITU JOURNAL: ICT DISCOVERIES",DOI:10.1145/3294052.3322192,2
"DIGNUM VIRGINIA., 2017, ITU JOURNAL: ICT DISCOVERIES",DOI:10.1145/3442188.3445914,2
"DIGNUM VIRGINIA., 2017, ITU JOURNAL: ICT DISCOVERIES",DOI:10.2196/25759,2
"DIGNUM VIRGINIA., 2017, ITU JOURNAL: ICT DISCOVERIES",DOI:10.4018/978-1-7998-4763-2.ch005,2
"DIGNUM VIRGINIA., 2017, ITU JOURNAL: ICT DISCOVERIES",DOI:10.7326/m18-0850,2
"DIGNUM VIRGINIA., 2017, ITU JOURNAL: ICT DISCOVERIES","SOWMIA K. R., 2020, J GREEN ENG, V10, P1566",2
"DIGNUM VIRGINIA., 2017, ITU JOURNAL: ICT DISCOVERIES","BRYNJOLFFSON ERICANDREW MCAFEE., 2014, THE SECOND MACHINE AGE: WORK, PROGRESS, AND PROSPERITY IN A TIME OF BRILLIANT TECHNOLOGIES",2
DOI:10.1007/s00146-022-01511-1,DOI:10.1145/3375627.3375868,2
DOI:10.1007/s00146-022-01511-1,DOI:10.1145/3442188.3445914,2
DOI:10.1007/s00146-022-01511-1,DOI:10.3390/su13073718,2
DOI:10.1007/s00146-022-01511-1,"JAVED RT, 2022, J ARTIF INTELL RES, V73, P933",2
DOI:10.1007/s10459-021-10040-3,DOI:10.2196/46428,2
DOI:10.1007/s10459-021-10040-3,DOI:10.7326/m18-0850,3
DOI:10.1007/s10459-021-10040-3,DOI:10.1038/s41746-018-0061-1,2
DOI:10.1007/s10459-021-10040-3,DOI:10.1038/s41746-020-0288-5,2
DOI:10.1007/s10459-021-10040-3,DOI:10.1038/s41746-020-0294-7,3
DOI:10.1007/s10459-021-10040-3,DOI:10.1097/acm.0000000000004291,3
DOI:10.1007/s10459-021-10040-3,DOI:10.1101/2021.01.14.21249830,2
DOI:10.1007/s10459-021-10040-3,DOI:10.1145/33066183314289,2
DOI:10.1007/s10459-021-10040-3,DOI:10.1177/23821205211036836,2
DOI:10.1007/s10459-021-10040-3,DOI:10.1186/s12909-022-03852-3,2
DOI:10.1007/s10459-021-10040-3,DOI:10.1371/journal.pdig.0000198,2
DOI:10.1007/s10459-021-10040-3,DOI:10.2196/45312,2
DOI:10.1007/s10459-021-10040-3,DOI:10.2196/46885,2
DOI:10.1007/s10459-021-10040-3,DOI:10.2196/48163,2
DOI:10.1007/s10459-021-10040-3,DOI:10.3390/app12094130,2
DOI:10.1007/s10459-021-10040-3,DOI:10.4103/jfmpc.jfmpc_440_19,2
DOI:10.1007/s10459-021-10040-3,DOI:10.48550/arxiv.2109.02866],2
DOI:10.1007/s10459-021-10040-3,DOI:10.5334/pme.954,2
DOI:10.1007/s10459-021-10040-3,"HAMET P, 2017, METABOLISM, V69, PS36, DOI [10.26738/MJEM.2017/MJEM26.2018/PLH.CRE.041017, 10.1016/J.METABOL.2017.01.011]",2
DOI:10.1007/s10459-021-10040-3,"PARANJAPE KETAN, 2019, JMIR MED EDUC, V5, PE16048, DOI [10.2196/16048, 10.2196/16048]",2
DOI:10.1007/s10459-021-10040-3,"RUSSELL S., 2002, ARTIFICIAL INTELLIGENCE: A MODERN APPROACH",2
DOI:10.1007/s11019-020-09948-1,DOI:10.1080/1364557032000119616],2
DOI:10.1007/s11019-020-09948-1,DOI:10.1108/jices-06-2018-0056,2
DOI:10.1007/s11019-020-09948-1,DOI:10.1109/edocw52865.2021.00036,2
DOI:10.1007/s11019-020-09948-1,DOI:10.1145/2939672.2945386,2
DOI:10.1007/s11019-020-09948-1,DOI:10.1145/2983323.2983776,2
DOI:10.1007/s11019-020-09948-1,DOI:10.1145/3294052.3322192,2
DOI:10.1007/s11019-020-09948-1,DOI:10.1145/3442188.3445914,2
DOI:10.1007/s11019-020-09948-1,DOI:10.2196/25759,2
DOI:10.1007/s11019-020-09948-1,DOI:10.4018/978-1-7998-4763-2.ch005,2
DOI:10.1007/s11019-020-09948-1,DOI:10.7326/m18-0850,2
DOI:10.1007/s11019-020-09948-1,"SOWMIA K. R., 2020, J GREEN ENG, V10, P1566",2
DOI:10.1080/1364557032000119616],DOI:10.1108/jices-06-2018-0056,2
DOI:10.1080/1364557032000119616],DOI:10.1109/edocw52865.2021.00036,2
DOI:10.1080/1364557032000119616],DOI:10.1145/2939672.2945386,2
DOI:10.1080/1364557032000119616],DOI:10.1145/2983323.2983776,2
DOI:10.1080/1364557032000119616],DOI:10.1145/3294052.3322192,2
DOI:10.1080/1364557032000119616],DOI:10.1145/3442188.3445914,2
DOI:10.1080/1364557032000119616],DOI:10.2196/25759,2
DOI:10.1080/1364557032000119616],DOI:10.4018/978-1-7998-4763-2.ch005,2
DOI:10.1080/1364557032000119616],DOI:10.7326/m18-0850,2
DOI:10.1080/1364557032000119616],"SOWMIA K. R., 2020, J GREEN ENG, V10, P1566",2
DOI:10.1080/1364557032000119616],DOI:10.1002/jrsm.1123,2
DOI:10.1080/1364557032000119616],DOI:10.1186/1748-5908-5-69,2
DOI:10.1080/1364557032000119616],DOI:10.2139/ssrn.3518482],2
DOI:10.1108/jices-06-2018-0056,DOI:10.1109/edocw52865.2021.00036,2
DOI:10.1108/jices-06-2018-0056,DOI:10.1145/2939672.2945386,2
DOI:10.1108/jices-06-2018-0056,DOI:10.1145/2983323.2983776,2
DOI:10.1108/jices-06-2018-0056,DOI:10.1145/3294052.3322192,2
DOI:10.1108/jices-06-2018-0056,DOI:10.1145/3442188.3445914,2
DOI:10.1108/jices-06-2018-0056,DOI:10.2196/25759,2
DOI:10.1108/jices-06-2018-0056,DOI:10.4018/978-1-7998-4763-2.ch005,2
DOI:10.1108/jices-06-2018-0056,DOI:10.7326/m18-0850,2
DOI:10.1108/jices-06-2018-0056,"SOWMIA K. R., 2020, J GREEN ENG, V10, P1566",2
DOI:10.1109/edocw52865.2021.00036,DOI:10.1145/2939672.2945386,2
DOI:10.1109/edocw52865.2021.00036,DOI:10.1145/2983323.2983776,2
DOI:10.1109/edocw52865.2021.00036,DOI:10.1145/3294052.3322192,2
DOI:10.1109/edocw52865.2021.00036,DOI:10.1145/3442188.3445914,2
DOI:10.1109/edocw52865.2021.00036,DOI:10.2196/25759,2
DOI:10.1109/edocw52865.2021.00036,DOI:10.4018/978-1-7998-4763-2.ch005,2
DOI:10.1109/edocw52865.2021.00036,DOI:10.7326/m18-0850,2
DOI:10.1109/edocw52865.2021.00036,"SOWMIA K. R., 2020, J GREEN ENG, V10, P1566",2
DOI:10.1145/2939672.2945386,DOI:10.1145/2983323.2983776,2
DOI:10.1145/2939672.2945386,DOI:10.1145/3294052.3322192,2
DOI:10.1145/2939672.2945386,DOI:10.1145/3442188.3445914,2
DOI:10.1145/2939672.2945386,DOI:10.2196/25759,2
DOI:10.1145/2939672.2945386,DOI:10.4018/978-1-7998-4763-2.ch005,2
DOI:10.1145/2939672.2945386,DOI:10.7326/m18-0850,2
DOI:10.1145/2939672.2945386,"SOWMIA K. R., 2020, J GREEN ENG, V10, P1566",2
DOI:10.1145/2983323.2983776,DOI:10.1145/3294052.3322192,2
DOI:10.1145/2983323.2983776,DOI:10.1145/3442188.3445914,2
DOI:10.1145/2983323.2983776,DOI:10.2196/25759,2
DOI:10.1145/2983323.2983776,DOI:10.4018/978-1-7998-4763-2.ch005,2
DOI:10.1145/2983323.2983776,DOI:10.7326/m18-0850,2
DOI:10.1145/2983323.2983776,"SOWMIA K. R., 2020, J GREEN ENG, V10, P1566",2
DOI:10.1145/3294052.3322192,DOI:10.1145/3442188.3445914,2
DOI:10.1145/3294052.3322192,DOI:10.2196/25759,2
DOI:10.1145/3294052.3322192,DOI:10.4018/978-1-7998-4763-2.ch005,2
DOI:10.1145/3294052.3322192,DOI:10.7326/m18-0850,2
DOI:10.1145/3294052.3322192,"SOWMIA K. R., 2020, J GREEN ENG, V10, P1566",2
DOI:10.1145/3328778.3366825,DOI:10.1145/3375627.3375868,2
DOI:10.1145/3328778.3366825,DOI:10.1145/3442188.3445914,2
DOI:10.1145/3375627.3375868,DOI:10.1145/3442188.3445914,6
DOI:10.1145/3375627.3375868,DOI:10.3390/su13073718,3
DOI:10.1145/3375627.3375868,"JAVED RT, 2022, J ARTIF INTELL RES, V73, P933",5
DOI:10.1145/3375627.3375868,"[ANONYMOUS], 2019, ETHICALLY ALIGNED DESIGN: A VISION FOR PRIORITIZING HUMAN WELL-BEING WITH AUTONOMOUS AND INTELLIGENT SYSTEMS",2
DOI:10.1145/3375627.3375868,DOI:10.1007/978-3-031-04826-5_22,2
DOI:10.1145/3375627.3375868,DOI:10.1007/s11948-016-9797-7,2
DOI:10.1145/3375627.3375868,DOI:10.1007/s40593-021-00270-2,2
DOI:10.1145/3375627.3375868,DOI:10.1016/j.patter.2021.100314,2
DOI:10.1145/3375627.3375868,DOI:10.1016/j.patter.2023.100857,2
DOI:10.1145/3375627.3375868,DOI:10.1080/10494820.2021.1926289,2
DOI:10.1145/3375627.3375868,DOI:10.1145/3154485,2
DOI:10.1145/3375627.3375868,DOI:10.1145/3313831.3376727,2
DOI:10.1145/3375627.3375868,DOI:10.1145/3330794,4
DOI:10.1145/3375627.3375868,DOI:10.2139/ssrn.3518482],3
DOI:10.1145/3375627.3375868,DOI:10.5555/3447307.3447313,2
DOI:10.1145/3375627.3375868,"SOUTHWORTH JANE, TRANSFORMING HIGHER, V4",2
DOI:10.1145/3375627.3375868,DOI:10.1186/s40594-023-00418-7,2
DOI:10.1145/3375627.3375868,DOI:10.1186/s41239-024-00496-9,2
DOI:10.1145/3442188.3445914,DOI:10.2196/25759,2
DOI:10.1145/3442188.3445914,DOI:10.3390/su13073718,3
DOI:10.1145/3442188.3445914,DOI:10.4018/978-1-7998-4763-2.ch005,2
DOI:10.1145/3442188.3445914,DOI:10.7326/m18-0850,2
DOI:10.1145/3442188.3445914,"JAVED RT, 2022, J ARTIF INTELL RES, V73, P933",4
DOI:10.1145/3442188.3445914,"SOWMIA K. R., 2020, J GREEN ENG, V10, P1566",2
DOI:10.1145/3442188.3445914,"[ANONYMOUS], 2019, ETHICALLY ALIGNED DESIGN: A VISION FOR PRIORITIZING HUMAN WELL-BEING WITH AUTONOMOUS AND INTELLIGENT SYSTEMS",3
DOI:10.1145/3442188.3445914,"AKGUN SELIN, 2022, AI ETHICS, V2, P431, DOI [10.1007/S43681-021-00096-7, 10.1007/S43681-021-00096-7]",2
DOI:10.1145/3442188.3445914,DOI:10.1007/978-3-031-04826-5_22,2
DOI:10.1145/3442188.3445914,DOI:10.1007/s11948-016-9797-7,3
DOI:10.1145/3442188.3445914,DOI:10.1007/s11948-019-00165-5,2
DOI:10.1145/3442188.3445914,DOI:10.1007/s40593-021-00270-2,2
DOI:10.1145/3442188.3445914,DOI:10.1007/s40593-022-00304-3,2
DOI:10.1145/3442188.3445914,DOI:10.1016/j.caeai.2021.100041,2
DOI:10.1145/3442188.3445914,DOI:10.1016/j.patter.2023.100857,2
DOI:10.1145/3442188.3445914,DOI:10.1037//0033-295x.108.4.814,2
DOI:10.1145/3442188.3445914,DOI:10.1145/3154485,2
DOI:10.1145/3442188.3445914,DOI:10.1145/3313831.3376727,3
DOI:10.1145/3442188.3445914,DOI:10.1145/3330794,5
DOI:10.1145/3442188.3445914,DOI:10.1145/3634685,2
DOI:10.1145/3442188.3445914,DOI:10.2139/ssrn.3518482],3
DOI:10.1145/3442188.3445914,DOI:10.5555/3447307.3447313,2
DOI:10.1145/3442188.3445914,"SOUTHWORTH JANE, TRANSFORMING HIGHER, V4",2
DOI:10.1145/3442188.3445914,DOI:10.1016/j.caeai.2025.100405,2
DOI:10.1145/3442188.3445914,DOI:10.1207/s15430421tip4104_2,2
DOI:10.1145/3442188.3445914,"UNESCO, 2021, RECOMMENDATION ETHIC",2
DOI:10.1145/3442188.3445914,"DABBAGH HOSSEIN, 2025, AI AND ETHICS, V5, P87, DOI [10.1007/S43681-024-00462-1, 10.1007/S43681-024-00462-1]",2
DOI:10.1145/3442188.3445914,DOI:10.1186/s41239-024-00496-9,2
DOI:10.1145/3442188.3445914,DOI:10.1007/s10639-022-10925-9,2
DOI:10.1145/3442188.3445914,DOI:10.1007/s11948-016-9809-7,2
DOI:10.1145/3442188.3445914,DOI:10.1007/s11948-016-9814-x,2
DOI:10.1145/3442188.3445914,DOI:10.1007/s11948-021-00280-2,2
DOI:10.1145/3442188.3445914,DOI:10.1007/s40593-021-00239-1,2
DOI:10.1145/3442188.3445914,DOI:10.1007/s40593-021-00248-0,2
DOI:10.1145/3442188.3445914,DOI:10.1016/j.compedu.2023.104813,2
DOI:10.1145/3442188.3445914,DOI:10.1080/22054952.2021.1914297],2
DOI:10.1145/3442188.3445914,DOI:10.1109/ssci47803.2020.9308437,2
DOI:10.1145/3442188.3445914,DOI:10.1126/science.aat5991,2
DOI:10.1145/3442188.3445914,DOI:10.1177/10776958221149577],2
DOI:10.1145/3442188.3445914,DOI:10.1186/s40594-023-00418-7,2
DOI:10.1145/3442188.3445914,DOI:10.1186/s40594-023-00452-5,2
DOI:10.1145/3442188.3445914,DOI:10.1186/s40594-023-00454-3,2
DOI:10.1145/3442188.3445914,DOI:10.1186/s40594-024-00484-5,2
DOI:10.1145/3442188.3445914,DOI:10.1186/s41239-019-0171-0,2
DOI:10.1145/3442188.3445914,DOI:10.30191/ets.202301_26(1).0002,2
DOI:10.1145/3442188.3445914,"ERDURAN SIBEL, 2023, SCIENCE, V382, PEADM9788, DOI [10.1126/SCIENCE.ADM9788, 10.1126/SCIENCE.ADM9788]",2
DOI:10.1145/3442188.3445914,"HSIEH HF, 2005, QUAL HEALTH RES, V15, P1277, DOI [10.1177/1049732305276687, 10.1111/EVA.13711]",2
DOI:10.2196/25759,DOI:10.4018/978-1-7998-4763-2.ch005,2
DOI:10.2196/25759,DOI:10.7326/m18-0850,2
DOI:10.2196/25759,"SOWMIA K. R., 2020, J GREEN ENG, V10, P1566",2
DOI:10.2196/46428,DOI:10.1186/s41239-019-0171-0,2
DOI:10.3390/su13073718,"JAVED RT, 2022, J ARTIF INTELL RES, V73, P933",3
DOI:10.3390/su13073718,DOI:10.1007/978-3-031-04826-5_22,2
DOI:10.3390/su13073718,DOI:10.1145/3313831.3376727,2
DOI:10.3390/su13073718,DOI:10.1145/3330794,2
DOI:10.3390/su13073718,DOI:10.5555/3447307.3447313,2
DOI:10.3390/su13073718,"SOUTHWORTH JANE, TRANSFORMING HIGHER, V4",2
DOI:10.4018/978-1-7998-4763-2.ch005,DOI:10.7326/m18-0850,2
DOI:10.4018/978-1-7998-4763-2.ch005,"SOWMIA K. R., 2020, J GREEN ENG, V10, P1566",2
DOI:10.7326/m18-0850,"SOWMIA K. R., 2020, J GREEN ENG, V10, P1566",2
DOI:10.7326/m18-0850,DOI:10.3390/ai4010003,2
DOI:10.7326/m18-0850,DOI:10.1007/s11948-019-00165-5,2
DOI:10.7326/m18-0850,DOI:10.1177/17470161211022790,2
DOI:10.7326/m18-0850,DOI:10.2139/ssrn.3518482],4
DOI:10.7326/m18-0850,DOI:10.1038/s41746-020-0294-7,2
DOI:10.7326/m18-0850,DOI:10.1097/acm.0000000000004291,2
"JAVED RT, 2022, J ARTIF INTELL RES, V73, P933",DOI:10.1007/978-3-031-04826-5_22,2
"JAVED RT, 2022, J ARTIF INTELL RES, V73, P933",DOI:10.1007/s40593-021-00270-2,2
"JAVED RT, 2022, J ARTIF INTELL RES, V73, P933",DOI:10.1016/j.patter.2021.100314,2
"JAVED RT, 2022, J ARTIF INTELL RES, V73, P933",DOI:10.1016/j.patter.2023.100857,2
"JAVED RT, 2022, J ARTIF INTELL RES, V73, P933",DOI:10.1080/10494820.2021.1926289,2
"JAVED RT, 2022, J ARTIF INTELL RES, V73, P933",DOI:10.1145/3313831.3376727,2
"JAVED RT, 2022, J ARTIF INTELL RES, V73, P933",DOI:10.1145/3330794,2
"JAVED RT, 2022, J ARTIF INTELL RES, V73, P933",DOI:10.2139/ssrn.3518482],3
"JAVED RT, 2022, J ARTIF INTELL RES, V73, P933",DOI:10.5555/3447307.3447313,2
"JAVED RT, 2022, J ARTIF INTELL RES, V73, P933","SOUTHWORTH JANE, TRANSFORMING HIGHER, V4",2
"JAVED RT, 2022, J ARTIF INTELL RES, V73, P933",DOI:10.1007/s10551-022-05053-w,2
"[ANONYMOUS], 2019, ETHICALLY ALIGNED DESIGN: A VISION FOR PRIORITIZING HUMAN WELL-BEING WITH AUTONOMOUS AND INTELLIGENT SYSTEMS",DOI:10.1007/s10639-022-10925-9,2
"[ANONYMOUS], 2019, ETHICALLY ALIGNED DESIGN: A VISION FOR PRIORITIZING HUMAN WELL-BEING WITH AUTONOMOUS AND INTELLIGENT SYSTEMS",DOI:10.1007/s11948-016-9797-7,2
"[ANONYMOUS], 2019, ETHICALLY ALIGNED DESIGN: A VISION FOR PRIORITIZING HUMAN WELL-BEING WITH AUTONOMOUS AND INTELLIGENT SYSTEMS",DOI:10.1007/s11948-016-9809-7,2
"[ANONYMOUS], 2019, ETHICALLY ALIGNED DESIGN: A VISION FOR PRIORITIZING HUMAN WELL-BEING WITH AUTONOMOUS AND INTELLIGENT SYSTEMS",DOI:10.1007/s11948-016-9814-x,2
"[ANONYMOUS], 2019, ETHICALLY ALIGNED DESIGN: A VISION FOR PRIORITIZING HUMAN WELL-BEING WITH AUTONOMOUS AND INTELLIGENT SYSTEMS",DOI:10.1007/s11948-021-00280-2,2
"[ANONYMOUS], 2019, ETHICALLY ALIGNED DESIGN: A VISION FOR PRIORITIZING HUMAN WELL-BEING WITH AUTONOMOUS AND INTELLIGENT SYSTEMS",DOI:10.1007/s40593-021-00239-1,2
"[ANONYMOUS], 2019, ETHICALLY ALIGNED DESIGN: A VISION FOR PRIORITIZING HUMAN WELL-BEING WITH AUTONOMOUS AND INTELLIGENT SYSTEMS",DOI:10.1007/s40593-021-00248-0,2
"[ANONYMOUS], 2019, ETHICALLY ALIGNED DESIGN: A VISION FOR PRIORITIZING HUMAN WELL-BEING WITH AUTONOMOUS AND INTELLIGENT SYSTEMS",DOI:10.1016/j.compedu.2023.104813,2
"[ANONYMOUS], 2019, ETHICALLY ALIGNED DESIGN: A VISION FOR PRIORITIZING HUMAN WELL-BEING WITH AUTONOMOUS AND INTELLIGENT SYSTEMS",DOI:10.1080/22054952.2021.1914297],2
"[ANONYMOUS], 2019, ETHICALLY ALIGNED DESIGN: A VISION FOR PRIORITIZING HUMAN WELL-BEING WITH AUTONOMOUS AND INTELLIGENT SYSTEMS",DOI:10.1109/ssci47803.2020.9308437,2
"[ANONYMOUS], 2019, ETHICALLY ALIGNED DESIGN: A VISION FOR PRIORITIZING HUMAN WELL-BEING WITH AUTONOMOUS AND INTELLIGENT SYSTEMS",DOI:10.1126/science.aat5991,2
"[ANONYMOUS], 2019, ETHICALLY ALIGNED DESIGN: A VISION FOR PRIORITIZING HUMAN WELL-BEING WITH AUTONOMOUS AND INTELLIGENT SYSTEMS",DOI:10.1177/10776958221149577],2
"[ANONYMOUS], 2019, ETHICALLY ALIGNED DESIGN: A VISION FOR PRIORITIZING HUMAN WELL-BEING WITH AUTONOMOUS AND INTELLIGENT SYSTEMS",DOI:10.1186/s40594-023-00418-7,2
"[ANONYMOUS], 2019, ETHICALLY ALIGNED DESIGN: A VISION FOR PRIORITIZING HUMAN WELL-BEING WITH AUTONOMOUS AND INTELLIGENT SYSTEMS",DOI:10.1186/s40594-023-00452-5,2
"[ANONYMOUS], 2019, ETHICALLY ALIGNED DESIGN: A VISION FOR PRIORITIZING HUMAN WELL-BEING WITH AUTONOMOUS AND INTELLIGENT SYSTEMS",DOI:10.1186/s40594-023-00454-3,2
"[ANONYMOUS], 2019, ETHICALLY ALIGNED DESIGN: A VISION FOR PRIORITIZING HUMAN WELL-BEING WITH AUTONOMOUS AND INTELLIGENT SYSTEMS",DOI:10.1186/s40594-024-00484-5,2
"[ANONYMOUS], 2019, ETHICALLY ALIGNED DESIGN: A VISION FOR PRIORITIZING HUMAN WELL-BEING WITH AUTONOMOUS AND INTELLIGENT SYSTEMS",DOI:10.1186/s41239-019-0171-0,2
"[ANONYMOUS], 2019, ETHICALLY ALIGNED DESIGN: A VISION FOR PRIORITIZING HUMAN WELL-BEING WITH AUTONOMOUS AND INTELLIGENT SYSTEMS",DOI:10.30191/ets.202301_26(1).0002,2
"[ANONYMOUS], 2019, ETHICALLY ALIGNED DESIGN: A VISION FOR PRIORITIZING HUMAN WELL-BEING WITH AUTONOMOUS AND INTELLIGENT SYSTEMS","ERDURAN SIBEL, 2023, SCIENCE, V382, PEADM9788, DOI [10.1126/SCIENCE.ADM9788, 10.1126/SCIENCE.ADM9788]",2
"[ANONYMOUS], 2019, ETHICALLY ALIGNED DESIGN: A VISION FOR PRIORITIZING HUMAN WELL-BEING WITH AUTONOMOUS AND INTELLIGENT SYSTEMS","HSIEH HF, 2005, QUAL HEALTH RES, V15, P1277, DOI [10.1177/1049732305276687, 10.1111/EVA.13711]",2
DOI:10.1007/s12525-020-00441-4,DOI:10.1108/jices-12-2019-0138,4
DOI:10.1007/s12525-020-00441-4,DOI:10.1007/s10551-021-04843-y,2
DOI:10.1007/s12525-020-00441-4,DOI:10.1080/08838151.2020.1843357,2
DOI:10.1016/j.artint.2010.11.026,DOI:10.1145/3278721.3278726,2
DOI:10.1093/oxfordhb/9780190067397.013.27,"LUNDBERG SM, 2017, ADV NEUR IN, V30",2
DOI:10.1109/access.2018.2870052,DOI:10.1002/widm.1312,2
DOI:10.1109/access.2018.2870052,DOI:10.1007/978-3-030-49392-9_13,2
DOI:10.1109/access.2018.2870052,DOI:10.1109/ms.2020.2985621,2
DOI:10.2307/796133,DOI:10.1126/science.aaf2654,2
DOI:10.48550/arxiv.2005.14165,"LUNDBERG SM, 2017, ADV NEUR IN, V30",2
"LUNDBERG SM, 2017, ADV NEUR IN, V30",DOI:10.1007/s11948-019-00165-5,2
"LUNDBERG SM, 2017, ADV NEUR IN, V30",DOI:10.1007/s13347-022-00553-z],3
"LUNDBERG SM, 2017, ADV NEUR IN, V30",DOI:10.1007/s43681-020-00013-4],2
"LUNDBERG SM, 2017, ADV NEUR IN, V30",DOI:10.1016/j.patter.2023.100857,2
"LUNDBERG SM, 2017, ADV NEUR IN, V30",DOI:10.1145/3530019.3531329,2
"LUNDBERG SM, 2017, ADV NEUR IN, V30","CORBETT-DAVIES S, 2023, J MACH LEARN RES, V24, P1",2
"LUNDBERG SM, 2017, ADV NEUR IN, V30",DOI:10.1007/s00146-021-01294-x,2
"LUNDBERG SM, 2017, ADV NEUR IN, V30",DOI:10.1145/2939672.2939778],2
"LUNDBERG SM, 2017, ADV NEUR IN, V30",DOI:10.1145/3097983.3098095,2
"LUNDBERG SM, 2017, ADV NEUR IN, V30",DOI:10.1145/3278721.3278779,2
"LUNDBERG SM, 2017, ADV NEUR IN, V30",DOI:10.1145/3287560.3287589,2
"LUNDBERG SM, 2017, ADV NEUR IN, V30",DOI:10.1145/3494672,2
"LUNDBERG SM, 2017, ADV NEUR IN, V30",DOI:10.1561/0400000042,3
"LUNDBERG SM, 2017, ADV NEUR IN, V30",DOI:10.3390/bdcc7010015,2
"LUNDBERG SM, 2017, ADV NEUR IN, V30",DOI:10.48550/arxiv.2303.16626,2
"LUNDBERG SM, 2017, ADV NEUR IN, V30","SUNDARARAJAN M., 2020, [NO TITLE CAPTURED], P9269",2
"LUNDBERG SM, 2017, ADV NEUR IN, V30",DOI:10.1145/3287560.3287596,2
"LUNDBERG SM, 2017, ADV NEUR IN, V30",DOI:10.1145/3458723,2
"LUNDBERG SM, 2017, ADV NEUR IN, V30",DOI:10.1147/jrd.2019.2942287,2
DOI:10.1007/s00481-023-00761-x,DOI:10.1007/s11948-019-00165-5,2
DOI:10.1007/s00481-023-00761-x,DOI:10.1111/bioe.12918,2
DOI:10.1007/s10676-020-09534-2,DOI:10.1007/s11948-019-00165-5,2
DOI:10.1007/s11948-019-00165-5,DOI:10.1007/s13347-022-00538-y],3
DOI:10.1007/s11948-019-00165-5,DOI:10.1111/bioe.12918,2
DOI:10.1007/s11948-019-00165-5,DOI:10.1007/s00146-020-01077-w,2
DOI:10.1007/s11948-019-00165-5,DOI:10.1007/s13347-019-00354-x,10
DOI:10.1007/s11948-019-00165-5,DOI:10.1145/3236024.3264833,6
DOI:10.1007/s11948-019-00165-5,"MULLER V.C., 2020, ETHICS OF ARTIFICIAL INTELLIGENCE AND ROBOTICS",4
DOI:10.1007/s11948-019-00165-5,"[ANONYMOUS], 2018, GOOGLE",2
DOI:10.1007/s11948-019-00165-5,"[ANONYMOUS], 2019, ETHICS GUIDELINES FOR TRUSTWORTHY AI",3
DOI:10.1007/s11948-019-00165-5,DOI:10.1016/j.jbusres.2020.11.030,4
DOI:10.1007/s11948-019-00165-5,DOI:10.1038/s42256-021-00298-y,2
DOI:10.1007/s11948-019-00165-5,DOI:10.1098/rsta.2016.0112,4
DOI:10.1007/s11948-019-00165-5,DOI:10.1145/3430368,5
DOI:10.1007/s11948-019-00165-5,"[ANONYMOUS], 2017, THE IEEE GLOBAL INITIATIVE ON ETHICS OF AUTONOMOUS AND INTELLIGENT SYSTEMS",2
DOI:10.1007/s11948-019-00165-5,"DE LAAT PAUL B, 2021, PHILOS TECHNOL, V34, P1135, DOI [10.1007/S13347-021-00474-3, 10.1007/S13347-021-00474-3]",2
DOI:10.1007/s11948-019-00165-5,DOI:10.1007/s13347-020-00405-8],2
DOI:10.1007/s11948-019-00165-5,DOI:10.1007/s13347-022-00507-5,2
DOI:10.1007/s11948-019-00165-5,DOI:10.1007/s40593-021-00248-0,2
DOI:10.1007/s11948-019-00165-5,DOI:10.1016/j.jss.2021.111067,4
DOI:10.1007/s11948-019-00165-5,DOI:10.1038/s42256-020-0214-1,3
DOI:10.1007/s11948-019-00165-5,DOI:10.1109/mts.2021.3056286,4
DOI:10.1007/s11948-019-00165-5,DOI:10.1145/3313831.3376445,2
DOI:10.1007/s11948-019-00165-5,DOI:10.1145/3330794,3
DOI:10.1007/s11948-019-00165-5,"UMBRELLO STEVEN, 2021, AI ETHICS, V1, P283, DOI [10.1007/S43681-021-00038-3, 10.1007/S43681-021-00038-3]",2
DOI:10.1007/s11948-019-00165-5,"BEAUCHAMP T.L., 2009, PRINCIPLES BIOMEDICA",2
DOI:10.1007/s11948-019-00165-5,DOI:10.1007/s11023-021-09557-8,3
DOI:10.1007/s11948-019-00165-5,DOI:10.1145/3287560.3287596,5
DOI:10.1007/s11948-019-00165-5,DOI:10.1145/3351095.3372873,4
DOI:10.1007/s11948-019-00165-5,DOI:10.1177/2053951720983865,2
DOI:10.1007/s11948-019-00165-5,DOI:10.1016/j.telpol.2020.101937,2
DOI:10.1007/s11948-019-00165-5,DOI:10.1109/ms.2020.2985621,4
DOI:10.1007/s11948-019-00165-5,"GREENE D, 2019, PROCEEDINGS OF THE 52ND ANNUAL HAWAII INTERNATIONAL CONFERENCE ON SYSTEM SCIENCES, P2122",8
DOI:10.1007/s11948-019-00165-5,DOI:10.1007/s13347-022-00553-z],3
DOI:10.1007/s11948-019-00165-5,DOI:10.1038/s42256-020-0186-1,2
DOI:10.1007/s11948-019-00165-5,DOI:10.1109/ssci47803.2020.9308437,3
DOI:10.1007/s11948-019-00165-5,DOI:10.1126/science.aat5991,2
DOI:10.1007/s11948-019-00165-5,DOI:10.1145/33066183314289,10
DOI:10.1007/s11948-019-00165-5,DOI:10.1007/s00146-020-00992-2,2
DOI:10.1007/s11948-019-00165-5,DOI:10.1007/s10551-018-3921-3,4
DOI:10.1007/s11948-019-00165-5,DOI:10.1089/big.2018.0083,2
DOI:10.1007/s11948-019-00165-5,DOI:10.1098/rsta.2016.0360,4
DOI:10.1007/s11948-019-00165-5,DOI:10.1177/2053951717736335,2
DOI:10.1007/s11948-019-00165-5,DOI:10.1177/2053951717743530,3
DOI:10.1007/s11948-019-00165-5,"VAN MAANEN GIJS, 2022, DIGIT SOC, V1, P9, DOI [10.1007/S44206-022-00013-3, 10.1007/S44206-022-00013-3]",2
DOI:10.1007/s11948-019-00165-5,DOI:10.1007/s10551-022-05050-z,2
DOI:10.1007/s11948-019-00165-5,DOI:10.1007/s43681-023-00258-9,2
DOI:10.1007/s11948-019-00165-5,DOI:10.48550/arxiv.2109.07906],2
DOI:10.1007/s11948-019-00165-5,"BELLAMY R.K.E., 2018, CORR ABS/1810.01943",2
DOI:10.1007/s11948-019-00165-5,DOI:10.1007/s00146-020-01010-1,2
DOI:10.1007/s11948-019-00165-5,DOI:10.1007/s00146-020-01069-w,2
DOI:10.1007/s11948-019-00165-5,DOI:10.1007/s10676-019-09502-5,2
DOI:10.1007/s11948-019-00165-5,DOI:10.1007/s11948-019-00151-x,2
DOI:10.1007/s11948-019-00165-5,DOI:10.1038/d41586-021-01812-3,2
DOI:10.1007/s11948-019-00165-5,DOI:10.1080/03637751.2017.1375130,2
DOI:10.1007/s11948-019-00165-5,DOI:10.1098/rsta.2016.0122,2
DOI:10.1007/s11948-019-00165-5,DOI:10.1177/2053951719858114,2
DOI:10.1007/s11948-019-00165-5,DOI:10.2139/ssrn.3518482],10
DOI:10.1007/s11948-019-00165-5,"MINGERS J, 2010, MIS QUART, V34, P833",2
DOI:10.1007/s11948-019-00165-5,"AKGUN SELIN, 2022, AI ETHICS, V2, P431, DOI [10.1007/S43681-021-00096-7, 10.1007/S43681-021-00096-7]",2
DOI:10.1007/s11948-019-00165-5,DOI:10.1007/s00146-022-01497-w,2
DOI:10.1007/s11948-019-00165-5,DOI:10.1007/s40593-021-00270-2,2
DOI:10.1007/s11948-019-00165-5,DOI:10.1007/s40593-022-00293-3,2
DOI:10.1007/s11948-019-00165-5,DOI:10.1007/s40593-022-00298-y,2
DOI:10.1007/s11948-019-00165-5,DOI:10.1007/s43681-020-00013-4],2
DOI:10.1007/s11948-019-00165-5,DOI:10.1007/s43681-021-00122-8,2
DOI:10.1007/s11948-019-00165-5,DOI:10.1037/13620-004,2
DOI:10.1007/s11948-019-00165-5,DOI:10.1145/3313831.3376727,2
DOI:10.1007/s11948-019-00165-5,DOI:10.1145/3375627.3375804,3
DOI:10.1007/s11948-019-00165-5,DOI:10.1145/3530019.3531329,2
DOI:10.1007/s11948-019-00165-5,DOI:10.1145/3626234,2
DOI:10.1007/s11948-019-00165-5,DOI:10.1145/3634685,2
DOI:10.1007/s11948-019-00165-5,DOI:10.5555/3447307.3447313,2
DOI:10.1007/s11948-019-00165-5,"GRIFFIN TRICIA A., 2025, AI AND ETHICS, V5, P1087, DOI [10.1007/S43681-024-00458-X, 10.1007/S43681-024-00458-X]",2
DOI:10.1007/s11948-019-00165-5,"KROLL JA, 2017, U PENN LAW REV, V165, P633",2
DOI:10.1007/s11948-019-00165-5,DOI:10.1186/s41239-023-00408-3,2
DOI:10.1007/s11948-019-00165-5,DOI:10.1007/978-3-030-33742-1_21,4
DOI:10.1007/s11948-019-00165-5,DOI:10.1007/978-3-030-49392-9_13,4
DOI:10.1007/s11948-019-00165-5,DOI:10.1007/s10551-019-04226-4,2
DOI:10.1007/s11948-019-00165-5,DOI:10.1007/s11023-020-09521-y,2
DOI:10.1007/s11948-019-00165-5,DOI:10.1007/s13347-017-0263-5],2
DOI:10.1007/s11948-019-00165-5,DOI:10.1038/d41586-020-01578-0,2
DOI:10.1007/s11948-019-00165-5,DOI:10.1093/mind/lix.236.433],2
DOI:10.1007/s11948-019-00165-5,DOI:10.1098/rsta.2018.0081,3
DOI:10.1007/s11948-019-00165-5,DOI:10.1108/jices-04-2019-0039,2
DOI:10.1007/s11948-019-00165-5,DOI:10.1145/3351095.3373152,2
DOI:10.1007/s11948-019-00165-5,"BEAUCHAMP TOM L., 2003, EM A COMPANION TO APPLIED ETHICS, P1",2
DOI:10.1007/s11948-019-00165-5,DOI:10.1108/jices-12-2019-0138,3
DOI:10.1007/s11948-019-00165-5,"WHITTLESTONE J., 2019, ETHICAL SOC IMPLICAT",2
DOI:10.1007/s11948-019-00165-5,DOI:10.1098/rsta.2018.0080,7
DOI:10.1007/s11948-019-00165-5,"YU H, 2018, PROCEEDINGS OF THE TWENTY-SEVENTH INTERNATIONAL JOINT CONFERENCE ON ARTIFICIAL INTELLIGENCE, P5527",2
DOI:10.1007/s11948-019-00165-5,DOI:10.1007/978-3-030-30371-6,2
DOI:10.1007/s11948-019-00165-5,DOI:10.1007/s00146-021-01148-6,4
DOI:10.1007/s11948-019-00165-5,DOI:10.1080/0960085x.2022.2026621,2
DOI:10.1007/s11948-019-00165-5,DOI:10.1145/3419764,4
DOI:10.1007/s11948-019-00165-5,DOI:10.1145/3458723,4
DOI:10.1007/s11948-019-00165-5,DOI:10.1191/1478088706qp063oa,3
DOI:10.1007/s11948-019-00165-5,DOI:10.48550/arxiv.1810.01943],2
DOI:10.1007/s11948-019-00165-5,"LU QH, 2022, 2022 ACM/IEEE 44TH INTERNATIONAL CONFERENCE ON SOFTWARE ENGINEERING: SOFTWARE ENGINEERING IN PRACTICE (ICSE-SEIP 2022), P241, DOI [10.1145/3510457.3513063, 10.1109/ICSE-SEIP55303.2022.9793864]",2
DOI:10.1007/s11948-019-00165-5,DOI:10.1007/s00146-021-01256-3,3
DOI:10.1007/s11948-019-00165-5,DOI:10.1007/s00146-021-01380-0,2
DOI:10.1007/s11948-019-00165-5,DOI:10.1093/jamia/ocz192,3
DOI:10.1007/s11948-019-00165-5,DOI:10.1145/3173574.3173951,2
DOI:10.1007/s11948-019-00165-5,DOI:10.1007/s11948-012-9413-4,3
DOI:10.1007/s11948-019-00165-5,DOI:10.1016/j.clsr.2020.105404,2
DOI:10.1007/s11948-019-00165-5,DOI:10.1080/03071847.2019.1694260,3
DOI:10.1007/s11948-019-00165-5,DOI:10.1098/rsta.2018.0084,2
DOI:10.1007/s11948-019-00165-5,DOI:10.1098/rsta.2018.0085,3
DOI:10.1007/s11948-019-00165-5,DOI:10.1145/3290605.3300830,2
DOI:10.1007/s11948-019-00165-5,DOI:10.1145/3306618.3314289,2
DOI:10.1007/s11948-019-00165-5,DOI:10.1007/978-3-030-56286-1_9],2
DOI:10.1007/s11948-019-00165-5,DOI:10.1007/978-3-030-81907-1_2],2
DOI:10.1007/s11948-019-00165-5,DOI:10.1007/s10551-019-04407-1,2
DOI:10.1007/s11948-019-00165-5,DOI:10.1007/s10676-021-09619-6,2
DOI:10.1007/s11948-019-00165-5,DOI:10.1007/s11948-021-00336-3,2
DOI:10.1007/s11948-019-00165-5,DOI:10.1016/j.socscimed.2022.114782,2
DOI:10.1007/s11948-019-00165-5,DOI:10.1080/03080188.2020.1840220,2
DOI:10.1007/s11948-019-00165-5,"TIDJON LIONEL NGANYEWOU, 2023, IEEE TRANSACTIONS ON ARTIFICIAL INTELLIGENCE, P820, DOI [10.1109/TAI.2022.3225132, 10.1109/TAI.2022.3225132]",2
DOI:10.1007/s11948-019-00165-5,"FUNG PASCALE, 2023, AI ETHICS, V3, P505, DOI [10.1007/S43681-022-00180-6, 10.1007/S43681-022-00180-6]",2
DOI:10.1007/s11948-019-00165-5,DOI:10.2307/j.ctvhrd092.18,3
DOI:10.1007/s11948-019-00165-5,DOI:10.2759/177365,2
DOI:10.1007/s11948-019-00165-5,"IEEE INITIATIVE ON ETHICS OF AUTONOMOUS AND INTELLIGENT SYSTEMS, 2017, ETHICALLY ALIGNED DE",2
DOI:10.1007/s11948-019-00165-5,DOI:10.1109/msp.2018.2701164,3
DOI:10.1007/s11948-019-00165-5,DOI:10.1016/j.eng.2019.12.015,2
DOI:10.1007/s11948-019-00165-5,DOI:10.9785/cri-2019-200402,2
DOI:10.1007/s11948-019-00165-5,DOI:10.1145/3351095.3372860,2
DOI:10.1007/s11948-019-00165-5,DOI:10.48550/arxiv.2111.01122,2
DOI:10.1007/s11948-019-00165-5,"RAKOVA BOGDANA, 2021, PROCEEDINGS OF THE ACM ON HUMAN-COMPUTER INTERACTION, V5, DOI [10.1145/3449081, 10.1145/3449081]",2
DOI:10.1007/s11948-019-00165-5,"SCHIFF D, 2020, ARXIV, DOI [ARXIV:2006.04707, 10.48550/ARXIV.2006.04707]",2
DOI:10.1007/s11948-019-00165-5,DOI:10.1007/s11948-020-00228-y,2
DOI:10.1007/s11948-019-00165-5,DOI:10.1016/j.techsoc.2024.102527,2
DOI:10.1007/s11948-019-00165-5,DOI:10.1007/s11948-017-9901-7,2
DOI:10.1007/s11948-019-00165-5,DOI:10.1007/s43681-020-00011-6],3
DOI:10.1007/s11948-019-00165-5,DOI:10.1080/14494035.2021.1929728,3
DOI:10.1007/s11948-019-00165-5,DOI:10.3390/bdcc3020026,2
DOI:10.1007/s13347-022-00538-y],DOI:10.1017/als.2020.19,2
DOI:10.1007/s13347-022-00538-y],DOI:10.1126/science.aat5991,2
DOI:10.1007/s13347-022-00538-y],DOI:10.2139/ssrn.3518482],2
DOI:10.1007/s11192-009-0146-3,DOI:10.1016/j.jbusres.2021.04.070,4
DOI:10.1007/s11192-009-0146-3,DOI:10.1016/j.patter.2021.100314,2
DOI:10.1007/s11192-009-0146-3,DOI:10.1016/j.joi.2017.08.007,2
DOI:10.1007/s11192-009-0146-3,DOI:10.1098/rsta.2016.0360,2
DOI:10.1007/s11192-009-0146-3,DOI:10.1007/978-3-319-10377-8_13,2
DOI:10.1007/s11192-009-0146-3,DOI:10.1016/j.compbiomed.2021.104660,2
DOI:10.1016/j.jbusres.2021.04.070,DOI:10.1016/j.patter.2021.100314,2
DOI:10.1016/j.jbusres.2021.04.070,DOI:10.1016/j.joi.2017.08.007,2
DOI:10.1016/j.jbusres.2021.04.070,DOI:10.1016/j.compbiomed.2021.104660,2
DOI:10.1016/j.jbusres.2021.04.070,DOI:10.1007/978-3-319-10377-8_13,2
DOI:10.1016/j.jbusres.2022.01.083,DOI:10.1007/s13347-017-0263-5],2
DOI:10.1016/j.jbusres.2022.01.083,DOI:10.1145/3287560.3287574,2
DOI:10.1016/j.patter.2021.100314,DOI:10.1007/s43681-020-00013-4],2
DOI:10.1016/j.patter.2021.100314,DOI:10.1007/s43681-021-00122-8,2
DOI:10.1016/j.patter.2021.100314,DOI:10.1016/j.patter.2023.100857,2
DOI:10.1016/j.patter.2021.100314,DOI:10.1145/33066183314289,2
DOI:10.1016/j.patter.2021.100314,DOI:10.1145/3375627.3375804,2
DOI:10.1016/j.patter.2021.100314,DOI:10.1007/s40593-021-00270-2,2
DOI:10.1016/j.patter.2021.100314,DOI:10.2139/ssrn.3518482],3
DOI:10.1016/j.patter.2021.100314,DOI:10.1037//0033-295x.108.4.814,2
DOI:10.1016/j.patter.2021.100314,DOI:10.1080/10494820.2021.1926289,2
DOI:10.1016/j.patter.2021.100314,DOI:10.1007/s10639-022-11161-x,2
DOI:10.1007/s13347-019-00354-x,DOI:10.1093/jamia/ocz192,2
DOI:10.1007/s13347-019-00354-x,DOI:10.1145/3375627.3375804,3
DOI:10.1007/s13347-019-00354-x,"MULLER V.C., 2020, ETHICS OF ARTIFICIAL INTELLIGENCE AND ROBOTICS",3
DOI:10.1007/s13347-019-00354-x,DOI:10.1007/s00146-020-01077-w,2
DOI:10.1007/s13347-019-00354-x,DOI:10.1007/s00146-023-01644-x,2
DOI:10.1007/s13347-019-00354-x,DOI:10.1145/3236024.3264833,2
DOI:10.1007/s13347-019-00354-x,DOI:10.1007/s13347-022-00507-5,2
DOI:10.1007/s13347-019-00354-x,DOI:10.1007/s13347-022-00553-z],4
DOI:10.1007/s13347-019-00354-x,DOI:10.1038/s42256-020-0186-1,2
DOI:10.1007/s13347-019-00354-x,DOI:10.1109/ssci47803.2020.9308437,2
DOI:10.1007/s13347-019-00354-x,DOI:10.1126/science.aat5991,2
DOI:10.1007/s13347-019-00354-x,DOI:10.1145/33066183314289,5
DOI:10.1007/s13347-019-00354-x,DOI:10.1007/s00146-020-01069-w,2
DOI:10.1007/s13347-019-00354-x,DOI:10.1007/s10551-018-3921-3,3
DOI:10.1007/s13347-019-00354-x,DOI:10.1007/s10676-019-09502-5,2
DOI:10.1007/s13347-019-00354-x,DOI:10.1038/d41586-019-01413-1,2
DOI:10.1007/s13347-019-00354-x,DOI:10.1093/idpl/ipx005,2
DOI:10.1007/s13347-019-00354-x,DOI:10.1098/rsta.2016.0112,4
DOI:10.1007/s13347-019-00354-x,DOI:10.1098/rsta.2016.0360,3
DOI:10.1007/s13347-019-00354-x,DOI:10.1109/mis.2006.80,2
DOI:10.1007/s13347-019-00354-x,DOI:10.1109/mis.2006.83,2
DOI:10.1007/s13347-019-00354-x,DOI:10.1111/j.1467-9973.1995.tb00553.x,2
DOI:10.1007/s13347-019-00354-x,DOI:10.1177/2053951717743530,2
DOI:10.1007/s13347-019-00354-x,DOI:10.2139/ssrn.3518482],6
DOI:10.1007/s13347-019-00354-x,"MINGERS J, 2010, MIS QUART, V34, P833",3
DOI:10.1007/s13347-019-00354-x,DOI:10.1007/s43681-020-00013-4],3
DOI:10.1007/s13347-019-00354-x,DOI:10.1007/s43681-021-00122-8,2
DOI:10.1007/s13347-019-00354-x,DOI:10.1016/j.patter.2023.100857,2
DOI:10.1007/s13347-019-00354-x,DOI:10.1145/3351095.3372873,3
DOI:10.1007/s13347-019-00354-x,"KROLL JA, 2017, U PENN LAW REV, V165, P633",2
DOI:10.1007/s13347-019-00354-x,DOI:10.1007/978-3-030-33742-1_21,3
DOI:10.1007/s13347-019-00354-x,DOI:10.1007/s10551-019-04226-4,3
DOI:10.1007/s13347-019-00354-x,DOI:10.1007/s11023-017-9438-1,2
DOI:10.1007/s13347-019-00354-x,DOI:10.1007/s11023-020-09521-y,2
DOI:10.1007/s13347-019-00354-x,DOI:10.1007/s11023-021-09557-8,2
DOI:10.1007/s13347-019-00354-x,DOI:10.1007/s13347-017-0263-5],3
DOI:10.1007/s13347-019-00354-x,DOI:10.1038/d41586-020-01578-0,2
DOI:10.1007/s13347-019-00354-x,DOI:10.1080/21670811.2014.976411,2
DOI:10.1007/s13347-019-00354-x,DOI:10.1098/rsta.2018.0081,3
DOI:10.1007/s13347-019-00354-x,DOI:10.1145/3351095.3373152,3
DOI:10.1007/s13347-019-00354-x,DOI:10.1098/rsta.2018.0085,5
DOI:10.1007/s13347-019-00354-x,DOI:10.1108/jices-12-2019-0138,2
DOI:10.1007/s13347-019-00354-x,DOI:10.1109/msp.2018.2701164,3
DOI:10.1007/s13347-019-00354-x,DOI:10.1007/s00146-022-01602-z,2
DOI:10.1007/s13347-019-00354-x,DOI:10.1145/3351095.3372860,3
DOI:10.1007/s13347-019-00354-x,DOI:10.1007/978-3-319-67280-9_9,2
DOI:10.1007/s13347-019-00354-x,DOI:10.1007/s00146-018-0848-2,2
DOI:10.1007/s13347-019-00354-x,DOI:10.1007/s10676-018-9447-7,2
DOI:10.1007/s13347-019-00354-x,DOI:10.1016/j.clsr.2019.04.007,2
DOI:10.1007/s13347-019-00354-x,DOI:10.1016/j.clsr.2020.105404,3
DOI:10.1007/s13347-019-00354-x,DOI:10.1080/09528130050111428,2
DOI:10.1007/s13347-019-00354-x,DOI:10.1098/rsta.2018.0080,2
DOI:10.1007/s13347-019-00354-x,DOI:10.1098/rsta.2018.0084,3
DOI:10.1007/s13347-019-00354-x,DOI:10.1145/3375627.3375828,2
DOI:10.1007/s13347-019-00354-x,DOI:10.1177/0191453714545340,2
DOI:10.1007/s13347-019-00354-x,DOI:10.1007/s00146-021-01148-6,2
DOI:10.1007/s13347-019-00354-x,DOI:10.1145/3430368,3
DOI:10.1007/s13347-019-00354-x,"GREENE D, 2019, PROCEEDINGS OF THE 52ND ANNUAL HAWAII INTERNATIONAL CONFERENCE ON SYSTEM SCIENCES, P2122",4
DOI:10.1007/s13347-019-00354-x,DOI:10.2307/j.ctvhrd092.18,3
DOI:10.1007/s13347-019-00354-x,"EUROPEAN COMMISSION, 2019, ETH GUID TRUSTW AI",2
DOI:10.1093/jamia/ocaa268,"IENCA MARCELLO, 2020, AJOB NEUROSCI, V11, P77, DOI [10.1080/21507740.2020.1740352, 10.1080/21507740.2020.1740352]",2
DOI:10.1093/jamia/ocz192,"MULLER V.C., 2020, ETHICS OF ARTIFICIAL INTELLIGENCE AND ROBOTICS",2
DOI:10.1093/jamia/ocz192,DOI:10.1016/j.jss.2021.111067,2
DOI:10.1145/3375627.3375804,DOI:10.1007/s43681-020-00013-4],2
DOI:10.1145/3375627.3375804,DOI:10.1007/s43681-021-00122-8,2
DOI:10.1145/3375627.3375804,DOI:10.1016/j.patter.2023.100857,2
DOI:10.1145/3375627.3375804,DOI:10.1145/3236024.3264833,2
DOI:10.1145/3375627.3375804,DOI:10.1145/33066183314289,3
DOI:10.1145/3375627.3375804,DOI:10.1007/s10551-018-3921-3,2
DOI:10.1145/3375627.3375804,DOI:10.1145/3351095.3372873,2
DOI:10.1145/3375627.3375804,DOI:10.1145/3530019.3531329,2
DOI:10.1145/3375627.3375804,"KROLL JA, 2017, U PENN LAW REV, V165, P633",3
DOI:10.1145/3375627.3375804,DOI:10.1098/rsta.2018.0080,2
DOI:10.1145/3465416.3483305,DOI:10.1016/j.im.2024.103969,2
DOI:10.1145/3465416.3483305,DOI:10.1016/j.patter.2023.100857,2
DOI:10.1371/journal.pmed.1002689,"MISSELHORN C., 2018, GRUNDFRAGEN DER MASCHINENETHIK",2
"IENCA MARCELLO, 2020, AJOB NEUROSCI, V11, P77, DOI [10.1080/21507740.2020.1740352, 10.1080/21507740.2020.1740352]",DOI:10.1007/s10676-018-9453-9,2
"MULLER V.C., 2020, ETHICS OF ARTIFICIAL INTELLIGENCE AND ROBOTICS","[ANONYMOUS], 2019, ETHICS GUIDELINES FOR TRUSTWORTHY AI",2
"MULLER V.C., 2020, ETHICS OF ARTIFICIAL INTELLIGENCE AND ROBOTICS",DOI:10.1007/s10551-018-3921-3,2
"MULLER V.C., 2020, ETHICS OF ARTIFICIAL INTELLIGENCE AND ROBOTICS",DOI:10.1007/s10676-019-09502-5,2
"MULLER V.C., 2020, ETHICS OF ARTIFICIAL INTELLIGENCE AND ROBOTICS",DOI:10.1080/03637751.2017.1375130,2
"MULLER V.C., 2020, ETHICS OF ARTIFICIAL INTELLIGENCE AND ROBOTICS",DOI:10.1098/rsta.2016.0122,2
"MULLER V.C., 2020, ETHICS OF ARTIFICIAL INTELLIGENCE AND ROBOTICS",DOI:10.1098/rsta.2016.0360,2
"MULLER V.C., 2020, ETHICS OF ARTIFICIAL INTELLIGENCE AND ROBOTICS",DOI:10.1177/2053951717743530,2
"MULLER V.C., 2020, ETHICS OF ARTIFICIAL INTELLIGENCE AND ROBOTICS",DOI:10.1177/2053951719858114,2
"MULLER V.C., 2020, ETHICS OF ARTIFICIAL INTELLIGENCE AND ROBOTICS",DOI:10.2139/ssrn.3518482],3
"MULLER V.C., 2020, ETHICS OF ARTIFICIAL INTELLIGENCE AND ROBOTICS","EUROPEAN COMMISSION, 2021, PROPOSAL FOR A REGULATION: ARTIFICIAL INTELLIGENCE ACT: AIA",2
"MULLER V.C., 2020, ETHICS OF ARTIFICIAL INTELLIGENCE AND ROBOTICS",DOI:10.1016/j.clsr.2019.04.007,2
"MULLER V.C., 2020, ETHICS OF ARTIFICIAL INTELLIGENCE AND ROBOTICS",DOI:10.1080/17530350.2019.1639068,2
"MULLER V.C., 2020, ETHICS OF ARTIFICIAL INTELLIGENCE AND ROBOTICS","PETERS DORIAN, 2020, IEEE TRANSACTIONS ON TECHNOLOGY AND SOCIETY, V1, P34, DOI [10.1109/TTS.2020.2974991, 10.1109/TTS.2020.2974991]",2
"MULLER V.C., 2020, ETHICS OF ARTIFICIAL INTELLIGENCE AND ROBOTICS",DOI:10.1080/0960085x.2022.2026621,2
"MULLER V.C., 2020, ETHICS OF ARTIFICIAL INTELLIGENCE AND ROBOTICS",DOI:10.1016/j.jbusres.2020.08.024,2
"MULLER V.C., 2020, ETHICS OF ARTIFICIAL INTELLIGENCE AND ROBOTICS",DOI:10.1017/bhj.2019.28,2
"MULLER V.C., 2020, ETHICS OF ARTIFICIAL INTELLIGENCE AND ROBOTICS",DOI:10.1007/s43681-020-00011-6],2
"ALPAYDIN E., 2020, INTRO MACHINE LEARNI",DOI:10.1038/nature14539,2
DOI:10.1007/978-3-030-69978-9,DOI:10.1145/3448250,2
DOI:10.1007/978-3-030-69978-9,"DREYFUS HUBERT., 1992, WHAT COMPUTERS STILL",2
DOI:10.1007/978-3-030-69978-9,"HALL WENDY., 2017, GROWING ARTIFICIAL I",2
DOI:10.1007/978-3-030-69978-9,"WEIZENBAUM J., 1977, COMPUTER POWER AND HUMAN REASON. FROM JUDGMENT TO CALCULATION, V1ST",2
DOI:10.1007/s00146-020-00965-5,DOI:10.1038/nature14539,2
DOI:10.1007/s00146-020-00965-5,DOI:10.2307/j.ctvhrd092.18,2
DOI:10.1007/s00146-020-00965-5,DOI:10.1145/3313831.3376445,2
DOI:10.1007/s43681-020-00020-5],DOI:10.1007/s11092-008-9064-9,2
DOI:10.1007/s43681-020-00020-5],DOI:10.1007/s40593-021-00270-2,2
DOI:10.1007/s43681-020-00020-5],DOI:10.1007/s40593-022-00293-3,2
DOI:10.1007/s43681-020-00020-5],DOI:10.1016/j.caeo.2024.100171,2
DOI:10.1007/s43681-020-00020-5],DOI:10.1080/10494820.2021.1926289,2
DOI:10.1007/s43681-020-00020-5],DOI:10.1093/oxfordhb/9780197579329.013.31],2
DOI:10.1007/s43681-020-00020-5],DOI:10.1145/3313831.3376727,3
DOI:10.1007/s43681-020-00020-5],DOI:10.1177/20539517241299732,2
DOI:10.1007/s43681-020-00020-5],DOI:10.2139/ssrn.3518482],3
DOI:10.1007/s43681-020-00020-5],"SOUTHWORTH JANE, TRANSFORMING HIGHER, V4",2
DOI:10.1145/3448250,"DREYFUS HUBERT., 1992, WHAT COMPUTERS STILL",2
DOI:10.1145/3448250,"HALL WENDY., 2017, GROWING ARTIFICIAL I",2
DOI:10.1145/3448250,"WEIZENBAUM J., 1977, COMPUTER POWER AND HUMAN REASON. FROM JUDGMENT TO CALCULATION, V1ST",2
"DREYFUS HUBERT., 1992, WHAT COMPUTERS STILL","HALL WENDY., 2017, GROWING ARTIFICIAL I",2
"DREYFUS HUBERT., 1992, WHAT COMPUTERS STILL","WEIZENBAUM J., 1977, COMPUTER POWER AND HUMAN REASON. FROM JUDGMENT TO CALCULATION, V1ST",2
"HALL WENDY., 2017, GROWING ARTIFICIAL I","WEIZENBAUM J., 1977, COMPUTER POWER AND HUMAN REASON. FROM JUDGMENT TO CALCULATION, V1ST",2
"HALL WENDY., 2017, GROWING ARTIFICIAL I",DOI:10.1007/978-3-030-30371-6,2
"CHEN IRENE Y, 2019, AMA J ETHICS, V21, PE167, DOI [10.1001/AMAJETHICS.2019.167, 10.1001/AMAJETHICS.2019.167]",DOI:10.1093/jamia/ocaa094,2
DOI:10.1016/j.jbusres.2020.08.024,DOI:10.1007/s10551-019-04213-9,2
DOI:10.1016/j.jbusres.2020.08.024,DOI:10.1007/s10551-021-04843-y,3
DOI:10.1016/j.jbusres.2020.08.024,DOI:10.1007/s11747-019-00696-0,3
DOI:10.1016/j.jbusres.2020.08.024,DOI:10.1007/s11747-020-00749-9,2
DOI:10.1016/j.jbusres.2020.08.024,DOI:10.1007/s13162-024-00275-9,2
DOI:10.1016/j.jbusres.2020.08.024,DOI:10.1007/s43681-020-00011-6],2
DOI:10.1016/j.jbusres.2020.08.024,DOI:10.1016/j.bushor.2019.11.001,2
DOI:10.1016/j.jbusres.2020.08.024,DOI:10.1016/j.ijresmar.2021.11.002,2
DOI:10.1016/j.jbusres.2020.08.024,DOI:10.1016/j.jbusres.2020.11.030,2
DOI:10.1016/j.jbusres.2020.08.024,DOI:10.1016/j.jbusres.2021.01.055,3
DOI:10.1016/j.jbusres.2020.08.024,DOI:10.1016/j.jbusres.2021.07.043,2
DOI:10.1016/j.jbusres.2020.08.024,DOI:10.1177/0011000006287390,2
DOI:10.1016/j.jbusres.2020.08.024,DOI:10.1177/027614678600600103],2
DOI:10.1016/j.jbusres.2020.08.024,DOI:10.1177/1094670517752459,2
DOI:10.1016/j.jbusres.2020.08.024,DOI:10.1016/j.clsr.2019.04.007,2
DOI:10.1016/j.jbusres.2020.08.024,DOI:10.1016/j.jbusres.2020.11.001,2
DOI:10.1016/j.jbusres.2020.08.024,DOI:10.1016/j.jretai.2021.01.005,2
DOI:10.1016/j.jbusres.2020.08.024,DOI:10.1080/0267257x.2019.1706306,2
DOI:10.1016/j.jbusres.2020.08.024,DOI:10.1080/21639159.2020.1785918,2
DOI:10.1016/j.jbusres.2020.08.024,DOI:10.1108/jices-12-2019-0138,2
DOI:10.1016/j.jbusres.2020.08.024,DOI:10.1108/josm-04-2018-0119,2
DOI:10.1016/j.jbusres.2020.08.024,DOI:10.7903/cmr.19970],2
DOI:10.1016/j.jbusres.2020.08.024,"HUANG CHANGWU, 2023, IEEE TRANSACTIONS ON ARTIFICIAL INTELLIGENCE, P799, DOI [10.1109/TAI.2022.3194503, 10.1109/TAI.2022.3194503]",2
DOI:10.1109/ms.2020.2985621,"CHEN J, 2021, PREPRINT",2
DOI:10.1109/ms.2020.2985621,DOI:10.1145/3430368,3
DOI:10.1109/ms.2020.2985621,"GREENE D, 2019, PROCEEDINGS OF THE 52ND ANNUAL HAWAII INTERNATIONAL CONFERENCE ON SYSTEM SCIENCES, P2122",2
DOI:10.1109/ms.2020.2985621,DOI:10.1007/978-3-030-33742-1_21,2
DOI:10.1109/ms.2020.2985621,DOI:10.1007/s00146-021-01256-3,2
DOI:10.1109/ms.2020.2985621,DOI:10.1016/j.jss.2021.111067,2
DOI:10.1109/ms.2020.2985621,DOI:10.1109/mts.2021.3056286,2
DOI:10.1109/ms.2020.2985621,DOI:10.1109/seaa.2019.00015,2
DOI:10.1109/ms.2020.2985621,DOI:10.54648/eulr2020024,2
DOI:10.1109/ms.2020.2985621,DOI:10.1007/978-3-030-49392-9_13,3
DOI:10.1109/ms.2020.2985621,DOI:10.1145/33066183314289,2
DOI:10.1007/s00146-022-01455-6,DOI:10.1007/s00146-020-00950-y,2
DOI:10.1007/s00146-022-01455-6,DOI:10.1017/cbo9780511610325.008,2
DOI:10.1007/s00146-022-01455-6,DOI:10.1017/cbo9780511614194.006],2
DOI:10.1007/s00146-022-01455-6,DOI:10.1093/acprof:oso/9780199794515.003.0009,2
DOI:10.1007/s00146-022-01455-6,DOI:10.1111/j.1467-9833.1998.tb00098.x,2
DOI:10.1007/s00146-022-01455-6,DOI:10.1111/j.1527-2001.1993.tb00630.x,2
DOI:10.1007/s00146-022-01455-6,DOI:10.1111/j.1527-2001.2009.01056.x,2
DOI:10.1007/s00146-022-01455-6,DOI:10.2307/2108082,2
DOI:10.1007/s00146-022-01455-6,"FRANKFURT HARRY., 1989, THE INNER CITADEL: ESSAYS ON INDIVIDUAL AUTONOMY, P63",2
DOI:10.1007/s00146-022-01455-6,"JAWORSKA A, 2009, NATURALIZED BIOETHICS: TOWARD RESPONSIBLE KNOWING AND PRACTICE, P80",2
DOI:10.1007/s00146-022-01455-6,DOI:10.1007/s10676-022-09622-5,2
DOI:10.1145/3236024.3264833,"[ANONYMOUS], 2018, GOOGLE",2
DOI:10.1145/3236024.3264833,DOI:10.1145/3430368,2
DOI:10.1145/3236024.3264833,"[ANONYMOUS], 2017, THE IEEE GLOBAL INITIATIVE ON ETHICS OF AUTONOMOUS AND INTELLIGENT SYSTEMS",2
DOI:10.1145/3236024.3264833,"[ANONYMOUS], 2018, ACM CODE OF ETHICS AND PROFESSIONAL CONDUCT",2
DOI:10.1145/3236024.3264833,DOI:10.1126/science.aat5991,2
DOI:10.1145/3236024.3264833,DOI:10.1145/33066183314289,3
DOI:10.1145/3236024.3264833,DOI:10.1145/3351095.3372860,2
DOI:10.1145/3236024.3264833,DOI:10.1007/s40593-021-00239-1,2
DOI:10.1145/3236024.3264833,DOI:10.2139/ssrn.3518482],3
DOI:10.1145/3236024.3264833,"*SMART DUB, 2018, AI ETH PRINC GUID",2
DOI:10.1145/3236024.3264833,"BEIJING A, 2019, @A(!2020.& LIYING.ANALYSISOFDROUGHTCHARACTERISTICSBASED ON MULTIPLEINDICESIN THEHEXIINLAND RIVERBASIN& D'",2
DOI:10.1145/3236024.3264833,DOI:10.1007/978-3-319-60648-4,2
DOI:10.1145/3236024.3264833,DOI:10.1007/s11948-016-9759-0,2
DOI:10.1145/3236024.3264833,DOI:10.1080/1369118x.2016.1154087,2
DOI:10.1145/3236024.3264833,DOI:10.1145/3458723,2
DOI:10.1145/3236024.3264833,DOI:10.2307/j.ctvjk2wr9,2
DOI:10.1145/3236024.3264833,DOI:10.1007/s43681-020-00011-6],2
DOI:10.1145/3236024.3264833,DOI:10.1145/3287560.3287600,2
DOI:10.1145/3236024.3264833,"GREENE D, 2019, PROCEEDINGS OF THE 52ND ANNUAL HAWAII INTERNATIONAL CONFERENCE ON SYSTEM SCIENCES, P2122",3
DOI:10.1145/3236024.3264833,DOI:10.1109/msp.2018.2701164,2
DOI:10.1145/3236024.3264833,DOI:10.1145/3530019.3531329,2
"[ANONYMOUS], 2018, GOOGLE","*SMART DUB, 2018, AI ETH PRINC GUID",2
"[ANONYMOUS], 2018, GOOGLE","ACCESS NOW, 2018, HUM RIGHTS AG ART IN",2
"[ANONYMOUS], 2018, GOOGLE","UNIVERSITY OF MONTREAL, 2018, MONTR DECL RESP DEV",2
DOI:10.1098/rsta.2016.0112,DOI:10.1007/s00146-020-01069-w,2
DOI:10.1098/rsta.2016.0112,DOI:10.1007/s10551-018-3921-3,2
DOI:10.1098/rsta.2016.0112,DOI:10.1007/s10676-019-09502-5,2
DOI:10.1098/rsta.2016.0112,DOI:10.1093/idpl/ipx005,2
DOI:10.1098/rsta.2016.0112,DOI:10.1098/rsta.2016.0360,3
DOI:10.1098/rsta.2016.0112,"MINGERS J, 2010, MIS QUART, V34, P833",3
DOI:10.1098/rsta.2016.0112,DOI:10.1007/s10551-019-04226-4,3
DOI:10.1098/rsta.2016.0112,DOI:10.1007/s11023-017-9438-1,2
DOI:10.1098/rsta.2016.0112,DOI:10.1007/s11023-020-09521-y,2
DOI:10.1098/rsta.2016.0112,DOI:10.1007/s13347-017-0263-5],3
DOI:10.1098/rsta.2016.0112,DOI:10.1038/d41586-020-01578-0,2
DOI:10.1098/rsta.2016.0112,DOI:10.1080/21670811.2014.976411,2
DOI:10.1098/rsta.2016.0112,DOI:10.1098/rsta.2018.0081,3
DOI:10.1098/rsta.2016.0112,DOI:10.1145/3351095.3373152,2
DOI:10.1098/rsta.2016.0112,DOI:10.1007/978-3-319-67280-9_9,2
DOI:10.1098/rsta.2016.0112,DOI:10.1007/s00146-018-0848-2,2
DOI:10.1098/rsta.2016.0112,DOI:10.1007/s10676-018-9447-7,2
DOI:10.1098/rsta.2016.0112,DOI:10.1016/j.clsr.2019.04.007,2
DOI:10.1098/rsta.2016.0112,DOI:10.1080/09528130050111428,2
DOI:10.1098/rsta.2016.0112,DOI:10.1098/rsta.2018.0080,2
DOI:10.1098/rsta.2016.0112,DOI:10.1098/rsta.2018.0084,2
DOI:10.1098/rsta.2016.0112,DOI:10.1177/0191453714545340,2
DOI:10.1016/j.bushor.2018.08.004,DOI:10.1007/s11948-017-9901-7,2
DOI:10.1007/s43681-021-00131-7],DOI:10.1097/md.0000000000036671,2
DOI:10.1007/s43681-021-00131-7],DOI:10.3390/ai4010003,2
DOI:10.1007/s43681-021-00131-7],DOI:10.1177/20552076231186064,2
DOI:10.1016/j.engappai.2023.105894,DOI:10.3390/ai4010003,2
DOI:10.3390/ai4010003,DOI:10.1016/j.jfineco.2021.05.047,2
DOI:10.3390/ai4010003,DOI:10.1177/20552076231186064,2
DOI:10.1002/9781119815075.ch45,"ADAMS C, 2023, COMPUT EDUC-ARTIF IN, V4, DOI [10.1016/J.CAEAI.2023.100131, 10.1016/J.CAEAI.2023.100131]",2
DOI:10.1002/9781119815075.ch45,DOI:10.1007/s11948-017-9901-7,2
DOI:10.1002/9781119815075.ch45,DOI:10.1007/s40593-021-00270-2,2
DOI:10.1002/9781119815075.ch45,DOI:10.1145/33066183314289,2
DOI:10.1002/9781119815075.ch45,DOI:10.2139/ssrn.3518482],2
DOI:10.1002/9781119815075.ch45,DOI:10.37074/jalt.2023.6.2.4],2
DOI:10.1002/9781119815075.ch45,"MEMARIAN B, 2023, COMPUT EDUC-ARTIF IN, V5, DOI [10.1016/J.CAEAI.2023.100152, 10.1016/J.CAEAI.2023.100152]",2
DOI:10.1002/9781119815075.ch45,"SCHIFF DANIEL, 2021, IEEE TRANSACTIONS ON TECHNOLOGY AND SOCIETY, V2, P31, DOI [10.1109/TTS.2021.3052127, 10.1109/TTS.2021.3052127]",2
DOI:10.1098/rsta.2016.0360,DOI:10.1098/rsta.2018.0081,3
DOI:10.1098/rsta.2016.0360,DOI:10.1016/j.techsoc.2016.02.004,4
DOI:10.1098/rsta.2016.0360,DOI:10.1093/ijlit/eaz004,4
DOI:10.1098/rsta.2016.0360,DOI:10.1148/rg.2017160130,4
DOI:10.1098/rsta.2016.0360,DOI:10.2214/ajr.16.17224,4
DOI:10.1098/rsta.2016.0360,"KIM HWIYOUNG, 2019, [JOURNAL OF THE KOREAN SOCIETY OF RADIOLOGY (JKSR), 대한영상의학회지], V80, P259",4
DOI:10.1098/rsta.2016.0360,"[ANONYMOUS], 2018, ARTIF INTELL",3
DOI:10.1098/rsta.2016.0360,"[ANONYMOUS], 2018, ARXIV180600069CSSTAT",4
DOI:10.1098/rsta.2016.0360,"[ANONYMOUS], 2019, CT GAN MALICIOUS TAM",4
DOI:10.1098/rsta.2016.0360,"[ANONYMOUS], ARXIV171009762CSQBIO",4
DOI:10.1098/rsta.2016.0360,"[ANONYMOUS], ARXIV180405296CSSTAT",4
DOI:10.1098/rsta.2016.0360,"[ANONYMOUS], EXPLAINABLE ARTIFICI",4
DOI:10.1098/rsta.2016.0360,"[ANONYMOUS], IEEE GLOB IN ETH AL",3
DOI:10.1098/rsta.2016.0360,DOI:10.1007/s10551-018-3921-3,4
DOI:10.1098/rsta.2016.0360,DOI:10.1089/big.2018.0083,2
DOI:10.1098/rsta.2016.0360,DOI:10.1177/2053951717743530,4
DOI:10.1098/rsta.2016.0360,DOI:10.1007/s10676-019-09502-5,3
DOI:10.1098/rsta.2016.0360,DOI:10.1037/a0017103,2
DOI:10.1098/rsta.2016.0360,DOI:10.1080/03637751.2017.1375130,2
DOI:10.1098/rsta.2016.0360,DOI:10.1080/1369118x.2012.678878,2
DOI:10.1098/rsta.2016.0360,DOI:10.1093/idpl/ipx005,2
DOI:10.1098/rsta.2016.0360,DOI:10.1098/rsta.2016.0122,3
DOI:10.1098/rsta.2016.0360,DOI:10.1177/2053951719858114,2
DOI:10.1098/rsta.2016.0360,DOI:10.2139/ssrn.3518482],3
DOI:10.1098/rsta.2016.0360,"MINGERS J, 2010, MIS QUART, V34, P833",3
DOI:10.1098/rsta.2016.0360,DOI:10.1126/science.aat5991,2
DOI:10.1098/rsta.2016.0360,DOI:10.1145/3458723,2
DOI:10.1098/rsta.2016.0360,DOI:10.1007/978-3-319-67280-9_9,2
DOI:10.1098/rsta.2016.0360,DOI:10.1007/s00146-018-0848-2,2
DOI:10.1098/rsta.2016.0360,DOI:10.1007/s10551-019-04226-4,2
DOI:10.1098/rsta.2016.0360,DOI:10.1007/s10676-018-9447-7,2
DOI:10.1098/rsta.2016.0360,DOI:10.1007/s11948-012-9413-4,2
DOI:10.1098/rsta.2016.0360,DOI:10.1007/s13347-017-0263-5],2
DOI:10.1098/rsta.2016.0360,DOI:10.1016/j.clsr.2019.04.007,2
DOI:10.1098/rsta.2016.0360,DOI:10.1080/09528130050111428,2
DOI:10.1098/rsta.2016.0360,DOI:10.1098/rsta.2018.0080,2
DOI:10.1098/rsta.2016.0360,DOI:10.1098/rsta.2018.0084,2
DOI:10.1098/rsta.2016.0360,DOI:10.1177/0191453714545340,2
DOI:10.1098/rsta.2016.0360,DOI:10.1109/msp.2018.2701164,2
DOI:10.1098/rsta.2018.0081,DOI:10.1007/s10551-019-04226-4,3
DOI:10.1098/rsta.2018.0081,DOI:10.1007/s11023-017-9438-1,2
DOI:10.1098/rsta.2018.0081,DOI:10.1007/s11023-020-09521-y,2
DOI:10.1098/rsta.2018.0081,DOI:10.1007/s13347-017-0263-5],4
DOI:10.1098/rsta.2018.0081,DOI:10.1038/d41586-020-01578-0,2
DOI:10.1098/rsta.2018.0081,DOI:10.1080/21670811.2014.976411,2
DOI:10.1098/rsta.2018.0081,DOI:10.1145/3351095.3373152,2
DOI:10.1098/rsta.2018.0081,DOI:10.1007/978-3-319-67280-9_9,2
DOI:10.1098/rsta.2018.0081,DOI:10.1007/s00146-018-0848-2,2
DOI:10.1098/rsta.2018.0081,DOI:10.1007/s10676-018-9447-7,2
DOI:10.1098/rsta.2018.0081,DOI:10.1016/j.clsr.2019.04.007,3
DOI:10.1098/rsta.2018.0081,DOI:10.1080/09528130050111428,2
DOI:10.1098/rsta.2018.0081,DOI:10.1098/rsta.2018.0080,2
DOI:10.1098/rsta.2018.0081,DOI:10.1098/rsta.2018.0084,2
DOI:10.1098/rsta.2018.0081,DOI:10.1098/rsta.2018.0085,2
DOI:10.1098/rsta.2018.0081,DOI:10.1177/0191453714545340,2
DOI:10.1098/rsta.2018.0081,"MINGERS J, 2010, MIS QUART, V34, P833",2
DOI:10.7551/mitpress/7585.001.0001,"ZICARI ROBERTO V., 2021, IEEE TRANSACTIONS ON TECHNOLOGY AND SOCIETY, V2, P83, DOI [10.1109/TTS.2021.3066209, 10.1109/TTS.2021.3066209]",2
"CHAN KAI SIANG, 2019, JMIR MED EDUC, V5, PE13930, DOI [10.2196/13930, 10.2196/13930]",DOI:10.1038/s41746-018-0061-1,2
"CHAN KAI SIANG, 2019, JMIR MED EDUC, V5, PE13930, DOI [10.2196/13930, 10.2196/13930]",DOI:10.1038/s41746-020-0288-5,2
"CHAN KAI SIANG, 2019, JMIR MED EDUC, V5, PE13930, DOI [10.2196/13930, 10.2196/13930]",DOI:10.1111/medu.14131,2
DOI:10.1038/s41551-018-0305-z,DOI:10.1038/s41746-018-0061-1,2
DOI:10.1038/s41551-018-0305-z,"GERKE SARA, 2020, NPJ DIGITAL MEDICINE, V3, DOI [10.1038/S41746-020-0262-2, 10.1038/S41746-020-0306-7]",2
DOI:10.1038/s41551-018-0305-z,DOI:10.1038/s41568-018-0016-5,2
DOI:10.1038/s41746-018-0061-1,DOI:10.1038/s41746-020-0288-5,3
DOI:10.1038/s41746-018-0061-1,DOI:10.1111/medu.14131,2
DOI:10.1038/s41746-018-0061-1,"GERKE SARA, 2020, NPJ DIGITAL MEDICINE, V3, DOI [10.1038/S41746-020-0262-2, 10.1038/S41746-020-0306-7]",2
DOI:10.1038/s41746-018-0061-1,"PARANJAPE KETAN, 2019, JMIR MED EDUC, V5, PE16048, DOI [10.2196/16048, 10.2196/16048]",3
DOI:10.1038/s41746-018-0061-1,DOI:10.1038/s41746-020-0294-7,2
DOI:10.1038/s41746-018-0061-1,DOI:10.1097/acm.0000000000004291,2
DOI:10.1038/s41746-018-0061-1,DOI:10.1101/2021.01.14.21249830,2
DOI:10.1038/s41746-018-0061-1,DOI:10.1145/33066183314289,2
DOI:10.1038/s41746-018-0061-1,DOI:10.1177/23821205211036836,2
DOI:10.1038/s41746-018-0061-1,DOI:10.1186/s12909-022-03852-3,2
DOI:10.1038/s41746-018-0061-1,DOI:10.1371/journal.pdig.0000198,2
DOI:10.1038/s41746-018-0061-1,DOI:10.2196/45312,2
DOI:10.1038/s41746-018-0061-1,DOI:10.2196/46885,2
DOI:10.1038/s41746-018-0061-1,DOI:10.2196/48163,2
DOI:10.1038/s41746-018-0061-1,DOI:10.3390/app12094130,2
DOI:10.1038/s41746-018-0061-1,DOI:10.4103/jfmpc.jfmpc_440_19,2
DOI:10.1038/s41746-018-0061-1,DOI:10.48550/arxiv.2109.02866],2
DOI:10.1038/s41746-018-0061-1,"HAMET P, 2017, METABOLISM, V69, PS36, DOI [10.26738/MJEM.2017/MJEM26.2018/PLH.CRE.041017, 10.1016/J.METABOL.2017.01.011]",2
DOI:10.1038/s41746-018-0061-1,"RUSSELL S., 2002, ARTIFICIAL INTELLIGENCE: A MODERN APPROACH",2
DOI:10.1038/s41746-020-0288-5,DOI:10.1111/medu.14131,2
DOI:10.1038/s41746-020-0288-5,DOI:10.1038/s41746-020-0294-7,2
DOI:10.1038/s41746-020-0288-5,DOI:10.1097/acm.0000000000004291,2
DOI:10.1038/s41746-020-0288-5,DOI:10.1101/2021.01.14.21249830,2
DOI:10.1038/s41746-020-0288-5,DOI:10.1145/33066183314289,2
DOI:10.1038/s41746-020-0288-5,DOI:10.1177/23821205211036836,2
DOI:10.1038/s41746-020-0288-5,DOI:10.1186/s12909-022-03852-3,2
DOI:10.1038/s41746-020-0288-5,DOI:10.1371/journal.pdig.0000198,2
DOI:10.1038/s41746-020-0288-5,DOI:10.2196/45312,2
DOI:10.1038/s41746-020-0288-5,DOI:10.2196/46885,2
DOI:10.1038/s41746-020-0288-5,DOI:10.2196/48163,2
DOI:10.1038/s41746-020-0288-5,DOI:10.3390/app12094130,2
DOI:10.1038/s41746-020-0288-5,DOI:10.4103/jfmpc.jfmpc_440_19,2
DOI:10.1038/s41746-020-0288-5,DOI:10.48550/arxiv.2109.02866],2
DOI:10.1038/s41746-020-0288-5,"HAMET P, 2017, METABOLISM, V69, PS36, DOI [10.26738/MJEM.2017/MJEM26.2018/PLH.CRE.041017, 10.1016/J.METABOL.2017.01.011]",2
DOI:10.1038/s41746-020-0288-5,"PARANJAPE KETAN, 2019, JMIR MED EDUC, V5, PE16048, DOI [10.2196/16048, 10.2196/16048]",2
DOI:10.1038/s41746-020-0288-5,"RUSSELL S., 2002, ARTIFICIAL INTELLIGENCE: A MODERN APPROACH",2
DOI:10.1007/s10676-018-9453-9,DOI:10.1038/551159a,2
DOI:10.1007/s10676-018-9453-9,DOI:10.1007/s11948-020-00240-2,2
DOI:10.1007/s10676-018-9453-9,DOI:10.1080/14494035.2020.1855800,2
DOI:10.1007/s10676-018-9453-9,DOI:10.1126/science.aau6595,2
DOI:10.1007/s10676-018-9453-9,DOI:10.1177/0008125619864925,2
DOI:10.1007/s11023-020-09537-4,DOI:10.1007/s11023-024-09680-2,2
DOI:10.1016/j.jbusres.2020.11.030,DOI:10.1108/jices-12-2019-0138,2
DOI:10.1016/j.jbusres.2020.11.030,DOI:10.1109/ssci47803.2020.9308437,2
DOI:10.1016/j.jbusres.2020.11.030,"GREENE D, 2019, PROCEEDINGS OF THE 52ND ANNUAL HAWAII INTERNATIONAL CONFERENCE ON SYSTEM SCIENCES, P2122",2
DOI:10.1016/j.jbusres.2020.11.030,"WHITTLESTONE J., 2019, ETHICAL SOC IMPLICAT",2
DOI:10.1016/j.jbusres.2020.11.030,DOI:10.1007/s10551-019-04407-1,3
DOI:10.1016/j.jbusres.2020.11.030,DOI:10.1007/s10551-022-05050-z,2
DOI:10.1016/j.jbusres.2020.11.030,DOI:10.1007/s10551-022-05051-y,2
DOI:10.1016/j.jbusres.2020.11.030,DOI:10.1016/j.socscimed.2022.114782,2
DOI:10.1016/j.jbusres.2020.11.030,DOI:10.1080/03080188.2020.1840220,2
DOI:10.1016/j.jbusres.2020.11.030,DOI:10.1109/mts.2021.3056286,2
DOI:10.1016/j.jbusres.2020.11.030,DOI:10.2139/ssrn.3518482],2
DOI:10.1016/j.jbusres.2020.11.030,DOI:10.7903/cmr.19970],2
DOI:10.1016/j.jbusres.2020.11.030,DOI:10.1007/s10551-019-04213-9,2
DOI:10.1016/j.jbusres.2020.11.030,DOI:10.1007/s10551-021-04843-y,2
DOI:10.1016/j.jbusres.2020.11.030,DOI:10.1007/s11747-019-00696-0,2
DOI:10.1016/j.jbusres.2020.11.030,DOI:10.1007/s43681-020-00011-6],2
DOI:10.1016/j.jbusres.2020.11.030,DOI:10.1016/j.bushor.2019.11.001,2
DOI:10.1016/j.jbusres.2020.11.030,DOI:10.1016/j.jbusres.2021.01.055,2
DOI:10.1145/3430368,"CHEN J, 2021, PREPRINT",2
DOI:10.1145/3430368,"GREENE D, 2019, PROCEEDINGS OF THE 52ND ANNUAL HAWAII INTERNATIONAL CONFERENCE ON SYSTEM SCIENCES, P2122",4
DOI:10.1145/3430368,DOI:10.1007/978-3-030-33742-1_21,2
DOI:10.1145/3430368,DOI:10.1007/s00146-021-01148-6,2
DOI:10.1145/3430368,DOI:10.1098/rsta.2018.0085,2
DOI:10.1145/3430368,DOI:10.1109/seaa.2019.00015,2
DOI:10.1145/3430368,DOI:10.2139/ssrn.3518482],3
DOI:10.1145/3430368,DOI:10.54648/eulr2020024,2
DOI:10.1001/jamadermatol.2018.2348,DOI:10.1016/s0031-3203(99)00065-5,2
DOI:10.1001/jamadermatol.2018.2348,DOI:10.1038/d41586-019-01413-1,2
DOI:10.1007/978-3-319-60648-4,"BRYNJOLFFSON ERICANDREW MCAFEE., 2014, THE SECOND MACHINE AGE: WORK, PROGRESS, AND PROSPERITY IN A TIME OF BRILLIANT TECHNOLOGIES",2
DOI:10.1007/978-3-319-60648-4,"DOMINGOS PEDRO., 2015, THE MASTER ALGORITHM: HOW THE QUEST FOR THE ULTIMATE LEARNING MACHINE WILL REMAKE OUR WORLD",2
DOI:10.1007/978-3-319-60648-4,"ANDERSON MICHAEL., 2011, MACHINE ETHICS",2
DOI:10.1007/978-3-319-60648-4,DOI:10.1177/0162243915606523,2
DOI:10.1007/978-3-319-60648-4,DOI:10.1007/978-3-030-30371-6,2
DOI:10.1007/978-3-319-60648-4,DOI:10.1007/s00146-021-01148-6,2
DOI:10.1007/978-3-319-60648-4,DOI:10.1080/17530350.2019.1639068,2
DOI:10.1007/978-3-319-60648-4,"[ANONYMOUS], 2019, ETHICS GUIDELINES FOR TRUSTWORTHY AL",2
DOI:10.1007/978-3-319-60648-4,DOI:10.1007/s10676-021-09619-6,2
DOI:10.1007/978-3-319-60648-4,DOI:10.1007/s11948-020-00213-5,2
DOI:10.1007/978-3-319-60648-4,DOI:10.1007/s12599-023-00787-x,2
DOI:10.1007/978-3-319-60648-4,DOI:10.2307/j.ctt1gk0941,2
DOI:10.1007/978-3-319-60648-4,"NISSENBAUM H.F., 2010, PRIVACY IN CONTEXT: TECHNOLOGY, POLICY, AND THE INTEGRITY OF SOCIAL LIFE",2
DOI:10.1007/s11023-020-09521-y,DOI:10.1007/978-3-030-49392-9_13,2
DOI:10.1007/s11023-020-09521-y,DOI:10.1007/s10551-019-04226-4,2
DOI:10.1007/s11023-020-09521-y,DOI:10.1007/s13347-017-0263-5],2
DOI:10.1007/s11023-020-09521-y,DOI:10.1038/d41586-020-01578-0,2
DOI:10.1007/s11023-020-09521-y,DOI:10.1108/jices-04-2019-0039,2
DOI:10.1007/s11023-020-09521-y,DOI:10.1145/3351095.3373152,2
DOI:10.1038/d41586-019-01413-1,DOI:10.1177/2053951717743530,2
DOI:10.1038/d41586-019-01413-1,DOI:10.1098/rsta.2018.0085,2
DOI:10.1038/d41586-019-01413-1,DOI:10.1145/33066183314289,2
DOI:10.1038/d41586-019-01413-1,"GREENE D, 2019, PROCEEDINGS OF THE 52ND ANNUAL HAWAII INTERNATIONAL CONFERENCE ON SYSTEM SCIENCES, P2122",2
DOI:10.4103/jfmpc.jfmpc_440_19,DOI:10.48550/arxiv.2109.02866],3
DOI:10.4103/jfmpc.jfmpc_440_19,DOI:10.1038/s41746-020-0294-7,2
DOI:10.4103/jfmpc.jfmpc_440_19,DOI:10.1097/acm.0000000000004291,2
DOI:10.4103/jfmpc.jfmpc_440_19,DOI:10.1101/2021.01.14.21249830,2
DOI:10.4103/jfmpc.jfmpc_440_19,DOI:10.1145/33066183314289,2
DOI:10.4103/jfmpc.jfmpc_440_19,DOI:10.1177/23821205211036836,2
DOI:10.4103/jfmpc.jfmpc_440_19,DOI:10.1186/s12909-022-03852-3,2
DOI:10.4103/jfmpc.jfmpc_440_19,DOI:10.1371/journal.pdig.0000198,2
DOI:10.4103/jfmpc.jfmpc_440_19,DOI:10.2196/45312,2
DOI:10.4103/jfmpc.jfmpc_440_19,DOI:10.2196/46885,2
DOI:10.4103/jfmpc.jfmpc_440_19,DOI:10.2196/48163,2
DOI:10.4103/jfmpc.jfmpc_440_19,DOI:10.3390/app12094130,2
DOI:10.4103/jfmpc.jfmpc_440_19,"HAMET P, 2017, METABOLISM, V69, PS36, DOI [10.26738/MJEM.2017/MJEM26.2018/PLH.CRE.041017, 10.1016/J.METABOL.2017.01.011]",2
DOI:10.4103/jfmpc.jfmpc_440_19,"PARANJAPE KETAN, 2019, JMIR MED EDUC, V5, PE16048, DOI [10.2196/16048, 10.2196/16048]",2
DOI:10.4103/jfmpc.jfmpc_440_19,"RUSSELL S., 2002, ARTIFICIAL INTELLIGENCE: A MODERN APPROACH",2
DOI:10.48550/arxiv.2109.02866],DOI:10.1038/s41746-020-0294-7,2
DOI:10.48550/arxiv.2109.02866],DOI:10.1097/acm.0000000000004291,2
DOI:10.48550/arxiv.2109.02866],DOI:10.1101/2021.01.14.21249830,2
DOI:10.48550/arxiv.2109.02866],DOI:10.1145/33066183314289,2
DOI:10.48550/arxiv.2109.02866],DOI:10.1177/23821205211036836,2
DOI:10.48550/arxiv.2109.02866],DOI:10.1186/s12909-022-03852-3,2
DOI:10.48550/arxiv.2109.02866],DOI:10.1371/journal.pdig.0000198,2
DOI:10.48550/arxiv.2109.02866],DOI:10.2196/45312,2
DOI:10.48550/arxiv.2109.02866],DOI:10.2196/46885,2
DOI:10.48550/arxiv.2109.02866],DOI:10.2196/48163,2
DOI:10.48550/arxiv.2109.02866],DOI:10.3390/app12094130,2
DOI:10.48550/arxiv.2109.02866],"HAMET P, 2017, METABOLISM, V69, PS36, DOI [10.26738/MJEM.2017/MJEM26.2018/PLH.CRE.041017, 10.1016/J.METABOL.2017.01.011]",2
DOI:10.48550/arxiv.2109.02866],"PARANJAPE KETAN, 2019, JMIR MED EDUC, V5, PE16048, DOI [10.2196/16048, 10.2196/16048]",2
DOI:10.48550/arxiv.2109.02866],"RUSSELL S., 2002, ARTIFICIAL INTELLIGENCE: A MODERN APPROACH",2
DOI:10.1007/s13347-020-00405-8],DOI:10.1145/3330794,2
DOI:10.1007/s13347-020-00405-8],DOI:10.1177/0268580900015002005,2
DOI:10.1007/s13347-020-00405-8],DOI:10.2966/scrip.170220.389],2
DOI:10.1007/s13347-020-00405-8],"BENJAMIN RUHA., 2019, RACE TECHNOLOGY ABOL",2
DOI:10.1007/s13347-020-00405-8],DOI:10.1177/1527476419831640,2
DOI:10.1007/s13347-020-00405-8],DOI:10.2139/ssrn.3518482],2
DOI:10.1016/j.techsoc.2016.02.004,DOI:10.1093/ijlit/eaz004,4
DOI:10.1016/j.techsoc.2016.02.004,DOI:10.1148/rg.2017160130,4
DOI:10.1016/j.techsoc.2016.02.004,DOI:10.2214/ajr.16.17224,4
DOI:10.1016/j.techsoc.2016.02.004,"KIM HWIYOUNG, 2019, [JOURNAL OF THE KOREAN SOCIETY OF RADIOLOGY (JKSR), 대한영상의학회지], V80, P259",4
DOI:10.1016/j.techsoc.2016.02.004,"[ANONYMOUS], 2018, ARTIF INTELL",3
DOI:10.1016/j.techsoc.2016.02.004,"[ANONYMOUS], 2018, ARXIV180600069CSSTAT",4
DOI:10.1016/j.techsoc.2016.02.004,"[ANONYMOUS], 2019, CT GAN MALICIOUS TAM",4
DOI:10.1016/j.techsoc.2016.02.004,"[ANONYMOUS], ARXIV171009762CSQBIO",4
DOI:10.1016/j.techsoc.2016.02.004,"[ANONYMOUS], ARXIV180405296CSSTAT",4
DOI:10.1016/j.techsoc.2016.02.004,"[ANONYMOUS], EXPLAINABLE ARTIFICI",4
DOI:10.1016/j.techsoc.2016.02.004,"[ANONYMOUS], IEEE GLOB IN ETH AL",3
DOI:10.1093/ijlit/eaz004,DOI:10.1148/rg.2017160130,4
DOI:10.1093/ijlit/eaz004,DOI:10.2214/ajr.16.17224,4
DOI:10.1093/ijlit/eaz004,"KIM HWIYOUNG, 2019, [JOURNAL OF THE KOREAN SOCIETY OF RADIOLOGY (JKSR), 대한영상의학회지], V80, P259",4
DOI:10.1093/ijlit/eaz004,"[ANONYMOUS], 2018, ARTIF INTELL",3
DOI:10.1093/ijlit/eaz004,"[ANONYMOUS], 2018, ARXIV180600069CSSTAT",4
DOI:10.1093/ijlit/eaz004,"[ANONYMOUS], 2019, CT GAN MALICIOUS TAM",4
DOI:10.1093/ijlit/eaz004,"[ANONYMOUS], ARXIV171009762CSQBIO",4
DOI:10.1093/ijlit/eaz004,"[ANONYMOUS], ARXIV180405296CSSTAT",4
DOI:10.1093/ijlit/eaz004,"[ANONYMOUS], EXPLAINABLE ARTIFICI",4
DOI:10.1093/ijlit/eaz004,"[ANONYMOUS], IEEE GLOB IN ETH AL",3
DOI:10.1148/rg.2017160130,DOI:10.2214/ajr.16.17224,4
DOI:10.1148/rg.2017160130,"KIM HWIYOUNG, 2019, [JOURNAL OF THE KOREAN SOCIETY OF RADIOLOGY (JKSR), 대한영상의학회지], V80, P259",4
DOI:10.1148/rg.2017160130,"[ANONYMOUS], 2018, ARTIF INTELL",3
DOI:10.1148/rg.2017160130,"[ANONYMOUS], 2018, ARXIV180600069CSSTAT",4
DOI:10.1148/rg.2017160130,"[ANONYMOUS], 2019, CT GAN MALICIOUS TAM",4
DOI:10.1148/rg.2017160130,"[ANONYMOUS], ARXIV171009762CSQBIO",4
DOI:10.1148/rg.2017160130,"[ANONYMOUS], ARXIV180405296CSSTAT",4
DOI:10.1148/rg.2017160130,"[ANONYMOUS], EXPLAINABLE ARTIFICI",4
DOI:10.1148/rg.2017160130,"[ANONYMOUS], IEEE GLOB IN ETH AL",3
DOI:10.2214/ajr.16.17224,"KIM HWIYOUNG, 2019, [JOURNAL OF THE KOREAN SOCIETY OF RADIOLOGY (JKSR), 대한영상의학회지], V80, P259",4
DOI:10.2214/ajr.16.17224,"[ANONYMOUS], 2018, ARTIF INTELL",3
DOI:10.2214/ajr.16.17224,"[ANONYMOUS], 2018, ARXIV180600069CSSTAT",4
DOI:10.2214/ajr.16.17224,"[ANONYMOUS], 2019, CT GAN MALICIOUS TAM",4
DOI:10.2214/ajr.16.17224,"[ANONYMOUS], ARXIV171009762CSQBIO",4
DOI:10.2214/ajr.16.17224,"[ANONYMOUS], ARXIV180405296CSSTAT",4
DOI:10.2214/ajr.16.17224,"[ANONYMOUS], EXPLAINABLE ARTIFICI",4
DOI:10.2214/ajr.16.17224,"[ANONYMOUS], IEEE GLOB IN ETH AL",3
"KIM HWIYOUNG, 2019, [JOURNAL OF THE KOREAN SOCIETY OF RADIOLOGY (JKSR), 대한영상의학회지], V80, P259","[ANONYMOUS], 2018, ARTIF INTELL",3
"KIM HWIYOUNG, 2019, [JOURNAL OF THE KOREAN SOCIETY OF RADIOLOGY (JKSR), 대한영상의학회지], V80, P259","[ANONYMOUS], 2018, ARXIV180600069CSSTAT",4
"KIM HWIYOUNG, 2019, [JOURNAL OF THE KOREAN SOCIETY OF RADIOLOGY (JKSR), 대한영상의학회지], V80, P259","[ANONYMOUS], 2019, CT GAN MALICIOUS TAM",4
"KIM HWIYOUNG, 2019, [JOURNAL OF THE KOREAN SOCIETY OF RADIOLOGY (JKSR), 대한영상의학회지], V80, P259","[ANONYMOUS], ARXIV171009762CSQBIO",4
"KIM HWIYOUNG, 2019, [JOURNAL OF THE KOREAN SOCIETY OF RADIOLOGY (JKSR), 대한영상의학회지], V80, P259","[ANONYMOUS], ARXIV180405296CSSTAT",4
"KIM HWIYOUNG, 2019, [JOURNAL OF THE KOREAN SOCIETY OF RADIOLOGY (JKSR), 대한영상의학회지], V80, P259","[ANONYMOUS], EXPLAINABLE ARTIFICI",4
"KIM HWIYOUNG, 2019, [JOURNAL OF THE KOREAN SOCIETY OF RADIOLOGY (JKSR), 대한영상의학회지], V80, P259","[ANONYMOUS], IEEE GLOB IN ETH AL",3
"[ANONYMOUS], 2018, ARTIF INTELL","[ANONYMOUS], 2018, ARXIV180600069CSSTAT",3
"[ANONYMOUS], 2018, ARTIF INTELL","[ANONYMOUS], 2019, CT GAN MALICIOUS TAM",3
"[ANONYMOUS], 2018, ARTIF INTELL","[ANONYMOUS], ARXIV171009762CSQBIO",3
"[ANONYMOUS], 2018, ARTIF INTELL","[ANONYMOUS], ARXIV180405296CSSTAT",3
"[ANONYMOUS], 2018, ARTIF INTELL","[ANONYMOUS], EXPLAINABLE ARTIFICI",3
"[ANONYMOUS], 2018, ARTIF INTELL","[ANONYMOUS], IEEE GLOB IN ETH AL",2
"[ANONYMOUS], 2018, ARXIV180600069CSSTAT","[ANONYMOUS], 2019, CT GAN MALICIOUS TAM",4
"[ANONYMOUS], 2018, ARXIV180600069CSSTAT","[ANONYMOUS], ARXIV171009762CSQBIO",4
"[ANONYMOUS], 2018, ARXIV180600069CSSTAT","[ANONYMOUS], ARXIV180405296CSSTAT",4
"[ANONYMOUS], 2018, ARXIV180600069CSSTAT","[ANONYMOUS], EXPLAINABLE ARTIFICI",4
"[ANONYMOUS], 2018, ARXIV180600069CSSTAT","[ANONYMOUS], IEEE GLOB IN ETH AL",3
"[ANONYMOUS], 2019, CT GAN MALICIOUS TAM","[ANONYMOUS], ARXIV171009762CSQBIO",4
"[ANONYMOUS], 2019, CT GAN MALICIOUS TAM","[ANONYMOUS], ARXIV180405296CSSTAT",4
"[ANONYMOUS], 2019, CT GAN MALICIOUS TAM","[ANONYMOUS], EXPLAINABLE ARTIFICI",4
"[ANONYMOUS], 2019, CT GAN MALICIOUS TAM","[ANONYMOUS], IEEE GLOB IN ETH AL",3
"[ANONYMOUS], ARXIV171009762CSQBIO","[ANONYMOUS], ARXIV180405296CSSTAT",4
"[ANONYMOUS], ARXIV171009762CSQBIO","[ANONYMOUS], EXPLAINABLE ARTIFICI",4
"[ANONYMOUS], ARXIV171009762CSQBIO","[ANONYMOUS], IEEE GLOB IN ETH AL",3
"[ANONYMOUS], ARXIV180405296CSSTAT","[ANONYMOUS], EXPLAINABLE ARTIFICI",4
"[ANONYMOUS], ARXIV180405296CSSTAT","[ANONYMOUS], IEEE GLOB IN ETH AL",3
"[ANONYMOUS], EXPLAINABLE ARTIFICI","[ANONYMOUS], IEEE GLOB IN ETH AL",3
"DE LAAT PAUL B, 2021, PHILOS TECHNOL, V34, P1135, DOI [10.1007/S13347-021-00474-3, 10.1007/S13347-021-00474-3]",DOI:10.1007/978-94-007-7844-3_4,2
"DE LAAT PAUL B, 2021, PHILOS TECHNOL, V34, P1135, DOI [10.1007/S13347-021-00474-3, 10.1007/S13347-021-00474-3]",DOI:10.1016/j.jss.2021.111067,2
"DE LAAT PAUL B, 2021, PHILOS TECHNOL, V34, P1135, DOI [10.1007/S13347-021-00474-3, 10.1007/S13347-021-00474-3]",DOI:10.1109/mts.2021.3056286,2
"DE LAAT PAUL B, 2021, PHILOS TECHNOL, V34, P1135, DOI [10.1007/S13347-021-00474-3, 10.1007/S13347-021-00474-3]","[ANONYMOUS], 2019, RECOMMENDATION COUNC",2
"DE LAAT PAUL B, 2021, PHILOS TECHNOL, V34, P1135, DOI [10.1007/S13347-021-00474-3, 10.1007/S13347-021-00474-3]",DOI:10.1007/s00146-021-01148-6,2
"DE LAAT PAUL B, 2021, PHILOS TECHNOL, V34, P1135, DOI [10.1007/S13347-021-00474-3, 10.1007/S13347-021-00474-3]",DOI:10.1098/rsta.2018.0085,2
"DE LAAT PAUL B, 2021, PHILOS TECHNOL, V34, P1135, DOI [10.1007/S13347-021-00474-3, 10.1007/S13347-021-00474-3]",DOI:10.2139/ssrn.3518482],2
DOI:10.1007/s11948-010-9249-8,DOI:10.1007/s40593-021-00248-0,2
DOI:10.1007/s11948-010-9249-8,DOI:10.1145/3330794,2
DOI:10.1007/s11948-011-9343-6,DOI:10.1007/s43681-021-00043-6],2
DOI:10.1007/s11948-011-9343-6,DOI:10.1016/s0959-8022(00)00004-7,2
DOI:10.1007/s11948-011-9343-6,"HACKING IAN., 1986, RECONSTRUCTING INDIVIDUALISM: AUTONOMY, INDIVIDUALITY, AND THE SELF IN WESTERN THOUGHT, P222",2
DOI:10.1007/s11948-011-9343-6,"WINNER L., 1977, AUTONOMOUS TECHNOLOG",2
DOI:10.1007/s11948-011-9343-6,"ZUBOFF S., 1988, IN THE AGE OF THE SMART MACHINE: THE FUTURE OF WORK AND POWER",2
DOI:10.1007/s13347-022-00507-5,DOI:10.1038/s42256-020-0214-1,2
DOI:10.1007/s13347-022-00507-5,DOI:10.1145/3313831.3376445,2
DOI:10.1007/s13347-022-00507-5,DOI:10.1007/s13347-022-00553-z],3
DOI:10.1007/s13347-022-00507-5,DOI:10.1007/s43681-020-00013-4],2
DOI:10.1007/s40593-021-00248-0,DOI:10.1109/mts.2021.3056286,2
DOI:10.1007/s40593-021-00248-0,DOI:10.1145/3330794,2
DOI:10.1007/s40593-021-00248-0,DOI:10.1007/s10639-022-10925-9,2
DOI:10.1007/s40593-021-00248-0,DOI:10.1007/s11948-016-9797-7,2
DOI:10.1007/s40593-021-00248-0,DOI:10.1007/s11948-016-9809-7,2
DOI:10.1007/s40593-021-00248-0,DOI:10.1007/s11948-016-9814-x,2
DOI:10.1007/s40593-021-00248-0,DOI:10.1007/s11948-021-00280-2,2
DOI:10.1007/s40593-021-00248-0,DOI:10.1007/s40593-021-00239-1,2
DOI:10.1007/s40593-021-00248-0,DOI:10.1016/j.compedu.2023.104813,2
DOI:10.1007/s40593-021-00248-0,DOI:10.1080/22054952.2021.1914297],2
DOI:10.1007/s40593-021-00248-0,DOI:10.1109/ssci47803.2020.9308437,2
DOI:10.1007/s40593-021-00248-0,DOI:10.1126/science.aat5991,2
DOI:10.1007/s40593-021-00248-0,DOI:10.1177/10776958221149577],2
DOI:10.1007/s40593-021-00248-0,DOI:10.1186/s40594-023-00418-7,2
DOI:10.1007/s40593-021-00248-0,DOI:10.1186/s40594-023-00452-5,2
DOI:10.1007/s40593-021-00248-0,DOI:10.1186/s40594-023-00454-3,2
DOI:10.1007/s40593-021-00248-0,DOI:10.1186/s40594-024-00484-5,2
DOI:10.1007/s40593-021-00248-0,DOI:10.1186/s41239-019-0171-0,2
DOI:10.1007/s40593-021-00248-0,DOI:10.30191/ets.202301_26(1).0002,2
DOI:10.1007/s40593-021-00248-0,"ERDURAN SIBEL, 2023, SCIENCE, V382, PEADM9788, DOI [10.1126/SCIENCE.ADM9788, 10.1126/SCIENCE.ADM9788]",2
DOI:10.1007/s40593-021-00248-0,"HSIEH HF, 2005, QUAL HEALTH RES, V15, P1277, DOI [10.1177/1049732305276687, 10.1111/EVA.13711]",2
DOI:10.1007/s43681-021-00043-6],DOI:10.1177/20552076231186064,2
DOI:10.1007/s43681-021-00043-6],DOI:10.1186/s12910-021-00577-8,2
DOI:10.1007/s43681-021-00043-6],DOI:10.3390/su14084472,2
DOI:10.1007/s43681-021-00043-6],DOI:10.3390/su142416352,2
DOI:10.1016/j.jss.2021.111067,DOI:10.1109/mts.2021.3056286,2
DOI:10.1016/j.jss.2021.111067,DOI:10.1007/s00146-021-01256-3,2
DOI:10.1016/j.jss.2021.111067,DOI:10.1109/seaa.2019.00015,2
DOI:10.1016/j.jss.2021.111067,DOI:10.2139/ssrn.3518482],2
DOI:10.1109/mts.2021.3056286,DOI:10.1007/978-3-030-33742-1_21,2
DOI:10.1109/mts.2021.3056286,DOI:10.1007/s10551-019-04407-1,2
DOI:10.1109/mts.2021.3056286,DOI:10.1016/j.socscimed.2022.114782,2
DOI:10.1109/mts.2021.3056286,DOI:10.1080/03080188.2020.1840220,2
DOI:10.1109/mts.2021.3056286,DOI:10.2139/ssrn.3518482],2
DOI:10.1145/3313831.3376445,"BOYD KAREN L., 2021, PROCEEDINGS OF THE ACM ON HUMAN-COMPUTER INTERACTION, V5, DOI [10.1145/3479582, 10.1145/3479582]",2
DOI:10.1145/3313831.3376445,DOI:10.1145/3287560.3287596,2
DOI:10.1145/3313831.3376445,DOI:10.1145/3290605.3300830,2
DOI:10.1145/3313831.3376445,DOI:10.1145/3406865.3418590,2
DOI:10.1145/3313831.3376445,"FLANAGAN M, 2014, VALUES AT PLAY IN DIGITAL GAMES, P1",2
DOI:10.1145/3313831.3376445,"MADAIO MICHAEL, 2022, PROCEEDINGS OF THE ACM ON HUMAN-COMPUTER INTERACTION, V6, DOI [10.1145/3512899, 10.1145/3512899]",2
DOI:10.1145/3313831.3376445,"METCALF J, 2019, SOC RES, V86, P449",2
DOI:10.1145/3313831.3376445,"SUCHMAN L., 2002, SCANDINAVIAN JOURNAL OF INFORMATION SYSTEMS, V14, P91",2
DOI:10.1145/3313831.3376445,"WONG RICHMOND Y., 2021, PROCEEDINGS OF THE ACM ON HUMAN-COMPUTER INTERACTION, V5, DOI [10.1145/3479499, 10.1145/3479499]",2
DOI:10.1145/3313831.3376445,DOI:10.1145/3173574.3174014,2
DOI:10.1145/3330794,"UMBRELLO STEVEN, 2021, AI ETHICS, V1, P283, DOI [10.1007/S43681-021-00038-3, 10.1007/S43681-021-00038-3]",2
DOI:10.1145/3330794,DOI:10.1007/978-3-031-04826-5_22,2
DOI:10.1145/3330794,DOI:10.1007/s11948-016-9797-7,2
DOI:10.1145/3330794,DOI:10.1145/3154485,2
DOI:10.1145/3330794,DOI:10.1145/3313831.3376727,2
DOI:10.1145/3330794,DOI:10.1145/3634685,2
DOI:10.1145/3330794,DOI:10.2139/ssrn.3518482],2
DOI:10.1145/3330794,DOI:10.5555/3447307.3447313,2
DOI:10.1145/3330794,"SOUTHWORTH JANE, TRANSFORMING HIGHER, V4",2
DOI:10.1145/3330794,"GREEN BEN, 2021, JOURNAL OF SOCIAL COMPUTING, V2, P249, DOI [10.23919/JSC.2021.0029, 10.23919/JSC.2021.0029]",2
DOI:10.1145/3330794,DOI:10.1207/s15430421tip4104_2,2
DOI:10.1145/3330794,DOI:10.1126/science.aat5991,2
"EUROPEAN COMMISSION, 2019, ETHICS GUIDELINES TR",DOI:10.3389/fhumd.2024.1421273,2
DOI:10.1007/s11023-021-09557-8,DOI:10.1007/978-3-030-33742-1_21,2
DOI:10.1007/s13347-015-0211-1,DOI:10.1007/s13347-014-0156-9,2
DOI:10.1007/s13347-015-0211-1,DOI:10.1098/rsta.2018.0085,2
DOI:10.1145/3287560.3287596,DOI:10.1145/3351095.3372873,2
DOI:10.1145/3287560.3287596,DOI:10.1080/0960085x.2022.2026621,2
DOI:10.1145/3287560.3287596,DOI:10.1098/rsta.2018.0080,2
DOI:10.1145/3287560.3287596,DOI:10.1145/3419764,2
DOI:10.1145/3287560.3287596,DOI:10.1145/3458723,4
DOI:10.1145/3287560.3287596,DOI:10.1191/1478088706qp063oa,2
DOI:10.1145/3287560.3287596,DOI:10.48550/arxiv.1810.01943],2
DOI:10.1145/3287560.3287596,DOI:10.1007/s11948-020-00213-5,2
DOI:10.1145/3287560.3287596,DOI:10.1145/3290605.3300830,2
DOI:10.1145/3287560.3287596,DOI:10.1177/2053951717743530,2
DOI:10.1145/3287560.3287596,"EUBANKS V., 2018, AUTOMATING INEQUALIT",2
DOI:10.1145/3287560.3287596,DOI:10.1080/1369118x.2019.1573912,2
DOI:10.1145/3287560.3287596,DOI:10.1098/rsta.2018.0084,2
DOI:10.1145/3287560.3287596,DOI:10.1145/3306618.3314248,2
DOI:10.1145/3287560.3287596,DOI:10.48550/arxiv.2111.01122,2
DOI:10.1145/3287560.3287596,"GREENE D, 2019, PROCEEDINGS OF THE 52ND ANNUAL HAWAII INTERNATIONAL CONFERENCE ON SYSTEM SCIENCES, P2122",2
DOI:10.1145/3287560.3287596,"SCHIFF D, 2020, ARXIV, DOI [ARXIV:2006.04707, 10.48550/ARXIV.2006.04707]",2
DOI:10.1145/3287560.3287596,DOI:10.1007/s10676-009-9187-9,2
DOI:10.1145/3287560.3287596,DOI:10.1145/3236009,3
DOI:10.1145/3287560.3287596,DOI:10.1145/3278721.3278779,2
DOI:10.1145/3287560.3287596,DOI:10.1080/14494035.2021.1929728,2
DOI:10.1145/3287560.3287596,DOI:10.1057/ejis.2013.18,2
DOI:10.1145/3351095.3372873,DOI:10.1007/s10551-018-3921-3,2
DOI:10.1145/3351095.3372873,DOI:10.2139/ssrn.3518482],2
DOI:10.1145/3351095.3372873,"KROLL JA, 2017, U PENN LAW REV, V165, P633",2
DOI:10.1145/3351095.3372873,DOI:10.1098/rsta.2018.0080,2
"GREENE D, 2019, PROCEEDINGS OF THE 52ND ANNUAL HAWAII INTERNATIONAL CONFERENCE ON SYSTEM SCIENCES, P2122",DOI:10.1098/rsta.2018.0085,3
"GREENE D, 2019, PROCEEDINGS OF THE 52ND ANNUAL HAWAII INTERNATIONAL CONFERENCE ON SYSTEM SCIENCES, P2122",DOI:10.1145/33066183314289,3
"GREENE D, 2019, PROCEEDINGS OF THE 52ND ANNUAL HAWAII INTERNATIONAL CONFERENCE ON SYSTEM SCIENCES, P2122",DOI:10.2307/j.ctvhrd092.18,5
"GREENE D, 2019, PROCEEDINGS OF THE 52ND ANNUAL HAWAII INTERNATIONAL CONFERENCE ON SYSTEM SCIENCES, P2122","WHITTAKER M., 2018, AI NOW REPORT 2018",2
"GREENE D, 2019, PROCEEDINGS OF THE 52ND ANNUAL HAWAII INTERNATIONAL CONFERENCE ON SYSTEM SCIENCES, P2122","[ANONYMOUS], 2017, ASILOMAR AI PRINCIPLES",2
"GREENE D, 2019, PROCEEDINGS OF THE 52ND ANNUAL HAWAII INTERNATIONAL CONFERENCE ON SYSTEM SCIENCES, P2122","BEAUCHAMP TOM L., 2003, EM A COMPANION TO APPLIED ETHICS, P1",2
"GREENE D, 2019, PROCEEDINGS OF THE 52ND ANNUAL HAWAII INTERNATIONAL CONFERENCE ON SYSTEM SCIENCES, P2122",DOI:10.1108/jices-12-2019-0138,2
"GREENE D, 2019, PROCEEDINGS OF THE 52ND ANNUAL HAWAII INTERNATIONAL CONFERENCE ON SYSTEM SCIENCES, P2122",DOI:10.1109/ssci47803.2020.9308437,2
"GREENE D, 2019, PROCEEDINGS OF THE 52ND ANNUAL HAWAII INTERNATIONAL CONFERENCE ON SYSTEM SCIENCES, P2122","FJELD J., 2020, PRINCIPLED ARTIFICIA",2
"GREENE D, 2019, PROCEEDINGS OF THE 52ND ANNUAL HAWAII INTERNATIONAL CONFERENCE ON SYSTEM SCIENCES, P2122",DOI:10.1145/3097983.3098095,2
"GREENE D, 2019, PROCEEDINGS OF THE 52ND ANNUAL HAWAII INTERNATIONAL CONFERENCE ON SYSTEM SCIENCES, P2122",DOI:10.2759/177365,4
"GREENE D, 2019, PROCEEDINGS OF THE 52ND ANNUAL HAWAII INTERNATIONAL CONFERENCE ON SYSTEM SCIENCES, P2122",DOI:10.1007/978-3-030-33742-1_21,2
"GREENE D, 2019, PROCEEDINGS OF THE 52ND ANNUAL HAWAII INTERNATIONAL CONFERENCE ON SYSTEM SCIENCES, P2122",DOI:10.1007/978-3-030-56286-1_9],2
"GREENE D, 2019, PROCEEDINGS OF THE 52ND ANNUAL HAWAII INTERNATIONAL CONFERENCE ON SYSTEM SCIENCES, P2122",DOI:10.1007/978-3-030-81907-1_2],2
"GREENE D, 2019, PROCEEDINGS OF THE 52ND ANNUAL HAWAII INTERNATIONAL CONFERENCE ON SYSTEM SCIENCES, P2122",DOI:10.1007/s00146-021-01148-6,2
"GREENE D, 2019, PROCEEDINGS OF THE 52ND ANNUAL HAWAII INTERNATIONAL CONFERENCE ON SYSTEM SCIENCES, P2122",DOI:10.2139/ssrn.3518482],3
"GREENE D, 2019, PROCEEDINGS OF THE 52ND ANNUAL HAWAII INTERNATIONAL CONFERENCE ON SYSTEM SCIENCES, P2122","TIDJON LIONEL NGANYEWOU, 2023, IEEE TRANSACTIONS ON ARTIFICIAL INTELLIGENCE, P820, DOI [10.1109/TAI.2022.3225132, 10.1109/TAI.2022.3225132]",2
"GREENE D, 2019, PROCEEDINGS OF THE 52ND ANNUAL HAWAII INTERNATIONAL CONFERENCE ON SYSTEM SCIENCES, P2122",DOI:10.1109/educon52537.2022.9766818,2
"GREENE D, 2019, PROCEEDINGS OF THE 52ND ANNUAL HAWAII INTERNATIONAL CONFERENCE ON SYSTEM SCIENCES, P2122",DOI:10.1191/1478088706qp063oa,3
"GREENE D, 2019, PROCEEDINGS OF THE 52ND ANNUAL HAWAII INTERNATIONAL CONFERENCE ON SYSTEM SCIENCES, P2122",DOI:10.1007/s10676-018-9450-z,2
"GREENE D, 2019, PROCEEDINGS OF THE 52ND ANNUAL HAWAII INTERNATIONAL CONFERENCE ON SYSTEM SCIENCES, P2122",DOI:10.1007/s43681-020-00011-6],2
"GREENE D, 2019, PROCEEDINGS OF THE 52ND ANNUAL HAWAII INTERNATIONAL CONFERENCE ON SYSTEM SCIENCES, P2122",DOI:10.1145/3287560.3287600,2
"GREENE D, 2019, PROCEEDINGS OF THE 52ND ANNUAL HAWAII INTERNATIONAL CONFERENCE ON SYSTEM SCIENCES, P2122",DOI:10.1145/3351095.3372860,3
"GREENE D, 2019, PROCEEDINGS OF THE 52ND ANNUAL HAWAII INTERNATIONAL CONFERENCE ON SYSTEM SCIENCES, P2122",DOI:10.1145/3458723,2
"GREENE D, 2019, PROCEEDINGS OF THE 52ND ANNUAL HAWAII INTERNATIONAL CONFERENCE ON SYSTEM SCIENCES, P2122",DOI:10.48550/arxiv.2111.01122,2
"GREENE D, 2019, PROCEEDINGS OF THE 52ND ANNUAL HAWAII INTERNATIONAL CONFERENCE ON SYSTEM SCIENCES, P2122","METCALF J, 2019, SOC RES, V86, P449",2
"GREENE D, 2019, PROCEEDINGS OF THE 52ND ANNUAL HAWAII INTERNATIONAL CONFERENCE ON SYSTEM SCIENCES, P2122","SCHIFF D, 2020, ARXIV, DOI [ARXIV:2006.04707, 10.48550/ARXIV.2006.04707]",2
"GREENE D, 2019, PROCEEDINGS OF THE 52ND ANNUAL HAWAII INTERNATIONAL CONFERENCE ON SYSTEM SCIENCES, P2122","RUSSELL S., 2002, ARTIFICIAL INTELLIGENCE: A MODERN APPROACH",2
"BOSSMANN J., 2016, TOP 9 ETHICAL ISSUES IN ARTIFICIAL INTELLIGENCE","DAWSON D, 2019, ARTIFICIAL INTELLIGENCE: AUSTRALIA'S ETHICS FRAMEWORK",2
"BOSSMANN J., 2016, TOP 9 ETHICAL ISSUES IN ARTIFICIAL INTELLIGENCE",DOI:10.1007/978-3-540-70540-6_4,2
"DAWSON D, 2019, ARTIFICIAL INTELLIGENCE: AUSTRALIA'S ETHICS FRAMEWORK",DOI:10.1007/978-3-540-70540-6_4,2
DOI:10.1109/ssci47803.2020.9308437,DOI:10.1126/science.aat5991,4
DOI:10.1109/ssci47803.2020.9308437,DOI:10.1007/s10639-022-10925-9,2
DOI:10.1109/ssci47803.2020.9308437,DOI:10.1007/s11948-016-9797-7,2
DOI:10.1109/ssci47803.2020.9308437,DOI:10.1007/s11948-016-9809-7,2
DOI:10.1109/ssci47803.2020.9308437,DOI:10.1007/s11948-016-9814-x,2
DOI:10.1109/ssci47803.2020.9308437,DOI:10.1007/s11948-021-00280-2,2
DOI:10.1109/ssci47803.2020.9308437,DOI:10.1007/s40593-021-00239-1,2
DOI:10.1109/ssci47803.2020.9308437,DOI:10.1016/j.compedu.2023.104813,2
DOI:10.1109/ssci47803.2020.9308437,DOI:10.1080/22054952.2021.1914297],2
DOI:10.1109/ssci47803.2020.9308437,DOI:10.1177/10776958221149577],2
DOI:10.1109/ssci47803.2020.9308437,DOI:10.1186/s40594-023-00418-7,2
DOI:10.1109/ssci47803.2020.9308437,DOI:10.1186/s40594-023-00452-5,2
DOI:10.1109/ssci47803.2020.9308437,DOI:10.1186/s40594-023-00454-3,2
DOI:10.1109/ssci47803.2020.9308437,DOI:10.1186/s40594-024-00484-5,2
DOI:10.1109/ssci47803.2020.9308437,DOI:10.1186/s41239-019-0171-0,2
DOI:10.1109/ssci47803.2020.9308437,DOI:10.30191/ets.202301_26(1).0002,2
DOI:10.1109/ssci47803.2020.9308437,"ERDURAN SIBEL, 2023, SCIENCE, V382, PEADM9788, DOI [10.1126/SCIENCE.ADM9788, 10.1126/SCIENCE.ADM9788]",2
DOI:10.1109/ssci47803.2020.9308437,"HSIEH HF, 2005, QUAL HEALTH RES, V15, P1277, DOI [10.1177/1049732305276687, 10.1111/EVA.13711]",2
DOI:10.1126/science.132.3429.741,DOI:10.1126/science.aat5991,2
DOI:10.1126/science.aat5991,DOI:10.1145/33066183314289,3
DOI:10.1126/science.aat5991,DOI:10.1017/als.2020.19,2
DOI:10.1126/science.aat5991,DOI:10.1108/jices-12-2019-0138,2
DOI:10.1126/science.aat5991,DOI:10.1080/09528130050111428,2
DOI:10.1126/science.aat5991,"RUSSELL S., 2002, ARTIFICIAL INTELLIGENCE: A MODERN APPROACH",2
DOI:10.1126/science.aat5991,"CRAWFORD KATE, 2016, AI NOW PUBLIC S HOST, P24",2
DOI:10.1126/science.aat5991,DOI:10.1007/s10676-009-9187-9,2
DOI:10.1126/science.aat5991,DOI:10.1007/s11948-017-9901-7,3
DOI:10.1126/science.aat5991,DOI:10.1038/538311a,2
DOI:10.1126/science.aat5991,DOI:10.1177/2053951717743530,2
DOI:10.1126/science.aat5991,DOI:10.1371/journal.pmed.1000097,2
DOI:10.1126/science.aat5991,DOI:10.2307/j.ctvhrd092.18,2
DOI:10.1126/science.aat5991,"WHITTAKER M., 2018, AI NOW REPORT 2018, P1",2
DOI:10.1126/science.aat5991,"WALLACH W., 2008, MORAL MACHINES: TEACHING ROBOTS RIGHT FROM WRONG",2
DOI:10.1126/science.aat5991,DOI:10.1007/s10639-022-10925-9,2
DOI:10.1126/science.aat5991,DOI:10.1007/s11948-016-9797-7,2
DOI:10.1126/science.aat5991,DOI:10.1007/s11948-016-9809-7,2
DOI:10.1126/science.aat5991,DOI:10.1007/s11948-016-9814-x,2
DOI:10.1126/science.aat5991,DOI:10.1007/s11948-021-00280-2,2
DOI:10.1126/science.aat5991,DOI:10.1007/s40593-021-00239-1,3
DOI:10.1126/science.aat5991,DOI:10.1016/j.compedu.2023.104813,2
DOI:10.1126/science.aat5991,DOI:10.1080/22054952.2021.1914297],2
DOI:10.1126/science.aat5991,DOI:10.1177/10776958221149577],2
DOI:10.1126/science.aat5991,DOI:10.1186/s40594-023-00418-7,2
DOI:10.1126/science.aat5991,DOI:10.1186/s40594-023-00452-5,2
DOI:10.1126/science.aat5991,DOI:10.1186/s40594-023-00454-3,2
DOI:10.1126/science.aat5991,DOI:10.1186/s40594-024-00484-5,2
DOI:10.1126/science.aat5991,DOI:10.1186/s41239-019-0171-0,2
DOI:10.1126/science.aat5991,DOI:10.30191/ets.202301_26(1).0002,2
DOI:10.1126/science.aat5991,"ERDURAN SIBEL, 2023, SCIENCE, V382, PEADM9788, DOI [10.1126/SCIENCE.ADM9788, 10.1126/SCIENCE.ADM9788]",2
DOI:10.1126/science.aat5991,"HSIEH HF, 2005, QUAL HEALTH RES, V15, P1277, DOI [10.1177/1049732305276687, 10.1111/EVA.13711]",2
DOI:10.1126/science.aat5991,DOI:10.1007/s11356-023-31437-0,2
DOI:10.1126/science.aat5991,DOI:10.1098/rsta.2018.0080,2
DOI:10.1126/science.aat5991,DOI:10.2139/ssrn.3518482],2
DOI:10.1016/j.infsof.2023.107197,DOI:10.1016/j.mlwa.2024.100525,2
DOI:10.1002/aaai.12062,DOI:10.1145/33066183314289,2
DOI:10.1007/s13347-022-00553-z],DOI:10.1007/s43681-020-00013-4],3
DOI:10.1007/s13347-022-00553-z],DOI:10.2139/ssrn.3518482],2
DOI:10.1007/s13347-022-00553-z],DOI:10.1017/cbo9780511814563,2
DOI:10.1007/s13347-022-00553-z],DOI:10.1147/jrd.2019.2942287,2
DOI:10.1007/s13347-022-00553-z],DOI:10.1007/s00146-018-0871-3,2
DOI:10.1007/s13347-022-00553-z],DOI:10.1007/s00146-022-01545-5,2
DOI:10.1007/s13347-022-00553-z],DOI:10.4159/harvard.9780674736061],2
DOI:10.1145/33066183314289,DOI:10.1007/s43681-020-00013-4],2
DOI:10.1145/33066183314289,DOI:10.1007/s43681-021-00122-8,2
DOI:10.1145/33066183314289,DOI:10.1108/jices-12-2019-0138,3
DOI:10.1145/33066183314289,DOI:10.1145/3351095.3372860,3
DOI:10.1145/33066183314289,DOI:10.29297/orbit.v2i2.109,2
DOI:10.1145/33066183314289,"EUBANKS V., 2018, AUTOMATING INEQUALITY: HOW HIGH-TECH TOOLS PROFILE, POLICE, AND PUNISH THE POOR",2
DOI:10.1145/33066183314289,"ADAMS C, 2023, COMPUT EDUC-ARTIF IN, V4, DOI [10.1016/J.CAEAI.2023.100131, 10.1016/J.CAEAI.2023.100131]",2
DOI:10.1145/33066183314289,DOI:10.1007/s11948-017-9901-7,3
DOI:10.1145/33066183314289,DOI:10.2139/ssrn.3518482],5
DOI:10.1145/33066183314289,DOI:10.4135/9781071802878,2
DOI:10.1145/33066183314289,"MEMARIAN B, 2023, COMPUT EDUC-ARTIF IN, V5, DOI [10.1016/J.CAEAI.2023.100152, 10.1016/J.CAEAI.2023.100152]",2
DOI:10.1145/33066183314289,DOI:10.1098/rsta.2018.0085,4
DOI:10.1145/33066183314289,DOI:10.1177/2053951717743530,2
DOI:10.1145/33066183314289,DOI:10.2307/j.ctvhrd092.18,3
DOI:10.1145/33066183314289,"[ANONYMOUS], 2019, ETHICS GUIDELINES FOR TRUSTWORTHY AL",2
DOI:10.1145/33066183314289,DOI:10.1007/978-3-030-33742-1_21,3
DOI:10.1145/33066183314289,DOI:10.1007/978-3-030-49392-9_13,3
DOI:10.1145/33066183314289,"COECKELBERGH M., 2020, AI ETHICS",2
DOI:10.1145/33066183314289,DOI:10.1007/978-3-030-30371-6,4
DOI:10.1145/33066183314289,DOI:10.1007/s00146-021-01148-6,3
DOI:10.1145/33066183314289,DOI:10.1098/rsta.2018.0080,3
DOI:10.1145/33066183314289,DOI:10.1145/3419764,2
DOI:10.1145/33066183314289,DOI:10.1145/3458723,2
DOI:10.1145/33066183314289,DOI:10.1191/1478088706qp063oa,2
DOI:10.1145/33066183314289,DOI:10.3390/app12094130,4
DOI:10.1145/33066183314289,"LU QH, 2022, 2022 ACM/IEEE 44TH INTERNATIONAL CONFERENCE ON SOFTWARE ENGINEERING: SOFTWARE ENGINEERING IN PRACTICE (ICSE-SEIP 2022), P241, DOI [10.1145/3510457.3513063, 10.1109/ICSE-SEIP55303.2022.9793864]",2
DOI:10.1145/33066183314289,DOI:10.1145/3287560.3287574,2
DOI:10.1145/33066183314289,"FUNG PASCALE, 2023, AI ETHICS, V3, P505, DOI [10.1007/S43681-022-00180-6, 10.1007/S43681-022-00180-6]",2
DOI:10.1145/33066183314289,DOI:10.1109/msp.2018.2701164,3
DOI:10.1145/33066183314289,"AKGUN SELIN, 2022, AI ETHICS, V2, P431, DOI [10.1007/S43681-021-00096-7, 10.1007/S43681-021-00096-7]",3
DOI:10.1145/33066183314289,DOI:10.1038/s41746-020-0294-7,2
DOI:10.1145/33066183314289,DOI:10.1097/acm.0000000000004291,2
DOI:10.1145/33066183314289,DOI:10.1101/2021.01.14.21249830,2
DOI:10.1145/33066183314289,DOI:10.1162/99608f92.92fe150c,2
DOI:10.1145/33066183314289,DOI:10.1177/0008125619864925,2
DOI:10.1145/33066183314289,DOI:10.1177/23821205211036836,2
DOI:10.1145/33066183314289,DOI:10.1186/s12909-022-03852-3,2
DOI:10.1145/33066183314289,DOI:10.1371/journal.pdig.0000198,2
DOI:10.1145/33066183314289,DOI:10.2139/ssrn.3403301],2
DOI:10.1145/33066183314289,DOI:10.2196/45312,2
DOI:10.1145/33066183314289,DOI:10.2196/46885,2
DOI:10.1145/33066183314289,DOI:10.2196/48163,2
DOI:10.1145/33066183314289,DOI:10.5334/pme.954,2
DOI:10.1145/33066183314289,"HAMET P, 2017, METABOLISM, V69, PS36, DOI [10.26738/MJEM.2017/MJEM26.2018/PLH.CRE.041017, 10.1016/J.METABOL.2017.01.011]",2
DOI:10.1145/33066183314289,"PARANJAPE KETAN, 2019, JMIR MED EDUC, V5, PE16048, DOI [10.2196/16048, 10.2196/16048]",2
DOI:10.1145/33066183314289,"PEI WANG, 2019, JOURNAL OF ARTIFICIAL GENERAL INTELLIGENCE, V10, P1, DOI [10.2478/JAGI-2019-0002, 10.2478/JAGI-2019-0002]",2
DOI:10.1145/33066183314289,"RUSSELL S., 2002, ARTIFICIAL INTELLIGENCE: A MODERN APPROACH",3
DOI:10.1145/33066183314289,DOI:10.1007/s10676-018-9450-z,2
DOI:10.1145/33066183314289,DOI:10.1093/oxfordhb/9780190067397.013.16,2
DOI:10.1145/33066183314289,DOI:10.1080/1369118x.2016.1154087,2
DOI:10.2307/258788,DOI:10.1007/s10551-021-05032-7,2
DOI:10.1007/s43681-021-00122-8,DOI:10.1007/s43681-020-00013-4],3
DOI:10.1007/s43681-021-00122-8,DOI:10.1016/j.patter.2023.100857,3
DOI:10.1126/science.aaf2654,DOI:10.1007/s11948-014-9565-5,2
"BENJAMIN RUHA., 2019, RACE TECHNOLOGY ABOL","WINNER L, 1980, DAEDALUS, V109, P121",2
"BENJAMIN RUHA., 2019, RACE TECHNOLOGY ABOL",DOI:10.1080/17530350.2019.1639068,2
"BENJAMIN RUHA., 2019, RACE TECHNOLOGY ABOL","HICKS M, 2017, HIST COMPUT-MIT PRES, P1",2
"BENJAMIN RUHA., 2019, RACE TECHNOLOGY ABOL","ANGWIN J., 2016, PROPUBLICA",2
"BENJAMIN RUHA., 2019, RACE TECHNOLOGY ABOL",DOI:10.1177/1527476419831640,2
"BENJAMIN RUHA., 2019, RACE TECHNOLOGY ABOL",DOI:10.2139/ssrn.3518482],3
"BENJAMIN RUHA., 2019, RACE TECHNOLOGY ABOL","[ANONYMOUS], 2019, ETHICS GUIDELINES FOR TRUSTWORTHY AL",2
DOI:10.1016/j.chbr.2020.100014,DOI:10.2139/ssrn.3518482],2
DOI:10.1016/j.chbr.2020.100014,DOI:10.1007/s00146-021-01168-2,2
DOI:10.1016/j.chbr.2020.100014,DOI:10.1007/s10639-022-11086-5,2
DOI:10.2139/ssrn.3518482],DOI:10.1007/s10551-018-3921-3,2
DOI:10.2139/ssrn.3518482],DOI:10.1007/s10676-019-09502-5,2
DOI:10.2139/ssrn.3518482],DOI:10.1080/03637751.2017.1375130,2
DOI:10.2139/ssrn.3518482],DOI:10.1080/1369118x.2012.678878,2
DOI:10.2139/ssrn.3518482],DOI:10.1093/idpl/ipx005,2
DOI:10.2139/ssrn.3518482],DOI:10.1098/rsta.2016.0122,2
DOI:10.2139/ssrn.3518482],DOI:10.1177/2053951717743530,2
DOI:10.2139/ssrn.3518482],DOI:10.1177/2053951719858114,2
DOI:10.2139/ssrn.3518482],"EUROPEAN COMMISSION, 2021, PROPOSAL FOR A REGULATION: ARTIFICIAL INTELLIGENCE ACT: AIA",2
DOI:10.2139/ssrn.3518482],"BERENDT BETTINA, 2019, PALADYN, JOURNAL OF BEHAVIORAL ROBOTICS, V10, P44, DOI [10.1515/PJBR-2019-0004, 10.1515/PJBR-2019-0004]",2
DOI:10.2139/ssrn.3518482],"COECKELBERGH M., 2020, AI ETHICS",3
DOI:10.2139/ssrn.3518482],DOI:10.1145/230538.230561,2
DOI:10.2139/ssrn.3518482],DOI:10.1145/3351095.3372860,3
DOI:10.2139/ssrn.3518482],"EUBANKS V., 2018, AUTOMATING INEQUALITY: HOW HIGH-TECH TOOLS PROFILE, POLICE, AND PUNISH THE POOR",2
DOI:10.2139/ssrn.3518482],"ADAMS C, 2023, COMPUT EDUC-ARTIF IN, V4, DOI [10.1016/J.CAEAI.2023.100131, 10.1016/J.CAEAI.2023.100131]",2
DOI:10.2139/ssrn.3518482],DOI:10.1007/s11948-017-9901-7,4
DOI:10.2139/ssrn.3518482],DOI:10.1007/s40593-021-00270-2,4
DOI:10.2139/ssrn.3518482],DOI:10.1186/s41239-023-00408-3,2
DOI:10.2139/ssrn.3518482],DOI:10.37074/jalt.2023.6.2.4],2
DOI:10.2139/ssrn.3518482],"MEMARIAN B, 2023, COMPUT EDUC-ARTIF IN, V5, DOI [10.1016/J.CAEAI.2023.100152, 10.1016/J.CAEAI.2023.100152]",2
DOI:10.2139/ssrn.3518482],"SCHIFF DANIEL, 2021, IEEE TRANSACTIONS ON TECHNOLOGY AND SOCIETY, V2, P31, DOI [10.1109/TTS.2021.3052127, 10.1109/TTS.2021.3052127]",3
DOI:10.2139/ssrn.3518482],"ZENG Y, 2018, ARXIV, DOI ARXIV:1812.04814",2
DOI:10.2139/ssrn.3518482],DOI:10.1007/s11092-008-9064-9,2
DOI:10.2139/ssrn.3518482],DOI:10.1007/s40593-022-00293-3,2
DOI:10.2139/ssrn.3518482],DOI:10.1016/j.caeo.2024.100171,2
DOI:10.2139/ssrn.3518482],DOI:10.1016/j.patter.2023.100857,2
DOI:10.2139/ssrn.3518482],DOI:10.1080/10494820.2021.1926289,3
DOI:10.2139/ssrn.3518482],DOI:10.1093/oxfordhb/9780197579329.013.31],2
DOI:10.2139/ssrn.3518482],DOI:10.1145/3313831.3376727,3
DOI:10.2139/ssrn.3518482],DOI:10.1145/3530019.3531329,3
DOI:10.2139/ssrn.3518482],DOI:10.1145/3626234,2
DOI:10.2139/ssrn.3518482],DOI:10.1145/3634685,2
DOI:10.2139/ssrn.3518482],DOI:10.1145/3635715,2
DOI:10.2139/ssrn.3518482],DOI:10.1177/20539517241299732,2
DOI:10.2139/ssrn.3518482],"SOUTHWORTH JANE, TRANSFORMING HIGHER, V4",2
DOI:10.2139/ssrn.3518482],"VAN BRUMMELEN J, 2021, AAAI CONF ARTIF INTE, V35, P15655",2
DOI:10.2139/ssrn.3518482],"AI4K12, 2020, GRAND BAND PROGR CHA",2
DOI:10.2139/ssrn.3518482],"BROWN S. R., 1980, POLITICAL SUBJECTIVI",2
DOI:10.2139/ssrn.3518482],DOI:10.1007/s11423-021-10018-3],2
DOI:10.2139/ssrn.3518482],DOI:10.1016/j.edurev.2020.100361,2
DOI:10.2139/ssrn.3518482],DOI:10.1145/3290605.3300677,2
DOI:10.2139/ssrn.3518482],DOI:10.1177/1077800403259491,2
DOI:10.2139/ssrn.3518482],DOI:10.1177/20539517221092956,3
DOI:10.2139/ssrn.3518482],DOI:10.1186/s40594-023-00418-7,2
DOI:10.2139/ssrn.3518482],DOI:10.1348/014466604x23473,2
DOI:10.2139/ssrn.3518482],DOI:10.1609/aaai.v37i13.26906],2
DOI:10.2139/ssrn.3518482],DOI:10.22488/okstate.11.100594,2
DOI:10.2139/ssrn.3518482],DOI:10.4135/9781848607927,2
DOI:10.2139/ssrn.3518482],"FAST E, 2017, AAAI CONF ARTIF INTE, P963",2
DOI:10.2139/ssrn.3518482],"PEW RESEARCH CENTER, 2021, EXPERTS DOUBT ETHICA",2
DOI:10.2139/ssrn.3518482],"ZABALA A, 2014, R J, V6, P163",2
DOI:10.2139/ssrn.3518482],DOI:10.1007/s00146-021-01168-2,2
DOI:10.2139/ssrn.3518482],DOI:10.1007/s40593-021-00239-1,3
DOI:10.2139/ssrn.3518482],DOI:10.1080/08838151.2020.1843357,2
DOI:10.2139/ssrn.3518482],"HUANG CHANGWU, 2023, IEEE TRANSACTIONS ON ARTIFICIAL INTELLIGENCE, P799, DOI [10.1109/TAI.2022.3194503, 10.1109/TAI.2022.3194503]",2
DOI:10.2139/ssrn.3518482],DOI:10.1007/978-3-030-30371-6,2
DOI:10.2139/ssrn.3518482],DOI:10.1007/s00146-021-01148-6,4
DOI:10.2139/ssrn.3518482],DOI:10.1098/rsta.2018.0080,2
DOI:10.2139/ssrn.3518482],DOI:10.1145/3419764,2
DOI:10.2139/ssrn.3518482],DOI:10.1145/3458723,2
DOI:10.2139/ssrn.3518482],DOI:10.1191/1478088706qp063oa,2
DOI:10.2139/ssrn.3518482],DOI:10.3390/app12094130,2
DOI:10.2139/ssrn.3518482],"[ANONYMOUS], 2021, LAYING DOWN HARMONISED RULES ON ARTIFICIAL INTELLIGENCE (ARTIFICIAL INTELLIGENCE ACT) AND AMENDING CERTAIN UNION LEGISLATIVE ACTS, PROPOSAL FOR A REGULATION COM/2021/206 FINAL, P1",2
DOI:10.2139/ssrn.3518482],DOI:10.2307/2529310,2
DOI:10.2139/ssrn.3518482],DOI:10.1007/978-3-030-33742-1_21,2
DOI:10.2139/ssrn.3518482],DOI:10.1007/s10551-019-04407-1,2
DOI:10.2139/ssrn.3518482],DOI:10.1007/s10551-022-05051-y,2
DOI:10.2139/ssrn.3518482],DOI:10.1016/j.socscimed.2022.114782,2
DOI:10.2139/ssrn.3518482],DOI:10.1080/03080188.2020.1840220,2
DOI:10.2139/ssrn.3518482],DOI:10.1098/rsta.2018.0085,3
DOI:10.2139/ssrn.3518482],DOI:10.1109/seaa.2019.00015,2
DOI:10.2139/ssrn.3518482],DOI:10.1177/17470161211022790,2
DOI:10.2139/ssrn.3518482],DOI:10.1007/978-981-99-1767-9_64,2
DOI:10.2139/ssrn.3518482],DOI:10.1016/j.caeai.2025.100405,2
DOI:10.2139/ssrn.3518482],DOI:10.1186/1748-5908-5-69,2
DOI:10.2139/ssrn.3518482],"UNESCO, 2021, RECOMMENDATION ETHIC",2
DOI:10.2139/ssrn.3518482],DOI:10.1080/1369118x.2023.2205493,2
DOI:10.2139/ssrn.3518482],DOI:10.1177/01634437221099612,2
DOI:10.2139/ssrn.3518482],DOI:10.1177/1527476419837739,2
DOI:10.2139/ssrn.3518482],DOI:10.4324/9780203902752,2
DOI:10.2139/ssrn.3518482],"FRICKER M, 2008, THEORIA-SPAIN, V23, P69",2
DOI:10.2139/ssrn.3518482],"ROCHE CATHY, 2022, AI ETHICS, P1, DOI [10.1007/S43681-022-00218-9, 10.1007/S43681-022-00218-9]",2
DOI:10.2139/ssrn.3518482],DOI:10.1007/s00146-020-00992-2,2
DOI:10.2139/ssrn.3518482],DOI:10.1007/s13347-020-00402-x],2
DOI:10.2139/ssrn.3518482],DOI:10.1108/jices-12-2019-0138,4
DOI:10.2139/ssrn.3518482],DOI:10.2307/j.ctvhrd092.18,2
DOI:10.2139/ssrn.3518482],"LASKAI LORAND, 2019, CHINESE EXPERT GROUP OFFERS 'GOVERNANCE PRINCIPLES' FOR 'RESPONSIBLE AI'",2
DOI:10.2139/ssrn.3518482],"TELEFONICA, 2018, REPORT",2
DOI:10.2139/ssrn.3518482],DOI:10.1080/17530350.2019.1639068,2
DOI:10.2139/ssrn.3518482],"[ANONYMOUS], 2019, ETHICS GUIDELINES FOR TRUSTWORTHY AL",3
DOI:10.2139/ssrn.3518482],"ANGWIN J., 2016, PROPUBLICA",3
DOI:10.2139/ssrn.3518482],DOI:10.1177/1527476419831640,2
DOI:10.2139/ssrn.3518482],DOI:10.1007/s00146-024-01880-9,2
DOI:10.2139/ssrn.3518482],DOI:10.48550/arxiv.2303.10130],2
DOI:10.2139/ssrn.3518482],"CHRISTIAN B., 2021, THE ALIGNMENT PROBLEM: HOW CAN MACHINES LEARN HUMAN VALUES?",2
DOI:10.2139/ssrn.3518482],"SHAHRIARI K, 2017, 2017 IEEE CANADA INTERNATIONAL HUMANITARIAN TECHNOLOGY CONFERENCE (IHTC)",2
DOI:10.2139/ssrn.3518482],"BUOLAMWINI JOY., 2018, C FAIRNESS ACCOUNTAB, V81, P1",2
DOI:10.2139/ssrn.3518482],DOI:10.1002/nur.4770140111,2
DOI:10.2139/ssrn.3518482],DOI:10.1017/als.2020.19,2
DOI:10.2139/ssrn.3518482],DOI:10.17169/fqs-11.3.1428,2
DOI:10.2139/ssrn.3518482],DOI:10.1007/s43681-020-00011-6],2
DOI:10.2139/ssrn.3518482],DOI:10.1109/msp.2018.2701164,2
DOI:10.1111/j.1468-5930.2007.00346.x,"BUOLAMWINI JOY., 2018, C FAIRNESS ACCOUNTAB, V81, P1",2
DOI:10.1007/s00146-020-00992-2,DOI:10.1145/2871196,2
DOI:10.1007/s00146-020-00992-2,DOI:10.1007/s13347-020-00402-x],3
DOI:10.1007/s00146-020-00992-2,DOI:10.2307/j.ctvhrd092.18,2
DOI:10.1007/s00146-020-00992-2,"FUNG PASCALE, 2021, [NO TITLE CAPTURED]",2
DOI:10.1007/s10551-018-3921-3,DOI:10.1089/big.2018.0083,2
DOI:10.1007/s10551-018-3921-3,DOI:10.1177/2053951717743530,2
DOI:10.1007/s10551-018-3921-3,DOI:10.24136/eq.2023.031,2
DOI:10.1007/s10551-018-3921-3,"MINGERS J, 2010, MIS QUART, V34, P833",2
DOI:10.1007/s10551-018-3921-3,"AKGUN SELIN, 2022, AI ETHICS, V2, P431, DOI [10.1007/S43681-021-00096-7, 10.1007/S43681-021-00096-7]",2
DOI:10.1007/s10551-018-3921-3,"KROLL JA, 2017, U PENN LAW REV, V165, P633",2
DOI:10.1007/s10551-018-3921-3,DOI:10.1016/j.clsr.2019.04.007,2
DOI:10.1007/s10551-018-3921-3,DOI:10.1007/s10551-019-04407-1,2
DOI:10.1007/s10551-018-3921-3,DOI:10.1108/jaar-10-2020-0207,2
DOI:10.1007/s10551-018-3921-3,DOI:10.1007/s10551-014-2180-1,2
DOI:10.1007/s10551-018-3921-3,DOI:10.1007/s10551-019-04213-9,2
DOI:10.1007/s10551-018-3921-3,DOI:10.1016/j.bushor.2019.09.003,2
DOI:10.1007/s10551-018-3921-3,"SCHWAB KLAUS., 2017, CROWN BUSINESS",2
DOI:10.1007/s10551-018-3921-3,DOI:10.1177/20539517221092956,2
DOI:10.1080/23311975.2024.2333063,"HUANG CHANGWU, 2023, IEEE TRANSACTIONS ON ARTIFICIAL INTELLIGENCE, P799, DOI [10.1109/TAI.2022.3194503, 10.1109/TAI.2022.3194503]",2
DOI:10.1089/big.2018.0083,DOI:10.1177/2053951717743530,2
DOI:10.1177/2053951717743530,DOI:10.1007/s10676-019-09502-5,2
DOI:10.1177/2053951717743530,DOI:10.1037/a0017103,2
DOI:10.1177/2053951717743530,DOI:10.1080/03637751.2017.1375130,3
DOI:10.1177/2053951717743530,DOI:10.1098/rsta.2016.0122,3
DOI:10.1177/2053951717743530,DOI:10.1109/mis.2006.80,2
DOI:10.1177/2053951717743530,DOI:10.1109/mis.2006.83,2
DOI:10.1177/2053951717743530,DOI:10.1177/2053951719858114,2
DOI:10.1177/2053951717743530,"CRAWFORD KATE, 2016, AI NOW PUBLIC S HOST, P24",2
DOI:10.1177/2053951717743530,DOI:10.1007/s10676-009-9187-9,2
DOI:10.1177/2053951717743530,DOI:10.1098/rsta.2018.0085,2
DOI:10.1177/2053951717743530,"BUOLAMWINI JOY., 2018, C FAIRNESS ACCOUNTAB, V81, P1",2
DOI:10.1177/2053951717743530,DOI:10.1145/3458723,2
DOI:10.1177/2053951717743530,DOI:10.1177/0162243915606523,2
DOI:10.1177/2053951717743530,"VAKKURI V, 2018, INT ICE CONF ENG",2
DOI:10.1177/2053951717743530,DOI:10.1109/msp.2018.2701164,2
DOI:10.1177/2053951717743530,DOI:10.1145/3442381.3449866,2
DOI:10.1177/2053951717743530,DOI:10.1145/3461702.3462561,2
DOI:10.1177/2053951717743530,DOI:10.2139/ssrn.3063289,2
DOI:10.3390/bdcc7010015,"CORBETT-DAVIES S, 2023, J MACH LEARN RES, V24, P1",2
DOI:10.3390/bdcc7010015,DOI:10.1007/s00146-021-01294-x,2
DOI:10.3390/bdcc7010015,DOI:10.1145/3097983.3098095,2
DOI:10.3390/bdcc7010015,DOI:10.1145/3287560.3287589,2
DOI:10.3390/bdcc7010015,DOI:10.1145/3494672,2
DOI:10.3390/bdcc7010015,DOI:10.48550/arxiv.2303.16626,2
DOI:10.3390/bdcc7010015,"SUNDARARAJAN M., 2020, [NO TITLE CAPTURED], P9269",2
"HUANG CHANGWU, 2023, IEEE TRANSACTIONS ON ARTIFICIAL INTELLIGENCE, P799, DOI [10.1109/TAI.2022.3194503, 10.1109/TAI.2022.3194503]",DOI:10.1177/20539517221092956,2
"HUANG CHANGWU, 2023, IEEE TRANSACTIONS ON ARTIFICIAL INTELLIGENCE, P799, DOI [10.1109/TAI.2022.3194503, 10.1109/TAI.2022.3194503]",DOI:10.54808/jsci.21.04.42],2
"VAN MAANEN GIJS, 2022, DIGIT SOC, V1, P9, DOI [10.1007/S44206-022-00013-3, 10.1007/S44206-022-00013-3]",DOI:10.1136/bmjopen-2022-064362,2
"VAN MAANEN GIJS, 2022, DIGIT SOC, V1, P9, DOI [10.1007/S44206-022-00013-3, 10.1007/S44206-022-00013-3]",DOI:10.1177/01634437221099612,2
DOI:10.1007/s10551-022-05050-z,DOI:10.1007/s10551-022-05051-y,2
DOI:10.1007/s43681-023-00258-9,DOI:10.4018/978-1-7998-8467-5,2
DOI:10.1007/s43681-023-00258-9,DOI:10.1016/j.patter.2023.100857,2
DOI:10.1007/s43681-023-00258-9,DOI:10.1145/3351095.3372860,2
"ANDERSON M, 2007, AI MAG, V28, P15",DOI:10.1109/mis.2006.80,5
"ANDERSON M, 2007, AI MAG, V28, P15",DOI:10.1109/mis.2006.83,3
"ANDERSON M, 2007, AI MAG, V28, P15",DOI:10.1111/j.1467-9973.1985.tb00173.x,2
DOI:10.1007/s10676-019-09502-5,DOI:10.1080/03637751.2017.1375130,2
DOI:10.1007/s10676-019-09502-5,DOI:10.1093/idpl/ipx005,2
DOI:10.1007/s10676-019-09502-5,DOI:10.1098/rsta.2016.0122,2
DOI:10.1007/s10676-019-09502-5,DOI:10.1177/2053951719858114,2
DOI:10.1007/s10676-019-09502-5,"MINGERS J, 2010, MIS QUART, V34, P833",2
DOI:10.1007/s10676-019-09502-5,DOI:10.1109/msp.2018.2701164,2
DOI:10.1037/a0017103,DOI:10.1098/rsta.2016.0122,2
DOI:10.1080/03637751.2017.1375130,DOI:10.1098/rsta.2016.0122,2
DOI:10.1080/03637751.2017.1375130,DOI:10.1177/2053951719858114,2
DOI:10.1080/1369118x.2012.678878,DOI:10.1177/2053951714559253,2
DOI:10.1080/1369118x.2012.678878,DOI:10.15779/z38bg31,2
DOI:10.1080/1369118x.2012.678878,"WHITTLESTONE J., 2019, ETHICAL AND SOCIETAL IMPLICATIONS OF ALGORITHMS, DATA, AND ARTIFICIAL INTELLIGENCE: A ROADMAP FOR RESEARCH",2
DOI:10.1080/1369118x.2012.678878,DOI:10.1007/s00146-017-0734-3,2
DOI:10.1093/idpl/ipx005,DOI:10.15779/z38bg31,2
DOI:10.1093/idpl/ipx005,"MINGERS J, 2010, MIS QUART, V34, P833",2
DOI:10.1093/idpl/ipx005,DOI:10.1007/s10676-009-9187-9,2
DOI:10.1093/idpl/ipx005,DOI:10.1007/s13347-017-0263-5],2
DOI:10.1098/rsta.2016.0122,DOI:10.1177/2053951719858114,2
DOI:10.1098/rsta.2016.0122,DOI:10.1145/3458723,2
DOI:10.1109/mis.2006.80,DOI:10.1109/mis.2006.83,4
DOI:10.1109/mis.2006.80,DOI:10.1111/j.1467-9973.1985.tb00173.x,2
DOI:10.1109/mis.2006.83,DOI:10.1111/j.1467-9973.1985.tb00173.x,2
DOI:10.1177/2053951714559253,DOI:10.15779/z38bg31,2
DOI:10.15779/z38bg31,DOI:10.1177/0008125619864925,2
"MINGERS J, 2010, MIS QUART, V34, P833",DOI:10.1007/978-3-319-67280-9_9,2
"MINGERS J, 2010, MIS QUART, V34, P833",DOI:10.1007/s00146-018-0848-2,2
"MINGERS J, 2010, MIS QUART, V34, P833",DOI:10.1007/s10551-019-04226-4,2
"MINGERS J, 2010, MIS QUART, V34, P833",DOI:10.1007/s10676-018-9447-7,2
"MINGERS J, 2010, MIS QUART, V34, P833",DOI:10.1007/s13347-017-0263-5],2
"MINGERS J, 2010, MIS QUART, V34, P833",DOI:10.1016/j.clsr.2019.04.007,2
"MINGERS J, 2010, MIS QUART, V34, P833",DOI:10.1080/09528130050111428,2
"MINGERS J, 2010, MIS QUART, V34, P833",DOI:10.1098/rsta.2018.0080,2
"MINGERS J, 2010, MIS QUART, V34, P833",DOI:10.1098/rsta.2018.0084,2
"MINGERS J, 2010, MIS QUART, V34, P833",DOI:10.1177/0191453714545340,2
"COECKELBERGH M., 2020, AI ETHICS",DOI:10.1145/230538.230561,2
"COECKELBERGH M., 2020, AI ETHICS","EUBANKS V., 2018, AUTOMATING INEQUALITY: HOW HIGH-TECH TOOLS PROFILE, POLICE, AND PUNISH THE POOR",2
"COECKELBERGH M., 2020, AI ETHICS",DOI:10.1080/10494820.2021.1926289,2
"COECKELBERGH M., 2020, AI ETHICS",DOI:10.1186/s40594-023-00418-7,2
"COECKELBERGH M., 2020, AI ETHICS",DOI:10.1007/978-3-030-30371-6,2
"COECKELBERGH M., 2020, AI ETHICS",DOI:10.1080/0960085x.2022.2026621,2
"COECKELBERGH M., 2020, AI ETHICS",DOI:10.1007/s40593-022-00293-3,2
"COECKELBERGH M., 2020, AI ETHICS",DOI:10.1007/s40593-022-00298-y,2
DOI:10.1007/s10676-018-9457-5,"WHITTLESTONE J., 2019, ETHICAL AND SOCIETAL IMPLICATIONS OF ALGORITHMS, DATA, AND ARTIFICIAL INTELLIGENCE: A ROADMAP FOR RESEARCH",2
DOI:10.1145/230538.230561,"EUBANKS V., 2018, AUTOMATING INEQUALITY: HOW HIGH-TECH TOOLS PROFILE, POLICE, AND PUNISH THE POOR",2
DOI:10.1145/3287560.3287567,DOI:10.1145/3351095.3372860,2
DOI:10.1145/3351095.3372860,"EUBANKS V., 2018, AUTOMATING INEQUALITY: HOW HIGH-TECH TOOLS PROFILE, POLICE, AND PUNISH THE POOR",2
DOI:10.1145/3351095.3372860,"WHITTLESTONE J., 2019, ETHICAL AND SOCIETAL IMPLICATIONS OF ALGORITHMS, DATA, AND ARTIFICIAL INTELLIGENCE: A ROADMAP FOR RESEARCH",2
DOI:10.1145/3351095.3372860,DOI:10.1108/jices-12-2019-0138,2
DOI:10.1145/3351095.3372860,"SCHULTZ MARIO D., 2025, AI AND ETHICS, V5, P805, DOI [10.1007/S43681-024-00430-9, 10.1007/S43681-024-00430-9]",2
DOI:10.1145/3351095.3372860,DOI:10.1007/s00146-022-01602-z,2
DOI:10.1145/3351095.3372860,DOI:10.1098/rsta.2018.0085,2
DOI:10.1145/3351095.3372860,DOI:10.1145/3287560.3287574,2
DOI:10.1145/3351095.3372860,DOI:10.2307/j.ctvhrd092.18,2
DOI:10.1145/3351095.3372860,DOI:10.1191/1478088706qp063oa,2
DOI:10.1145/3351095.3372860,DOI:10.1016/j.clsr.2021.105597,2
DOI:10.1145/3351095.3372860,"METZINGER T., 2019, EU GUIDELINES ETHICS",2
DOI:10.1145/3351095.3372860,DOI:10.1007/s10551-022-05054-9,2
"WHITTLESTONE J., 2019, ETHICAL AND SOCIETAL IMPLICATIONS OF ALGORITHMS, DATA, AND ARTIFICIAL INTELLIGENCE: A ROADMAP FOR RESEARCH",DOI:10.1177/0008125619864925,2
DOI:10.1007/s00146-021-01377-9,DOI:10.29297/orbit.v2i2.109,2
DOI:10.1007/s13347-023-00627-6],DOI:10.1007/s13369-022-06655-2,2
DOI:10.1007/s13347-023-00627-6],DOI:10.1007/s43681-021-00065-0],2
DOI:10.1007/s13347-023-00627-6],DOI:10.1016/j.cpa.2021.102324,2
DOI:10.1007/s13347-023-00627-6],DOI:10.1111/phc3.12822,2
DOI:10.1007/s13347-023-00627-6],DOI:10.3389/fvets.2022.889623,2
DOI:10.1007/s13369-022-06655-2,DOI:10.1016/j.cpa.2021.102324,2
DOI:10.1007/s13369-022-06655-2,DOI:10.1111/phc3.12822,2
DOI:10.1007/s13369-022-06655-2,DOI:10.3389/fvets.2022.889623,2
DOI:10.1007/s43681-020-00013-4],DOI:10.1016/j.patter.2023.100857,2
DOI:10.1007/s43681-020-00013-4],DOI:10.1108/jices-12-2019-0138,2
DOI:10.1007/s43681-020-00013-4],DOI:10.1515/9780691249643,2
DOI:10.1007/s43681-021-00065-0],DOI:10.1108/jices-12-2019-0138,2
DOI:10.1007/s43681-021-00065-0],DOI:10.2307/2025709,2
DOI:10.1007/s43681-021-00065-0],"REES CONNOR, 2022, AI ETHICS, P1, DOI [10.1007/S43681-022-00232-X, 10.1007/S43681-022-00232-X]",2
DOI:10.1016/j.cpa.2021.102324,DOI:10.1111/phc3.12822,2
DOI:10.1016/j.cpa.2021.102324,DOI:10.3389/fvets.2022.889623,2
DOI:10.1016/j.patter.2023.100857,DOI:10.1007/s40593-021-00270-2,3
DOI:10.1016/j.patter.2023.100857,DOI:10.1145/3530019.3531329,2
DOI:10.1016/j.patter.2023.100857,DOI:10.2966/scrip.170220.389],2
DOI:10.1016/j.patter.2023.100857,"MAGALHAES JC, 2021, INT J COMMUN-US, V15, P343",2
DOI:10.1016/j.patter.2023.100857,"MEMARIAN B, 2023, COMPUT EDUC-ARTIF IN, V5, DOI [10.1016/J.CAEAI.2023.100152, 10.1016/J.CAEAI.2023.100152]",2
DOI:10.1108/jices-12-2019-0138,DOI:10.2307/2025709,2
DOI:10.1108/jices-12-2019-0138,"REES CONNOR, 2022, AI ETHICS, P1, DOI [10.1007/S43681-022-00232-X, 10.1007/S43681-022-00232-X]",2
DOI:10.1108/jices-12-2019-0138,"BEAUCHAMP T.L., 2001, PRINCIPLES OF BIOMEDICAL ETHICS",3
DOI:10.1108/jices-12-2019-0138,DOI:10.1145/242485.242493],2
DOI:10.1108/jices-12-2019-0138,DOI:10.1145/1195716.1195719,2
DOI:10.1108/jices-12-2019-0138,DOI:10.1007/s00146-021-01148-6,2
DOI:10.1108/jices-12-2019-0138,DOI:10.2307/j.ctvhrd092.18,2
DOI:10.1108/jices-12-2019-0138,DOI:10.1007/s00146-022-01578-w,2
DOI:10.1108/jices-12-2019-0138,"LASKAI LORAND, 2019, CHINESE EXPERT GROUP OFFERS 'GOVERNANCE PRINCIPLES' FOR 'RESPONSIBLE AI'",2
DOI:10.1108/jices-12-2019-0138,DOI:10.2139/ssrn.3403301],2
DOI:10.1108/jices-12-2019-0138,DOI:10.1007/s10551-021-04843-y,2
DOI:10.1108/jices-12-2019-0138,DOI:10.1080/08838151.2020.1843357,2
DOI:10.1108/jices-12-2019-0138,DOI:10.1007/s00146-021-01168-2,2
DOI:10.1108/jices-12-2019-0138,DOI:10.1007/s00259-020-04678-1,2
DOI:10.1108/jices-12-2019-0138,DOI:10.1080/10447318.2022.2049145,2
DOI:10.1108/jices-12-2019-0138,DOI:10.1111/cts.12884,2
DOI:10.1108/jices-12-2019-0138,"RABBY F., 2021, ACADEMY OF MARKETING STUDIES JOURNAL, V25, P1",2
DOI:10.1108/jices-12-2019-0138,DOI:10.1016/j.clsr.2019.04.007,2
DOI:10.1108/jices-12-2019-0138,DOI:10.1016/j.jbusres.2020.11.001,2
DOI:10.1108/jices-12-2019-0138,DOI:10.7903/cmr.19970],2
DOI:10.1111/phc3.12822,DOI:10.3389/fvets.2022.889623,2
DOI:10.2307/2025709,"REES CONNOR, 2022, AI ETHICS, P1, DOI [10.1007/S43681-022-00232-X, 10.1007/S43681-022-00232-X]",2
"DEVLIN J, 2019, 2019 CONFERENCE OF THE NORTH AMERICAN CHAPTER OF THE ASSOCIATION FOR COMPUTATIONAL LINGUISTICS: HUMAN LANGUAGE TECHNOLOGIES (NAACL HLT 2019), VOL. 1, P4171",DOI:10.1145/3530019.3531329,2
"DEVLIN J, 2019, 2019 CONFERENCE OF THE NORTH AMERICAN CHAPTER OF THE ASSOCIATION FOR COMPUTATIONAL LINGUISTICS: HUMAN LANGUAGE TECHNOLOGIES (NAACL HLT 2019), VOL. 1, P4171",DOI:10.9785/cri-2019-200402,2
"DEVLIN J, 2019, 2019 CONFERENCE OF THE NORTH AMERICAN CHAPTER OF THE ASSOCIATION FOR COMPUTATIONAL LINGUISTICS: HUMAN LANGUAGE TECHNOLOGIES (NAACL HLT 2019), VOL. 1, P4171","RUSSELL C, 2017, ADV NEUR IN, V30",2
DOI:10.1080/09528130050111428,DOI:10.1007/978-3-319-67280-9_9,2
DOI:10.1080/09528130050111428,DOI:10.1007/s00146-018-0848-2,2
DOI:10.1080/09528130050111428,DOI:10.1007/s10551-019-04226-4,2
DOI:10.1080/09528130050111428,DOI:10.1007/s10676-018-9447-7,2
DOI:10.1080/09528130050111428,DOI:10.1007/s13347-017-0263-5],2
DOI:10.1080/09528130050111428,DOI:10.1016/j.clsr.2019.04.007,2
DOI:10.1080/09528130050111428,DOI:10.1098/rsta.2018.0080,2
DOI:10.1080/09528130050111428,DOI:10.1098/rsta.2018.0084,2
DOI:10.1080/09528130050111428,DOI:10.1177/0191453714545340,2
DOI:10.1147/jrd.2019.2942287,DOI:10.1145/3419764,2
DOI:10.1147/jrd.2019.2942287,DOI:10.1145/3616865,2
"GOODFELLOW IAN., 2016, DEEP LEARNING","RUSSELL S., 2002, ARTIFICIAL INTELLIGENCE: A MODERN APPROACH",2
"RUSSELL S., 2002, ARTIFICIAL INTELLIGENCE: A MODERN APPROACH",DOI:10.2307/j.ctvhrd092.18,2
"RUSSELL S., 2002, ARTIFICIAL INTELLIGENCE: A MODERN APPROACH","AKGUN SELIN, 2022, AI ETHICS, V2, P431, DOI [10.1007/S43681-021-00096-7, 10.1007/S43681-021-00096-7]",2
"RUSSELL S., 2002, ARTIFICIAL INTELLIGENCE: A MODERN APPROACH",DOI:10.1038/s41746-020-0294-7,2
"RUSSELL S., 2002, ARTIFICIAL INTELLIGENCE: A MODERN APPROACH",DOI:10.1097/acm.0000000000004291,2
"RUSSELL S., 2002, ARTIFICIAL INTELLIGENCE: A MODERN APPROACH",DOI:10.1101/2021.01.14.21249830,2
"RUSSELL S., 2002, ARTIFICIAL INTELLIGENCE: A MODERN APPROACH",DOI:10.1162/99608f92.92fe150c,2
"RUSSELL S., 2002, ARTIFICIAL INTELLIGENCE: A MODERN APPROACH",DOI:10.1177/0008125619864925,2
"RUSSELL S., 2002, ARTIFICIAL INTELLIGENCE: A MODERN APPROACH",DOI:10.1177/23821205211036836,2
"RUSSELL S., 2002, ARTIFICIAL INTELLIGENCE: A MODERN APPROACH",DOI:10.1186/s12909-022-03852-3,2
"RUSSELL S., 2002, ARTIFICIAL INTELLIGENCE: A MODERN APPROACH",DOI:10.1371/journal.pdig.0000198,2
"RUSSELL S., 2002, ARTIFICIAL INTELLIGENCE: A MODERN APPROACH",DOI:10.2139/ssrn.3403301],2
"RUSSELL S., 2002, ARTIFICIAL INTELLIGENCE: A MODERN APPROACH",DOI:10.2196/45312,2
"RUSSELL S., 2002, ARTIFICIAL INTELLIGENCE: A MODERN APPROACH",DOI:10.2196/46885,2
"RUSSELL S., 2002, ARTIFICIAL INTELLIGENCE: A MODERN APPROACH",DOI:10.2196/48163,2
"RUSSELL S., 2002, ARTIFICIAL INTELLIGENCE: A MODERN APPROACH",DOI:10.3390/app12094130,3
"RUSSELL S., 2002, ARTIFICIAL INTELLIGENCE: A MODERN APPROACH","HAMET P, 2017, METABOLISM, V69, PS36, DOI [10.26738/MJEM.2017/MJEM26.2018/PLH.CRE.041017, 10.1016/J.METABOL.2017.01.011]",2
"RUSSELL S., 2002, ARTIFICIAL INTELLIGENCE: A MODERN APPROACH","PARANJAPE KETAN, 2019, JMIR MED EDUC, V5, PE16048, DOI [10.2196/16048, 10.2196/16048]",2
"RUSSELL S., 2002, ARTIFICIAL INTELLIGENCE: A MODERN APPROACH","PEI WANG, 2019, JOURNAL OF ARTIFICIAL GENERAL INTELLIGENCE, V10, P1, DOI [10.2478/JAGI-2019-0002, 10.2478/JAGI-2019-0002]",2
"ADAMS C, 2023, COMPUT EDUC-ARTIF IN, V4, DOI [10.1016/J.CAEAI.2023.100131, 10.1016/J.CAEAI.2023.100131]",DOI:10.1007/s11948-017-9901-7,2
"ADAMS C, 2023, COMPUT EDUC-ARTIF IN, V4, DOI [10.1016/J.CAEAI.2023.100131, 10.1016/J.CAEAI.2023.100131]",DOI:10.1007/s40593-021-00270-2,2
"ADAMS C, 2023, COMPUT EDUC-ARTIF IN, V4, DOI [10.1016/J.CAEAI.2023.100131, 10.1016/J.CAEAI.2023.100131]",DOI:10.1186/s41239-023-00408-3,2
"ADAMS C, 2023, COMPUT EDUC-ARTIF IN, V4, DOI [10.1016/J.CAEAI.2023.100131, 10.1016/J.CAEAI.2023.100131]",DOI:10.37074/jalt.2023.6.2.4],2
"ADAMS C, 2023, COMPUT EDUC-ARTIF IN, V4, DOI [10.1016/J.CAEAI.2023.100131, 10.1016/J.CAEAI.2023.100131]","MEMARIAN B, 2023, COMPUT EDUC-ARTIF IN, V5, DOI [10.1016/J.CAEAI.2023.100152, 10.1016/J.CAEAI.2023.100152]",4
"ADAMS C, 2023, COMPUT EDUC-ARTIF IN, V4, DOI [10.1016/J.CAEAI.2023.100131, 10.1016/J.CAEAI.2023.100131]","SCHIFF DANIEL, 2021, IEEE TRANSACTIONS ON TECHNOLOGY AND SOCIETY, V2, P31, DOI [10.1109/TTS.2021.3052127, 10.1109/TTS.2021.3052127]",2
"ADAMS C, 2023, COMPUT EDUC-ARTIF IN, V4, DOI [10.1016/J.CAEAI.2023.100131, 10.1016/J.CAEAI.2023.100131]",DOI:10.3389/frai.2021.624050,2
"ADAMS C, 2023, COMPUT EDUC-ARTIF IN, V4, DOI [10.1016/J.CAEAI.2023.100131, 10.1016/J.CAEAI.2023.100131]","UNESCO, 2021, RECOMMENDATION ETHIC",2
"ADAMS C, 2023, COMPUT EDUC-ARTIF IN, V4, DOI [10.1016/J.CAEAI.2023.100131, 10.1016/J.CAEAI.2023.100131]","DABBAGH HOSSEIN, 2025, AI AND ETHICS, V5, P87, DOI [10.1007/S43681-024-00462-1, 10.1007/S43681-024-00462-1]",2
"ADAMS C, 2023, COMPUT EDUC-ARTIF IN, V4, DOI [10.1016/J.CAEAI.2023.100131, 10.1016/J.CAEAI.2023.100131]",DOI:10.1080/1475939x.2024.2428601,2
"ADAMS C, 2023, COMPUT EDUC-ARTIF IN, V4, DOI [10.1016/J.CAEAI.2023.100131, 10.1016/J.CAEAI.2023.100131]","AN Q, 2024, HELIYON, V10, DOI [10.1016/J.HELIYON.2024.E39357, 10.1016/J.HELIYON.2024.E39357]",2
"ADAMS C, 2023, COMPUT EDUC-ARTIF IN, V4, DOI [10.1016/J.CAEAI.2023.100131, 10.1016/J.CAEAI.2023.100131]",DOI:10.1016/j.caeai],2
"ADAMS C, 2023, COMPUT EDUC-ARTIF IN, V4, DOI [10.1016/J.CAEAI.2023.100131, 10.1016/J.CAEAI.2023.100131]",DOI:10.1016/j.compedu.2023.104813,2
"ADAMS C, 2023, COMPUT EDUC-ARTIF IN, V4, DOI [10.1016/J.CAEAI.2023.100131, 10.1016/J.CAEAI.2023.100131]","FU Y, 2024, COMPUT EDUC-ARTIF IN, V7, DOI [10.1016/J.CAEAI.2024.100306, 10.1016/J.CAEAI.2024.100306]",2
"ADAMS C, 2023, COMPUT EDUC-ARTIF IN, V4, DOI [10.1016/J.CAEAI.2023.100131, 10.1016/J.CAEAI.2023.100131]","KAJIWARA Y, 2024, COMPUT EDUC-ARTIF IN, V6, DOI [10.1016/J.CAEAI.2024.100251, 10.1016/J.CAEAI.2024.100251]",2
"ADAMS C, 2023, COMPUT EDUC-ARTIF IN, V4, DOI [10.1016/J.CAEAI.2023.100131, 10.1016/J.CAEAI.2023.100131]","WU D, 2024, COMPUT EDUC-ARTIF IN, V7, DOI [10.1016/J.CAEAI.2024.100295, 10.1016/J.CAEAI.2024.100295]",2
DOI:10.1007/s11948-017-9901-7,DOI:10.1007/s40593-021-00270-2,2
DOI:10.1007/s11948-017-9901-7,DOI:10.1186/s41239-023-00408-3,2
DOI:10.1007/s11948-017-9901-7,DOI:10.37074/jalt.2023.6.2.4],2
DOI:10.1007/s11948-017-9901-7,DOI:10.4135/9781071802878,2
DOI:10.1007/s11948-017-9901-7,"MEMARIAN B, 2023, COMPUT EDUC-ARTIF IN, V5, DOI [10.1016/J.CAEAI.2023.100152, 10.1016/J.CAEAI.2023.100152]",2
DOI:10.1007/s11948-017-9901-7,"SCHIFF DANIEL, 2021, IEEE TRANSACTIONS ON TECHNOLOGY AND SOCIETY, V2, P31, DOI [10.1109/TTS.2021.3052127, 10.1109/TTS.2021.3052127]",2
DOI:10.1007/s11948-017-9901-7,DOI:10.1007/s10676-009-9187-9,2
DOI:10.1007/s11948-017-9901-7,DOI:10.1038/538311a,2
DOI:10.1007/s11948-017-9901-7,DOI:10.1371/journal.pmed.1000097,2
DOI:10.1007/s11948-017-9901-7,DOI:10.1017/err.2019.8,2
DOI:10.1007/s11948-017-9901-7,DOI:10.1007/s10676-021-09619-6,2
DOI:10.1007/s11948-017-9901-7,DOI:10.1098/rsta.2018.0080,3
DOI:10.1007/s11948-017-9901-7,DOI:10.1145/3419764,2
DOI:10.1007/s40593-021-00270-2,DOI:10.1186/s41239-023-00408-3,2
DOI:10.1007/s40593-021-00270-2,DOI:10.37074/jalt.2023.6.2.4],2
DOI:10.1007/s40593-021-00270-2,"MEMARIAN B, 2023, COMPUT EDUC-ARTIF IN, V5, DOI [10.1016/J.CAEAI.2023.100152, 10.1016/J.CAEAI.2023.100152]",3
DOI:10.1007/s40593-021-00270-2,"SCHIFF DANIEL, 2021, IEEE TRANSACTIONS ON TECHNOLOGY AND SOCIETY, V2, P31, DOI [10.1109/TTS.2021.3052127, 10.1109/TTS.2021.3052127]",2
DOI:10.1007/s40593-021-00270-2,"AKGUN SELIN, 2022, AI ETHICS, V2, P431, DOI [10.1007/S43681-021-00096-7, 10.1007/S43681-021-00096-7]",2
DOI:10.1007/s40593-021-00270-2,DOI:10.1007/s00146-022-01497-w,2
DOI:10.1007/s40593-021-00270-2,DOI:10.1007/s11092-008-9064-9,2
DOI:10.1007/s40593-021-00270-2,DOI:10.1016/j.caeo.2024.100171,2
DOI:10.1007/s40593-021-00270-2,DOI:10.1037/13620-004,2
DOI:10.1007/s40593-021-00270-2,DOI:10.1093/oxfordhb/9780197579329.013.31],2
DOI:10.1007/s40593-021-00270-2,DOI:10.1145/3313831.3376727,2
DOI:10.1007/s40593-021-00270-2,DOI:10.1177/20539517241299732,2
DOI:10.1007/s40593-021-00270-2,DOI:10.5555/3447307.3447313,2
DOI:10.1007/s40593-021-00270-2,"SOUTHWORTH JANE, TRANSFORMING HIGHER, V4",2
DOI:10.1016/j.chb.2018.12.023,"HSIEH HF, 2005, QUAL HEALTH RES, V15, P1277, DOI [10.1177/1049732305276687, 10.1111/EVA.13711]",2
DOI:10.1080/14703297.2023.2190148,DOI:10.1186/s41239-023-00408-3,2
DOI:10.1080/14703297.2023.2190148,DOI:10.1007/s40593-021-00239-1,2
DOI:10.1080/14703297.2023.2190148,DOI:10.1016/j.caeai.2025.100405,2
DOI:10.1080/14703297.2023.2190148,DOI:10.1186/s41239-023-00411-8,2
DOI:10.1186/s41239-023-00408-3,DOI:10.1007/s00146-022-01497-w,2
DOI:10.1186/s41239-023-00408-3,DOI:10.1186/s41239-023-00436-z,2
DOI:10.1186/s41239-023-00408-3,DOI:10.1007/s10639-022-11491-w,2
DOI:10.1186/s41239-023-00408-3,DOI:10.1007/s40593-022-00293-3,2
DOI:10.1186/s41239-023-00408-3,DOI:10.1016/j.inffus.2023.101896,2
DOI:10.1186/s41239-023-00408-3,DOI:10.1016/j.clsr.2018.05.017,2
DOI:10.37074/jalt.2023.6.2.4],"MEMARIAN B, 2023, COMPUT EDUC-ARTIF IN, V5, DOI [10.1016/J.CAEAI.2023.100152, 10.1016/J.CAEAI.2023.100152]",2
DOI:10.37074/jalt.2023.6.2.4],"SCHIFF DANIEL, 2021, IEEE TRANSACTIONS ON TECHNOLOGY AND SOCIETY, V2, P31, DOI [10.1109/TTS.2021.3052127, 10.1109/TTS.2021.3052127]",2
"HSIEH HF, 2005, QUAL HEALTH RES, V15, P1277, DOI [10.1177/1049732305276687, 10.1111/EVA.13711]",DOI:10.1007/s10639-022-10925-9,2
"HSIEH HF, 2005, QUAL HEALTH RES, V15, P1277, DOI [10.1177/1049732305276687, 10.1111/EVA.13711]",DOI:10.1007/s11948-016-9797-7,2
"HSIEH HF, 2005, QUAL HEALTH RES, V15, P1277, DOI [10.1177/1049732305276687, 10.1111/EVA.13711]",DOI:10.1007/s11948-016-9809-7,2
"HSIEH HF, 2005, QUAL HEALTH RES, V15, P1277, DOI [10.1177/1049732305276687, 10.1111/EVA.13711]",DOI:10.1007/s11948-016-9814-x,2
"HSIEH HF, 2005, QUAL HEALTH RES, V15, P1277, DOI [10.1177/1049732305276687, 10.1111/EVA.13711]",DOI:10.1007/s11948-021-00280-2,2
"HSIEH HF, 2005, QUAL HEALTH RES, V15, P1277, DOI [10.1177/1049732305276687, 10.1111/EVA.13711]",DOI:10.1007/s40593-021-00239-1,2
"HSIEH HF, 2005, QUAL HEALTH RES, V15, P1277, DOI [10.1177/1049732305276687, 10.1111/EVA.13711]",DOI:10.1016/j.compedu.2023.104813,2
"HSIEH HF, 2005, QUAL HEALTH RES, V15, P1277, DOI [10.1177/1049732305276687, 10.1111/EVA.13711]",DOI:10.1080/22054952.2021.1914297],2
"HSIEH HF, 2005, QUAL HEALTH RES, V15, P1277, DOI [10.1177/1049732305276687, 10.1111/EVA.13711]",DOI:10.1177/10776958221149577],2
"HSIEH HF, 2005, QUAL HEALTH RES, V15, P1277, DOI [10.1177/1049732305276687, 10.1111/EVA.13711]",DOI:10.1186/s40594-023-00418-7,2
"HSIEH HF, 2005, QUAL HEALTH RES, V15, P1277, DOI [10.1177/1049732305276687, 10.1111/EVA.13711]",DOI:10.1186/s40594-023-00452-5,2
"HSIEH HF, 2005, QUAL HEALTH RES, V15, P1277, DOI [10.1177/1049732305276687, 10.1111/EVA.13711]",DOI:10.1186/s40594-023-00454-3,2
"HSIEH HF, 2005, QUAL HEALTH RES, V15, P1277, DOI [10.1177/1049732305276687, 10.1111/EVA.13711]",DOI:10.1186/s40594-024-00484-5,2
"HSIEH HF, 2005, QUAL HEALTH RES, V15, P1277, DOI [10.1177/1049732305276687, 10.1111/EVA.13711]",DOI:10.1186/s41239-019-0171-0,2
"HSIEH HF, 2005, QUAL HEALTH RES, V15, P1277, DOI [10.1177/1049732305276687, 10.1111/EVA.13711]",DOI:10.30191/ets.202301_26(1).0002,2
"HSIEH HF, 2005, QUAL HEALTH RES, V15, P1277, DOI [10.1177/1049732305276687, 10.1111/EVA.13711]","ERDURAN SIBEL, 2023, SCIENCE, V382, PEADM9788, DOI [10.1126/SCIENCE.ADM9788, 10.1126/SCIENCE.ADM9788]",2
"MEMARIAN B, 2023, COMPUT EDUC-ARTIF IN, V5, DOI [10.1016/J.CAEAI.2023.100152, 10.1016/J.CAEAI.2023.100152]","SCHIFF DANIEL, 2021, IEEE TRANSACTIONS ON TECHNOLOGY AND SOCIETY, V2, P31, DOI [10.1109/TTS.2021.3052127, 10.1109/TTS.2021.3052127]",2
"MEMARIAN B, 2023, COMPUT EDUC-ARTIF IN, V5, DOI [10.1016/J.CAEAI.2023.100152, 10.1016/J.CAEAI.2023.100152]",DOI:10.3389/frai.2021.624050,2
"MEMARIAN B, 2023, COMPUT EDUC-ARTIF IN, V5, DOI [10.1016/J.CAEAI.2023.100152, 10.1016/J.CAEAI.2023.100152]","UNESCO, 2021, RECOMMENDATION ETHIC",2
"MEMARIAN B, 2023, COMPUT EDUC-ARTIF IN, V5, DOI [10.1016/J.CAEAI.2023.100152, 10.1016/J.CAEAI.2023.100152]",DOI:10.30191/ets.202301_26(1).0002,2
"MEMARIAN B, 2023, COMPUT EDUC-ARTIF IN, V5, DOI [10.1016/J.CAEAI.2023.100152, 10.1016/J.CAEAI.2023.100152]",DOI:10.1080/1475939x.2024.2428601,2
"AKGUN SELIN, 2022, AI ETHICS, V2, P431, DOI [10.1007/S43681-021-00096-7, 10.1007/S43681-021-00096-7]",DOI:10.1007/s00146-022-01497-w,2
"AKGUN SELIN, 2022, AI ETHICS, V2, P431, DOI [10.1007/S43681-021-00096-7, 10.1007/S43681-021-00096-7]",DOI:10.1007/s11948-016-9797-7,2
"AKGUN SELIN, 2022, AI ETHICS, V2, P431, DOI [10.1007/S43681-021-00096-7, 10.1007/S43681-021-00096-7]",DOI:10.1016/j.caeai.2021.100041,2
"AKGUN SELIN, 2022, AI ETHICS, V2, P431, DOI [10.1007/S43681-021-00096-7, 10.1007/S43681-021-00096-7]",DOI:10.1016/j.caeo.2024.100171,2
"AKGUN SELIN, 2022, AI ETHICS, V2, P431, DOI [10.1007/S43681-021-00096-7, 10.1007/S43681-021-00096-7]",DOI:10.1037/13620-004,2
"AKGUN SELIN, 2022, AI ETHICS, V2, P431, DOI [10.1007/S43681-021-00096-7, 10.1007/S43681-021-00096-7]",DOI:10.30630/joiv.6.2-2.1126],2
"AKGUN SELIN, 2022, AI ETHICS, V2, P431, DOI [10.1007/S43681-021-00096-7, 10.1007/S43681-021-00096-7]",DOI:10.5555/3447307.3447313,2
"AKGUN SELIN, 2022, AI ETHICS, V2, P431, DOI [10.1007/S43681-021-00096-7, 10.1007/S43681-021-00096-7]",DOI:10.1007/s00146-022-01602-z,2
"AKGUN SELIN, 2022, AI ETHICS, V2, P431, DOI [10.1007/S43681-021-00096-7, 10.1007/S43681-021-00096-7]",DOI:10.1080/2331186x.2023.2290342,2
"AKGUN SELIN, 2022, AI ETHICS, V2, P431, DOI [10.1007/S43681-021-00096-7, 10.1007/S43681-021-00096-7]",DOI:10.1162/99608f92.92fe150c,2
"AKGUN SELIN, 2022, AI ETHICS, V2, P431, DOI [10.1007/S43681-021-00096-7, 10.1007/S43681-021-00096-7]",DOI:10.1177/0008125619864925,2
"AKGUN SELIN, 2022, AI ETHICS, V2, P431, DOI [10.1007/S43681-021-00096-7, 10.1007/S43681-021-00096-7]",DOI:10.1186/s41239-019-0171-0,2
"AKGUN SELIN, 2022, AI ETHICS, V2, P431, DOI [10.1007/S43681-021-00096-7, 10.1007/S43681-021-00096-7]",DOI:10.2139/ssrn.3403301],2
"AKGUN SELIN, 2022, AI ETHICS, V2, P431, DOI [10.1007/S43681-021-00096-7, 10.1007/S43681-021-00096-7]",DOI:10.3390/app12094130,2
"AKGUN SELIN, 2022, AI ETHICS, V2, P431, DOI [10.1007/S43681-021-00096-7, 10.1007/S43681-021-00096-7]","PEI WANG, 2019, JOURNAL OF ARTIFICIAL GENERAL INTELLIGENCE, V10, P1, DOI [10.2478/JAGI-2019-0002, 10.2478/JAGI-2019-0002]",2
"AKGUN SELIN, 2022, AI ETHICS, V2, P431, DOI [10.1007/S43681-021-00096-7, 10.1007/S43681-021-00096-7]",DOI:10.1007/s40593-021-00239-1,2
"AKGUN SELIN, 2022, AI ETHICS, V2, P431, DOI [10.1007/S43681-021-00096-7, 10.1007/S43681-021-00096-7]",DOI:10.1016/j.compedu.2023.104813,2
"AKGUN SELIN, 2022, AI ETHICS, V2, P431, DOI [10.1007/S43681-021-00096-7, 10.1007/S43681-021-00096-7]",DOI:10.30191/ets.202301_26(1).0002,2
"AKGUN SELIN, 2022, AI ETHICS, V2, P431, DOI [10.1007/S43681-021-00096-7, 10.1007/S43681-021-00096-7]",DOI:10.1007/s10676-018-9450-z,2
"AKGUN SELIN, 2022, AI ETHICS, V2, P431, DOI [10.1007/S43681-021-00096-7, 10.1007/S43681-021-00096-7]",DOI:10.1109/educon52537.2022.9766818,2
"AKGUN SELIN, 2022, AI ETHICS, V2, P431, DOI [10.1007/S43681-021-00096-7, 10.1007/S43681-021-00096-7]","KAJIWARA Y, 2024, COMPUT EDUC-ARTIF IN, V6, DOI [10.1016/J.CAEAI.2024.100251, 10.1016/J.CAEAI.2024.100251]",2
"AKGUN SELIN, 2022, AI ETHICS, V2, P431, DOI [10.1007/S43681-021-00096-7, 10.1007/S43681-021-00096-7]",DOI:10.1037/0021-9010.88.5.879,2
"AKGUN SELIN, 2022, AI ETHICS, V2, P431, DOI [10.1007/S43681-021-00096-7, 10.1007/S43681-021-00096-7]",DOI:10.1177/20539517221092956,2
DOI:10.1007/978-3-031-04826-5_22,DOI:10.1145/3313831.3376727,2
DOI:10.1007/978-3-031-04826-5_22,DOI:10.5555/3447307.3447313,2
DOI:10.1007/978-3-031-04826-5_22,"SOUTHWORTH JANE, TRANSFORMING HIGHER, V4",2
DOI:10.1007/s00146-022-01497-w,DOI:10.1007/s40593-022-00293-3,2
DOI:10.1007/s00146-022-01497-w,DOI:10.1037/13620-004,2
DOI:10.1007/s00146-022-01497-w,DOI:10.5555/3447307.3447313,2
DOI:10.1007/s11092-008-9064-9,DOI:10.1016/j.caeo.2024.100171,2
DOI:10.1007/s11092-008-9064-9,DOI:10.1093/oxfordhb/9780197579329.013.31],2
DOI:10.1007/s11092-008-9064-9,DOI:10.1145/3313831.3376727,2
DOI:10.1007/s11092-008-9064-9,DOI:10.1177/20539517241299732,2
DOI:10.1007/s11092-008-9064-9,"SOUTHWORTH JANE, TRANSFORMING HIGHER, V4",2
DOI:10.1007/s11948-016-9797-7,DOI:10.1007/s10639-022-10925-9,2
DOI:10.1007/s11948-016-9797-7,DOI:10.1007/s11948-016-9809-7,2
DOI:10.1007/s11948-016-9797-7,DOI:10.1007/s11948-016-9814-x,2
DOI:10.1007/s11948-016-9797-7,DOI:10.1007/s11948-021-00280-2,2
DOI:10.1007/s11948-016-9797-7,DOI:10.1007/s40593-021-00239-1,2
DOI:10.1007/s11948-016-9797-7,DOI:10.1016/j.compedu.2023.104813,2
DOI:10.1007/s11948-016-9797-7,DOI:10.1080/22054952.2021.1914297],2
DOI:10.1007/s11948-016-9797-7,DOI:10.1177/10776958221149577],2
DOI:10.1007/s11948-016-9797-7,DOI:10.1186/s40594-023-00418-7,2
DOI:10.1007/s11948-016-9797-7,DOI:10.1186/s40594-023-00452-5,2
DOI:10.1007/s11948-016-9797-7,DOI:10.1186/s40594-023-00454-3,2
DOI:10.1007/s11948-016-9797-7,DOI:10.1186/s40594-024-00484-5,2
DOI:10.1007/s11948-016-9797-7,DOI:10.1186/s41239-019-0171-0,2
DOI:10.1007/s11948-016-9797-7,DOI:10.30191/ets.202301_26(1).0002,2
DOI:10.1007/s11948-016-9797-7,"ERDURAN SIBEL, 2023, SCIENCE, V382, PEADM9788, DOI [10.1126/SCIENCE.ADM9788, 10.1126/SCIENCE.ADM9788]",2
DOI:10.1007/s13218-021-00737-3,DOI:10.1007/s40593-022-00293-3,2
DOI:10.1007/s13218-021-00737-3,DOI:10.1007/s40593-022-00298-y,2
DOI:10.1007/s13218-021-00737-3,DOI:10.1016/j.caeai.2021.100041,2
DOI:10.1007/s13218-021-00737-3,DOI:10.1016/j.caeai.2022.100054],2
DOI:10.1007/s13218-021-00737-3,DOI:10.1080/10494820.2021.1926289,2
DOI:10.1007/s13218-021-00737-3,DOI:10.1145/3313831.3376727,2
DOI:10.1007/s13218-021-00737-3,DOI:10.1145/3462741.3466664,2
DOI:10.1007/s13218-021-00737-3,"VAN BRUMMELEN J, 2021, AAAI CONF ARTIF INTE, V35, P15655",2
DOI:10.1007/s40593-022-00293-3,DOI:10.1007/s40593-022-00298-y,4
DOI:10.1007/s40593-022-00293-3,DOI:10.1016/j.caeai.2021.100041,3
DOI:10.1007/s40593-022-00293-3,DOI:10.1016/j.caeai.2022.100054],2
DOI:10.1007/s40593-022-00293-3,DOI:10.1080/10494820.2021.1926289,3
DOI:10.1007/s40593-022-00293-3,DOI:10.1145/3313831.3376727,5
DOI:10.1007/s40593-022-00293-3,DOI:10.1145/3462741.3466664,2
DOI:10.1007/s40593-022-00293-3,"VAN BRUMMELEN J, 2021, AAAI CONF ARTIF INTE, V35, P15655",2
DOI:10.1007/s40593-022-00293-3,DOI:10.1007/s40593-021-00239-1,2
DOI:10.1007/s40593-022-00293-3,DOI:10.1080/0144929x.2024.2350666,2
DOI:10.1007/s40593-022-00293-3,DOI:10.1111/jcal.12867,2
DOI:10.1007/s40593-022-00293-3,DOI:10.1186/s40594-023-00418-7,3
DOI:10.1007/s40593-022-00293-3,"KASPERSEN MAGNUS HOHOLT, 2022, INTERNATIONAL JOURNAL OF CHILD-COMPUTER INTERACTION, DOI [10.1016/J.IJCCI.2022.100539, 10.1016/J.IJCCI.2022.100539]",2
DOI:10.1007/s40593-022-00293-3,DOI:10.1145/3392063.3394396,2
DOI:10.1007/s40593-022-00293-3,"DABBAGH HOSSEIN, 2025, AI AND ETHICS, V5, P87, DOI [10.1007/S43681-024-00462-1, 10.1007/S43681-024-00462-1]",2
DOI:10.1007/s40593-022-00293-3,DOI:10.1016/j.caeo.2024.100173,2
DOI:10.1007/s40593-022-00293-3,DOI:10.1016/j.inffus.2023.101896,2
DOI:10.1007/s40593-022-00293-3,DOI:10.1080/10494820.2025.2482586,2
DOI:10.1007/s40593-022-00293-3,DOI:10.1111/bjet.13411,2
DOI:10.1007/s40593-022-00293-3,"YIM IHY, 2024, COMPUT EDUC-ARTIF IN, V7, DOI [10.1016/J.CAEAI.2024.100319, 10.1016/J.CAEAI.2024.100319]",2
DOI:10.1007/s40593-022-00293-3,DOI:10.1007/978-3-030-30371-6,2
DOI:10.1007/s40593-022-00298-y,DOI:10.1016/j.caeai.2021.100041,2
DOI:10.1007/s40593-022-00298-y,DOI:10.1016/j.caeai.2022.100054],2
DOI:10.1007/s40593-022-00298-y,DOI:10.1080/10494820.2021.1926289,2
DOI:10.1007/s40593-022-00298-y,DOI:10.1145/3313831.3376727,3
DOI:10.1007/s40593-022-00298-y,DOI:10.1145/3462741.3466664,2
DOI:10.1007/s40593-022-00298-y,"VAN BRUMMELEN J, 2021, AAAI CONF ARTIF INTE, V35, P15655",2
DOI:10.1007/s40593-022-00298-y,DOI:10.1145/3392063.3394396,2
DOI:10.1007/s40593-022-00304-3,DOI:10.1016/j.caeai.2021.100041,2
DOI:10.1007/s40593-022-00304-3,DOI:10.1037//0033-295x.108.4.814,2
DOI:10.1007/s40593-022-00304-3,DOI:10.1145/3313831.3376727,2
DOI:10.1016/j.caeai.2021.100041,DOI:10.1016/j.caeai.2022.100054],2
DOI:10.1016/j.caeai.2021.100041,DOI:10.1037//0033-295x.108.4.814,2
DOI:10.1016/j.caeai.2021.100041,DOI:10.1080/10494820.2021.1926289,3
DOI:10.1016/j.caeai.2021.100041,DOI:10.1145/3313831.3376727,7
DOI:10.1016/j.caeai.2021.100041,DOI:10.1145/3462741.3466664,2
DOI:10.1016/j.caeai.2021.100041,DOI:10.30630/joiv.6.2-2.1126],2
DOI:10.1016/j.caeai.2021.100041,DOI:10.3390/su142114549,2
DOI:10.1016/j.caeai.2021.100041,"VAN BRUMMELEN J, 2021, AAAI CONF ARTIF INTE, V35, P15655",2
DOI:10.1016/j.caeai.2021.100041,"CHIU TKF, 2023, COMPUT EDUC-ARTIF IN, V4, DOI [10.1016/J.CAEAI.2022.100118, 10.1016/J.CAEAI.2022.100118]",2
DOI:10.1016/j.caeai.2021.100041,DOI:10.1007/s10488-013-0528-y,2
DOI:10.1016/j.caeai.2021.100041,DOI:10.1007/s40593-021-00239-1,2
DOI:10.1016/j.caeai.2021.100041,DOI:10.1007/s40593-025-00466-w,2
DOI:10.1016/j.caeai.2021.100041,"DABBAGH HOSSEIN, 2025, AI AND ETHICS, V5, P87, DOI [10.1007/S43681-024-00462-1, 10.1007/S43681-024-00462-1]",3
DOI:10.1016/j.caeai.2021.100041,DOI:10.1007/s10639-022-11491-w,2
DOI:10.1016/j.caeai.2021.100041,DOI:10.1007/s10676-023-09733-7,2
DOI:10.1016/j.caeai.2021.100041,DOI:10.1016/j.caeai.2021.100040],2
DOI:10.1016/j.caeai.2021.100041,DOI:10.1016/j.caeo.2024.100173,2
DOI:10.1016/j.caeai.2021.100041,DOI:10.1016/j.chbah.2023.100014,2
DOI:10.1016/j.caeai.2021.100041,DOI:10.1080/10494820.2025.2482586,2
DOI:10.1016/j.caeai.2021.100041,DOI:10.1111/bjet.13411,3
DOI:10.1016/j.caeai.2021.100041,DOI:10.1145/3381884],3
DOI:10.1016/j.caeai.2021.100041,DOI:10.1186/s40594-023-00418-7,2
DOI:10.1016/j.caeai.2021.100041,DOI:10.3390/app14041588,2
DOI:10.1016/j.caeai.2021.100041,"KAJIWARA Y, 2024, COMPUT EDUC-ARTIF IN, V6, DOI [10.1016/J.CAEAI.2024.100251, 10.1016/J.CAEAI.2024.100251]",3
DOI:10.1016/j.caeai.2021.100041,"KONG SC, 2024, COMPUT EDUC-ARTIF IN, V6, DOI [10.1016/J.CAEAI.2024.100214, 10.1016/J.CAEAI.2024.100214]",3
DOI:10.1016/j.caeai.2021.100041,"MIAO F., 2022, K-12 AI CURRICULA. A MAPPING OF GOVERNMENT-ENDORSED AI CURRICULA",2
DOI:10.1016/j.caeai.2021.100041,"WILLIAMS R, 2021, AAAI CONF ARTIF INTE, V35, P15678",2
DOI:10.1016/j.caeai.2021.100041,"WU D, 2024, COMPUT EDUC-ARTIF IN, V7, DOI [10.1016/J.CAEAI.2024.100295, 10.1016/J.CAEAI.2024.100295]",2
DOI:10.1016/j.caeai.2021.100041,"YIM IHY, 2024, COMPUT EDUC-ARTIF IN, V7, DOI [10.1016/J.CAEAI.2024.100319, 10.1016/J.CAEAI.2024.100319]",2
DOI:10.1016/j.caeai.2021.100041,"PINSKI MARC, 2024, COMPUTERS IN HUMAN BEHAVIOR: ARTIFICIAL HUMANS, V2, DOI [10.1016/J.CHBAH.2024.100062, 10.1016/J.CHBAH.2024.100062]",2
DOI:10.1016/j.caeai.2021.100041,DOI:10.1007/978-981-99-1767-9_64,2
DOI:10.1016/j.caeai.2021.100041,DOI:10.1080/10447318.2022.2151730,2
DOI:10.1016/j.caeai.2021.100041,DOI:10.1186/s41239-025-00519-z,2
DOI:10.1016/j.caeai.2021.100041,"JOSEPH F.HAIR., 2016, A PRIMER ON PARTIAL LEAST SQUARES STRUCTURAL EQUATION MODELING (PLS-SEM)",2
DOI:10.1016/j.caeai.2021.100041,"TSZ KIT NG DAVY, 2021, PROCEEDINGS OF THE ASSOCIATION FOR INFORMATION SCIENCE AND TECHNOLOGY, V58, P504, DOI [10.1002/PRA2.487, 10.1002/PRA2.487]",3
DOI:10.1016/j.caeai.2021.100041,DOI:10.1037/0021-9010.88.5.879,2
DOI:10.1016/j.caeai.2021.100041,DOI:10.3390/math8112089,2
DOI:10.1016/j.caeai.2022.100054],DOI:10.1080/10494820.2021.1926289,2
DOI:10.1016/j.caeai.2022.100054],DOI:10.1145/3313831.3376727,2
DOI:10.1016/j.caeai.2022.100054],DOI:10.1145/3462741.3466664,2
DOI:10.1016/j.caeai.2022.100054],"VAN BRUMMELEN J, 2021, AAAI CONF ARTIF INTE, V35, P15655",2
DOI:10.1016/j.caeo.2024.100171,DOI:10.1093/oxfordhb/9780197579329.013.31],2
DOI:10.1016/j.caeo.2024.100171,DOI:10.1145/3313831.3376727,2
DOI:10.1016/j.caeo.2024.100171,DOI:10.1177/20539517241299732,2
DOI:10.1016/j.caeo.2024.100171,"SOUTHWORTH JANE, TRANSFORMING HIGHER, V4",2
DOI:10.1016/j.caeo.2024.100171,DOI:10.1145/3600211.3604702,2
DOI:10.1037//0033-295x.108.4.814,DOI:10.1145/3313831.3376727,2
DOI:10.1037//0033-295x.108.4.814,DOI:10.1007/s10676-010-9221-y,2
DOI:10.1037//0033-295x.108.4.814,DOI:10.1016/j.patter.2021.100205,2
DOI:10.1037/13620-004,DOI:10.5555/3447307.3447313,2
DOI:10.1080/10494820.2021.1926289,DOI:10.1145/3313831.3376727,4
DOI:10.1080/10494820.2021.1926289,DOI:10.1145/3462741.3466664,2
DOI:10.1080/10494820.2021.1926289,"VAN BRUMMELEN J, 2021, AAAI CONF ARTIF INTE, V35, P15655",2
DOI:10.1080/10494820.2021.1926289,"AI4K12, 2020, GRAND BAND PROGR CHA",2
DOI:10.1080/10494820.2021.1926289,"BROWN S. R., 1980, POLITICAL SUBJECTIVI",2
DOI:10.1080/10494820.2021.1926289,DOI:10.1007/s11423-021-10018-3],2
DOI:10.1080/10494820.2021.1926289,DOI:10.1016/j.edurev.2020.100361,2
DOI:10.1080/10494820.2021.1926289,DOI:10.1145/3290605.3300677,2
DOI:10.1080/10494820.2021.1926289,DOI:10.1177/1077800403259491,2
DOI:10.1080/10494820.2021.1926289,DOI:10.1177/20539517221092956,2
DOI:10.1080/10494820.2021.1926289,DOI:10.1186/s40594-023-00418-7,3
DOI:10.1080/10494820.2021.1926289,DOI:10.1348/014466604x23473,2
DOI:10.1080/10494820.2021.1926289,DOI:10.22488/okstate.11.100594,2
DOI:10.1080/10494820.2021.1926289,DOI:10.4135/9781848607927,2
DOI:10.1080/10494820.2021.1926289,"FAST E, 2017, AAAI CONF ARTIF INTE, P963",2
DOI:10.1080/10494820.2021.1926289,"PEW RESEARCH CENTER, 2021, EXPERTS DOUBT ETHICA",2
DOI:10.1080/10494820.2021.1926289,"ZABALA A, 2014, R J, V6, P163",2
DOI:10.1080/10494820.2021.1926289,DOI:10.1080/0144929x.2024.2350666,2
DOI:10.1080/10494820.2021.1926289,DOI:10.1111/jcal.12867,2
DOI:10.1080/10494820.2021.1926289,"KASPERSEN MAGNUS HOHOLT, 2022, INTERNATIONAL JOURNAL OF CHILD-COMPUTER INTERACTION, DOI [10.1016/J.IJCCI.2022.100539, 10.1016/J.IJCCI.2022.100539]",2
DOI:10.1080/10494820.2021.1926289,DOI:10.1007/s10676-023-09733-7,2
DOI:10.1080/10494820.2021.1926289,DOI:10.1016/j.chbah.2023.100014,2
DOI:10.1080/10494820.2021.1926289,"KAJIWARA Y, 2024, COMPUT EDUC-ARTIF IN, V6, DOI [10.1016/J.CAEAI.2024.100251, 10.1016/J.CAEAI.2024.100251]",2
DOI:10.1080/10494820.2021.1926289,"KONG SC, 2024, COMPUT EDUC-ARTIF IN, V6, DOI [10.1016/J.CAEAI.2024.100214, 10.1016/J.CAEAI.2024.100214]",2
DOI:10.1093/oxfordhb/9780197579329.013.31],DOI:10.1145/3313831.3376727,2
DOI:10.1093/oxfordhb/9780197579329.013.31],DOI:10.1177/20539517241299732,2
DOI:10.1093/oxfordhb/9780197579329.013.31],"SOUTHWORTH JANE, TRANSFORMING HIGHER, V4",2
DOI:10.1145/3313831.3376727,DOI:10.1145/3462741.3466664,2
DOI:10.1145/3313831.3376727,DOI:10.1177/20539517241299732,2
DOI:10.1145/3313831.3376727,DOI:10.3390/su142114549,2
DOI:10.1145/3313831.3376727,DOI:10.5555/3447307.3447313,2
DOI:10.1145/3313831.3376727,"SOUTHWORTH JANE, TRANSFORMING HIGHER, V4",3
DOI:10.1145/3313831.3376727,"VAN BRUMMELEN J, 2021, AAAI CONF ARTIF INTE, V35, P15655",2
DOI:10.1145/3313831.3376727,DOI:10.1007/s40593-021-00239-1,2
DOI:10.1145/3313831.3376727,DOI:10.1080/0144929x.2024.2350666,2
DOI:10.1145/3313831.3376727,DOI:10.1111/jcal.12867,2
DOI:10.1145/3313831.3376727,DOI:10.1145/3159450.3159573,2
DOI:10.1145/3313831.3376727,DOI:10.1186/s40594-023-00418-7,3
DOI:10.1145/3313831.3376727,"KASPERSEN MAGNUS HOHOLT, 2022, INTERNATIONAL JOURNAL OF CHILD-COMPUTER INTERACTION, DOI [10.1016/J.IJCCI.2022.100539, 10.1016/J.IJCCI.2022.100539]",2
DOI:10.1145/3313831.3376727,DOI:10.1191/1478088706qp063oa,2
DOI:10.1145/3313831.3376727,DOI:10.1016/j.caeai.2022.100045,2
DOI:10.1145/3313831.3376727,DOI:10.1145/3392063.3394396,2
DOI:10.1145/3313831.3376727,"TSZ KIT NG DAVY, 2021, PROCEEDINGS OF THE ASSOCIATION FOR INFORMATION SCIENCE AND TECHNOLOGY, V58, P504, DOI [10.1002/PRA2.487, 10.1002/PRA2.487]",3
DOI:10.1145/3313831.3376727,"CHIU TKF, 2023, COMPUT EDUC-ARTIF IN, V4, DOI [10.1016/J.CAEAI.2022.100118, 10.1016/J.CAEAI.2022.100118]",2
DOI:10.1145/3313831.3376727,DOI:10.1007/s10488-013-0528-y,2
DOI:10.1145/3313831.3376727,DOI:10.1007/s40593-025-00466-w,2
DOI:10.1145/3313831.3376727,DOI:10.1177/160940690600500107,2
DOI:10.1145/3313831.3376727,DOI:10.1609/aaai.v37i13.26906],2
DOI:10.1145/3313831.3376727,"HORNBERGER M, 2023, COMPUT EDUC-ARTIF IN, V5, DOI [10.1016/J.CAEAI.2023.100165, 10.1016/J.CAEAI.2023.100165]",2
DOI:10.1145/3313831.3376727,"DABBAGH HOSSEIN, 2025, AI AND ETHICS, V5, P87, DOI [10.1007/S43681-024-00462-1, 10.1007/S43681-024-00462-1]",3
DOI:10.1145/3313831.3376727,DOI:10.1007/s10639-022-11491-w,2
DOI:10.1145/3313831.3376727,DOI:10.1007/s10639-023-11600-3,2
DOI:10.1145/3313831.3376727,DOI:10.1007/s10676-023-09733-7,2
DOI:10.1145/3313831.3376727,DOI:10.1016/j.caeai.2021.100040],2
DOI:10.1145/3313831.3376727,DOI:10.1016/j.caeo.2024.100173,2
DOI:10.1145/3313831.3376727,DOI:10.1016/j.chbah.2023.100014,2
DOI:10.1145/3313831.3376727,DOI:10.1016/j.learninstruc.2024.101899,2
DOI:10.1145/3313831.3376727,DOI:10.1080/10494820.2025.2482586,2
DOI:10.1145/3313831.3376727,DOI:10.1111/bjet.13411,2
DOI:10.1145/3313831.3376727,DOI:10.1145/3381884],2
DOI:10.1145/3313831.3376727,DOI:10.1177/07356331231201342,2
DOI:10.1145/3313831.3376727,"KAJIWARA Y, 2024, COMPUT EDUC-ARTIF IN, V6, DOI [10.1016/J.CAEAI.2024.100251, 10.1016/J.CAEAI.2024.100251]",2
DOI:10.1145/3313831.3376727,"KONG SC, 2024, COMPUT EDUC-ARTIF IN, V6, DOI [10.1016/J.CAEAI.2024.100214, 10.1016/J.CAEAI.2024.100214]",3
DOI:10.1145/3313831.3376727,"MIAO F., 2022, K-12 AI CURRICULA. A MAPPING OF GOVERNMENT-ENDORSED AI CURRICULA",2
DOI:10.1145/3313831.3376727,"TOURETZKY D, 2019, AAAI CONF ARTIF INTE, P9795",2
DOI:10.1145/3313831.3376727,"WILLIAMS R, 2021, AAAI CONF ARTIF INTE, V35, P15678",2
DOI:10.1145/3313831.3376727,"WU D, 2024, COMPUT EDUC-ARTIF IN, V7, DOI [10.1016/J.CAEAI.2024.100295, 10.1016/J.CAEAI.2024.100295]",2
DOI:10.1145/3313831.3376727,"YIM IHY, 2024, COMPUT EDUC-ARTIF IN, V7, DOI [10.1016/J.CAEAI.2024.100319, 10.1016/J.CAEAI.2024.100319]",3
DOI:10.1145/3313831.3376727,"MERTALA PEKKA, 2024, INTERNATIONAL JOURNAL OF CHILD-COMPUTER INTERACTION, V39, DOI [10.1016/J.IJCCI.2023.100630, 10.1016/J.IJCCI.2023.100630]",2
DOI:10.1145/3313831.3376727,"PINSKI MARC, 2024, COMPUTERS IN HUMAN BEHAVIOR: ARTIFICIAL HUMANS, V2, DOI [10.1016/J.CHBAH.2024.100062, 10.1016/J.CHBAH.2024.100062]",2
DOI:10.1145/3313831.3376727,DOI:10.1186/s41239-025-00519-z,2
DOI:10.1145/3313831.3376727,DOI:10.3390/math8112089,2
DOI:10.1145/3462741.3466664,"VAN BRUMMELEN J, 2021, AAAI CONF ARTIF INTE, V35, P15655",2
DOI:10.1145/3626234,DOI:10.1145/3635715,2
DOI:10.1145/3626234,DOI:10.1007/s10664-024-10465-5,2
DOI:10.1177/20539517241299732,"SOUTHWORTH JANE, TRANSFORMING HIGHER, V4",2
DOI:10.5555/3447307.3447313,"SOUTHWORTH JANE, TRANSFORMING HIGHER, V4",2
"VAN BRUMMELEN J, 2021, AAAI CONF ARTIF INTE, V35, P15655",DOI:10.1145/3341525.3387364,2
DOI:10.1007/s10676-016-9400-6,DOI:10.1038/538311a,2
DOI:10.1007/s10676-018-9447-7,DOI:10.1038/538311a,2
DOI:10.1007/s10676-018-9447-7,DOI:10.1007/978-3-319-67280-9_9,2
DOI:10.1007/s10676-018-9447-7,DOI:10.1007/s00146-018-0848-2,2
DOI:10.1007/s10676-018-9447-7,DOI:10.1007/s10551-019-04226-4,2
DOI:10.1007/s10676-018-9447-7,DOI:10.1007/s13347-017-0263-5],2
DOI:10.1007/s10676-018-9447-7,DOI:10.1016/j.clsr.2019.04.007,2
DOI:10.1007/s10676-018-9447-7,DOI:10.1098/rsta.2018.0080,2
DOI:10.1007/s10676-018-9447-7,DOI:10.1098/rsta.2018.0084,2
DOI:10.1007/s10676-018-9447-7,DOI:10.1177/0191453714545340,2
DOI:10.1038/538311a,DOI:10.1007/s10676-009-9187-9,2
DOI:10.1007/s10676-009-9187-9,DOI:10.1145/3236009,2
DOI:10.1007/s10676-009-9187-9,DOI:10.1007/s13347-017-0263-5],2
DOI:10.1098/rsta.2018.0085,DOI:10.2307/j.ctvhrd092.18,2
DOI:10.1098/rsta.2018.0085,"LATONERO M., 2018, DATA AND SOCIETY",2
DOI:10.1098/rsta.2018.0085,"[ANONYMOUS], 2019, ETHICS GUIDELINES FOR TRUSTWORTHY AL",2
DOI:10.1098/rsta.2018.0085,DOI:10.1109/msp.2018.2701164,2
DOI:10.1098/rsta.2018.0085,DOI:10.1007/s13347-017-0263-5],2
DOI:10.1098/rsta.2018.0085,DOI:10.1016/j.clsr.2019.04.007,3
DOI:10.1098/rsta.2018.0085,DOI:10.1016/j.clsr.2020.105404,2
DOI:10.1098/rsta.2018.0085,DOI:10.1098/rsta.2018.0084,2
DOI:10.1098/rsta.2018.0085,DOI:10.1007/978-3-030-33742-1_21,2
DOI:10.1098/rsta.2018.0085,DOI:10.1007/s00146-021-01148-6,3
DOI:10.1098/rsta.2018.0085,DOI:10.1007/978-3-030-30371-6,3
DOI:10.1098/rsta.2018.0085,DOI:10.1145/3287560.3287574,3
DOI:10.1098/rsta.2018.0085,DOI:10.1007/s43681-020-00011-6],2
DOI:10.2307/j.ctvhrd092.18,"[ANONYMOUS], 2017, ASILOMAR AI PRINCIPLES",2
DOI:10.2307/j.ctvhrd092.18,"[ANONYMOUS], 2019, ETHICS GUIDELINES FOR TRUSTWORTHY AL",2
DOI:10.2307/j.ctvhrd092.18,DOI:10.1007/s11024-009-9127-1,2
DOI:10.2307/j.ctvhrd092.18,DOI:10.2139/ssrn.3414805,2
DOI:10.2307/j.ctvhrd092.18,"TALLACCHINI M, 2015, GENET SOC, P156",2
DOI:10.2307/j.ctvhrd092.18,DOI:10.1007/978-3-030-30371-6,2
DOI:10.2307/j.ctvhrd092.18,DOI:10.2759/177365,4
DOI:10.2307/j.ctvhrd092.18,DOI:10.1007/s13347-020-00402-x],2
DOI:10.2307/j.ctvhrd092.18,DOI:10.1177/01622439211030007,2
DOI:10.2307/j.ctvhrd092.18,"FUNG PASCALE, 2021, [NO TITLE CAPTURED]",2
DOI:10.2307/j.ctvhrd092.18,"GAL DANIT, 2020, OXFORD HANDBOOK OF ETHICS OFARTIFICIAL INTELLIGENCE, P607",2
DOI:10.2307/j.ctvhrd092.18,DOI:10.1001/jama.2013.281053,2
DOI:10.2307/j.ctvhrd092.18,DOI:10.1111/j.1475-6773.2010.01140.x,2
"LATONERO M., 2018, DATA AND SOCIETY","[ANONYMOUS], 2019, ETHICS GUIDELINES FOR TRUSTWORTHY AL",2
"[ANONYMOUS], 2019, ETHICS GUIDELINES FOR TRUSTWORTHY AL",DOI:10.1177/0008125619864925,2
"[ANONYMOUS], 2019, ETHICS GUIDELINES FOR TRUSTWORTHY AL",DOI:10.1007/s00146-021-01148-6,2
"[ANONYMOUS], 2019, ETHICS GUIDELINES FOR TRUSTWORTHY AL",DOI:10.1080/17530350.2019.1639068,3
"[ANONYMOUS], 2019, ETHICS GUIDELINES FOR TRUSTWORTHY AL","ANGWIN J., 2016, PROPUBLICA",2
"[ANONYMOUS], 2019, ETHICS GUIDELINES FOR TRUSTWORTHY AL","DASTIN JEREY., 2018, REUTERS",2
DOI:10.1007/s00146-022-01602-z,DOI:10.1080/2331186x.2023.2290342,2
DOI:10.1007/s00146-022-01602-z,DOI:10.1007/s11948-020-00213-5,2
DOI:10.1057/s41599-024-03432-4,DOI:10.1186/s41239-023-00436-z,2
DOI:10.1186/s41239-023-00436-z,DOI:10.1080/08989621.2024.2345713,2
DOI:10.1186/s41239-023-00436-z,DOI:10.1186/s41239-019-0171-0,2
DOI:10.1186/s41239-023-00436-z,DOI:10.1007/s40593-021-00239-1,2
DOI:10.1186/s41239-023-00436-z,DOI:10.1186/s41239-023-00392-8,2
DOI:10.1186/s41239-023-00436-z,DOI:10.1186/s41239-023-00411-8,2
DOI:10.1186/s41239-023-00436-z,DOI:10.1186/s41239-024-00496-9,2
DOI:10.1007/s11948-021-00336-3,"TIDJON LIONEL NGANYEWOU, 2023, IEEE TRANSACTIONS ON ARTIFICIAL INTELLIGENCE, P820, DOI [10.1109/TAI.2022.3225132, 10.1109/TAI.2022.3225132]",2
DOI:10.1016/j.joule.2023.09.004,DOI:10.1145/3381831,2
DOI:10.1177/20552076231186064,DOI:10.1186/s12910-021-00577-8,2
DOI:10.3390/su14084472,DOI:10.3390/su142416352,2
DOI:10.1007/s11024-009-9127-1,"TALLACCHINI M, 2015, GENET SOC, P156",2
DOI:10.1007/s11948-020-00240-2,DOI:10.1126/science.aau6595,2
DOI:10.1007/s11948-020-00240-2,DOI:10.1038/d41586-019-02212-4,2
DOI:10.1007/s12152-021-09468-6,DOI:10.1007/s12152-022-09484-0,2
DOI:10.1007/s12152-021-09468-6,DOI:10.1126/science.aav0223,2
DOI:10.1007/s12152-022-09484-0,DOI:10.1126/science.aav0223,2
DOI:10.1007/s13347-020-00402-x],"FUNG PASCALE, 2021, [NO TITLE CAPTURED]",2
DOI:10.2759/177365,"[ANONYMOUS], 2016, ETHICALLY ALIGNED DESIGN: A VISION FOR PRIORITIZING HUMAN WELL -BEING WITH AUTONOMOUS AND INTELLIGENT SYSTEMS",2
DOI:10.2759/177365,DOI:10.1145/3290605.3300233,2
"[ANONYMOUS], 2016, ETHICALLY ALIGNED DESIGN: A VISION FOR PRIORITIZING HUMAN WELL -BEING WITH AUTONOMOUS AND INTELLIGENT SYSTEMS","DELVAUX M., 2017, GLOBALCIT COUNTRY REPORT NO. 2017/11",2
DOI:10.1007/978-3-030-33742-1_21,DOI:10.1007/978-3-030-49392-9_13,2
DOI:10.1007/978-3-030-33742-1_21,DOI:10.1007/s00146-021-01148-6,2
DOI:10.1007/978-3-030-49392-9_13,DOI:10.1108/jices-04-2019-0039,2
DOI:10.1007/978-3-030-49392-9_13,DOI:10.1007/s00146-021-01256-3,2
DOI:10.1007/s10551-019-04226-4,DOI:10.1007/s11023-017-9438-1,2
DOI:10.1007/s10551-019-04226-4,DOI:10.1007/s13347-017-0263-5],3
DOI:10.1007/s10551-019-04226-4,DOI:10.1038/d41586-020-01578-0,2
DOI:10.1007/s10551-019-04226-4,DOI:10.1080/21670811.2014.976411,2
DOI:10.1007/s10551-019-04226-4,DOI:10.1145/3351095.3373152,2
DOI:10.1007/s10551-019-04226-4,DOI:10.1007/978-3-319-67280-9_9,2
DOI:10.1007/s10551-019-04226-4,DOI:10.1007/s00146-018-0848-2,2
DOI:10.1007/s10551-019-04226-4,DOI:10.1016/j.clsr.2019.04.007,2
DOI:10.1007/s10551-019-04226-4,DOI:10.1098/rsta.2018.0080,2
DOI:10.1007/s10551-019-04226-4,DOI:10.1098/rsta.2018.0084,2
DOI:10.1007/s10551-019-04226-4,DOI:10.1177/0191453714545340,2
DOI:10.1007/s11023-017-9438-1,DOI:10.1007/s13347-017-0263-5],2
DOI:10.1007/s11023-017-9438-1,DOI:10.1080/21670811.2014.976411,2
DOI:10.1007/s13347-017-0263-5],DOI:10.1038/d41586-020-01578-0,2
DOI:10.1007/s13347-017-0263-5],DOI:10.1080/21670811.2014.976411,2
DOI:10.1007/s13347-017-0263-5],DOI:10.1145/3351095.3373152,2
DOI:10.1007/s13347-017-0263-5],DOI:10.1007/978-3-319-67280-9_9,2
DOI:10.1007/s13347-017-0263-5],DOI:10.1007/s00146-018-0848-2,2
DOI:10.1007/s13347-017-0263-5],DOI:10.1016/j.clsr.2019.04.007,3
DOI:10.1007/s13347-017-0263-5],DOI:10.1098/rsta.2018.0080,2
DOI:10.1007/s13347-017-0263-5],DOI:10.1098/rsta.2018.0084,2
DOI:10.1007/s13347-017-0263-5],DOI:10.1177/0191453714545340,2
DOI:10.1007/s13347-017-0263-5],DOI:10.1007/s10676-018-9450-z,2
DOI:10.1007/s13347-017-0263-5],DOI:10.1007/s43681-020-00011-6],2
DOI:10.1007/s13347-017-0263-5],DOI:10.1145/3097983.3098095,2
DOI:10.1007/s13347-017-0263-5],DOI:10.1145/3287560.3287574,2
DOI:10.1038/d41586-020-01578-0,DOI:10.1145/3351095.3373152,2
DOI:10.1108/jices-04-2019-0039,DOI:10.14763/2020.2.1469],2
"BROWN TB, 2020, ADV NEUR IN, V33","STRUBELL E, 2019, 57TH ANNUAL MEETING OF THE ASSOCIATION FOR COMPUTATIONAL LINGUISTICS (ACL 2019), P3645",2
"CORBETT-DAVIES S, 2023, J MACH LEARN RES, V24, P1",DOI:10.1007/s00146-021-01294-x,2
"CORBETT-DAVIES S, 2023, J MACH LEARN RES, V24, P1",DOI:10.1145/3097983.3098095,2
"CORBETT-DAVIES S, 2023, J MACH LEARN RES, V24, P1",DOI:10.1145/3287560.3287589,2
"CORBETT-DAVIES S, 2023, J MACH LEARN RES, V24, P1",DOI:10.1145/3494672,2
"CORBETT-DAVIES S, 2023, J MACH LEARN RES, V24, P1",DOI:10.48550/arxiv.2303.16626,2
"CORBETT-DAVIES S, 2023, J MACH LEARN RES, V24, P1","SUNDARARAJAN M., 2020, [NO TITLE CAPTURED], P9269",2
DOI:10.1007/s00146-021-01294-x,DOI:10.1145/3097983.3098095,2
DOI:10.1007/s00146-021-01294-x,DOI:10.1145/3287560.3287589,2
DOI:10.1007/s00146-021-01294-x,DOI:10.1145/3494672,2
DOI:10.1007/s00146-021-01294-x,DOI:10.48550/arxiv.2303.16626,2
DOI:10.1007/s00146-021-01294-x,"SUNDARARAJAN M., 2020, [NO TITLE CAPTURED], P9269",2
DOI:10.1007/s00146-021-01294-x,DOI:10.1145/3419764,2
DOI:10.1016/j.dss.2020.113302,DOI:10.1145/3097983.3098095,2
DOI:10.1145/2939672.2939778],DOI:10.1561/0400000042,2
DOI:10.1145/3097983.3098095,DOI:10.1145/3287560.3287589,2
DOI:10.1145/3097983.3098095,DOI:10.1145/3494672,2
DOI:10.1145/3097983.3098095,DOI:10.48550/arxiv.2303.16626,2
DOI:10.1145/3097983.3098095,"SUNDARARAJAN M., 2020, [NO TITLE CAPTURED], P9269",2
DOI:10.1145/3097983.3098095,DOI:10.1007/s10676-018-9450-z,2
DOI:10.1145/3097983.3098095,DOI:10.1007/s43681-020-00011-6],2
DOI:10.1145/3278721.3278779,DOI:10.1561/0400000042,2
DOI:10.1145/3278721.3278779,DOI:10.23919/mipro.2018.8400040,2
DOI:10.1145/3278721.3278779,DOI:10.1145/3236009,2
DOI:10.1145/3287560.3287589,DOI:10.1145/3494672,2
DOI:10.1145/3287560.3287589,DOI:10.48550/arxiv.2303.16626,2
DOI:10.1145/3287560.3287589,"SUNDARARAJAN M., 2020, [NO TITLE CAPTURED], P9269",2
DOI:10.1145/3494672,DOI:10.48550/arxiv.2303.16626,2
DOI:10.1145/3494672,"SUNDARARAJAN M., 2020, [NO TITLE CAPTURED], P9269",2
DOI:10.48550/arxiv.2303.16626,"SUNDARARAJAN M., 2020, [NO TITLE CAPTURED], P9269",2
DOI:10.9785/cri-2019-200402,"RUSSELL C, 2017, ADV NEUR IN, V30",2
DOI:10.1186/s12910-019-0423-5,DOI:10.1186/s12910-021-00616-4,2
DOI:10.1007/s11023-019-09509-3,DOI:10.1017/beq.2021.3,2
DOI:10.1109/tcss.2023.3251729,DOI:10.1038/s41598-024-54294-4,2
"AI4K12, 2020, GRAND BAND PROGR CHA","BROWN S. R., 1980, POLITICAL SUBJECTIVI",2
"AI4K12, 2020, GRAND BAND PROGR CHA",DOI:10.1007/s11423-021-10018-3],2
"AI4K12, 2020, GRAND BAND PROGR CHA",DOI:10.1016/j.edurev.2020.100361,2
"AI4K12, 2020, GRAND BAND PROGR CHA",DOI:10.1145/3290605.3300677,2
"AI4K12, 2020, GRAND BAND PROGR CHA",DOI:10.1177/1077800403259491,2
"AI4K12, 2020, GRAND BAND PROGR CHA",DOI:10.1177/20539517221092956,2
"AI4K12, 2020, GRAND BAND PROGR CHA",DOI:10.1186/s40594-023-00418-7,2
"AI4K12, 2020, GRAND BAND PROGR CHA",DOI:10.1348/014466604x23473,2
"AI4K12, 2020, GRAND BAND PROGR CHA",DOI:10.22488/okstate.11.100594,2
"AI4K12, 2020, GRAND BAND PROGR CHA",DOI:10.4135/9781848607927,2
"AI4K12, 2020, GRAND BAND PROGR CHA","FAST E, 2017, AAAI CONF ARTIF INTE, P963",2
"AI4K12, 2020, GRAND BAND PROGR CHA","PEW RESEARCH CENTER, 2021, EXPERTS DOUBT ETHICA",2
"AI4K12, 2020, GRAND BAND PROGR CHA","ZABALA A, 2014, R J, V6, P163",2
"BROWN S. R., 1980, POLITICAL SUBJECTIVI",DOI:10.1007/s11423-021-10018-3],2
"BROWN S. R., 1980, POLITICAL SUBJECTIVI",DOI:10.1016/j.edurev.2020.100361,2
"BROWN S. R., 1980, POLITICAL SUBJECTIVI",DOI:10.1145/3290605.3300677,2
"BROWN S. R., 1980, POLITICAL SUBJECTIVI",DOI:10.1177/1077800403259491,2
"BROWN S. R., 1980, POLITICAL SUBJECTIVI",DOI:10.1177/20539517221092956,2
"BROWN S. R., 1980, POLITICAL SUBJECTIVI",DOI:10.1186/s40594-023-00418-7,2
"BROWN S. R., 1980, POLITICAL SUBJECTIVI",DOI:10.1348/014466604x23473,2
"BROWN S. R., 1980, POLITICAL SUBJECTIVI",DOI:10.22488/okstate.11.100594,2
"BROWN S. R., 1980, POLITICAL SUBJECTIVI",DOI:10.4135/9781848607927,2
"BROWN S. R., 1980, POLITICAL SUBJECTIVI","FAST E, 2017, AAAI CONF ARTIF INTE, P963",2
"BROWN S. R., 1980, POLITICAL SUBJECTIVI","PEW RESEARCH CENTER, 2021, EXPERTS DOUBT ETHICA",2
"BROWN S. R., 1980, POLITICAL SUBJECTIVI","ZABALA A, 2014, R J, V6, P163",2
DOI:10.1007/s11423-021-10018-3],DOI:10.1016/j.edurev.2020.100361,2
DOI:10.1007/s11423-021-10018-3],DOI:10.1145/3290605.3300677,2
DOI:10.1007/s11423-021-10018-3],DOI:10.1177/1077800403259491,2
DOI:10.1007/s11423-021-10018-3],DOI:10.1177/20539517221092956,2
DOI:10.1007/s11423-021-10018-3],DOI:10.1186/s40594-023-00418-7,2
DOI:10.1007/s11423-021-10018-3],DOI:10.1348/014466604x23473,2
DOI:10.1007/s11423-021-10018-3],DOI:10.22488/okstate.11.100594,2
DOI:10.1007/s11423-021-10018-3],DOI:10.4135/9781848607927,2
DOI:10.1007/s11423-021-10018-3],"FAST E, 2017, AAAI CONF ARTIF INTE, P963",2
DOI:10.1007/s11423-021-10018-3],"PEW RESEARCH CENTER, 2021, EXPERTS DOUBT ETHICA",2
DOI:10.1007/s11423-021-10018-3],"ZABALA A, 2014, R J, V6, P163",2
DOI:10.1007/s40593-021-00243-5,DOI:10.1609/aaai.v37i13.26906],2
DOI:10.1007/s40593-021-00243-5,DOI:10.1191/1478088706qp063oa,2
DOI:10.1016/j.edurev.2020.100361,DOI:10.1145/3290605.3300677,2
DOI:10.1016/j.edurev.2020.100361,DOI:10.1177/1077800403259491,2
DOI:10.1016/j.edurev.2020.100361,DOI:10.1177/20539517221092956,2
DOI:10.1016/j.edurev.2020.100361,DOI:10.1186/s40594-023-00418-7,2
DOI:10.1016/j.edurev.2020.100361,DOI:10.1348/014466604x23473,2
DOI:10.1016/j.edurev.2020.100361,DOI:10.22488/okstate.11.100594,2
DOI:10.1016/j.edurev.2020.100361,DOI:10.4135/9781848607927,2
DOI:10.1016/j.edurev.2020.100361,"FAST E, 2017, AAAI CONF ARTIF INTE, P963",2
DOI:10.1016/j.edurev.2020.100361,"PEW RESEARCH CENTER, 2021, EXPERTS DOUBT ETHICA",2
DOI:10.1016/j.edurev.2020.100361,"ZABALA A, 2014, R J, V6, P163",2
DOI:10.1145/3290605.3300677,DOI:10.1177/1077800403259491,2
DOI:10.1145/3290605.3300677,DOI:10.1177/20539517221092956,2
DOI:10.1145/3290605.3300677,DOI:10.1186/s40594-023-00418-7,2
DOI:10.1145/3290605.3300677,DOI:10.1348/014466604x23473,2
DOI:10.1145/3290605.3300677,DOI:10.22488/okstate.11.100594,2
DOI:10.1145/3290605.3300677,DOI:10.4135/9781848607927,2
DOI:10.1145/3290605.3300677,"FAST E, 2017, AAAI CONF ARTIF INTE, P963",2
DOI:10.1145/3290605.3300677,"PEW RESEARCH CENTER, 2021, EXPERTS DOUBT ETHICA",2
DOI:10.1145/3290605.3300677,"ZABALA A, 2014, R J, V6, P163",2
DOI:10.1177/1077800403259491,DOI:10.1177/20539517221092956,2
DOI:10.1177/1077800403259491,DOI:10.1186/s40594-023-00418-7,2
DOI:10.1177/1077800403259491,DOI:10.1348/014466604x23473,2
DOI:10.1177/1077800403259491,DOI:10.22488/okstate.11.100594,2
DOI:10.1177/1077800403259491,DOI:10.4135/9781848607927,2
DOI:10.1177/1077800403259491,"FAST E, 2017, AAAI CONF ARTIF INTE, P963",2
DOI:10.1177/1077800403259491,"PEW RESEARCH CENTER, 2021, EXPERTS DOUBT ETHICA",2
DOI:10.1177/1077800403259491,"ZABALA A, 2014, R J, V6, P163",2
DOI:10.1177/20539517221092956,DOI:10.1186/s40594-023-00418-7,2
DOI:10.1177/20539517221092956,DOI:10.1348/014466604x23473,2
DOI:10.1177/20539517221092956,DOI:10.22488/okstate.11.100594,2
DOI:10.1177/20539517221092956,DOI:10.3389/fcomp.2022.776837,2
DOI:10.1177/20539517221092956,DOI:10.4135/9781848607927,2
DOI:10.1177/20539517221092956,"FAST E, 2017, AAAI CONF ARTIF INTE, P963",2
DOI:10.1177/20539517221092956,"PEW RESEARCH CENTER, 2021, EXPERTS DOUBT ETHICA",2
DOI:10.1177/20539517221092956,"ZABALA A, 2014, R J, V6, P163",2
DOI:10.1177/20539517221092956,DOI:10.1007/s00146-021-01168-2,2
DOI:10.1177/20539517221092956,DOI:10.1007/s10639-022-11086-5,2
DOI:10.1177/20539517221092956,DOI:10.1007/s40593-021-00239-1,2
DOI:10.1177/20539517221092956,DOI:10.1080/10447318.2020.1801227,2
DOI:10.1177/20539517221092956,DOI:10.1080/10447318.2021.2009669,3
DOI:10.1177/20539517221092956,DOI:10.1037/0021-9010.88.5.879,2
DOI:10.1177/20539517221092956,DOI:10.1037/0033-295x.84.2.191,2
DOI:10.1177/20539517221092956,DOI:10.1080/10447318.2021.2012378,2
DOI:10.1177/20539517221092956,DOI:10.1080/10447318.2023.2178612,2
DOI:10.1177/20539517221092956,DOI:10.1080/10528008.2006.11488962,2
DOI:10.1177/20539517221092956,DOI:10.2307/30036540,2
DOI:10.1177/20539517221092956,"HOLDEN H, 2011, J RES TECHNOL EDUC, V43, P343",2
DOI:10.1177/20539517221092956,DOI:10.1080/10447318.2024.2331858,2
DOI:10.1186/s40594-023-00418-7,DOI:10.1348/014466604x23473,2
DOI:10.1186/s40594-023-00418-7,DOI:10.22488/okstate.11.100594,2
DOI:10.1186/s40594-023-00418-7,DOI:10.4135/9781848607927,2
DOI:10.1186/s40594-023-00418-7,"FAST E, 2017, AAAI CONF ARTIF INTE, P963",2
DOI:10.1186/s40594-023-00418-7,"PEW RESEARCH CENTER, 2021, EXPERTS DOUBT ETHICA",2
DOI:10.1186/s40594-023-00418-7,"ZABALA A, 2014, R J, V6, P163",2
DOI:10.1186/s40594-023-00418-7,DOI:10.1007/s40593-021-00239-1,3
DOI:10.1186/s40594-023-00418-7,DOI:10.1080/0144929x.2024.2350666,2
DOI:10.1186/s40594-023-00418-7,DOI:10.1111/jcal.12867,2
DOI:10.1186/s40594-023-00418-7,"KASPERSEN MAGNUS HOHOLT, 2022, INTERNATIONAL JOURNAL OF CHILD-COMPUTER INTERACTION, DOI [10.1016/J.IJCCI.2022.100539, 10.1016/J.IJCCI.2022.100539]",2
DOI:10.1186/s40594-023-00418-7,DOI:10.1007/s10639-022-10925-9,2
DOI:10.1186/s40594-023-00418-7,DOI:10.1007/s11948-016-9809-7,2
DOI:10.1186/s40594-023-00418-7,DOI:10.1007/s11948-016-9814-x,2
DOI:10.1186/s40594-023-00418-7,DOI:10.1007/s11948-021-00280-2,2
DOI:10.1186/s40594-023-00418-7,DOI:10.1016/j.compedu.2023.104813,3
DOI:10.1186/s40594-023-00418-7,DOI:10.1080/22054952.2021.1914297],2
DOI:10.1186/s40594-023-00418-7,DOI:10.1177/10776958221149577],2
DOI:10.1186/s40594-023-00418-7,DOI:10.1186/s40594-023-00452-5,2
DOI:10.1186/s40594-023-00418-7,DOI:10.1186/s40594-023-00454-3,2
DOI:10.1186/s40594-023-00418-7,DOI:10.1186/s40594-024-00484-5,2
DOI:10.1186/s40594-023-00418-7,DOI:10.1186/s41239-019-0171-0,2
DOI:10.1186/s40594-023-00418-7,DOI:10.30191/ets.202301_26(1).0002,2
DOI:10.1186/s40594-023-00418-7,"ERDURAN SIBEL, 2023, SCIENCE, V382, PEADM9788, DOI [10.1126/SCIENCE.ADM9788, 10.1126/SCIENCE.ADM9788]",2
DOI:10.1186/s40594-023-00418-7,"DABBAGH HOSSEIN, 2025, AI AND ETHICS, V5, P87, DOI [10.1007/S43681-024-00462-1, 10.1007/S43681-024-00462-1]",2
DOI:10.1186/s40594-023-00418-7,DOI:10.1016/j.caeo.2024.100173,2
DOI:10.1186/s40594-023-00418-7,DOI:10.1016/j.compedu.2022.104582,2
DOI:10.1186/s40594-023-00418-7,DOI:10.1080/10494820.2025.2482586,2
DOI:10.1186/s40594-023-00418-7,DOI:10.1111/bjet.13411,2
DOI:10.1186/s40594-023-00418-7,"YIM IHY, 2024, COMPUT EDUC-ARTIF IN, V7, DOI [10.1016/J.CAEAI.2024.100319, 10.1016/J.CAEAI.2024.100319]",2
DOI:10.1348/014466604x23473,DOI:10.22488/okstate.11.100594,2
DOI:10.1348/014466604x23473,DOI:10.4135/9781848607927,2
DOI:10.1348/014466604x23473,"FAST E, 2017, AAAI CONF ARTIF INTE, P963",2
DOI:10.1348/014466604x23473,"PEW RESEARCH CENTER, 2021, EXPERTS DOUBT ETHICA",2
DOI:10.1348/014466604x23473,"ZABALA A, 2014, R J, V6, P163",2
DOI:10.1609/aaai.v37i13.26906],DOI:10.1177/160940690600500107,2
DOI:10.22488/okstate.11.100594,DOI:10.4135/9781848607927,2
DOI:10.22488/okstate.11.100594,"FAST E, 2017, AAAI CONF ARTIF INTE, P963",2
DOI:10.22488/okstate.11.100594,"PEW RESEARCH CENTER, 2021, EXPERTS DOUBT ETHICA",2
DOI:10.22488/okstate.11.100594,"ZABALA A, 2014, R J, V6, P163",2
DOI:10.4135/9781848607927,"FAST E, 2017, AAAI CONF ARTIF INTE, P963",2
DOI:10.4135/9781848607927,"PEW RESEARCH CENTER, 2021, EXPERTS DOUBT ETHICA",2
DOI:10.4135/9781848607927,"ZABALA A, 2014, R J, V6, P163",2
"FAST E, 2017, AAAI CONF ARTIF INTE, P963","PEW RESEARCH CENTER, 2021, EXPERTS DOUBT ETHICA",2
"FAST E, 2017, AAAI CONF ARTIF INTE, P963","ZABALA A, 2014, R J, V6, P163",2
"PEW RESEARCH CENTER, 2021, EXPERTS DOUBT ETHICA","ZABALA A, 2014, R J, V6, P163",2
"COSTANZA-CHOCK S, 2020, INFORM POL, P1",DOI:10.48550/arxiv.1802.01852,2
DOI:10.1136/bmjopen-2022-064362,DOI:10.1177/01634437221099612,2
DOI:10.1145/3351095.3372826,DOI:10.18574/nyu/9781479833641.001.0001,2
DOI:10.1145/3351095.3372826,"EUBANKS V., 2018, AUTOMATING INEQUALIT",2
DOI:10.1177/0268580900015002005,DOI:10.2966/scrip.170220.389],2
DOI:10.18574/nyu/9781479833641.001.0001,"EUBANKS V., 2018, AUTOMATING INEQUALIT",2
DOI:10.2966/scrip.170220.389],"MAGALHAES JC, 2021, INT J COMMUN-US, V15, P343",2
"EUBANKS V., 2018, AUTOMATING INEQUALIT",DOI:10.1007/s11948-020-00213-5,2
DOI:10.1007/s00146-021-01168-2,DOI:10.1007/s10639-022-11086-5,3
DOI:10.1007/s00146-021-01168-2,DOI:10.1007/s40593-021-00239-1,4
DOI:10.1007/s00146-021-01168-2,DOI:10.1080/08838151.2020.1843357,2
DOI:10.1007/s00146-021-01168-2,DOI:10.1007/s41649-021-00182-2,2
DOI:10.1007/s00146-021-01168-2,DOI:10.1109/access.2020.2988510,2
DOI:10.1007/s00146-021-01168-2,DOI:10.1109/educon52537.2022.9766818,2
DOI:10.1007/s00146-021-01168-2,DOI:10.1007/s00259-020-04678-1,2
DOI:10.1007/s00146-021-01168-2,DOI:10.1080/10447318.2022.2049145,2
DOI:10.1007/s00146-021-01168-2,DOI:10.1111/cts.12884,2
DOI:10.1007/s00146-021-01168-2,"RABBY F., 2021, ACADEMY OF MARKETING STUDIES JOURNAL, V25, P1",2
DOI:10.1007/s00146-021-01168-2,DOI:10.2753/mtp1069-6679190202,2
DOI:10.1007/s10639-022-11086-5,DOI:10.1007/s40593-021-00239-1,3
DOI:10.1007/s10639-022-11086-5,DOI:10.1080/10447318.2021.2009669,2
DOI:10.1007/s10639-022-11086-5,DOI:10.1108/ijilt-05-2020-0090,2
DOI:10.1007/s10639-022-11086-5,DOI:10.1007/s11948-020-00213-5,2
DOI:10.1007/s10639-022-11086-5,DOI:10.3389/fpsyg.2023.1191628,2
DOI:10.1007/s10639-022-11086-5,DOI:10.1186/s41239-021-00292-9,2
DOI:10.1007/s10639-022-11086-5,DOI:10.30191/ets.202301_26(1).0002,2
DOI:10.1007/s40593-021-00239-1,DOI:10.1080/08838151.2020.1843357,2
DOI:10.1007/s40593-021-00239-1,DOI:10.1108/ijilt-05-2020-0090,2
DOI:10.1007/s40593-021-00239-1,"CHIU TKF, 2023, COMPUT EDUC-ARTIF IN, V4, DOI [10.1016/J.CAEAI.2022.100118, 10.1016/J.CAEAI.2022.100118]",2
DOI:10.1007/s40593-021-00239-1,DOI:10.1007/s10639-021-10597-x,2
DOI:10.1007/s40593-021-00239-1,DOI:10.1109/access.2020.2988510,2
DOI:10.1007/s40593-021-00239-1,DOI:10.1109/educon52537.2022.9766818,2
DOI:10.1007/s40593-021-00239-1,DOI:10.1109/icalt55010.2022.00095,2
DOI:10.1007/s40593-021-00239-1,DOI:10.1186/s41239-019-0171-0,5
DOI:10.1007/s40593-021-00239-1,DOI:10.1191/1478088706qp063oa,3
DOI:10.1007/s40593-021-00239-1,DOI:10.1177/0008125619864925,2
DOI:10.1007/s40593-021-00239-1,"SELWYN N., 2019, POLITY",2
DOI:10.1007/s40593-021-00239-1,DOI:10.1007/s10639-022-10925-9,2
DOI:10.1007/s40593-021-00239-1,DOI:10.1007/s11948-016-9809-7,2
DOI:10.1007/s40593-021-00239-1,DOI:10.1007/s11948-016-9814-x,2
DOI:10.1007/s40593-021-00239-1,DOI:10.1007/s11948-021-00280-2,2
DOI:10.1007/s40593-021-00239-1,DOI:10.1016/j.compedu.2023.104813,3
DOI:10.1007/s40593-021-00239-1,DOI:10.1080/22054952.2021.1914297],2
DOI:10.1007/s40593-021-00239-1,DOI:10.1177/10776958221149577],2
DOI:10.1007/s40593-021-00239-1,DOI:10.1186/s40594-023-00452-5,2
DOI:10.1007/s40593-021-00239-1,DOI:10.1186/s40594-023-00454-3,2
DOI:10.1007/s40593-021-00239-1,DOI:10.1186/s40594-024-00484-5,2
DOI:10.1007/s40593-021-00239-1,DOI:10.30191/ets.202301_26(1).0002,4
DOI:10.1007/s40593-021-00239-1,"ERDURAN SIBEL, 2023, SCIENCE, V382, PEADM9788, DOI [10.1126/SCIENCE.ADM9788, 10.1126/SCIENCE.ADM9788]",2
DOI:10.1007/s40593-021-00239-1,"CHIN WW, 1998, QUANT METH SER, P295",2
DOI:10.1007/s40593-021-00239-1,DOI:10.1186/s41239-021-00292-9,2
DOI:10.1007/s40593-021-00239-1,DOI:10.1109/te.2021.3085878,2
DOI:10.1007/s40593-021-00239-1,DOI:10.2753/mtp1069-6679190202,2
DOI:10.1007/s40593-021-00239-1,DOI:10.1016/j.caeai.2025.100405,2
DOI:10.1007/s40593-021-00239-1,DOI:10.1186/s41239-023-00411-8,3
DOI:10.1007/s40593-021-00239-1,DOI:10.1186/s40594-024-00493-4,2
DOI:10.1007/s40593-021-00239-1,DOI:10.1186/s41239-023-00392-8,4
DOI:10.1007/s40593-021-00239-1,DOI:10.1186/s41239-024-00496-9,2
DOI:10.1080/0144929x.2024.2350666,DOI:10.1111/jcal.12867,2
DOI:10.1080/0144929x.2024.2350666,"KASPERSEN MAGNUS HOHOLT, 2022, INTERNATIONAL JOURNAL OF CHILD-COMPUTER INTERACTION, DOI [10.1016/J.IJCCI.2022.100539, 10.1016/J.IJCCI.2022.100539]",2
DOI:10.1080/10447318.2020.1801227,DOI:10.1080/10447318.2021.2009669,2
DOI:10.1080/10447318.2021.2009669,DOI:10.1016/j.ijinfomgt.2019.08.002,2
DOI:10.1111/jcal.12867,"KASPERSEN MAGNUS HOHOLT, 2022, INTERNATIONAL JOURNAL OF CHILD-COMPUTER INTERACTION, DOI [10.1016/J.IJCCI.2022.100539, 10.1016/J.IJCCI.2022.100539]",2
DOI:10.1145/3593013.3593990,"SCHULTZ MARIO D., 2025, AI AND ETHICS, V5, P805, DOI [10.1007/S43681-024-00430-9, 10.1007/S43681-024-00430-9]",2
DOI:10.1007/978-3-030-12524-0_2,DOI:10.3389/fhumd.2024.1421273,2
DOI:10.1098/rsta.2018.0080,"WILK A., 2019, ARXIV",2
DOI:10.1098/rsta.2018.0080,DOI:10.1145/3419764,3
DOI:10.1098/rsta.2018.0080,"LU QH, 2022, 2022 ACM/IEEE 44TH INTERNATIONAL CONFERENCE ON SOFTWARE ENGINEERING: SOFTWARE ENGINEERING IN PRACTICE (ICSE-SEIP 2022), P241, DOI [10.1145/3510457.3513063, 10.1109/ICSE-SEIP55303.2022.9793864]",2
DOI:10.1098/rsta.2018.0080,DOI:10.1007/978-3-319-67280-9_9,2
DOI:10.1098/rsta.2018.0080,DOI:10.1007/s00146-018-0848-2,2
DOI:10.1098/rsta.2018.0080,DOI:10.1016/j.clsr.2019.04.007,2
DOI:10.1098/rsta.2018.0080,DOI:10.1080/03071847.2019.1694260,2
DOI:10.1098/rsta.2018.0080,DOI:10.1098/rsta.2018.0084,2
DOI:10.1098/rsta.2018.0080,DOI:10.1177/0191453714545340,2
DOI:10.1098/rsta.2018.0080,DOI:10.1145/3173574.3173951,2
DOI:10.1098/rsta.2018.0080,DOI:10.1109/msp.2018.2701164,2
"UNESCO, 2021, RECOMMENDATION ETHIC",DOI:10.1016/j.caeai.2025.100405,2
"UNESCO, 2021, RECOMMENDATION ETHIC",DOI:10.1057/s41599-024-04044-8,2
"UNESCO, 2021, RECOMMENDATION ETHIC","EUROPEAN COMMISSION HIGH-LEVEL EXPERT GROUP ON ARTIFICIAL INTELLIGENCE, 2019, ETHICS GUIDELINES TR",2
DOI:10.1145/3381884],"DABBAGH HOSSEIN, 2025, AI AND ETHICS, V5, P87, DOI [10.1007/S43681-024-00462-1, 10.1007/S43681-024-00462-1]",2
DOI:10.1145/3381884],DOI:10.1016/j.caeai.2021.100040],2
DOI:10.1145/3381884],DOI:10.1111/bjet.13411,2
DOI:10.1145/3381884],DOI:10.3390/app14041588,2
DOI:10.1145/3381884],"KAJIWARA Y, 2024, COMPUT EDUC-ARTIF IN, V6, DOI [10.1016/J.CAEAI.2024.100251, 10.1016/J.CAEAI.2024.100251]",2
DOI:10.1145/3381884],"MIAO F., 2022, K-12 AI CURRICULA. A MAPPING OF GOVERNMENT-ENDORSED AI CURRICULA",2
DOI:10.1145/3381884],"WILLIAMS R, 2021, AAAI CONF ARTIF INTE, V35, P15678",2
DOI:10.1145/3381884],"WU D, 2024, COMPUT EDUC-ARTIF IN, V7, DOI [10.1016/J.CAEAI.2024.100295, 10.1016/J.CAEAI.2024.100295]",2
"*SMART DUB, 2018, AI ETH PRINC GUID",DOI:10.1145/3458723,2
"*SMART DUB, 2018, AI ETH PRINC GUID","FUTURE OF LIFE INSTITUTE, 2017, PRINC DEV CONJ 2017",2
"*SMART DUB, 2018, AI ETH PRINC GUID","ACCESS NOW, 2018, HUM RIGHTS AG ART IN",2
"*SMART DUB, 2018, AI ETH PRINC GUID","UNIVERSITY OF MONTREAL, 2018, MONTR DECL RESP DEV",2
"BEIJING A, 2019, @A(!2020.& LIYING.ANALYSISOFDROUGHTCHARACTERISTICSBASED ON MULTIPLEINDICESIN THEHEXIINLAND RIVERBASIN& D'",DOI:10.2307/j.ctvjk2wr9,2
"BUOLAMWINI JOY., 2018, C FAIRNESS ACCOUNTAB, V81, P1","MOROZOV E., 2014, TO SAVE EVERYTHING, CLICK HERE: THE FOLLY OF TECHNOLOGICAL SOLUTIONISM",2
"CRAWFORD K., 2018, ANATOMY OF AN AI SYSTEM",DOI:10.4337/9781783476732.00017,2
DOI:10.1007/s11948-016-9759-0,DOI:10.1080/1369118x.2016.1154087,2
DOI:10.1073/pnas.1320040111,"PARISER ELI., 2011, FILTER BUBBLE WHAT I",2
DOI:10.1073/pnas.1320040111,"SCHNEIER BRUCE., 2018, CLICK HERE KILL EVER, VFIRST",2
DOI:10.1073/pnas.1320040111,"DASTIN JEREY., 2018, REUTERS",3
DOI:10.1145/3458723,DOI:10.1145/3419764,2
DOI:10.1145/3458723,DOI:10.1191/1478088706qp063oa,2
DOI:10.1145/3458723,DOI:10.48550/arxiv.1810.01943],2
DOI:10.1145/3458723,DOI:10.1080/1369118x.2019.1573912,2
DOI:10.1145/3458723,DOI:10.48550/arxiv.2111.01122,2
DOI:10.1145/3458723,"SCHIFF D, 2020, ARXIV, DOI [ARXIV:2006.04707, 10.48550/ARXIV.2006.04707]",2
DOI:10.1145/3458723,DOI:10.1007/s11948-012-9413-4,2
DOI:10.1177/0162243915606523,DOI:10.1007/s11948-020-00213-5,2
DOI:10.1177/0162243915606523,DOI:10.1126/science.1248506,2
DOI:10.1177/1024258916687250,DOI:10.1177/2053951720919776,2
"DASTIN JEREY., 2018, REUTERS",DOI:10.1007/s10551-022-05051-y,2
"DASTIN JEREY., 2018, REUTERS",DOI:10.1007/s43681-020-00011-6],2
"DASTIN JEREY., 2018, REUTERS",DOI:10.1080/17530350.2019.1639068,2
DOI:10.1080/17530350.2019.1639068,DOI:10.1007/s00146-021-01148-6,2
DOI:10.1080/17530350.2019.1639068,DOI:10.1016/j.clsr.2019.04.007,2
DOI:10.1080/17530350.2019.1639068,DOI:10.1177/0008125619867910,2
DOI:10.1007/978-3-030-30371-6,DOI:10.1007/s00146-021-01148-6,2
DOI:10.1007/978-3-030-30371-6,DOI:10.1145/3287560.3287574,2
DOI:10.1007/978-3-030-30371-6,DOI:10.1007/s10676-018-9450-z,2
DOI:10.1007/978-3-030-30371-6,DOI:10.1016/j.clsr.2019.04.007,2
DOI:10.1007/978-3-030-30371-6,DOI:10.1016/j.futures.2017.03.006,2
DOI:10.1007/978-3-030-30371-6,DOI:10.1016/j.ijinfomgt.2019.08.002,2
DOI:10.1007/978-3-030-30371-6,DOI:10.1093/oxfordhb/9780190067397.013.16,2
DOI:10.1007/978-3-540-79228-4_1,DOI:10.1145/3298981,2
DOI:10.1007/s00146-021-01148-6,DOI:10.1007/s11948-021-00293-x,2
DOI:10.1007/s00146-021-01148-6,DOI:10.1191/1478088706qp063oa,2
DOI:10.1007/s00146-021-01148-6,DOI:10.1007/s10551-022-05051-y,2
DOI:10.1007/s00146-021-01148-6,DOI:10.1007/s10676-021-09619-6,2
DOI:10.1007/s00146-021-01148-6,DOI:10.1177/2053951716650211,2
DOI:10.1007/s00146-021-01148-6,DOI:10.7903/cmr.19970],2
DOI:10.1007/s00146-021-01148-6,DOI:10.1016/j.clsr.2019.04.007,2
DOI:10.1007/s00146-021-01148-6,DOI:10.1016/j.techsoc.2020.101257,2
DOI:10.1080/0960085x.2022.2026621,DOI:10.1007/s10796-021-10146-4,2
DOI:10.1145/3419764,DOI:10.1007/s11948-020-00213-5,2
DOI:10.1145/3419764,DOI:10.1145/3616865,2
DOI:10.1145/3419764,DOI:10.48550/arxiv.2004.07213,2
DOI:10.1145/3419764,DOI:10.1016/j.techsoc.2024.102527,2
DOI:10.1191/1478088706qp063oa,"ONEIL C., 2016, WEAPONS OF MATH DESTRUCTION: HOW BIG DATA INCREASES INEQUALITY AND THREATENS DEMOCRACY",2
DOI:10.1191/1478088706qp063oa,DOI:10.1007/s10639-021-10597-x,2
DOI:10.1191/1478088706qp063oa,DOI:10.1109/access.2020.2988510,2
DOI:10.1191/1478088706qp063oa,DOI:10.1109/icalt55010.2022.00095,2
DOI:10.1191/1478088706qp063oa,DOI:10.1186/s41239-023-00411-8,2
DOI:10.1191/1478088706qp063oa,DOI:10.1007/s00146-022-01578-w,2
DOI:10.3390/app12094130,DOI:10.1038/s41746-020-0294-7,2
DOI:10.3390/app12094130,DOI:10.1097/acm.0000000000004291,2
DOI:10.3390/app12094130,DOI:10.1101/2021.01.14.21249830,2
DOI:10.3390/app12094130,DOI:10.1162/99608f92.92fe150c,2
DOI:10.3390/app12094130,DOI:10.1177/0008125619864925,2
DOI:10.3390/app12094130,DOI:10.1177/23821205211036836,2
DOI:10.3390/app12094130,DOI:10.1186/s12909-022-03852-3,2
DOI:10.3390/app12094130,DOI:10.1371/journal.pdig.0000198,2
DOI:10.3390/app12094130,DOI:10.2139/ssrn.3403301],2
DOI:10.3390/app12094130,DOI:10.2196/45312,2
DOI:10.3390/app12094130,DOI:10.2196/46885,2
DOI:10.3390/app12094130,DOI:10.2196/48163,2
DOI:10.3390/app12094130,"HAMET P, 2017, METABOLISM, V69, PS36, DOI [10.26738/MJEM.2017/MJEM26.2018/PLH.CRE.041017, 10.1016/J.METABOL.2017.01.011]",2
DOI:10.3390/app12094130,"PARANJAPE KETAN, 2019, JMIR MED EDUC, V5, PE16048, DOI [10.2196/16048, 10.2196/16048]",2
DOI:10.3390/app12094130,"PEI WANG, 2019, JOURNAL OF ARTIFICIAL GENERAL INTELLIGENCE, V10, P1, DOI [10.2478/JAGI-2019-0002, 10.2478/JAGI-2019-0002]",2
DOI:10.1108/ebr-11-2018-0203,DOI:10.1177/10946705221130467,2
DOI:10.1108/ebr-11-2018-0203,DOI:10.4018/ijec.2015100101,2
DOI:10.1177/10946705221130467,DOI:10.1007/s10551-022-05051-y,2
DOI:10.1177/10946705221130467,DOI:10.1111/exsy.13406,2
DOI:10.1287/mnsc.35.8.982,DOI:10.2307/30036540,2
DOI:10.2307/30036540,"KO YOUNG-HWA, 2021, [JOURNAL OF DIGITAL CONVERGENCE, 디지털융복합연구], V19, P217",2
DOI:10.2307/30036540,DOI:10.1037/0033-295x.84.2.191,2
DOI:10.2307/30036540,DOI:10.1080/10447318.2021.2012378,2
DOI:10.2307/30036540,DOI:10.1080/10447318.2023.2178612,2
DOI:10.2307/30036540,DOI:10.1080/10528008.2006.11488962,2
DOI:10.2307/30036540,"HOLDEN H, 2011, J RES TECHNOL EDUC, V43, P343",2
"FORNELL C., 1981, J MARKETING RES, V18, P382, DOI [10.1177/002224378101800104, 10.2307/3151312, 10.2307/3150980]","SMITH HJ, 2011, MIS QUART, V35, P989",2
"FORNELL C., 1981, J MARKETING RES, V18, P382, DOI [10.1177/002224378101800104, 10.2307/3151312, 10.2307/3150980]",DOI:10.1002/nur.20147,2
DOI:10.1007/978-0-387-72381-5_8],DOI:10.1007/s10676-015-9380-y,2
DOI:10.1007/s11948-020-00213-5,DOI:10.1126/science.1248506,2
DOI:10.1007/s11948-020-00213-5,DOI:10.48550/arxiv.2004.07213,2
DOI:10.1007/s11948-020-00213-5,DOI:10.3389/fpsyg.2023.1191628,2
DOI:10.1007/s11948-020-00213-5,DOI:10.1007/s10676-021-09619-6,2
DOI:10.1007/s11948-020-00213-5,DOI:10.1007/s12599-023-00787-x,2
DOI:10.1007/s11948-020-00213-5,"KAJIWARA Y, 2024, COMPUT EDUC-ARTIF IN, V6, DOI [10.1016/J.CAEAI.2024.100251, 10.1016/J.CAEAI.2024.100251]",2
DOI:10.1145/3290605.3300830,"BOYD KAREN L., 2021, PROCEEDINGS OF THE ACM ON HUMAN-COMPUTER INTERACTION, V5, DOI [10.1145/3479582, 10.1145/3479582]",2
DOI:10.1145/3290605.3300830,"FLANAGAN M, 2014, VALUES AT PLAY IN DIGITAL GAMES, P1",2
DOI:10.1145/3290605.3300830,"MADAIO MICHAEL, 2022, PROCEEDINGS OF THE ACM ON HUMAN-COMPUTER INTERACTION, V6, DOI [10.1145/3512899, 10.1145/3512899]",2
DOI:10.1145/3290605.3300830,"METCALF J, 2019, SOC RES, V86, P449",2
DOI:10.1145/3290605.3300830,"SUCHMAN L., 2002, SCANDINAVIAN JOURNAL OF INFORMATION SYSTEMS, V14, P91",2
DOI:10.1145/3290605.3300830,"WONG RICHMOND Y., 2021, PROCEEDINGS OF THE ACM ON HUMAN-COMPUTER INTERACTION, V5, DOI [10.1145/3479499, 10.1145/3479499]",2
DOI:10.1109/msp.2018.2701164,"EUROPEAN COMMISSION, 2019, ETH GUID TRUSTW AI",2
DOI:10.1145/3442381.3449866,DOI:10.1145/3461702.3462561,2
DOI:10.1145/3442381.3449866,DOI:10.2139/ssrn.3063289,2
DOI:10.1145/3461702.3462561,DOI:10.2139/ssrn.3063289,2
DOI:10.1145/3236009,DOI:10.1057/ejis.2013.18,2
DOI:10.1007/s00146-021-01256-3,DOI:10.1007/s00146-021-01380-0,2
DOI:10.1371/journal.pdig.0000198,DOI:10.1038/s41746-020-0294-7,2
DOI:10.1371/journal.pdig.0000198,DOI:10.1097/acm.0000000000004291,2
DOI:10.1371/journal.pdig.0000198,DOI:10.1101/2021.01.14.21249830,2
DOI:10.1371/journal.pdig.0000198,DOI:10.1177/23821205211036836,2
DOI:10.1371/journal.pdig.0000198,DOI:10.1186/s12909-022-03852-3,2
DOI:10.1371/journal.pdig.0000198,DOI:10.2196/45312,2
DOI:10.1371/journal.pdig.0000198,DOI:10.2196/46885,2
DOI:10.1371/journal.pdig.0000198,DOI:10.2196/48163,2
DOI:10.1371/journal.pdig.0000198,"HAMET P, 2017, METABOLISM, V69, PS36, DOI [10.26738/MJEM.2017/MJEM26.2018/PLH.CRE.041017, 10.1016/J.METABOL.2017.01.011]",2
DOI:10.1371/journal.pdig.0000198,"PARANJAPE KETAN, 2019, JMIR MED EDUC, V5, PE16048, DOI [10.2196/16048, 10.2196/16048]",2
DOI:10.1007/978-3-319-67280-9_9,DOI:10.1007/s00146-018-0848-2,2
DOI:10.1007/978-3-319-67280-9_9,DOI:10.1016/j.clsr.2019.04.007,2
DOI:10.1007/978-3-319-67280-9_9,DOI:10.1098/rsta.2018.0084,2
DOI:10.1007/978-3-319-67280-9_9,DOI:10.1177/0191453714545340,2
DOI:10.1007/s00146-018-0848-2,DOI:10.1016/j.clsr.2019.04.007,2
DOI:10.1007/s00146-018-0848-2,DOI:10.1098/rsta.2018.0084,2
DOI:10.1007/s00146-018-0848-2,DOI:10.1177/0191453714545340,2
DOI:10.1007/s13347-019-00372-9],DOI:10.1098/rsta.2018.0084,2
DOI:10.1007/s13347-019-00372-9],DOI:10.1145/3306618.3314289,2
DOI:10.1016/j.clsr.2019.04.007,DOI:10.1098/rsta.2018.0084,2
DOI:10.1016/j.clsr.2019.04.007,DOI:10.1177/0191453714545340,2
DOI:10.1016/j.clsr.2019.04.007,DOI:10.1016/j.ijinfomgt.2019.08.002,2
DOI:10.1016/j.clsr.2019.04.007,DOI:10.1108/jmtm-08-2018-0280,2
DOI:10.1016/j.clsr.2019.04.007,DOI:10.1016/j.jbusres.2020.11.001,2
DOI:10.1016/j.clsr.2019.04.007,DOI:10.7903/cmr.19970],2
DOI:10.1016/j.clsr.2020.105404,DOI:10.1098/rsta.2018.0084,2
DOI:10.1016/j.clsr.2020.105404,DOI:10.1145/3375627.3375828,2
DOI:10.1080/03071847.2019.1694260,DOI:10.1007/s43681-020-00011-6],2
DOI:10.1080/03071847.2019.1694260,DOI:10.1080/14494035.2021.1929728,2
DOI:10.1080/03071847.2019.1694260,DOI:10.3390/bdcc3020026,2
DOI:10.1098/rsta.2018.0084,DOI:10.1145/3306618.3314289,2
DOI:10.1098/rsta.2018.0084,DOI:10.1177/0191453714545340,2
DOI:10.1007/s00146-020-00950-y,DOI:10.1017/cbo9780511610325.008,2
DOI:10.1007/s00146-020-00950-y,DOI:10.1017/cbo9780511614194.006],2
DOI:10.1007/s00146-020-00950-y,DOI:10.1093/acprof:oso/9780199794515.003.0009,2
DOI:10.1007/s00146-020-00950-y,DOI:10.1111/j.1467-9833.1998.tb00098.x,2
DOI:10.1007/s00146-020-00950-y,DOI:10.1111/j.1527-2001.1993.tb00630.x,2
DOI:10.1007/s00146-020-00950-y,DOI:10.1111/j.1527-2001.2009.01056.x,2
DOI:10.1007/s00146-020-00950-y,DOI:10.2307/2108082,2
DOI:10.1007/s00146-020-00950-y,"FRANKFURT HARRY., 1989, THE INNER CITADEL: ESSAYS ON INDIVIDUAL AUTONOMY, P63",2
DOI:10.1007/s00146-020-00950-y,"JAWORSKA A, 2009, NATURALIZED BIOETHICS: TOWARD RESPONSIBLE KNOWING AND PRACTICE, P80",2
DOI:10.1017/cbo9780511610325.008,DOI:10.1017/cbo9780511614194.006],2
DOI:10.1017/cbo9780511610325.008,DOI:10.1093/acprof:oso/9780199794515.003.0009,2
DOI:10.1017/cbo9780511610325.008,DOI:10.1111/j.1467-9833.1998.tb00098.x,2
DOI:10.1017/cbo9780511610325.008,DOI:10.1111/j.1527-2001.1993.tb00630.x,2
DOI:10.1017/cbo9780511610325.008,DOI:10.1111/j.1527-2001.2009.01056.x,2
DOI:10.1017/cbo9780511610325.008,DOI:10.2307/2108082,2
DOI:10.1017/cbo9780511610325.008,"FRANKFURT HARRY., 1989, THE INNER CITADEL: ESSAYS ON INDIVIDUAL AUTONOMY, P63",2
DOI:10.1017/cbo9780511610325.008,"JAWORSKA A, 2009, NATURALIZED BIOETHICS: TOWARD RESPONSIBLE KNOWING AND PRACTICE, P80",2
DOI:10.1017/cbo9780511614194.006],DOI:10.1093/acprof:oso/9780199794515.003.0009,2
DOI:10.1017/cbo9780511614194.006],DOI:10.1111/j.1467-9833.1998.tb00098.x,2
DOI:10.1017/cbo9780511614194.006],DOI:10.1111/j.1527-2001.1993.tb00630.x,2
DOI:10.1017/cbo9780511614194.006],DOI:10.1111/j.1527-2001.2009.01056.x,2
DOI:10.1017/cbo9780511614194.006],DOI:10.2307/2108082,2
DOI:10.1017/cbo9780511614194.006],"FRANKFURT HARRY., 1989, THE INNER CITADEL: ESSAYS ON INDIVIDUAL AUTONOMY, P63",2
DOI:10.1017/cbo9780511614194.006],"JAWORSKA A, 2009, NATURALIZED BIOETHICS: TOWARD RESPONSIBLE KNOWING AND PRACTICE, P80",2
DOI:10.1093/acprof:oso/9780199794515.003.0009,DOI:10.1111/j.1467-9833.1998.tb00098.x,2
DOI:10.1093/acprof:oso/9780199794515.003.0009,DOI:10.1111/j.1527-2001.1993.tb00630.x,2
DOI:10.1093/acprof:oso/9780199794515.003.0009,DOI:10.1111/j.1527-2001.2009.01056.x,2
DOI:10.1093/acprof:oso/9780199794515.003.0009,DOI:10.2307/2108082,2
DOI:10.1093/acprof:oso/9780199794515.003.0009,"FRANKFURT HARRY., 1989, THE INNER CITADEL: ESSAYS ON INDIVIDUAL AUTONOMY, P63",2
DOI:10.1093/acprof:oso/9780199794515.003.0009,"JAWORSKA A, 2009, NATURALIZED BIOETHICS: TOWARD RESPONSIBLE KNOWING AND PRACTICE, P80",2
DOI:10.1111/j.1467-9833.1998.tb00098.x,DOI:10.1111/j.1527-2001.1993.tb00630.x,2
DOI:10.1111/j.1467-9833.1998.tb00098.x,DOI:10.1111/j.1527-2001.2009.01056.x,2
DOI:10.1111/j.1467-9833.1998.tb00098.x,DOI:10.2307/2108082,2
DOI:10.1111/j.1467-9833.1998.tb00098.x,"FRANKFURT HARRY., 1989, THE INNER CITADEL: ESSAYS ON INDIVIDUAL AUTONOMY, P63",2
DOI:10.1111/j.1467-9833.1998.tb00098.x,"JAWORSKA A, 2009, NATURALIZED BIOETHICS: TOWARD RESPONSIBLE KNOWING AND PRACTICE, P80",2
DOI:10.1111/j.1527-2001.1993.tb00630.x,DOI:10.1111/j.1527-2001.2009.01056.x,2
DOI:10.1111/j.1527-2001.1993.tb00630.x,DOI:10.2307/2108082,2
DOI:10.1111/j.1527-2001.1993.tb00630.x,"FRANKFURT HARRY., 1989, THE INNER CITADEL: ESSAYS ON INDIVIDUAL AUTONOMY, P63",2
DOI:10.1111/j.1527-2001.1993.tb00630.x,"JAWORSKA A, 2009, NATURALIZED BIOETHICS: TOWARD RESPONSIBLE KNOWING AND PRACTICE, P80",2
DOI:10.1111/j.1527-2001.2009.01056.x,DOI:10.2307/2108082,2
DOI:10.1111/j.1527-2001.2009.01056.x,"FRANKFURT HARRY., 1989, THE INNER CITADEL: ESSAYS ON INDIVIDUAL AUTONOMY, P63",2
DOI:10.1111/j.1527-2001.2009.01056.x,"JAWORSKA A, 2009, NATURALIZED BIOETHICS: TOWARD RESPONSIBLE KNOWING AND PRACTICE, P80",2
DOI:10.2307/2108082,"FRANKFURT HARRY., 1989, THE INNER CITADEL: ESSAYS ON INDIVIDUAL AUTONOMY, P63",2
DOI:10.2307/2108082,"JAWORSKA A, 2009, NATURALIZED BIOETHICS: TOWARD RESPONSIBLE KNOWING AND PRACTICE, P80",2
"FRANKFURT HARRY., 1989, THE INNER CITADEL: ESSAYS ON INDIVIDUAL AUTONOMY, P63","JAWORSKA A, 2009, NATURALIZED BIOETHICS: TOWARD RESPONSIBLE KNOWING AND PRACTICE, P80",2
DOI:10.1007/s10699-014-9384-9,DOI:10.1007/s13347-023-00620-z],2
DOI:10.1007/s10699-014-9384-9,DOI:10.1017/s0034412510000569,2
DOI:10.1007/s10699-014-9384-9,DOI:10.1093/acprof:oso/9780199599318.001.0001,2
DOI:10.1007/s10699-014-9384-9,"METZ T., 2023, MEANING LIFE",2
DOI:10.1007/s11023-006-9030-6,"NYHOLM S, 2017, ROBOT SEX: SOCIAL AND ETHICAL IMPLICATIONS, P219",2
DOI:10.1007/s13347-023-00620-z],DOI:10.1017/s0034412510000569,2
DOI:10.1007/s13347-023-00620-z],DOI:10.1093/acprof:oso/9780199599318.001.0001,2
DOI:10.1007/s13347-023-00620-z],"METZ T., 2023, MEANING LIFE",2
DOI:10.1017/s0034412510000569,DOI:10.1093/acprof:oso/9780199599318.001.0001,2
DOI:10.1017/s0034412510000569,"METZ T., 2023, MEANING LIFE",2
DOI:10.1093/acprof:oso/9780199599318.001.0001,"METZ T., 2023, MEANING LIFE",2
DOI:10.1016/s0959-8022(00)00004-7,"HACKING IAN., 1986, RECONSTRUCTING INDIVIDUALISM: AUTONOMY, INDIVIDUALITY, AND THE SELF IN WESTERN THOUGHT, P222",2
DOI:10.1016/s0959-8022(00)00004-7,"WINNER L., 1977, AUTONOMOUS TECHNOLOG",2
DOI:10.1016/s0959-8022(00)00004-7,"ZUBOFF S., 1988, IN THE AGE OF THE SMART MACHINE: THE FUTURE OF WORK AND POWER",2
"HACKING IAN., 1986, RECONSTRUCTING INDIVIDUALISM: AUTONOMY, INDIVIDUALITY, AND THE SELF IN WESTERN THOUGHT, P222","WINNER L., 1977, AUTONOMOUS TECHNOLOG",2
"HACKING IAN., 1986, RECONSTRUCTING INDIVIDUALISM: AUTONOMY, INDIVIDUALITY, AND THE SELF IN WESTERN THOUGHT, P222","ZUBOFF S., 1988, IN THE AGE OF THE SMART MACHINE: THE FUTURE OF WORK AND POWER",2
"WINNER L., 1977, AUTONOMOUS TECHNOLOG","ZUBOFF S., 1988, IN THE AGE OF THE SMART MACHINE: THE FUTURE OF WORK AND POWER",2
"BROUSSARD M, 2018, ARTIFICIAL UNINTELLIGENCE: HOW COMPUTERS MISUNDERSTAND THE WORLD",DOI:10.1007/s11356-023-31437-0,2
"BROUSSARD M, 2018, ARTIFICIAL UNINTELLIGENCE: HOW COMPUTERS MISUNDERSTAND THE WORLD",DOI:10.1145/3433949,2
"BROUSSARD M, 2018, ARTIFICIAL UNINTELLIGENCE: HOW COMPUTERS MISUNDERSTAND THE WORLD","WILLIAMS B., 1985, ETHICS LIMITS PHILOS",2
"BROUSSARD M, 2018, ARTIFICIAL UNINTELLIGENCE: HOW COMPUTERS MISUNDERSTAND THE WORLD",DOI:10.1002/asi.23867,2
DOI:10.1007/s00146-017-0734-3,DOI:10.1177/0008125619864925,2
DOI:10.1007/s11356-023-31437-0,DOI:10.1016/j.patter.2021.100205,2
DOI:10.1007/s11356-023-31437-0,DOI:10.1145/3433949,2
DOI:10.1007/s11356-023-31437-0,"WILLIAMS B., 1985, ETHICS LIMITS PHILOS",2
DOI:10.1016/j.patter.2021.100205,DOI:10.1080/1369118x.2019.1573912,2
DOI:10.1016/j.patter.2021.100205,DOI:10.1145/3531146.3533213,2
DOI:10.1016/j.patter.2021.100205,DOI:10.1177/0162243915605575,2
DOI:10.1016/j.patter.2021.100205,DOI:10.1007/s10676-010-9221-y,2
DOI:10.1145/3433949,"WILLIAMS B., 1985, ETHICS LIMITS PHILOS",2
DOI:10.2139/ssrn.3403301],DOI:10.1162/99608f92.92fe150c,2
DOI:10.2139/ssrn.3403301],DOI:10.1177/0008125619864925,2
DOI:10.2139/ssrn.3403301],"PEI WANG, 2019, JOURNAL OF ARTIFICIAL GENERAL INTELLIGENCE, V10, P1, DOI [10.2478/JAGI-2019-0002, 10.2478/JAGI-2019-0002]",2
DOI:10.5465/amr.2018.0072,DOI:10.5465/annals.2018.0174,2
DOI:10.1007/s10639-022-11491-w,"KONG SC, 2024, COMPUT EDUC-ARTIF IN, V6, DOI [10.1016/J.CAEAI.2024.100214, 10.1016/J.CAEAI.2024.100214]",2
"PARANJAPE KETAN, 2019, JMIR MED EDUC, V5, PE16048, DOI [10.2196/16048, 10.2196/16048]",DOI:10.1038/s41746-020-0294-7,2
"PARANJAPE KETAN, 2019, JMIR MED EDUC, V5, PE16048, DOI [10.2196/16048, 10.2196/16048]",DOI:10.1097/acm.0000000000004291,2
"PARANJAPE KETAN, 2019, JMIR MED EDUC, V5, PE16048, DOI [10.2196/16048, 10.2196/16048]",DOI:10.1101/2021.01.14.21249830,2
"PARANJAPE KETAN, 2019, JMIR MED EDUC, V5, PE16048, DOI [10.2196/16048, 10.2196/16048]",DOI:10.1177/23821205211036836,2
"PARANJAPE KETAN, 2019, JMIR MED EDUC, V5, PE16048, DOI [10.2196/16048, 10.2196/16048]",DOI:10.1186/s12909-022-03852-3,2
"PARANJAPE KETAN, 2019, JMIR MED EDUC, V5, PE16048, DOI [10.2196/16048, 10.2196/16048]",DOI:10.2196/45312,2
"PARANJAPE KETAN, 2019, JMIR MED EDUC, V5, PE16048, DOI [10.2196/16048, 10.2196/16048]",DOI:10.2196/46885,2
"PARANJAPE KETAN, 2019, JMIR MED EDUC, V5, PE16048, DOI [10.2196/16048, 10.2196/16048]",DOI:10.2196/48163,2
"PARANJAPE KETAN, 2019, JMIR MED EDUC, V5, PE16048, DOI [10.2196/16048, 10.2196/16048]","HAMET P, 2017, METABOLISM, V69, PS36, DOI [10.26738/MJEM.2017/MJEM26.2018/PLH.CRE.041017, 10.1016/J.METABOL.2017.01.011]",2
DOI:10.1007/s10551-019-04407-1,DOI:10.1016/j.socscimed.2022.114782,2
DOI:10.1007/s10551-019-04407-1,DOI:10.1016/j.techsoc.2021.101666,2
DOI:10.1007/s10551-019-04407-1,DOI:10.1080/03080188.2020.1840220,2
DOI:10.1007/s10551-019-04407-1,DOI:10.7903/cmr.19970],2
DOI:10.1007/s10551-019-04407-1,DOI:10.1007/s12115-021-00594-8,2
DOI:10.1007/s10551-019-04407-1,DOI:10.1108/jaar-10-2020-0207,2
DOI:10.1007/s10551-022-05051-y,DOI:10.1007/s10676-021-09619-6,2
DOI:10.1007/s10551-022-05051-y,DOI:10.1177/2053951716650211,2
DOI:10.1007/s10551-022-05051-y,DOI:10.1007/s10551-021-04843-y,2
DOI:10.1007/s10551-022-05051-y,DOI:10.1007/s11747-019-00696-0,2
DOI:10.1007/s10551-022-05051-y,DOI:10.1007/s11747-020-00749-9,2
DOI:10.1007/s10551-022-05051-y,DOI:10.1007/s43681-020-00011-6],2
DOI:10.1007/s10551-022-05051-y,DOI:10.1007/s43681-020-00022-3],2
DOI:10.1007/s10551-022-05051-y,DOI:10.1016/j.jbusres.2020.10.044,2
DOI:10.1007/s10551-022-05051-y,DOI:10.1016/j.jbusres.2021.11.070,2
DOI:10.1007/s10551-022-05051-y,DOI:10.1080/10696679.2022.2103435,2
DOI:10.1007/s10551-022-05051-y,DOI:10.1111/exsy.13406,2
DOI:10.1007/s10551-022-05051-y,DOI:10.2307/1251618,2
DOI:10.1007/s10551-022-05051-y,"FERRELL O C., 2022, BUSINESS ETHICS: ETHICAL DECISION MAKING AND CASES",2
DOI:10.1007/s10551-022-05051-y,"FORBES, 2023, ELON MUSK CALLS TO STOP NEW AI FOR 6 MONTHS, FEARING RISKS TO SOCIETY",2
DOI:10.1007/s10676-021-09619-6,DOI:10.1177/2053951716650211,2
DOI:10.1007/s10676-021-09619-6,DOI:10.1007/s12599-023-00787-x,2
DOI:10.1016/j.socscimed.2022.114782,DOI:10.1080/03080188.2020.1840220,2
DOI:10.1109/seaa.2019.00015,DOI:10.54648/eulr2020024,2
DOI:10.7903/cmr.19970],DOI:10.1016/j.jbusres.2020.11.001,2
DOI:10.1145/3287560.3287574,DOI:10.1007/s43681-020-00011-6],2
DOI:10.1186/s41239-025-00519-z,"KONG SC, 2024, COMPUT EDUC-ARTIF IN, V6, DOI [10.1016/J.CAEAI.2024.100214, 10.1016/J.CAEAI.2024.100214]",2
DOI:10.1186/s41239-025-00519-z,"TSZ KIT NG DAVY, 2021, PROCEEDINGS OF THE ASSOCIATION FOR INFORMATION SCIENCE AND TECHNOLOGY, V58, P504, DOI [10.1002/PRA2.487, 10.1002/PRA2.487]",2
DOI:10.2196/45312,DOI:10.1038/s41746-020-0294-7,2
DOI:10.2196/45312,DOI:10.1097/acm.0000000000004291,2
DOI:10.2196/45312,DOI:10.1101/2021.01.14.21249830,2
DOI:10.2196/45312,DOI:10.1177/23821205211036836,2
DOI:10.2196/45312,DOI:10.1186/s12909-022-03852-3,2
DOI:10.2196/45312,DOI:10.2196/46885,2
DOI:10.2196/45312,DOI:10.2196/48163,2
DOI:10.2196/45312,"HAMET P, 2017, METABOLISM, V69, PS36, DOI [10.26738/MJEM.2017/MJEM26.2018/PLH.CRE.041017, 10.1016/J.METABOL.2017.01.011]",2
"PEI WANG, 2019, JOURNAL OF ARTIFICIAL GENERAL INTELLIGENCE, V10, P1, DOI [10.2478/JAGI-2019-0002, 10.2478/JAGI-2019-0002]",DOI:10.1162/99608f92.92fe150c,2
"PEI WANG, 2019, JOURNAL OF ARTIFICIAL GENERAL INTELLIGENCE, V10, P1, DOI [10.2478/JAGI-2019-0002, 10.2478/JAGI-2019-0002]",DOI:10.1177/0008125619864925,2
"PEI WANG, 2019, JOURNAL OF ARTIFICIAL GENERAL INTELLIGENCE, V10, P1, DOI [10.2478/JAGI-2019-0002, 10.2478/JAGI-2019-0002]",DOI:10.5334/pme.954,2
"CHIU TKF, 2023, COMPUT EDUC-ARTIF IN, V4, DOI [10.1016/J.CAEAI.2022.100118, 10.1016/J.CAEAI.2022.100118]",DOI:10.1186/s41239-019-0171-0,2
"CHIU TKF, 2023, COMPUT EDUC-ARTIF IN, V4, DOI [10.1016/J.CAEAI.2022.100118, 10.1016/J.CAEAI.2022.100118]",DOI:10.1007/s40593-025-00466-w,2
DOI:10.1007/s10639-021-10597-x,DOI:10.1109/icalt55010.2022.00095,2
DOI:10.1007/s10639-023-11600-3,DOI:10.1080/10494820.2023.2212706,2
DOI:10.1007/s10639-023-11600-3,DOI:10.1145/3357236.3395558,2
DOI:10.1007/s10639-023-11600-3,DOI:10.1016/j.learninstruc.2024.101899,2
DOI:10.1007/s10639-023-11600-3,DOI:10.1177/07356331231201342,2
DOI:10.1007/s10639-023-11600-3,"TOURETZKY D, 2019, AAAI CONF ARTIF INTE, P9795",2
DOI:10.1007/s10639-023-11600-3,"YIM IHY, 2024, COMPUT EDUC-ARTIF IN, V7, DOI [10.1016/J.CAEAI.2024.100319, 10.1016/J.CAEAI.2024.100319]",2
DOI:10.1080/10494820.2023.2212706,DOI:10.1145/3357236.3395558,2
DOI:10.1109/access.2020.2988510,DOI:10.1109/educon52537.2022.9766818,2
DOI:10.1109/educon52537.2022.9766818,"KAJIWARA Y, 2024, COMPUT EDUC-ARTIF IN, V6, DOI [10.1016/J.CAEAI.2024.100251, 10.1016/J.CAEAI.2024.100251]",2
DOI:10.1186/s41239-019-0171-0,DOI:10.1177/0008125619864925,3
DOI:10.1186/s41239-019-0171-0,DOI:10.1007/s10639-022-10925-9,2
DOI:10.1186/s41239-019-0171-0,DOI:10.1007/s11948-016-9809-7,2
DOI:10.1186/s41239-019-0171-0,DOI:10.1007/s11948-016-9814-x,2
DOI:10.1186/s41239-019-0171-0,DOI:10.1007/s11948-021-00280-2,2
DOI:10.1186/s41239-019-0171-0,DOI:10.1016/j.compedu.2023.104813,2
DOI:10.1186/s41239-019-0171-0,DOI:10.1080/22054952.2021.1914297],2
DOI:10.1186/s41239-019-0171-0,DOI:10.1177/10776958221149577],2
DOI:10.1186/s41239-019-0171-0,DOI:10.1186/s40594-023-00452-5,2
DOI:10.1186/s41239-019-0171-0,DOI:10.1186/s40594-023-00454-3,2
DOI:10.1186/s41239-019-0171-0,DOI:10.1186/s40594-024-00484-5,2
DOI:10.1186/s41239-019-0171-0,DOI:10.30191/ets.202301_26(1).0002,2
DOI:10.1186/s41239-019-0171-0,"ERDURAN SIBEL, 2023, SCIENCE, V382, PEADM9788, DOI [10.1126/SCIENCE.ADM9788, 10.1126/SCIENCE.ADM9788]",2
DOI:10.1186/s41239-019-0171-0,DOI:10.1186/s41239-023-00392-8,2
DOI:10.1007/s10551-009-0347-y,"[ANONYMOUS], 2018, RESPONSIBLE BOTS: 10 GUIDELINES FOR DEVELOPERS OF CONVERSATIONAL AI",2
DOI:10.1007/s10676-018-9450-z,DOI:10.1007/s43681-020-00011-6],2
DOI:10.1007/s10676-018-9450-z,DOI:10.1016/j.ijinfomgt.2019.08.002,2
DOI:10.1007/s43681-020-00011-6],DOI:10.1007/s10551-021-04843-y,2
DOI:10.1007/s43681-020-00011-6],DOI:10.1007/s11747-019-00696-0,2
DOI:10.1007/s43681-020-00011-6],DOI:10.1007/s11747-020-00749-9,2
DOI:10.1007/s43681-020-00011-6],DOI:10.1007/s43681-020-00022-3],2
DOI:10.1007/s43681-020-00011-6],DOI:10.1016/j.jbusres.2020.10.044,2
DOI:10.1007/s43681-020-00011-6],DOI:10.1016/j.jbusres.2021.11.070,2
DOI:10.1007/s43681-020-00011-6],DOI:10.1080/10696679.2022.2103435,2
DOI:10.1007/s43681-020-00011-6],DOI:10.1177/0011000006287390,2
DOI:10.1007/s43681-020-00011-6],DOI:10.2307/1251618,2
DOI:10.1007/s43681-020-00011-6],"FERRELL O C., 2022, BUSINESS ETHICS: ETHICAL DECISION MAKING AND CASES",2
DOI:10.1007/s43681-020-00011-6],"FORBES, 2023, ELON MUSK CALLS TO STOP NEW AI FOR 6 MONTHS, FEARING RISKS TO SOCIETY",2
DOI:10.1007/s43681-020-00011-6],DOI:10.1016/j.eng.2019.12.015,2
DOI:10.1007/s43681-020-00011-6],DOI:10.1080/14494035.2021.1929728,2
DOI:10.1007/s43681-020-00011-6],DOI:10.3390/bdcc3020026,2
DOI:10.1007/978-981-99-1767-9_64,DOI:10.1007/s10676-023-09733-7,2
DOI:10.1007/978-981-99-1767-9_64,"JOSEPH F.HAIR., 2016, A PRIMER ON PARTIAL LEAST SQUARES STRUCTURAL EQUATION MODELING (PLS-SEM)",2
DOI:10.1007/978-981-99-1767-9_64,"KAJIWARA Y, 2024, COMPUT EDUC-ARTIF IN, V6, DOI [10.1016/J.CAEAI.2024.100251, 10.1016/J.CAEAI.2024.100251]",2
DOI:10.1007/978-981-99-1767-9_64,"TSZ KIT NG DAVY, 2021, PROCEEDINGS OF THE ASSOCIATION FOR INFORMATION SCIENCE AND TECHNOLOGY, V58, P504, DOI [10.1002/PRA2.487, 10.1002/PRA2.487]",2
DOI:10.1016/j.caeai.2025.100405,"DABBAGH HOSSEIN, 2025, AI AND ETHICS, V5, P87, DOI [10.1007/S43681-024-00462-1, 10.1007/S43681-024-00462-1]",2
DOI:10.1016/j.caeai.2025.100405,DOI:10.1186/s41239-024-00496-9,2
DOI:10.1016/j.caeai.2025.100405,DOI:10.1186/s41239-025-00533-1,2
DOI:10.1016/j.caeai.2025.100405,DOI:10.1177/23727322231220339,2
DOI:10.1016/j.caeai.2025.100405,DOI:10.1186/s41239-023-00411-8,2
"FRICKER M, 2008, THEORIA-SPAIN, V23, P69","ROCHE CATHY, 2022, AI ETHICS, P1, DOI [10.1007/S43681-022-00218-9, 10.1007/S43681-022-00218-9]",2
DOI:10.1007/s00146-022-01578-w,DOI:10.1016/j.iotcps.2023.04.003],2
DOI:10.1007/s10551-019-04213-9,DOI:10.1007/s10551-021-04843-y,2
DOI:10.1007/s10551-019-04213-9,DOI:10.1007/s11747-019-00696-0,2
DOI:10.1007/s10551-019-04213-9,DOI:10.1016/j.bushor.2019.11.001,2
DOI:10.1007/s10551-019-04213-9,DOI:10.1016/j.jbusres.2021.01.055,2
DOI:10.1007/s10551-019-04213-9,DOI:10.1007/s10551-014-2180-1,2
DOI:10.1007/s10551-019-04213-9,DOI:10.1016/j.bushor.2019.09.003,2
DOI:10.1007/s10551-019-04213-9,"SCHWAB KLAUS., 2017, CROWN BUSINESS",2
DOI:10.1007/s10551-021-04843-y,DOI:10.1007/s11747-019-00696-0,5
DOI:10.1007/s10551-021-04843-y,DOI:10.1007/s11747-020-00749-9,3
DOI:10.1007/s10551-021-04843-y,DOI:10.1007/s13162-024-00275-9,2
DOI:10.1007/s10551-021-04843-y,DOI:10.1007/s43681-020-00022-3],2
DOI:10.1007/s10551-021-04843-y,DOI:10.1016/j.bushor.2019.11.001,2
DOI:10.1007/s10551-021-04843-y,DOI:10.1016/j.ijresmar.2021.11.002,2
DOI:10.1007/s10551-021-04843-y,DOI:10.1016/j.jbusres.2020.10.044,2
DOI:10.1007/s10551-021-04843-y,DOI:10.1016/j.jbusres.2021.01.055,3
DOI:10.1007/s10551-021-04843-y,DOI:10.1016/j.jbusres.2021.07.043,2
DOI:10.1007/s10551-021-04843-y,DOI:10.1016/j.jbusres.2021.11.070,2
DOI:10.1007/s10551-021-04843-y,DOI:10.1080/10696679.2022.2103435,2
DOI:10.1007/s10551-021-04843-y,DOI:10.1177/027614678600600103],2
DOI:10.1007/s10551-021-04843-y,DOI:10.1177/1094670517752459,2
DOI:10.1007/s10551-021-04843-y,DOI:10.2307/1251618,2
DOI:10.1007/s10551-021-04843-y,"FERRELL O C., 2022, BUSINESS ETHICS: ETHICAL DECISION MAKING AND CASES",2
DOI:10.1007/s10551-021-04843-y,"FORBES, 2023, ELON MUSK CALLS TO STOP NEW AI FOR 6 MONTHS, FEARING RISKS TO SOCIETY",2
DOI:10.1007/s10551-021-04843-y,DOI:10.1016/j.jretai.2021.01.005,3
DOI:10.1007/s10551-021-04843-y,DOI:10.3390/ai4020019,2
DOI:10.1007/s10551-021-04843-y,DOI:10.1016/j.intmar.2020.04.007,2
DOI:10.1007/s10551-021-04843-y,DOI:10.1080/0267257x.2019.1706306,3
DOI:10.1007/s10551-021-04843-y,DOI:10.1080/21639159.2020.1785918,2
DOI:10.1007/s10551-021-04843-y,DOI:10.1108/josm-04-2018-0119,2
DOI:10.1007/s11747-019-00696-0,DOI:10.1007/s11747-020-00749-9,3
DOI:10.1007/s11747-019-00696-0,DOI:10.1007/s13162-024-00275-9,2
DOI:10.1007/s11747-019-00696-0,DOI:10.1007/s43681-020-00022-3],2
DOI:10.1007/s11747-019-00696-0,DOI:10.1016/j.bushor.2019.11.001,2
DOI:10.1007/s11747-019-00696-0,DOI:10.1016/j.ijresmar.2021.11.002,2
DOI:10.1007/s11747-019-00696-0,DOI:10.1016/j.jbusres.2020.10.044,2
DOI:10.1007/s11747-019-00696-0,DOI:10.1016/j.jbusres.2021.01.055,3
DOI:10.1007/s11747-019-00696-0,DOI:10.1016/j.jbusres.2021.07.043,2
DOI:10.1007/s11747-019-00696-0,DOI:10.1016/j.jbusres.2021.11.070,2
DOI:10.1007/s11747-019-00696-0,DOI:10.1080/10696679.2022.2103435,2
DOI:10.1007/s11747-019-00696-0,DOI:10.1177/027614678600600103],2
DOI:10.1007/s11747-019-00696-0,DOI:10.1177/1094670517752459,2
DOI:10.1007/s11747-019-00696-0,DOI:10.2307/1251618,2
DOI:10.1007/s11747-019-00696-0,"FERRELL O C., 2022, BUSINESS ETHICS: ETHICAL DECISION MAKING AND CASES",2
DOI:10.1007/s11747-019-00696-0,"FORBES, 2023, ELON MUSK CALLS TO STOP NEW AI FOR 6 MONTHS, FEARING RISKS TO SOCIETY",2
DOI:10.1007/s11747-019-00696-0,DOI:10.1016/j.jretai.2021.01.005,3
DOI:10.1007/s11747-019-00696-0,DOI:10.1016/j.intmar.2020.04.007,2
DOI:10.1007/s11747-019-00696-0,DOI:10.1080/0267257x.2019.1706306,3
DOI:10.1007/s11747-019-00696-0,DOI:10.1080/21639159.2020.1785918,2
DOI:10.1007/s11747-019-00696-0,DOI:10.1108/josm-04-2018-0119,2
DOI:10.1007/s11747-020-00749-9,DOI:10.1007/s13162-024-00275-9,2
DOI:10.1007/s11747-020-00749-9,DOI:10.1007/s43681-020-00022-3],2
DOI:10.1007/s11747-020-00749-9,DOI:10.1016/j.ijresmar.2021.11.002,2
DOI:10.1007/s11747-020-00749-9,DOI:10.1016/j.jbusres.2020.10.044,2
DOI:10.1007/s11747-020-00749-9,DOI:10.1016/j.jbusres.2021.01.055,2
DOI:10.1007/s11747-020-00749-9,DOI:10.1016/j.jbusres.2021.07.043,2
DOI:10.1007/s11747-020-00749-9,DOI:10.1016/j.jbusres.2021.11.070,2
DOI:10.1007/s11747-020-00749-9,DOI:10.1080/10696679.2022.2103435,2
DOI:10.1007/s11747-020-00749-9,DOI:10.1177/027614678600600103],2
DOI:10.1007/s11747-020-00749-9,DOI:10.1177/1094670517752459,2
DOI:10.1007/s11747-020-00749-9,DOI:10.2307/1251618,2
DOI:10.1007/s11747-020-00749-9,"FERRELL O C., 2022, BUSINESS ETHICS: ETHICAL DECISION MAKING AND CASES",2
DOI:10.1007/s11747-020-00749-9,"FORBES, 2023, ELON MUSK CALLS TO STOP NEW AI FOR 6 MONTHS, FEARING RISKS TO SOCIETY",2
DOI:10.1007/s11747-020-00749-9,DOI:10.1016/j.jretai.2021.01.005,2
DOI:10.1007/s13162-024-00275-9,DOI:10.1016/j.ijresmar.2021.11.002,2
DOI:10.1007/s13162-024-00275-9,DOI:10.1016/j.jbusres.2021.01.055,2
DOI:10.1007/s13162-024-00275-9,DOI:10.1016/j.jbusres.2021.07.043,2
DOI:10.1007/s13162-024-00275-9,DOI:10.1177/027614678600600103],2
DOI:10.1007/s13162-024-00275-9,DOI:10.1177/1094670517752459,2
DOI:10.1007/s43681-020-00022-3],DOI:10.1016/j.jbusres.2020.10.044,2
DOI:10.1007/s43681-020-00022-3],DOI:10.1016/j.jbusres.2021.11.070,2
DOI:10.1007/s43681-020-00022-3],DOI:10.1080/10696679.2022.2103435,2
DOI:10.1007/s43681-020-00022-3],DOI:10.2307/1251618,2
DOI:10.1007/s43681-020-00022-3],"FERRELL O C., 2022, BUSINESS ETHICS: ETHICAL DECISION MAKING AND CASES",2
DOI:10.1007/s43681-020-00022-3],"FORBES, 2023, ELON MUSK CALLS TO STOP NEW AI FOR 6 MONTHS, FEARING RISKS TO SOCIETY",2
DOI:10.1016/j.bushor.2019.11.001,DOI:10.1016/j.jbusres.2021.01.055,2
DOI:10.1016/j.ijresmar.2021.11.002,DOI:10.1016/j.jbusres.2021.01.055,2
DOI:10.1016/j.ijresmar.2021.11.002,DOI:10.1016/j.jbusres.2021.07.043,2
DOI:10.1016/j.ijresmar.2021.11.002,DOI:10.1177/027614678600600103],2
DOI:10.1016/j.ijresmar.2021.11.002,DOI:10.1177/1094670517752459,2
DOI:10.1016/j.jbusres.2020.10.044,DOI:10.1016/j.jbusres.2021.11.070,2
DOI:10.1016/j.jbusres.2020.10.044,DOI:10.1080/10696679.2022.2103435,2
DOI:10.1016/j.jbusres.2020.10.044,DOI:10.2307/1251618,2
DOI:10.1016/j.jbusres.2020.10.044,"FERRELL O C., 2022, BUSINESS ETHICS: ETHICAL DECISION MAKING AND CASES",2
DOI:10.1016/j.jbusres.2020.10.044,"FORBES, 2023, ELON MUSK CALLS TO STOP NEW AI FOR 6 MONTHS, FEARING RISKS TO SOCIETY",2
DOI:10.1016/j.jbusres.2021.01.055,DOI:10.1016/j.jbusres.2021.07.043,2
DOI:10.1016/j.jbusres.2021.01.055,DOI:10.1177/027614678600600103],2
DOI:10.1016/j.jbusres.2021.01.055,DOI:10.1177/1094670517752459,2
DOI:10.1016/j.jbusres.2021.01.055,DOI:10.1016/j.jretai.2021.01.005,2
DOI:10.1016/j.jbusres.2021.01.055,DOI:10.1080/0267257x.2019.1706306,2
DOI:10.1016/j.jbusres.2021.01.055,DOI:10.1080/21639159.2020.1785918,2
DOI:10.1016/j.jbusres.2021.01.055,DOI:10.1108/josm-04-2018-0119,2
DOI:10.1016/j.jbusres.2021.07.043,DOI:10.1177/027614678600600103],2
DOI:10.1016/j.jbusres.2021.07.043,DOI:10.1177/1094670517752459,2
DOI:10.1016/j.jbusres.2021.11.070,DOI:10.1080/10696679.2022.2103435,2
DOI:10.1016/j.jbusres.2021.11.070,DOI:10.2307/1251618,2
DOI:10.1016/j.jbusres.2021.11.070,"FERRELL O C., 2022, BUSINESS ETHICS: ETHICAL DECISION MAKING AND CASES",2
DOI:10.1016/j.jbusres.2021.11.070,"FORBES, 2023, ELON MUSK CALLS TO STOP NEW AI FOR 6 MONTHS, FEARING RISKS TO SOCIETY",2
DOI:10.1080/10508422.2020.1776617,"HAIR JF., 2010, MULTIVARIATE DATA ANALYSIS, V7TH",2
DOI:10.1080/10696679.2022.2103435,DOI:10.2307/1251618,2
DOI:10.1080/10696679.2022.2103435,"FERRELL O C., 2022, BUSINESS ETHICS: ETHICAL DECISION MAKING AND CASES",2
DOI:10.1080/10696679.2022.2103435,"FORBES, 2023, ELON MUSK CALLS TO STOP NEW AI FOR 6 MONTHS, FEARING RISKS TO SOCIETY",2
DOI:10.1177/027614678600600103],DOI:10.1177/1094670517752459,2
DOI:10.2307/1251618,"FERRELL O C., 2022, BUSINESS ETHICS: ETHICAL DECISION MAKING AND CASES",2
DOI:10.2307/1251618,"FORBES, 2023, ELON MUSK CALLS TO STOP NEW AI FOR 6 MONTHS, FEARING RISKS TO SOCIETY",2
"FERRELL O C., 2022, BUSINESS ETHICS: ETHICAL DECISION MAKING AND CASES","FORBES, 2023, ELON MUSK CALLS TO STOP NEW AI FOR 6 MONTHS, FEARING RISKS TO SOCIETY",2
"HAIR JF., 2010, MULTIVARIATE DATA ANALYSIS, V7TH",DOI:10.1037/0021-9010.88.5.879,2
"ACCESS NOW, 2018, HUM RIGHTS AG ART IN","UNIVERSITY OF MONTREAL, 2018, MONTR DECL RESP DEV",2
DOI:10.2139/ssrn.3306006],DOI:10.1080/1369118x.2016.1186713,2
DOI:10.2139/ssrn.3306006],DOI:10.14763/2019.2.1410,2
DOI:10.1038/s41746-020-0294-7,DOI:10.1097/acm.0000000000004291,3
DOI:10.1038/s41746-020-0294-7,DOI:10.1101/2021.01.14.21249830,2
DOI:10.1038/s41746-020-0294-7,DOI:10.1177/23821205211036836,2
DOI:10.1038/s41746-020-0294-7,DOI:10.1186/s12909-022-03852-3,2
DOI:10.1038/s41746-020-0294-7,DOI:10.2196/46885,2
DOI:10.1038/s41746-020-0294-7,DOI:10.2196/48163,2
DOI:10.1038/s41746-020-0294-7,DOI:10.5334/pme.954,2
DOI:10.1038/s41746-020-0294-7,"HAMET P, 2017, METABOLISM, V69, PS36, DOI [10.26738/MJEM.2017/MJEM26.2018/PLH.CRE.041017, 10.1016/J.METABOL.2017.01.011]",2
DOI:10.1097/acm.0000000000004291,DOI:10.1101/2021.01.14.21249830,2
DOI:10.1097/acm.0000000000004291,DOI:10.1177/23821205211036836,2
DOI:10.1097/acm.0000000000004291,DOI:10.1186/s12909-022-03852-3,2
DOI:10.1097/acm.0000000000004291,DOI:10.2196/46885,2
DOI:10.1097/acm.0000000000004291,DOI:10.2196/48163,2
DOI:10.1097/acm.0000000000004291,DOI:10.5334/pme.954,2
DOI:10.1097/acm.0000000000004291,"HAMET P, 2017, METABOLISM, V69, PS36, DOI [10.26738/MJEM.2017/MJEM26.2018/PLH.CRE.041017, 10.1016/J.METABOL.2017.01.011]",2
DOI:10.1101/2021.01.14.21249830,DOI:10.1177/23821205211036836,2
DOI:10.1101/2021.01.14.21249830,DOI:10.1186/s12909-022-03852-3,2
DOI:10.1101/2021.01.14.21249830,DOI:10.2196/46885,2
DOI:10.1101/2021.01.14.21249830,DOI:10.2196/48163,2
DOI:10.1101/2021.01.14.21249830,"HAMET P, 2017, METABOLISM, V69, PS36, DOI [10.26738/MJEM.2017/MJEM26.2018/PLH.CRE.041017, 10.1016/J.METABOL.2017.01.011]",2
DOI:10.1162/99608f92.92fe150c,DOI:10.1177/0008125619864925,2
DOI:10.1177/23821205211036836,DOI:10.1186/s12909-022-03852-3,2
DOI:10.1177/23821205211036836,DOI:10.2196/46885,2
DOI:10.1177/23821205211036836,DOI:10.2196/48163,2
DOI:10.1177/23821205211036836,"HAMET P, 2017, METABOLISM, V69, PS36, DOI [10.26738/MJEM.2017/MJEM26.2018/PLH.CRE.041017, 10.1016/J.METABOL.2017.01.011]",2
DOI:10.1186/s12909-022-03852-3,DOI:10.2196/46885,2
DOI:10.1186/s12909-022-03852-3,DOI:10.2196/48163,2
DOI:10.1186/s12909-022-03852-3,"HAMET P, 2017, METABOLISM, V69, PS36, DOI [10.26738/MJEM.2017/MJEM26.2018/PLH.CRE.041017, 10.1016/J.METABOL.2017.01.011]",2
DOI:10.2196/46885,DOI:10.2196/48163,2
DOI:10.2196/46885,"HAMET P, 2017, METABOLISM, V69, PS36, DOI [10.26738/MJEM.2017/MJEM26.2018/PLH.CRE.041017, 10.1016/J.METABOL.2017.01.011]",2
DOI:10.2196/48163,"HAMET P, 2017, METABOLISM, V69, PS36, DOI [10.26738/MJEM.2017/MJEM26.2018/PLH.CRE.041017, 10.1016/J.METABOL.2017.01.011]",2
DOI:10.1007/s11747-014-0403-8,DOI:10.1007/s10209-014-0348-1,2
DOI:10.1108/jmp-03-2024-0177,DOI:10.1518/hfes.46.1.50.30392,2
DOI:10.1518/hfes.46.1.50.30392,DOI:10.1177/0018720814547570,2
DOI:10.1016/j.caeai.2022.100045,"TSZ KIT NG DAVY, 2021, PROCEEDINGS OF THE ASSOCIATION FOR INFORMATION SCIENCE AND TECHNOLOGY, V58, P504, DOI [10.1002/PRA2.487, 10.1002/PRA2.487]",2
DOI:10.1177/10776958221149577],DOI:10.30191/ets.202301_26(1).0002,3
DOI:10.1177/10776958221149577],DOI:10.1007/s10639-022-10925-9,2
DOI:10.1177/10776958221149577],DOI:10.1007/s11948-016-9809-7,2
DOI:10.1177/10776958221149577],DOI:10.1007/s11948-016-9814-x,2
DOI:10.1177/10776958221149577],DOI:10.1007/s11948-021-00280-2,2
DOI:10.1177/10776958221149577],DOI:10.1016/j.compedu.2023.104813,2
DOI:10.1177/10776958221149577],DOI:10.1080/22054952.2021.1914297],2
DOI:10.1177/10776958221149577],DOI:10.1186/s40594-023-00452-5,2
DOI:10.1177/10776958221149577],DOI:10.1186/s40594-023-00454-3,2
DOI:10.1177/10776958221149577],DOI:10.1186/s40594-024-00484-5,2
DOI:10.1177/10776958221149577],"ERDURAN SIBEL, 2023, SCIENCE, V382, PEADM9788, DOI [10.1126/SCIENCE.ADM9788, 10.1126/SCIENCE.ADM9788]",2
DOI:10.30191/ets.202301_26(1).0002,"TSZ KIT NG DAVY, 2021, PROCEEDINGS OF THE ASSOCIATION FOR INFORMATION SCIENCE AND TECHNOLOGY, V58, P504, DOI [10.1002/PRA2.487, 10.1002/PRA2.487]",2
DOI:10.30191/ets.202301_26(1).0002,DOI:10.1007/s10639-022-10925-9,2
DOI:10.30191/ets.202301_26(1).0002,DOI:10.1007/s11948-016-9809-7,2
DOI:10.30191/ets.202301_26(1).0002,DOI:10.1007/s11948-016-9814-x,2
DOI:10.30191/ets.202301_26(1).0002,DOI:10.1007/s11948-021-00280-2,2
DOI:10.30191/ets.202301_26(1).0002,DOI:10.1016/j.compedu.2023.104813,2
DOI:10.30191/ets.202301_26(1).0002,DOI:10.1080/22054952.2021.1914297],2
DOI:10.30191/ets.202301_26(1).0002,DOI:10.1186/s40594-023-00452-5,2
DOI:10.30191/ets.202301_26(1).0002,DOI:10.1186/s40594-023-00454-3,2
DOI:10.30191/ets.202301_26(1).0002,DOI:10.1186/s40594-024-00484-5,2
DOI:10.30191/ets.202301_26(1).0002,"ERDURAN SIBEL, 2023, SCIENCE, V382, PEADM9788, DOI [10.1126/SCIENCE.ADM9788, 10.1126/SCIENCE.ADM9788]",2
DOI:10.30191/ets.202301_26(1).0002,DOI:10.1186/s41239-021-00292-9,2
DOI:10.30191/ets.202301_26(1).0002,DOI:10.1186/s40594-024-00493-4,2
DOI:10.30191/ets.202301_26(1).0002,DOI:10.1186/s41239-023-00392-8,2
"TSZ KIT NG DAVY, 2021, PROCEEDINGS OF THE ASSOCIATION FOR INFORMATION SCIENCE AND TECHNOLOGY, V58, P504, DOI [10.1002/PRA2.487, 10.1002/PRA2.487]","JOSEPH F.HAIR., 2016, A PRIMER ON PARTIAL LEAST SQUARES STRUCTURAL EQUATION MODELING (PLS-SEM)",2
"TSZ KIT NG DAVY, 2021, PROCEEDINGS OF THE ASSOCIATION FOR INFORMATION SCIENCE AND TECHNOLOGY, V58, P504, DOI [10.1002/PRA2.487, 10.1002/PRA2.487]","KAJIWARA Y, 2024, COMPUT EDUC-ARTIF IN, V6, DOI [10.1016/J.CAEAI.2024.100251, 10.1016/J.CAEAI.2024.100251]",2
"TSZ KIT NG DAVY, 2021, PROCEEDINGS OF THE ASSOCIATION FOR INFORMATION SCIENCE AND TECHNOLOGY, V58, P504, DOI [10.1002/PRA2.487, 10.1002/PRA2.487]","KONG SC, 2024, COMPUT EDUC-ARTIF IN, V6, DOI [10.1016/J.CAEAI.2024.100214, 10.1016/J.CAEAI.2024.100214]",2
"TSZ KIT NG DAVY, 2021, PROCEEDINGS OF THE ASSOCIATION FOR INFORMATION SCIENCE AND TECHNOLOGY, V58, P504, DOI [10.1002/PRA2.487, 10.1002/PRA2.487]",DOI:10.1037/0021-9010.88.5.879,2
"BOYD KAREN L., 2021, PROCEEDINGS OF THE ACM ON HUMAN-COMPUTER INTERACTION, V5, DOI [10.1145/3479582, 10.1145/3479582]","FLANAGAN M, 2014, VALUES AT PLAY IN DIGITAL GAMES, P1",2
"BOYD KAREN L., 2021, PROCEEDINGS OF THE ACM ON HUMAN-COMPUTER INTERACTION, V5, DOI [10.1145/3479582, 10.1145/3479582]","MADAIO MICHAEL, 2022, PROCEEDINGS OF THE ACM ON HUMAN-COMPUTER INTERACTION, V6, DOI [10.1145/3512899, 10.1145/3512899]",2
"BOYD KAREN L., 2021, PROCEEDINGS OF THE ACM ON HUMAN-COMPUTER INTERACTION, V5, DOI [10.1145/3479582, 10.1145/3479582]","METCALF J, 2019, SOC RES, V86, P449",2
"BOYD KAREN L., 2021, PROCEEDINGS OF THE ACM ON HUMAN-COMPUTER INTERACTION, V5, DOI [10.1145/3479582, 10.1145/3479582]","SUCHMAN L., 2002, SCANDINAVIAN JOURNAL OF INFORMATION SYSTEMS, V14, P91",2
"BOYD KAREN L., 2021, PROCEEDINGS OF THE ACM ON HUMAN-COMPUTER INTERACTION, V5, DOI [10.1145/3479582, 10.1145/3479582]","WONG RICHMOND Y., 2021, PROCEEDINGS OF THE ACM ON HUMAN-COMPUTER INTERACTION, V5, DOI [10.1145/3479499, 10.1145/3479499]",2
DOI:10.1177/0162243912436985,DOI:10.7208/9780226276663,2
DOI:10.1177/0162243912436985,"SHILTON KATIE, 2018, FOUNDATIONS AND TRENDS IN HUMAN-COMPUTER INTERACTION, V12, P107, DOI [10.1561/1100000073, 10.1561/1100000073]",2
DOI:10.48550/arxiv.2111.01122,"SCHIFF D, 2020, ARXIV, DOI [ARXIV:2006.04707, 10.48550/ARXIV.2006.04707]",2
DOI:10.7208/9780226276663,"SHILTON KATIE, 2018, FOUNDATIONS AND TRENDS IN HUMAN-COMPUTER INTERACTION, V12, P107, DOI [10.1561/1100000073, 10.1561/1100000073]",2
"FLANAGAN M, 2014, VALUES AT PLAY IN DIGITAL GAMES, P1","MADAIO MICHAEL, 2022, PROCEEDINGS OF THE ACM ON HUMAN-COMPUTER INTERACTION, V6, DOI [10.1145/3512899, 10.1145/3512899]",2
"FLANAGAN M, 2014, VALUES AT PLAY IN DIGITAL GAMES, P1","METCALF J, 2019, SOC RES, V86, P449",2
"FLANAGAN M, 2014, VALUES AT PLAY IN DIGITAL GAMES, P1","SUCHMAN L., 2002, SCANDINAVIAN JOURNAL OF INFORMATION SYSTEMS, V14, P91",2
"FLANAGAN M, 2014, VALUES AT PLAY IN DIGITAL GAMES, P1","WONG RICHMOND Y., 2021, PROCEEDINGS OF THE ACM ON HUMAN-COMPUTER INTERACTION, V5, DOI [10.1145/3479499, 10.1145/3479499]",2
"MADAIO MICHAEL, 2022, PROCEEDINGS OF THE ACM ON HUMAN-COMPUTER INTERACTION, V6, DOI [10.1145/3512899, 10.1145/3512899]","METCALF J, 2019, SOC RES, V86, P449",2
"MADAIO MICHAEL, 2022, PROCEEDINGS OF THE ACM ON HUMAN-COMPUTER INTERACTION, V6, DOI [10.1145/3512899, 10.1145/3512899]","SUCHMAN L., 2002, SCANDINAVIAN JOURNAL OF INFORMATION SYSTEMS, V14, P91",2
"MADAIO MICHAEL, 2022, PROCEEDINGS OF THE ACM ON HUMAN-COMPUTER INTERACTION, V6, DOI [10.1145/3512899, 10.1145/3512899]","WONG RICHMOND Y., 2021, PROCEEDINGS OF THE ACM ON HUMAN-COMPUTER INTERACTION, V5, DOI [10.1145/3479499, 10.1145/3479499]",2
"METCALF J, 2019, SOC RES, V86, P449","SUCHMAN L., 2002, SCANDINAVIAN JOURNAL OF INFORMATION SYSTEMS, V14, P91",2
"METCALF J, 2019, SOC RES, V86, P449","WONG RICHMOND Y., 2021, PROCEEDINGS OF THE ACM ON HUMAN-COMPUTER INTERACTION, V5, DOI [10.1145/3479499, 10.1145/3479499]",2
"SUCHMAN L., 2002, SCANDINAVIAN JOURNAL OF INFORMATION SYSTEMS, V14, P91","WONG RICHMOND Y., 2021, PROCEEDINGS OF THE ACM ON HUMAN-COMPUTER INTERACTION, V5, DOI [10.1145/3479499, 10.1145/3479499]",2
"DABBAGH HOSSEIN, 2025, AI AND ETHICS, V5, P87, DOI [10.1007/S43681-024-00462-1, 10.1007/S43681-024-00462-1]",DOI:10.1016/j.caeai.2021.100040],2
"DABBAGH HOSSEIN, 2025, AI AND ETHICS, V5, P87, DOI [10.1007/S43681-024-00462-1, 10.1007/S43681-024-00462-1]",DOI:10.1016/j.caeo.2024.100173,2
"DABBAGH HOSSEIN, 2025, AI AND ETHICS, V5, P87, DOI [10.1007/S43681-024-00462-1, 10.1007/S43681-024-00462-1]",DOI:10.1080/10494820.2025.2482586,2
"DABBAGH HOSSEIN, 2025, AI AND ETHICS, V5, P87, DOI [10.1007/S43681-024-00462-1, 10.1007/S43681-024-00462-1]",DOI:10.1111/bjet.13411,2
"DABBAGH HOSSEIN, 2025, AI AND ETHICS, V5, P87, DOI [10.1007/S43681-024-00462-1, 10.1007/S43681-024-00462-1]","MIAO F., 2022, K-12 AI CURRICULA. A MAPPING OF GOVERNMENT-ENDORSED AI CURRICULA",2
"DABBAGH HOSSEIN, 2025, AI AND ETHICS, V5, P87, DOI [10.1007/S43681-024-00462-1, 10.1007/S43681-024-00462-1]","WILLIAMS R, 2021, AAAI CONF ARTIF INTE, V35, P15678",2
"DABBAGH HOSSEIN, 2025, AI AND ETHICS, V5, P87, DOI [10.1007/S43681-024-00462-1, 10.1007/S43681-024-00462-1]","WU D, 2024, COMPUT EDUC-ARTIF IN, V7, DOI [10.1016/J.CAEAI.2024.100295, 10.1016/J.CAEAI.2024.100295]",2
"DABBAGH HOSSEIN, 2025, AI AND ETHICS, V5, P87, DOI [10.1007/S43681-024-00462-1, 10.1007/S43681-024-00462-1]","YIM IHY, 2024, COMPUT EDUC-ARTIF IN, V7, DOI [10.1016/J.CAEAI.2024.100319, 10.1016/J.CAEAI.2024.100319]",2
DOI:10.1186/s41239-024-00496-9,DOI:10.1186/s41239-023-00392-8,2
DOI:10.1186/s41239-024-00496-9,DOI:10.1186/s41239-023-00411-8,2
DOI:10.1016/j.jretai.2021.01.005,DOI:10.1080/0267257x.2019.1706306,2
DOI:10.1016/j.jretai.2021.01.005,DOI:10.1080/21639159.2020.1785918,2
DOI:10.1016/j.jretai.2021.01.005,DOI:10.1108/josm-04-2018-0119,2
DOI:10.14763/2019.2.1410,DOI:10.1080/1369118x.2016.1186713,2
DOI:10.1007/s00146-018-0871-3,DOI:10.1007/s00146-022-01545-5,2
DOI:10.1007/s10639-022-10925-9,DOI:10.1007/s11948-016-9809-7,2
DOI:10.1007/s10639-022-10925-9,DOI:10.1007/s11948-016-9814-x,2
DOI:10.1007/s10639-022-10925-9,DOI:10.1007/s11948-021-00280-2,2
DOI:10.1007/s10639-022-10925-9,DOI:10.1016/j.compedu.2023.104813,2
DOI:10.1007/s10639-022-10925-9,DOI:10.1080/22054952.2021.1914297],2
DOI:10.1007/s10639-022-10925-9,DOI:10.1186/s40594-023-00452-5,2
DOI:10.1007/s10639-022-10925-9,DOI:10.1186/s40594-023-00454-3,2
DOI:10.1007/s10639-022-10925-9,DOI:10.1186/s40594-024-00484-5,2
DOI:10.1007/s10639-022-10925-9,"ERDURAN SIBEL, 2023, SCIENCE, V382, PEADM9788, DOI [10.1126/SCIENCE.ADM9788, 10.1126/SCIENCE.ADM9788]",2
DOI:10.1007/s11948-016-9809-7,DOI:10.1007/s11948-016-9814-x,2
DOI:10.1007/s11948-016-9809-7,DOI:10.1007/s11948-021-00280-2,2
DOI:10.1007/s11948-016-9809-7,DOI:10.1016/j.compedu.2023.104813,2
DOI:10.1007/s11948-016-9809-7,DOI:10.1080/22054952.2021.1914297],2
DOI:10.1007/s11948-016-9809-7,DOI:10.1186/s40594-023-00452-5,2
DOI:10.1007/s11948-016-9809-7,DOI:10.1186/s40594-023-00454-3,2
DOI:10.1007/s11948-016-9809-7,DOI:10.1186/s40594-024-00484-5,2
DOI:10.1007/s11948-016-9809-7,"ERDURAN SIBEL, 2023, SCIENCE, V382, PEADM9788, DOI [10.1126/SCIENCE.ADM9788, 10.1126/SCIENCE.ADM9788]",2
DOI:10.1007/s11948-016-9814-x,DOI:10.1007/s11948-021-00280-2,2
DOI:10.1007/s11948-016-9814-x,DOI:10.1016/j.compedu.2023.104813,2
DOI:10.1007/s11948-016-9814-x,DOI:10.1080/22054952.2021.1914297],2
DOI:10.1007/s11948-016-9814-x,DOI:10.1186/s40594-023-00452-5,2
DOI:10.1007/s11948-016-9814-x,DOI:10.1186/s40594-023-00454-3,2
DOI:10.1007/s11948-016-9814-x,DOI:10.1186/s40594-024-00484-5,2
DOI:10.1007/s11948-016-9814-x,"ERDURAN SIBEL, 2023, SCIENCE, V382, PEADM9788, DOI [10.1126/SCIENCE.ADM9788, 10.1126/SCIENCE.ADM9788]",2
DOI:10.1007/s11948-021-00280-2,DOI:10.1016/j.compedu.2023.104813,2
DOI:10.1007/s11948-021-00280-2,DOI:10.1080/22054952.2021.1914297],2
DOI:10.1007/s11948-021-00280-2,DOI:10.1186/s40594-023-00452-5,2
DOI:10.1007/s11948-021-00280-2,DOI:10.1186/s40594-023-00454-3,2
DOI:10.1007/s11948-021-00280-2,DOI:10.1186/s40594-024-00484-5,2
DOI:10.1007/s11948-021-00280-2,"ERDURAN SIBEL, 2023, SCIENCE, V382, PEADM9788, DOI [10.1126/SCIENCE.ADM9788, 10.1126/SCIENCE.ADM9788]",2
DOI:10.1016/j.compedu.2023.104813,DOI:10.1080/22054952.2021.1914297],2
DOI:10.1016/j.compedu.2023.104813,DOI:10.1186/s40594-023-00452-5,2
DOI:10.1016/j.compedu.2023.104813,DOI:10.1186/s40594-023-00454-3,2
DOI:10.1016/j.compedu.2023.104813,DOI:10.1186/s40594-024-00484-5,2
DOI:10.1016/j.compedu.2023.104813,"ERDURAN SIBEL, 2023, SCIENCE, V382, PEADM9788, DOI [10.1126/SCIENCE.ADM9788, 10.1126/SCIENCE.ADM9788]",2
DOI:10.1016/j.compedu.2023.104813,"AN Q, 2024, HELIYON, V10, DOI [10.1016/J.HELIYON.2024.E39357, 10.1016/J.HELIYON.2024.E39357]",2
DOI:10.1016/j.compedu.2023.104813,DOI:10.1007/s10676-023-09733-7,2
DOI:10.1016/j.compedu.2023.104813,DOI:10.1016/j.caeai],2
DOI:10.1016/j.compedu.2023.104813,DOI:10.1016/j.compedu.2022.104582,2
DOI:10.1016/j.compedu.2023.104813,"FU Y, 2024, COMPUT EDUC-ARTIF IN, V7, DOI [10.1016/J.CAEAI.2024.100306, 10.1016/J.CAEAI.2024.100306]",2
DOI:10.1016/j.compedu.2023.104813,"KAJIWARA Y, 2024, COMPUT EDUC-ARTIF IN, V6, DOI [10.1016/J.CAEAI.2024.100251, 10.1016/J.CAEAI.2024.100251]",2
DOI:10.1016/j.compedu.2023.104813,"WU D, 2024, COMPUT EDUC-ARTIF IN, V7, DOI [10.1016/J.CAEAI.2024.100295, 10.1016/J.CAEAI.2024.100295]",2
DOI:10.1016/j.compedu.2023.104813,DOI:10.1186/s41239-023-00411-8,2
DOI:10.1080/22054952.2021.1914297],DOI:10.1186/s40594-023-00452-5,2
DOI:10.1080/22054952.2021.1914297],DOI:10.1186/s40594-023-00454-3,2
DOI:10.1080/22054952.2021.1914297],DOI:10.1186/s40594-024-00484-5,2
DOI:10.1080/22054952.2021.1914297],"ERDURAN SIBEL, 2023, SCIENCE, V382, PEADM9788, DOI [10.1126/SCIENCE.ADM9788, 10.1126/SCIENCE.ADM9788]",2
DOI:10.1186/s40594-023-00452-5,DOI:10.1186/s40594-023-00454-3,2
DOI:10.1186/s40594-023-00452-5,DOI:10.1186/s40594-024-00484-5,2
DOI:10.1186/s40594-023-00452-5,"ERDURAN SIBEL, 2023, SCIENCE, V382, PEADM9788, DOI [10.1126/SCIENCE.ADM9788, 10.1126/SCIENCE.ADM9788]",2
DOI:10.1186/s40594-023-00454-3,DOI:10.1186/s40594-024-00484-5,2
DOI:10.1186/s40594-023-00454-3,"ERDURAN SIBEL, 2023, SCIENCE, V382, PEADM9788, DOI [10.1126/SCIENCE.ADM9788, 10.1126/SCIENCE.ADM9788]",2
DOI:10.1186/s40594-024-00484-5,"ERDURAN SIBEL, 2023, SCIENCE, V382, PEADM9788, DOI [10.1126/SCIENCE.ADM9788, 10.1126/SCIENCE.ADM9788]",2
"AN Q, 2024, HELIYON, V10, DOI [10.1016/J.HELIYON.2024.E39357, 10.1016/J.HELIYON.2024.E39357]",DOI:10.1016/j.caeai],2
"AN Q, 2024, HELIYON, V10, DOI [10.1016/J.HELIYON.2024.E39357, 10.1016/J.HELIYON.2024.E39357]","FU Y, 2024, COMPUT EDUC-ARTIF IN, V7, DOI [10.1016/J.CAEAI.2024.100306, 10.1016/J.CAEAI.2024.100306]",2
"AN Q, 2024, HELIYON, V10, DOI [10.1016/J.HELIYON.2024.E39357, 10.1016/J.HELIYON.2024.E39357]","KAJIWARA Y, 2024, COMPUT EDUC-ARTIF IN, V6, DOI [10.1016/J.CAEAI.2024.100251, 10.1016/J.CAEAI.2024.100251]",2
"AN Q, 2024, HELIYON, V10, DOI [10.1016/J.HELIYON.2024.E39357, 10.1016/J.HELIYON.2024.E39357]","WU D, 2024, COMPUT EDUC-ARTIF IN, V7, DOI [10.1016/J.CAEAI.2024.100295, 10.1016/J.CAEAI.2024.100295]",2
DOI:10.1007/s10676-023-09733-7,DOI:10.1016/j.chbah.2023.100014,2
DOI:10.1007/s10676-023-09733-7,"KAJIWARA Y, 2024, COMPUT EDUC-ARTIF IN, V6, DOI [10.1016/J.CAEAI.2024.100251, 10.1016/J.CAEAI.2024.100251]",2
DOI:10.1007/s10676-023-09733-7,"KONG SC, 2024, COMPUT EDUC-ARTIF IN, V6, DOI [10.1016/J.CAEAI.2024.100214, 10.1016/J.CAEAI.2024.100214]",2
DOI:10.1016/j.caeai.2021.100040],"MIAO F., 2022, K-12 AI CURRICULA. A MAPPING OF GOVERNMENT-ENDORSED AI CURRICULA",2
DOI:10.1016/j.caeai.2021.100040],"WILLIAMS R, 2021, AAAI CONF ARTIF INTE, V35, P15678",2
DOI:10.1016/j.caeai.2021.100040],"WU D, 2024, COMPUT EDUC-ARTIF IN, V7, DOI [10.1016/J.CAEAI.2024.100295, 10.1016/J.CAEAI.2024.100295]",2
DOI:10.1016/j.caeai],"FU Y, 2024, COMPUT EDUC-ARTIF IN, V7, DOI [10.1016/J.CAEAI.2024.100306, 10.1016/J.CAEAI.2024.100306]",2
DOI:10.1016/j.caeai],"KAJIWARA Y, 2024, COMPUT EDUC-ARTIF IN, V6, DOI [10.1016/J.CAEAI.2024.100251, 10.1016/J.CAEAI.2024.100251]",2
DOI:10.1016/j.caeai],"WU D, 2024, COMPUT EDUC-ARTIF IN, V7, DOI [10.1016/J.CAEAI.2024.100295, 10.1016/J.CAEAI.2024.100295]",2
DOI:10.1016/j.caeo.2024.100173,DOI:10.1080/10494820.2025.2482586,2
DOI:10.1016/j.caeo.2024.100173,DOI:10.1111/bjet.13411,2
DOI:10.1016/j.caeo.2024.100173,"YIM IHY, 2024, COMPUT EDUC-ARTIF IN, V7, DOI [10.1016/J.CAEAI.2024.100319, 10.1016/J.CAEAI.2024.100319]",2
DOI:10.1016/j.chbah.2023.100014,"KAJIWARA Y, 2024, COMPUT EDUC-ARTIF IN, V6, DOI [10.1016/J.CAEAI.2024.100251, 10.1016/J.CAEAI.2024.100251]",2
DOI:10.1016/j.chbah.2023.100014,"KONG SC, 2024, COMPUT EDUC-ARTIF IN, V6, DOI [10.1016/J.CAEAI.2024.100214, 10.1016/J.CAEAI.2024.100214]",2
DOI:10.1016/j.learninstruc.2024.101899,DOI:10.1177/07356331231201342,2
DOI:10.1016/j.learninstruc.2024.101899,"TOURETZKY D, 2019, AAAI CONF ARTIF INTE, P9795",2
DOI:10.1016/j.learninstruc.2024.101899,"YIM IHY, 2024, COMPUT EDUC-ARTIF IN, V7, DOI [10.1016/J.CAEAI.2024.100319, 10.1016/J.CAEAI.2024.100319]",2
DOI:10.1080/10494820.2025.2482586,DOI:10.1111/bjet.13411,2
DOI:10.1080/10494820.2025.2482586,"YIM IHY, 2024, COMPUT EDUC-ARTIF IN, V7, DOI [10.1016/J.CAEAI.2024.100319, 10.1016/J.CAEAI.2024.100319]",2
DOI:10.1111/bjet.13411,DOI:10.3390/app14041588,2
DOI:10.1111/bjet.13411,"KAJIWARA Y, 2024, COMPUT EDUC-ARTIF IN, V6, DOI [10.1016/J.CAEAI.2024.100251, 10.1016/J.CAEAI.2024.100251]",2
DOI:10.1111/bjet.13411,"YIM IHY, 2024, COMPUT EDUC-ARTIF IN, V7, DOI [10.1016/J.CAEAI.2024.100319, 10.1016/J.CAEAI.2024.100319]",2
DOI:10.1177/07356331231201342,"TOURETZKY D, 2019, AAAI CONF ARTIF INTE, P9795",2
DOI:10.1177/07356331231201342,"YIM IHY, 2024, COMPUT EDUC-ARTIF IN, V7, DOI [10.1016/J.CAEAI.2024.100319, 10.1016/J.CAEAI.2024.100319]",2
DOI:10.3390/app14041588,"KAJIWARA Y, 2024, COMPUT EDUC-ARTIF IN, V6, DOI [10.1016/J.CAEAI.2024.100251, 10.1016/J.CAEAI.2024.100251]",2
"FU Y, 2024, COMPUT EDUC-ARTIF IN, V7, DOI [10.1016/J.CAEAI.2024.100306, 10.1016/J.CAEAI.2024.100306]","KAJIWARA Y, 2024, COMPUT EDUC-ARTIF IN, V6, DOI [10.1016/J.CAEAI.2024.100251, 10.1016/J.CAEAI.2024.100251]",2
"FU Y, 2024, COMPUT EDUC-ARTIF IN, V7, DOI [10.1016/J.CAEAI.2024.100306, 10.1016/J.CAEAI.2024.100306]","WU D, 2024, COMPUT EDUC-ARTIF IN, V7, DOI [10.1016/J.CAEAI.2024.100295, 10.1016/J.CAEAI.2024.100295]",2
"KAJIWARA Y, 2024, COMPUT EDUC-ARTIF IN, V6, DOI [10.1016/J.CAEAI.2024.100251, 10.1016/J.CAEAI.2024.100251]","KONG SC, 2024, COMPUT EDUC-ARTIF IN, V6, DOI [10.1016/J.CAEAI.2024.100214, 10.1016/J.CAEAI.2024.100214]",2
"KAJIWARA Y, 2024, COMPUT EDUC-ARTIF IN, V6, DOI [10.1016/J.CAEAI.2024.100251, 10.1016/J.CAEAI.2024.100251]","WU D, 2024, COMPUT EDUC-ARTIF IN, V7, DOI [10.1016/J.CAEAI.2024.100295, 10.1016/J.CAEAI.2024.100295]",2
"KAJIWARA Y, 2024, COMPUT EDUC-ARTIF IN, V6, DOI [10.1016/J.CAEAI.2024.100251, 10.1016/J.CAEAI.2024.100251]","JOSEPH F.HAIR., 2016, A PRIMER ON PARTIAL LEAST SQUARES STRUCTURAL EQUATION MODELING (PLS-SEM)",2
"MIAO F., 2022, K-12 AI CURRICULA. A MAPPING OF GOVERNMENT-ENDORSED AI CURRICULA","WILLIAMS R, 2021, AAAI CONF ARTIF INTE, V35, P15678",2
"MIAO F., 2022, K-12 AI CURRICULA. A MAPPING OF GOVERNMENT-ENDORSED AI CURRICULA","WU D, 2024, COMPUT EDUC-ARTIF IN, V7, DOI [10.1016/J.CAEAI.2024.100295, 10.1016/J.CAEAI.2024.100295]",2
"TOURETZKY D, 2019, AAAI CONF ARTIF INTE, P9795","YIM IHY, 2024, COMPUT EDUC-ARTIF IN, V7, DOI [10.1016/J.CAEAI.2024.100319, 10.1016/J.CAEAI.2024.100319]",2
"WILLIAMS R, 2021, AAAI CONF ARTIF INTE, V35, P15678","WU D, 2024, COMPUT EDUC-ARTIF IN, V7, DOI [10.1016/J.CAEAI.2024.100295, 10.1016/J.CAEAI.2024.100295]",2
"WU D, 2024, COMPUT EDUC-ARTIF IN, V7, DOI [10.1016/J.CAEAI.2024.100295, 10.1016/J.CAEAI.2024.100295]",DOI:10.1016/j.chb.2022.107468,2
"YIM IHY, 2024, COMPUT EDUC-ARTIF IN, V7, DOI [10.1016/J.CAEAI.2024.100319, 10.1016/J.CAEAI.2024.100319]","MERTALA PEKKA, 2024, INTERNATIONAL JOURNAL OF CHILD-COMPUTER INTERACTION, V39, DOI [10.1016/J.IJCCI.2023.100630, 10.1016/J.IJCCI.2023.100630]",2
DOI:10.2307/j.ctt1gk0941,"NISSENBAUM H.F., 2010, PRIVACY IN CONTEXT: TECHNOLOGY, POLICY, AND THE INTEGRITY OF SOCIAL LIFE",2
"DAVENPORT THOMAS, 2019, FUTURE HEALTHC J, V6, P94, DOI [10.7861/FUTUREHOSP.6-2-94, 10.7861/FUTUREHOSP.6-2-94]",DOI:10.1136/bmj.n304,2
DOI:10.1016/j.intmar.2020.04.007,DOI:10.1080/0267257x.2019.1706306,2
DOI:10.1080/0267257x.2019.1706306,DOI:10.1080/21639159.2020.1785918,2
DOI:10.1080/0267257x.2019.1706306,DOI:10.1108/josm-04-2018-0119,2
DOI:10.1016/j.ausmj.2020.05.003,"PAGE MATTHEW J, 2021, REV ESP CARDIOL (ENGL ED), V74, P790, DOI [10.1016/J.IJSU.2021.105906, 10.1016/J.REC.2021.07.010]",2
"BUCHANAN CHRISTINE, 2021, JMIR NURS, V4, PE23933, DOI [10.2196/23933, 10.2196/23933]",DOI:10.1111/jan.14855,2
"BUCHANAN CHRISTINE, 2021, JMIR NURS, V4, PE23933, DOI [10.2196/23933, 10.2196/23933]","MCGROW KATHLEEN, 2019, NURSING, V49, P46, DOI [10.1097/01.NURSE.0000577716.57052.8D, 10.1097/01.NURSE.0000577716.57052.8D]",2
DOI:10.1111/jan.14855,"MCGROW KATHLEEN, 2019, NURSING, V49, P46, DOI [10.1097/01.NURSE.0000577716.57052.8D, 10.1097/01.NURSE.0000577716.57052.8D]",2
DOI:10.1080/14494035.2021.1929728,DOI:10.3390/bdcc3020026,2
DOI:10.1007/s10551-014-2180-1,DOI:10.1016/j.bushor.2019.09.003,2
DOI:10.1007/s10551-014-2180-1,"SCHWAB KLAUS., 2017, CROWN BUSINESS",2
DOI:10.1016/j.bushor.2019.09.003,"SCHWAB KLAUS., 2017, CROWN BUSINESS",2
DOI:10.1007/s00259-020-04678-1,DOI:10.1080/10447318.2022.2049145,2
DOI:10.1007/s00259-020-04678-1,DOI:10.1111/cts.12884,2
DOI:10.1007/s00259-020-04678-1,"RABBY F., 2021, ACADEMY OF MARKETING STUDIES JOURNAL, V25, P1",2
DOI:10.1080/10447318.2022.2049145,DOI:10.1111/cts.12884,2
DOI:10.1080/10447318.2022.2049145,"RABBY F., 2021, ACADEMY OF MARKETING STUDIES JOURNAL, V25, P1",2
DOI:10.1111/cts.12884,"RABBY F., 2021, ACADEMY OF MARKETING STUDIES JOURNAL, V25, P1",2
DOI:10.1162/jmlr.2003.3.4-5.993,DOI:10.1093/pan/mps028,2
DOI:10.1080/21639159.2020.1785918,DOI:10.1108/josm-04-2018-0119,2
DOI:10.1186/s41239-023-00411-8,DOI:10.1186/s41239-023-00392-8,2
"GILLIGAN C., 1993, DIFFERENT VOICE PSYC","TAYLOR C., 1989, SOURCES SELF MAKING",2
DOI:10.1037/0021-9010.88.5.879,DOI:10.1086/651257,2
DOI:10.1037/0033-295x.84.2.191,DOI:10.1080/10447318.2021.2012378,2
DOI:10.1037/0033-295x.84.2.191,DOI:10.1080/10447318.2023.2178612,2
DOI:10.1037/0033-295x.84.2.191,DOI:10.1080/10528008.2006.11488962,2
DOI:10.1037/0033-295x.84.2.191,"HOLDEN H, 2011, J RES TECHNOL EDUC, V43, P343",2
DOI:10.1080/10447318.2021.2012378,DOI:10.1080/10447318.2023.2178612,2
DOI:10.1080/10447318.2021.2012378,DOI:10.1080/10528008.2006.11488962,2
DOI:10.1080/10447318.2021.2012378,"HOLDEN H, 2011, J RES TECHNOL EDUC, V43, P343",2
DOI:10.1080/10447318.2023.2178612,DOI:10.1080/10528008.2006.11488962,2
DOI:10.1080/10447318.2023.2178612,"HOLDEN H, 2011, J RES TECHNOL EDUC, V43, P343",2
DOI:10.1080/10528008.2006.11488962,"HOLDEN H, 2011, J RES TECHNOL EDUC, V43, P343",2
DOI:10.1016/j.chb.2023.108006,DOI:10.1016/j.ijinfomgt.2021.102310,2
DOI:10.1186/s40594-024-00493-4,DOI:10.1186/s41239-023-00392-8,2
