source,target,weight
DOI:10.1016/j.jtrangeo.2003.10.005],DOI:10.1016/j.jtrangeo.2008.12.002,4
DOI:10.1016/j.jtrangeo.2003.10.005],DOI:10.1016/j.jtrangeo.2011.04.005,2
DOI:10.1016/j.jtrangeo.2003.10.005],DOI:10.1016/j.techsoc.2005.10.007,2
DOI:10.1016/j.jtrangeo.2003.10.005],DOI:10.1016/j.tranpol.2007.10.002,2
DOI:10.1016/j.jtrangeo.2003.10.005],DOI:10.1016/j.cstp.2019.03.004,3
DOI:10.1016/j.jtrangeo.2003.10.005],DOI:10.1016/j.tranpol.2007.04.009,2
DOI:10.1016/j.jtrangeo.2003.10.005],DOI:10.1016/j.tranpol.2007.10.005,6
DOI:10.1016/j.jtrangeo.2003.10.005],DOI:10.1080/01944365908978307,7
DOI:10.1016/j.jtrangeo.2003.10.005],DOI:10.1080/13658810902835404,4
DOI:10.1016/j.jtrangeo.2003.10.005],DOI:10.1080/15568318.2010.494231,2
DOI:10.1016/j.jtrangeo.2003.10.005],DOI:10.3141/1604-07,3
DOI:10.1016/j.jtrangeo.2003.10.005],DOI:10.3311/pptr.12072,2
DOI:10.1016/j.jtrangeo.2003.10.005],DOI:10.5038/2375-0901.10.3.2],2
DOI:10.1016/j.jtrangeo.2003.10.005],"EBOLI L, 2012, EUR TRANSP",2
DOI:10.1016/j.jtrangeo.2003.10.005],DOI:10.1016/j.jtrangeo.2011.10.001,4
DOI:10.1016/j.jtrangeo.2003.10.005],DOI:10.1016/s0277-9536(01)00212-x,2
DOI:10.1016/j.jtrangeo.2003.10.005],DOI:10.1016/s1361-9209(98)00010-8,2
DOI:10.1016/j.jtrangeo.2003.10.005],DOI:10.1061/(asce)0733-9488(2002)128:4(225),2
DOI:10.1016/j.jtrangeo.2003.10.005],DOI:10.1068/b33043,3
DOI:10.1016/j.jtrangeo.2003.10.005],DOI:10.1080/13658810802646679,2
DOI:10.1016/j.jtrangeo.2003.10.005],DOI:10.3141/1835-05,3
DOI:10.1016/j.jtrangeo.2003.10.005],DOI:10.5038/2375-0901.10.2.5,2
DOI:10.1016/j.jtrangeo.2003.10.005],"KIMPEL THOMASJ., 2007, URISA JOURNAL, V19, P5",2
DOI:10.1016/j.jtrangeo.2003.10.005],"[ANONYMOUS], 2007, PUBLIC TRANSIT PLANNING AND OPERATION: THEORY, MODELLING, AND PRACTICE",2
DOI:10.1016/j.jtrangeo.2003.10.005],"[ANONYMOUS], 2011, VISUM 11 52 FUND VIS",2
DOI:10.1016/j.jtrangeo.2003.10.005],"BHAT C., 2000, ACCESSIBILITY MEASUR",2
DOI:10.1016/j.jtrangeo.2003.10.005],DOI:10.1016/j.jtrangeo.2009.02.002,3
DOI:10.1016/j.jtrangeo.2003.10.005],DOI:10.1016/j.tra.2006.10.002,2
DOI:10.1016/j.jtrangeo.2003.10.005],DOI:10.1068/a291175,3
DOI:10.1016/j.jtrangeo.2003.10.005],DOI:10.1111/j.1538-4632.1998.tb00396.x,3
DOI:10.1016/j.jtrangeo.2003.10.005],DOI:10.1016/j.jtrangeo.2011.12.004,2
DOI:10.1016/j.jtrangeo.2003.10.005],DOI:10.1016/j.tranpol.2012.11.005,2
DOI:10.1016/j.jtrangeo.2003.10.005],DOI:10.1016/s1361-9209(97)00009-6,2
DOI:10.1016/j.jtrangeo.2003.10.005],"ADHVARYU B., 2019, ECON. POLITICAL WKLY, V54, P17",2
DOI:10.1016/j.jtrangeo.2003.10.005],DOI:10.1002/atr.1429,2
DOI:10.1016/j.jtrangeo.2003.10.005],DOI:10.1016/s0967-070x(03)00053-2,2
DOI:10.1016/j.jtrangeo.2003.10.005],DOI:10.5038/2375-0901.13.1.4,2
DOI:10.1016/j.jtrangeo.2003.10.005],DOI:10.5038/2375-0901.19.3.2,2
DOI:10.1016/j.jtrangeo.2003.10.005],DOI:10.1080/13574800802451155,2
DOI:10.1016/j.jtrangeo.2003.10.005],DOI:10.1080/15568310802178314,2
DOI:10.1016/j.jtrangeo.2003.10.005],DOI:10.1016/j.jtrangeo.2004.12.002,2
DOI:10.1016/j.jtrangeo.2003.10.005],DOI:10.1016/j.tra.2013.03.004,2
DOI:10.1016/j.jtrangeo.2003.10.005],DOI:10.1016/j.tra.2017.05.008,2
DOI:10.1016/j.jtrangeo.2003.10.005],DOI:10.1016/j.tranpol.2012.01.013,2
DOI:10.1016/j.jtrangeo.2003.10.005],DOI:10.1080/15568318.2012.660103,2
DOI:10.1016/j.jtrangeo.2003.10.005],"MARTENS K., 2006, BERKELEY PLANNING JOURNAL, V19",2
DOI:10.1016/j.jtrangeo.2008.12.002,DOI:10.1016/j.jtrangeo.2011.04.005,2
DOI:10.1016/j.jtrangeo.2008.12.002,DOI:10.1080/01441647.2010.504900,2
DOI:10.1016/j.jtrangeo.2008.12.002,DOI:10.1080/01441647.2017.1278647,2
DOI:10.1016/j.jtrangeo.2008.12.002,DOI:10.1080/03081060.2016.1238569,2
DOI:10.1016/j.jtrangeo.2008.12.002,DOI:10.1016/j.jtrangeo.2011.10.001,2
DOI:10.1016/j.jtrangeo.2008.12.002,DOI:10.1016/s0277-9536(01)00212-x,2
DOI:10.1016/j.jtrangeo.2008.12.002,DOI:10.1016/s1361-9209(98)00010-8,2
DOI:10.1016/j.jtrangeo.2008.12.002,DOI:10.1061/(asce)0733-9488(2002)128:4(225),2
DOI:10.1016/j.jtrangeo.2008.12.002,DOI:10.1068/b33043,2
DOI:10.1016/j.jtrangeo.2008.12.002,DOI:10.1080/01944365908978307,2
DOI:10.1016/j.jtrangeo.2008.12.002,DOI:10.1080/13658810802646679,2
DOI:10.1016/j.jtrangeo.2008.12.002,DOI:10.1080/13658810902835404,2
DOI:10.1016/j.jtrangeo.2008.12.002,DOI:10.3141/1604-07,2
DOI:10.1016/j.jtrangeo.2008.12.002,DOI:10.3141/1835-05,2
DOI:10.1016/j.jtrangeo.2008.12.002,DOI:10.5038/2375-0901.10.2.5,2
DOI:10.1016/j.jtrangeo.2008.12.002,"KIMPEL THOMASJ., 2007, URISA JOURNAL, V19, P5",2
DOI:10.1016/j.jtrangeo.2008.12.002,"[ANONYMOUS], 2007, PUBLIC TRANSIT PLANNING AND OPERATION: THEORY, MODELLING, AND PRACTICE",2
DOI:10.1016/j.jtrangeo.2008.12.002,"[ANONYMOUS], 2011, VISUM 11 52 FUND VIS",2
DOI:10.1016/j.jtrangeo.2008.12.002,DOI:10.1016/j.jtrangeo.2011.12.004,2
DOI:10.1016/j.jtrangeo.2008.12.002,DOI:10.1016/j.jtrangeo.2012.01.012,2
DOI:10.1016/j.jtrangeo.2008.12.002,DOI:10.1016/s0967-070x(00)00024-x,2
DOI:10.1016/j.jtrangeo.2011.04.005,DOI:10.1016/j.tranpol.2007.10.002,2
DOI:10.1016/j.jtrangeo.2011.04.005,DOI:10.1016/j.jtrangeo.2012.12.008,2
DOI:10.1016/j.jtrangeo.2011.04.005,DOI:10.1016/j.jtrangeo.2013.09.007,2
DOI:10.1016/j.jtrangeo.2011.04.005,DOI:10.1016/j.tranpol.2012.01.013,2
DOI:10.1016/j.jtrangeo.2011.04.005,DOI:10.1016/j.tranpol.2007.10.005,2
DOI:10.1016/j.techsoc.2005.10.007,DOI:10.1061/(asce)1076-0342(2005)11:1(31),2
DOI:10.1016/j.techsoc.2005.10.007,"[ANONYMOUS], 1987, OUR COMMON FUTURE, V1",2
"NATIONAL COOPERATIVE HIGHWAY RESEARCH PROGRAM, 2012, 716 NAT COOP HIGHW R","[ANONYMOUS], 2005, WARSZAWSKIE BADANIE",2
"CERVERO R., 2000, INFORMAL TRANSPORT D",DOI:10.1016/j.cstp.2021.11.013,2
"CERVERO R., 2000, INFORMAL TRANSPORT D",DOI:10.1016/j.cstp.2022.04.015,2
"CERVERO R., 2000, INFORMAL TRANSPORT D",DOI:10.1016/j.jtrangeo.2019.01.006,2
"CERVERO R., 2000, INFORMAL TRANSPORT D",DOI:10.1016/j.retrec.2010.07.047],2
"CERVERO R., 2000, INFORMAL TRANSPORT D",DOI:10.1016/j.retrec.2012.06.004,3
"CERVERO R., 2000, INFORMAL TRANSPORT D",DOI:10.1016/j.retrec.2020.100839,2
"CERVERO R., 2000, INFORMAL TRANSPORT D",DOI:10.1016/j.tranpol.2007.04.011,5
"CERVERO R., 2000, INFORMAL TRANSPORT D",DOI:10.1080/01441647.2019.1598513,2
"CERVERO R., 2000, INFORMAL TRANSPORT D",DOI:10.1080/13563475.2015.1114453,3
"CERVERO R., 2000, INFORMAL TRANSPORT D",DOI:10.1016/j.cities.2023.104348,2
"CERVERO R., 2000, INFORMAL TRANSPORT D",DOI:10.1016/j.iatssr.2016.01.001,2
"CERVERO R., 2000, INFORMAL TRANSPORT D",DOI:10.1016/j.tra.2008.05.001,2
"CERVERO R., 2000, INFORMAL TRANSPORT D",DOI:10.1016/j.tra.2019.09.004,2
"CERVERO R., 2000, INFORMAL TRANSPORT D",DOI:10.5198/jtlu.2022.2213,3
"CERVERO R., 2000, INFORMAL TRANSPORT D",DOI:10.11175/eastsats.4.57,2
DOI:10.1016/j.cstp.2021.11.013,DOI:10.1016/j.cstp.2022.04.015,2
DOI:10.1016/j.cstp.2021.11.013,DOI:10.1016/j.retrec.2012.06.004,2
DOI:10.1016/j.cstp.2021.11.013,DOI:10.1016/j.tranpol.2007.04.011,2
DOI:10.1016/j.cstp.2021.11.013,DOI:10.1080/01441647.2019.1598513,2
DOI:10.1016/j.cstp.2022.04.015,DOI:10.1016/j.retrec.2012.06.004,2
DOI:10.1016/j.cstp.2022.04.015,DOI:10.1016/j.tranpol.2007.04.011,2
DOI:10.1016/j.cstp.2022.04.015,DOI:10.1080/01441647.2019.1598513,2
DOI:10.1016/j.jtrangeo.2019.01.006,DOI:10.1016/j.retrec.2020.100839,2
DOI:10.1016/j.jtrangeo.2019.01.006,DOI:10.1016/j.tranpol.2007.04.011,2
DOI:10.1016/j.jtrangeo.2019.01.006,DOI:10.1080/13563475.2015.1114453,2
DOI:10.1016/j.retrec.2010.07.047],DOI:10.1016/j.retrec.2012.06.004,2
DOI:10.1016/j.retrec.2012.06.004,DOI:10.1016/j.tranpol.2007.04.011,2
DOI:10.1016/j.retrec.2012.06.004,DOI:10.1080/01441647.2019.1598513,2
DOI:10.1016/j.retrec.2020.100839,DOI:10.1016/j.tranpol.2007.04.011,2
DOI:10.1016/j.retrec.2020.100839,DOI:10.1080/13563475.2015.1114453,2
DOI:10.1016/j.tranpol.2007.04.011,DOI:10.1080/0144164042000289654,2
DOI:10.1016/j.tranpol.2007.04.011,DOI:10.1080/01441647.2019.1598513,2
DOI:10.1016/j.tranpol.2007.04.011,DOI:10.1080/13563475.2015.1114453,3
DOI:10.1016/j.tranpol.2007.04.011,DOI:10.1016/j.cities.2023.104348,2
DOI:10.1016/j.tranpol.2007.04.011,DOI:10.1016/j.iatssr.2016.01.001,2
DOI:10.1016/j.tranpol.2007.04.011,DOI:10.1016/j.tra.2019.09.004,2
DOI:10.1016/j.tranpol.2007.04.011,DOI:10.5198/jtlu.2022.2213,3
DOI:10.1016/j.tranpol.2007.04.011,DOI:10.11175/eastsats.4.57,2
DOI:10.1016/j.tranpol.2007.04.011,DOI:10.1080/01441640309893,2
DOI:10.1037/13620-004,"ARNDT W.-H., 2019, MOBILITAT NACHHALTIG PLANEN: ERFOLGE UND HINDERNISSE IN DEUTSCHEN STADTEN-ERGEBNISSE EINER UMFRAGE ZU KOMMUNALEN VERKEHRSENTWICKLUNGSPLANEN (DIFU SONDERVEROFFENTLICHUNG)",2
DOI:10.1037/13620-004,DOI:10.1016/j.foodpol.2020.101873,2
DOI:10.1037/13620-004,DOI:10.1108/s2044-9941(2012)0000001004,2
DOI:10.1037/13620-004,DOI:10.1186/s12961-018-0320-2,2
DOI:10.1037/13620-004,DOI:10.1186/s13012-017-0552-5,2
DOI:10.1037/13620-004,"HENDERSON J., 2019, STREET FIGHTS IN COPENHAGEN: BICYCLE AND CAR POLITICS IN A GREEN MOBILITY CITY",2
DOI:10.1080/01441647.2019.1598513,DOI:10.1080/02723638.2014.995924,2
DOI:10.1080/01441647.2019.1598513,DOI:10.1080/01441647.2020.1818872,2
DOI:10.1080/01441647.2019.1598513,DOI:10.1177/23998083221117831,2
DOI:10.1080/13563475.2015.1114453,DOI:10.1016/j.cities.2023.104348,2
DOI:10.1080/13563475.2015.1114453,DOI:10.1016/j.tra.2019.09.004,2
DOI:10.1080/13563475.2015.1114453,DOI:10.5198/jtlu.2022.2213,2
DOI:10.1080/13563475.2015.1114453,DOI:10.1016/j.polsoc.2015.09.001,2
"BOUMA A, 1994, EISENBAHNTECHNISCHE, V43, P369","BUSSIECK MR, 1997, THESIS TU BRAUNSCHWE",2
"BOUMA A, 1994, EISENBAHNTECHNISCHE, V43, P369",DOI:10.1007/978-3-642-57762-8_5,2
"BOUMA A, 1994, EISENBAHNTECHNISCHE, V43, P369",DOI:10.1007/bf02614327,2
"BOUMA A, 1994, EISENBAHNTECHNISCHE, V43, P369",DOI:10.1016/0191-2615(86)90047-0,3
"BOUMA A, 1994, EISENBAHNTECHNISCHE, V43, P369",DOI:10.1016/0305-0548(74)90046-x,3
"BOUMA A, 1994, EISENBAHNTECHNISCHE, V43, P369",DOI:10.1016/0377-2217(80)90126-5,3
"BOUMA A, 1994, EISENBAHNTECHNISCHE, V43, P369",DOI:10.1016/0377-2217(95)00367-3,3
"BOUMA A, 1994, EISENBAHNTECHNISCHE, V43, P369",DOI:10.1016/s0377-2217(97)00271-3,3
"BOUMA A, 1994, EISENBAHNTECHNISCHE, V43, P369",DOI:10.1057/jors.1979.190,3
"BOUMA A, 1994, EISENBAHNTECHNISCHE, V43, P369",DOI:10.1145/210332.210337,2
"BOUMA A, 1994, EISENBAHNTECHNISCHE, V43, P369",DOI:10.1287/moor.1040.0098,2
"BOUMA A, 1994, EISENBAHNTECHNISCHE, V43, P369",DOI:10.1287/trsc.1030.0051,3
"BOUMA A, 1994, EISENBAHNTECHNISCHE, V43, P369","[ANONYMOUS], 1979, ZEITSCHRIFT FUR OPERATIONS RESEARCH",2
"BUSSIECK MR, 1997, THESIS TU BRAUNSCHWE",DOI:10.1007/bf02614327,2
"BUSSIECK MR, 1997, THESIS TU BRAUNSCHWE",DOI:10.1016/0191-2615(86)90047-0,2
"BUSSIECK MR, 1997, THESIS TU BRAUNSCHWE",DOI:10.1016/0305-0548(74)90046-x,2
"BUSSIECK MR, 1997, THESIS TU BRAUNSCHWE",DOI:10.1016/0377-2217(80)90126-5,2
"BUSSIECK MR, 1997, THESIS TU BRAUNSCHWE",DOI:10.1016/0377-2217(95)00367-3,2
"BUSSIECK MR, 1997, THESIS TU BRAUNSCHWE",DOI:10.1016/s0377-2217(97)00271-3,2
"BUSSIECK MR, 1997, THESIS TU BRAUNSCHWE",DOI:10.1057/jors.1979.190,2
"BUSSIECK MR, 1997, THESIS TU BRAUNSCHWE",DOI:10.1145/210332.210337,2
"BUSSIECK MR, 1997, THESIS TU BRAUNSCHWE",DOI:10.1287/moor.1040.0098,2
"BUSSIECK MR, 1997, THESIS TU BRAUNSCHWE",DOI:10.1287/trsc.1030.0051,2
"BUSSIECK MR, 1997, THESIS TU BRAUNSCHWE","[ANONYMOUS], 1979, ZEITSCHRIFT FUR OPERATIONS RESEARCH",2
DOI:10.1007/978-3-642-57762-8_5,DOI:10.1016/0191-2615(86)90047-0,2
DOI:10.1007/978-3-642-57762-8_5,DOI:10.1016/0305-0548(74)90046-x,2
DOI:10.1007/978-3-642-57762-8_5,DOI:10.1016/0377-2217(80)90126-5,2
DOI:10.1007/978-3-642-57762-8_5,DOI:10.1016/0377-2217(95)00367-3,2
DOI:10.1007/978-3-642-57762-8_5,DOI:10.1016/s0377-2217(97)00271-3,2
DOI:10.1007/978-3-642-57762-8_5,DOI:10.1057/jors.1979.190,2
DOI:10.1007/978-3-642-57762-8_5,DOI:10.1287/trsc.1030.0051,2
DOI:10.1007/bf02614327,DOI:10.1016/0191-2615(86)90047-0,2
DOI:10.1007/bf02614327,DOI:10.1016/0305-0548(74)90046-x,2
DOI:10.1007/bf02614327,DOI:10.1016/0377-2217(80)90126-5,2
DOI:10.1007/bf02614327,DOI:10.1016/0377-2217(95)00367-3,2
DOI:10.1007/bf02614327,DOI:10.1016/s0377-2217(97)00271-3,2
DOI:10.1007/bf02614327,DOI:10.1057/jors.1979.190,2
DOI:10.1007/bf02614327,DOI:10.1145/210332.210337,2
DOI:10.1007/bf02614327,DOI:10.1287/moor.1040.0098,2
DOI:10.1007/bf02614327,DOI:10.1287/trsc.1030.0051,2
DOI:10.1007/bf02614327,"[ANONYMOUS], 1979, ZEITSCHRIFT FUR OPERATIONS RESEARCH",2
DOI:10.1016/0191-2615(86)90047-0,DOI:10.1016/0305-0548(74)90046-x,3
DOI:10.1016/0191-2615(86)90047-0,DOI:10.1016/0377-2217(80)90126-5,4
DOI:10.1016/0191-2615(86)90047-0,DOI:10.1016/0377-2217(95)00367-3,3
DOI:10.1016/0191-2615(86)90047-0,DOI:10.1016/s0377-2217(97)00271-3,4
DOI:10.1016/0191-2615(86)90047-0,DOI:10.1057/jors.1979.190,3
DOI:10.1016/0191-2615(86)90047-0,DOI:10.1145/210332.210337,2
DOI:10.1016/0191-2615(86)90047-0,DOI:10.1287/moor.1040.0098,2
DOI:10.1016/0191-2615(86)90047-0,DOI:10.1287/trsc.1030.0051,3
DOI:10.1016/0191-2615(86)90047-0,"[ANONYMOUS], 1979, ZEITSCHRIFT FUR OPERATIONS RESEARCH",2
DOI:10.1016/0191-2615(86)90047-0,DOI:10.1002/atr.5670250205],2
DOI:10.1016/0191-2615(86)90047-0,DOI:10.1007/978-3-642-05465-5_2,2
DOI:10.1016/0191-2615(86)90047-0,DOI:10.1007/978-3-642-05465-5_3,2
DOI:10.1016/0191-2615(86)90047-0,DOI:10.1007/s12469-009-0014-9,2
DOI:10.1016/0191-2615(86)90047-0,DOI:10.1111/1467-8667.00309,2
DOI:10.1016/0191-2615(86)90047-0,DOI:10.1287/trsc.1060.0161,2
DOI:10.1016/0191-2615(86)90047-0,DOI:10.2307/3007688,2
DOI:10.1016/0305-0548(74)90046-x,DOI:10.1016/0377-2217(80)90126-5,3
DOI:10.1016/0305-0548(74)90046-x,DOI:10.1016/0377-2217(95)00367-3,3
DOI:10.1016/0305-0548(74)90046-x,DOI:10.1016/s0377-2217(97)00271-3,3
DOI:10.1016/0305-0548(74)90046-x,DOI:10.1057/jors.1979.190,3
DOI:10.1016/0305-0548(74)90046-x,DOI:10.1145/210332.210337,2
DOI:10.1016/0305-0548(74)90046-x,DOI:10.1287/moor.1040.0098,2
DOI:10.1016/0305-0548(74)90046-x,DOI:10.1287/trsc.1030.0051,3
DOI:10.1016/0305-0548(74)90046-x,"[ANONYMOUS], 1979, ZEITSCHRIFT FUR OPERATIONS RESEARCH",2
DOI:10.1016/0377-2217(80)90126-5,DOI:10.1016/0377-2217(95)00367-3,3
DOI:10.1016/0377-2217(80)90126-5,DOI:10.1016/s0377-2217(97)00271-3,3
DOI:10.1016/0377-2217(80)90126-5,DOI:10.1057/jors.1979.190,3
DOI:10.1016/0377-2217(80)90126-5,DOI:10.1145/210332.210337,2
DOI:10.1016/0377-2217(80)90126-5,DOI:10.1287/moor.1040.0098,2
DOI:10.1016/0377-2217(80)90126-5,DOI:10.1287/trsc.1030.0051,3
DOI:10.1016/0377-2217(80)90126-5,"[ANONYMOUS], 1979, ZEITSCHRIFT FUR OPERATIONS RESEARCH",2
DOI:10.1016/0377-2217(80)90126-5,DOI:10.1002/atr.5670250205],2
DOI:10.1016/0377-2217(80)90126-5,DOI:10.1007/978-3-642-05465-5_1,2
DOI:10.1016/0377-2217(80)90126-5,DOI:10.1007/s12469-009-0014-9,2
DOI:10.1016/0377-2217(80)90126-5,DOI:10.1111/1467-8667.00309,2
DOI:10.1016/0377-2217(80)90126-5,DOI:10.1287/opre.1030.0065,2
DOI:10.1016/0377-2217(80)90126-5,DOI:10.2307/3007688,2
DOI:10.1016/0377-2217(80)90126-5,DOI:10.1016/j.ejor.2013.01.001,2
DOI:10.1016/0377-2217(80)90126-5,DOI:10.1016/j.tra.2008.03.011,2
DOI:10.1016/0377-2217(95)00367-3,DOI:10.1016/s0377-2217(97)00271-3,4
DOI:10.1016/0377-2217(95)00367-3,DOI:10.1057/jors.1979.190,3
DOI:10.1016/0377-2217(95)00367-3,DOI:10.1145/210332.210337,2
DOI:10.1016/0377-2217(95)00367-3,DOI:10.1287/moor.1040.0098,2
DOI:10.1016/0377-2217(95)00367-3,DOI:10.1287/trsc.1030.0051,3
DOI:10.1016/0377-2217(95)00367-3,"[ANONYMOUS], 1979, ZEITSCHRIFT FUR OPERATIONS RESEARCH",2
DOI:10.1016/0377-2217(95)00367-3,DOI:10.1007/s12469-009-0014-9,2
DOI:10.1016/0377-2217(95)00367-3,DOI:10.1287/trsc.1060.0161,2
DOI:10.1016/0377-2217(95)00367-3,DOI:10.4230/oasics.atmos.2010.156,2
DOI:10.1016/0377-2217(95)00367-3,"LIEBCHEN C, 2007, LECT NOTES COMPUT SC, V4359, P3",2
DOI:10.1016/0377-2217(95)00367-3,"LIEBCHEN C, 2008, HEUREKA 08 OPTIMIERU",2
DOI:10.1016/s0377-2217(97)00271-3,DOI:10.1057/jors.1979.190,3
DOI:10.1016/s0377-2217(97)00271-3,DOI:10.1145/210332.210337,2
DOI:10.1016/s0377-2217(97)00271-3,DOI:10.1287/moor.1040.0098,2
DOI:10.1016/s0377-2217(97)00271-3,DOI:10.1287/trsc.1030.0051,3
DOI:10.1016/s0377-2217(97)00271-3,"[ANONYMOUS], 1979, ZEITSCHRIFT FUR OPERATIONS RESEARCH",2
DOI:10.1016/s0377-2217(97)00271-3,DOI:10.1007/978-3-642-05465-5_2,2
DOI:10.1016/s0377-2217(97)00271-3,DOI:10.1007/978-3-642-05465-5_3,2
DOI:10.1016/s0377-2217(97)00271-3,DOI:10.1007/s12469-009-0014-9,2
DOI:10.1016/s0377-2217(97)00271-3,DOI:10.1287/trsc.1060.0161,3
DOI:10.1016/s0377-2217(97)00271-3,DOI:10.4230/oasics.atmos.2010.156,2
DOI:10.1016/s0377-2217(97)00271-3,"LIEBCHEN C, 2007, LECT NOTES COMPUT SC, V4359, P3",2
DOI:10.1016/s0377-2217(97)00271-3,"LIEBCHEN C, 2008, HEUREKA 08 OPTIMIERU",2
DOI:10.1016/s0377-2217(97)00271-3,DOI:10.1007/s00291-011-0251-6,2
DOI:10.1016/s0377-2217(97)00271-3,DOI:10.1016/j.cor.2009.03.022,2
DOI:10.1016/s0377-2217(97)00271-3,DOI:10.1016/j.trb.2014.01.009,2
DOI:10.1016/s0377-2217(97)00271-3,DOI:10.1287/trsc.1120.0424,2
DOI:10.1057/jors.1979.190,DOI:10.1145/210332.210337,2
DOI:10.1057/jors.1979.190,DOI:10.1287/moor.1040.0098,2
DOI:10.1057/jors.1979.190,DOI:10.1287/trsc.1030.0051,3
DOI:10.1057/jors.1979.190,"[ANONYMOUS], 1979, ZEITSCHRIFT FUR OPERATIONS RESEARCH",2
DOI:10.1145/210332.210337,DOI:10.1287/moor.1040.0098,2
DOI:10.1145/210332.210337,DOI:10.1287/trsc.1030.0051,2
DOI:10.1145/210332.210337,"[ANONYMOUS], 1979, ZEITSCHRIFT FUR OPERATIONS RESEARCH",2
DOI:10.1287/moor.1040.0098,DOI:10.1287/trsc.1030.0051,2
DOI:10.1287/moor.1040.0098,"[ANONYMOUS], 1979, ZEITSCHRIFT FUR OPERATIONS RESEARCH",2
DOI:10.1287/trsc.1030.0051,"[ANONYMOUS], 1979, ZEITSCHRIFT FUR OPERATIONS RESEARCH",2
DOI:10.1007/bf02125332,DOI:10.1007/s11116-016-9695-5,2
DOI:10.1007/bf02125332,DOI:10.14257/ijt.2013.1.1.05,2
DOI:10.1007/bf02125332,DOI:10.3141/2415-10,2
DOI:10.1007/bf02125332,DOI:10.5038/2375-0901.6.4.5],3
DOI:10.1007/bf02125332,"VAN GOEVERDEN C, 2006, EUR TRANSP, P5",3
DOI:10.1007/bf02125332,DOI:10.1016/j.tra.2005.12.008,3
DOI:10.1007/bf02125332,"HODGE DC., 1994, FARE FREE POLICY COS",2
DOI:10.1007/bf02125332,DOI:10.1016/j.healthplace.2012.01.003,2
DOI:10.1007/bf02125332,"MOHRING H, 1972, AM ECON REV, V62, P591",2
DOI:10.1007/s12205-016-0705-0,DOI:10.1016/j.tranpol.2010.08.005,3
DOI:10.1007/s12205-016-0705-0,DOI:10.1080/014416400295365,2
DOI:10.1007/s12205-016-0705-0,DOI:10.1080/01441640500115835,2
DOI:10.1007/s12205-016-0705-0,DOI:10.1080/15568318.2013.710136,2
DOI:10.1007/s12205-016-0705-0,DOI:10.3141/2242-02,2
DOI:10.1007/s12205-016-0705-0,DOI:10.3390/su9010043,2
DOI:10.1007/s12205-016-0705-0,DOI:10.1016/j.tranpol.2012.11.005,2
DOI:10.1016/j.ecolind.2011.09.010,DOI:10.1061/(asce)1076-0342(2005)11:1(31),2
DOI:10.1016/j.ecolind.2011.09.010,DOI:10.1080/15568318.2017.1377789,2
DOI:10.1016/j.ecolind.2011.09.010,DOI:10.3141/2017-02,2
DOI:10.1016/j.ecolind.2011.09.010,DOI:10.1016/j.trd.2009.09.002,2
DOI:10.1016/j.ecolind.2011.09.010,DOI:10.1016/j.ecolind.2013.06.001,2
DOI:10.1016/j.ecolind.2011.09.010,DOI:10.3390/su8010029,2
DOI:10.1016/j.ecolind.2011.09.010,DOI:10.1111/1468-2451.5502003,2
DOI:10.1016/j.habitatint.2010.03.006,DOI:10.1080/15568318.2013.710136,2
DOI:10.1016/j.habitatint.2010.03.006,DOI:10.3141/2017-02,2
DOI:10.1016/j.jtrangeo.2004.11.005],DOI:10.1016/j.tranpol.2007.10.004,2
DOI:10.1016/j.jtrangeo.2011.03.009,DOI:10.1080/01441640500115835,2
DOI:10.1016/j.jtrangeo.2011.03.009,"NEWMAN P., 1989, CITIES AND AUTOMOBILE DEPENDENCE: AN INTERNATIONAL SOURCEBOOK",2
DOI:10.1016/j.jtrangeo.2011.03.009,"RODRIGUE JEAN-PAUL., 2006, GEOGRAPHY TRANSPORT, V3RD",2
DOI:10.1016/j.jtrangeo.2011.03.009,DOI:10.3390/su11071965,2
DOI:10.1016/j.jtrangeo.2011.03.009,"[ANONYMOUS], 1987, OUR COMMON FUTURE",2
DOI:10.1016/j.jtrangeo.2011.03.009,DOI:10.1016/j.jtrangeo.2013.07.004,2
DOI:10.1016/j.jtrangeo.2011.03.009,DOI:10.1016/j.retrec.2016.04.008,3
DOI:10.1016/j.jtrangeo.2011.03.009,DOI:10.1016/j.tranpol.2007.10.005,5
DOI:10.1016/j.jtrangeo.2011.03.009,DOI:10.1016/j.tranpol.2012.07.005,2
DOI:10.1016/j.jtrangeo.2011.03.009,DOI:10.14712/23361964.2016.3],2
DOI:10.1016/j.jtrangeo.2011.03.009,DOI:10.1016/j.jtrangeo.2012.01.021,2
DOI:10.1016/j.jtrangeo.2011.03.009,DOI:10.1016/j.trd.2020.102465,2
DOI:10.1016/j.jtrangeo.2011.03.009,"[ANONYMOUS], 2013, GUIDELINES. DEVELOPING AND IMPLEMENTING A SUSTAINABLE URBAN MOBILITY PLAN",2
DOI:10.1016/j.jtrangeo.2011.03.009,DOI:10.1016/j.jtrangeo.2013.10.013,2
DOI:10.1016/j.jtrangeo.2011.03.009,"NEWMAN P., 1999, SUSTAINABILITY CITIE",2
DOI:10.1016/j.tranpol.2007.10.004,DOI:10.1080/014416400295365,2
DOI:10.1016/j.tranpol.2007.10.004,DOI:10.1080/15568310701517265,2
DOI:10.1016/j.tranpol.2007.10.004,DOI:10.1504/ijgenvi.2006.010889],4
DOI:10.1016/j.tranpol.2007.10.004,"NEWMAN P., 1989, CITIES AND AUTOMOBILE DEPENDENCE: AN INTERNATIONAL SOURCEBOOK",2
DOI:10.1016/j.tranpol.2007.10.004,DOI:10.1016/j.jtrangeo.2009.09.014,2
DOI:10.1016/j.tranpol.2007.10.004,DOI:10.1016/j.retrec.2016.07.011,2
DOI:10.1016/j.tranpol.2007.10.004,DOI:10.1016/j.tranpol.2007.10.005,11
DOI:10.1016/j.tranpol.2007.10.004,DOI:10.1016/j.tranpol.2010.10.003,2
DOI:10.1016/j.tranpol.2007.10.004,DOI:10.1016/s0967-070x(99)00016-5,2
DOI:10.1016/j.tranpol.2007.10.004,DOI:10.1016/j.retrec.2010.03.002,3
DOI:10.1016/j.tranpol.2007.10.004,DOI:10.1016/j.tranpol.2004.11.004,2
DOI:10.1016/j.tranpol.2007.10.004,DOI:10.1016/s0967-070x(03)00020-9,2
DOI:10.1016/j.tranpol.2007.10.004,DOI:10.1080/01442872.2012.695933,2
DOI:10.1016/j.tranpol.2007.10.004,DOI:10.1016/j.jtrangeo.2004.12.002,5
DOI:10.1016/j.tranpol.2007.10.004,DOI:10.1016/j.tranpol.2010.10.006,2
DOI:10.1016/j.tranpol.2007.10.004,DOI:10.1007/s12544-017-0224-1,2
DOI:10.1016/j.tranpol.2007.10.004,DOI:10.1016/j.tra.2013.03.004,2
DOI:10.1016/j.tranpol.2007.10.004,DOI:10.1016/j.tra.2017.05.008,2
DOI:10.1016/j.tranpol.2007.10.004,DOI:10.1016/j.cstp.2014.09.001,2
DOI:10.1016/j.tranpol.2010.08.005,DOI:10.1080/014416400295365,2
DOI:10.1016/j.tranpol.2010.08.005,DOI:10.1080/01441640500115835,2
DOI:10.1016/j.tranpol.2010.08.005,DOI:10.1080/15568318.2013.710136,2
DOI:10.1016/j.tranpol.2010.08.005,DOI:10.3141/2242-02,2
DOI:10.1016/j.tranpol.2010.08.005,DOI:10.3390/su9010043,2
DOI:10.1016/j.tranpol.2010.08.005,DOI:10.1016/j.tra.2008.03.011,2
DOI:10.1016/j.tranpol.2010.08.005,DOI:10.1016/j.tranpol.2010.04.006,3
DOI:10.1016/j.tranpol.2010.08.005,DOI:10.1016/j.tranpol.2010.07.007,2
DOI:10.1016/j.tranpol.2010.08.005,DOI:10.1016/s0965-8564(02)00075-7,2
DOI:10.1016/j.tranpol.2010.08.005,DOI:10.1016/j.tranpol.2012.11.005,2
DOI:10.1016/j.tranpol.2010.08.005,DOI:10.1016/j.tranpol.2013.07.001,2
DOI:10.1016/s1361-9209(98)00010-8,DOI:10.1016/j.jtrangeo.2011.10.001,2
DOI:10.1016/s1361-9209(98)00010-8,DOI:10.1016/s0277-9536(01)00212-x,2
DOI:10.1016/s1361-9209(98)00010-8,DOI:10.1061/(asce)0733-9488(2002)128:4(225),2
DOI:10.1016/s1361-9209(98)00010-8,DOI:10.1068/b33043,2
DOI:10.1016/s1361-9209(98)00010-8,DOI:10.1080/01944365908978307,2
DOI:10.1016/s1361-9209(98)00010-8,DOI:10.1080/13658810802646679,2
DOI:10.1016/s1361-9209(98)00010-8,DOI:10.1080/13658810902835404,2
DOI:10.1016/s1361-9209(98)00010-8,DOI:10.3141/1604-07,2
DOI:10.1016/s1361-9209(98)00010-8,DOI:10.3141/1835-05,2
DOI:10.1016/s1361-9209(98)00010-8,DOI:10.5038/2375-0901.10.2.5,2
DOI:10.1016/s1361-9209(98)00010-8,"KIMPEL THOMASJ., 2007, URISA JOURNAL, V19, P5",2
DOI:10.1016/s1361-9209(98)00010-8,"[ANONYMOUS], 2007, PUBLIC TRANSIT PLANNING AND OPERATION: THEORY, MODELLING, AND PRACTICE",2
DOI:10.1016/s1361-9209(98)00010-8,"[ANONYMOUS], 2011, VISUM 11 52 FUND VIS",2
DOI:10.1061/(asce)1076-0342(2005)11:1(31),DOI:10.1504/ijgenvi.2006.010889],2
DOI:10.1061/(asce)1076-0342(2005)11:1(31),"[ANONYMOUS], 1987, OUR COMMON FUTURE, V1",3
DOI:10.1061/(asce)1076-0342(2005)11:1(31),DOI:10.1016/j.jtrangeo.2004.11.003],2
DOI:10.1061/(asce)1076-0342(2005)11:1(31),DOI:10.1111/1468-2451.5502003,2
DOI:10.1080/014416400295365,DOI:10.1080/01441640500115835,2
DOI:10.1080/014416400295365,DOI:10.1080/15568318.2013.710136,2
DOI:10.1080/014416400295365,DOI:10.1080/15568318.2015.1055535,2
DOI:10.1080/014416400295365,DOI:10.3141/2242-02,2
DOI:10.1080/014416400295365,DOI:10.3390/su9010043,2
DOI:10.1080/014416400295365,"SCHILLER P.L., 2010, INTRO SUSTAINABLE TR",2
DOI:10.1080/014416400295365,"[ANONYMOUS], INDICATORS ASSESS 1",2
DOI:10.1080/014416400295365,DOI:10.1016/j.tranpol.2007.10.005,2
DOI:10.1080/01441640500115835,DOI:10.1080/15568318.2013.710136,2
DOI:10.1080/01441640500115835,DOI:10.3141/2242-02,2
DOI:10.1080/01441640500115835,DOI:10.3390/su9010043,2
DOI:10.1080/01441640500115835,DOI:10.1080/01441647.2017.1298683,2
DOI:10.1080/15568310701517265,DOI:10.1504/ijgenvi.2006.010889],3
DOI:10.1080/15568310701517265,"NEWMAN P., 1989, CITIES AND AUTOMOBILE DEPENDENCE: AN INTERNATIONAL SOURCEBOOK",2
DOI:10.1080/15568310701517265,DOI:10.1080/01441647.2012.744779,2
DOI:10.1080/15568310701517265,"NEWMAN P., 2015, END AUTOMOBILE DEPEN, P105",2
DOI:10.1080/15568318.2013.710136,DOI:10.3141/2017-02,2
DOI:10.1080/15568318.2013.710136,DOI:10.3141/2242-02,2
DOI:10.1080/15568318.2013.710136,DOI:10.3390/su9010043,2
DOI:10.1504/ijgenvi.2006.010889],"NEWMAN P., 1989, CITIES AND AUTOMOBILE DEPENDENCE: AN INTERNATIONAL SOURCEBOOK",2
DOI:10.1504/ijgenvi.2006.010889],"RODRIGUE JEAN-PAUL., 2006, GEOGRAPHY TRANSPORT, V3RD",2
DOI:10.1504/ijgenvi.2006.010889],"[ANONYMOUS], 1987, OUR COMMON FUTURE, V1",3
DOI:10.1504/ijgenvi.2006.010889],DOI:10.1016/j.retrec.2010.03.002,3
DOI:10.1504/ijgenvi.2006.010889],DOI:10.1016/j.tranpol.2004.11.004,2
DOI:10.1504/ijgenvi.2006.010889],DOI:10.1016/s0967-070x(96)00034-0,2
DOI:10.1504/ijgenvi.2006.010889],DOI:10.1007/s12544-017-0224-1,2
DOI:10.1504/ijgenvi.2006.010889],DOI:10.1016/j.tra.2013.03.004,2
DOI:10.1504/ijgenvi.2006.010889],DOI:10.1016/j.tra.2017.05.008,2
DOI:10.1504/ijgenvi.2006.010889],DOI:10.1016/j.tranpol.2007.10.005,3
DOI:10.1504/ijgenvi.2006.010889],"BLACK W.R., 2010, SUSTAINABLE TRANSPORTATION",2
DOI:10.3141/2017-02,"[ANONYMOUS], 1987, OUR COMMON FUTURE",2
DOI:10.3141/2242-02,DOI:10.3390/su9010043,2
"NEWMAN P., 1989, CITIES AND AUTOMOBILE DEPENDENCE: AN INTERNATIONAL SOURCEBOOK","SCHILLER P.L., 2010, INTRO SUSTAINABLE TR",2
"NEWMAN P., 1989, CITIES AND AUTOMOBILE DEPENDENCE: AN INTERNATIONAL SOURCEBOOK","NEWMAN P., 2015, END AUTOMOBILE DEPEN, P105",2
"NEWMAN P., 1989, CITIES AND AUTOMOBILE DEPENDENCE: AN INTERNATIONAL SOURCEBOOK","NEWMAN P., 1999, SUSTAINABILITY CITIE",2
"RODRIGUE JEAN-PAUL., 2006, GEOGRAPHY TRANSPORT, V3RD","[ANONYMOUS], 1987, OUR COMMON FUTURE, V1",2
"RODRIGUE JEAN-PAUL., 2006, GEOGRAPHY TRANSPORT, V3RD","NEWMAN P., 1999, SUSTAINABILITY CITIE",2
"SCHILLER P.L., 2010, INTRO SUSTAINABLE TR","[ANONYMOUS], INDICATORS ASSESS 1",2
"SCHILLER P.L., 2010, INTRO SUSTAINABLE TR","NEWMAN P., 1999, SUSTAINABILITY CITIE",2
"[ANONYMOUS], 1987, OUR COMMON FUTURE, V1","BANISTER D., 2005, UNSUSTAINABLE TRANSP",2
"[ANONYMOUS], 1987, OUR COMMON FUTURE, V1","BLACK W.R., 2010, SUSTAINABLE TRANSPORTATION",2
"[ANONYMOUS], 1987, OUR COMMON FUTURE, V1",DOI:10.1016/j.tranpol.2008.12.010,2
DOI:10.1007/bf01386390,DOI:10.1109/tssc.1968.300136,3
DOI:10.1007/bf01386390,DOI:10.1287/opre.17.4.583,2
DOI:10.1007/bf01386390,DOI:10.1016/j.entcs.2003.12.019,3
DOI:10.1007/bf01386390,DOI:10.1145/1227161.1227166,2
"EUROPEAN COMMISSION, 2007, GREEN PAPER NO. COM(2007) 551 FINAL",DOI:10.1016/j.jtrangeo.2018.02.006,2
"EUROPEAN COMMISSION, 2007, GREEN PAPER NO. COM(2007) 551 FINAL","EUROPEAN COMMISSION, 2009, COM",2
"EUROPEAN COMMISSION, 2007, GREEN PAPER NO. COM(2007) 551 FINAL","EUROPEAN COMMISSION, 2013, TOGETHER TOWARDS COMPETITIVE AND RESOURCE-EFFICIENT URBAN MOBILITY",2
"EUROPEAN COMMISSION, 2007, GREEN PAPER NO. COM(2007) 551 FINAL","WEFERING F., 2014, GUIDELINES: DEVELOPING AND IMPLEMENTING A SUSTAINABLE URBAN MOBILITY PLAN",2
DOI:10.1016/j.atmosres.2011.04.019,DOI:10.1016/j.tra.2014.07.014,2
DOI:10.1016/j.atmosres.2011.04.019,DOI:10.1016/j.tranpol.2012.11.016,2
DOI:10.1016/j.atmosres.2011.04.019,DOI:10.1177/0013916506294594,2
DOI:10.1016/j.enpol.2014.05.055,DOI:10.1016/j.tranpol.2012.11.016,2
DOI:10.1016/j.tra.2014.07.014,DOI:10.1016/j.tranpol.2012.11.016,2
DOI:10.1016/j.tra.2014.07.014,DOI:10.1177/0013916506294594,2
DOI:10.1016/j.tranpol.2012.11.016,DOI:10.1177/0013916506294594,2
DOI:10.1093/biomet/70.1.41,DOI:10.1016/j.jtrangeo.2023.103685,2
"BERMAN W, 2005, TRANSPORT RES REC, P245",DOI:10.1016/j.retrec.2012.05.020,2
"BERMAN W, 2005, TRANSPORT RES REC, P245",DOI:10.1016/j.retrec.2012.06.011,2
"BERMAN W, 2005, TRANSPORT RES REC, P245",DOI:10.1016/j.tra.2015.01.003,2
"BERMAN W, 2005, TRANSPORT RES REC, P245",DOI:10.1016/j.tranpol.2010.07.001,2
"BERMAN W, 2005, TRANSPORT RES REC, P245",DOI:10.5038/2375-0901.15.1.4,2
"BERMAN W, 2005, TRANSPORT RES REC, P245","O'SULLIVAN P J., 2004, TRANSPORT POLICY, V11, P215",2
DOI:10.1016/j.retrec.2012.05.020,DOI:10.1016/j.retrec.2012.06.011,2
DOI:10.1016/j.retrec.2012.05.020,DOI:10.1016/j.tra.2015.01.003,2
DOI:10.1016/j.retrec.2012.05.020,DOI:10.1016/j.tranpol.2010.07.001,3
DOI:10.1016/j.retrec.2012.05.020,DOI:10.1504/writr.2010.031577,2
DOI:10.1016/j.retrec.2012.05.020,DOI:10.5038/2375-0901.15.1.4,2
DOI:10.1016/j.retrec.2012.05.020,"O'SULLIVAN P J., 2004, TRANSPORT POLICY, V11, P215",2
DOI:10.1016/j.retrec.2012.05.020,"POWELL WW, 1990, RES ORGAN BEHAV, V12, P295",2
DOI:10.1016/j.retrec.2012.05.020,DOI:10.1080/15568318.2017.1292374,3
DOI:10.1016/j.retrec.2012.05.020,DOI:10.3390/su8111120,2
DOI:10.1016/j.retrec.2012.05.020,DOI:10.1007/s12544-011-0057-2],2
DOI:10.1016/j.retrec.2012.05.020,DOI:10.1016/j.jtrangeo.2018.04.025,2
DOI:10.1016/j.retrec.2012.05.020,DOI:10.1016/j.retrec.2014.09.029,3
DOI:10.1016/j.retrec.2012.05.020,DOI:10.1080/09654313.2017.1362376,2
DOI:10.1016/j.retrec.2012.05.020,DOI:10.3390/su8060542,2
DOI:10.1016/j.retrec.2012.06.011,DOI:10.1016/j.tra.2015.01.003,3
DOI:10.1016/j.retrec.2012.06.011,DOI:10.1016/j.tranpol.2010.07.001,3
DOI:10.1016/j.retrec.2012.06.011,DOI:10.1016/s0966-6923(00)00019-3],2
DOI:10.1016/j.retrec.2012.06.011,DOI:10.1111/j.1467-9248.1996.tb00343.x,2
DOI:10.1016/j.retrec.2012.06.011,DOI:10.1257/jep.5.1.97,2
DOI:10.1016/j.retrec.2012.06.011,DOI:10.5038/2375-0901.15.1.4,3
DOI:10.1016/j.retrec.2012.06.011,"O'SULLIVAN P J., 2004, TRANSPORT POLICY, V11, P215",2
DOI:10.1016/j.retrec.2012.06.011,DOI:10.1016/j.jtrangeo.2009.09.014,2
DOI:10.1016/j.retrec.2012.06.011,DOI:10.1016/j.tra.2017.05.008,2
DOI:10.1016/j.retrec.2012.06.011,DOI:10.1016/j.tranpol.2007.10.005,3
DOI:10.1016/j.retrec.2012.06.011,DOI:10.1017/cbo9781316681725],2
DOI:10.1016/j.retrec.2012.06.011,DOI:10.1080/135017606061071406,3
DOI:10.1016/j.retrec.2012.06.011,DOI:10.1111/j.1467-9299.2009.01753.x,2
DOI:10.1016/j.retrec.2012.06.011,DOI:10.1177/0275074016643181,2
DOI:10.1016/j.retrec.2012.06.011,DOI:10.1177/1077800405284363,3
DOI:10.1016/j.retrec.2012.06.011,"GEORGE ALEXANDERL., 2005, CASE STUDIES AND THEORY DEVELOPMENT IN THE SOCIAL SCIENCES",4
DOI:10.1016/j.retrec.2012.06.011,"GUY PETERSB., 2013, THE SAGE HANDBOOK OF GOVERNANCE, P78",2
DOI:10.1016/j.retrec.2012.06.011,"HERITIER ADRIENNE., 2002, COMMON GOODS: REINVENTING EUROPEAN INTEGRATION GOVERNANCE",2
DOI:10.1016/j.retrec.2012.06.011,DOI:10.1016/s0967-070x(99)00016-5,3
DOI:10.1016/j.retrec.2012.06.011,DOI:10.1068/c11241,2
DOI:10.1016/j.retrec.2012.06.011,DOI:10.1080/14649357.2013.845682,2
DOI:10.1016/j.retrec.2012.06.011,DOI:10.3390/su8060542,3
DOI:10.1016/j.retrec.2012.06.011,DOI:10.1016/j.retrec.2018.04.004,2
DOI:10.1016/j.retrec.2012.06.011,DOI:10.1016/j.retrec.2018.06.013,2
DOI:10.1016/j.retrec.2012.06.011,DOI:10.1016/j.tranpol.2019.05.018,2
DOI:10.1016/j.retrec.2012.06.011,DOI:10.1080/0144164042000335779,2
DOI:10.1016/j.retrec.2012.06.011,DOI:10.1093/jopart/mum015,2
DOI:10.1016/j.retrec.2012.06.011,DOI:10.1016/j.jtrangeo.2018.04.025,3
DOI:10.1016/j.retrec.2012.06.011,DOI:10.1080/15568318.2017.1292374,4
DOI:10.1016/j.retrec.2012.06.011,DOI:10.1080/1464935042000250195,2
DOI:10.1016/j.retrec.2012.06.011,DOI:10.1177/08854120022092980,2
DOI:10.1016/j.retrec.2012.06.011,"FLYVBJERG B., 1998, RATIONALITY POWER DE",2
DOI:10.1016/j.retrec.2012.06.011,"YIN R.K., 2014, APPLICATIONS OF CASE STUDY RESEARCH, V2ND",2
DOI:10.1016/j.retrec.2012.06.011,"[ANONYMOUS], 2007, QUALITATIVE RES PRAC",2
DOI:10.1016/j.retrec.2012.06.011,DOI:10.1093/jopart/mum032,2
DOI:10.1016/j.tra.2015.01.003,DOI:10.1016/j.tranpol.2010.07.001,4
DOI:10.1016/j.tra.2015.01.003,DOI:10.1504/writr.2010.031577,2
DOI:10.1016/j.tra.2015.01.003,DOI:10.5038/2375-0901.15.1.4,3
DOI:10.1016/j.tra.2015.01.003,"O'SULLIVAN P J., 2004, TRANSPORT POLICY, V11, P215",2
DOI:10.1016/j.tra.2015.01.003,"POWELL WW, 1990, RES ORGAN BEHAV, V12, P295",2
DOI:10.1016/j.tra.2015.01.003,DOI:10.1068/c11241,2
DOI:10.1016/j.tra.2015.01.003,DOI:10.1177/1077800405284363,3
DOI:10.1016/j.tra.2015.01.003,DOI:10.3390/su8060542,3
DOI:10.1016/j.tra.2015.01.003,DOI:10.1016/j.cstp.2017.12.003,2
DOI:10.1016/j.tra.2015.01.003,DOI:10.1016/j.jtrangeo.2008.06.005,2
DOI:10.1016/j.tra.2015.01.003,DOI:10.1016/j.jtrangeo.2018.04.025,2
DOI:10.1016/j.tra.2015.01.003,DOI:10.1080/0811114042000269308,2
DOI:10.1016/j.tra.2015.01.003,DOI:10.1080/15568318.2017.1292374,2
DOI:10.1016/j.tra.2015.01.003,DOI:10.1111/1477-8947.12093,2
DOI:10.1016/j.tra.2015.01.003,"GEORGE ALEXANDERL., 2005, CASE STUDIES AND THEORY DEVELOPMENT IN THE SOCIAL SCIENCES",2
DOI:10.1016/j.tra.2015.01.003,"[ANONYMOUS], 1999, TRANSPORT POLICY",2
DOI:10.1016/j.tra.2015.01.003,DOI:10.1007/s11116-009-9221-0,2
DOI:10.1016/j.tra.2015.01.003,DOI:10.1080/15568318.2013.821008,2
DOI:10.1016/j.tranpol.2010.07.001,DOI:10.1504/writr.2010.031577,3
DOI:10.1016/j.tranpol.2010.07.001,DOI:10.5038/2375-0901.15.1.4,2
DOI:10.1016/j.tranpol.2010.07.001,"O'SULLIVAN P J., 2004, TRANSPORT POLICY, V11, P215",3
DOI:10.1016/j.tranpol.2010.07.001,"POWELL WW, 1990, RES ORGAN BEHAV, V12, P295",3
DOI:10.1016/j.tranpol.2010.07.001,"CHRISTENSEN T., 2007, TCENDING NEW PUBLIC",2
DOI:10.1016/j.tranpol.2010.07.001,DOI:10.1016/j.jtrangeo.2018.04.025,2
DOI:10.1016/j.tranpol.2010.07.001,DOI:10.1016/j.tra.2008.05.006,2
DOI:10.1016/j.tranpol.2010.07.001,DOI:10.1080/09540962.2016.1103410,2
DOI:10.1016/j.tranpol.2010.07.001,DOI:10.1080/15568318.2017.1292374,2
DOI:10.1016/j.tranpol.2010.07.001,DOI:10.1093/jopart/mum015,2
DOI:10.1016/j.tranpol.2010.07.001,DOI:10.1108/ijpsm-01-2015-0009,2
DOI:10.1016/j.tranpol.2010.07.001,DOI:10.1177/0951692894006001002,2
DOI:10.1016/j.tranpol.2010.07.001,DOI:10.3390/su8060542,2
DOI:10.1016/j.tranpol.2010.07.001,"INNO-V KCW REBELGROUP NEA TOI SDB, 2008, CONTR URB PUBL TRANS",2
DOI:10.1016/j.tranpol.2010.07.001,"STANLEY J. K., 2010, RESEARCH IN TRANSPORTATION ECONOMICS, V29, P99",2
DOI:10.1016/j.tranpol.2010.07.001,"ALS P., 2017, HVORDAN FAR VI MERE",2
DOI:10.1016/j.tranpol.2010.07.001,"LONGVA F., 2007, COMPETITION OWNERSHI",2
DOI:10.1016/s0966-6923(00)00019-3],DOI:10.1111/j.1467-9248.1996.tb00343.x,2
DOI:10.1016/s0966-6923(00)00019-3],DOI:10.1257/jep.5.1.97,2
DOI:10.1016/s0966-6923(00)00019-3],DOI:10.1016/j.tranpol.2007.10.005,2
DOI:10.1017/cbo9780511606892.012,"O'SULLIVAN P J., 2004, TRANSPORT POLICY, V11, P215",2
DOI:10.1068/c0543,DOI:10.1068/c0899r,2
DOI:10.1068/c0543,DOI:10.1504/writr.2010.031577,2
DOI:10.1068/c0543,DOI:10.1016/s0967-070x(03)00020-9,2
DOI:10.1068/c0899r,DOI:10.1177/0308518x16673367,2
DOI:10.1068/c0899r,DOI:10.1257/jep.5.1.97,2
DOI:10.1068/c0899r,DOI:10.1504/writr.2010.031577,2
DOI:10.1068/c0899r,DOI:10.1016/j.jtrangeo.2004.12.002,2
DOI:10.1068/c0899r,DOI:10.1016/j.tranpol.2010.10.007,2
DOI:10.1068/c0899r,DOI:10.1016/s0967-070x(03)00020-9,2
DOI:10.1068/c0899r,DOI:10.1080/02513625.2008.10557003,2
DOI:10.1111/j.1467-9248.1996.tb00343.x,DOI:10.1257/jep.5.1.97,2
DOI:10.1177/0308518x16673367,DOI:10.1257/jep.5.1.97,2
DOI:10.1177/0308518x16673367,DOI:10.1016/j.tranpol.2010.10.007,2
DOI:10.1177/0308518x16673367,DOI:10.1111/0952-1895.00121,2
DOI:10.1177/0308518x16673367,DOI:10.1111/j.1467-9248.1996.tb00334.x,2
DOI:10.1177/0308518x16673367,DOI:10.1111/j.1478-9302.2011.00240.x,2
DOI:10.1257/jep.5.1.97,DOI:10.1016/j.tranpol.2007.10.005,2
DOI:10.1504/writr.2010.031577,"POWELL WW, 1990, RES ORGAN BEHAV, V12, P295",3
DOI:10.1504/writr.2010.031577,"CHRISTENSEN T., 2007, TCENDING NEW PUBLIC",2
DOI:10.1504/writr.2010.031577,DOI:10.1016/j.tra.2008.05.006,2
DOI:10.1504/writr.2010.031577,DOI:10.1080/09540962.2016.1103410,2
DOI:10.1504/writr.2010.031577,DOI:10.1108/ijpsm-01-2015-0009,2
DOI:10.1504/writr.2010.031577,DOI:10.1177/0951692894006001002,2
DOI:10.1504/writr.2010.031577,DOI:10.1177/0956247806063947,2
DOI:10.1504/writr.2010.031577,"INNO-V KCW REBELGROUP NEA TOI SDB, 2008, CONTR URB PUBL TRANS",2
DOI:10.5038/2375-0901.15.1.4,"O'SULLIVAN P J., 2004, TRANSPORT POLICY, V11, P215",2
DOI:10.5038/2375-0901.15.1.4,DOI:10.1016/j.cstp.2017.12.003,2
DOI:10.5038/2375-0901.15.1.4,DOI:10.1016/j.jtrangeo.2018.04.025,2
DOI:10.5038/2375-0901.15.1.4,DOI:10.1016/j.regsciurbeco.2008.05.014,2
DOI:10.5038/2375-0901.15.1.4,DOI:10.1016/j.retrec.2018.07.005,2
DOI:10.5038/2375-0901.15.1.4,DOI:10.1080/15568318.2017.1292374,4
DOI:10.5038/2375-0901.15.1.4,DOI:10.1080/15568318.2018.1431821,2
DOI:10.5038/2375-0901.15.1.4,DOI:10.1186/s12544-019-0374-4,2
DOI:10.5038/2375-0901.15.1.4,DOI:10.3390/su8060542,3
DOI:10.5038/2375-0901.15.1.4,"GEORGE ALEXANDERL., 2005, CASE STUDIES AND THEORY DEVELOPMENT IN THE SOCIAL SCIENCES",2
DOI:10.5038/2375-0901.15.1.4,"[ANONYMOUS], 1999, TRANSPORT POLICY",2
DOI:10.5038/2375-0901.15.1.4,DOI:10.1080/01441647.2016.1177799,2
DOI:10.5038/2375-0901.15.1.4,DOI:10.1093/jopart/mum032,2
DOI:10.5038/2375-0901.15.1.4,DOI:10.1111/j.1468-0491.2011.01550.x,2
DOI:10.5038/2375-0901.15.1.4,DOI:10.1111/psj.12212,2
DOI:10.5038/2375-0901.15.1.4,DOI:10.1111/puar.12076,2
DOI:10.5038/2375-0901.15.1.4,DOI:10.1177/1078087411400379,2
DOI:10.5038/2375-0901.15.1.4,DOI:10.2307/1952530,2
DOI:10.5038/2375-0901.15.1.4,"HUITEMA D, 2009, ECOL SOC, V14",2
DOI:10.5038/2375-0901.15.1.4,"OSTROM E, 1972, SOC SCI QUART, V53, P474",2
"O'SULLIVAN P J., 2004, TRANSPORT POLICY, V11, P215",DOI:10.1016/s0967-070x(99)00016-5,2
"O'SULLIVAN P J., 2004, TRANSPORT POLICY, V11, P215","GEORGE ALEXANDERL., 2005, CASE STUDIES AND THEORY DEVELOPMENT IN THE SOCIAL SCIENCES",2
"POWELL WW, 1990, RES ORGAN BEHAV, V12, P295","CHRISTENSEN T., 2007, TCENDING NEW PUBLIC",2
"POWELL WW, 1990, RES ORGAN BEHAV, V12, P295",DOI:10.1016/j.tra.2008.05.006,2
"POWELL WW, 1990, RES ORGAN BEHAV, V12, P295",DOI:10.1080/09540962.2016.1103410,2
"POWELL WW, 1990, RES ORGAN BEHAV, V12, P295",DOI:10.1108/ijpsm-01-2015-0009,2
"POWELL WW, 1990, RES ORGAN BEHAV, V12, P295",DOI:10.1177/0951692894006001002,2
"POWELL WW, 1990, RES ORGAN BEHAV, V12, P295","INNO-V KCW REBELGROUP NEA TOI SDB, 2008, CONTR URB PUBL TRANS",2
DOI:10.1016/j.habitatint.2009.12.003,DOI:10.1016/j.measurement.2013.08.068,2
DOI:10.1016/j.habitatint.2009.12.003,DOI:10.1016/j.tra.2014.08.020,2
DOI:10.1016/j.measurement.2013.08.068,DOI:10.1016/j.tra.2014.08.020,2
DOI:10.1016/j.retrec.2012.05.023,"SAMI JARBOUI, 2013, [交通运输系统工程与信息, JOURNAL OF TRANSPORATION SYSTEMS ENGINEERING & INFORMATION TECHNOLOGY], V13, P64",2
DOI:10.1016/j.trd.2009.09.002,"LITMAN T., 2008, SUSTAINABLE TRANSPOR",2
"SAMI JARBOUI, 2013, [交通运输系统工程与信息, JOURNAL OF TRANSPORATION SYSTEMS ENGINEERING & INFORMATION TECHNOLOGY], V13, P64",DOI:10.1007/bf01205442],2
"SAMI JARBOUI, 2013, [交通运输系统工程与信息, JOURNAL OF TRANSPORATION SYSTEMS ENGINEERING & INFORMATION TECHNOLOGY], V13, P64",DOI:10.1007/s12469-012-0055-3,2
"SAMI JARBOUI, 2013, [交通运输系统工程与信息, JOURNAL OF TRANSPORATION SYSTEMS ENGINEERING & INFORMATION TECHNOLOGY], V13, P64",DOI:10.1016/j.cstp.2014.05.004,2
"SAMI JARBOUI, 2013, [交通运输系统工程与信息, JOURNAL OF TRANSPORATION SYSTEMS ENGINEERING & INFORMATION TECHNOLOGY], V13, P64",DOI:10.1016/j.tra.2011.10.005,2
"SAMI JARBOUI, 2013, [交通运输系统工程与信息, JOURNAL OF TRANSPORATION SYSTEMS ENGINEERING & INFORMATION TECHNOLOGY], V13, P64",DOI:10.3846/16484142.2013.785019,2
DOI:10.1007/s10797-005-1619-9,DOI:10.1016/s0967-070x(99)00016-5,2
DOI:10.1016/j.jtrangeo.2009.09.014,DOI:10.1016/j.tranpol.2007.10.005,6
DOI:10.1016/j.jtrangeo.2009.09.014,DOI:10.1016/s0967-070x(99)00016-5,2
DOI:10.1016/j.jtrangeo.2009.09.014,DOI:10.1016/j.rtbm.2018.09.001,2
DOI:10.1016/j.jtrangeo.2009.09.014,DOI:10.1016/j.tra.2017.05.008,4
DOI:10.1016/j.jtrangeo.2009.09.014,DOI:10.1016/s0048-7333(02)00062-8,2
DOI:10.1016/j.jtrangeo.2009.09.014,DOI:10.1080/135017606061071406,2
DOI:10.1016/j.jtrangeo.2009.09.014,DOI:10.1177/1077800405284363,2
DOI:10.1016/j.jtrangeo.2009.09.014,"GEORGE ALEXANDERL., 2005, CASE STUDIES AND THEORY DEVELOPMENT IN THE SOCIAL SCIENCES",2
DOI:10.1016/j.jtrangeo.2009.09.014,"GUY PETERSB., 2013, THE SAGE HANDBOOK OF GOVERNANCE, P78",2
DOI:10.1016/j.jtrangeo.2009.09.014,"HERITIER ADRIENNE., 2002, COMMON GOODS: REINVENTING EUROPEAN INTEGRATION GOVERNANCE",2
DOI:10.1016/j.jtrangeo.2009.09.014,DOI:10.1016/j.jtrangeo.2018.04.025,2
DOI:10.1016/j.jtrangeo.2009.09.014,DOI:10.1016/j.tra.2013.10.013,2
DOI:10.1016/j.jtrangeo.2009.09.014,DOI:10.1016/j.tranpol.2016.08.014,2
DOI:10.1016/j.jtrangeo.2009.09.014,DOI:10.1007/s12544-017-0224-1,2
DOI:10.1016/j.jtrangeo.2009.09.014,DOI:10.1016/j.cstp.2014.09.001,2
DOI:10.1016/j.jtrangeo.2009.09.014,DOI:10.1016/j.retrec.2016.04.008,2
DOI:10.1016/j.jtrangeo.2009.09.014,DOI:10.3390/su7067784,2
DOI:10.1016/j.retrec.2016.07.011,DOI:10.1016/j.tranpol.2007.10.005,2
DOI:10.1016/j.tranpol.2007.10.005,DOI:10.1016/j.tranpol.2010.10.003,2
DOI:10.1016/j.tranpol.2007.10.005,DOI:10.1016/j.tranpol.2012.11.005,4
DOI:10.1016/j.tranpol.2007.10.005,DOI:10.1016/j.trd.2005.05.002,2
DOI:10.1016/j.tranpol.2007.10.005,DOI:10.1016/s0967-070x(99)00016-5,3
DOI:10.1016/j.tranpol.2007.10.005,DOI:10.1016/j.trc.2010.12.003,2
DOI:10.1016/j.tranpol.2007.10.005,DOI:10.1080/01441647.2016.1257660,2
DOI:10.1016/j.tranpol.2007.10.005,"MARTENS K, 2017, TRANSPORT JUSTICE: DESIGNING FAIR TRANSPORTATION SYSTEMS, P1",2
DOI:10.1016/j.tranpol.2007.10.005,"TORRISI V., 2020, INT C COMP SCI ITS A, P613",2
DOI:10.1016/j.tranpol.2007.10.005,DOI:10.1016/j.tra.2013.03.002,2
DOI:10.1016/j.tranpol.2007.10.005,DOI:10.1111/issj.12189,2
DOI:10.1016/j.tranpol.2007.10.005,DOI:10.1080/01944365908978307,4
DOI:10.1016/j.tranpol.2007.10.005,DOI:10.3390/su12093563,2
DOI:10.1016/j.tranpol.2007.10.005,DOI:10.5038/2375-0901.10.3.2],3
DOI:10.1016/j.tranpol.2007.10.005,"KWAN MP, 1999, PROF GEOGR, V51, P210",2
DOI:10.1016/j.tranpol.2007.10.005,DOI:10.1016/j.tra.2004.07.001,2
DOI:10.1016/j.tranpol.2007.10.005,DOI:10.1016/j.tranpol.2012.01.013,5
DOI:10.1016/j.tranpol.2007.10.005,DOI:10.1016/j.tbs.2022.08.012,2
DOI:10.1016/j.tranpol.2007.10.005,DOI:10.1016/j.tra.2017.05.008,7
DOI:10.1016/j.tranpol.2007.10.005,DOI:10.1016/j.tranpol.2018.04.012,2
DOI:10.1016/j.tranpol.2007.10.005,DOI:10.1016/j.jtrangeo.2018.04.025,3
DOI:10.1016/j.tranpol.2007.10.005,DOI:10.1016/j.retrec.2014.09.029,2
DOI:10.1016/j.tranpol.2007.10.005,DOI:10.1016/j.tra.2008.05.008,2
DOI:10.1016/j.tranpol.2007.10.005,DOI:10.1016/j.tranpol.2011.07.004,4
DOI:10.1016/j.tranpol.2007.10.005,DOI:10.1080/09540962.2016.1103410,2
DOI:10.1016/j.tranpol.2007.10.005,DOI:10.1080/15568318.2017.1292374,3
DOI:10.1016/j.tranpol.2007.10.005,"HEALEY P., 1997, COLLABORATIVE PLANNING: SHAPING PLACES IN A FRAGMENTED SOCIETY",2
DOI:10.1016/j.tranpol.2007.10.005,DOI:10.1016/j.cities.2021.103153,2
DOI:10.1016/j.tranpol.2007.10.005,DOI:10.1016/j.retrec.2014.09.026,3
DOI:10.1016/j.tranpol.2007.10.005,DOI:10.1016/j.tranpol.2012.07.003,2
DOI:10.1016/j.tranpol.2007.10.005,DOI:10.1016/j.trd.2020.102330,3
DOI:10.1016/j.tranpol.2007.10.005,DOI:10.1002/eet.1777,2
DOI:10.1016/j.tranpol.2007.10.005,DOI:10.1016/j.erss.2018.07.008,2
DOI:10.1016/j.tranpol.2007.10.005,DOI:10.1016/j.jtrangeo.2012.01.021,3
DOI:10.1016/j.tranpol.2007.10.005,DOI:10.1016/j.respol.2007.01.003,2
DOI:10.1016/j.tranpol.2007.10.005,DOI:10.1016/j.respol.2013.10.010,2
DOI:10.1016/j.tranpol.2007.10.005,DOI:10.1016/j.rtbm.2018.09.001,2
DOI:10.1016/j.tranpol.2007.10.005,DOI:10.1016/j.tra.2017.09.012,3
DOI:10.1016/j.tranpol.2007.10.005,DOI:10.1016/s0048-7333(02)00062-8,3
DOI:10.1016/j.tranpol.2007.10.005,DOI:10.1080/135017606061071406,2
DOI:10.1016/j.tranpol.2007.10.005,DOI:10.1111/1468-2427.00276,2
DOI:10.1016/j.tranpol.2007.10.005,DOI:10.1177/0263276404046059,2
DOI:10.1016/j.tranpol.2007.10.005,DOI:10.1177/1077800405284363,2
DOI:10.1016/j.tranpol.2007.10.005,"GEORGE ALEXANDERL., 2005, CASE STUDIES AND THEORY DEVELOPMENT IN THE SOCIAL SCIENCES",3
DOI:10.1016/j.tranpol.2007.10.005,"GUY PETERSB., 2013, THE SAGE HANDBOOK OF GOVERNANCE, P78",2
DOI:10.1016/j.tranpol.2007.10.005,"HERITIER ADRIENNE., 2002, COMMON GOODS: REINVENTING EUROPEAN INTEGRATION GOVERNANCE",2
DOI:10.1016/j.tranpol.2007.10.005,"SPERLING D., 2018, 3 REVOLUTIONS STEERI",2
DOI:10.1016/j.tranpol.2007.10.005,DOI:10.1080/01442872.2012.695933,2
DOI:10.1016/j.tranpol.2007.10.005,DOI:10.1080/1523908x.2016.1141672,2
DOI:10.1016/j.tranpol.2007.10.005,DOI:10.1016/j.jtrangeo.2020.102634,2
DOI:10.1016/j.tranpol.2007.10.005,DOI:10.1016/j.retrec.2009.11.002,2
DOI:10.1016/j.tranpol.2007.10.005,DOI:10.1016/j.tranpol.2012.01.015,2
DOI:10.1016/j.tranpol.2007.10.005,DOI:10.1038/s41558-020-0877-y,2
DOI:10.1016/j.tranpol.2007.10.005,DOI:10.1080/01441647.2016.1177799,5
DOI:10.1016/j.tranpol.2007.10.005,DOI:10.1016/j.jtrangeo.2008.06.005,2
DOI:10.1016/j.tranpol.2007.10.005,DOI:10.1016/j.tra.2013.10.013,2
DOI:10.1016/j.tranpol.2007.10.005,DOI:10.1016/j.tranpol.2016.08.014,2
DOI:10.1016/j.tranpol.2007.10.005,DOI:10.1016/j.tranpol.2019.05.018,2
DOI:10.1016/j.tranpol.2007.10.005,"SCOTT W R., 2014, INSTITUTIONS AND ORGANIZATIONS. IDEAS, V4A",2
DOI:10.1016/j.tranpol.2007.10.005,DOI:10.1016/j.jtrangeo.2004.12.002,6
DOI:10.1016/j.tranpol.2007.10.005,"FLYVBJERG B., 1998, RATIONALITY POWER DE",2
DOI:10.1016/j.tranpol.2007.10.005,"FREDRIKSSON C., 2011, PLANNING IN THE NEW REALITY: STRATEGIC ELEMENTS AND APPROACHES IN SWEDISH MUNICIPALITIES",2
DOI:10.1016/j.tranpol.2007.10.005,"YIN R.K., 2014, APPLICATIONS OF CASE STUDY RESEARCH, V2ND",2
DOI:10.1016/j.tranpol.2007.10.005,DOI:10.1016/j.tranpol.2014.08.001,2
DOI:10.1016/j.tranpol.2007.10.005,DOI:10.1016/j.trpro.2014.11.026,9
DOI:10.1016/j.tranpol.2007.10.005,DOI:10.1017/s0007123405000050,2
DOI:10.1016/j.tranpol.2007.10.005,DOI:10.1080/01442870902863828,2
DOI:10.1016/j.tranpol.2007.10.005,DOI:10.1080/01442870902863851,2
DOI:10.1016/j.tranpol.2007.10.005,DOI:10.1080/09644016.2019.1521979,2
DOI:10.1016/j.tranpol.2007.10.005,DOI:10.1080/09654313.2013.844775,2
DOI:10.1016/j.tranpol.2007.10.005,DOI:10.1111/0952-1895.00121,2
DOI:10.1016/j.tranpol.2007.10.005,DOI:10.1177/0969776412453147,2
DOI:10.1016/j.tranpol.2007.10.005,"RUPPRECHT CONSULT, 2019, GUIDELINES FOR DEVELOPING AND IMPLEMENTING A SUSTAINABLE URBAN MOBILITY PLAN, VSECOND",5
DOI:10.1016/j.tranpol.2007.10.005,"CRESWELL JW., 2018, JOURNAL OF INVESTIGATIVE SURGERY : THE OFFICIAL JOURNAL OF THE ACADEMY OF SURGICAL RESEARCH, V5TH",2
DOI:10.1016/j.tranpol.2007.10.005,DOI:10.1007/s12544-017-0224-1,4
DOI:10.1016/j.tranpol.2007.10.005,DOI:10.1016/j.cstp.2014.09.001,10
DOI:10.1016/j.tranpol.2007.10.005,DOI:10.1016/j.cstp.2020.08.005,3
DOI:10.1016/j.tranpol.2007.10.005,DOI:10.1016/j.jenvman.2018.10.039,5
DOI:10.1016/j.tranpol.2007.10.005,DOI:10.1016/j.retrec.2016.04.008,4
DOI:10.1016/j.tranpol.2007.10.005,DOI:10.3390/su10020479,4
DOI:10.1016/j.tranpol.2007.10.005,DOI:10.3390/su11174605,4
DOI:10.1016/j.tranpol.2007.10.005,"ELTIS, 2014, URB MOB PLANS NAT AP",2
DOI:10.1016/j.tranpol.2007.10.005,"LOZZI G., 2017, POLITICHE MOBILITA U, P1",2
DOI:10.1016/j.tranpol.2007.10.005,"BUHRMANN S., 2014, DEV IMPLEMENTING SUS",2
DOI:10.1016/j.tranpol.2007.10.005,DOI:10.1007/978-3-030-58820-5_45,2
DOI:10.1016/j.tranpol.2007.10.005,DOI:10.1016/j.jenvp.2008.10.004,2
DOI:10.1016/j.tranpol.2007.10.005,DOI:10.1016/j.jtrangeo.2020.102664,2
DOI:10.1016/j.tranpol.2007.10.005,DOI:10.1016/j.tra.2018.06.007,2
DOI:10.1016/j.tranpol.2007.10.005,DOI:10.1016/j.tranpol.2005.12.005,3
DOI:10.1016/j.tranpol.2007.10.005,DOI:10.1016/j.tranpol.2018.07.001,4
DOI:10.1016/j.tranpol.2007.10.005,DOI:10.1016/j.trd.2020.102465,4
DOI:10.1016/j.tranpol.2007.10.005,DOI:10.1061/(asce)0733-9488(2005)131:4(246),2
DOI:10.1016/j.tranpol.2007.10.005,DOI:10.3390/su11102929,3
DOI:10.1016/j.tranpol.2007.10.005,DOI:10.3390/su12208436,4
DOI:10.1016/j.tranpol.2007.10.005,DOI:10.4324/9780203074435,2
DOI:10.1016/j.tranpol.2007.10.005,"ELTIS, 2019, GUIDELINES FOR DEVELOPING AND IMPLEMENTING A SUSTAINABLE URBAN MOBILITY PLAN, V2ND",2
DOI:10.1016/j.tranpol.2007.10.005,DOI:10.1016/0965-8564(95)00033-x,2
DOI:10.1016/j.tranpol.2007.10.005,DOI:10.1016/j.enpol.2011.11.068,3
DOI:10.1016/j.tranpol.2007.10.005,DOI:10.1016/j.futures.2008.07.021,2
DOI:10.1016/j.tranpol.2007.10.005,DOI:10.1016/j.jth.2016.07.003,2
DOI:10.1016/j.tranpol.2007.10.005,DOI:10.1016/j.jtrangeo.2013.07.004,4
DOI:10.1016/j.tranpol.2007.10.005,DOI:10.1016/j.tranpol.2012.07.005,2
DOI:10.1016/j.tranpol.2007.10.005,DOI:10.14712/23361964.2016.3],2
DOI:10.1016/j.tranpol.2007.10.005,DOI:10.1007/s12544-012-0075-8,2
DOI:10.1016/j.tranpol.2007.10.005,DOI:10.1016/j.envint.2014.05.014,2
DOI:10.1016/j.tranpol.2007.10.005,DOI:10.1016/j.scs.2018.11.011,2
DOI:10.1016/j.tranpol.2007.10.005,DOI:10.1080/15568311003650531,2
DOI:10.1016/j.tranpol.2007.10.005,"SCHROTEN A., 2019, STATE OF PLAY OF INTERNALISATION IN THE EUROPEAN TRANSPORT SECTOR",2
DOI:10.1016/j.tranpol.2007.10.005,DOI:10.1016/j.tranpol.2010.10.004,2
DOI:10.1016/j.tranpol.2007.10.005,DOI:10.1016/j.tranpol.2010.10.005,2
DOI:10.1016/j.tranpol.2007.10.005,DOI:10.1016/j.tranpol.2010.10.006,3
DOI:10.1016/j.tranpol.2007.10.005,DOI:10.1016/j.tranpol.2010.10.007,2
DOI:10.1016/j.tranpol.2007.10.005,DOI:10.1016/j.tranpol.2010.10.009,2
DOI:10.1016/j.tranpol.2007.10.005,DOI:10.1080/02513625.2008.10557003,2
DOI:10.1016/j.tranpol.2007.10.005,DOI:10.1111/j.1467-9248.1996.tb00334.x,2
DOI:10.1016/j.tranpol.2007.10.005,DOI:10.1111/j.1478-9302.2011.00240.x,2
DOI:10.1016/j.tranpol.2007.10.005,"RIETVELD PIET., 2005, BARRIERS TO SUSTAINABLE TRANSPORT. INSTITUTIONS",2
DOI:10.1016/j.tranpol.2007.10.005,DOI:10.1016/j.jtrangeo.2011.06.010,3
DOI:10.1016/j.tranpol.2007.10.005,DOI:10.1016/j.retrec.2010.03.002,3
DOI:10.1016/j.tranpol.2007.10.005,DOI:10.1016/j.tra.2013.03.004,2
DOI:10.1016/j.tranpol.2007.10.005,DOI:10.1016/j.tra.2016.12.001,2
DOI:10.1016/j.tranpol.2007.10.005,DOI:10.1016/j.trpro.2014.11.024,2
DOI:10.1016/j.tranpol.2007.10.005,DOI:10.1016/s0967-070x(01)00004-x,2
DOI:10.1016/j.tranpol.2007.10.005,"RUPPRECHT S., 2019, GUIDELINES FOR DEVELOPING AND IMPLEMENTING A SUSTAINABLE URBAN MOBILITY PLAN, V2ND",3
DOI:10.1016/j.tranpol.2007.10.005,DOI:10.1016/j.eist.2017.05.002,2
DOI:10.1016/j.tranpol.2007.10.005,DOI:10.1016/j.eist.2019.01.004,3
DOI:10.1016/j.tranpol.2007.10.005,DOI:10.1016/j.enpol.2010.08.020,2
DOI:10.1016/j.tranpol.2007.10.005,DOI:10.1016/j.gloenvcha.2021.102224,2
DOI:10.1016/j.tranpol.2007.10.005,DOI:10.1016/j.jtrangeo.2006.11.008,3
DOI:10.1016/j.tranpol.2007.10.005,DOI:10.1016/j.jtrangeo.2012.06.003,3
DOI:10.1016/j.tranpol.2007.10.005,DOI:10.1016/j.respol.2010.01.020,2
DOI:10.1016/j.tranpol.2007.10.005,DOI:10.1016/j.respol.2015.09.008,3
DOI:10.1016/j.tranpol.2007.10.005,DOI:10.1016/j.tra.2013.10.012,2
DOI:10.1016/j.tranpol.2007.10.005,DOI:10.1080/01441647.2012.744779,4
DOI:10.1016/j.tranpol.2007.10.005,DOI:10.1111/j.1468-5965.2009.00806.x,2
DOI:10.1016/j.tranpol.2007.10.005,DOI:10.2833/535670,2
DOI:10.1016/j.tranpol.2007.10.005,DOI:10.1007/978-3-030-57764-3_16,2
DOI:10.1016/j.tranpol.2007.10.005,DOI:10.1007/978-3-319-99756-8_11,3
DOI:10.1016/j.tranpol.2007.10.005,DOI:10.1016/j.eist.2012.07.001,3
DOI:10.1016/j.tranpol.2007.10.005,DOI:10.1016/j.tra.2016.03.012,2
DOI:10.1016/j.tranpol.2007.10.005,DOI:10.1016/j.urbmob.2021.100009,2
DOI:10.1016/j.tranpol.2007.10.005,DOI:10.1080/00343404.2022.2058699,2
DOI:10.1016/j.tranpol.2007.10.005,DOI:10.1080/15568318.2013.821008,3
DOI:10.1016/j.tranpol.2007.10.005,DOI:10.3390/su7067086,3
DOI:10.1016/j.tranpol.2007.10.005,"SMEDS E., 2020, CIVITAS SUMP-PLUS PROJECT",2
DOI:10.1016/j.tranpol.2007.10.005,"WEFERING F., 2014, GUIDELINES: DEVELOPING AND IMPLEMENTING A SUSTAINABLE URBAN MOBILITY PLAN",2
DOI:10.1016/j.tranpol.2007.10.005,DOI:10.1016/j.jtrangeo.2016.05.002,3
DOI:10.1016/j.tranpol.2007.10.005,DOI:10.1016/j.jtrangeo.2020.102798,3
DOI:10.1016/j.tranpol.2007.10.005,DOI:10.1038/s41560-021-00856-z,2
DOI:10.1016/j.tranpol.2007.10.005,DOI:10.11606/0103-2070.ts.2018.142763,2
DOI:10.1016/j.tranpol.2007.10.005,DOI:10.3390/su13115950,2
DOI:10.1016/j.tranpol.2007.10.005,DOI:10.1016/j.cstp.2022.06.007,3
DOI:10.1016/j.tranpol.2007.10.005,DOI:10.5198/jtlu.2021.1710,2
DOI:10.1016/j.tranpol.2007.10.005,DOI:10.1016/j.aap.2016.04.039,2
DOI:10.1016/j.tranpol.2007.10.005,DOI:10.1016/j.envint.2011.02.003,3
DOI:10.1016/j.tranpol.2007.10.005,DOI:10.1016/j.envsci.2015.10.015,2
DOI:10.1016/j.tranpol.2007.10.005,DOI:10.1016/j.jth.2017.02.011,3
DOI:10.1016/j.tranpol.2007.10.005,DOI:10.1016/j.landusepol.2016.11.015,3
DOI:10.1016/j.tranpol.2007.10.005,DOI:10.1016/j.trf.2016.06.022,2
DOI:10.1016/j.tranpol.2007.10.005,DOI:10.1016/j.ypmed.2015.04.010,2
DOI:10.1016/j.tranpol.2007.10.005,DOI:10.1080/01441640701806612,3
DOI:10.1016/j.tranpol.2007.10.005,DOI:10.1186/s12966-014-0132-x,2
DOI:10.1016/j.tranpol.2007.10.005,DOI:10.3390/su11010221,2
DOI:10.1016/j.tranpol.2007.10.005,DOI:10.3390/su11071965,4
DOI:10.1016/j.tranpol.2007.10.005,DOI:10.7307/ptt.v29i3.2265,2
DOI:10.1016/j.tranpol.2007.10.005,"EUROPEAN COMMISSION (EC), COM490 EC",2
DOI:10.1016/j.tranpol.2007.10.005,"EUROPEAN COMMISSION (EC), COM501 EC",2
DOI:10.1016/j.tranpol.2007.10.005,"EUROPEAN COMMISSION (EC), COM913 EC",2
DOI:10.1016/j.tranpol.2007.10.005,"GREEN G., 2014, HLTH CITIES PROMOTIN",2
DOI:10.1016/j.tranpol.2007.10.005,"LEP M., 2017, PROMETNA STUDIJA IZV",2
DOI:10.1016/j.tranpol.2007.10.005,"LEP M., 2018, PROMETNA STUDIJA IZV",2
DOI:10.1016/j.tranpol.2007.10.005,"MARSHALL S., 2001, PLANNING FOR A SUSTAINABLE FUTURE, P131",2
DOI:10.1016/j.tranpol.2007.10.005,"PLEVNIK A., 2012, PRIJAZNA MOBILNOST Z",2
DOI:10.1016/j.tranpol.2007.10.005,"PLEVNIK A., 2016, OKOLJE PROMET ZDRAVJ",2
DOI:10.1016/j.tranpol.2007.10.005,"VODNIK S, 2014, PROMETNA STUDIJA IZV",2
DOI:10.1016/j.tranpol.2007.10.005,"WHO, PHYS ACT KEY FACTS",2
DOI:10.1016/j.tranpol.2007.10.005,DOI:10.1016/j.atmosenv.2015.04.009,2
DOI:10.1016/j.tranpol.2007.10.005,DOI:10.1016/j.tra.2019.09.033,2
DOI:10.1016/j.tranpol.2007.10.005,DOI:10.1068/a37268,4
DOI:10.1016/j.tranpol.2007.10.005,DOI:10.1068/d11407,2
DOI:10.1016/j.tranpol.2007.10.005,DOI:10.1080/01944366908977225,4
DOI:10.1016/j.tranpol.2007.10.005,DOI:10.1111/j.1538-4632.1998.tb00396.x,3
DOI:10.1016/j.tranpol.2007.10.005,DOI:10.1177/0042098015583626,2
DOI:10.1016/j.tranpol.2007.10.005,DOI:10.3390/su7067784,2
DOI:10.1016/j.tranpol.2007.10.005,"MCCANN BARBARA., 2013, COMPLETING OUR STREETS: THE TRANSITION TO SAFE AND INCLUSIVE TRANSPORTATION NETWORKS",2
DOI:10.1016/j.tranpol.2007.10.005,DOI:10.1016/j.retrec.2018.05.001,3
DOI:10.1016/j.tranpol.2007.10.005,DOI:10.1080/19463138.2011.607166,2
DOI:10.1016/j.tranpol.2007.10.005,"YOUNG I.M., 2000, INCLUSION AND DEMOCRACY",2
DOI:10.1016/j.tranpol.2007.10.005,DOI:10.1016/j.tra.2011.06.007,2
DOI:10.1016/j.tranpol.2007.10.005,DOI:10.1177/08854122211012898,2
DOI:10.1016/j.tranpol.2007.10.005,"LODOVICI M.S., 2015, SOCIAL INCLUSION IN EU PUBLIC TRANSPORT",2
DOI:10.1016/j.tranpol.2007.10.005,"SHELLER MIMI., 2018, MOBILITY JUSTICE POL",2
DOI:10.1016/j.tranpol.2007.10.005,"[ANONYMOUS], 2013, GUIDELINES. DEVELOPING AND IMPLEMENTING A SUSTAINABLE URBAN MOBILITY PLAN",2
DOI:10.1016/j.tranpol.2007.10.005,DOI:10.1016/j.habitatint.2009.09.008,2
DOI:10.1016/j.tranpol.2007.10.005,DOI:10.1016/j.jtrangeo.2010.01.005,2
DOI:10.1016/j.tranpol.2007.10.005,DOI:10.1016/j.sbspro.2014.12.222,2
DOI:10.1016/j.tranpol.2007.10.005,DOI:10.1016/j.tranpol.2012.01.012,2
DOI:10.1016/j.tranpol.2007.10.005,DOI:10.1016/s0967-070x(03)00021-0],2
DOI:10.1016/j.tranpol.2007.10.005,"[ANONYMOUS], 2005, DEV SUSTAINABLE URBA",2
DOI:10.1016/j.tranpol.2007.10.005,DOI:10.1016/j.erss.2016.03.026,2
DOI:10.1016/j.tranpol.2007.10.005,"BUEHLER R, 2021, URBAN IND ENVIRON, P1",2
DOI:10.1016/j.tranpol.2007.10.005,DOI:10.1007/978-3-319-75774-2_46,3
DOI:10.1016/j.tranpol.2007.10.005,DOI:10.1007/978-981-10-4888-33],2
DOI:10.1016/j.tranpol.2007.10.005,DOI:10.1016/j.iatssr.2020.06.002,2
DOI:10.1016/j.tranpol.2007.10.005,DOI:10.1016/j.rtbm.2015.03.003,2
DOI:10.1016/j.tranpol.2007.10.005,DOI:10.1016/j.trc.2016.12.009,2
DOI:10.1016/j.tranpol.2007.10.005,DOI:10.1016/j.ypmed.2009.07.028,2
DOI:10.1016/j.tranpol.2007.10.005,DOI:10.1080/23311916.2017.1326548,2
DOI:10.1016/j.tranpol.2007.10.005,DOI:10.1080/23311916.2020.1759395,2
DOI:10.1016/j.tranpol.2007.10.005,DOI:10.1108/srj-09-2017-0174,2
DOI:10.1016/j.tranpol.2007.10.005,DOI:10.3390/su12156011,2
DOI:10.1016/j.tranpol.2007.10.005,DOI:10.3390/su122410420,2
DOI:10.1016/j.tranpol.2007.10.005,DOI:10.1016/s0965-8564(99)00005-1,2
DOI:10.1016/j.tranpol.2007.10.005,DOI:10.1177/0739456x10366302,2
DOI:10.1016/j.tranpol.2007.10.005,"GWILLIAM K., 2004, REDUCING AIR POLLUTION FROM URBAN TRANSPORT, IBRD/WB",2
DOI:10.1016/j.tranpol.2007.10.005,"BANISTER D., 2005, BARRIERS TO SUSTAINABLE TRANSPORT: INSTITUTIONS, REGULATIONS AND SUSTAINABILITY",2
DOI:10.1016/j.tranpol.2007.10.005,DOI:10.1016/j.jtrangeo.2014.07.010,2
DOI:10.1016/j.tranpol.2007.10.005,DOI:10.1016/j.jclepro.2017.11.052,2
DOI:10.1016/j.tranpol.2007.10.005,DOI:10.1016/j.rtbm.2020.100432,2
DOI:10.1016/j.tranpol.2007.10.005,DOI:10.1016/j.tranpol.2014.10.017,4
DOI:10.1016/j.tranpol.2007.10.005,DOI:10.1016/j.trb.2008.03.002,2
DOI:10.1016/j.tranpol.2007.10.005,DOI:10.1080/23311886.2019.1653531,2
DOI:10.1016/j.tranpol.2007.10.005,"WRIGHT L., 2007, BUS RAPID TRANSIT PL, V3RD",2
DOI:10.1016/j.tranpol.2007.10.005,DOI:10.1007/s10479-014-1681-8,2
DOI:10.1016/j.tranpol.2007.10.005,DOI:10.1007/s12544-017-0258-4,2
DOI:10.1016/j.tranpol.2007.10.005,DOI:10.1088/1748-9326/ab299b,2
DOI:10.1016/j.tranpol.2007.10.005,DOI:10.3390/su10103647,2
DOI:10.1016/j.tranpol.2007.10.005,DOI:10.1016/j.trc.2012.09.009,2
DOI:10.1016/j.tranpol.2007.10.005,DOI:10.3390/su11010009,2
DOI:10.1016/j.tranpol.2007.10.005,"AN F., 1993, TRANSPORT RES REC, P105",2
DOI:10.1016/j.tranpol.2007.10.005,"BAKER M. A., 1994, THESIS",2
DOI:10.1016/j.tranpol.2007.10.005,DOI:10.1007/bf01936872,2
DOI:10.1016/j.tranpol.2007.10.005,DOI:10.1016/j.jtrangeo.2014.11.004,2
DOI:10.1016/j.tranpol.2007.10.005,DOI:10.1016/j.trd.2015.04.013,2
DOI:10.1016/j.tranpol.2007.10.005,DOI:10.1080/02693799108927856,2
DOI:10.1016/j.tranpol.2007.10.005,DOI:10.1080/13658810802097485,2
DOI:10.1016/j.tranpol.2007.10.005,DOI:10.1111/j.1467-8667.2012.00756.x,2
DOI:10.1016/j.tranpol.2007.10.005,DOI:10.1111/j.1538-4632.1999.tb00976.x,2
DOI:10.1016/j.tranpol.2007.10.005,DOI:10.1016/j.jtrangeo.2004.10.002],2
DOI:10.1016/j.tranpol.2007.10.005,DOI:10.1016/j.tra.2018.03.030,2
DOI:10.1016/j.tranpol.2007.10.005,"RUBIM BARBARA, 2013, ESTUD. AV., V27, P55",2
DOI:10.1016/j.tranpol.2007.10.005,DOI:10.1016/j.jtrangeo.2004.11.003],2
DOI:10.1016/j.tranpol.2010.10.003,DOI:10.1016/j.tranpol.2010.10.009,2
DOI:10.1016/j.tranpol.2010.10.003,DOI:10.1080/01442870902863851,2
DOI:10.1016/j.tranpol.2010.10.003,DOI:10.1080/02513625.2008.10557003,2
DOI:10.1016/j.tranpol.2012.05.011,DOI:10.1016/j.trd.2005.05.002,2
DOI:10.1016/j.tranpol.2012.11.005,DOI:10.1016/j.jtrangeo.2016.06.019,2
DOI:10.1016/j.tranpol.2012.11.005,DOI:10.1016/j.jup.2013.07.002,2
DOI:10.1016/j.tranpol.2012.11.005,DOI:10.3390/su12093563,2
DOI:10.1016/j.tranpol.2012.11.005,DOI:10.1016/j.retrec.2016.04.001,3
DOI:10.1016/j.tranpol.2012.11.005,DOI:10.1016/j.tbs.2020.01.004,2
DOI:10.1016/j.tranpol.2012.11.005,DOI:10.1016/j.trd.2021.102798,2
DOI:10.1016/j.tranpol.2012.11.005,DOI:10.1080/19427867.2017.1398484,2
DOI:10.1016/j.tranpol.2012.11.005,"PARASURAMAN A, 1988, J RETAILING, V64, P12",2
DOI:10.1016/j.tranpol.2012.11.005,DOI:10.1080/01441647.2017.1298683,2
DOI:10.1016/j.trd.2005.05.002,DOI:10.1016/s0967-070x(99)00016-5,2
DOI:10.1016/j.trd.2005.05.002,DOI:10.1016/j.tranpol.2005.12.004,2
DOI:10.1016/j.trd.2005.05.002,DOI:10.1016/s1361-9209(01)00024-4,2
DOI:10.1016/j.trd.2005.05.002,DOI:10.1016/s1361-9209(97)00009-6,2
DOI:10.1016/j.trd.2005.05.002,"DEPARTMENT OF TRANSPORT AND MAIN ROADS, 2011, CONN SEQ 2031 INT RE",2
DOI:10.1016/j.trd.2005.05.002,DOI:10.1080/01441640802539195,2
DOI:10.1016/j.trd.2005.05.002,DOI:10.1016/j.tranpol.2012.01.015,2
DOI:10.1016/j.trd.2005.05.002,DOI:10.1007/s001680200083,2
DOI:10.1016/s0967-070x(99)00016-5,DOI:10.1016/0965-8564(92)90012-v,2
DOI:10.1016/s0967-070x(99)00016-5,DOI:10.1016/j.jtrangeo.2004.12.002,2
DOI:10.1016/s0967-070x(99)00016-5,DOI:10.1080/0144164032000068984,2
DOI:10.1016/s0967-070x(99)00016-5,DOI:10.1080/0144164042000335779,2
DOI:10.1016/s0967-070x(99)00016-5,DOI:10.1016/b978-008044580-9/50106-9,2
DOI:10.1016/s0967-070x(99)00016-5,DOI:10.1016/j.ijproman.2010.07.003,2
DOI:10.1016/s0967-070x(99)00016-5,DOI:10.1016/j.retrec.2008.05.014,2
DOI:10.1016/s0967-070x(99)00016-5,DOI:10.1016/j.tra.2008.05.001,4
DOI:10.1016/s0967-070x(99)00016-5,DOI:10.1016/j.tra.2008.05.008,3
DOI:10.1016/s0967-070x(99)00016-5,"VAN DE VELDE D.M., 2005, 9 INT C COMP OWN LAN",2
DOI:10.1016/s0967-070x(99)00016-5,"VEENEMAN W., 2007, EUR TRANSP C",2
DOI:10.1016/s0967-070x(99)00016-5,"[ANONYMOUS], 2010, RES TRANSPORTATION E",3
DOI:10.1016/s0967-070x(99)00016-5,"VAN DE VELDE D., 2010, RES TRANSP ECON, V29, P145",2
DOI:10.1016/s0967-070x(99)00016-5,DOI:10.1080/13563475.2012.672797,2
DOI:10.1016/s0967-070x(99)00016-5,"FLYVBJERG B., 1998, RATIONALITY POWER DE",2
DOI:10.1016/s0967-070x(99)00016-5,DOI:10.1007/s12544-011-0057-2],2
DOI:10.1016/s0967-070x(99)00016-5,"HANSSON L., 2010, RES TRANSP ECON, V29, P124",2
DOI:10.1016/s0967-070x(99)00016-5,DOI:10.1080/135017606061071406,2
DOI:10.1016/s0967-070x(99)00016-5,DOI:10.1080/14649357.2013.845682,2
DOI:10.1016/s0967-070x(99)00016-5,DOI:10.1177/1077800405284363,2
DOI:10.1016/s0967-070x(99)00016-5,"GEORGE ALEXANDERL., 2005, CASE STUDIES AND THEORY DEVELOPMENT IN THE SOCIAL SCIENCES",3
DOI:10.1016/s0967-070x(99)00016-5,"LONGVA F., 2010, RESEARCH IN TRANSPORTATION ECONOMICS, V29, P118",2
DOI:10.1515/9781685856540-024,"HOOGHE L, 2003, AM POLIT SCI REV, V97, P233",2
DOI:10.1016/j.tra.2008.03.011,DOI:10.1002/atr.5670320302,2
DOI:10.1016/j.tra.2008.03.011,DOI:10.1007/s00291-011-0251-6,3
DOI:10.1016/j.tra.2008.03.011,DOI:10.1016/j.trb.2015.03.002,3
DOI:10.1016/j.tra.2008.03.011,DOI:10.1061/(asce)te.1943-5436.0000536,2
DOI:10.1016/j.tra.2008.03.011,DOI:10.3141/2284-06,2
DOI:10.1016/j.tra.2008.03.011,DOI:10.1007/s12469-009-0014-9,3
DOI:10.1016/j.tra.2008.03.011,DOI:10.1007/s12469-014-0100-5,2
DOI:10.1016/j.tra.2008.03.011,DOI:10.1016/j.cor.2014.06.025,2
DOI:10.1016/j.tra.2008.03.011,DOI:10.1016/j.trb.2007.11.002,2
DOI:10.1016/j.tra.2008.03.011,DOI:10.1287/trsc.1120.0424,2
DOI:10.1016/j.tra.2008.03.011,DOI:10.1287/trsc.1120.0429,2
DOI:10.1016/j.tra.2008.03.011,DOI:10.1016/j.ejor.2013.01.001,3
DOI:10.1016/j.tra.2008.03.011,DOI:10.1016/j.ejor.2015.12.006,2
DOI:10.1016/j.tra.2008.03.011,DOI:10.1016/j.trb.2012.01.006,2
DOI:10.1016/j.tra.2008.03.011,DOI:10.1016/j.tre.2019.10.001,2
DOI:10.1016/j.tra.2008.03.011,DOI:10.1016/j.jtrangeo.2015.01.009,2
DOI:10.1016/j.tra.2008.03.011,DOI:10.1016/j.tranpol.2015.11.008,2
DOI:10.1016/j.tra.2008.03.011,DOI:10.1016/j.tranpol.2016.03.007,2
DOI:10.1016/j.tra.2008.03.011,DOI:10.1016/j.trc.2016.11.018,2
DOI:10.1016/j.tra.2008.03.011,DOI:10.1080/01441647.2015.1113574,2
DOI:10.1016/j.tra.2008.03.011,DOI:10.1080/0308106052000340387,2
DOI:10.1016/j.tra.2008.03.011,DOI:10.1287/trsc.2014.0578,2
DOI:10.1016/j.tra.2008.03.011,DOI:10.1080/01441647.2015.1065456,2
"BAUM H.J., 1973, J TRANSPORTATION EC, V7, P3",DOI:10.5038/2375-0901.6.4.5],3
DOI:10.1287/trsc.1060.0161,DOI:10.1007/978-3-642-05465-5_2,2
DOI:10.1287/trsc.1060.0161,DOI:10.1007/978-3-642-05465-5_3,2
DOI:10.1287/trsc.1060.0161,DOI:10.1007/s12469-009-0014-9,2
DOI:10.1287/trsc.1060.0161,DOI:10.4230/oasics.atmos.2010.156,2
DOI:10.1287/trsc.1060.0161,"LIEBCHEN C, 2007, LECT NOTES COMPUT SC, V4359, P3",2
DOI:10.1287/trsc.1060.0161,"LIEBCHEN C, 2008, HEUREKA 08 OPTIMIERU",2
DOI:10.1287/trsc.1060.0161,DOI:10.1007/s00291-011-0251-6,2
DOI:10.1287/trsc.1060.0161,DOI:10.1016/j.cor.2009.03.022,2
DOI:10.1287/trsc.1060.0161,DOI:10.1016/j.trb.2014.01.009,2
DOI:10.1287/trsc.1060.0161,DOI:10.1287/trsc.1120.0424,2
DOI:10.4324/9780203891506-4,DOI:10.5038/2375-0901.6.4.5],2
DOI:10.4324/9780203891506-4,DOI:10.1016/s0965-8564(02)00075-7,2
DOI:10.4324/9780203891506-4,DOI:10.1016/s1366-5545(00)00012-0,2
DOI:10.4324/9780203891506-4,DOI:10.1017/cbo9780511805271,4
DOI:10.4324/9780203891506-4,DOI:10.1016/j.tranpol.2011.06.003,2
DOI:10.4324/9780203891506-4,DOI:10.1016/j.tranpol.2012.01.015,2
DOI:10.4324/9780203891506-4,DOI:10.1016/j.jocm.2019.100170,2
DOI:10.4324/9780203891506-4,DOI:10.1017/cbo9781316136232,2
DOI:10.5038/2375-0901.6.4.5],DOI:10.1007/s11116-016-9695-5,2
DOI:10.5038/2375-0901.6.4.5],DOI:10.1007/s11116-019-09986-6,3
DOI:10.5038/2375-0901.6.4.5],DOI:10.1016/j.jtrangeo.2020.102634,2
DOI:10.5038/2375-0901.6.4.5],DOI:10.1177/2399654418821107,2
DOI:10.5038/2375-0901.6.4.5],DOI:10.3141/2415-10,2
DOI:10.5038/2375-0901.6.4.5],"VAN GOEVERDEN C, 2006, EUR TRANSP, P5",2
DOI:10.5038/2375-0901.6.4.5],DOI:10.1007/s11116-022-10299-4,2
DOI:10.5038/2375-0901.6.4.5],DOI:10.1016/j.regsciurbeco.2020.103616,2
DOI:10.5038/2375-0901.6.4.5],DOI:10.1016/j.tranpol.2021.01.009,2
DOI:10.5038/2375-0901.6.4.5],DOI:10.1016/j.healthplace.2012.01.003,2
DOI:10.5038/2375-0901.6.4.5],DOI:10.1016/j.tra.2005.12.008,2
DOI:10.5038/2375-0901.6.4.5],"MOHRING H, 1972, AM ECON REV, V62, P591",2
"GLAISTER S, 1978, J TRANSP ECON POLICY, V12, P304","GOODWIN PB, 1992, J TRANSP ECON POLICY, V26, P155",2
"GLAISTER S, 1978, J TRANSP ECON POLICY, V12, P304","NASH CA, 1978, J TRANSP ECON POLICY, V12, P70",2
"GLAISTER S, 1978, J TRANSP ECON POLICY, V12, P304","OUM TH, 1992, J TRANSP ECON POLICY, V26, P139",2
"GOODWIN PB, 1992, J TRANSP ECON POLICY, V26, P155","NASH CA, 1978, J TRANSP ECON POLICY, V12, P70",2
"GOODWIN PB, 1992, J TRANSP ECON POLICY, V26, P155","OUM TH, 1992, J TRANSP ECON POLICY, V26, P139",3
"GOODWIN PB, 1992, J TRANSP ECON POLICY, V26, P155","DARGAY JM, 2002, J TRANSP ECON POLICY, V36, P73",2
"GOODWIN PB, 1992, J TRANSP ECON POLICY, V26, P155","MOHRING H, 1972, AM ECON REV, V62, P591",2
"NASH CA, 1978, J TRANSP ECON POLICY, V12, P70","OUM TH, 1992, J TRANSP ECON POLICY, V26, P139",2
"OUM TH, 1992, J TRANSP ECON POLICY, V26, P139","MOHRING H, 1972, AM ECON REV, V62, P591",2
DOI:10.1016/bs.atpp.2021.07.002,DOI:10.1016/j.geoforum.2022.05.008,2
DOI:10.1016/j.cities.2023.104348,DOI:10.1016/j.tra.2019.09.004,2
DOI:10.1016/j.cities.2023.104348,DOI:10.5198/jtlu.2022.2213,2
DOI:10.1016/j.tra.2008.05.001,DOI:10.1016/b978-008044580-9/50106-9,2
DOI:10.1016/j.tra.2008.05.001,DOI:10.1016/j.ijproman.2010.07.003,2
DOI:10.1016/j.tra.2008.05.001,DOI:10.1016/j.retrec.2008.05.014,2
DOI:10.1016/j.tra.2008.05.001,DOI:10.1016/j.tra.2008.05.008,2
DOI:10.1016/j.tra.2008.05.001,"VAN DE VELDE D.M., 2005, 9 INT C COMP OWN LAN",2
DOI:10.1016/j.tra.2008.05.001,"VEENEMAN W., 2007, EUR TRANSP C",2
DOI:10.1016/j.tra.2008.05.001,"[ANONYMOUS], 2010, RES TRANSPORTATION E",2
DOI:10.1016/j.tra.2017.05.008,DOI:10.1016/j.tranpol.2011.07.004,2
DOI:10.1016/j.tra.2017.05.008,DOI:10.1016/j.eist.2011.02.002,2
DOI:10.1016/j.tra.2017.05.008,DOI:10.1016/j.eist.2012.07.001,2
DOI:10.1016/j.tra.2017.05.008,DOI:10.1016/j.jtrangeo.2018.04.025,3
DOI:10.1016/j.tra.2017.05.008,DOI:10.1016/j.respol.2010.01.020,2
DOI:10.1016/j.tra.2017.05.008,DOI:10.1016/j.retrec.2018.06.013,2
DOI:10.1016/j.tra.2017.05.008,DOI:10.1016/j.tra.2017.09.012,2
DOI:10.1016/j.tra.2017.05.008,DOI:10.1016/j.tra.2019.09.016,2
DOI:10.1016/j.tra.2017.05.008,DOI:10.1016/j.tra.2019.09.033,2
DOI:10.1016/j.tra.2017.05.008,DOI:10.1177/1368431009349830,2
DOI:10.1016/j.tra.2017.05.008,DOI:10.1002/eet.1777,2
DOI:10.1016/j.tra.2017.05.008,DOI:10.1016/j.erss.2018.07.008,2
DOI:10.1016/j.tra.2017.05.008,DOI:10.1016/j.jtrangeo.2012.01.021,3
DOI:10.1016/j.tra.2017.05.008,DOI:10.1016/s0048-7333(02)00062-8,2
DOI:10.1016/j.tra.2017.05.008,DOI:10.1080/135017606061071406,2
DOI:10.1016/j.tra.2017.05.008,DOI:10.1111/j.1467-9299.2009.01753.x,2
DOI:10.1016/j.tra.2017.05.008,DOI:10.1177/1077800405284363,2
DOI:10.1016/j.tra.2017.05.008,"GEORGE ALEXANDERL., 2005, CASE STUDIES AND THEORY DEVELOPMENT IN THE SOCIAL SCIENCES",2
DOI:10.1016/j.tra.2017.05.008,"GUY PETERSB., 2013, THE SAGE HANDBOOK OF GOVERNANCE, P78",2
DOI:10.1016/j.tra.2017.05.008,"HERITIER ADRIENNE., 2002, COMMON GOODS: REINVENTING EUROPEAN INTEGRATION GOVERNANCE",2
DOI:10.1016/j.tra.2017.05.008,DOI:10.1016/j.tra.2013.10.013,2
DOI:10.1016/j.tra.2017.05.008,DOI:10.1016/j.tranpol.2012.01.015,2
DOI:10.1016/j.tra.2017.05.008,DOI:10.1016/j.tranpol.2016.08.014,2
DOI:10.1016/j.tra.2017.05.008,DOI:10.1080/15568318.2017.1292374,2
DOI:10.1016/j.tra.2017.05.008,DOI:10.1080/15568318.2018.1431821,2
DOI:10.1016/j.tra.2017.05.008,DOI:10.1080/01441647.2016.1177799,2
DOI:10.1016/j.tra.2017.05.008,DOI:10.1007/s11077-009-9102-6,2
DOI:10.1016/j.tra.2017.05.008,DOI:10.1177/030631289019003001,2
DOI:10.1016/j.tra.2017.05.008,DOI:10.3390/su7067086,3
DOI:10.1016/j.tra.2017.05.008,DOI:10.1007/s12544-017-0224-1,2
DOI:10.1016/j.tra.2017.05.008,DOI:10.1016/j.retrec.2010.03.002,2
DOI:10.1016/j.tra.2017.05.008,DOI:10.1016/j.tra.2013.03.004,3
DOI:10.1016/j.tra.2017.05.008,DOI:10.1016/j.tra.2016.12.001,2
DOI:10.1016/j.tra.2017.05.008,DOI:10.1016/j.trd.2020.102465,2
DOI:10.1016/j.tra.2017.05.008,DOI:10.1016/j.cstp.2014.09.001,2
DOI:10.1016/j.tra.2017.05.008,DOI:10.1016/j.eist.2019.01.004,2
DOI:10.1016/j.tra.2017.05.008,DOI:10.1080/15568318.2013.821008,2
DOI:10.1016/j.tra.2017.05.008,"SMEDS E., 2020, CIVITAS SUMP-PLUS PROJECT",2
DOI:10.1016/j.tra.2017.05.008,DOI:10.1016/j.tranpol.2012.01.013,2
DOI:10.1016/j.tra.2017.05.008,DOI:10.3390/su7067784,2
DOI:10.1016/j.tra.2017.05.008,DOI:10.1057/s41599-018-0130-8,2
DOI:10.1016/j.tra.2019.09.004,DOI:10.5198/jtlu.2022.2213,2
DOI:10.1016/j.tranpol.2011.07.004,"FLYVBJERG B., 1998, RATIONALITY POWER DE",2
DOI:10.1016/j.tranpol.2011.07.004,DOI:10.1016/j.jtrangeo.2018.04.025,2
DOI:10.1016/j.tranpol.2011.07.004,DOI:10.1016/j.respol.2010.01.020,2
DOI:10.1016/j.tranpol.2011.07.004,DOI:10.1080/01441647.2018.1466835,2
DOI:10.1016/j.tranpol.2011.07.004,DOI:10.1177/0739456x15613591,2
DOI:10.1016/j.tranpol.2011.07.004,DOI:10.3390/su9020299,2
DOI:10.1016/j.tranpol.2011.07.004,"MARSDEN G., 2018, GOVERNANCE OF THE SMART MOBILITY TRANSITION",2
DOI:10.1016/j.tranpol.2011.07.004,"FREDRIKSSON C., 2011, PLANNING IN THE NEW REALITY: STRATEGIC ELEMENTS AND APPROACHES IN SWEDISH MUNICIPALITIES",2
DOI:10.3141/2394-02,DOI:10.3141/2048-01,2
DOI:10.5198/jtlu.2022.2213,DOI:10.11175/eastsats.4.57,2
"FLYVBJERG B., 1998, RATIONALITY POWER DE",DOI:10.1080/13563475.2012.672797,2
"FLYVBJERG B., 1998, RATIONALITY POWER DE",DOI:10.1017/cbo9780511490934.003],2
"FLYVBJERG B., 1998, RATIONALITY POWER DE",DOI:10.1080/1464935042000250195,2
"FLYVBJERG B., 1998, RATIONALITY POWER DE",DOI:10.1177/08854120022092980,2
"FLYVBJERG B., 1998, RATIONALITY POWER DE","GEORGE ALEXANDERL., 2005, CASE STUDIES AND THEORY DEVELOPMENT IN THE SOCIAL SCIENCES",2
"FLYVBJERG B., 1998, RATIONALITY POWER DE","YIN R.K., 2014, APPLICATIONS OF CASE STUDY RESEARCH, V2ND",2
"FLYVBJERG B., 1998, RATIONALITY POWER DE","[ANONYMOUS], 2007, QUALITATIVE RES PRAC",2
"CHOWDHURY S, 2013, J PUBLIC TRANSPORT, V16, P1","CLEVER R., 1997, TRANSPORTATION RESEARCH RECORD, V1571, P109",3
"CHOWDHURY S, 2013, J PUBLIC TRANSPORT, V16, P1",DOI:10.1007/s11116-011-9377-2,3
"CHOWDHURY S, 2013, J PUBLIC TRANSPORT, V16, P1",DOI:10.1016/0022-2496(77)90033-5,2
"CHOWDHURY S, 2013, J PUBLIC TRANSPORT, V16, P1",DOI:10.1016/j.tra.2006.05.010,3
"CHOWDHURY S, 2013, J PUBLIC TRANSPORT, V16, P1",DOI:10.1016/j.tra.2012.10.001,2
"CHOWDHURY S, 2013, J PUBLIC TRANSPORT, V16, P1",DOI:10.1016/j.tranpol.2006.07.001,3
"CHOWDHURY S, 2013, J PUBLIC TRANSPORT, V16, P1",DOI:10.1016/j.tranpol.2012.01.015,3
"CHOWDHURY S, 2013, J PUBLIC TRANSPORT, V16, P1",DOI:10.1016/j.tranpol.2016.03.007,2
"CHOWDHURY S, 2013, J PUBLIC TRANSPORT, V16, P1",DOI:10.1016/s0264-2751(03)00014-3,3
"CHOWDHURY S, 2013, J PUBLIC TRANSPORT, V16, P1",DOI:10.1016/s0965-8564(00)00006-9,2
"CHOWDHURY S, 2013, J PUBLIC TRANSPORT, V16, P1",DOI:10.1016/s0965-8564(97)00041-4,2
"CHOWDHURY S, 2013, J PUBLIC TRANSPORT, V16, P1",DOI:10.1080/0144164032000107223,3
"CHOWDHURY S, 2013, J PUBLIC TRANSPORT, V16, P1",DOI:10.1080/03081060.2013.851511,2
"CHOWDHURY S, 2013, J PUBLIC TRANSPORT, V16, P1",DOI:10.1504/ijssci.2008.017590,2
"CHOWDHURY S, 2013, J PUBLIC TRANSPORT, V16, P1",DOI:10.3141/1691-01,3
"CHOWDHURY S, 2013, J PUBLIC TRANSPORT, V16, P1",DOI:10.3141/2111-16,3
"CHOWDHURY S, 2013, J PUBLIC TRANSPORT, V16, P1",DOI:10.3141/2114-03,3
"CHOWDHURY S, 2013, J PUBLIC TRANSPORT, V16, P1","GARCIA M.M., 2005, PUBLIC TRANSPORT INT, V54, P36",3
"CHOWDHURY S, 2013, J PUBLIC TRANSPORT, V16, P1","LUK J., 2003, ROAD TRANSPORT RES, V12, P41",3
"CHOWDHURY S, 2013, J PUBLIC TRANSPORT, V16, P1","MAXWELL RR, 2003, TRANSPORT RES REC, P128",3
"CHOWDHURY S, 2013, J PUBLIC TRANSPORT, V16, P1",DOI:10.1080/01441647.2012.707695,3
"CHOWDHURY S, 2013, J PUBLIC TRANSPORT, V16, P1",DOI:10.3141/2072-03,3
"CHOWDHURY S, 2013, J PUBLIC TRANSPORT, V16, P1","MOLIN E, 2009, EUR J TRANSP INFRAST, V9, P397",3
"CHOWDHURY S, 2013, J PUBLIC TRANSPORT, V16, P1",DOI:10.1016/j.tra.2010.11.002,2
"CHOWDHURY S, 2013, J PUBLIC TRANSPORT, V16, P1",DOI:10.3141/2215-01,2
"CLEVER R., 1997, TRANSPORTATION RESEARCH RECORD, V1571, P109",DOI:10.1007/s11116-011-9377-2,4
"CLEVER R., 1997, TRANSPORTATION RESEARCH RECORD, V1571, P109",DOI:10.1016/0022-2496(77)90033-5,2
"CLEVER R., 1997, TRANSPORTATION RESEARCH RECORD, V1571, P109",DOI:10.1016/j.jtrangeo.2010.07.005,2
"CLEVER R., 1997, TRANSPORTATION RESEARCH RECORD, V1571, P109",DOI:10.1016/j.tra.2006.05.010,4
"CLEVER R., 1997, TRANSPORTATION RESEARCH RECORD, V1571, P109",DOI:10.1016/j.tra.2012.10.001,2
"CLEVER R., 1997, TRANSPORTATION RESEARCH RECORD, V1571, P109",DOI:10.1016/j.tranpol.2006.07.001,4
"CLEVER R., 1997, TRANSPORTATION RESEARCH RECORD, V1571, P109",DOI:10.1016/j.tranpol.2012.01.015,4
"CLEVER R., 1997, TRANSPORTATION RESEARCH RECORD, V1571, P109",DOI:10.1016/s0264-2751(03)00014-3,4
"CLEVER R., 1997, TRANSPORTATION RESEARCH RECORD, V1571, P109",DOI:10.1016/s0965-8564(00)00006-9,2
"CLEVER R., 1997, TRANSPORTATION RESEARCH RECORD, V1571, P109",DOI:10.1016/s0965-8564(97)00041-4,2
"CLEVER R., 1997, TRANSPORTATION RESEARCH RECORD, V1571, P109",DOI:10.1080/0144164032000107223,4
"CLEVER R., 1997, TRANSPORTATION RESEARCH RECORD, V1571, P109",DOI:10.1080/03081060.2013.851511,2
"CLEVER R., 1997, TRANSPORTATION RESEARCH RECORD, V1571, P109",DOI:10.1504/ijssci.2008.017590,2
"CLEVER R., 1997, TRANSPORTATION RESEARCH RECORD, V1571, P109",DOI:10.3141/1691-01,4
"CLEVER R., 1997, TRANSPORTATION RESEARCH RECORD, V1571, P109",DOI:10.3141/2111-16,4
"CLEVER R., 1997, TRANSPORTATION RESEARCH RECORD, V1571, P109",DOI:10.3141/2114-03,4
"CLEVER R., 1997, TRANSPORTATION RESEARCH RECORD, V1571, P109","GARCIA M.M., 2005, PUBLIC TRANSPORT INT, V54, P36",4
"CLEVER R., 1997, TRANSPORTATION RESEARCH RECORD, V1571, P109","LUK J., 2003, ROAD TRANSPORT RES, V12, P41",4
"CLEVER R., 1997, TRANSPORTATION RESEARCH RECORD, V1571, P109","MAXWELL RR, 2003, TRANSPORT RES REC, P128",4
"CLEVER R., 1997, TRANSPORTATION RESEARCH RECORD, V1571, P109","CURRIE G., 1998, 22 AUSTR TRANSP RES",2
"CLEVER R., 1997, TRANSPORTATION RESEARCH RECORD, V1571, P109",DOI:10.1080/01441647.2012.707695,2
"CLEVER R., 1997, TRANSPORTATION RESEARCH RECORD, V1571, P109",DOI:10.3141/2072-03,3
"CLEVER R., 1997, TRANSPORTATION RESEARCH RECORD, V1571, P109","MOLIN E, 2009, EUR J TRANSP INFRAST, V9, P397",3
"CLEVER R., 1997, TRANSPORTATION RESEARCH RECORD, V1571, P109","BECKER A.J., 1999, TRANSPORTATION RESEARCH RECORD, V1666, P3",2
"CLEVER R., 1997, TRANSPORTATION RESEARCH RECORD, V1571, P109",DOI:10.1007/s12198-011-0072-5,2
"CLEVER R., 1997, TRANSPORTATION RESEARCH RECORD, V1571, P109",DOI:10.1016/j.jenvp.2007.04.001,2
"CLEVER R., 1997, TRANSPORTATION RESEARCH RECORD, V1571, P109",DOI:10.1016/j.jenvp.2007.09.003,2
"CLEVER R., 1997, TRANSPORTATION RESEARCH RECORD, V1571, P109",DOI:10.1016/j.jtrangeo.2011.12.003,2
"CLEVER R., 1997, TRANSPORTATION RESEARCH RECORD, V1571, P109",DOI:10.1016/j.tra.2005.05.001,2
"CLEVER R., 1997, TRANSPORTATION RESEARCH RECORD, V1571, P109",DOI:10.1016/j.tra.2010.11.002,2
"CLEVER R., 1997, TRANSPORTATION RESEARCH RECORD, V1571, P109",DOI:10.1080/01441640902811304,2
"CLEVER R., 1997, TRANSPORTATION RESEARCH RECORD, V1571, P109",DOI:10.1080/01441649008716748,2
"CLEVER R., 1997, TRANSPORTATION RESEARCH RECORD, V1571, P109",DOI:10.1111/j.1559-1816.2002.tb02068.x,2
"CLEVER R., 1997, TRANSPORTATION RESEARCH RECORD, V1571, P109",DOI:10.1177/0013916506294032,2
"CLEVER R., 1997, TRANSPORTATION RESEARCH RECORD, V1571, P109",DOI:10.1680/muen.2004.157.1.47,2
"CLEVER R., 1997, TRANSPORTATION RESEARCH RECORD, V1571, P109",DOI:10.1680/muen.2009.162.3.149,2
"CLEVER R., 1997, TRANSPORTATION RESEARCH RECORD, V1571, P109",DOI:10.3141/1872-02,2
"CLEVER R., 1997, TRANSPORTATION RESEARCH RECORD, V1571, P109",DOI:10.3141/2034-05,2
"CLEVER R., 1997, TRANSPORTATION RESEARCH RECORD, V1571, P109",DOI:10.3141/2112-14,2
"CLEVER R., 1997, TRANSPORTATION RESEARCH RECORD, V1571, P109",DOI:10.3141/2215-01,2
"CLEVER R., 1997, TRANSPORTATION RESEARCH RECORD, V1571, P109","EBOLI L., 2012, EUROPEAN TRANSPORT - TRANSPORTI EUROPEI, V51, P1",2
"CLEVER R., 1997, TRANSPORTATION RESEARCH RECORD, V1571, P109","[ANONYMOUS], 2011, SOCIAL RES ISSUES ME",2
"CLEVER R., 1997, TRANSPORTATION RESEARCH RECORD, V1571, P109","[陈旭梅 CHEN XUMEI], 2011, [交通运输系统工程与信息, JOURNAL OF TRANSPORATION SYSTEMS ENGINEERING & INFORMATION TECHNOLOGY], V11, P77",2
DOI:10.1007/s11116-011-9377-2,DOI:10.1016/0022-2496(77)90033-5,2
DOI:10.1007/s11116-011-9377-2,DOI:10.1016/j.jtrangeo.2010.07.005,2
DOI:10.1007/s11116-011-9377-2,DOI:10.1016/j.tra.2006.05.010,4
DOI:10.1007/s11116-011-9377-2,DOI:10.1016/j.tra.2012.10.001,2
DOI:10.1007/s11116-011-9377-2,DOI:10.1016/j.tranpol.2006.07.001,4
DOI:10.1007/s11116-011-9377-2,DOI:10.1016/j.tranpol.2012.01.015,4
DOI:10.1007/s11116-011-9377-2,DOI:10.1016/s0264-2751(03)00014-3,4
DOI:10.1007/s11116-011-9377-2,DOI:10.1016/s0965-8564(00)00006-9,2
DOI:10.1007/s11116-011-9377-2,DOI:10.1016/s0965-8564(97)00041-4,2
DOI:10.1007/s11116-011-9377-2,DOI:10.1080/0144164032000107223,4
DOI:10.1007/s11116-011-9377-2,DOI:10.1080/03081060.2013.851511,2
DOI:10.1007/s11116-011-9377-2,DOI:10.1504/ijssci.2008.017590,2
DOI:10.1007/s11116-011-9377-2,DOI:10.3141/1691-01,4
DOI:10.1007/s11116-011-9377-2,DOI:10.3141/2111-16,4
DOI:10.1007/s11116-011-9377-2,DOI:10.3141/2114-03,4
DOI:10.1007/s11116-011-9377-2,"GARCIA M.M., 2005, PUBLIC TRANSPORT INT, V54, P36",4
DOI:10.1007/s11116-011-9377-2,"LUK J., 2003, ROAD TRANSPORT RES, V12, P41",4
DOI:10.1007/s11116-011-9377-2,"MAXWELL RR, 2003, TRANSPORT RES REC, P128",4
DOI:10.1007/s11116-011-9377-2,"CURRIE G., 1998, 22 AUSTR TRANSP RES",2
DOI:10.1007/s11116-011-9377-2,DOI:10.1080/01441647.2012.707695,2
DOI:10.1007/s11116-011-9377-2,DOI:10.3141/2072-03,3
DOI:10.1007/s11116-011-9377-2,"MOLIN E, 2009, EUR J TRANSP INFRAST, V9, P397",3
DOI:10.1007/s11116-011-9377-2,"BECKER A.J., 1999, TRANSPORTATION RESEARCH RECORD, V1666, P3",2
DOI:10.1007/s11116-011-9377-2,DOI:10.1007/s12198-011-0072-5,2
DOI:10.1007/s11116-011-9377-2,DOI:10.1016/j.jenvp.2007.04.001,2
DOI:10.1007/s11116-011-9377-2,DOI:10.1016/j.jenvp.2007.09.003,2
DOI:10.1007/s11116-011-9377-2,DOI:10.1016/j.jtrangeo.2011.12.003,2
DOI:10.1007/s11116-011-9377-2,DOI:10.1016/j.tra.2005.05.001,2
DOI:10.1007/s11116-011-9377-2,DOI:10.1016/j.tra.2010.11.002,2
DOI:10.1007/s11116-011-9377-2,DOI:10.1080/01441640902811304,2
DOI:10.1007/s11116-011-9377-2,DOI:10.1080/01441649008716748,2
DOI:10.1007/s11116-011-9377-2,DOI:10.1111/j.1559-1816.2002.tb02068.x,2
DOI:10.1007/s11116-011-9377-2,DOI:10.1177/0013916506294032,2
DOI:10.1007/s11116-011-9377-2,DOI:10.1680/muen.2004.157.1.47,2
DOI:10.1007/s11116-011-9377-2,DOI:10.1680/muen.2009.162.3.149,2
DOI:10.1007/s11116-011-9377-2,DOI:10.3141/1872-02,2
DOI:10.1007/s11116-011-9377-2,DOI:10.3141/2034-05,2
DOI:10.1007/s11116-011-9377-2,DOI:10.3141/2112-14,2
DOI:10.1007/s11116-011-9377-2,DOI:10.3141/2215-01,2
DOI:10.1007/s11116-011-9377-2,"EBOLI L., 2012, EUROPEAN TRANSPORT - TRANSPORTI EUROPEI, V51, P1",2
DOI:10.1007/s11116-011-9377-2,"[ANONYMOUS], 2011, SOCIAL RES ISSUES ME",2
DOI:10.1007/s11116-011-9377-2,"[陈旭梅 CHEN XUMEI], 2011, [交通运输系统工程与信息, JOURNAL OF TRANSPORATION SYSTEMS ENGINEERING & INFORMATION TECHNOLOGY], V11, P77",2
DOI:10.1016/0022-2496(77)90033-5,DOI:10.1016/j.tra.2006.05.010,2
DOI:10.1016/0022-2496(77)90033-5,DOI:10.1016/j.tra.2012.10.001,2
DOI:10.1016/0022-2496(77)90033-5,DOI:10.1016/j.tranpol.2006.07.001,2
DOI:10.1016/0022-2496(77)90033-5,DOI:10.1016/j.tranpol.2012.01.015,2
DOI:10.1016/0022-2496(77)90033-5,DOI:10.1016/s0264-2751(03)00014-3,2
DOI:10.1016/0022-2496(77)90033-5,DOI:10.1016/s0965-8564(00)00006-9,2
DOI:10.1016/0022-2496(77)90033-5,DOI:10.1080/0144164032000107223,2
DOI:10.1016/0022-2496(77)90033-5,DOI:10.1080/03081060.2013.851511,2
DOI:10.1016/0022-2496(77)90033-5,DOI:10.1504/ijssci.2008.017590,2
DOI:10.1016/0022-2496(77)90033-5,DOI:10.3141/1691-01,2
DOI:10.1016/0022-2496(77)90033-5,DOI:10.3141/2111-16,2
DOI:10.1016/0022-2496(77)90033-5,DOI:10.3141/2114-03,2
DOI:10.1016/0022-2496(77)90033-5,"GARCIA M.M., 2005, PUBLIC TRANSPORT INT, V54, P36",2
DOI:10.1016/0022-2496(77)90033-5,"LUK J., 2003, ROAD TRANSPORT RES, V12, P41",2
DOI:10.1016/0022-2496(77)90033-5,"MAXWELL RR, 2003, TRANSPORT RES REC, P128",2
DOI:10.1016/j.jtrangeo.2010.07.005,DOI:10.1016/j.tra.2006.05.010,2
DOI:10.1016/j.jtrangeo.2010.07.005,DOI:10.1016/j.tra.2012.10.001,2
DOI:10.1016/j.jtrangeo.2010.07.005,DOI:10.1016/j.tranpol.2006.07.001,2
DOI:10.1016/j.jtrangeo.2010.07.005,DOI:10.1016/j.tranpol.2012.01.015,2
DOI:10.1016/j.jtrangeo.2010.07.005,DOI:10.1016/s0264-2751(03)00014-3,2
DOI:10.1016/j.jtrangeo.2010.07.005,DOI:10.1080/0144164032000107223,2
DOI:10.1016/j.jtrangeo.2010.07.005,DOI:10.3141/1691-01,2
DOI:10.1016/j.jtrangeo.2010.07.005,DOI:10.3141/2111-16,2
DOI:10.1016/j.jtrangeo.2010.07.005,DOI:10.3141/2114-03,2
DOI:10.1016/j.jtrangeo.2010.07.005,"GARCIA M.M., 2005, PUBLIC TRANSPORT INT, V54, P36",2
DOI:10.1016/j.jtrangeo.2010.07.005,"LUK J., 2003, ROAD TRANSPORT RES, V12, P41",2
DOI:10.1016/j.jtrangeo.2010.07.005,"MAXWELL RR, 2003, TRANSPORT RES REC, P128",2
DOI:10.1016/j.jtrangeo.2010.07.005,DOI:10.1016/j.tranpol.2007.04.009,2
DOI:10.1016/j.jtrangeo.2010.07.005,DOI:10.1016/j.jtrangeo.2009.06.010,2
DOI:10.1016/j.regsciurbeco.2008.05.014,DOI:10.1016/j.tranpol.2012.01.015,3
DOI:10.1016/j.regsciurbeco.2008.05.014,DOI:10.1016/j.tranpol.2016.03.007,2
DOI:10.1016/j.regsciurbeco.2008.05.014,DOI:10.1016/s0264-2751(03)00014-3,2
DOI:10.1016/j.regsciurbeco.2008.05.014,DOI:10.1080/0144164032000107223,2
DOI:10.1016/j.regsciurbeco.2008.05.014,DOI:10.1016/j.retrec.2018.07.005,2
DOI:10.1016/j.regsciurbeco.2008.05.014,DOI:10.1080/15568318.2017.1292374,2
DOI:10.1016/j.regsciurbeco.2008.05.014,DOI:10.1080/15568318.2018.1431821,3
DOI:10.1016/j.tra.2006.05.010,DOI:10.1016/j.tra.2012.10.001,2
DOI:10.1016/j.tra.2006.05.010,DOI:10.1016/j.tranpol.2006.07.001,4
DOI:10.1016/j.tra.2006.05.010,DOI:10.1016/j.tranpol.2012.01.015,4
DOI:10.1016/j.tra.2006.05.010,DOI:10.1016/s0264-2751(03)00014-3,4
DOI:10.1016/j.tra.2006.05.010,DOI:10.1016/s0965-8564(00)00006-9,2
DOI:10.1016/j.tra.2006.05.010,DOI:10.1016/s0965-8564(97)00041-4,2
DOI:10.1016/j.tra.2006.05.010,DOI:10.1080/0144164032000107223,4
DOI:10.1016/j.tra.2006.05.010,DOI:10.1080/03081060.2013.851511,2
DOI:10.1016/j.tra.2006.05.010,DOI:10.1504/ijssci.2008.017590,2
DOI:10.1016/j.tra.2006.05.010,DOI:10.3141/1691-01,4
DOI:10.1016/j.tra.2006.05.010,DOI:10.3141/2111-16,4
DOI:10.1016/j.tra.2006.05.010,DOI:10.3141/2114-03,4
DOI:10.1016/j.tra.2006.05.010,"GARCIA M.M., 2005, PUBLIC TRANSPORT INT, V54, P36",4
DOI:10.1016/j.tra.2006.05.010,"LUK J., 2003, ROAD TRANSPORT RES, V12, P41",4
DOI:10.1016/j.tra.2006.05.010,"MAXWELL RR, 2003, TRANSPORT RES REC, P128",4
DOI:10.1016/j.tra.2006.05.010,"CURRIE G., 1998, 22 AUSTR TRANSP RES",2
DOI:10.1016/j.tra.2006.05.010,DOI:10.1080/01441647.2012.707695,2
DOI:10.1016/j.tra.2006.05.010,DOI:10.3141/2072-03,3
DOI:10.1016/j.tra.2006.05.010,"MOLIN E, 2009, EUR J TRANSP INFRAST, V9, P397",3
DOI:10.1016/j.tra.2006.05.010,"BECKER A.J., 1999, TRANSPORTATION RESEARCH RECORD, V1666, P3",2
DOI:10.1016/j.tra.2006.05.010,DOI:10.1007/s12198-011-0072-5,2
DOI:10.1016/j.tra.2006.05.010,DOI:10.1016/j.jenvp.2007.04.001,2
DOI:10.1016/j.tra.2006.05.010,DOI:10.1016/j.jenvp.2007.09.003,2
DOI:10.1016/j.tra.2006.05.010,DOI:10.1016/j.jtrangeo.2011.12.003,2
DOI:10.1016/j.tra.2006.05.010,DOI:10.1016/j.tra.2005.05.001,2
DOI:10.1016/j.tra.2006.05.010,DOI:10.1016/j.tra.2010.11.002,2
DOI:10.1016/j.tra.2006.05.010,DOI:10.1080/01441640902811304,2
DOI:10.1016/j.tra.2006.05.010,DOI:10.1080/01441649008716748,2
DOI:10.1016/j.tra.2006.05.010,DOI:10.1111/j.1559-1816.2002.tb02068.x,2
DOI:10.1016/j.tra.2006.05.010,DOI:10.1177/0013916506294032,2
DOI:10.1016/j.tra.2006.05.010,DOI:10.1680/muen.2004.157.1.47,2
DOI:10.1016/j.tra.2006.05.010,DOI:10.1680/muen.2009.162.3.149,2
DOI:10.1016/j.tra.2006.05.010,DOI:10.3141/1872-02,2
DOI:10.1016/j.tra.2006.05.010,DOI:10.3141/2034-05,2
DOI:10.1016/j.tra.2006.05.010,DOI:10.3141/2112-14,2
DOI:10.1016/j.tra.2006.05.010,DOI:10.3141/2215-01,2
DOI:10.1016/j.tra.2006.05.010,"EBOLI L., 2012, EUROPEAN TRANSPORT - TRANSPORTI EUROPEI, V51, P1",2
DOI:10.1016/j.tra.2006.05.010,"[ANONYMOUS], 2011, SOCIAL RES ISSUES ME",2
DOI:10.1016/j.tra.2006.05.010,"[陈旭梅 CHEN XUMEI], 2011, [交通运输系统工程与信息, JOURNAL OF TRANSPORATION SYSTEMS ENGINEERING & INFORMATION TECHNOLOGY], V11, P77",2
DOI:10.1016/j.tra.2012.10.001,DOI:10.1016/j.tranpol.2006.07.001,2
DOI:10.1016/j.tra.2012.10.001,DOI:10.1016/j.tranpol.2012.01.015,2
DOI:10.1016/j.tra.2012.10.001,DOI:10.1016/s0264-2751(03)00014-3,2
DOI:10.1016/j.tra.2012.10.001,DOI:10.1016/s0965-8564(00)00006-9,2
DOI:10.1016/j.tra.2012.10.001,DOI:10.1080/0144164032000107223,2
DOI:10.1016/j.tra.2012.10.001,DOI:10.1080/03081060.2013.851511,2
DOI:10.1016/j.tra.2012.10.001,DOI:10.1504/ijssci.2008.017590,2
DOI:10.1016/j.tra.2012.10.001,DOI:10.3141/1691-01,2
DOI:10.1016/j.tra.2012.10.001,DOI:10.3141/2111-16,2
DOI:10.1016/j.tra.2012.10.001,DOI:10.3141/2114-03,2
DOI:10.1016/j.tra.2012.10.001,"GARCIA M.M., 2005, PUBLIC TRANSPORT INT, V54, P36",2
DOI:10.1016/j.tra.2012.10.001,"LUK J., 2003, ROAD TRANSPORT RES, V12, P41",2
DOI:10.1016/j.tra.2012.10.001,"MAXWELL RR, 2003, TRANSPORT RES REC, P128",2
DOI:10.1016/j.tranpol.2006.07.001,DOI:10.1016/j.tranpol.2012.01.015,4
DOI:10.1016/j.tranpol.2006.07.001,DOI:10.1016/s0264-2751(03)00014-3,4
DOI:10.1016/j.tranpol.2006.07.001,DOI:10.1016/s0965-8564(00)00006-9,2
DOI:10.1016/j.tranpol.2006.07.001,DOI:10.1016/s0965-8564(97)00041-4,2
DOI:10.1016/j.tranpol.2006.07.001,DOI:10.1080/0144164032000107223,4
DOI:10.1016/j.tranpol.2006.07.001,DOI:10.1080/03081060.2013.851511,2
DOI:10.1016/j.tranpol.2006.07.001,DOI:10.1504/ijssci.2008.017590,2
DOI:10.1016/j.tranpol.2006.07.001,DOI:10.3141/1691-01,4
DOI:10.1016/j.tranpol.2006.07.001,DOI:10.3141/2111-16,4
DOI:10.1016/j.tranpol.2006.07.001,DOI:10.3141/2114-03,4
DOI:10.1016/j.tranpol.2006.07.001,"GARCIA M.M., 2005, PUBLIC TRANSPORT INT, V54, P36",4
DOI:10.1016/j.tranpol.2006.07.001,"LUK J., 2003, ROAD TRANSPORT RES, V12, P41",4
DOI:10.1016/j.tranpol.2006.07.001,"MAXWELL RR, 2003, TRANSPORT RES REC, P128",4
DOI:10.1016/j.tranpol.2006.07.001,"CURRIE G., 1998, 22 AUSTR TRANSP RES",2
DOI:10.1016/j.tranpol.2006.07.001,DOI:10.1080/01441647.2012.707695,2
DOI:10.1016/j.tranpol.2006.07.001,DOI:10.3141/2072-03,3
DOI:10.1016/j.tranpol.2006.07.001,"MOLIN E, 2009, EUR J TRANSP INFRAST, V9, P397",3
DOI:10.1016/j.tranpol.2006.07.001,"BECKER A.J., 1999, TRANSPORTATION RESEARCH RECORD, V1666, P3",2
DOI:10.1016/j.tranpol.2006.07.001,DOI:10.1007/s12198-011-0072-5,2
DOI:10.1016/j.tranpol.2006.07.001,DOI:10.1016/j.jenvp.2007.04.001,2
DOI:10.1016/j.tranpol.2006.07.001,DOI:10.1016/j.jenvp.2007.09.003,2
DOI:10.1016/j.tranpol.2006.07.001,DOI:10.1016/j.jtrangeo.2011.12.003,2
DOI:10.1016/j.tranpol.2006.07.001,DOI:10.1016/j.tra.2005.05.001,2
DOI:10.1016/j.tranpol.2006.07.001,DOI:10.1016/j.tra.2010.11.002,2
DOI:10.1016/j.tranpol.2006.07.001,DOI:10.1080/01441640902811304,2
DOI:10.1016/j.tranpol.2006.07.001,DOI:10.1080/01441649008716748,2
DOI:10.1016/j.tranpol.2006.07.001,DOI:10.1111/j.1559-1816.2002.tb02068.x,2
DOI:10.1016/j.tranpol.2006.07.001,DOI:10.1177/0013916506294032,2
DOI:10.1016/j.tranpol.2006.07.001,DOI:10.1680/muen.2004.157.1.47,2
DOI:10.1016/j.tranpol.2006.07.001,DOI:10.1680/muen.2009.162.3.149,2
DOI:10.1016/j.tranpol.2006.07.001,DOI:10.3141/1872-02,2
DOI:10.1016/j.tranpol.2006.07.001,DOI:10.3141/2034-05,2
DOI:10.1016/j.tranpol.2006.07.001,DOI:10.3141/2112-14,2
DOI:10.1016/j.tranpol.2006.07.001,DOI:10.3141/2215-01,2
DOI:10.1016/j.tranpol.2006.07.001,"EBOLI L., 2012, EUROPEAN TRANSPORT - TRANSPORTI EUROPEI, V51, P1",2
DOI:10.1016/j.tranpol.2006.07.001,"[ANONYMOUS], 2011, SOCIAL RES ISSUES ME",2
DOI:10.1016/j.tranpol.2006.07.001,"[陈旭梅 CHEN XUMEI], 2011, [交通运输系统工程与信息, JOURNAL OF TRANSPORATION SYSTEMS ENGINEERING & INFORMATION TECHNOLOGY], V11, P77",2
DOI:10.1016/j.tranpol.2012.01.015,DOI:10.1016/j.tranpol.2016.03.007,2
DOI:10.1016/j.tranpol.2012.01.015,DOI:10.1016/s0264-2751(03)00014-3,5
DOI:10.1016/j.tranpol.2012.01.015,DOI:10.1016/s0965-8564(00)00006-9,2
DOI:10.1016/j.tranpol.2012.01.015,DOI:10.1016/s0965-8564(97)00041-4,2
DOI:10.1016/j.tranpol.2012.01.015,DOI:10.1080/0144164032000107223,6
DOI:10.1016/j.tranpol.2012.01.015,DOI:10.1080/03081060.2013.851511,2
DOI:10.1016/j.tranpol.2012.01.015,DOI:10.1504/ijssci.2008.017590,2
DOI:10.1016/j.tranpol.2012.01.015,DOI:10.3141/1691-01,4
DOI:10.1016/j.tranpol.2012.01.015,DOI:10.3141/2111-16,4
DOI:10.1016/j.tranpol.2012.01.015,DOI:10.3141/2114-03,4
DOI:10.1016/j.tranpol.2012.01.015,"GARCIA M.M., 2005, PUBLIC TRANSPORT INT, V54, P36",4
DOI:10.1016/j.tranpol.2012.01.015,"LUK J., 2003, ROAD TRANSPORT RES, V12, P41",4
DOI:10.1016/j.tranpol.2012.01.015,"MAXWELL RR, 2003, TRANSPORT RES REC, P128",4
DOI:10.1016/j.tranpol.2012.01.015,"CURRIE G., 1998, 22 AUSTR TRANSP RES",2
DOI:10.1016/j.tranpol.2012.01.015,DOI:10.1080/01441647.2012.707695,2
DOI:10.1016/j.tranpol.2012.01.015,DOI:10.3141/2072-03,3
DOI:10.1016/j.tranpol.2012.01.015,"MOLIN E, 2009, EUR J TRANSP INFRAST, V9, P397",4
DOI:10.1016/j.tranpol.2012.01.015,"BECKER A.J., 1999, TRANSPORTATION RESEARCH RECORD, V1666, P3",2
DOI:10.1016/j.tranpol.2012.01.015,DOI:10.1007/s12198-011-0072-5,2
DOI:10.1016/j.tranpol.2012.01.015,DOI:10.1016/j.jenvp.2007.04.001,2
DOI:10.1016/j.tranpol.2012.01.015,DOI:10.1016/j.jenvp.2007.09.003,2
DOI:10.1016/j.tranpol.2012.01.015,DOI:10.1016/j.jtrangeo.2011.12.003,2
DOI:10.1016/j.tranpol.2012.01.015,DOI:10.1016/j.tra.2005.05.001,2
DOI:10.1016/j.tranpol.2012.01.015,DOI:10.1016/j.tra.2010.11.002,2
DOI:10.1016/j.tranpol.2012.01.015,DOI:10.1080/01441640902811304,2
DOI:10.1016/j.tranpol.2012.01.015,DOI:10.1080/01441649008716748,2
DOI:10.1016/j.tranpol.2012.01.015,DOI:10.1111/j.1559-1816.2002.tb02068.x,2
DOI:10.1016/j.tranpol.2012.01.015,DOI:10.1177/0013916506294032,2
DOI:10.1016/j.tranpol.2012.01.015,DOI:10.1680/muen.2004.157.1.47,3
DOI:10.1016/j.tranpol.2012.01.015,DOI:10.1680/muen.2009.162.3.149,2
DOI:10.1016/j.tranpol.2012.01.015,DOI:10.3141/1872-02,2
DOI:10.1016/j.tranpol.2012.01.015,DOI:10.3141/2034-05,2
DOI:10.1016/j.tranpol.2012.01.015,DOI:10.3141/2112-14,2
DOI:10.1016/j.tranpol.2012.01.015,DOI:10.3141/2215-01,2
DOI:10.1016/j.tranpol.2012.01.015,"EBOLI L., 2012, EUROPEAN TRANSPORT - TRANSPORTI EUROPEI, V51, P1",2
DOI:10.1016/j.tranpol.2012.01.015,"[ANONYMOUS], 2011, SOCIAL RES ISSUES ME",2
DOI:10.1016/j.tranpol.2012.01.015,"[陈旭梅 CHEN XUMEI], 2011, [交通运输系统工程与信息, JOURNAL OF TRANSPORATION SYSTEMS ENGINEERING & INFORMATION TECHNOLOGY], V11, P77",2
DOI:10.1016/j.tranpol.2012.01.015,DOI:10.1016/j.jth.2018.05.008,2
DOI:10.1016/j.tranpol.2012.01.015,DOI:10.1007/s10273-022-3313-2],2
DOI:10.1016/j.tranpol.2012.01.015,DOI:10.1007/s11116-019-09986-6,2
DOI:10.1016/j.tranpol.2012.01.015,DOI:10.1016/j.cstp.2018.09.011,2
DOI:10.1016/j.tranpol.2012.01.015,DOI:10.1016/j.evalprogplan.2009.06.009,2
DOI:10.1016/j.tranpol.2012.01.015,DOI:10.1016/j.jtrangeo.2018.08.012,2
DOI:10.1016/j.tranpol.2012.01.015,DOI:10.1016/j.regsciurbeco.2020.103616,2
DOI:10.1016/j.tranpol.2012.01.015,DOI:10.1016/j.tranpol.2018.11.009,2
DOI:10.1016/j.tranpol.2012.01.015,DOI:10.1080/03081060.2016.1238569,2
DOI:10.1016/j.tranpol.2012.01.015,DOI:10.1080/13501763.2022.2094987,2
DOI:10.1016/j.tranpol.2012.01.015,DOI:10.11175/easts.11.425],2
DOI:10.1016/j.tranpol.2012.01.015,DOI:10.1257/pol.6.4.1,2
DOI:10.1016/j.tranpol.2012.01.015,DOI:10.1016/j.tranpol.2011.06.003,2
DOI:10.1016/j.tranpol.2012.01.015,DOI:10.1080/01441647.2016.1177799,2
DOI:10.1016/j.tranpol.2012.01.015,DOI:10.1080/15568318.2017.1292374,2
DOI:10.1016/j.tranpol.2012.01.015,DOI:10.1080/15568318.2018.1431821,3
DOI:10.1016/j.tranpol.2012.01.015,DOI:10.1016/j.jtrangeo.2014.08.006,2
DOI:10.1016/j.tranpol.2012.01.015,DOI:10.1016/j.tra.2008.01.022,2
DOI:10.1016/j.tranpol.2012.01.015,DOI:10.1016/j.tranpol.2005.12.004,2
DOI:10.1016/j.tranpol.2012.01.015,DOI:10.1080/01944361003766766,3
DOI:10.1016/j.tranpol.2012.01.015,DOI:10.3141/1735-17,2
DOI:10.1016/j.tranpol.2012.01.015,"STREETING M., 2006, 29 AUSTRALASIAN TRAN, P1",2
DOI:10.1016/j.tranpol.2012.01.015,DOI:10.1016/j.trc.2010.12.003,2
DOI:10.1016/j.tranpol.2016.03.007,DOI:10.1016/s0264-2751(03)00014-3,2
DOI:10.1016/j.tranpol.2016.03.007,DOI:10.1016/j.jtrangeo.2015.01.009,2
DOI:10.1016/j.tranpol.2016.03.007,DOI:10.1016/j.tranpol.2015.11.008,2
DOI:10.1016/j.tranpol.2016.03.007,DOI:10.1016/j.cstp.2019.11.001,2
DOI:10.1016/j.tranpol.2016.03.007,DOI:10.1016/j.trf.2010.11.006,2
DOI:10.1016/s0264-2751(03)00014-3,DOI:10.1016/s0965-8564(00)00006-9,2
DOI:10.1016/s0264-2751(03)00014-3,DOI:10.1016/s0965-8564(97)00041-4,2
DOI:10.1016/s0264-2751(03)00014-3,DOI:10.1080/0144164032000107223,4
DOI:10.1016/s0264-2751(03)00014-3,DOI:10.1080/03081060.2013.851511,2
DOI:10.1016/s0264-2751(03)00014-3,DOI:10.1504/ijssci.2008.017590,2
DOI:10.1016/s0264-2751(03)00014-3,DOI:10.3141/1691-01,4
DOI:10.1016/s0264-2751(03)00014-3,DOI:10.3141/2111-16,4
DOI:10.1016/s0264-2751(03)00014-3,DOI:10.3141/2114-03,4
DOI:10.1016/s0264-2751(03)00014-3,"GARCIA M.M., 2005, PUBLIC TRANSPORT INT, V54, P36",4
DOI:10.1016/s0264-2751(03)00014-3,"LUK J., 2003, ROAD TRANSPORT RES, V12, P41",4
DOI:10.1016/s0264-2751(03)00014-3,"MAXWELL RR, 2003, TRANSPORT RES REC, P128",4
DOI:10.1016/s0264-2751(03)00014-3,"CURRIE G., 1998, 22 AUSTR TRANSP RES",2
DOI:10.1016/s0264-2751(03)00014-3,DOI:10.1080/01441647.2012.707695,2
DOI:10.1016/s0264-2751(03)00014-3,DOI:10.3141/2072-03,3
DOI:10.1016/s0264-2751(03)00014-3,"MOLIN E, 2009, EUR J TRANSP INFRAST, V9, P397",4
DOI:10.1016/s0264-2751(03)00014-3,"BECKER A.J., 1999, TRANSPORTATION RESEARCH RECORD, V1666, P3",2
DOI:10.1016/s0264-2751(03)00014-3,DOI:10.1007/s12198-011-0072-5,2
DOI:10.1016/s0264-2751(03)00014-3,DOI:10.1016/j.jenvp.2007.04.001,2
DOI:10.1016/s0264-2751(03)00014-3,DOI:10.1016/j.jenvp.2007.09.003,2
DOI:10.1016/s0264-2751(03)00014-3,DOI:10.1016/j.jtrangeo.2011.12.003,2
DOI:10.1016/s0264-2751(03)00014-3,DOI:10.1016/j.tra.2005.05.001,2
DOI:10.1016/s0264-2751(03)00014-3,DOI:10.1016/j.tra.2010.11.002,2
DOI:10.1016/s0264-2751(03)00014-3,DOI:10.1080/01441640902811304,2
DOI:10.1016/s0264-2751(03)00014-3,DOI:10.1080/01441649008716748,2
DOI:10.1016/s0264-2751(03)00014-3,DOI:10.1111/j.1559-1816.2002.tb02068.x,2
DOI:10.1016/s0264-2751(03)00014-3,DOI:10.1177/0013916506294032,2
DOI:10.1016/s0264-2751(03)00014-3,DOI:10.1680/muen.2004.157.1.47,3
DOI:10.1016/s0264-2751(03)00014-3,DOI:10.1680/muen.2009.162.3.149,2
DOI:10.1016/s0264-2751(03)00014-3,DOI:10.3141/1872-02,2
DOI:10.1016/s0264-2751(03)00014-3,DOI:10.3141/2034-05,2
DOI:10.1016/s0264-2751(03)00014-3,DOI:10.3141/2112-14,2
DOI:10.1016/s0264-2751(03)00014-3,DOI:10.3141/2215-01,2
DOI:10.1016/s0264-2751(03)00014-3,"EBOLI L., 2012, EUROPEAN TRANSPORT - TRANSPORTI EUROPEI, V51, P1",2
DOI:10.1016/s0264-2751(03)00014-3,"[ANONYMOUS], 2011, SOCIAL RES ISSUES ME",2
DOI:10.1016/s0264-2751(03)00014-3,"[陈旭梅 CHEN XUMEI], 2011, [交通运输系统工程与信息, JOURNAL OF TRANSPORATION SYSTEMS ENGINEERING & INFORMATION TECHNOLOGY], V11, P77",2
DOI:10.1016/s0965-8564(00)00006-9,DOI:10.1080/0144164032000107223,2
DOI:10.1016/s0965-8564(00)00006-9,DOI:10.1080/03081060.2013.851511,2
DOI:10.1016/s0965-8564(00)00006-9,DOI:10.1504/ijssci.2008.017590,2
DOI:10.1016/s0965-8564(00)00006-9,DOI:10.3141/1691-01,2
DOI:10.1016/s0965-8564(00)00006-9,DOI:10.3141/2111-16,2
DOI:10.1016/s0965-8564(00)00006-9,DOI:10.3141/2114-03,2
DOI:10.1016/s0965-8564(00)00006-9,"GARCIA M.M., 2005, PUBLIC TRANSPORT INT, V54, P36",2
DOI:10.1016/s0965-8564(00)00006-9,"LUK J., 2003, ROAD TRANSPORT RES, V12, P41",2
DOI:10.1016/s0965-8564(00)00006-9,"MAXWELL RR, 2003, TRANSPORT RES REC, P128",2
DOI:10.1016/s0965-8564(97)00041-4,DOI:10.1080/0144164032000107223,2
DOI:10.1016/s0965-8564(97)00041-4,DOI:10.3141/1691-01,2
DOI:10.1016/s0965-8564(97)00041-4,DOI:10.3141/2111-16,2
DOI:10.1016/s0965-8564(97)00041-4,DOI:10.3141/2114-03,2
DOI:10.1016/s0965-8564(97)00041-4,"GARCIA M.M., 2005, PUBLIC TRANSPORT INT, V54, P36",2
DOI:10.1016/s0965-8564(97)00041-4,"LUK J., 2003, ROAD TRANSPORT RES, V12, P41",2
DOI:10.1016/s0965-8564(97)00041-4,"MAXWELL RR, 2003, TRANSPORT RES REC, P128",2
DOI:10.1016/s0965-8564(97)00041-4,DOI:10.1016/j.trf.2010.11.006,2
DOI:10.1016/s0965-8564(97)00041-4,DOI:10.1111/j.1559-1816.2002.tb02068.x,2
DOI:10.1080/0144164032000107223,DOI:10.1080/03081060.2013.851511,2
DOI:10.1080/0144164032000107223,DOI:10.1504/ijssci.2008.017590,2
DOI:10.1080/0144164032000107223,DOI:10.3141/1691-01,4
DOI:10.1080/0144164032000107223,DOI:10.3141/2111-16,4
DOI:10.1080/0144164032000107223,DOI:10.3141/2114-03,4
DOI:10.1080/0144164032000107223,"GARCIA M.M., 2005, PUBLIC TRANSPORT INT, V54, P36",4
DOI:10.1080/0144164032000107223,"LUK J., 2003, ROAD TRANSPORT RES, V12, P41",4
DOI:10.1080/0144164032000107223,"MAXWELL RR, 2003, TRANSPORT RES REC, P128",4
DOI:10.1080/0144164032000107223,"DARGAY JM, 2002, J TRANSP ECON POLICY, V36, P73",2
DOI:10.1080/0144164032000107223,DOI:10.1016/j.evalprogplan.2009.06.009,3
DOI:10.1080/0144164032000107223,DOI:10.1080/0144164022000016658,4
DOI:10.1080/0144164032000107223,"CURRIE G., 1998, 22 AUSTR TRANSP RES",2
DOI:10.1080/0144164032000107223,DOI:10.1080/01441647.2012.707695,2
DOI:10.1080/0144164032000107223,DOI:10.3141/2072-03,3
DOI:10.1080/0144164032000107223,"MOLIN E, 2009, EUR J TRANSP INFRAST, V9, P397",3
DOI:10.1080/0144164032000107223,"BECKER A.J., 1999, TRANSPORTATION RESEARCH RECORD, V1666, P3",2
DOI:10.1080/0144164032000107223,DOI:10.1007/s12198-011-0072-5,2
DOI:10.1080/0144164032000107223,DOI:10.1016/j.jenvp.2007.04.001,2
DOI:10.1080/0144164032000107223,DOI:10.1016/j.jenvp.2007.09.003,2
DOI:10.1080/0144164032000107223,DOI:10.1016/j.jtrangeo.2011.12.003,2
DOI:10.1080/0144164032000107223,DOI:10.1016/j.tra.2005.05.001,2
DOI:10.1080/0144164032000107223,DOI:10.1016/j.tra.2010.11.002,2
DOI:10.1080/0144164032000107223,DOI:10.1080/01441640902811304,2
DOI:10.1080/0144164032000107223,DOI:10.1080/01441649008716748,2
DOI:10.1080/0144164032000107223,DOI:10.1111/j.1559-1816.2002.tb02068.x,2
DOI:10.1080/0144164032000107223,DOI:10.1177/0013916506294032,2
DOI:10.1080/0144164032000107223,DOI:10.1680/muen.2004.157.1.47,2
DOI:10.1080/0144164032000107223,DOI:10.1680/muen.2009.162.3.149,2
DOI:10.1080/0144164032000107223,DOI:10.3141/1872-02,2
DOI:10.1080/0144164032000107223,DOI:10.3141/2034-05,2
DOI:10.1080/0144164032000107223,DOI:10.3141/2112-14,2
DOI:10.1080/0144164032000107223,DOI:10.3141/2215-01,2
DOI:10.1080/0144164032000107223,"EBOLI L., 2012, EUROPEAN TRANSPORT - TRANSPORTI EUROPEI, V51, P1",2
DOI:10.1080/0144164032000107223,"[ANONYMOUS], 2011, SOCIAL RES ISSUES ME",2
DOI:10.1080/0144164032000107223,"[陈旭梅 CHEN XUMEI], 2011, [交通运输系统工程与信息, JOURNAL OF TRANSPORATION SYSTEMS ENGINEERING & INFORMATION TECHNOLOGY], V11, P77",2
DOI:10.1080/0144164032000107223,DOI:10.1016/j.scitotenv.2004.04.069,3
DOI:10.1080/0144164032000107223,DOI:10.1061/(asce)0733-9488(2005)131:2(71),2
DOI:10.1080/0144164032000107223,"GARCÍA-FERRER A, 2006, J TRANSP ECON POLICY, V40, P45",2
DOI:10.1080/0144164032000107223,DOI:10.1007/bf00215252,3
DOI:10.1080/0144164032000107223,DOI:10.1016/j.tranpol.2011.01.010,2
DOI:10.1080/0144164032000107223,DOI:10.1080/01441640902786415,2
DOI:10.1080/0144164032000107223,DOI:10.1080/01944368108976521,3
DOI:10.1080/0144164032000107223,DOI:10.3141/2544-06,2
DOI:10.1080/03081060.2013.851511,DOI:10.1504/ijssci.2008.017590,2
DOI:10.1080/03081060.2013.851511,DOI:10.3141/1691-01,2
DOI:10.1080/03081060.2013.851511,DOI:10.3141/2111-16,2
DOI:10.1080/03081060.2013.851511,DOI:10.3141/2114-03,2
DOI:10.1080/03081060.2013.851511,"GARCIA M.M., 2005, PUBLIC TRANSPORT INT, V54, P36",2
DOI:10.1080/03081060.2013.851511,"LUK J., 2003, ROAD TRANSPORT RES, V12, P41",2
DOI:10.1080/03081060.2013.851511,"MAXWELL RR, 2003, TRANSPORT RES REC, P128",2
DOI:10.1504/ijssci.2008.017590,DOI:10.3141/1691-01,2
DOI:10.1504/ijssci.2008.017590,DOI:10.3141/2111-16,2
DOI:10.1504/ijssci.2008.017590,DOI:10.3141/2114-03,2
DOI:10.1504/ijssci.2008.017590,"GARCIA M.M., 2005, PUBLIC TRANSPORT INT, V54, P36",2
DOI:10.1504/ijssci.2008.017590,"LUK J., 2003, ROAD TRANSPORT RES, V12, P41",2
DOI:10.1504/ijssci.2008.017590,"MAXWELL RR, 2003, TRANSPORT RES REC, P128",2
DOI:10.1504/ijssci.2008.017590,DOI:10.1016/0165-0114(85)90090-9,2
DOI:10.1504/ijssci.2008.017590,DOI:10.3390/su12208314,2
DOI:10.3141/1691-01,DOI:10.3141/2111-16,4
DOI:10.3141/1691-01,DOI:10.3141/2114-03,4
DOI:10.3141/1691-01,"GARCIA M.M., 2005, PUBLIC TRANSPORT INT, V54, P36",4
DOI:10.3141/1691-01,"LUK J., 2003, ROAD TRANSPORT RES, V12, P41",4
DOI:10.3141/1691-01,"MAXWELL RR, 2003, TRANSPORT RES REC, P128",4
DOI:10.3141/1691-01,"CURRIE G., 1998, 22 AUSTR TRANSP RES",2
DOI:10.3141/1691-01,DOI:10.1080/01441647.2012.707695,2
DOI:10.3141/1691-01,DOI:10.3141/2072-03,3
DOI:10.3141/1691-01,"MOLIN E, 2009, EUR J TRANSP INFRAST, V9, P397",3
DOI:10.3141/1691-01,"BECKER A.J., 1999, TRANSPORTATION RESEARCH RECORD, V1666, P3",2
DOI:10.3141/1691-01,DOI:10.1007/s12198-011-0072-5,2
DOI:10.3141/1691-01,DOI:10.1016/j.jenvp.2007.04.001,2
DOI:10.3141/1691-01,DOI:10.1016/j.jenvp.2007.09.003,2
DOI:10.3141/1691-01,DOI:10.1016/j.jtrangeo.2011.12.003,2
DOI:10.3141/1691-01,DOI:10.1016/j.tra.2005.05.001,2
DOI:10.3141/1691-01,DOI:10.1016/j.tra.2010.11.002,2
DOI:10.3141/1691-01,DOI:10.1080/01441640902811304,2
DOI:10.3141/1691-01,DOI:10.1080/01441649008716748,2
DOI:10.3141/1691-01,DOI:10.1111/j.1559-1816.2002.tb02068.x,2
DOI:10.3141/1691-01,DOI:10.1177/0013916506294032,2
DOI:10.3141/1691-01,DOI:10.1680/muen.2004.157.1.47,2
DOI:10.3141/1691-01,DOI:10.1680/muen.2009.162.3.149,2
DOI:10.3141/1691-01,DOI:10.3141/1872-02,2
DOI:10.3141/1691-01,DOI:10.3141/2034-05,2
DOI:10.3141/1691-01,DOI:10.3141/2112-14,2
DOI:10.3141/1691-01,DOI:10.3141/2215-01,2
DOI:10.3141/1691-01,"EBOLI L., 2012, EUROPEAN TRANSPORT - TRANSPORTI EUROPEI, V51, P1",2
DOI:10.3141/1691-01,"[ANONYMOUS], 2011, SOCIAL RES ISSUES ME",2
DOI:10.3141/1691-01,"[陈旭梅 CHEN XUMEI], 2011, [交通运输系统工程与信息, JOURNAL OF TRANSPORATION SYSTEMS ENGINEERING & INFORMATION TECHNOLOGY], V11, P77",2
DOI:10.3141/2111-16,DOI:10.3141/2114-03,4
DOI:10.3141/2111-16,"GARCIA M.M., 2005, PUBLIC TRANSPORT INT, V54, P36",4
DOI:10.3141/2111-16,"LUK J., 2003, ROAD TRANSPORT RES, V12, P41",4
DOI:10.3141/2111-16,"MAXWELL RR, 2003, TRANSPORT RES REC, P128",4
DOI:10.3141/2111-16,"CURRIE G., 1998, 22 AUSTR TRANSP RES",2
DOI:10.3141/2111-16,DOI:10.1080/01441647.2012.707695,2
DOI:10.3141/2111-16,DOI:10.3141/2072-03,3
DOI:10.3141/2111-16,"MOLIN E, 2009, EUR J TRANSP INFRAST, V9, P397",3
DOI:10.3141/2111-16,"BECKER A.J., 1999, TRANSPORTATION RESEARCH RECORD, V1666, P3",2
DOI:10.3141/2111-16,DOI:10.1007/s12198-011-0072-5,2
DOI:10.3141/2111-16,DOI:10.1016/j.jenvp.2007.04.001,2
DOI:10.3141/2111-16,DOI:10.1016/j.jenvp.2007.09.003,2
DOI:10.3141/2111-16,DOI:10.1016/j.jtrangeo.2011.12.003,2
DOI:10.3141/2111-16,DOI:10.1016/j.tra.2005.05.001,2
DOI:10.3141/2111-16,DOI:10.1016/j.tra.2010.11.002,2
DOI:10.3141/2111-16,DOI:10.1080/01441640902811304,2
DOI:10.3141/2111-16,DOI:10.1080/01441649008716748,2
DOI:10.3141/2111-16,DOI:10.1111/j.1559-1816.2002.tb02068.x,2
DOI:10.3141/2111-16,DOI:10.1177/0013916506294032,2
DOI:10.3141/2111-16,DOI:10.1680/muen.2004.157.1.47,2
DOI:10.3141/2111-16,DOI:10.1680/muen.2009.162.3.149,2
DOI:10.3141/2111-16,DOI:10.3141/1872-02,2
DOI:10.3141/2111-16,DOI:10.3141/2034-05,2
DOI:10.3141/2111-16,DOI:10.3141/2112-14,2
DOI:10.3141/2111-16,DOI:10.3141/2215-01,2
DOI:10.3141/2111-16,"EBOLI L., 2012, EUROPEAN TRANSPORT - TRANSPORTI EUROPEI, V51, P1",2
DOI:10.3141/2111-16,"[ANONYMOUS], 2011, SOCIAL RES ISSUES ME",2
DOI:10.3141/2111-16,"[陈旭梅 CHEN XUMEI], 2011, [交通运输系统工程与信息, JOURNAL OF TRANSPORATION SYSTEMS ENGINEERING & INFORMATION TECHNOLOGY], V11, P77",2
DOI:10.3141/2114-03,"GARCIA M.M., 2005, PUBLIC TRANSPORT INT, V54, P36",4
DOI:10.3141/2114-03,"LUK J., 2003, ROAD TRANSPORT RES, V12, P41",4
DOI:10.3141/2114-03,"MAXWELL RR, 2003, TRANSPORT RES REC, P128",4
DOI:10.3141/2114-03,"CURRIE G., 1998, 22 AUSTR TRANSP RES",2
DOI:10.3141/2114-03,DOI:10.1080/01441647.2012.707695,2
DOI:10.3141/2114-03,DOI:10.3141/2072-03,3
DOI:10.3141/2114-03,"MOLIN E, 2009, EUR J TRANSP INFRAST, V9, P397",3
DOI:10.3141/2114-03,"BECKER A.J., 1999, TRANSPORTATION RESEARCH RECORD, V1666, P3",2
DOI:10.3141/2114-03,DOI:10.1007/s12198-011-0072-5,2
DOI:10.3141/2114-03,DOI:10.1016/j.jenvp.2007.04.001,2
DOI:10.3141/2114-03,DOI:10.1016/j.jenvp.2007.09.003,2
DOI:10.3141/2114-03,DOI:10.1016/j.jtrangeo.2011.12.003,2
DOI:10.3141/2114-03,DOI:10.1016/j.tra.2005.05.001,2
DOI:10.3141/2114-03,DOI:10.1016/j.tra.2010.11.002,2
DOI:10.3141/2114-03,DOI:10.1080/01441640902811304,2
DOI:10.3141/2114-03,DOI:10.1080/01441649008716748,2
DOI:10.3141/2114-03,DOI:10.1111/j.1559-1816.2002.tb02068.x,2
DOI:10.3141/2114-03,DOI:10.1177/0013916506294032,2
DOI:10.3141/2114-03,DOI:10.1680/muen.2004.157.1.47,2
DOI:10.3141/2114-03,DOI:10.1680/muen.2009.162.3.149,2
DOI:10.3141/2114-03,DOI:10.3141/1872-02,2
DOI:10.3141/2114-03,DOI:10.3141/2034-05,2
DOI:10.3141/2114-03,DOI:10.3141/2112-14,2
DOI:10.3141/2114-03,DOI:10.3141/2215-01,2
DOI:10.3141/2114-03,"EBOLI L., 2012, EUROPEAN TRANSPORT - TRANSPORTI EUROPEI, V51, P1",2
DOI:10.3141/2114-03,"[ANONYMOUS], 2011, SOCIAL RES ISSUES ME",2
DOI:10.3141/2114-03,"[陈旭梅 CHEN XUMEI], 2011, [交通运输系统工程与信息, JOURNAL OF TRANSPORATION SYSTEMS ENGINEERING & INFORMATION TECHNOLOGY], V11, P77",2
"GARCIA M.M., 2005, PUBLIC TRANSPORT INT, V54, P36","LUK J., 2003, ROAD TRANSPORT RES, V12, P41",4
"GARCIA M.M., 2005, PUBLIC TRANSPORT INT, V54, P36","MAXWELL RR, 2003, TRANSPORT RES REC, P128",4
"GARCIA M.M., 2005, PUBLIC TRANSPORT INT, V54, P36","CURRIE G., 1998, 22 AUSTR TRANSP RES",2
"GARCIA M.M., 2005, PUBLIC TRANSPORT INT, V54, P36",DOI:10.1080/01441647.2012.707695,2
"GARCIA M.M., 2005, PUBLIC TRANSPORT INT, V54, P36",DOI:10.3141/2072-03,3
"GARCIA M.M., 2005, PUBLIC TRANSPORT INT, V54, P36","MOLIN E, 2009, EUR J TRANSP INFRAST, V9, P397",3
"GARCIA M.M., 2005, PUBLIC TRANSPORT INT, V54, P36","BECKER A.J., 1999, TRANSPORTATION RESEARCH RECORD, V1666, P3",2
"GARCIA M.M., 2005, PUBLIC TRANSPORT INT, V54, P36",DOI:10.1007/s12198-011-0072-5,2
"GARCIA M.M., 2005, PUBLIC TRANSPORT INT, V54, P36",DOI:10.1016/j.jenvp.2007.04.001,2
"GARCIA M.M., 2005, PUBLIC TRANSPORT INT, V54, P36",DOI:10.1016/j.jenvp.2007.09.003,2
"GARCIA M.M., 2005, PUBLIC TRANSPORT INT, V54, P36",DOI:10.1016/j.jtrangeo.2011.12.003,2
"GARCIA M.M., 2005, PUBLIC TRANSPORT INT, V54, P36",DOI:10.1016/j.tra.2005.05.001,2
"GARCIA M.M., 2005, PUBLIC TRANSPORT INT, V54, P36",DOI:10.1016/j.tra.2010.11.002,2
"GARCIA M.M., 2005, PUBLIC TRANSPORT INT, V54, P36",DOI:10.1080/01441640902811304,2
"GARCIA M.M., 2005, PUBLIC TRANSPORT INT, V54, P36",DOI:10.1080/01441649008716748,2
"GARCIA M.M., 2005, PUBLIC TRANSPORT INT, V54, P36",DOI:10.1111/j.1559-1816.2002.tb02068.x,2
"GARCIA M.M., 2005, PUBLIC TRANSPORT INT, V54, P36",DOI:10.1177/0013916506294032,2
"GARCIA M.M., 2005, PUBLIC TRANSPORT INT, V54, P36",DOI:10.1680/muen.2004.157.1.47,2
"GARCIA M.M., 2005, PUBLIC TRANSPORT INT, V54, P36",DOI:10.1680/muen.2009.162.3.149,2
"GARCIA M.M., 2005, PUBLIC TRANSPORT INT, V54, P36",DOI:10.3141/1872-02,2
"GARCIA M.M., 2005, PUBLIC TRANSPORT INT, V54, P36",DOI:10.3141/2034-05,2
"GARCIA M.M., 2005, PUBLIC TRANSPORT INT, V54, P36",DOI:10.3141/2112-14,2
"GARCIA M.M., 2005, PUBLIC TRANSPORT INT, V54, P36",DOI:10.3141/2215-01,2
"GARCIA M.M., 2005, PUBLIC TRANSPORT INT, V54, P36","EBOLI L., 2012, EUROPEAN TRANSPORT - TRANSPORTI EUROPEI, V51, P1",2
"GARCIA M.M., 2005, PUBLIC TRANSPORT INT, V54, P36","[ANONYMOUS], 2011, SOCIAL RES ISSUES ME",2
"GARCIA M.M., 2005, PUBLIC TRANSPORT INT, V54, P36","[陈旭梅 CHEN XUMEI], 2011, [交通运输系统工程与信息, JOURNAL OF TRANSPORATION SYSTEMS ENGINEERING & INFORMATION TECHNOLOGY], V11, P77",2
"LUK J., 2003, ROAD TRANSPORT RES, V12, P41","MAXWELL RR, 2003, TRANSPORT RES REC, P128",4
"LUK J., 2003, ROAD TRANSPORT RES, V12, P41","CURRIE G., 1998, 22 AUSTR TRANSP RES",2
"LUK J., 2003, ROAD TRANSPORT RES, V12, P41",DOI:10.1080/01441647.2012.707695,2
"LUK J., 2003, ROAD TRANSPORT RES, V12, P41",DOI:10.3141/2072-03,3
"LUK J., 2003, ROAD TRANSPORT RES, V12, P41","MOLIN E, 2009, EUR J TRANSP INFRAST, V9, P397",3
"LUK J., 2003, ROAD TRANSPORT RES, V12, P41","BECKER A.J., 1999, TRANSPORTATION RESEARCH RECORD, V1666, P3",2
"LUK J., 2003, ROAD TRANSPORT RES, V12, P41",DOI:10.1007/s12198-011-0072-5,2
"LUK J., 2003, ROAD TRANSPORT RES, V12, P41",DOI:10.1016/j.jenvp.2007.04.001,2
"LUK J., 2003, ROAD TRANSPORT RES, V12, P41",DOI:10.1016/j.jenvp.2007.09.003,2
"LUK J., 2003, ROAD TRANSPORT RES, V12, P41",DOI:10.1016/j.jtrangeo.2011.12.003,2
"LUK J., 2003, ROAD TRANSPORT RES, V12, P41",DOI:10.1016/j.tra.2005.05.001,2
"LUK J., 2003, ROAD TRANSPORT RES, V12, P41",DOI:10.1016/j.tra.2010.11.002,2
"LUK J., 2003, ROAD TRANSPORT RES, V12, P41",DOI:10.1080/01441640902811304,2
"LUK J., 2003, ROAD TRANSPORT RES, V12, P41",DOI:10.1080/01441649008716748,2
"LUK J., 2003, ROAD TRANSPORT RES, V12, P41",DOI:10.1111/j.1559-1816.2002.tb02068.x,2
"LUK J., 2003, ROAD TRANSPORT RES, V12, P41",DOI:10.1177/0013916506294032,2
"LUK J., 2003, ROAD TRANSPORT RES, V12, P41",DOI:10.1680/muen.2004.157.1.47,2
"LUK J., 2003, ROAD TRANSPORT RES, V12, P41",DOI:10.1680/muen.2009.162.3.149,2
"LUK J., 2003, ROAD TRANSPORT RES, V12, P41",DOI:10.3141/1872-02,2
"LUK J., 2003, ROAD TRANSPORT RES, V12, P41",DOI:10.3141/2034-05,2
"LUK J., 2003, ROAD TRANSPORT RES, V12, P41",DOI:10.3141/2112-14,2
"LUK J., 2003, ROAD TRANSPORT RES, V12, P41",DOI:10.3141/2215-01,2
"LUK J., 2003, ROAD TRANSPORT RES, V12, P41","EBOLI L., 2012, EUROPEAN TRANSPORT - TRANSPORTI EUROPEI, V51, P1",2
"LUK J., 2003, ROAD TRANSPORT RES, V12, P41","[ANONYMOUS], 2011, SOCIAL RES ISSUES ME",2
"LUK J., 2003, ROAD TRANSPORT RES, V12, P41","[陈旭梅 CHEN XUMEI], 2011, [交通运输系统工程与信息, JOURNAL OF TRANSPORATION SYSTEMS ENGINEERING & INFORMATION TECHNOLOGY], V11, P77",2
"MAXWELL RR, 2003, TRANSPORT RES REC, P128","CURRIE G., 1998, 22 AUSTR TRANSP RES",2
"MAXWELL RR, 2003, TRANSPORT RES REC, P128",DOI:10.1080/01441647.2012.707695,2
"MAXWELL RR, 2003, TRANSPORT RES REC, P128",DOI:10.3141/2072-03,3
"MAXWELL RR, 2003, TRANSPORT RES REC, P128","MOLIN E, 2009, EUR J TRANSP INFRAST, V9, P397",3
"MAXWELL RR, 2003, TRANSPORT RES REC, P128","BECKER A.J., 1999, TRANSPORTATION RESEARCH RECORD, V1666, P3",2
"MAXWELL RR, 2003, TRANSPORT RES REC, P128",DOI:10.1007/s12198-011-0072-5,2
"MAXWELL RR, 2003, TRANSPORT RES REC, P128",DOI:10.1016/j.jenvp.2007.04.001,2
"MAXWELL RR, 2003, TRANSPORT RES REC, P128",DOI:10.1016/j.jenvp.2007.09.003,2
"MAXWELL RR, 2003, TRANSPORT RES REC, P128",DOI:10.1016/j.jtrangeo.2011.12.003,2
"MAXWELL RR, 2003, TRANSPORT RES REC, P128",DOI:10.1016/j.tra.2005.05.001,2
"MAXWELL RR, 2003, TRANSPORT RES REC, P128",DOI:10.1016/j.tra.2010.11.002,2
"MAXWELL RR, 2003, TRANSPORT RES REC, P128",DOI:10.1080/01441640902811304,2
"MAXWELL RR, 2003, TRANSPORT RES REC, P128",DOI:10.1080/01441649008716748,2
"MAXWELL RR, 2003, TRANSPORT RES REC, P128",DOI:10.1111/j.1559-1816.2002.tb02068.x,2
"MAXWELL RR, 2003, TRANSPORT RES REC, P128",DOI:10.1177/0013916506294032,2
"MAXWELL RR, 2003, TRANSPORT RES REC, P128",DOI:10.1680/muen.2004.157.1.47,2
"MAXWELL RR, 2003, TRANSPORT RES REC, P128",DOI:10.1680/muen.2009.162.3.149,2
"MAXWELL RR, 2003, TRANSPORT RES REC, P128",DOI:10.3141/1872-02,2
"MAXWELL RR, 2003, TRANSPORT RES REC, P128",DOI:10.3141/2034-05,2
"MAXWELL RR, 2003, TRANSPORT RES REC, P128",DOI:10.3141/2112-14,2
"MAXWELL RR, 2003, TRANSPORT RES REC, P128",DOI:10.3141/2215-01,2
"MAXWELL RR, 2003, TRANSPORT RES REC, P128","EBOLI L., 2012, EUROPEAN TRANSPORT - TRANSPORTI EUROPEI, V51, P1",2
"MAXWELL RR, 2003, TRANSPORT RES REC, P128","[ANONYMOUS], 2011, SOCIAL RES ISSUES ME",2
"MAXWELL RR, 2003, TRANSPORT RES REC, P128","[陈旭梅 CHEN XUMEI], 2011, [交通运输系统工程与信息, JOURNAL OF TRANSPORATION SYSTEMS ENGINEERING & INFORMATION TECHNOLOGY], V11, P77",2
DOI:10.1109/tssc.1968.300136,DOI:10.1145/367766.368168,2
DOI:10.1109/tssc.1968.300136,DOI:10.1287/opre.17.4.583,2
DOI:10.1109/tssc.1968.300136,DOI:10.1016/j.trc.2015.03.005,2
DOI:10.1016/j.tranpol.2008.12.010,"BANISTER D., 2005, UNSUSTAINABLE TRANSP",2
DOI:10.1016/j.tranpol.2008.12.010,DOI:10.1016/j.tranpol.2005.12.005,2
DOI:10.1016/j.tranpol.2008.12.010,DOI:10.1016/j.tranpol.2007.04.007,2
DOI:10.1016/j.tranpol.2008.12.010,"MAY A, 2009, EUR J TRANSP INFRAST, V9, P184",2
DOI:10.1002/atr.5670320302,DOI:10.1016/j.trb.2015.03.002,2
DOI:10.1007/bf00167373,DOI:10.1016/s0927-0507(06)14002-5,2
DOI:10.1007/bf00167373,DOI:10.1016/s0968-090x(00)00048-6,2
DOI:10.1007/bf00167373,DOI:10.1061/(asce)0733-947x(2009)135:8(491),2
DOI:10.1007/s00291-011-0251-6,DOI:10.1061/(asce)te.1943-5436.0000536,2
DOI:10.1007/s00291-011-0251-6,DOI:10.1007/s12469-014-0100-5,2
DOI:10.1007/s00291-011-0251-6,DOI:10.1016/j.cor.2009.03.022,2
DOI:10.1007/s00291-011-0251-6,DOI:10.1016/j.cor.2014.06.025,2
DOI:10.1007/s00291-011-0251-6,DOI:10.1016/j.trb.2007.11.002,2
DOI:10.1007/s00291-011-0251-6,DOI:10.1016/j.trb.2014.01.009,2
DOI:10.1007/s00291-011-0251-6,DOI:10.1287/trsc.1120.0424,2
DOI:10.1016/j.trb.2015.03.002,DOI:10.1016/s0927-0507(06)14002-5,2
DOI:10.1016/j.trb.2015.03.002,DOI:10.1061/(asce)0733-947x(2009)135:8(491),2
DOI:10.1016/j.trb.2015.03.002,DOI:10.3141/2284-06,2
DOI:10.1016/j.trb.2015.03.002,"[ANONYMOUS], 2007, PUBLIC TRANSIT PLANNING AND OPERATION: THEORY, MODELLING, AND PRACTICE",2
DOI:10.1016/j.trb.2015.03.002,DOI:10.1007/s12469-009-0014-9,2
DOI:10.1016/j.trb.2015.03.002,DOI:10.1016/j.ejor.2015.12.006,2
DOI:10.1016/j.trb.2015.03.002,DOI:10.1016/j.trb.2012.01.006,3
DOI:10.1016/j.trb.2015.03.002,DOI:10.1016/j.tre.2019.10.001,2
DOI:10.1016/j.trb.2015.03.002,"CEDER A, 2001, TRANSPORT RES REC, P28",2
DOI:10.1016/j.trb.2015.03.002,"CEVALLOS F, 2006, TRANSPORT RES REC, P74",2
DOI:10.1016/j.trb.2015.03.002,DOI:10.1007/978-3-642-57762-8,2
DOI:10.1016/j.trb.2015.03.002,DOI:10.1016/j.ijtm.2005.02.001],2
DOI:10.1016/j.trb.2015.03.002,DOI:10.1016/j.trb.2015.11.013,2
DOI:10.1016/j.trb.2015.03.002,DOI:10.1016/j.trc.2018.01.026,2
DOI:10.1016/j.trb.2015.03.002,DOI:10.1016/j.trc.2018.12.013,2
DOI:10.1016/j.trb.2015.03.002,DOI:10.1016/s0965-8564(00)00032-x,2
DOI:10.1016/j.trb.2015.03.002,DOI:10.1080/18128601003615535,2
DOI:10.1016/j.trb.2015.03.002,DOI:10.1080/23249935.2018.1458757,2
DOI:10.1016/j.trb.2015.03.002,DOI:10.1177/0361198118822292,2
DOI:10.1016/j.trb.2015.03.002,DOI:10.1287/trsc.1070.0200,2
DOI:10.1016/j.trb.2015.03.002,DOI:10.1287/trsc.35.1.1.10143,2
DOI:10.1016/j.trb.2015.03.002,DOI:10.1287/trsc.35.3.215.10150,2
DOI:10.1016/j.trb.2015.03.002,"SUN AC, 2008, LECT NOTES ECON MATH, V600, P339",2
DOI:10.1016/j.trb.2015.03.002,DOI:10.1016/j.trb.2016.11.005,2
DOI:10.1016/s0927-0507(06)14002-5,DOI:10.1016/s0968-090x(00)00048-6,2
DOI:10.1016/s0927-0507(06)14002-5,DOI:10.1061/(asce)0733-947x(2009)135:8(491),3
DOI:10.1016/s0927-0507(06)14002-5,"[ANONYMOUS], 2007, PUBLIC TRANSIT PLANNING AND OPERATION: THEORY, MODELLING, AND PRACTICE",2
DOI:10.1016/s0968-090x(00)00048-6,DOI:10.1061/(asce)0733-947x(2009)135:8(491),2
DOI:10.1061/(asce)0733-947x(2009)135:8(491),"[ANONYMOUS], 2007, PUBLIC TRANSIT PLANNING AND OPERATION: THEORY, MODELLING, AND PRACTICE",2
"[ANONYMOUS], 2007, PUBLIC TRANSIT PLANNING AND OPERATION: THEORY, MODELLING, AND PRACTICE",DOI:10.1016/j.jtrangeo.2011.10.001,2
"[ANONYMOUS], 2007, PUBLIC TRANSIT PLANNING AND OPERATION: THEORY, MODELLING, AND PRACTICE",DOI:10.1016/j.tranpol.2007.04.009,2
"[ANONYMOUS], 2007, PUBLIC TRANSIT PLANNING AND OPERATION: THEORY, MODELLING, AND PRACTICE",DOI:10.1016/s0277-9536(01)00212-x,2
"[ANONYMOUS], 2007, PUBLIC TRANSIT PLANNING AND OPERATION: THEORY, MODELLING, AND PRACTICE",DOI:10.1061/(asce)0733-9488(2002)128:4(225),2
"[ANONYMOUS], 2007, PUBLIC TRANSIT PLANNING AND OPERATION: THEORY, MODELLING, AND PRACTICE",DOI:10.1068/b33043,2
"[ANONYMOUS], 2007, PUBLIC TRANSIT PLANNING AND OPERATION: THEORY, MODELLING, AND PRACTICE",DOI:10.1080/01944365908978307,2
"[ANONYMOUS], 2007, PUBLIC TRANSIT PLANNING AND OPERATION: THEORY, MODELLING, AND PRACTICE",DOI:10.1080/13658810802646679,2
"[ANONYMOUS], 2007, PUBLIC TRANSIT PLANNING AND OPERATION: THEORY, MODELLING, AND PRACTICE",DOI:10.1080/13658810902835404,2
"[ANONYMOUS], 2007, PUBLIC TRANSIT PLANNING AND OPERATION: THEORY, MODELLING, AND PRACTICE",DOI:10.3141/1604-07,2
"[ANONYMOUS], 2007, PUBLIC TRANSIT PLANNING AND OPERATION: THEORY, MODELLING, AND PRACTICE",DOI:10.3141/1835-05,2
"[ANONYMOUS], 2007, PUBLIC TRANSIT PLANNING AND OPERATION: THEORY, MODELLING, AND PRACTICE",DOI:10.5038/2375-0901.10.2.5,2
"[ANONYMOUS], 2007, PUBLIC TRANSIT PLANNING AND OPERATION: THEORY, MODELLING, AND PRACTICE","KIMPEL THOMASJ., 2007, URISA JOURNAL, V19, P5",2
"[ANONYMOUS], 2007, PUBLIC TRANSIT PLANNING AND OPERATION: THEORY, MODELLING, AND PRACTICE","[ANONYMOUS], 2011, VISUM 11 52 FUND VIS",2
"[ANONYMOUS], 2007, PUBLIC TRANSIT PLANNING AND OPERATION: THEORY, MODELLING, AND PRACTICE",DOI:10.3141/2215-01,2
DOI:10.1016/j.trb.2015.11.013,DOI:10.1016/j.ijtm.2005.02.001],2
DOI:10.1016/j.trb.2015.11.013,DOI:10.1016/j.trc.2018.01.026,2
DOI:10.1016/j.trb.2015.11.013,DOI:10.1080/18128601003615535,2
DOI:10.1016/j.trb.2015.11.013,DOI:10.1080/23249935.2018.1458757,2
DOI:10.1016/j.trb.2015.11.013,DOI:10.1287/trsc.35.1.1.10143,2
DOI:10.1016/j.trb.2015.11.013,DOI:10.1287/trsc.35.3.215.10150,2
DOI:10.1016/j.trb.2015.11.013,"SUN AC, 2008, LECT NOTES ECON MATH, V600, P339",2
DOI:10.3311/pptr.12072,DOI:10.1016/j.cstp.2019.03.004,2
DOI:10.3311/pptr.12072,DOI:10.1016/j.tranpol.2007.04.009,2
DOI:10.3311/pptr.12072,DOI:10.1080/01944365908978307,2
DOI:10.3311/pptr.12072,DOI:10.3390/su12093563,2
DOI:10.1080/01441640701806612,DOI:10.1016/j.envint.2011.02.003,3
DOI:10.1080/01441640701806612,DOI:10.1016/j.envint.2017.03.022,2
DOI:10.1080/01441640701806612,DOI:10.1016/j.tranpol.2018.07.001,2
DOI:10.1080/01441640701806612,DOI:10.1016/j.aap.2016.04.039,2
DOI:10.1080/01441640701806612,DOI:10.1016/j.eist.2012.07.001,2
DOI:10.1080/01441640701806612,DOI:10.1016/j.jth.2017.02.011,2
DOI:10.1080/01441640701806612,DOI:10.1016/j.trf.2016.06.022,2
DOI:10.1080/01441640701806612,DOI:10.1016/j.ypmed.2015.04.010,2
DOI:10.1080/01441640701806612,DOI:10.1080/01441647.2016.1177799,2
DOI:10.1080/01441640701806612,DOI:10.1186/s12966-014-0132-x,2
DOI:10.1080/01441640701806612,DOI:10.3390/su11010221,2
DOI:10.1080/01441640701806612,DOI:10.3390/su11071965,2
DOI:10.1080/01441640701806612,DOI:10.7307/ptt.v29i3.2265,2
DOI:10.1080/01441640701806612,"EUROPEAN COMMISSION (EC), COM490 EC",2
DOI:10.1080/01441640701806612,"EUROPEAN COMMISSION (EC), COM501 EC",2
DOI:10.1080/01441640701806612,"EUROPEAN COMMISSION (EC), COM913 EC",2
DOI:10.1080/01441640701806612,"GREEN G., 2014, HLTH CITIES PROMOTIN",2
DOI:10.1080/01441640701806612,"LEP M., 2017, PROMETNA STUDIJA IZV",2
DOI:10.1080/01441640701806612,"LEP M., 2018, PROMETNA STUDIJA IZV",2
DOI:10.1080/01441640701806612,"MARSHALL S., 2001, PLANNING FOR A SUSTAINABLE FUTURE, P131",2
DOI:10.1080/01441640701806612,"PLEVNIK A., 2012, PRIJAZNA MOBILNOST Z",2
DOI:10.1080/01441640701806612,"PLEVNIK A., 2016, OKOLJE PROMET ZDRAVJ",2
DOI:10.1080/01441640701806612,"RUPPRECHT S., 2019, GUIDELINES FOR DEVELOPING AND IMPLEMENTING A SUSTAINABLE URBAN MOBILITY PLAN, V2ND",2
DOI:10.1080/01441640701806612,"VODNIK S, 2014, PROMETNA STUDIJA IZV",2
DOI:10.1080/01441640701806612,"WHO, PHYS ACT KEY FACTS",2
"VUCHIC V.R., 2005, URBAN TRANSIT: OPERATIONS, PLANNING, AND ECONOMICS","CERVERO R.M., 1998, TRANSIT METROPOLIS G",2
DOI:10.1007/s12469-017-0171-1,DOI:10.1016/j.tranpol.2007.01.001,2
DOI:10.1007/s12469-017-0171-1,DOI:10.1016/j.trc.2010.12.003,2
DOI:10.1016/j.evalprogplan.2009.06.013,DOI:10.1016/j.jtrangeo.2019.102551,2
DOI:10.1016/j.evalprogplan.2009.06.013,DOI:10.1080/01441647.2016.1257660,2
DOI:10.1016/j.evalprogplan.2009.06.013,DOI:10.1080/01441647.2016.1276642,2
DOI:10.1016/j.jtrangeo.2019.102551,DOI:10.1080/01441647.2016.1257660,2
DOI:10.1016/j.jtrangeo.2019.102551,DOI:10.1080/01441647.2016.1276642,2
DOI:10.1016/j.tra.2019.01.024,DOI:10.1016/j.trc.2010.12.003,2
DOI:10.1016/j.tra.2019.01.024,DOI:10.1080/03081060.2016.1238569,2
DOI:10.1016/j.tra.2019.02.009,DOI:10.1080/01441647.2010.504900,3
DOI:10.1016/j.tra.2019.02.009,DOI:10.1080/01441647.2016.1257660,3
DOI:10.1016/j.tra.2019.02.009,DOI:10.1080/01441647.2017.1278647,2
DOI:10.1016/j.tra.2019.02.009,"MARTENS K, 2017, TRANSPORT JUSTICE: DESIGNING FAIR TRANSPORTATION SYSTEMS, P1",2
DOI:10.1016/j.tra.2019.02.009,DOI:10.1007/s11116-015-9585-2,2
DOI:10.1016/j.tra.2019.02.009,DOI:10.1016/j.apgeog.2019.04.002,2
DOI:10.1016/j.tra.2019.02.009,DOI:10.1016/j.jtrangeo.2011.12.004,2
DOI:10.1016/j.tra.2019.02.009,DOI:10.1016/j.tbs.2018.10.003,2
DOI:10.1016/j.tra.2019.02.009,DOI:10.1080/17450101.2013.782848,2
DOI:10.1016/j.tra.2019.02.009,"VAN WEE B, 2011, EUR J TRANSP INFRAST, V11, P350",2
DOI:10.1016/j.tranpol.2007.01.001,DOI:10.1016/j.trc.2010.12.003,3
DOI:10.1016/j.tranpol.2007.01.001,DOI:10.1016/j.trc.2017.12.016,2
DOI:10.1016/j.tranpol.2007.01.001,"BARRY JJ, 2002, TRANSPORT RES REC, P183",2
DOI:10.1016/j.tranpol.2007.01.001,DOI:10.1007/s11116-015-9617-y,2
DOI:10.1016/j.tranpol.2007.01.001,DOI:10.1016/j.jtrangeo.2016.12.001,2
DOI:10.1016/j.tranpol.2007.01.001,DOI:10.1016/j.tbs.2017.02.005,2
DOI:10.1016/j.tranpol.2007.01.001,DOI:10.1016/j.trb.2015.11.015,2
DOI:10.1016/j.tranpol.2007.01.001,DOI:10.1016/j.trc.2012.01.007,2
DOI:10.1016/j.tranpol.2007.01.001,DOI:10.1016/j.trc.2013.07.010,2
DOI:10.1016/j.tranpol.2007.01.001,DOI:10.1016/j.trc.2014.03.008,2
DOI:10.1016/j.tranpol.2007.01.001,DOI:10.1016/j.trc.2015.02.018,2
DOI:10.1016/j.tranpol.2007.01.001,DOI:10.1016/j.trc.2015.03.033,2
DOI:10.1016/j.tranpol.2007.01.001,DOI:10.1016/j.trc.2015.12.012,2
DOI:10.1016/j.tranpol.2007.01.001,DOI:10.1016/j.trc.2016.04.005,2
DOI:10.1016/j.tranpol.2007.01.001,DOI:10.1061/(asce)te.1943-5436.0000714,2
DOI:10.1016/j.tranpol.2007.01.001,DOI:10.1080/15472450.2013.868284,2
DOI:10.1016/j.tranpol.2007.01.001,DOI:10.1080/15472450601122256,2
DOI:10.1016/j.tranpol.2007.01.001,DOI:10.1111/j.1467-8667.2007.00494.x,2
DOI:10.1016/j.tranpol.2007.01.001,DOI:10.3141/2121-06,2
DOI:10.1016/j.tranpol.2007.01.001,DOI:10.3141/2276-06,2
DOI:10.1016/j.tranpol.2007.01.001,DOI:10.3141/2343-03,2
DOI:10.1016/j.tranpol.2007.01.001,DOI:10.1016/j.apgeog.2014.06.008,2
DOI:10.1016/j.trc.2010.12.003,DOI:10.1016/j.trc.2017.12.016,2
DOI:10.1016/j.trc.2010.12.003,DOI:10.1080/03081060.2016.1238569,2
DOI:10.1016/j.trc.2010.12.003,DOI:10.1016/j.tranpol.2005.06.008,3
DOI:10.1016/j.trc.2010.12.003,DOI:10.1016/j.tranpol.2005.12.004,2
DOI:10.1016/j.trc.2010.12.003,"BARRY JJ, 2002, TRANSPORT RES REC, P183",2
DOI:10.1016/j.trc.2010.12.003,DOI:10.1007/s11116-015-9617-y,2
DOI:10.1016/j.trc.2010.12.003,DOI:10.1007/s12205-015-1694-0,2
DOI:10.1016/j.trc.2010.12.003,DOI:10.1016/j.jtrangeo.2016.12.001,2
DOI:10.1016/j.trc.2010.12.003,DOI:10.1016/j.tbs.2017.02.005,2
DOI:10.1016/j.trc.2010.12.003,DOI:10.1016/j.trb.2015.11.015,2
DOI:10.1016/j.trc.2010.12.003,DOI:10.1016/j.trc.2010.04.002,2
DOI:10.1016/j.trc.2010.12.003,DOI:10.1016/j.trc.2012.01.007,2
DOI:10.1016/j.trc.2010.12.003,DOI:10.1016/j.trc.2012.09.009,2
DOI:10.1016/j.trc.2010.12.003,DOI:10.1016/j.trc.2013.07.010,2
DOI:10.1016/j.trc.2010.12.003,DOI:10.1016/j.trc.2014.03.008,2
DOI:10.1016/j.trc.2010.12.003,DOI:10.1016/j.trc.2015.02.018,2
DOI:10.1016/j.trc.2010.12.003,DOI:10.1016/j.trc.2015.03.033,2
DOI:10.1016/j.trc.2010.12.003,DOI:10.1016/j.trc.2015.12.012,2
DOI:10.1016/j.trc.2010.12.003,DOI:10.1016/j.trc.2016.04.005,3
DOI:10.1016/j.trc.2010.12.003,DOI:10.1061/(asce)te.1943-5436.0000714,2
DOI:10.1016/j.trc.2010.12.003,DOI:10.1080/15472450.2013.868284,2
DOI:10.1016/j.trc.2010.12.003,DOI:10.1080/15472450601122256,3
DOI:10.1016/j.trc.2010.12.003,DOI:10.1109/tits.2014.2368998,2
DOI:10.1016/j.trc.2010.12.003,DOI:10.1111/j.1467-8667.2007.00494.x,2
DOI:10.1016/j.trc.2010.12.003,DOI:10.3141/2121-06,2
DOI:10.1016/j.trc.2010.12.003,DOI:10.3141/2276-06,2
DOI:10.1016/j.trc.2010.12.003,DOI:10.3141/2343-03,2
DOI:10.1016/j.trc.2010.12.003,DOI:10.3182/20060517-3-fr-2903.00211,2
DOI:10.1016/j.trc.2010.12.003,DOI:10.1016/j.trc.2014.05.012,2
DOI:10.1016/j.trc.2010.12.003,DOI:10.1016/j.tra.2015.10.007,2
DOI:10.1016/j.trc.2010.12.003,DOI:10.1016/j.tra.2019.01.015,2
DOI:10.1016/j.trc.2010.12.003,DOI:10.1016/j.tranpol.2019.02.004,2
DOI:10.1016/j.trc.2010.12.003,DOI:10.1016/j.trc.2019.02.013,2
DOI:10.1016/j.trc.2010.12.003,DOI:10.1177/2043820613513390,2
DOI:10.1016/j.trc.2017.12.016,DOI:10.1016/j.trc.2012.01.007,2
DOI:10.1080/01441647.2010.504900,DOI:10.1080/01441647.2016.1257660,3
DOI:10.1080/01441647.2010.504900,DOI:10.1080/01441647.2017.1278647,2
DOI:10.1080/01441647.2010.504900,"MARTENS K, 2017, TRANSPORT JUSTICE: DESIGNING FAIR TRANSPORTATION SYSTEMS, P1",2
DOI:10.1080/01441647.2010.504900,DOI:10.1016/j.jtrangeo.2011.12.004,3
DOI:10.1080/01441647.2010.504900,DOI:10.1080/01441640902786415,2
DOI:10.1080/01441647.2010.504900,DOI:10.1007/s11116-015-9585-2,2
DOI:10.1080/01441647.2010.504900,DOI:10.1016/j.apgeog.2019.04.002,2
DOI:10.1080/01441647.2010.504900,DOI:10.1016/j.tbs.2018.10.003,2
DOI:10.1080/01441647.2010.504900,DOI:10.1080/17450101.2013.782848,2
DOI:10.1080/01441647.2010.504900,"VAN WEE B, 2011, EUR J TRANSP INFRAST, V11, P350",2
DOI:10.1080/01441647.2016.1257660,DOI:10.1080/01441647.2016.1276642,2
DOI:10.1080/01441647.2016.1257660,DOI:10.1080/01441647.2017.1278647,3
DOI:10.1080/01441647.2016.1257660,DOI:10.1080/03081060.2016.1238569,2
DOI:10.1080/01441647.2016.1257660,"MARTENS K, 2017, TRANSPORT JUSTICE: DESIGNING FAIR TRANSPORTATION SYSTEMS, P1",2
DOI:10.1080/01441647.2016.1257660,DOI:10.1016/j.cities.2021.103257,2
DOI:10.1080/01441647.2016.1257660,DOI:10.1016/j.retrec.2008.05.010,2
DOI:10.1080/01441647.2016.1257660,DOI:10.1111/j.1467-954x.2005.00565.x,2
DOI:10.1080/01441647.2016.1257660,DOI:10.1007/s11116-019-09986-6,2
DOI:10.1080/01441647.2016.1257660,DOI:10.1016/j.cstp.2018.09.011,2
DOI:10.1080/01441647.2016.1257660,DOI:10.1111/j.0309-1317.2004.00549.x,3
DOI:10.1080/01441647.2016.1257660,DOI:10.1155/2017/1812045,3
DOI:10.1080/01441647.2016.1257660,"SHELLER MIMI., 2018, MOBILITY JUSTICE POL",3
DOI:10.1080/01441647.2016.1257660,"VAN WEE B, 2011, EUR J TRANSP INFRAST, V11, P350",5
DOI:10.1080/01441647.2016.1257660,DOI:10.1007/s11116-015-9585-2,4
DOI:10.1080/01441647.2016.1257660,DOI:10.1016/j.cities.2019.01.031,2
DOI:10.1080/01441647.2016.1257660,DOI:10.1016/j.cstp.2020.09.007,2
DOI:10.1080/01441647.2016.1257660,DOI:10.1016/j.jtrangeo.2017.08.017,2
DOI:10.1080/01441647.2016.1257660,DOI:10.1016/j.jtrangeo.2018.12.005,2
DOI:10.1080/01441647.2016.1257660,DOI:10.1016/j.tranpol.2011.07.001,2
DOI:10.1080/01441647.2016.1257660,DOI:10.1016/j.tranpol.2012.01.013,3
DOI:10.1080/01441647.2016.1257660,DOI:10.1016/j.tranpol.2018.04.012,2
DOI:10.1080/01441647.2016.1257660,DOI:10.1080/01441647.2020.1711828,3
DOI:10.1080/01441647.2016.1257660,DOI:10.5070/bp319111486,2
DOI:10.1080/01441647.2016.1257660,DOI:10.1016/j.apgeog.2019.04.002,2
DOI:10.1080/01441647.2016.1257660,DOI:10.1016/j.jtrangeo.2011.12.004,2
DOI:10.1080/01441647.2016.1257660,DOI:10.1016/j.tbs.2018.10.003,2
DOI:10.1080/01441647.2016.1257660,DOI:10.1080/17450101.2013.782848,2
DOI:10.1080/01441647.2016.1257660,"UNITED NATIONS HUMAN SETTLEMENTS PROGRAMME, 2013, PLANN DES SUST URB M",2
DOI:10.1080/01441647.2016.1257660,DOI:10.1016/j.jtrangeo.2016.05.002,2
DOI:10.1080/01441647.2016.1257660,DOI:10.1007/978-3-030-19581-6_2,2
DOI:10.1080/01441647.2016.1257660,DOI:10.1080/17450100600726654],2
DOI:10.1080/01441647.2016.1257660,DOI:10.1186/s40410-017-0071-3,2
DOI:10.1080/01441647.2017.1278647,DOI:10.1080/03081060.2016.1238569,2
DOI:10.1080/01441647.2017.1278647,"MARTENS K, 2017, TRANSPORT JUSTICE: DESIGNING FAIR TRANSPORTATION SYSTEMS, P1",2
DOI:10.1080/01441647.2017.1278647,DOI:10.1007/s11116-015-9585-2,2
DOI:10.1080/01441647.2017.1278647,DOI:10.1016/j.cities.2019.01.031,2
DOI:10.1080/01441647.2017.1278647,DOI:10.1016/j.jtrangeo.2011.12.004,2
DOI:10.1080/01441647.2017.1278647,DOI:10.1016/j.tranpol.2012.01.013,2
DOI:10.1080/01441647.2017.1278647,DOI:10.1080/01441647.2020.1711828,2
DOI:10.1080/01441647.2017.1278647,"UNITED NATIONS HUMAN SETTLEMENTS PROGRAMME, 2013, PLANN DES SUST URB M",2
DOI:10.1080/01441647.2017.1278647,"VAN WEE B, 2011, EUR J TRANSP INFRAST, V11, P350",2
DOI:10.1080/03081060.2016.1238569,DOI:10.1016/j.cstp.2018.09.011,2
DOI:10.1080/03081060.2016.1238569,DOI:10.1016/j.evalprogplan.2009.06.009,2
DOI:10.1080/03081060.2016.1238569,DOI:10.1016/j.jtrangeo.2018.08.012,2
DOI:10.1080/03081060.2016.1238569,DOI:10.1016/j.tranpol.2018.11.009,2
DOI:10.1080/03081060.2016.1238569,DOI:10.1016/j.trd.2019.102212,2
DOI:10.1080/03081060.2016.1238569,DOI:10.11175/easts.11.425],2
DOI:10.1080/03081060.2016.1238569,DOI:10.3141/2544-06,2
DOI:10.1080/03081060.2016.1238569,DOI:10.1007/s11116-012-9388-7,2
DOI:10.1080/03081060.2016.1238569,DOI:10.1016/j.tra.2016.07.003,2
"MARTENS K, 2017, TRANSPORT JUSTICE: DESIGNING FAIR TRANSPORTATION SYSTEMS, P1",DOI:10.1016/j.tranpol.2012.01.013,3
DOI:10.1016/j.trc.2012.01.007,DOI:10.1016/j.tranpol.2017.10.010,2
DOI:10.1016/j.trc.2012.01.007,DOI:10.1016/j.trpro.2017.12.099,2
DOI:10.1016/j.trc.2012.01.007,DOI:10.1080/15472450601122256,3
DOI:10.1016/j.trc.2012.01.007,DOI:10.3141/2652-01,2
DOI:10.1016/j.trc.2012.01.007,"BARRY JJ, 2002, TRANSPORT RES REC, P183",2
DOI:10.1016/j.trc.2012.01.007,DOI:10.1007/s11116-015-9617-y,2
DOI:10.1016/j.trc.2012.01.007,DOI:10.1016/j.jtrangeo.2016.12.001,2
DOI:10.1016/j.trc.2012.01.007,DOI:10.1016/j.tbs.2017.02.005,2
DOI:10.1016/j.trc.2012.01.007,DOI:10.1016/j.trb.2015.11.015,2
DOI:10.1016/j.trc.2012.01.007,DOI:10.1016/j.trc.2013.07.010,2
DOI:10.1016/j.trc.2012.01.007,DOI:10.1016/j.trc.2014.03.008,2
DOI:10.1016/j.trc.2012.01.007,DOI:10.1016/j.trc.2015.02.018,2
DOI:10.1016/j.trc.2012.01.007,DOI:10.1016/j.trc.2015.03.033,2
DOI:10.1016/j.trc.2012.01.007,DOI:10.1016/j.trc.2015.12.012,2
DOI:10.1016/j.trc.2012.01.007,DOI:10.1016/j.trc.2016.04.005,2
DOI:10.1016/j.trc.2012.01.007,DOI:10.1061/(asce)te.1943-5436.0000714,2
DOI:10.1016/j.trc.2012.01.007,DOI:10.1080/15472450.2013.868284,2
DOI:10.1016/j.trc.2012.01.007,DOI:10.1111/j.1467-8667.2007.00494.x,2
DOI:10.1016/j.trc.2012.01.007,DOI:10.3141/2121-06,2
DOI:10.1016/j.trc.2012.01.007,DOI:10.3141/2276-06,2
DOI:10.1016/j.trc.2012.01.007,DOI:10.3141/2343-03,2
"ORTUZAR JD, 2011, MODELLING TRANSPORT, 4TH EDITION",DOI:10.1017/cbo9780511805271,2
DOI:10.1007/s11116-016-9695-5,DOI:10.1007/s11116-019-09986-6,8
DOI:10.1007/s11116-016-9695-5,DOI:10.1016/j.jtrangeo.2020.102634,2
DOI:10.1007/s11116-016-9695-5,DOI:10.1177/2399654418821107,4
DOI:10.1007/s11116-016-9695-5,DOI:10.14257/ijt.2013.1.1.05,4
DOI:10.1007/s11116-016-9695-5,DOI:10.3141/2415-10,4
DOI:10.1007/s11116-016-9695-5,DOI:10.3917/redp.323.0421,2
DOI:10.1007/s11116-016-9695-5,"FAIVRE DARCIER B., 2013, COLL. DU PREDIT, SERIE ""SYNTHESES, P291",2
DOI:10.1007/s11116-016-9695-5,"GUELTON S., 2020, L'ECONOMIE POLITIQUE, ALTERNATIVES ECONOMIQUES, V1, P36",2
DOI:10.1007/s11116-016-9695-5,"HASIAK S., 2022, RECHERCHE TRANSPORTS SECURITE",2
DOI:10.1007/s11116-016-9695-5,"VAN GOEVERDEN C, 2006, EUR TRANSP, P5",4
DOI:10.1007/s11116-016-9695-5,"VOLINSKI J., 2012, IMPLEMENTATION AND OUTCOMES OF FARE-FREE TRANSIT SYSTEMS",2
DOI:10.1007/s11116-016-9695-5,DOI:10.1016/j.cstp.2017.10.002,2
DOI:10.1007/s11116-016-9695-5,DOI:10.1016/j.tra.2005.12.008,4
DOI:10.1007/s11116-016-9695-5,DOI:10.1016/j.tra.2016.02.010,3
DOI:10.1007/s11116-016-9695-5,DOI:10.1016/j.tranpol.2009.10.008,3
DOI:10.1007/s11116-016-9695-5,DOI:10.1016/j.tranpol.2019.06.012,3
DOI:10.1007/s11116-016-9695-5,DOI:10.1016/j.trf.2006.11.001,2
DOI:10.1007/s11116-016-9695-5,DOI:10.1023/a:1021234607980,3
DOI:10.1007/s11116-016-9695-5,DOI:10.1016/j.cstp.2024.101148,3
DOI:10.1007/s11116-016-9695-5,DOI:10.1016/j.jtrangeo.2023.103685,2
DOI:10.1007/s11116-016-9695-5,DOI:10.1016/j.regsciurbeco.2020.103616,3
DOI:10.1007/s11116-016-9695-5,DOI:10.1016/j.tra.2023.103944,2
DOI:10.1007/s11116-016-9695-5,DOI:10.1016/j.tranpol.2018.11.009,2
DOI:10.1007/s11116-016-9695-5,DOI:10.1016/j.tranpol.2020.03.013,2
DOI:10.1007/s11116-016-9695-5,DOI:10.1016/j.tranpol.2024.10.008,2
DOI:10.1007/s11116-016-9695-5,DOI:10.1007/s12062-016-9168-9,2
DOI:10.1007/s11116-016-9695-5,DOI:10.1016/j.tra.2015.06.008,2
DOI:10.1007/s11116-016-9695-5,DOI:10.1016/j.tra.2024.104076,2
DOI:10.1007/s11116-016-9695-5,DOI:10.1016/j.tranpol.2024.02.003,3
DOI:10.1007/s11116-016-9695-5,DOI:10.1016/j.jebo.2021.07.012,2
DOI:10.1007/s11116-016-9695-5,DOI:10.1016/j.jue.2024.103643,2
DOI:10.1007/s11116-016-9695-5,DOI:10.1257/aer.104.9.2763,2
DOI:10.1007/s11116-016-9695-5,"BÖRJESSON M, 2019, J TRANSP ECON POLICY, V53, P275",2
DOI:10.1007/s11116-016-9695-5,DOI:10.1007/s10273-022-3313-2],2
DOI:10.1007/s11116-016-9695-5,DOI:10.1016/j.ecotra.2014.04.003,2
DOI:10.1007/s11116-016-9695-5,DOI:10.1016/j.ecotra.2016.12.001,2
DOI:10.1007/s11116-016-9695-5,DOI:10.1257/aer.99.3.700,2
DOI:10.1007/s11116-016-9695-5,DOI:10.1257/pol.6.4.1,3
DOI:10.1007/s11116-019-09986-6,DOI:10.1016/j.jtrangeo.2020.102634,3
DOI:10.1007/s11116-019-09986-6,DOI:10.1177/2399654418821107,4
DOI:10.1007/s11116-019-09986-6,DOI:10.14257/ijt.2013.1.1.05,3
DOI:10.1007/s11116-019-09986-6,DOI:10.3141/2415-10,4
DOI:10.1007/s11116-019-09986-6,DOI:10.3917/redp.323.0421,2
DOI:10.1007/s11116-019-09986-6,"FAIVRE DARCIER B., 2013, COLL. DU PREDIT, SERIE ""SYNTHESES, P291",2
DOI:10.1007/s11116-019-09986-6,"GUELTON S., 2020, L'ECONOMIE POLITIQUE, ALTERNATIVES ECONOMIQUES, V1, P36",2
DOI:10.1007/s11116-019-09986-6,"HASIAK S., 2022, RECHERCHE TRANSPORTS SECURITE",2
DOI:10.1007/s11116-019-09986-6,"VAN GOEVERDEN C, 2006, EUR TRANSP, P5",3
DOI:10.1007/s11116-019-09986-6,"VOLINSKI J., 2012, IMPLEMENTATION AND OUTCOMES OF FARE-FREE TRANSIT SYSTEMS",2
DOI:10.1007/s11116-019-09986-6,DOI:10.1007/s11116-022-10299-4,2
DOI:10.1007/s11116-019-09986-6,DOI:10.1016/j.cstp.2024.101148,3
DOI:10.1007/s11116-019-09986-6,DOI:10.1016/j.jtrangeo.2023.103685,2
DOI:10.1007/s11116-019-09986-6,DOI:10.1016/j.regsciurbeco.2020.103616,3
DOI:10.1007/s11116-019-09986-6,DOI:10.1016/j.tra.2023.103944,2
DOI:10.1007/s11116-019-09986-6,DOI:10.1016/j.tranpol.2018.11.009,2
DOI:10.1007/s11116-019-09986-6,DOI:10.1016/j.tranpol.2020.03.013,2
DOI:10.1007/s11116-019-09986-6,DOI:10.1016/j.tranpol.2021.01.009,2
DOI:10.1007/s11116-019-09986-6,DOI:10.1016/j.tranpol.2024.10.008,2
DOI:10.1007/s11116-019-09986-6,DOI:10.1007/978-3-319-76360-6_4,2
DOI:10.1007/s11116-019-09986-6,DOI:10.1007/s12062-016-9168-9,2
DOI:10.1007/s11116-019-09986-6,DOI:10.1016/j.jtrangeo.2021.103046,2
DOI:10.1007/s11116-019-09986-6,DOI:10.1016/j.tra.2005.12.008,3
DOI:10.1007/s11116-019-09986-6,DOI:10.1016/j.tra.2015.06.008,2
DOI:10.1007/s11116-019-09986-6,DOI:10.1016/j.tra.2016.02.010,2
DOI:10.1007/s11116-019-09986-6,DOI:10.1016/j.tranpol.2009.10.008,2
DOI:10.1007/s11116-019-09986-6,DOI:10.1016/j.tranpol.2019.06.012,2
DOI:10.1007/s11116-019-09986-6,DOI:10.1016/j.tranpol.2024.02.003,3
DOI:10.1007/s11116-019-09986-6,DOI:10.1023/a:1021234607980,2
DOI:10.1007/s11116-019-09986-6,"BÖRJESSON M, 2019, J TRANSP ECON POLICY, V53, P275",2
DOI:10.1007/s11116-019-09986-6,DOI:10.1007/s10273-022-3313-2],3
DOI:10.1007/s11116-019-09986-6,DOI:10.1007/s11116-020-10145-5,2
DOI:10.1007/s11116-019-09986-6,DOI:10.1016/j.ecotra.2014.04.003,2
DOI:10.1007/s11116-019-09986-6,DOI:10.1016/j.ecotra.2016.12.001,2
DOI:10.1007/s11116-019-09986-6,DOI:10.1257/aer.104.9.2763,2
DOI:10.1007/s11116-019-09986-6,DOI:10.1257/aer.99.3.700,2
DOI:10.1007/s11116-019-09986-6,DOI:10.1257/pol.6.4.1,4
DOI:10.1007/s11116-019-09986-6,DOI:10.4324/9781315157375,2
DOI:10.1007/s11116-019-09986-6,DOI:10.1016/j.tranpol.2011.06.003,2
DOI:10.1007/s11116-019-09986-6,DOI:10.1016/j.cstp.2018.09.011,2
DOI:10.1007/s11116-019-09986-6,DOI:10.1080/13501763.2022.2094987,2
DOI:10.1007/s11116-019-09986-6,"VAN WEE B, 2011, EUR J TRANSP INFRAST, V11, P350",2
DOI:10.1016/j.jtrangeo.2020.102634,DOI:10.1177/2399654418821107,3
DOI:10.1016/j.jtrangeo.2020.102634,DOI:10.3141/2415-10,2
DOI:10.1016/j.jtrangeo.2020.102634,DOI:10.3917/redp.323.0421,2
DOI:10.1016/j.jtrangeo.2020.102634,"FAIVRE DARCIER B., 2013, COLL. DU PREDIT, SERIE ""SYNTHESES, P291",2
DOI:10.1016/j.jtrangeo.2020.102634,"GUELTON S., 2020, L'ECONOMIE POLITIQUE, ALTERNATIVES ECONOMIQUES, V1, P36",2
DOI:10.1016/j.jtrangeo.2020.102634,"HASIAK S., 2022, RECHERCHE TRANSPORTS SECURITE",2
DOI:10.1016/j.jtrangeo.2020.102634,"VOLINSKI J., 2012, IMPLEMENTATION AND OUTCOMES OF FARE-FREE TRANSIT SYSTEMS",2
DOI:10.1177/0739456x03255430,DOI:10.14257/ijt.2013.1.1.05,2
DOI:10.1177/2399654418821107,DOI:10.3141/2415-10,2
DOI:10.1177/2399654418821107,DOI:10.3917/redp.323.0421,2
DOI:10.1177/2399654418821107,"FAIVRE DARCIER B., 2013, COLL. DU PREDIT, SERIE ""SYNTHESES, P291",2
DOI:10.1177/2399654418821107,"GUELTON S., 2020, L'ECONOMIE POLITIQUE, ALTERNATIVES ECONOMIQUES, V1, P36",2
DOI:10.1177/2399654418821107,"HASIAK S., 2022, RECHERCHE TRANSPORTS SECURITE",2
DOI:10.1177/2399654418821107,"VAN GOEVERDEN C, 2006, EUR TRANSP, P5",2
DOI:10.1177/2399654418821107,"VOLINSKI J., 2012, IMPLEMENTATION AND OUTCOMES OF FARE-FREE TRANSIT SYSTEMS",2
DOI:10.1177/2399654418821107,DOI:10.1016/j.tra.2023.103944,2
DOI:10.14257/ijt.2013.1.1.05,DOI:10.3141/2415-10,3
DOI:10.14257/ijt.2013.1.1.05,"VAN GOEVERDEN C, 2006, EUR TRANSP, P5",2
DOI:10.14257/ijt.2013.1.1.05,DOI:10.1016/j.tra.2005.12.008,2
DOI:10.14257/ijt.2013.1.1.05,DOI:10.1016/j.tra.2016.02.010,2
DOI:10.14257/ijt.2013.1.1.05,DOI:10.1016/j.tranpol.2009.10.008,2
DOI:10.14257/ijt.2013.1.1.05,DOI:10.1016/j.tranpol.2019.06.012,2
DOI:10.14257/ijt.2013.1.1.05,DOI:10.1023/a:1021234607980,3
DOI:10.3141/2415-10,"VAN GOEVERDEN C, 2006, EUR TRANSP, P5",3
DOI:10.3141/2415-10,DOI:10.1016/j.cstp.2017.10.002,2
DOI:10.3141/2415-10,DOI:10.1016/j.tra.2005.12.008,3
DOI:10.3141/2415-10,DOI:10.1016/j.tra.2016.02.010,3
DOI:10.3141/2415-10,DOI:10.1016/j.tranpol.2009.10.008,3
DOI:10.3141/2415-10,DOI:10.1016/j.tranpol.2019.06.012,3
DOI:10.3141/2415-10,DOI:10.1016/j.trf.2006.11.001,2
DOI:10.3141/2415-10,DOI:10.1023/a:1021234607980,3
DOI:10.3141/2415-10,DOI:10.1016/j.tra.2015.06.008,2
DOI:10.3141/2415-10,DOI:10.1016/j.tranpol.2011.06.003,2
DOI:10.3917/redp.323.0421,"FAIVRE DARCIER B., 2013, COLL. DU PREDIT, SERIE ""SYNTHESES, P291",2
DOI:10.3917/redp.323.0421,"GUELTON S., 2020, L'ECONOMIE POLITIQUE, ALTERNATIVES ECONOMIQUES, V1, P36",2
DOI:10.3917/redp.323.0421,"HASIAK S., 2022, RECHERCHE TRANSPORTS SECURITE",2
DOI:10.3917/redp.323.0421,"VOLINSKI J., 2012, IMPLEMENTATION AND OUTCOMES OF FARE-FREE TRANSIT SYSTEMS",2
"FAIVRE DARCIER B., 2013, COLL. DU PREDIT, SERIE ""SYNTHESES, P291","GUELTON S., 2020, L'ECONOMIE POLITIQUE, ALTERNATIVES ECONOMIQUES, V1, P36",2
"FAIVRE DARCIER B., 2013, COLL. DU PREDIT, SERIE ""SYNTHESES, P291","HASIAK S., 2022, RECHERCHE TRANSPORTS SECURITE",2
"FAIVRE DARCIER B., 2013, COLL. DU PREDIT, SERIE ""SYNTHESES, P291","VOLINSKI J., 2012, IMPLEMENTATION AND OUTCOMES OF FARE-FREE TRANSIT SYSTEMS",2
"GUELTON S., 2020, L'ECONOMIE POLITIQUE, ALTERNATIVES ECONOMIQUES, V1, P36","HASIAK S., 2022, RECHERCHE TRANSPORTS SECURITE",2
"GUELTON S., 2020, L'ECONOMIE POLITIQUE, ALTERNATIVES ECONOMIQUES, V1, P36","VOLINSKI J., 2012, IMPLEMENTATION AND OUTCOMES OF FARE-FREE TRANSIT SYSTEMS",2
"HASIAK S., 2022, RECHERCHE TRANSPORTS SECURITE","VOLINSKI J., 2012, IMPLEMENTATION AND OUTCOMES OF FARE-FREE TRANSIT SYSTEMS",2
"VAN GOEVERDEN C, 2006, EUR TRANSP, P5",DOI:10.1016/j.cstp.2017.10.002,2
"VAN GOEVERDEN C, 2006, EUR TRANSP, P5",DOI:10.1016/j.tra.2005.12.008,3
"VAN GOEVERDEN C, 2006, EUR TRANSP, P5",DOI:10.1016/j.tra.2016.02.010,2
"VAN GOEVERDEN C, 2006, EUR TRANSP, P5",DOI:10.1016/j.tranpol.2009.10.008,2
"VAN GOEVERDEN C, 2006, EUR TRANSP, P5",DOI:10.1016/j.tranpol.2019.06.012,2
"VAN GOEVERDEN C, 2006, EUR TRANSP, P5",DOI:10.1016/j.trf.2006.11.001,2
"VAN GOEVERDEN C, 2006, EUR TRANSP, P5",DOI:10.1023/a:1021234607980,2
"VAN GOEVERDEN C, 2006, EUR TRANSP, P5","HODGE DC., 1994, FARE FREE POLICY COS",2
"VAN GOEVERDEN C, 2006, EUR TRANSP, P5",DOI:10.1016/j.tranpol.2024.02.003,2
"VAN GOEVERDEN C, 2006, EUR TRANSP, P5","MOHRING H, 1972, AM ECON REV, V62, P591",2
"DARGAY JM, 2002, J TRANSP ECON POLICY, V36, P73",DOI:10.1016/j.tra.2007.06.003,2
DOI:10.1016/j.evalprogplan.2009.06.009,DOI:10.1080/0144164022000016658,2
DOI:10.1016/j.evalprogplan.2009.06.009,DOI:10.1007/bf00215252,2
DOI:10.1016/j.evalprogplan.2009.06.009,DOI:10.1080/01944368108976521,2
DOI:10.1016/j.evalprogplan.2009.06.009,DOI:10.1016/j.cstp.2018.09.011,2
DOI:10.1016/j.evalprogplan.2009.06.009,DOI:10.1016/j.jtrangeo.2018.08.012,2
DOI:10.1016/j.evalprogplan.2009.06.009,DOI:10.1016/j.tranpol.2018.11.009,2
DOI:10.1016/j.evalprogplan.2009.06.009,DOI:10.11175/easts.11.425],2
DOI:10.1016/j.tra.2005.11.002,DOI:10.1257/aer.99.3.667,2
DOI:10.1016/j.tra.2005.11.002,"[ANONYMOUS], 1997, THE DISTRIBUTIONAL EFFECTS OF TAXES ON PRIVATE MOTORING. COMMENTARY N65",2
DOI:10.1080/0144164022000016658,DOI:10.1016/j.scitotenv.2004.04.069,3
DOI:10.1080/0144164022000016658,DOI:10.1061/(asce)0733-9488(2005)131:2(71),2
DOI:10.1080/0144164022000016658,"GARCÍA-FERRER A, 2006, J TRANSP ECON POLICY, V40, P45",2
DOI:10.1080/0144164022000016658,DOI:10.1007/bf00215252,2
DOI:10.1080/0144164022000016658,DOI:10.1016/j.tranpol.2011.01.010,2
DOI:10.1080/0144164022000016658,DOI:10.1080/01441640902786415,3
DOI:10.1080/0144164022000016658,DOI:10.1080/01944368108976521,2
DOI:10.1080/0144164022000016658,DOI:10.1016/j.tra.2011.09.006,2
DOI:10.1257/aer.99.3.667,"[ANONYMOUS], 1997, THE DISTRIBUTIONAL EFFECTS OF TAXES ON PRIVATE MOTORING. COMMENTARY N65",2
DOI:10.1016/j.tranpol.2010.04.006,DOI:10.1016/j.tranpol.2013.07.001,2
DOI:10.1016/j.tranpol.2010.04.006,DOI:10.1023/a:1023983627092,2
DOI:10.1016/j.tranpol.2010.04.006,DOI:10.3141/1927-28,2
DOI:10.1016/j.tranpol.2010.04.006,DOI:10.1016/j.tranpol.2010.07.007,4
DOI:10.1016/j.tranpol.2010.04.006,DOI:10.1016/s0965-8564(02)00075-7,2
DOI:10.1016/j.tranpol.2010.04.006,DOI:10.1016/j.tranpol.2010.09.003,2
DOI:10.1016/j.tranpol.2010.04.006,DOI:10.1016/s0019-8501(03)00055-5,2
DOI:10.1016/j.tranpol.2010.04.006,DOI:10.2307/1251430,2
DOI:10.1016/j.tranpol.2013.07.001,DOI:10.1080/23249935.2013.823579,2
DOI:10.1016/j.tranpol.2013.07.001,DOI:10.3141/1927-28,2
DOI:10.1016/j.tranpol.2013.07.001,DOI:10.1016/j.retrec.2016.04.001,2
DOI:10.1016/j.tranpol.2013.07.001,DOI:10.1007/s11116-015-9625-y,2
DOI:10.1016/j.tranpol.2013.07.001,DOI:10.1007/s11165-016-9602-2,2
DOI:10.1016/j.tranpol.2013.07.001,DOI:10.1016/j.cstp.2020.10.012,2
DOI:10.1016/j.tranpol.2013.07.001,DOI:10.1016/j.jenvp.2007.04.001,2
DOI:10.1016/j.tranpol.2013.07.001,DOI:10.1016/s0191-2615(01)00046-7,2
DOI:10.1016/j.tranpol.2013.07.001,DOI:10.1287/trsc.2014.0544,2
DOI:10.1023/a:1023983627092,DOI:10.3141/1927-28,3
DOI:10.1023/a:1023983627092,DOI:10.1016/j.tranpol.2010.09.003,2
DOI:10.1023/a:1023983627092,"HAIR JF., 2010, MULTIVARIATE DATA ANALYSIS, V7TH",2
DOI:10.1080/23249935.2013.823579,DOI:10.3141/1927-28,2
DOI:10.1080/23249935.2013.823579,DOI:10.5038/2375-0901.10.3.2],2
DOI:10.1080/23249935.2013.823579,DOI:10.1287/trsc.2014.0544,2
DOI:10.3141/1927-28,DOI:10.1007/s11116-010-9306-9,2
DOI:10.3141/1927-28,DOI:10.1016/j.tranpol.2010.09.003,2
DOI:10.3141/1927-28,"HAIR JF., 2010, MULTIVARIATE DATA ANALYSIS, V7TH",2
DOI:10.1016/j.tra.2015.02.002,DOI:10.1017/cbo9780511805271,2
DOI:10.1016/j.tra.2015.02.002,DOI:10.1080/01441640902827623,2
DOI:10.1016/j.tranpol.2005.12.004,"MOHRING H, 1972, AM ECON REV, V62, P591",2
DOI:10.1016/j.tranpol.2005.12.004,DOI:10.1177/0042098010379280,2
DOI:10.1016/j.tranpol.2005.12.004,DOI:10.1016/s1361-9209(01)00024-4,2
DOI:10.1016/j.tranpol.2005.12.004,DOI:10.1016/s1361-9209(97)00009-6,2
DOI:10.1016/j.tranpol.2005.12.004,DOI:10.1016/s1366-5545(00)00012-0,2
DOI:10.1016/j.tranpol.2005.12.004,DOI:10.1016/j.tra.2007.06.003,2
DOI:10.1016/j.tranpol.2005.12.004,DOI:10.3141/1735-17,2
"GIVONI M., 2010, INTEGRATED TRANSPORT: FROM POLICY TO PRACTICE",DOI:10.1016/j.retrec.2010.03.002,2
"GIVONI M., 2010, INTEGRATED TRANSPORT: FROM POLICY TO PRACTICE",DOI:10.1016/s0016-3287(99)00097-x,2
"GIVONI M., 2010, INTEGRATED TRANSPORT: FROM POLICY TO PRACTICE",DOI:10.1016/s0967-070x(03)00020-9,2
"GIVONI M., 2010, INTEGRATED TRANSPORT: FROM POLICY TO PRACTICE",DOI:10.1080/01441647.2012.744779,2
"MOHRING H, 1972, AM ECON REV, V62, P591",DOI:10.1016/j.jue.2011.08.002,2
"MOHRING H, 1972, AM ECON REV, V62, P591",DOI:10.1016/j.tra.2008.03.009,2
"MOHRING H, 1972, AM ECON REV, V62, P591",DOI:10.1257/aer.99.3.700,3
"MOHRING H, 1972, AM ECON REV, V62, P591",DOI:10.1257/pol.6.4.1,2
"MOHRING H, 1972, AM ECON REV, V62, P591",DOI:10.1016/j.healthplace.2012.01.003,2
"MOHRING H, 1972, AM ECON REV, V62, P591",DOI:10.1016/j.jenvp.2006.05.003,2
"MOHRING H, 1972, AM ECON REV, V62, P591",DOI:10.1016/j.tra.2005.12.008,2
"MOHRING H, 1972, AM ECON REV, V62, P591",DOI:10.1016/j.tra.2007.06.003,2
"MOHRING H, 1972, AM ECON REV, V62, P591",DOI:10.1016/j.tranpol.2010.07.007,2
"MOHRING H, 1972, AM ECON REV, V62, P591",DOI:10.1016/s0965-8564(02)00075-7,2
"MOHRING H, 1972, AM ECON REV, V62, P591","JANSSON JO, 1979, J TRANSP ECON POLICY, V13, P268",2
DOI:10.1016/j.tra.2004.09.006,DOI:10.1016/s0965-8564(00)00013-6,2
DOI:10.1016/s0965-8564(00)00013-6,DOI:10.1080/15568318.2018.1431821,2
DOI:10.1016/s0965-8564(00)00013-6,DOI:10.1016/j.jtrangeo.2007.05.001,2
"URRY JOHN., 2007, MOBILITIES","SHELLER MIMI., 2018, MOBILITY JUSTICE POL",2
DOI:10.1080/13563470903021100,"MEES PAUL., 2000, VERY PUBLIC SOLUTION",2
"MEES PAUL., 2000, VERY PUBLIC SOLUTION",DOI:10.4324/9781849774659,2
DOI:10.1002/hep.22759,DOI:10.1177/104346398010002005,2
DOI:10.1002/hep.22759,DOI:10.1207/s15324834basp2503_01,3
DOI:10.1002/hep.22759,DOI:10.5038/2375-0901.12.2.1],2
DOI:10.1002/hep.22759,"FISHBEIN M, 2011, PREDICTING AND CHANGING BEHAVIOR: THE REASONED ACTION APPROACH, P1",2
DOI:10.1002/hep.22759,DOI:10.1111/j.1559-1816.2002.tb02068.x,2
DOI:10.1002/hep.22759,DOI:10.1111/j.1559-1816.2007.00241.x,2
DOI:10.1002/hep.22759,DOI:10.1111/j.1559-1816.2010.00600.x,2
DOI:10.1016/j.sbspro.2013.11.181,DOI:10.5038/2375-0901.12.2.1],2
DOI:10.1016/j.tra.2004.07.001,DOI:10.1016/s0965-8564(02)00075-7,2
DOI:10.1016/j.tra.2004.07.001,DOI:10.1016/s1361-9209(01)00015-3,2
DOI:10.1016/j.tra.2004.07.001,DOI:10.1177/104346398010002005,2
DOI:10.1016/j.tra.2004.07.001,DOI:10.1207/s15324834basp2503_01,2
DOI:10.1016/j.tra.2004.07.001,DOI:10.1016/j.tranpol.2004.11.004,2
DOI:10.1016/j.tra.2004.07.001,DOI:10.1177/0042098014562326,2
DOI:10.1016/j.tra.2004.07.001,"VAN LIEROP D, 2017, J PUBLIC TRANSPORT, V20, P20",2
DOI:10.1016/j.tra.2004.07.001,"TUAN V.A., 2015, J E ASIA SOC TRANSP, V11, P473",2
DOI:10.1016/j.tra.2004.07.001,"DITTMAR H., 1992, SOCIAL PSYCHOL MAT P",2
DOI:10.1016/j.tra.2004.07.001,DOI:10.1016/s1369-8478(01)00020-1],2
DOI:10.1016/j.tra.2004.07.001,DOI:10.1108/9780080481449-012,2
DOI:10.1016/s0965-8564(02)00075-7,DOI:10.1108/08876049510100290,2
DOI:10.1016/s0965-8564(02)00075-7,"CASCETTA E., 2009, TRANSPORTATION SYSTE",2
DOI:10.1016/s0965-8564(02)00075-7,DOI:10.1016/j.tra.2007.06.006,2
DOI:10.1016/s0965-8564(02)00075-7,DOI:10.1080/03081060802364471,2
DOI:10.1016/s0965-8564(02)00075-7,DOI:10.1016/j.tranpol.2010.07.007,3
DOI:10.1016/s0965-8564(02)00075-7,DOI:10.1016/j.ijtm.2004.04.003],2
DOI:10.1016/s0965-8564(02)00075-7,DOI:10.1016/j.tra.2008.03.009,2
DOI:10.1016/s0965-8564(02)00075-7,DOI:10.1016/j.tra.2011.09.006,2
DOI:10.1016/s0965-8564(02)00075-7,DOI:10.1257/aer.99.3.700,2
DOI:10.1016/s1361-9209(01)00015-3,DOI:10.1177/104346398010002005,2
DOI:10.1016/s1361-9209(01)00015-3,DOI:10.1207/s15324834basp2503_01,2
DOI:10.1108/08876049510100290,"ISRAEL G.D., 1992, DETERMINING SAMPLE S, V11, P1",2
DOI:10.1108/08876049510100290,DOI:10.1016/j.tranpol.2007.04.009,2
DOI:10.1108/08876049510100290,DOI:10.1016/j.tranpol.2010.09.003,2
DOI:10.1177/104346398010002005,DOI:10.1207/s15324834basp2503_01,3
DOI:10.1177/104346398010002005,DOI:10.5038/2375-0901.12.2.1],2
DOI:10.1177/104346398010002005,"FISHBEIN M, 2011, PREDICTING AND CHANGING BEHAVIOR: THE REASONED ACTION APPROACH, P1",2
DOI:10.1177/104346398010002005,DOI:10.1111/j.1559-1816.1998.tb01685.x,2
DOI:10.1177/104346398010002005,DOI:10.1111/j.1559-1816.2002.tb02068.x,2
DOI:10.1207/s15324834basp2503_01,DOI:10.5038/2375-0901.12.2.1],2
DOI:10.1207/s15324834basp2503_01,"FISHBEIN M, 2011, PREDICTING AND CHANGING BEHAVIOR: THE REASONED ACTION APPROACH, P1",3
DOI:10.1207/s15324834basp2503_01,DOI:10.1016/j.jenvp.2006.12.002,2
DOI:10.1207/s15324834basp2503_01,DOI:10.1016/j.trf.2008.01.004,3
DOI:10.1207/s15324834basp2503_01,DOI:10.1016/j.trf.2010.11.006,3
DOI:10.1207/s15324834basp2503_01,DOI:10.1111/j.1559-1816.1998.tb01685.x,2
DOI:10.1207/s15324834basp2503_01,DOI:10.1111/j.1559-1816.2002.tb02068.x,4
DOI:10.1207/s15324834basp2503_01,DOI:10.1111/j.1559-1816.2003.tb01951.x,2
DOI:10.1207/s15324834basp2503_01,DOI:10.1111/j.1559-1816.2007.00241.x,2
DOI:10.1207/s15324834basp2503_01,DOI:10.1111/j.1559-1816.2010.00600.x,2
DOI:10.1207/s15324834basp2503_01,DOI:10.2753/mtp1069-6679190202,2
DOI:10.1207/s15324834basp2503_01,DOI:10.1007/s11116-010-9306-9,2
DOI:10.1207/s15324834basp2503_01,"HAIR JF., 2010, MULTIVARIATE DATA ANALYSIS, V7TH",2
DOI:10.1207/s15324834basp2503_01,DOI:10.1016/j.jenvp.2007.04.001,2
DOI:10.1207/s15324834basp2503_01,DOI:10.1016/s0065-2601(08)60358-5,2
DOI:10.1207/s15324834basp2503_01,DOI:10.1023/a:1021282523910,2
DOI:10.1207/s15324834basp2503_01,DOI:10.1177/0013916502250134,2
DOI:10.1207/s15324834basp2503_01,DOI:10.1016/j.jenvp.2014.03.003,2
DOI:10.1207/s15324834basp2503_01,DOI:10.1016/j.trd.2016.08.038,2
DOI:10.1207/s15324834basp2503_01,"MUENRIT K., 2017, JOURNAL OF THE EASTERN ASIA SOCIETY FOR TRANSPORTATION STUDIES, V12, P1192",2
DOI:10.5038/2375-0901.12.2.1],"FISHBEIN M, 2011, PREDICTING AND CHANGING BEHAVIOR: THE REASONED ACTION APPROACH, P1",2
DOI:10.5038/2375-0901.12.2.1],DOI:10.1007/s11116-016-9692-8,2
DOI:10.5038/2375-0901.12.2.1],DOI:10.1016/j.tbs.2015.11.002,2
DOI:10.5038/2375-0901.12.2.1],DOI:10.1016/j.trf.2010.11.006,2
DOI:10.5038/2375-0901.12.2.1],DOI:10.1111/j.1559-1816.1998.tb01685.x,2
DOI:10.5038/2375-0901.12.2.1],DOI:10.1111/j.1559-1816.2010.00600.x,2
DOI:10.5038/2375-0901.12.2.1],DOI:10.3390/ijerph14121593,2
"FISHBEIN M, 2011, PREDICTING AND CHANGING BEHAVIOR: THE REASONED ACTION APPROACH, P1",DOI:10.1016/j.jenvp.2006.12.002,2
"FISHBEIN M, 2011, PREDICTING AND CHANGING BEHAVIOR: THE REASONED ACTION APPROACH, P1",DOI:10.1016/j.trf.2008.01.004,2
"FISHBEIN M, 2011, PREDICTING AND CHANGING BEHAVIOR: THE REASONED ACTION APPROACH, P1",DOI:10.1016/j.trf.2010.11.006,2
"FISHBEIN M, 2011, PREDICTING AND CHANGING BEHAVIOR: THE REASONED ACTION APPROACH, P1",DOI:10.1111/j.1559-1816.1998.tb01685.x,2
"FISHBEIN M, 2011, PREDICTING AND CHANGING BEHAVIOR: THE REASONED ACTION APPROACH, P1",DOI:10.1111/j.1559-1816.2002.tb02068.x,2
"FISHBEIN M, 2011, PREDICTING AND CHANGING BEHAVIOR: THE REASONED ACTION APPROACH, P1",DOI:10.2753/mtp1069-6679190202,2
DOI:10.1007/s001680200083,DOI:10.1080/01944361003766766,2
DOI:10.1007/s001680200083,DOI:10.1080/01944363.2016.1249508,2
DOI:10.1016/j.healthplace.2017.01.007,DOI:10.1016/j.tranpol.2013.01.003,2
DOI:10.1016/j.retrec.2010.03.002,DOI:10.1016/j.tranpol.2004.11.004,2
DOI:10.1016/j.retrec.2010.03.002,DOI:10.1016/s0016-3287(99)00097-x,2
DOI:10.1016/j.retrec.2010.03.002,DOI:10.1016/s0967-070x(03)00020-9,2
DOI:10.1016/j.retrec.2010.03.002,DOI:10.1080/01441647.2012.744779,2
DOI:10.1016/j.retrec.2010.03.002,DOI:10.1016/j.cstp.2018.01.004,2
DOI:10.1016/j.retrec.2010.03.002,"BANISTER D, 2011, ANNU REV ENV RESOUR, V36, P247, DOI [10.1146/ANNUREV-ENVIRON-032310-112100, 10.1146/ANNUREV-ENVIRON-03310-112100]",2
DOI:10.1016/j.retrec.2010.03.002,DOI:10.1007/s11077-009-9097-z,2
DOI:10.1016/j.retrec.2010.03.002,DOI:10.1016/j.jtrangeo.2004.12.002,2
DOI:10.1016/j.retrec.2010.03.002,DOI:10.1016/j.tranpol.2010.10.007,2
DOI:10.1016/j.retrec.2010.03.002,DOI:10.1007/s12544-017-0224-1,2
DOI:10.1016/j.retrec.2010.03.002,DOI:10.1016/j.tra.2013.03.004,2
DOI:10.1016/j.retrec.2010.03.002,DOI:10.1068/a37268,2
DOI:10.1016/j.tranpol.2009.02.002,DOI:10.1016/j.tranpol.2012.01.013,2
DOI:10.1016/j.trf.2008.01.004,DOI:10.1016/j.jenvp.2014.03.003,2
DOI:10.1016/j.trf.2008.01.004,DOI:10.1016/j.trf.2010.11.006,4
DOI:10.1016/j.trf.2008.01.004,DOI:10.1111/j.1559-1816.2002.tb02068.x,2
DOI:10.1016/j.trf.2008.01.004,DOI:10.2307/3150980,2
DOI:10.1016/j.trf.2008.01.004,DOI:10.1016/j.jenvp.2006.12.002,2
DOI:10.1016/j.trf.2008.01.004,DOI:10.2753/mtp1069-6679190202,2
DOI:10.1016/j.trf.2008.01.004,DOI:10.1016/j.trd.2016.08.038,2
DOI:10.1016/j.trf.2008.01.004,"MUENRIT K., 2017, JOURNAL OF THE EASTERN ASIA SOCIETY FOR TRANSPORTATION STUDIES, V12, P1192",2
DOI:10.1080/01944361003766766,DOI:10.1080/01944363.2016.1249508,2
DOI:10.1080/01944361003766766,"FRANK L.D., 1994, TRANSPORTATION RESEARCH RECORD: JOURNAL OF THE TRANSPORTATION RESEARCH BOARD, V1466, P37",2
DOI:10.1080/01944361003766766,"KENWORTHY JEFFREY., 2001, MILLENNIUM CITIES DA",2
DOI:10.1080/01944361003766766,DOI:10.1016/j.jtrangeo.2004.11.001,2
DOI:10.1080/01944361003766766,DOI:10.1016/s1361-9209(97)00009-6,4
DOI:10.4324/9781849774659,DOI:10.1080/08111146.2016.1272448,2
DOI:10.1002/atr.5670250205],DOI:10.1007/s12469-009-0014-9,2
DOI:10.1002/atr.5670250205],DOI:10.1111/1467-8667.00309,2
DOI:10.1002/atr.5670250205],DOI:10.2307/3007688,2
DOI:10.1007/978-3-642-05465-5_1,DOI:10.1287/opre.1030.0065,2
DOI:10.1007/978-3-642-05465-5_2,DOI:10.1007/978-3-642-05465-5_3,2
DOI:10.1007/s12469-009-0014-9,DOI:10.1111/1467-8667.00309,2
DOI:10.1007/s12469-009-0014-9,DOI:10.2307/3007688,2
DOI:10.1007/s12469-009-0014-9,DOI:10.4230/oasics.atmos.2010.156,2
DOI:10.1007/s12469-009-0014-9,"LIEBCHEN C, 2007, LECT NOTES COMPUT SC, V4359, P3",2
DOI:10.1007/s12469-009-0014-9,"LIEBCHEN C, 2008, HEUREKA 08 OPTIMIERU",2
DOI:10.1007/s12469-009-0014-9,DOI:10.1287/trsc.1120.0424,2
DOI:10.1007/s12469-009-0014-9,DOI:10.1287/trsc.1120.0429,2
DOI:10.1007/s12469-009-0014-9,DOI:10.1016/j.ejor.2015.12.006,2
DOI:10.1007/s12469-009-0014-9,DOI:10.1016/j.trb.2012.01.006,2
DOI:10.1007/s12469-009-0014-9,DOI:10.1016/j.tre.2019.10.001,2
DOI:10.1111/1467-8667.00309,DOI:10.2307/3007688,2
DOI:10.4230/oasics.atmos.2010.156,"LIEBCHEN C, 2007, LECT NOTES COMPUT SC, V4359, P3",2
DOI:10.4230/oasics.atmos.2010.156,"LIEBCHEN C, 2008, HEUREKA 08 OPTIMIERU",2
"LIEBCHEN C, 2007, LECT NOTES COMPUT SC, V4359, P3","LIEBCHEN C, 2008, HEUREKA 08 OPTIMIERU",2
DOI:10.1016/j.ejor.2021.10.058,DOI:10.1016/j.trc.2019.10.012,2
DOI:10.1016/j.ejor.2021.10.058,DOI:10.1016/j.trd.2016.10.001,2
DOI:10.1016/j.ejor.2021.10.058,DOI:10.1016/j.trd.2019.05.007,2
DOI:10.1016/j.sbspro.2013.08.306,DOI:10.1016/j.trpro.2017.12.075,2
DOI:10.1016/j.sbspro.2013.08.306,DOI:10.1287/trsc.2013.0468,2
DOI:10.1016/j.trc.2019.10.012,DOI:10.1016/j.trd.2016.10.001,2
DOI:10.1016/j.trc.2019.10.012,DOI:10.1016/j.trd.2019.05.007,3
DOI:10.1016/j.trd.2016.10.001,DOI:10.1016/j.trd.2019.05.007,2
DOI:10.1016/j.trpro.2017.12.075,DOI:10.1080/15568318.2017.1310962,2
DOI:10.1016/j.trpro.2017.12.075,DOI:10.1287/trsc.2013.0468,2
DOI:10.1016/j.trpro.2017.12.075,DOI:10.3390/en10040483,2
DOI:10.1016/j.trpro.2017.12.075,DOI:10.3390/en7042449,2
DOI:10.1080/15568318.2017.1310962,DOI:10.3390/en10040483,2
DOI:10.1016/j.cstp.2017.10.002,DOI:10.1016/j.tra.2005.12.008,2
DOI:10.1016/j.cstp.2017.10.002,DOI:10.1016/j.tra.2016.02.010,2
DOI:10.1016/j.cstp.2017.10.002,DOI:10.1016/j.tranpol.2009.10.008,2
DOI:10.1016/j.cstp.2017.10.002,DOI:10.1016/j.tranpol.2019.06.012,2
DOI:10.1016/j.cstp.2017.10.002,DOI:10.1016/j.trf.2006.11.001,2
DOI:10.1016/j.cstp.2017.10.002,DOI:10.1023/a:1021234607980,3
DOI:10.1016/j.tra.2005.12.008,DOI:10.1016/j.tra.2016.02.010,3
DOI:10.1016/j.tra.2005.12.008,DOI:10.1016/j.tranpol.2009.10.008,3
DOI:10.1016/j.tra.2005.12.008,DOI:10.1016/j.tranpol.2019.06.012,3
DOI:10.1016/j.tra.2005.12.008,DOI:10.1016/j.trf.2006.11.001,2
DOI:10.1016/j.tra.2005.12.008,DOI:10.1023/a:1021234607980,3
DOI:10.1016/j.tra.2005.12.008,"HODGE DC., 1994, FARE FREE POLICY COS",2
DOI:10.1016/j.tra.2005.12.008,DOI:10.1016/j.tra.2015.06.008,2
DOI:10.1016/j.tra.2005.12.008,DOI:10.1016/j.tranpol.2024.02.003,2
DOI:10.1016/j.tra.2005.12.008,DOI:10.1016/j.healthplace.2012.01.003,2
DOI:10.1016/j.tra.2016.02.010,DOI:10.1016/j.tranpol.2009.10.008,3
DOI:10.1016/j.tra.2016.02.010,DOI:10.1016/j.tranpol.2019.06.012,3
DOI:10.1016/j.tra.2016.02.010,DOI:10.1016/j.trf.2006.11.001,2
DOI:10.1016/j.tra.2016.02.010,DOI:10.1023/a:1021234607980,3
DOI:10.1016/j.tra.2016.02.010,DOI:10.1016/j.tra.2015.06.008,2
DOI:10.1016/j.tranpol.2009.10.008,DOI:10.1016/j.tranpol.2019.06.012,3
DOI:10.1016/j.tranpol.2009.10.008,DOI:10.1016/j.trf.2006.11.001,2
DOI:10.1016/j.tranpol.2009.10.008,DOI:10.1023/a:1021234607980,3
DOI:10.1016/j.tranpol.2009.10.008,DOI:10.1016/j.tra.2015.06.008,2
DOI:10.1016/j.tranpol.2019.06.012,DOI:10.1016/j.trf.2006.11.001,2
DOI:10.1016/j.tranpol.2019.06.012,DOI:10.1023/a:1021234607980,3
DOI:10.1016/j.tranpol.2019.06.012,DOI:10.1016/j.tra.2015.06.008,2
DOI:10.1016/j.trf.2006.11.001,DOI:10.1023/a:1021234607980,2
DOI:10.1016/j.trip.2020.100121,DOI:10.1016/j.tranpol.2020.12.004,2
DOI:10.1016/j.trip.2020.100121,DOI:10.1016/j.trip.2020.100151,2
DOI:10.1016/j.trip.2020.100121,DOI:10.1016/j.trip.2020.100242,2
DOI:10.1016/j.trip.2020.100121,DOI:10.1186/1471-2334-11-16,2
DOI:10.1016/j.trip.2020.100121,DOI:10.17226/22414,2
DOI:10.1016/j.trip.2020.100121,DOI:10.1007/s12469-018-0190-6,2
DOI:10.1016/j.trip.2020.100121,DOI:10.1016/j.trip.2020.100191,3
DOI:10.1016/j.trip.2020.100121,DOI:10.1016/j.tranpol.2020.07.001,2
DOI:10.1016/j.trip.2020.100166,"WELLE B., 2020, SAFER, MORE SUSTAINABLE TRANSPORT IN A POST-COVID-19 WORLD",2
DOI:10.1023/a:1021234607980,DOI:10.1016/j.tra.2015.06.008,2
DOI:10.1111/ajps.12116,DOI:10.1198/jasa.2009.ap08746,2
DOI:10.1016/j.retrec.2020.100829,DOI:10.1016/j.tranpol.2019.10.012,2
DOI:10.1016/j.retrec.2020.100829,DOI:10.1080/15568318.2017.1292374,2
DOI:10.1016/j.tra.2019.04.008,DOI:10.1080/135017606061071406,2
DOI:10.1016/j.tra.2019.04.008,DOI:10.1177/1077800405284363,2
DOI:10.1016/j.tra.2019.04.008,"GEORGE ALEXANDERL., 2005, CASE STUDIES AND THEORY DEVELOPMENT IN THE SOCIAL SCIENCES",2
DOI:10.1016/j.tra.2019.04.008,"ZONNEVELD W, 2014, SPATIAL PLANNING SYSTEMS AND PRACTICES IN EUROPE: A COMPARATIVE PERSPECTIVE ON CONTINUITY AND CHANGES, P61",2
DOI:10.1016/j.tranpol.2021.01.005,DOI:10.1016/j.tranpol.2021.01.011,2
DOI:10.1016/j.tranpol.2021.01.005,DOI:10.5038/2375-0901.22.1.1,2
DOI:10.1016/j.tranpol.2021.01.005,DOI:10.1016/j.scitotenv.2020.142391,2
DOI:10.1016/j.tranpol.2021.01.005,DOI:10.1016/j.trip.2020.100151,2
DOI:10.1016/j.tranpol.2021.01.005,DOI:10.1080/01441647.2020.1857886,2
DOI:10.1016/j.tranpol.2021.01.005,DOI:10.1080/23748834.2020.1804291,2
DOI:10.1080/135017606061071406,DOI:10.1177/1077800405284363,4
DOI:10.1080/135017606061071406,"GEORGE ALEXANDERL., 2005, CASE STUDIES AND THEORY DEVELOPMENT IN THE SOCIAL SCIENCES",3
DOI:10.1080/135017606061071406,"ZONNEVELD W, 2014, SPATIAL PLANNING SYSTEMS AND PRACTICES IN EUROPE: A COMPARATIVE PERSPECTIVE ON CONTINUITY AND CHANGES, P61",2
DOI:10.1080/135017606061071406,DOI:10.1017/cbo9781316681725],2
DOI:10.1080/135017606061071406,"GUY PETERSB., 2013, THE SAGE HANDBOOK OF GOVERNANCE, P78",2
DOI:10.1080/135017606061071406,"HERITIER ADRIENNE., 2002, COMMON GOODS: REINVENTING EUROPEAN INTEGRATION GOVERNANCE",2
DOI:10.1080/135017606061071406,"KEMP R., 2011, EUROPEAN TRANSPORT\TRASPORTIEUROPEI, P25",2
DOI:10.1080/13501763.2013.781818,DOI:10.1177/095207670401900103,2
DOI:10.1177/1077800405284363,"GEORGE ALEXANDERL., 2005, CASE STUDIES AND THEORY DEVELOPMENT IN THE SOCIAL SCIENCES",4
DOI:10.1177/1077800405284363,"ZONNEVELD W, 2014, SPATIAL PLANNING SYSTEMS AND PRACTICES IN EUROPE: A COMPARATIVE PERSPECTIVE ON CONTINUITY AND CHANGES, P61",2
DOI:10.1177/1077800405284363,DOI:10.1017/cbo9781316681725],2
DOI:10.1177/1077800405284363,"GUY PETERSB., 2013, THE SAGE HANDBOOK OF GOVERNANCE, P78",2
DOI:10.1177/1077800405284363,"HERITIER ADRIENNE., 2002, COMMON GOODS: REINVENTING EUROPEAN INTEGRATION GOVERNANCE",2
DOI:10.1177/1077800405284363,DOI:10.3390/su8060542,2
DOI:10.1177/1077800405284363,DOI:10.1016/j.jtrangeo.2008.06.005,2
DOI:10.1177/1077800405284363,DOI:10.1016/j.jtrangeo.2018.04.025,2
DOI:10.1177/1077800405284363,DOI:10.1080/15568318.2017.1292374,2
DOI:10.1177/1077800405284363,DOI:10.1080/15568318.2018.1431821,2
DOI:10.1177/1077800405284363,DOI:10.1016/0361-3682(93)e0001-w,2
"GEORGE ALEXANDERL., 2005, CASE STUDIES AND THEORY DEVELOPMENT IN THE SOCIAL SCIENCES","ZONNEVELD W, 2014, SPATIAL PLANNING SYSTEMS AND PRACTICES IN EUROPE: A COMPARATIVE PERSPECTIVE ON CONTINUITY AND CHANGES, P61",2
"GEORGE ALEXANDERL., 2005, CASE STUDIES AND THEORY DEVELOPMENT IN THE SOCIAL SCIENCES",DOI:10.1111/j.1467-9299.2009.01753.x,2
"GEORGE ALEXANDERL., 2005, CASE STUDIES AND THEORY DEVELOPMENT IN THE SOCIAL SCIENCES","GUY PETERSB., 2013, THE SAGE HANDBOOK OF GOVERNANCE, P78",2
"GEORGE ALEXANDERL., 2005, CASE STUDIES AND THEORY DEVELOPMENT IN THE SOCIAL SCIENCES","HERITIER ADRIENNE., 2002, COMMON GOODS: REINVENTING EUROPEAN INTEGRATION GOVERNANCE",2
"GEORGE ALEXANDERL., 2005, CASE STUDIES AND THEORY DEVELOPMENT IN THE SOCIAL SCIENCES",DOI:10.1016/j.cstp.2017.12.003,2
"GEORGE ALEXANDERL., 2005, CASE STUDIES AND THEORY DEVELOPMENT IN THE SOCIAL SCIENCES",DOI:10.1016/j.jtrangeo.2008.06.005,2
"GEORGE ALEXANDERL., 2005, CASE STUDIES AND THEORY DEVELOPMENT IN THE SOCIAL SCIENCES",DOI:10.1016/j.jtrangeo.2018.04.025,3
"GEORGE ALEXANDERL., 2005, CASE STUDIES AND THEORY DEVELOPMENT IN THE SOCIAL SCIENCES",DOI:10.1080/15568318.2017.1292374,3
"GEORGE ALEXANDERL., 2005, CASE STUDIES AND THEORY DEVELOPMENT IN THE SOCIAL SCIENCES",DOI:10.1080/15568318.2018.1431821,2
"GEORGE ALEXANDERL., 2005, CASE STUDIES AND THEORY DEVELOPMENT IN THE SOCIAL SCIENCES",DOI:10.3390/su8060542,2
"GEORGE ALEXANDERL., 2005, CASE STUDIES AND THEORY DEVELOPMENT IN THE SOCIAL SCIENCES","SFS (THE SWEDISH CODE OF STATUTES), 2010, 1065 LAG KOLL",2
"GEORGE ALEXANDERL., 2005, CASE STUDIES AND THEORY DEVELOPMENT IN THE SOCIAL SCIENCES","[ANONYMOUS], 1999, TRANSPORT POLICY",2
"GEORGE ALEXANDERL., 2005, CASE STUDIES AND THEORY DEVELOPMENT IN THE SOCIAL SCIENCES","LONGVA F., 2010, RESEARCH IN TRANSPORTATION ECONOMICS, V29, P118",2
"GEORGE ALEXANDERL., 2005, CASE STUDIES AND THEORY DEVELOPMENT IN THE SOCIAL SCIENCES",DOI:10.1080/1464935042000250195,2
"GEORGE ALEXANDERL., 2005, CASE STUDIES AND THEORY DEVELOPMENT IN THE SOCIAL SCIENCES",DOI:10.1177/08854120022092980,2
"GEORGE ALEXANDERL., 2005, CASE STUDIES AND THEORY DEVELOPMENT IN THE SOCIAL SCIENCES","YIN R.K., 2014, APPLICATIONS OF CASE STUDY RESEARCH, V2ND",2
"GEORGE ALEXANDERL., 2005, CASE STUDIES AND THEORY DEVELOPMENT IN THE SOCIAL SCIENCES","[ANONYMOUS], 2007, QUALITATIVE RES PRAC",2
DOI:10.1007/s11116-011-9332-2,DOI:10.1007/s12469-013-0084-6,2
DOI:10.1007/s11116-011-9332-2,DOI:10.1016/0191-2607(84)90019-0,2
DOI:10.1007/s11116-011-9332-2,DOI:10.1016/j.trc.2018.01.026,2
DOI:10.1007/s11116-011-9332-2,DOI:10.1016/j.trc.2018.11.007,2
DOI:10.1007/s11116-011-9332-2,DOI:10.1061/(asce)te.1943-5436.0000119,2
DOI:10.1007/s11116-011-9332-2,DOI:10.1177/0361198118822292,2
DOI:10.1007/s11116-011-9332-2,DOI:10.3141/2334-06,2
DOI:10.1007/s12469-013-0084-6,DOI:10.1016/0191-2607(84)90019-0,2
DOI:10.1007/s12469-013-0084-6,DOI:10.1016/j.trc.2018.01.026,2
DOI:10.1007/s12469-013-0084-6,DOI:10.1016/j.trc.2018.11.007,2
DOI:10.1007/s12469-013-0084-6,DOI:10.1061/(asce)te.1943-5436.0000119,2
DOI:10.1007/s12469-013-0084-6,DOI:10.1177/0361198118822292,2
DOI:10.1007/s12469-013-0084-6,DOI:10.3141/2334-06,2
DOI:10.1016/0191-2607(84)90019-0,DOI:10.1016/j.trc.2018.01.026,2
DOI:10.1016/0191-2607(84)90019-0,DOI:10.1016/j.trc.2018.11.007,2
DOI:10.1016/0191-2607(84)90019-0,DOI:10.1061/(asce)te.1943-5436.0000119,2
DOI:10.1016/0191-2607(84)90019-0,DOI:10.1177/0361198118822292,2
DOI:10.1016/0191-2607(84)90019-0,DOI:10.3141/2334-06,2
DOI:10.1016/0191-2615(89)90034-9,DOI:10.1016/j.trb.2005.05.006,2
DOI:10.1016/0191-2615(89)90034-9,DOI:10.1016/s0191-2615(98)00030-7,2
DOI:10.1016/0191-2615(89)90034-9,DOI:10.1016/s0191-2615(03)00026-2,2
DOI:10.1016/j.cstp.2014.10.001,DOI:10.5198/jtlu.2015.389,2
DOI:10.1016/j.trb.2005.05.006,DOI:10.1016/s0191-2615(98)00030-7,2
DOI:10.1016/j.trb.2012.02.010,DOI:10.1016/j.trc.2018.01.026,2
DOI:10.1016/j.trc.2018.01.026,DOI:10.1016/j.trc.2018.11.007,2
DOI:10.1016/j.trc.2018.01.026,DOI:10.1061/(asce)te.1943-5436.0000119,2
DOI:10.1016/j.trc.2018.01.026,DOI:10.1177/0361198118822292,2
DOI:10.1016/j.trc.2018.01.026,DOI:10.3141/2334-06,2
DOI:10.1016/j.trc.2018.01.026,DOI:10.1016/j.ijtm.2005.02.001],2
DOI:10.1016/j.trc.2018.01.026,DOI:10.1080/18128601003615535,2
DOI:10.1016/j.trc.2018.01.026,DOI:10.1080/23249935.2018.1458757,2
DOI:10.1016/j.trc.2018.01.026,DOI:10.1287/trsc.35.1.1.10143,2
DOI:10.1016/j.trc.2018.01.026,DOI:10.1287/trsc.35.3.215.10150,2
DOI:10.1016/j.trc.2018.01.026,"SUN AC, 2008, LECT NOTES ECON MATH, V600, P339",2
DOI:10.1016/j.trc.2018.11.007,DOI:10.1061/(asce)te.1943-5436.0000119,2
DOI:10.1016/j.trc.2018.11.007,DOI:10.1177/0361198118822292,2
DOI:10.1016/j.trc.2018.11.007,DOI:10.3141/2334-06,2
DOI:10.1061/(asce)te.1943-5436.0000119,DOI:10.1177/0361198118822292,2
DOI:10.1061/(asce)te.1943-5436.0000119,DOI:10.3141/2334-06,2
DOI:10.1080/01441647.2020.1818872,DOI:10.1177/23998083221117831,2
DOI:10.1177/0361198118822292,DOI:10.3141/2334-06,2
DOI:10.1177/0361198118822292,"CEDER A, 2001, TRANSPORT RES REC, P28",2
DOI:10.1177/0361198118822292,"CEVALLOS F, 2006, TRANSPORT RES REC, P74",2
DOI:10.1177/0361198118822292,DOI:10.1007/978-3-642-57762-8,2
DOI:10.1177/0361198118822292,DOI:10.1016/j.trb.2012.01.006,2
DOI:10.1177/0361198118822292,DOI:10.1016/j.trc.2018.12.013,2
DOI:10.1177/0361198118822292,DOI:10.1016/s0965-8564(00)00032-x,2
DOI:10.1177/0361198118822292,DOI:10.1287/trsc.1070.0200,2
DOI:10.1016/s0016-3287(99)00097-x,DOI:10.1016/s0967-070x(03)00020-9,2
DOI:10.1016/s0016-3287(99)00097-x,DOI:10.1080/01441647.2012.744779,2
DOI:10.1016/s0016-3287(99)00097-x,DOI:10.1016/j.jtrangeo.2004.12.002,3
DOI:10.1016/s0016-3287(99)00097-x,DOI:10.1016/j.tranpol.2005.12.005,2
DOI:10.1016/s0967-070x(03)00020-9,DOI:10.1080/01441647.2012.744779,2
DOI:10.1016/s0967-070x(03)00020-9,DOI:10.1016/j.jtrangeo.2004.12.002,2
DOI:10.1016/s0967-070x(03)00020-9,DOI:10.1016/j.tranpol.2010.10.007,2
DOI:10.1016/s0967-070x(03)00020-9,DOI:10.1080/02513625.2008.10557003,2
DOI:10.1080/01441647.2012.744779,"NEWMAN P., 2015, END AUTOMOBILE DEPEN, P105",2
DOI:10.1080/01441647.2012.744779,DOI:10.1016/j.jtrangeo.2015.06.006,2
DOI:10.1080/01441647.2012.744779,DOI:10.1016/j.retrec.2012.06.008,2
DOI:10.1080/01441647.2012.744779,DOI:10.1016/j.tra.2013.10.012,4
DOI:10.1080/01441647.2012.744779,DOI:10.1016/j.tra.2013.10.013,2
DOI:10.1080/01441647.2012.744779,DOI:10.1016/j.tra.2013.10.016,2
DOI:10.1080/01441647.2012.744779,DOI:10.1016/j.tranpol.2019.05.018,2
DOI:10.1080/01441647.2012.744779,DOI:10.1080/14649350903229752,2
DOI:10.1080/01441647.2012.744779,DOI:10.1093/oxfordhb/9780199548-453.003.0020,2
DOI:10.1080/01441647.2012.744779,"STRAND A., 2009, 10272009 I TRANSP EC",2
DOI:10.1080/01441647.2012.744779,DOI:10.4337/9781845423421.00019,3
DOI:10.1080/01441647.2012.744779,DOI:10.1016/j.respol.2015.09.008,2
DOI:10.1080/01441647.2012.744779,DOI:10.3390/su7067086,2
DOI:10.1080/01441647.2012.744779,DOI:10.1016/j.tra.2013.10.015,2
"NEWMAN P., 2015, END AUTOMOBILE DEPEN, P105",DOI:10.1016/j.progress.2010.05.001,2
"NEWMAN P., 2015, END AUTOMOBILE DEPEN, P105",DOI:10.3390/su8060542,2
"BOOT R., 2014, BELEIDSDOORLICHTING",DOI:10.1016/b978-008044580-9/50106-9,2
"BOOT R., 2014, BELEIDSDOORLICHTING",DOI:10.1016/j.retrec.2014.09.030,2
DOI:10.1016/b978-008044580-9/50106-9,DOI:10.1016/j.retrec.2014.09.030,2
DOI:10.1016/b978-008044580-9/50106-9,DOI:10.1016/j.ijproman.2010.07.003,2
DOI:10.1016/b978-008044580-9/50106-9,DOI:10.1016/j.retrec.2008.05.014,2
DOI:10.1016/b978-008044580-9/50106-9,DOI:10.1016/j.tra.2008.05.008,2
DOI:10.1016/b978-008044580-9/50106-9,"VAN DE VELDE D.M., 2005, 9 INT C COMP OWN LAN",2
DOI:10.1016/b978-008044580-9/50106-9,"VEENEMAN W., 2007, EUR TRANSP C",2
DOI:10.1016/b978-008044580-9/50106-9,"[ANONYMOUS], 2010, RES TRANSPORTATION E",2
DOI:10.1016/j.tranpol.2010.07.002,"HENSHER DA, 2005, J TRANSP ECON POLICY, V39, P295",2
"HAIR JF., 2010, MULTIVARIATE DATA ANALYSIS, V7TH",DOI:10.1016/j.jenvp.2014.03.003,2
"HAIR JF., 2010, MULTIVARIATE DATA ANALYSIS, V7TH",DOI:10.1111/j.1559-1816.2002.tb02068.x,2
"HAIR JF., 2010, MULTIVARIATE DATA ANALYSIS, V7TH",DOI:10.2307/3150980,2
"HAIR JF., 2010, MULTIVARIATE DATA ANALYSIS, V7TH",DOI:10.1016/j.tranpol.2010.09.003,2
"HAIR JF., 2010, MULTIVARIATE DATA ANALYSIS, V7TH",DOI:10.1287/mnsc.46.2.186.11926,2
DOI:10.1016/j.jtrangeo.2004.12.002,DOI:10.1016/j.tranpol.2005.12.005,4
DOI:10.1016/j.jtrangeo.2004.12.002,DOI:10.1080/14649357.2011.626312,2
DOI:10.1016/j.jtrangeo.2004.12.002,DOI:10.1007/s11077-009-9097-z,2
DOI:10.1016/j.jtrangeo.2004.12.002,DOI:10.1016/j.tranpol.2010.10.007,2
DOI:10.1016/j.jtrangeo.2004.12.002,DOI:10.1080/02513625.2008.10557003,2
DOI:10.1016/j.jtrangeo.2004.12.002,DOI:10.1111/j.1468-0491.2009.01457.x,2
DOI:10.1016/j.jtrangeo.2004.12.002,DOI:10.1016/j.cstp.2014.09.001,3
DOI:10.1016/j.jtrangeo.2004.12.002,DOI:10.1016/j.tranpol.2014.10.017,2
DOI:10.1016/j.jtrangeo.2004.12.002,"RUBIM BARBARA, 2013, ESTUD. AV., V27, P55",2
DOI:10.1016/j.tranpol.2005.12.005,DOI:10.1016/j.tranpol.2012.01.012,2
DOI:10.1016/j.tranpol.2005.12.005,DOI:10.1007/978-3-030-58820-5_45,2
DOI:10.1016/j.tranpol.2005.12.005,DOI:10.1016/j.cstp.2014.09.001,2
DOI:10.1016/j.tranpol.2005.12.005,DOI:10.1016/j.tranpol.2007.04.007,2
DOI:10.1016/j.tranpol.2005.12.005,"MAY A, 2009, EUR J TRANSP INFRAST, V9, P184",2
DOI:10.1023/a:1005274015858,"BOILE MARIAP., 2005, THE FUTURE OF TRANSPORTATION MODELING",2
DOI:10.1023/a:1005274015858,"DIMITRIOU H.T., 2008, STRATEGIC PLANNING R",2
DOI:10.1023/a:1005274015858,DOI:10.1007/978-3-319-24577-5_13,2
DOI:10.1023/a:1005274015858,DOI:10.1007/s12544-017-0268-2,2
DOI:10.1023/a:1005274015858,DOI:10.1016/j.compenvurbsys.2007.08.010,2
DOI:10.1023/a:1005274015858,DOI:10.1016/j.futures.2008.07.021,2
DOI:10.1023/a:1005274015858,DOI:10.1016/j.jtrangeo.2013.07.004,2
DOI:10.1023/a:1005274015858,DOI:10.1016/j.landusepol.2015.09.018,2
DOI:10.1023/a:1005274015858,DOI:10.1016/j.tranpol.2012.07.005,2
DOI:10.1023/a:1005274015858,DOI:10.1016/j.trd.2005.04.013,2
DOI:10.1023/a:1005274015858,DOI:10.1068/a090285,2
DOI:10.1023/a:1005274015858,DOI:10.1080/01441647.2010.532884,2
DOI:10.1023/a:1005274015858,DOI:10.1080/14649357.2016.1188975,2
DOI:10.1023/a:1005274015858,DOI:10.14712/23361964.2016.3],2
DOI:10.1023/a:1005274015858,DOI:10.1787/9789264167865-12-en,2
DOI:10.1023/a:1005274015858,DOI:10.3390/su9020254,2
DOI:10.1023/a:1005274015858,DOI:10.3390/su9030378,2
DOI:10.1023/a:1005274015858,"KAPARIAS I., 2010, STATE OF THE ART URB",2
DOI:10.1023/a:1005274015858,"LITMAN T, 2003, ITE J, V73, P28",2
DOI:10.1023/a:1005274015858,"PIANTANAKULCHAI M, 2003, PROC E ASIA SOC TRAN, V4, P1613",2
DOI:10.1023/a:1005274015858,"SINGH R., 1999, P 7 TRB C APPL TRANS, P340",2
DOI:10.1023/a:1005274015858,"SIVAKUMAR A., 2007, MODELLING TRANSPORT: A SYNTHESIS OF TRANSPORT MODELLING METHODOLOGIES",2
DOI:10.1080/0144164032000068984,DOI:10.1080/0144164042000335779,2
DOI:10.1080/0144164042000335779,DOI:10.1016/j.retrec.2018.04.004,2
DOI:10.1080/0144164042000335779,DOI:10.1016/j.tranpol.2019.05.018,2
DOI:10.1080/01441649708716965,DOI:10.1080/01441649508716910,2
DOI:10.1007/978-94-007-5854-4_4,"NEWMAN P., 1999, SUSTAINABILITY CITIE",2
DOI:10.1016/0040-1625(94)90041-8,DOI:10.1016/j.progress.2010.05.001,2
DOI:10.1016/0040-1625(94)90041-8,"NEWMAN P., 1999, SUSTAINABILITY CITIE",2
DOI:10.1016/j.progress.2010.05.001,DOI:10.1068/a3592,2
DOI:10.1016/j.progress.2010.05.001,"NEWMAN P., 1999, SUSTAINABILITY CITIE",2
DOI:10.1016/j.progress.2010.05.001,DOI:10.1080/02697459915724],2
DOI:10.1016/j.progress.2010.05.001,DOI:10.1080/0811114042000269308,2
DOI:10.1016/j.tranpol.2007.10.003,DOI:10.1177/0263276404046059,2
DOI:10.1068/a3592,DOI:10.3390/su9040494,2
DOI:10.1177/0263276404046059,"GEHL JAN., 2010, CITIES FOR PEOPLE",3
DOI:10.1177/0263276404046059,DOI:10.1016/j.eist.2011.02.002,2
DOI:10.1177/0263276404046059,DOI:10.1016/j.jtrangeo.2012.01.021,2
DOI:10.1177/0263276404046059,DOI:10.1016/s0048-7333(02)00062-8,2
DOI:10.1177/0263276404046059,DOI:10.1177/0263276414531627,2
DOI:10.1177/0263276404046059,DOI:10.1016/j.ssci.2015.07.017,2
DOI:10.1177/0263276404046059,DOI:10.1136/ip.9.3.205rep,2
DOI:10.1177/0263276404046059,DOI:10.1177/0885412209335553,2
"FRANK L.D., 1994, TRANSPORTATION RESEARCH RECORD: JOURNAL OF THE TRANSPORTATION RESEARCH BOARD, V1466, P37","KENWORTHY JEFFREY., 2001, MILLENNIUM CITIES DA",2
"[ANONYMOUS], THESIS","[ANONYMOUS], 2014, THESIS",2
DOI:10.1007/978-3-319-49487-6_2,DOI:10.1016/j.entcs.2003.12.019,2
DOI:10.1016/j.entcs.2003.12.019,DOI:10.1145/1227161.1227166,2
"CURRIE G., 1998, 22 AUSTR TRANSP RES",DOI:10.3141/2072-03,2
"CURRIE G., 1998, 22 AUSTR TRANSP RES","MOLIN E, 2009, EUR J TRANSP INFRAST, V9, P397",2
DOI:10.1016/j.jtrangeo.2006.11.008,DOI:10.1016/j.gloenvcha.2021.102224,3
DOI:10.1016/j.jtrangeo.2006.11.008,DOI:10.1016/j.enpol.2010.08.020,2
DOI:10.1016/j.jtrangeo.2006.11.008,DOI:10.1016/j.jtrangeo.2012.06.003,2
DOI:10.1080/01441647.2012.707695,DOI:10.3141/2072-03,3
DOI:10.1080/01441647.2012.707695,"MOLIN E, 2009, EUR J TRANSP INFRAST, V9, P397",3
DOI:10.1080/01441647.2012.707695,DOI:10.3141/2215-01,2
DOI:10.3141/2072-03,"MOLIN E, 2009, EUR J TRANSP INFRAST, V9, P397",4
DOI:10.3141/2072-03,"BECKER A.J., 1999, TRANSPORTATION RESEARCH RECORD, V1666, P3",2
DOI:10.3141/2072-03,DOI:10.1007/s12198-011-0072-5,2
DOI:10.3141/2072-03,DOI:10.1016/j.jenvp.2007.04.001,2
DOI:10.3141/2072-03,DOI:10.1016/j.jenvp.2007.09.003,2
DOI:10.3141/2072-03,DOI:10.1016/j.jtrangeo.2011.12.003,2
DOI:10.3141/2072-03,DOI:10.1016/j.tra.2005.05.001,2
DOI:10.3141/2072-03,DOI:10.1016/j.tra.2010.11.002,2
DOI:10.3141/2072-03,DOI:10.1080/01441640902811304,2
DOI:10.3141/2072-03,DOI:10.1080/01441649008716748,2
DOI:10.3141/2072-03,DOI:10.1111/j.1559-1816.2002.tb02068.x,2
DOI:10.3141/2072-03,DOI:10.1177/0013916506294032,2
DOI:10.3141/2072-03,DOI:10.1680/muen.2004.157.1.47,2
DOI:10.3141/2072-03,DOI:10.1680/muen.2009.162.3.149,2
DOI:10.3141/2072-03,DOI:10.3141/1872-02,2
DOI:10.3141/2072-03,DOI:10.3141/2034-05,2
DOI:10.3141/2072-03,DOI:10.3141/2112-14,2
DOI:10.3141/2072-03,DOI:10.3141/2215-01,3
DOI:10.3141/2072-03,"EBOLI L., 2012, EUROPEAN TRANSPORT - TRANSPORTI EUROPEI, V51, P1",2
DOI:10.3141/2072-03,"[ANONYMOUS], 2011, SOCIAL RES ISSUES ME",2
DOI:10.3141/2072-03,"[陈旭梅 CHEN XUMEI], 2011, [交通运输系统工程与信息, JOURNAL OF TRANSPORATION SYSTEMS ENGINEERING & INFORMATION TECHNOLOGY], V11, P77",2
"MOLIN E, 2009, EUR J TRANSP INFRAST, V9, P397","BECKER A.J., 1999, TRANSPORTATION RESEARCH RECORD, V1666, P3",2
"MOLIN E, 2009, EUR J TRANSP INFRAST, V9, P397",DOI:10.1007/s12198-011-0072-5,2
"MOLIN E, 2009, EUR J TRANSP INFRAST, V9, P397",DOI:10.1016/j.jenvp.2007.04.001,2
"MOLIN E, 2009, EUR J TRANSP INFRAST, V9, P397",DOI:10.1016/j.jenvp.2007.09.003,2
"MOLIN E, 2009, EUR J TRANSP INFRAST, V9, P397",DOI:10.1016/j.jtrangeo.2011.12.003,2
"MOLIN E, 2009, EUR J TRANSP INFRAST, V9, P397",DOI:10.1016/j.tra.2005.05.001,2
"MOLIN E, 2009, EUR J TRANSP INFRAST, V9, P397",DOI:10.1016/j.tra.2010.11.002,2
"MOLIN E, 2009, EUR J TRANSP INFRAST, V9, P397",DOI:10.1080/01441640902811304,2
"MOLIN E, 2009, EUR J TRANSP INFRAST, V9, P397",DOI:10.1080/01441649008716748,2
"MOLIN E, 2009, EUR J TRANSP INFRAST, V9, P397",DOI:10.1111/j.1559-1816.2002.tb02068.x,2
"MOLIN E, 2009, EUR J TRANSP INFRAST, V9, P397",DOI:10.1177/0013916506294032,2
"MOLIN E, 2009, EUR J TRANSP INFRAST, V9, P397",DOI:10.1680/muen.2004.157.1.47,3
"MOLIN E, 2009, EUR J TRANSP INFRAST, V9, P397",DOI:10.1680/muen.2009.162.3.149,2
"MOLIN E, 2009, EUR J TRANSP INFRAST, V9, P397",DOI:10.3141/1872-02,2
"MOLIN E, 2009, EUR J TRANSP INFRAST, V9, P397",DOI:10.3141/2034-05,2
"MOLIN E, 2009, EUR J TRANSP INFRAST, V9, P397",DOI:10.3141/2112-14,2
"MOLIN E, 2009, EUR J TRANSP INFRAST, V9, P397",DOI:10.3141/2215-01,3
"MOLIN E, 2009, EUR J TRANSP INFRAST, V9, P397","EBOLI L., 2012, EUROPEAN TRANSPORT - TRANSPORTI EUROPEI, V51, P1",2
"MOLIN E, 2009, EUR J TRANSP INFRAST, V9, P397","[ANONYMOUS], 2011, SOCIAL RES ISSUES ME",2
"MOLIN E, 2009, EUR J TRANSP INFRAST, V9, P397","[陈旭梅 CHEN XUMEI], 2011, [交通运输系统工程与信息, JOURNAL OF TRANSPORATION SYSTEMS ENGINEERING & INFORMATION TECHNOLOGY], V11, P77",2
DOI:10.1016/j.trb.2019.07.004,DOI:10.1016/j.trc.2016.11.018,2
DOI:10.1016/j.trc.2016.11.018,DOI:10.1080/01441647.2015.1113574,2
DOI:10.1016/j.trc.2016.11.018,DOI:10.1080/0308106052000340387,2
DOI:10.1016/j.trc.2016.11.018,DOI:10.1287/trsc.2014.0578,2
DOI:10.1016/j.trb.2020.03.009,DOI:10.1016/j.trc.2022.103793,2
DOI:10.1007/s11067-014-9237-7,DOI:10.1016/j.tra.2015.02.013,2
DOI:10.1007/s11067-014-9237-7,DOI:10.1080/23249935.2015.1087232,2
DOI:10.1007/s11067-014-9237-7,DOI:10.1007/s11116-009-9227-7,2
DOI:10.1007/s11067-014-9237-7,DOI:10.1007/s12198-012-0092-9,2
DOI:10.1007/s11067-014-9237-7,DOI:10.1016/j.jtrangeo.2013.10.017,2
DOI:10.1007/s11067-014-9237-7,DOI:10.1016/j.jtrangeo.2014.01.008,2
DOI:10.1007/s11067-014-9237-7,DOI:10.1016/j.physa.2005.11.007,2
DOI:10.1007/s11067-014-9237-7,DOI:10.1016/j.physa.2006.12.058,2
DOI:10.1007/s11067-014-9237-7,DOI:10.1016/j.tra.2012.02.004,2
DOI:10.1007/s11067-014-9237-7,DOI:10.1016/j.trc.2010.09.002,2
DOI:10.1016/j.tra.2015.02.013,DOI:10.1080/23249935.2015.1087232,2
DOI:10.1016/j.tranpol.2017.10.010,DOI:10.1080/15472450601122256,2
DOI:10.1016/j.trpro.2017.12.099,DOI:10.1080/15472450601122256,2
DOI:10.1016/j.trpro.2017.12.099,DOI:10.3141/2652-01,2
DOI:10.1080/15472450601122256,DOI:10.3141/2652-01,2
DOI:10.1080/15472450601122256,"BARRY JJ, 2002, TRANSPORT RES REC, P183",2
DOI:10.1080/15472450601122256,DOI:10.1007/s11116-015-9617-y,2
DOI:10.1080/15472450601122256,DOI:10.1007/s12205-015-1694-0,2
DOI:10.1080/15472450601122256,DOI:10.1016/j.jtrangeo.2016.12.001,2
DOI:10.1080/15472450601122256,DOI:10.1016/j.tbs.2017.02.005,2
DOI:10.1080/15472450601122256,DOI:10.1016/j.trb.2015.11.015,2
DOI:10.1080/15472450601122256,DOI:10.1016/j.trc.2013.07.010,2
DOI:10.1080/15472450601122256,DOI:10.1016/j.trc.2014.03.008,2
DOI:10.1080/15472450601122256,DOI:10.1016/j.trc.2015.02.018,2
DOI:10.1080/15472450601122256,DOI:10.1016/j.trc.2015.03.033,2
DOI:10.1080/15472450601122256,DOI:10.1016/j.trc.2015.12.012,2
DOI:10.1080/15472450601122256,DOI:10.1016/j.trc.2016.04.005,2
DOI:10.1080/15472450601122256,DOI:10.1061/(asce)te.1943-5436.0000714,2
DOI:10.1080/15472450601122256,DOI:10.1080/15472450.2013.868284,2
DOI:10.1080/15472450601122256,DOI:10.1109/tits.2014.2368998,2
DOI:10.1080/15472450601122256,DOI:10.1111/j.1467-8667.2007.00494.x,2
DOI:10.1080/15472450601122256,DOI:10.3141/2121-06,2
DOI:10.1080/15472450601122256,DOI:10.3141/2276-06,2
DOI:10.1080/15472450601122256,DOI:10.3141/2343-03,2
DOI:10.1080/15472450601122256,DOI:10.3182/20060517-3-fr-2903.00211,2
DOI:10.1080/15472450601122256,DOI:10.1016/j.trc.2014.05.012,2
DOI:10.1080/23249935.2018.1537319,DOI:10.1016/j.trb.2017.08.024,2
DOI:10.1016/j.tra.2017.05.017,DOI:10.1016/j.cstp.2019.11.001,2
DOI:10.1016/j.tra.2017.05.017,DOI:10.1016/j.jenvp.2014.03.003,2
DOI:10.1016/j.tra.2017.05.017,DOI:10.1016/j.tra.2019.09.058,2
DOI:10.1016/j.tra.2017.05.017,DOI:10.1016/j.trd.2016.08.038,2
DOI:10.1016/j.tra.2017.05.017,DOI:10.1016/j.trf.2010.11.006,3
DOI:10.1016/j.tra.2017.05.017,DOI:10.1016/j.tbs.2015.11.002,2
DOI:10.1080/23748834.2020.1804291,DOI:10.5038/2375-0901.22.1.1,2
DOI:10.1080/23748834.2020.1804291,DOI:10.1016/j.scitotenv.2020.142391,2
DOI:10.1080/23748834.2020.1804291,DOI:10.1016/j.trip.2020.100151,2
DOI:10.1080/23748834.2020.1804291,DOI:10.1080/01441647.2020.1857886,2
DOI:10.1155/2020/8867316,DOI:10.5038/2375-0901.22.1.1,2
DOI:10.5038/2375-0901.22.1.1,DOI:10.1016/j.envpol.2020.115291,2
DOI:10.5038/2375-0901.22.1.1,DOI:10.1016/j.jth.2020.100853,2
DOI:10.5038/2375-0901.22.1.1,DOI:10.1016/j.trip.2020.100141,2
DOI:10.5038/2375-0901.22.1.1,DOI:10.1016/j.trip.2020.100150,2
DOI:10.5038/2375-0901.22.1.1,DOI:10.1186/1471-2334-11-16,3
DOI:10.5038/2375-0901.22.1.1,"UITP, 2020, PUBL TRANSP AUTH COV",3
DOI:10.5038/2375-0901.22.1.1,DOI:10.1016/j.trip.2020.100151,2
DOI:10.5038/2375-0901.22.1.1,DOI:10.1016/j.trip.2020.100242,2
DOI:10.5038/2375-0901.22.1.1,DOI:10.3390/su12218829,2
DOI:10.1080/01944368108976521,DOI:10.1007/bf00215252,3
DOI:10.1080/01944368108976521,DOI:10.1016/j.scitotenv.2004.04.069,2
DOI:10.1080/01944368108976521,DOI:10.1016/j.tranpol.2011.01.010,2
DOI:10.1080/01944368108976521,DOI:10.1080/01441640902786415,2
DOI:10.1080/01944368108976521,DOI:10.3141/2544-06,2
DOI:10.1007/s11116-022-10299-4,DOI:10.1016/j.regsciurbeco.2020.103616,2
DOI:10.1007/s11116-022-10299-4,DOI:10.1016/j.tranpol.2021.01.009,2
DOI:10.1016/j.cstp.2024.101148,DOI:10.1016/j.jtrangeo.2023.103685,2
DOI:10.1016/j.cstp.2024.101148,DOI:10.1016/j.regsciurbeco.2020.103616,2
DOI:10.1016/j.cstp.2024.101148,DOI:10.1016/j.tranpol.2018.11.009,2
DOI:10.1016/j.cstp.2024.101148,DOI:10.1016/j.tranpol.2024.10.008,2
DOI:10.1016/j.cstp.2024.101148,DOI:10.1007/s10273-022-3313-2],2
DOI:10.1016/j.cstp.2024.101148,DOI:10.1016/j.tranpol.2024.02.003,2
DOI:10.1016/j.cstp.2024.101148,DOI:10.1257/aer.99.3.700,2
DOI:10.1016/j.cstp.2024.101148,DOI:10.1257/pol.6.4.1,2
DOI:10.1016/j.jtrangeo.2023.103685,DOI:10.1016/j.regsciurbeco.2020.103616,2
DOI:10.1016/j.jtrangeo.2023.103685,DOI:10.1016/j.tranpol.2018.11.009,2
DOI:10.1016/j.jtrangeo.2023.103685,DOI:10.1016/j.tranpol.2024.10.008,2
DOI:10.1016/j.regsciurbeco.2020.103616,DOI:10.1016/j.tranpol.2018.11.009,2
DOI:10.1016/j.regsciurbeco.2020.103616,DOI:10.1016/j.tranpol.2021.01.009,2
DOI:10.1016/j.regsciurbeco.2020.103616,DOI:10.1016/j.tranpol.2024.10.008,2
DOI:10.1016/j.regsciurbeco.2020.103616,DOI:10.1016/j.jue.2016.01.001,2
DOI:10.1016/j.regsciurbeco.2020.103616,DOI:10.1257/aer.104.9.2763,2
DOI:10.1016/j.regsciurbeco.2020.103616,DOI:10.1257/pol.20150414,2
DOI:10.1016/j.regsciurbeco.2020.103616,DOI:10.1007/s10273-022-3313-2],2
DOI:10.1016/j.regsciurbeco.2020.103616,DOI:10.1080/13501763.2022.2094987,2
DOI:10.1016/j.regsciurbeco.2020.103616,DOI:10.1257/pol.6.4.1,2
DOI:10.1016/j.tranpol.2018.11.009,DOI:10.1016/j.tranpol.2024.10.008,2
DOI:10.1016/j.tranpol.2018.11.009,DOI:10.1016/j.cstp.2018.09.011,2
DOI:10.1016/j.tranpol.2018.11.009,DOI:10.1016/j.jtrangeo.2018.08.012,2
DOI:10.1016/j.tranpol.2018.11.009,DOI:10.11175/easts.11.425],2
DOI:10.1016/j.tranpol.2021.01.009,DOI:10.1016/j.tranpol.2011.06.003,2
DOI:10.1016/j.tranpol.2021.07.005,DOI:10.1080/15568318.2018.1431821,2
DOI:10.1016/j.trpro.2016.05.277,DOI:10.1016/j.techfore.2008.05.006,2
DOI:10.1080/01441647.2020.1761907,DOI:10.1016/j.jtrangeo.2012.01.021,2
DOI:10.1080/01441647.2020.1761907,DOI:10.1016/j.respol.2015.09.008,2
DOI:10.1080/01441647.2020.1761907,DOI:10.3390/su12208436,2
DOI:10.1080/01441647.2020.1761907,DOI:10.1080/09644016.2019.1521979,2
DOI:10.1080/15568318.2018.1431821,DOI:10.1016/j.jtrangeo.2008.06.005,2
DOI:10.1080/15568318.2018.1431821,DOI:10.1016/j.jtrangeo.2018.04.025,2
DOI:10.1080/15568318.2018.1431821,DOI:10.1016/j.retrec.2018.07.005,2
DOI:10.1080/15568318.2018.1431821,DOI:10.1080/15568318.2017.1292374,3
DOI:10.1080/15568318.2018.1431821,DOI:10.1080/01441647.2016.1177799,2
DOI:10.1111/j.1538-4632.1998.tb00396.x,DOI:10.1080/01944365908978307,2
DOI:10.1111/j.1538-4632.1998.tb00396.x,"AN F., 1993, TRANSPORT RES REC, P105",2
DOI:10.1111/j.1538-4632.1998.tb00396.x,"BAKER M. A., 1994, THESIS",2
DOI:10.1111/j.1538-4632.1998.tb00396.x,DOI:10.1007/bf01936872,2
DOI:10.1111/j.1538-4632.1998.tb00396.x,DOI:10.1016/j.jtrangeo.2014.11.004,2
DOI:10.1111/j.1538-4632.1998.tb00396.x,DOI:10.1016/j.trd.2015.04.013,2
DOI:10.1111/j.1538-4632.1998.tb00396.x,DOI:10.1080/02693799108927856,2
DOI:10.1111/j.1538-4632.1998.tb00396.x,DOI:10.1080/13658810802097485,2
DOI:10.1111/j.1538-4632.1998.tb00396.x,DOI:10.1111/j.1467-8667.2012.00756.x,2
DOI:10.1111/j.1538-4632.1998.tb00396.x,DOI:10.1111/j.1538-4632.1999.tb00976.x,2
DOI:10.1111/j.1468-0491.2009.01471.x,DOI:10.1146/annurev-environ-102014-021340,2
DOI:10.1111/j.1468-0491.2009.01471.x,DOI:10.3390/su7067086,2
DOI:10.1111/j.1468-0491.2009.01471.x,DOI:10.4324/9780203856598,2
DOI:10.1016/j.cstp.2014.06.001,DOI:10.1007/s40890-021-00136-1,2
DOI:10.1016/j.tra.2013.10.015,DOI:10.1016/j.tra.2013.10.012,2
DOI:10.1016/j.tra.2013.10.015,DOI:10.4337/9781845423421.00019,2
"EUROPEAN COMMISSION, 2001, WHITE PAPER-EUROPEAN TRANSPORT POLICY FOR 2010: TIME TO DECIDE","[ANONYMOUS], 2011, EUROPEAN COMMISSION",2
DOI:10.1016/j.ijproman.2010.07.003,DOI:10.1016/j.retrec.2008.05.014,2
DOI:10.1016/j.ijproman.2010.07.003,DOI:10.1016/j.tra.2008.05.008,2
DOI:10.1016/j.ijproman.2010.07.003,"VAN DE VELDE D.M., 2005, 9 INT C COMP OWN LAN",2
DOI:10.1016/j.ijproman.2010.07.003,"VEENEMAN W., 2007, EUR TRANSP C",2
DOI:10.1016/j.ijproman.2010.07.003,"[ANONYMOUS], 2010, RES TRANSPORTATION E",2
DOI:10.1016/j.retrec.2008.05.014,DOI:10.1016/j.tra.2008.05.008,2
DOI:10.1016/j.retrec.2008.05.014,"VAN DE VELDE D.M., 2005, 9 INT C COMP OWN LAN",2
DOI:10.1016/j.retrec.2008.05.014,"VEENEMAN W., 2007, EUR TRANSP C",2
DOI:10.1016/j.retrec.2008.05.014,"[ANONYMOUS], 2010, RES TRANSPORTATION E",2
DOI:10.1016/j.tra.2008.05.008,"VAN DE VELDE D.M., 2005, 9 INT C COMP OWN LAN",2
DOI:10.1016/j.tra.2008.05.008,"VEENEMAN W., 2007, EUR TRANSP C",2
DOI:10.1016/j.tra.2008.05.008,"[ANONYMOUS], 2010, RES TRANSPORTATION E",2
DOI:10.1016/j.tra.2008.05.008,DOI:10.1016/j.jtrangeo.2018.04.025,2
DOI:10.1016/j.tra.2008.05.008,DOI:10.1016/j.retrec.2014.09.029,2
DOI:10.1016/j.tra.2008.05.008,DOI:10.1016/j.retrec.2015.07.005,2
DOI:10.1016/j.tra.2008.05.008,DOI:10.1080/15568318.2017.1292374,2
"VAN DE VELDE D.M., 2005, 9 INT C COMP OWN LAN","VEENEMAN W., 2007, EUR TRANSP C",2
"VAN DE VELDE D.M., 2005, 9 INT C COMP OWN LAN","[ANONYMOUS], 2010, RES TRANSPORTATION E",2
"VEENEMAN W., 2007, EUR TRANSP C","[ANONYMOUS], 2010, RES TRANSPORTATION E",2
"CASCETTA E., 2009, TRANSPORTATION SYSTE",DOI:10.1016/j.tra.2007.06.006,2
"CASCETTA E., 2009, TRANSPORTATION SYSTE",DOI:10.1080/03081060802364471,2
DOI:10.1016/j.cstp.2019.03.004,DOI:10.1080/01944365908978307,2
DOI:10.1016/j.cstp.2019.03.004,DOI:10.1002/atr.1429,3
DOI:10.1016/j.cstp.2019.03.004,DOI:10.1016/j.cstp.2021.08.001,2
DOI:10.1016/j.cstp.2019.03.004,DOI:10.1016/j.progress.2009.11.001,2
DOI:10.1016/j.cstp.2019.03.004,DOI:10.1016/s0967-070x(03)00053-2,3
DOI:10.1016/j.cstp.2019.03.004,DOI:10.3390/su11020477,2
DOI:10.1016/j.cstp.2019.03.004,DOI:10.5038/2375-0901.13.1.4,3
DOI:10.1016/j.cstp.2019.03.004,DOI:10.5038/2375-0901.19.3.2,3
DOI:10.1016/j.cstp.2019.03.004,"INAYATHUSEIN A., 2018, LONDONS ACCESSIBILIT",2
DOI:10.1016/j.cstp.2019.03.004,"ADHVARYU B., 2019, ECON. POLITICAL WKLY, V54, P17",2
DOI:10.1016/j.jtrangeo.2015.09.008,DOI:10.3390/su11051229,2
DOI:10.1016/j.jtrangeo.2016.06.015,DOI:10.1080/03081060.2019.1609215,2
DOI:10.1016/j.tra.2007.06.006,DOI:10.1016/j.tranpol.2007.04.009,2
DOI:10.1016/j.tra.2007.06.006,DOI:10.1080/03081060802364471,3
DOI:10.1016/j.tra.2007.06.006,DOI:10.1080/15568318.2010.494231,2
DOI:10.1016/j.tra.2007.06.006,DOI:10.1016/j.tranpol.2010.07.007,2
DOI:10.1016/j.tranpol.2007.04.009,DOI:10.1016/j.tranpol.2010.09.003,2
DOI:10.1016/j.tranpol.2007.04.009,DOI:10.1080/01944365908978307,2
DOI:10.1016/j.tranpol.2007.04.009,DOI:10.1080/03081060802364471,2
DOI:10.1016/j.tranpol.2007.04.009,DOI:10.1080/13658810902835404,2
DOI:10.1016/j.tranpol.2007.04.009,DOI:10.1080/15568318.2010.494231,3
DOI:10.1016/j.tranpol.2007.04.009,DOI:10.3141/1604-07,2
DOI:10.1016/j.tranpol.2007.04.009,DOI:10.3390/su12093563,2
DOI:10.1016/j.tranpol.2007.04.009,"EBOLI L, 2012, EUR TRANSP",2
DOI:10.1016/j.tranpol.2007.04.009,DOI:10.1016/j.tranpol.2008.06.002,2
DOI:10.1016/j.tranpol.2007.04.009,DOI:10.1016/j.tranpol.2010.07.007,3
DOI:10.1016/j.tranpol.2007.04.009,DOI:10.3390/su8111120,2
DOI:10.1016/j.tranpol.2007.04.009,DOI:10.1016/j.jenvp.2007.09.003,2
DOI:10.1016/j.tranpol.2007.04.009,DOI:10.1016/j.jenvp.2014.03.003,2
DOI:10.1016/j.tranpol.2007.04.009,DOI:10.1016/j.trf.2010.11.006,2
DOI:10.1016/j.tranpol.2007.04.009,DOI:10.1111/j.1559-1816.2002.tb02068.x,2
DOI:10.1016/j.tranpol.2007.04.009,"FRIMAN MARGARETA., 2004, JOURNAL OF PUBLIC TRANSPORTATION, V7, P49",2
DOI:10.1016/j.tranpol.2007.04.009,DOI:10.1016/s0969-6989,2
DOI:10.1016/j.tranpol.2007.04.009,DOI:10.1177/0042098009359033,2
DOI:10.1016/j.tranpol.2007.04.009,DOI:10.1016/j.tra.2014.08.002,2
DOI:10.1016/j.tranpol.2007.04.009,DOI:10.5038/2375-0901.13.4.1,2
DOI:10.1016/j.tranpol.2010.09.003,DOI:10.1007/s11116-010-9306-9,2
DOI:10.1016/j.tranpol.2010.09.003,DOI:10.1016/j.tranpol.2010.07.007,2
DOI:10.1016/j.tranpol.2010.09.003,DOI:10.1016/s0019-8501(03)00055-5,2
DOI:10.1016/j.tranpol.2010.09.003,DOI:10.2307/1251430,2
DOI:10.1080/01944365908978307,DOI:10.1080/13658810902835404,4
DOI:10.1080/01944365908978307,DOI:10.1080/15568318.2010.494231,2
DOI:10.1080/01944365908978307,DOI:10.3141/1604-07,3
DOI:10.1080/01944365908978307,"EBOLI L, 2012, EUR TRANSP",2
DOI:10.1080/01944365908978307,DOI:10.1016/j.jtrangeo.2011.10.001,4
DOI:10.1080/01944365908978307,DOI:10.1016/s0277-9536(01)00212-x,2
DOI:10.1080/01944365908978307,DOI:10.1061/(asce)0733-9488(2002)128:4(225),2
DOI:10.1080/01944365908978307,DOI:10.1068/b33043,2
DOI:10.1080/01944365908978307,DOI:10.1080/13658810802646679,2
DOI:10.1080/01944365908978307,DOI:10.3141/1835-05,2
DOI:10.1080/01944365908978307,DOI:10.5038/2375-0901.10.2.5,2
DOI:10.1080/01944365908978307,"KIMPEL THOMASJ., 2007, URISA JOURNAL, V19, P5",2
DOI:10.1080/01944365908978307,"[ANONYMOUS], 2011, VISUM 11 52 FUND VIS",2
DOI:10.1080/01944365908978307,"BHAT C., 2000, ACCESSIBILITY MEASUR",2
DOI:10.1080/01944365908978307,DOI:10.1016/j.jtrangeo.2009.02.002,2
DOI:10.1080/01944365908978307,DOI:10.1068/a291175,2
DOI:10.1080/03081060802364471,DOI:10.1080/15568318.2010.494231,2
DOI:10.1080/03081060802364471,DOI:10.1016/j.tranpol.2010.07.007,2
DOI:10.1080/03081060802364471,DOI:10.1016/s0965-8564(00)00033-1,2
DOI:10.1080/13658810902835404,DOI:10.1080/15568318.2010.494231,2
DOI:10.1080/13658810902835404,DOI:10.3141/1604-07,3
DOI:10.1080/13658810902835404,"EBOLI L, 2012, EUR TRANSP",2
DOI:10.1080/13658810902835404,DOI:10.1016/j.jtrangeo.2011.10.001,3
DOI:10.1080/13658810902835404,DOI:10.1016/s0277-9536(01)00212-x,2
DOI:10.1080/13658810902835404,DOI:10.1061/(asce)0733-9488(2002)128:4(225),2
DOI:10.1080/13658810902835404,DOI:10.1068/b33043,2
DOI:10.1080/13658810902835404,DOI:10.1080/13658810802646679,2
DOI:10.1080/13658810902835404,DOI:10.3141/1835-05,2
DOI:10.1080/13658810902835404,DOI:10.5038/2375-0901.10.2.5,2
DOI:10.1080/13658810902835404,"KIMPEL THOMASJ., 2007, URISA JOURNAL, V19, P5",2
DOI:10.1080/13658810902835404,"[ANONYMOUS], 2011, VISUM 11 52 FUND VIS",2
DOI:10.1080/13658810902835404,"BHAT C., 2000, ACCESSIBILITY MEASUR",2
DOI:10.1080/15568318.2010.494231,DOI:10.3141/1604-07,2
DOI:10.1080/15568318.2010.494231,"EBOLI L, 2012, EUR TRANSP",2
DOI:10.1080/15568318.2010.494231,DOI:10.1016/j.tranpol.2008.06.002,2
DOI:10.1080/15568318.2010.494231,DOI:10.1016/j.tranpol.2010.07.007,2
DOI:10.3141/1604-07,"EBOLI L, 2012, EUR TRANSP",2
DOI:10.3141/1604-07,DOI:10.1016/j.jtrangeo.2011.10.001,2
DOI:10.3141/1604-07,DOI:10.1016/s0277-9536(01)00212-x,2
DOI:10.3141/1604-07,DOI:10.1061/(asce)0733-9488(2002)128:4(225),2
DOI:10.3141/1604-07,DOI:10.1068/b33043,2
DOI:10.3141/1604-07,DOI:10.1080/13658810802646679,2
DOI:10.3141/1604-07,DOI:10.3141/1835-05,2
DOI:10.3141/1604-07,DOI:10.5038/2375-0901.10.2.5,2
DOI:10.3141/1604-07,"KIMPEL THOMASJ., 2007, URISA JOURNAL, V19, P5",2
DOI:10.3141/1604-07,"[ANONYMOUS], 2011, VISUM 11 52 FUND VIS",2
DOI:10.1007/bf01205442],DOI:10.1007/s12469-012-0055-3,2
DOI:10.1007/bf01205442],DOI:10.1016/j.cstp.2014.05.004,2
DOI:10.1007/bf01205442],DOI:10.1016/j.tra.2011.10.005,2
DOI:10.1007/bf01205442],DOI:10.3846/16484142.2013.785019,2
DOI:10.1007/s12469-012-0055-3,DOI:10.1016/j.cstp.2014.05.004,2
DOI:10.1007/s12469-012-0055-3,DOI:10.1016/j.tra.2011.10.005,2
DOI:10.1007/s12469-012-0055-3,DOI:10.3846/16484142.2013.785019,2
DOI:10.1016/j.cstp.2014.05.004,DOI:10.1016/j.tra.2011.10.005,2
DOI:10.1016/j.cstp.2014.05.004,DOI:10.3846/16484142.2013.785019,2
DOI:10.1016/j.tra.2011.10.005,DOI:10.3846/16484142.2013.785019,2
"BLACK W.R., 2010, SUSTAINABLE TRANSPORTATION",DOI:10.1016/j.tranpol.2012.03.009,2
DOI:10.1016/j.tranpol.2008.06.002,DOI:10.1016/j.tranpol.2010.07.007,3
DOI:10.1016/j.tranpol.2010.07.007,DOI:10.1016/s0377-2217(99)00315-x,2
DOI:10.1016/j.tranpol.2010.07.007,DOI:10.1080/03081067808717125,2
DOI:10.1016/j.tranpol.2010.07.007,DOI:10.1287/mnsc.28.4.379,2
DOI:10.1016/j.tranpol.2010.07.007,"FIELDING G. J., 1981, TRANSPORT RES REC, V797, P34",2
DOI:10.1016/j.tranpol.2010.07.007,DOI:10.1016/j.tre.2005.09.010,2
DOI:10.1016/j.tranpol.2010.07.007,"HENSHER DA, 2002, J TRANSP ECON POLICY, V36, P93",2
DOI:10.1016/j.tranpol.2010.07.007,"TRANSPORTATION RESEARCH BOARD, 1999, TCRP REPORT 47",2
DOI:10.1016/j.tranpol.2010.07.007,"[ANONYMOUS], 2003, TRANSIT CAPACITY QUA",2
DOI:10.1016/j.tranpol.2010.07.007,"FRIMAN MARGARETA., 2004, JOURNAL OF PUBLIC TRANSPORTATION, V7, P49",2
DOI:10.1016/j.tranpol.2010.07.007,DOI:10.1186/s40064-016-1694-7,2
DOI:10.1016/j.tranpol.2010.07.007,DOI:10.1016/s0019-8501(03)00055-5,2
DOI:10.1016/j.tranpol.2010.07.007,DOI:10.2307/1251430,2
DOI:10.1016/j.tranpol.2012.03.009,DOI:10.1016/s0967-070x(03)00021-0],2
DOI:10.1016/j.tranpol.2012.03.009,DOI:10.1016/s0921-8009(01)00254-3,2
DOI:10.1016/j.tranpol.2012.03.009,"BERNARDINO JPR, 2013, EUR J TRANSP INFRAST, V13, P239",2
DOI:10.1016/j.tranpol.2012.03.009,DOI:10.1007/s10666-016-9539-x,2
DOI:10.1016/j.tranpol.2012.03.009,DOI:10.1016/j.jclepro.2015.09.001,2
DOI:10.1016/j.tranpol.2012.03.009,DOI:10.1016/j.tra.2013.11.007,2
DOI:10.1016/j.tranpol.2012.03.009,DOI:10.1016/j.tranpol.2016.12.003,2
DOI:10.1016/j.tranpol.2012.03.009,DOI:10.1016/j.trpro.2014.11.040,2
DOI:10.1016/j.tranpol.2012.03.009,DOI:10.1080/21680566.2014.916236,2
DOI:10.1016/j.tranpol.2012.03.009,DOI:10.1371/journal.pone.0114135,2
DOI:10.1016/j.tranpol.2012.03.009,"SAYYADI REZA, 2017, INTERNATIONAL JOURNAL OF MODELLING AND SIMULATION, V37, P25, DOI [10.1080/02286203.2016.1219806, 10.1080/02286203.2016.1219806]",2
DOI:10.1016/j.tranpol.2012.03.009,"STERMAN J.D., 2000, BUSINESS DYNAMICS",2
DOI:10.1016/s0377-2217(99)00315-x,DOI:10.1080/03081067808717125,2
DOI:10.1016/s0377-2217(99)00315-x,DOI:10.1287/mnsc.28.4.379,2
DOI:10.1016/s0377-2217(99)00315-x,"FIELDING G. J., 1981, TRANSPORT RES REC, V797, P34",2
DOI:10.1080/01441647.2017.1298683,DOI:10.1016/j.retrec.2016.04.001,2
DOI:10.1080/03081067808717125,DOI:10.1287/mnsc.28.4.379,2
DOI:10.1080/03081067808717125,"FIELDING G. J., 1981, TRANSPORT RES REC, V797, P34",2
DOI:10.1186/s12544-019-0374-4,DOI:10.1080/15568318.2017.1292374,2
DOI:10.1186/s12544-019-0374-4,DOI:10.3390/su8060542,2
DOI:10.1287/mnsc.28.4.379,"FIELDING G. J., 1981, TRANSPORT RES REC, V797, P34",2
DOI:10.1016/j.socscimed.2012.11.040,"ALLISON P.D., 2009, FIXED EFFECT REGRESSION MODELS",2
DOI:10.1016/j.socscimed.2012.11.040,DOI:10.1080/03081060.2012.635413,2
DOI:10.1016/j.socscimed.2012.11.040,DOI:10.1093/ije/dys168,2
DOI:10.1016/j.socscimed.2012.11.040,DOI:10.1136/jech.2011.133165,2
DOI:10.1016/j.socscimed.2012.11.040,DOI:10.2105/ajph.2015.302907,2
DOI:10.1016/j.socscimed.2012.11.040,DOI:10.2307/2291629,2
DOI:10.1016/j.socscimed.2012.11.040,DOI:10.3141/2352-13,2
DOI:10.1016/j.socscimed.2012.11.040,"[ANONYMOUS], 2007, GLOBAL AGE FRIENDLY",2
DOI:10.1016/j.trf.2015.01.002,DOI:10.3141/2542-01,2
DOI:10.1016/s1361-9209(01)00024-4,DOI:10.1016/s1361-9209(97)00009-6,2
DOI:10.1016/s1361-9209(01)00024-4,DOI:10.1016/j.trd.2015.12.005,2
DOI:10.1016/s1361-9209(97)00009-6,"DITTMAR HANK., 2004, THE NEW TRANSIT TOWN: BEST PRACTICES IN TRANSIT- ORIENTED DEVELOPMENT",2
DOI:10.1016/s1361-9209(97)00009-6,DOI:10.1016/j.tra.2019.10.018,2
DOI:10.1016/s1361-9209(97)00009-6,DOI:10.1016/j.jtrangeo.2004.11.001,2
DOI:10.1016/s1366-5545(00)00012-0,DOI:10.1016/j.tranpol.2004.05.001],2
DOI:10.1016/s1366-5545(00)00012-0,DOI:10.1017/cbo9780511805271,2
DOI:10.1080/13563475.2012.672797,DOI:10.1080/14649357.2011.626312,2
DOI:10.1111/j.1467-9248.1996.tb00334.x,"ROSE R., 1993, TEACHERS GUIDE TO DRAWING BASICS FOR DIRECTED DRAWING ACTIVITIES",2
DOI:10.1111/j.1467-9248.1996.tb00334.x,DOI:10.1016/j.tranpol.2010.10.005,3
DOI:10.1111/j.1467-9248.1996.tb00334.x,DOI:10.1016/j.tranpol.2010.10.007,4
DOI:10.1111/j.1467-9248.1996.tb00334.x,DOI:10.1080/02513625.2008.10557003,3
DOI:10.1111/j.1467-9248.1996.tb00334.x,DOI:10.1016/j.tranpol.2010.10.006,2
DOI:10.1111/j.1467-9248.1996.tb00334.x,DOI:10.1111/0952-1895.00121,2
DOI:10.1111/j.1467-9248.1996.tb00334.x,DOI:10.1111/j.1478-9302.2011.00240.x,3
DOI:10.1016/j.jenvp.2007.09.003,DOI:10.1016/j.trf.2010.11.006,2
DOI:10.1016/j.jenvp.2007.09.003,DOI:10.1111/j.1559-1816.2002.tb02068.x,3
DOI:10.1016/j.jenvp.2007.09.003,"BECKER A.J., 1999, TRANSPORTATION RESEARCH RECORD, V1666, P3",2
DOI:10.1016/j.jenvp.2007.09.003,DOI:10.1007/s12198-011-0072-5,2
DOI:10.1016/j.jenvp.2007.09.003,DOI:10.1016/j.jenvp.2007.04.001,2
DOI:10.1016/j.jenvp.2007.09.003,DOI:10.1016/j.jtrangeo.2011.12.003,2
DOI:10.1016/j.jenvp.2007.09.003,DOI:10.1016/j.tra.2005.05.001,2
DOI:10.1016/j.jenvp.2007.09.003,DOI:10.1016/j.tra.2010.11.002,2
DOI:10.1016/j.jenvp.2007.09.003,DOI:10.1080/01441640902811304,2
DOI:10.1016/j.jenvp.2007.09.003,DOI:10.1080/01441649008716748,2
DOI:10.1016/j.jenvp.2007.09.003,DOI:10.1177/0013916506294032,2
DOI:10.1016/j.jenvp.2007.09.003,DOI:10.1680/muen.2004.157.1.47,2
DOI:10.1016/j.jenvp.2007.09.003,DOI:10.1680/muen.2009.162.3.149,2
DOI:10.1016/j.jenvp.2007.09.003,DOI:10.3141/1872-02,2
DOI:10.1016/j.jenvp.2007.09.003,DOI:10.3141/2034-05,2
DOI:10.1016/j.jenvp.2007.09.003,DOI:10.3141/2112-14,2
DOI:10.1016/j.jenvp.2007.09.003,DOI:10.3141/2215-01,2
DOI:10.1016/j.jenvp.2007.09.003,"EBOLI L., 2012, EUROPEAN TRANSPORT - TRANSPORTI EUROPEI, V51, P1",2
DOI:10.1016/j.jenvp.2007.09.003,"[ANONYMOUS], 2011, SOCIAL RES ISSUES ME",2
DOI:10.1016/j.jenvp.2007.09.003,"[陈旭梅 CHEN XUMEI], 2011, [交通运输系统工程与信息, JOURNAL OF TRANSPORATION SYSTEMS ENGINEERING & INFORMATION TECHNOLOGY], V11, P77",2
DOI:10.1016/j.jenvp.2014.03.003,DOI:10.1016/j.trf.2008.08.001,2
DOI:10.1016/j.jenvp.2014.03.003,DOI:10.1016/j.trf.2010.11.006,3
DOI:10.1016/j.jenvp.2014.03.003,DOI:10.1111/j.1559-1816.2002.tb02068.x,2
DOI:10.1016/j.jenvp.2014.03.003,DOI:10.1348/014466601164939,2
DOI:10.1016/j.jenvp.2014.03.003,DOI:10.1016/j.cstp.2019.11.001,2
DOI:10.1016/j.jenvp.2014.03.003,DOI:10.1016/j.trpro.2020.08.117],2
DOI:10.1016/j.jenvp.2014.03.003,DOI:10.1111/j.1559-1816.1998.tb01685.x,2
DOI:10.1016/j.jenvp.2014.03.003,DOI:10.1016/j.trd.2016.08.038,2
DOI:10.1016/j.jenvp.2014.03.003,DOI:10.1016/j.jenvp.2007.04.001,2
DOI:10.1016/j.jenvp.2014.03.003,DOI:10.1111/j.1559-1816.2010.00600.x,2
DOI:10.1016/j.trf.2008.08.001,DOI:10.1016/j.trf.2010.11.006,2
DOI:10.1016/j.trf.2008.08.001,DOI:10.1348/014466601164939,2
DOI:10.1016/j.trf.2010.11.006,DOI:10.1111/j.1559-1816.2002.tb02068.x,4
DOI:10.1016/j.trf.2010.11.006,DOI:10.1348/014466601164939,2
DOI:10.1016/j.trf.2010.11.006,DOI:10.2307/3150980,2
DOI:10.1016/j.trf.2010.11.006,DOI:10.1016/j.jenvp.2007.04.001,2
DOI:10.1016/j.trf.2010.11.006,DOI:10.3141/2217-08,2
DOI:10.1016/j.trf.2010.11.006,DOI:10.1007/s11116-016-9692-8,3
DOI:10.1016/j.trf.2010.11.006,DOI:10.1016/j.jenvp.2006.12.002,2
DOI:10.1016/j.trf.2010.11.006,DOI:10.1016/j.tbs.2015.11.002,3
DOI:10.1016/j.trf.2010.11.006,DOI:10.1111/j.1559-1816.1998.tb01685.x,2
DOI:10.1016/j.trf.2010.11.006,DOI:10.1111/j.1559-1816.2007.00241.x,2
DOI:10.1016/j.trf.2010.11.006,DOI:10.1111/j.1559-1816.2010.00600.x,2
DOI:10.1016/j.trf.2010.11.006,DOI:10.1155/2014/308674,2
DOI:10.1016/j.trf.2010.11.006,DOI:10.2753/mtp1069-6679190202,2
DOI:10.1016/j.trf.2010.11.006,DOI:10.3390/atmos10080467,2
DOI:10.1016/j.trf.2010.11.006,DOI:10.3390/ijerph14121593,3
DOI:10.1016/j.trf.2010.11.006,DOI:10.3390/su11041155,2
DOI:10.1016/j.trf.2010.11.006,DOI:10.1016/j.cstp.2019.11.001,3
DOI:10.1016/j.trf.2010.11.006,DOI:10.1016/j.trpro.2020.08.117],2
DOI:10.1016/j.trf.2010.11.006,DOI:10.1016/j.tra.2019.09.058,2
DOI:10.1016/j.trf.2010.11.006,DOI:10.1016/j.trd.2016.08.038,3
DOI:10.1016/j.trf.2010.11.006,"MUENRIT K., 2017, JOURNAL OF THE EASTERN ASIA SOCIETY FOR TRANSPORTATION STUDIES, V12, P1192",2
DOI:10.1016/j.trf.2010.11.006,DOI:10.1007/s11116-010-9306-9,2
DOI:10.1111/j.1559-1816.2002.tb02068.x,DOI:10.2307/3150980,2
DOI:10.1111/j.1559-1816.2002.tb02068.x,"STEG L., 1997, TRAFFIC AND TRANSPORT PSYCHOLOGY. THEORY AND APPLICATION, P465",2
DOI:10.1111/j.1559-1816.2002.tb02068.x,"BECKER A.J., 1999, TRANSPORTATION RESEARCH RECORD, V1666, P3",2
DOI:10.1111/j.1559-1816.2002.tb02068.x,DOI:10.1007/s12198-011-0072-5,2
DOI:10.1111/j.1559-1816.2002.tb02068.x,DOI:10.1016/j.jenvp.2007.04.001,4
DOI:10.1111/j.1559-1816.2002.tb02068.x,DOI:10.1016/j.jtrangeo.2011.12.003,2
DOI:10.1111/j.1559-1816.2002.tb02068.x,DOI:10.1016/j.tra.2005.05.001,2
DOI:10.1111/j.1559-1816.2002.tb02068.x,DOI:10.1016/j.tra.2010.11.002,2
DOI:10.1111/j.1559-1816.2002.tb02068.x,DOI:10.1080/01441640902811304,2
DOI:10.1111/j.1559-1816.2002.tb02068.x,DOI:10.1080/01441649008716748,2
DOI:10.1111/j.1559-1816.2002.tb02068.x,DOI:10.1177/0013916506294032,2
DOI:10.1111/j.1559-1816.2002.tb02068.x,DOI:10.1680/muen.2004.157.1.47,2
DOI:10.1111/j.1559-1816.2002.tb02068.x,DOI:10.1680/muen.2009.162.3.149,2
DOI:10.1111/j.1559-1816.2002.tb02068.x,DOI:10.3141/1872-02,2
DOI:10.1111/j.1559-1816.2002.tb02068.x,DOI:10.3141/2034-05,2
DOI:10.1111/j.1559-1816.2002.tb02068.x,DOI:10.3141/2112-14,2
DOI:10.1111/j.1559-1816.2002.tb02068.x,DOI:10.3141/2215-01,2
DOI:10.1111/j.1559-1816.2002.tb02068.x,"EBOLI L., 2012, EUROPEAN TRANSPORT - TRANSPORTI EUROPEI, V51, P1",2
DOI:10.1111/j.1559-1816.2002.tb02068.x,"[ANONYMOUS], 2011, SOCIAL RES ISSUES ME",2
DOI:10.1111/j.1559-1816.2002.tb02068.x,"[陈旭梅 CHEN XUMEI], 2011, [交通运输系统工程与信息, JOURNAL OF TRANSPORATION SYSTEMS ENGINEERING & INFORMATION TECHNOLOGY], V11, P77",2
DOI:10.1111/j.1559-1816.2002.tb02068.x,DOI:10.1007/s11116-016-9692-8,2
DOI:10.1111/j.1559-1816.2002.tb02068.x,DOI:10.1111/j.1559-1816.1998.tb01685.x,3
DOI:10.1111/j.1559-1816.2002.tb02068.x,DOI:10.1111/j.1559-1816.2003.tb01951.x,2
DOI:10.1111/j.1559-1816.2002.tb02068.x,DOI:10.1111/j.1559-1816.2007.00241.x,3
DOI:10.1111/j.1559-1816.2002.tb02068.x,DOI:10.1111/j.1559-1816.2010.00600.x,2
DOI:10.1111/j.1559-1816.2002.tb02068.x,DOI:10.1155/2014/308674,2
DOI:10.1111/j.1559-1816.2002.tb02068.x,DOI:10.3390/atmos10080467,2
DOI:10.1111/j.1559-1816.2002.tb02068.x,DOI:10.3390/ijerph14121593,2
DOI:10.1111/j.1559-1816.2002.tb02068.x,DOI:10.3390/su11041155,2
DOI:10.1111/j.1559-1816.2002.tb02068.x,DOI:10.1016/s0065-2601(08)60358-5,3
DOI:10.1111/j.1559-1816.2002.tb02068.x,DOI:10.1177/0013916502250134,2
DOI:10.2307/3150980,DOI:10.1007/s11747-014-0403-8,2
DOI:10.2307/3150980,DOI:10.2753/mtp1069-6679190202,2
DOI:10.2307/3150980,DOI:10.3390/atmos10080467,2
DOI:10.2307/3150980,"KLINE R.B., 2023, PRINCIPLES AND PRACTICE OF STRUCTURAL EQUATION MODELING, V5TH",2
DOI:10.2307/3150980,DOI:10.1287/mnsc.35.8.982,2
"BLY PH, 1980, TRANSPORTATION, V9, P311",DOI:10.1007/bf00150722,2
"BLY PH, 1980, TRANSPORTATION, V9, P311",DOI:10.1016/j.tre.2005.09.010,2
"BLY PH, 1980, TRANSPORTATION, V9, P311",DOI:10.1016/j.ijtm.2004.04.003],2
DOI:10.1007/bf00150722,DOI:10.1016/j.tre.2005.09.010,2
DOI:10.1016/j.tre.2005.09.010,"AZADI MAJID, 2012, INTERNATIONAL JOURNAL OF OPERATIONAL RESEARCH, V13, P44",2
DOI:10.1016/j.tre.2005.09.010,DOI:10.1007/s10098-013-0652-0,2
DOI:10.1016/j.tre.2005.09.010,DOI:10.1016/0305-0483(76)90099-2,2
DOI:10.1016/j.tre.2005.09.010,DOI:10.1016/j.amc.2011.01.008,2
DOI:10.1016/j.tre.2005.09.010,DOI:10.1016/j.amc.2012.05.014,2
DOI:10.1016/j.tre.2005.09.010,DOI:10.1016/j.apm.2011.02.048,2
DOI:10.1016/j.tre.2005.09.010,DOI:10.1016/j.apm.2011.05.002,2
DOI:10.1016/j.tre.2005.09.010,DOI:10.1016/j.cam.2009.11.045,2
DOI:10.1016/j.tre.2005.09.010,DOI:10.1016/j.cie.2012.12.006,2
DOI:10.1016/j.tre.2005.09.010,DOI:10.1016/j.ejor.2007.11.040,2
DOI:10.1016/j.tre.2005.09.010,DOI:10.1016/j.ejor.2008.05.027,2
DOI:10.1016/j.tre.2005.09.010,DOI:10.1016/j.ejor.2009.03.005,2
DOI:10.1016/j.tre.2005.09.010,DOI:10.1016/j.ejor.2011.03.010,2
DOI:10.1016/j.tre.2005.09.010,DOI:10.1016/j.ejor.2012.01.024,2
DOI:10.1016/j.tre.2005.09.010,DOI:10.1016/j.enpol.2012.02.063,2
DOI:10.1016/j.tre.2005.09.010,DOI:10.1016/j.eswa.2009.09.029,2
DOI:10.1016/j.tre.2005.09.010,DOI:10.1016/j.eswa.2013.11.032,2
DOI:10.1016/j.tre.2005.09.010,DOI:10.1016/j.ijpe.2013.02.009,2
DOI:10.1016/j.tre.2005.09.010,DOI:10.1016/j.measurement.2014.04.018,2
DOI:10.1016/j.tre.2005.09.010,DOI:10.1016/j.omega.2007.06.003,2
DOI:10.1016/j.tre.2005.09.010,DOI:10.1016/j.omega.2007.10.002,2
DOI:10.1016/j.tre.2005.09.010,DOI:10.1016/j.omega.2008.08.001,2
DOI:10.1016/j.tre.2005.09.010,DOI:10.1016/j.omega.2009.07.001,2
DOI:10.1016/j.tre.2005.09.010,DOI:10.1016/j.omega.2009.11.003,2
DOI:10.1016/j.tre.2005.09.010,DOI:10.1016/j.omega.2010.01.004,2
DOI:10.1016/j.tre.2005.09.010,DOI:10.1016/j.omega.2012.06.003,2
DOI:10.1016/j.tre.2005.09.010,DOI:10.1016/j.proenv.2014.03.024,2
DOI:10.1016/j.tre.2005.09.010,DOI:10.1016/j.resconrec.2010.06.003,2
DOI:10.1016/j.tre.2005.09.010,DOI:10.1016/j.rtbm.2013.02.001,2
DOI:10.1016/j.tre.2005.09.010,DOI:10.1016/j.sbspro.2014.01.153,2
DOI:10.1016/j.tre.2005.09.010,DOI:10.1016/j.tra.2008.03.014,2
DOI:10.1016/j.tre.2005.09.010,DOI:10.1016/j.trd.2012.02.002,2
DOI:10.1016/j.tre.2005.09.010,DOI:10.1016/j.trd.2014.05.015,2
DOI:10.1016/j.tre.2005.09.010,DOI:10.1016/j.trd.2014.05.024,2
DOI:10.1016/j.tre.2005.09.010,DOI:10.1016/j.tre.2005.09.005,2
DOI:10.1016/j.tre.2005.09.010,DOI:10.1016/j.tre.2011.05.015,2
DOI:10.1016/j.tre.2005.09.010,DOI:10.1016/j.tre.2011.05.016,2
DOI:10.1016/j.tre.2005.09.010,DOI:10.1016/j.tre.2013.03.005,2
DOI:10.1016/j.tre.2005.09.010,DOI:10.1016/s0377-2217(00)00150-8,2
DOI:10.1016/j.tre.2005.09.010,DOI:10.1016/s0965-8564(99)00049-x,2
DOI:10.1016/j.tre.2005.09.010,DOI:10.1023/a:1005121506841,2
DOI:10.1016/j.tre.2005.09.010,DOI:10.1057/jors.2008.154,2
DOI:10.1016/j.tre.2005.09.010,DOI:10.1108/09600031111185257,2
DOI:10.1016/j.tre.2005.09.010,DOI:10.1287/mnsc.1040.0244,2
DOI:10.1016/j.tre.2005.09.010,"DUDOW A., 1998, THESIS LUND U LUND",2
DOI:10.1016/j.tre.2005.09.010,"LU Z., 2013, ADV CIVIL ENG BUILDI",2
DOI:10.1016/j.tre.2005.09.010,"[ANONYMOUS], MULTICRITERIA DECISO",2
DOI:10.1017/cbo9780511805271,DOI:10.1023/a:1022558715350,2
DOI:10.1017/cbo9780511805271,"MCFADDEN D., 1974, FRONTIERS ECONOMETRI, P105",2
DOI:10.1017/cbo9780511805271,DOI:10.1007/s11116-005-0328-7,2
DOI:10.1017/cbo9780511805271,DOI:10.1016/j.jocm.2019.100170,2
DOI:10.1017/cbo9780511805271,DOI:10.1017/cbo9781316136232,2
DOI:10.1017/cbo9780511805271,DOI:10.1080/01441640902827623,2
DOI:10.1017/cbo9780511805271,DOI:10.1016/j.cstp.2021.07.020,2
DOI:10.1016/j.retrec.2018.07.005,DOI:10.1016/j.tranpol.2019.10.012,2
DOI:10.1016/j.retrec.2018.07.005,DOI:10.1080/15568318.2017.1292374,3
DOI:10.1016/j.retrec.2018.07.005,DOI:10.1080/15568318.2018.1517842,2
DOI:10.1016/j.retrec.2018.07.005,"MERRIAM SB., 2016, QUALITATIVE RESEARCH: A GUIDE TO DESIGN AND IMPLEMENTATION",2
DOI:10.1016/j.tranpol.2016.08.014,DOI:10.1080/15568318.2017.1292374,2
DOI:10.1016/j.tranpol.2016.08.014,DOI:10.1016/j.jtrangeo.2018.04.025,2
DOI:10.1016/j.tranpol.2016.08.014,DOI:10.1016/j.tra.2013.10.013,2
DOI:10.1016/j.tranpol.2019.10.012,DOI:10.1080/15568318.2017.1292374,3
DOI:10.1080/15568318.2017.1292374,DOI:10.1080/15568318.2018.1517842,2
DOI:10.1080/15568318.2017.1292374,"MERRIAM SB., 2016, QUALITATIVE RESEARCH: A GUIDE TO DESIGN AND IMPLEMENTATION",2
DOI:10.1080/15568318.2017.1292374,DOI:10.1016/j.jtrangeo.2018.04.025,5
DOI:10.1080/15568318.2017.1292374,DOI:10.1016/j.retrec.2014.09.029,2
DOI:10.1080/15568318.2017.1292374,DOI:10.1080/09654313.2017.1362376,2
DOI:10.1080/15568318.2017.1292374,DOI:10.1093/jopart/mum015,2
DOI:10.1080/15568318.2017.1292374,DOI:10.3390/su8060542,4
DOI:10.1080/15568318.2017.1292374,DOI:10.1016/j.cstp.2017.12.003,2
DOI:10.1080/15568318.2017.1292374,DOI:10.1016/j.jtrangeo.2008.06.005,2
DOI:10.1080/15568318.2017.1292374,"[ANONYMOUS], 1999, TRANSPORT POLICY",2
DOI:10.1080/15568318.2017.1292374,DOI:10.1080/01441647.2016.1177799,2
DOI:10.1080/15568318.2017.1292374,DOI:10.1093/jopart/mum032,2
DOI:10.1080/15568318.2017.1292374,DOI:10.1111/j.1468-0491.2011.01550.x,2
DOI:10.1080/15568318.2017.1292374,DOI:10.1111/psj.12212,2
DOI:10.1080/15568318.2017.1292374,DOI:10.1111/puar.12076,2
DOI:10.1080/15568318.2017.1292374,DOI:10.1177/1078087411400379,2
DOI:10.1080/15568318.2017.1292374,DOI:10.2307/1952530,2
DOI:10.1080/15568318.2017.1292374,"HUITEMA D, 2009, ECOL SOC, V14",2
DOI:10.1080/15568318.2017.1292374,"OSTROM E, 1972, SOC SCI QUART, V53, P474",2
DOI:10.1080/15568318.2018.1517842,"MERRIAM SB., 2016, QUALITATIVE RESEARCH: A GUIDE TO DESIGN AND IMPLEMENTATION",2
DOI:10.1002/net.3230190505,DOI:10.1007/s12469-010-0018-5,2
DOI:10.1007/s12469-014-0100-5,DOI:10.1016/j.cor.2014.06.025,2
DOI:10.1007/s12469-014-0100-5,DOI:10.1016/j.trb.2007.11.002,2
DOI:10.1016/j.cor.2009.03.022,DOI:10.1016/j.trb.2014.01.009,2
DOI:10.1016/j.cor.2009.03.022,DOI:10.1287/trsc.1120.0424,2
DOI:10.1016/j.cor.2014.06.025,DOI:10.1016/j.trb.2007.11.002,2
DOI:10.1016/j.trb.2014.01.009,DOI:10.1287/trsc.1120.0424,2
DOI:10.1287/trsc.1120.0424,DOI:10.1287/trsc.1120.0429,2
DOI:10.2307/,DOI:10.2307/j.ctv8bt1pt,2
DOI:10.1016/j.ejor.2015.12.006,DOI:10.1016/j.trb.2012.01.006,2
DOI:10.1016/j.ejor.2015.12.006,DOI:10.1016/j.tre.2019.10.001,2
DOI:10.1016/j.tra.2017.09.012,DOI:10.1016/j.eist.2011.02.002,3
DOI:10.1016/j.tra.2017.09.012,DOI:10.1016/j.tra.2019.09.016,2
DOI:10.1016/j.tra.2017.09.012,DOI:10.1016/j.jtrangeo.2012.01.021,2
DOI:10.1016/j.tra.2017.09.012,DOI:10.1016/j.respol.2007.01.003,2
DOI:10.1016/j.tra.2017.09.012,DOI:10.1016/j.respol.2013.10.010,2
DOI:10.1016/j.tra.2017.09.012,DOI:10.1016/s0048-7333(02)00062-8,2
DOI:10.1016/j.tra.2017.09.012,DOI:10.1016/j.jtrangeo.2012.01.022,2
DOI:10.1016/j.trb.2012.01.006,DOI:10.1016/j.tre.2019.10.001,2
DOI:10.1016/j.trb.2012.01.006,"CEDER A, 2001, TRANSPORT RES REC, P28",2
DOI:10.1016/j.trb.2012.01.006,"CEVALLOS F, 2006, TRANSPORT RES REC, P74",2
DOI:10.1016/j.trb.2012.01.006,DOI:10.1007/978-3-642-57762-8,2
DOI:10.1016/j.trb.2012.01.006,DOI:10.1016/j.trc.2018.12.013,2
DOI:10.1016/j.trb.2012.01.006,DOI:10.1016/s0965-8564(00)00032-x,2
DOI:10.1016/j.trb.2012.01.006,DOI:10.1287/trsc.1070.0200,2
"TRANSPORTATION RESEARCH BOARD, 1999, TCRP REPORT 47","[ANONYMOUS], 2003, TRANSIT CAPACITY QUA",2
DOI:10.1016/0264-2751(95)91864-c,DOI:10.1016/j.tranpol.2014.08.001,2
DOI:10.1016/j.eist.2011.02.002,DOI:10.1080/1523908x.2015.1112259,2
DOI:10.1016/j.eist.2011.02.002,DOI:10.1016/j.jtrangeo.2012.01.021,3
DOI:10.1016/j.eist.2011.02.002,DOI:10.1016/j.respol.2007.01.003,2
DOI:10.1016/j.eist.2011.02.002,DOI:10.1016/s0048-7333(02)00062-8,2
DOI:10.1016/j.eist.2011.02.002,DOI:10.1177/0263276414531627,2
DOI:10.1016/j.eist.2011.02.002,DOI:10.4324/9780203856598,2
DOI:10.1016/j.eist.2012.07.001,DOI:10.1016/j.respol.2010.01.020,2
DOI:10.1016/j.eist.2012.07.001,DOI:10.1016/j.jtrangeo.2012.01.021,2
DOI:10.1016/j.eist.2012.07.001,DOI:10.1016/j.trpro.2014.11.026,2
DOI:10.1016/j.eist.2012.07.001,DOI:10.1080/01441647.2016.1177799,3
DOI:10.1016/j.eist.2012.07.001,DOI:10.3390/su12208436,2
DOI:10.1016/j.eist.2012.07.001,DOI:10.1016/j.aap.2016.04.039,2
DOI:10.1016/j.eist.2012.07.001,DOI:10.1016/j.envint.2011.02.003,2
DOI:10.1016/j.eist.2012.07.001,DOI:10.1016/j.jth.2017.02.011,2
DOI:10.1016/j.eist.2012.07.001,DOI:10.1016/j.trf.2016.06.022,2
DOI:10.1016/j.eist.2012.07.001,DOI:10.1016/j.ypmed.2015.04.010,2
DOI:10.1016/j.eist.2012.07.001,DOI:10.1186/s12966-014-0132-x,2
DOI:10.1016/j.eist.2012.07.001,DOI:10.3390/su11010221,2
DOI:10.1016/j.eist.2012.07.001,DOI:10.3390/su11071965,2
DOI:10.1016/j.eist.2012.07.001,DOI:10.7307/ptt.v29i3.2265,2
DOI:10.1016/j.eist.2012.07.001,"EUROPEAN COMMISSION (EC), COM490 EC",2
DOI:10.1016/j.eist.2012.07.001,"EUROPEAN COMMISSION (EC), COM501 EC",2
DOI:10.1016/j.eist.2012.07.001,"EUROPEAN COMMISSION (EC), COM913 EC",2
DOI:10.1016/j.eist.2012.07.001,"GREEN G., 2014, HLTH CITIES PROMOTIN",2
DOI:10.1016/j.eist.2012.07.001,"LEP M., 2017, PROMETNA STUDIJA IZV",2
DOI:10.1016/j.eist.2012.07.001,"LEP M., 2018, PROMETNA STUDIJA IZV",2
DOI:10.1016/j.eist.2012.07.001,"MARSHALL S., 2001, PLANNING FOR A SUSTAINABLE FUTURE, P131",2
DOI:10.1016/j.eist.2012.07.001,"PLEVNIK A., 2012, PRIJAZNA MOBILNOST Z",2
DOI:10.1016/j.eist.2012.07.001,"PLEVNIK A., 2016, OKOLJE PROMET ZDRAVJ",2
DOI:10.1016/j.eist.2012.07.001,"RUPPRECHT S., 2019, GUIDELINES FOR DEVELOPING AND IMPLEMENTING A SUSTAINABLE URBAN MOBILITY PLAN, V2ND",2
DOI:10.1016/j.eist.2012.07.001,"VODNIK S, 2014, PROMETNA STUDIJA IZV",2
DOI:10.1016/j.eist.2012.07.001,"WHO, PHYS ACT KEY FACTS",2
DOI:10.1016/j.jtrangeo.2018.04.025,DOI:10.1016/j.retrec.2018.06.013,3
DOI:10.1016/j.jtrangeo.2018.04.025,DOI:10.1016/j.tra.2018.06.032,2
DOI:10.1016/j.jtrangeo.2018.04.025,DOI:10.1068/c11241,2
DOI:10.1016/j.jtrangeo.2018.04.025,DOI:10.1016/j.retrec.2014.09.029,2
DOI:10.1016/j.jtrangeo.2018.04.025,DOI:10.1080/09654313.2017.1362376,2
DOI:10.1016/j.jtrangeo.2018.04.025,DOI:10.3390/su8060542,3
DOI:10.1016/j.jtrangeo.2018.04.025,DOI:10.1016/j.cstp.2017.12.003,2
DOI:10.1016/j.jtrangeo.2018.04.025,DOI:10.1016/j.jtrangeo.2008.06.005,2
DOI:10.1016/j.jtrangeo.2018.04.025,"[ANONYMOUS], 1999, TRANSPORT POLICY",2
DOI:10.1016/j.jtrangeo.2018.04.025,DOI:10.1016/j.tra.2013.10.013,2
DOI:10.1016/j.jtrangeo.2018.04.025,DOI:10.1080/15568318.2013.821008,2
DOI:10.1016/j.respol.2010.01.020,DOI:10.3390/su9020299,2
DOI:10.1016/j.respol.2010.01.020,DOI:10.1016/j.eist.2017.05.002,2
DOI:10.1016/j.respol.2010.01.020,DOI:10.1016/j.eist.2019.01.004,2
DOI:10.1016/j.respol.2010.01.020,DOI:10.1016/j.respol.2015.09.008,2
DOI:10.1016/j.respol.2010.01.020,DOI:10.1080/01441647.2016.1177799,2
DOI:10.1016/j.respol.2010.01.020,DOI:10.2833/535670,2
DOI:10.1016/j.retrec.2018.06.013,DOI:10.1016/j.tra.2018.06.032,2
DOI:10.1016/j.retrec.2018.06.013,DOI:10.1016/j.tra.2019.09.016,2
DOI:10.1016/j.tra.2019.09.016,DOI:10.1177/1368431009349830,2
DOI:10.1016/j.tra.2019.09.016,DOI:10.1111/j.1467-9299.2009.01753.x,2
DOI:10.1016/j.tra.2019.09.016,DOI:10.3390/su7067086,2
DOI:10.1016/j.tra.2019.09.033,DOI:10.1016/j.cities.2020.103036,2
DOI:10.1016/j.tra.2019.09.033,DOI:10.1016/j.tranpol.2012.01.013,2
DOI:10.1068/a45121,DOI:10.1068/c11241,2
DOI:10.1068/c11241,DOI:10.3390/su8060542,2
DOI:10.1080/01441647.2018.1466835,DOI:10.1177/0739456x15613591,2
DOI:10.1080/01441647.2018.1466835,"MARSDEN G., 2018, GOVERNANCE OF THE SMART MOBILITY TRANSITION",2
DOI:10.1080/01441647.2018.1466835,"BHALLA KAVI., 2014, TRANSPORT HLTH GLOBA",2
DOI:10.1080/01441647.2018.1466835,"CURTIS C., 2012, I BARRIERS SUSTAINAB",2
DOI:10.1080/01441647.2018.1466835,DOI:10.1177/0042098015602649,2
DOI:10.1177/0739456x15613591,"MARSDEN G., 2018, GOVERNANCE OF THE SMART MOBILITY TRANSITION",2
"CEDER A, 2001, TRANSPORT RES REC, P28","CEVALLOS F, 2006, TRANSPORT RES REC, P74",2
"CEDER A, 2001, TRANSPORT RES REC, P28",DOI:10.1007/978-3-642-57762-8,2
"CEDER A, 2001, TRANSPORT RES REC, P28",DOI:10.1016/j.trc.2018.12.013,2
"CEDER A, 2001, TRANSPORT RES REC, P28",DOI:10.1016/s0965-8564(00)00032-x,2
"CEDER A, 2001, TRANSPORT RES REC, P28",DOI:10.1287/trsc.1070.0200,2
"CEVALLOS F, 2006, TRANSPORT RES REC, P74",DOI:10.1007/978-3-642-57762-8,2
"CEVALLOS F, 2006, TRANSPORT RES REC, P74",DOI:10.1016/j.trc.2018.12.013,2
"CEVALLOS F, 2006, TRANSPORT RES REC, P74",DOI:10.1016/s0965-8564(00)00032-x,2
"CEVALLOS F, 2006, TRANSPORT RES REC, P74",DOI:10.1287/trsc.1070.0200,2
DOI:10.1007/978-3-642-57762-8,DOI:10.1016/j.trc.2018.12.013,2
DOI:10.1007/978-3-642-57762-8,DOI:10.1016/s0965-8564(00)00032-x,2
DOI:10.1007/978-3-642-57762-8,DOI:10.1287/trsc.1070.0200,2
DOI:10.1016/j.envpol.2020.115291,DOI:10.1016/j.jth.2020.100853,3
DOI:10.1016/j.envpol.2020.115291,DOI:10.1016/j.trip.2020.100191,2
DOI:10.1016/j.envpol.2020.115291,DOI:10.1186/1471-2334-11-16,2
DOI:10.1016/j.envpol.2020.115291,"UITP, 2020, PUBL TRANSP AUTH COV",2
DOI:10.1016/j.ijtm.2005.02.001],DOI:10.1080/18128601003615535,2
DOI:10.1016/j.ijtm.2005.02.001],DOI:10.1080/23249935.2018.1458757,2
DOI:10.1016/j.ijtm.2005.02.001],DOI:10.1287/trsc.35.1.1.10143,2
DOI:10.1016/j.ijtm.2005.02.001],DOI:10.1287/trsc.35.3.215.10150,2
DOI:10.1016/j.ijtm.2005.02.001],"SUN AC, 2008, LECT NOTES ECON MATH, V600, P339",2
DOI:10.1016/j.jth.2020.100853,DOI:10.1016/j.trip.2020.100191,2
DOI:10.1016/j.jth.2020.100853,DOI:10.1186/1471-2334-11-16,2
DOI:10.1016/j.jth.2020.100853,"UITP, 2020, PUBL TRANSP AUTH COV",2
DOI:10.1016/j.tranpol.2020.08.004,DOI:10.1016/j.trip.2020.100191,2
DOI:10.1016/j.tranpol.2020.08.004,DOI:10.1093/cid/ciaa939,2
DOI:10.1016/j.trc.2018.12.013,DOI:10.1016/s0965-8564(00)00032-x,2
DOI:10.1016/j.trc.2018.12.013,DOI:10.1287/trsc.1070.0200,2
DOI:10.1016/j.trip.2020.100141,DOI:10.1016/j.trip.2020.100150,3
DOI:10.1016/j.trip.2020.100141,DOI:10.1016/j.trip.2020.100191,2
DOI:10.1016/j.trip.2020.100141,DOI:10.1186/1471-2334-11-16,3
DOI:10.1016/j.trip.2020.100141,"UITP, 2020, PUBL TRANSP AUTH COV",2
DOI:10.1016/j.trip.2020.100141,DOI:10.1016/j.tranpol.2020.07.001,2
DOI:10.1016/j.trip.2020.100150,DOI:10.1016/j.trip.2020.100191,2
DOI:10.1016/j.trip.2020.100150,DOI:10.1186/1471-2334-11-16,3
DOI:10.1016/j.trip.2020.100150,"UITP, 2020, PUBL TRANSP AUTH COV",2
DOI:10.1016/j.trip.2020.100150,DOI:10.1016/j.jvb.2020.103442,2
DOI:10.1016/j.trip.2020.100150,DOI:10.1016/j.tranpol.2020.07.001,3
DOI:10.1016/j.trip.2020.100150,DOI:10.1016/j.trip.2020.100216,2
DOI:10.1016/j.trip.2020.100150,DOI:10.3390/su12093870,2
DOI:10.1016/j.trip.2020.100150,"PARADY G, 2020, TRANSP RES INTERDISC, V7, DOI [10.2139/SSRN.3618769, 10.1016/J.TRIP.2020.100181]",2
DOI:10.1016/j.trip.2020.100191,DOI:10.1016/s0140-6736(20)30845-x,2
DOI:10.1016/j.trip.2020.100191,DOI:10.1093/cid/ciaa939,2
DOI:10.1016/j.trip.2020.100191,DOI:10.1186/1471-2334-11-16,2
DOI:10.1016/j.trip.2020.100191,DOI:10.1080/01441647.2020.1857886,3
DOI:10.1016/j.trip.2020.100191,DOI:10.1016/j.jenvman.2021.112166,2
DOI:10.1016/j.trip.2020.100191,DOI:10.1016/j.jtrangeo.2021.103167,2
DOI:10.1016/j.trip.2020.100191,DOI:10.3390/su13010364,2
DOI:10.1016/j.trip.2020.100191,DOI:10.1007/s12469-018-0190-6,2
DOI:10.1016/j.trip.2020.100191,DOI:10.1016/j.tranpol.2020.07.001,2
DOI:10.1016/s0965-8564(00)00032-x,DOI:10.1287/trsc.1070.0200,2
DOI:10.1061/(asce)0733-9488(2002)128:4(225),DOI:10.1016/j.jtrangeo.2011.10.001,2
DOI:10.1061/(asce)0733-9488(2002)128:4(225),DOI:10.1016/s0277-9536(01)00212-x,2
DOI:10.1061/(asce)0733-9488(2002)128:4(225),DOI:10.1068/b33043,2
DOI:10.1061/(asce)0733-9488(2002)128:4(225),DOI:10.1080/13658810802646679,2
DOI:10.1061/(asce)0733-9488(2002)128:4(225),DOI:10.3141/1835-05,2
DOI:10.1061/(asce)0733-9488(2002)128:4(225),DOI:10.5038/2375-0901.10.2.5,2
DOI:10.1061/(asce)0733-9488(2002)128:4(225),"KIMPEL THOMASJ., 2007, URISA JOURNAL, V19, P5",2
DOI:10.1061/(asce)0733-9488(2002)128:4(225),"[ANONYMOUS], 2011, VISUM 11 52 FUND VIS",2
DOI:10.1080/18128601003615535,DOI:10.1080/23249935.2018.1458757,2
DOI:10.1080/18128601003615535,DOI:10.1287/trsc.35.1.1.10143,2
DOI:10.1080/18128601003615535,DOI:10.1287/trsc.35.3.215.10150,2
DOI:10.1080/18128601003615535,"SUN AC, 2008, LECT NOTES ECON MATH, V600, P339",2
DOI:10.1080/23249935.2018.1458757,DOI:10.1287/trsc.35.1.1.10143,2
DOI:10.1080/23249935.2018.1458757,DOI:10.1287/trsc.35.3.215.10150,2
DOI:10.1080/23249935.2018.1458757,"SUN AC, 2008, LECT NOTES ECON MATH, V600, P339",2
DOI:10.1186/1471-2334-11-16,"UITP, 2020, PUBL TRANSP AUTH COV",3
DOI:10.1186/1471-2334-11-16,DOI:10.1016/j.trip.2020.100151,2
DOI:10.1186/1471-2334-11-16,DOI:10.1016/j.trip.2020.100242,2
DOI:10.1186/1471-2334-11-16,DOI:10.17226/22414,2
DOI:10.1186/1471-2334-11-16,DOI:10.1016/j.tranpol.2020.07.001,2
DOI:10.1287/trsc.35.1.1.10143,DOI:10.1287/trsc.35.3.215.10150,2
DOI:10.1287/trsc.35.1.1.10143,"SUN AC, 2008, LECT NOTES ECON MATH, V600, P339",2
DOI:10.1287/trsc.35.3.215.10150,"SUN AC, 2008, LECT NOTES ECON MATH, V600, P339",2
"UITP, 2020, PUBL TRANSP AUTH COV",DOI:10.1016/j.trip.2020.100242,2
DOI:10.1016/j.jtrangeo.2023.103629,DOI:10.3390/smartcities4010006,2
DOI:10.1016/j.tranpol.2012.01.013,DOI:10.1007/s11116-012-9388-7,2
DOI:10.1016/j.tranpol.2012.01.013,DOI:10.1007/s11116-015-9585-2,3
DOI:10.1016/j.tranpol.2012.01.013,DOI:10.1016/j.cities.2019.01.031,2
DOI:10.1016/j.tranpol.2012.01.013,DOI:10.1016/j.cstp.2020.09.007,2
DOI:10.1016/j.tranpol.2012.01.013,DOI:10.1016/j.jtrangeo.2017.08.017,2
DOI:10.1016/j.tranpol.2012.01.013,DOI:10.1016/j.jtrangeo.2022.103309,2
DOI:10.1016/j.tranpol.2012.01.013,DOI:10.1016/j.tra.2012.01.004,2
DOI:10.1016/j.tranpol.2012.01.013,DOI:10.1080/01441647.2020.1711828,3
DOI:10.1016/j.tranpol.2012.01.013,DOI:10.1515/auk-2006-0207,2
DOI:10.1016/j.tranpol.2012.01.013,DOI:10.3390/su11071965,2
DOI:10.1016/j.tranpol.2012.01.013,DOI:10.5070/bp319111486,3
DOI:10.1016/j.tranpol.2012.01.013,"VAN WEE B, 2011, EUR J TRANSP INFRAST, V11, P350",3
DOI:10.1016/j.tranpol.2012.01.013,DOI:10.1016/j.jtrangeo.2016.02.001,2
DOI:10.1016/j.tranpol.2012.01.013,DOI:10.1016/j.tra.2015.02.012,2
DOI:10.1016/j.tranpol.2012.01.013,DOI:10.1016/j.tranpol.2014.09.013,3
DOI:10.1016/j.tranpol.2012.01.013,DOI:10.1016/j.jtrangeo.2012.04.014,2
DOI:10.1016/j.tranpol.2012.01.013,DOI:10.1680/muen.2003.156.2.81,2
DOI:10.1016/j.tranpol.2012.01.013,DOI:10.1007/s12062-016-9168-9,2
DOI:10.1016/j.tranpol.2012.01.013,DOI:10.1016/j.cstp.2018.09.011,2
DOI:10.1016/j.tranpol.2012.01.013,"UNITED NATIONS HUMAN SETTLEMENTS PROGRAMME, 2013, PLANN DES SUST URB M",2
DOI:10.1016/j.tranpol.2012.01.013,DOI:10.1016/j.jtrangeo.2012.12.008,2
DOI:10.1016/j.tranpol.2012.01.013,DOI:10.1016/j.tra.2016.07.003,2
DOI:10.1016/j.tranpol.2012.01.013,DOI:10.1016/j.jtrangeo.2004.10.002],2
DOI:10.1016/j.tranpol.2012.01.013,DOI:10.1016/j.retrec.2009.11.002,3
DOI:10.1016/j.tranpol.2012.01.013,DOI:10.1016/s0966-6923(02)00012-1,3
DOI:10.1016/j.tranpol.2012.01.013,DOI:10.1111/j.1467-954x.2005.00565.x,3
DOI:10.1016/j.tranpol.2012.01.013,DOI:10.1016/j.erss.2016.03.026,2
DOI:10.1016/j.tranpol.2012.01.013,DOI:10.1016/j.oneear.2020.01.013,2
DOI:10.1016/j.tranpol.2012.01.013,DOI:10.1080/15568318.2012.660103,2
DOI:10.1016/j.tranpol.2012.01.013,DOI:10.3390/su10124342,2
DOI:10.1016/j.tranpol.2012.01.013,DOI:10.1016/j.tra.2013.03.004,2
DOI:10.1016/j.tranpol.2012.01.013,DOI:10.1068/a37268,2
DOI:10.1016/j.tranpol.2012.01.013,DOI:10.1080/01944366908977225,2
DOI:10.1016/j.tranpol.2012.01.013,DOI:10.1016/j.jtrangeo.2020.102798,2
DOI:10.1016/j.tranpol.2012.01.013,DOI:10.1177/08854122211012898,2
DOI:10.1016/j.tranpol.2012.01.013,DOI:10.1680/jtran.15.00073,2
DOI:10.1016/j.tranpol.2012.01.013,"LODOVICI M.S., 2015, SOCIAL INCLUSION IN EU PUBLIC TRANSPORT",2
DOI:10.1016/j.tranpol.2012.01.013,"SHELLER MIMI., 2018, MOBILITY JUSTICE POL",2
DOI:10.1080/09654319608720367,"BANISTER D., 2005, UNSUSTAINABLE TRANSP",2
DOI:10.1177/0951692894006001002,"CHRISTENSEN T., 2007, TCENDING NEW PUBLIC",2
DOI:10.1177/0951692894006001002,DOI:10.1016/j.tra.2008.05.006,2
DOI:10.1177/0951692894006001002,DOI:10.1080/09540962.2016.1103410,2
DOI:10.1177/0951692894006001002,DOI:10.1108/ijpsm-01-2015-0009,2
DOI:10.1177/0951692894006001002,"INNO-V KCW REBELGROUP NEA TOI SDB, 2008, CONTR URB PUBL TRANS",2
DOI:10.1016/j.tranpol.2016.07.007,DOI:10.1016/j.cstp.2017.12.003,2
DOI:10.1016/j.tranpol.2016.07.007,DOI:10.1016/j.retrec.2014.09.026,2
DOI:10.1080/0964401042000310178,DOI:10.1080/13597560701691912,2
DOI:10.1080/0964401042000310178,DOI:10.1080/15239080701631544,2
DOI:10.1680/muen.2004.157.1.47,"BECKER A.J., 1999, TRANSPORTATION RESEARCH RECORD, V1666, P3",2
DOI:10.1680/muen.2004.157.1.47,DOI:10.1007/s12198-011-0072-5,2
DOI:10.1680/muen.2004.157.1.47,DOI:10.1016/j.jenvp.2007.04.001,2
DOI:10.1680/muen.2004.157.1.47,DOI:10.1016/j.jtrangeo.2011.12.003,2
DOI:10.1680/muen.2004.157.1.47,DOI:10.1016/j.tra.2005.05.001,2
DOI:10.1680/muen.2004.157.1.47,DOI:10.1016/j.tra.2010.11.002,2
DOI:10.1680/muen.2004.157.1.47,DOI:10.1080/01441640902811304,2
DOI:10.1680/muen.2004.157.1.47,DOI:10.1080/01441649008716748,2
DOI:10.1680/muen.2004.157.1.47,DOI:10.1177/0013916506294032,2
DOI:10.1680/muen.2004.157.1.47,DOI:10.1680/muen.2009.162.3.149,2
DOI:10.1680/muen.2004.157.1.47,DOI:10.3141/1872-02,2
DOI:10.1680/muen.2004.157.1.47,DOI:10.3141/2034-05,2
DOI:10.1680/muen.2004.157.1.47,DOI:10.3141/2112-14,2
DOI:10.1680/muen.2004.157.1.47,DOI:10.3141/2215-01,2
DOI:10.1680/muen.2004.157.1.47,"EBOLI L., 2012, EUROPEAN TRANSPORT - TRANSPORTI EUROPEI, V51, P1",2
DOI:10.1680/muen.2004.157.1.47,"[ANONYMOUS], 2011, SOCIAL RES ISSUES ME",2
DOI:10.1680/muen.2004.157.1.47,"[陈旭梅 CHEN XUMEI], 2011, [交通运输系统工程与信息, JOURNAL OF TRANSPORATION SYSTEMS ENGINEERING & INFORMATION TECHNOLOGY], V11, P77",2
DOI:10.1257/aer.99.3.700,DOI:10.1007/s10273-022-3313-2],2
DOI:10.1257/aer.99.3.700,DOI:10.1016/j.jue.2011.08.002,2
DOI:10.1257/aer.99.3.700,DOI:10.1016/j.tra.2008.03.009,3
DOI:10.1257/aer.99.3.700,DOI:10.1016/j.tranpol.2024.02.003,2
DOI:10.1257/aer.99.3.700,DOI:10.1257/pol.6.4.1,3
DOI:10.1257/aer.99.3.700,DOI:10.1016/j.tra.2011.09.006,2
DOI:10.1016/s0019-9958(65)90241-x,DOI:10.1016/0165-0114(85)90090-9,2
DOI:10.1016/s0019-9958(65)90241-x,"CHEN SJ, 1992, LECT NOTES ECON MATH, V375, P1",2
DOI:10.1016/s0019-9958(65)90241-x,DOI:10.1016/j.asoc.2020.106920,2
DOI:10.1016/s0019-9958(65)90241-x,DOI:10.1016/j.eswa.2011.04.005,2
DOI:10.1016/s0019-9958(65)90241-x,DOI:10.1007/s13042-020-01197-1,2
DOI:10.1016/s0019-9958(65)90241-x,DOI:10.1007/s40747-020-00251-3,2
DOI:10.1002/hbe2.195,DOI:10.1016/j.trip.2022.100742,2
DOI:10.1002/hbe2.195,DOI:10.1016/j.trpro.2020.08.117],2
DOI:10.1007/978-3-030-58820-5_45,DOI:10.1016/j.trd.2020.102465,2
DOI:10.1007/978-3-030-58820-5_45,DOI:10.1016/j.cstp.2020.08.005,3
DOI:10.1007/978-3-030-58820-5_45,DOI:10.1016/j.jenvp.2008.10.004,2
DOI:10.1007/978-3-030-58820-5_45,DOI:10.1016/j.tranpol.2018.07.001,2
DOI:10.1007/978-3-030-58820-5_45,DOI:10.3390/su12208436,2
DOI:10.1007/978-3-030-58820-5_45,"[ANONYMOUS], 2011, EUROPEAN COMMISSION",2
DOI:10.1016/j.jtte.2020.05.005,DOI:10.4467/2353737xct.18.088.8693,2
DOI:10.1016/j.jtte.2020.05.005,DOI:10.5604/01.3001.0012.2107],2
DOI:10.1016/j.tbs.2017.04.003,DOI:10.1016/j.tra.2017.04.008,2
DOI:10.1016/j.tbs.2017.04.003,DOI:10.1016/j.tre.2019.11.004,2
DOI:10.1016/j.tbs.2017.04.003,DOI:10.3969/j.issn.1001-0505.2018.02.029,2
DOI:10.1016/j.tbs.2023.100613,DOI:10.1016/j.tra.2022.10.003,2
DOI:10.1016/j.tra.2017.04.008,DOI:10.1016/j.tre.2019.11.004,2
DOI:10.1016/j.tra.2017.04.008,DOI:10.3969/j.issn.1001-0505.2018.02.029,2
DOI:10.1016/j.trd.2020.102465,DOI:10.1016/j.tranpol.2018.07.001,2
DOI:10.1016/j.trd.2020.102465,DOI:10.1016/j.tra.2016.12.001,2
DOI:10.1016/j.trd.2020.102465,DOI:10.1016/j.cstp.2014.09.001,2
DOI:10.1016/j.trd.2020.102465,DOI:10.1080/19463138.2011.607166,2
DOI:10.1016/j.trd.2020.102465,DOI:10.1016/j.retrec.2016.04.008,2
DOI:10.1016/j.trd.2020.102465,"[ANONYMOUS], 2013, GUIDELINES. DEVELOPING AND IMPLEMENTING A SUSTAINABLE URBAN MOBILITY PLAN",2
DOI:10.1016/j.tre.2019.11.004,DOI:10.3969/j.issn.1001-0505.2018.02.029,2
DOI:10.1016/j.trip.2022.100742,DOI:10.1016/j.trpro.2020.08.117],2
DOI:10.1016/j.trip.2022.100742,DOI:10.1051/matecconf/20164703008,2
DOI:10.1016/j.trpro.2020.08.117],"AJZEN I., 2006, CONSTRUCTING A THEORY OF PLANNED BEHAVIOR QUESTIONNAIRE",2
DOI:10.1016/j.trpro.2020.08.117],"BROHI S., 2021, INT J EMERG TECHNOL, V12, P317",2
DOI:10.1016/j.trpro.2020.08.117],DOI:10.1016/j.cstp.2019.11.001,2
DOI:10.1016/j.trpro.2020.08.117],DOI:10.1051/matecconf/20164703008,2
DOI:10.1016/j.trpro.2020.08.117],DOI:10.1111/j.1559-1816.1998.tb01685.x,2
DOI:10.1016/j.trpro.2020.08.117],DOI:10.1007/s11116-016-9692-8,2
DOI:10.1016/j.trpro.2020.08.117],DOI:10.3390/ijerph14121593,2
DOI:10.1068/a37268,DOI:10.1080/01944366908977225,2
DOI:10.1016/j.tra.2012.01.004,DOI:10.1515/auk-2006-0207,2
DOI:10.1016/j.tra.2012.01.004,DOI:10.5070/bp319111486,2
"BECKER A.J., 1999, TRANSPORTATION RESEARCH RECORD, V1666, P3",DOI:10.1007/s12198-011-0072-5,2
"BECKER A.J., 1999, TRANSPORTATION RESEARCH RECORD, V1666, P3",DOI:10.1016/j.jenvp.2007.04.001,2
"BECKER A.J., 1999, TRANSPORTATION RESEARCH RECORD, V1666, P3",DOI:10.1016/j.jtrangeo.2011.12.003,2
"BECKER A.J., 1999, TRANSPORTATION RESEARCH RECORD, V1666, P3",DOI:10.1016/j.tra.2005.05.001,2
"BECKER A.J., 1999, TRANSPORTATION RESEARCH RECORD, V1666, P3",DOI:10.1016/j.tra.2010.11.002,2
"BECKER A.J., 1999, TRANSPORTATION RESEARCH RECORD, V1666, P3",DOI:10.1080/01441640902811304,2
"BECKER A.J., 1999, TRANSPORTATION RESEARCH RECORD, V1666, P3",DOI:10.1080/01441649008716748,2
"BECKER A.J., 1999, TRANSPORTATION RESEARCH RECORD, V1666, P3",DOI:10.1177/0013916506294032,2
"BECKER A.J., 1999, TRANSPORTATION RESEARCH RECORD, V1666, P3",DOI:10.1680/muen.2009.162.3.149,2
"BECKER A.J., 1999, TRANSPORTATION RESEARCH RECORD, V1666, P3",DOI:10.3141/1872-02,2
"BECKER A.J., 1999, TRANSPORTATION RESEARCH RECORD, V1666, P3",DOI:10.3141/2034-05,2
"BECKER A.J., 1999, TRANSPORTATION RESEARCH RECORD, V1666, P3",DOI:10.3141/2112-14,2
"BECKER A.J., 1999, TRANSPORTATION RESEARCH RECORD, V1666, P3",DOI:10.3141/2215-01,2
"BECKER A.J., 1999, TRANSPORTATION RESEARCH RECORD, V1666, P3","EBOLI L., 2012, EUROPEAN TRANSPORT - TRANSPORTI EUROPEI, V51, P1",2
"BECKER A.J., 1999, TRANSPORTATION RESEARCH RECORD, V1666, P3","[ANONYMOUS], 2011, SOCIAL RES ISSUES ME",2
"BECKER A.J., 1999, TRANSPORTATION RESEARCH RECORD, V1666, P3","[陈旭梅 CHEN XUMEI], 2011, [交通运输系统工程与信息, JOURNAL OF TRANSPORATION SYSTEMS ENGINEERING & INFORMATION TECHNOLOGY], V11, P77",2
DOI:10.1007/s12198-011-0072-5,DOI:10.1016/j.jenvp.2007.04.001,2
DOI:10.1007/s12198-011-0072-5,DOI:10.1016/j.jtrangeo.2011.12.003,2
DOI:10.1007/s12198-011-0072-5,DOI:10.1016/j.tra.2005.05.001,2
DOI:10.1007/s12198-011-0072-5,DOI:10.1016/j.tra.2010.11.002,2
DOI:10.1007/s12198-011-0072-5,DOI:10.1080/01441640902811304,2
DOI:10.1007/s12198-011-0072-5,DOI:10.1080/01441649008716748,2
DOI:10.1007/s12198-011-0072-5,DOI:10.1177/0013916506294032,2
DOI:10.1007/s12198-011-0072-5,DOI:10.1680/muen.2009.162.3.149,2
DOI:10.1007/s12198-011-0072-5,DOI:10.3141/1872-02,2
DOI:10.1007/s12198-011-0072-5,DOI:10.3141/2034-05,2
DOI:10.1007/s12198-011-0072-5,DOI:10.3141/2112-14,2
DOI:10.1007/s12198-011-0072-5,DOI:10.3141/2215-01,2
DOI:10.1007/s12198-011-0072-5,"EBOLI L., 2012, EUROPEAN TRANSPORT - TRANSPORTI EUROPEI, V51, P1",2
DOI:10.1007/s12198-011-0072-5,"[ANONYMOUS], 2011, SOCIAL RES ISSUES ME",2
DOI:10.1007/s12198-011-0072-5,"[陈旭梅 CHEN XUMEI], 2011, [交通运输系统工程与信息, JOURNAL OF TRANSPORATION SYSTEMS ENGINEERING & INFORMATION TECHNOLOGY], V11, P77",2
DOI:10.1016/j.jenvp.2007.04.001,DOI:10.1016/j.jtrangeo.2011.12.003,2
DOI:10.1016/j.jenvp.2007.04.001,DOI:10.1016/j.tra.2005.05.001,2
DOI:10.1016/j.jenvp.2007.04.001,DOI:10.1016/j.tra.2010.11.002,2
DOI:10.1016/j.jenvp.2007.04.001,DOI:10.1080/01441640902811304,2
DOI:10.1016/j.jenvp.2007.04.001,DOI:10.1080/01441649008716748,2
DOI:10.1016/j.jenvp.2007.04.001,DOI:10.1177/0013916506294032,2
DOI:10.1016/j.jenvp.2007.04.001,DOI:10.1680/muen.2009.162.3.149,2
DOI:10.1016/j.jenvp.2007.04.001,DOI:10.3141/1872-02,2
DOI:10.1016/j.jenvp.2007.04.001,DOI:10.3141/2034-05,2
DOI:10.1016/j.jenvp.2007.04.001,DOI:10.3141/2112-14,2
DOI:10.1016/j.jenvp.2007.04.001,DOI:10.3141/2215-01,2
DOI:10.1016/j.jenvp.2007.04.001,"EBOLI L., 2012, EUROPEAN TRANSPORT - TRANSPORTI EUROPEI, V51, P1",2
DOI:10.1016/j.jenvp.2007.04.001,"[ANONYMOUS], 2011, SOCIAL RES ISSUES ME",2
DOI:10.1016/j.jenvp.2007.04.001,"[陈旭梅 CHEN XUMEI], 2011, [交通运输系统工程与信息, JOURNAL OF TRANSPORATION SYSTEMS ENGINEERING & INFORMATION TECHNOLOGY], V11, P77",2
DOI:10.1016/j.jenvp.2007.04.001,DOI:10.1002/(sici)1099-0992(199709/10)27:5<539::aid-ejsp831>3.3.co;2-1,2
DOI:10.1016/j.jenvp.2007.04.001,DOI:10.1016/s0065-2601(08)60358-5,2
DOI:10.1016/j.jenvp.2007.04.001,DOI:10.1177/0013916502250134,2
DOI:10.1016/j.jenvp.2007.04.001,DOI:10.20982/tqmp.09.2.p079,2
DOI:10.1016/j.jenvp.2007.04.001,DOI:10.1111/j.1559-1816.2010.00600.x,2
DOI:10.1016/j.jenvp.2007.04.001,DOI:10.1007/s11116-015-9625-y,2
DOI:10.1016/j.jenvp.2007.04.001,DOI:10.1007/s11165-016-9602-2,2
DOI:10.1016/j.jenvp.2007.04.001,DOI:10.1016/j.cstp.2020.10.012,2
DOI:10.1016/j.jenvp.2007.04.001,DOI:10.1016/s0191-2615(01)00046-7,2
DOI:10.1016/j.jtrangeo.2011.12.003,DOI:10.1016/j.tra.2005.05.001,2
DOI:10.1016/j.jtrangeo.2011.12.003,DOI:10.1016/j.tra.2010.11.002,2
DOI:10.1016/j.jtrangeo.2011.12.003,DOI:10.1080/01441640902811304,2
DOI:10.1016/j.jtrangeo.2011.12.003,DOI:10.1080/01441649008716748,2
DOI:10.1016/j.jtrangeo.2011.12.003,DOI:10.1177/0013916506294032,2
DOI:10.1016/j.jtrangeo.2011.12.003,DOI:10.1680/muen.2009.162.3.149,2
DOI:10.1016/j.jtrangeo.2011.12.003,DOI:10.3141/1872-02,2
DOI:10.1016/j.jtrangeo.2011.12.003,DOI:10.3141/2034-05,2
DOI:10.1016/j.jtrangeo.2011.12.003,DOI:10.3141/2112-14,2
DOI:10.1016/j.jtrangeo.2011.12.003,DOI:10.3141/2215-01,2
DOI:10.1016/j.jtrangeo.2011.12.003,"EBOLI L., 2012, EUROPEAN TRANSPORT - TRANSPORTI EUROPEI, V51, P1",2
DOI:10.1016/j.jtrangeo.2011.12.003,"[ANONYMOUS], 2011, SOCIAL RES ISSUES ME",2
DOI:10.1016/j.jtrangeo.2011.12.003,"[陈旭梅 CHEN XUMEI], 2011, [交通运输系统工程与信息, JOURNAL OF TRANSPORATION SYSTEMS ENGINEERING & INFORMATION TECHNOLOGY], V11, P77",2
DOI:10.1016/j.tra.2005.05.001,DOI:10.1016/j.tra.2010.11.002,2
DOI:10.1016/j.tra.2005.05.001,DOI:10.1080/01441640902811304,2
DOI:10.1016/j.tra.2005.05.001,DOI:10.1080/01441649008716748,2
DOI:10.1016/j.tra.2005.05.001,DOI:10.1177/0013916506294032,2
DOI:10.1016/j.tra.2005.05.001,DOI:10.1680/muen.2009.162.3.149,2
DOI:10.1016/j.tra.2005.05.001,DOI:10.3141/1872-02,2
DOI:10.1016/j.tra.2005.05.001,DOI:10.3141/2034-05,2
DOI:10.1016/j.tra.2005.05.001,DOI:10.3141/2112-14,2
DOI:10.1016/j.tra.2005.05.001,DOI:10.3141/2215-01,2
DOI:10.1016/j.tra.2005.05.001,"EBOLI L., 2012, EUROPEAN TRANSPORT - TRANSPORTI EUROPEI, V51, P1",2
DOI:10.1016/j.tra.2005.05.001,"[ANONYMOUS], 2011, SOCIAL RES ISSUES ME",2
DOI:10.1016/j.tra.2005.05.001,"[陈旭梅 CHEN XUMEI], 2011, [交通运输系统工程与信息, JOURNAL OF TRANSPORATION SYSTEMS ENGINEERING & INFORMATION TECHNOLOGY], V11, P77",2
DOI:10.1016/j.tra.2010.11.002,DOI:10.1080/01441640902811304,3
DOI:10.1016/j.tra.2010.11.002,DOI:10.1080/01441649008716748,2
DOI:10.1016/j.tra.2010.11.002,DOI:10.1177/0013916506294032,2
DOI:10.1016/j.tra.2010.11.002,DOI:10.1680/muen.2009.162.3.149,2
DOI:10.1016/j.tra.2010.11.002,DOI:10.3141/1872-02,2
DOI:10.1016/j.tra.2010.11.002,DOI:10.3141/2034-05,2
DOI:10.1016/j.tra.2010.11.002,DOI:10.3141/2112-14,2
DOI:10.1016/j.tra.2010.11.002,DOI:10.3141/2215-01,2
DOI:10.1016/j.tra.2010.11.002,"EBOLI L., 2012, EUROPEAN TRANSPORT - TRANSPORTI EUROPEI, V51, P1",2
DOI:10.1016/j.tra.2010.11.002,"[ANONYMOUS], 2011, SOCIAL RES ISSUES ME",2
DOI:10.1016/j.tra.2010.11.002,"[陈旭梅 CHEN XUMEI], 2011, [交通运输系统工程与信息, JOURNAL OF TRANSPORATION SYSTEMS ENGINEERING & INFORMATION TECHNOLOGY], V11, P77",2
DOI:10.1016/j.tra.2010.11.002,DOI:10.1016/j.tranpol.2015.11.008,2
DOI:10.1080/01441640902811304,DOI:10.1080/01441649008716748,2
DOI:10.1080/01441640902811304,DOI:10.1177/0013916506294032,2
DOI:10.1080/01441640902811304,DOI:10.1680/muen.2009.162.3.149,2
DOI:10.1080/01441640902811304,DOI:10.3141/1872-02,2
DOI:10.1080/01441640902811304,DOI:10.3141/2034-05,2
DOI:10.1080/01441640902811304,DOI:10.3141/2112-14,2
DOI:10.1080/01441640902811304,DOI:10.3141/2215-01,2
DOI:10.1080/01441640902811304,"EBOLI L., 2012, EUROPEAN TRANSPORT - TRANSPORTI EUROPEI, V51, P1",2
DOI:10.1080/01441640902811304,"[ANONYMOUS], 2011, SOCIAL RES ISSUES ME",2
DOI:10.1080/01441640902811304,"[陈旭梅 CHEN XUMEI], 2011, [交通运输系统工程与信息, JOURNAL OF TRANSPORATION SYSTEMS ENGINEERING & INFORMATION TECHNOLOGY], V11, P77",2
DOI:10.1080/01441649008716748,DOI:10.1177/0013916506294032,2
DOI:10.1080/01441649008716748,DOI:10.1680/muen.2009.162.3.149,2
DOI:10.1080/01441649008716748,DOI:10.3141/1872-02,2
DOI:10.1080/01441649008716748,DOI:10.3141/2034-05,2
DOI:10.1080/01441649008716748,DOI:10.3141/2112-14,2
DOI:10.1080/01441649008716748,DOI:10.3141/2215-01,2
DOI:10.1080/01441649008716748,"EBOLI L., 2012, EUROPEAN TRANSPORT - TRANSPORTI EUROPEI, V51, P1",2
DOI:10.1080/01441649008716748,"[ANONYMOUS], 2011, SOCIAL RES ISSUES ME",2
DOI:10.1080/01441649008716748,"[陈旭梅 CHEN XUMEI], 2011, [交通运输系统工程与信息, JOURNAL OF TRANSPORATION SYSTEMS ENGINEERING & INFORMATION TECHNOLOGY], V11, P77",2
DOI:10.1177/0013916506294032,DOI:10.1680/muen.2009.162.3.149,2
DOI:10.1177/0013916506294032,DOI:10.3141/1872-02,2
DOI:10.1177/0013916506294032,DOI:10.3141/2034-05,2
DOI:10.1177/0013916506294032,DOI:10.3141/2112-14,2
DOI:10.1177/0013916506294032,DOI:10.3141/2215-01,2
DOI:10.1177/0013916506294032,"EBOLI L., 2012, EUROPEAN TRANSPORT - TRANSPORTI EUROPEI, V51, P1",2
DOI:10.1177/0013916506294032,"[ANONYMOUS], 2011, SOCIAL RES ISSUES ME",2
DOI:10.1177/0013916506294032,"[陈旭梅 CHEN XUMEI], 2011, [交通运输系统工程与信息, JOURNAL OF TRANSPORATION SYSTEMS ENGINEERING & INFORMATION TECHNOLOGY], V11, P77",2
DOI:10.1680/muen.2009.162.3.149,DOI:10.3141/1872-02,2
DOI:10.1680/muen.2009.162.3.149,DOI:10.3141/2034-05,2
DOI:10.1680/muen.2009.162.3.149,DOI:10.3141/2112-14,2
DOI:10.1680/muen.2009.162.3.149,DOI:10.3141/2215-01,2
DOI:10.1680/muen.2009.162.3.149,"EBOLI L., 2012, EUROPEAN TRANSPORT - TRANSPORTI EUROPEI, V51, P1",2
DOI:10.1680/muen.2009.162.3.149,"[ANONYMOUS], 2011, SOCIAL RES ISSUES ME",2
DOI:10.1680/muen.2009.162.3.149,"[陈旭梅 CHEN XUMEI], 2011, [交通运输系统工程与信息, JOURNAL OF TRANSPORATION SYSTEMS ENGINEERING & INFORMATION TECHNOLOGY], V11, P77",2
DOI:10.3141/1872-02,DOI:10.3141/2034-05,2
DOI:10.3141/1872-02,DOI:10.3141/2112-14,2
DOI:10.3141/1872-02,DOI:10.3141/2215-01,2
DOI:10.3141/1872-02,"EBOLI L., 2012, EUROPEAN TRANSPORT - TRANSPORTI EUROPEI, V51, P1",2
DOI:10.3141/1872-02,"[ANONYMOUS], 2011, SOCIAL RES ISSUES ME",2
DOI:10.3141/1872-02,"[陈旭梅 CHEN XUMEI], 2011, [交通运输系统工程与信息, JOURNAL OF TRANSPORATION SYSTEMS ENGINEERING & INFORMATION TECHNOLOGY], V11, P77",2
DOI:10.3141/2034-05,DOI:10.3141/2112-14,2
DOI:10.3141/2034-05,DOI:10.3141/2215-01,2
DOI:10.3141/2034-05,"EBOLI L., 2012, EUROPEAN TRANSPORT - TRANSPORTI EUROPEI, V51, P1",2
DOI:10.3141/2034-05,"[ANONYMOUS], 2011, SOCIAL RES ISSUES ME",2
DOI:10.3141/2034-05,"[陈旭梅 CHEN XUMEI], 2011, [交通运输系统工程与信息, JOURNAL OF TRANSPORATION SYSTEMS ENGINEERING & INFORMATION TECHNOLOGY], V11, P77",2
DOI:10.3141/2112-14,DOI:10.3141/2215-01,2
DOI:10.3141/2112-14,"EBOLI L., 2012, EUROPEAN TRANSPORT - TRANSPORTI EUROPEI, V51, P1",2
DOI:10.3141/2112-14,"[ANONYMOUS], 2011, SOCIAL RES ISSUES ME",2
DOI:10.3141/2112-14,"[陈旭梅 CHEN XUMEI], 2011, [交通运输系统工程与信息, JOURNAL OF TRANSPORATION SYSTEMS ENGINEERING & INFORMATION TECHNOLOGY], V11, P77",2
DOI:10.3141/2215-01,"EBOLI L., 2012, EUROPEAN TRANSPORT - TRANSPORTI EUROPEI, V51, P1",2
DOI:10.3141/2215-01,"[ANONYMOUS], 2011, SOCIAL RES ISSUES ME",2
DOI:10.3141/2215-01,"[陈旭梅 CHEN XUMEI], 2011, [交通运输系统工程与信息, JOURNAL OF TRANSPORATION SYSTEMS ENGINEERING & INFORMATION TECHNOLOGY], V11, P77",2
"EBOLI L., 2012, EUROPEAN TRANSPORT - TRANSPORTI EUROPEI, V51, P1","[ANONYMOUS], 2011, SOCIAL RES ISSUES ME",2
"EBOLI L., 2012, EUROPEAN TRANSPORT - TRANSPORTI EUROPEI, V51, P1","[陈旭梅 CHEN XUMEI], 2011, [交通运输系统工程与信息, JOURNAL OF TRANSPORATION SYSTEMS ENGINEERING & INFORMATION TECHNOLOGY], V11, P77",2
"[ANONYMOUS], 2011, SOCIAL RES ISSUES ME","[陈旭梅 CHEN XUMEI], 2011, [交通运输系统工程与信息, JOURNAL OF TRANSPORATION SYSTEMS ENGINEERING & INFORMATION TECHNOLOGY], V11, P77",2
DOI:10.1016/j.jtrangeo.2011.10.001,DOI:10.1016/s0277-9536(01)00212-x,2
DOI:10.1016/j.jtrangeo.2011.10.001,DOI:10.1068/b33043,2
DOI:10.1016/j.jtrangeo.2011.10.001,DOI:10.1080/13658810802646679,2
DOI:10.1016/j.jtrangeo.2011.10.001,DOI:10.3141/1835-05,2
DOI:10.1016/j.jtrangeo.2011.10.001,DOI:10.5038/2375-0901.10.2.5,2
DOI:10.1016/j.jtrangeo.2011.10.001,"KIMPEL THOMASJ., 2007, URISA JOURNAL, V19, P5",2
DOI:10.1016/j.jtrangeo.2011.10.001,"[ANONYMOUS], 2011, VISUM 11 52 FUND VIS",2
DOI:10.1016/j.jtrangeo.2011.10.001,"BHAT C., 2000, ACCESSIBILITY MEASUR",2
DOI:10.1016/j.jtrangeo.2011.10.001,DOI:10.1016/j.jtrangeo.2009.02.002,2
DOI:10.1016/j.jtrangeo.2011.10.001,DOI:10.1068/a291175,2
DOI:10.1016/s0277-9536(01)00212-x,DOI:10.1068/b33043,2
DOI:10.1016/s0277-9536(01)00212-x,DOI:10.1080/13658810802646679,2
DOI:10.1016/s0277-9536(01)00212-x,DOI:10.3141/1835-05,2
DOI:10.1016/s0277-9536(01)00212-x,DOI:10.5038/2375-0901.10.2.5,2
DOI:10.1016/s0277-9536(01)00212-x,"KIMPEL THOMASJ., 2007, URISA JOURNAL, V19, P5",2
DOI:10.1016/s0277-9536(01)00212-x,"[ANONYMOUS], 2011, VISUM 11 52 FUND VIS",2
DOI:10.1068/b33043,DOI:10.1080/13658810802646679,2
DOI:10.1068/b33043,DOI:10.3141/1835-05,2
DOI:10.1068/b33043,DOI:10.5038/2375-0901.10.2.5,2
DOI:10.1068/b33043,"KIMPEL THOMASJ., 2007, URISA JOURNAL, V19, P5",2
DOI:10.1068/b33043,"[ANONYMOUS], 2011, VISUM 11 52 FUND VIS",2
DOI:10.1080/13658810802646679,DOI:10.3141/1835-05,2
DOI:10.1080/13658810802646679,DOI:10.5038/2375-0901.10.2.5,2
DOI:10.1080/13658810802646679,"KIMPEL THOMASJ., 2007, URISA JOURNAL, V19, P5",2
DOI:10.1080/13658810802646679,"[ANONYMOUS], 2011, VISUM 11 52 FUND VIS",2
DOI:10.3141/1835-05,DOI:10.5038/2375-0901.10.2.5,2
DOI:10.3141/1835-05,"KIMPEL THOMASJ., 2007, URISA JOURNAL, V19, P5",2
DOI:10.3141/1835-05,"[ANONYMOUS], 2011, VISUM 11 52 FUND VIS",2
DOI:10.5038/2375-0901.10.2.5,"KIMPEL THOMASJ., 2007, URISA JOURNAL, V19, P5",2
DOI:10.5038/2375-0901.10.2.5,"[ANONYMOUS], 2011, VISUM 11 52 FUND VIS",2
"KIMPEL THOMASJ., 2007, URISA JOURNAL, V19, P5","[ANONYMOUS], 2011, VISUM 11 52 FUND VIS",2
DOI:10.1007/s11747-014-0403-8,DOI:10.1108/ebr-11-2018-0203,2
DOI:10.1007/s11747-014-0403-8,DOI:10.3390/atmos10080467,2
DOI:10.1016/j.ecolind.2013.06.001,DOI:10.3390/su8010029,2
DOI:10.1016/j.jtrangeo.2013.04.005,DOI:10.1016/j.trd.2015.11.004,2
DOI:10.1016/j.scs.2018.11.011,DOI:10.1016/j.envsci.2015.10.015,2
DOI:10.1016/j.scs.2018.11.011,DOI:10.1016/j.jenvman.2018.10.039,3
DOI:10.1016/j.scs.2018.11.011,DOI:10.1016/j.jtrangeo.2013.07.004,2
DOI:10.1016/j.scs.2018.11.011,DOI:10.1016/j.jtrangeo.2018.02.006,2
DOI:10.1016/j.scs.2018.11.011,DOI:10.1016/j.landusepol.2016.11.015,2
DOI:10.1016/j.scs.2018.11.011,DOI:10.1016/j.rtbm.2017.05.003,2
DOI:10.1016/j.scs.2018.11.011,DOI:10.1016/j.sbspro.2012.03.091,2
DOI:10.1016/j.scs.2018.11.011,DOI:10.1016/j.scs.2018.01.029,2
DOI:10.1016/j.scs.2018.11.011,DOI:10.1016/j.tranpol.2018.07.001,2
DOI:10.1016/j.scs.2018.11.011,DOI:10.1016/j.trpro.2014.11.026,2
DOI:10.1016/j.scs.2018.11.011,DOI:10.1016/j.trpro.2017.05.103,2
DOI:10.1016/j.scs.2018.11.011,DOI:10.3390/su10020479,3
DOI:10.1016/j.scs.2018.11.011,DOI:10.3390/su11102929,2
DOI:10.1016/j.scs.2018.11.011,"GOTA S., 2015, INTENDED NATL DETERM",2
DOI:10.1016/j.scs.2018.11.011,DOI:10.3390/su12208436,2
DOI:10.1016/j.scs.2018.11.011,"SCHROTEN A., 2019, STATE OF PLAY OF INTERNALISATION IN THE EUROPEAN TRANSPORT SECTOR",2
DOI:10.1016/j.tranpol.2021.12.009,DOI:10.1080/01441647.2020.1857886,2
DOI:10.1016/j.trip.2020.100242,DOI:10.1016/j.tranpol.2020.12.004,2
DOI:10.1016/j.trip.2020.100242,DOI:10.1016/j.tranpol.2020.07.001,2
DOI:10.1016/j.trip.2020.100242,DOI:10.3390/su13010364,2
DOI:10.1108/ebr-11-2018-0203,DOI:10.2307/2334290,2
DOI:10.1108/ebr-11-2018-0203,DOI:10.2753/mtp1069-6679190202,2
DOI:10.1108/ebr-11-2018-0203,DOI:10.4324/9780203771587],2
DOI:10.1080/01441647.2013.804133,DOI:10.1080/01441647.2013.800615,2
"CHAMIER-GLISZCZYNSKI N, 2012, C P CLC 2012 CARPATH, P501","CHAMIER-GLISZCZYNSKI N, 2016, CLC 2015: CARPATHIAN LOGISTICS CONGRESS - CONFERENCE PROCEEDINGS, P263",2
"CHAMIER-GLISZCZYNSKI N, 2012, C P CLC 2012 CARPATH, P501",DOI:10.54740/ros.2021.055,2
"CHAMIER-GLISZCZYNSKI N, 2012, C P CLC 2012 CARPATH, P501",DOI:10.54740/ros.2023.032,2
"CHAMIER-GLISZCZYNSKI N, 2012, C P CLC 2012 CARPATH, P501","DYCZKOWSKA JOANNA, 2023, PROCEDIA COMPUTER SCIENCE, V225, P4092, DOI [10.1016/J.PROCS.2023.10.405, 10.1016/J.PROCS.2023.10.405]",2
"CHAMIER-GLISZCZYNSKI N, 2016, CLC 2015: CARPATHIAN LOGISTICS CONGRESS - CONFERENCE PROCEEDINGS, P263",DOI:10.54740/ros.2021.055,2
"CHAMIER-GLISZCZYNSKI N, 2016, CLC 2015: CARPATHIAN LOGISTICS CONGRESS - CONFERENCE PROCEEDINGS, P263",DOI:10.54740/ros.2023.032,2
"CHAMIER-GLISZCZYNSKI N, 2016, CLC 2015: CARPATHIAN LOGISTICS CONGRESS - CONFERENCE PROCEEDINGS, P263","DYCZKOWSKA JOANNA, 2023, PROCEDIA COMPUTER SCIENCE, V225, P4092, DOI [10.1016/J.PROCS.2023.10.405, 10.1016/J.PROCS.2023.10.405]",2
DOI:10.54740/ros.2021.055,DOI:10.54740/ros.2023.032,2
DOI:10.54740/ros.2021.055,"DYCZKOWSKA JOANNA, 2023, PROCEDIA COMPUTER SCIENCE, V225, P4092, DOI [10.1016/J.PROCS.2023.10.405, 10.1016/J.PROCS.2023.10.405]",2
DOI:10.54740/ros.2023.032,"DYCZKOWSKA JOANNA, 2023, PROCEDIA COMPUTER SCIENCE, V225, P4092, DOI [10.1016/J.PROCS.2023.10.405, 10.1016/J.PROCS.2023.10.405]",2
DOI:10.1007/978-3-319-76360-6_4,DOI:10.1007/s12062-016-9168-9,3
DOI:10.1007/978-3-319-76360-6_4,DOI:10.1016/j.jth.2014.08.004,2
DOI:10.1007/978-3-319-76360-6_4,DOI:10.1016/j.jth.2015.02.001,2
DOI:10.1007/978-3-319-76360-6_4,DOI:10.1016/j.jtrangeo.2021.103046,2
DOI:10.1007/978-3-319-76360-6_4,DOI:10.1016/j.tra.2021.05.007,2
DOI:10.1007/978-3-319-76360-6_4,DOI:10.1080/01441647.2021.1872731,2
DOI:10.1007/s12062-016-9168-9,DOI:10.1016/j.jth.2014.08.004,2
DOI:10.1007/s12062-016-9168-9,DOI:10.1016/j.jth.2015.02.001,2
DOI:10.1007/s12062-016-9168-9,DOI:10.1016/j.jtrangeo.2021.103046,2
DOI:10.1007/s12062-016-9168-9,DOI:10.1016/j.tbs.2017.07.005,2
DOI:10.1007/s12062-016-9168-9,DOI:10.1016/j.tra.2021.05.007,2
DOI:10.1007/s12062-016-9168-9,DOI:10.1016/j.tranpol.2017.12.015,2
DOI:10.1007/s12062-016-9168-9,DOI:10.1016/s0967-070x(03)00052-0,2
DOI:10.1007/s12062-016-9168-9,DOI:10.1080/01441647.2021.1872731,2
DOI:10.1007/s12062-016-9168-9,"KIM S, 2004, TRANSPORT RES REC, P117",2
DOI:10.1016/0191-2607(86)90087-7,DOI:10.1016/j.aap.2012.05.014,2
DOI:10.1016/0191-2607(86)90087-7,DOI:10.1016/j.tbs.2017.07.005,2
DOI:10.1016/0191-2607(86)90087-7,DOI:10.1016/s0965-8564(03)00073-9,2
DOI:10.1016/0191-2607(86)90087-7,DOI:10.1023/a:1023949330747,2
DOI:10.1016/0191-2607(86)90087-7,DOI:10.1061/(asce)0733-947x(2001)127:3(244),2
DOI:10.1016/j.aap.2012.05.014,DOI:10.1016/j.tbs.2017.07.005,2
DOI:10.1016/j.aap.2012.05.014,DOI:10.1016/s0965-8564(03)00073-9,2
DOI:10.1016/j.aap.2012.05.014,DOI:10.1023/a:1023949330747,2
DOI:10.1016/j.aap.2012.05.014,DOI:10.1061/(asce)0733-947x(2001)127:3(244),2
DOI:10.1016/j.jth.2014.08.004,DOI:10.1016/j.jth.2015.02.001,2
DOI:10.1016/j.jth.2014.08.004,DOI:10.1016/j.tra.2021.05.007,2
DOI:10.1016/j.jth.2014.08.004,DOI:10.1080/01441647.2021.1872731,2
DOI:10.1016/j.jth.2015.02.001,DOI:10.1016/j.tra.2021.05.007,2
DOI:10.1016/j.jth.2015.02.001,DOI:10.1080/01441647.2021.1872731,2
DOI:10.1016/j.tbs.2017.07.005,DOI:10.1016/j.tranpol.2017.12.015,2
DOI:10.1016/j.tbs.2017.07.005,DOI:10.1016/s0965-8564(03)00073-9,2
DOI:10.1016/j.tbs.2017.07.005,DOI:10.1016/s0967-070x(03)00052-0,2
DOI:10.1016/j.tbs.2017.07.005,DOI:10.1023/a:1023949330747,2
DOI:10.1016/j.tbs.2017.07.005,DOI:10.1061/(asce)0733-947x(2001)127:3(244),2
DOI:10.1016/j.tbs.2017.07.005,"KIM S, 2004, TRANSPORT RES REC, P117",2
DOI:10.1016/j.tbs.2017.07.005,"ATKINS W., 2001, OLDER PEOPLE, THEIR TRANSPORT NEEDS AND REQUIREMENTS",2
DOI:10.1016/j.tbs.2017.07.005,DOI:10.1016/j.jth.2017.10.004,2
DOI:10.1016/j.tbs.2017.07.005,DOI:10.1093/geront/47.5.578,2
DOI:10.1016/j.tbs.2017.07.005,"WHELAN M., 2006, THE ELDERLY AND MOBILITY: A REVIEW OF THE LITERATURE",2
DOI:10.1016/j.tra.2021.05.007,DOI:10.1080/01441647.2021.1872731,2
DOI:10.1016/j.tranpol.2017.12.015,DOI:10.1016/s0967-070x(03)00052-0,2
DOI:10.1016/j.tranpol.2017.12.015,"KIM S, 2004, TRANSPORT RES REC, P117",2
DOI:10.1016/j.tranpol.2017.12.015,DOI:10.1016/j.trpro.2017.05.309,2
DOI:10.1016/j.tranpol.2024.02.003,DOI:10.1007/s10273-022-3313-2],2
DOI:10.1016/j.tranpol.2024.02.003,DOI:10.1257/pol.6.4.1,2
DOI:10.1016/s0965-8564(03)00073-9,DOI:10.1023/a:1023949330747,2
DOI:10.1016/s0965-8564(03)00073-9,DOI:10.1061/(asce)0733-947x(2001)127:3(244),2
DOI:10.1016/s0967-070x(03)00052-0,"KIM S, 2004, TRANSPORT RES REC, P117",2
DOI:10.1023/a:1023949330747,DOI:10.1061/(asce)0733-947x(2001)127:3(244),2
DOI:10.3141/2352-13,"ALLISON P.D., 2009, FIXED EFFECT REGRESSION MODELS",2
DOI:10.3141/2352-13,DOI:10.1080/03081060.2012.635413,2
DOI:10.3141/2352-13,DOI:10.1093/ije/dys168,2
DOI:10.3141/2352-13,DOI:10.1136/jech.2011.133165,2
DOI:10.3141/2352-13,DOI:10.2105/ajph.2015.302907,2
DOI:10.3141/2352-13,DOI:10.2307/2291629,2
DOI:10.3141/2352-13,"[ANONYMOUS], 2007, GLOBAL AGE FRIENDLY",2
DOI:10.1016/j.jtrangeo.2009.02.002,DOI:10.1068/a291175,3
DOI:10.1016/j.jtrangeo.2009.02.002,DOI:10.1080/15568310802178314,2
DOI:10.1016/j.tranpol.2004.05.001],DOI:10.1007/s11116-017-9798-7,2
DOI:10.1016/j.tranpol.2015.11.008,DOI:10.1016/j.jtrangeo.2015.01.009,2
DOI:10.1068/a291175,"VASCONCELLOS EDUARDODE ALCANTARA., 2000, TRANSPORTE URBANO NO",2
DOI:10.1068/a291175,DOI:10.1080/15568310802178314,2
DOI:10.1016/j.tranpol.2011.03.007,DOI:10.1016/j.jtrangeo.2012.02.007,2
DOI:10.1080/13683500.2014.948812,DOI:10.1002/cb.2076,2
DOI:10.1080/13683500.2014.948812,DOI:10.1016/j.annals.2011.11.002,2
DOI:10.1080/13683500.2014.948812,DOI:10.1016/j.annals.2022.103432,2
DOI:10.1080/13683500.2014.948812,DOI:10.1016/j.atmosenv.2020.118025,2
DOI:10.1080/13683500.2014.948812,DOI:10.1016/j.enpol.2019.110998,2
DOI:10.1080/13683500.2014.948812,DOI:10.1016/j.jclepro.2019.117748,2
DOI:10.1080/13683500.2014.948812,DOI:10.1016/j.jenvman.2022.114868,2
DOI:10.1080/13683500.2014.948812,DOI:10.1016/j.jhtm.2022.08.007,2
DOI:10.1080/13683500.2014.948812,DOI:10.1016/j.jtrangeo.2013.04.008,2
DOI:10.1080/13683500.2014.948812,DOI:10.1016/j.tbs.2017.11.002,2
DOI:10.1080/13683500.2014.948812,DOI:10.1016/j.tbs.2023.02.008,2
DOI:10.1080/13683500.2014.948812,DOI:10.1016/j.tourman.2019.04.016,2
DOI:10.1080/13683500.2014.948812,DOI:10.1016/j.trd.2020.102566,2
DOI:10.1080/13683500.2014.948812,DOI:10.1016/s0001-6918(99)00050-5,2
DOI:10.1080/13683500.2014.948812,DOI:10.1037/0021-9010.88.5.879,2
DOI:10.1080/13683500.2014.948812,DOI:10.1080/09669582.2016.1198357,2
DOI:10.1080/13683500.2014.948812,DOI:10.1080/09669582.2019.1607359,2
DOI:10.1080/13683500.2014.948812,DOI:10.1080/09669582.2020.1843046,2
DOI:10.1080/13683500.2014.948812,DOI:10.1080/13683500.2021.2017409,2
DOI:10.1080/13683500.2014.948812,DOI:10.1108/ijchm-10-2020-1164,2
DOI:10.1080/13683500.2014.948812,DOI:10.1108/jtf-05-2021-0127,2
DOI:10.1080/13683500.2014.948812,DOI:10.1111/j.2517-6161.1974.tb00994.x,2
DOI:10.1080/13683500.2014.948812,DOI:10.1177/00472875211034582,2
DOI:10.1080/13683500.2014.948812,DOI:10.1177/014920639502100404,2
DOI:10.1080/13683500.2014.948812,DOI:10.1177/135910457000100301,2
DOI:10.1080/13683500.2014.948812,DOI:10.19272/201906703004,2
DOI:10.1080/13683500.2014.948812,DOI:10.3389/fenvs.2022.853302,2
DOI:10.1080/13683500.2014.948812,DOI:10.3389/fpsyg.2022.914328,2
DOI:10.1080/13683500.2014.948812,DOI:10.3390/su14074095,2
DOI:10.1080/13683500.2014.948812,DOI:10.3390/su9081322,2
DOI:10.1080/13683500.2014.948812,DOI:10.3846/tede.2019.10294,2
DOI:10.1080/13683500.2014.948812,"GROSS S, 2018, TOUR REV, V73, P401, DOI [10.1108/TR-11-2017-0177, 10.1108/TR-11-2017-0177]",2
DOI:10.1016/j.tranpol.2018.04.012,"UNITED NATIONS, 2021, INTERAGENCY REPORT 2",2
DOI:10.1016/j.tranpol.2018.04.012,DOI:10.1007/s11116-015-9585-2,2
DOI:10.1016/j.tranpol.2018.04.012,DOI:10.1016/j.jtrangeo.2017.08.017,2
DOI:10.1016/j.tranpol.2018.04.012,DOI:10.1016/j.jtrangeo.2018.12.005,2
DOI:10.1016/j.tranpol.2018.04.012,"VAN WEE B, 2011, EUR J TRANSP INFRAST, V11, P350",2
DOI:10.1080/01441647.2020.1857886,DOI:10.1016/j.jenvman.2021.112166,2
DOI:10.1080/01441647.2020.1857886,DOI:10.1016/j.spc.2021.02.016,2
DOI:10.1080/01441647.2020.1857886,DOI:10.1016/j.tranpol.2011.06.003,2
DOI:10.1080/01441647.2020.1857886,DOI:10.1016/j.scitotenv.2020.142391,2
DOI:10.1080/01441647.2020.1857886,DOI:10.1016/j.trip.2020.100151,2
"CHRISTENSEN T., 2007, TCENDING NEW PUBLIC",DOI:10.1016/j.tra.2008.05.006,2
"CHRISTENSEN T., 2007, TCENDING NEW PUBLIC",DOI:10.1080/09540962.2016.1103410,2
"CHRISTENSEN T., 2007, TCENDING NEW PUBLIC",DOI:10.1108/ijpsm-01-2015-0009,2
"CHRISTENSEN T., 2007, TCENDING NEW PUBLIC","INNO-V KCW REBELGROUP NEA TOI SDB, 2008, CONTR URB PUBL TRANS",2
DOI:10.1007/s12544-011-0057-2],DOI:10.1016/j.retrec.2014.09.029,2
DOI:10.1007/s12544-011-0057-2],DOI:10.1080/09654313.2017.1362376,2
DOI:10.1007/s12544-011-0057-2],"HANSSON L., 2010, RES TRANSP ECON, V29, P124",2
DOI:10.1016/j.retrec.2014.09.029,DOI:10.1080/09654313.2017.1362376,2
DOI:10.1016/j.retrec.2014.09.029,DOI:10.1016/j.jtrangeo.2008.06.005,2
DOI:10.1016/j.tra.2008.05.006,DOI:10.1080/09540962.2016.1103410,2
DOI:10.1016/j.tra.2008.05.006,DOI:10.1108/ijpsm-01-2015-0009,2
DOI:10.1016/j.tra.2008.05.006,"INNO-V KCW REBELGROUP NEA TOI SDB, 2008, CONTR URB PUBL TRANS",2
DOI:10.1080/09540962.2016.1103410,DOI:10.1108/ijpsm-01-2015-0009,2
DOI:10.1080/09540962.2016.1103410,"INNO-V KCW REBELGROUP NEA TOI SDB, 2008, CONTR URB PUBL TRANS",2
DOI:10.1093/jopart/mum015,DOI:10.3390/su8060542,2
DOI:10.1093/jopart/mum015,"STANLEY J. K., 2010, RESEARCH IN TRANSPORTATION ECONOMICS, V29, P99",2
DOI:10.1108/ijpsm-01-2015-0009,"INNO-V KCW REBELGROUP NEA TOI SDB, 2008, CONTR URB PUBL TRANS",2
DOI:10.1177/0956247806063947,"[ANONYMOUS], 2011, EUROPEAN COMMISSION",2
DOI:10.3390/su8060542,DOI:10.1016/j.cstp.2017.12.003,2
DOI:10.3390/su8060542,"[ANONYMOUS], 1999, TRANSPORT POLICY",2
DOI:10.3390/su8060542,DOI:10.1093/jopart/mum032,2
DOI:10.1016/j.cstp.2020.07.005,DOI:10.1016/j.trd.2020.102330,2
DOI:10.1016/j.cstp.2020.07.005,DOI:10.1007/s11116-017-9806-y,2
DOI:10.1016/j.cstp.2020.07.005,DOI:10.1016/j.jclepro.2018.08.033,2
DOI:10.1016/j.cstp.2020.07.005,DOI:10.1016/j.jth.2018.05.011,2
DOI:10.1016/j.cstp.2020.07.005,DOI:10.1016/j.jtrangeo.2021.103111,2
DOI:10.1016/j.cstp.2020.07.005,DOI:10.1016/j.scs.2018.05.034,2
DOI:10.1016/j.cstp.2020.07.005,DOI:10.1016/j.scs.2019.101873,2
DOI:10.1016/j.cstp.2020.07.005,DOI:10.1016/j.scs.2021.103434,2
DOI:10.1016/j.retrec.2014.09.026,DOI:10.1016/j.cstp.2017.12.003,2
DOI:10.1016/j.retrec.2014.09.026,DOI:10.1016/j.trpro.2014.11.026,2
"ATKINS W., 2001, OLDER PEOPLE, THEIR TRANSPORT NEEDS AND REQUIREMENTS",DOI:10.1016/j.jth.2017.10.004,2
"ATKINS W., 2001, OLDER PEOPLE, THEIR TRANSPORT NEEDS AND REQUIREMENTS",DOI:10.1093/geront/47.5.578,2
"ATKINS W., 2001, OLDER PEOPLE, THEIR TRANSPORT NEEDS AND REQUIREMENTS","WHELAN M., 2006, THE ELDERLY AND MOBILITY: A REVIEW OF THE LITERATURE",2
DOI:10.1016/j.jth.2017.10.004,DOI:10.1093/geront/47.5.578,2
DOI:10.1016/j.jth.2017.10.004,"WHELAN M., 2006, THE ELDERLY AND MOBILITY: A REVIEW OF THE LITERATURE",2
DOI:10.1093/geront/47.5.578,"WHELAN M., 2006, THE ELDERLY AND MOBILITY: A REVIEW OF THE LITERATURE",2
DOI:10.1016/j.scitotenv.2004.04.069,DOI:10.1061/(asce)0733-9488(2005)131:2(71),2
DOI:10.1016/j.scitotenv.2004.04.069,"GARCÍA-FERRER A, 2006, J TRANSP ECON POLICY, V40, P45",2
DOI:10.1016/j.scitotenv.2004.04.069,DOI:10.1007/bf00215252,2
DOI:10.1016/j.scitotenv.2004.04.069,DOI:10.1016/j.tranpol.2011.01.010,2
DOI:10.1016/j.scitotenv.2004.04.069,DOI:10.1080/01441640902786415,2
"CALTHORPE P., 1993, THE NEXT AMERICAN METROPOLIS: ECOLOGY, COMMUNITY, AND THE AMERICAN DREAM",DOI:10.3390/su11020477,2
"CALTHORPE P., 1993, THE NEXT AMERICAN METROPOLIS: ECOLOGY, COMMUNITY, AND THE AMERICAN DREAM",DOI:10.1016/j.tra.2019.10.018,2
DOI:10.1080/02697459915724],DOI:10.3390/su11020477,2
DOI:10.1080/02697459915724],DOI:10.1016/j.cstp.2014.10.002,2
DOI:10.1080/02697459915724],DOI:10.1016/j.jtrangeo.2012.04.014,2
DOI:10.3390/su11020477,DOI:10.1002/atr.1429,2
DOI:10.3390/su11020477,DOI:10.1016/j.progress.2009.11.001,2
DOI:10.3390/su11020477,DOI:10.1016/s0967-070x(03)00053-2,2
DOI:10.3390/su11020477,DOI:10.5038/2375-0901.13.1.4,2
DOI:10.3390/su11020477,DOI:10.5038/2375-0901.19.3.2,2
DOI:10.3390/su11020477,"INAYATHUSEIN A., 2018, LONDONS ACCESSIBILIT",2
DOI:10.1111/j.1467-954x.2005.00565.x,DOI:10.1016/j.jtrangeo.2012.04.014,2
DOI:10.1111/j.1467-954x.2005.00565.x,DOI:10.1016/j.tranpol.2009.02.003,2
DOI:10.1111/j.1467-954x.2005.00565.x,DOI:10.1016/s0966-6923(02)00012-1,3
DOI:10.1111/j.1467-954x.2005.00565.x,DOI:10.1111/j.0309-1317.2004.00549.x,2
DOI:10.1111/j.1467-954x.2005.00565.x,DOI:10.1016/j.jtrangeo.2004.10.002],2
"BARRY JJ, 2002, TRANSPORT RES REC, P183",DOI:10.1007/s11116-015-9617-y,2
"BARRY JJ, 2002, TRANSPORT RES REC, P183",DOI:10.1016/j.jtrangeo.2016.12.001,2
"BARRY JJ, 2002, TRANSPORT RES REC, P183",DOI:10.1016/j.tbs.2017.02.005,2
"BARRY JJ, 2002, TRANSPORT RES REC, P183",DOI:10.1016/j.trb.2015.11.015,2
"BARRY JJ, 2002, TRANSPORT RES REC, P183",DOI:10.1016/j.trc.2013.07.010,2
"BARRY JJ, 2002, TRANSPORT RES REC, P183",DOI:10.1016/j.trc.2014.03.008,2
"BARRY JJ, 2002, TRANSPORT RES REC, P183",DOI:10.1016/j.trc.2015.02.018,2
"BARRY JJ, 2002, TRANSPORT RES REC, P183",DOI:10.1016/j.trc.2015.03.033,2
"BARRY JJ, 2002, TRANSPORT RES REC, P183",DOI:10.1016/j.trc.2015.12.012,2
"BARRY JJ, 2002, TRANSPORT RES REC, P183",DOI:10.1016/j.trc.2016.04.005,2
"BARRY JJ, 2002, TRANSPORT RES REC, P183",DOI:10.1061/(asce)te.1943-5436.0000714,2
"BARRY JJ, 2002, TRANSPORT RES REC, P183",DOI:10.1080/15472450.2013.868284,2
"BARRY JJ, 2002, TRANSPORT RES REC, P183",DOI:10.1111/j.1467-8667.2007.00494.x,2
"BARRY JJ, 2002, TRANSPORT RES REC, P183",DOI:10.3141/2121-06,2
"BARRY JJ, 2002, TRANSPORT RES REC, P183",DOI:10.3141/2276-06,2
"BARRY JJ, 2002, TRANSPORT RES REC, P183",DOI:10.3141/2343-03,2
DOI:10.1007/978-3-642-40994-3_50,DOI:10.1007/s10115-016-0948-6,2
DOI:10.1007/978-3-642-40994-3_50,DOI:10.1016/j.trc.2012.09.009,2
DOI:10.1007/978-3-642-40994-3_50,DOI:10.1016/j.trc.2014.01.002,2
DOI:10.1007/978-3-642-40994-3_50,DOI:10.1016/j.trc.2015.02.018,2
DOI:10.1007/978-3-642-40994-3_50,DOI:10.1016/j.trc.2016.04.005,2
DOI:10.1007/978-3-642-40994-3_50,DOI:10.1109/tits.2015.2496783,2
DOI:10.1007/978-3-642-40994-3_50,DOI:10.3141/2263-16,2
DOI:10.1007/s10115-016-0948-6,DOI:10.1016/j.trc.2012.09.009,2
DOI:10.1007/s10115-016-0948-6,DOI:10.1016/j.trc.2014.01.002,2
DOI:10.1007/s10115-016-0948-6,DOI:10.1016/j.trc.2015.02.018,2
DOI:10.1007/s10115-016-0948-6,DOI:10.1016/j.trc.2016.04.005,2
DOI:10.1007/s10115-016-0948-6,DOI:10.1109/tits.2015.2496783,2
DOI:10.1007/s10115-016-0948-6,DOI:10.3141/2263-16,2
DOI:10.1007/s11116-015-9617-y,DOI:10.1016/j.jtrangeo.2016.12.001,2
DOI:10.1007/s11116-015-9617-y,DOI:10.1016/j.tbs.2017.02.005,2
DOI:10.1007/s11116-015-9617-y,DOI:10.1016/j.trb.2015.11.015,2
DOI:10.1007/s11116-015-9617-y,DOI:10.1016/j.trc.2013.07.010,2
DOI:10.1007/s11116-015-9617-y,DOI:10.1016/j.trc.2014.03.008,2
DOI:10.1007/s11116-015-9617-y,DOI:10.1016/j.trc.2015.02.018,2
DOI:10.1007/s11116-015-9617-y,DOI:10.1016/j.trc.2015.03.033,2
DOI:10.1007/s11116-015-9617-y,DOI:10.1016/j.trc.2015.12.012,2
DOI:10.1007/s11116-015-9617-y,DOI:10.1016/j.trc.2016.04.005,2
DOI:10.1007/s11116-015-9617-y,DOI:10.1061/(asce)te.1943-5436.0000714,2
DOI:10.1007/s11116-015-9617-y,DOI:10.1080/15472450.2013.868284,2
DOI:10.1007/s11116-015-9617-y,DOI:10.1111/j.1467-8667.2007.00494.x,2
DOI:10.1007/s11116-015-9617-y,DOI:10.3141/2121-06,2
DOI:10.1007/s11116-015-9617-y,DOI:10.3141/2276-06,2
DOI:10.1007/s11116-015-9617-y,DOI:10.3141/2343-03,2
DOI:10.1007/s12205-015-1694-0,DOI:10.1109/tits.2014.2368998,2
DOI:10.1007/s12205-015-1694-0,DOI:10.3182/20060517-3-fr-2903.00211,2
DOI:10.1016/j.jtrangeo.2016.12.001,DOI:10.1016/j.tbs.2017.02.005,2
DOI:10.1016/j.jtrangeo.2016.12.001,DOI:10.1016/j.trb.2015.11.015,2
DOI:10.1016/j.jtrangeo.2016.12.001,DOI:10.1016/j.trc.2013.07.010,2
DOI:10.1016/j.jtrangeo.2016.12.001,DOI:10.1016/j.trc.2014.03.008,2
DOI:10.1016/j.jtrangeo.2016.12.001,DOI:10.1016/j.trc.2015.02.018,2
DOI:10.1016/j.jtrangeo.2016.12.001,DOI:10.1016/j.trc.2015.03.033,2
DOI:10.1016/j.jtrangeo.2016.12.001,DOI:10.1016/j.trc.2015.12.012,2
DOI:10.1016/j.jtrangeo.2016.12.001,DOI:10.1016/j.trc.2016.04.005,2
DOI:10.1016/j.jtrangeo.2016.12.001,DOI:10.1061/(asce)te.1943-5436.0000714,2
DOI:10.1016/j.jtrangeo.2016.12.001,DOI:10.1080/15472450.2013.868284,2
DOI:10.1016/j.jtrangeo.2016.12.001,DOI:10.1111/j.1467-8667.2007.00494.x,2
DOI:10.1016/j.jtrangeo.2016.12.001,DOI:10.3141/2121-06,2
DOI:10.1016/j.jtrangeo.2016.12.001,DOI:10.3141/2276-06,2
DOI:10.1016/j.jtrangeo.2016.12.001,DOI:10.3141/2343-03,2
DOI:10.1016/j.tbs.2017.02.005,DOI:10.1016/j.trb.2015.11.015,2
DOI:10.1016/j.tbs.2017.02.005,DOI:10.1016/j.trc.2013.07.010,2
DOI:10.1016/j.tbs.2017.02.005,DOI:10.1016/j.trc.2014.03.008,2
DOI:10.1016/j.tbs.2017.02.005,DOI:10.1016/j.trc.2015.02.018,2
DOI:10.1016/j.tbs.2017.02.005,DOI:10.1016/j.trc.2015.03.033,2
DOI:10.1016/j.tbs.2017.02.005,DOI:10.1016/j.trc.2015.12.012,2
DOI:10.1016/j.tbs.2017.02.005,DOI:10.1016/j.trc.2016.04.005,2
DOI:10.1016/j.tbs.2017.02.005,DOI:10.1061/(asce)te.1943-5436.0000714,2
DOI:10.1016/j.tbs.2017.02.005,DOI:10.1080/15472450.2013.868284,2
DOI:10.1016/j.tbs.2017.02.005,DOI:10.1111/j.1467-8667.2007.00494.x,2
DOI:10.1016/j.tbs.2017.02.005,DOI:10.3141/2121-06,2
DOI:10.1016/j.tbs.2017.02.005,DOI:10.3141/2276-06,2
DOI:10.1016/j.tbs.2017.02.005,DOI:10.3141/2343-03,2
DOI:10.1016/j.trb.2015.11.015,DOI:10.1016/j.trc.2013.07.010,2
DOI:10.1016/j.trb.2015.11.015,DOI:10.1016/j.trc.2014.03.008,2
DOI:10.1016/j.trb.2015.11.015,DOI:10.1016/j.trc.2015.02.018,2
DOI:10.1016/j.trb.2015.11.015,DOI:10.1016/j.trc.2015.03.033,2
DOI:10.1016/j.trb.2015.11.015,DOI:10.1016/j.trc.2015.12.012,2
DOI:10.1016/j.trb.2015.11.015,DOI:10.1016/j.trc.2016.04.005,2
DOI:10.1016/j.trb.2015.11.015,DOI:10.1061/(asce)te.1943-5436.0000714,2
DOI:10.1016/j.trb.2015.11.015,DOI:10.1080/15472450.2013.868284,2
DOI:10.1016/j.trb.2015.11.015,DOI:10.1111/j.1467-8667.2007.00494.x,2
DOI:10.1016/j.trb.2015.11.015,DOI:10.3141/2121-06,2
DOI:10.1016/j.trb.2015.11.015,DOI:10.3141/2276-06,2
DOI:10.1016/j.trb.2015.11.015,DOI:10.3141/2343-03,2
DOI:10.1016/j.trc.2012.09.009,DOI:10.1016/j.trc.2014.01.002,2
DOI:10.1016/j.trc.2012.09.009,DOI:10.1016/j.trc.2015.02.018,2
DOI:10.1016/j.trc.2012.09.009,DOI:10.1016/j.trc.2016.04.005,3
DOI:10.1016/j.trc.2012.09.009,DOI:10.1109/tits.2015.2496783,2
DOI:10.1016/j.trc.2012.09.009,DOI:10.3141/2263-16,2
DOI:10.1016/j.trc.2012.09.009,DOI:10.1145/2093973.2094034,2
DOI:10.1016/j.trc.2013.07.010,DOI:10.1016/j.trc.2014.03.008,2
DOI:10.1016/j.trc.2013.07.010,DOI:10.1016/j.trc.2015.02.018,2
DOI:10.1016/j.trc.2013.07.010,DOI:10.1016/j.trc.2015.03.033,2
DOI:10.1016/j.trc.2013.07.010,DOI:10.1016/j.trc.2015.12.012,2
DOI:10.1016/j.trc.2013.07.010,DOI:10.1016/j.trc.2016.04.005,2
DOI:10.1016/j.trc.2013.07.010,DOI:10.1061/(asce)te.1943-5436.0000714,2
DOI:10.1016/j.trc.2013.07.010,DOI:10.1080/15472450.2013.868284,2
DOI:10.1016/j.trc.2013.07.010,DOI:10.1111/j.1467-8667.2007.00494.x,2
DOI:10.1016/j.trc.2013.07.010,DOI:10.3141/2121-06,2
DOI:10.1016/j.trc.2013.07.010,DOI:10.3141/2276-06,2
DOI:10.1016/j.trc.2013.07.010,DOI:10.3141/2343-03,2
DOI:10.1016/j.trc.2014.01.002,DOI:10.1016/j.trc.2015.02.018,2
DOI:10.1016/j.trc.2014.01.002,DOI:10.1016/j.trc.2016.04.005,2
DOI:10.1016/j.trc.2014.01.002,DOI:10.1109/tits.2015.2496783,2
DOI:10.1016/j.trc.2014.01.002,DOI:10.3141/2263-16,2
DOI:10.1016/j.trc.2014.03.008,DOI:10.1016/j.trc.2015.02.018,2
DOI:10.1016/j.trc.2014.03.008,DOI:10.1016/j.trc.2015.03.033,2
DOI:10.1016/j.trc.2014.03.008,DOI:10.1016/j.trc.2015.12.012,2
DOI:10.1016/j.trc.2014.03.008,DOI:10.1016/j.trc.2016.04.005,2
DOI:10.1016/j.trc.2014.03.008,DOI:10.1061/(asce)te.1943-5436.0000714,2
DOI:10.1016/j.trc.2014.03.008,DOI:10.1080/15472450.2013.868284,2
DOI:10.1016/j.trc.2014.03.008,DOI:10.1111/j.1467-8667.2007.00494.x,2
DOI:10.1016/j.trc.2014.03.008,DOI:10.3141/2121-06,2
DOI:10.1016/j.trc.2014.03.008,DOI:10.3141/2276-06,2
DOI:10.1016/j.trc.2014.03.008,DOI:10.3141/2343-03,2
DOI:10.1016/j.trc.2015.02.018,DOI:10.1016/j.trc.2015.03.033,2
DOI:10.1016/j.trc.2015.02.018,DOI:10.1016/j.trc.2015.04.022,2
DOI:10.1016/j.trc.2015.02.018,DOI:10.1016/j.trc.2015.12.012,2
DOI:10.1016/j.trc.2015.02.018,DOI:10.1016/j.trc.2016.04.005,3
DOI:10.1016/j.trc.2015.02.018,DOI:10.1061/(asce)te.1943-5436.0000714,2
DOI:10.1016/j.trc.2015.02.018,DOI:10.1080/15472450.2013.868284,2
DOI:10.1016/j.trc.2015.02.018,DOI:10.1109/tits.2015.2496783,2
DOI:10.1016/j.trc.2015.02.018,DOI:10.1111/j.1467-8667.2007.00494.x,2
DOI:10.1016/j.trc.2015.02.018,DOI:10.3141/2121-06,2
DOI:10.1016/j.trc.2015.02.018,DOI:10.3141/2263-16,2
DOI:10.1016/j.trc.2015.02.018,DOI:10.3141/2276-06,2
DOI:10.1016/j.trc.2015.02.018,DOI:10.3141/2343-03,2
DOI:10.1016/j.trc.2015.03.033,DOI:10.1016/j.trc.2015.12.012,2
DOI:10.1016/j.trc.2015.03.033,DOI:10.1016/j.trc.2016.04.005,2
DOI:10.1016/j.trc.2015.03.033,DOI:10.1061/(asce)te.1943-5436.0000714,2
DOI:10.1016/j.trc.2015.03.033,DOI:10.1080/15472450.2013.868284,2
DOI:10.1016/j.trc.2015.03.033,DOI:10.1111/j.1467-8667.2007.00494.x,2
DOI:10.1016/j.trc.2015.03.033,DOI:10.3141/2121-06,2
DOI:10.1016/j.trc.2015.03.033,DOI:10.3141/2276-06,2
DOI:10.1016/j.trc.2015.03.033,DOI:10.3141/2343-03,2
DOI:10.1016/j.trc.2015.12.012,DOI:10.1016/j.trc.2016.04.005,2
DOI:10.1016/j.trc.2015.12.012,DOI:10.1061/(asce)te.1943-5436.0000714,2
DOI:10.1016/j.trc.2015.12.012,DOI:10.1080/15472450.2013.868284,2
DOI:10.1016/j.trc.2015.12.012,DOI:10.1111/j.1467-8667.2007.00494.x,2
DOI:10.1016/j.trc.2015.12.012,DOI:10.3141/2121-06,2
DOI:10.1016/j.trc.2015.12.012,DOI:10.3141/2276-06,2
DOI:10.1016/j.trc.2015.12.012,DOI:10.3141/2343-03,2
DOI:10.1016/j.trc.2016.04.005,DOI:10.1061/(asce)te.1943-5436.0000714,2
DOI:10.1016/j.trc.2016.04.005,DOI:10.1080/15472450.2013.868284,2
DOI:10.1016/j.trc.2016.04.005,DOI:10.1109/tits.2015.2496783,2
DOI:10.1016/j.trc.2016.04.005,DOI:10.1111/j.1467-8667.2007.00494.x,2
DOI:10.1016/j.trc.2016.04.005,DOI:10.3141/2121-06,2
DOI:10.1016/j.trc.2016.04.005,DOI:10.3141/2263-16,2
DOI:10.1016/j.trc.2016.04.005,DOI:10.3141/2276-06,2
DOI:10.1016/j.trc.2016.04.005,DOI:10.3141/2343-03,2
DOI:10.1016/j.trc.2016.04.005,DOI:10.1016/j.tra.2015.10.007,2
DOI:10.1016/j.trc.2016.04.005,DOI:10.1016/j.trc.2019.02.013,2
DOI:10.1016/j.trc.2016.04.005,DOI:10.1145/2093973.2094034,2
DOI:10.1061/(asce)te.1943-5436.0000714,DOI:10.1080/15472450.2013.868284,2
DOI:10.1061/(asce)te.1943-5436.0000714,DOI:10.1111/j.1467-8667.2007.00494.x,2
DOI:10.1061/(asce)te.1943-5436.0000714,DOI:10.3141/2121-06,2
DOI:10.1061/(asce)te.1943-5436.0000714,DOI:10.3141/2276-06,2
DOI:10.1061/(asce)te.1943-5436.0000714,DOI:10.3141/2343-03,2
DOI:10.1080/15472450.2013.868284,DOI:10.1111/j.1467-8667.2007.00494.x,2
DOI:10.1080/15472450.2013.868284,DOI:10.3141/2121-06,2
DOI:10.1080/15472450.2013.868284,DOI:10.3141/2276-06,2
DOI:10.1080/15472450.2013.868284,DOI:10.3141/2343-03,2
DOI:10.1109/tits.2014.2368998,DOI:10.3182/20060517-3-fr-2903.00211,2
DOI:10.1109/tits.2015.2496783,DOI:10.3141/2263-16,2
DOI:10.1111/j.1467-8667.2007.00494.x,DOI:10.3141/2121-06,2
DOI:10.1111/j.1467-8667.2007.00494.x,DOI:10.3141/2276-06,2
DOI:10.1111/j.1467-8667.2007.00494.x,DOI:10.3141/2343-03,2
DOI:10.3141/2121-06,DOI:10.3141/2276-06,2
DOI:10.3141/2121-06,DOI:10.3141/2343-03,2
DOI:10.3141/2276-06,DOI:10.3141/2343-03,2
DOI:10.1007/s11116-009-9227-7,DOI:10.1007/s12198-012-0092-9,2
DOI:10.1007/s11116-009-9227-7,DOI:10.1016/j.jtrangeo.2013.10.017,2
DOI:10.1007/s11116-009-9227-7,DOI:10.1016/j.jtrangeo.2014.01.008,2
DOI:10.1007/s11116-009-9227-7,DOI:10.1016/j.physa.2005.11.007,2
DOI:10.1007/s11116-009-9227-7,DOI:10.1016/j.physa.2006.12.058,2
DOI:10.1007/s11116-009-9227-7,DOI:10.1016/j.tra.2012.02.004,2
DOI:10.1007/s11116-009-9227-7,DOI:10.1016/j.trc.2010.09.002,2
DOI:10.1007/s12198-012-0092-9,DOI:10.1016/j.jtrangeo.2013.10.017,2
DOI:10.1007/s12198-012-0092-9,DOI:10.1016/j.jtrangeo.2014.01.008,2
DOI:10.1007/s12198-012-0092-9,DOI:10.1016/j.physa.2005.11.007,2
DOI:10.1007/s12198-012-0092-9,DOI:10.1016/j.physa.2006.12.058,2
DOI:10.1007/s12198-012-0092-9,DOI:10.1016/j.tra.2012.02.004,2
DOI:10.1007/s12198-012-0092-9,DOI:10.1016/j.trc.2010.09.002,2
DOI:10.1016/j.jtrangeo.2013.10.017,DOI:10.1016/j.jtrangeo.2014.01.008,2
DOI:10.1016/j.jtrangeo.2013.10.017,DOI:10.1016/j.physa.2005.11.007,2
DOI:10.1016/j.jtrangeo.2013.10.017,DOI:10.1016/j.physa.2006.12.058,2
DOI:10.1016/j.jtrangeo.2013.10.017,DOI:10.1016/j.tra.2012.02.004,2
DOI:10.1016/j.jtrangeo.2013.10.017,DOI:10.1016/j.trc.2010.09.002,2
DOI:10.1016/j.jtrangeo.2014.01.008,DOI:10.1016/j.physa.2005.11.007,2
DOI:10.1016/j.jtrangeo.2014.01.008,DOI:10.1016/j.physa.2006.12.058,2
DOI:10.1016/j.jtrangeo.2014.01.008,DOI:10.1016/j.tra.2012.02.004,2
DOI:10.1016/j.jtrangeo.2014.01.008,DOI:10.1016/j.trc.2010.09.002,2
DOI:10.1016/j.physa.2005.11.007,DOI:10.1016/j.physa.2006.12.058,2
DOI:10.1016/j.physa.2005.11.007,DOI:10.1016/j.tra.2012.02.004,2
DOI:10.1016/j.physa.2005.11.007,DOI:10.1016/j.trc.2010.09.002,2
DOI:10.1016/j.physa.2006.12.058,DOI:10.1016/j.tra.2012.02.004,2
DOI:10.1016/j.physa.2006.12.058,DOI:10.1016/j.trc.2010.09.002,2
DOI:10.1016/j.tra.2012.02.004,DOI:10.1016/j.trc.2010.09.002,2
DOI:10.1080/09663690903498225,DOI:10.1177/0309132519828458,2
DOI:10.1080/09663690903498225,DOI:10.1177/03611981221105070,2
DOI:10.1080/09663690903498225,DOI:10.1016/j.cstp.2022.03.020,2
DOI:10.1080/09663690903498225,DOI:10.1191/030913299666161864,2
DOI:10.1177/0309132519828458,DOI:10.1177/03611981221105070,2
DOI:10.1016/j.trip.2020.100151,DOI:10.17226/22414,2
DOI:10.1016/j.trip.2020.100151,DOI:10.1016/j.scitotenv.2020.142391,2
"ARNOTT R, 1993, AM ECON REV, V83, P161",DOI:10.1007/s11116-016-9753-z,2
"DEPARTMENT OF TRANSPORT AND MAIN ROADS, 2011, CONN SEQ 2031 INT RE",DOI:10.1080/01441640802539195,2
DOI:10.1016/j.tranpol.2010.10.005,DOI:10.1016/j.tranpol.2010.10.007,3
DOI:10.1016/j.tranpol.2010.10.005,DOI:10.1080/02513625.2008.10557003,3
DOI:10.1016/j.tranpol.2010.10.005,DOI:10.1016/j.tranpol.2010.10.006,2
DOI:10.1016/j.tranpol.2010.10.005,DOI:10.1111/j.1478-9302.2011.00240.x,2
DOI:10.1016/j.tranpol.2010.10.007,DOI:10.1080/02513625.2008.10557003,4
DOI:10.1016/j.tranpol.2010.10.007,DOI:10.1016/j.cstp.2014.07.005,2
DOI:10.1016/j.tranpol.2010.10.007,DOI:10.1016/j.tranpol.2010.10.006,4
DOI:10.1016/j.tranpol.2010.10.007,DOI:10.1111/0952-1895.00121,2
DOI:10.1016/j.tranpol.2010.10.007,DOI:10.1111/j.1478-9302.2011.00240.x,3
DOI:10.1016/s0965-8564(99)00008-7,DOI:10.11175/easts.11.425],2
DOI:10.1080/02513625.2008.10557003,DOI:10.1016/j.tranpol.2010.10.009,2
DOI:10.1080/02513625.2008.10557003,DOI:10.1080/01442870902863851,2
DOI:10.1080/02513625.2008.10557003,DOI:10.1016/j.tranpol.2010.10.006,2
DOI:10.1080/02513625.2008.10557003,DOI:10.1111/j.1478-9302.2011.00240.x,2
DOI:10.11175/easts.11.425],DOI:10.1016/j.cstp.2018.09.011,2
DOI:10.11175/easts.11.425],DOI:10.1016/j.jtrangeo.2018.08.012,2
DOI:10.1016/j.atmosenv.2020.117886,DOI:10.1016/j.jenvman.2018.10.039,2
DOI:10.1016/j.jenvman.2018.10.039,DOI:10.1016/j.tranpol.2018.07.001,5
DOI:10.1016/j.jenvman.2018.10.039,DOI:10.1016/j.envsci.2015.10.015,2
DOI:10.1016/j.jenvman.2018.10.039,DOI:10.1016/j.jtrangeo.2013.07.004,2
DOI:10.1016/j.jenvman.2018.10.039,DOI:10.1016/j.jtrangeo.2018.02.006,3
DOI:10.1016/j.jenvman.2018.10.039,DOI:10.1016/j.landusepol.2016.11.015,2
DOI:10.1016/j.jenvman.2018.10.039,DOI:10.1016/j.rtbm.2017.05.003,2
DOI:10.1016/j.jenvman.2018.10.039,DOI:10.1016/j.sbspro.2012.03.091,2
DOI:10.1016/j.jenvman.2018.10.039,DOI:10.1016/j.scs.2018.01.029,2
DOI:10.1016/j.jenvman.2018.10.039,DOI:10.1016/j.tra.2018.06.007,2
DOI:10.1016/j.jenvman.2018.10.039,DOI:10.1016/j.trpro.2014.11.026,4
DOI:10.1016/j.jenvman.2018.10.039,DOI:10.1016/j.trpro.2017.05.103,2
DOI:10.1016/j.jenvman.2018.10.039,DOI:10.3390/su10020479,6
DOI:10.1016/j.jenvman.2018.10.039,DOI:10.3390/su11102929,3
DOI:10.1016/j.jenvman.2018.10.039,"GOTA S., 2015, INTENDED NATL DETERM",2
DOI:10.1016/j.jenvman.2018.10.039,DOI:10.1007/s12544-017-0224-1,2
DOI:10.1016/j.jenvman.2018.10.039,DOI:10.1016/j.cstp.2020.08.005,2
DOI:10.1016/j.jenvman.2018.10.039,DOI:10.1016/j.retrec.2016.04.008,2
DOI:10.1016/j.jenvman.2018.10.039,DOI:10.3390/su11174605,4
DOI:10.1016/j.jenvman.2018.10.039,"LOZZI G., 2017, POLITICHE MOBILITA U, P1",2
DOI:10.1016/j.jenvman.2018.10.039,"RUPPRECHT CONSULT, 2019, GUIDELINES FOR DEVELOPING AND IMPLEMENTING A SUSTAINABLE URBAN MOBILITY PLAN, VSECOND",2
DOI:10.1016/j.jenvman.2018.10.039,DOI:10.1016/j.jtrangeo.2020.102664,2
DOI:10.1016/j.jenvman.2018.10.039,DOI:10.3390/su12208436,3
DOI:10.1016/j.jenvman.2018.10.039,DOI:10.1080/15568311003650531,2
DOI:10.1016/j.jenvman.2018.10.039,"SCHROTEN A., 2019, STATE OF PLAY OF INTERNALISATION IN THE EUROPEAN TRANSPORT SECTOR",2
DOI:10.1016/j.jenvman.2018.10.039,DOI:10.3390/su12135460,2
DOI:10.1016/j.tranpol.2018.07.001,DOI:10.1016/j.envsci.2015.10.015,2
DOI:10.1016/j.tranpol.2018.07.001,DOI:10.1016/j.jtrangeo.2013.07.004,3
DOI:10.1016/j.tranpol.2018.07.001,DOI:10.1016/j.jtrangeo.2018.02.006,7
DOI:10.1016/j.tranpol.2018.07.001,DOI:10.1016/j.landusepol.2016.11.015,3
DOI:10.1016/j.tranpol.2018.07.001,DOI:10.1016/j.rtbm.2017.05.003,2
DOI:10.1016/j.tranpol.2018.07.001,DOI:10.1016/j.sbspro.2012.03.091,2
DOI:10.1016/j.tranpol.2018.07.001,DOI:10.1016/j.scs.2018.01.029,2
DOI:10.1016/j.tranpol.2018.07.001,DOI:10.1016/j.tra.2018.06.007,3
DOI:10.1016/j.tranpol.2018.07.001,DOI:10.1016/j.trpro.2014.11.026,4
DOI:10.1016/j.tranpol.2018.07.001,DOI:10.1016/j.trpro.2017.05.103,2
DOI:10.1016/j.tranpol.2018.07.001,DOI:10.3390/su10020479,3
DOI:10.1016/j.tranpol.2018.07.001,DOI:10.3390/su11102929,3
DOI:10.1016/j.tranpol.2018.07.001,"GOTA S., 2015, INTENDED NATL DETERM",2
DOI:10.1016/j.tranpol.2018.07.001,DOI:10.1016/j.cstp.2020.08.005,2
DOI:10.1016/j.tranpol.2018.07.001,DOI:10.3390/su11174605,3
DOI:10.1016/j.tranpol.2018.07.001,DOI:10.3390/su12208436,3
DOI:10.1016/j.tranpol.2018.07.001,DOI:10.4324/9780203074435,2
DOI:10.1016/j.tranpol.2018.07.001,"[ANONYMOUS], 2011, EUROPEAN COMMISSION",2
DOI:10.1016/j.tranpol.2018.07.001,DOI:10.1007/s12544-017-0224-1,3
DOI:10.1016/j.tranpol.2018.07.001,DOI:10.1016/j.retrec.2016.04.008,5
DOI:10.1016/j.tranpol.2018.07.001,DOI:10.1016/j.rtbm.2021.100621,2
DOI:10.1016/j.tranpol.2018.07.001,DOI:10.1016/j.tra.2016.12.001,2
DOI:10.1016/j.tranpol.2018.07.001,DOI:10.1016/j.tranpol.2023.02.022,2
DOI:10.1016/j.tranpol.2018.07.001,"RUPPRECHT CONSULT, 2019, GUIDELINES FOR DEVELOPING AND IMPLEMENTING A SUSTAINABLE URBAN MOBILITY PLAN, VSECOND",2
DOI:10.1016/j.tranpol.2018.07.001,DOI:10.1007/978-3-319-75774-2_46,2
DOI:10.1016/j.tranpol.2018.07.001,DOI:10.1016/j.envint.2011.02.003,2
DOI:10.1016/j.tranpol.2018.07.001,DOI:10.1093/eurpub/ckac069,2
DOI:10.1016/j.tranpol.2018.07.001,DOI:10.3390/su7067784,2
DOI:10.1016/j.tranpol.2018.07.001,DOI:10.3390/su12135460,2
DOI:10.1016/j.tranpol.2018.07.001,DOI:10.3390/su13115950,2
DOI:10.1016/j.tranpol.2018.07.001,DOI:10.3390/su11071965,2
DOI:10.1016/j.tranpol.2018.07.001,DOI:10.1016/j.cstp.2014.09.001,2
DOI:10.1016/j.tranpol.2018.07.001,DOI:10.1680/tran.10.00075,2
DOI:10.1016/j.retrec.2016.04.001,DOI:10.1016/j.tbs.2020.01.004,2
DOI:10.1016/j.retrec.2016.04.001,DOI:10.1016/j.trd.2021.102798,2
DOI:10.1016/j.retrec.2016.04.001,DOI:10.1080/19427867.2017.1398484,2
DOI:10.1016/j.retrec.2016.04.001,"PARASURAMAN A, 1988, J RETAILING, V64, P12",2
DOI:10.1080/01944363.2024.2346596,DOI:10.3390/su13020928,2
DOI:10.2753/mtp1069-6679190202,DOI:10.1016/j.jenvp.2006.12.002,2
DOI:10.1016/j.tranpol.2009.06.002,DOI:10.1016/j.eiar.2010.11.001,2
DOI:10.1016/j.tranpol.2009.06.002,DOI:10.1016/j.envsci.2015.10.015,2
DOI:10.1016/j.tranpol.2009.06.002,DOI:10.1016/j.sbspro.2011.08.104,2
DOI:10.1016/j.tranpol.2009.06.002,"SAATY T.L., 1980, ANALYTIC HIERARCHY P",2
DOI:10.1016/s1366-5545(00)00013-2,DOI:10.2307/2228949,2
DOI:10.1016/s1366-5545(00)00013-2,DOI:10.2307/2230320,2
DOI:10.1016/s1366-5545(00)00013-2,DOI:10.1023/a:1022558715350,2
DOI:10.2307/2228949,DOI:10.2307/2230320,2
DOI:10.1016/j.tra.2015.04.003,DOI:10.1016/j.trc.2016.06.015,2
DOI:10.1016/j.tra.2015.04.003,DOI:10.1016/j.trip.2020.100224,2
DOI:10.1016/j.tra.2015.04.003,DOI:10.1007/s40309-015-0071-z,2
DOI:10.1016/j.tra.2019.09.058,DOI:10.1016/j.cstp.2019.11.001,2
DOI:10.1016/j.trc.2016.06.015,DOI:10.1016/j.trip.2020.100224,2
DOI:10.1007/s10640-022-00679-w,DOI:10.1016/j.atmosenv.2024.120422,2
DOI:10.1007/s10640-022-00679-w,DOI:10.1257/pol.20170144,2
DOI:10.1016/j.atmosenv.2024.120422,DOI:10.1257/pol.20170144,2
DOI:10.1016/j.jebo.2021.07.012,DOI:10.1016/j.jue.2024.103643,2
DOI:10.1016/j.jebo.2021.07.012,DOI:10.1257/aer.104.9.2763,2
DOI:10.1016/j.jue.2016.01.001,DOI:10.1257/aer.104.9.2763,2
DOI:10.1016/j.jue.2016.01.001,DOI:10.1257/pol.20150414,2
DOI:10.1016/j.jue.2024.103643,DOI:10.1257/aer.104.9.2763,2
DOI:10.1257/aer.104.9.2763,DOI:10.1257/pol.20150414,2
DOI:10.1257/aer.104.9.2763,DOI:10.1007/s10273-022-3313-2],2
DOI:10.1257/aer.104.9.2763,DOI:10.1257/pol.6.4.1,2
DOI:10.1257/aer.104.9.2763,DOI:10.4324/9781315157375,2
"BÖRJESSON M, 2019, J TRANSP ECON POLICY, V53, P275",DOI:10.1016/j.ecotra.2014.04.003,2
"BÖRJESSON M, 2019, J TRANSP ECON POLICY, V53, P275",DOI:10.1016/j.ecotra.2016.12.001,2
"BÖRJESSON M, 2019, J TRANSP ECON POLICY, V53, P275",DOI:10.1257/pol.6.4.1,2
"BÖRJESSON M, 2019, J TRANSP ECON POLICY, V53, P275",DOI:10.1016/j.retrec.2019.100796,2
DOI:10.1007/s10273-022-3313-2],DOI:10.1257/pol.6.4.1,3
DOI:10.1007/s10273-022-3313-2],DOI:10.4324/9781315157375,2
DOI:10.1007/s10273-022-3313-2],DOI:10.1080/13501763.2022.2094987,2
DOI:10.1016/j.ecotra.2014.04.003,DOI:10.1016/j.ecotra.2016.12.001,2
DOI:10.1016/j.ecotra.2014.04.003,DOI:10.1257/pol.6.4.1,2
DOI:10.1016/j.ecotra.2016.12.001,DOI:10.1257/pol.6.4.1,2
DOI:10.1016/j.tra.2008.03.009,DOI:10.1257/pol.6.4.1,2
DOI:10.1016/j.tra.2008.03.009,DOI:10.1016/j.tra.2011.09.006,2
DOI:10.1257/pol.6.4.1,DOI:10.4324/9781315157375,2
DOI:10.1257/pol.6.4.1,DOI:10.1080/13501763.2022.2094987,2
DOI:10.1257/pol.6.4.1,DOI:10.1016/j.retrec.2009.11.002,2
DOI:10.1257/pol.6.4.1,DOI:10.1080/01441647.2016.1177799,2
DOI:10.1007/s10100-013-0314-7,DOI:10.1016/0377-2217(78)90138-8,2
DOI:10.1016/j.retrec.2016.07.016,DOI:10.3141/2653-06,3
DOI:10.1016/j.retrec.2016.07.016,DOI:10.1016/j.tra.2017.03.015,2
DOI:10.1016/j.retrec.2016.07.016,DOI:10.1080/1464935042000293170,2
DOI:10.1016/j.retrec.2016.07.016,"ZEGRAS C, 2011, URBAN TRANSPORT IN THE DEVELOPING WORLD: A HANDBOOK OF POLICY AND PRACTICE, P548",2
DOI:10.1080/00045608.2013.834236,DOI:10.1080/13658816.2016.1238919,2
DOI:10.3141/2653-06,DOI:10.1016/j.tra.2017.03.015,2
DOI:10.3141/2653-06,DOI:10.1080/1464935042000293170,2
DOI:10.3141/2653-06,"ZEGRAS C, 2011, URBAN TRANSPORT IN THE DEVELOPING WORLD: A HANDBOOK OF POLICY AND PRACTICE, P548",2
DOI:10.1016/j.omega.2018.04.003,DOI:10.1016/j.trc.2020.102889,2
DOI:10.1016/j.trb.2019.05.018,DOI:10.1016/j.tre.2020.102033,2
DOI:10.1080/01441647.2015.1113574,DOI:10.1080/0308106052000340387,2
DOI:10.1080/01441647.2015.1113574,DOI:10.1287/trsc.2014.0578,2
DOI:10.1080/0308106052000340387,DOI:10.1287/trsc.2014.0578,2
DOI:10.1016/j.tra.2013.06.005,DOI:10.1016/j.tranpol.2011.06.003,3
DOI:10.1016/j.tra.2013.06.005,DOI:10.1016/j.tra.2015.04.005,2
DOI:10.1016/j.tra.2013.06.005,"[ANONYMOUS], 2009, [NO TITLE CAPTURED]",2
DOI:10.1016/j.tranpol.2011.06.003,DOI:10.1016/j.tra.2015.04.005,2
DOI:10.1016/j.tranpol.2011.06.003,"[ANONYMOUS], 2009, [NO TITLE CAPTURED]",2
DOI:10.1007/bf00215252,DOI:10.1016/j.tranpol.2011.01.010,2
DOI:10.1007/bf00215252,DOI:10.1080/01441640902786415,2
DOI:10.1007/bf00215252,DOI:10.3141/2544-06,2
DOI:10.1016/j.jtrangeo.2011.12.004,DOI:10.1080/01441640902786415,2
DOI:10.1016/j.jtrangeo.2011.12.004,DOI:10.1007/s11116-015-9585-2,2
DOI:10.1016/j.jtrangeo.2011.12.004,DOI:10.1016/j.apgeog.2019.04.002,2
DOI:10.1016/j.jtrangeo.2011.12.004,DOI:10.1016/j.cities.2019.01.031,2
DOI:10.1016/j.jtrangeo.2011.12.004,DOI:10.1016/j.jtrangeo.2017.08.017,2
DOI:10.1016/j.jtrangeo.2011.12.004,DOI:10.1016/j.tbs.2018.10.003,2
DOI:10.1016/j.jtrangeo.2011.12.004,DOI:10.1016/j.trd.2020.102355,2
DOI:10.1016/j.jtrangeo.2011.12.004,DOI:10.1080/17450101.2013.782848,2
DOI:10.1016/j.jtrangeo.2011.12.004,"VAN WEE B, 2011, EUR J TRANSP INFRAST, V11, P350",2
DOI:10.1016/j.jtrangeo.2011.12.004,DOI:10.1177/0885412217693570,2
DOI:10.1016/j.tranpol.2011.01.010,DOI:10.1080/01441640902786415,2
DOI:10.1016/j.tranpol.2011.01.010,DOI:10.1016/j.tranpol.2018.11.008,3
DOI:10.1080/01441640902786415,DOI:10.1016/j.jth.2018.01.004,2
DOI:10.1080/01441640902786415,DOI:10.1016/j.tra.2011.09.006,2
DOI:10.1023/a:1007113830879,DOI:10.2307/2586011,2
DOI:10.1177/10780870122185109,"STONE CLARENCE., 1989, REGIME POLITICS",2
DOI:10.1016/j.enpol.2021.112310,DOI:10.1016/j.tra.2024.104103,2
DOI:10.1016/j.enpol.2021.112310,DOI:10.1016/j.tranpol.2024.02.022,2
DOI:10.1016/j.tra.2024.104103,DOI:10.1016/j.tranpol.2024.02.022,3
DOI:10.1016/j.tra.2024.104103,DOI:10.1016/j.retrec.2023.101308,2
DOI:10.1016/j.tra.2024.104103,DOI:10.1016/j.rser.2022.112211,2
DOI:10.1016/j.tra.2024.104103,DOI:10.1016/j.seta.2021.101896,2
DOI:10.1016/j.tra.2024.104103,DOI:10.1016/j.tra.2024.103967,2
DOI:10.1016/j.tra.2024.104103,DOI:10.1016/j.tranpol.2023.04.008,2
DOI:10.1016/j.tra.2024.104103,DOI:10.1016/j.trd.2021.102757,2
DOI:10.1016/j.tra.2024.104103,DOI:10.1016/j.trd.2023.103797,2
DOI:10.1016/j.tra.2024.104103,DOI:10.1016/j.apenergy.2023.120903,2
DOI:10.1016/j.tranpol.2024.02.022,DOI:10.1016/j.apenergy.2023.120903,2
DOI:10.1016/j.tranpol.2024.02.022,DOI:10.1080/01441647.2020.1800132,2
"BLIEMER MICHIELC J., 2016, HANDBOOK ON TRANSPORT AND URBAN PLANNING IN THE DEVELOPED WORLD",DOI:10.1080/01441647.2013.860204,2
DOI:10.1007/s11116-016-9692-8,DOI:10.1016/j.tbs.2015.11.002,2
DOI:10.1007/s11116-016-9692-8,DOI:10.1111/j.1559-1816.1998.tb01685.x,2
DOI:10.1007/s11116-016-9692-8,DOI:10.1111/j.1559-1816.2007.00241.x,2
DOI:10.1007/s11116-016-9692-8,DOI:10.1111/j.1559-1816.2010.00600.x,2
DOI:10.1007/s11116-016-9692-8,DOI:10.1155/2014/308674,2
DOI:10.1007/s11116-016-9692-8,DOI:10.3390/atmos10080467,2
DOI:10.1007/s11116-016-9692-8,DOI:10.3390/ijerph14121593,3
DOI:10.1007/s11116-016-9692-8,DOI:10.3390/su11041155,2
DOI:10.1016/j.jenvp.2006.12.002,DOI:10.1111/j.1559-1816.1998.tb01685.x,2
DOI:10.1016/j.jenvp.2006.12.002,DOI:10.1111/j.1559-1816.2002.tb00236.x,2
DOI:10.1016/j.tbs.2015.11.002,DOI:10.1111/j.1559-1816.1998.tb01685.x,2
DOI:10.1016/j.tbs.2015.11.002,DOI:10.1111/j.1559-1816.2010.00600.x,2
DOI:10.1016/j.tbs.2015.11.002,DOI:10.3390/ijerph14121593,2
DOI:10.1111/j.1559-1816.1998.tb01685.x,DOI:10.1111/j.1559-1816.2002.tb00236.x,2
DOI:10.1111/j.1559-1816.1998.tb01685.x,DOI:10.1111/j.1559-1816.2010.00600.x,2
DOI:10.1111/j.1559-1816.1998.tb01685.x,DOI:10.3390/ijerph14121593,2
DOI:10.1111/j.1559-1816.2007.00241.x,DOI:10.1111/j.1559-1816.2010.00600.x,2
DOI:10.1111/j.1559-1816.2007.00241.x,DOI:10.1155/2014/308674,2
DOI:10.1111/j.1559-1816.2007.00241.x,DOI:10.3390/atmos10080467,2
DOI:10.1111/j.1559-1816.2007.00241.x,DOI:10.3390/ijerph14121593,2
DOI:10.1111/j.1559-1816.2007.00241.x,DOI:10.3390/su11041155,2
DOI:10.1111/j.1559-1816.2010.00600.x,DOI:10.3390/ijerph14121593,2
DOI:10.1155/2014/308674,DOI:10.3390/atmos10080467,2
DOI:10.1155/2014/308674,DOI:10.3390/ijerph14121593,2
DOI:10.1155/2014/308674,DOI:10.3390/su11041155,2
DOI:10.3390/atmos10080467,DOI:10.3390/ijerph14121593,2
DOI:10.3390/atmos10080467,DOI:10.3390/su11041155,2
DOI:10.3390/atmos10080467,DOI:10.1051/matecconf/20164703008,2
DOI:10.3390/ijerph14121593,DOI:10.3390/su11041155,2
DOI:10.1016/j.cities.2014.11.003,DOI:10.1016/j.tranpol.2018.01.001,2
DOI:10.1016/j.cities.2014.11.003,DOI:10.1016/j.trd.2014.05.016,2
DOI:10.1016/j.cities.2014.11.003,DOI:10.1016/j.tre.2014.09.011,2
DOI:10.1016/j.cities.2014.11.003,DOI:10.1016/s1570-6672(08)60027-6,3
DOI:10.1016/j.cities.2014.11.003,DOI:10.1057/palgrave.jors.2601336,2
DOI:10.1016/j.cities.2014.11.003,"BERNARDINO JPR, 2013, EUR J TRANSP INFRAST, V13, P239",2
DOI:10.1016/j.cities.2014.11.003,DOI:10.1016/0965-8564(94)90022-1,2
DOI:10.1016/j.cities.2014.11.003,DOI:10.1080/15568318.2012.696772,2
DOI:10.1016/j.cities.2014.11.003,DOI:10.1080/21680566.2014.916236,3
DOI:10.1016/j.cities.2014.11.003,"STERMAN J.D., 2000, BUSINESS DYNAMICS",2
DOI:10.1016/j.cities.2014.11.003,DOI:10.1016/j.tranpol.2014.10.017,3
DOI:10.1016/j.cities.2014.11.003,DOI:10.1002/9781119176831,2
DOI:10.1016/j.jtrangeo.2021.103167,DOI:10.3390/su13010364,2
DOI:10.3390/su13010364,DOI:10.1016/j.tranpol.2020.07.001,2
DOI:10.1002/eet.1777,DOI:10.1016/j.erss.2018.07.008,2
DOI:10.1002/eet.1777,DOI:10.1016/j.jtrangeo.2012.01.021,2
DOI:10.1016/j.erss.2018.07.008,DOI:10.1016/j.jtrangeo.2012.01.021,2
DOI:10.1016/j.jtrangeo.2012.01.021,DOI:10.1016/j.respol.2007.01.003,2
DOI:10.1016/j.jtrangeo.2012.01.021,DOI:10.1016/j.respol.2010.01.023,2
DOI:10.1016/j.jtrangeo.2012.01.021,DOI:10.1016/j.tra.2011.09.005,2
DOI:10.1016/j.jtrangeo.2012.01.021,DOI:10.1016/s0048-7333(02)00062-8,2
DOI:10.1016/j.jtrangeo.2012.01.021,DOI:10.1111/j.1467-9299.2009.01753.x,2
DOI:10.1016/j.jtrangeo.2012.01.021,DOI:10.1177/0263276414531627,2
DOI:10.1016/j.jtrangeo.2012.01.021,DOI:10.1007/s11077-009-9102-6,2
DOI:10.1016/j.jtrangeo.2012.01.021,DOI:10.3390/su7067086,2
DOI:10.1016/j.jtrangeo.2012.01.021,DOI:10.1016/j.respol.2015.09.008,2
DOI:10.1016/j.jtrangeo.2012.01.021,DOI:10.1016/j.urbmob.2021.100009,2
DOI:10.1016/j.jtrangeo.2012.01.021,DOI:10.3390/su12208436,2
DOI:10.1016/j.jtrangeo.2012.01.021,DOI:10.1080/09644016.2019.1521979,2
DOI:10.1016/j.jtrangeo.2012.01.021,DOI:10.1016/j.enpol.2012.04.060,2
DOI:10.1016/j.respol.2005.07.005,"SPERLING D., 2018, 3 REVOLUTIONS STEERI",2
DOI:10.1016/j.respol.2007.01.003,DOI:10.1016/j.respol.2010.01.023,2
DOI:10.1016/j.respol.2007.01.003,DOI:10.1016/j.respol.2013.10.010,2
DOI:10.1016/j.respol.2007.01.003,DOI:10.1016/j.tra.2011.09.005,2
DOI:10.1016/j.respol.2007.01.003,DOI:10.1016/s0048-7333(02)00062-8,2
DOI:10.1016/j.respol.2010.01.023,DOI:10.1016/j.tra.2011.09.005,2
DOI:10.1016/j.respol.2013.10.010,DOI:10.1016/s0048-7333(02)00062-8,2
DOI:10.1016/s0048-7333(02)00062-8,DOI:10.1177/0263276414531627,2
DOI:10.1016/s0048-7333(02)00062-8,DOI:10.1016/j.respol.2011.12.012,2
DOI:10.1016/s0048-7333(02)00062-8,DOI:10.1016/j.respol.2015.09.008,2
DOI:10.1111/j.1467-9299.2009.01753.x,DOI:10.1177/0275074016643181,2
DOI:10.1111/j.1467-9299.2009.01753.x,DOI:10.1016/j.tranpol.2019.05.018,2
DOI:10.1177/0263276414531627,DOI:10.1016/j.techfore.2017.09.002,2
"GUY PETERSB., 2013, THE SAGE HANDBOOK OF GOVERNANCE, P78","HERITIER ADRIENNE., 2002, COMMON GOODS: REINVENTING EUROPEAN INTEGRATION GOVERNANCE",2
DOI:10.1002/atr.1429,DOI:10.1016/j.cstp.2021.08.001,2
DOI:10.1002/atr.1429,DOI:10.1016/j.progress.2009.11.001,2
DOI:10.1002/atr.1429,DOI:10.1016/s0967-070x(03)00053-2,3
DOI:10.1002/atr.1429,DOI:10.5038/2375-0901.13.1.4,3
DOI:10.1002/atr.1429,DOI:10.5038/2375-0901.19.3.2,3
DOI:10.1002/atr.1429,"INAYATHUSEIN A., 2018, LONDONS ACCESSIBILIT",2
DOI:10.1002/atr.1429,"ADHVARYU B., 2019, ECON. POLITICAL WKLY, V54, P17",2
DOI:10.1016/j.cstp.2021.08.001,DOI:10.1016/s0967-070x(03)00053-2,2
DOI:10.1016/j.cstp.2021.08.001,DOI:10.5038/2375-0901.13.1.4,2
DOI:10.1016/j.cstp.2021.08.001,DOI:10.5038/2375-0901.19.3.2,2
DOI:10.1016/j.progress.2009.11.001,DOI:10.1016/s0967-070x(03)00053-2,2
DOI:10.1016/j.progress.2009.11.001,DOI:10.5038/2375-0901.13.1.4,2
DOI:10.1016/j.progress.2009.11.001,DOI:10.5038/2375-0901.19.3.2,3
DOI:10.1016/j.progress.2009.11.001,"INAYATHUSEIN A., 2018, LONDONS ACCESSIBILIT",2
DOI:10.1016/j.progress.2009.11.001,"ADHVARYU B., 2019, ECON. POLITICAL WKLY, V54, P17",2
DOI:10.1016/s0967-070x(03)00053-2,DOI:10.5038/2375-0901.13.1.4,3
DOI:10.1016/s0967-070x(03)00053-2,DOI:10.5038/2375-0901.19.3.2,3
DOI:10.1016/s0967-070x(03)00053-2,"INAYATHUSEIN A., 2018, LONDONS ACCESSIBILIT",2
DOI:10.1016/s0967-070x(03)00053-2,"ADHVARYU B., 2019, ECON. POLITICAL WKLY, V54, P17",2
DOI:10.5038/2375-0901.13.1.4,DOI:10.5038/2375-0901.19.3.2,3
DOI:10.5038/2375-0901.13.1.4,"INAYATHUSEIN A., 2018, LONDONS ACCESSIBILIT",2
DOI:10.5038/2375-0901.13.1.4,"ADHVARYU B., 2019, ECON. POLITICAL WKLY, V54, P17",2
DOI:10.5038/2375-0901.19.3.2,"INAYATHUSEIN A., 2018, LONDONS ACCESSIBILIT",2
DOI:10.5038/2375-0901.19.3.2,"ADHVARYU B., 2019, ECON. POLITICAL WKLY, V54, P17",3
DOI:10.1016/j.tra.2008.09.007,DOI:10.1016/j.tranpol.2011.11.001,2
"DITTMAR H., 1992, SOCIAL PSYCHOL MAT P",DOI:10.1016/s1369-8478(01)00020-1],2
DOI:10.1080/01442870902863851,DOI:10.1111/0952-1895.00121,3
DOI:10.1080/01442870902863851,DOI:10.1016/j.tranpol.2010.10.009,2
DOI:10.1080/01442870902863851,DOI:10.1177/0002716204272372,2
DOI:10.1080/01442870902863851,DOI:10.1017/s0007123405000050,2
DOI:10.1080/01442870902863851,DOI:10.1080/01442870902863828,2
DOI:10.1111/0952-1895.00121,DOI:10.1017/s0007123405000050,2
DOI:10.1111/0952-1895.00121,DOI:10.1080/01442870902863828,2
DOI:10.1111/0952-1895.00121,DOI:10.1080/13501760500161357,2
DOI:10.1111/0952-1895.00121,DOI:10.1111/j.1478-9302.2011.00240.x,2
DOI:10.3390/su7067784,DOI:10.1007/978-3-319-75774-2_46,2
DOI:10.3390/su7067784,DOI:10.1016/j.retrec.2016.04.008,2
DOI:10.3390/su7067784,DOI:10.1093/eurpub/ckac069,2
DOI:10.3390/su7067784,DOI:10.1016/0965-8564(94)90022-1,2
DOI:10.3390/su7067784,DOI:10.1016/s1570-6672(08)60027-6,2
DOI:10.3390/su7067784,DOI:10.1080/21680566.2014.916236,2
DOI:10.1016/j.apgeog.2014.06.008,DOI:10.1016/j.jtrangeo.2013.11.002,2
DOI:10.1016/j.apgeog.2014.06.008,DOI:10.5038/2375-0901.8.5.3],2
DOI:10.1016/j.tra.2015.10.007,DOI:10.1016/j.trc.2019.02.013,2
DOI:10.1016/j.tra.2019.01.015,DOI:10.1016/j.tranpol.2019.02.004,2
DOI:10.1016/j.tra.2015.04.005,"[ANONYMOUS], 2009, [NO TITLE CAPTURED]",2
DOI:10.1596/33466],DOI:10.17645/si.v4i3.479,2
"ANIMAL MEDICINES AUSTRALIA, 2016, PET SIZE-O-METER",DOI:10.1016/j.jveb.2010.11.002,2
"ANIMAL MEDICINES AUSTRALIA, 2016, PET SIZE-O-METER",DOI:10.1016/j.tra.2017.09.014,2
"ANIMAL MEDICINES AUSTRALIA, 2016, PET SIZE-O-METER",DOI:10.1080/10304312.2014.966404,2
"ANIMAL MEDICINES AUSTRALIA, 2016, PET SIZE-O-METER","TRANSPORT FOR NSW, 2018, FUT TRANSP STRAT 205",2
DOI:10.1016/j.jveb.2010.11.002,DOI:10.1016/j.tra.2017.09.014,2
DOI:10.1016/j.jveb.2010.11.002,DOI:10.1080/10304312.2014.966404,2
DOI:10.1016/j.jveb.2010.11.002,"TRANSPORT FOR NSW, 2018, FUT TRANSP STRAT 205",2
DOI:10.1016/j.tra.2017.09.014,DOI:10.1080/10304312.2014.966404,2
DOI:10.1016/j.tra.2017.09.014,"TRANSPORT FOR NSW, 2018, FUT TRANSP STRAT 205",2
DOI:10.1080/08111146.2016.1272448,DOI:10.1177/0042098015602649,2
DOI:10.1080/10304312.2014.966404,"TRANSPORT FOR NSW, 2018, FUT TRANSP STRAT 205",2
DOI:10.1016/j.healthplace.2012.01.003,DOI:10.1016/j.jtrangeo.2008.08.003,2
DOI:10.1016/j.envsci.2015.10.015,DOI:10.1016/j.jtrangeo.2013.07.004,2
DOI:10.1016/j.envsci.2015.10.015,DOI:10.1016/j.jtrangeo.2018.02.006,2
DOI:10.1016/j.envsci.2015.10.015,DOI:10.1016/j.landusepol.2016.11.015,3
DOI:10.1016/j.envsci.2015.10.015,DOI:10.1016/j.rtbm.2017.05.003,2
DOI:10.1016/j.envsci.2015.10.015,DOI:10.1016/j.sbspro.2012.03.091,2
DOI:10.1016/j.envsci.2015.10.015,DOI:10.1016/j.scs.2018.01.029,2
DOI:10.1016/j.envsci.2015.10.015,DOI:10.1016/j.trpro.2014.11.026,2
DOI:10.1016/j.envsci.2015.10.015,DOI:10.1016/j.trpro.2017.05.103,2
DOI:10.1016/j.envsci.2015.10.015,DOI:10.3390/su10020479,3
DOI:10.1016/j.envsci.2015.10.015,DOI:10.3390/su11102929,2
DOI:10.1016/j.envsci.2015.10.015,"GOTA S., 2015, INTENDED NATL DETERM",2
DOI:10.1016/j.envsci.2015.10.015,DOI:10.3390/su11174605,2
DOI:10.1016/j.envsci.2015.10.015,DOI:10.1016/j.eiar.2010.11.001,2
DOI:10.1016/j.envsci.2015.10.015,DOI:10.1016/j.sbspro.2011.08.104,2
DOI:10.1016/j.envsci.2015.10.015,DOI:10.1016/j.tranpol.2006.06.001,2
DOI:10.1016/j.envsci.2015.10.015,DOI:10.1016/j.tranpol.2014.11.002,2
DOI:10.1016/j.envsci.2015.10.015,"SAATY T.L., 1980, ANALYTIC HIERARCHY P",3
DOI:10.1016/j.envsci.2015.10.015,DOI:10.1007/s10479-014-1681-8,2
DOI:10.1016/j.cstp.2018.09.011,DOI:10.1016/j.jtrangeo.2018.08.012,2
DOI:10.1016/j.cstp.2018.09.011,"VAN WEE B, 2011, EUR J TRANSP INFRAST, V11, P350",2
DOI:10.1016/j.tranpol.2020.05.009,DOI:10.1057/sj.2014.9,2
DOI:10.1016/j.tranpol.2020.05.009,DOI:10.1080/0966369x.2015.1034240,2
DOI:10.1016/j.trd.2019.102212,DOI:10.3141/2544-06,2
DOI:10.1057/sj.2014.9,DOI:10.1080/0966369x.2015.1034240,2
DOI:10.1111/j.0309-1317.2004.00549.x,DOI:10.1155/2017/1812045,3
DOI:10.1111/j.0309-1317.2004.00549.x,"SHELLER MIMI., 2018, MOBILITY JUSTICE POL",2
DOI:10.1111/j.0309-1317.2004.00549.x,"VAN WEE B, 2011, EUR J TRANSP INFRAST, V11, P350",3
DOI:10.1111/j.0309-1317.2004.00549.x,DOI:10.1016/j.jtrangeo.2012.04.014,2
DOI:10.1111/j.0309-1317.2004.00549.x,DOI:10.1016/j.tranpol.2009.02.003,2
DOI:10.1111/j.0309-1317.2004.00549.x,DOI:10.1016/s0966-6923(02)00012-1,2
DOI:10.1111/j.0309-1317.2004.00549.x,DOI:10.1007/978-3-030-19581-6_2,2
DOI:10.1111/j.0309-1317.2004.00549.x,DOI:10.1007/s11116-015-9585-2,2
DOI:10.1111/j.0309-1317.2004.00549.x,DOI:10.1080/17450100600726654],2
DOI:10.1111/j.0309-1317.2004.00549.x,DOI:10.1186/s40410-017-0071-3,2
DOI:10.1155/2017/1812045,"SHELLER MIMI., 2018, MOBILITY JUSTICE POL",2
DOI:10.1155/2017/1812045,"VAN WEE B, 2011, EUR J TRANSP INFRAST, V11, P350",3
DOI:10.1155/2017/1812045,DOI:10.1007/978-3-030-19581-6_2,2
DOI:10.1155/2017/1812045,DOI:10.1007/s11116-015-9585-2,2
DOI:10.1155/2017/1812045,DOI:10.1080/17450100600726654],2
DOI:10.1155/2017/1812045,DOI:10.1186/s40410-017-0071-3,2
"SHELLER MIMI., 2018, MOBILITY JUSTICE POL","VAN WEE B, 2011, EUR J TRANSP INFRAST, V11, P350",2
"SHELLER MIMI., 2018, MOBILITY JUSTICE POL",DOI:10.1016/j.jtrangeo.2020.102798,2
"SHELLER MIMI., 2018, MOBILITY JUSTICE POL",DOI:10.1177/08854122211012898,2
"SHELLER MIMI., 2018, MOBILITY JUSTICE POL","LODOVICI M.S., 2015, SOCIAL INCLUSION IN EU PUBLIC TRANSPORT",2
"SHELLER MIMI., 2018, MOBILITY JUSTICE POL",DOI:10.1016/j.techfore.2017.09.002,2
"VAN WEE B, 2011, EUR J TRANSP INFRAST, V11, P350",DOI:10.1007/s11116-015-9585-2,4
"VAN WEE B, 2011, EUR J TRANSP INFRAST, V11, P350",DOI:10.1016/j.cities.2019.01.031,2
"VAN WEE B, 2011, EUR J TRANSP INFRAST, V11, P350",DOI:10.1016/j.cstp.2020.09.007,2
"VAN WEE B, 2011, EUR J TRANSP INFRAST, V11, P350",DOI:10.1016/j.jtrangeo.2017.08.017,2
"VAN WEE B, 2011, EUR J TRANSP INFRAST, V11, P350",DOI:10.1016/j.jtrangeo.2018.12.005,2
"VAN WEE B, 2011, EUR J TRANSP INFRAST, V11, P350",DOI:10.1080/01441647.2020.1711828,3
"VAN WEE B, 2011, EUR J TRANSP INFRAST, V11, P350",DOI:10.5070/bp319111486,2
"VAN WEE B, 2011, EUR J TRANSP INFRAST, V11, P350",DOI:10.1016/j.apgeog.2019.04.002,2
"VAN WEE B, 2011, EUR J TRANSP INFRAST, V11, P350",DOI:10.1016/j.tbs.2018.10.003,2
"VAN WEE B, 2011, EUR J TRANSP INFRAST, V11, P350",DOI:10.1080/17450101.2013.782848,2
"VAN WEE B, 2011, EUR J TRANSP INFRAST, V11, P350","UNITED NATIONS HUMAN SETTLEMENTS PROGRAMME, 2013, PLANN DES SUST URB M",2
"VAN WEE B, 2011, EUR J TRANSP INFRAST, V11, P350",DOI:10.1007/978-3-030-19581-6_2,2
"VAN WEE B, 2011, EUR J TRANSP INFRAST, V11, P350",DOI:10.1080/17450100600726654],2
"VAN WEE B, 2011, EUR J TRANSP INFRAST, V11, P350",DOI:10.1186/s40410-017-0071-3,2
"CURTIS C., 2012, I BARRIERS SUSTAINAB",DOI:10.1177/0042098015602649,2
DOI:10.1016/j.cstp.2017.12.003,"[ANONYMOUS], 1999, TRANSPORT POLICY",2
DOI:10.1016/j.cstp.2017.12.003,DOI:10.1093/jopart/mum032,2
DOI:10.1016/j.jtrangeo.2008.06.005,DOI:10.1177/0885412217693570,2
DOI:10.1016/j.jtrangeo.2008.06.005,DOI:10.1016/j.jtrangeo.2013.06.015,2
DOI:10.1016/j.jtrangeo.2008.06.005,DOI:10.1016/j.tranpol.2013.06.004,2
DOI:10.1016/j.jtrangeo.2008.06.005,DOI:10.1080/01441647.2015.1065456,2
DOI:10.1016/j.jtrangeo.2008.06.005,DOI:10.1016/j.tra.2018.03.030,2
DOI:10.1080/0811114042000269308,DOI:10.1111/1477-8947.12093,2
DOI:10.1016/j.tranpol.2010.10.009,"RIETVELD PIET., 2005, BARRIERS TO SUSTAINABLE TRANSPORT. INSTITUTIONS",2
DOI:10.1007/978-3-642-03456-5_24,DOI:10.1109/tits.2008.915650,2
DOI:10.1007/s11116-010-9306-9,DOI:10.1016/j.tra.2015.05.005,2
DOI:10.1007/s11116-010-9306-9,DOI:10.1016/j.trd.2016.08.038,2
DOI:10.1016/j.cities.2015.09.005,DOI:10.1016/j.tra.2015.08.001,2
DOI:10.1016/s0019-8501(03)00055-5,DOI:10.2307/1251430,2
DOI:10.1007/s11116-009-9221-0,DOI:10.1016/j.tranpol.2014.05.017,2
DOI:10.1007/s11116-009-9221-0,DOI:10.1080/01441647.2015.1065456,2
DOI:10.1016/j.cstp.2014.07.005,DOI:10.1016/j.tranpol.2010.10.006,2
DOI:10.1016/j.cstp.2014.10.002,DOI:10.1016/j.jtrangeo.2012.04.014,2
DOI:10.1016/j.cstp.2014.10.002,DOI:10.1057/s41599-018-0130-8,2
DOI:10.1016/j.jtrangeo.2012.04.014,DOI:10.1016/j.tranpol.2009.02.003,2
DOI:10.1016/j.jtrangeo.2012.04.014,DOI:10.1016/s0966-6923(02)00012-1,2
DOI:10.1016/j.jtrangeo.2013.06.015,DOI:10.1080/01441647.2015.1065456,2
DOI:10.1016/j.jtrangeo.2013.11.002,DOI:10.5038/2375-0901.8.5.3],2
DOI:10.1016/j.jtrangeo.2015.08.016,DOI:10.1016/j.jtrangeo.2018.12.005,2
DOI:10.1016/j.tranpol.2010.10.006,"FORRESTER J, 2009, EUR J TRANSP INFRAST, V9, P314",2
DOI:10.1016/j.tranpol.2010.10.006,DOI:10.1111/j.1478-9302.2011.00240.x,2
DOI:10.1016/j.tranpol.2014.05.017,DOI:10.1080/01441647.2015.1065456,2
DOI:10.1016/j.jtte.2021.07.004,DOI:10.1016/j.trd.2018.01.031,2
DOI:10.1016/j.tbs.2018.09.002,DOI:10.1023/a:1010933404324,2
DOI:10.1007/bf01936872,"AN F., 1993, TRANSPORT RES REC, P105",2
DOI:10.1007/bf01936872,"BAKER M. A., 1994, THESIS",2
DOI:10.1007/bf01936872,DOI:10.1016/j.jtrangeo.2014.11.004,2
DOI:10.1007/bf01936872,DOI:10.1016/j.trd.2015.04.013,2
DOI:10.1007/bf01936872,DOI:10.1080/02693799108927856,2
DOI:10.1007/bf01936872,DOI:10.1080/13658810802097485,2
DOI:10.1007/bf01936872,DOI:10.1111/j.1467-8667.2012.00756.x,2
DOI:10.1007/bf01936872,DOI:10.1111/j.1538-4632.1999.tb00976.x,2
DOI:10.2307/j.ctvjf9z6v,"KITA H., 2023, P INFRASTRUCTURE PLA, V67, PD08",2
DOI:10.2307/j.ctvjf9z6v,"RUPPRECHT CONSULT, 2019, GUIDELINES FOR DEVELOPING AND IMPLEMENTING A SUSTAINABLE URBAN MOBILITY PLAN, VSECOND",2
DOI:10.2307/j.ctvjf9z6v,"SASAKI KOUMEI, 2012, J. TRANSP. POL. RES., V14, P2",2
DOI:10.2307/j.ctvjf9z6v,"SAWAI H., 2021, J. JPN. SOC. CIVIL ENG. D3, V76, PI1155",2
DOI:10.2307/j.ctvjf9z6v,"SEN A., 1987, COMMODITIES AND CAPABILITIES",2
DOI:10.2307/j.ctvjf9z6v,"TAKARAZUKA CITY, 2023, TAKARAZUKA CITY LOCAL PUBLIC TRANSPORT PLAN",2
DOI:10.2307/j.ctvjf9z6v,"TRANSPORTATION RESEARCH BOARD, 2000, REPORT NO446",2
"KITA H., 2023, P INFRASTRUCTURE PLA, V67, PD08","RUPPRECHT CONSULT, 2019, GUIDELINES FOR DEVELOPING AND IMPLEMENTING A SUSTAINABLE URBAN MOBILITY PLAN, VSECOND",2
"KITA H., 2023, P INFRASTRUCTURE PLA, V67, PD08","SASAKI KOUMEI, 2012, J. TRANSP. POL. RES., V14, P2",2
"KITA H., 2023, P INFRASTRUCTURE PLA, V67, PD08","SAWAI H., 2021, J. JPN. SOC. CIVIL ENG. D3, V76, PI1155",2
"KITA H., 2023, P INFRASTRUCTURE PLA, V67, PD08","SEN A., 1987, COMMODITIES AND CAPABILITIES",2
"KITA H., 2023, P INFRASTRUCTURE PLA, V67, PD08","TAKARAZUKA CITY, 2023, TAKARAZUKA CITY LOCAL PUBLIC TRANSPORT PLAN",2
"KITA H., 2023, P INFRASTRUCTURE PLA, V67, PD08","TRANSPORTATION RESEARCH BOARD, 2000, REPORT NO446",2
"RUPPRECHT CONSULT, 2019, GUIDELINES FOR DEVELOPING AND IMPLEMENTING A SUSTAINABLE URBAN MOBILITY PLAN, VSECOND","SASAKI KOUMEI, 2012, J. TRANSP. POL. RES., V14, P2",2
"RUPPRECHT CONSULT, 2019, GUIDELINES FOR DEVELOPING AND IMPLEMENTING A SUSTAINABLE URBAN MOBILITY PLAN, VSECOND","SAWAI H., 2021, J. JPN. SOC. CIVIL ENG. D3, V76, PI1155",2
"RUPPRECHT CONSULT, 2019, GUIDELINES FOR DEVELOPING AND IMPLEMENTING A SUSTAINABLE URBAN MOBILITY PLAN, VSECOND","SEN A., 1987, COMMODITIES AND CAPABILITIES",2
"RUPPRECHT CONSULT, 2019, GUIDELINES FOR DEVELOPING AND IMPLEMENTING A SUSTAINABLE URBAN MOBILITY PLAN, VSECOND","TAKARAZUKA CITY, 2023, TAKARAZUKA CITY LOCAL PUBLIC TRANSPORT PLAN",2
"RUPPRECHT CONSULT, 2019, GUIDELINES FOR DEVELOPING AND IMPLEMENTING A SUSTAINABLE URBAN MOBILITY PLAN, VSECOND","TRANSPORTATION RESEARCH BOARD, 2000, REPORT NO446",2
"RUPPRECHT CONSULT, 2019, GUIDELINES FOR DEVELOPING AND IMPLEMENTING A SUSTAINABLE URBAN MOBILITY PLAN, VSECOND","MANIWA CITY, 2016, MANIWA CITY LOCAL PUBLIC TRANSPORT NETWORK FORMATION PLAN",2
"RUPPRECHT CONSULT, 2019, GUIDELINES FOR DEVELOPING AND IMPLEMENTING A SUSTAINABLE URBAN MOBILITY PLAN, VSECOND","MAY A., 2016, CH4LLENGE MEASURE SELECTION MANUAL - SELECTING THE MOST EFFECTIVE PACKAGES OF MEASURES FOR SUSTAINABLE URBAN MOBILITY PLANS",2
"RUPPRECHT CONSULT, 2019, GUIDELINES FOR DEVELOPING AND IMPLEMENTING A SUSTAINABLE URBAN MOBILITY PLAN, VSECOND",DOI:10.1007/s12544-017-0224-1,3
"RUPPRECHT CONSULT, 2019, GUIDELINES FOR DEVELOPING AND IMPLEMENTING A SUSTAINABLE URBAN MOBILITY PLAN, VSECOND",DOI:10.1016/j.cstp.2014.09.001,4
"RUPPRECHT CONSULT, 2019, GUIDELINES FOR DEVELOPING AND IMPLEMENTING A SUSTAINABLE URBAN MOBILITY PLAN, VSECOND",DOI:10.1016/j.cstp.2020.08.005,2
"RUPPRECHT CONSULT, 2019, GUIDELINES FOR DEVELOPING AND IMPLEMENTING A SUSTAINABLE URBAN MOBILITY PLAN, VSECOND",DOI:10.1016/j.retrec.2016.04.008,3
"RUPPRECHT CONSULT, 2019, GUIDELINES FOR DEVELOPING AND IMPLEMENTING A SUSTAINABLE URBAN MOBILITY PLAN, VSECOND",DOI:10.3390/su10020479,2
"RUPPRECHT CONSULT, 2019, GUIDELINES FOR DEVELOPING AND IMPLEMENTING A SUSTAINABLE URBAN MOBILITY PLAN, VSECOND",DOI:10.1016/j.cities.2022.103873,2
"RUPPRECHT CONSULT, 2019, GUIDELINES FOR DEVELOPING AND IMPLEMENTING A SUSTAINABLE URBAN MOBILITY PLAN, VSECOND",DOI:10.1016/j.rtbm.2021.100621,4
"RUPPRECHT CONSULT, 2019, GUIDELINES FOR DEVELOPING AND IMPLEMENTING A SUSTAINABLE URBAN MOBILITY PLAN, VSECOND",DOI:10.3390/su12208436,3
"RUPPRECHT CONSULT, 2019, GUIDELINES FOR DEVELOPING AND IMPLEMENTING A SUSTAINABLE URBAN MOBILITY PLAN, VSECOND","RUPPRECHT CONSULT, 2013, GUIDELINES. DEVELOPING AND IMPLEMENTING A SUSTAINABLE URBAN MOBILITY PLAN",2
"RUPPRECHT CONSULT, 2019, GUIDELINES FOR DEVELOPING AND IMPLEMENTING A SUSTAINABLE URBAN MOBILITY PLAN, VSECOND","[ANONYMOUS], 2013, SWD (2013) 524 FINAL",2
"RUPPRECHT CONSULT, 2019, GUIDELINES FOR DEVELOPING AND IMPLEMENTING A SUSTAINABLE URBAN MOBILITY PLAN, VSECOND",DOI:10.1016/j.jth.2016.07.003,2
"RUPPRECHT CONSULT, 2019, GUIDELINES FOR DEVELOPING AND IMPLEMENTING A SUSTAINABLE URBAN MOBILITY PLAN, VSECOND",DOI:10.1007/978-3-030-57764-3_16,2
"RUPPRECHT CONSULT, 2019, GUIDELINES FOR DEVELOPING AND IMPLEMENTING A SUSTAINABLE URBAN MOBILITY PLAN, VSECOND",DOI:10.1016/j.tra.2016.03.012,2
"RUPPRECHT CONSULT, 2019, GUIDELINES FOR DEVELOPING AND IMPLEMENTING A SUSTAINABLE URBAN MOBILITY PLAN, VSECOND",DOI:10.1016/j.trpro.2014.11.026,2
"RUPPRECHT CONSULT, 2019, GUIDELINES FOR DEVELOPING AND IMPLEMENTING A SUSTAINABLE URBAN MOBILITY PLAN, VSECOND",DOI:10.1080/00343404.2022.2058699,2
"RUPPRECHT CONSULT, 2019, GUIDELINES FOR DEVELOPING AND IMPLEMENTING A SUSTAINABLE URBAN MOBILITY PLAN, VSECOND",DOI:10.1080/15568318.2013.821008,2
"SASAKI KOUMEI, 2012, J. TRANSP. POL. RES., V14, P2","SAWAI H., 2021, J. JPN. SOC. CIVIL ENG. D3, V76, PI1155",2
"SASAKI KOUMEI, 2012, J. TRANSP. POL. RES., V14, P2","SEN A., 1987, COMMODITIES AND CAPABILITIES",2
"SASAKI KOUMEI, 2012, J. TRANSP. POL. RES., V14, P2","TAKARAZUKA CITY, 2023, TAKARAZUKA CITY LOCAL PUBLIC TRANSPORT PLAN",2
"SASAKI KOUMEI, 2012, J. TRANSP. POL. RES., V14, P2","TRANSPORTATION RESEARCH BOARD, 2000, REPORT NO446",2
"SAWAI H., 2021, J. JPN. SOC. CIVIL ENG. D3, V76, PI1155","SEN A., 1987, COMMODITIES AND CAPABILITIES",2
"SAWAI H., 2021, J. JPN. SOC. CIVIL ENG. D3, V76, PI1155","TAKARAZUKA CITY, 2023, TAKARAZUKA CITY LOCAL PUBLIC TRANSPORT PLAN",2
"SAWAI H., 2021, J. JPN. SOC. CIVIL ENG. D3, V76, PI1155","TRANSPORTATION RESEARCH BOARD, 2000, REPORT NO446",2
"SEN A., 1987, COMMODITIES AND CAPABILITIES","TAKARAZUKA CITY, 2023, TAKARAZUKA CITY LOCAL PUBLIC TRANSPORT PLAN",2
"SEN A., 1987, COMMODITIES AND CAPABILITIES","TRANSPORTATION RESEARCH BOARD, 2000, REPORT NO446",2
"TAKARAZUKA CITY, 2023, TAKARAZUKA CITY LOCAL PUBLIC TRANSPORT PLAN","TRANSPORTATION RESEARCH BOARD, 2000, REPORT NO446",2
DOI:10.1023/a:1022558715350,DOI:10.1068/a36137,2
DOI:10.1007/s11116-012-9388-7,DOI:10.1016/b978-0-12-814818-1.00002-0,2
DOI:10.1007/s11116-012-9388-7,DOI:10.1016/j.cities.2019.01.031,2
DOI:10.1007/s11116-012-9388-7,DOI:10.1016/j.tra.2016.07.003,2
DOI:10.1007/s11116-015-9585-2,DOI:10.1016/j.cities.2019.01.031,2
DOI:10.1007/s11116-015-9585-2,DOI:10.1016/j.cstp.2020.09.007,2
DOI:10.1007/s11116-015-9585-2,DOI:10.1016/j.jtrangeo.2017.08.017,2
DOI:10.1007/s11116-015-9585-2,DOI:10.1016/j.jtrangeo.2018.12.005,2
DOI:10.1007/s11116-015-9585-2,DOI:10.1080/01441647.2020.1711828,3
DOI:10.1007/s11116-015-9585-2,DOI:10.5070/bp319111486,2
DOI:10.1007/s11116-015-9585-2,DOI:10.1016/j.apgeog.2019.04.002,2
DOI:10.1007/s11116-015-9585-2,DOI:10.1016/j.tbs.2018.10.003,2
DOI:10.1007/s11116-015-9585-2,DOI:10.1080/17450101.2013.782848,2
DOI:10.1007/s11116-015-9585-2,"UNITED NATIONS HUMAN SETTLEMENTS PROGRAMME, 2013, PLANN DES SUST URB M",2
DOI:10.1007/s11116-015-9585-2,DOI:10.1007/978-3-030-19581-6_2,2
DOI:10.1007/s11116-015-9585-2,DOI:10.1080/17450100600726654],2
DOI:10.1007/s11116-015-9585-2,DOI:10.1186/s40410-017-0071-3,2
DOI:10.1016/b978-0-12-814818-1.00002-0,DOI:10.1016/j.cities.2019.01.031,2
DOI:10.1016/j.cities.2019.01.031,DOI:10.1016/j.cstp.2020.09.007,2
DOI:10.1016/j.cities.2019.01.031,DOI:10.1016/j.jtrangeo.2017.08.017,2
DOI:10.1016/j.cities.2019.01.031,DOI:10.1080/01441647.2020.1711828,2
DOI:10.1016/j.cities.2019.01.031,DOI:10.5070/bp319111486,2
DOI:10.1016/j.cstp.2020.09.007,DOI:10.1016/j.jtrangeo.2017.08.017,2
DOI:10.1016/j.cstp.2020.09.007,DOI:10.1080/01441647.2020.1711828,2
DOI:10.1016/j.cstp.2020.09.007,DOI:10.5070/bp319111486,2
DOI:10.1016/j.jtrangeo.2017.08.017,DOI:10.1080/01441647.2020.1711828,2
DOI:10.1016/j.jtrangeo.2017.08.017,DOI:10.5070/bp319111486,2
DOI:10.1080/01441647.2020.1711828,DOI:10.5070/bp319111486,2
DOI:10.1080/01441647.2020.1711828,"UNITED NATIONS HUMAN SETTLEMENTS PROGRAMME, 2013, PLANN DES SUST URB M",2
DOI:10.1515/auk-2006-0207,DOI:10.5070/bp319111486,2
DOI:10.3390/su11071965,DOI:10.1016/j.trpro.2017.05.103,2
DOI:10.3390/su11071965,"[ANONYMOUS], 1987, OUR COMMON FUTURE",2
DOI:10.3390/su11071965,DOI:10.1016/j.aap.2016.04.039,2
DOI:10.3390/su11071965,DOI:10.1016/j.envint.2011.02.003,2
DOI:10.3390/su11071965,DOI:10.1016/j.jth.2017.02.011,2
DOI:10.3390/su11071965,DOI:10.1016/j.landusepol.2016.11.015,2
DOI:10.3390/su11071965,DOI:10.1016/j.trf.2016.06.022,2
DOI:10.3390/su11071965,DOI:10.1016/j.ypmed.2015.04.010,2
DOI:10.3390/su11071965,DOI:10.1080/01441647.2016.1177799,2
DOI:10.3390/su11071965,DOI:10.1186/s12966-014-0132-x,2
DOI:10.3390/su11071965,DOI:10.3390/su11010221,2
DOI:10.3390/su11071965,DOI:10.7307/ptt.v29i3.2265,2
DOI:10.3390/su11071965,"EUROPEAN COMMISSION (EC), COM490 EC",2
DOI:10.3390/su11071965,"EUROPEAN COMMISSION (EC), COM501 EC",2
DOI:10.3390/su11071965,"EUROPEAN COMMISSION (EC), COM913 EC",2
DOI:10.3390/su11071965,"GREEN G., 2014, HLTH CITIES PROMOTIN",2
DOI:10.3390/su11071965,"LEP M., 2017, PROMETNA STUDIJA IZV",2
DOI:10.3390/su11071965,"LEP M., 2018, PROMETNA STUDIJA IZV",2
DOI:10.3390/su11071965,"MARSHALL S., 2001, PLANNING FOR A SUSTAINABLE FUTURE, P131",2
DOI:10.3390/su11071965,"PLEVNIK A., 2012, PRIJAZNA MOBILNOST Z",2
DOI:10.3390/su11071965,"PLEVNIK A., 2016, OKOLJE PROMET ZDRAVJ",2
DOI:10.3390/su11071965,"RUPPRECHT S., 2019, GUIDELINES FOR DEVELOPING AND IMPLEMENTING A SUSTAINABLE URBAN MOBILITY PLAN, V2ND",2
DOI:10.3390/su11071965,"VODNIK S, 2014, PROMETNA STUDIJA IZV",2
DOI:10.3390/su11071965,"WHO, PHYS ACT KEY FACTS",2
DOI:10.5070/bp319111486,DOI:10.1016/j.tranpol.2014.09.013,2
"AJZEN I., 2006, CONSTRUCTING A THEORY OF PLANNED BEHAVIOR QUESTIONNAIRE","BROHI S., 2021, INT J EMERG TECHNOL, V12, P317",2
"AJZEN I., 2006, CONSTRUCTING A THEORY OF PLANNED BEHAVIOR QUESTIONNAIRE",DOI:10.1016/j.cstp.2019.11.001,2
"AJZEN I., 2006, CONSTRUCTING A THEORY OF PLANNED BEHAVIOR QUESTIONNAIRE",DOI:10.1051/matecconf/20164703008,2
"BROHI S., 2021, INT J EMERG TECHNOL, V12, P317",DOI:10.1016/j.cstp.2019.11.001,2
"BROHI S., 2021, INT J EMERG TECHNOL, V12, P317",DOI:10.1051/matecconf/20164703008,2
DOI:10.1016/j.cstp.2019.11.001,DOI:10.1016/j.jairtraman.2017.09.004,2
DOI:10.1016/j.cstp.2019.11.001,DOI:10.1051/matecconf/20164703008,2
DOI:10.1007/bf00168037,DOI:10.1016/0191-2607(85)90009-3,2
DOI:10.1007/bf00168037,DOI:10.1016/0191-2607(85)90015-9,2
DOI:10.1016/0191-2607(85)90009-3,DOI:10.1016/0191-2607(85)90015-9,2
DOI:10.1016/j.tra.2009.07.006,DOI:10.3141/1927-31,2
"[ANONYMOUS], 2011, EUROPEAN COMMISSION",DOI:10.1016/j.cstp.2020.08.005,3
"[ANONYMOUS], 2011, EUROPEAN COMMISSION",DOI:10.3390/su12208436,2
"[ANONYMOUS], 2011, EUROPEAN COMMISSION",DOI:10.1016/j.jtrangeo.2018.02.006,2
"[ANONYMOUS], 2011, EUROPEAN COMMISSION",DOI:10.1016/j.retrec.2016.04.008,2
DOI:10.1016/j.tranpol.2021.01.012,DOI:10.1080/01441647.2016.1177799,2
DOI:10.1038/s41558-020-0877-y,DOI:10.1891/9780826190123.ap02,2
DOI:10.1080/01441647.2016.1177799,DOI:10.1111/j.1468-0491.2011.01550.x,2
DOI:10.1080/01441647.2016.1177799,DOI:10.1111/psj.12212,2
DOI:10.1080/01441647.2016.1177799,DOI:10.1111/puar.12076,2
DOI:10.1080/01441647.2016.1177799,DOI:10.1177/1078087411400379,2
DOI:10.1080/01441647.2016.1177799,DOI:10.2307/1952530,2
DOI:10.1080/01441647.2016.1177799,"HUITEMA D, 2009, ECOL SOC, V14",2
DOI:10.1080/01441647.2016.1177799,"OSTROM E, 1972, SOC SCI QUART, V53, P474",2
DOI:10.1080/01441647.2016.1177799,DOI:10.5822/978-1-61091-613-4,2
DOI:10.1080/01441647.2016.1177799,DOI:10.1016/j.eist.2017.05.002,2
DOI:10.1080/01441647.2016.1177799,DOI:10.1016/j.eist.2019.01.004,2
DOI:10.1080/01441647.2016.1177799,DOI:10.1016/j.respol.2015.09.008,2
DOI:10.1080/01441647.2016.1177799,DOI:10.2833/535670,2
DOI:10.1080/01441647.2016.1177799,DOI:10.1016/j.trpro.2014.11.026,2
DOI:10.1080/01441647.2016.1177799,DOI:10.3390/su12208436,2
DOI:10.1080/01441647.2016.1177799,DOI:10.1016/j.aap.2016.04.039,2
DOI:10.1080/01441647.2016.1177799,DOI:10.1016/j.envint.2011.02.003,2
DOI:10.1080/01441647.2016.1177799,DOI:10.1016/j.jth.2017.02.011,2
DOI:10.1080/01441647.2016.1177799,DOI:10.1016/j.trf.2016.06.022,2
DOI:10.1080/01441647.2016.1177799,DOI:10.1016/j.ypmed.2015.04.010,2
DOI:10.1080/01441647.2016.1177799,DOI:10.1186/s12966-014-0132-x,2
DOI:10.1080/01441647.2016.1177799,DOI:10.3390/su11010221,2
DOI:10.1080/01441647.2016.1177799,DOI:10.7307/ptt.v29i3.2265,2
DOI:10.1080/01441647.2016.1177799,"EUROPEAN COMMISSION (EC), COM490 EC",2
DOI:10.1080/01441647.2016.1177799,"EUROPEAN COMMISSION (EC), COM501 EC",2
DOI:10.1080/01441647.2016.1177799,"EUROPEAN COMMISSION (EC), COM913 EC",2
DOI:10.1080/01441647.2016.1177799,"GREEN G., 2014, HLTH CITIES PROMOTIN",2
DOI:10.1080/01441647.2016.1177799,"LEP M., 2017, PROMETNA STUDIJA IZV",2
DOI:10.1080/01441647.2016.1177799,"LEP M., 2018, PROMETNA STUDIJA IZV",2
DOI:10.1080/01441647.2016.1177799,"MARSHALL S., 2001, PLANNING FOR A SUSTAINABLE FUTURE, P131",2
DOI:10.1080/01441647.2016.1177799,"PLEVNIK A., 2012, PRIJAZNA MOBILNOST Z",2
DOI:10.1080/01441647.2016.1177799,"PLEVNIK A., 2016, OKOLJE PROMET ZDRAVJ",2
DOI:10.1080/01441647.2016.1177799,"RUPPRECHT S., 2019, GUIDELINES FOR DEVELOPING AND IMPLEMENTING A SUSTAINABLE URBAN MOBILITY PLAN, V2ND",2
DOI:10.1080/01441647.2016.1177799,"VODNIK S, 2014, PROMETNA STUDIJA IZV",2
DOI:10.1080/01441647.2016.1177799,"WHO, PHYS ACT KEY FACTS",2
DOI:10.1109/globecom54140.2023.10437552,DOI:10.1109/hpsr48589.2020.9098989,2
DOI:10.1016/j.retrec.2018.05.001,DOI:10.1016/j.trpro.2014.11.026,3
DOI:10.1016/j.retrec.2018.05.001,DOI:10.1080/01944366908977225,2
DOI:10.1016/j.tra.2017.03.015,DOI:10.1080/1464935042000293170,2
DOI:10.1016/j.tra.2017.03.015,"ZEGRAS C, 2011, URBAN TRANSPORT IN THE DEVELOPING WORLD: A HANDBOOK OF POLICY AND PRACTICE, P548",2
DOI:10.1080/1464935042000293170,"ZEGRAS C, 2011, URBAN TRANSPORT IN THE DEVELOPING WORLD: A HANDBOOK OF POLICY AND PRACTICE, P548",2
DOI:10.1016/j.rtbm.2015.03.003,DOI:10.1007/978-981-10-4888-33],2
DOI:10.1016/j.rtbm.2015.03.003,DOI:10.1016/j.iatssr.2020.06.002,2
DOI:10.1016/j.rtbm.2015.03.003,DOI:10.1080/23311916.2017.1326548,2
DOI:10.1016/j.rtbm.2015.03.003,DOI:10.1080/23311916.2020.1759395,2
DOI:10.1016/j.rtbm.2015.03.003,DOI:10.1108/srj-09-2017-0174,2
DOI:10.1016/j.rtbm.2015.03.003,DOI:10.3390/su12156011,2
DOI:10.1016/j.rtbm.2015.03.003,DOI:10.3390/su122410420,2
DOI:10.1080/01441647.2015.1033036,DOI:10.5038/2375-0901.12.4.3,2
DOI:10.1016/j.jtrangeo.2012.04.002,DOI:10.1016/j.jtrangeo.2020.102763,2
DOI:10.1080/01944363.2017.1322526,DOI:10.1111/j.1540-6210.2011.02488.x,2
DOI:10.1016/j.apgeog.2019.04.002,DOI:10.1016/j.tbs.2018.10.003,2
DOI:10.1016/j.apgeog.2019.04.002,DOI:10.1080/17450101.2013.782848,2
DOI:10.1016/j.jtrangeo.2019.102569,"SHELLER M., 2018, MOBILITY JUSTICE POL",2
DOI:10.1016/j.tbs.2018.10.003,DOI:10.1080/17450101.2013.782848,2
DOI:10.1136/jech.2011.133165,"ALLISON P.D., 2009, FIXED EFFECT REGRESSION MODELS",2
DOI:10.1136/jech.2011.133165,DOI:10.1080/03081060.2012.635413,2
DOI:10.1136/jech.2011.133165,DOI:10.1093/ije/dys168,2
DOI:10.1136/jech.2011.133165,DOI:10.2105/ajph.2015.302907,2
DOI:10.1136/jech.2011.133165,DOI:10.2307/2291629,2
DOI:10.1136/jech.2011.133165,"[ANONYMOUS], 2007, GLOBAL AGE FRIENDLY",2
DOI:10.1016/j.jtrangeo.2004.07.007,DOI:10.1016/j.tranpol.2013.05.001,2
DOI:10.1016/0165-0114(85)90090-9,DOI:10.1016/j.ijproman.2004.01.002,2
DOI:10.1016/0165-0114(85)90090-9,DOI:10.1016/j.tranpol.2014.11.002,2
DOI:10.1016/0165-0114(85)90090-9,DOI:10.3390/su12208314,2
DOI:10.1016/0165-0114(85)90090-9,DOI:10.3846/16484142.2015.1121517,2
DOI:10.1016/0165-0114(85)90090-9,"SAATY T.L., 1980, ANALYTIC HIERARCHY P",2
DOI:10.1016/0165-0114(85)90090-9,"TZENG GH, 2011, MULTIPLE ATTRIBUTE DECISION MAKING: METHODS AND APPLICATIONS, P1",2
DOI:10.1016/0165-0114(85)90090-9,DOI:10.1002/j.1556-6678.2007.tb00462.x,2
DOI:10.1016/0165-0114(85)90090-9,DOI:10.1016/j.eswa.2006.08.022,2
DOI:10.1016/0165-0114(85)90090-9,DOI:10.17559/tv-20160927163837,2
DOI:10.1016/0165-0114(85)90090-9,DOI:10.1783/147118906778586598,2
DOI:10.1016/s0065-2601(08)60358-5,DOI:10.1177/0013916502250134,2
"ALLISON P.D., 2009, FIXED EFFECT REGRESSION MODELS",DOI:10.1080/03081060.2012.635413,2
"ALLISON P.D., 2009, FIXED EFFECT REGRESSION MODELS",DOI:10.1093/ije/dys168,2
"ALLISON P.D., 2009, FIXED EFFECT REGRESSION MODELS",DOI:10.2105/ajph.2015.302907,2
"ALLISON P.D., 2009, FIXED EFFECT REGRESSION MODELS",DOI:10.2307/2291629,2
"ALLISON P.D., 2009, FIXED EFFECT REGRESSION MODELS","[ANONYMOUS], 2007, GLOBAL AGE FRIENDLY",2
DOI:10.1080/03081060.2012.635413,DOI:10.1093/ije/dys168,2
DOI:10.1080/03081060.2012.635413,DOI:10.2105/ajph.2015.302907,2
DOI:10.1080/03081060.2012.635413,DOI:10.2307/2291629,2
DOI:10.1080/03081060.2012.635413,"[ANONYMOUS], 2007, GLOBAL AGE FRIENDLY",2
DOI:10.1093/ije/dys168,DOI:10.2105/ajph.2015.302907,2
DOI:10.1093/ije/dys168,DOI:10.2307/2291629,2
DOI:10.1093/ije/dys168,"[ANONYMOUS], 2007, GLOBAL AGE FRIENDLY",2
DOI:10.2105/ajph.2015.302907,DOI:10.2307/2291629,2
DOI:10.2105/ajph.2015.302907,"[ANONYMOUS], 2007, GLOBAL AGE FRIENDLY",2
DOI:10.2307/2291629,"[ANONYMOUS], 2007, GLOBAL AGE FRIENDLY",2
DOI:10.1002/cb.2076,DOI:10.1016/j.annals.2011.11.002,2
DOI:10.1002/cb.2076,DOI:10.1016/j.annals.2022.103432,2
DOI:10.1002/cb.2076,DOI:10.1016/j.atmosenv.2020.118025,2
DOI:10.1002/cb.2076,DOI:10.1016/j.enpol.2019.110998,2
DOI:10.1002/cb.2076,DOI:10.1016/j.jclepro.2019.117748,2
DOI:10.1002/cb.2076,DOI:10.1016/j.jenvman.2022.114868,2
DOI:10.1002/cb.2076,DOI:10.1016/j.jhtm.2022.08.007,2
DOI:10.1002/cb.2076,DOI:10.1016/j.jtrangeo.2013.04.008,2
DOI:10.1002/cb.2076,DOI:10.1016/j.tbs.2017.11.002,2
DOI:10.1002/cb.2076,DOI:10.1016/j.tbs.2023.02.008,2
DOI:10.1002/cb.2076,DOI:10.1016/j.tourman.2019.04.016,2
DOI:10.1002/cb.2076,DOI:10.1016/j.trd.2020.102566,2
DOI:10.1002/cb.2076,DOI:10.1016/s0001-6918(99)00050-5,2
DOI:10.1002/cb.2076,DOI:10.1037/0021-9010.88.5.879,2
DOI:10.1002/cb.2076,DOI:10.1080/09669582.2016.1198357,2
DOI:10.1002/cb.2076,DOI:10.1080/09669582.2019.1607359,2
DOI:10.1002/cb.2076,DOI:10.1080/09669582.2020.1843046,2
DOI:10.1002/cb.2076,DOI:10.1080/13683500.2021.2017409,2
DOI:10.1002/cb.2076,DOI:10.1108/ijchm-10-2020-1164,2
DOI:10.1002/cb.2076,DOI:10.1108/jtf-05-2021-0127,2
DOI:10.1002/cb.2076,DOI:10.1111/j.2517-6161.1974.tb00994.x,2
DOI:10.1002/cb.2076,DOI:10.1177/00472875211034582,2
DOI:10.1002/cb.2076,DOI:10.1177/014920639502100404,2
DOI:10.1002/cb.2076,DOI:10.1177/135910457000100301,2
DOI:10.1002/cb.2076,DOI:10.19272/201906703004,2
DOI:10.1002/cb.2076,DOI:10.3389/fenvs.2022.853302,2
DOI:10.1002/cb.2076,DOI:10.3389/fpsyg.2022.914328,2
DOI:10.1002/cb.2076,DOI:10.3390/su14074095,2
DOI:10.1002/cb.2076,DOI:10.3390/su9081322,2
DOI:10.1002/cb.2076,DOI:10.3846/tede.2019.10294,2
DOI:10.1002/cb.2076,"GROSS S, 2018, TOUR REV, V73, P401, DOI [10.1108/TR-11-2017-0177, 10.1108/TR-11-2017-0177]",2
DOI:10.1016/j.annals.2011.11.002,DOI:10.1016/j.annals.2022.103432,2
DOI:10.1016/j.annals.2011.11.002,DOI:10.1016/j.atmosenv.2020.118025,2
DOI:10.1016/j.annals.2011.11.002,DOI:10.1016/j.enpol.2019.110998,2
DOI:10.1016/j.annals.2011.11.002,DOI:10.1016/j.jclepro.2019.117748,2
DOI:10.1016/j.annals.2011.11.002,DOI:10.1016/j.jenvman.2022.114868,2
DOI:10.1016/j.annals.2011.11.002,DOI:10.1016/j.jhtm.2022.08.007,2
DOI:10.1016/j.annals.2011.11.002,DOI:10.1016/j.jtrangeo.2013.04.008,2
DOI:10.1016/j.annals.2011.11.002,DOI:10.1016/j.tbs.2017.11.002,2
DOI:10.1016/j.annals.2011.11.002,DOI:10.1016/j.tbs.2023.02.008,2
DOI:10.1016/j.annals.2011.11.002,DOI:10.1016/j.tourman.2019.04.016,2
DOI:10.1016/j.annals.2011.11.002,DOI:10.1016/j.trd.2020.102566,2
DOI:10.1016/j.annals.2011.11.002,DOI:10.1016/s0001-6918(99)00050-5,2
DOI:10.1016/j.annals.2011.11.002,DOI:10.1037/0021-9010.88.5.879,2
DOI:10.1016/j.annals.2011.11.002,DOI:10.1080/09669582.2016.1198357,2
DOI:10.1016/j.annals.2011.11.002,DOI:10.1080/09669582.2019.1607359,2
DOI:10.1016/j.annals.2011.11.002,DOI:10.1080/09669582.2020.1843046,2
DOI:10.1016/j.annals.2011.11.002,DOI:10.1080/13683500.2021.2017409,2
DOI:10.1016/j.annals.2011.11.002,DOI:10.1108/ijchm-10-2020-1164,2
DOI:10.1016/j.annals.2011.11.002,DOI:10.1108/jtf-05-2021-0127,2
DOI:10.1016/j.annals.2011.11.002,DOI:10.1111/j.2517-6161.1974.tb00994.x,2
DOI:10.1016/j.annals.2011.11.002,DOI:10.1177/00472875211034582,2
DOI:10.1016/j.annals.2011.11.002,DOI:10.1177/014920639502100404,2
DOI:10.1016/j.annals.2011.11.002,DOI:10.1177/135910457000100301,2
DOI:10.1016/j.annals.2011.11.002,DOI:10.19272/201906703004,2
DOI:10.1016/j.annals.2011.11.002,DOI:10.3389/fenvs.2022.853302,2
DOI:10.1016/j.annals.2011.11.002,DOI:10.3389/fpsyg.2022.914328,2
DOI:10.1016/j.annals.2011.11.002,DOI:10.3390/su14074095,2
DOI:10.1016/j.annals.2011.11.002,DOI:10.3390/su9081322,2
DOI:10.1016/j.annals.2011.11.002,DOI:10.3846/tede.2019.10294,2
DOI:10.1016/j.annals.2011.11.002,"GROSS S, 2018, TOUR REV, V73, P401, DOI [10.1108/TR-11-2017-0177, 10.1108/TR-11-2017-0177]",2
DOI:10.1016/j.annals.2022.103432,DOI:10.1016/j.atmosenv.2020.118025,2
DOI:10.1016/j.annals.2022.103432,DOI:10.1016/j.enpol.2019.110998,2
DOI:10.1016/j.annals.2022.103432,DOI:10.1016/j.jclepro.2019.117748,2
DOI:10.1016/j.annals.2022.103432,DOI:10.1016/j.jenvman.2022.114868,2
DOI:10.1016/j.annals.2022.103432,DOI:10.1016/j.jhtm.2022.08.007,2
DOI:10.1016/j.annals.2022.103432,DOI:10.1016/j.jtrangeo.2013.04.008,2
DOI:10.1016/j.annals.2022.103432,DOI:10.1016/j.tbs.2017.11.002,2
DOI:10.1016/j.annals.2022.103432,DOI:10.1016/j.tbs.2023.02.008,2
DOI:10.1016/j.annals.2022.103432,DOI:10.1016/j.tourman.2019.04.016,2
DOI:10.1016/j.annals.2022.103432,DOI:10.1016/j.trd.2020.102566,2
DOI:10.1016/j.annals.2022.103432,DOI:10.1016/s0001-6918(99)00050-5,2
DOI:10.1016/j.annals.2022.103432,DOI:10.1037/0021-9010.88.5.879,2
DOI:10.1016/j.annals.2022.103432,DOI:10.1080/09669582.2016.1198357,2
DOI:10.1016/j.annals.2022.103432,DOI:10.1080/09669582.2019.1607359,2
DOI:10.1016/j.annals.2022.103432,DOI:10.1080/09669582.2020.1843046,2
DOI:10.1016/j.annals.2022.103432,DOI:10.1080/13683500.2021.2017409,2
DOI:10.1016/j.annals.2022.103432,DOI:10.1108/ijchm-10-2020-1164,2
DOI:10.1016/j.annals.2022.103432,DOI:10.1108/jtf-05-2021-0127,2
DOI:10.1016/j.annals.2022.103432,DOI:10.1111/j.2517-6161.1974.tb00994.x,2
DOI:10.1016/j.annals.2022.103432,DOI:10.1177/00472875211034582,2
DOI:10.1016/j.annals.2022.103432,DOI:10.1177/014920639502100404,2
DOI:10.1016/j.annals.2022.103432,DOI:10.1177/135910457000100301,2
DOI:10.1016/j.annals.2022.103432,DOI:10.19272/201906703004,2
DOI:10.1016/j.annals.2022.103432,DOI:10.3389/fenvs.2022.853302,2
DOI:10.1016/j.annals.2022.103432,DOI:10.3389/fpsyg.2022.914328,2
DOI:10.1016/j.annals.2022.103432,DOI:10.3390/su14074095,2
DOI:10.1016/j.annals.2022.103432,DOI:10.3390/su9081322,2
DOI:10.1016/j.annals.2022.103432,DOI:10.3846/tede.2019.10294,2
DOI:10.1016/j.annals.2022.103432,"GROSS S, 2018, TOUR REV, V73, P401, DOI [10.1108/TR-11-2017-0177, 10.1108/TR-11-2017-0177]",2
DOI:10.1016/j.atmosenv.2020.118025,DOI:10.1016/j.enpol.2019.110998,2
DOI:10.1016/j.atmosenv.2020.118025,DOI:10.1016/j.jclepro.2019.117748,2
DOI:10.1016/j.atmosenv.2020.118025,DOI:10.1016/j.jenvman.2022.114868,2
DOI:10.1016/j.atmosenv.2020.118025,DOI:10.1016/j.jhtm.2022.08.007,2
DOI:10.1016/j.atmosenv.2020.118025,DOI:10.1016/j.jtrangeo.2013.04.008,2
DOI:10.1016/j.atmosenv.2020.118025,DOI:10.1016/j.tbs.2017.11.002,2
DOI:10.1016/j.atmosenv.2020.118025,DOI:10.1016/j.tbs.2023.02.008,2
DOI:10.1016/j.atmosenv.2020.118025,DOI:10.1016/j.tourman.2019.04.016,2
DOI:10.1016/j.atmosenv.2020.118025,DOI:10.1016/j.trd.2020.102566,2
DOI:10.1016/j.atmosenv.2020.118025,DOI:10.1016/s0001-6918(99)00050-5,2
DOI:10.1016/j.atmosenv.2020.118025,DOI:10.1037/0021-9010.88.5.879,2
DOI:10.1016/j.atmosenv.2020.118025,DOI:10.1080/09669582.2016.1198357,2
DOI:10.1016/j.atmosenv.2020.118025,DOI:10.1080/09669582.2019.1607359,2
DOI:10.1016/j.atmosenv.2020.118025,DOI:10.1080/09669582.2020.1843046,2
DOI:10.1016/j.atmosenv.2020.118025,DOI:10.1080/13683500.2021.2017409,2
DOI:10.1016/j.atmosenv.2020.118025,DOI:10.1108/ijchm-10-2020-1164,2
DOI:10.1016/j.atmosenv.2020.118025,DOI:10.1108/jtf-05-2021-0127,2
DOI:10.1016/j.atmosenv.2020.118025,DOI:10.1111/j.2517-6161.1974.tb00994.x,2
DOI:10.1016/j.atmosenv.2020.118025,DOI:10.1177/00472875211034582,2
DOI:10.1016/j.atmosenv.2020.118025,DOI:10.1177/014920639502100404,2
DOI:10.1016/j.atmosenv.2020.118025,DOI:10.1177/135910457000100301,2
DOI:10.1016/j.atmosenv.2020.118025,DOI:10.19272/201906703004,2
DOI:10.1016/j.atmosenv.2020.118025,DOI:10.3389/fenvs.2022.853302,2
DOI:10.1016/j.atmosenv.2020.118025,DOI:10.3389/fpsyg.2022.914328,2
DOI:10.1016/j.atmosenv.2020.118025,DOI:10.3390/su14074095,2
DOI:10.1016/j.atmosenv.2020.118025,DOI:10.3390/su9081322,2
DOI:10.1016/j.atmosenv.2020.118025,DOI:10.3846/tede.2019.10294,2
DOI:10.1016/j.atmosenv.2020.118025,"GROSS S, 2018, TOUR REV, V73, P401, DOI [10.1108/TR-11-2017-0177, 10.1108/TR-11-2017-0177]",2
DOI:10.1016/j.enpol.2019.110998,DOI:10.1016/j.jclepro.2019.117748,2
DOI:10.1016/j.enpol.2019.110998,DOI:10.1016/j.jenvman.2022.114868,2
DOI:10.1016/j.enpol.2019.110998,DOI:10.1016/j.jhtm.2022.08.007,2
DOI:10.1016/j.enpol.2019.110998,DOI:10.1016/j.jtrangeo.2013.04.008,2
DOI:10.1016/j.enpol.2019.110998,DOI:10.1016/j.tbs.2017.11.002,2
DOI:10.1016/j.enpol.2019.110998,DOI:10.1016/j.tbs.2023.02.008,2
DOI:10.1016/j.enpol.2019.110998,DOI:10.1016/j.tourman.2019.04.016,2
DOI:10.1016/j.enpol.2019.110998,DOI:10.1016/j.trd.2020.102566,2
DOI:10.1016/j.enpol.2019.110998,DOI:10.1016/s0001-6918(99)00050-5,2
DOI:10.1016/j.enpol.2019.110998,DOI:10.1037/0021-9010.88.5.879,2
DOI:10.1016/j.enpol.2019.110998,DOI:10.1080/09669582.2016.1198357,2
DOI:10.1016/j.enpol.2019.110998,DOI:10.1080/09669582.2019.1607359,2
DOI:10.1016/j.enpol.2019.110998,DOI:10.1080/09669582.2020.1843046,2
DOI:10.1016/j.enpol.2019.110998,DOI:10.1080/13683500.2021.2017409,2
DOI:10.1016/j.enpol.2019.110998,DOI:10.1108/ijchm-10-2020-1164,2
DOI:10.1016/j.enpol.2019.110998,DOI:10.1108/jtf-05-2021-0127,2
DOI:10.1016/j.enpol.2019.110998,DOI:10.1111/j.2517-6161.1974.tb00994.x,2
DOI:10.1016/j.enpol.2019.110998,DOI:10.1177/00472875211034582,2
DOI:10.1016/j.enpol.2019.110998,DOI:10.1177/014920639502100404,2
DOI:10.1016/j.enpol.2019.110998,DOI:10.1177/135910457000100301,2
DOI:10.1016/j.enpol.2019.110998,DOI:10.19272/201906703004,2
DOI:10.1016/j.enpol.2019.110998,DOI:10.3389/fenvs.2022.853302,2
DOI:10.1016/j.enpol.2019.110998,DOI:10.3389/fpsyg.2022.914328,2
DOI:10.1016/j.enpol.2019.110998,DOI:10.3390/su14074095,2
DOI:10.1016/j.enpol.2019.110998,DOI:10.3390/su9081322,2
DOI:10.1016/j.enpol.2019.110998,DOI:10.3846/tede.2019.10294,2
DOI:10.1016/j.enpol.2019.110998,"GROSS S, 2018, TOUR REV, V73, P401, DOI [10.1108/TR-11-2017-0177, 10.1108/TR-11-2017-0177]",2
DOI:10.1016/j.jclepro.2019.117748,DOI:10.1016/j.jenvman.2022.114868,2
DOI:10.1016/j.jclepro.2019.117748,DOI:10.1016/j.jhtm.2022.08.007,2
DOI:10.1016/j.jclepro.2019.117748,DOI:10.1016/j.jtrangeo.2013.04.008,2
DOI:10.1016/j.jclepro.2019.117748,DOI:10.1016/j.tbs.2017.11.002,2
DOI:10.1016/j.jclepro.2019.117748,DOI:10.1016/j.tbs.2023.02.008,2
DOI:10.1016/j.jclepro.2019.117748,DOI:10.1016/j.tourman.2019.04.016,2
DOI:10.1016/j.jclepro.2019.117748,DOI:10.1016/j.trd.2020.102566,2
DOI:10.1016/j.jclepro.2019.117748,DOI:10.1016/s0001-6918(99)00050-5,2
DOI:10.1016/j.jclepro.2019.117748,DOI:10.1037/0021-9010.88.5.879,2
DOI:10.1016/j.jclepro.2019.117748,DOI:10.1080/09669582.2016.1198357,2
DOI:10.1016/j.jclepro.2019.117748,DOI:10.1080/09669582.2019.1607359,2
DOI:10.1016/j.jclepro.2019.117748,DOI:10.1080/09669582.2020.1843046,2
DOI:10.1016/j.jclepro.2019.117748,DOI:10.1080/13683500.2021.2017409,2
DOI:10.1016/j.jclepro.2019.117748,DOI:10.1108/ijchm-10-2020-1164,2
DOI:10.1016/j.jclepro.2019.117748,DOI:10.1108/jtf-05-2021-0127,2
DOI:10.1016/j.jclepro.2019.117748,DOI:10.1111/j.2517-6161.1974.tb00994.x,2
DOI:10.1016/j.jclepro.2019.117748,DOI:10.1177/00472875211034582,2
DOI:10.1016/j.jclepro.2019.117748,DOI:10.1177/014920639502100404,2
DOI:10.1016/j.jclepro.2019.117748,DOI:10.1177/135910457000100301,2
DOI:10.1016/j.jclepro.2019.117748,DOI:10.19272/201906703004,2
DOI:10.1016/j.jclepro.2019.117748,DOI:10.3389/fenvs.2022.853302,2
DOI:10.1016/j.jclepro.2019.117748,DOI:10.3389/fpsyg.2022.914328,2
DOI:10.1016/j.jclepro.2019.117748,DOI:10.3390/su14074095,2
DOI:10.1016/j.jclepro.2019.117748,DOI:10.3390/su9081322,2
DOI:10.1016/j.jclepro.2019.117748,DOI:10.3846/tede.2019.10294,2
DOI:10.1016/j.jclepro.2019.117748,"GROSS S, 2018, TOUR REV, V73, P401, DOI [10.1108/TR-11-2017-0177, 10.1108/TR-11-2017-0177]",2
DOI:10.1016/j.jenvman.2022.114868,DOI:10.1016/j.jhtm.2022.08.007,2
DOI:10.1016/j.jenvman.2022.114868,DOI:10.1016/j.jtrangeo.2013.04.008,2
DOI:10.1016/j.jenvman.2022.114868,DOI:10.1016/j.tbs.2017.11.002,2
DOI:10.1016/j.jenvman.2022.114868,DOI:10.1016/j.tbs.2023.02.008,2
DOI:10.1016/j.jenvman.2022.114868,DOI:10.1016/j.tourman.2019.04.016,2
DOI:10.1016/j.jenvman.2022.114868,DOI:10.1016/j.trd.2020.102566,2
DOI:10.1016/j.jenvman.2022.114868,DOI:10.1016/s0001-6918(99)00050-5,2
DOI:10.1016/j.jenvman.2022.114868,DOI:10.1037/0021-9010.88.5.879,2
DOI:10.1016/j.jenvman.2022.114868,DOI:10.1080/09669582.2016.1198357,2
DOI:10.1016/j.jenvman.2022.114868,DOI:10.1080/09669582.2019.1607359,2
DOI:10.1016/j.jenvman.2022.114868,DOI:10.1080/09669582.2020.1843046,2
DOI:10.1016/j.jenvman.2022.114868,DOI:10.1080/13683500.2021.2017409,2
DOI:10.1016/j.jenvman.2022.114868,DOI:10.1108/ijchm-10-2020-1164,2
DOI:10.1016/j.jenvman.2022.114868,DOI:10.1108/jtf-05-2021-0127,2
DOI:10.1016/j.jenvman.2022.114868,DOI:10.1111/j.2517-6161.1974.tb00994.x,2
DOI:10.1016/j.jenvman.2022.114868,DOI:10.1177/00472875211034582,2
DOI:10.1016/j.jenvman.2022.114868,DOI:10.1177/014920639502100404,2
DOI:10.1016/j.jenvman.2022.114868,DOI:10.1177/135910457000100301,2
DOI:10.1016/j.jenvman.2022.114868,DOI:10.19272/201906703004,2
DOI:10.1016/j.jenvman.2022.114868,DOI:10.3389/fenvs.2022.853302,2
DOI:10.1016/j.jenvman.2022.114868,DOI:10.3389/fpsyg.2022.914328,2
DOI:10.1016/j.jenvman.2022.114868,DOI:10.3390/su14074095,2
DOI:10.1016/j.jenvman.2022.114868,DOI:10.3390/su9081322,2
DOI:10.1016/j.jenvman.2022.114868,DOI:10.3846/tede.2019.10294,2
DOI:10.1016/j.jenvman.2022.114868,"GROSS S, 2018, TOUR REV, V73, P401, DOI [10.1108/TR-11-2017-0177, 10.1108/TR-11-2017-0177]",2
DOI:10.1016/j.jhtm.2022.08.007,DOI:10.1016/j.jtrangeo.2013.04.008,2
DOI:10.1016/j.jhtm.2022.08.007,DOI:10.1016/j.tbs.2017.11.002,2
DOI:10.1016/j.jhtm.2022.08.007,DOI:10.1016/j.tbs.2023.02.008,2
DOI:10.1016/j.jhtm.2022.08.007,DOI:10.1016/j.tourman.2019.04.016,2
DOI:10.1016/j.jhtm.2022.08.007,DOI:10.1016/j.trd.2020.102566,2
DOI:10.1016/j.jhtm.2022.08.007,DOI:10.1016/s0001-6918(99)00050-5,2
DOI:10.1016/j.jhtm.2022.08.007,DOI:10.1037/0021-9010.88.5.879,2
DOI:10.1016/j.jhtm.2022.08.007,DOI:10.1080/09669582.2016.1198357,2
DOI:10.1016/j.jhtm.2022.08.007,DOI:10.1080/09669582.2019.1607359,2
DOI:10.1016/j.jhtm.2022.08.007,DOI:10.1080/09669582.2020.1843046,2
DOI:10.1016/j.jhtm.2022.08.007,DOI:10.1080/13683500.2021.2017409,2
DOI:10.1016/j.jhtm.2022.08.007,DOI:10.1108/ijchm-10-2020-1164,2
DOI:10.1016/j.jhtm.2022.08.007,DOI:10.1108/jtf-05-2021-0127,2
DOI:10.1016/j.jhtm.2022.08.007,DOI:10.1111/j.2517-6161.1974.tb00994.x,2
DOI:10.1016/j.jhtm.2022.08.007,DOI:10.1177/00472875211034582,2
DOI:10.1016/j.jhtm.2022.08.007,DOI:10.1177/014920639502100404,2
DOI:10.1016/j.jhtm.2022.08.007,DOI:10.1177/135910457000100301,2
DOI:10.1016/j.jhtm.2022.08.007,DOI:10.19272/201906703004,2
DOI:10.1016/j.jhtm.2022.08.007,DOI:10.3389/fenvs.2022.853302,2
DOI:10.1016/j.jhtm.2022.08.007,DOI:10.3389/fpsyg.2022.914328,2
DOI:10.1016/j.jhtm.2022.08.007,DOI:10.3390/su14074095,2
DOI:10.1016/j.jhtm.2022.08.007,DOI:10.3390/su9081322,2
DOI:10.1016/j.jhtm.2022.08.007,DOI:10.3846/tede.2019.10294,2
DOI:10.1016/j.jhtm.2022.08.007,"GROSS S, 2018, TOUR REV, V73, P401, DOI [10.1108/TR-11-2017-0177, 10.1108/TR-11-2017-0177]",2
DOI:10.1016/j.jtrangeo.2013.04.008,DOI:10.1016/j.tbs.2017.11.002,2
DOI:10.1016/j.jtrangeo.2013.04.008,DOI:10.1016/j.tbs.2023.02.008,2
DOI:10.1016/j.jtrangeo.2013.04.008,DOI:10.1016/j.tourman.2019.04.016,2
DOI:10.1016/j.jtrangeo.2013.04.008,DOI:10.1016/j.trd.2020.102566,2
DOI:10.1016/j.jtrangeo.2013.04.008,DOI:10.1016/s0001-6918(99)00050-5,2
DOI:10.1016/j.jtrangeo.2013.04.008,DOI:10.1037/0021-9010.88.5.879,2
DOI:10.1016/j.jtrangeo.2013.04.008,DOI:10.1080/09669582.2016.1198357,2
DOI:10.1016/j.jtrangeo.2013.04.008,DOI:10.1080/09669582.2019.1607359,2
DOI:10.1016/j.jtrangeo.2013.04.008,DOI:10.1080/09669582.2020.1843046,2
DOI:10.1016/j.jtrangeo.2013.04.008,DOI:10.1080/13683500.2021.2017409,2
DOI:10.1016/j.jtrangeo.2013.04.008,DOI:10.1108/ijchm-10-2020-1164,2
DOI:10.1016/j.jtrangeo.2013.04.008,DOI:10.1108/jtf-05-2021-0127,2
DOI:10.1016/j.jtrangeo.2013.04.008,DOI:10.1111/j.2517-6161.1974.tb00994.x,2
DOI:10.1016/j.jtrangeo.2013.04.008,DOI:10.1177/00472875211034582,2
DOI:10.1016/j.jtrangeo.2013.04.008,DOI:10.1177/014920639502100404,2
DOI:10.1016/j.jtrangeo.2013.04.008,DOI:10.1177/135910457000100301,2
DOI:10.1016/j.jtrangeo.2013.04.008,DOI:10.19272/201906703004,2
DOI:10.1016/j.jtrangeo.2013.04.008,DOI:10.3389/fenvs.2022.853302,2
DOI:10.1016/j.jtrangeo.2013.04.008,DOI:10.3389/fpsyg.2022.914328,2
DOI:10.1016/j.jtrangeo.2013.04.008,DOI:10.3390/su14074095,2
DOI:10.1016/j.jtrangeo.2013.04.008,DOI:10.3390/su9081322,2
DOI:10.1016/j.jtrangeo.2013.04.008,DOI:10.3846/tede.2019.10294,2
DOI:10.1016/j.jtrangeo.2013.04.008,"GROSS S, 2018, TOUR REV, V73, P401, DOI [10.1108/TR-11-2017-0177, 10.1108/TR-11-2017-0177]",2
DOI:10.1016/j.tbs.2017.11.002,DOI:10.1016/j.tbs.2023.02.008,2
DOI:10.1016/j.tbs.2017.11.002,DOI:10.1016/j.tourman.2019.04.016,2
DOI:10.1016/j.tbs.2017.11.002,DOI:10.1016/j.trd.2020.102566,2
DOI:10.1016/j.tbs.2017.11.002,DOI:10.1016/s0001-6918(99)00050-5,2
DOI:10.1016/j.tbs.2017.11.002,DOI:10.1037/0021-9010.88.5.879,2
DOI:10.1016/j.tbs.2017.11.002,DOI:10.1080/09669582.2016.1198357,2
DOI:10.1016/j.tbs.2017.11.002,DOI:10.1080/09669582.2019.1607359,2
DOI:10.1016/j.tbs.2017.11.002,DOI:10.1080/09669582.2020.1843046,2
DOI:10.1016/j.tbs.2017.11.002,DOI:10.1080/13683500.2021.2017409,2
DOI:10.1016/j.tbs.2017.11.002,DOI:10.1108/ijchm-10-2020-1164,2
DOI:10.1016/j.tbs.2017.11.002,DOI:10.1108/jtf-05-2021-0127,2
DOI:10.1016/j.tbs.2017.11.002,DOI:10.1111/j.2517-6161.1974.tb00994.x,2
DOI:10.1016/j.tbs.2017.11.002,DOI:10.1177/00472875211034582,2
DOI:10.1016/j.tbs.2017.11.002,DOI:10.1177/014920639502100404,2
DOI:10.1016/j.tbs.2017.11.002,DOI:10.1177/135910457000100301,2
DOI:10.1016/j.tbs.2017.11.002,DOI:10.19272/201906703004,2
DOI:10.1016/j.tbs.2017.11.002,DOI:10.3389/fenvs.2022.853302,2
DOI:10.1016/j.tbs.2017.11.002,DOI:10.3389/fpsyg.2022.914328,2
DOI:10.1016/j.tbs.2017.11.002,DOI:10.3390/su14074095,2
DOI:10.1016/j.tbs.2017.11.002,DOI:10.3390/su9081322,2
DOI:10.1016/j.tbs.2017.11.002,DOI:10.3846/tede.2019.10294,2
DOI:10.1016/j.tbs.2017.11.002,"GROSS S, 2018, TOUR REV, V73, P401, DOI [10.1108/TR-11-2017-0177, 10.1108/TR-11-2017-0177]",2
DOI:10.1016/j.tbs.2023.02.008,DOI:10.1016/j.tourman.2019.04.016,2
DOI:10.1016/j.tbs.2023.02.008,DOI:10.1016/j.trd.2020.102566,2
DOI:10.1016/j.tbs.2023.02.008,DOI:10.1016/s0001-6918(99)00050-5,2
DOI:10.1016/j.tbs.2023.02.008,DOI:10.1037/0021-9010.88.5.879,2
DOI:10.1016/j.tbs.2023.02.008,DOI:10.1080/09669582.2016.1198357,2
DOI:10.1016/j.tbs.2023.02.008,DOI:10.1080/09669582.2019.1607359,2
DOI:10.1016/j.tbs.2023.02.008,DOI:10.1080/09669582.2020.1843046,2
DOI:10.1016/j.tbs.2023.02.008,DOI:10.1080/13683500.2021.2017409,2
DOI:10.1016/j.tbs.2023.02.008,DOI:10.1108/ijchm-10-2020-1164,2
DOI:10.1016/j.tbs.2023.02.008,DOI:10.1108/jtf-05-2021-0127,2
DOI:10.1016/j.tbs.2023.02.008,DOI:10.1111/j.2517-6161.1974.tb00994.x,2
DOI:10.1016/j.tbs.2023.02.008,DOI:10.1177/00472875211034582,2
DOI:10.1016/j.tbs.2023.02.008,DOI:10.1177/014920639502100404,2
DOI:10.1016/j.tbs.2023.02.008,DOI:10.1177/135910457000100301,2
DOI:10.1016/j.tbs.2023.02.008,DOI:10.19272/201906703004,2
DOI:10.1016/j.tbs.2023.02.008,DOI:10.3389/fenvs.2022.853302,2
DOI:10.1016/j.tbs.2023.02.008,DOI:10.3389/fpsyg.2022.914328,2
DOI:10.1016/j.tbs.2023.02.008,DOI:10.3390/su14074095,2
DOI:10.1016/j.tbs.2023.02.008,DOI:10.3390/su9081322,2
DOI:10.1016/j.tbs.2023.02.008,DOI:10.3846/tede.2019.10294,2
DOI:10.1016/j.tbs.2023.02.008,"GROSS S, 2018, TOUR REV, V73, P401, DOI [10.1108/TR-11-2017-0177, 10.1108/TR-11-2017-0177]",2
DOI:10.1016/j.tourman.2019.04.016,DOI:10.1016/j.trd.2020.102566,2
DOI:10.1016/j.tourman.2019.04.016,DOI:10.1016/s0001-6918(99)00050-5,2
DOI:10.1016/j.tourman.2019.04.016,DOI:10.1037/0021-9010.88.5.879,2
DOI:10.1016/j.tourman.2019.04.016,DOI:10.1080/09669582.2016.1198357,2
DOI:10.1016/j.tourman.2019.04.016,DOI:10.1080/09669582.2019.1607359,2
DOI:10.1016/j.tourman.2019.04.016,DOI:10.1080/09669582.2020.1843046,2
DOI:10.1016/j.tourman.2019.04.016,DOI:10.1080/13683500.2021.2017409,2
DOI:10.1016/j.tourman.2019.04.016,DOI:10.1108/ijchm-10-2020-1164,2
DOI:10.1016/j.tourman.2019.04.016,DOI:10.1108/jtf-05-2021-0127,2
DOI:10.1016/j.tourman.2019.04.016,DOI:10.1111/j.2517-6161.1974.tb00994.x,2
DOI:10.1016/j.tourman.2019.04.016,DOI:10.1177/00472875211034582,2
DOI:10.1016/j.tourman.2019.04.016,DOI:10.1177/014920639502100404,2
DOI:10.1016/j.tourman.2019.04.016,DOI:10.1177/135910457000100301,2
DOI:10.1016/j.tourman.2019.04.016,DOI:10.19272/201906703004,2
DOI:10.1016/j.tourman.2019.04.016,DOI:10.3389/fenvs.2022.853302,2
DOI:10.1016/j.tourman.2019.04.016,DOI:10.3389/fpsyg.2022.914328,2
DOI:10.1016/j.tourman.2019.04.016,DOI:10.3390/su14074095,2
DOI:10.1016/j.tourman.2019.04.016,DOI:10.3390/su9081322,2
DOI:10.1016/j.tourman.2019.04.016,DOI:10.3846/tede.2019.10294,2
DOI:10.1016/j.tourman.2019.04.016,"GROSS S, 2018, TOUR REV, V73, P401, DOI [10.1108/TR-11-2017-0177, 10.1108/TR-11-2017-0177]",2
DOI:10.1016/j.trd.2020.102566,DOI:10.1016/s0001-6918(99)00050-5,2
DOI:10.1016/j.trd.2020.102566,DOI:10.1037/0021-9010.88.5.879,2
DOI:10.1016/j.trd.2020.102566,DOI:10.1080/09669582.2016.1198357,2
DOI:10.1016/j.trd.2020.102566,DOI:10.1080/09669582.2019.1607359,2
DOI:10.1016/j.trd.2020.102566,DOI:10.1080/09669582.2020.1843046,2
DOI:10.1016/j.trd.2020.102566,DOI:10.1080/13683500.2021.2017409,2
DOI:10.1016/j.trd.2020.102566,DOI:10.1108/ijchm-10-2020-1164,2
DOI:10.1016/j.trd.2020.102566,DOI:10.1108/jtf-05-2021-0127,2
DOI:10.1016/j.trd.2020.102566,DOI:10.1111/j.2517-6161.1974.tb00994.x,2
DOI:10.1016/j.trd.2020.102566,DOI:10.1177/00472875211034582,2
DOI:10.1016/j.trd.2020.102566,DOI:10.1177/014920639502100404,2
DOI:10.1016/j.trd.2020.102566,DOI:10.1177/135910457000100301,2
DOI:10.1016/j.trd.2020.102566,DOI:10.19272/201906703004,2
DOI:10.1016/j.trd.2020.102566,DOI:10.3389/fenvs.2022.853302,2
DOI:10.1016/j.trd.2020.102566,DOI:10.3389/fpsyg.2022.914328,2
DOI:10.1016/j.trd.2020.102566,DOI:10.3390/su14074095,2
DOI:10.1016/j.trd.2020.102566,DOI:10.3390/su9081322,2
DOI:10.1016/j.trd.2020.102566,DOI:10.3846/tede.2019.10294,2
DOI:10.1016/j.trd.2020.102566,"GROSS S, 2018, TOUR REV, V73, P401, DOI [10.1108/TR-11-2017-0177, 10.1108/TR-11-2017-0177]",2
DOI:10.1016/s0001-6918(99)00050-5,DOI:10.1037/0021-9010.88.5.879,2
DOI:10.1016/s0001-6918(99)00050-5,DOI:10.1080/09669582.2016.1198357,2
DOI:10.1016/s0001-6918(99)00050-5,DOI:10.1080/09669582.2019.1607359,2
DOI:10.1016/s0001-6918(99)00050-5,DOI:10.1080/09669582.2020.1843046,2
DOI:10.1016/s0001-6918(99)00050-5,DOI:10.1080/13683500.2021.2017409,2
DOI:10.1016/s0001-6918(99)00050-5,DOI:10.1108/ijchm-10-2020-1164,2
DOI:10.1016/s0001-6918(99)00050-5,DOI:10.1108/jtf-05-2021-0127,2
DOI:10.1016/s0001-6918(99)00050-5,DOI:10.1111/j.2517-6161.1974.tb00994.x,2
DOI:10.1016/s0001-6918(99)00050-5,DOI:10.1177/00472875211034582,2
DOI:10.1016/s0001-6918(99)00050-5,DOI:10.1177/014920639502100404,2
DOI:10.1016/s0001-6918(99)00050-5,DOI:10.1177/135910457000100301,2
DOI:10.1016/s0001-6918(99)00050-5,DOI:10.19272/201906703004,2
DOI:10.1016/s0001-6918(99)00050-5,DOI:10.3389/fenvs.2022.853302,2
DOI:10.1016/s0001-6918(99)00050-5,DOI:10.3389/fpsyg.2022.914328,2
DOI:10.1016/s0001-6918(99)00050-5,DOI:10.3390/su14074095,2
DOI:10.1016/s0001-6918(99)00050-5,DOI:10.3390/su9081322,2
DOI:10.1016/s0001-6918(99)00050-5,DOI:10.3846/tede.2019.10294,2
DOI:10.1016/s0001-6918(99)00050-5,"GROSS S, 2018, TOUR REV, V73, P401, DOI [10.1108/TR-11-2017-0177, 10.1108/TR-11-2017-0177]",2
DOI:10.1037/0021-9010.88.5.879,DOI:10.1080/09669582.2016.1198357,2
DOI:10.1037/0021-9010.88.5.879,DOI:10.1080/09669582.2019.1607359,2
DOI:10.1037/0021-9010.88.5.879,DOI:10.1080/09669582.2020.1843046,2
DOI:10.1037/0021-9010.88.5.879,DOI:10.1080/13683500.2021.2017409,2
DOI:10.1037/0021-9010.88.5.879,DOI:10.1108/ijchm-10-2020-1164,2
DOI:10.1037/0021-9010.88.5.879,DOI:10.1108/jtf-05-2021-0127,2
DOI:10.1037/0021-9010.88.5.879,DOI:10.1111/j.2517-6161.1974.tb00994.x,2
DOI:10.1037/0021-9010.88.5.879,DOI:10.1177/00472875211034582,2
DOI:10.1037/0021-9010.88.5.879,DOI:10.1177/014920639502100404,2
DOI:10.1037/0021-9010.88.5.879,DOI:10.1177/135910457000100301,2
DOI:10.1037/0021-9010.88.5.879,DOI:10.19272/201906703004,2
DOI:10.1037/0021-9010.88.5.879,DOI:10.3389/fenvs.2022.853302,2
DOI:10.1037/0021-9010.88.5.879,DOI:10.3389/fpsyg.2022.914328,2
DOI:10.1037/0021-9010.88.5.879,DOI:10.3390/su14074095,2
DOI:10.1037/0021-9010.88.5.879,DOI:10.3390/su9081322,2
DOI:10.1037/0021-9010.88.5.879,DOI:10.3846/tede.2019.10294,2
DOI:10.1037/0021-9010.88.5.879,"GROSS S, 2018, TOUR REV, V73, P401, DOI [10.1108/TR-11-2017-0177, 10.1108/TR-11-2017-0177]",2
DOI:10.1080/09669582.2016.1198357,DOI:10.1080/09669582.2019.1607359,2
DOI:10.1080/09669582.2016.1198357,DOI:10.1080/09669582.2020.1843046,2
DOI:10.1080/09669582.2016.1198357,DOI:10.1080/13683500.2021.2017409,2
DOI:10.1080/09669582.2016.1198357,DOI:10.1108/ijchm-10-2020-1164,2
DOI:10.1080/09669582.2016.1198357,DOI:10.1108/jtf-05-2021-0127,2
DOI:10.1080/09669582.2016.1198357,DOI:10.1111/j.2517-6161.1974.tb00994.x,2
DOI:10.1080/09669582.2016.1198357,DOI:10.1177/00472875211034582,2
DOI:10.1080/09669582.2016.1198357,DOI:10.1177/014920639502100404,2
DOI:10.1080/09669582.2016.1198357,DOI:10.1177/135910457000100301,2
DOI:10.1080/09669582.2016.1198357,DOI:10.19272/201906703004,2
DOI:10.1080/09669582.2016.1198357,DOI:10.3389/fenvs.2022.853302,2
DOI:10.1080/09669582.2016.1198357,DOI:10.3389/fpsyg.2022.914328,2
DOI:10.1080/09669582.2016.1198357,DOI:10.3390/su14074095,2
DOI:10.1080/09669582.2016.1198357,DOI:10.3390/su9081322,2
DOI:10.1080/09669582.2016.1198357,DOI:10.3846/tede.2019.10294,2
DOI:10.1080/09669582.2016.1198357,"GROSS S, 2018, TOUR REV, V73, P401, DOI [10.1108/TR-11-2017-0177, 10.1108/TR-11-2017-0177]",2
DOI:10.1080/09669582.2019.1607359,DOI:10.1080/09669582.2020.1843046,2
DOI:10.1080/09669582.2019.1607359,DOI:10.1080/13683500.2021.2017409,2
DOI:10.1080/09669582.2019.1607359,DOI:10.1108/ijchm-10-2020-1164,2
DOI:10.1080/09669582.2019.1607359,DOI:10.1108/jtf-05-2021-0127,2
DOI:10.1080/09669582.2019.1607359,DOI:10.1111/j.2517-6161.1974.tb00994.x,2
DOI:10.1080/09669582.2019.1607359,DOI:10.1177/00472875211034582,2
DOI:10.1080/09669582.2019.1607359,DOI:10.1177/014920639502100404,2
DOI:10.1080/09669582.2019.1607359,DOI:10.1177/135910457000100301,2
DOI:10.1080/09669582.2019.1607359,DOI:10.19272/201906703004,2
DOI:10.1080/09669582.2019.1607359,DOI:10.3389/fenvs.2022.853302,2
DOI:10.1080/09669582.2019.1607359,DOI:10.3389/fpsyg.2022.914328,2
DOI:10.1080/09669582.2019.1607359,DOI:10.3390/su14074095,2
DOI:10.1080/09669582.2019.1607359,DOI:10.3390/su9081322,2
DOI:10.1080/09669582.2019.1607359,DOI:10.3846/tede.2019.10294,2
DOI:10.1080/09669582.2019.1607359,"GROSS S, 2018, TOUR REV, V73, P401, DOI [10.1108/TR-11-2017-0177, 10.1108/TR-11-2017-0177]",2
DOI:10.1080/09669582.2020.1843046,DOI:10.1080/13683500.2021.2017409,2
DOI:10.1080/09669582.2020.1843046,DOI:10.1108/ijchm-10-2020-1164,2
DOI:10.1080/09669582.2020.1843046,DOI:10.1108/jtf-05-2021-0127,2
DOI:10.1080/09669582.2020.1843046,DOI:10.1111/j.2517-6161.1974.tb00994.x,2
DOI:10.1080/09669582.2020.1843046,DOI:10.1177/00472875211034582,2
DOI:10.1080/09669582.2020.1843046,DOI:10.1177/014920639502100404,2
DOI:10.1080/09669582.2020.1843046,DOI:10.1177/135910457000100301,2
DOI:10.1080/09669582.2020.1843046,DOI:10.19272/201906703004,2
DOI:10.1080/09669582.2020.1843046,DOI:10.3389/fenvs.2022.853302,2
DOI:10.1080/09669582.2020.1843046,DOI:10.3389/fpsyg.2022.914328,2
DOI:10.1080/09669582.2020.1843046,DOI:10.3390/su14074095,2
DOI:10.1080/09669582.2020.1843046,DOI:10.3390/su9081322,2
DOI:10.1080/09669582.2020.1843046,DOI:10.3846/tede.2019.10294,2
DOI:10.1080/09669582.2020.1843046,"GROSS S, 2018, TOUR REV, V73, P401, DOI [10.1108/TR-11-2017-0177, 10.1108/TR-11-2017-0177]",2
DOI:10.1080/13683500.2021.2017409,DOI:10.1108/ijchm-10-2020-1164,2
DOI:10.1080/13683500.2021.2017409,DOI:10.1108/jtf-05-2021-0127,2
DOI:10.1080/13683500.2021.2017409,DOI:10.1111/j.2517-6161.1974.tb00994.x,2
DOI:10.1080/13683500.2021.2017409,DOI:10.1177/00472875211034582,2
DOI:10.1080/13683500.2021.2017409,DOI:10.1177/014920639502100404,2
DOI:10.1080/13683500.2021.2017409,DOI:10.1177/135910457000100301,2
DOI:10.1080/13683500.2021.2017409,DOI:10.19272/201906703004,2
DOI:10.1080/13683500.2021.2017409,DOI:10.3389/fenvs.2022.853302,2
DOI:10.1080/13683500.2021.2017409,DOI:10.3389/fpsyg.2022.914328,2
DOI:10.1080/13683500.2021.2017409,DOI:10.3390/su14074095,2
DOI:10.1080/13683500.2021.2017409,DOI:10.3390/su9081322,2
DOI:10.1080/13683500.2021.2017409,DOI:10.3846/tede.2019.10294,2
DOI:10.1080/13683500.2021.2017409,"GROSS S, 2018, TOUR REV, V73, P401, DOI [10.1108/TR-11-2017-0177, 10.1108/TR-11-2017-0177]",2
DOI:10.1108/ijchm-10-2020-1164,DOI:10.1108/jtf-05-2021-0127,2
DOI:10.1108/ijchm-10-2020-1164,DOI:10.1111/j.2517-6161.1974.tb00994.x,2
DOI:10.1108/ijchm-10-2020-1164,DOI:10.1177/00472875211034582,2
DOI:10.1108/ijchm-10-2020-1164,DOI:10.1177/014920639502100404,2
DOI:10.1108/ijchm-10-2020-1164,DOI:10.1177/135910457000100301,2
DOI:10.1108/ijchm-10-2020-1164,DOI:10.19272/201906703004,2
DOI:10.1108/ijchm-10-2020-1164,DOI:10.3389/fenvs.2022.853302,2
DOI:10.1108/ijchm-10-2020-1164,DOI:10.3389/fpsyg.2022.914328,2
DOI:10.1108/ijchm-10-2020-1164,DOI:10.3390/su14074095,2
DOI:10.1108/ijchm-10-2020-1164,DOI:10.3390/su9081322,2
DOI:10.1108/ijchm-10-2020-1164,DOI:10.3846/tede.2019.10294,2
DOI:10.1108/ijchm-10-2020-1164,"GROSS S, 2018, TOUR REV, V73, P401, DOI [10.1108/TR-11-2017-0177, 10.1108/TR-11-2017-0177]",2
DOI:10.1108/jtf-05-2021-0127,DOI:10.1111/j.2517-6161.1974.tb00994.x,2
DOI:10.1108/jtf-05-2021-0127,DOI:10.1177/00472875211034582,2
DOI:10.1108/jtf-05-2021-0127,DOI:10.1177/014920639502100404,2
DOI:10.1108/jtf-05-2021-0127,DOI:10.1177/135910457000100301,2
DOI:10.1108/jtf-05-2021-0127,DOI:10.19272/201906703004,2
DOI:10.1108/jtf-05-2021-0127,DOI:10.3389/fenvs.2022.853302,2
DOI:10.1108/jtf-05-2021-0127,DOI:10.3389/fpsyg.2022.914328,2
DOI:10.1108/jtf-05-2021-0127,DOI:10.3390/su14074095,2
DOI:10.1108/jtf-05-2021-0127,DOI:10.3390/su9081322,2
DOI:10.1108/jtf-05-2021-0127,DOI:10.3846/tede.2019.10294,2
DOI:10.1108/jtf-05-2021-0127,"GROSS S, 2018, TOUR REV, V73, P401, DOI [10.1108/TR-11-2017-0177, 10.1108/TR-11-2017-0177]",2
DOI:10.1111/j.2517-6161.1974.tb00994.x,DOI:10.1177/00472875211034582,2
DOI:10.1111/j.2517-6161.1974.tb00994.x,DOI:10.1177/014920639502100404,2
DOI:10.1111/j.2517-6161.1974.tb00994.x,DOI:10.1177/135910457000100301,2
DOI:10.1111/j.2517-6161.1974.tb00994.x,DOI:10.19272/201906703004,2
DOI:10.1111/j.2517-6161.1974.tb00994.x,DOI:10.3389/fenvs.2022.853302,2
DOI:10.1111/j.2517-6161.1974.tb00994.x,DOI:10.3389/fpsyg.2022.914328,2
DOI:10.1111/j.2517-6161.1974.tb00994.x,DOI:10.3390/su14074095,2
DOI:10.1111/j.2517-6161.1974.tb00994.x,DOI:10.3390/su9081322,2
DOI:10.1111/j.2517-6161.1974.tb00994.x,DOI:10.3846/tede.2019.10294,2
DOI:10.1111/j.2517-6161.1974.tb00994.x,"GROSS S, 2018, TOUR REV, V73, P401, DOI [10.1108/TR-11-2017-0177, 10.1108/TR-11-2017-0177]",2
DOI:10.1177/00472875211034582,DOI:10.1177/014920639502100404,2
DOI:10.1177/00472875211034582,DOI:10.1177/135910457000100301,2
DOI:10.1177/00472875211034582,DOI:10.19272/201906703004,2
DOI:10.1177/00472875211034582,DOI:10.3389/fenvs.2022.853302,2
DOI:10.1177/00472875211034582,DOI:10.3389/fpsyg.2022.914328,2
DOI:10.1177/00472875211034582,DOI:10.3390/su14074095,2
DOI:10.1177/00472875211034582,DOI:10.3390/su9081322,2
DOI:10.1177/00472875211034582,DOI:10.3846/tede.2019.10294,2
DOI:10.1177/00472875211034582,"GROSS S, 2018, TOUR REV, V73, P401, DOI [10.1108/TR-11-2017-0177, 10.1108/TR-11-2017-0177]",2
DOI:10.1177/014920639502100404,DOI:10.1177/135910457000100301,2
DOI:10.1177/014920639502100404,DOI:10.19272/201906703004,2
DOI:10.1177/014920639502100404,DOI:10.3389/fenvs.2022.853302,2
DOI:10.1177/014920639502100404,DOI:10.3389/fpsyg.2022.914328,2
DOI:10.1177/014920639502100404,DOI:10.3390/su14074095,2
DOI:10.1177/014920639502100404,DOI:10.3390/su9081322,2
DOI:10.1177/014920639502100404,DOI:10.3846/tede.2019.10294,2
DOI:10.1177/014920639502100404,"GROSS S, 2018, TOUR REV, V73, P401, DOI [10.1108/TR-11-2017-0177, 10.1108/TR-11-2017-0177]",2
DOI:10.1177/135910457000100301,DOI:10.19272/201906703004,2
DOI:10.1177/135910457000100301,DOI:10.3389/fenvs.2022.853302,2
DOI:10.1177/135910457000100301,DOI:10.3389/fpsyg.2022.914328,2
DOI:10.1177/135910457000100301,DOI:10.3390/su14074095,2
DOI:10.1177/135910457000100301,DOI:10.3390/su9081322,2
DOI:10.1177/135910457000100301,DOI:10.3846/tede.2019.10294,2
DOI:10.1177/135910457000100301,"GROSS S, 2018, TOUR REV, V73, P401, DOI [10.1108/TR-11-2017-0177, 10.1108/TR-11-2017-0177]",2
DOI:10.19272/201906703004,DOI:10.3389/fenvs.2022.853302,2
DOI:10.19272/201906703004,DOI:10.3389/fpsyg.2022.914328,2
DOI:10.19272/201906703004,DOI:10.3390/su14074095,2
DOI:10.19272/201906703004,DOI:10.3390/su9081322,2
DOI:10.19272/201906703004,DOI:10.3846/tede.2019.10294,2
DOI:10.19272/201906703004,"GROSS S, 2018, TOUR REV, V73, P401, DOI [10.1108/TR-11-2017-0177, 10.1108/TR-11-2017-0177]",2
DOI:10.3389/fenvs.2022.853302,DOI:10.3389/fpsyg.2022.914328,2
DOI:10.3389/fenvs.2022.853302,DOI:10.3390/su14074095,2
DOI:10.3389/fenvs.2022.853302,DOI:10.3390/su9081322,2
DOI:10.3389/fenvs.2022.853302,DOI:10.3846/tede.2019.10294,2
DOI:10.3389/fenvs.2022.853302,"GROSS S, 2018, TOUR REV, V73, P401, DOI [10.1108/TR-11-2017-0177, 10.1108/TR-11-2017-0177]",2
DOI:10.3389/fpsyg.2022.914328,DOI:10.3390/su14074095,2
DOI:10.3389/fpsyg.2022.914328,DOI:10.3390/su9081322,2
DOI:10.3389/fpsyg.2022.914328,DOI:10.3846/tede.2019.10294,2
DOI:10.3389/fpsyg.2022.914328,"GROSS S, 2018, TOUR REV, V73, P401, DOI [10.1108/TR-11-2017-0177, 10.1108/TR-11-2017-0177]",2
DOI:10.3390/su14074095,DOI:10.3390/su9081322,2
DOI:10.3390/su14074095,DOI:10.3846/tede.2019.10294,2
DOI:10.3390/su14074095,"GROSS S, 2018, TOUR REV, V73, P401, DOI [10.1108/TR-11-2017-0177, 10.1108/TR-11-2017-0177]",2
DOI:10.3390/su9081322,DOI:10.3846/tede.2019.10294,2
DOI:10.3390/su9081322,"GROSS S, 2018, TOUR REV, V73, P401, DOI [10.1108/TR-11-2017-0177, 10.1108/TR-11-2017-0177]",2
DOI:10.3846/tede.2019.10294,"GROSS S, 2018, TOUR REV, V73, P401, DOI [10.1108/TR-11-2017-0177, 10.1108/TR-11-2017-0177]",2
"ALS P., 2017, HVORDAN FAR VI MERE","LONGVA F., 2007, COMPETITION OWNERSHI",2
DOI:10.1016/j.retrec.2018.04.004,DOI:10.1016/j.tranpol.2019.05.018,2
DOI:10.1016/j.tranpol.2019.05.018,DOI:10.1016/j.tra.2013.10.013,2
DOI:10.1016/j.tranpol.2019.05.018,DOI:10.1016/j.jtrangeo.2015.06.006,2
DOI:10.1016/j.tranpol.2019.05.018,DOI:10.1016/j.retrec.2012.06.008,2
DOI:10.1016/j.tranpol.2019.05.018,DOI:10.1093/oxfordhb/9780199548-453.003.0020,2
DOI:10.1016/j.tranpol.2019.05.018,"STRAND A., 2009, 10272009 I TRANSP EC",2
DOI:10.1016/j.landusepol.2023.106791,DOI:10.1016/j.tra.2023.103728,2
DOI:10.1016/j.enpol.2003.12.014,DOI:10.1016/j.apm.2011.07.033,2
DOI:10.1016/j.enpol.2003.12.014,DOI:10.1016/j.envsoft.2010.11.010,2
DOI:10.1016/j.enpol.2003.12.014,DOI:10.1016/j.eswa.2011.04.005,2
DOI:10.1016/j.enpol.2003.12.014,DOI:10.1016/j.jpowsour.2007.01.052,2
DOI:10.1016/j.enpol.2003.12.014,DOI:10.1016/j.sbspro.2011.08.104,2
DOI:10.1016/j.enpol.2003.12.014,DOI:10.1016/j.tranpol.2012.10.001,2
DOI:10.1016/j.enpol.2003.12.014,DOI:10.1016/j.trd.2008.03.005,2
DOI:10.1016/j.enpol.2003.12.014,DOI:10.1016/j.trpro.2015.09.031,2
DOI:10.1016/j.enpol.2003.12.014,DOI:10.1504/ijgenvi.2009.026943,2
DOI:10.1016/j.enpol.2003.12.014,"FORRESTER J.W., 1969, URBAN DYNAMICS",2
DOI:10.1016/j.enpol.2003.12.014,"MOHAN D, 1999, ECON POLIT WEEKLY, V34, P1589",2
DOI:10.1016/j.enpol.2003.12.014,"TAO C.-C., 2003, JOURNAL OF THE EASTERN ASIA SOCIETY FOR TRANSPORTATION STUDIES, V5, P3329",2
DOI:10.1016/j.enpol.2003.12.014,"[ANONYMOUS], 2009, INT J SERVICES SCI",2
DOI:10.1038/s41562-017-0202-6,DOI:10.1126/science.aaf2654,2
DOI:10.1016/j.retrec.2023.101308,DOI:10.1016/j.rser.2022.112211,2
DOI:10.1016/j.retrec.2023.101308,DOI:10.1016/j.seta.2021.101896,2
DOI:10.1016/j.rser.2022.112211,DOI:10.1016/j.seta.2021.101896,2
DOI:10.1016/j.tra.2024.103967,DOI:10.1016/j.tranpol.2023.04.008,2
DOI:10.1016/j.tra.2024.103967,DOI:10.1016/j.trd.2021.102757,2
DOI:10.1016/j.tra.2024.103967,DOI:10.1016/j.trd.2023.103797,2
DOI:10.1016/j.tranpol.2023.04.008,DOI:10.1016/j.trd.2021.102757,2
DOI:10.1016/j.tranpol.2023.04.008,DOI:10.1016/j.trd.2023.103797,2
DOI:10.1016/j.trd.2021.102757,DOI:10.1016/j.trd.2023.103797,2
DOI:10.1016/s0967-070x(00)00024-x,DOI:10.1016/j.jtrangeo.2012.01.012,2
DOI:10.1016/s0967-070x(00)00024-x,DOI:10.1016/j.retrec.2020.100954,2
DOI:10.1016/s0967-070x(00)00024-x,DOI:10.1016/j.tra.2016.07.003,2
DOI:10.1080/1464935042000250195,DOI:10.1177/08854120022092980,2
DOI:10.1080/1464935042000250195,"YIN R.K., 2014, APPLICATIONS OF CASE STUDY RESEARCH, V2ND",2
DOI:10.1080/1464935042000250195,"[ANONYMOUS], 2007, QUALITATIVE RES PRAC",2
DOI:10.1177/08854120022092980,"YIN R.K., 2014, APPLICATIONS OF CASE STUDY RESEARCH, V2ND",2
DOI:10.1177/08854120022092980,"[ANONYMOUS], 2007, QUALITATIVE RES PRAC",2
"YIN R.K., 2014, APPLICATIONS OF CASE STUDY RESEARCH, V2ND","[ANONYMOUS], 2007, QUALITATIVE RES PRAC",2
DOI:10.1016/j.tra.2017.08.004,DOI:10.14257/ijt.2013.1.1.01,2
DOI:10.1016/j.trd.2016.08.038,"MUENRIT K., 2017, JOURNAL OF THE EASTERN ASIA SOCIETY FOR TRANSPORTATION STUDIES, V12, P1192",2
DOI:10.1016/j.jtrangeo.2014.08.006,DOI:10.1016/j.tra.2008.01.022,2
DOI:10.1016/j.jtrangeo.2014.08.006,"STREETING M., 2006, 29 AUSTRALASIAN TRAN, P1",2
DOI:10.1016/j.tra.2008.01.022,"STREETING M., 2006, 29 AUSTRALASIAN TRAN, P1",2
DOI:10.1016/j.tra.2016.07.003,DOI:10.1016/j.retrec.2020.100954,2
DOI:10.1016/j.ypmed.2015.04.010,DOI:10.1016/j.jtrangeo.2018.02.006,2
DOI:10.1016/j.ypmed.2015.04.010,DOI:10.1016/j.aap.2016.04.039,2
DOI:10.1016/j.ypmed.2015.04.010,DOI:10.1016/j.envint.2011.02.003,2
DOI:10.1016/j.ypmed.2015.04.010,DOI:10.1016/j.jth.2017.02.011,2
DOI:10.1016/j.ypmed.2015.04.010,DOI:10.1016/j.trf.2016.06.022,2
DOI:10.1016/j.ypmed.2015.04.010,DOI:10.1186/s12966-014-0132-x,2
DOI:10.1016/j.ypmed.2015.04.010,DOI:10.3390/su11010221,2
DOI:10.1016/j.ypmed.2015.04.010,DOI:10.7307/ptt.v29i3.2265,2
DOI:10.1016/j.ypmed.2015.04.010,"EUROPEAN COMMISSION (EC), COM490 EC",2
DOI:10.1016/j.ypmed.2015.04.010,"EUROPEAN COMMISSION (EC), COM501 EC",2
DOI:10.1016/j.ypmed.2015.04.010,"EUROPEAN COMMISSION (EC), COM913 EC",2
DOI:10.1016/j.ypmed.2015.04.010,"GREEN G., 2014, HLTH CITIES PROMOTIN",2
DOI:10.1016/j.ypmed.2015.04.010,"LEP M., 2017, PROMETNA STUDIJA IZV",2
DOI:10.1016/j.ypmed.2015.04.010,"LEP M., 2018, PROMETNA STUDIJA IZV",2
DOI:10.1016/j.ypmed.2015.04.010,"MARSHALL S., 2001, PLANNING FOR A SUSTAINABLE FUTURE, P131",2
DOI:10.1016/j.ypmed.2015.04.010,"PLEVNIK A., 2012, PRIJAZNA MOBILNOST Z",2
DOI:10.1016/j.ypmed.2015.04.010,"PLEVNIK A., 2016, OKOLJE PROMET ZDRAVJ",2
DOI:10.1016/j.ypmed.2015.04.010,"RUPPRECHT S., 2019, GUIDELINES FOR DEVELOPING AND IMPLEMENTING A SUSTAINABLE URBAN MOBILITY PLAN, V2ND",2
DOI:10.1016/j.ypmed.2015.04.010,"VODNIK S, 2014, PROMETNA STUDIJA IZV",2
DOI:10.1016/j.ypmed.2015.04.010,"WHO, PHYS ACT KEY FACTS",2
DOI:10.1016/j.jvb.2020.103442,DOI:10.1016/j.tranpol.2020.07.001,2
DOI:10.1016/j.tranpol.2020.07.001,DOI:10.1016/j.trip.2020.100216,2
DOI:10.1016/j.tranpol.2020.07.001,"PARADY G, 2020, TRANSP RES INTERDISC, V7, DOI [10.2139/SSRN.3618769, 10.1016/J.TRIP.2020.100181]",2
DOI:10.1016/j.jtrangeo.2009.05.006,DOI:10.1016/s0965-8564(99)00006-3,2
DOI:10.1016/j.jtrangeo.2009.05.006,DOI:10.1111/1467-9663.00206,2
DOI:10.1016/j.jtrangeo.2009.05.006,DOI:10.1016/s0967-070x(01)00028-2,2
DOI:10.1016/s0965-8564(99)00006-3,DOI:10.1111/1467-9663.00206,2
DOI:10.1111/j.1468-0491.2011.01550.x,DOI:10.1111/psj.12212,2
DOI:10.1111/j.1468-0491.2011.01550.x,DOI:10.1111/puar.12076,2
DOI:10.1111/j.1468-0491.2011.01550.x,DOI:10.1177/1078087411400379,2
DOI:10.1111/j.1468-0491.2011.01550.x,DOI:10.2307/1952530,2
DOI:10.1111/j.1468-0491.2011.01550.x,"HUITEMA D, 2009, ECOL SOC, V14",2
DOI:10.1111/j.1468-0491.2011.01550.x,"OSTROM E, 1972, SOC SCI QUART, V53, P474",2
DOI:10.1111/psj.12212,DOI:10.1111/puar.12076,2
DOI:10.1111/psj.12212,DOI:10.1177/1078087411400379,2
DOI:10.1111/psj.12212,DOI:10.2307/1952530,2
DOI:10.1111/psj.12212,"HUITEMA D, 2009, ECOL SOC, V14",2
DOI:10.1111/psj.12212,"OSTROM E, 1972, SOC SCI QUART, V53, P474",2
DOI:10.1111/puar.12076,DOI:10.1177/1078087411400379,2
DOI:10.1111/puar.12076,DOI:10.2307/1952530,2
DOI:10.1111/puar.12076,"HUITEMA D, 2009, ECOL SOC, V14",2
DOI:10.1111/puar.12076,"OSTROM E, 1972, SOC SCI QUART, V53, P474",2
DOI:10.1177/1078087411400379,DOI:10.2307/1952530,2
DOI:10.1177/1078087411400379,"HUITEMA D, 2009, ECOL SOC, V14",2
DOI:10.1177/1078087411400379,"OSTROM E, 1972, SOC SCI QUART, V53, P474",2
DOI:10.2307/1952530,"HUITEMA D, 2009, ECOL SOC, V14",2
DOI:10.2307/1952530,"OSTROM E, 1972, SOC SCI QUART, V53, P474",2
"HUITEMA D, 2009, ECOL SOC, V14","OSTROM E, 1972, SOC SCI QUART, V53, P474",2
DOI:10.1016/j.trd.2015.11.004,DOI:10.1016/j.trip.2020.100255,2
DOI:10.1016/j.trd.2015.11.004,DOI:10.1177/0361198119844741,2
DOI:10.1007/s10479-014-1681-8,DOI:10.31181/jscda11202311],2
DOI:10.1007/s10479-014-1681-8,DOI:10.3846/16484142.2015.1121517,2
DOI:10.1007/s10479-014-1681-8,DOI:10.3390/su10103647,2
DOI:10.1007/s10479-014-1681-8,"SAATY T.L., 1980, ANALYTIC HIERARCHY P",2
DOI:10.1016/j.engappai.2023.107447,DOI:10.1016/j.engappai.2024.109112,2
DOI:10.1016/j.engappai.2024.109112,DOI:10.1016/j.habitatint.2018.10.002,2
DOI:10.1016/j.tra.2017.10.013,DOI:10.1109/access.2023.3234298,2
DOI:10.1016/j.tra.2017.10.013,DOI:10.15388/21-infor451,2
DOI:10.1016/j.tra.2017.10.013,DOI:10.3390/app10124158,2
DOI:10.1016/j.tra.2017.10.013,DOI:10.3390/app9224759,2
DOI:10.1109/access.2023.3234298,DOI:10.15388/21-infor451,2
DOI:10.1109/access.2023.3234298,DOI:10.3390/app10124158,2
DOI:10.1109/access.2023.3234298,DOI:10.3390/app9224759,2
DOI:10.15388/21-infor451,DOI:10.3390/app10124158,2
DOI:10.15388/21-infor451,DOI:10.3390/app9224759,2
DOI:10.31181/jscda11202311],DOI:10.3390/app10124158,2
DOI:10.31181/jscda11202311],DOI:10.3846/16484142.2015.1121517,2
DOI:10.3390/app10124158,DOI:10.3390/app9224759,2
DOI:10.3390/app10124158,DOI:10.3846/16484142.2015.1121517,2
DOI:10.3390/app10124158,DOI:10.1007/s12530-021-09414-0,2
DOI:10.3390/app10124158,DOI:10.1016/j.asoc.2020.106920,2
DOI:10.3846/16484142.2015.1121517,DOI:10.1016/j.tranpol.2014.11.002,2
DOI:10.3846/16484142.2015.1121517,"SAATY T.L., 1980, ANALYTIC HIERARCHY P",2
DOI:10.3846/16484142.2015.1121517,"TZENG GH, 2011, MULTIPLE ATTRIBUTE DECISION MAKING: METHODS AND APPLICATIONS, P1",2
DOI:10.4467/2353737xct.18.088.8693,DOI:10.5604/01.3001.0012.2107],2
DOI:10.1016/j.apenergy.2023.120903,DOI:10.1080/01441647.2020.1800132,2
DOI:10.1016/j.apenergy.2023.121434,DOI:10.1016/j.rser.2021.111139,2
DOI:10.1016/j.ejor.2017.04.030,DOI:10.1016/j.rser.2021.111139,2
DOI:10.1016/j.ejor.2017.04.030,DOI:10.1186/s12544-020-00454-2,2
DOI:10.1016/j.rser.2021.111139,DOI:10.1186/s12544-020-00454-2,2
DOI:10.1016/j.rser.2021.111139,DOI:10.1016/j.ejor.2013.11.021,2
DOI:10.1016/j.rser.2021.111139,DOI:10.1016/j.enpol.2005.06.025,2
DOI:10.1016/j.rser.2021.111139,DOI:10.1016/j.retrec.2018.12.001,2
DOI:10.1016/j.rser.2021.111139,DOI:10.1016/j.tra.2017.04.037,2
DOI:10.1016/j.rser.2021.111139,DOI:10.1016/j.trd.2021.102727,2
DOI:10.1016/j.rser.2021.111139,DOI:10.1016/j.trd.2022.103246,2
DOI:10.1016/j.rser.2021.111139,DOI:10.1057/s41274-017-0199-2,2
DOI:10.1016/j.rser.2021.111139,DOI:10.3390/su10030672,2
DOI:10.1016/j.rser.2021.111139,"FRIDSTROM L, 2022, FINDINGS, P31635",2
DOI:10.1016/j.rser.2021.111139,"KLESTY V, 2021, ELECT CARS RISE RECO",2
DOI:10.1080/15568318.2013.821008,DOI:10.1007/978-3-030-57764-3_16,2
DOI:10.1080/15568318.2013.821008,DOI:10.1016/j.cstp.2014.09.001,3
DOI:10.1080/15568318.2013.821008,DOI:10.1016/j.tra.2016.03.012,2
DOI:10.1080/15568318.2013.821008,DOI:10.1080/00343404.2022.2058699,2
DOI:10.1080/15568318.2013.821008,DOI:10.3390/su7067086,2
DOI:10.1080/15568318.2013.821008,"SMEDS E., 2020, CIVITAS SUMP-PLUS PROJECT",2
DOI:10.1080/15568318.2013.821008,DOI:10.1016/j.cstp.2022.06.007,2
"AZADI MAJID, 2012, INTERNATIONAL JOURNAL OF OPERATIONAL RESEARCH, V13, P44",DOI:10.1007/s10098-013-0652-0,2
"AZADI MAJID, 2012, INTERNATIONAL JOURNAL OF OPERATIONAL RESEARCH, V13, P44",DOI:10.1016/0305-0483(76)90099-2,2
"AZADI MAJID, 2012, INTERNATIONAL JOURNAL OF OPERATIONAL RESEARCH, V13, P44",DOI:10.1016/j.amc.2011.01.008,2
"AZADI MAJID, 2012, INTERNATIONAL JOURNAL OF OPERATIONAL RESEARCH, V13, P44",DOI:10.1016/j.amc.2012.05.014,2
"AZADI MAJID, 2012, INTERNATIONAL JOURNAL OF OPERATIONAL RESEARCH, V13, P44",DOI:10.1016/j.apm.2011.02.048,2
"AZADI MAJID, 2012, INTERNATIONAL JOURNAL OF OPERATIONAL RESEARCH, V13, P44",DOI:10.1016/j.apm.2011.05.002,2
"AZADI MAJID, 2012, INTERNATIONAL JOURNAL OF OPERATIONAL RESEARCH, V13, P44",DOI:10.1016/j.cam.2009.11.045,2
"AZADI MAJID, 2012, INTERNATIONAL JOURNAL OF OPERATIONAL RESEARCH, V13, P44",DOI:10.1016/j.cie.2012.12.006,2
"AZADI MAJID, 2012, INTERNATIONAL JOURNAL OF OPERATIONAL RESEARCH, V13, P44",DOI:10.1016/j.ejor.2007.11.040,2
"AZADI MAJID, 2012, INTERNATIONAL JOURNAL OF OPERATIONAL RESEARCH, V13, P44",DOI:10.1016/j.ejor.2008.05.027,2
"AZADI MAJID, 2012, INTERNATIONAL JOURNAL OF OPERATIONAL RESEARCH, V13, P44",DOI:10.1016/j.ejor.2009.03.005,2
"AZADI MAJID, 2012, INTERNATIONAL JOURNAL OF OPERATIONAL RESEARCH, V13, P44",DOI:10.1016/j.ejor.2011.03.010,2
"AZADI MAJID, 2012, INTERNATIONAL JOURNAL OF OPERATIONAL RESEARCH, V13, P44",DOI:10.1016/j.ejor.2012.01.024,2
"AZADI MAJID, 2012, INTERNATIONAL JOURNAL OF OPERATIONAL RESEARCH, V13, P44",DOI:10.1016/j.enpol.2012.02.063,2
"AZADI MAJID, 2012, INTERNATIONAL JOURNAL OF OPERATIONAL RESEARCH, V13, P44",DOI:10.1016/j.eswa.2009.09.029,2
"AZADI MAJID, 2012, INTERNATIONAL JOURNAL OF OPERATIONAL RESEARCH, V13, P44",DOI:10.1016/j.eswa.2013.11.032,2
"AZADI MAJID, 2012, INTERNATIONAL JOURNAL OF OPERATIONAL RESEARCH, V13, P44",DOI:10.1016/j.ijpe.2013.02.009,2
"AZADI MAJID, 2012, INTERNATIONAL JOURNAL OF OPERATIONAL RESEARCH, V13, P44",DOI:10.1016/j.measurement.2014.04.018,2
"AZADI MAJID, 2012, INTERNATIONAL JOURNAL OF OPERATIONAL RESEARCH, V13, P44",DOI:10.1016/j.omega.2007.06.003,2
"AZADI MAJID, 2012, INTERNATIONAL JOURNAL OF OPERATIONAL RESEARCH, V13, P44",DOI:10.1016/j.omega.2007.10.002,2
"AZADI MAJID, 2012, INTERNATIONAL JOURNAL OF OPERATIONAL RESEARCH, V13, P44",DOI:10.1016/j.omega.2008.08.001,2
"AZADI MAJID, 2012, INTERNATIONAL JOURNAL OF OPERATIONAL RESEARCH, V13, P44",DOI:10.1016/j.omega.2009.07.001,2
"AZADI MAJID, 2012, INTERNATIONAL JOURNAL OF OPERATIONAL RESEARCH, V13, P44",DOI:10.1016/j.omega.2009.11.003,2
"AZADI MAJID, 2012, INTERNATIONAL JOURNAL OF OPERATIONAL RESEARCH, V13, P44",DOI:10.1016/j.omega.2010.01.004,2
"AZADI MAJID, 2012, INTERNATIONAL JOURNAL OF OPERATIONAL RESEARCH, V13, P44",DOI:10.1016/j.omega.2012.06.003,2
"AZADI MAJID, 2012, INTERNATIONAL JOURNAL OF OPERATIONAL RESEARCH, V13, P44",DOI:10.1016/j.proenv.2014.03.024,2
"AZADI MAJID, 2012, INTERNATIONAL JOURNAL OF OPERATIONAL RESEARCH, V13, P44",DOI:10.1016/j.resconrec.2010.06.003,2
"AZADI MAJID, 2012, INTERNATIONAL JOURNAL OF OPERATIONAL RESEARCH, V13, P44",DOI:10.1016/j.rtbm.2013.02.001,2
"AZADI MAJID, 2012, INTERNATIONAL JOURNAL OF OPERATIONAL RESEARCH, V13, P44",DOI:10.1016/j.sbspro.2014.01.153,2
"AZADI MAJID, 2012, INTERNATIONAL JOURNAL OF OPERATIONAL RESEARCH, V13, P44",DOI:10.1016/j.tra.2008.03.014,2
"AZADI MAJID, 2012, INTERNATIONAL JOURNAL OF OPERATIONAL RESEARCH, V13, P44",DOI:10.1016/j.trd.2012.02.002,2
"AZADI MAJID, 2012, INTERNATIONAL JOURNAL OF OPERATIONAL RESEARCH, V13, P44",DOI:10.1016/j.trd.2014.05.015,2
"AZADI MAJID, 2012, INTERNATIONAL JOURNAL OF OPERATIONAL RESEARCH, V13, P44",DOI:10.1016/j.trd.2014.05.024,2
"AZADI MAJID, 2012, INTERNATIONAL JOURNAL OF OPERATIONAL RESEARCH, V13, P44",DOI:10.1016/j.tre.2005.09.005,2
"AZADI MAJID, 2012, INTERNATIONAL JOURNAL OF OPERATIONAL RESEARCH, V13, P44",DOI:10.1016/j.tre.2011.05.015,2
"AZADI MAJID, 2012, INTERNATIONAL JOURNAL OF OPERATIONAL RESEARCH, V13, P44",DOI:10.1016/j.tre.2011.05.016,2
"AZADI MAJID, 2012, INTERNATIONAL JOURNAL OF OPERATIONAL RESEARCH, V13, P44",DOI:10.1016/j.tre.2013.03.005,2
"AZADI MAJID, 2012, INTERNATIONAL JOURNAL OF OPERATIONAL RESEARCH, V13, P44",DOI:10.1016/s0377-2217(00)00150-8,2
"AZADI MAJID, 2012, INTERNATIONAL JOURNAL OF OPERATIONAL RESEARCH, V13, P44",DOI:10.1016/s0965-8564(99)00049-x,2
"AZADI MAJID, 2012, INTERNATIONAL JOURNAL OF OPERATIONAL RESEARCH, V13, P44",DOI:10.1023/a:1005121506841,2
"AZADI MAJID, 2012, INTERNATIONAL JOURNAL OF OPERATIONAL RESEARCH, V13, P44",DOI:10.1057/jors.2008.154,2
"AZADI MAJID, 2012, INTERNATIONAL JOURNAL OF OPERATIONAL RESEARCH, V13, P44",DOI:10.1108/09600031111185257,2
"AZADI MAJID, 2012, INTERNATIONAL JOURNAL OF OPERATIONAL RESEARCH, V13, P44",DOI:10.1287/mnsc.1040.0244,2
"AZADI MAJID, 2012, INTERNATIONAL JOURNAL OF OPERATIONAL RESEARCH, V13, P44","DUDOW A., 1998, THESIS LUND U LUND",2
"AZADI MAJID, 2012, INTERNATIONAL JOURNAL OF OPERATIONAL RESEARCH, V13, P44","LU Z., 2013, ADV CIVIL ENG BUILDI",2
"AZADI MAJID, 2012, INTERNATIONAL JOURNAL OF OPERATIONAL RESEARCH, V13, P44","[ANONYMOUS], MULTICRITERIA DECISO",2
DOI:10.1007/s10098-013-0652-0,DOI:10.1016/0305-0483(76)90099-2,2
DOI:10.1007/s10098-013-0652-0,DOI:10.1016/j.amc.2011.01.008,2
DOI:10.1007/s10098-013-0652-0,DOI:10.1016/j.amc.2012.05.014,2
DOI:10.1007/s10098-013-0652-0,DOI:10.1016/j.apm.2011.02.048,2
DOI:10.1007/s10098-013-0652-0,DOI:10.1016/j.apm.2011.05.002,2
DOI:10.1007/s10098-013-0652-0,DOI:10.1016/j.cam.2009.11.045,2
DOI:10.1007/s10098-013-0652-0,DOI:10.1016/j.cie.2012.12.006,2
DOI:10.1007/s10098-013-0652-0,DOI:10.1016/j.ejor.2007.11.040,2
DOI:10.1007/s10098-013-0652-0,DOI:10.1016/j.ejor.2008.05.027,2
DOI:10.1007/s10098-013-0652-0,DOI:10.1016/j.ejor.2009.03.005,2
DOI:10.1007/s10098-013-0652-0,DOI:10.1016/j.ejor.2011.03.010,2
DOI:10.1007/s10098-013-0652-0,DOI:10.1016/j.ejor.2012.01.024,2
DOI:10.1007/s10098-013-0652-0,DOI:10.1016/j.enpol.2012.02.063,2
DOI:10.1007/s10098-013-0652-0,DOI:10.1016/j.eswa.2009.09.029,2
DOI:10.1007/s10098-013-0652-0,DOI:10.1016/j.eswa.2013.11.032,2
DOI:10.1007/s10098-013-0652-0,DOI:10.1016/j.ijpe.2013.02.009,2
DOI:10.1007/s10098-013-0652-0,DOI:10.1016/j.measurement.2014.04.018,2
DOI:10.1007/s10098-013-0652-0,DOI:10.1016/j.omega.2007.06.003,2
DOI:10.1007/s10098-013-0652-0,DOI:10.1016/j.omega.2007.10.002,2
DOI:10.1007/s10098-013-0652-0,DOI:10.1016/j.omega.2008.08.001,2
DOI:10.1007/s10098-013-0652-0,DOI:10.1016/j.omega.2009.07.001,2
DOI:10.1007/s10098-013-0652-0,DOI:10.1016/j.omega.2009.11.003,2
DOI:10.1007/s10098-013-0652-0,DOI:10.1016/j.omega.2010.01.004,2
DOI:10.1007/s10098-013-0652-0,DOI:10.1016/j.omega.2012.06.003,2
DOI:10.1007/s10098-013-0652-0,DOI:10.1016/j.proenv.2014.03.024,2
DOI:10.1007/s10098-013-0652-0,DOI:10.1016/j.resconrec.2010.06.003,2
DOI:10.1007/s10098-013-0652-0,DOI:10.1016/j.rtbm.2013.02.001,2
DOI:10.1007/s10098-013-0652-0,DOI:10.1016/j.sbspro.2014.01.153,2
DOI:10.1007/s10098-013-0652-0,DOI:10.1016/j.tra.2008.03.014,2
DOI:10.1007/s10098-013-0652-0,DOI:10.1016/j.trd.2012.02.002,2
DOI:10.1007/s10098-013-0652-0,DOI:10.1016/j.trd.2014.05.015,2
DOI:10.1007/s10098-013-0652-0,DOI:10.1016/j.trd.2014.05.024,2
DOI:10.1007/s10098-013-0652-0,DOI:10.1016/j.tre.2005.09.005,2
DOI:10.1007/s10098-013-0652-0,DOI:10.1016/j.tre.2011.05.015,2
DOI:10.1007/s10098-013-0652-0,DOI:10.1016/j.tre.2011.05.016,2
DOI:10.1007/s10098-013-0652-0,DOI:10.1016/j.tre.2013.03.005,2
DOI:10.1007/s10098-013-0652-0,DOI:10.1016/s0377-2217(00)00150-8,2
DOI:10.1007/s10098-013-0652-0,DOI:10.1016/s0965-8564(99)00049-x,2
DOI:10.1007/s10098-013-0652-0,DOI:10.1023/a:1005121506841,2
DOI:10.1007/s10098-013-0652-0,DOI:10.1057/jors.2008.154,2
DOI:10.1007/s10098-013-0652-0,DOI:10.1108/09600031111185257,2
DOI:10.1007/s10098-013-0652-0,DOI:10.1287/mnsc.1040.0244,2
DOI:10.1007/s10098-013-0652-0,"DUDOW A., 1998, THESIS LUND U LUND",2
DOI:10.1007/s10098-013-0652-0,"LU Z., 2013, ADV CIVIL ENG BUILDI",2
DOI:10.1007/s10098-013-0652-0,"[ANONYMOUS], MULTICRITERIA DECISO",2
DOI:10.1016/0305-0483(76)90099-2,DOI:10.1016/j.amc.2011.01.008,2
DOI:10.1016/0305-0483(76)90099-2,DOI:10.1016/j.amc.2012.05.014,2
DOI:10.1016/0305-0483(76)90099-2,DOI:10.1016/j.apm.2011.02.048,2
DOI:10.1016/0305-0483(76)90099-2,DOI:10.1016/j.apm.2011.05.002,2
DOI:10.1016/0305-0483(76)90099-2,DOI:10.1016/j.cam.2009.11.045,2
DOI:10.1016/0305-0483(76)90099-2,DOI:10.1016/j.cie.2012.12.006,2
DOI:10.1016/0305-0483(76)90099-2,DOI:10.1016/j.ejor.2007.11.040,2
DOI:10.1016/0305-0483(76)90099-2,DOI:10.1016/j.ejor.2008.05.027,2
DOI:10.1016/0305-0483(76)90099-2,DOI:10.1016/j.ejor.2009.03.005,2
DOI:10.1016/0305-0483(76)90099-2,DOI:10.1016/j.ejor.2011.03.010,2
DOI:10.1016/0305-0483(76)90099-2,DOI:10.1016/j.ejor.2012.01.024,2
DOI:10.1016/0305-0483(76)90099-2,DOI:10.1016/j.enpol.2012.02.063,2
DOI:10.1016/0305-0483(76)90099-2,DOI:10.1016/j.eswa.2009.09.029,2
DOI:10.1016/0305-0483(76)90099-2,DOI:10.1016/j.eswa.2013.11.032,2
DOI:10.1016/0305-0483(76)90099-2,DOI:10.1016/j.ijpe.2013.02.009,2
DOI:10.1016/0305-0483(76)90099-2,DOI:10.1016/j.measurement.2014.04.018,2
DOI:10.1016/0305-0483(76)90099-2,DOI:10.1016/j.omega.2007.06.003,2
DOI:10.1016/0305-0483(76)90099-2,DOI:10.1016/j.omega.2007.10.002,2
DOI:10.1016/0305-0483(76)90099-2,DOI:10.1016/j.omega.2008.08.001,2
DOI:10.1016/0305-0483(76)90099-2,DOI:10.1016/j.omega.2009.07.001,2
DOI:10.1016/0305-0483(76)90099-2,DOI:10.1016/j.omega.2009.11.003,2
DOI:10.1016/0305-0483(76)90099-2,DOI:10.1016/j.omega.2010.01.004,2
DOI:10.1016/0305-0483(76)90099-2,DOI:10.1016/j.omega.2012.06.003,2
DOI:10.1016/0305-0483(76)90099-2,DOI:10.1016/j.proenv.2014.03.024,2
DOI:10.1016/0305-0483(76)90099-2,DOI:10.1016/j.resconrec.2010.06.003,2
DOI:10.1016/0305-0483(76)90099-2,DOI:10.1016/j.rtbm.2013.02.001,2
DOI:10.1016/0305-0483(76)90099-2,DOI:10.1016/j.sbspro.2014.01.153,2
DOI:10.1016/0305-0483(76)90099-2,DOI:10.1016/j.tra.2008.03.014,2
DOI:10.1016/0305-0483(76)90099-2,DOI:10.1016/j.trd.2012.02.002,2
DOI:10.1016/0305-0483(76)90099-2,DOI:10.1016/j.trd.2014.05.015,2
DOI:10.1016/0305-0483(76)90099-2,DOI:10.1016/j.trd.2014.05.024,2
DOI:10.1016/0305-0483(76)90099-2,DOI:10.1016/j.tre.2005.09.005,2
DOI:10.1016/0305-0483(76)90099-2,DOI:10.1016/j.tre.2011.05.015,2
DOI:10.1016/0305-0483(76)90099-2,DOI:10.1016/j.tre.2011.05.016,2
DOI:10.1016/0305-0483(76)90099-2,DOI:10.1016/j.tre.2013.03.005,2
DOI:10.1016/0305-0483(76)90099-2,DOI:10.1016/s0377-2217(00)00150-8,2
DOI:10.1016/0305-0483(76)90099-2,DOI:10.1016/s0965-8564(99)00049-x,2
DOI:10.1016/0305-0483(76)90099-2,DOI:10.1023/a:1005121506841,2
DOI:10.1016/0305-0483(76)90099-2,DOI:10.1057/jors.2008.154,2
DOI:10.1016/0305-0483(76)90099-2,DOI:10.1108/09600031111185257,2
DOI:10.1016/0305-0483(76)90099-2,DOI:10.1287/mnsc.1040.0244,2
DOI:10.1016/0305-0483(76)90099-2,"DUDOW A., 1998, THESIS LUND U LUND",2
DOI:10.1016/0305-0483(76)90099-2,"LU Z., 2013, ADV CIVIL ENG BUILDI",2
DOI:10.1016/0305-0483(76)90099-2,"[ANONYMOUS], MULTICRITERIA DECISO",2
DOI:10.1016/j.amc.2011.01.008,DOI:10.1016/j.amc.2012.05.014,2
DOI:10.1016/j.amc.2011.01.008,DOI:10.1016/j.apm.2011.02.048,2
DOI:10.1016/j.amc.2011.01.008,DOI:10.1016/j.apm.2011.05.002,2
DOI:10.1016/j.amc.2011.01.008,DOI:10.1016/j.cam.2009.11.045,2
DOI:10.1016/j.amc.2011.01.008,DOI:10.1016/j.cie.2012.12.006,2
DOI:10.1016/j.amc.2011.01.008,DOI:10.1016/j.ejor.2007.11.040,2
DOI:10.1016/j.amc.2011.01.008,DOI:10.1016/j.ejor.2008.05.027,2
DOI:10.1016/j.amc.2011.01.008,DOI:10.1016/j.ejor.2009.03.005,2
DOI:10.1016/j.amc.2011.01.008,DOI:10.1016/j.ejor.2011.03.010,2
DOI:10.1016/j.amc.2011.01.008,DOI:10.1016/j.ejor.2012.01.024,2
DOI:10.1016/j.amc.2011.01.008,DOI:10.1016/j.enpol.2012.02.063,2
DOI:10.1016/j.amc.2011.01.008,DOI:10.1016/j.eswa.2009.09.029,2
DOI:10.1016/j.amc.2011.01.008,DOI:10.1016/j.eswa.2013.11.032,2
DOI:10.1016/j.amc.2011.01.008,DOI:10.1016/j.ijpe.2013.02.009,2
DOI:10.1016/j.amc.2011.01.008,DOI:10.1016/j.measurement.2014.04.018,2
DOI:10.1016/j.amc.2011.01.008,DOI:10.1016/j.omega.2007.06.003,2
DOI:10.1016/j.amc.2011.01.008,DOI:10.1016/j.omega.2007.10.002,2
DOI:10.1016/j.amc.2011.01.008,DOI:10.1016/j.omega.2008.08.001,2
DOI:10.1016/j.amc.2011.01.008,DOI:10.1016/j.omega.2009.07.001,2
DOI:10.1016/j.amc.2011.01.008,DOI:10.1016/j.omega.2009.11.003,2
DOI:10.1016/j.amc.2011.01.008,DOI:10.1016/j.omega.2010.01.004,2
DOI:10.1016/j.amc.2011.01.008,DOI:10.1016/j.omega.2012.06.003,2
DOI:10.1016/j.amc.2011.01.008,DOI:10.1016/j.proenv.2014.03.024,2
DOI:10.1016/j.amc.2011.01.008,DOI:10.1016/j.resconrec.2010.06.003,2
DOI:10.1016/j.amc.2011.01.008,DOI:10.1016/j.rtbm.2013.02.001,2
DOI:10.1016/j.amc.2011.01.008,DOI:10.1016/j.sbspro.2014.01.153,2
DOI:10.1016/j.amc.2011.01.008,DOI:10.1016/j.tra.2008.03.014,2
DOI:10.1016/j.amc.2011.01.008,DOI:10.1016/j.trd.2012.02.002,2
DOI:10.1016/j.amc.2011.01.008,DOI:10.1016/j.trd.2014.05.015,2
DOI:10.1016/j.amc.2011.01.008,DOI:10.1016/j.trd.2014.05.024,2
DOI:10.1016/j.amc.2011.01.008,DOI:10.1016/j.tre.2005.09.005,2
DOI:10.1016/j.amc.2011.01.008,DOI:10.1016/j.tre.2011.05.015,2
DOI:10.1016/j.amc.2011.01.008,DOI:10.1016/j.tre.2011.05.016,2
DOI:10.1016/j.amc.2011.01.008,DOI:10.1016/j.tre.2013.03.005,2
DOI:10.1016/j.amc.2011.01.008,DOI:10.1016/s0377-2217(00)00150-8,2
DOI:10.1016/j.amc.2011.01.008,DOI:10.1016/s0965-8564(99)00049-x,2
DOI:10.1016/j.amc.2011.01.008,DOI:10.1023/a:1005121506841,2
DOI:10.1016/j.amc.2011.01.008,DOI:10.1057/jors.2008.154,2
DOI:10.1016/j.amc.2011.01.008,DOI:10.1108/09600031111185257,2
DOI:10.1016/j.amc.2011.01.008,DOI:10.1287/mnsc.1040.0244,2
DOI:10.1016/j.amc.2011.01.008,"DUDOW A., 1998, THESIS LUND U LUND",2
DOI:10.1016/j.amc.2011.01.008,"LU Z., 2013, ADV CIVIL ENG BUILDI",2
DOI:10.1016/j.amc.2011.01.008,"[ANONYMOUS], MULTICRITERIA DECISO",2
DOI:10.1016/j.amc.2012.05.014,DOI:10.1016/j.apm.2011.02.048,2
DOI:10.1016/j.amc.2012.05.014,DOI:10.1016/j.apm.2011.05.002,2
DOI:10.1016/j.amc.2012.05.014,DOI:10.1016/j.cam.2009.11.045,2
DOI:10.1016/j.amc.2012.05.014,DOI:10.1016/j.cie.2012.12.006,2
DOI:10.1016/j.amc.2012.05.014,DOI:10.1016/j.ejor.2007.11.040,2
DOI:10.1016/j.amc.2012.05.014,DOI:10.1016/j.ejor.2008.05.027,2
DOI:10.1016/j.amc.2012.05.014,DOI:10.1016/j.ejor.2009.03.005,2
DOI:10.1016/j.amc.2012.05.014,DOI:10.1016/j.ejor.2011.03.010,2
DOI:10.1016/j.amc.2012.05.014,DOI:10.1016/j.ejor.2012.01.024,2
DOI:10.1016/j.amc.2012.05.014,DOI:10.1016/j.enpol.2012.02.063,2
DOI:10.1016/j.amc.2012.05.014,DOI:10.1016/j.eswa.2009.09.029,2
DOI:10.1016/j.amc.2012.05.014,DOI:10.1016/j.eswa.2013.11.032,2
DOI:10.1016/j.amc.2012.05.014,DOI:10.1016/j.ijpe.2013.02.009,2
DOI:10.1016/j.amc.2012.05.014,DOI:10.1016/j.measurement.2014.04.018,2
DOI:10.1016/j.amc.2012.05.014,DOI:10.1016/j.omega.2007.06.003,2
DOI:10.1016/j.amc.2012.05.014,DOI:10.1016/j.omega.2007.10.002,2
DOI:10.1016/j.amc.2012.05.014,DOI:10.1016/j.omega.2008.08.001,2
DOI:10.1016/j.amc.2012.05.014,DOI:10.1016/j.omega.2009.07.001,2
DOI:10.1016/j.amc.2012.05.014,DOI:10.1016/j.omega.2009.11.003,2
DOI:10.1016/j.amc.2012.05.014,DOI:10.1016/j.omega.2010.01.004,2
DOI:10.1016/j.amc.2012.05.014,DOI:10.1016/j.omega.2012.06.003,2
DOI:10.1016/j.amc.2012.05.014,DOI:10.1016/j.proenv.2014.03.024,2
DOI:10.1016/j.amc.2012.05.014,DOI:10.1016/j.resconrec.2010.06.003,2
DOI:10.1016/j.amc.2012.05.014,DOI:10.1016/j.rtbm.2013.02.001,2
DOI:10.1016/j.amc.2012.05.014,DOI:10.1016/j.sbspro.2014.01.153,2
DOI:10.1016/j.amc.2012.05.014,DOI:10.1016/j.tra.2008.03.014,2
DOI:10.1016/j.amc.2012.05.014,DOI:10.1016/j.trd.2012.02.002,2
DOI:10.1016/j.amc.2012.05.014,DOI:10.1016/j.trd.2014.05.015,2
DOI:10.1016/j.amc.2012.05.014,DOI:10.1016/j.trd.2014.05.024,2
DOI:10.1016/j.amc.2012.05.014,DOI:10.1016/j.tre.2005.09.005,2
DOI:10.1016/j.amc.2012.05.014,DOI:10.1016/j.tre.2011.05.015,2
DOI:10.1016/j.amc.2012.05.014,DOI:10.1016/j.tre.2011.05.016,2
DOI:10.1016/j.amc.2012.05.014,DOI:10.1016/j.tre.2013.03.005,2
DOI:10.1016/j.amc.2012.05.014,DOI:10.1016/s0377-2217(00)00150-8,2
DOI:10.1016/j.amc.2012.05.014,DOI:10.1016/s0965-8564(99)00049-x,2
DOI:10.1016/j.amc.2012.05.014,DOI:10.1023/a:1005121506841,2
DOI:10.1016/j.amc.2012.05.014,DOI:10.1057/jors.2008.154,2
DOI:10.1016/j.amc.2012.05.014,DOI:10.1108/09600031111185257,2
DOI:10.1016/j.amc.2012.05.014,DOI:10.1287/mnsc.1040.0244,2
DOI:10.1016/j.amc.2012.05.014,"DUDOW A., 1998, THESIS LUND U LUND",2
DOI:10.1016/j.amc.2012.05.014,"LU Z., 2013, ADV CIVIL ENG BUILDI",2
DOI:10.1016/j.amc.2012.05.014,"[ANONYMOUS], MULTICRITERIA DECISO",2
DOI:10.1016/j.apm.2011.02.048,DOI:10.1016/j.apm.2011.05.002,2
DOI:10.1016/j.apm.2011.02.048,DOI:10.1016/j.cam.2009.11.045,2
DOI:10.1016/j.apm.2011.02.048,DOI:10.1016/j.cie.2012.12.006,2
DOI:10.1016/j.apm.2011.02.048,DOI:10.1016/j.ejor.2007.11.040,2
DOI:10.1016/j.apm.2011.02.048,DOI:10.1016/j.ejor.2008.05.027,2
DOI:10.1016/j.apm.2011.02.048,DOI:10.1016/j.ejor.2009.03.005,2
DOI:10.1016/j.apm.2011.02.048,DOI:10.1016/j.ejor.2011.03.010,2
DOI:10.1016/j.apm.2011.02.048,DOI:10.1016/j.ejor.2012.01.024,2
DOI:10.1016/j.apm.2011.02.048,DOI:10.1016/j.enpol.2012.02.063,2
DOI:10.1016/j.apm.2011.02.048,DOI:10.1016/j.eswa.2009.09.029,2
DOI:10.1016/j.apm.2011.02.048,DOI:10.1016/j.eswa.2013.11.032,2
DOI:10.1016/j.apm.2011.02.048,DOI:10.1016/j.ijpe.2013.02.009,2
DOI:10.1016/j.apm.2011.02.048,DOI:10.1016/j.measurement.2014.04.018,2
DOI:10.1016/j.apm.2011.02.048,DOI:10.1016/j.omega.2007.06.003,2
DOI:10.1016/j.apm.2011.02.048,DOI:10.1016/j.omega.2007.10.002,2
DOI:10.1016/j.apm.2011.02.048,DOI:10.1016/j.omega.2008.08.001,2
DOI:10.1016/j.apm.2011.02.048,DOI:10.1016/j.omega.2009.07.001,2
DOI:10.1016/j.apm.2011.02.048,DOI:10.1016/j.omega.2009.11.003,2
DOI:10.1016/j.apm.2011.02.048,DOI:10.1016/j.omega.2010.01.004,2
DOI:10.1016/j.apm.2011.02.048,DOI:10.1016/j.omega.2012.06.003,2
DOI:10.1016/j.apm.2011.02.048,DOI:10.1016/j.proenv.2014.03.024,2
DOI:10.1016/j.apm.2011.02.048,DOI:10.1016/j.resconrec.2010.06.003,2
DOI:10.1016/j.apm.2011.02.048,DOI:10.1016/j.rtbm.2013.02.001,2
DOI:10.1016/j.apm.2011.02.048,DOI:10.1016/j.sbspro.2014.01.153,2
DOI:10.1016/j.apm.2011.02.048,DOI:10.1016/j.tra.2008.03.014,2
DOI:10.1016/j.apm.2011.02.048,DOI:10.1016/j.trd.2012.02.002,2
DOI:10.1016/j.apm.2011.02.048,DOI:10.1016/j.trd.2014.05.015,2
DOI:10.1016/j.apm.2011.02.048,DOI:10.1016/j.trd.2014.05.024,2
DOI:10.1016/j.apm.2011.02.048,DOI:10.1016/j.tre.2005.09.005,2
DOI:10.1016/j.apm.2011.02.048,DOI:10.1016/j.tre.2011.05.015,2
DOI:10.1016/j.apm.2011.02.048,DOI:10.1016/j.tre.2011.05.016,2
DOI:10.1016/j.apm.2011.02.048,DOI:10.1016/j.tre.2013.03.005,2
DOI:10.1016/j.apm.2011.02.048,DOI:10.1016/s0377-2217(00)00150-8,2
DOI:10.1016/j.apm.2011.02.048,DOI:10.1016/s0965-8564(99)00049-x,2
DOI:10.1016/j.apm.2011.02.048,DOI:10.1023/a:1005121506841,2
DOI:10.1016/j.apm.2011.02.048,DOI:10.1057/jors.2008.154,2
DOI:10.1016/j.apm.2011.02.048,DOI:10.1108/09600031111185257,2
DOI:10.1016/j.apm.2011.02.048,DOI:10.1287/mnsc.1040.0244,2
DOI:10.1016/j.apm.2011.02.048,"DUDOW A., 1998, THESIS LUND U LUND",2
DOI:10.1016/j.apm.2011.02.048,"LU Z., 2013, ADV CIVIL ENG BUILDI",2
DOI:10.1016/j.apm.2011.02.048,"[ANONYMOUS], MULTICRITERIA DECISO",2
DOI:10.1016/j.apm.2011.05.002,DOI:10.1016/j.cam.2009.11.045,2
DOI:10.1016/j.apm.2011.05.002,DOI:10.1016/j.cie.2012.12.006,2
DOI:10.1016/j.apm.2011.05.002,DOI:10.1016/j.ejor.2007.11.040,2
DOI:10.1016/j.apm.2011.05.002,DOI:10.1016/j.ejor.2008.05.027,2
DOI:10.1016/j.apm.2011.05.002,DOI:10.1016/j.ejor.2009.03.005,2
DOI:10.1016/j.apm.2011.05.002,DOI:10.1016/j.ejor.2011.03.010,2
DOI:10.1016/j.apm.2011.05.002,DOI:10.1016/j.ejor.2012.01.024,2
DOI:10.1016/j.apm.2011.05.002,DOI:10.1016/j.enpol.2012.02.063,2
DOI:10.1016/j.apm.2011.05.002,DOI:10.1016/j.eswa.2009.09.029,2
DOI:10.1016/j.apm.2011.05.002,DOI:10.1016/j.eswa.2013.11.032,2
DOI:10.1016/j.apm.2011.05.002,DOI:10.1016/j.ijpe.2013.02.009,2
DOI:10.1016/j.apm.2011.05.002,DOI:10.1016/j.measurement.2014.04.018,2
DOI:10.1016/j.apm.2011.05.002,DOI:10.1016/j.omega.2007.06.003,2
DOI:10.1016/j.apm.2011.05.002,DOI:10.1016/j.omega.2007.10.002,2
DOI:10.1016/j.apm.2011.05.002,DOI:10.1016/j.omega.2008.08.001,2
DOI:10.1016/j.apm.2011.05.002,DOI:10.1016/j.omega.2009.07.001,2
DOI:10.1016/j.apm.2011.05.002,DOI:10.1016/j.omega.2009.11.003,2
DOI:10.1016/j.apm.2011.05.002,DOI:10.1016/j.omega.2010.01.004,2
DOI:10.1016/j.apm.2011.05.002,DOI:10.1016/j.omega.2012.06.003,2
DOI:10.1016/j.apm.2011.05.002,DOI:10.1016/j.proenv.2014.03.024,2
DOI:10.1016/j.apm.2011.05.002,DOI:10.1016/j.resconrec.2010.06.003,2
DOI:10.1016/j.apm.2011.05.002,DOI:10.1016/j.rtbm.2013.02.001,2
DOI:10.1016/j.apm.2011.05.002,DOI:10.1016/j.sbspro.2014.01.153,2
DOI:10.1016/j.apm.2011.05.002,DOI:10.1016/j.tra.2008.03.014,2
DOI:10.1016/j.apm.2011.05.002,DOI:10.1016/j.trd.2012.02.002,2
DOI:10.1016/j.apm.2011.05.002,DOI:10.1016/j.trd.2014.05.015,2
DOI:10.1016/j.apm.2011.05.002,DOI:10.1016/j.trd.2014.05.024,2
DOI:10.1016/j.apm.2011.05.002,DOI:10.1016/j.tre.2005.09.005,2
DOI:10.1016/j.apm.2011.05.002,DOI:10.1016/j.tre.2011.05.015,2
DOI:10.1016/j.apm.2011.05.002,DOI:10.1016/j.tre.2011.05.016,2
DOI:10.1016/j.apm.2011.05.002,DOI:10.1016/j.tre.2013.03.005,2
DOI:10.1016/j.apm.2011.05.002,DOI:10.1016/s0377-2217(00)00150-8,2
DOI:10.1016/j.apm.2011.05.002,DOI:10.1016/s0965-8564(99)00049-x,2
DOI:10.1016/j.apm.2011.05.002,DOI:10.1023/a:1005121506841,2
DOI:10.1016/j.apm.2011.05.002,DOI:10.1057/jors.2008.154,2
DOI:10.1016/j.apm.2011.05.002,DOI:10.1108/09600031111185257,2
DOI:10.1016/j.apm.2011.05.002,DOI:10.1287/mnsc.1040.0244,2
DOI:10.1016/j.apm.2011.05.002,"DUDOW A., 1998, THESIS LUND U LUND",2
DOI:10.1016/j.apm.2011.05.002,"LU Z., 2013, ADV CIVIL ENG BUILDI",2
DOI:10.1016/j.apm.2011.05.002,"[ANONYMOUS], MULTICRITERIA DECISO",2
DOI:10.1016/j.cam.2009.11.045,DOI:10.1016/j.cie.2012.12.006,2
DOI:10.1016/j.cam.2009.11.045,DOI:10.1016/j.ejor.2007.11.040,2
DOI:10.1016/j.cam.2009.11.045,DOI:10.1016/j.ejor.2008.05.027,2
DOI:10.1016/j.cam.2009.11.045,DOI:10.1016/j.ejor.2009.03.005,2
DOI:10.1016/j.cam.2009.11.045,DOI:10.1016/j.ejor.2011.03.010,2
DOI:10.1016/j.cam.2009.11.045,DOI:10.1016/j.ejor.2012.01.024,2
DOI:10.1016/j.cam.2009.11.045,DOI:10.1016/j.enpol.2012.02.063,2
DOI:10.1016/j.cam.2009.11.045,DOI:10.1016/j.eswa.2009.09.029,2
DOI:10.1016/j.cam.2009.11.045,DOI:10.1016/j.eswa.2013.11.032,2
DOI:10.1016/j.cam.2009.11.045,DOI:10.1016/j.ijpe.2013.02.009,2
DOI:10.1016/j.cam.2009.11.045,DOI:10.1016/j.measurement.2014.04.018,2
DOI:10.1016/j.cam.2009.11.045,DOI:10.1016/j.omega.2007.06.003,2
DOI:10.1016/j.cam.2009.11.045,DOI:10.1016/j.omega.2007.10.002,2
DOI:10.1016/j.cam.2009.11.045,DOI:10.1016/j.omega.2008.08.001,2
DOI:10.1016/j.cam.2009.11.045,DOI:10.1016/j.omega.2009.07.001,2
DOI:10.1016/j.cam.2009.11.045,DOI:10.1016/j.omega.2009.11.003,2
DOI:10.1016/j.cam.2009.11.045,DOI:10.1016/j.omega.2010.01.004,2
DOI:10.1016/j.cam.2009.11.045,DOI:10.1016/j.omega.2012.06.003,2
DOI:10.1016/j.cam.2009.11.045,DOI:10.1016/j.proenv.2014.03.024,2
DOI:10.1016/j.cam.2009.11.045,DOI:10.1016/j.resconrec.2010.06.003,2
DOI:10.1016/j.cam.2009.11.045,DOI:10.1016/j.rtbm.2013.02.001,2
DOI:10.1016/j.cam.2009.11.045,DOI:10.1016/j.sbspro.2014.01.153,2
DOI:10.1016/j.cam.2009.11.045,DOI:10.1016/j.tra.2008.03.014,2
DOI:10.1016/j.cam.2009.11.045,DOI:10.1016/j.trd.2012.02.002,2
DOI:10.1016/j.cam.2009.11.045,DOI:10.1016/j.trd.2014.05.015,2
DOI:10.1016/j.cam.2009.11.045,DOI:10.1016/j.trd.2014.05.024,2
DOI:10.1016/j.cam.2009.11.045,DOI:10.1016/j.tre.2005.09.005,2
DOI:10.1016/j.cam.2009.11.045,DOI:10.1016/j.tre.2011.05.015,2
DOI:10.1016/j.cam.2009.11.045,DOI:10.1016/j.tre.2011.05.016,2
DOI:10.1016/j.cam.2009.11.045,DOI:10.1016/j.tre.2013.03.005,2
DOI:10.1016/j.cam.2009.11.045,DOI:10.1016/s0377-2217(00)00150-8,2
DOI:10.1016/j.cam.2009.11.045,DOI:10.1016/s0965-8564(99)00049-x,2
DOI:10.1016/j.cam.2009.11.045,DOI:10.1023/a:1005121506841,2
DOI:10.1016/j.cam.2009.11.045,DOI:10.1057/jors.2008.154,2
DOI:10.1016/j.cam.2009.11.045,DOI:10.1108/09600031111185257,2
DOI:10.1016/j.cam.2009.11.045,DOI:10.1287/mnsc.1040.0244,2
DOI:10.1016/j.cam.2009.11.045,"DUDOW A., 1998, THESIS LUND U LUND",2
DOI:10.1016/j.cam.2009.11.045,"LU Z., 2013, ADV CIVIL ENG BUILDI",2
DOI:10.1016/j.cam.2009.11.045,"[ANONYMOUS], MULTICRITERIA DECISO",2
DOI:10.1016/j.cie.2012.12.006,DOI:10.1016/j.ejor.2007.11.040,2
DOI:10.1016/j.cie.2012.12.006,DOI:10.1016/j.ejor.2008.05.027,2
DOI:10.1016/j.cie.2012.12.006,DOI:10.1016/j.ejor.2009.03.005,2
DOI:10.1016/j.cie.2012.12.006,DOI:10.1016/j.ejor.2011.03.010,2
DOI:10.1016/j.cie.2012.12.006,DOI:10.1016/j.ejor.2012.01.024,2
DOI:10.1016/j.cie.2012.12.006,DOI:10.1016/j.enpol.2012.02.063,2
DOI:10.1016/j.cie.2012.12.006,DOI:10.1016/j.eswa.2009.09.029,2
DOI:10.1016/j.cie.2012.12.006,DOI:10.1016/j.eswa.2013.11.032,2
DOI:10.1016/j.cie.2012.12.006,DOI:10.1016/j.ijpe.2013.02.009,2
DOI:10.1016/j.cie.2012.12.006,DOI:10.1016/j.measurement.2014.04.018,2
DOI:10.1016/j.cie.2012.12.006,DOI:10.1016/j.omega.2007.06.003,2
DOI:10.1016/j.cie.2012.12.006,DOI:10.1016/j.omega.2007.10.002,2
DOI:10.1016/j.cie.2012.12.006,DOI:10.1016/j.omega.2008.08.001,2
DOI:10.1016/j.cie.2012.12.006,DOI:10.1016/j.omega.2009.07.001,2
DOI:10.1016/j.cie.2012.12.006,DOI:10.1016/j.omega.2009.11.003,2
DOI:10.1016/j.cie.2012.12.006,DOI:10.1016/j.omega.2010.01.004,2
DOI:10.1016/j.cie.2012.12.006,DOI:10.1016/j.omega.2012.06.003,2
DOI:10.1016/j.cie.2012.12.006,DOI:10.1016/j.proenv.2014.03.024,2
DOI:10.1016/j.cie.2012.12.006,DOI:10.1016/j.resconrec.2010.06.003,2
DOI:10.1016/j.cie.2012.12.006,DOI:10.1016/j.rtbm.2013.02.001,2
DOI:10.1016/j.cie.2012.12.006,DOI:10.1016/j.sbspro.2014.01.153,2
DOI:10.1016/j.cie.2012.12.006,DOI:10.1016/j.tra.2008.03.014,2
DOI:10.1016/j.cie.2012.12.006,DOI:10.1016/j.trd.2012.02.002,2
DOI:10.1016/j.cie.2012.12.006,DOI:10.1016/j.trd.2014.05.015,2
DOI:10.1016/j.cie.2012.12.006,DOI:10.1016/j.trd.2014.05.024,2
DOI:10.1016/j.cie.2012.12.006,DOI:10.1016/j.tre.2005.09.005,2
DOI:10.1016/j.cie.2012.12.006,DOI:10.1016/j.tre.2011.05.015,2
DOI:10.1016/j.cie.2012.12.006,DOI:10.1016/j.tre.2011.05.016,2
DOI:10.1016/j.cie.2012.12.006,DOI:10.1016/j.tre.2013.03.005,2
DOI:10.1016/j.cie.2012.12.006,DOI:10.1016/s0377-2217(00)00150-8,2
DOI:10.1016/j.cie.2012.12.006,DOI:10.1016/s0965-8564(99)00049-x,2
DOI:10.1016/j.cie.2012.12.006,DOI:10.1023/a:1005121506841,2
DOI:10.1016/j.cie.2012.12.006,DOI:10.1057/jors.2008.154,2
DOI:10.1016/j.cie.2012.12.006,DOI:10.1108/09600031111185257,2
DOI:10.1016/j.cie.2012.12.006,DOI:10.1287/mnsc.1040.0244,2
DOI:10.1016/j.cie.2012.12.006,"DUDOW A., 1998, THESIS LUND U LUND",2
DOI:10.1016/j.cie.2012.12.006,"LU Z., 2013, ADV CIVIL ENG BUILDI",2
DOI:10.1016/j.cie.2012.12.006,"[ANONYMOUS], MULTICRITERIA DECISO",2
DOI:10.1016/j.ejor.2007.11.040,DOI:10.1016/j.ejor.2008.05.027,2
DOI:10.1016/j.ejor.2007.11.040,DOI:10.1016/j.ejor.2009.03.005,2
DOI:10.1016/j.ejor.2007.11.040,DOI:10.1016/j.ejor.2011.03.010,2
DOI:10.1016/j.ejor.2007.11.040,DOI:10.1016/j.ejor.2012.01.024,2
DOI:10.1016/j.ejor.2007.11.040,DOI:10.1016/j.enpol.2012.02.063,2
DOI:10.1016/j.ejor.2007.11.040,DOI:10.1016/j.eswa.2009.09.029,2
DOI:10.1016/j.ejor.2007.11.040,DOI:10.1016/j.eswa.2013.11.032,2
DOI:10.1016/j.ejor.2007.11.040,DOI:10.1016/j.ijpe.2013.02.009,2
DOI:10.1016/j.ejor.2007.11.040,DOI:10.1016/j.measurement.2014.04.018,2
DOI:10.1016/j.ejor.2007.11.040,DOI:10.1016/j.omega.2007.06.003,2
DOI:10.1016/j.ejor.2007.11.040,DOI:10.1016/j.omega.2007.10.002,2
DOI:10.1016/j.ejor.2007.11.040,DOI:10.1016/j.omega.2008.08.001,2
DOI:10.1016/j.ejor.2007.11.040,DOI:10.1016/j.omega.2009.07.001,2
DOI:10.1016/j.ejor.2007.11.040,DOI:10.1016/j.omega.2009.11.003,2
DOI:10.1016/j.ejor.2007.11.040,DOI:10.1016/j.omega.2010.01.004,2
DOI:10.1016/j.ejor.2007.11.040,DOI:10.1016/j.omega.2012.06.003,2
DOI:10.1016/j.ejor.2007.11.040,DOI:10.1016/j.proenv.2014.03.024,2
DOI:10.1016/j.ejor.2007.11.040,DOI:10.1016/j.resconrec.2010.06.003,2
DOI:10.1016/j.ejor.2007.11.040,DOI:10.1016/j.rtbm.2013.02.001,2
DOI:10.1016/j.ejor.2007.11.040,DOI:10.1016/j.sbspro.2014.01.153,2
DOI:10.1016/j.ejor.2007.11.040,DOI:10.1016/j.tra.2008.03.014,2
DOI:10.1016/j.ejor.2007.11.040,DOI:10.1016/j.trd.2012.02.002,2
DOI:10.1016/j.ejor.2007.11.040,DOI:10.1016/j.trd.2014.05.015,2
DOI:10.1016/j.ejor.2007.11.040,DOI:10.1016/j.trd.2014.05.024,2
DOI:10.1016/j.ejor.2007.11.040,DOI:10.1016/j.tre.2005.09.005,2
DOI:10.1016/j.ejor.2007.11.040,DOI:10.1016/j.tre.2011.05.015,2
DOI:10.1016/j.ejor.2007.11.040,DOI:10.1016/j.tre.2011.05.016,2
DOI:10.1016/j.ejor.2007.11.040,DOI:10.1016/j.tre.2013.03.005,2
DOI:10.1016/j.ejor.2007.11.040,DOI:10.1016/s0377-2217(00)00150-8,2
DOI:10.1016/j.ejor.2007.11.040,DOI:10.1016/s0965-8564(99)00049-x,2
DOI:10.1016/j.ejor.2007.11.040,DOI:10.1023/a:1005121506841,2
DOI:10.1016/j.ejor.2007.11.040,DOI:10.1057/jors.2008.154,2
DOI:10.1016/j.ejor.2007.11.040,DOI:10.1108/09600031111185257,2
DOI:10.1016/j.ejor.2007.11.040,DOI:10.1287/mnsc.1040.0244,2
DOI:10.1016/j.ejor.2007.11.040,"DUDOW A., 1998, THESIS LUND U LUND",2
DOI:10.1016/j.ejor.2007.11.040,"LU Z., 2013, ADV CIVIL ENG BUILDI",2
DOI:10.1016/j.ejor.2007.11.040,"[ANONYMOUS], MULTICRITERIA DECISO",2
DOI:10.1016/j.ejor.2008.05.027,DOI:10.1016/j.ejor.2009.03.005,2
DOI:10.1016/j.ejor.2008.05.027,DOI:10.1016/j.ejor.2011.03.010,2
DOI:10.1016/j.ejor.2008.05.027,DOI:10.1016/j.ejor.2012.01.024,2
DOI:10.1016/j.ejor.2008.05.027,DOI:10.1016/j.enpol.2012.02.063,2
DOI:10.1016/j.ejor.2008.05.027,DOI:10.1016/j.eswa.2009.09.029,2
DOI:10.1016/j.ejor.2008.05.027,DOI:10.1016/j.eswa.2013.11.032,2
DOI:10.1016/j.ejor.2008.05.027,DOI:10.1016/j.ijpe.2013.02.009,2
DOI:10.1016/j.ejor.2008.05.027,DOI:10.1016/j.measurement.2014.04.018,2
DOI:10.1016/j.ejor.2008.05.027,DOI:10.1016/j.omega.2007.06.003,2
DOI:10.1016/j.ejor.2008.05.027,DOI:10.1016/j.omega.2007.10.002,2
DOI:10.1016/j.ejor.2008.05.027,DOI:10.1016/j.omega.2008.08.001,2
DOI:10.1016/j.ejor.2008.05.027,DOI:10.1016/j.omega.2009.07.001,2
DOI:10.1016/j.ejor.2008.05.027,DOI:10.1016/j.omega.2009.11.003,2
DOI:10.1016/j.ejor.2008.05.027,DOI:10.1016/j.omega.2010.01.004,2
DOI:10.1016/j.ejor.2008.05.027,DOI:10.1016/j.omega.2012.06.003,2
DOI:10.1016/j.ejor.2008.05.027,DOI:10.1016/j.proenv.2014.03.024,2
DOI:10.1016/j.ejor.2008.05.027,DOI:10.1016/j.resconrec.2010.06.003,2
DOI:10.1016/j.ejor.2008.05.027,DOI:10.1016/j.rtbm.2013.02.001,2
DOI:10.1016/j.ejor.2008.05.027,DOI:10.1016/j.sbspro.2014.01.153,2
DOI:10.1016/j.ejor.2008.05.027,DOI:10.1016/j.tra.2008.03.014,2
DOI:10.1016/j.ejor.2008.05.027,DOI:10.1016/j.trd.2012.02.002,2
DOI:10.1016/j.ejor.2008.05.027,DOI:10.1016/j.trd.2014.05.015,2
DOI:10.1016/j.ejor.2008.05.027,DOI:10.1016/j.trd.2014.05.024,2
DOI:10.1016/j.ejor.2008.05.027,DOI:10.1016/j.tre.2005.09.005,2
DOI:10.1016/j.ejor.2008.05.027,DOI:10.1016/j.tre.2011.05.015,2
DOI:10.1016/j.ejor.2008.05.027,DOI:10.1016/j.tre.2011.05.016,2
DOI:10.1016/j.ejor.2008.05.027,DOI:10.1016/j.tre.2013.03.005,2
DOI:10.1016/j.ejor.2008.05.027,DOI:10.1016/s0377-2217(00)00150-8,2
DOI:10.1016/j.ejor.2008.05.027,DOI:10.1016/s0965-8564(99)00049-x,2
DOI:10.1016/j.ejor.2008.05.027,DOI:10.1023/a:1005121506841,2
DOI:10.1016/j.ejor.2008.05.027,DOI:10.1057/jors.2008.154,2
DOI:10.1016/j.ejor.2008.05.027,DOI:10.1108/09600031111185257,2
DOI:10.1016/j.ejor.2008.05.027,DOI:10.1287/mnsc.1040.0244,2
DOI:10.1016/j.ejor.2008.05.027,"DUDOW A., 1998, THESIS LUND U LUND",2
DOI:10.1016/j.ejor.2008.05.027,"LU Z., 2013, ADV CIVIL ENG BUILDI",2
DOI:10.1016/j.ejor.2008.05.027,"[ANONYMOUS], MULTICRITERIA DECISO",2
DOI:10.1016/j.ejor.2009.03.005,DOI:10.1016/j.ejor.2011.03.010,2
DOI:10.1016/j.ejor.2009.03.005,DOI:10.1016/j.ejor.2012.01.024,2
DOI:10.1016/j.ejor.2009.03.005,DOI:10.1016/j.enpol.2012.02.063,2
DOI:10.1016/j.ejor.2009.03.005,DOI:10.1016/j.eswa.2009.09.029,2
DOI:10.1016/j.ejor.2009.03.005,DOI:10.1016/j.eswa.2013.11.032,2
DOI:10.1016/j.ejor.2009.03.005,DOI:10.1016/j.ijpe.2013.02.009,2
DOI:10.1016/j.ejor.2009.03.005,DOI:10.1016/j.measurement.2014.04.018,2
DOI:10.1016/j.ejor.2009.03.005,DOI:10.1016/j.omega.2007.06.003,2
DOI:10.1016/j.ejor.2009.03.005,DOI:10.1016/j.omega.2007.10.002,2
DOI:10.1016/j.ejor.2009.03.005,DOI:10.1016/j.omega.2008.08.001,2
DOI:10.1016/j.ejor.2009.03.005,DOI:10.1016/j.omega.2009.07.001,2
DOI:10.1016/j.ejor.2009.03.005,DOI:10.1016/j.omega.2009.11.003,2
DOI:10.1016/j.ejor.2009.03.005,DOI:10.1016/j.omega.2010.01.004,2
DOI:10.1016/j.ejor.2009.03.005,DOI:10.1016/j.omega.2012.06.003,2
DOI:10.1016/j.ejor.2009.03.005,DOI:10.1016/j.proenv.2014.03.024,2
DOI:10.1016/j.ejor.2009.03.005,DOI:10.1016/j.resconrec.2010.06.003,2
DOI:10.1016/j.ejor.2009.03.005,DOI:10.1016/j.rtbm.2013.02.001,2
DOI:10.1016/j.ejor.2009.03.005,DOI:10.1016/j.sbspro.2014.01.153,2
DOI:10.1016/j.ejor.2009.03.005,DOI:10.1016/j.tra.2008.03.014,2
DOI:10.1016/j.ejor.2009.03.005,DOI:10.1016/j.trd.2012.02.002,2
DOI:10.1016/j.ejor.2009.03.005,DOI:10.1016/j.trd.2014.05.015,2
DOI:10.1016/j.ejor.2009.03.005,DOI:10.1016/j.trd.2014.05.024,2
DOI:10.1016/j.ejor.2009.03.005,DOI:10.1016/j.tre.2005.09.005,2
DOI:10.1016/j.ejor.2009.03.005,DOI:10.1016/j.tre.2011.05.015,2
DOI:10.1016/j.ejor.2009.03.005,DOI:10.1016/j.tre.2011.05.016,2
DOI:10.1016/j.ejor.2009.03.005,DOI:10.1016/j.tre.2013.03.005,2
DOI:10.1016/j.ejor.2009.03.005,DOI:10.1016/s0377-2217(00)00150-8,2
DOI:10.1016/j.ejor.2009.03.005,DOI:10.1016/s0965-8564(99)00049-x,2
DOI:10.1016/j.ejor.2009.03.005,DOI:10.1023/a:1005121506841,2
DOI:10.1016/j.ejor.2009.03.005,DOI:10.1057/jors.2008.154,2
DOI:10.1016/j.ejor.2009.03.005,DOI:10.1108/09600031111185257,2
DOI:10.1016/j.ejor.2009.03.005,DOI:10.1287/mnsc.1040.0244,2
DOI:10.1016/j.ejor.2009.03.005,"DUDOW A., 1998, THESIS LUND U LUND",2
DOI:10.1016/j.ejor.2009.03.005,"LU Z., 2013, ADV CIVIL ENG BUILDI",2
DOI:10.1016/j.ejor.2009.03.005,"[ANONYMOUS], MULTICRITERIA DECISO",2
DOI:10.1016/j.ejor.2011.03.010,DOI:10.1016/j.ejor.2012.01.024,2
DOI:10.1016/j.ejor.2011.03.010,DOI:10.1016/j.enpol.2012.02.063,2
DOI:10.1016/j.ejor.2011.03.010,DOI:10.1016/j.eswa.2009.09.029,2
DOI:10.1016/j.ejor.2011.03.010,DOI:10.1016/j.eswa.2013.11.032,2
DOI:10.1016/j.ejor.2011.03.010,DOI:10.1016/j.ijpe.2013.02.009,2
DOI:10.1016/j.ejor.2011.03.010,DOI:10.1016/j.measurement.2014.04.018,2
DOI:10.1016/j.ejor.2011.03.010,DOI:10.1016/j.omega.2007.06.003,2
DOI:10.1016/j.ejor.2011.03.010,DOI:10.1016/j.omega.2007.10.002,2
DOI:10.1016/j.ejor.2011.03.010,DOI:10.1016/j.omega.2008.08.001,2
DOI:10.1016/j.ejor.2011.03.010,DOI:10.1016/j.omega.2009.07.001,2
DOI:10.1016/j.ejor.2011.03.010,DOI:10.1016/j.omega.2009.11.003,2
DOI:10.1016/j.ejor.2011.03.010,DOI:10.1016/j.omega.2010.01.004,2
DOI:10.1016/j.ejor.2011.03.010,DOI:10.1016/j.omega.2012.06.003,2
DOI:10.1016/j.ejor.2011.03.010,DOI:10.1016/j.proenv.2014.03.024,2
DOI:10.1016/j.ejor.2011.03.010,DOI:10.1016/j.resconrec.2010.06.003,2
DOI:10.1016/j.ejor.2011.03.010,DOI:10.1016/j.rtbm.2013.02.001,2
DOI:10.1016/j.ejor.2011.03.010,DOI:10.1016/j.sbspro.2014.01.153,2
DOI:10.1016/j.ejor.2011.03.010,DOI:10.1016/j.tra.2008.03.014,2
DOI:10.1016/j.ejor.2011.03.010,DOI:10.1016/j.trd.2012.02.002,2
DOI:10.1016/j.ejor.2011.03.010,DOI:10.1016/j.trd.2014.05.015,2
DOI:10.1016/j.ejor.2011.03.010,DOI:10.1016/j.trd.2014.05.024,2
DOI:10.1016/j.ejor.2011.03.010,DOI:10.1016/j.tre.2005.09.005,2
DOI:10.1016/j.ejor.2011.03.010,DOI:10.1016/j.tre.2011.05.015,2
DOI:10.1016/j.ejor.2011.03.010,DOI:10.1016/j.tre.2011.05.016,2
DOI:10.1016/j.ejor.2011.03.010,DOI:10.1016/j.tre.2013.03.005,2
DOI:10.1016/j.ejor.2011.03.010,DOI:10.1016/s0377-2217(00)00150-8,2
DOI:10.1016/j.ejor.2011.03.010,DOI:10.1016/s0965-8564(99)00049-x,2
DOI:10.1016/j.ejor.2011.03.010,DOI:10.1023/a:1005121506841,2
DOI:10.1016/j.ejor.2011.03.010,DOI:10.1057/jors.2008.154,2
DOI:10.1016/j.ejor.2011.03.010,DOI:10.1108/09600031111185257,2
DOI:10.1016/j.ejor.2011.03.010,DOI:10.1287/mnsc.1040.0244,2
DOI:10.1016/j.ejor.2011.03.010,"DUDOW A., 1998, THESIS LUND U LUND",2
DOI:10.1016/j.ejor.2011.03.010,"LU Z., 2013, ADV CIVIL ENG BUILDI",2
DOI:10.1016/j.ejor.2011.03.010,"[ANONYMOUS], MULTICRITERIA DECISO",2
DOI:10.1016/j.ejor.2012.01.024,DOI:10.1016/j.enpol.2012.02.063,2
DOI:10.1016/j.ejor.2012.01.024,DOI:10.1016/j.eswa.2009.09.029,2
DOI:10.1016/j.ejor.2012.01.024,DOI:10.1016/j.eswa.2013.11.032,2
DOI:10.1016/j.ejor.2012.01.024,DOI:10.1016/j.ijpe.2013.02.009,2
DOI:10.1016/j.ejor.2012.01.024,DOI:10.1016/j.measurement.2014.04.018,2
DOI:10.1016/j.ejor.2012.01.024,DOI:10.1016/j.omega.2007.06.003,2
DOI:10.1016/j.ejor.2012.01.024,DOI:10.1016/j.omega.2007.10.002,2
DOI:10.1016/j.ejor.2012.01.024,DOI:10.1016/j.omega.2008.08.001,2
DOI:10.1016/j.ejor.2012.01.024,DOI:10.1016/j.omega.2009.07.001,2
DOI:10.1016/j.ejor.2012.01.024,DOI:10.1016/j.omega.2009.11.003,2
DOI:10.1016/j.ejor.2012.01.024,DOI:10.1016/j.omega.2010.01.004,2
DOI:10.1016/j.ejor.2012.01.024,DOI:10.1016/j.omega.2012.06.003,2
DOI:10.1016/j.ejor.2012.01.024,DOI:10.1016/j.proenv.2014.03.024,2
DOI:10.1016/j.ejor.2012.01.024,DOI:10.1016/j.resconrec.2010.06.003,2
DOI:10.1016/j.ejor.2012.01.024,DOI:10.1016/j.rtbm.2013.02.001,2
DOI:10.1016/j.ejor.2012.01.024,DOI:10.1016/j.sbspro.2014.01.153,2
DOI:10.1016/j.ejor.2012.01.024,DOI:10.1016/j.tra.2008.03.014,2
DOI:10.1016/j.ejor.2012.01.024,DOI:10.1016/j.trd.2012.02.002,2
DOI:10.1016/j.ejor.2012.01.024,DOI:10.1016/j.trd.2014.05.015,2
DOI:10.1016/j.ejor.2012.01.024,DOI:10.1016/j.trd.2014.05.024,2
DOI:10.1016/j.ejor.2012.01.024,DOI:10.1016/j.tre.2005.09.005,2
DOI:10.1016/j.ejor.2012.01.024,DOI:10.1016/j.tre.2011.05.015,2
DOI:10.1016/j.ejor.2012.01.024,DOI:10.1016/j.tre.2011.05.016,2
DOI:10.1016/j.ejor.2012.01.024,DOI:10.1016/j.tre.2013.03.005,2
DOI:10.1016/j.ejor.2012.01.024,DOI:10.1016/s0377-2217(00)00150-8,2
DOI:10.1016/j.ejor.2012.01.024,DOI:10.1016/s0965-8564(99)00049-x,2
DOI:10.1016/j.ejor.2012.01.024,DOI:10.1023/a:1005121506841,2
DOI:10.1016/j.ejor.2012.01.024,DOI:10.1057/jors.2008.154,2
DOI:10.1016/j.ejor.2012.01.024,DOI:10.1108/09600031111185257,2
DOI:10.1016/j.ejor.2012.01.024,DOI:10.1287/mnsc.1040.0244,2
DOI:10.1016/j.ejor.2012.01.024,"DUDOW A., 1998, THESIS LUND U LUND",2
DOI:10.1016/j.ejor.2012.01.024,"LU Z., 2013, ADV CIVIL ENG BUILDI",2
DOI:10.1016/j.ejor.2012.01.024,"[ANONYMOUS], MULTICRITERIA DECISO",2
DOI:10.1016/j.enpol.2012.02.063,DOI:10.1016/j.eswa.2009.09.029,2
DOI:10.1016/j.enpol.2012.02.063,DOI:10.1016/j.eswa.2013.11.032,2
DOI:10.1016/j.enpol.2012.02.063,DOI:10.1016/j.ijpe.2013.02.009,2
DOI:10.1016/j.enpol.2012.02.063,DOI:10.1016/j.measurement.2014.04.018,2
DOI:10.1016/j.enpol.2012.02.063,DOI:10.1016/j.omega.2007.06.003,2
DOI:10.1016/j.enpol.2012.02.063,DOI:10.1016/j.omega.2007.10.002,2
DOI:10.1016/j.enpol.2012.02.063,DOI:10.1016/j.omega.2008.08.001,2
DOI:10.1016/j.enpol.2012.02.063,DOI:10.1016/j.omega.2009.07.001,2
DOI:10.1016/j.enpol.2012.02.063,DOI:10.1016/j.omega.2009.11.003,2
DOI:10.1016/j.enpol.2012.02.063,DOI:10.1016/j.omega.2010.01.004,2
DOI:10.1016/j.enpol.2012.02.063,DOI:10.1016/j.omega.2012.06.003,2
DOI:10.1016/j.enpol.2012.02.063,DOI:10.1016/j.proenv.2014.03.024,2
DOI:10.1016/j.enpol.2012.02.063,DOI:10.1016/j.resconrec.2010.06.003,2
DOI:10.1016/j.enpol.2012.02.063,DOI:10.1016/j.rtbm.2013.02.001,2
DOI:10.1016/j.enpol.2012.02.063,DOI:10.1016/j.sbspro.2014.01.153,2
DOI:10.1016/j.enpol.2012.02.063,DOI:10.1016/j.tra.2008.03.014,2
DOI:10.1016/j.enpol.2012.02.063,DOI:10.1016/j.trd.2012.02.002,2
DOI:10.1016/j.enpol.2012.02.063,DOI:10.1016/j.trd.2014.05.015,2
DOI:10.1016/j.enpol.2012.02.063,DOI:10.1016/j.trd.2014.05.024,2
DOI:10.1016/j.enpol.2012.02.063,DOI:10.1016/j.tre.2005.09.005,2
DOI:10.1016/j.enpol.2012.02.063,DOI:10.1016/j.tre.2011.05.015,2
DOI:10.1016/j.enpol.2012.02.063,DOI:10.1016/j.tre.2011.05.016,2
DOI:10.1016/j.enpol.2012.02.063,DOI:10.1016/j.tre.2013.03.005,2
DOI:10.1016/j.enpol.2012.02.063,DOI:10.1016/s0377-2217(00)00150-8,2
DOI:10.1016/j.enpol.2012.02.063,DOI:10.1016/s0965-8564(99)00049-x,2
DOI:10.1016/j.enpol.2012.02.063,DOI:10.1023/a:1005121506841,2
DOI:10.1016/j.enpol.2012.02.063,DOI:10.1057/jors.2008.154,2
DOI:10.1016/j.enpol.2012.02.063,DOI:10.1108/09600031111185257,2
DOI:10.1016/j.enpol.2012.02.063,DOI:10.1287/mnsc.1040.0244,2
DOI:10.1016/j.enpol.2012.02.063,"DUDOW A., 1998, THESIS LUND U LUND",2
DOI:10.1016/j.enpol.2012.02.063,"LU Z., 2013, ADV CIVIL ENG BUILDI",2
DOI:10.1016/j.enpol.2012.02.063,"[ANONYMOUS], MULTICRITERIA DECISO",2
DOI:10.1016/j.eswa.2009.09.029,DOI:10.1016/j.eswa.2013.11.032,2
DOI:10.1016/j.eswa.2009.09.029,DOI:10.1016/j.ijpe.2013.02.009,2
DOI:10.1016/j.eswa.2009.09.029,DOI:10.1016/j.measurement.2014.04.018,2
DOI:10.1016/j.eswa.2009.09.029,DOI:10.1016/j.omega.2007.06.003,2
DOI:10.1016/j.eswa.2009.09.029,DOI:10.1016/j.omega.2007.10.002,2
DOI:10.1016/j.eswa.2009.09.029,DOI:10.1016/j.omega.2008.08.001,2
DOI:10.1016/j.eswa.2009.09.029,DOI:10.1016/j.omega.2009.07.001,2
DOI:10.1016/j.eswa.2009.09.029,DOI:10.1016/j.omega.2009.11.003,2
DOI:10.1016/j.eswa.2009.09.029,DOI:10.1016/j.omega.2010.01.004,2
DOI:10.1016/j.eswa.2009.09.029,DOI:10.1016/j.omega.2012.06.003,2
DOI:10.1016/j.eswa.2009.09.029,DOI:10.1016/j.proenv.2014.03.024,2
DOI:10.1016/j.eswa.2009.09.029,DOI:10.1016/j.resconrec.2010.06.003,2
DOI:10.1016/j.eswa.2009.09.029,DOI:10.1016/j.rtbm.2013.02.001,2
DOI:10.1016/j.eswa.2009.09.029,DOI:10.1016/j.sbspro.2014.01.153,2
DOI:10.1016/j.eswa.2009.09.029,DOI:10.1016/j.tra.2008.03.014,2
DOI:10.1016/j.eswa.2009.09.029,DOI:10.1016/j.trd.2012.02.002,2
DOI:10.1016/j.eswa.2009.09.029,DOI:10.1016/j.trd.2014.05.015,2
DOI:10.1016/j.eswa.2009.09.029,DOI:10.1016/j.trd.2014.05.024,2
DOI:10.1016/j.eswa.2009.09.029,DOI:10.1016/j.tre.2005.09.005,2
DOI:10.1016/j.eswa.2009.09.029,DOI:10.1016/j.tre.2011.05.015,2
DOI:10.1016/j.eswa.2009.09.029,DOI:10.1016/j.tre.2011.05.016,2
DOI:10.1016/j.eswa.2009.09.029,DOI:10.1016/j.tre.2013.03.005,2
DOI:10.1016/j.eswa.2009.09.029,DOI:10.1016/s0377-2217(00)00150-8,2
DOI:10.1016/j.eswa.2009.09.029,DOI:10.1016/s0965-8564(99)00049-x,2
DOI:10.1016/j.eswa.2009.09.029,DOI:10.1023/a:1005121506841,2
DOI:10.1016/j.eswa.2009.09.029,DOI:10.1057/jors.2008.154,2
DOI:10.1016/j.eswa.2009.09.029,DOI:10.1108/09600031111185257,2
DOI:10.1016/j.eswa.2009.09.029,DOI:10.1287/mnsc.1040.0244,2
DOI:10.1016/j.eswa.2009.09.029,"DUDOW A., 1998, THESIS LUND U LUND",2
DOI:10.1016/j.eswa.2009.09.029,"LU Z., 2013, ADV CIVIL ENG BUILDI",2
DOI:10.1016/j.eswa.2009.09.029,"[ANONYMOUS], MULTICRITERIA DECISO",2
DOI:10.1016/j.eswa.2013.11.032,DOI:10.1016/j.ijpe.2013.02.009,2
DOI:10.1016/j.eswa.2013.11.032,DOI:10.1016/j.measurement.2014.04.018,2
DOI:10.1016/j.eswa.2013.11.032,DOI:10.1016/j.omega.2007.06.003,2
DOI:10.1016/j.eswa.2013.11.032,DOI:10.1016/j.omega.2007.10.002,2
DOI:10.1016/j.eswa.2013.11.032,DOI:10.1016/j.omega.2008.08.001,2
DOI:10.1016/j.eswa.2013.11.032,DOI:10.1016/j.omega.2009.07.001,2
DOI:10.1016/j.eswa.2013.11.032,DOI:10.1016/j.omega.2009.11.003,2
DOI:10.1016/j.eswa.2013.11.032,DOI:10.1016/j.omega.2010.01.004,2
DOI:10.1016/j.eswa.2013.11.032,DOI:10.1016/j.omega.2012.06.003,2
DOI:10.1016/j.eswa.2013.11.032,DOI:10.1016/j.proenv.2014.03.024,2
DOI:10.1016/j.eswa.2013.11.032,DOI:10.1016/j.resconrec.2010.06.003,2
DOI:10.1016/j.eswa.2013.11.032,DOI:10.1016/j.rtbm.2013.02.001,2
DOI:10.1016/j.eswa.2013.11.032,DOI:10.1016/j.sbspro.2014.01.153,2
DOI:10.1016/j.eswa.2013.11.032,DOI:10.1016/j.tra.2008.03.014,2
DOI:10.1016/j.eswa.2013.11.032,DOI:10.1016/j.trd.2012.02.002,2
DOI:10.1016/j.eswa.2013.11.032,DOI:10.1016/j.trd.2014.05.015,2
DOI:10.1016/j.eswa.2013.11.032,DOI:10.1016/j.trd.2014.05.024,2
DOI:10.1016/j.eswa.2013.11.032,DOI:10.1016/j.tre.2005.09.005,2
DOI:10.1016/j.eswa.2013.11.032,DOI:10.1016/j.tre.2011.05.015,2
DOI:10.1016/j.eswa.2013.11.032,DOI:10.1016/j.tre.2011.05.016,2
DOI:10.1016/j.eswa.2013.11.032,DOI:10.1016/j.tre.2013.03.005,2
DOI:10.1016/j.eswa.2013.11.032,DOI:10.1016/s0377-2217(00)00150-8,2
DOI:10.1016/j.eswa.2013.11.032,DOI:10.1016/s0965-8564(99)00049-x,2
DOI:10.1016/j.eswa.2013.11.032,DOI:10.1023/a:1005121506841,2
DOI:10.1016/j.eswa.2013.11.032,DOI:10.1057/jors.2008.154,2
DOI:10.1016/j.eswa.2013.11.032,DOI:10.1108/09600031111185257,2
DOI:10.1016/j.eswa.2013.11.032,DOI:10.1287/mnsc.1040.0244,2
DOI:10.1016/j.eswa.2013.11.032,"DUDOW A., 1998, THESIS LUND U LUND",2
DOI:10.1016/j.eswa.2013.11.032,"LU Z., 2013, ADV CIVIL ENG BUILDI",2
DOI:10.1016/j.eswa.2013.11.032,"[ANONYMOUS], MULTICRITERIA DECISO",2
DOI:10.1016/j.ijpe.2013.02.009,DOI:10.1016/j.measurement.2014.04.018,2
DOI:10.1016/j.ijpe.2013.02.009,DOI:10.1016/j.omega.2007.06.003,2
DOI:10.1016/j.ijpe.2013.02.009,DOI:10.1016/j.omega.2007.10.002,2
DOI:10.1016/j.ijpe.2013.02.009,DOI:10.1016/j.omega.2008.08.001,2
DOI:10.1016/j.ijpe.2013.02.009,DOI:10.1016/j.omega.2009.07.001,2
DOI:10.1016/j.ijpe.2013.02.009,DOI:10.1016/j.omega.2009.11.003,2
DOI:10.1016/j.ijpe.2013.02.009,DOI:10.1016/j.omega.2010.01.004,2
DOI:10.1016/j.ijpe.2013.02.009,DOI:10.1016/j.omega.2012.06.003,2
DOI:10.1016/j.ijpe.2013.02.009,DOI:10.1016/j.proenv.2014.03.024,2
DOI:10.1016/j.ijpe.2013.02.009,DOI:10.1016/j.resconrec.2010.06.003,2
DOI:10.1016/j.ijpe.2013.02.009,DOI:10.1016/j.rtbm.2013.02.001,2
DOI:10.1016/j.ijpe.2013.02.009,DOI:10.1016/j.sbspro.2014.01.153,2
DOI:10.1016/j.ijpe.2013.02.009,DOI:10.1016/j.tra.2008.03.014,2
DOI:10.1016/j.ijpe.2013.02.009,DOI:10.1016/j.trd.2012.02.002,2
DOI:10.1016/j.ijpe.2013.02.009,DOI:10.1016/j.trd.2014.05.015,2
DOI:10.1016/j.ijpe.2013.02.009,DOI:10.1016/j.trd.2014.05.024,2
DOI:10.1016/j.ijpe.2013.02.009,DOI:10.1016/j.tre.2005.09.005,2
DOI:10.1016/j.ijpe.2013.02.009,DOI:10.1016/j.tre.2011.05.015,2
DOI:10.1016/j.ijpe.2013.02.009,DOI:10.1016/j.tre.2011.05.016,2
DOI:10.1016/j.ijpe.2013.02.009,DOI:10.1016/j.tre.2013.03.005,2
DOI:10.1016/j.ijpe.2013.02.009,DOI:10.1016/s0377-2217(00)00150-8,2
DOI:10.1016/j.ijpe.2013.02.009,DOI:10.1016/s0965-8564(99)00049-x,2
DOI:10.1016/j.ijpe.2013.02.009,DOI:10.1023/a:1005121506841,2
DOI:10.1016/j.ijpe.2013.02.009,DOI:10.1057/jors.2008.154,2
DOI:10.1016/j.ijpe.2013.02.009,DOI:10.1108/09600031111185257,2
DOI:10.1016/j.ijpe.2013.02.009,DOI:10.1287/mnsc.1040.0244,2
DOI:10.1016/j.ijpe.2013.02.009,"DUDOW A., 1998, THESIS LUND U LUND",2
DOI:10.1016/j.ijpe.2013.02.009,"LU Z., 2013, ADV CIVIL ENG BUILDI",2
DOI:10.1016/j.ijpe.2013.02.009,"[ANONYMOUS], MULTICRITERIA DECISO",2
DOI:10.1016/j.measurement.2014.04.018,DOI:10.1016/j.omega.2007.06.003,2
DOI:10.1016/j.measurement.2014.04.018,DOI:10.1016/j.omega.2007.10.002,2
DOI:10.1016/j.measurement.2014.04.018,DOI:10.1016/j.omega.2008.08.001,2
DOI:10.1016/j.measurement.2014.04.018,DOI:10.1016/j.omega.2009.07.001,2
DOI:10.1016/j.measurement.2014.04.018,DOI:10.1016/j.omega.2009.11.003,2
DOI:10.1016/j.measurement.2014.04.018,DOI:10.1016/j.omega.2010.01.004,2
DOI:10.1016/j.measurement.2014.04.018,DOI:10.1016/j.omega.2012.06.003,2
DOI:10.1016/j.measurement.2014.04.018,DOI:10.1016/j.proenv.2014.03.024,2
DOI:10.1016/j.measurement.2014.04.018,DOI:10.1016/j.resconrec.2010.06.003,2
DOI:10.1016/j.measurement.2014.04.018,DOI:10.1016/j.rtbm.2013.02.001,2
DOI:10.1016/j.measurement.2014.04.018,DOI:10.1016/j.sbspro.2014.01.153,2
DOI:10.1016/j.measurement.2014.04.018,DOI:10.1016/j.tra.2008.03.014,2
DOI:10.1016/j.measurement.2014.04.018,DOI:10.1016/j.trd.2012.02.002,2
DOI:10.1016/j.measurement.2014.04.018,DOI:10.1016/j.trd.2014.05.015,2
DOI:10.1016/j.measurement.2014.04.018,DOI:10.1016/j.trd.2014.05.024,2
DOI:10.1016/j.measurement.2014.04.018,DOI:10.1016/j.tre.2005.09.005,2
DOI:10.1016/j.measurement.2014.04.018,DOI:10.1016/j.tre.2011.05.015,2
DOI:10.1016/j.measurement.2014.04.018,DOI:10.1016/j.tre.2011.05.016,2
DOI:10.1016/j.measurement.2014.04.018,DOI:10.1016/j.tre.2013.03.005,2
DOI:10.1016/j.measurement.2014.04.018,DOI:10.1016/s0377-2217(00)00150-8,2
DOI:10.1016/j.measurement.2014.04.018,DOI:10.1016/s0965-8564(99)00049-x,2
DOI:10.1016/j.measurement.2014.04.018,DOI:10.1023/a:1005121506841,2
DOI:10.1016/j.measurement.2014.04.018,DOI:10.1057/jors.2008.154,2
DOI:10.1016/j.measurement.2014.04.018,DOI:10.1108/09600031111185257,2
DOI:10.1016/j.measurement.2014.04.018,DOI:10.1287/mnsc.1040.0244,2
DOI:10.1016/j.measurement.2014.04.018,"DUDOW A., 1998, THESIS LUND U LUND",2
DOI:10.1016/j.measurement.2014.04.018,"LU Z., 2013, ADV CIVIL ENG BUILDI",2
DOI:10.1016/j.measurement.2014.04.018,"[ANONYMOUS], MULTICRITERIA DECISO",2
DOI:10.1016/j.omega.2007.06.003,DOI:10.1016/j.omega.2007.10.002,2
DOI:10.1016/j.omega.2007.06.003,DOI:10.1016/j.omega.2008.08.001,2
DOI:10.1016/j.omega.2007.06.003,DOI:10.1016/j.omega.2009.07.001,2
DOI:10.1016/j.omega.2007.06.003,DOI:10.1016/j.omega.2009.11.003,2
DOI:10.1016/j.omega.2007.06.003,DOI:10.1016/j.omega.2010.01.004,2
DOI:10.1016/j.omega.2007.06.003,DOI:10.1016/j.omega.2012.06.003,2
DOI:10.1016/j.omega.2007.06.003,DOI:10.1016/j.proenv.2014.03.024,2
DOI:10.1016/j.omega.2007.06.003,DOI:10.1016/j.resconrec.2010.06.003,2
DOI:10.1016/j.omega.2007.06.003,DOI:10.1016/j.rtbm.2013.02.001,2
DOI:10.1016/j.omega.2007.06.003,DOI:10.1016/j.sbspro.2014.01.153,2
DOI:10.1016/j.omega.2007.06.003,DOI:10.1016/j.tra.2008.03.014,2
DOI:10.1016/j.omega.2007.06.003,DOI:10.1016/j.trd.2012.02.002,2
DOI:10.1016/j.omega.2007.06.003,DOI:10.1016/j.trd.2014.05.015,2
DOI:10.1016/j.omega.2007.06.003,DOI:10.1016/j.trd.2014.05.024,2
DOI:10.1016/j.omega.2007.06.003,DOI:10.1016/j.tre.2005.09.005,2
DOI:10.1016/j.omega.2007.06.003,DOI:10.1016/j.tre.2011.05.015,2
DOI:10.1016/j.omega.2007.06.003,DOI:10.1016/j.tre.2011.05.016,2
DOI:10.1016/j.omega.2007.06.003,DOI:10.1016/j.tre.2013.03.005,2
DOI:10.1016/j.omega.2007.06.003,DOI:10.1016/s0377-2217(00)00150-8,2
DOI:10.1016/j.omega.2007.06.003,DOI:10.1016/s0965-8564(99)00049-x,2
DOI:10.1016/j.omega.2007.06.003,DOI:10.1023/a:1005121506841,2
DOI:10.1016/j.omega.2007.06.003,DOI:10.1057/jors.2008.154,2
DOI:10.1016/j.omega.2007.06.003,DOI:10.1108/09600031111185257,2
DOI:10.1016/j.omega.2007.06.003,DOI:10.1287/mnsc.1040.0244,2
DOI:10.1016/j.omega.2007.06.003,"DUDOW A., 1998, THESIS LUND U LUND",2
DOI:10.1016/j.omega.2007.06.003,"LU Z., 2013, ADV CIVIL ENG BUILDI",2
DOI:10.1016/j.omega.2007.06.003,"[ANONYMOUS], MULTICRITERIA DECISO",2
DOI:10.1016/j.omega.2007.10.002,DOI:10.1016/j.omega.2008.08.001,2
DOI:10.1016/j.omega.2007.10.002,DOI:10.1016/j.omega.2009.07.001,2
DOI:10.1016/j.omega.2007.10.002,DOI:10.1016/j.omega.2009.11.003,2
DOI:10.1016/j.omega.2007.10.002,DOI:10.1016/j.omega.2010.01.004,2
DOI:10.1016/j.omega.2007.10.002,DOI:10.1016/j.omega.2012.06.003,2
DOI:10.1016/j.omega.2007.10.002,DOI:10.1016/j.proenv.2014.03.024,2
DOI:10.1016/j.omega.2007.10.002,DOI:10.1016/j.resconrec.2010.06.003,2
DOI:10.1016/j.omega.2007.10.002,DOI:10.1016/j.rtbm.2013.02.001,2
DOI:10.1016/j.omega.2007.10.002,DOI:10.1016/j.sbspro.2014.01.153,2
DOI:10.1016/j.omega.2007.10.002,DOI:10.1016/j.tra.2008.03.014,2
DOI:10.1016/j.omega.2007.10.002,DOI:10.1016/j.trd.2012.02.002,2
DOI:10.1016/j.omega.2007.10.002,DOI:10.1016/j.trd.2014.05.015,2
DOI:10.1016/j.omega.2007.10.002,DOI:10.1016/j.trd.2014.05.024,2
DOI:10.1016/j.omega.2007.10.002,DOI:10.1016/j.tre.2005.09.005,2
DOI:10.1016/j.omega.2007.10.002,DOI:10.1016/j.tre.2011.05.015,2
DOI:10.1016/j.omega.2007.10.002,DOI:10.1016/j.tre.2011.05.016,2
DOI:10.1016/j.omega.2007.10.002,DOI:10.1016/j.tre.2013.03.005,2
DOI:10.1016/j.omega.2007.10.002,DOI:10.1016/s0377-2217(00)00150-8,2
DOI:10.1016/j.omega.2007.10.002,DOI:10.1016/s0965-8564(99)00049-x,2
DOI:10.1016/j.omega.2007.10.002,DOI:10.1023/a:1005121506841,2
DOI:10.1016/j.omega.2007.10.002,DOI:10.1057/jors.2008.154,2
DOI:10.1016/j.omega.2007.10.002,DOI:10.1108/09600031111185257,2
DOI:10.1016/j.omega.2007.10.002,DOI:10.1287/mnsc.1040.0244,2
DOI:10.1016/j.omega.2007.10.002,"DUDOW A., 1998, THESIS LUND U LUND",2
DOI:10.1016/j.omega.2007.10.002,"LU Z., 2013, ADV CIVIL ENG BUILDI",2
DOI:10.1016/j.omega.2007.10.002,"[ANONYMOUS], MULTICRITERIA DECISO",2
DOI:10.1016/j.omega.2008.08.001,DOI:10.1016/j.omega.2009.07.001,2
DOI:10.1016/j.omega.2008.08.001,DOI:10.1016/j.omega.2009.11.003,2
DOI:10.1016/j.omega.2008.08.001,DOI:10.1016/j.omega.2010.01.004,2
DOI:10.1016/j.omega.2008.08.001,DOI:10.1016/j.omega.2012.06.003,2
DOI:10.1016/j.omega.2008.08.001,DOI:10.1016/j.proenv.2014.03.024,2
DOI:10.1016/j.omega.2008.08.001,DOI:10.1016/j.resconrec.2010.06.003,2
DOI:10.1016/j.omega.2008.08.001,DOI:10.1016/j.rtbm.2013.02.001,2
DOI:10.1016/j.omega.2008.08.001,DOI:10.1016/j.sbspro.2014.01.153,2
DOI:10.1016/j.omega.2008.08.001,DOI:10.1016/j.tra.2008.03.014,2
DOI:10.1016/j.omega.2008.08.001,DOI:10.1016/j.trd.2012.02.002,2
DOI:10.1016/j.omega.2008.08.001,DOI:10.1016/j.trd.2014.05.015,2
DOI:10.1016/j.omega.2008.08.001,DOI:10.1016/j.trd.2014.05.024,2
DOI:10.1016/j.omega.2008.08.001,DOI:10.1016/j.tre.2005.09.005,2
DOI:10.1016/j.omega.2008.08.001,DOI:10.1016/j.tre.2011.05.015,2
DOI:10.1016/j.omega.2008.08.001,DOI:10.1016/j.tre.2011.05.016,2
DOI:10.1016/j.omega.2008.08.001,DOI:10.1016/j.tre.2013.03.005,2
DOI:10.1016/j.omega.2008.08.001,DOI:10.1016/s0377-2217(00)00150-8,2
DOI:10.1016/j.omega.2008.08.001,DOI:10.1016/s0965-8564(99)00049-x,2
DOI:10.1016/j.omega.2008.08.001,DOI:10.1023/a:1005121506841,2
DOI:10.1016/j.omega.2008.08.001,DOI:10.1057/jors.2008.154,2
DOI:10.1016/j.omega.2008.08.001,DOI:10.1108/09600031111185257,2
DOI:10.1016/j.omega.2008.08.001,DOI:10.1287/mnsc.1040.0244,2
DOI:10.1016/j.omega.2008.08.001,"DUDOW A., 1998, THESIS LUND U LUND",2
DOI:10.1016/j.omega.2008.08.001,"LU Z., 2013, ADV CIVIL ENG BUILDI",2
DOI:10.1016/j.omega.2008.08.001,"[ANONYMOUS], MULTICRITERIA DECISO",2
DOI:10.1016/j.omega.2009.07.001,DOI:10.1016/j.omega.2009.11.003,2
DOI:10.1016/j.omega.2009.07.001,DOI:10.1016/j.omega.2010.01.004,2
DOI:10.1016/j.omega.2009.07.001,DOI:10.1016/j.omega.2012.06.003,2
DOI:10.1016/j.omega.2009.07.001,DOI:10.1016/j.proenv.2014.03.024,2
DOI:10.1016/j.omega.2009.07.001,DOI:10.1016/j.resconrec.2010.06.003,2
DOI:10.1016/j.omega.2009.07.001,DOI:10.1016/j.rtbm.2013.02.001,2
DOI:10.1016/j.omega.2009.07.001,DOI:10.1016/j.sbspro.2014.01.153,2
DOI:10.1016/j.omega.2009.07.001,DOI:10.1016/j.tra.2008.03.014,2
DOI:10.1016/j.omega.2009.07.001,DOI:10.1016/j.trd.2012.02.002,2
DOI:10.1016/j.omega.2009.07.001,DOI:10.1016/j.trd.2014.05.015,2
DOI:10.1016/j.omega.2009.07.001,DOI:10.1016/j.trd.2014.05.024,2
DOI:10.1016/j.omega.2009.07.001,DOI:10.1016/j.tre.2005.09.005,2
DOI:10.1016/j.omega.2009.07.001,DOI:10.1016/j.tre.2011.05.015,2
DOI:10.1016/j.omega.2009.07.001,DOI:10.1016/j.tre.2011.05.016,2
DOI:10.1016/j.omega.2009.07.001,DOI:10.1016/j.tre.2013.03.005,2
DOI:10.1016/j.omega.2009.07.001,DOI:10.1016/s0377-2217(00)00150-8,2
DOI:10.1016/j.omega.2009.07.001,DOI:10.1016/s0965-8564(99)00049-x,2
DOI:10.1016/j.omega.2009.07.001,DOI:10.1023/a:1005121506841,2
DOI:10.1016/j.omega.2009.07.001,DOI:10.1057/jors.2008.154,2
DOI:10.1016/j.omega.2009.07.001,DOI:10.1108/09600031111185257,2
DOI:10.1016/j.omega.2009.07.001,DOI:10.1287/mnsc.1040.0244,2
DOI:10.1016/j.omega.2009.07.001,"DUDOW A., 1998, THESIS LUND U LUND",2
DOI:10.1016/j.omega.2009.07.001,"LU Z., 2013, ADV CIVIL ENG BUILDI",2
DOI:10.1016/j.omega.2009.07.001,"[ANONYMOUS], MULTICRITERIA DECISO",2
DOI:10.1016/j.omega.2009.11.003,DOI:10.1016/j.omega.2010.01.004,2
DOI:10.1016/j.omega.2009.11.003,DOI:10.1016/j.omega.2012.06.003,2
DOI:10.1016/j.omega.2009.11.003,DOI:10.1016/j.proenv.2014.03.024,2
DOI:10.1016/j.omega.2009.11.003,DOI:10.1016/j.resconrec.2010.06.003,2
DOI:10.1016/j.omega.2009.11.003,DOI:10.1016/j.rtbm.2013.02.001,2
DOI:10.1016/j.omega.2009.11.003,DOI:10.1016/j.sbspro.2014.01.153,2
DOI:10.1016/j.omega.2009.11.003,DOI:10.1016/j.tra.2008.03.014,2
DOI:10.1016/j.omega.2009.11.003,DOI:10.1016/j.trd.2012.02.002,2
DOI:10.1016/j.omega.2009.11.003,DOI:10.1016/j.trd.2014.05.015,2
DOI:10.1016/j.omega.2009.11.003,DOI:10.1016/j.trd.2014.05.024,2
DOI:10.1016/j.omega.2009.11.003,DOI:10.1016/j.tre.2005.09.005,2
DOI:10.1016/j.omega.2009.11.003,DOI:10.1016/j.tre.2011.05.015,2
DOI:10.1016/j.omega.2009.11.003,DOI:10.1016/j.tre.2011.05.016,2
DOI:10.1016/j.omega.2009.11.003,DOI:10.1016/j.tre.2013.03.005,2
DOI:10.1016/j.omega.2009.11.003,DOI:10.1016/s0377-2217(00)00150-8,2
DOI:10.1016/j.omega.2009.11.003,DOI:10.1016/s0965-8564(99)00049-x,2
DOI:10.1016/j.omega.2009.11.003,DOI:10.1023/a:1005121506841,2
DOI:10.1016/j.omega.2009.11.003,DOI:10.1057/jors.2008.154,2
DOI:10.1016/j.omega.2009.11.003,DOI:10.1108/09600031111185257,2
DOI:10.1016/j.omega.2009.11.003,DOI:10.1287/mnsc.1040.0244,2
DOI:10.1016/j.omega.2009.11.003,"DUDOW A., 1998, THESIS LUND U LUND",2
DOI:10.1016/j.omega.2009.11.003,"LU Z., 2013, ADV CIVIL ENG BUILDI",2
DOI:10.1016/j.omega.2009.11.003,"[ANONYMOUS], MULTICRITERIA DECISO",2
DOI:10.1016/j.omega.2010.01.004,DOI:10.1016/j.omega.2012.06.003,2
DOI:10.1016/j.omega.2010.01.004,DOI:10.1016/j.proenv.2014.03.024,2
DOI:10.1016/j.omega.2010.01.004,DOI:10.1016/j.resconrec.2010.06.003,2
DOI:10.1016/j.omega.2010.01.004,DOI:10.1016/j.rtbm.2013.02.001,2
DOI:10.1016/j.omega.2010.01.004,DOI:10.1016/j.sbspro.2014.01.153,2
DOI:10.1016/j.omega.2010.01.004,DOI:10.1016/j.tra.2008.03.014,2
DOI:10.1016/j.omega.2010.01.004,DOI:10.1016/j.trd.2012.02.002,2
DOI:10.1016/j.omega.2010.01.004,DOI:10.1016/j.trd.2014.05.015,2
DOI:10.1016/j.omega.2010.01.004,DOI:10.1016/j.trd.2014.05.024,2
DOI:10.1016/j.omega.2010.01.004,DOI:10.1016/j.tre.2005.09.005,2
DOI:10.1016/j.omega.2010.01.004,DOI:10.1016/j.tre.2011.05.015,2
DOI:10.1016/j.omega.2010.01.004,DOI:10.1016/j.tre.2011.05.016,2
DOI:10.1016/j.omega.2010.01.004,DOI:10.1016/j.tre.2013.03.005,2
DOI:10.1016/j.omega.2010.01.004,DOI:10.1016/s0377-2217(00)00150-8,2
DOI:10.1016/j.omega.2010.01.004,DOI:10.1016/s0965-8564(99)00049-x,2
DOI:10.1016/j.omega.2010.01.004,DOI:10.1023/a:1005121506841,2
DOI:10.1016/j.omega.2010.01.004,DOI:10.1057/jors.2008.154,2
DOI:10.1016/j.omega.2010.01.004,DOI:10.1108/09600031111185257,2
DOI:10.1016/j.omega.2010.01.004,DOI:10.1287/mnsc.1040.0244,2
DOI:10.1016/j.omega.2010.01.004,"DUDOW A., 1998, THESIS LUND U LUND",2
DOI:10.1016/j.omega.2010.01.004,"LU Z., 2013, ADV CIVIL ENG BUILDI",2
DOI:10.1016/j.omega.2010.01.004,"[ANONYMOUS], MULTICRITERIA DECISO",2
DOI:10.1016/j.omega.2012.06.003,DOI:10.1016/j.proenv.2014.03.024,2
DOI:10.1016/j.omega.2012.06.003,DOI:10.1016/j.resconrec.2010.06.003,2
DOI:10.1016/j.omega.2012.06.003,DOI:10.1016/j.rtbm.2013.02.001,2
DOI:10.1016/j.omega.2012.06.003,DOI:10.1016/j.sbspro.2014.01.153,2
DOI:10.1016/j.omega.2012.06.003,DOI:10.1016/j.tra.2008.03.014,2
DOI:10.1016/j.omega.2012.06.003,DOI:10.1016/j.trd.2012.02.002,2
DOI:10.1016/j.omega.2012.06.003,DOI:10.1016/j.trd.2014.05.015,2
DOI:10.1016/j.omega.2012.06.003,DOI:10.1016/j.trd.2014.05.024,2
DOI:10.1016/j.omega.2012.06.003,DOI:10.1016/j.tre.2005.09.005,2
DOI:10.1016/j.omega.2012.06.003,DOI:10.1016/j.tre.2011.05.015,2
DOI:10.1016/j.omega.2012.06.003,DOI:10.1016/j.tre.2011.05.016,2
DOI:10.1016/j.omega.2012.06.003,DOI:10.1016/j.tre.2013.03.005,2
DOI:10.1016/j.omega.2012.06.003,DOI:10.1016/s0377-2217(00)00150-8,2
DOI:10.1016/j.omega.2012.06.003,DOI:10.1016/s0965-8564(99)00049-x,2
DOI:10.1016/j.omega.2012.06.003,DOI:10.1023/a:1005121506841,2
DOI:10.1016/j.omega.2012.06.003,DOI:10.1057/jors.2008.154,2
DOI:10.1016/j.omega.2012.06.003,DOI:10.1108/09600031111185257,2
DOI:10.1016/j.omega.2012.06.003,DOI:10.1287/mnsc.1040.0244,2
DOI:10.1016/j.omega.2012.06.003,"DUDOW A., 1998, THESIS LUND U LUND",2
DOI:10.1016/j.omega.2012.06.003,"LU Z., 2013, ADV CIVIL ENG BUILDI",2
DOI:10.1016/j.omega.2012.06.003,"[ANONYMOUS], MULTICRITERIA DECISO",2
DOI:10.1016/j.proenv.2014.03.024,DOI:10.1016/j.resconrec.2010.06.003,2
DOI:10.1016/j.proenv.2014.03.024,DOI:10.1016/j.rtbm.2013.02.001,2
DOI:10.1016/j.proenv.2014.03.024,DOI:10.1016/j.sbspro.2014.01.153,2
DOI:10.1016/j.proenv.2014.03.024,DOI:10.1016/j.tra.2008.03.014,2
DOI:10.1016/j.proenv.2014.03.024,DOI:10.1016/j.trd.2012.02.002,2
DOI:10.1016/j.proenv.2014.03.024,DOI:10.1016/j.trd.2014.05.015,2
DOI:10.1016/j.proenv.2014.03.024,DOI:10.1016/j.trd.2014.05.024,2
DOI:10.1016/j.proenv.2014.03.024,DOI:10.1016/j.tre.2005.09.005,2
DOI:10.1016/j.proenv.2014.03.024,DOI:10.1016/j.tre.2011.05.015,2
DOI:10.1016/j.proenv.2014.03.024,DOI:10.1016/j.tre.2011.05.016,2
DOI:10.1016/j.proenv.2014.03.024,DOI:10.1016/j.tre.2013.03.005,2
DOI:10.1016/j.proenv.2014.03.024,DOI:10.1016/s0377-2217(00)00150-8,2
DOI:10.1016/j.proenv.2014.03.024,DOI:10.1016/s0965-8564(99)00049-x,2
DOI:10.1016/j.proenv.2014.03.024,DOI:10.1023/a:1005121506841,2
DOI:10.1016/j.proenv.2014.03.024,DOI:10.1057/jors.2008.154,2
DOI:10.1016/j.proenv.2014.03.024,DOI:10.1108/09600031111185257,2
DOI:10.1016/j.proenv.2014.03.024,DOI:10.1287/mnsc.1040.0244,2
DOI:10.1016/j.proenv.2014.03.024,"DUDOW A., 1998, THESIS LUND U LUND",2
DOI:10.1016/j.proenv.2014.03.024,"LU Z., 2013, ADV CIVIL ENG BUILDI",2
DOI:10.1016/j.proenv.2014.03.024,"[ANONYMOUS], MULTICRITERIA DECISO",2
DOI:10.1016/j.resconrec.2010.06.003,DOI:10.1016/j.rtbm.2013.02.001,2
DOI:10.1016/j.resconrec.2010.06.003,DOI:10.1016/j.sbspro.2014.01.153,2
DOI:10.1016/j.resconrec.2010.06.003,DOI:10.1016/j.tra.2008.03.014,2
DOI:10.1016/j.resconrec.2010.06.003,DOI:10.1016/j.trd.2012.02.002,2
DOI:10.1016/j.resconrec.2010.06.003,DOI:10.1016/j.trd.2014.05.015,2
DOI:10.1016/j.resconrec.2010.06.003,DOI:10.1016/j.trd.2014.05.024,2
DOI:10.1016/j.resconrec.2010.06.003,DOI:10.1016/j.tre.2005.09.005,2
DOI:10.1016/j.resconrec.2010.06.003,DOI:10.1016/j.tre.2011.05.015,2
DOI:10.1016/j.resconrec.2010.06.003,DOI:10.1016/j.tre.2011.05.016,2
DOI:10.1016/j.resconrec.2010.06.003,DOI:10.1016/j.tre.2013.03.005,2
DOI:10.1016/j.resconrec.2010.06.003,DOI:10.1016/s0377-2217(00)00150-8,2
DOI:10.1016/j.resconrec.2010.06.003,DOI:10.1016/s0965-8564(99)00049-x,2
DOI:10.1016/j.resconrec.2010.06.003,DOI:10.1023/a:1005121506841,2
DOI:10.1016/j.resconrec.2010.06.003,DOI:10.1057/jors.2008.154,2
DOI:10.1016/j.resconrec.2010.06.003,DOI:10.1108/09600031111185257,2
DOI:10.1016/j.resconrec.2010.06.003,DOI:10.1287/mnsc.1040.0244,2
DOI:10.1016/j.resconrec.2010.06.003,"DUDOW A., 1998, THESIS LUND U LUND",2
DOI:10.1016/j.resconrec.2010.06.003,"LU Z., 2013, ADV CIVIL ENG BUILDI",2
DOI:10.1016/j.resconrec.2010.06.003,"[ANONYMOUS], MULTICRITERIA DECISO",2
DOI:10.1016/j.rtbm.2013.02.001,DOI:10.1016/j.sbspro.2014.01.153,2
DOI:10.1016/j.rtbm.2013.02.001,DOI:10.1016/j.tra.2008.03.014,2
DOI:10.1016/j.rtbm.2013.02.001,DOI:10.1016/j.trd.2012.02.002,2
DOI:10.1016/j.rtbm.2013.02.001,DOI:10.1016/j.trd.2014.05.015,2
DOI:10.1016/j.rtbm.2013.02.001,DOI:10.1016/j.trd.2014.05.024,2
DOI:10.1016/j.rtbm.2013.02.001,DOI:10.1016/j.tre.2005.09.005,2
DOI:10.1016/j.rtbm.2013.02.001,DOI:10.1016/j.tre.2011.05.015,2
DOI:10.1016/j.rtbm.2013.02.001,DOI:10.1016/j.tre.2011.05.016,2
DOI:10.1016/j.rtbm.2013.02.001,DOI:10.1016/j.tre.2013.03.005,2
DOI:10.1016/j.rtbm.2013.02.001,DOI:10.1016/s0377-2217(00)00150-8,2
DOI:10.1016/j.rtbm.2013.02.001,DOI:10.1016/s0965-8564(99)00049-x,2
DOI:10.1016/j.rtbm.2013.02.001,DOI:10.1023/a:1005121506841,2
DOI:10.1016/j.rtbm.2013.02.001,DOI:10.1057/jors.2008.154,2
DOI:10.1016/j.rtbm.2013.02.001,DOI:10.1108/09600031111185257,2
DOI:10.1016/j.rtbm.2013.02.001,DOI:10.1287/mnsc.1040.0244,2
DOI:10.1016/j.rtbm.2013.02.001,"DUDOW A., 1998, THESIS LUND U LUND",2
DOI:10.1016/j.rtbm.2013.02.001,"LU Z., 2013, ADV CIVIL ENG BUILDI",2
DOI:10.1016/j.rtbm.2013.02.001,"[ANONYMOUS], MULTICRITERIA DECISO",2
DOI:10.1016/j.sbspro.2014.01.153,DOI:10.1016/j.tra.2008.03.014,2
DOI:10.1016/j.sbspro.2014.01.153,DOI:10.1016/j.trd.2012.02.002,2
DOI:10.1016/j.sbspro.2014.01.153,DOI:10.1016/j.trd.2014.05.015,2
DOI:10.1016/j.sbspro.2014.01.153,DOI:10.1016/j.trd.2014.05.024,2
DOI:10.1016/j.sbspro.2014.01.153,DOI:10.1016/j.tre.2005.09.005,2
DOI:10.1016/j.sbspro.2014.01.153,DOI:10.1016/j.tre.2011.05.015,2
DOI:10.1016/j.sbspro.2014.01.153,DOI:10.1016/j.tre.2011.05.016,2
DOI:10.1016/j.sbspro.2014.01.153,DOI:10.1016/j.tre.2013.03.005,2
DOI:10.1016/j.sbspro.2014.01.153,DOI:10.1016/s0377-2217(00)00150-8,2
DOI:10.1016/j.sbspro.2014.01.153,DOI:10.1016/s0965-8564(99)00049-x,2
DOI:10.1016/j.sbspro.2014.01.153,DOI:10.1023/a:1005121506841,2
DOI:10.1016/j.sbspro.2014.01.153,DOI:10.1057/jors.2008.154,2
DOI:10.1016/j.sbspro.2014.01.153,DOI:10.1108/09600031111185257,2
DOI:10.1016/j.sbspro.2014.01.153,DOI:10.1287/mnsc.1040.0244,2
DOI:10.1016/j.sbspro.2014.01.153,"DUDOW A., 1998, THESIS LUND U LUND",2
DOI:10.1016/j.sbspro.2014.01.153,"LU Z., 2013, ADV CIVIL ENG BUILDI",2
DOI:10.1016/j.sbspro.2014.01.153,"[ANONYMOUS], MULTICRITERIA DECISO",2
DOI:10.1016/j.tra.2008.03.014,DOI:10.1016/j.trd.2012.02.002,2
DOI:10.1016/j.tra.2008.03.014,DOI:10.1016/j.trd.2014.05.015,2
DOI:10.1016/j.tra.2008.03.014,DOI:10.1016/j.trd.2014.05.024,2
DOI:10.1016/j.tra.2008.03.014,DOI:10.1016/j.tre.2005.09.005,2
DOI:10.1016/j.tra.2008.03.014,DOI:10.1016/j.tre.2011.05.015,2
DOI:10.1016/j.tra.2008.03.014,DOI:10.1016/j.tre.2011.05.016,2
DOI:10.1016/j.tra.2008.03.014,DOI:10.1016/j.tre.2013.03.005,2
DOI:10.1016/j.tra.2008.03.014,DOI:10.1016/s0377-2217(00)00150-8,2
DOI:10.1016/j.tra.2008.03.014,DOI:10.1016/s0965-8564(99)00049-x,2
DOI:10.1016/j.tra.2008.03.014,DOI:10.1023/a:1005121506841,2
DOI:10.1016/j.tra.2008.03.014,DOI:10.1057/jors.2008.154,2
DOI:10.1016/j.tra.2008.03.014,DOI:10.1108/09600031111185257,2
DOI:10.1016/j.tra.2008.03.014,DOI:10.1287/mnsc.1040.0244,2
DOI:10.1016/j.tra.2008.03.014,"DUDOW A., 1998, THESIS LUND U LUND",2
DOI:10.1016/j.tra.2008.03.014,"LU Z., 2013, ADV CIVIL ENG BUILDI",2
DOI:10.1016/j.tra.2008.03.014,"[ANONYMOUS], MULTICRITERIA DECISO",2
DOI:10.1016/j.trd.2012.02.002,DOI:10.1016/j.trd.2014.05.015,2
DOI:10.1016/j.trd.2012.02.002,DOI:10.1016/j.trd.2014.05.024,2
DOI:10.1016/j.trd.2012.02.002,DOI:10.1016/j.tre.2005.09.005,2
DOI:10.1016/j.trd.2012.02.002,DOI:10.1016/j.tre.2011.05.015,2
DOI:10.1016/j.trd.2012.02.002,DOI:10.1016/j.tre.2011.05.016,2
DOI:10.1016/j.trd.2012.02.002,DOI:10.1016/j.tre.2013.03.005,2
DOI:10.1016/j.trd.2012.02.002,DOI:10.1016/s0377-2217(00)00150-8,2
DOI:10.1016/j.trd.2012.02.002,DOI:10.1016/s0965-8564(99)00049-x,2
DOI:10.1016/j.trd.2012.02.002,DOI:10.1023/a:1005121506841,2
DOI:10.1016/j.trd.2012.02.002,DOI:10.1057/jors.2008.154,2
DOI:10.1016/j.trd.2012.02.002,DOI:10.1108/09600031111185257,2
DOI:10.1016/j.trd.2012.02.002,DOI:10.1287/mnsc.1040.0244,2
DOI:10.1016/j.trd.2012.02.002,"DUDOW A., 1998, THESIS LUND U LUND",2
DOI:10.1016/j.trd.2012.02.002,"LU Z., 2013, ADV CIVIL ENG BUILDI",2
DOI:10.1016/j.trd.2012.02.002,"[ANONYMOUS], MULTICRITERIA DECISO",2
DOI:10.1016/j.trd.2014.05.015,DOI:10.1016/j.trd.2014.05.024,2
DOI:10.1016/j.trd.2014.05.015,DOI:10.1016/j.tre.2005.09.005,2
DOI:10.1016/j.trd.2014.05.015,DOI:10.1016/j.tre.2011.05.015,2
DOI:10.1016/j.trd.2014.05.015,DOI:10.1016/j.tre.2011.05.016,2
DOI:10.1016/j.trd.2014.05.015,DOI:10.1016/j.tre.2013.03.005,2
DOI:10.1016/j.trd.2014.05.015,DOI:10.1016/s0377-2217(00)00150-8,2
DOI:10.1016/j.trd.2014.05.015,DOI:10.1016/s0965-8564(99)00049-x,2
DOI:10.1016/j.trd.2014.05.015,DOI:10.1023/a:1005121506841,2
DOI:10.1016/j.trd.2014.05.015,DOI:10.1057/jors.2008.154,2
DOI:10.1016/j.trd.2014.05.015,DOI:10.1108/09600031111185257,2
DOI:10.1016/j.trd.2014.05.015,DOI:10.1287/mnsc.1040.0244,2
DOI:10.1016/j.trd.2014.05.015,"DUDOW A., 1998, THESIS LUND U LUND",2
DOI:10.1016/j.trd.2014.05.015,"LU Z., 2013, ADV CIVIL ENG BUILDI",2
DOI:10.1016/j.trd.2014.05.015,"[ANONYMOUS], MULTICRITERIA DECISO",2
DOI:10.1016/j.trd.2014.05.024,DOI:10.1016/j.tre.2005.09.005,2
DOI:10.1016/j.trd.2014.05.024,DOI:10.1016/j.tre.2011.05.015,2
DOI:10.1016/j.trd.2014.05.024,DOI:10.1016/j.tre.2011.05.016,2
DOI:10.1016/j.trd.2014.05.024,DOI:10.1016/j.tre.2013.03.005,2
DOI:10.1016/j.trd.2014.05.024,DOI:10.1016/s0377-2217(00)00150-8,2
DOI:10.1016/j.trd.2014.05.024,DOI:10.1016/s0965-8564(99)00049-x,2
DOI:10.1016/j.trd.2014.05.024,DOI:10.1023/a:1005121506841,2
DOI:10.1016/j.trd.2014.05.024,DOI:10.1057/jors.2008.154,2
DOI:10.1016/j.trd.2014.05.024,DOI:10.1108/09600031111185257,2
DOI:10.1016/j.trd.2014.05.024,DOI:10.1287/mnsc.1040.0244,2
DOI:10.1016/j.trd.2014.05.024,"DUDOW A., 1998, THESIS LUND U LUND",2
DOI:10.1016/j.trd.2014.05.024,"LU Z., 2013, ADV CIVIL ENG BUILDI",2
DOI:10.1016/j.trd.2014.05.024,"[ANONYMOUS], MULTICRITERIA DECISO",2
DOI:10.1016/j.tre.2005.09.005,DOI:10.1016/j.tre.2011.05.015,2
DOI:10.1016/j.tre.2005.09.005,DOI:10.1016/j.tre.2011.05.016,2
DOI:10.1016/j.tre.2005.09.005,DOI:10.1016/j.tre.2013.03.005,2
DOI:10.1016/j.tre.2005.09.005,DOI:10.1016/s0377-2217(00)00150-8,2
DOI:10.1016/j.tre.2005.09.005,DOI:10.1016/s0965-8564(99)00049-x,2
DOI:10.1016/j.tre.2005.09.005,DOI:10.1023/a:1005121506841,2
DOI:10.1016/j.tre.2005.09.005,DOI:10.1057/jors.2008.154,2
DOI:10.1016/j.tre.2005.09.005,DOI:10.1108/09600031111185257,2
DOI:10.1016/j.tre.2005.09.005,DOI:10.1287/mnsc.1040.0244,2
DOI:10.1016/j.tre.2005.09.005,"DUDOW A., 1998, THESIS LUND U LUND",2
DOI:10.1016/j.tre.2005.09.005,"LU Z., 2013, ADV CIVIL ENG BUILDI",2
DOI:10.1016/j.tre.2005.09.005,"[ANONYMOUS], MULTICRITERIA DECISO",2
DOI:10.1016/j.tre.2011.05.015,DOI:10.1016/j.tre.2011.05.016,2
DOI:10.1016/j.tre.2011.05.015,DOI:10.1016/j.tre.2013.03.005,2
DOI:10.1016/j.tre.2011.05.015,DOI:10.1016/s0377-2217(00)00150-8,2
DOI:10.1016/j.tre.2011.05.015,DOI:10.1016/s0965-8564(99)00049-x,2
DOI:10.1016/j.tre.2011.05.015,DOI:10.1023/a:1005121506841,2
DOI:10.1016/j.tre.2011.05.015,DOI:10.1057/jors.2008.154,2
DOI:10.1016/j.tre.2011.05.015,DOI:10.1108/09600031111185257,2
DOI:10.1016/j.tre.2011.05.015,DOI:10.1287/mnsc.1040.0244,2
DOI:10.1016/j.tre.2011.05.015,"DUDOW A., 1998, THESIS LUND U LUND",2
DOI:10.1016/j.tre.2011.05.015,"LU Z., 2013, ADV CIVIL ENG BUILDI",2
DOI:10.1016/j.tre.2011.05.015,"[ANONYMOUS], MULTICRITERIA DECISO",2
DOI:10.1016/j.tre.2011.05.016,DOI:10.1016/j.tre.2013.03.005,2
DOI:10.1016/j.tre.2011.05.016,DOI:10.1016/s0377-2217(00)00150-8,2
DOI:10.1016/j.tre.2011.05.016,DOI:10.1016/s0965-8564(99)00049-x,2
DOI:10.1016/j.tre.2011.05.016,DOI:10.1023/a:1005121506841,2
DOI:10.1016/j.tre.2011.05.016,DOI:10.1057/jors.2008.154,2
DOI:10.1016/j.tre.2011.05.016,DOI:10.1108/09600031111185257,2
DOI:10.1016/j.tre.2011.05.016,DOI:10.1287/mnsc.1040.0244,2
DOI:10.1016/j.tre.2011.05.016,"DUDOW A., 1998, THESIS LUND U LUND",2
DOI:10.1016/j.tre.2011.05.016,"LU Z., 2013, ADV CIVIL ENG BUILDI",2
DOI:10.1016/j.tre.2011.05.016,"[ANONYMOUS], MULTICRITERIA DECISO",2
DOI:10.1016/j.tre.2013.03.005,DOI:10.1016/s0377-2217(00)00150-8,2
DOI:10.1016/j.tre.2013.03.005,DOI:10.1016/s0965-8564(99)00049-x,2
DOI:10.1016/j.tre.2013.03.005,DOI:10.1023/a:1005121506841,2
DOI:10.1016/j.tre.2013.03.005,DOI:10.1057/jors.2008.154,2
DOI:10.1016/j.tre.2013.03.005,DOI:10.1108/09600031111185257,2
DOI:10.1016/j.tre.2013.03.005,DOI:10.1287/mnsc.1040.0244,2
DOI:10.1016/j.tre.2013.03.005,"DUDOW A., 1998, THESIS LUND U LUND",2
DOI:10.1016/j.tre.2013.03.005,"LU Z., 2013, ADV CIVIL ENG BUILDI",2
DOI:10.1016/j.tre.2013.03.005,"[ANONYMOUS], MULTICRITERIA DECISO",2
DOI:10.1016/s0377-2217(00)00150-8,DOI:10.1016/s0965-8564(99)00049-x,2
DOI:10.1016/s0377-2217(00)00150-8,DOI:10.1023/a:1005121506841,2
DOI:10.1016/s0377-2217(00)00150-8,DOI:10.1057/jors.2008.154,2
DOI:10.1016/s0377-2217(00)00150-8,DOI:10.1108/09600031111185257,2
DOI:10.1016/s0377-2217(00)00150-8,DOI:10.1287/mnsc.1040.0244,2
DOI:10.1016/s0377-2217(00)00150-8,"DUDOW A., 1998, THESIS LUND U LUND",2
DOI:10.1016/s0377-2217(00)00150-8,"LU Z., 2013, ADV CIVIL ENG BUILDI",2
DOI:10.1016/s0377-2217(00)00150-8,"[ANONYMOUS], MULTICRITERIA DECISO",2
DOI:10.1016/s0965-8564(99)00049-x,DOI:10.1023/a:1005121506841,2
DOI:10.1016/s0965-8564(99)00049-x,DOI:10.1057/jors.2008.154,2
DOI:10.1016/s0965-8564(99)00049-x,DOI:10.1108/09600031111185257,2
DOI:10.1016/s0965-8564(99)00049-x,DOI:10.1287/mnsc.1040.0244,2
DOI:10.1016/s0965-8564(99)00049-x,"DUDOW A., 1998, THESIS LUND U LUND",2
DOI:10.1016/s0965-8564(99)00049-x,"LU Z., 2013, ADV CIVIL ENG BUILDI",2
DOI:10.1016/s0965-8564(99)00049-x,"[ANONYMOUS], MULTICRITERIA DECISO",2
DOI:10.1023/a:1005121506841,DOI:10.1057/jors.2008.154,2
DOI:10.1023/a:1005121506841,DOI:10.1108/09600031111185257,2
DOI:10.1023/a:1005121506841,DOI:10.1287/mnsc.1040.0244,2
DOI:10.1023/a:1005121506841,"DUDOW A., 1998, THESIS LUND U LUND",2
DOI:10.1023/a:1005121506841,"LU Z., 2013, ADV CIVIL ENG BUILDI",2
DOI:10.1023/a:1005121506841,"[ANONYMOUS], MULTICRITERIA DECISO",2
DOI:10.1057/jors.2008.154,DOI:10.1108/09600031111185257,2
DOI:10.1057/jors.2008.154,DOI:10.1287/mnsc.1040.0244,2
DOI:10.1057/jors.2008.154,"DUDOW A., 1998, THESIS LUND U LUND",2
DOI:10.1057/jors.2008.154,"LU Z., 2013, ADV CIVIL ENG BUILDI",2
DOI:10.1057/jors.2008.154,"[ANONYMOUS], MULTICRITERIA DECISO",2
DOI:10.1108/09600031111185257,DOI:10.1287/mnsc.1040.0244,2
DOI:10.1108/09600031111185257,"DUDOW A., 1998, THESIS LUND U LUND",2
DOI:10.1108/09600031111185257,"LU Z., 2013, ADV CIVIL ENG BUILDI",2
DOI:10.1108/09600031111185257,"[ANONYMOUS], MULTICRITERIA DECISO",2
DOI:10.1287/mnsc.1040.0244,"DUDOW A., 1998, THESIS LUND U LUND",2
DOI:10.1287/mnsc.1040.0244,"LU Z., 2013, ADV CIVIL ENG BUILDI",2
DOI:10.1287/mnsc.1040.0244,"[ANONYMOUS], MULTICRITERIA DECISO",2
"DUDOW A., 1998, THESIS LUND U LUND","LU Z., 2013, ADV CIVIL ENG BUILDI",2
"DUDOW A., 1998, THESIS LUND U LUND","[ANONYMOUS], MULTICRITERIA DECISO",2
"LU Z., 2013, ADV CIVIL ENG BUILDI","[ANONYMOUS], MULTICRITERIA DECISO",2
DOI:10.1016/j.ejor.2013.11.021,DOI:10.1016/j.enpol.2005.06.025,2
DOI:10.1016/j.ejor.2013.11.021,DOI:10.1016/j.retrec.2018.12.001,2
DOI:10.1016/j.ejor.2013.11.021,DOI:10.1016/j.tra.2017.04.037,2
DOI:10.1016/j.ejor.2013.11.021,DOI:10.1016/j.trd.2021.102727,2
DOI:10.1016/j.ejor.2013.11.021,DOI:10.1016/j.trd.2022.103246,2
DOI:10.1016/j.ejor.2013.11.021,DOI:10.1057/s41274-017-0199-2,2
DOI:10.1016/j.ejor.2013.11.021,DOI:10.3390/su10030672,2
DOI:10.1016/j.ejor.2013.11.021,"FRIDSTROM L, 2022, FINDINGS, P31635",2
DOI:10.1016/j.ejor.2013.11.021,"KLESTY V, 2021, ELECT CARS RISE RECO",2
DOI:10.1016/j.enpol.2005.06.025,DOI:10.1016/j.retrec.2018.12.001,2
DOI:10.1016/j.enpol.2005.06.025,DOI:10.1016/j.tra.2017.04.037,2
DOI:10.1016/j.enpol.2005.06.025,DOI:10.1016/j.trd.2021.102727,2
DOI:10.1016/j.enpol.2005.06.025,DOI:10.1016/j.trd.2022.103246,2
DOI:10.1016/j.enpol.2005.06.025,DOI:10.1057/s41274-017-0199-2,2
DOI:10.1016/j.enpol.2005.06.025,DOI:10.3390/su10030672,2
DOI:10.1016/j.enpol.2005.06.025,"FRIDSTROM L, 2022, FINDINGS, P31635",2
DOI:10.1016/j.enpol.2005.06.025,"KLESTY V, 2021, ELECT CARS RISE RECO",2
DOI:10.1016/j.retrec.2018.12.001,DOI:10.1016/j.tra.2017.04.037,2
DOI:10.1016/j.retrec.2018.12.001,DOI:10.1016/j.trd.2021.102727,2
DOI:10.1016/j.retrec.2018.12.001,DOI:10.1016/j.trd.2022.103246,2
DOI:10.1016/j.retrec.2018.12.001,DOI:10.1057/s41274-017-0199-2,2
DOI:10.1016/j.retrec.2018.12.001,DOI:10.3390/su10030672,2
DOI:10.1016/j.retrec.2018.12.001,"FRIDSTROM L, 2022, FINDINGS, P31635",2
DOI:10.1016/j.retrec.2018.12.001,"KLESTY V, 2021, ELECT CARS RISE RECO",2
DOI:10.1016/j.tra.2017.04.037,DOI:10.1016/j.trd.2021.102727,2
DOI:10.1016/j.tra.2017.04.037,DOI:10.1016/j.trd.2022.103246,2
DOI:10.1016/j.tra.2017.04.037,DOI:10.1057/s41274-017-0199-2,2
DOI:10.1016/j.tra.2017.04.037,DOI:10.3390/su10030672,2
DOI:10.1016/j.tra.2017.04.037,"FRIDSTROM L, 2022, FINDINGS, P31635",2
DOI:10.1016/j.tra.2017.04.037,"KLESTY V, 2021, ELECT CARS RISE RECO",2
DOI:10.1016/j.trd.2021.102727,DOI:10.1016/j.trd.2022.103246,2
DOI:10.1016/j.trd.2021.102727,DOI:10.1057/s41274-017-0199-2,2
DOI:10.1016/j.trd.2021.102727,DOI:10.3390/su10030672,2
DOI:10.1016/j.trd.2021.102727,"FRIDSTROM L, 2022, FINDINGS, P31635",2
DOI:10.1016/j.trd.2021.102727,"KLESTY V, 2021, ELECT CARS RISE RECO",2
DOI:10.1016/j.trd.2022.103246,DOI:10.1057/s41274-017-0199-2,2
DOI:10.1016/j.trd.2022.103246,DOI:10.3390/su10030672,2
DOI:10.1016/j.trd.2022.103246,"FRIDSTROM L, 2022, FINDINGS, P31635",2
DOI:10.1016/j.trd.2022.103246,"KLESTY V, 2021, ELECT CARS RISE RECO",2
DOI:10.1057/s41274-017-0199-2,DOI:10.3390/su10030672,2
DOI:10.1057/s41274-017-0199-2,"FRIDSTROM L, 2022, FINDINGS, P31635",2
DOI:10.1057/s41274-017-0199-2,"KLESTY V, 2021, ELECT CARS RISE RECO",2
DOI:10.3390/su10030672,"FRIDSTROM L, 2022, FINDINGS, P31635",2
DOI:10.3390/su10030672,"KLESTY V, 2021, ELECT CARS RISE RECO",2
"FRIDSTROM L, 2022, FINDINGS, P31635","KLESTY V, 2021, ELECT CARS RISE RECO",2
DOI:10.1080/15568318.2012.696772,"BERNARDINO JPR, 2013, EUR J TRANSP INFRAST, V13, P239",3
DOI:10.1080/15568318.2012.696772,DOI:10.1016/0965-8564(94)90022-1,2
DOI:10.1080/15568318.2012.696772,DOI:10.1016/s1570-6672(08)60027-6,2
DOI:10.1080/15568318.2012.696772,DOI:10.1080/21680566.2014.916236,2
DOI:10.1080/15568318.2012.696772,"STERMAN J.D., 2000, BUSINESS DYNAMICS",2
DOI:10.1016/j.scs.2023.104530,DOI:10.3390/su10103647,2
DOI:10.1016/j.scs.2023.104530,DOI:10.3390/urbansci3020055,2
DOI:10.1057/s41599-018-0130-8,DOI:10.1080/01441647.2020.1829742,2
DOI:10.1057/s41599-018-0130-8,DOI:10.1080/17450101.2023.2200148,2
DOI:10.1016/j.tra.2014.01.009,DOI:10.1016/s0966-6923(02)00012-1,2
DOI:10.1016/j.tranpol.2009.02.003,DOI:10.1016/s0966-6923(02)00012-1,2
DOI:10.1016/j.jclepro.2020.123807,DOI:10.3390/su12083285,2
DOI:10.1016/j.scs.2019.101951,DOI:10.1016/j.engappai.2023.106505,2
DOI:10.1016/j.scs.2019.101951,DOI:10.1016/j.knosys.2022.109414,2
DOI:10.3390/su12083285,DOI:10.3390/su10020479,2
DOI:10.3390/su9040494,DOI:10.1016/j.cstp.2014.09.001,2
"DEPARTMENT FOR TRANSPORT, 2004, FULL GUIDANCE ON LOCAL TRANSPORT PLANS",DOI:10.1016/j.tranpol.2012.01.012,2
"DEPARTMENT FOR TRANSPORT, 2004, FULL GUIDANCE ON LOCAL TRANSPORT PLANS","MAY A, 2009, EUR J TRANSP INFRAST, V9, P184",2
DOI:10.1016/j.jtrangeo.2020.102798,DOI:10.1016/j.tra.2018.03.030,2
DOI:10.1016/j.jtrangeo.2020.102798,DOI:10.1038/s41560-021-00856-z,2
DOI:10.1016/j.jtrangeo.2020.102798,DOI:10.1016/j.urbmob.2022.100031,2
DOI:10.1016/j.jtrangeo.2020.102798,DOI:10.1177/08854122211012898,2
DOI:10.1016/j.jtrangeo.2020.102798,"LODOVICI M.S., 2015, SOCIAL INCLUSION IN EU PUBLIC TRANSPORT",2
DOI:10.1007/s11116-015-9625-y,DOI:10.1007/s11165-016-9602-2,2
DOI:10.1007/s11116-015-9625-y,DOI:10.1016/j.cstp.2020.10.012,2
DOI:10.1007/s11116-015-9625-y,DOI:10.1016/s0191-2615(01)00046-7,2
DOI:10.1007/s11165-016-9602-2,DOI:10.1016/j.cstp.2020.10.012,2
DOI:10.1007/s11165-016-9602-2,DOI:10.1016/s0191-2615(01)00046-7,2
DOI:10.1016/j.cstp.2020.10.012,DOI:10.1016/s0191-2615(01)00046-7,2
DOI:10.1007/978-3-319-75774-2_46,DOI:10.1016/j.retrec.2016.04.008,2
DOI:10.1007/978-3-319-75774-2_46,DOI:10.1093/eurpub/ckac069,2
DOI:10.1007/978-3-319-75774-2_46,"BUEHLER R, 2021, URBAN IND ENVIRON, P1",2
DOI:10.1080/01944366908977225,DOI:10.1016/j.trpro.2014.11.026,2
DOI:10.1080/01944366908977225,"YOUNG I.M., 2000, INCLUSION AND DEMOCRACY",2
DOI:10.1016/j.trip.2020.100216,"PARADY G, 2020, TRANSP RES INTERDISC, V7, DOI [10.2139/SSRN.3618769, 10.1016/J.TRIP.2020.100181]",2
DOI:10.3390/su12093870,"ASKITAS N., 2020, COVID ECON",2
DOI:10.3390/su12093870,DOI:10.1016/j.envpol.2020.114466,2
DOI:10.3390/su12093870,DOI:10.1038/s41558-020-0797-x,2
DOI:10.3390/su12093870,DOI:10.1371/journal.pone.0016591,2
DOI:10.1016/j.trpro.2014.11.026,DOI:10.1016/j.jtrangeo.2013.07.004,3
DOI:10.1016/j.trpro.2014.11.026,DOI:10.1016/j.jtrangeo.2018.02.006,4
DOI:10.1016/j.trpro.2014.11.026,DOI:10.1016/j.landusepol.2016.11.015,2
DOI:10.1016/j.trpro.2014.11.026,DOI:10.1016/j.rtbm.2017.05.003,2
DOI:10.1016/j.trpro.2014.11.026,DOI:10.1016/j.sbspro.2012.03.091,2
DOI:10.1016/j.trpro.2014.11.026,DOI:10.1016/j.scs.2018.01.029,2
DOI:10.1016/j.trpro.2014.11.026,DOI:10.1016/j.trpro.2017.05.103,2
DOI:10.1016/j.trpro.2014.11.026,DOI:10.3390/su10020479,3
DOI:10.1016/j.trpro.2014.11.026,DOI:10.3390/su11102929,2
DOI:10.1016/j.trpro.2014.11.026,"GOTA S., 2015, INTENDED NATL DETERM",2
DOI:10.1016/j.trpro.2014.11.026,DOI:10.1016/j.enpol.2011.11.068,2
DOI:10.1016/j.trpro.2014.11.026,DOI:10.1016/j.retrec.2016.04.008,3
DOI:10.1016/j.trpro.2014.11.026,DOI:10.1016/j.cstp.2014.09.001,6
DOI:10.1016/j.trpro.2014.11.026,DOI:10.3390/su12208436,2
DOI:10.1016/j.trpro.2014.11.026,"WEFERING F., 2014, GUIDELINES: DEVELOPING AND IMPLEMENTING A SUSTAINABLE URBAN MOBILITY PLAN",2
DOI:10.1016/j.trpro.2014.11.026,DOI:10.1007/s12544-017-0224-1,3
DOI:10.1016/j.trpro.2014.11.026,DOI:10.3390/su12135460,2
DOI:10.1016/j.trpro.2014.11.026,DOI:10.3390/su11174605,2
DOI:10.1016/j.trpro.2014.11.026,DOI:10.1016/j.jtrangeo.2010.01.005,2
DOI:10.1016/j.trpro.2014.11.026,DOI:10.1016/j.jtrangeo.2011.06.010,3
DOI:10.1016/j.trpro.2014.11.026,"KOVACHEV A, 2018, SUPPORT URBAN DEV PR, P59",2
DOI:10.1016/j.trpro.2014.11.026,DOI:10.1007/s12544-017-0270-8,2
DOI:10.1007/s12530-021-09414-0,DOI:10.1016/j.asoc.2020.106920,2
DOI:10.1016/j.asoc.2020.106920,DOI:10.1016/j.eswa.2011.04.005,2
DOI:10.1016/j.engappai.2023.106505,DOI:10.1016/j.knosys.2022.109414,2
DOI:10.1016/j.scs.2018.05.034,DOI:10.1007/s11116-017-9806-y,2
DOI:10.1016/j.scs.2018.05.034,DOI:10.1016/j.jclepro.2018.08.033,2
DOI:10.1016/j.scs.2018.05.034,DOI:10.1016/j.jth.2018.05.011,2
DOI:10.1016/j.scs.2018.05.034,DOI:10.1016/j.jtrangeo.2021.103111,2
DOI:10.1016/j.scs.2018.05.034,DOI:10.1016/j.scs.2019.101873,2
DOI:10.1016/j.scs.2018.05.034,DOI:10.1016/j.scs.2021.103434,2
DOI:10.3390/su10103647,DOI:10.3390/urbansci3020055,2
DOI:10.1016/j.jtrangeo.2019.102601,DOI:10.1080/01490400.2021.2023372,2
DOI:10.1016/j.cstp.2022.03.020,DOI:10.1191/030913299666161864,2
DOI:10.1016/j.tbs.2020.01.004,DOI:10.1016/j.trd.2021.102798,2
DOI:10.1016/j.tbs.2020.01.004,DOI:10.1080/19427867.2017.1398484,2
DOI:10.1016/j.tbs.2020.01.004,"PARASURAMAN A, 1988, J RETAILING, V64, P12",2
DOI:10.1016/j.trd.2021.102798,DOI:10.1080/19427867.2017.1398484,2
DOI:10.1016/j.trd.2021.102798,"PARASURAMAN A, 1988, J RETAILING, V64, P12",2
DOI:10.1080/19427867.2017.1398484,"PARASURAMAN A, 1988, J RETAILING, V64, P12",2
DOI:10.1007/978-3-642-48318-9_3],DOI:10.1016/j.tranpol.2014.11.002,2
DOI:10.1007/978-3-642-48318-9_3],DOI:10.1016/s0377-2217(03)00020-1,2
DOI:10.1007/978-3-642-48318-9_3],"SAATY T.L., 1980, ANALYTIC HIERARCHY P",2
DOI:10.1016/j.eswa.2011.04.005,"SAATY T.L., 1980, ANALYTIC HIERARCHY P",3
DOI:10.1016/j.eswa.2011.04.005,DOI:10.1016/s0965-8564(03)00027-2,2
DOI:10.1016/j.eswa.2011.04.005,DOI:10.1016/s1361-9209(99)00038-3,2
DOI:10.1016/j.eswa.2011.04.005,DOI:10.1504/ijgenvi.2009.026943,3
DOI:10.1016/j.eswa.2011.04.005,DOI:10.1016/j.apm.2011.07.033,2
DOI:10.1016/j.eswa.2011.04.005,DOI:10.1016/j.envsoft.2010.11.010,2
DOI:10.1016/j.eswa.2011.04.005,DOI:10.1016/j.jpowsour.2007.01.052,2
DOI:10.1016/j.eswa.2011.04.005,DOI:10.1016/j.sbspro.2011.08.104,2
DOI:10.1016/j.eswa.2011.04.005,DOI:10.1016/j.tranpol.2012.10.001,2
DOI:10.1016/j.eswa.2011.04.005,DOI:10.1016/j.trd.2008.03.005,2
DOI:10.1016/j.eswa.2011.04.005,DOI:10.1016/j.trpro.2015.09.031,2
DOI:10.1016/j.eswa.2011.04.005,"FORRESTER J.W., 1969, URBAN DYNAMICS",2
DOI:10.1016/j.eswa.2011.04.005,"MOHAN D, 1999, ECON POLIT WEEKLY, V34, P1589",2
DOI:10.1016/j.eswa.2011.04.005,"TAO C.-C., 2003, JOURNAL OF THE EASTERN ASIA SOCIETY FOR TRANSPORTATION STUDIES, V5, P3329",2
DOI:10.1016/j.eswa.2011.04.005,"[ANONYMOUS], 2009, INT J SERVICES SCI",2
DOI:10.1016/j.tranpol.2012.01.012,DOI:10.1680/tran.10.00075,2
DOI:10.1016/j.tranpol.2012.01.012,"MAY A, 2009, EUR J TRANSP INFRAST, V9, P184",2
DOI:10.1016/j.tranpol.2012.01.012,"[ANONYMOUS], 2005, DEV SUSTAINABLE URBA",2
DOI:10.1016/j.tranpol.2012.01.012,DOI:10.1016/j.cstp.2014.09.001,3
DOI:10.1016/j.tranpol.2012.01.012,DOI:10.1016/j.jtrangeo.2011.06.010,2
DOI:10.1016/j.tranpol.2014.11.002,DOI:10.1016/s0377-2217(03)00020-1,2
DOI:10.1016/j.tranpol.2014.11.002,"SAATY T.L., 1980, ANALYTIC HIERARCHY P",3
DOI:10.1016/j.tranpol.2014.11.002,"TZENG GH, 2011, MULTIPLE ATTRIBUTE DECISION MAKING: METHODS AND APPLICATIONS, P1",2
DOI:10.1016/j.tranpol.2014.11.002,DOI:10.1016/j.tranpol.2006.06.001,2
DOI:10.1016/s0377-2217(03)00020-1,"SAATY T.L., 1980, ANALYTIC HIERARCHY P",2
"SAATY T.L., 1980, ANALYTIC HIERARCHY P","TZENG GH, 2011, MULTIPLE ATTRIBUTE DECISION MAKING: METHODS AND APPLICATIONS, P1",2
"SAATY T.L., 1980, ANALYTIC HIERARCHY P",DOI:10.1016/j.eiar.2010.11.001,2
"SAATY T.L., 1980, ANALYTIC HIERARCHY P",DOI:10.1016/j.sbspro.2011.08.104,2
"SAATY T.L., 1980, ANALYTIC HIERARCHY P",DOI:10.1016/j.tranpol.2006.06.001,2
"SAATY T.L., 1980, ANALYTIC HIERARCHY P",DOI:10.1016/s0965-8564(03)00027-2,2
"SAATY T.L., 1980, ANALYTIC HIERARCHY P",DOI:10.1016/s1361-9209(99)00038-3,2
"SAATY T.L., 1980, ANALYTIC HIERARCHY P",DOI:10.1504/ijgenvi.2009.026943,2
DOI:10.1016/j.jtrangeo.2015.06.006,DOI:10.1016/j.retrec.2012.06.008,2
DOI:10.1016/j.jtrangeo.2015.06.006,DOI:10.1093/oxfordhb/9780199548-453.003.0020,2
DOI:10.1016/j.jtrangeo.2015.06.006,"STRAND A., 2009, 10272009 I TRANSP EC",2
DOI:10.1016/j.retrec.2012.06.008,DOI:10.1093/oxfordhb/9780199548-453.003.0020,2
DOI:10.1016/j.retrec.2012.06.008,"STRAND A., 2009, 10272009 I TRANSP EC",2
DOI:10.1016/j.tra.2013.10.012,DOI:10.1016/j.tra.2013.10.016,2
DOI:10.1016/j.tra.2013.10.012,DOI:10.1016/j.respol.2015.09.008,2
DOI:10.1016/j.tra.2013.10.012,DOI:10.4337/9781845423421.00019,2
DOI:10.1016/j.trd.2020.102230,DOI:10.1016/j.tra.2020.07.009,2
DOI:10.1016/j.trd.2020.102230,DOI:10.1016/j.trd.2021.102790,2
DOI:10.1016/j.trd.2020.102230,DOI:10.3390/su142114303,2
DOI:10.1093/oxfordhb/9780199548-453.003.0020,"STRAND A., 2009, 10272009 I TRANSP EC",2
DOI:10.1016/j.envint.2014.05.014,"[ANONYMOUS], 2019, AMBIENT AIR POLLUTION",2
DOI:10.1016/j.trpro.2017.05.103,DOI:10.1016/j.jtrangeo.2013.07.004,2
DOI:10.1016/j.trpro.2017.05.103,DOI:10.1016/j.jtrangeo.2018.02.006,2
DOI:10.1016/j.trpro.2017.05.103,DOI:10.1016/j.landusepol.2016.11.015,2
DOI:10.1016/j.trpro.2017.05.103,DOI:10.1016/j.rtbm.2017.05.003,2
DOI:10.1016/j.trpro.2017.05.103,DOI:10.1016/j.sbspro.2012.03.091,2
DOI:10.1016/j.trpro.2017.05.103,DOI:10.1016/j.scs.2018.01.029,2
DOI:10.1016/j.trpro.2017.05.103,DOI:10.3390/su10020479,2
DOI:10.1016/j.trpro.2017.05.103,DOI:10.3390/su11102929,2
DOI:10.1016/j.trpro.2017.05.103,"GOTA S., 2015, INTENDED NATL DETERM",2
DOI:10.1017/s0007123405000050,DOI:10.1080/01442870902863828,2
DOI:10.1080/09644016.2019.1521979,DOI:10.1080/09654313.2013.844775,2
DOI:10.1080/09644016.2019.1521979,DOI:10.1080/135498300113246,2
DOI:10.1080/09644016.2019.1521979,DOI:10.1162/002081898550789,2
DOI:10.1080/135498300113246,DOI:10.1162/002081898550789,2
"BOILE MARIAP., 2005, THE FUTURE OF TRANSPORTATION MODELING","DIMITRIOU H.T., 2008, STRATEGIC PLANNING R",2
"BOILE MARIAP., 2005, THE FUTURE OF TRANSPORTATION MODELING",DOI:10.1007/978-3-319-24577-5_13,2
"BOILE MARIAP., 2005, THE FUTURE OF TRANSPORTATION MODELING",DOI:10.1007/s12544-017-0268-2,2
"BOILE MARIAP., 2005, THE FUTURE OF TRANSPORTATION MODELING",DOI:10.1016/j.compenvurbsys.2007.08.010,2
"BOILE MARIAP., 2005, THE FUTURE OF TRANSPORTATION MODELING",DOI:10.1016/j.futures.2008.07.021,2
"BOILE MARIAP., 2005, THE FUTURE OF TRANSPORTATION MODELING",DOI:10.1016/j.jtrangeo.2013.07.004,2
"BOILE MARIAP., 2005, THE FUTURE OF TRANSPORTATION MODELING",DOI:10.1016/j.landusepol.2015.09.018,2
"BOILE MARIAP., 2005, THE FUTURE OF TRANSPORTATION MODELING",DOI:10.1016/j.tranpol.2012.07.005,2
"BOILE MARIAP., 2005, THE FUTURE OF TRANSPORTATION MODELING",DOI:10.1016/j.trd.2005.04.013,2
"BOILE MARIAP., 2005, THE FUTURE OF TRANSPORTATION MODELING",DOI:10.1068/a090285,2
"BOILE MARIAP., 2005, THE FUTURE OF TRANSPORTATION MODELING",DOI:10.1080/01441647.2010.532884,2
"BOILE MARIAP., 2005, THE FUTURE OF TRANSPORTATION MODELING",DOI:10.1080/14649357.2016.1188975,2
"BOILE MARIAP., 2005, THE FUTURE OF TRANSPORTATION MODELING",DOI:10.14712/23361964.2016.3],2
"BOILE MARIAP., 2005, THE FUTURE OF TRANSPORTATION MODELING",DOI:10.1787/9789264167865-12-en,2
"BOILE MARIAP., 2005, THE FUTURE OF TRANSPORTATION MODELING",DOI:10.3390/su9020254,2
"BOILE MARIAP., 2005, THE FUTURE OF TRANSPORTATION MODELING",DOI:10.3390/su9030378,2
"BOILE MARIAP., 2005, THE FUTURE OF TRANSPORTATION MODELING","KAPARIAS I., 2010, STATE OF THE ART URB",2
"BOILE MARIAP., 2005, THE FUTURE OF TRANSPORTATION MODELING","LITMAN T, 2003, ITE J, V73, P28",2
"BOILE MARIAP., 2005, THE FUTURE OF TRANSPORTATION MODELING","PIANTANAKULCHAI M, 2003, PROC E ASIA SOC TRAN, V4, P1613",2
"BOILE MARIAP., 2005, THE FUTURE OF TRANSPORTATION MODELING","SINGH R., 1999, P 7 TRB C APPL TRANS, P340",2
"BOILE MARIAP., 2005, THE FUTURE OF TRANSPORTATION MODELING","SIVAKUMAR A., 2007, MODELLING TRANSPORT: A SYNTHESIS OF TRANSPORT MODELLING METHODOLOGIES",2
"DIMITRIOU H.T., 2008, STRATEGIC PLANNING R",DOI:10.1007/978-3-319-24577-5_13,2
"DIMITRIOU H.T., 2008, STRATEGIC PLANNING R",DOI:10.1007/s12544-017-0268-2,2
"DIMITRIOU H.T., 2008, STRATEGIC PLANNING R",DOI:10.1016/j.compenvurbsys.2007.08.010,2
"DIMITRIOU H.T., 2008, STRATEGIC PLANNING R",DOI:10.1016/j.futures.2008.07.021,2
"DIMITRIOU H.T., 2008, STRATEGIC PLANNING R",DOI:10.1016/j.jtrangeo.2013.07.004,2
"DIMITRIOU H.T., 2008, STRATEGIC PLANNING R",DOI:10.1016/j.landusepol.2015.09.018,2
"DIMITRIOU H.T., 2008, STRATEGIC PLANNING R",DOI:10.1016/j.tranpol.2012.07.005,2
"DIMITRIOU H.T., 2008, STRATEGIC PLANNING R",DOI:10.1016/j.trd.2005.04.013,2
"DIMITRIOU H.T., 2008, STRATEGIC PLANNING R",DOI:10.1068/a090285,2
"DIMITRIOU H.T., 2008, STRATEGIC PLANNING R",DOI:10.1080/01441647.2010.532884,2
"DIMITRIOU H.T., 2008, STRATEGIC PLANNING R",DOI:10.1080/14649357.2016.1188975,2
"DIMITRIOU H.T., 2008, STRATEGIC PLANNING R",DOI:10.14712/23361964.2016.3],2
"DIMITRIOU H.T., 2008, STRATEGIC PLANNING R",DOI:10.1787/9789264167865-12-en,2
"DIMITRIOU H.T., 2008, STRATEGIC PLANNING R",DOI:10.3390/su9020254,2
"DIMITRIOU H.T., 2008, STRATEGIC PLANNING R",DOI:10.3390/su9030378,2
"DIMITRIOU H.T., 2008, STRATEGIC PLANNING R","KAPARIAS I., 2010, STATE OF THE ART URB",2
"DIMITRIOU H.T., 2008, STRATEGIC PLANNING R","LITMAN T, 2003, ITE J, V73, P28",2
"DIMITRIOU H.T., 2008, STRATEGIC PLANNING R","PIANTANAKULCHAI M, 2003, PROC E ASIA SOC TRAN, V4, P1613",2
"DIMITRIOU H.T., 2008, STRATEGIC PLANNING R","SINGH R., 1999, P 7 TRB C APPL TRANS, P340",2
"DIMITRIOU H.T., 2008, STRATEGIC PLANNING R","SIVAKUMAR A., 2007, MODELLING TRANSPORT: A SYNTHESIS OF TRANSPORT MODELLING METHODOLOGIES",2
DOI:10.1007/978-3-319-24577-5_13,DOI:10.1007/s12544-017-0268-2,2
DOI:10.1007/978-3-319-24577-5_13,DOI:10.1016/j.compenvurbsys.2007.08.010,2
DOI:10.1007/978-3-319-24577-5_13,DOI:10.1016/j.futures.2008.07.021,2
DOI:10.1007/978-3-319-24577-5_13,DOI:10.1016/j.jtrangeo.2013.07.004,2
DOI:10.1007/978-3-319-24577-5_13,DOI:10.1016/j.landusepol.2015.09.018,2
DOI:10.1007/978-3-319-24577-5_13,DOI:10.1016/j.tranpol.2012.07.005,2
DOI:10.1007/978-3-319-24577-5_13,DOI:10.1016/j.trd.2005.04.013,2
DOI:10.1007/978-3-319-24577-5_13,DOI:10.1068/a090285,2
DOI:10.1007/978-3-319-24577-5_13,DOI:10.1080/01441647.2010.532884,2
DOI:10.1007/978-3-319-24577-5_13,DOI:10.1080/14649357.2016.1188975,2
DOI:10.1007/978-3-319-24577-5_13,DOI:10.14712/23361964.2016.3],2
DOI:10.1007/978-3-319-24577-5_13,DOI:10.1787/9789264167865-12-en,2
DOI:10.1007/978-3-319-24577-5_13,DOI:10.3390/su9020254,2
DOI:10.1007/978-3-319-24577-5_13,DOI:10.3390/su9030378,2
DOI:10.1007/978-3-319-24577-5_13,"KAPARIAS I., 2010, STATE OF THE ART URB",2
DOI:10.1007/978-3-319-24577-5_13,"LITMAN T, 2003, ITE J, V73, P28",2
DOI:10.1007/978-3-319-24577-5_13,"PIANTANAKULCHAI M, 2003, PROC E ASIA SOC TRAN, V4, P1613",2
DOI:10.1007/978-3-319-24577-5_13,"SINGH R., 1999, P 7 TRB C APPL TRANS, P340",2
DOI:10.1007/978-3-319-24577-5_13,"SIVAKUMAR A., 2007, MODELLING TRANSPORT: A SYNTHESIS OF TRANSPORT MODELLING METHODOLOGIES",2
DOI:10.1007/s12544-017-0268-2,DOI:10.1016/j.compenvurbsys.2007.08.010,2
DOI:10.1007/s12544-017-0268-2,DOI:10.1016/j.futures.2008.07.021,2
DOI:10.1007/s12544-017-0268-2,DOI:10.1016/j.jtrangeo.2013.07.004,2
DOI:10.1007/s12544-017-0268-2,DOI:10.1016/j.landusepol.2015.09.018,2
DOI:10.1007/s12544-017-0268-2,DOI:10.1016/j.tranpol.2012.07.005,2
DOI:10.1007/s12544-017-0268-2,DOI:10.1016/j.trd.2005.04.013,2
DOI:10.1007/s12544-017-0268-2,DOI:10.1068/a090285,2
DOI:10.1007/s12544-017-0268-2,DOI:10.1080/01441647.2010.532884,2
DOI:10.1007/s12544-017-0268-2,DOI:10.1080/14649357.2016.1188975,2
DOI:10.1007/s12544-017-0268-2,DOI:10.14712/23361964.2016.3],2
DOI:10.1007/s12544-017-0268-2,DOI:10.1787/9789264167865-12-en,2
DOI:10.1007/s12544-017-0268-2,DOI:10.3390/su9020254,2
DOI:10.1007/s12544-017-0268-2,DOI:10.3390/su9030378,2
DOI:10.1007/s12544-017-0268-2,"KAPARIAS I., 2010, STATE OF THE ART URB",2
DOI:10.1007/s12544-017-0268-2,"LITMAN T, 2003, ITE J, V73, P28",2
DOI:10.1007/s12544-017-0268-2,"PIANTANAKULCHAI M, 2003, PROC E ASIA SOC TRAN, V4, P1613",2
DOI:10.1007/s12544-017-0268-2,"SINGH R., 1999, P 7 TRB C APPL TRANS, P340",2
DOI:10.1007/s12544-017-0268-2,"SIVAKUMAR A., 2007, MODELLING TRANSPORT: A SYNTHESIS OF TRANSPORT MODELLING METHODOLOGIES",2
DOI:10.1016/j.compenvurbsys.2007.08.010,DOI:10.1016/j.futures.2008.07.021,2
DOI:10.1016/j.compenvurbsys.2007.08.010,DOI:10.1016/j.jtrangeo.2013.07.004,2
DOI:10.1016/j.compenvurbsys.2007.08.010,DOI:10.1016/j.landusepol.2015.09.018,2
DOI:10.1016/j.compenvurbsys.2007.08.010,DOI:10.1016/j.tranpol.2012.07.005,2
DOI:10.1016/j.compenvurbsys.2007.08.010,DOI:10.1016/j.trd.2005.04.013,2
DOI:10.1016/j.compenvurbsys.2007.08.010,DOI:10.1068/a090285,2
DOI:10.1016/j.compenvurbsys.2007.08.010,DOI:10.1080/01441647.2010.532884,2
DOI:10.1016/j.compenvurbsys.2007.08.010,DOI:10.1080/14649357.2016.1188975,2
DOI:10.1016/j.compenvurbsys.2007.08.010,DOI:10.14712/23361964.2016.3],2
DOI:10.1016/j.compenvurbsys.2007.08.010,DOI:10.1787/9789264167865-12-en,2
DOI:10.1016/j.compenvurbsys.2007.08.010,DOI:10.3390/su9020254,2
DOI:10.1016/j.compenvurbsys.2007.08.010,DOI:10.3390/su9030378,2
DOI:10.1016/j.compenvurbsys.2007.08.010,"KAPARIAS I., 2010, STATE OF THE ART URB",2
DOI:10.1016/j.compenvurbsys.2007.08.010,"LITMAN T, 2003, ITE J, V73, P28",2
DOI:10.1016/j.compenvurbsys.2007.08.010,"PIANTANAKULCHAI M, 2003, PROC E ASIA SOC TRAN, V4, P1613",2
DOI:10.1016/j.compenvurbsys.2007.08.010,"SINGH R., 1999, P 7 TRB C APPL TRANS, P340",2
DOI:10.1016/j.compenvurbsys.2007.08.010,"SIVAKUMAR A., 2007, MODELLING TRANSPORT: A SYNTHESIS OF TRANSPORT MODELLING METHODOLOGIES",2
DOI:10.1016/j.futures.2008.07.021,DOI:10.1016/j.jtrangeo.2013.07.004,2
DOI:10.1016/j.futures.2008.07.021,DOI:10.1016/j.landusepol.2015.09.018,2
DOI:10.1016/j.futures.2008.07.021,DOI:10.1016/j.tranpol.2012.07.005,2
DOI:10.1016/j.futures.2008.07.021,DOI:10.1016/j.trd.2005.04.013,2
DOI:10.1016/j.futures.2008.07.021,DOI:10.1068/a090285,2
DOI:10.1016/j.futures.2008.07.021,DOI:10.1080/01441647.2010.532884,2
DOI:10.1016/j.futures.2008.07.021,DOI:10.1080/14649357.2016.1188975,2
DOI:10.1016/j.futures.2008.07.021,DOI:10.14712/23361964.2016.3],2
DOI:10.1016/j.futures.2008.07.021,DOI:10.1787/9789264167865-12-en,2
DOI:10.1016/j.futures.2008.07.021,DOI:10.3390/su10124342,2
DOI:10.1016/j.futures.2008.07.021,DOI:10.3390/su9020254,2
DOI:10.1016/j.futures.2008.07.021,DOI:10.3390/su9030378,2
DOI:10.1016/j.futures.2008.07.021,"KAPARIAS I., 2010, STATE OF THE ART URB",2
DOI:10.1016/j.futures.2008.07.021,"LITMAN T, 2003, ITE J, V73, P28",2
DOI:10.1016/j.futures.2008.07.021,"PIANTANAKULCHAI M, 2003, PROC E ASIA SOC TRAN, V4, P1613",2
DOI:10.1016/j.futures.2008.07.021,"SINGH R., 1999, P 7 TRB C APPL TRANS, P340",2
DOI:10.1016/j.futures.2008.07.021,"SIVAKUMAR A., 2007, MODELLING TRANSPORT: A SYNTHESIS OF TRANSPORT MODELLING METHODOLOGIES",2
DOI:10.1016/j.gloenvcha.2021.102224,DOI:10.1016/j.tra.2018.08.022,2
DOI:10.1016/j.gloenvcha.2021.102224,DOI:10.1016/j.enpol.2010.08.020,2
DOI:10.1016/j.gloenvcha.2021.102224,DOI:10.1016/j.jtrangeo.2012.06.003,2
DOI:10.1016/j.jtrangeo.2013.07.004,DOI:10.1016/j.landusepol.2015.09.018,2
DOI:10.1016/j.jtrangeo.2013.07.004,DOI:10.1016/j.tranpol.2012.07.005,3
DOI:10.1016/j.jtrangeo.2013.07.004,DOI:10.1016/j.trd.2005.04.013,2
DOI:10.1016/j.jtrangeo.2013.07.004,DOI:10.1068/a090285,2
DOI:10.1016/j.jtrangeo.2013.07.004,DOI:10.1080/01441647.2010.532884,2
DOI:10.1016/j.jtrangeo.2013.07.004,DOI:10.1080/14649357.2016.1188975,2
DOI:10.1016/j.jtrangeo.2013.07.004,DOI:10.14712/23361964.2016.3],3
DOI:10.1016/j.jtrangeo.2013.07.004,DOI:10.1787/9789264167865-12-en,2
DOI:10.1016/j.jtrangeo.2013.07.004,DOI:10.3390/su10020479,3
DOI:10.1016/j.jtrangeo.2013.07.004,DOI:10.3390/su9020254,2
DOI:10.1016/j.jtrangeo.2013.07.004,DOI:10.3390/su9030378,2
DOI:10.1016/j.jtrangeo.2013.07.004,"KAPARIAS I., 2010, STATE OF THE ART URB",2
DOI:10.1016/j.jtrangeo.2013.07.004,"LITMAN T, 2003, ITE J, V73, P28",2
DOI:10.1016/j.jtrangeo.2013.07.004,"PIANTANAKULCHAI M, 2003, PROC E ASIA SOC TRAN, V4, P1613",2
DOI:10.1016/j.jtrangeo.2013.07.004,"SINGH R., 1999, P 7 TRB C APPL TRANS, P340",2
DOI:10.1016/j.jtrangeo.2013.07.004,"SIVAKUMAR A., 2007, MODELLING TRANSPORT: A SYNTHESIS OF TRANSPORT MODELLING METHODOLOGIES",2
DOI:10.1016/j.jtrangeo.2013.07.004,"[ANONYMOUS], 2013, GUIDELINES. DEVELOPING AND IMPLEMENTING A SUSTAINABLE URBAN MOBILITY PLAN",2
DOI:10.1016/j.jtrangeo.2013.07.004,DOI:10.1016/j.jtrangeo.2018.02.006,2
DOI:10.1016/j.jtrangeo.2013.07.004,DOI:10.1016/j.landusepol.2016.11.015,2
DOI:10.1016/j.jtrangeo.2013.07.004,DOI:10.1016/j.rtbm.2017.05.003,2
DOI:10.1016/j.jtrangeo.2013.07.004,DOI:10.1016/j.sbspro.2012.03.091,2
DOI:10.1016/j.jtrangeo.2013.07.004,DOI:10.1016/j.scs.2018.01.029,2
DOI:10.1016/j.jtrangeo.2013.07.004,DOI:10.3390/su11102929,2
DOI:10.1016/j.jtrangeo.2013.07.004,"GOTA S., 2015, INTENDED NATL DETERM",2
DOI:10.1016/j.jtrangeo.2013.07.004,DOI:10.1016/j.retrec.2016.04.008,2
DOI:10.1016/j.landusepol.2015.09.018,DOI:10.1016/j.tranpol.2012.07.005,2
DOI:10.1016/j.landusepol.2015.09.018,DOI:10.1016/j.trd.2005.04.013,2
DOI:10.1016/j.landusepol.2015.09.018,DOI:10.1068/a090285,2
DOI:10.1016/j.landusepol.2015.09.018,DOI:10.1080/01441647.2010.532884,2
DOI:10.1016/j.landusepol.2015.09.018,DOI:10.1080/14649357.2016.1188975,2
DOI:10.1016/j.landusepol.2015.09.018,DOI:10.14712/23361964.2016.3],2
DOI:10.1016/j.landusepol.2015.09.018,DOI:10.1787/9789264167865-12-en,2
DOI:10.1016/j.landusepol.2015.09.018,DOI:10.3390/su9020254,2
DOI:10.1016/j.landusepol.2015.09.018,DOI:10.3390/su9030378,2
DOI:10.1016/j.landusepol.2015.09.018,"KAPARIAS I., 2010, STATE OF THE ART URB",2
DOI:10.1016/j.landusepol.2015.09.018,"LITMAN T, 2003, ITE J, V73, P28",2
DOI:10.1016/j.landusepol.2015.09.018,"PIANTANAKULCHAI M, 2003, PROC E ASIA SOC TRAN, V4, P1613",2
DOI:10.1016/j.landusepol.2015.09.018,"SINGH R., 1999, P 7 TRB C APPL TRANS, P340",2
DOI:10.1016/j.landusepol.2015.09.018,"SIVAKUMAR A., 2007, MODELLING TRANSPORT: A SYNTHESIS OF TRANSPORT MODELLING METHODOLOGIES",2
DOI:10.1016/j.tra.2012.07.005,DOI:10.1016/j.trc.2017.11.008,2
DOI:10.1016/j.tra.2012.07.005,DOI:10.1016/j.ypmed.2009.07.028,2
DOI:10.1016/j.tra.2012.07.005,DOI:10.3390/su9020241,2
DOI:10.1016/j.tra.2018.08.022,DOI:10.1016/j.trd.2018.10.004,2
DOI:10.1016/j.tra.2018.08.022,DOI:10.1016/j.envint.2020.105661,2
DOI:10.1016/j.tranpol.2012.07.005,DOI:10.1016/j.trd.2005.04.013,2
DOI:10.1016/j.tranpol.2012.07.005,DOI:10.1068/a090285,2
DOI:10.1016/j.tranpol.2012.07.005,DOI:10.1080/01441647.2010.532884,2
DOI:10.1016/j.tranpol.2012.07.005,DOI:10.1080/14649357.2016.1188975,2
DOI:10.1016/j.tranpol.2012.07.005,DOI:10.14712/23361964.2016.3],3
DOI:10.1016/j.tranpol.2012.07.005,DOI:10.1787/9789264167865-12-en,2
DOI:10.1016/j.tranpol.2012.07.005,DOI:10.3390/su9020254,2
DOI:10.1016/j.tranpol.2012.07.005,DOI:10.3390/su9030378,2
DOI:10.1016/j.tranpol.2012.07.005,"KAPARIAS I., 2010, STATE OF THE ART URB",2
DOI:10.1016/j.tranpol.2012.07.005,"LITMAN T, 2003, ITE J, V73, P28",2
DOI:10.1016/j.tranpol.2012.07.005,"PIANTANAKULCHAI M, 2003, PROC E ASIA SOC TRAN, V4, P1613",2
DOI:10.1016/j.tranpol.2012.07.005,"SINGH R., 1999, P 7 TRB C APPL TRANS, P340",2
DOI:10.1016/j.tranpol.2012.07.005,"SIVAKUMAR A., 2007, MODELLING TRANSPORT: A SYNTHESIS OF TRANSPORT MODELLING METHODOLOGIES",2
DOI:10.1016/j.tranpol.2012.07.005,"[ANONYMOUS], 2013, GUIDELINES. DEVELOPING AND IMPLEMENTING A SUSTAINABLE URBAN MOBILITY PLAN",2
DOI:10.1016/j.tranpol.2012.07.005,DOI:10.1016/j.retrec.2016.04.008,2
DOI:10.1016/j.trc.2017.11.008,DOI:10.1016/j.ypmed.2009.07.028,2
DOI:10.1016/j.trc.2017.11.008,DOI:10.3390/su9020241,2
DOI:10.1016/j.trd.2005.04.013,DOI:10.1068/a090285,2
DOI:10.1016/j.trd.2005.04.013,DOI:10.1080/01441647.2010.532884,2
DOI:10.1016/j.trd.2005.04.013,DOI:10.1080/14649357.2016.1188975,2
DOI:10.1016/j.trd.2005.04.013,DOI:10.14712/23361964.2016.3],2
DOI:10.1016/j.trd.2005.04.013,DOI:10.1787/9789264167865-12-en,2
DOI:10.1016/j.trd.2005.04.013,DOI:10.3390/su9020254,2
DOI:10.1016/j.trd.2005.04.013,DOI:10.3390/su9030378,2
DOI:10.1016/j.trd.2005.04.013,"KAPARIAS I., 2010, STATE OF THE ART URB",2
DOI:10.1016/j.trd.2005.04.013,"LITMAN T, 2003, ITE J, V73, P28",2
DOI:10.1016/j.trd.2005.04.013,"PIANTANAKULCHAI M, 2003, PROC E ASIA SOC TRAN, V4, P1613",2
DOI:10.1016/j.trd.2005.04.013,"SINGH R., 1999, P 7 TRB C APPL TRANS, P340",2
DOI:10.1016/j.trd.2005.04.013,"SIVAKUMAR A., 2007, MODELLING TRANSPORT: A SYNTHESIS OF TRANSPORT MODELLING METHODOLOGIES",2
DOI:10.1016/j.ypmed.2009.07.028,DOI:10.3390/su9020241,2
DOI:10.1068/a090285,DOI:10.1080/01441647.2010.532884,2
DOI:10.1068/a090285,DOI:10.1080/14649357.2016.1188975,2
DOI:10.1068/a090285,DOI:10.14712/23361964.2016.3],2
DOI:10.1068/a090285,DOI:10.1787/9789264167865-12-en,2
DOI:10.1068/a090285,DOI:10.3390/su9020254,2
DOI:10.1068/a090285,DOI:10.3390/su9030378,2
DOI:10.1068/a090285,"KAPARIAS I., 2010, STATE OF THE ART URB",2
DOI:10.1068/a090285,"LITMAN T, 2003, ITE J, V73, P28",2
DOI:10.1068/a090285,"PIANTANAKULCHAI M, 2003, PROC E ASIA SOC TRAN, V4, P1613",2
DOI:10.1068/a090285,"SINGH R., 1999, P 7 TRB C APPL TRANS, P340",2
DOI:10.1068/a090285,"SIVAKUMAR A., 2007, MODELLING TRANSPORT: A SYNTHESIS OF TRANSPORT MODELLING METHODOLOGIES",2
DOI:10.1080/01441647.2010.532884,DOI:10.1080/14649357.2016.1188975,2
DOI:10.1080/01441647.2010.532884,DOI:10.14712/23361964.2016.3],2
DOI:10.1080/01441647.2010.532884,DOI:10.1787/9789264167865-12-en,2
DOI:10.1080/01441647.2010.532884,DOI:10.3390/su9020254,2
DOI:10.1080/01441647.2010.532884,DOI:10.3390/su9030378,2
DOI:10.1080/01441647.2010.532884,"KAPARIAS I., 2010, STATE OF THE ART URB",2
DOI:10.1080/01441647.2010.532884,"LITMAN T, 2003, ITE J, V73, P28",2
DOI:10.1080/01441647.2010.532884,"PIANTANAKULCHAI M, 2003, PROC E ASIA SOC TRAN, V4, P1613",2
DOI:10.1080/01441647.2010.532884,"SINGH R., 1999, P 7 TRB C APPL TRANS, P340",2
DOI:10.1080/01441647.2010.532884,"SIVAKUMAR A., 2007, MODELLING TRANSPORT: A SYNTHESIS OF TRANSPORT MODELLING METHODOLOGIES",2
DOI:10.1080/14649357.2016.1188975,DOI:10.14712/23361964.2016.3],2
DOI:10.1080/14649357.2016.1188975,DOI:10.1787/9789264167865-12-en,2
DOI:10.1080/14649357.2016.1188975,DOI:10.3390/su10020479,2
DOI:10.1080/14649357.2016.1188975,DOI:10.3390/su9020254,2
DOI:10.1080/14649357.2016.1188975,DOI:10.3390/su9030378,2
DOI:10.1080/14649357.2016.1188975,"KAPARIAS I., 2010, STATE OF THE ART URB",2
DOI:10.1080/14649357.2016.1188975,"LITMAN T, 2003, ITE J, V73, P28",2
DOI:10.1080/14649357.2016.1188975,"PIANTANAKULCHAI M, 2003, PROC E ASIA SOC TRAN, V4, P1613",2
DOI:10.1080/14649357.2016.1188975,"SINGH R., 1999, P 7 TRB C APPL TRANS, P340",2
DOI:10.1080/14649357.2016.1188975,"SIVAKUMAR A., 2007, MODELLING TRANSPORT: A SYNTHESIS OF TRANSPORT MODELLING METHODOLOGIES",2
DOI:10.14712/23361964.2016.3],DOI:10.1787/9789264167865-12-en,2
DOI:10.14712/23361964.2016.3],DOI:10.3390/su9020254,2
DOI:10.14712/23361964.2016.3],DOI:10.3390/su9030378,2
DOI:10.14712/23361964.2016.3],"KAPARIAS I., 2010, STATE OF THE ART URB",2
DOI:10.14712/23361964.2016.3],"LITMAN T, 2003, ITE J, V73, P28",2
DOI:10.14712/23361964.2016.3],"PIANTANAKULCHAI M, 2003, PROC E ASIA SOC TRAN, V4, P1613",2
DOI:10.14712/23361964.2016.3],"SINGH R., 1999, P 7 TRB C APPL TRANS, P340",2
DOI:10.14712/23361964.2016.3],"SIVAKUMAR A., 2007, MODELLING TRANSPORT: A SYNTHESIS OF TRANSPORT MODELLING METHODOLOGIES",2
DOI:10.14712/23361964.2016.3],"[ANONYMOUS], 2013, GUIDELINES. DEVELOPING AND IMPLEMENTING A SUSTAINABLE URBAN MOBILITY PLAN",2
DOI:10.14712/23361964.2016.3],DOI:10.1016/j.retrec.2016.04.008,2
DOI:10.1787/9789264167865-12-en,DOI:10.3390/su9020254,2
DOI:10.1787/9789264167865-12-en,DOI:10.3390/su9030378,2
DOI:10.1787/9789264167865-12-en,"KAPARIAS I., 2010, STATE OF THE ART URB",2
DOI:10.1787/9789264167865-12-en,"LITMAN T, 2003, ITE J, V73, P28",2
DOI:10.1787/9789264167865-12-en,"PIANTANAKULCHAI M, 2003, PROC E ASIA SOC TRAN, V4, P1613",2
DOI:10.1787/9789264167865-12-en,"SINGH R., 1999, P 7 TRB C APPL TRANS, P340",2
DOI:10.1787/9789264167865-12-en,"SIVAKUMAR A., 2007, MODELLING TRANSPORT: A SYNTHESIS OF TRANSPORT MODELLING METHODOLOGIES",2
DOI:10.3141/1578-15,DOI:10.3141/2031-02,2
DOI:10.3390/app10186306,"[ANONYMOUS], 2013, GUIDELINES. DEVELOPING AND IMPLEMENTING A SUSTAINABLE URBAN MOBILITY PLAN",2
DOI:10.3390/su10020479,"[ANONYMOUS], 2013, GUIDELINES. DEVELOPING AND IMPLEMENTING A SUSTAINABLE URBAN MOBILITY PLAN",2
DOI:10.3390/su10020479,DOI:10.1016/j.jtrangeo.2018.02.006,3
DOI:10.3390/su10020479,DOI:10.1016/j.landusepol.2016.11.015,3
DOI:10.3390/su10020479,DOI:10.1016/j.rtbm.2017.05.003,2
DOI:10.3390/su10020479,DOI:10.1016/j.sbspro.2012.03.091,2
DOI:10.3390/su10020479,DOI:10.1016/j.scs.2018.01.029,2
DOI:10.3390/su10020479,DOI:10.3390/su11102929,2
DOI:10.3390/su10020479,"GOTA S., 2015, INTENDED NATL DETERM",2
DOI:10.3390/su10020479,DOI:10.1007/s12544-017-0224-1,2
DOI:10.3390/su10020479,DOI:10.1016/j.retrec.2016.04.008,3
DOI:10.3390/su10020479,DOI:10.3390/su11174605,4
DOI:10.3390/su10020479,DOI:10.3390/su12208436,2
DOI:10.3390/su10020479,"SCHROTEN A., 2019, STATE OF PLAY OF INTERNALISATION IN THE EUROPEAN TRANSPORT SECTOR",2
DOI:10.3390/su10020479,DOI:10.1016/j.trpro.2017.05.122,2
DOI:10.3390/su10020479,DOI:10.3390/su12135460,2
DOI:10.3390/su10124342,DOI:10.1080/15568318.2012.660103,2
DOI:10.3390/su9020254,DOI:10.3390/su9030378,2
DOI:10.3390/su9020254,"KAPARIAS I., 2010, STATE OF THE ART URB",2
DOI:10.3390/su9020254,"LITMAN T, 2003, ITE J, V73, P28",2
DOI:10.3390/su9020254,"PIANTANAKULCHAI M, 2003, PROC E ASIA SOC TRAN, V4, P1613",2
DOI:10.3390/su9020254,"SINGH R., 1999, P 7 TRB C APPL TRANS, P340",2
DOI:10.3390/su9020254,"SIVAKUMAR A., 2007, MODELLING TRANSPORT: A SYNTHESIS OF TRANSPORT MODELLING METHODOLOGIES",2
DOI:10.3390/su9030378,"KAPARIAS I., 2010, STATE OF THE ART URB",2
DOI:10.3390/su9030378,"LITMAN T, 2003, ITE J, V73, P28",2
DOI:10.3390/su9030378,"PIANTANAKULCHAI M, 2003, PROC E ASIA SOC TRAN, V4, P1613",2
DOI:10.3390/su9030378,"SINGH R., 1999, P 7 TRB C APPL TRANS, P340",2
DOI:10.3390/su9030378,"SIVAKUMAR A., 2007, MODELLING TRANSPORT: A SYNTHESIS OF TRANSPORT MODELLING METHODOLOGIES",2
"KAPARIAS I., 2010, STATE OF THE ART URB","LITMAN T, 2003, ITE J, V73, P28",2
"KAPARIAS I., 2010, STATE OF THE ART URB","PIANTANAKULCHAI M, 2003, PROC E ASIA SOC TRAN, V4, P1613",2
"KAPARIAS I., 2010, STATE OF THE ART URB","SINGH R., 1999, P 7 TRB C APPL TRANS, P340",2
"KAPARIAS I., 2010, STATE OF THE ART URB","SIVAKUMAR A., 2007, MODELLING TRANSPORT: A SYNTHESIS OF TRANSPORT MODELLING METHODOLOGIES",2
"LITMAN T, 2003, ITE J, V73, P28","PIANTANAKULCHAI M, 2003, PROC E ASIA SOC TRAN, V4, P1613",2
"LITMAN T, 2003, ITE J, V73, P28","SINGH R., 1999, P 7 TRB C APPL TRANS, P340",2
"LITMAN T, 2003, ITE J, V73, P28","SIVAKUMAR A., 2007, MODELLING TRANSPORT: A SYNTHESIS OF TRANSPORT MODELLING METHODOLOGIES",2
"PIANTANAKULCHAI M, 2003, PROC E ASIA SOC TRAN, V4, P1613","SINGH R., 1999, P 7 TRB C APPL TRANS, P340",2
"PIANTANAKULCHAI M, 2003, PROC E ASIA SOC TRAN, V4, P1613","SIVAKUMAR A., 2007, MODELLING TRANSPORT: A SYNTHESIS OF TRANSPORT MODELLING METHODOLOGIES",2
"SINGH R., 1999, P 7 TRB C APPL TRANS, P340","SIVAKUMAR A., 2007, MODELLING TRANSPORT: A SYNTHESIS OF TRANSPORT MODELLING METHODOLOGIES",2
"[ANONYMOUS], 2013, GUIDELINES. DEVELOPING AND IMPLEMENTING A SUSTAINABLE URBAN MOBILITY PLAN",DOI:10.1016/j.cstp.2014.09.001,2
"[ANONYMOUS], 2013, GUIDELINES. DEVELOPING AND IMPLEMENTING A SUSTAINABLE URBAN MOBILITY PLAN",DOI:10.1016/j.retrec.2016.04.008,3
DOI:10.1016/j.jtrangeo.2018.02.006,DOI:10.1016/j.landusepol.2016.11.015,2
DOI:10.1016/j.jtrangeo.2018.02.006,DOI:10.1016/j.rtbm.2017.05.003,2
DOI:10.1016/j.jtrangeo.2018.02.006,DOI:10.1016/j.sbspro.2012.03.091,2
DOI:10.1016/j.jtrangeo.2018.02.006,DOI:10.1016/j.scs.2018.01.029,2
DOI:10.1016/j.jtrangeo.2018.02.006,DOI:10.3390/su11102929,2
DOI:10.1016/j.jtrangeo.2018.02.006,"EUROPEAN COMMISSION, 2009, COM",2
DOI:10.1016/j.jtrangeo.2018.02.006,"EUROPEAN COMMISSION, 2013, TOGETHER TOWARDS COMPETITIVE AND RESOURCE-EFFICIENT URBAN MOBILITY",2
DOI:10.1016/j.jtrangeo.2018.02.006,"GOTA S., 2015, INTENDED NATL DETERM",2
DOI:10.1016/j.jtrangeo.2018.02.006,DOI:10.1007/s12544-017-0224-1,3
DOI:10.1016/j.jtrangeo.2018.02.006,DOI:10.1016/j.cstp.2020.08.005,2
DOI:10.1016/j.jtrangeo.2018.02.006,DOI:10.1016/j.retrec.2016.04.008,4
DOI:10.1016/j.jtrangeo.2018.02.006,DOI:10.3390/su12208436,2
DOI:10.1016/j.jtrangeo.2018.02.006,DOI:10.1016/j.cstp.2014.09.001,2
DOI:10.1016/j.jtrangeo.2018.02.006,DOI:10.3390/su12135460,2
DOI:10.1016/j.jtrangeo.2018.02.006,DOI:10.3390/su11174605,2
DOI:10.1016/j.landusepol.2016.11.015,DOI:10.1016/j.rtbm.2017.05.003,2
DOI:10.1016/j.landusepol.2016.11.015,DOI:10.1016/j.sbspro.2012.03.091,2
DOI:10.1016/j.landusepol.2016.11.015,DOI:10.1016/j.scs.2018.01.029,2
DOI:10.1016/j.landusepol.2016.11.015,DOI:10.1016/j.tra.2018.06.007,2
DOI:10.1016/j.landusepol.2016.11.015,DOI:10.3390/su11102929,2
DOI:10.1016/j.landusepol.2016.11.015,"GOTA S., 2015, INTENDED NATL DETERM",2
DOI:10.1016/j.landusepol.2016.11.015,DOI:10.3390/su11174605,2
DOI:10.1016/j.rtbm.2017.05.003,DOI:10.1016/j.sbspro.2012.03.091,2
DOI:10.1016/j.rtbm.2017.05.003,DOI:10.1016/j.scs.2018.01.029,2
DOI:10.1016/j.rtbm.2017.05.003,DOI:10.3390/su11102929,2
DOI:10.1016/j.rtbm.2017.05.003,"GOTA S., 2015, INTENDED NATL DETERM",2
DOI:10.1016/j.sbspro.2012.03.091,DOI:10.1016/j.scs.2018.01.029,2
DOI:10.1016/j.sbspro.2012.03.091,DOI:10.3390/su11102929,2
DOI:10.1016/j.sbspro.2012.03.091,"GOTA S., 2015, INTENDED NATL DETERM",2
DOI:10.1016/j.scs.2018.01.029,DOI:10.3390/su11102929,2
DOI:10.1016/j.scs.2018.01.029,"GOTA S., 2015, INTENDED NATL DETERM",2
DOI:10.1016/j.tra.2018.06.007,DOI:10.3390/su11102929,2
DOI:10.3390/su11102929,"GOTA S., 2015, INTENDED NATL DETERM",2
DOI:10.3390/su11102929,DOI:10.3390/su11174605,2
DOI:10.3390/su11102929,DOI:10.3390/su12208436,2
"EUROPEAN COMMISSION, 2009, COM","EUROPEAN COMMISSION, 2013, TOGETHER TOWARDS COMPETITIVE AND RESOURCE-EFFICIENT URBAN MOBILITY",2
"BANISTER D, 2011, ANNU REV ENV RESOUR, V36, P247, DOI [10.1146/ANNUREV-ENVIRON-032310-112100, 10.1146/ANNUREV-ENVIRON-03310-112100]",DOI:10.1016/j.ecolecon.2009.06.027,2
"ATKINS, 2007, LONG TERM PROC IMP E","DEPARTMENT FOR TRANSPORT, 2009, GUID 3 ROUND LOC TRA",2
"ATKINS, 2007, LONG TERM PROC IMP E",DOI:10.1680/tran.10.00075,2
"ATKINS, 2007, LONG TERM PROC IMP E","EUROPEAN COMMISSION DG ENERGY AND TRANSPORT, 2007, NEW CULT URB MOB",2
"ATKINS, 2007, LONG TERM PROC IMP E","EUROPEAN COMMISSION DG MOVE, 2011, ROAD MAP SINGL EUR T",2
"ATKINS, 2007, LONG TERM PROC IMP E","GUDMUNDSSON H., 2007, 86 TRANSP RES BOARD",2
"ATKINS, 2007, LONG TERM PROC IMP E","MAY A, 2009, EUR J TRANSP INFRAST, V9, P184",2
"ATKINS, 2007, LONG TERM PROC IMP E","[ANONYMOUS], ACT PLAN URB MOB",2
"DEPARTMENT FOR TRANSPORT, 2009, GUID 3 ROUND LOC TRA",DOI:10.1680/tran.10.00075,2
"DEPARTMENT FOR TRANSPORT, 2009, GUID 3 ROUND LOC TRA","EUROPEAN COMMISSION DG ENERGY AND TRANSPORT, 2007, NEW CULT URB MOB",2
"DEPARTMENT FOR TRANSPORT, 2009, GUID 3 ROUND LOC TRA","EUROPEAN COMMISSION DG MOVE, 2011, ROAD MAP SINGL EUR T",2
"DEPARTMENT FOR TRANSPORT, 2009, GUID 3 ROUND LOC TRA","GUDMUNDSSON H., 2007, 86 TRANSP RES BOARD",2
"DEPARTMENT FOR TRANSPORT, 2009, GUID 3 ROUND LOC TRA","MAY A, 2009, EUR J TRANSP INFRAST, V9, P184",2
"DEPARTMENT FOR TRANSPORT, 2009, GUID 3 ROUND LOC TRA","[ANONYMOUS], ACT PLAN URB MOB",2
DOI:10.1680/tran.10.00075,"EUROPEAN COMMISSION DG ENERGY AND TRANSPORT, 2007, NEW CULT URB MOB",2
DOI:10.1680/tran.10.00075,"EUROPEAN COMMISSION DG MOVE, 2011, ROAD MAP SINGL EUR T",2
DOI:10.1680/tran.10.00075,"GUDMUNDSSON H., 2007, 86 TRANSP RES BOARD",2
DOI:10.1680/tran.10.00075,"MAY A, 2009, EUR J TRANSP INFRAST, V9, P184",2
DOI:10.1680/tran.10.00075,"[ANONYMOUS], ACT PLAN URB MOB",2
DOI:10.1680/tran.10.00075,DOI:10.1016/j.cstp.2014.09.001,2
DOI:10.1680/tran.10.00075,DOI:10.1016/j.retrec.2016.04.008,2
"EUROPEAN COMMISSION DG ENERGY AND TRANSPORT, 2007, NEW CULT URB MOB","EUROPEAN COMMISSION DG MOVE, 2011, ROAD MAP SINGL EUR T",2
"EUROPEAN COMMISSION DG ENERGY AND TRANSPORT, 2007, NEW CULT URB MOB","GUDMUNDSSON H., 2007, 86 TRANSP RES BOARD",2
"EUROPEAN COMMISSION DG ENERGY AND TRANSPORT, 2007, NEW CULT URB MOB","MAY A, 2009, EUR J TRANSP INFRAST, V9, P184",2
"EUROPEAN COMMISSION DG ENERGY AND TRANSPORT, 2007, NEW CULT URB MOB","[ANONYMOUS], ACT PLAN URB MOB",2
"EUROPEAN COMMISSION DG MOVE, 2011, ROAD MAP SINGL EUR T","GUDMUNDSSON H., 2007, 86 TRANSP RES BOARD",2
"EUROPEAN COMMISSION DG MOVE, 2011, ROAD MAP SINGL EUR T","MAY A, 2009, EUR J TRANSP INFRAST, V9, P184",2
"EUROPEAN COMMISSION DG MOVE, 2011, ROAD MAP SINGL EUR T","[ANONYMOUS], ACT PLAN URB MOB",2
"GUDMUNDSSON H., 2007, 86 TRANSP RES BOARD","MAY A, 2009, EUR J TRANSP INFRAST, V9, P184",2
"GUDMUNDSSON H., 2007, 86 TRANSP RES BOARD","[ANONYMOUS], ACT PLAN URB MOB",2
"MAY A, 2009, EUR J TRANSP INFRAST, V9, P184","[ANONYMOUS], ACT PLAN URB MOB",2
"MAY A, 2009, EUR J TRANSP INFRAST, V9, P184","MARSDEN G, 2009, EUR J TRANSP INFRAST, V9, P219",2
"MAY A, 2009, EUR J TRANSP INFRAST, V9, P184",DOI:10.1016/j.tranpol.2007.04.007,2
"CRESWELL JW., 2018, JOURNAL OF INVESTIGATIVE SURGERY : THE OFFICIAL JOURNAL OF THE ACADEMY OF SURGICAL RESEARCH, V5TH",DOI:10.1016/j.cstp.2014.09.001,2
"CRESWELL JW., 2018, JOURNAL OF INVESTIGATIVE SURGERY : THE OFFICIAL JOURNAL OF THE ACADEMY OF SURGICAL RESEARCH, V5TH",DOI:10.1016/j.retrec.2016.04.008,2
"CRESWELL JW., 2018, JOURNAL OF INVESTIGATIVE SURGERY : THE OFFICIAL JOURNAL OF THE ACADEMY OF SURGICAL RESEARCH, V5TH",DOI:10.4324/9780429346323,2
DOI:10.1007/s12544-017-0224-1,DOI:10.1016/j.cstp.2014.09.001,3
DOI:10.1007/s12544-017-0224-1,DOI:10.1016/j.cstp.2020.08.005,2
DOI:10.1007/s12544-017-0224-1,DOI:10.1016/j.retrec.2016.04.008,4
DOI:10.1007/s12544-017-0224-1,DOI:10.3390/su11174605,3
DOI:10.1007/s12544-017-0224-1,"PLEVNIK A., 2019, NATIONAL SUPPORT FRAMEWORKS FOR SUSTAINABLE URBAN MOBILITY PLANNING",2
DOI:10.1007/s12544-017-0224-1,DOI:10.1016/j.tra.2016.12.001,2
DOI:10.1007/s12544-017-0224-1,"RUPPRECHT CONSULT, 2013, GUIDELINES. DEVELOPING AND IMPLEMENTING A SUSTAINABLE URBAN MOBILITY PLAN",2
DOI:10.1007/s12544-017-0224-1,DOI:10.1016/j.jtrangeo.2011.06.010,2
DOI:10.1007/s12544-017-0224-1,DOI:10.1016/j.tra.2013.03.004,2
DOI:10.1007/s12544-017-0224-1,DOI:10.3390/su13115950,2
DOI:10.1007/s12544-017-0224-1,DOI:10.1007/s12544-017-0270-8,2
DOI:10.1016/j.cstp.2014.09.001,DOI:10.1016/j.cstp.2020.08.005,2
DOI:10.1016/j.cstp.2014.09.001,DOI:10.1016/j.retrec.2016.04.008,5
DOI:10.1016/j.cstp.2014.09.001,DOI:10.3390/su11174605,2
DOI:10.1016/j.cstp.2014.09.001,"PLEVNIK A., 2019, NATIONAL SUPPORT FRAMEWORKS FOR SUSTAINABLE URBAN MOBILITY PLANNING",2
DOI:10.1016/j.cstp.2014.09.001,DOI:10.1016/j.cstp.2016.06.002,2
DOI:10.1016/j.cstp.2014.09.001,DOI:10.1016/j.cstp.2019.10.011,2
DOI:10.1016/j.cstp.2014.09.001,DOI:10.1016/j.cstp.2022.02.011,2
DOI:10.1016/j.cstp.2014.09.001,DOI:10.1016/j.tbs.2021.04.003,2
DOI:10.1016/j.cstp.2014.09.001,DOI:10.1093/eurpub/ckac069,2
DOI:10.1016/j.cstp.2014.09.001,"WEFERING F., 2014, GUIDELINES: DEVELOPING AND IMPLEMENTING A SUSTAINABLE URBAN MOBILITY PLAN",4
DOI:10.1016/j.cstp.2014.09.001,DOI:10.1007/978-3-030-57764-3_16,2
DOI:10.1016/j.cstp.2014.09.001,DOI:10.1016/j.tra.2016.03.012,2
DOI:10.1016/j.cstp.2014.09.001,DOI:10.1080/00343404.2022.2058699,2
DOI:10.1016/j.cstp.2014.09.001,DOI:10.3390/su7067086,2
DOI:10.1016/j.cstp.2014.09.001,"SMEDS E., 2020, CIVITAS SUMP-PLUS PROJECT",2
DOI:10.1016/j.cstp.2014.09.001,DOI:10.1016/j.cstp.2022.06.007,2
DOI:10.1016/j.cstp.2014.09.001,DOI:10.1080/19463138.2011.607166,2
DOI:10.1016/j.cstp.2014.09.001,DOI:10.1016/j.jtrangeo.2011.06.010,3
DOI:10.1016/j.cstp.2014.09.001,"[ANONYMOUS], 2005, DEV SUSTAINABLE URBA",2
DOI:10.1016/j.cstp.2014.09.001,"BANISTER D., 2005, BARRIERS TO SUSTAINABLE TRANSPORT: INSTITUTIONS, REGULATIONS AND SUSTAINABILITY",2
DOI:10.1016/j.cstp.2014.09.001,DOI:10.1007/s12544-017-0270-8,2
DOI:10.1016/j.cstp.2014.09.001,DOI:10.1080/15568318.2011.633155,2
DOI:10.1016/j.cstp.2020.08.005,DOI:10.1016/j.retrec.2016.04.008,3
DOI:10.1016/j.cstp.2020.08.005,DOI:10.3390/su11174605,2
DOI:10.1016/j.cstp.2020.08.005,"LOZZI G., 2017, POLITICHE MOBILITA U, P1",2
DOI:10.1016/j.cstp.2020.08.005,DOI:10.1016/j.jenvp.2008.10.004,2
DOI:10.1016/j.cstp.2020.08.005,DOI:10.3390/su12208436,2
DOI:10.1016/j.cstp.2020.08.005,DOI:10.1186/s12544-024-00649-x,2
DOI:10.1016/j.retrec.2016.04.008,DOI:10.3390/su11174605,2
DOI:10.1016/j.retrec.2016.04.008,"PLEVNIK A., 2019, NATIONAL SUPPORT FRAMEWORKS FOR SUSTAINABLE URBAN MOBILITY PLANNING",2
DOI:10.1016/j.retrec.2016.04.008,DOI:10.1016/j.rtbm.2021.100621,2
DOI:10.1016/j.retrec.2016.04.008,DOI:10.1016/j.tra.2016.12.001,2
DOI:10.1016/j.retrec.2016.04.008,DOI:10.1016/j.tranpol.2023.02.022,2
DOI:10.1016/j.retrec.2016.04.008,DOI:10.1016/j.jth.2016.07.003,2
DOI:10.1016/j.retrec.2016.04.008,DOI:10.1016/j.cstp.2019.10.011,2
DOI:10.1016/j.retrec.2016.04.008,DOI:10.1093/eurpub/ckac069,3
DOI:10.1016/j.retrec.2016.04.008,DOI:10.3390/su13115950,2
DOI:10.3390/su11174605,"LOZZI G., 2017, POLITICHE MOBILITA U, P1",2
DOI:10.3390/su11174605,"PLEVNIK A., 2019, NATIONAL SUPPORT FRAMEWORKS FOR SUSTAINABLE URBAN MOBILITY PLANNING",2
DOI:10.3390/su11174605,DOI:10.3390/su12208436,2
DOI:10.1007/s11116-017-9806-y,DOI:10.1016/j.jclepro.2018.08.033,2
DOI:10.1007/s11116-017-9806-y,DOI:10.1016/j.jth.2018.05.011,2
DOI:10.1007/s11116-017-9806-y,DOI:10.1016/j.jtrangeo.2021.103111,2
DOI:10.1007/s11116-017-9806-y,DOI:10.1016/j.scs.2019.101873,2
DOI:10.1007/s11116-017-9806-y,DOI:10.1016/j.scs.2021.103434,2
DOI:10.1016/j.jclepro.2018.08.033,DOI:10.1016/j.jth.2018.05.011,2
DOI:10.1016/j.jclepro.2018.08.033,DOI:10.1016/j.jtrangeo.2021.103111,2
DOI:10.1016/j.jclepro.2018.08.033,DOI:10.1016/j.scs.2019.101873,2
DOI:10.1016/j.jclepro.2018.08.033,DOI:10.1016/j.scs.2021.103434,2
DOI:10.1016/j.jth.2018.05.011,DOI:10.1016/j.jtrangeo.2021.103111,2
DOI:10.1016/j.jth.2018.05.011,DOI:10.1016/j.scs.2019.101873,2
DOI:10.1016/j.jth.2018.05.011,DOI:10.1016/j.scs.2021.103434,2
DOI:10.1016/j.jtrangeo.2021.103111,DOI:10.1016/j.scs.2019.101873,2
DOI:10.1016/j.jtrangeo.2021.103111,DOI:10.1016/j.scs.2021.103434,2
DOI:10.1016/j.scs.2019.101873,DOI:10.1016/j.scs.2021.103434,2
DOI:10.1109/tfuzz.2006.879986,DOI:10.5755/j01.eee.122.6.1810,2
DOI:10.1007/s12544-012-0074-9],DOI:10.2495/sdp-v2-n4-387-407],2
DOI:10.1061/(asce)0733-9488(2005)131:4(246),DOI:10.1371/journal.pone.0069912,2
DOI:10.1061/(asce)0733-9488(2005)131:4(246),"KRIZEK K., 2009, WALKING AND CYCLING: AN INTERNATIONAL LITERATURE REVIEW",2
DOI:10.1371/journal.pone.0069912,"KRIZEK K., 2009, WALKING AND CYCLING: AN INTERNATIONAL LITERATURE REVIEW",2
DOI:10.3390/su12208436,DOI:10.1016/j.rtbm.2021.100621,2
DOI:10.3390/su12208436,"[ANONYMOUS], 2013, SWD (2013) 524 FINAL",2
DOI:10.3390/su12208436,"SCHROTEN A., 2019, STATE OF PLAY OF INTERNALISATION IN THE EUROPEAN TRANSPORT SECTOR",2
DOI:10.3390/su12208436,DOI:10.1016/j.respol.2015.09.008,2
DOI:10.4324/9780203074435,DOI:10.1016/j.erss.2016.03.026,2
DOI:10.4324/9780203074435,DOI:10.1016/j.jtrangeo.2012.06.003,2
DOI:10.1016/j.gloenvcha.2012.07.005,"EUROPEAN COMMISSION (EC), 2009, ACTION PLAN ON URBAN MOBILITY, P490",2
DOI:10.1007/978-3-319-23784-8_2,DOI:10.1016/j.scs.2022.103806,2
DOI:10.1016/j.rtbm.2021.100621,"[ANONYMOUS], 2013, SWD (2013) 524 FINAL",2
DOI:10.1016/j.rtbm.2021.100621,DOI:10.1016/j.jth.2016.07.003,2
DOI:10.1016/j.rtbm.2021.100621,DOI:10.1016/j.scitotenv.2021.150627,2
DOI:10.1016/j.tra.2016.12.001,DOI:10.1016/j.tranpol.2023.02.022,2
DOI:10.1007/s11077-009-9102-6,DOI:10.3390/su7067086,2
DOI:10.3390/su7067086,"BANISTER D., 2018, INEQUALITY IN TRANSPORT",2
DOI:10.3390/su7067086,DOI:10.1146/annurev-environ-102014-021340,2
DOI:10.3390/su7067086,DOI:10.3390/su10020420,2
DOI:10.3390/su7067086,DOI:10.1016/j.respol.2015.09.008,2
DOI:10.3390/su7067086,"SMEDS E., 2020, CIVITAS SUMP-PLUS PROJECT",2
DOI:10.1016/j.enpol.2011.11.068,DOI:10.1016/j.jth.2016.07.003,2
DOI:10.3390/su12156011,DOI:10.1007/978-981-10-4888-33],2
DOI:10.3390/su12156011,DOI:10.1016/j.iatssr.2020.06.002,2
DOI:10.3390/su12156011,DOI:10.1080/23311916.2017.1326548,2
DOI:10.3390/su12156011,DOI:10.1080/23311916.2020.1759395,2
DOI:10.3390/su12156011,DOI:10.1108/srj-09-2017-0174,2
DOI:10.3390/su12156011,DOI:10.3390/su122410420,2
DOI:10.1016/j.jtrangeo.2011.06.010,"LOPEZ-RUIZ H.G., 2013, JRC TECHNICAL REPORT",2
DOI:10.1016/j.jtrangeo.2011.06.010,"WEFERING F., 2014, GUIDELINES: DEVELOPING AND IMPLEMENTING A SUSTAINABLE URBAN MOBILITY PLAN",2
DOI:10.1016/j.jtrangeo.2011.06.010,DOI:10.1016/j.jtrangeo.2010.01.005,2
DOI:10.1016/j.jtrangeo.2011.06.010,"KOVACHEV A, 2018, SUPPORT URBAN DEV PR, P59",2
DOI:10.1016/j.jtrangeo.2011.06.010,DOI:10.1080/15568318.2011.633155,2
DOI:10.1016/j.tra.2013.03.004,DOI:10.1016/j.respol.2021.104412,2
DOI:10.1016/j.tra.2013.03.004,DOI:10.1038/s41893-021-00749-9,2
DOI:10.1016/j.tra.2013.03.004,DOI:10.1080/09644016.2018.1443743,2
DOI:10.1016/j.tra.2013.03.004,DOI:10.1111/1745-5871.12456,2
DOI:10.1016/j.tra.2013.03.004,DOI:10.14512/tatup.30.1.23],2
"RUPPRECHT S., 2019, GUIDELINES FOR DEVELOPING AND IMPLEMENTING A SUSTAINABLE URBAN MOBILITY PLAN, V2ND",DOI:10.1016/j.aap.2016.04.039,2
"RUPPRECHT S., 2019, GUIDELINES FOR DEVELOPING AND IMPLEMENTING A SUSTAINABLE URBAN MOBILITY PLAN, V2ND",DOI:10.1016/j.envint.2011.02.003,2
"RUPPRECHT S., 2019, GUIDELINES FOR DEVELOPING AND IMPLEMENTING A SUSTAINABLE URBAN MOBILITY PLAN, V2ND",DOI:10.1016/j.jth.2017.02.011,2
"RUPPRECHT S., 2019, GUIDELINES FOR DEVELOPING AND IMPLEMENTING A SUSTAINABLE URBAN MOBILITY PLAN, V2ND",DOI:10.1016/j.trf.2016.06.022,2
"RUPPRECHT S., 2019, GUIDELINES FOR DEVELOPING AND IMPLEMENTING A SUSTAINABLE URBAN MOBILITY PLAN, V2ND",DOI:10.1186/s12966-014-0132-x,2
"RUPPRECHT S., 2019, GUIDELINES FOR DEVELOPING AND IMPLEMENTING A SUSTAINABLE URBAN MOBILITY PLAN, V2ND",DOI:10.3390/su11010221,2
"RUPPRECHT S., 2019, GUIDELINES FOR DEVELOPING AND IMPLEMENTING A SUSTAINABLE URBAN MOBILITY PLAN, V2ND",DOI:10.7307/ptt.v29i3.2265,2
"RUPPRECHT S., 2019, GUIDELINES FOR DEVELOPING AND IMPLEMENTING A SUSTAINABLE URBAN MOBILITY PLAN, V2ND","EUROPEAN COMMISSION (EC), COM490 EC",2
"RUPPRECHT S., 2019, GUIDELINES FOR DEVELOPING AND IMPLEMENTING A SUSTAINABLE URBAN MOBILITY PLAN, V2ND","EUROPEAN COMMISSION (EC), COM501 EC",2
"RUPPRECHT S., 2019, GUIDELINES FOR DEVELOPING AND IMPLEMENTING A SUSTAINABLE URBAN MOBILITY PLAN, V2ND","EUROPEAN COMMISSION (EC), COM913 EC",2
"RUPPRECHT S., 2019, GUIDELINES FOR DEVELOPING AND IMPLEMENTING A SUSTAINABLE URBAN MOBILITY PLAN, V2ND","GREEN G., 2014, HLTH CITIES PROMOTIN",2
"RUPPRECHT S., 2019, GUIDELINES FOR DEVELOPING AND IMPLEMENTING A SUSTAINABLE URBAN MOBILITY PLAN, V2ND","LEP M., 2017, PROMETNA STUDIJA IZV",2
"RUPPRECHT S., 2019, GUIDELINES FOR DEVELOPING AND IMPLEMENTING A SUSTAINABLE URBAN MOBILITY PLAN, V2ND","LEP M., 2018, PROMETNA STUDIJA IZV",2
"RUPPRECHT S., 2019, GUIDELINES FOR DEVELOPING AND IMPLEMENTING A SUSTAINABLE URBAN MOBILITY PLAN, V2ND","MARSHALL S., 2001, PLANNING FOR A SUSTAINABLE FUTURE, P131",2
"RUPPRECHT S., 2019, GUIDELINES FOR DEVELOPING AND IMPLEMENTING A SUSTAINABLE URBAN MOBILITY PLAN, V2ND","PLEVNIK A., 2012, PRIJAZNA MOBILNOST Z",2
"RUPPRECHT S., 2019, GUIDELINES FOR DEVELOPING AND IMPLEMENTING A SUSTAINABLE URBAN MOBILITY PLAN, V2ND","PLEVNIK A., 2016, OKOLJE PROMET ZDRAVJ",2
"RUPPRECHT S., 2019, GUIDELINES FOR DEVELOPING AND IMPLEMENTING A SUSTAINABLE URBAN MOBILITY PLAN, V2ND","VODNIK S, 2014, PROMETNA STUDIJA IZV",2
"RUPPRECHT S., 2019, GUIDELINES FOR DEVELOPING AND IMPLEMENTING A SUSTAINABLE URBAN MOBILITY PLAN, V2ND","WHO, PHYS ACT KEY FACTS",2
"ARNDT W.-H., 2019, MOBILITAT NACHHALTIG PLANEN: ERFOLGE UND HINDERNISSE IN DEUTSCHEN STADTEN-ERGEBNISSE EINER UMFRAGE ZU KOMMUNALEN VERKEHRSENTWICKLUNGSPLANEN (DIFU SONDERVEROFFENTLICHUNG)",DOI:10.1016/j.foodpol.2020.101873,2
"ARNDT W.-H., 2019, MOBILITAT NACHHALTIG PLANEN: ERFOLGE UND HINDERNISSE IN DEUTSCHEN STADTEN-ERGEBNISSE EINER UMFRAGE ZU KOMMUNALEN VERKEHRSENTWICKLUNGSPLANEN (DIFU SONDERVEROFFENTLICHUNG)",DOI:10.1108/s2044-9941(2012)0000001004,2
"ARNDT W.-H., 2019, MOBILITAT NACHHALTIG PLANEN: ERFOLGE UND HINDERNISSE IN DEUTSCHEN STADTEN-ERGEBNISSE EINER UMFRAGE ZU KOMMUNALEN VERKEHRSENTWICKLUNGSPLANEN (DIFU SONDERVEROFFENTLICHUNG)",DOI:10.1186/s12961-018-0320-2,2
"ARNDT W.-H., 2019, MOBILITAT NACHHALTIG PLANEN: ERFOLGE UND HINDERNISSE IN DEUTSCHEN STADTEN-ERGEBNISSE EINER UMFRAGE ZU KOMMUNALEN VERKEHRSENTWICKLUNGSPLANEN (DIFU SONDERVEROFFENTLICHUNG)",DOI:10.1186/s13012-017-0552-5,2
"ARNDT W.-H., 2019, MOBILITAT NACHHALTIG PLANEN: ERFOLGE UND HINDERNISSE IN DEUTSCHEN STADTEN-ERGEBNISSE EINER UMFRAGE ZU KOMMUNALEN VERKEHRSENTWICKLUNGSPLANEN (DIFU SONDERVEROFFENTLICHUNG)","HENDERSON J., 2019, STREET FIGHTS IN COPENHAGEN: BICYCLE AND CAR POLITICS IN A GREEN MOBILITY CITY",2
DOI:10.1016/j.cstp.2019.10.011,DOI:10.1093/eurpub/ckac069,2
DOI:10.1016/j.cstp.2022.02.011,DOI:10.1016/j.tbs.2021.04.003,2
DOI:10.1016/j.foodpol.2020.101873,DOI:10.1108/s2044-9941(2012)0000001004,2
DOI:10.1016/j.foodpol.2020.101873,DOI:10.1186/s12961-018-0320-2,2
DOI:10.1016/j.foodpol.2020.101873,DOI:10.1186/s13012-017-0552-5,2
DOI:10.1016/j.foodpol.2020.101873,"HENDERSON J., 2019, STREET FIGHTS IN COPENHAGEN: BICYCLE AND CAR POLITICS IN A GREEN MOBILITY CITY",2
DOI:10.1108/s2044-9941(2012)0000001004,DOI:10.1186/s12961-018-0320-2,2
DOI:10.1108/s2044-9941(2012)0000001004,DOI:10.1186/s13012-017-0552-5,2
DOI:10.1108/s2044-9941(2012)0000001004,"HENDERSON J., 2019, STREET FIGHTS IN COPENHAGEN: BICYCLE AND CAR POLITICS IN A GREEN MOBILITY CITY",2
DOI:10.1186/s12961-018-0320-2,DOI:10.1186/s13012-017-0552-5,2
DOI:10.1186/s12961-018-0320-2,"HENDERSON J., 2019, STREET FIGHTS IN COPENHAGEN: BICYCLE AND CAR POLITICS IN A GREEN MOBILITY CITY",2
DOI:10.1186/s13012-017-0552-5,"HENDERSON J., 2019, STREET FIGHTS IN COPENHAGEN: BICYCLE AND CAR POLITICS IN A GREEN MOBILITY CITY",2
DOI:10.1016/j.atmosenv.2015.04.009,DOI:10.1016/j.jth.2017.08.001,2
DOI:10.1016/j.erss.2016.03.026,DOI:10.1016/j.jtrangeo.2012.06.003,2
DOI:10.1016/j.jtrangeo.2012.06.003,DOI:10.3390/en13071788,2
DOI:10.1016/j.jtrangeo.2012.06.003,DOI:10.1016/j.enpol.2010.08.020,2
DOI:10.1016/j.eist.2017.05.002,DOI:10.1016/j.eist.2019.01.004,2
DOI:10.1016/j.eist.2017.05.002,DOI:10.1016/j.respol.2015.09.008,2
DOI:10.1016/j.eist.2017.05.002,DOI:10.2833/535670,2
DOI:10.1016/j.eist.2019.01.004,DOI:10.1016/j.respol.2015.09.008,2
DOI:10.1016/j.eist.2019.01.004,DOI:10.2833/535670,2
DOI:10.1016/j.respol.2015.09.008,DOI:10.2833/535670,2
DOI:10.1016/j.respol.2015.09.008,DOI:10.1016/j.respol.2011.12.012,2
DOI:10.1016/j.envint.2011.02.003,DOI:10.1016/j.aap.2016.04.039,2
DOI:10.1016/j.envint.2011.02.003,DOI:10.1016/j.jth.2017.02.011,2
DOI:10.1016/j.envint.2011.02.003,DOI:10.1016/j.trf.2016.06.022,2
DOI:10.1016/j.envint.2011.02.003,DOI:10.1186/s12966-014-0132-x,2
DOI:10.1016/j.envint.2011.02.003,DOI:10.3390/su11010221,2
DOI:10.1016/j.envint.2011.02.003,DOI:10.7307/ptt.v29i3.2265,2
DOI:10.1016/j.envint.2011.02.003,"EUROPEAN COMMISSION (EC), COM490 EC",2
DOI:10.1016/j.envint.2011.02.003,"EUROPEAN COMMISSION (EC), COM501 EC",2
DOI:10.1016/j.envint.2011.02.003,"EUROPEAN COMMISSION (EC), COM913 EC",2
DOI:10.1016/j.envint.2011.02.003,"GREEN G., 2014, HLTH CITIES PROMOTIN",2
DOI:10.1016/j.envint.2011.02.003,"LEP M., 2017, PROMETNA STUDIJA IZV",2
DOI:10.1016/j.envint.2011.02.003,"LEP M., 2018, PROMETNA STUDIJA IZV",2
DOI:10.1016/j.envint.2011.02.003,"MARSHALL S., 2001, PLANNING FOR A SUSTAINABLE FUTURE, P131",2
DOI:10.1016/j.envint.2011.02.003,"PLEVNIK A., 2012, PRIJAZNA MOBILNOST Z",2
DOI:10.1016/j.envint.2011.02.003,"PLEVNIK A., 2016, OKOLJE PROMET ZDRAVJ",2
DOI:10.1016/j.envint.2011.02.003,"VODNIK S, 2014, PROMETNA STUDIJA IZV",2
DOI:10.1016/j.envint.2011.02.003,"WHO, PHYS ACT KEY FACTS",2
DOI:10.1007/978-3-030-57764-3_16,DOI:10.1016/j.tra.2016.03.012,2
DOI:10.1007/978-3-030-57764-3_16,DOI:10.1080/00343404.2022.2058699,2
DOI:10.1016/j.tra.2016.03.012,DOI:10.1080/00343404.2022.2058699,2
DOI:10.1038/s41560-021-00856-z,DOI:10.11606/0103-2070.ts.2018.142763,2
DOI:10.1038/s41560-021-00856-z,DOI:10.1068/d11407,2
DOI:10.1590/2175-3369.010.001.ao06,"ARAÚJO MARLEY ROSANA MELO DE, 2011, PSICOL. SOC., V23, P574",2
DOI:10.1016/j.tra.2005.08.002,DOI:10.1016/s0965-8564(03)00027-2,2
DOI:10.1016/j.tra.2005.08.002,DOI:10.1016/s0967-070x(02)00049-5],2
DOI:10.1016/s0965-8564(03)00027-2,DOI:10.1016/s0967-070x(02)00049-5],2
DOI:10.1016/s0965-8564(03)00027-2,DOI:10.1016/s1361-9209(99)00038-3,2
DOI:10.1016/s0965-8564(03)00027-2,DOI:10.1504/ijgenvi.2009.026943,2
DOI:10.1080/09654313.2019.1612326,DOI:10.5198/jtlu.2016.571,2
DOI:10.1080/09654313.2019.1612326,DOI:10.5198/jtlu.2021.1710,2
DOI:10.5198/jtlu.2016.571,DOI:10.5198/jtlu.2021.1710,2
DOI:10.1016/j.aap.2016.04.039,DOI:10.1016/j.jth.2017.02.011,2
DOI:10.1016/j.aap.2016.04.039,DOI:10.1016/j.trf.2016.06.022,2
DOI:10.1016/j.aap.2016.04.039,DOI:10.1186/s12966-014-0132-x,2
DOI:10.1016/j.aap.2016.04.039,DOI:10.3390/su11010221,2
DOI:10.1016/j.aap.2016.04.039,DOI:10.7307/ptt.v29i3.2265,2
DOI:10.1016/j.aap.2016.04.039,"EUROPEAN COMMISSION (EC), COM490 EC",2
DOI:10.1016/j.aap.2016.04.039,"EUROPEAN COMMISSION (EC), COM501 EC",2
DOI:10.1016/j.aap.2016.04.039,"EUROPEAN COMMISSION (EC), COM913 EC",2
DOI:10.1016/j.aap.2016.04.039,"GREEN G., 2014, HLTH CITIES PROMOTIN",2
DOI:10.1016/j.aap.2016.04.039,"LEP M., 2017, PROMETNA STUDIJA IZV",2
DOI:10.1016/j.aap.2016.04.039,"LEP M., 2018, PROMETNA STUDIJA IZV",2
DOI:10.1016/j.aap.2016.04.039,"MARSHALL S., 2001, PLANNING FOR A SUSTAINABLE FUTURE, P131",2
DOI:10.1016/j.aap.2016.04.039,"PLEVNIK A., 2012, PRIJAZNA MOBILNOST Z",2
DOI:10.1016/j.aap.2016.04.039,"PLEVNIK A., 2016, OKOLJE PROMET ZDRAVJ",2
DOI:10.1016/j.aap.2016.04.039,"VODNIK S, 2014, PROMETNA STUDIJA IZV",2
DOI:10.1016/j.aap.2016.04.039,"WHO, PHYS ACT KEY FACTS",2
DOI:10.1016/j.jth.2017.02.011,DOI:10.1016/j.trf.2016.06.022,2
DOI:10.1016/j.jth.2017.02.011,DOI:10.1186/s12966-014-0132-x,2
DOI:10.1016/j.jth.2017.02.011,DOI:10.3390/su11010221,2
DOI:10.1016/j.jth.2017.02.011,DOI:10.7307/ptt.v29i3.2265,2
DOI:10.1016/j.jth.2017.02.011,"EUROPEAN COMMISSION (EC), COM490 EC",2
DOI:10.1016/j.jth.2017.02.011,"EUROPEAN COMMISSION (EC), COM501 EC",2
DOI:10.1016/j.jth.2017.02.011,"EUROPEAN COMMISSION (EC), COM913 EC",2
DOI:10.1016/j.jth.2017.02.011,"GREEN G., 2014, HLTH CITIES PROMOTIN",2
DOI:10.1016/j.jth.2017.02.011,"LEP M., 2017, PROMETNA STUDIJA IZV",2
DOI:10.1016/j.jth.2017.02.011,"LEP M., 2018, PROMETNA STUDIJA IZV",2
DOI:10.1016/j.jth.2017.02.011,"MARSHALL S., 2001, PLANNING FOR A SUSTAINABLE FUTURE, P131",2
DOI:10.1016/j.jth.2017.02.011,"PLEVNIK A., 2012, PRIJAZNA MOBILNOST Z",2
DOI:10.1016/j.jth.2017.02.011,"PLEVNIK A., 2016, OKOLJE PROMET ZDRAVJ",2
DOI:10.1016/j.jth.2017.02.011,"VODNIK S, 2014, PROMETNA STUDIJA IZV",2
DOI:10.1016/j.jth.2017.02.011,"WHO, PHYS ACT KEY FACTS",2
DOI:10.1016/j.trf.2016.06.022,DOI:10.1186/s12966-014-0132-x,2
DOI:10.1016/j.trf.2016.06.022,DOI:10.3390/su11010221,2
DOI:10.1016/j.trf.2016.06.022,DOI:10.7307/ptt.v29i3.2265,2
DOI:10.1016/j.trf.2016.06.022,"EUROPEAN COMMISSION (EC), COM490 EC",2
DOI:10.1016/j.trf.2016.06.022,"EUROPEAN COMMISSION (EC), COM501 EC",2
DOI:10.1016/j.trf.2016.06.022,"EUROPEAN COMMISSION (EC), COM913 EC",2
DOI:10.1016/j.trf.2016.06.022,"GREEN G., 2014, HLTH CITIES PROMOTIN",2
DOI:10.1016/j.trf.2016.06.022,"LEP M., 2017, PROMETNA STUDIJA IZV",2
DOI:10.1016/j.trf.2016.06.022,"LEP M., 2018, PROMETNA STUDIJA IZV",2
DOI:10.1016/j.trf.2016.06.022,"MARSHALL S., 2001, PLANNING FOR A SUSTAINABLE FUTURE, P131",2
DOI:10.1016/j.trf.2016.06.022,"PLEVNIK A., 2012, PRIJAZNA MOBILNOST Z",2
DOI:10.1016/j.trf.2016.06.022,"PLEVNIK A., 2016, OKOLJE PROMET ZDRAVJ",2
DOI:10.1016/j.trf.2016.06.022,"VODNIK S, 2014, PROMETNA STUDIJA IZV",2
DOI:10.1016/j.trf.2016.06.022,"WHO, PHYS ACT KEY FACTS",2
DOI:10.1186/s12966-014-0132-x,DOI:10.3390/su11010221,2
DOI:10.1186/s12966-014-0132-x,DOI:10.7307/ptt.v29i3.2265,2
DOI:10.1186/s12966-014-0132-x,"EUROPEAN COMMISSION (EC), COM490 EC",2
DOI:10.1186/s12966-014-0132-x,"EUROPEAN COMMISSION (EC), COM501 EC",2
DOI:10.1186/s12966-014-0132-x,"EUROPEAN COMMISSION (EC), COM913 EC",2
DOI:10.1186/s12966-014-0132-x,"GREEN G., 2014, HLTH CITIES PROMOTIN",2
DOI:10.1186/s12966-014-0132-x,"LEP M., 2017, PROMETNA STUDIJA IZV",2
DOI:10.1186/s12966-014-0132-x,"LEP M., 2018, PROMETNA STUDIJA IZV",2
DOI:10.1186/s12966-014-0132-x,"MARSHALL S., 2001, PLANNING FOR A SUSTAINABLE FUTURE, P131",2
DOI:10.1186/s12966-014-0132-x,"PLEVNIK A., 2012, PRIJAZNA MOBILNOST Z",2
DOI:10.1186/s12966-014-0132-x,"PLEVNIK A., 2016, OKOLJE PROMET ZDRAVJ",2
DOI:10.1186/s12966-014-0132-x,"VODNIK S, 2014, PROMETNA STUDIJA IZV",2
DOI:10.1186/s12966-014-0132-x,"WHO, PHYS ACT KEY FACTS",2
DOI:10.3390/su11010221,DOI:10.7307/ptt.v29i3.2265,2
DOI:10.3390/su11010221,"EUROPEAN COMMISSION (EC), COM490 EC",2
DOI:10.3390/su11010221,"EUROPEAN COMMISSION (EC), COM501 EC",2
DOI:10.3390/su11010221,"EUROPEAN COMMISSION (EC), COM913 EC",2
DOI:10.3390/su11010221,"GREEN G., 2014, HLTH CITIES PROMOTIN",2
DOI:10.3390/su11010221,"LEP M., 2017, PROMETNA STUDIJA IZV",2
DOI:10.3390/su11010221,"LEP M., 2018, PROMETNA STUDIJA IZV",2
DOI:10.3390/su11010221,"MARSHALL S., 2001, PLANNING FOR A SUSTAINABLE FUTURE, P131",2
DOI:10.3390/su11010221,"PLEVNIK A., 2012, PRIJAZNA MOBILNOST Z",2
DOI:10.3390/su11010221,"PLEVNIK A., 2016, OKOLJE PROMET ZDRAVJ",2
DOI:10.3390/su11010221,"VODNIK S, 2014, PROMETNA STUDIJA IZV",2
DOI:10.3390/su11010221,"WHO, PHYS ACT KEY FACTS",2
DOI:10.7307/ptt.v29i3.2265,"EUROPEAN COMMISSION (EC), COM490 EC",2
DOI:10.7307/ptt.v29i3.2265,"EUROPEAN COMMISSION (EC), COM501 EC",2
DOI:10.7307/ptt.v29i3.2265,"EUROPEAN COMMISSION (EC), COM913 EC",2
DOI:10.7307/ptt.v29i3.2265,"GREEN G., 2014, HLTH CITIES PROMOTIN",2
DOI:10.7307/ptt.v29i3.2265,"LEP M., 2017, PROMETNA STUDIJA IZV",2
DOI:10.7307/ptt.v29i3.2265,"LEP M., 2018, PROMETNA STUDIJA IZV",2
DOI:10.7307/ptt.v29i3.2265,"MARSHALL S., 2001, PLANNING FOR A SUSTAINABLE FUTURE, P131",2
DOI:10.7307/ptt.v29i3.2265,"PLEVNIK A., 2012, PRIJAZNA MOBILNOST Z",2
DOI:10.7307/ptt.v29i3.2265,"PLEVNIK A., 2016, OKOLJE PROMET ZDRAVJ",2
DOI:10.7307/ptt.v29i3.2265,"VODNIK S, 2014, PROMETNA STUDIJA IZV",2
DOI:10.7307/ptt.v29i3.2265,"WHO, PHYS ACT KEY FACTS",2
"EUROPEAN COMMISSION (EC), COM490 EC","EUROPEAN COMMISSION (EC), COM501 EC",2
"EUROPEAN COMMISSION (EC), COM490 EC","EUROPEAN COMMISSION (EC), COM913 EC",2
"EUROPEAN COMMISSION (EC), COM490 EC","GREEN G., 2014, HLTH CITIES PROMOTIN",2
"EUROPEAN COMMISSION (EC), COM490 EC","LEP M., 2017, PROMETNA STUDIJA IZV",2
"EUROPEAN COMMISSION (EC), COM490 EC","LEP M., 2018, PROMETNA STUDIJA IZV",2
"EUROPEAN COMMISSION (EC), COM490 EC","MARSHALL S., 2001, PLANNING FOR A SUSTAINABLE FUTURE, P131",2
"EUROPEAN COMMISSION (EC), COM490 EC","PLEVNIK A., 2012, PRIJAZNA MOBILNOST Z",2
"EUROPEAN COMMISSION (EC), COM490 EC","PLEVNIK A., 2016, OKOLJE PROMET ZDRAVJ",2
"EUROPEAN COMMISSION (EC), COM490 EC","VODNIK S, 2014, PROMETNA STUDIJA IZV",2
"EUROPEAN COMMISSION (EC), COM490 EC","WHO, PHYS ACT KEY FACTS",2
"EUROPEAN COMMISSION (EC), COM501 EC","EUROPEAN COMMISSION (EC), COM913 EC",2
"EUROPEAN COMMISSION (EC), COM501 EC","GREEN G., 2014, HLTH CITIES PROMOTIN",2
"EUROPEAN COMMISSION (EC), COM501 EC","LEP M., 2017, PROMETNA STUDIJA IZV",2
"EUROPEAN COMMISSION (EC), COM501 EC","LEP M., 2018, PROMETNA STUDIJA IZV",2
"EUROPEAN COMMISSION (EC), COM501 EC","MARSHALL S., 2001, PLANNING FOR A SUSTAINABLE FUTURE, P131",2
"EUROPEAN COMMISSION (EC), COM501 EC","PLEVNIK A., 2012, PRIJAZNA MOBILNOST Z",2
"EUROPEAN COMMISSION (EC), COM501 EC","PLEVNIK A., 2016, OKOLJE PROMET ZDRAVJ",2
"EUROPEAN COMMISSION (EC), COM501 EC","VODNIK S, 2014, PROMETNA STUDIJA IZV",2
"EUROPEAN COMMISSION (EC), COM501 EC","WHO, PHYS ACT KEY FACTS",2
"EUROPEAN COMMISSION (EC), COM913 EC","GREEN G., 2014, HLTH CITIES PROMOTIN",2
"EUROPEAN COMMISSION (EC), COM913 EC","LEP M., 2017, PROMETNA STUDIJA IZV",2
"EUROPEAN COMMISSION (EC), COM913 EC","LEP M., 2018, PROMETNA STUDIJA IZV",2
"EUROPEAN COMMISSION (EC), COM913 EC","MARSHALL S., 2001, PLANNING FOR A SUSTAINABLE FUTURE, P131",2
"EUROPEAN COMMISSION (EC), COM913 EC","PLEVNIK A., 2012, PRIJAZNA MOBILNOST Z",2
"EUROPEAN COMMISSION (EC), COM913 EC","PLEVNIK A., 2016, OKOLJE PROMET ZDRAVJ",2
"EUROPEAN COMMISSION (EC), COM913 EC","VODNIK S, 2014, PROMETNA STUDIJA IZV",2
"EUROPEAN COMMISSION (EC), COM913 EC","WHO, PHYS ACT KEY FACTS",2
"GREEN G., 2014, HLTH CITIES PROMOTIN","LEP M., 2017, PROMETNA STUDIJA IZV",2
"GREEN G., 2014, HLTH CITIES PROMOTIN","LEP M., 2018, PROMETNA STUDIJA IZV",2
"GREEN G., 2014, HLTH CITIES PROMOTIN","MARSHALL S., 2001, PLANNING FOR A SUSTAINABLE FUTURE, P131",2
"GREEN G., 2014, HLTH CITIES PROMOTIN","PLEVNIK A., 2012, PRIJAZNA MOBILNOST Z",2
"GREEN G., 2014, HLTH CITIES PROMOTIN","PLEVNIK A., 2016, OKOLJE PROMET ZDRAVJ",2
"GREEN G., 2014, HLTH CITIES PROMOTIN","VODNIK S, 2014, PROMETNA STUDIJA IZV",2
"GREEN G., 2014, HLTH CITIES PROMOTIN","WHO, PHYS ACT KEY FACTS",2
"LEP M., 2017, PROMETNA STUDIJA IZV","LEP M., 2018, PROMETNA STUDIJA IZV",2
"LEP M., 2017, PROMETNA STUDIJA IZV","MARSHALL S., 2001, PLANNING FOR A SUSTAINABLE FUTURE, P131",2
"LEP M., 2017, PROMETNA STUDIJA IZV","PLEVNIK A., 2012, PRIJAZNA MOBILNOST Z",2
"LEP M., 2017, PROMETNA STUDIJA IZV","PLEVNIK A., 2016, OKOLJE PROMET ZDRAVJ",2
"LEP M., 2017, PROMETNA STUDIJA IZV","VODNIK S, 2014, PROMETNA STUDIJA IZV",2
"LEP M., 2017, PROMETNA STUDIJA IZV","WHO, PHYS ACT KEY FACTS",2
"LEP M., 2018, PROMETNA STUDIJA IZV","MARSHALL S., 2001, PLANNING FOR A SUSTAINABLE FUTURE, P131",2
"LEP M., 2018, PROMETNA STUDIJA IZV","PLEVNIK A., 2012, PRIJAZNA MOBILNOST Z",2
"LEP M., 2018, PROMETNA STUDIJA IZV","PLEVNIK A., 2016, OKOLJE PROMET ZDRAVJ",2
"LEP M., 2018, PROMETNA STUDIJA IZV","VODNIK S, 2014, PROMETNA STUDIJA IZV",2
"LEP M., 2018, PROMETNA STUDIJA IZV","WHO, PHYS ACT KEY FACTS",2
"MARSHALL S., 2001, PLANNING FOR A SUSTAINABLE FUTURE, P131","PLEVNIK A., 2012, PRIJAZNA MOBILNOST Z",2
"MARSHALL S., 2001, PLANNING FOR A SUSTAINABLE FUTURE, P131","PLEVNIK A., 2016, OKOLJE PROMET ZDRAVJ",2
"MARSHALL S., 2001, PLANNING FOR A SUSTAINABLE FUTURE, P131","VODNIK S, 2014, PROMETNA STUDIJA IZV",2
"MARSHALL S., 2001, PLANNING FOR A SUSTAINABLE FUTURE, P131","WHO, PHYS ACT KEY FACTS",2
"PLEVNIK A., 2012, PRIJAZNA MOBILNOST Z","PLEVNIK A., 2016, OKOLJE PROMET ZDRAVJ",2
"PLEVNIK A., 2012, PRIJAZNA MOBILNOST Z","VODNIK S, 2014, PROMETNA STUDIJA IZV",2
"PLEVNIK A., 2012, PRIJAZNA MOBILNOST Z","WHO, PHYS ACT KEY FACTS",2
"PLEVNIK A., 2016, OKOLJE PROMET ZDRAVJ","VODNIK S, 2014, PROMETNA STUDIJA IZV",2
"PLEVNIK A., 2016, OKOLJE PROMET ZDRAVJ","WHO, PHYS ACT KEY FACTS",2
"VODNIK S, 2014, PROMETNA STUDIJA IZV","WHO, PHYS ACT KEY FACTS",2
"PORTO M., 2022, LA MOVILIDAD QUE QUEREMOS. PARA UNA CIUDAD SOSTENIBLE, SALUDABLE Y SEGURA","SANZ A., 2008, CALMAR EL TRAFICO. PASOS PARA UNA NUEVA CULTURA DE LA MOVILIDAD URBANA",2
DOI:10.1016/j.ssci.2008.10.023,DOI:10.1057/udi.2009.31,2
DOI:10.1068/d11407,DOI:10.1177/1473095207075161,2
DOI:10.1177/08854122211012898,"LODOVICI M.S., 2015, SOCIAL INCLUSION IN EU PUBLIC TRANSPORT",2
"COSTA MS, 2005, URBAN TRANSPORT XI, P323",DOI:10.1016/j.tra.2005.12.004,2
DOI:10.1016/j.ssci.2015.07.017,DOI:10.1136/ip.9.3.205rep,2
DOI:10.1016/j.ssci.2015.07.017,DOI:10.1177/0885412209335553,2
DOI:10.1136/ip.9.3.205rep,DOI:10.1177/0885412209335553,2
DOI:10.1016/j.habitatint.2009.09.008,DOI:10.1016/j.tranpol.2014.10.017,2
DOI:10.1016/j.sbspro.2014.12.222,DOI:10.1061/(asce)0733-9488(2002)128:4(184),2
DOI:10.1016/j.sbspro.2014.12.222,"HIRSCHI C, 2002, GERMAN POLICY STUDIE, V2, P1",2
DOI:10.1007/978-981-10-4888-33],DOI:10.1016/j.iatssr.2020.06.002,2
DOI:10.1007/978-981-10-4888-33],DOI:10.1080/23311916.2017.1326548,2
DOI:10.1007/978-981-10-4888-33],DOI:10.1080/23311916.2020.1759395,2
DOI:10.1007/978-981-10-4888-33],DOI:10.1108/srj-09-2017-0174,2
DOI:10.1007/978-981-10-4888-33],DOI:10.3390/su122410420,2
DOI:10.1016/j.aap.2012.12.017,DOI:10.1186/1476-069x-8-47,2
DOI:10.1016/j.iatssr.2020.06.002,DOI:10.1080/23311916.2017.1326548,2
DOI:10.1016/j.iatssr.2020.06.002,DOI:10.1080/23311916.2020.1759395,2
DOI:10.1016/j.iatssr.2020.06.002,DOI:10.1108/srj-09-2017-0174,2
DOI:10.1016/j.iatssr.2020.06.002,DOI:10.3390/su122410420,2
DOI:10.1080/23311916.2017.1326548,DOI:10.1080/23311916.2020.1759395,2
DOI:10.1080/23311916.2017.1326548,DOI:10.1108/srj-09-2017-0174,2
DOI:10.1080/23311916.2017.1326548,DOI:10.3390/su122410420,2
DOI:10.1080/23311916.2020.1759395,DOI:10.1108/srj-09-2017-0174,2
DOI:10.1080/23311916.2020.1759395,DOI:10.3390/su122410420,2
DOI:10.1108/srj-09-2017-0174,DOI:10.3390/su122410420,2
DOI:10.1016/j.jtrangeo.2014.07.010,DOI:10.1016/j.tranpol.2014.09.010,2
DOI:10.17559/tv-20160927163837,DOI:10.1002/j.1556-6678.2007.tb00462.x,2
DOI:10.17559/tv-20160927163837,DOI:10.1016/j.eswa.2006.08.022,2
DOI:10.17559/tv-20160927163837,DOI:10.1783/147118906778586598,2
DOI:10.1016/j.rtbm.2020.100432,DOI:10.1016/j.tranpol.2014.10.017,2
DOI:10.1016/j.tranpol.2014.10.017,"RUBIM BARBARA, 2013, ESTUD. AV., V27, P55",3
DOI:10.1016/j.tranpol.2014.10.017,DOI:10.1002/9781119176831,2
DOI:10.1016/j.tranpol.2014.10.017,DOI:10.1080/21680566.2014.916236,2
DOI:10.1016/j.tra.2016.10.013,"LITMAN TODD., 2013, AUTONOMOUS VEHICLE IMPLEMENTATION PREDICTIONS: IMPLICATIONS FOR TRANSPORT PLANNING",2
DOI:10.1016/j.trd.2020.102283,DOI:10.1080/15568318.2020.1798571,2
DOI:10.1016/j.eiar.2010.11.001,DOI:10.1016/j.sbspro.2011.08.104,2
DOI:10.1016/j.sbspro.2011.08.104,DOI:10.1016/j.apm.2011.07.033,2
DOI:10.1016/j.sbspro.2011.08.104,DOI:10.1016/j.envsoft.2010.11.010,2
DOI:10.1016/j.sbspro.2011.08.104,DOI:10.1016/j.jpowsour.2007.01.052,2
DOI:10.1016/j.sbspro.2011.08.104,DOI:10.1016/j.tranpol.2012.10.001,2
DOI:10.1016/j.sbspro.2011.08.104,DOI:10.1016/j.trd.2008.03.005,2
DOI:10.1016/j.sbspro.2011.08.104,DOI:10.1016/j.trpro.2015.09.031,2
DOI:10.1016/j.sbspro.2011.08.104,DOI:10.1504/ijgenvi.2009.026943,2
DOI:10.1016/j.sbspro.2011.08.104,"FORRESTER J.W., 1969, URBAN DYNAMICS",2
DOI:10.1016/j.sbspro.2011.08.104,"MOHAN D, 1999, ECON POLIT WEEKLY, V34, P1589",2
DOI:10.1016/j.sbspro.2011.08.104,"TAO C.-C., 2003, JOURNAL OF THE EASTERN ASIA SOCIETY FOR TRANSPORTATION STUDIES, V5, P3329",2
DOI:10.1016/j.sbspro.2011.08.104,"[ANONYMOUS], 2009, INT J SERVICES SCI",2
DOI:10.1016/j.respol.2013.05.008,DOI:10.1080/23299460.2014.963004,2
DOI:10.1016/j.respol.2013.05.008,DOI:10.4337/9781784715946.00010,2
DOI:10.1080/23299460.2014.963004,DOI:10.4337/9781784715946.00010,2
DOI:10.1007/s00500-017-2491-0,DOI:10.1007/s12597-015-0246-1,2
DOI:10.1007/s00500-017-2491-0,DOI:10.1016/j.apm.2011.08.044,2
DOI:10.1007/s00500-017-2491-0,DOI:10.1016/j.enpol.2013.03.011,2
DOI:10.1007/s00500-017-2491-0,DOI:10.1016/j.ijpe.2016.11.016,2
DOI:10.1007/s00500-017-2491-0,DOI:10.1016/j.ijpe.2018.07.021,2
DOI:10.1007/s00500-017-2491-0,DOI:10.1016/j.resourpol.2018.04.007,2
DOI:10.1007/s00500-017-2491-0,DOI:10.1186/2195-5468-2-11],2
DOI:10.1007/s00500-017-2491-0,"SHIRAZI N, 2015, INDUSTRIAL ENGINEERING AND MANAGEMENT, V2, P27",2
DOI:10.1007/s10479-019-03451-4,DOI:10.1007/s40747-020-00251-3,2
DOI:10.1007/s10479-019-03451-4,DOI:10.1016/j.resourpol.2018.04.007,2
DOI:10.1007/s12597-015-0246-1,DOI:10.1016/j.apm.2011.08.044,2
DOI:10.1007/s12597-015-0246-1,DOI:10.1016/j.enpol.2013.03.011,2
DOI:10.1007/s12597-015-0246-1,DOI:10.1016/j.ijpe.2016.11.016,2
DOI:10.1007/s12597-015-0246-1,DOI:10.1016/j.ijpe.2018.07.021,2
DOI:10.1007/s12597-015-0246-1,DOI:10.1016/j.resourpol.2018.04.007,2
DOI:10.1007/s12597-015-0246-1,DOI:10.1186/2195-5468-2-11],2
DOI:10.1007/s12597-015-0246-1,"SHIRAZI N, 2015, INDUSTRIAL ENGINEERING AND MANAGEMENT, V2, P27",2
DOI:10.1007/s40747-020-00251-3,DOI:10.1016/j.resourpol.2018.04.007,2
DOI:10.1007/s40747-020-00251-3,DOI:10.1007/s13042-020-01197-1,2
DOI:10.1016/j.apm.2011.08.044,DOI:10.1016/j.enpol.2013.03.011,2
DOI:10.1016/j.apm.2011.08.044,DOI:10.1016/j.ijpe.2016.11.016,2
DOI:10.1016/j.apm.2011.08.044,DOI:10.1016/j.ijpe.2018.07.021,2
DOI:10.1016/j.apm.2011.08.044,DOI:10.1016/j.resourpol.2018.04.007,2
DOI:10.1016/j.apm.2011.08.044,DOI:10.1186/2195-5468-2-11],2
DOI:10.1016/j.apm.2011.08.044,"SHIRAZI N, 2015, INDUSTRIAL ENGINEERING AND MANAGEMENT, V2, P27",2
DOI:10.1016/j.enpol.2013.03.011,DOI:10.1016/j.ijpe.2016.11.016,2
DOI:10.1016/j.enpol.2013.03.011,DOI:10.1016/j.ijpe.2018.07.021,2
DOI:10.1016/j.enpol.2013.03.011,DOI:10.1016/j.resourpol.2018.04.007,2
DOI:10.1016/j.enpol.2013.03.011,DOI:10.1186/2195-5468-2-11],2
DOI:10.1016/j.enpol.2013.03.011,"SHIRAZI N, 2015, INDUSTRIAL ENGINEERING AND MANAGEMENT, V2, P27",2
DOI:10.1016/j.ijpe.2016.11.016,DOI:10.1016/j.ijpe.2018.07.021,2
DOI:10.1016/j.ijpe.2016.11.016,DOI:10.1016/j.resourpol.2018.04.007,2
DOI:10.1016/j.ijpe.2016.11.016,DOI:10.1186/2195-5468-2-11],2
DOI:10.1016/j.ijpe.2016.11.016,"SHIRAZI N, 2015, INDUSTRIAL ENGINEERING AND MANAGEMENT, V2, P27",2
DOI:10.1016/j.ijpe.2018.07.021,DOI:10.1016/j.resourpol.2018.04.007,2
DOI:10.1016/j.ijpe.2018.07.021,DOI:10.1186/2195-5468-2-11],2
DOI:10.1016/j.ijpe.2018.07.021,"SHIRAZI N, 2015, INDUSTRIAL ENGINEERING AND MANAGEMENT, V2, P27",2
DOI:10.1016/j.resourpol.2018.04.007,DOI:10.1186/2195-5468-2-11],2
DOI:10.1016/j.resourpol.2018.04.007,"SHIRAZI N, 2015, INDUSTRIAL ENGINEERING AND MANAGEMENT, V2, P27",2
DOI:10.1186/2195-5468-2-11],"SHIRAZI N, 2015, INDUSTRIAL ENGINEERING AND MANAGEMENT, V2, P27",2
DOI:10.1109/access.2021.3070054,DOI:10.1109/iccke.2016.7802107,2
DOI:10.1016/j.respol.2021.104412,DOI:10.1038/s41893-021-00749-9,2
DOI:10.1016/j.respol.2021.104412,DOI:10.1080/09644016.2018.1443743,2
DOI:10.1016/j.respol.2021.104412,DOI:10.1111/1745-5871.12456,2
DOI:10.1016/j.respol.2021.104412,DOI:10.14512/tatup.30.1.23],2
DOI:10.1038/s41893-021-00749-9,DOI:10.1080/09644016.2018.1443743,2
DOI:10.1038/s41893-021-00749-9,DOI:10.1111/1745-5871.12456,2
DOI:10.1038/s41893-021-00749-9,DOI:10.14512/tatup.30.1.23],2
DOI:10.1080/09644016.2018.1443743,DOI:10.1111/1745-5871.12456,2
DOI:10.1080/09644016.2018.1443743,DOI:10.14512/tatup.30.1.23],2
DOI:10.1111/1745-5871.12456,DOI:10.14512/tatup.30.1.23],2
DOI:10.1016/j.iatssr.2014.06.001,"GOMIDE ALEXANDRE DE ÁVILA, 2013, ESTUD. AV., V27, P27",2
DOI:10.1007/s11067-013-9209-3,DOI:10.1016/j.jbusres.2012.02.024,2
DOI:10.1007/s11067-013-9209-3,DOI:10.1021/ja01453a010,2
DOI:10.1007/s11067-013-9209-3,DOI:10.1155/2013/601468,2
DOI:10.1016/j.jbusres.2012.02.024,DOI:10.1021/ja01453a010,2
DOI:10.1016/j.jbusres.2012.02.024,DOI:10.1155/2013/601468,2
DOI:10.1021/ja01453a010,DOI:10.1155/2013/601468,2
DOI:10.1002/atr.5670370102,DOI:10.1016/s1570-6672(08)60027-6,2
DOI:10.1016/s1570-6672(08)60027-6,DOI:10.1016/j.trd.2008.03.005,2
DOI:10.1016/s1570-6672(08)60027-6,DOI:10.1016/j.trd.2014.05.016,2
DOI:10.1016/s1570-6672(08)60027-6,DOI:10.1016/j.tre.2014.09.011,2
DOI:10.1016/s1570-6672(08)60027-6,DOI:10.1057/palgrave.jors.2601336,2
DOI:10.1016/s1570-6672(08)60027-6,"FORRESTER J.W., 1969, URBAN DYNAMICS",2
DOI:10.1016/s1570-6672(08)60027-6,"BERNARDINO JPR, 2013, EUR J TRANSP INFRAST, V13, P239",2
DOI:10.1016/s1570-6672(08)60027-6,DOI:10.1016/0965-8564(94)90022-1,3
DOI:10.1016/s1570-6672(08)60027-6,DOI:10.1080/21680566.2014.916236,4
DOI:10.1016/s1570-6672(08)60027-6,"STERMAN J.D., 2000, BUSINESS DYNAMICS",2
DOI:10.1016/s1570-6672(08)60027-6,DOI:10.1016/j.jclepro.2017.11.152,2
DOI:10.1016/s1570-6672(08)60027-6,"SAYYADI REZA, 2017, INTERNATIONAL JOURNAL OF MODELLING AND SIMULATION, V37, P25, DOI [10.1080/02286203.2016.1219806, 10.1080/02286203.2016.1219806]",2
DOI:10.1016/s1361-9209(99)00038-3,DOI:10.1504/ijgenvi.2009.026943,2
DOI:10.1504/ijgenvi.2009.026943,DOI:10.1016/j.apm.2011.07.033,2
DOI:10.1504/ijgenvi.2009.026943,DOI:10.1016/j.envsoft.2010.11.010,2
DOI:10.1504/ijgenvi.2009.026943,DOI:10.1016/j.jpowsour.2007.01.052,2
DOI:10.1504/ijgenvi.2009.026943,DOI:10.1016/j.tranpol.2012.10.001,2
DOI:10.1504/ijgenvi.2009.026943,DOI:10.1016/j.trd.2008.03.005,2
DOI:10.1504/ijgenvi.2009.026943,DOI:10.1016/j.trpro.2015.09.031,2
DOI:10.1504/ijgenvi.2009.026943,"FORRESTER J.W., 1969, URBAN DYNAMICS",2
DOI:10.1504/ijgenvi.2009.026943,"MOHAN D, 1999, ECON POLIT WEEKLY, V34, P1589",2
DOI:10.1504/ijgenvi.2009.026943,"TAO C.-C., 2003, JOURNAL OF THE EASTERN ASIA SOCIETY FOR TRANSPORTATION STUDIES, V5, P3329",2
DOI:10.1504/ijgenvi.2009.026943,"[ANONYMOUS], 2009, INT J SERVICES SCI",2
DOI:10.1016/j.envsoft.2010.11.010,DOI:10.1016/j.apm.2011.07.033,2
DOI:10.1016/j.envsoft.2010.11.010,DOI:10.1016/j.jpowsour.2007.01.052,2
DOI:10.1016/j.envsoft.2010.11.010,DOI:10.1016/j.tranpol.2012.10.001,2
DOI:10.1016/j.envsoft.2010.11.010,DOI:10.1016/j.trd.2008.03.005,2
DOI:10.1016/j.envsoft.2010.11.010,DOI:10.1016/j.trpro.2015.09.031,2
DOI:10.1016/j.envsoft.2010.11.010,"FORRESTER J.W., 1969, URBAN DYNAMICS",2
DOI:10.1016/j.envsoft.2010.11.010,"MOHAN D, 1999, ECON POLIT WEEKLY, V34, P1589",2
DOI:10.1016/j.envsoft.2010.11.010,"TAO C.-C., 2003, JOURNAL OF THE EASTERN ASIA SOCIETY FOR TRANSPORTATION STUDIES, V5, P3329",2
DOI:10.1016/j.envsoft.2010.11.010,"[ANONYMOUS], 2009, INT J SERVICES SCI",2
DOI:10.1080/01441647.2020.1829742,DOI:10.1080/17450101.2023.2200148,2
DOI:10.1016/j.apm.2011.07.033,DOI:10.1016/j.jpowsour.2007.01.052,2
DOI:10.1016/j.apm.2011.07.033,DOI:10.1016/j.tranpol.2012.10.001,2
DOI:10.1016/j.apm.2011.07.033,DOI:10.1016/j.trd.2008.03.005,2
DOI:10.1016/j.apm.2011.07.033,DOI:10.1016/j.trpro.2015.09.031,2
DOI:10.1016/j.apm.2011.07.033,"FORRESTER J.W., 1969, URBAN DYNAMICS",2
DOI:10.1016/j.apm.2011.07.033,"MOHAN D, 1999, ECON POLIT WEEKLY, V34, P1589",2
DOI:10.1016/j.apm.2011.07.033,"TAO C.-C., 2003, JOURNAL OF THE EASTERN ASIA SOCIETY FOR TRANSPORTATION STUDIES, V5, P3329",2
DOI:10.1016/j.apm.2011.07.033,"[ANONYMOUS], 2009, INT J SERVICES SCI",2
DOI:10.1016/j.jpowsour.2007.01.052,DOI:10.1016/j.tranpol.2012.10.001,2
DOI:10.1016/j.jpowsour.2007.01.052,DOI:10.1016/j.trd.2008.03.005,2
DOI:10.1016/j.jpowsour.2007.01.052,DOI:10.1016/j.trpro.2015.09.031,2
DOI:10.1016/j.jpowsour.2007.01.052,"FORRESTER J.W., 1969, URBAN DYNAMICS",2
DOI:10.1016/j.jpowsour.2007.01.052,"MOHAN D, 1999, ECON POLIT WEEKLY, V34, P1589",2
DOI:10.1016/j.jpowsour.2007.01.052,"TAO C.-C., 2003, JOURNAL OF THE EASTERN ASIA SOCIETY FOR TRANSPORTATION STUDIES, V5, P3329",2
DOI:10.1016/j.jpowsour.2007.01.052,"[ANONYMOUS], 2009, INT J SERVICES SCI",2
DOI:10.1016/j.tranpol.2012.10.001,DOI:10.1016/j.trd.2008.03.005,2
DOI:10.1016/j.tranpol.2012.10.001,DOI:10.1016/j.trpro.2015.09.031,2
DOI:10.1016/j.tranpol.2012.10.001,"FORRESTER J.W., 1969, URBAN DYNAMICS",2
DOI:10.1016/j.tranpol.2012.10.001,"MOHAN D, 1999, ECON POLIT WEEKLY, V34, P1589",2
DOI:10.1016/j.tranpol.2012.10.001,"TAO C.-C., 2003, JOURNAL OF THE EASTERN ASIA SOCIETY FOR TRANSPORTATION STUDIES, V5, P3329",2
DOI:10.1016/j.tranpol.2012.10.001,"[ANONYMOUS], 2009, INT J SERVICES SCI",2
DOI:10.1016/j.trd.2008.03.005,DOI:10.1016/j.trpro.2015.09.031,2
DOI:10.1016/j.trd.2008.03.005,"FORRESTER J.W., 1969, URBAN DYNAMICS",3
DOI:10.1016/j.trd.2008.03.005,"MOHAN D, 1999, ECON POLIT WEEKLY, V34, P1589",2
DOI:10.1016/j.trd.2008.03.005,"TAO C.-C., 2003, JOURNAL OF THE EASTERN ASIA SOCIETY FOR TRANSPORTATION STUDIES, V5, P3329",2
DOI:10.1016/j.trd.2008.03.005,"[ANONYMOUS], 2009, INT J SERVICES SCI",2
DOI:10.1016/j.trd.2014.05.016,DOI:10.1016/j.tre.2014.09.011,2
DOI:10.1016/j.trpro.2015.09.031,"FORRESTER J.W., 1969, URBAN DYNAMICS",2
DOI:10.1016/j.trpro.2015.09.031,"MOHAN D, 1999, ECON POLIT WEEKLY, V34, P1589",2
DOI:10.1016/j.trpro.2015.09.031,"TAO C.-C., 2003, JOURNAL OF THE EASTERN ASIA SOCIETY FOR TRANSPORTATION STUDIES, V5, P3329",2
DOI:10.1016/j.trpro.2015.09.031,"[ANONYMOUS], 2009, INT J SERVICES SCI",2
DOI:10.1057/palgrave.jors.2601336,DOI:10.1016/j.tranpol.2018.09.014,2
DOI:10.1057/palgrave.jors.2601336,DOI:10.1080/17477778.2019.1701392,2
DOI:10.1057/palgrave.jors.2601336,DOI:10.1080/21680566.2014.916236,2
"FORRESTER J.W., 1969, URBAN DYNAMICS","MOHAN D, 1999, ECON POLIT WEEKLY, V34, P1589",2
"FORRESTER J.W., 1969, URBAN DYNAMICS","TAO C.-C., 2003, JOURNAL OF THE EASTERN ASIA SOCIETY FOR TRANSPORTATION STUDIES, V5, P3329",2
"FORRESTER J.W., 1969, URBAN DYNAMICS","[ANONYMOUS], 2009, INT J SERVICES SCI",2
"MOHAN D, 1999, ECON POLIT WEEKLY, V34, P1589","TAO C.-C., 2003, JOURNAL OF THE EASTERN ASIA SOCIETY FOR TRANSPORTATION STUDIES, V5, P3329",2
"MOHAN D, 1999, ECON POLIT WEEKLY, V34, P1589","[ANONYMOUS], 2009, INT J SERVICES SCI",2
"TAO C.-C., 2003, JOURNAL OF THE EASTERN ASIA SOCIETY FOR TRANSPORTATION STUDIES, V5, P3329","[ANONYMOUS], 2009, INT J SERVICES SCI",2
"AN F., 1993, TRANSPORT RES REC, P105","BAKER M. A., 1994, THESIS",2
"AN F., 1993, TRANSPORT RES REC, P105",DOI:10.1016/j.jtrangeo.2014.11.004,2
"AN F., 1993, TRANSPORT RES REC, P105",DOI:10.1016/j.trd.2015.04.013,2
"AN F., 1993, TRANSPORT RES REC, P105",DOI:10.1080/02693799108927856,2
"AN F., 1993, TRANSPORT RES REC, P105",DOI:10.1080/13658810802097485,2
"AN F., 1993, TRANSPORT RES REC, P105",DOI:10.1111/j.1467-8667.2012.00756.x,2
"AN F., 1993, TRANSPORT RES REC, P105",DOI:10.1111/j.1538-4632.1999.tb00976.x,2
"BAKER M. A., 1994, THESIS",DOI:10.1016/j.jtrangeo.2014.11.004,2
"BAKER M. A., 1994, THESIS",DOI:10.1016/j.trd.2015.04.013,2
"BAKER M. A., 1994, THESIS",DOI:10.1080/02693799108927856,2
"BAKER M. A., 1994, THESIS",DOI:10.1080/13658810802097485,2
"BAKER M. A., 1994, THESIS",DOI:10.1111/j.1467-8667.2012.00756.x,2
"BAKER M. A., 1994, THESIS",DOI:10.1111/j.1538-4632.1999.tb00976.x,2
DOI:10.1016/j.jtrangeo.2014.11.004,DOI:10.1016/j.trd.2015.04.013,2
DOI:10.1016/j.jtrangeo.2014.11.004,DOI:10.1080/02693799108927856,2
DOI:10.1016/j.jtrangeo.2014.11.004,DOI:10.1080/13658810802097485,2
DOI:10.1016/j.jtrangeo.2014.11.004,DOI:10.1111/j.1467-8667.2012.00756.x,2
DOI:10.1016/j.jtrangeo.2014.11.004,DOI:10.1111/j.1538-4632.1999.tb00976.x,2
DOI:10.1016/j.trd.2015.04.013,DOI:10.1080/02693799108927856,2
DOI:10.1016/j.trd.2015.04.013,DOI:10.1080/13658810802097485,2
DOI:10.1016/j.trd.2015.04.013,DOI:10.1111/j.1467-8667.2012.00756.x,2
DOI:10.1016/j.trd.2015.04.013,DOI:10.1111/j.1538-4632.1999.tb00976.x,2
DOI:10.1016/j.trd.2017.07.022,DOI:10.1108/9780080460550-007,2
DOI:10.1080/02693799108927856,DOI:10.1080/13658810802097485,2
DOI:10.1080/02693799108927856,DOI:10.1111/j.1467-8667.2012.00756.x,2
DOI:10.1080/02693799108927856,DOI:10.1111/j.1538-4632.1999.tb00976.x,2
DOI:10.1080/13658810802097485,DOI:10.1111/j.1467-8667.2012.00756.x,2
DOI:10.1080/13658810802097485,DOI:10.1111/j.1538-4632.1999.tb00976.x,2
DOI:10.1111/j.1467-8667.2012.00756.x,DOI:10.1111/j.1538-4632.1999.tb00976.x,2
DOI:10.1007/978-3-030-19581-6_2,DOI:10.1080/17450100600726654],2
DOI:10.1007/978-3-030-19581-6_2,DOI:10.1186/s40410-017-0071-3,2
DOI:10.1080/0144164042000195081,"[ANONYMOUS], 2004, THESIS MIT CAMBRIDGE",2
DOI:10.1080/17450100600726654],DOI:10.1186/s40410-017-0071-3,2
DOI:10.1016/j.envpol.2020.114466,DOI:10.1038/s41558-020-0797-x,2
DOI:10.1016/j.jtrangeo.2022.103419,DOI:10.1177/2399808320987093,2
DOI:10.1016/j.jmse.2021.03.003,DOI:10.1177/2399808318796416,2
"BERNARDINO JPR, 2013, EUR J TRANSP INFRAST, V13, P239",DOI:10.1016/0965-8564(94)90022-1,2
"BERNARDINO JPR, 2013, EUR J TRANSP INFRAST, V13, P239",DOI:10.1080/21680566.2014.916236,3
"BERNARDINO JPR, 2013, EUR J TRANSP INFRAST, V13, P239","STERMAN J.D., 2000, BUSINESS DYNAMICS",3
"BERNARDINO JPR, 2013, EUR J TRANSP INFRAST, V13, P239",DOI:10.1007/s10666-016-9539-x,2
"BERNARDINO JPR, 2013, EUR J TRANSP INFRAST, V13, P239",DOI:10.1016/j.jclepro.2015.09.001,2
"BERNARDINO JPR, 2013, EUR J TRANSP INFRAST, V13, P239",DOI:10.1016/j.tra.2013.11.007,2
"BERNARDINO JPR, 2013, EUR J TRANSP INFRAST, V13, P239",DOI:10.1016/j.tranpol.2016.12.003,2
"BERNARDINO JPR, 2013, EUR J TRANSP INFRAST, V13, P239",DOI:10.1016/j.trpro.2014.11.040,2
"BERNARDINO JPR, 2013, EUR J TRANSP INFRAST, V13, P239",DOI:10.1371/journal.pone.0114135,2
"BERNARDINO JPR, 2013, EUR J TRANSP INFRAST, V13, P239","SAYYADI REZA, 2017, INTERNATIONAL JOURNAL OF MODELLING AND SIMULATION, V37, P25, DOI [10.1080/02286203.2016.1219806, 10.1080/02286203.2016.1219806]",2
DOI:10.1016/0965-8564(94)90022-1,DOI:10.1016/j.techfore.2016.08.016,2
DOI:10.1016/0965-8564(94)90022-1,DOI:10.1080/21680566.2014.916236,4
DOI:10.1016/0965-8564(94)90022-1,"STERMAN J.D., 2000, BUSINESS DYNAMICS",3
DOI:10.1016/0965-8564(94)90022-1,DOI:10.1016/0038-0121(80)90026-9,2
DOI:10.1016/j.techfore.2016.08.016,DOI:10.1080/21680566.2014.916236,2
DOI:10.1016/j.techfore.2016.08.016,"STERMAN J.D., 2000, BUSINESS DYNAMICS",2
DOI:10.1080/21680566.2014.916236,"STERMAN J.D., 2000, BUSINESS DYNAMICS",4
DOI:10.1080/21680566.2014.916236,DOI:10.1016/0038-0121(80)90026-9,2
DOI:10.1080/21680566.2014.916236,"BTS (BUREAL OF TRANSPORTATION STATISTICS), 2017, TABL 1 36M ROADW VEH",2
DOI:10.1080/21680566.2014.916236,"CARVALHO CHR., 2011, EMISSOES RELATIVAS P",2
DOI:10.1080/21680566.2014.916236,"DNIT (BRAZILIAN DEPARTMENT OF TRANSPORT INFRASTRUCTURE), 2018, CUST MED GER",2
DOI:10.1080/21680566.2014.916236,DOI:10.1016/j.jclepro.2017.11.152,2
DOI:10.1080/21680566.2014.916236,DOI:10.1016/j.tranpol.2018.09.014,3
DOI:10.1080/21680566.2014.916236,DOI:10.1080/17477778.2019.1701392,2
DOI:10.1080/21680566.2014.916236,DOI:10.1504/pie.2015.076895],2
DOI:10.1080/21680566.2014.916236,DOI:10.19177/ufd.v7e12201659-67],2
DOI:10.1080/21680566.2014.916236,"GOVERNMENT OF RIO DE JANEIRO, 2015, PLAN DIR TRANSP URB",2
DOI:10.1080/21680566.2014.916236,"IBGE, 2018, PROJ POP BRAS UN FED",2
DOI:10.1080/21680566.2014.916236,"INSTITUTO BRASILEIRO DE GEOGRAFIA E ESTATISTICA-IBGE, 2015, PROD INT BRUT MUN",2
DOI:10.1080/21680566.2014.916236,"PERKINS AND WILL, 2018, DES FUT MOB DEV FRAM",2
DOI:10.1080/21680566.2014.916236,"REPLOGLE M.A., 2014, A GLOBAL HIGH SHIFT SCENARIO: IMPACTS AND POTENTIAL FOR MORE PUBLIC TRANSPORT, WALKING, AND CYCLING WITH LOWER CAR USE",2
DOI:10.1080/21680566.2014.916236,"SAYYADI REZA, 2017, INTERNATIONAL JOURNAL OF MODELLING AND SIMULATION, V37, P25, DOI [10.1080/02286203.2016.1219806, 10.1080/02286203.2016.1219806]",3
DOI:10.1080/21680566.2014.916236,"SUDARIO NCS., 2014, CADERNOS FUCAMP, V13, P1",2
DOI:10.1080/21680566.2014.916236,"VLT CARIOCA, 2018, VLT LRT",2
DOI:10.1080/21680566.2014.916236,DOI:10.1002/9781119176831,2
DOI:10.1080/21680566.2014.916236,DOI:10.1007/s10666-016-9539-x,2
DOI:10.1080/21680566.2014.916236,DOI:10.1016/j.jclepro.2015.09.001,2
DOI:10.1080/21680566.2014.916236,DOI:10.1016/j.tra.2013.11.007,2
DOI:10.1080/21680566.2014.916236,DOI:10.1016/j.tranpol.2016.12.003,2
DOI:10.1080/21680566.2014.916236,DOI:10.1016/j.trpro.2014.11.040,2
DOI:10.1080/21680566.2014.916236,DOI:10.1371/journal.pone.0114135,2
"STERMAN J.D., 2000, BUSINESS DYNAMICS",DOI:10.1007/s10666-016-9539-x,2
"STERMAN J.D., 2000, BUSINESS DYNAMICS",DOI:10.1016/j.jclepro.2015.09.001,2
"STERMAN J.D., 2000, BUSINESS DYNAMICS",DOI:10.1016/j.tra.2013.11.007,2
"STERMAN J.D., 2000, BUSINESS DYNAMICS",DOI:10.1016/j.tranpol.2016.12.003,2
"STERMAN J.D., 2000, BUSINESS DYNAMICS",DOI:10.1016/j.trpro.2014.11.040,2
"STERMAN J.D., 2000, BUSINESS DYNAMICS",DOI:10.1371/journal.pone.0114135,2
"STERMAN J.D., 2000, BUSINESS DYNAMICS","SAYYADI REZA, 2017, INTERNATIONAL JOURNAL OF MODELLING AND SIMULATION, V37, P25, DOI [10.1080/02286203.2016.1219806, 10.1080/02286203.2016.1219806]",2
DOI:10.1002/j.1556-6678.2007.tb00462.x,DOI:10.1016/j.eswa.2006.08.022,2
DOI:10.1002/j.1556-6678.2007.tb00462.x,DOI:10.1783/147118906778586598,2
DOI:10.1016/j.eswa.2006.08.022,DOI:10.1783/147118906778586598,2
DOI:10.1007/s00168-007-0139-1,DOI:10.1016/0191-2607(86)90089-0,2
DOI:10.1007/s00168-007-0139-1,DOI:10.1016/0191-2615(94)90034-5,2
DOI:10.1007/s00168-007-0139-1,DOI:10.1023/a:1014267003243,2
DOI:10.1007/s00168-007-0139-1,DOI:10.3141/1981-07,2
DOI:10.1016/0191-2607(86)90089-0,DOI:10.1016/0191-2615(94)90034-5,2
DOI:10.1016/0191-2607(86)90089-0,DOI:10.1023/a:1014267003243,2
DOI:10.1016/0191-2607(86)90089-0,DOI:10.3141/1981-07,2
DOI:10.1016/0191-2615(94)90034-5,DOI:10.1023/a:1014267003243,2
DOI:10.1016/0191-2615(94)90034-5,DOI:10.3141/1981-07,2
DOI:10.1023/a:1014267003243,DOI:10.1080/135116100111685,2
DOI:10.1023/a:1014267003243,DOI:10.3141/1981-07,2
DOI:10.1002/gj.4922,DOI:10.1007/s11356-022-25100-3,2
DOI:10.1002/gj.4922,DOI:10.1016/j.eap.2019.11.003,2
DOI:10.1002/gj.4922,DOI:10.3389/fenvs.2022.916356,2
DOI:10.1007/s11356-022-25100-3,DOI:10.1016/j.eap.2019.11.003,2
DOI:10.1007/s11356-022-25100-3,DOI:10.3389/fenvs.2022.916356,2
DOI:10.1016/j.eap.2019.11.003,DOI:10.3389/fenvs.2022.916356,2
DOI:10.1016/j.tra.2020.07.009,DOI:10.1016/j.trd.2021.102790,2
DOI:10.1016/j.tra.2020.07.009,DOI:10.3390/su142114303,2
DOI:10.1016/j.trd.2021.102790,DOI:10.3390/su142114303,2
DOI:10.1061/(asce)0733-9488(2002)128:4(184),"HIRSCHI C, 2002, GERMAN POLICY STUDIE, V2, P1",2
"BTS (BUREAL OF TRANSPORTATION STATISTICS), 2017, TABL 1 36M ROADW VEH","CARVALHO CHR., 2011, EMISSOES RELATIVAS P",2
"BTS (BUREAL OF TRANSPORTATION STATISTICS), 2017, TABL 1 36M ROADW VEH","DNIT (BRAZILIAN DEPARTMENT OF TRANSPORT INFRASTRUCTURE), 2018, CUST MED GER",2
"BTS (BUREAL OF TRANSPORTATION STATISTICS), 2017, TABL 1 36M ROADW VEH",DOI:10.1016/j.tranpol.2018.09.014,2
"BTS (BUREAL OF TRANSPORTATION STATISTICS), 2017, TABL 1 36M ROADW VEH",DOI:10.1504/pie.2015.076895],2
"BTS (BUREAL OF TRANSPORTATION STATISTICS), 2017, TABL 1 36M ROADW VEH",DOI:10.19177/ufd.v7e12201659-67],2
"BTS (BUREAL OF TRANSPORTATION STATISTICS), 2017, TABL 1 36M ROADW VEH","GOVERNMENT OF RIO DE JANEIRO, 2015, PLAN DIR TRANSP URB",2
"BTS (BUREAL OF TRANSPORTATION STATISTICS), 2017, TABL 1 36M ROADW VEH","IBGE, 2018, PROJ POP BRAS UN FED",2
"BTS (BUREAL OF TRANSPORTATION STATISTICS), 2017, TABL 1 36M ROADW VEH","INSTITUTO BRASILEIRO DE GEOGRAFIA E ESTATISTICA-IBGE, 2015, PROD INT BRUT MUN",2
"BTS (BUREAL OF TRANSPORTATION STATISTICS), 2017, TABL 1 36M ROADW VEH","PERKINS AND WILL, 2018, DES FUT MOB DEV FRAM",2
"BTS (BUREAL OF TRANSPORTATION STATISTICS), 2017, TABL 1 36M ROADW VEH","REPLOGLE M.A., 2014, A GLOBAL HIGH SHIFT SCENARIO: IMPACTS AND POTENTIAL FOR MORE PUBLIC TRANSPORT, WALKING, AND CYCLING WITH LOWER CAR USE",2
"BTS (BUREAL OF TRANSPORTATION STATISTICS), 2017, TABL 1 36M ROADW VEH","SAYYADI REZA, 2017, INTERNATIONAL JOURNAL OF MODELLING AND SIMULATION, V37, P25, DOI [10.1080/02286203.2016.1219806, 10.1080/02286203.2016.1219806]",2
"BTS (BUREAL OF TRANSPORTATION STATISTICS), 2017, TABL 1 36M ROADW VEH","SUDARIO NCS., 2014, CADERNOS FUCAMP, V13, P1",2
"BTS (BUREAL OF TRANSPORTATION STATISTICS), 2017, TABL 1 36M ROADW VEH","VLT CARIOCA, 2018, VLT LRT",2
"CARVALHO CHR., 2011, EMISSOES RELATIVAS P","DNIT (BRAZILIAN DEPARTMENT OF TRANSPORT INFRASTRUCTURE), 2018, CUST MED GER",2
"CARVALHO CHR., 2011, EMISSOES RELATIVAS P",DOI:10.1016/j.tranpol.2018.09.014,2
"CARVALHO CHR., 2011, EMISSOES RELATIVAS P",DOI:10.1504/pie.2015.076895],2
"CARVALHO CHR., 2011, EMISSOES RELATIVAS P",DOI:10.19177/ufd.v7e12201659-67],2
"CARVALHO CHR., 2011, EMISSOES RELATIVAS P","GOVERNMENT OF RIO DE JANEIRO, 2015, PLAN DIR TRANSP URB",2
"CARVALHO CHR., 2011, EMISSOES RELATIVAS P","IBGE, 2018, PROJ POP BRAS UN FED",2
"CARVALHO CHR., 2011, EMISSOES RELATIVAS P","INSTITUTO BRASILEIRO DE GEOGRAFIA E ESTATISTICA-IBGE, 2015, PROD INT BRUT MUN",2
"CARVALHO CHR., 2011, EMISSOES RELATIVAS P","PERKINS AND WILL, 2018, DES FUT MOB DEV FRAM",2
"CARVALHO CHR., 2011, EMISSOES RELATIVAS P","REPLOGLE M.A., 2014, A GLOBAL HIGH SHIFT SCENARIO: IMPACTS AND POTENTIAL FOR MORE PUBLIC TRANSPORT, WALKING, AND CYCLING WITH LOWER CAR USE",2
"CARVALHO CHR., 2011, EMISSOES RELATIVAS P","SAYYADI REZA, 2017, INTERNATIONAL JOURNAL OF MODELLING AND SIMULATION, V37, P25, DOI [10.1080/02286203.2016.1219806, 10.1080/02286203.2016.1219806]",2
"CARVALHO CHR., 2011, EMISSOES RELATIVAS P","SUDARIO NCS., 2014, CADERNOS FUCAMP, V13, P1",2
"CARVALHO CHR., 2011, EMISSOES RELATIVAS P","VLT CARIOCA, 2018, VLT LRT",2
"DNIT (BRAZILIAN DEPARTMENT OF TRANSPORT INFRASTRUCTURE), 2018, CUST MED GER",DOI:10.1016/j.tranpol.2018.09.014,2
"DNIT (BRAZILIAN DEPARTMENT OF TRANSPORT INFRASTRUCTURE), 2018, CUST MED GER",DOI:10.1504/pie.2015.076895],2
"DNIT (BRAZILIAN DEPARTMENT OF TRANSPORT INFRASTRUCTURE), 2018, CUST MED GER",DOI:10.19177/ufd.v7e12201659-67],2
"DNIT (BRAZILIAN DEPARTMENT OF TRANSPORT INFRASTRUCTURE), 2018, CUST MED GER","GOVERNMENT OF RIO DE JANEIRO, 2015, PLAN DIR TRANSP URB",2
"DNIT (BRAZILIAN DEPARTMENT OF TRANSPORT INFRASTRUCTURE), 2018, CUST MED GER","IBGE, 2018, PROJ POP BRAS UN FED",2
"DNIT (BRAZILIAN DEPARTMENT OF TRANSPORT INFRASTRUCTURE), 2018, CUST MED GER","INSTITUTO BRASILEIRO DE GEOGRAFIA E ESTATISTICA-IBGE, 2015, PROD INT BRUT MUN",2
"DNIT (BRAZILIAN DEPARTMENT OF TRANSPORT INFRASTRUCTURE), 2018, CUST MED GER","PERKINS AND WILL, 2018, DES FUT MOB DEV FRAM",2
"DNIT (BRAZILIAN DEPARTMENT OF TRANSPORT INFRASTRUCTURE), 2018, CUST MED GER","REPLOGLE M.A., 2014, A GLOBAL HIGH SHIFT SCENARIO: IMPACTS AND POTENTIAL FOR MORE PUBLIC TRANSPORT, WALKING, AND CYCLING WITH LOWER CAR USE",2
"DNIT (BRAZILIAN DEPARTMENT OF TRANSPORT INFRASTRUCTURE), 2018, CUST MED GER","SAYYADI REZA, 2017, INTERNATIONAL JOURNAL OF MODELLING AND SIMULATION, V37, P25, DOI [10.1080/02286203.2016.1219806, 10.1080/02286203.2016.1219806]",2
"DNIT (BRAZILIAN DEPARTMENT OF TRANSPORT INFRASTRUCTURE), 2018, CUST MED GER","SUDARIO NCS., 2014, CADERNOS FUCAMP, V13, P1",2
"DNIT (BRAZILIAN DEPARTMENT OF TRANSPORT INFRASTRUCTURE), 2018, CUST MED GER","VLT CARIOCA, 2018, VLT LRT",2
DOI:10.1016/j.jclepro.2017.11.152,"SAYYADI REZA, 2017, INTERNATIONAL JOURNAL OF MODELLING AND SIMULATION, V37, P25, DOI [10.1080/02286203.2016.1219806, 10.1080/02286203.2016.1219806]",2
DOI:10.1016/j.tranpol.2018.09.014,DOI:10.1080/17477778.2019.1701392,2
DOI:10.1016/j.tranpol.2018.09.014,DOI:10.1504/pie.2015.076895],2
DOI:10.1016/j.tranpol.2018.09.014,DOI:10.19177/ufd.v7e12201659-67],2
DOI:10.1016/j.tranpol.2018.09.014,"GOVERNMENT OF RIO DE JANEIRO, 2015, PLAN DIR TRANSP URB",2
DOI:10.1016/j.tranpol.2018.09.014,"IBGE, 2018, PROJ POP BRAS UN FED",2
DOI:10.1016/j.tranpol.2018.09.014,"INSTITUTO BRASILEIRO DE GEOGRAFIA E ESTATISTICA-IBGE, 2015, PROD INT BRUT MUN",2
DOI:10.1016/j.tranpol.2018.09.014,"PERKINS AND WILL, 2018, DES FUT MOB DEV FRAM",2
DOI:10.1016/j.tranpol.2018.09.014,"REPLOGLE M.A., 2014, A GLOBAL HIGH SHIFT SCENARIO: IMPACTS AND POTENTIAL FOR MORE PUBLIC TRANSPORT, WALKING, AND CYCLING WITH LOWER CAR USE",2
DOI:10.1016/j.tranpol.2018.09.014,"SAYYADI REZA, 2017, INTERNATIONAL JOURNAL OF MODELLING AND SIMULATION, V37, P25, DOI [10.1080/02286203.2016.1219806, 10.1080/02286203.2016.1219806]",2
DOI:10.1016/j.tranpol.2018.09.014,"SUDARIO NCS., 2014, CADERNOS FUCAMP, V13, P1",2
DOI:10.1016/j.tranpol.2018.09.014,"VLT CARIOCA, 2018, VLT LRT",2
DOI:10.1504/pie.2015.076895],DOI:10.19177/ufd.v7e12201659-67],2
DOI:10.1504/pie.2015.076895],"GOVERNMENT OF RIO DE JANEIRO, 2015, PLAN DIR TRANSP URB",2
DOI:10.1504/pie.2015.076895],"IBGE, 2018, PROJ POP BRAS UN FED",2
DOI:10.1504/pie.2015.076895],"INSTITUTO BRASILEIRO DE GEOGRAFIA E ESTATISTICA-IBGE, 2015, PROD INT BRUT MUN",2
DOI:10.1504/pie.2015.076895],"PERKINS AND WILL, 2018, DES FUT MOB DEV FRAM",2
DOI:10.1504/pie.2015.076895],"REPLOGLE M.A., 2014, A GLOBAL HIGH SHIFT SCENARIO: IMPACTS AND POTENTIAL FOR MORE PUBLIC TRANSPORT, WALKING, AND CYCLING WITH LOWER CAR USE",2
DOI:10.1504/pie.2015.076895],"SAYYADI REZA, 2017, INTERNATIONAL JOURNAL OF MODELLING AND SIMULATION, V37, P25, DOI [10.1080/02286203.2016.1219806, 10.1080/02286203.2016.1219806]",2
DOI:10.1504/pie.2015.076895],"SUDARIO NCS., 2014, CADERNOS FUCAMP, V13, P1",2
DOI:10.1504/pie.2015.076895],"VLT CARIOCA, 2018, VLT LRT",2
DOI:10.19177/ufd.v7e12201659-67],"GOVERNMENT OF RIO DE JANEIRO, 2015, PLAN DIR TRANSP URB",2
DOI:10.19177/ufd.v7e12201659-67],"IBGE, 2018, PROJ POP BRAS UN FED",2
DOI:10.19177/ufd.v7e12201659-67],"INSTITUTO BRASILEIRO DE GEOGRAFIA E ESTATISTICA-IBGE, 2015, PROD INT BRUT MUN",2
DOI:10.19177/ufd.v7e12201659-67],"PERKINS AND WILL, 2018, DES FUT MOB DEV FRAM",2
DOI:10.19177/ufd.v7e12201659-67],"REPLOGLE M.A., 2014, A GLOBAL HIGH SHIFT SCENARIO: IMPACTS AND POTENTIAL FOR MORE PUBLIC TRANSPORT, WALKING, AND CYCLING WITH LOWER CAR USE",2
DOI:10.19177/ufd.v7e12201659-67],"SAYYADI REZA, 2017, INTERNATIONAL JOURNAL OF MODELLING AND SIMULATION, V37, P25, DOI [10.1080/02286203.2016.1219806, 10.1080/02286203.2016.1219806]",2
DOI:10.19177/ufd.v7e12201659-67],"SUDARIO NCS., 2014, CADERNOS FUCAMP, V13, P1",2
DOI:10.19177/ufd.v7e12201659-67],"VLT CARIOCA, 2018, VLT LRT",2
"GOVERNMENT OF RIO DE JANEIRO, 2015, PLAN DIR TRANSP URB","IBGE, 2018, PROJ POP BRAS UN FED",2
"GOVERNMENT OF RIO DE JANEIRO, 2015, PLAN DIR TRANSP URB","INSTITUTO BRASILEIRO DE GEOGRAFIA E ESTATISTICA-IBGE, 2015, PROD INT BRUT MUN",2
"GOVERNMENT OF RIO DE JANEIRO, 2015, PLAN DIR TRANSP URB","PERKINS AND WILL, 2018, DES FUT MOB DEV FRAM",2
"GOVERNMENT OF RIO DE JANEIRO, 2015, PLAN DIR TRANSP URB","REPLOGLE M.A., 2014, A GLOBAL HIGH SHIFT SCENARIO: IMPACTS AND POTENTIAL FOR MORE PUBLIC TRANSPORT, WALKING, AND CYCLING WITH LOWER CAR USE",2
"GOVERNMENT OF RIO DE JANEIRO, 2015, PLAN DIR TRANSP URB","SAYYADI REZA, 2017, INTERNATIONAL JOURNAL OF MODELLING AND SIMULATION, V37, P25, DOI [10.1080/02286203.2016.1219806, 10.1080/02286203.2016.1219806]",2
"GOVERNMENT OF RIO DE JANEIRO, 2015, PLAN DIR TRANSP URB","SUDARIO NCS., 2014, CADERNOS FUCAMP, V13, P1",2
"GOVERNMENT OF RIO DE JANEIRO, 2015, PLAN DIR TRANSP URB","VLT CARIOCA, 2018, VLT LRT",2
"IBGE, 2018, PROJ POP BRAS UN FED","INSTITUTO BRASILEIRO DE GEOGRAFIA E ESTATISTICA-IBGE, 2015, PROD INT BRUT MUN",2
"IBGE, 2018, PROJ POP BRAS UN FED","PERKINS AND WILL, 2018, DES FUT MOB DEV FRAM",2
"IBGE, 2018, PROJ POP BRAS UN FED","REPLOGLE M.A., 2014, A GLOBAL HIGH SHIFT SCENARIO: IMPACTS AND POTENTIAL FOR MORE PUBLIC TRANSPORT, WALKING, AND CYCLING WITH LOWER CAR USE",2
"IBGE, 2018, PROJ POP BRAS UN FED","SAYYADI REZA, 2017, INTERNATIONAL JOURNAL OF MODELLING AND SIMULATION, V37, P25, DOI [10.1080/02286203.2016.1219806, 10.1080/02286203.2016.1219806]",2
"IBGE, 2018, PROJ POP BRAS UN FED","SUDARIO NCS., 2014, CADERNOS FUCAMP, V13, P1",2
"IBGE, 2018, PROJ POP BRAS UN FED","VLT CARIOCA, 2018, VLT LRT",2
"INSTITUTO BRASILEIRO DE GEOGRAFIA E ESTATISTICA-IBGE, 2015, PROD INT BRUT MUN","PERKINS AND WILL, 2018, DES FUT MOB DEV FRAM",2
"INSTITUTO BRASILEIRO DE GEOGRAFIA E ESTATISTICA-IBGE, 2015, PROD INT BRUT MUN","REPLOGLE M.A., 2014, A GLOBAL HIGH SHIFT SCENARIO: IMPACTS AND POTENTIAL FOR MORE PUBLIC TRANSPORT, WALKING, AND CYCLING WITH LOWER CAR USE",2
"INSTITUTO BRASILEIRO DE GEOGRAFIA E ESTATISTICA-IBGE, 2015, PROD INT BRUT MUN","SAYYADI REZA, 2017, INTERNATIONAL JOURNAL OF MODELLING AND SIMULATION, V37, P25, DOI [10.1080/02286203.2016.1219806, 10.1080/02286203.2016.1219806]",2
"INSTITUTO BRASILEIRO DE GEOGRAFIA E ESTATISTICA-IBGE, 2015, PROD INT BRUT MUN","SUDARIO NCS., 2014, CADERNOS FUCAMP, V13, P1",2
"INSTITUTO BRASILEIRO DE GEOGRAFIA E ESTATISTICA-IBGE, 2015, PROD INT BRUT MUN","VLT CARIOCA, 2018, VLT LRT",2
"PERKINS AND WILL, 2018, DES FUT MOB DEV FRAM","REPLOGLE M.A., 2014, A GLOBAL HIGH SHIFT SCENARIO: IMPACTS AND POTENTIAL FOR MORE PUBLIC TRANSPORT, WALKING, AND CYCLING WITH LOWER CAR USE",2
"PERKINS AND WILL, 2018, DES FUT MOB DEV FRAM","SAYYADI REZA, 2017, INTERNATIONAL JOURNAL OF MODELLING AND SIMULATION, V37, P25, DOI [10.1080/02286203.2016.1219806, 10.1080/02286203.2016.1219806]",2
"PERKINS AND WILL, 2018, DES FUT MOB DEV FRAM","SUDARIO NCS., 2014, CADERNOS FUCAMP, V13, P1",2
"PERKINS AND WILL, 2018, DES FUT MOB DEV FRAM","VLT CARIOCA, 2018, VLT LRT",2
"REPLOGLE M.A., 2014, A GLOBAL HIGH SHIFT SCENARIO: IMPACTS AND POTENTIAL FOR MORE PUBLIC TRANSPORT, WALKING, AND CYCLING WITH LOWER CAR USE","SAYYADI REZA, 2017, INTERNATIONAL JOURNAL OF MODELLING AND SIMULATION, V37, P25, DOI [10.1080/02286203.2016.1219806, 10.1080/02286203.2016.1219806]",2
"REPLOGLE M.A., 2014, A GLOBAL HIGH SHIFT SCENARIO: IMPACTS AND POTENTIAL FOR MORE PUBLIC TRANSPORT, WALKING, AND CYCLING WITH LOWER CAR USE","SUDARIO NCS., 2014, CADERNOS FUCAMP, V13, P1",2
"REPLOGLE M.A., 2014, A GLOBAL HIGH SHIFT SCENARIO: IMPACTS AND POTENTIAL FOR MORE PUBLIC TRANSPORT, WALKING, AND CYCLING WITH LOWER CAR USE","VLT CARIOCA, 2018, VLT LRT",2
"SAYYADI REZA, 2017, INTERNATIONAL JOURNAL OF MODELLING AND SIMULATION, V37, P25, DOI [10.1080/02286203.2016.1219806, 10.1080/02286203.2016.1219806]","SUDARIO NCS., 2014, CADERNOS FUCAMP, V13, P1",2
"SAYYADI REZA, 2017, INTERNATIONAL JOURNAL OF MODELLING AND SIMULATION, V37, P25, DOI [10.1080/02286203.2016.1219806, 10.1080/02286203.2016.1219806]","VLT CARIOCA, 2018, VLT LRT",2
"SAYYADI REZA, 2017, INTERNATIONAL JOURNAL OF MODELLING AND SIMULATION, V37, P25, DOI [10.1080/02286203.2016.1219806, 10.1080/02286203.2016.1219806]",DOI:10.1007/s10666-016-9539-x,2
"SAYYADI REZA, 2017, INTERNATIONAL JOURNAL OF MODELLING AND SIMULATION, V37, P25, DOI [10.1080/02286203.2016.1219806, 10.1080/02286203.2016.1219806]",DOI:10.1016/j.jclepro.2015.09.001,2
"SAYYADI REZA, 2017, INTERNATIONAL JOURNAL OF MODELLING AND SIMULATION, V37, P25, DOI [10.1080/02286203.2016.1219806, 10.1080/02286203.2016.1219806]",DOI:10.1016/j.tra.2013.11.007,2
"SAYYADI REZA, 2017, INTERNATIONAL JOURNAL OF MODELLING AND SIMULATION, V37, P25, DOI [10.1080/02286203.2016.1219806, 10.1080/02286203.2016.1219806]",DOI:10.1016/j.tranpol.2016.12.003,2
"SAYYADI REZA, 2017, INTERNATIONAL JOURNAL OF MODELLING AND SIMULATION, V37, P25, DOI [10.1080/02286203.2016.1219806, 10.1080/02286203.2016.1219806]",DOI:10.1016/j.trpro.2014.11.040,2
"SAYYADI REZA, 2017, INTERNATIONAL JOURNAL OF MODELLING AND SIMULATION, V37, P25, DOI [10.1080/02286203.2016.1219806, 10.1080/02286203.2016.1219806]",DOI:10.1371/journal.pone.0114135,2
"SUDARIO NCS., 2014, CADERNOS FUCAMP, V13, P1","VLT CARIOCA, 2018, VLT LRT",2
DOI:10.13071/regec.2317-5087.2014.7.2.21845.43-66],"SECCHI LEONARDO., 2010, POLITICAS PUBLICAS: CONCEITOS, ESQUEMAS DE ANALISE, CASOS PRATICOS",2
DOI:10.1007/s10666-016-9539-x,DOI:10.1016/j.jclepro.2015.09.001,2
DOI:10.1007/s10666-016-9539-x,DOI:10.1016/j.tra.2013.11.007,2
DOI:10.1007/s10666-016-9539-x,DOI:10.1016/j.tranpol.2016.12.003,2
DOI:10.1007/s10666-016-9539-x,DOI:10.1016/j.trpro.2014.11.040,2
DOI:10.1007/s10666-016-9539-x,DOI:10.1371/journal.pone.0114135,2
DOI:10.1016/j.jclepro.2015.09.001,DOI:10.1016/j.tra.2013.11.007,2
DOI:10.1016/j.jclepro.2015.09.001,DOI:10.1016/j.tranpol.2016.12.003,2
DOI:10.1016/j.jclepro.2015.09.001,DOI:10.1016/j.trpro.2014.11.040,2
DOI:10.1016/j.jclepro.2015.09.001,DOI:10.1371/journal.pone.0114135,2
DOI:10.1016/j.tra.2013.11.007,DOI:10.1016/j.tranpol.2016.12.003,2
DOI:10.1016/j.tra.2013.11.007,DOI:10.1016/j.trpro.2014.11.040,2
DOI:10.1016/j.tra.2013.11.007,DOI:10.1371/journal.pone.0114135,2
DOI:10.1016/j.tranpol.2016.12.003,DOI:10.1016/j.trpro.2014.11.040,2
DOI:10.1016/j.tranpol.2016.12.003,DOI:10.1371/journal.pone.0114135,2
DOI:10.1016/j.trpro.2014.11.040,DOI:10.1371/journal.pone.0114135,2
