source,target,weight
DOI:10.1016/s0140-6736(24)01867-1,DOI:10.1016/j.eururo.2022.08.023,9
DOI:10.1016/s0140-6736(24)01867-1,DOI:10.1016/j.cmi.2021.05.037,3
DOI:10.1016/s0140-6736(24)01867-1,DOI:10.1186/s13756-021-00931-w,6
DOI:10.1016/s0140-6736(24)01867-1,DOI:10.2807/1560-7917.es.2023.28.11.2200367,3
DOI:10.1016/s0140-6736(24)01867-1,DOI:10.3389/frwa.2024.1359109,3
DOI:10.1016/s0140-6736(24)01867-1,DOI:10.1016/s0140-6736(24)00876-6,4
DOI:10.1016/s0140-6736(24)01867-1,DOI:10.1038/s41467-019-08853-3,5
DOI:10.1016/s0140-6736(24)01867-1,DOI:10.1038/s41467-022-34312-7,4
DOI:10.1016/s0140-6736(24)01867-1,"O'NEILL J., 2016, REVIEW ON ANTIMICROBIAL RESISTANCE: TACKLING DRUG-RESISTANT INFECTIONS GLOBALLY: FINAL REPORT AND RECOMMENDATIONS",4
DOI:10.1016/s0140-6736(24)01867-1,DOI:10.1016/s0140-6736(21)02724-0,15
DOI:10.1016/s0140-6736(24)01867-1,DOI:10.1016/s0140-6736(24)00862-6,4
DOI:10.1016/s0140-6736(24)01867-1,DOI:10.1038/s41564-022-01124-w,4
DOI:10.1016/s0140-6736(24)01867-1,DOI:10.1093/cid/ciad487,3
DOI:10.1016/s0140-6736(24)01867-1,DOI:10.3389/bjbs.2023.11387,3
DOI:10.1016/s0140-6736(24)01867-1,DOI:10.1038/s41467-021-25096-3,3
DOI:10.1016/s0140-6736(24)01867-1,DOI:10.1016/j.envint.2022.107171,4
DOI:10.1016/s0140-6736(24)01867-1,DOI:10.1016/s2542-5196(23)00278-4,4
DOI:10.1016/s0140-6736(24)01867-1,DOI:10.1038/s41579-021-00649-x,10
DOI:10.1016/s0140-6736(24)01867-1,DOI:10.1126/sciadv.aau9124,3
DOI:10.1016/s0140-6736(24)01867-1,DOI:10.1179/2047773215y.0000000030,5
DOI:10.1016/s0140-6736(24)01867-1,DOI:10.4060/cb5545-n],7
DOI:10.1016/s0140-6736(24)01867-1,"MCEWEN SA, 2018, MICROBIOL SPECTR, V6, DOI [10.1128/MICROBIOLSPEC.ARBA-0009-2017, 10.1128/9781555819804.CH24]",3
DOI:10.1016/s0140-6736(24)01867-1,DOI:10.1016/s2542-5196(18)30186-4,3
DOI:10.1016/s0140-6736(24)01867-1,DOI:10.1016/j.glmedi.2024.100081,3
DOI:10.1016/s0140-6736(24)01867-1,DOI:10.1038/s41564-023-01351-9,5
DOI:10.1016/s0140-6736(24)01867-1,DOI:10.3389/fcimb.2021.771510,3
DOI:10.1016/s0140-6736(24)01867-1,DOI:10.3390/antibiotics11101362,3
DOI:10.1016/s0140-6736(24)01867-1,DOI:10.3390/healthcare11131946,4
DOI:10.1016/s0140-6736(24)01867-1,DOI:10.1038/s41558-018-0161-6,4
DOI:10.1016/s0140-6736(24)01867-1,DOI:10.1038/s41576-023-00649-y,4
DOI:10.1016/s0140-6736(24)01867-1,DOI:10.1128/cmr.00088-17,3
DOI:10.1016/s0140-6736(24)01867-1,DOI:10.14202/vetworld.2022.743-749,4
DOI:10.1016/s0140-6736(24)01867-1,"SAMREEN, 2021, J GLOB ANTIMICROB RE, V27, P101, DOI [10.1016/J.JGAR.2021.08.001, 10.1097/JS9.0000000000001165]",4
DOI:10.1016/s0140-6736(24)01867-1,DOI:10.3390/ijerph20031681,3
DOI:10.1016/s0140-6736(24)01867-1,DOI:10.3934/microbiol.2018.3.482,3
DOI:10.1016/s0140-6736(24)01867-1,DOI:10.1016/j.lansea.2023.100306,3
DOI:10.1016/s0140-6736(24)01867-1,DOI:10.1016/j.lanwpc.2020.100084,3
DOI:10.1016/s0140-6736(24)01867-1,DOI:10.1016/s1473-3099(22)00796-4,5
DOI:10.1016/s0140-6736(24)01867-1,DOI:10.1016/s2214-109x(23)00019-0,4
DOI:10.1016/s0140-6736(24)01867-1,DOI:10.1186/s12879-023-08585-2,3
DOI:10.1016/s0140-6736(24)01867-1,DOI:10.1080/14787210.2021.1951705,4
DOI:10.1016/s0140-6736(24)01867-1,DOI:10.1093/jacamr/dlab092,3
DOI:10.1016/s0140-6736(24)01867-1,DOI:10.1016/s0140-6736(15)00473-0,3
DOI:10.1016/s0140-6736(24)01867-1,DOI:10.1186/s12992-024-01046-8,4
DOI:10.1016/s0140-6736(24)01867-1,DOI:10.1038/s41467-024-53057-z,3
DOI:10.1016/s0140-6736(24)01867-1,DOI:10.1371/journal.pone.0297921,3
DOI:10.1016/s0140-6736(24)01867-1,DOI:10.1128/cmr.00048-19,3
DOI:10.1016/s0140-6736(24)01867-1,DOI:10.1016/s2214-109x(23)00539-9,3
DOI:10.1016/s0140-6736(24)01867-1,DOI:10.1038/s41467-021-25655-8,3
DOI:10.1016/s0140-6736(24)01867-1,DOI:10.1016/j.ejps.2021.106103,4
DOI:10.1016/s0140-6736(24)01867-1,DOI:10.1126/science.aao1495,3
DOI:10.1016/s0140-6736(24)01867-1,DOI:10.3389/fpubh.2022.816943,3
DOI:10.1016/s0140-6736(24)01867-1,DOI:10.1016/s1473-3099(19)30415-3,3
DOI:10.1016/s0140-6736(24)01867-1,DOI:10.1016/s1473-3099(25)00118-5,3
DOI:10.1016/s0140-6736(24)01867-1,"TACCONELLI E, 2018, LANCET INFECT DIS, V18, P318, DOI [10.1016/S1473-3099(17)30753-3, 10.1016/S1473-3099(17)30753-3]",3
"DIEKEMA DJ, 2019, ANTIMICROB AGENTS CH, V63, DOI [10.1128/AAC.00355-19, 10.1128/AAC.00355-19]",DOI:10.1086/595011,3
"DIEKEMA DJ, 2019, ANTIMICROB AGENTS CH, V63, DOI [10.1128/AAC.00355-19, 10.1128/AAC.00355-19]",DOI:10.1099/mgen.0.000131,5
"DIEKEMA DJ, 2019, ANTIMICROB AGENTS CH, V63, DOI [10.1128/AAC.00355-19, 10.1128/AAC.00355-19]","TACCONELLI E, 2018, LANCET INFECT DIS, V18, P318, DOI [10.1016/S1473-3099(17)30753-3, 10.1016/S1473-3099(17)30753-3]",3
"DIEKEMA DJ, 2019, ANTIMICROB AGENTS CH, V63, DOI [10.1128/AAC.00355-19, 10.1128/AAC.00355-19]",DOI:10.1093/nar/gkz935,3
"DIEKEMA DJ, 2019, ANTIMICROB AGENTS CH, V63, DOI [10.1128/AAC.00355-19, 10.1128/AAC.00355-19]",DOI:10.1111/j.1469-0691.2011.03570.x,3
"DIEKEMA DJ, 2019, ANTIMICROB AGENTS CH, V63, DOI [10.1128/AAC.00355-19, 10.1128/AAC.00355-19]",DOI:10.1128/aac.00971-12,3
"DIEKEMA DJ, 2019, ANTIMICROB AGENTS CH, V63, DOI [10.1128/AAC.00355-19, 10.1128/AAC.00355-19]","EUROPEAN CENTRE FOR DISEASE PREVENTION AND CONTROL (ECDC), 2023, EUROPEAN ANTIMICROBIAL RESISTANCE SURVEILLANCE NETWORK (EARS-NET)",3
"DIEKEMA DJ, 2019, ANTIMICROB AGENTS CH, V63, DOI [10.1128/AAC.00355-19, 10.1128/AAC.00355-19]","NATIONAL CENTER FOR BIOTECHNOLOGY INFORMATION (NCBI), 2020, AMRFINDERPLUS",3
"DIEKEMA DJ, 2019, ANTIMICROB AGENTS CH, V63, DOI [10.1128/AAC.00355-19, 10.1128/AAC.00355-19]","SEEMANN T, 2020, NULLARBOR",3
DOI:10.1007/s00239-019-09914-3,DOI:10.1016/j.mib.2022.102150,3
DOI:10.1007/s00239-019-09914-3,DOI:10.1016/s0140-6736(21)02724-0,4
DOI:10.1007/s00239-019-09914-3,DOI:10.1016/s2666-5247(22)00380-9,3
DOI:10.1007/s00239-019-09914-3,DOI:10.1038/nature10388,4
DOI:10.1007/s00239-019-09914-3,DOI:10.1038/s12276-021-00569-z,3
DOI:10.1007/s00239-019-09914-3,DOI:10.1038/s41467-019-08853-3,3
DOI:10.1007/s00239-019-09914-3,DOI:10.1038/s41467-021-25655-8,4
DOI:10.1007/s00239-019-09914-3,DOI:10.1038/s41467-022-34312-7,3
DOI:10.1007/s00239-019-09914-3,DOI:10.1093/molbev/msw163,3
DOI:10.1007/s00239-019-09914-3,DOI:10.1128/aac.00419-13,3
DOI:10.1007/s00239-019-09914-3,DOI:10.1128/cmr.00088-17,3
DOI:10.1007/s00239-019-09914-3,DOI:10.3389/fmicb.2016.00173,5
DOI:10.1007/s00239-019-09914-3,DOI:10.3390/tropicalmed4010022,3
DOI:10.1007/s00239-019-09914-3,"MCEWEN SA, 2018, MICROBIOL SPECTR, V6, DOI [10.1128/MICROBIOLSPEC.ARBA-0009-2017, 10.1128/9781555819804.CH24]",3
DOI:10.1016/j.actatropica.2015.05.028,DOI:10.1038/s41564-022-01124-w,3
DOI:10.1016/j.actatropica.2015.05.028,DOI:10.3389/fpubh.2019.00242,3
DOI:10.1016/j.agee.2018.01.026,DOI:10.1016/j.ijantimicag.2016.06.014,3
DOI:10.1016/j.agee.2018.01.026,DOI:10.1016/s0140-6736(21)02724-0,3
DOI:10.1016/j.agee.2018.01.026,DOI:10.1073/pnas.1503141112,3
DOI:10.1016/j.agee.2018.01.026,DOI:10.3390/antibiotics9120918,3
DOI:10.1016/j.agee.2018.01.026,"MCEWEN SA, 2018, MICROBIOL SPECTR, V6, DOI [10.1128/MICROBIOLSPEC.ARBA-0009-2017, 10.1128/9781555819804.CH24]",3
DOI:10.1016/j.bsheal.2020.09.004,DOI:10.1016/j.foodcont.2020.107280,3
DOI:10.1016/j.bsheal.2020.09.004,DOI:10.1016/s0140-6736(21)02724-0,6
DOI:10.1016/j.bsheal.2020.09.004,DOI:10.1017/ice.2019.296,3
DOI:10.1016/j.bsheal.2020.09.004,DOI:10.1038/nature10388,3
DOI:10.1016/j.bsheal.2020.09.004,DOI:10.1073/pnas.1503141112,6
DOI:10.1016/j.bsheal.2020.09.004,DOI:10.1073/pnas.1717295115,4
DOI:10.1016/j.bsheal.2020.09.004,DOI:10.1086/595011,3
DOI:10.1016/j.bsheal.2020.09.004,DOI:10.1093/jac/dks261,3
DOI:10.1016/j.bsheal.2020.09.004,DOI:10.3389/fpubh.2019.00242,3
DOI:10.1016/j.bsheal.2020.09.004,DOI:10.3390/antibiotics9120918,4
DOI:10.1016/j.bsheal.2020.09.004,DOI:10.3390/tropicalmed4010022,3
DOI:10.1016/j.bsheal.2020.09.004,DOI:10.3390/tropicalmed4010054,3
DOI:10.1016/j.bsheal.2020.09.004,"MCEWEN SA, 2018, MICROBIOL SPECTR, V6, DOI [10.1128/MICROBIOLSPEC.ARBA-0009-2017, 10.1128/9781555819804.CH24]",4
DOI:10.1016/j.bsheal.2020.09.004,"TACCONELLI E, 2018, LANCET INFECT DIS, V18, P318, DOI [10.1016/S1473-3099(17)30753-3, 10.1016/S1473-3099(17)30753-3]",3
DOI:10.1016/j.bsheal.2020.09.004,DOI:10.4060/cb5545-n],3
DOI:10.1016/j.bsheal.2020.09.004,DOI:10.14202/vetworld.2022.743-749,3
DOI:10.1016/j.ecolind.2007.06.002,DOI:10.1038/nature10388,3
DOI:10.1016/j.ecolind.2007.06.002,DOI:10.1038/s41579-021-00649-x,3
DOI:10.1016/j.ecolind.2007.06.002,DOI:10.1073/pnas.1503141112,3
DOI:10.1016/j.envpol.2022.119367,DOI:10.1016/j.plasmid.2018.09.010,3
DOI:10.1016/j.envpol.2022.119367,DOI:10.1038/nature10388,3
DOI:10.1016/j.envpol.2022.119367,DOI:10.1128/msystems.00158-22,3
DOI:10.1016/j.envpol.2022.119367,DOI:10.3390/ijerph20010243,3
DOI:10.1016/j.foodcont.2020.107280,DOI:10.1016/s0140-6736(21)02724-0,3
DOI:10.1016/j.foodcont.2020.107280,DOI:10.1021/acs.est.1c08918,3
DOI:10.1016/j.foodcont.2020.107280,DOI:10.1038/s41579-021-00649-x,3
DOI:10.1016/j.foodcont.2020.107280,DOI:10.1126/science.aar3777,3
DOI:10.1016/j.foodcont.2020.107280,"MCEWEN SA, 2018, MICROBIOL SPECTR, V6, DOI [10.1128/MICROBIOLSPEC.ARBA-0009-2017, 10.1128/9781555819804.CH24]",3
DOI:10.1016/j.ijantimicag.2016.06.014,DOI:10.1016/s0140-6736(21)02724-0,5
DOI:10.1016/j.ijantimicag.2016.06.014,DOI:10.1016/s1473-3099(18)30605-4,3
DOI:10.1016/j.ijantimicag.2016.06.014,DOI:10.1038/s41467-018-03205-z,3
DOI:10.1016/j.ijantimicag.2016.06.014,DOI:10.1038/s41467-019-08853-3,3
DOI:10.1016/j.ijantimicag.2016.06.014,DOI:10.1038/s41467-021-25655-8,3
DOI:10.1016/j.ijantimicag.2016.06.014,DOI:10.1038/s41579-021-00649-x,3
DOI:10.1016/j.ijantimicag.2016.06.014,DOI:10.1073/pnas.1503141112,7
DOI:10.1016/j.ijantimicag.2016.06.014,DOI:10.1073/pnas.1717295115,3
DOI:10.1016/j.ijantimicag.2016.06.014,DOI:10.1128/cmr.00088-17,3
DOI:10.1016/j.ijantimicag.2016.06.014,DOI:10.3389/fpubh.2019.00242,4
DOI:10.1016/j.ijantimicag.2016.06.014,DOI:10.3390/antibiotics9120918,4
DOI:10.1016/j.ijantimicag.2016.06.014,DOI:10.3390/tropicalmed4010022,4
DOI:10.1016/j.ijantimicag.2016.06.014,"MCEWEN SA, 2018, MICROBIOL SPECTR, V6, DOI [10.1128/MICROBIOLSPEC.ARBA-0009-2017, 10.1128/9781555819804.CH24]",4
DOI:10.1016/j.ijantimicag.2016.06.014,DOI:10.4060/cb5545-n],6
DOI:10.1016/j.ijantimicag.2016.06.014,DOI:10.4103/2045-080x.186181],3
DOI:10.1016/j.ijantimicag.2016.06.014,"WHO, 2017, INTEGRATED SURVEILLANCE OF ANTIMICROBIAL RESISTANCE IN FOODBORNE BACTERIA: APPLICATION OF A ONE HEALTH APPROACH INTERNET",3
DOI:10.1016/j.ijantimicag.2016.06.014,DOI:10.1093/trstmh/trx050,3
DOI:10.1016/j.ijantimicag.2016.06.014,DOI:10.1186/s12916-019-1412-8,4
DOI:10.1016/j.ijantimicag.2016.06.014,DOI:10.1016/s0140-6736(15)00473-0,5
DOI:10.1016/j.ijantimicag.2016.06.014,DOI:10.3389/fvets.2018.00023,4
DOI:10.1016/j.ijantimicag.2016.06.014,"[ANONYMOUS], 2014, ANT RES GLOB REP SUR",4
DOI:10.1016/j.ijantimicag.2016.06.014,"AENISHAENSLIN C, 2019, B WORLD HEALTH ORGAN, V97, P283, DOI [10.2471/BLT.18.218917, 10.2471/BLT.18.218917]",3
DOI:10.1016/j.ijantimicag.2016.06.014,DOI:10.1016/s1473-3099(17)30485-1,5
DOI:10.1016/j.ijantimicag.2016.06.014,DOI:10.1093/trstmh/trw048,3
DOI:10.1016/j.ijantimicag.2016.06.014,DOI:10.1128/cmr.00048-19,5
DOI:10.1016/j.ijantimicag.2016.06.014,DOI:10.1186/s13756-021-00931-w,5
DOI:10.1016/j.ijantimicag.2016.06.014,DOI:10.1371/journal.pmed.1002184,4
DOI:10.1016/j.ijantimicag.2016.06.014,DOI:10.3389/fvets.2021.611931,4
DOI:10.1016/j.ijantimicag.2016.06.014,"SEALE ANNA C, 2017, WELLCOME OPEN RES, V2, P91, DOI [10.12688/WELLCOMEOPENRES.12523.1, 10.12688/WELLCOMEOPENRES.12523.1]",4
DOI:10.1016/j.ijantimicag.2016.06.014,"SEALE ANNA C, 2017, WELLCOME OPEN RES, V2, P92, DOI [10.12688/WELLCOMEOPENRES.12527.1, 10.12688/WELLCOMEOPENRES.12527.1]",3
DOI:10.1016/j.ijantimicag.2016.06.014,"WORLD HEALTH ORGANIZATION, GLOBAL ACTION PLAN ON ANTIMICROBIAL RESISTANCE",3
DOI:10.1016/j.ijantimicag.2016.06.014,"BAUER AW, 1966, AM J CLIN PATHOL, V45, P493",3
DOI:10.1016/j.ijantimicag.2016.06.014,DOI:10.1111/zph.12192,3
DOI:10.1016/j.ijantimicag.2016.06.014,DOI:10.3389/fvets.2021.620998,3
DOI:10.1016/j.jgar.2022.01.016,DOI:10.1073/pnas.1503141112,3
DOI:10.1016/j.jgar.2022.01.016,DOI:10.1073/pnas.1717295115,3
DOI:10.1016/j.jgar.2022.01.016,DOI:10.1128/cmr.00088-17,3
DOI:10.1016/j.jgar.2022.01.016,DOI:10.3389/fmicb.2016.00173,3
DOI:10.1016/j.jgar.2022.01.016,"TACCONELLI E, 2018, LANCET INFECT DIS, V18, P318, DOI [10.1016/S1473-3099(17)30753-3, 10.1016/S1473-3099(17)30753-3]",3
DOI:10.1016/j.jhazmat.2021.127407,DOI:10.1016/s0140-6736(21)02724-0,3
DOI:10.1016/j.jhazmat.2021.127407,DOI:10.1038/s12276-021-00569-z,3
DOI:10.1016/j.jhazmat.2021.127407,DOI:10.1038/s41467-019-08853-3,5
DOI:10.1016/j.jhazmat.2021.127407,DOI:10.1038/s41467-022-34312-7,4
DOI:10.1016/j.jhazmat.2021.127407,DOI:10.1038/s41564-022-01124-w,3
DOI:10.1016/j.jhazmat.2021.127407,DOI:10.1038/s41579-021-00649-x,4
DOI:10.1016/j.jhazmat.2021.127407,DOI:10.1128/aac.00419-13,3
DOI:10.1016/j.jhazmat.2021.127407,DOI:10.1128/cmr.00088-17,3
DOI:10.1016/j.jhazmat.2021.127407,"MCEWEN SA, 2018, MICROBIOL SPECTR, V6, DOI [10.1128/MICROBIOLSPEC.ARBA-0009-2017, 10.1128/9781555819804.CH24]",3
DOI:10.1016/j.jhazmat.2021.127407,"TACCONELLI E, 2018, LANCET INFECT DIS, V18, P318, DOI [10.1016/S1473-3099(17)30753-3, 10.1016/S1473-3099(17)30753-3]",3
DOI:10.1016/j.mib.2018.04.004,DOI:10.1016/s0140-6736(21)02724-0,3
DOI:10.1016/j.mib.2018.04.004,DOI:10.1021/acs.est.2c01494,3
DOI:10.1016/j.mib.2018.04.004,DOI:10.1038/s12276-021-00569-z,3
DOI:10.1016/j.mib.2018.04.004,DOI:10.1038/s41467-021-25655-8,3
DOI:10.1016/j.mib.2018.04.004,DOI:10.1038/s41467-022-35713-4,3
DOI:10.1016/j.mib.2018.04.004,DOI:10.1038/s41579-021-00649-x,4
DOI:10.1016/j.mib.2018.04.004,DOI:10.1073/pnas.1503141112,3
DOI:10.1016/j.mib.2018.04.004,DOI:10.1093/cid/ciaa972,3
DOI:10.1016/j.mib.2018.04.004,DOI:10.3390/antibiotics11030339,3
DOI:10.1016/j.mib.2018.04.004,DOI:10.3390/tropicalmed4010022,3
DOI:10.1016/j.mib.2022.102150,DOI:10.1016/s2666-5247(22)00380-9,3
DOI:10.1016/j.mib.2022.102150,DOI:10.1038/nature10388,3
DOI:10.1016/j.mib.2022.102150,DOI:10.1038/s12276-021-00569-z,3
DOI:10.1016/j.mib.2022.102150,DOI:10.1038/s41467-021-25655-8,3
DOI:10.1016/j.mib.2022.102150,DOI:10.1038/s41467-022-34312-7,3
DOI:10.1016/j.mib.2022.102150,DOI:10.1093/molbev/msw163,3
DOI:10.1016/j.mib.2022.102150,DOI:10.1128/aac.00419-13,3
DOI:10.1016/j.mib.2022.102150,DOI:10.1128/cmr.00088-17,3
DOI:10.1016/j.mib.2022.102150,DOI:10.1128/cmr.00179-21,3
DOI:10.1016/j.mib.2022.102150,DOI:10.3390/tropicalmed4010022,3
DOI:10.1016/j.mib.2022.102150,"MCEWEN SA, 2018, MICROBIOL SPECTR, V6, DOI [10.1128/MICROBIOLSPEC.ARBA-0009-2017, 10.1128/9781555819804.CH24]",3
DOI:10.1016/j.onehlt.2022.100476,DOI:10.1016/j.plasmid.2018.09.010,3
DOI:10.1016/j.onehlt.2022.100476,DOI:10.1016/s0140-6736(21)02724-0,4
DOI:10.1016/j.onehlt.2022.100476,DOI:10.1038/nature10388,3
DOI:10.1016/j.onehlt.2022.100476,DOI:10.1038/s41467-018-07992-3,3
DOI:10.1016/j.onehlt.2022.100476,DOI:10.1038/s41467-022-35713-4,3
DOI:10.1016/j.onehlt.2022.100476,DOI:10.1038/s41579-021-00649-x,3
DOI:10.1016/j.onehlt.2022.100476,DOI:10.1093/jac/dks261,3
DOI:10.1016/j.onehlt.2022.100476,DOI:10.1128/cmr.00088-17,3
DOI:10.1016/j.onehlt.2022.100476,DOI:10.1186/s40168-023-01479-0,3
DOI:10.1016/j.onehlt.2022.100476,"MCEWEN SA, 2018, MICROBIOL SPECTR, V6, DOI [10.1128/MICROBIOLSPEC.ARBA-0009-2017, 10.1128/9781555819804.CH24]",3
DOI:10.1016/j.plasmid.2018.09.010,DOI:10.1016/s0140-6736(21)02724-0,4
DOI:10.1016/j.plasmid.2018.09.010,DOI:10.1016/s1473-3099(11)70059-7,3
DOI:10.1016/j.plasmid.2018.09.010,DOI:10.1038/nature10388,4
DOI:10.1016/j.plasmid.2018.09.010,DOI:10.1038/s41467-018-03205-z,3
DOI:10.1016/j.plasmid.2018.09.010,DOI:10.1038/s41467-018-07992-3,3
DOI:10.1016/j.plasmid.2018.09.010,DOI:10.1038/s41564-022-01124-w,3
DOI:10.1016/j.plasmid.2018.09.010,DOI:10.1038/s41579-021-00649-x,3
DOI:10.1016/j.plasmid.2018.09.010,DOI:10.1073/pnas.1717295115,3
DOI:10.1016/j.plasmid.2018.09.010,DOI:10.1128/cmr.00088-17,3
DOI:10.1016/j.plasmid.2018.09.010,DOI:10.1128/msystems.00158-22,3
DOI:10.1016/j.plasmid.2018.09.010,DOI:10.1186/s40168-023-01479-0,3
DOI:10.1016/j.plasmid.2018.09.010,DOI:10.3390/ijerph20010243,3
DOI:10.1016/j.plasmid.2018.09.010,"MCEWEN SA, 2018, MICROBIOL SPECTR, V6, DOI [10.1128/MICROBIOLSPEC.ARBA-0009-2017, 10.1128/9781555819804.CH24]",3
DOI:10.1016/j.plasmid.2018.09.010,DOI:10.1016/j.scitotenv.2018.08.180,3
DOI:10.1016/j.plasmid.2018.09.010,DOI:10.1016/j.scitotenv.2019.135001,3
DOI:10.1016/j.plasmid.2018.09.010,DOI:10.1016/j.scitotenv.2020.144551,3
DOI:10.1016/j.plasmid.2018.09.010,DOI:10.1016/s2542-5196(19)30083-x,3
DOI:10.1016/j.plasmid.2018.09.010,DOI:10.1038/nrmicro2312,3
DOI:10.1016/j.plasmid.2018.09.010,DOI:10.1111/zph.12182,3
DOI:10.1016/j.plasmid.2018.09.010,DOI:10.12834/vetit.2013.492.201.208,3
DOI:10.1016/j.plasmid.2018.09.010,DOI:10.1292/jvms.19-0554,3
DOI:10.1016/j.plasmid.2018.09.010,DOI:10.1371/journal.pone.0210686,3
DOI:10.1016/j.plasmid.2018.09.010,DOI:10.3389/fmicb.2020.601317,3
DOI:10.1016/j.plasmid.2018.09.010,DOI:10.1016/j.envres.2016.12.014,3
DOI:10.1016/s0140-6736(21)02724-0,DOI:10.1016/s1473-3099(11)70059-7,3
DOI:10.1016/s0140-6736(21)02724-0,DOI:10.1016/s1473-3099(18)30605-4,11
DOI:10.1016/s0140-6736(21)02724-0,DOI:10.1016/s2666-5247(21)00117-8,5
DOI:10.1016/s0140-6736(21)02724-0,DOI:10.1016/s2666-5247(22)00380-9,3
DOI:10.1016/s0140-6736(21)02724-0,DOI:10.1017/ice.2019.296,6
DOI:10.1016/s0140-6736(21)02724-0,DOI:10.1021/acs.est.1c08918,6
DOI:10.1016/s0140-6736(21)02724-0,DOI:10.1038/ismej.2014.106,3
DOI:10.1016/s0140-6736(21)02724-0,DOI:10.1038/nature10388,7
DOI:10.1016/s0140-6736(21)02724-0,DOI:10.1038/s12276-021-00569-z,9
DOI:10.1016/s0140-6736(21)02724-0,DOI:10.1038/s41467-018-03205-z,5
DOI:10.1016/s0140-6736(21)02724-0,DOI:10.1038/s41467-018-07992-3,6
DOI:10.1016/s0140-6736(21)02724-0,DOI:10.1038/s41467-019-08853-3,16
DOI:10.1016/s0140-6736(21)02724-0,DOI:10.1038/s41467-021-25655-8,8
DOI:10.1016/s0140-6736(21)02724-0,DOI:10.1038/s41467-022-28342-4,3
DOI:10.1016/s0140-6736(21)02724-0,DOI:10.1038/s41467-022-34312-7,10
DOI:10.1016/s0140-6736(21)02724-0,DOI:10.1038/s41467-022-35713-4,3
DOI:10.1016/s0140-6736(21)02724-0,DOI:10.1038/s41558-018-0161-6,7
DOI:10.1016/s0140-6736(21)02724-0,DOI:10.1038/s41558-022-01426-1,3
DOI:10.1016/s0140-6736(21)02724-0,DOI:10.1038/s41564-022-01079-y,4
DOI:10.1016/s0140-6736(21)02724-0,DOI:10.1038/s41564-022-01124-w,9
DOI:10.1016/s0140-6736(21)02724-0,DOI:10.1038/s41564-022-01263-0,3
DOI:10.1016/s0140-6736(21)02724-0,DOI:10.1038/s41579-019-0222-5,3
DOI:10.1016/s0140-6736(21)02724-0,DOI:10.1038/s41579-021-00649-x,21
DOI:10.1016/s0140-6736(21)02724-0,DOI:10.1038/s41579-022-00779-w,3
DOI:10.1016/s0140-6736(21)02724-0,DOI:10.1038/s41592-020-00971-x,3
DOI:10.1016/s0140-6736(21)02724-0,DOI:10.1038/s41592-022-01431-4,3
DOI:10.1016/s0140-6736(21)02724-0,DOI:10.1073/pnas.1503141112,18
DOI:10.1016/s0140-6736(21)02724-0,DOI:10.1073/pnas.1717295115,11
DOI:10.1016/s0140-6736(21)02724-0,DOI:10.1073/pnas.2204993119,3
DOI:10.1016/s0140-6736(21)02724-0,DOI:10.1080/19490976.2022.2055944,3
DOI:10.1016/s0140-6736(21)02724-0,DOI:10.1086/533452,5
DOI:10.1016/s0140-6736(21)02724-0,DOI:10.1086/595011,3
DOI:10.1016/s0140-6736(21)02724-0,DOI:10.1093/cid/ciaa972,3
DOI:10.1016/s0140-6736(21)02724-0,DOI:10.1093/jac/dks261,5
DOI:10.1016/s0140-6736(21)02724-0,DOI:10.1093/jac/dkx217,4
DOI:10.1016/s0140-6736(21)02724-0,DOI:10.1099/mgen.0.000131,3
DOI:10.1016/s0140-6736(21)02724-0,DOI:10.1099/mgen.0.000725,3
DOI:10.1016/s0140-6736(21)02724-0,DOI:10.1099/mgen.0.001000,3
DOI:10.1016/s0140-6736(21)02724-0,DOI:10.1111/nyas.13213,3
DOI:10.1016/s0140-6736(21)02724-0,DOI:10.1126/science.aar3777,6
DOI:10.1016/s0140-6736(21)02724-0,DOI:10.1128/aac.00419-13,3
DOI:10.1016/s0140-6736(21)02724-0,DOI:10.1128/cmr.00088-17,9
DOI:10.1016/s0140-6736(21)02724-0,DOI:10.1128/cmr.00179-21,4
DOI:10.1016/s0140-6736(21)02724-0,DOI:10.1128/msphere.00238-22,3
DOI:10.1016/s0140-6736(21)02724-0,DOI:10.1186/s12199-021-01023-2,5
DOI:10.1016/s0140-6736(21)02724-0,DOI:10.1186/s12859-018-2336-6,6
DOI:10.1016/s0140-6736(21)02724-0,DOI:10.1186/s13073-022-01150-7,3
DOI:10.1016/s0140-6736(21)02724-0,DOI:10.1186/s13756-021-01040-4,4
DOI:10.1016/s0140-6736(21)02724-0,DOI:10.1186/s40168-023-01479-0,4
DOI:10.1016/s0140-6736(21)02724-0,DOI:10.1371/journal.pone.0116746,3
DOI:10.1016/s0140-6736(21)02724-0,DOI:10.1371/journal.pone.0282835,4
DOI:10.1016/s0140-6736(21)02724-0,DOI:10.2807/1560-7917.es.2020.25.45.1900414,4
DOI:10.1016/s0140-6736(21)02724-0,DOI:10.3389/fmicb.2012.00110,3
DOI:10.1016/s0140-6736(21)02724-0,DOI:10.3389/fmicb.2013.00086,3
DOI:10.1016/s0140-6736(21)02724-0,DOI:10.3389/fmicb.2016.00173,6
DOI:10.1016/s0140-6736(21)02724-0,DOI:10.3389/fmicb.2019.03050,3
DOI:10.1016/s0140-6736(21)02724-0,DOI:10.3389/fmicb.2022.965132,3
DOI:10.1016/s0140-6736(21)02724-0,DOI:10.3389/fmicb.2023.1121564,3
DOI:10.1016/s0140-6736(21)02724-0,DOI:10.3389/fpubh.2019.00242,6
DOI:10.1016/s0140-6736(21)02724-0,DOI:10.3390/antibiotics9080497,3
DOI:10.1016/s0140-6736(21)02724-0,DOI:10.3390/antibiotics9120918,10
DOI:10.1016/s0140-6736(21)02724-0,DOI:10.3390/ijerph19084758,3
DOI:10.1016/s0140-6736(21)02724-0,DOI:10.3390/microorganisms10020292,4
DOI:10.1016/s0140-6736(21)02724-0,DOI:10.3390/tropicalmed4010022,10
DOI:10.1016/s0140-6736(21)02724-0,DOI:10.3390/tropicalmed4010054,3
DOI:10.1016/s0140-6736(21)02724-0,DOI:10.7554/elife.85302,3
DOI:10.1016/s0140-6736(21)02724-0,DOI:10.7883/yoken.jjid.2020.499,3
DOI:10.1016/s0140-6736(21)02724-0,"MCEWEN SA, 2018, MICROBIOL SPECTR, V6, DOI [10.1128/MICROBIOLSPEC.ARBA-0009-2017, 10.1128/9781555819804.CH24]",17
DOI:10.1016/s0140-6736(21)02724-0,"TACCONELLI E, 2018, LANCET INFECT DIS, V18, P318, DOI [10.1016/S1473-3099(17)30753-3, 10.1016/S1473-3099(17)30753-3]",8
DOI:10.1016/s0140-6736(21)02724-0,"[ANONYMOUS], 2021, WHO INTEGRATED GLOBAL SURVEILLANCE ON ESBL-PRODUCING E. COLI USING A ""ONE HEALTH""APPROACH: IMPLEMENTATION AND OPPORTUNITIES",4
DOI:10.1016/s0140-6736(21)02724-0,"O'NEILL J., 2016, REV ANTIMICROBIAL RE",3
DOI:10.1016/s0140-6736(21)02724-0,"[ANONYMOUS], 2021, WHO INTEGRATED GLOBAL SURVEILLANCE ON ESBL-PRODUCING E. COLI USING A ""ONE HEALTH"" APPROACH: IMPLEMENTATION AND OPPORTUNITIES. P.^, P76",3
DOI:10.1016/s0140-6736(21)02724-0,DOI:10.1016/s1473-3099(15)00424-7,7
DOI:10.1016/s0140-6736(21)02724-0,DOI:10.1093/cid/ciu785,4
DOI:10.1016/s0140-6736(21)02724-0,DOI:10.1108/08876049410065598,3
DOI:10.1016/s0140-6736(21)02724-0,DOI:10.4060/cb5545-n],36
DOI:10.1016/s0140-6736(21)02724-0,"O'NEILL J., REV ANTIMICROBIAL RE",8
DOI:10.1016/s0140-6736(21)02724-0,DOI:10.1016/s0140-6736(15)00473-0,15
DOI:10.1016/s0140-6736(21)02724-0,DOI:10.1111/nyas.14036,3
DOI:10.1016/s0140-6736(21)02724-0,DOI:10.4103/jgid.jgid_110_18,5
DOI:10.1016/s0140-6736(21)02724-0,"[ANONYMOUS], 2017, WHO PUBLISHES LIST OF BACTERIA FOR WHICH NEW ANTIBIOTICS ARE URGENTLY NEEDED",3
DOI:10.1016/s0140-6736(21)02724-0,DOI:10.1016/j.mib.2020.09.013,4
DOI:10.1016/s0140-6736(21)02724-0,DOI:10.1016/s0140-6736(22)02185-7,6
DOI:10.1016/s0140-6736(21)02724-0,DOI:10.1136/bmjgh-2021-007388,3
DOI:10.1016/s0140-6736(21)02724-0,DOI:10.1179/2047773215y.0000000030,13
DOI:10.1016/s0140-6736(21)02724-0,DOI:10.1186/s12916-018-1073-z,3
DOI:10.1016/s0140-6736(21)02724-0,DOI:10.14202/vetworld.2022.743-749,13
DOI:10.1016/s0140-6736(21)02724-0,DOI:10.3389/fmicb.2016.01728,6
DOI:10.1016/s0140-6736(21)02724-0,DOI:10.3389/fpubh.2022.1003178,4
DOI:10.1016/s0140-6736(21)02724-0,DOI:10.4060/cc2289en,3
DOI:10.1016/s0140-6736(21)02724-0,"O'NEILL J., 2016, REVIEW ON ANTIMICROBIAL RESISTANCE: TACKLING DRUG-RESISTANT INFECTIONS GLOBALLY: FINAL REPORT AND RECOMMENDATIONS",19
DOI:10.1016/s0140-6736(21)02724-0,"[ANONYMOUS], 2014, ANTIMICROBIAL RESISTANCE: TACKLING A CRISIS FORTHE HEALTH AND WEALTH OF NATIONS",3
DOI:10.1016/s0140-6736(21)02724-0,DOI:10.1016/j.artmed.2021.102216,3
DOI:10.1016/s0140-6736(21)02724-0,DOI:10.1016/j.envint.2018.04.041,4
DOI:10.1016/s0140-6736(21)02724-0,DOI:10.1016/j.envint.2023.108089,4
DOI:10.1016/s0140-6736(21)02724-0,DOI:10.1016/j.jgar.2021.08.001,4
DOI:10.1016/s0140-6736(21)02724-0,DOI:10.1016/j.mib.2011.04.009,4
DOI:10.1016/s0140-6736(21)02724-0,DOI:10.1016/j.mib.2021.09.011,6
DOI:10.1016/s0140-6736(21)02724-0,DOI:10.1016/j.scitotenv.2013.01.032,3
DOI:10.1016/s0140-6736(21)02724-0,DOI:10.1016/s1473-3099(12)70317-1,4
DOI:10.1016/s0140-6736(21)02724-0,DOI:10.1016/s2542-5196(17)30141-9,6
DOI:10.1016/s0140-6736(21)02724-0,DOI:10.1016/s2542-5196(19)30083-x,5
DOI:10.1016/s0140-6736(21)02724-0,DOI:10.1016/s2542-5196(23)00278-4,8
DOI:10.1016/s0140-6736(21)02724-0,DOI:10.1016/s2666-5247(23)00285-9,5
DOI:10.1016/s0140-6736(21)02724-0,DOI:10.1021/acs.est.5b02566,7
DOI:10.1016/s0140-6736(21)02724-0,DOI:10.1038/nbt.3935,3
DOI:10.1016/s0140-6736(21)02724-0,DOI:10.1038/nrmicro2312,5
DOI:10.1016/s0140-6736(21)02724-0,DOI:10.1038/nrmicro3439,14
DOI:10.1016/s0140-6736(21)02724-0,DOI:10.1093/femsre/fux053,5
DOI:10.1016/s0140-6736(21)02724-0,DOI:10.1093/jac/dkt443,3
DOI:10.1016/s0140-6736(21)02724-0,DOI:10.1093/trstmh/trw048,8
DOI:10.1016/s0140-6736(21)02724-0,DOI:10.1098/rstb.2014.0083,10
DOI:10.1016/s0140-6736(21)02724-0,DOI:10.1111/1365-2664.12596,3
DOI:10.1016/s0140-6736(21)02724-0,DOI:10.1128/aem.03366-14,3
DOI:10.1016/s0140-6736(21)02724-0,DOI:10.1128/cmr.00002-11,4
DOI:10.1016/s0140-6736(21)02724-0,DOI:10.1128/mmbr.00016-10,4
DOI:10.1016/s0140-6736(21)02724-0,DOI:10.1186/s13750-022-00262-2,5
DOI:10.1016/s0140-6736(21)02724-0,DOI:10.1186/s13756-022-01130-x,6
DOI:10.1016/s0140-6736(21)02724-0,DOI:10.1371/journal.ppat.1010537,13
DOI:10.1016/s0140-6736(21)02724-0,DOI:10.2807/1560-7917.es.2019.24.32.1900149,3
DOI:10.1016/s0140-6736(21)02724-0,DOI:10.2807/1560-7917.es.2021.26.4.2001359,5
DOI:10.1016/s0140-6736(21)02724-0,DOI:10.3389/fcimb.2022.1065796,5
DOI:10.1016/s0140-6736(21)02724-0,DOI:10.3389/fcimb.2022.873989,3
DOI:10.1016/s0140-6736(21)02724-0,DOI:10.3389/fmicb.2019.02892,3
DOI:10.1016/s0140-6736(21)02724-0,DOI:10.3389/fpubh.2021.726484,3
DOI:10.1016/s0140-6736(21)02724-0,DOI:10.3390/healthcare11131946,14
DOI:10.1016/s0140-6736(21)02724-0,DOI:10.3390/ijerph10072643,3
DOI:10.1016/s0140-6736(21)02724-0,DOI:10.3390/ijerph19010360,3
DOI:10.1016/s0140-6736(21)02724-0,DOI:10.3390/molecules23040795,14
DOI:10.1016/s0140-6736(21)02724-0,DOI:10.3390/w12123313,5
DOI:10.1016/s0140-6736(21)02724-0,"MCDOUGALL FIONA K, 2021, MICROB GENOM, V7, DOI [10.1099/MGEN.0.000571, 10.1099/MGEN.0.000571]",3
DOI:10.1016/s0140-6736(21)02724-0,DOI:10.1016/s0377-1237(09)80020-8,3
DOI:10.1016/s0140-6736(21)02724-0,DOI:10.1093/jac/dkab462,3
DOI:10.1016/s0140-6736(21)02724-0,DOI:10.1186/s13028-017-0299-7,3
DOI:10.1016/s0140-6736(21)02724-0,DOI:10.3389/fmicb.2022.838490,6
DOI:10.1016/s0140-6736(21)02724-0,DOI:10.1016/j.cmi.2020.07.012,3
DOI:10.1016/s0140-6736(21)02724-0,DOI:10.1038/s41564-022-01089-w,5
DOI:10.1016/s0140-6736(21)02724-0,DOI:10.1038/s41576-023-00649-y,8
DOI:10.1016/s0140-6736(21)02724-0,DOI:10.1038/s41579-023-00926-x,3
DOI:10.1016/s0140-6736(21)02724-0,DOI:10.1093/jac/dkaa345,9
DOI:10.1016/s0140-6736(21)02724-0,DOI:10.1111/j.1469-0691.2011.03570.x,11
DOI:10.1016/s0140-6736(21)02724-0,DOI:10.1128/aac.02412-14,8
DOI:10.1016/s0140-6736(21)02724-0,DOI:10.1016/j.tim.2006.02.006,4
DOI:10.1016/s0140-6736(21)02724-0,DOI:10.1016/s2542-5196(23)00026-8,7
DOI:10.1016/s0140-6736(21)02724-0,DOI:10.1016/s2542-5196(23)00135-3,3
DOI:10.1016/s0140-6736(21)02724-0,DOI:10.1038/ismej.2014.226,4
DOI:10.1016/s0140-6736(21)02724-0,DOI:10.1038/nature13377,3
DOI:10.1016/s0140-6736(21)02724-0,DOI:10.1038/nature17672,4
DOI:10.1016/s0140-6736(21)02724-0,DOI:10.1038/nrmicro2319,3
DOI:10.1016/s0140-6736(21)02724-0,DOI:10.1038/s41467-018-02828-6,3
DOI:10.1016/s0140-6736(21)02724-0,DOI:10.1038/s41467-022-29283-8,5
DOI:10.1016/s0140-6736(21)02724-0,DOI:10.1038/s41564-019-0503-9,8
DOI:10.1016/s0140-6736(21)02724-0,DOI:10.1093/cid/cix879,4
DOI:10.1016/s0140-6736(21)02724-0,DOI:10.1126/sciadv.aau9124,5
DOI:10.1016/s0140-6736(21)02724-0,DOI:10.1126/science.aba3432,4
DOI:10.1016/s0140-6736(21)02724-0,DOI:10.3390/agriculture12020289,4
DOI:10.1016/s0140-6736(21)02724-0,"LIU Y, 2020, LANCET INFECT DIS, V20, P656, DOI [10.1016/S1473-3099(15)00424-7, 10.1016/S1473-3099(20)30232-2, 10.1007/978-981-15-7749-9_1]",5
DOI:10.1016/s0140-6736(21)02724-0,"MULOI DM, 2023, LANCET MICROBE, V4, PE1056, DOI [10.1016/S2666-5247(23)00284-7, 10.1016/S2666-5247(23)00284]",5
DOI:10.1016/s0140-6736(21)02724-0,"[ANONYMOUS], 2023, BRACING FOR SUPERBUGS: STRENGTHENING ENVIRONMENTAL ACTION IN THE ONE HEALTH RESPONSE TO ANTIMICROBIAL RESISTANCE",3
DOI:10.1016/s0140-6736(21)02724-0,DOI:10.1016/j.envint.2020.105689,3
DOI:10.1016/s0140-6736(21)02724-0,DOI:10.1016/s1473-3099(18)30648-0,3
DOI:10.1016/s0140-6736(21)02724-0,DOI:10.1038/nm1145,3
DOI:10.1016/s0140-6736(21)02724-0,DOI:10.1177/2049936121991374,4
DOI:10.1016/s0140-6736(21)02724-0,DOI:10.24911/ijmdc.51-1549060699,5
DOI:10.1016/s0140-6736(21)02724-0,DOI:10.3389/fcimb.2021.771510,8
DOI:10.1016/s0140-6736(21)02724-0,DOI:10.3390/antibiotics9070372,5
DOI:10.1016/s0140-6736(21)02724-0,DOI:10.3390/ijms21061914,3
DOI:10.1016/s0140-6736(21)02724-0,DOI:10.1038/s41467-020-16322-5,5
DOI:10.1016/s0140-6736(21)02724-0,DOI:10.1080/03009734.2016.1195900,4
DOI:10.1016/s0140-6736(21)02724-0,DOI:10.1093/cid/ciad487,4
DOI:10.1016/s0140-6736(21)02724-0,DOI:10.1093/cid/ciad561,3
DOI:10.1016/s0140-6736(21)02724-0,DOI:10.1136/bmjgh-2019-002244,3
DOI:10.1016/s0140-6736(21)02724-0,DOI:10.1186/s13756-021-00931-w,16
DOI:10.1016/s0140-6736(21)02724-0,DOI:10.1371/journal.pgph.0001305,5
DOI:10.1016/s0140-6736(21)02724-0,DOI:10.2147/idr.s342753,4
DOI:10.1016/s0140-6736(21)02724-0,DOI:10.3389/bjbs.2023.11387,9
DOI:10.1016/s0140-6736(21)02724-0,DOI:10.3389/fvets.2021.618497,3
DOI:10.1016/s0140-6736(21)02724-0,DOI:10.1093/trstmh/trx050,5
DOI:10.1016/s0140-6736(21)02724-0,DOI:10.1186/s12916-019-1412-8,5
DOI:10.1016/s0140-6736(21)02724-0,DOI:10.1038/nrmicro1234,4
DOI:10.1016/s0140-6736(21)02724-0,DOI:10.1073/pnas.1222743110,5
DOI:10.1016/s0140-6736(21)02724-0,DOI:10.1128/mbio.02227-15,4
DOI:10.1016/s0140-6736(21)02724-0,DOI:10.1128/mmbr.00020-10,4
DOI:10.1016/s0140-6736(21)02724-0,DOI:10.2460/javma.24.01.0056,3
DOI:10.1016/s0140-6736(21)02724-0,DOI:10.3389/fenvs.2022.830861,3
DOI:10.1016/s0140-6736(21)02724-0,DOI:10.3389/frwa.2024.1359109,5
DOI:10.1016/s0140-6736(21)02724-0,DOI:10.3390/antibiotics12061061,3
DOI:10.1016/s0140-6736(21)02724-0,DOI:10.4103/2045-080x.186181],3
DOI:10.1016/s0140-6736(21)02724-0,"FERDINAND AS, 2023, BMC GLOB PUBLIC HEAL, V1, DOI [10.1186/S44263-023-00003-8, 10.1186/S44263-023-00003-8]",3
DOI:10.1016/s0140-6736(21)02724-0,"MURRAY LM, 2024, NPJ ANTIMICROB RESIS, V2, DOI [10.1038/S44259-024-00026-7, 10.1038/S44259-024-00026-7]",3
DOI:10.1016/s0140-6736(21)02724-0,DOI:10.2903/j.efsa.2021.6651,5
DOI:10.1016/s0140-6736(21)02724-0,DOI:10.1038/s41545-020-0051-0,7
DOI:10.1016/s0140-6736(21)02724-0,DOI:10.1038/s41579-019-0158-9,3
DOI:10.1016/s0140-6736(21)02724-0,DOI:10.1038/nrmicro3399,4
DOI:10.1016/s0140-6736(21)02724-0,DOI:10.1126/science.aao1495,3
DOI:10.1016/s0140-6736(21)02724-0,DOI:10.2147/idr.s290835,9
DOI:10.1016/s0140-6736(21)02724-0,DOI:10.3390/antibiotics10020209,3
DOI:10.1016/s0140-6736(21)02724-0,"SAMREEN, 2021, J GLOB ANTIMICROB RE, V27, P101, DOI [10.1016/J.JGAR.2021.08.001, 10.1097/JS9.0000000000001165]",6
DOI:10.1016/s0140-6736(21)02724-0,DOI:10.1016/j.lanwpc.2020.100084,8
DOI:10.1016/s0140-6736(21)02724-0,DOI:10.1136/bmjgh-2019-002104,8
DOI:10.1016/s0140-6736(21)02724-0,DOI:10.1186/s12992-024-01046-8,4
DOI:10.1016/s0140-6736(21)02724-0,DOI:10.1186/s13756-020-00847-x,7
DOI:10.1016/s0140-6736(21)02724-0,"[ANONYMOUS], 2016, TACKLING DRUG-RESISTANT INFECTIONS GLOBALLY: FINAL REPORT AND RECOMMENDATIONS",3
DOI:10.1016/s0140-6736(21)02724-0,DOI:10.1016/j.cmi.2015.12.002,3
DOI:10.1016/s0140-6736(21)02724-0,DOI:10.1016/j.onehlt.2021.100286,3
DOI:10.1016/s0140-6736(21)02724-0,DOI:10.4102/ajlm.v7i2.770,3
DOI:10.1016/s0140-6736(21)02724-0,"O A RESISTANCE R., 2014, REVIEW ON ANTIMICROBIAL RESISTANCE",4
DOI:10.1016/s0140-6736(21)02724-0,"AENISHAENSLIN C, 2019, B WORLD HEALTH ORGAN, V97, P283, DOI [10.2471/BLT.18.218917, 10.2471/BLT.18.218917]",5
DOI:10.1016/s0140-6736(21)02724-0,DOI:10.1016/j.envint.2020.105733,4
DOI:10.1016/s0140-6736(21)02724-0,DOI:10.1016/j.scitotenv.2019.03.162,4
DOI:10.1016/s0140-6736(21)02724-0,DOI:10.1016/s1473-3099(16)00100-6,4
DOI:10.1016/s0140-6736(21)02724-0,DOI:10.1016/s2468-2667(22)00225-0,3
DOI:10.1016/s0140-6736(21)02724-0,DOI:10.1128/cmr.00181-19,3
DOI:10.1016/s0140-6736(21)02724-0,DOI:10.1177/003335491212700103,3
DOI:10.1016/s0140-6736(21)02724-0,DOI:10.3389/fmicb.2015.00034,3
DOI:10.1016/s0140-6736(21)02724-0,DOI:10.3390/pathogens12091074,3
DOI:10.1016/s0140-6736(21)02724-0,"[ANONYMOUS], 2022, GLOBAL ANTIMICROBIAL RESISTANCE AND USE SURVEILLANCE SYSTEM (GLASS) REPORT: 2022",4
DOI:10.1016/s0140-6736(21)02724-0,"BANK W., 2017, DRUG RESISTANT INFEC",6
DOI:10.1016/s0140-6736(21)02724-0,DOI:10.1002/mbo3.1035,4
DOI:10.1016/s0140-6736(21)02724-0,DOI:10.1016/j.scitotenv.2019.06.134,3
DOI:10.1016/s0140-6736(21)02724-0,DOI:10.1038/s41467-020-15735-6,4
DOI:10.1016/s0140-6736(21)02724-0,DOI:10.3390/antibiotics11040427,5
DOI:10.1016/s0140-6736(21)02724-0,DOI:10.3934/microbiol.2018.3.482,4
DOI:10.1016/s0140-6736(21)02724-0,"[ANONYMOUS], 2020, ANTIMICROBIAL RESISTANCE",9
DOI:10.1016/s0140-6736(21)02724-0,DOI:10.1016/j.cmi.2017.07.010,3
DOI:10.1016/s0140-6736(21)02724-0,DOI:10.1016/j.eclinm.2021.101221,3
DOI:10.1016/s0140-6736(21)02724-0,DOI:10.1016/j.ejps.2021.106103,3
DOI:10.1016/s0140-6736(21)02724-0,DOI:10.1016/s2542-5196(21)00280-1,6
DOI:10.1016/s0140-6736(21)02724-0,DOI:10.1098/rspb.2018.0332,6
DOI:10.1016/s0140-6736(21)02724-0,DOI:10.1007/s42770-021-00635-8,4
DOI:10.1016/s0140-6736(21)02724-0,DOI:10.1016/j.clinthera.2020.07.004,3
DOI:10.1016/s0140-6736(21)02724-0,DOI:10.1016/j.sjbs.2014.08.002,3
DOI:10.1016/s0140-6736(21)02724-0,DOI:10.1016/s0140-6736(24)00876-6,3
DOI:10.1016/s0140-6736(21)02724-0,DOI:10.1017/ash.2024.64,3
DOI:10.1016/s0140-6736(21)02724-0,DOI:10.1186/s12916-020-01652-4,3
DOI:10.1016/s0140-6736(21)02724-0,DOI:10.1371/journal.pone.0189621,5
DOI:10.1016/s0140-6736(21)02724-0,DOI:10.1371/journal.pone.0297921,4
DOI:10.1016/s0140-6736(21)02724-0,DOI:10.2144/fsoa-2019-0098,3
DOI:10.1016/s0140-6736(21)02724-0,DOI:10.2147/idr.s428837,3
DOI:10.1016/s0140-6736(21)02724-0,DOI:10.3389/fmicb.2016.01881,3
DOI:10.1016/s0140-6736(21)02724-0,DOI:10.3390/ph16111615,3
DOI:10.1016/s0140-6736(21)02724-0,DOI:10.4236/pp.2023.148020,4
DOI:10.1016/s0140-6736(21)02724-0,DOI:10.1093/jac/dkac054,3
DOI:10.1016/s0140-6736(21)02724-0,"LUDDEN C, 2019, MBIO, V10, DOI [10.1128/MBIO.02693-18, 10.1128/MBIO.02693-18]",5
DOI:10.1016/s0140-6736(21)02724-0,"[ANONYMOUS], 2023, GLOBAL ANTIMICROBIAL RESISTANCE AND USE SURVEILLANCE SYSTEM (GLASS)",3
DOI:10.1016/s0140-6736(21)02724-0,DOI:10.1136/bmj.n71,4
DOI:10.1016/s0140-6736(21)02724-0,DOI:10.1016/j.envint.2019.05.074,3
DOI:10.1016/s0140-6736(21)02724-0,DOI:10.1016/j.ijheh.2019.01.004,3
DOI:10.1016/s0140-6736(21)02724-0,DOI:10.1016/j.tim.2013.11.001,4
DOI:10.1016/s0140-6736(21)02724-0,DOI:10.1016/s2542-5196(18)30186-4,6
DOI:10.1016/s0140-6736(21)02724-0,DOI:10.1038/s42003-020-01176-w,4
DOI:10.1016/s0140-6736(21)02724-0,DOI:10.1093/femsec/fiy038,3
DOI:10.1016/s0140-6736(21)02724-0,DOI:10.1126/science.1220761,5
DOI:10.1016/s0140-6736(21)02724-0,DOI:10.1128/aac.00296-11,4
DOI:10.1016/s0140-6736(21)02724-0,DOI:10.1128/cmr.00116-14,5
DOI:10.1016/s0140-6736(21)02724-0,DOI:10.3390/tropicalmed4020088,4
DOI:10.1016/s0140-6736(21)02724-0,DOI:10.7554/elife.53886,4
DOI:10.1016/s0140-6736(21)02724-0,DOI:10.1128/jcm.02026-14,3
DOI:10.1016/s0140-6736(21)02724-0,DOI:10.1186/s12879-017-2232-0,4
DOI:10.1016/s0140-6736(21)02724-0,DOI:10.1186/s12879-017-2713-1,6
DOI:10.1016/s0140-6736(21)02724-0,DOI:10.1186/s13643-021-01626-4,4
DOI:10.1016/s0140-6736(21)02724-0,"[ANONYMOUS], 2018, GLOBAL ACTION PLAN P",3
DOI:10.1016/s0140-6736(21)02724-0,DOI:10.1371/journal.pmed.1004178,3
DOI:10.1016/s0140-6736(21)02724-0,"WORLD HEALTH ORGANIZATION, 2022, GLOBAL ANTIMICROBIAL RESISTANCE AND USE SURVEILLANCE SYSTEM (GLASS) REPORT: 2022",3
DOI:10.1016/s0140-6736(21)02724-0,DOI:10.1093/cid/ciab769,3
DOI:10.1016/s0140-6736(21)02724-0,"KASIMANICKAM VANMATHY, 2021, MED SCI (BASEL), V9, DOI [10.3390/MEDSCI9010014, 10.3390/MEDSCI9010014]",4
DOI:10.1016/s0140-6736(21)02724-0,DOI:10.2147/idr.s237038,3
DOI:10.1016/s0140-6736(21)02724-0,DOI:10.3389/fped.2021.670470,3
DOI:10.1016/s0140-6736(21)02724-0,DOI:10.1007/s10393-019-01415-5,3
DOI:10.1016/s0140-6736(21)02724-0,DOI:10.1016/j.jiph.2021.10.020,3
DOI:10.1016/s0140-6736(21)02724-0,DOI:10.1016/j.mib.2019.10.008,5
DOI:10.1016/s0140-6736(21)02724-0,DOI:10.1016/s1473-3099(16)30319-x,3
DOI:10.1016/s0140-6736(21)02724-0,DOI:10.1186/s13756-017-0208-x,7
DOI:10.1016/s0140-6736(21)02724-0,DOI:10.1186/s13756-017-0294-9,3
DOI:10.1016/s0140-6736(21)02724-0,DOI:10.1186/s13756-018-0384-3,3
DOI:10.1016/s0140-6736(21)02724-0,DOI:10.2147/idr.s234610,7
DOI:10.1016/s0140-6736(21)02724-0,DOI:10.3389/fmicb.2010.00134,3
DOI:10.1016/s0140-6736(21)02724-0,DOI:10.3389/fpubh.2014.00145,3
DOI:10.1016/s0140-6736(21)02724-0,DOI:10.3390/microorganisms11041050,3
DOI:10.1016/s0140-6736(21)02724-0,"[ANONYMOUS], 2020, ANTIMICROBIAL RESIST",3
DOI:10.1016/s0140-6736(21)02724-0,"[ANONYMOUS], GLOBAL ACTION PLAN ON ANTIMICROBIAL RESISTANCE",5
DOI:10.1016/s0140-6736(21)02724-0,DOI:10.4103/ijmr.ijmr_331_18,3
DOI:10.1016/s0140-6736(21)02724-0,DOI:10.1016/j.envint.2022.107171,8
DOI:10.1016/s0140-6736(21)02724-0,DOI:10.1016/j.envpol.2023.121403,3
DOI:10.1016/s0140-6736(21)02724-0,DOI:10.1016/j.glmedi.2024.100081,5
DOI:10.1016/s0140-6736(21)02724-0,DOI:10.1016/j.jgar.2019.07.031,3
DOI:10.1016/s0140-6736(21)02724-0,DOI:10.1016/s2666-5247(23)00282-3,4
DOI:10.1016/s0140-6736(21)02724-0,DOI:10.1038/s41564-023-01351-9,6
DOI:10.1016/s0140-6736(21)02724-0,DOI:10.1080/10408398.2015.1077192,3
DOI:10.1016/s0140-6736(21)02724-0,DOI:10.1186/s13756-020-00751-4,5
DOI:10.1016/s0140-6736(21)02724-0,DOI:10.1186/s13756-020-0697-x,4
DOI:10.1016/s0140-6736(21)02724-0,DOI:10.3389/fmicb.2018.00362,3
DOI:10.1016/s0140-6736(21)02724-0,DOI:10.3390/ijms20071535,3
DOI:10.1016/s0140-6736(21)02724-0,DOI:10.1017/gheg.2017.4,3
DOI:10.1016/s0140-6736(21)02724-0,DOI:10.1038/s41579-019-0315-1,3
DOI:10.1016/s0140-6736(21)02724-0,DOI:10.1038/sdata.2016.18,3
DOI:10.1016/s0140-6736(21)02724-0,DOI:10.1080/14787210.2021.1951705,5
DOI:10.1016/s0140-6736(21)02724-0,DOI:10.1101/gr.251678.119,3
DOI:10.1016/s0140-6736(21)02724-0,DOI:10.1136/bmjgh-2020-003622,3
DOI:10.1016/s0140-6736(21)02724-0,DOI:10.3389/fvets.2021.611931,5
DOI:10.1016/s0140-6736(21)02724-0,DOI:10.3390/microorganisms7060180,5
DOI:10.1016/s0140-6736(21)02724-0,"[ANONYMOUS], 2021, GLOBAL ANTIMICROBIAL RESISTANCE AND USE SURVEILLANCE SYSTEM (GLASS)",8
DOI:10.1016/s0140-6736(21)02724-0,DOI:10.1093/nar/gkac920,5
DOI:10.1016/s0140-6736(21)02724-0,DOI:10.1136/bmjgh-2022-010863,3
DOI:10.1016/s0140-6736(21)02724-0,DOI:10.3390/ijerph20031681,4
DOI:10.1016/s0140-6736(21)02724-0,DOI:10.1016/j.cmi.2021.05.037,5
DOI:10.1016/s0140-6736(21)02724-0,DOI:10.1016/s1473-3099(17)30394-8,3
DOI:10.1016/s0140-6736(21)02724-0,"[ANONYMOUS], 2014, PERFORMANCE STANDARD, V24TH",4
DOI:10.1016/s0140-6736(21)02724-0,DOI:10.1016/s1473-3099(13)70318-9,8
DOI:10.1016/s0140-6736(21)02724-0,DOI:10.1093/cid/ciab796,5
DOI:10.1016/s0140-6736(21)02724-0,DOI:10.2900/56866,5
DOI:10.1016/s0140-6736(21)02724-0,DOI:10.1038/s41587-019-0072-8,3
DOI:10.1016/s0140-6736(21)02724-0,"ANJUM MF, 2018, ANTIMICROBIAL RESISTANCE IN BACTERIA FROM LIVESTOCK AND COMPANION ANIMALS, P33, DOI [10.1128/9781555819804.CH3, 10.1128/MICROBIOLSPEC.ARBA-0011-2017]",3
DOI:10.1016/s0140-6736(21)02724-0,DOI:10.1016/j.envpol.2023.122020,3
DOI:10.1016/s0140-6736(21)02724-0,DOI:10.1093/jacamr/dlab092,3
DOI:10.1016/s0140-6736(21)02724-0,DOI:10.3389/fmicb.2022.977106,3
DOI:10.1016/s0140-6736(21)02724-0,DOI:10.3389/fpubh.2020.574968,3
DOI:10.1016/s0140-6736(21)02724-0,DOI:10.3390/biomedicines11112937,3
DOI:10.1016/s0140-6736(21)02724-0,DOI:10.1016/j.cimid.2021.101613,4
DOI:10.1016/s0140-6736(21)02724-0,DOI:10.3390/antibiotics11081079,3
DOI:10.1016/s0140-6736(21)02724-0,DOI:10.1016/j.envint.2017.11.003,4
DOI:10.1016/s0140-6736(21)02724-0,DOI:10.1016/s1473-3099(20)30149-3,4
DOI:10.1016/s0140-6736(21)02724-0,DOI:10.1016/j.onehlt.2021.100220,3
DOI:10.1016/s0140-6736(21)02724-0,DOI:10.1126/science.aaw1944,8
DOI:10.1016/s0140-6736(21)02724-0,DOI:10.3390/ijerph9030746,3
DOI:10.1016/s0140-6736(21)02724-0,DOI:10.1016/j.jgar.2020.10.009,6
DOI:10.1016/s0140-6736(21)02724-0,DOI:10.1038/s41598-021-91456-0,5
DOI:10.1016/s0140-6736(21)02724-0,DOI:10.1089/fpd.2017.2283,3
DOI:10.1016/s0140-6736(21)02724-0,DOI:10.1093/bioinformatics/btu170,3
DOI:10.1016/s0140-6736(21)02724-0,DOI:10.1128/aac.00483-19,4
DOI:10.1016/s0140-6736(21)02724-0,DOI:10.1186/s40168-018-0401-z,4
DOI:10.1016/s0140-6736(21)02724-0,DOI:10.3389/fgene.2020.575592,3
DOI:10.1016/s0140-6736(21)02724-0,DOI:10.1016/s1473-3099(14)70780-7,3
DOI:10.1016/s0140-6736(21)02724-0,DOI:10.1089/fpd.2017.2411,3
DOI:10.1016/s0140-6736(21)02724-0,DOI:10.1128/cmr.00048-19,3
DOI:10.1016/s0140-6736(21)02724-0,DOI:10.1186/s12992-020-00639-3,4
DOI:10.1016/s0140-6736(21)02724-0,DOI:10.1371/journal.pmed.1004264,3
DOI:10.1016/s0140-6736(21)02724-0,DOI:10.1016/j.envpol.2018.01.032,3
DOI:10.1016/s0140-6736(21)02724-0,DOI:10.1016/s1473-3099(17)30485-1,5
DOI:10.1016/s0140-6736(21)02724-0,DOI:10.1371/journal.ppat.1002158,3
DOI:10.1016/s0140-6736(21)02724-0,"[ANONYMOUS], 2014, ANT RES GLOB REP SUR",8
DOI:10.1016/s0140-6736(21)02724-0,"[ANONYMOUS], 2024, WHO BACTERIAL PRIORITY PATHOGENS LIST, 2024: BACTERIAL PATHOGENS OF PUBLIC HEALTH IMPORTANCE TO GUIDE RESEARCH, DEVELOPMENT AND STRATEGIES TO PREVENT AND CONTROL ANTIMICROBIAL RESISTANCE",6
DOI:10.1016/s0140-6736(21)02724-0,DOI:10.1016/j.cmi.2017.08.026,5
DOI:10.1016/s0140-6736(21)02724-0,DOI:10.1093/cid/cit355,3
DOI:10.1016/s0140-6736(21)02724-0,DOI:10.1099/mic.0.001208,3
DOI:10.1016/s0140-6736(21)02724-0,DOI:10.3389/fcimb.2022.869314,3
DOI:10.1016/s0140-6736(21)02724-0,DOI:10.3389/fpubh.2021.673504,3
DOI:10.1016/s0140-6736(21)02724-0,DOI:10.3390/antibiotics9110786,3
DOI:10.1016/s0140-6736(21)02724-0,DOI:10.1016/s2214-109x(23)00019-0,5
DOI:10.1016/s0140-6736(21)02724-0,DOI:10.1016/s2214-109x(23)00539-9,3
DOI:10.1016/s0140-6736(21)02724-0,DOI:10.3390/antibiotics11121824,3
DOI:10.1016/s0140-6736(21)02724-0,DOI:10.3390/life11060528,4
DOI:10.1016/s0140-6736(21)02724-0,"[ANONYMOUS], 2024, WHO BACTERIAL PRIORI",5
DOI:10.1016/s0140-6736(21)02724-0,DOI:10.1016/s0140-6736(15)00474-2,3
DOI:10.1016/s0140-6736(21)02724-0,DOI:10.1093/jac/dkac342,5
DOI:10.1016/s0140-6736(21)02724-0,DOI:10.1093/jacamr/dlae061,4
DOI:10.1016/s0140-6736(21)02724-0,DOI:10.3390/antibiotics12081313,6
DOI:10.1016/s0140-6736(21)02724-0,DOI:10.1007/978-3-319-24277-4,4
DOI:10.1016/s0140-6736(21)02724-0,DOI:10.1038/s41564-018-0192-9,3
DOI:10.1016/s0140-6736(21)02724-0,DOI:10.1057/s41599-018-0152-2,3
DOI:10.1016/s0140-6736(21)02724-0,DOI:10.1093/nar/gkab301,3
DOI:10.1016/s0140-6736(21)02724-0,DOI:10.1101/gr.186072.114,4
DOI:10.1016/s0140-6736(21)02724-0,DOI:10.1186/s13059-014-0550-8,3
DOI:10.1016/s0140-6736(21)02724-0,"LANGMEAD B, 2012, NAT METHODS, V9, P357, DOI [10.1038/NMETH.1923, 10.1038/NMETH.1923]",3
DOI:10.1016/s0140-6736(21)02724-0,DOI:10.1016/j.jiph.2023.02.021,3
DOI:10.1016/s0140-6736(21)02724-0,"POIREL L, 2018, ANTIMICROBIAL RESISTANCE IN BACTERIA FROM LIVESTOCK AND COMPANION ANIMALS, P289, DOI [10.1128/9781555819804.CH13, 10.1128/MICROBIOLSPEC.ARBA-0026-2017]",3
DOI:10.1016/s0140-6736(21)02724-0,"[ANONYMOUS], 2017, GLOBAL ANTIMICROBIAL RESISTANCE SURVEILLANCE SYSTEM (GLASS)",4
DOI:10.1016/s0140-6736(21)02724-0,DOI:10.3389/fmed.2019.00105,4
DOI:10.1016/s0140-6736(21)02724-0,DOI:10.15620/cdc:82532,6
DOI:10.1016/s0140-6736(21)02724-0,DOI:10.1016/s1473-3099(19)30415-3,4
DOI:10.1016/s0140-6736(21)02724-0,DOI:10.1016/s1473-3099(22)00796-4,4
DOI:10.1016/s0140-6736(21)02724-0,DOI:10.1016/s1473-3099(18)30296-2,3
DOI:10.1016/s0140-6736(21)02724-0,DOI:10.3389/fvets.2017.00126,3
DOI:10.1016/s0140-6736(21)02724-0,DOI:10.3389/fvets.2017.00237,3
DOI:10.1016/s0140-6736(21)02724-0,DOI:10.3390/ani10081264,3
DOI:10.1016/s0140-6736(21)02724-0,DOI:10.7759/cureus.2428,3
DOI:10.1016/s0140-6736(21)02724-0,DOI:10.1093/jacamr/dlz072,4
DOI:10.1016/s0140-6736(21)02724-0,DOI:10.3390/antibiotics10030273,3
DOI:10.1016/s0140-6736(21)02724-0,DOI:10.1038/s41467-019-08864-0,3
DOI:10.1016/s0140-6736(21)02724-0,DOI:10.1186/s12575-022-00182-y,5
DOI:10.1016/s0140-6736(21)02724-0,DOI:10.2903/j.efsa.2017.4872,3
DOI:10.1016/s0140-6736(21)02724-0,DOI:10.1186/s12941-023-00638-3,3
DOI:10.1016/s0140-6736(21)02724-0,DOI:10.1016/j.ijregi.2022.04.003,3
DOI:10.1016/s0140-6736(21)02724-0,DOI:10.4102/ajlm.v7i2.830,3
DOI:10.1016/s0140-6736(21)02724-0,DOI:10.1016/j.cmi.2020.09.019,3
DOI:10.1016/s0140-6736(21)02724-0,DOI:10.1016/s2666-5247(23)00283-5,5
DOI:10.1016/s0140-6736(21)02724-0,DOI:10.1093/bioinformatics/bty560,3
DOI:10.1016/s0140-6736(21)02724-0,DOI:10.1186/1471-2105-10-421,3
DOI:10.1016/s0140-6736(21)02724-0,DOI:10.1186/s12879-023-08585-2,4
DOI:10.1016/s0140-6736(21)02724-0,DOI:10.1186/s13756-021-00930-x,4
DOI:10.1016/s0140-6736(21)02724-0,DOI:10.1371/journal.pmed.1004265,4
DOI:10.1016/s0140-6736(21)02724-0,DOI:10.2903/j.efsa.2023.7867,3
DOI:10.1016/s0140-6736(21)02724-0,DOI:10.3201/eid1710.110655,3
DOI:10.1016/s0140-6736(21)02724-0,"GEIGER A, 2012, PROC CVPR IEEE, P3354, DOI [10.1093/BIOINFORMATICS/BTT086, 10.1109/CVPR.2012.6248074]",3
DOI:10.1016/s0140-6736(21)02724-0,DOI:10.1016/j.ijid.2017.01.014,3
DOI:10.1016/s0140-6736(21)02724-0,"[ANONYMOUS], 2019, CRITICALLY IMPORTANT ANTIMICROBIALS FOR HUMAN MEDICINE, 6TH REVISION",3
DOI:10.1016/s0140-6736(21)02724-0,DOI:10.1038/s41564-020-0722-0,4
DOI:10.1016/s0140-6736(21)02724-0,DOI:10.1186/s12992-023-00913-0,3
DOI:10.1016/s0140-6736(21)02724-0,DOI:10.1128/jcm.00008-15,3
DOI:10.1016/s0140-6736(21)02724-0,DOI:10.1186/s12917-021-02938-2,3
DOI:10.1016/s0140-6736(21)02724-0,DOI:10.12688/wellcomeopenres.14826.1],3
DOI:10.1016/s0140-6736(21)02724-0,DOI:10.1371/journal.pmed.1002184,4
DOI:10.1016/s0140-6736(21)02724-0,"BAUER AW, 1966, AM J CLIN PATHOL, V45, P493",4
DOI:10.1016/s0140-6736(21)02724-0,DOI:10.1093/jacamr/dlad060,4
DOI:10.1016/s0140-6736(21)02724-0,DOI:10.1186/s42522-023-00079-0,3
DOI:10.1016/s0140-6736(21)02724-0,DOI:10.3390/antibiotics11030383,4
DOI:10.1016/s0140-6736(21)02724-0,DOI:10.3390/microorganisms11081951,3
DOI:10.1016/s0140-6736(21)02724-0,"MUDENDA STEWARD, 2022, PHARMACOLOGY AND PHARMACY, V13, P379, DOI [10.4236/PP.2022.1310029, 10.4236/PP.2022.1310029]",3
DOI:10.1016/s0140-6736(21)02724-0,DOI:10.18637/jss.v104.i03,3
DOI:10.1016/s0140-6736(21)02724-0,DOI:10.1016/j.ijantimicag.2021.106411,3
DOI:10.1016/s0140-6736(21)02724-0,DOI:10.1016/j.sjbs.2017.01.004,3
DOI:10.1016/s0140-6736(21)02724-0,DOI:10.1093/jtm/taz036,5
DOI:10.1016/s0140-6736(21)02724-0,DOI:10.1186/s13756-020-00800-y,3
DOI:10.1016/s0140-6736(21)02724-0,DOI:10.1093/jacamr/dlac126,4
DOI:10.1016/s0140-6736(21)02724-0,DOI:10.1371/journal.pgph.0001414,4
DOI:10.1016/s0140-6736(21)02724-0,DOI:10.3389/fpubh.2022.998860,3
DOI:10.1016/s0140-6736(21)02724-0,DOI:10.3390/antibiotics10030238,3
DOI:10.1016/s0140-6736(21)02724-0,DOI:10.3390/antibiotics11091210,3
DOI:10.1016/s0140-6736(21)02724-0,DOI:10.3390/antibiotics12040657,3
DOI:10.1016/s0140-6736(21)02724-0,DOI:10.3390/microorganisms10081684,4
DOI:10.1016/s0140-6736(21)02724-0,DOI:10.4236/ojas.2023.131005,3
DOI:10.1016/s0140-6736(21)02724-0,DOI:10.5430/jer.v6n1p35],3
DOI:10.1016/s0140-6736(21)02724-0,DOI:10.1093/cid/ciaa1581,4
DOI:10.1016/s0140-6736(21)02724-0,DOI:10.1016/j.scitotenv.2020.138764,3
DOI:10.1016/s0140-6736(21)02724-0,DOI:10.3389/fvets.2021.620998,3
DOI:10.1016/s0140-6736(21)02724-0,DOI:10.3390/antibiotics14060543,3
DOI:10.1016/s0140-6736(21)02724-0,DOI:10.1016/s2666-5247(23)00281-1,3
DOI:10.1016/s0140-6736(21)02724-0,DOI:10.1371/journal.pmed.1003139,3
DOI:10.1016/s0140-6736(21)02724-0,DOI:10.1093/jac/dkz464,3
DOI:10.1016/s0140-6736(21)02724-0,DOI:10.1186/s13756-018-0336-y,3
DOI:10.1016/s0140-6736(21)02724-0,DOI:10.3389/fpubh.2020.00228,3
DOI:10.1016/s0140-6736(21)02724-0,DOI:10.1016/j.ijantimicag.2019.08.014,3
DOI:10.1016/s0140-6736(21)02724-0,DOI:10.1016/j.jhin.2022.07.031,3
DOI:10.1016/s0140-6736(21)02724-0,DOI:10.1186/s42522-020-00014-7,3
DOI:10.1016/s0140-6736(21)02724-0,DOI:10.2147/idr.s88725,3
DOI:10.1016/s0140-6736(21)02724-0,"SEALE ANNA C, 2017, WELLCOME OPEN RES, V2, P92, DOI [10.12688/WELLCOMEOPENRES.12527.1, 10.12688/WELLCOMEOPENRES.12527.1]",5
DOI:10.1016/s0140-6736(21)02724-0,"[ANONYMOUS], 2016, CRITICALLY IMPORTANT ANTIMICROBIALS FOR HUMAN MEDICINE",4
DOI:10.1016/s0140-6736(21)02724-0,DOI:10.3389/fitd.2021.772491],3
DOI:10.1016/s0140-6736(21)02724-0,DOI:10.1186/s13756-022-01072-4,3
DOI:10.1016/s0140-6736(21)02724-0,"UMUTESI GRACE, 2021, ANN GLOB HEALTH, V87, P78, DOI [10.5334/AOGH.3416, 10.5334/AOGH.3416]",3
DOI:10.1016/s0140-6736(21)02724-0,DOI:10.1093/jac/dky026,3
DOI:10.1016/s0140-6736(21)02724-0,DOI:10.1016/j.cmi.2021.05.027,4
DOI:10.1016/s0140-6736(21)02724-0,DOI:10.3389/fcimb.2020.00314,3
DOI:10.1016/s1473-3099(11)70059-7,DOI:10.1038/s12276-021-00569-z,3
DOI:10.1016/s1473-3099(11)70059-7,DOI:10.1038/s41467-018-03205-z,4
DOI:10.1016/s1473-3099(11)70059-7,DOI:10.1038/s41579-021-00649-x,3
DOI:10.1016/s1473-3099(11)70059-7,DOI:10.1073/pnas.1503141112,7
DOI:10.1016/s1473-3099(11)70059-7,DOI:10.1073/pnas.1717295115,4
DOI:10.1016/s1473-3099(11)70059-7,DOI:10.1126/science.aar3777,3
DOI:10.1016/s1473-3099(11)70059-7,DOI:10.1128/cmr.00088-17,4
DOI:10.1016/s1473-3099(11)70059-7,DOI:10.1128/msystems.00158-22,3
DOI:10.1016/s1473-3099(11)70059-7,DOI:10.3390/tropicalmed4010022,3
DOI:10.1016/s1473-3099(11)70059-7,"MCEWEN SA, 2018, MICROBIOL SPECTR, V6, DOI [10.1128/MICROBIOLSPEC.ARBA-0009-2017, 10.1128/9781555819804.CH24]",3
DOI:10.1016/s1473-3099(11)70059-7,"TACCONELLI E, 2018, LANCET INFECT DIS, V18, P318, DOI [10.1016/S1473-3099(17)30753-3, 10.1016/S1473-3099(17)30753-3]",3
DOI:10.1016/s1473-3099(11)70059-7,"O'NEILL J., 2016, REV ANTIMICROBIAL RE",3
DOI:10.1016/s1473-3099(11)70059-7,DOI:10.1016/j.scitotenv.2013.01.032,3
DOI:10.1016/s1473-3099(11)70059-7,DOI:10.1016/j.tim.2013.11.001,3
DOI:10.1016/s1473-3099(11)70059-7,DOI:10.1016/s0140-6736(15)00473-0,3
DOI:10.1016/s1473-3099(11)70059-7,DOI:10.1016/s1473-3099(12)70317-1,3
DOI:10.1016/s1473-3099(11)70059-7,DOI:10.1016/s1473-3099(15)00424-7,4
DOI:10.1016/s1473-3099(11)70059-7,DOI:10.1016/s1473-3099(16)00100-6,4
DOI:10.1016/s1473-3099(11)70059-7,DOI:10.1086/605667,3
DOI:10.1016/s1473-3099(11)70059-7,DOI:10.1093/trstmh/trw048,3
DOI:10.1016/s1473-3099(11)70059-7,DOI:10.1128/aac.00066-16,3
DOI:10.1016/s1473-3099(11)70059-7,DOI:10.3389/fmicb.2016.01728,3
DOI:10.1016/s1473-3099(18)30605-4,DOI:10.1021/acs.est.1c08918,3
DOI:10.1016/s1473-3099(18)30605-4,DOI:10.1038/nature10388,3
DOI:10.1016/s1473-3099(18)30605-4,DOI:10.1038/s41467-018-03205-z,3
DOI:10.1016/s1473-3099(18)30605-4,DOI:10.1038/s41467-018-07992-3,3
DOI:10.1016/s1473-3099(18)30605-4,DOI:10.1038/s41467-019-08853-3,6
DOI:10.1016/s1473-3099(18)30605-4,DOI:10.1038/s41467-021-25655-8,3
DOI:10.1016/s1473-3099(18)30605-4,DOI:10.1038/s41558-018-0161-6,5
DOI:10.1016/s1473-3099(18)30605-4,DOI:10.1038/s41564-019-0492-8,3
DOI:10.1016/s1473-3099(18)30605-4,DOI:10.1038/s41579-021-00649-x,4
DOI:10.1016/s1473-3099(18)30605-4,DOI:10.1073/pnas.1503141112,7
DOI:10.1016/s1473-3099(18)30605-4,DOI:10.1073/pnas.1717295115,4
DOI:10.1016/s1473-3099(18)30605-4,DOI:10.1080/19490976.2022.2055944,3
DOI:10.1016/s1473-3099(18)30605-4,DOI:10.1086/533452,4
DOI:10.1016/s1473-3099(18)30605-4,DOI:10.1093/jac/dks261,3
DOI:10.1016/s1473-3099(18)30605-4,DOI:10.1128/cmr.00088-17,4
DOI:10.1016/s1473-3099(18)30605-4,DOI:10.1128/cmr.00179-21,3
DOI:10.1016/s1473-3099(18)30605-4,DOI:10.1186/s12199-021-01023-2,3
DOI:10.1016/s1473-3099(18)30605-4,DOI:10.1371/journal.pone.0116746,3
DOI:10.1016/s1473-3099(18)30605-4,DOI:10.3109/1040841x.2012.691460,3
DOI:10.1016/s1473-3099(18)30605-4,DOI:10.3389/fmicb.2016.00173,4
DOI:10.1016/s1473-3099(18)30605-4,DOI:10.3389/fpubh.2019.00242,3
DOI:10.1016/s1473-3099(18)30605-4,DOI:10.3390/antibiotics10091066,3
DOI:10.1016/s1473-3099(18)30605-4,DOI:10.3390/antibiotics9080497,3
DOI:10.1016/s1473-3099(18)30605-4,DOI:10.3390/antibiotics9120918,3
DOI:10.1016/s1473-3099(18)30605-4,DOI:10.3390/microorganisms10020292,3
DOI:10.1016/s1473-3099(18)30605-4,DOI:10.7554/elife.85302,3
DOI:10.1016/s1473-3099(18)30605-4,DOI:10.7883/yoken.jjid.2020.499,3
DOI:10.1016/s1473-3099(18)30605-4,"MCEWEN SA, 2018, MICROBIOL SPECTR, V6, DOI [10.1128/MICROBIOLSPEC.ARBA-0009-2017, 10.1128/9781555819804.CH24]",4
DOI:10.1016/s1473-3099(18)30605-4,"PENDLETON JN, 2013, EXPERT REV ANTI-INFE, V11, P297, DOI [10.1586/ERI.13.12, 10.1586/ERI.13.12]",3
DOI:10.1016/s1473-3099(18)30605-4,"TACCONELLI E, 2018, LANCET INFECT DIS, V18, P318, DOI [10.1016/S1473-3099(17)30753-3, 10.1016/S1473-3099(17)30753-3]",6
DOI:10.1016/s1473-3099(18)30605-4,DOI:10.1111/j.1469-0691.2011.03570.x,7
DOI:10.1016/s1473-3099(18)30605-4,DOI:10.1128/cmr.00181-19,4
DOI:10.1016/s1473-3099(18)30605-4,DOI:10.1016/j.eururo.2022.08.023,4
DOI:10.1016/s1473-3099(18)30605-4,DOI:10.1016/s0140-6736(15)00473-0,5
DOI:10.1016/s1473-3099(18)30605-4,DOI:10.1016/s1473-3099(13)70318-9,4
DOI:10.1016/s1473-3099(18)30605-4,DOI:10.1016/s1473-3099(15)00424-7,4
DOI:10.1016/s1473-3099(18)30605-4,DOI:10.1038/nrmicro3380,3
DOI:10.1016/s1473-3099(18)30605-4,DOI:10.1093/trstmh/trw048,5
DOI:10.1016/s1473-3099(18)30605-4,DOI:10.1179/2047773215y.0000000030,5
DOI:10.1016/s1473-3099(18)30605-4,DOI:10.24911/ijmdc.51-1549060699,4
DOI:10.1016/s1473-3099(18)30605-4,"HALL CW, 2017, FEMS MICROBIOL REV, V41, P276, DOI [10.1093/FEMSRE/F, 10.1093/FEMSRE/FUX010]",3
DOI:10.1016/s1473-3099(18)30605-4,"O'NEILL J., 2016, REVIEW ON ANTIMICROBIAL RESISTANCE: TACKLING DRUG-RESISTANT INFECTIONS GLOBALLY: FINAL REPORT AND RECOMMENDATIONS",5
DOI:10.1016/s1473-3099(18)30605-4,DOI:10.1016/s2542-5196(18)30186-4,5
DOI:10.1016/s1473-3099(18)30605-4,DOI:10.1016/s2542-5196(17)30141-9,4
DOI:10.1016/s1473-3099(18)30605-4,DOI:10.4103/jgid.jgid_110_18,4
DOI:10.1016/s1473-3099(18)30605-4,DOI:10.1371/journal.pmed.1002184,4
DOI:10.1016/s1473-3099(18)30605-4,"[ANONYMOUS], 2015, GLOBAL ACTION PLAN ON ANTIMICROBIAL RESISTANCE",3
DOI:10.1016/s1473-3099(18)30605-4,DOI:10.1126/science.aaw1944,3
DOI:10.1016/s1473-3099(18)30605-4,DOI:10.2807/1560-7917.es.2018.23.46.1800516,3
DOI:10.1016/s1473-3099(18)30605-4,DOI:10.4060/cb5545-n],9
DOI:10.1016/s1473-3099(18)30605-4,"O'NEILL J., REV ANTIMICROBIAL RE",5
DOI:10.1016/s1473-3099(18)30605-4,DOI:10.1093/cid/ciy657,3
DOI:10.1016/s1473-3099(18)30605-4,DOI:10.2807/1560-7917.es.2016.21.33.30319,3
DOI:10.1016/s1473-3099(18)30605-4,DOI:10.1093/jtm/taz036,3
DOI:10.1016/s1473-3099(18)30605-4,DOI:10.1186/s13756-018-0336-y,3
DOI:10.1016/s2666-5247(21)00117-8,DOI:10.1016/s2666-5247(22)00380-9,3
DOI:10.1016/s2666-5247(21)00117-8,DOI:10.1017/ice.2019.296,3
DOI:10.1016/s2666-5247(21)00117-8,DOI:10.1021/acs.est.1c08918,3
DOI:10.1016/s2666-5247(21)00117-8,DOI:10.1038/ismej.2014.106,3
DOI:10.1016/s2666-5247(21)00117-8,DOI:10.1038/s12276-021-00569-z,3
DOI:10.1016/s2666-5247(21)00117-8,DOI:10.1038/s41467-019-08853-3,4
DOI:10.1016/s2666-5247(21)00117-8,DOI:10.1038/s41467-022-34312-7,3
DOI:10.1016/s2666-5247(21)00117-8,DOI:10.1038/s41564-022-01263-0,3
DOI:10.1016/s2666-5247(21)00117-8,DOI:10.1038/s41579-021-00649-x,3
DOI:10.1016/s2666-5247(21)00117-8,DOI:10.1073/pnas.2204993119,3
DOI:10.1016/s2666-5247(21)00117-8,DOI:10.1093/jac/dkx217,3
DOI:10.1016/s2666-5247(21)00117-8,DOI:10.1099/mgen.0.000131,3
DOI:10.1016/s2666-5247(21)00117-8,DOI:10.1099/mgen.0.001000,3
DOI:10.1016/s2666-5247(21)00117-8,DOI:10.1128/cmr.00088-17,3
DOI:10.1016/s2666-5247(21)00117-8,DOI:10.1128/cmr.00179-21,3
DOI:10.1016/s2666-5247(21)00117-8,DOI:10.1186/s12859-018-2336-6,3
DOI:10.1016/s2666-5247(21)00117-8,DOI:10.1186/s13073-022-01150-7,3
DOI:10.1016/s2666-5247(21)00117-8,DOI:10.3389/fmicb.2012.00110,3
DOI:10.1016/s2666-5247(21)00117-8,"MCEWEN SA, 2018, MICROBIOL SPECTR, V6, DOI [10.1128/MICROBIOLSPEC.ARBA-0009-2017, 10.1128/9781555819804.CH24]",3
DOI:10.1016/s2666-5247(21)00117-8,"TACCONELLI E, 2018, LANCET INFECT DIS, V18, P318, DOI [10.1016/S1473-3099(17)30753-3, 10.1016/S1473-3099(17)30753-3]",3
DOI:10.1016/s2666-5247(22)00255-5,DOI:10.3390/tropicalmed4010022,3
DOI:10.1016/s2666-5247(22)00380-9,DOI:10.1017/ice.2019.296,3
DOI:10.1016/s2666-5247(22)00380-9,DOI:10.1021/acs.est.1c08918,3
DOI:10.1016/s2666-5247(22)00380-9,DOI:10.1038/ismej.2014.106,3
DOI:10.1016/s2666-5247(22)00380-9,DOI:10.1038/nature10388,3
DOI:10.1016/s2666-5247(22)00380-9,DOI:10.1038/s12276-021-00569-z,4
DOI:10.1016/s2666-5247(22)00380-9,DOI:10.1038/s41467-019-08853-3,3
DOI:10.1016/s2666-5247(22)00380-9,DOI:10.1038/s41467-021-25655-8,3
DOI:10.1016/s2666-5247(22)00380-9,DOI:10.1038/s41467-022-34312-7,3
DOI:10.1016/s2666-5247(22)00380-9,DOI:10.1038/s41564-022-01263-0,3
DOI:10.1016/s2666-5247(22)00380-9,DOI:10.1038/s41579-021-00649-x,3
DOI:10.1016/s2666-5247(22)00380-9,DOI:10.1073/pnas.2204993119,3
DOI:10.1016/s2666-5247(22)00380-9,DOI:10.1093/jac/dkx217,3
DOI:10.1016/s2666-5247(22)00380-9,DOI:10.1093/molbev/msw163,3
DOI:10.1016/s2666-5247(22)00380-9,DOI:10.1099/mgen.0.000131,3
DOI:10.1016/s2666-5247(22)00380-9,DOI:10.1099/mgen.0.001000,3
DOI:10.1016/s2666-5247(22)00380-9,DOI:10.1128/aac.00419-13,3
DOI:10.1016/s2666-5247(22)00380-9,DOI:10.1128/cmr.00088-17,4
DOI:10.1016/s2666-5247(22)00380-9,DOI:10.1128/cmr.00179-21,3
DOI:10.1016/s2666-5247(22)00380-9,DOI:10.1186/s12859-018-2336-6,3
DOI:10.1016/s2666-5247(22)00380-9,DOI:10.1186/s13073-022-01150-7,3
DOI:10.1016/s2666-5247(22)00380-9,DOI:10.3389/fmicb.2012.00110,3
DOI:10.1016/s2666-5247(22)00380-9,DOI:10.3390/tropicalmed4010022,3
DOI:10.1016/s2666-5247(22)00380-9,"MCEWEN SA, 2018, MICROBIOL SPECTR, V6, DOI [10.1128/MICROBIOLSPEC.ARBA-0009-2017, 10.1128/9781555819804.CH24]",4
DOI:10.1017/ice.2019.296,DOI:10.1021/acs.est.1c08918,3
DOI:10.1017/ice.2019.296,DOI:10.1038/ismej.2014.106,3
DOI:10.1017/ice.2019.296,DOI:10.1038/nature10388,3
DOI:10.1017/ice.2019.296,DOI:10.1038/s12276-021-00569-z,3
DOI:10.1017/ice.2019.296,DOI:10.1038/s41467-019-08853-3,3
DOI:10.1017/ice.2019.296,DOI:10.1038/s41467-022-34312-7,3
DOI:10.1017/ice.2019.296,DOI:10.1038/s41564-022-01263-0,3
DOI:10.1017/ice.2019.296,DOI:10.1038/s41579-021-00649-x,3
DOI:10.1017/ice.2019.296,DOI:10.1073/pnas.1717295115,3
DOI:10.1017/ice.2019.296,DOI:10.1073/pnas.2204993119,3
DOI:10.1017/ice.2019.296,DOI:10.1086/533452,3
DOI:10.1017/ice.2019.296,DOI:10.1093/jac/dkx217,3
DOI:10.1017/ice.2019.296,DOI:10.1099/mgen.0.000131,3
DOI:10.1017/ice.2019.296,DOI:10.1099/mgen.0.001000,3
DOI:10.1017/ice.2019.296,DOI:10.1128/cmr.00088-17,3
DOI:10.1017/ice.2019.296,DOI:10.1128/cmr.00179-21,3
DOI:10.1017/ice.2019.296,DOI:10.1186/s12859-018-2336-6,3
DOI:10.1017/ice.2019.296,DOI:10.1186/s13073-022-01150-7,3
DOI:10.1017/ice.2019.296,DOI:10.3389/fmicb.2012.00110,3
DOI:10.1017/ice.2019.296,DOI:10.3390/tropicalmed4010054,3
DOI:10.1017/ice.2019.296,"MCEWEN SA, 2018, MICROBIOL SPECTR, V6, DOI [10.1128/MICROBIOLSPEC.ARBA-0009-2017, 10.1128/9781555819804.CH24]",4
DOI:10.1017/ice.2019.296,"TACCONELLI E, 2018, LANCET INFECT DIS, V18, P318, DOI [10.1016/S1473-3099(17)30753-3, 10.1016/S1473-3099(17)30753-3]",3
DOI:10.1021/acs.est.1c08918,DOI:10.1038/ismej.2014.106,3
DOI:10.1021/acs.est.1c08918,DOI:10.1038/s12276-021-00569-z,5
DOI:10.1021/acs.est.1c08918,DOI:10.1038/s41467-018-07992-3,3
DOI:10.1021/acs.est.1c08918,DOI:10.1038/s41467-019-08853-3,9
DOI:10.1021/acs.est.1c08918,DOI:10.1038/s41467-022-34312-7,5
DOI:10.1021/acs.est.1c08918,DOI:10.1038/s41558-018-0161-6,3
DOI:10.1021/acs.est.1c08918,DOI:10.1038/s41564-022-01263-0,3
DOI:10.1021/acs.est.1c08918,DOI:10.1038/s41579-021-00649-x,8
DOI:10.1021/acs.est.1c08918,DOI:10.1073/pnas.2204993119,3
DOI:10.1021/acs.est.1c08918,DOI:10.1086/533452,3
DOI:10.1021/acs.est.1c08918,DOI:10.1093/jac/dkx217,3
DOI:10.1021/acs.est.1c08918,DOI:10.1099/mgen.0.000131,3
DOI:10.1021/acs.est.1c08918,DOI:10.1099/mgen.0.001000,3
DOI:10.1021/acs.est.1c08918,DOI:10.1126/science.aar3777,4
DOI:10.1021/acs.est.1c08918,DOI:10.1128/cmr.00088-17,6
DOI:10.1021/acs.est.1c08918,DOI:10.1128/cmr.00179-21,5
DOI:10.1021/acs.est.1c08918,DOI:10.1186/s12859-018-2336-6,3
DOI:10.1021/acs.est.1c08918,DOI:10.1186/s13073-022-01150-7,3
DOI:10.1021/acs.est.1c08918,DOI:10.3389/fmicb.2012.00110,3
DOI:10.1021/acs.est.1c08918,DOI:10.3390/antibiotics11030339,3
DOI:10.1021/acs.est.1c08918,DOI:10.7554/elife.85302,3
DOI:10.1021/acs.est.1c08918,"MCEWEN SA, 2018, MICROBIOL SPECTR, V6, DOI [10.1128/MICROBIOLSPEC.ARBA-0009-2017, 10.1128/9781555819804.CH24]",5
DOI:10.1021/acs.est.1c08918,DOI:10.1038/s41576-023-00649-y,3
DOI:10.1021/acs.est.1c08918,DOI:10.1016/j.mib.2021.09.011,4
DOI:10.1021/acs.est.1c08918,DOI:10.1016/s2666-5247(23)00283-5,3
DOI:10.1021/acs.est.1c08918,DOI:10.1016/j.envint.2023.108089,3
DOI:10.1021/acs.est.1c08918,DOI:10.1093/nar/gkac920,4
DOI:10.1021/acs.est.1c08918,DOI:10.1371/journal.ppat.1010537,3
DOI:10.1021/acs.est.1c08918,DOI:10.1016/s2542-5196(18)30186-4,3
DOI:10.1021/acs.est.1c08918,DOI:10.1016/j.envint.2022.107171,5
DOI:10.1021/acs.est.1c08918,DOI:10.1038/s41598-021-91456-0,3
DOI:10.1021/acs.est.1c08918,DOI:10.1080/10643389.2021.2024739,3
DOI:10.1021/acs.est.1c08918,DOI:10.1093/jac/dkaa345,3
DOI:10.1021/acs.est.1c08918,DOI:10.1126/sciadv.aau9124,4
DOI:10.1021/acs.est.1c08918,DOI:10.1093/femsmc/xtad008,3
DOI:10.1021/acs.est.2c01494,DOI:10.1038/s41467-022-35713-4,3
DOI:10.1021/acs.est.2c01494,DOI:10.1038/s41579-021-00649-x,3
DOI:10.1038/ismej.2014.106,DOI:10.1038/nature10388,3
DOI:10.1038/ismej.2014.106,DOI:10.1038/s12276-021-00569-z,3
DOI:10.1038/ismej.2014.106,DOI:10.1038/s41467-019-08853-3,3
DOI:10.1038/ismej.2014.106,DOI:10.1038/s41467-022-34312-7,3
DOI:10.1038/ismej.2014.106,DOI:10.1038/s41564-022-01263-0,3
DOI:10.1038/ismej.2014.106,DOI:10.1038/s41579-021-00649-x,3
DOI:10.1038/ismej.2014.106,DOI:10.1073/pnas.2204993119,3
DOI:10.1038/ismej.2014.106,DOI:10.1093/bioinformatics/btaa095,3
DOI:10.1038/ismej.2014.106,DOI:10.1093/jac/dks261,3
DOI:10.1038/ismej.2014.106,DOI:10.1093/jac/dkx217,3
DOI:10.1038/ismej.2014.106,DOI:10.1099/mgen.0.000131,4
DOI:10.1038/ismej.2014.106,DOI:10.1099/mgen.0.000832,3
DOI:10.1038/ismej.2014.106,DOI:10.1099/mgen.0.001000,3
DOI:10.1038/ismej.2014.106,DOI:10.1126/science.aar3777,3
DOI:10.1038/ismej.2014.106,DOI:10.1128/aac.00419-13,4
DOI:10.1038/ismej.2014.106,DOI:10.1128/cmr.00088-17,3
DOI:10.1038/ismej.2014.106,DOI:10.1128/cmr.00179-21,3
DOI:10.1038/ismej.2014.106,DOI:10.1186/s12859-018-2336-6,3
DOI:10.1038/ismej.2014.106,DOI:10.1186/s13073-022-01150-7,3
DOI:10.1038/ismej.2014.106,DOI:10.3389/fmicb.2012.00110,3
DOI:10.1038/ismej.2014.106,DOI:10.3389/fmicb.2022.804627,3
DOI:10.1038/ismej.2014.106,DOI:10.3389/fpubh.2019.00242,3
DOI:10.1038/ismej.2014.106,DOI:10.3390/antibiotics11030339,3
DOI:10.1038/ismej.2014.106,"MCEWEN SA, 2018, MICROBIOL SPECTR, V6, DOI [10.1128/MICROBIOLSPEC.ARBA-0009-2017, 10.1128/9781555819804.CH24]",3
DOI:10.1038/ismej.2014.106,DOI:10.1038/ncomms10063,3
DOI:10.1038/ismej.2014.106,DOI:10.1038/s41598-021-91456-0,3
DOI:10.1038/ismej.2014.106,DOI:10.1093/jac/dkaa345,3
DOI:10.1038/ismej.2014.106,DOI:10.1093/nar/gkn656,3
DOI:10.1038/ismej.2014.106,DOI:10.1128/aac.01310-13,3
DOI:10.1038/nature10388,DOI:10.1038/s12276-021-00569-z,3
DOI:10.1038/nature10388,DOI:10.1038/s41467-018-03205-z,3
DOI:10.1038/nature10388,DOI:10.1038/s41467-018-07992-3,5
DOI:10.1038/nature10388,DOI:10.1038/s41467-019-08853-3,3
DOI:10.1038/nature10388,DOI:10.1038/s41467-021-25655-8,4
DOI:10.1038/nature10388,DOI:10.1038/s41558-018-0161-6,3
DOI:10.1038/nature10388,DOI:10.1038/s41579-021-00649-x,6
DOI:10.1038/nature10388,DOI:10.1038/s41587-019-0191-2,3
DOI:10.1038/nature10388,DOI:10.1073/pnas.1503141112,4
DOI:10.1038/nature10388,DOI:10.1073/pnas.1717295115,3
DOI:10.1038/nature10388,DOI:10.1086/595011,4
DOI:10.1038/nature10388,DOI:10.1093/jac/dks261,3
DOI:10.1038/nature10388,DOI:10.1093/molbev/msw163,3
DOI:10.1038/nature10388,DOI:10.1126/science.aar3777,4
DOI:10.1038/nature10388,DOI:10.1128/aac.00419-13,3
DOI:10.1038/nature10388,DOI:10.1128/cmr.00088-17,5
DOI:10.1038/nature10388,DOI:10.1128/msystems.00158-22,3
DOI:10.1038/nature10388,DOI:10.1186/s12199-021-01023-2,3
DOI:10.1038/nature10388,DOI:10.1186/s12859-018-2336-6,3
DOI:10.1038/nature10388,DOI:10.1186/s40168-023-01479-0,3
DOI:10.1038/nature10388,DOI:10.1371/journal.ppat.1006369,3
DOI:10.1038/nature10388,DOI:10.3389/fmicb.2016.00173,4
DOI:10.1038/nature10388,DOI:10.3389/fmicb.2022.965132,3
DOI:10.1038/nature10388,DOI:10.3390/ijerph20010243,3
DOI:10.1038/nature10388,DOI:10.3390/tropicalmed4010022,4
DOI:10.1038/nature10388,DOI:10.3390/tropicalmed4010054,3
DOI:10.1038/nature10388,DOI:10.7554/elife.85302,3
DOI:10.1038/nature10388,"MCEWEN SA, 2018, MICROBIOL SPECTR, V6, DOI [10.1128/MICROBIOLSPEC.ARBA-0009-2017, 10.1128/9781555819804.CH24]",5
DOI:10.1038/nature10388,"TACCONELLI E, 2018, LANCET INFECT DIS, V18, P318, DOI [10.1016/S1473-3099(17)30753-3, 10.1016/S1473-3099(17)30753-3]",3
DOI:10.1038/nature10388,DOI:10.1016/j.envint.2018.04.041,4
DOI:10.1038/nature10388,DOI:10.1016/j.scitotenv.2013.01.032,3
DOI:10.1038/nature10388,DOI:10.1016/j.scitotenv.2022.153632,3
DOI:10.1038/nature10388,DOI:10.1038/nrmicro1614,4
DOI:10.1038/nature10388,DOI:10.1038/nrmicro2312,3
DOI:10.1038/nature10388,DOI:10.1038/nrmicro3439,5
DOI:10.1038/nature10388,DOI:10.1093/jac/dkv306,3
DOI:10.1038/nature10388,DOI:10.1093/jac/dkw262,3
DOI:10.1038/nature10388,DOI:10.1093/trstmh/trw048,3
DOI:10.1038/nature10388,DOI:10.1111/1365-2664.12596,3
DOI:10.1038/nature10388,DOI:10.1111/zph.12182,3
DOI:10.1038/nature10388,DOI:10.1128/aac.01167-19,3
DOI:10.1038/nature10388,DOI:10.1128/cmr.00002-11,3
DOI:10.1038/nature10388,DOI:10.1186/s13756-019-0657-5,3
DOI:10.1038/nature10388,DOI:10.1371/journal.pone.0190380,3
DOI:10.1038/nature10388,DOI:10.3389/fcimb.2022.873989,3
DOI:10.1038/nature10388,DOI:10.3389/fmicb.2020.601317,3
DOI:10.1038/nature10388,DOI:10.3389/fmicb.2021.703886,3
DOI:10.1038/nature10388,DOI:10.4060/cb5545-n],4
DOI:10.1038/nature10388,DOI:10.1038/nrmicro3399,4
DOI:10.1038/nature10388,DOI:10.1038/s41545-020-0051-0,3
DOI:10.1038/nature10388,"MURRAY LM, 2024, NPJ ANTIMICROB RESIS, V2, DOI [10.1038/S44259-024-00026-7, 10.1038/S44259-024-00026-7]",3
DOI:10.1038/nature10388,DOI:10.1016/s1473-3099(15)00424-7,5
DOI:10.1038/nature10388,"POLIANCIUC SVETLANA IULIANA, 2020, MED PHARM REP, V93, P231, DOI [10.15386/MPR-1742, 10.15386/MPR-1742, 10.15386/MPR-1742]",3
DOI:10.1038/nature10388,DOI:10.1016/j.tim.2017.09.005,3
DOI:10.1038/nature10388,DOI:10.1038/nature17672,3
DOI:10.1038/nature10388,DOI:10.1111/1462-2920.12134,3
DOI:10.1038/nature10388,DOI:10.1128/aem.01802-16,3
DOI:10.1038/nature10388,DOI:10.3389/fmicb.2010.00134,3
DOI:10.1038/nature10388,DOI:10.3390/antibiotics5040037,3
DOI:10.1038/nature10388,DOI:10.1016/j.mib.2010.08.005,3
DOI:10.1038/nature10388,DOI:10.1038/nature13377,3
DOI:10.1038/nature10388,DOI:10.1038/s41564-019-0503-9,3
DOI:10.1038/nature10388,DOI:10.1093/femsec/fiw052,3
DOI:10.1038/nature10388,DOI:10.3390/md15060158,3
DOI:10.1038/nature10388,DOI:10.1016/s0140-6736(15)00473-0,3
DOI:10.1038/s12276-021-00569-z,DOI:10.1038/s41467-018-07992-3,3
DOI:10.1038/s12276-021-00569-z,DOI:10.1038/s41467-019-08853-3,9
DOI:10.1038/s12276-021-00569-z,DOI:10.1038/s41467-021-25655-8,4
DOI:10.1038/s12276-021-00569-z,DOI:10.1038/s41467-022-34312-7,5
DOI:10.1038/s12276-021-00569-z,DOI:10.1038/s41558-018-0161-6,4
DOI:10.1038/s12276-021-00569-z,DOI:10.1038/s41564-022-01079-y,4
DOI:10.1038/s12276-021-00569-z,DOI:10.1038/s41564-022-01124-w,3
DOI:10.1038/s12276-021-00569-z,DOI:10.1038/s41564-022-01263-0,3
DOI:10.1038/s12276-021-00569-z,DOI:10.1038/s41579-019-0222-5,3
DOI:10.1038/s12276-021-00569-z,DOI:10.1038/s41579-021-00649-x,7
DOI:10.1038/s12276-021-00569-z,DOI:10.1038/s41579-022-00779-w,3
DOI:10.1038/s12276-021-00569-z,DOI:10.1038/s41592-022-01431-4,3
DOI:10.1038/s12276-021-00569-z,DOI:10.1073/pnas.1503141112,4
DOI:10.1038/s12276-021-00569-z,DOI:10.1073/pnas.2204993119,3
DOI:10.1038/s12276-021-00569-z,DOI:10.1080/19490976.2022.2055944,3
DOI:10.1038/s12276-021-00569-z,DOI:10.1093/cid/ciaa972,3
DOI:10.1038/s12276-021-00569-z,DOI:10.1093/jac/dkx217,4
DOI:10.1038/s12276-021-00569-z,DOI:10.1093/molbev/msw163,3
DOI:10.1038/s12276-021-00569-z,DOI:10.1099/mgen.0.000131,3
DOI:10.1038/s12276-021-00569-z,DOI:10.1099/mgen.0.001000,3
DOI:10.1038/s12276-021-00569-z,DOI:10.1111/nyas.13213,3
DOI:10.1038/s12276-021-00569-z,DOI:10.1128/aac.00419-13,3
DOI:10.1038/s12276-021-00569-z,DOI:10.1128/cmr.00088-17,8
DOI:10.1038/s12276-021-00569-z,DOI:10.1128/cmr.00179-21,4
DOI:10.1038/s12276-021-00569-z,DOI:10.1128/msphere.00238-22,3
DOI:10.1038/s12276-021-00569-z,DOI:10.1186/s12859-018-2336-6,3
DOI:10.1038/s12276-021-00569-z,DOI:10.1186/s13073-022-01150-7,3
DOI:10.1038/s12276-021-00569-z,DOI:10.1186/s40168-018-0480-x,3
DOI:10.1038/s12276-021-00569-z,DOI:10.2807/1560-7917.es.2020.25.45.1900414,3
DOI:10.1038/s12276-021-00569-z,DOI:10.3389/fmicb.2012.00110,3
DOI:10.1038/s12276-021-00569-z,DOI:10.3389/fmicb.2013.00086,3
DOI:10.1038/s12276-021-00569-z,DOI:10.3389/fmicb.2019.03050,3
DOI:10.1038/s12276-021-00569-z,DOI:10.3390/antibiotics9120918,4
DOI:10.1038/s12276-021-00569-z,DOI:10.3390/ijerph19084758,3
DOI:10.1038/s12276-021-00569-z,DOI:10.3390/ijerph20010243,3
DOI:10.1038/s12276-021-00569-z,DOI:10.3390/tropicalmed4010022,4
DOI:10.1038/s12276-021-00569-z,"MCEWEN SA, 2018, MICROBIOL SPECTR, V6, DOI [10.1128/MICROBIOLSPEC.ARBA-0009-2017, 10.1128/9781555819804.CH24]",7
DOI:10.1038/s12276-021-00569-z,DOI:10.1016/s0140-6736(15)00473-0,3
DOI:10.1038/s12276-021-00569-z,DOI:10.1016/s2542-5196(23)00278-4,3
DOI:10.1038/s12276-021-00569-z,DOI:10.1038/ismej.2014.226,3
DOI:10.1038/s12276-021-00569-z,DOI:10.1038/nrmicro3439,5
DOI:10.1038/s12276-021-00569-z,DOI:10.1038/s41576-023-00649-y,4
DOI:10.1038/s12276-021-00569-z,DOI:10.1093/femsmc/xtad008,3
DOI:10.1038/s12276-021-00569-z,DOI:10.1126/sciadv.aau9124,3
DOI:10.1038/s12276-021-00569-z,DOI:10.14202/vetworld.2022.743-749,3
DOI:10.1038/s12276-021-00569-z,"LIU Y, 2020, LANCET INFECT DIS, V20, P656, DOI [10.1016/S1473-3099(15)00424-7, 10.1016/S1473-3099(20)30232-2, 10.1007/978-981-15-7749-9_1]",3
DOI:10.1038/s12276-021-00569-z,"MULOI DM, 2023, LANCET MICROBE, V4, PE1056, DOI [10.1016/S2666-5247(23)00284-7, 10.1016/S2666-5247(23)00284]",3
DOI:10.1038/s12276-021-00569-z,DOI:10.1073/pnas.1222743110,3
DOI:10.1038/s12276-021-00569-z,"MURRAY LM, 2024, NPJ ANTIMICROB RESIS, V2, DOI [10.1038/S44259-024-00026-7, 10.1038/S44259-024-00026-7]",3
DOI:10.1038/s12276-021-00569-z,DOI:10.1038/s41576-019-0108-4,3
DOI:10.1038/s12276-021-00569-z,DOI:10.1186/s40168-016-0199-5,3
DOI:10.1038/s12276-021-00569-z,DOI:10.1021/acs.est.4c09663,3
DOI:10.1038/s12276-021-00569-z,DOI:10.1093/nar/gkac920,4
DOI:10.1038/s12276-021-00569-z,DOI:10.1111/j.1469-0691.2011.03570.x,3
DOI:10.1038/s12276-021-00569-z,DOI:10.1038/s41564-020-0722-0,4
DOI:10.1038/s12276-021-00569-z,"LUDDEN C, 2019, MBIO, V10, DOI [10.1128/MBIO.02693-18, 10.1128/MBIO.02693-18]",3
DOI:10.1038/s41467-018-03205-z,DOI:10.1038/s41467-019-08853-3,5
DOI:10.1038/s41467-018-03205-z,DOI:10.1038/s41467-021-25655-8,3
DOI:10.1038/s41467-018-03205-z,DOI:10.1038/s41564-022-01079-y,3
DOI:10.1038/s41467-018-03205-z,DOI:10.1038/s41564-022-01263-0,3
DOI:10.1038/s41467-018-03205-z,DOI:10.1038/s41579-021-00649-x,4
DOI:10.1038/s41467-018-03205-z,DOI:10.1073/pnas.1503141112,4
DOI:10.1038/s41467-018-03205-z,DOI:10.1073/pnas.1717295115,3
DOI:10.1038/s41467-018-03205-z,DOI:10.1093/jac/dks261,3
DOI:10.1038/s41467-018-03205-z,DOI:10.1126/science.aar3777,3
DOI:10.1038/s41467-018-03205-z,DOI:10.1128/cmr.00088-17,4
DOI:10.1038/s41467-018-03205-z,DOI:10.3389/fmicb.2012.00110,3
DOI:10.1038/s41467-018-03205-z,DOI:10.3390/tropicalmed4010022,3
DOI:10.1038/s41467-018-03205-z,DOI:10.7554/elife.85302,3
DOI:10.1038/s41467-018-03205-z,"MCEWEN SA, 2018, MICROBIOL SPECTR, V6, DOI [10.1128/MICROBIOLSPEC.ARBA-0009-2017, 10.1128/9781555819804.CH24]",3
DOI:10.1038/s41467-018-03205-z,"[ANONYMOUS], 2021, WHO INTEGRATED GLOBAL SURVEILLANCE ON ESBL-PRODUCING E. COLI USING A ""ONE HEALTH"" APPROACH: IMPLEMENTATION AND OPPORTUNITIES. P.^, P76",3
DOI:10.1038/s41467-018-03205-z,DOI:10.1093/trstmh/trw048,3
DOI:10.1038/s41467-018-03205-z,DOI:10.1016/s1473-3099(15)00424-7,6
DOI:10.1038/s41467-018-03205-z,DOI:10.4060/cb5545-n],3
DOI:10.1038/s41467-018-03205-z,DOI:10.1016/s1473-3099(13)70318-9,3
DOI:10.1038/s41467-018-03205-z,DOI:10.2807/1560-7917.es.2016.21.17.30214,3
DOI:10.1038/s41467-018-03205-z,DOI:10.1016/s1473-3099(16)00100-6,3
DOI:10.1038/s41467-018-03205-z,"POLIANCIUC SVETLANA IULIANA, 2020, MED PHARM REP, V93, P231, DOI [10.15386/MPR-1742, 10.15386/MPR-1742, 10.15386/MPR-1742]",3
DOI:10.1038/s41467-018-07992-3,DOI:10.1038/s41467-019-08853-3,6
DOI:10.1038/s41467-018-07992-3,DOI:10.1038/s41467-021-25655-8,3
DOI:10.1038/s41467-018-07992-3,DOI:10.1038/s41558-018-0161-6,3
DOI:10.1038/s41467-018-07992-3,DOI:10.1038/s41564-022-01079-y,3
DOI:10.1038/s41467-018-07992-3,DOI:10.1038/s41564-022-01124-w,3
DOI:10.1038/s41467-018-07992-3,DOI:10.1038/s41579-021-00649-x,6
DOI:10.1038/s41467-018-07992-3,DOI:10.1038/s41587-019-0191-2,3
DOI:10.1038/s41467-018-07992-3,DOI:10.1038/s41592-022-01431-4,3
DOI:10.1038/s41467-018-07992-3,DOI:10.1111/nyas.13213,3
DOI:10.1038/s41467-018-07992-3,DOI:10.1126/science.aar3777,3
DOI:10.1038/s41467-018-07992-3,DOI:10.1128/cmr.00088-17,6
DOI:10.1038/s41467-018-07992-3,DOI:10.1128/msphere.00238-22,3
DOI:10.1038/s41467-018-07992-3,DOI:10.1186/s12199-021-01023-2,3
DOI:10.1038/s41467-018-07992-3,DOI:10.1186/s40168-023-01479-0,3
DOI:10.1038/s41467-018-07992-3,DOI:10.3389/fmicb.2013.00086,3
DOI:10.1038/s41467-018-07992-3,DOI:10.3389/fmicb.2019.03050,3
DOI:10.1038/s41467-018-07992-3,DOI:10.3389/fmicb.2022.965132,3
DOI:10.1038/s41467-018-07992-3,DOI:10.3389/fpubh.2019.00242,3
DOI:10.1038/s41467-018-07992-3,DOI:10.3390/antibiotics9120918,4
DOI:10.1038/s41467-018-07992-3,DOI:10.3390/ijerph19084758,3
DOI:10.1038/s41467-018-07992-3,DOI:10.3390/tropicalmed4010022,3
DOI:10.1038/s41467-018-07992-3,DOI:10.7554/elife.85302,3
DOI:10.1038/s41467-018-07992-3,"MCEWEN SA, 2018, MICROBIOL SPECTR, V6, DOI [10.1128/MICROBIOLSPEC.ARBA-0009-2017, 10.1128/9781555819804.CH24]",4
DOI:10.1038/s41467-018-07992-3,"TACCONELLI E, 2018, LANCET INFECT DIS, V18, P318, DOI [10.1016/S1473-3099(17)30753-3, 10.1016/S1473-3099(17)30753-3]",4
DOI:10.1038/s41467-018-07992-3,DOI:10.1016/j.mib.2021.09.011,3
DOI:10.1038/s41467-018-07992-3,DOI:10.1038/nrmicro2312,3
DOI:10.1038/s41467-018-07992-3,DOI:10.1038/nrmicro3439,4
DOI:10.1038/s41467-018-07992-3,DOI:10.1128/mmbr.00016-10,3
DOI:10.1038/s41467-018-07992-3,DOI:10.1371/journal.pone.0190380,3
DOI:10.1038/s41467-018-07992-3,DOI:10.3389/fmicb.2019.02892,3
DOI:10.1038/s41467-018-07992-3,DOI:10.4060/cb5545-n],4
DOI:10.1038/s41467-018-07992-3,DOI:10.1016/j.watres.2017.07.004,3
DOI:10.1038/s41467-018-07992-3,DOI:10.1038/nature17672,3
DOI:10.1038/s41467-018-07992-3,DOI:10.1038/s41564-019-0503-9,4
DOI:10.1038/s41467-018-07992-3,DOI:10.1016/j.tim.2017.09.005,3
DOI:10.1038/s41467-018-07992-3,DOI:10.1038/nrmicro3270,3
DOI:10.1038/s41467-019-08853-3,DOI:10.1038/s41467-021-25655-8,3
DOI:10.1038/s41467-019-08853-3,DOI:10.1038/s41467-022-34312-7,16
DOI:10.1038/s41467-019-08853-3,DOI:10.1038/s41558-018-0161-6,5
DOI:10.1038/s41467-019-08853-3,DOI:10.1038/s41564-022-01079-y,5
DOI:10.1038/s41467-019-08853-3,DOI:10.1038/s41564-022-01124-w,5
DOI:10.1038/s41467-019-08853-3,DOI:10.1038/s41564-022-01263-0,4
DOI:10.1038/s41467-019-08853-3,DOI:10.1038/s41579-019-0222-5,3
DOI:10.1038/s41467-019-08853-3,DOI:10.1038/s41579-021-00649-x,14
DOI:10.1038/s41467-019-08853-3,DOI:10.1038/s41592-022-01431-4,3
DOI:10.1038/s41467-019-08853-3,DOI:10.1073/pnas.1503141112,6
DOI:10.1038/s41467-019-08853-3,DOI:10.1073/pnas.1717295115,4
DOI:10.1038/s41467-019-08853-3,DOI:10.1073/pnas.2204993119,3
DOI:10.1038/s41467-019-08853-3,DOI:10.1080/19490976.2022.2055944,3
DOI:10.1038/s41467-019-08853-3,DOI:10.1086/533452,3
DOI:10.1038/s41467-019-08853-3,DOI:10.1093/jac/dks261,4
DOI:10.1038/s41467-019-08853-3,DOI:10.1093/jac/dkx217,3
DOI:10.1038/s41467-019-08853-3,DOI:10.1099/mgen.0.000131,3
DOI:10.1038/s41467-019-08853-3,DOI:10.1099/mgen.0.001000,3
DOI:10.1038/s41467-019-08853-3,DOI:10.1111/nyas.13213,3
DOI:10.1038/s41467-019-08853-3,DOI:10.1126/science.aar3777,3
DOI:10.1038/s41467-019-08853-3,DOI:10.1128/aac.00419-13,3
DOI:10.1038/s41467-019-08853-3,DOI:10.1128/cmr.00088-17,13
DOI:10.1038/s41467-019-08853-3,DOI:10.1128/cmr.00179-21,7
DOI:10.1038/s41467-019-08853-3,DOI:10.1128/msphere.00238-22,3
DOI:10.1038/s41467-019-08853-3,DOI:10.1186/s12859-018-2336-6,4
DOI:10.1038/s41467-019-08853-3,DOI:10.1186/s13073-022-01150-7,3
DOI:10.1038/s41467-019-08853-3,DOI:10.3389/fmicb.2012.00110,4
DOI:10.1038/s41467-019-08853-3,DOI:10.3389/fmicb.2013.00086,3
DOI:10.1038/s41467-019-08853-3,DOI:10.3389/fmicb.2016.00173,4
DOI:10.1038/s41467-019-08853-3,DOI:10.3389/fmicb.2019.03050,3
DOI:10.1038/s41467-019-08853-3,DOI:10.3389/fpubh.2019.00242,5
DOI:10.1038/s41467-019-08853-3,DOI:10.3390/antibiotics11030339,3
DOI:10.1038/s41467-019-08853-3,DOI:10.3390/antibiotics9120918,6
DOI:10.1038/s41467-019-08853-3,DOI:10.3390/ijerph19084758,3
DOI:10.1038/s41467-019-08853-3,DOI:10.3390/tropicalmed4010022,3
DOI:10.1038/s41467-019-08853-3,DOI:10.7554/elife.85302,3
DOI:10.1038/s41467-019-08853-3,"MCEWEN SA, 2018, MICROBIOL SPECTR, V6, DOI [10.1128/MICROBIOLSPEC.ARBA-0009-2017, 10.1128/9781555819804.CH24]",6
DOI:10.1038/s41467-019-08853-3,"TACCONELLI E, 2018, LANCET INFECT DIS, V18, P318, DOI [10.1016/S1473-3099(17)30753-3, 10.1016/S1473-3099(17)30753-3]",5
DOI:10.1038/s41467-019-08853-3,"[ANONYMOUS], 2021, WHO INTEGRATED GLOBAL SURVEILLANCE ON ESBL-PRODUCING E. COLI USING A ""ONE HEALTH"" APPROACH: IMPLEMENTATION AND OPPORTUNITIES. P.^, P76",3
DOI:10.1038/s41467-019-08853-3,DOI:10.1016/j.envint.2019.05.074,4
DOI:10.1038/s41467-019-08853-3,DOI:10.1016/j.mib.2021.09.011,5
DOI:10.1038/s41467-019-08853-3,DOI:10.1016/s2542-5196(19)30083-x,3
DOI:10.1038/s41467-019-08853-3,DOI:10.1016/s2666-5247(23)00283-5,4
DOI:10.1038/s41467-019-08853-3,DOI:10.1038/s42003-020-01439-6,5
DOI:10.1038/s41467-019-08853-3,DOI:10.1089/fpd.2017.2411,3
DOI:10.1038/s41467-019-08853-3,DOI:10.1093/trstmh/trw048,5
DOI:10.1038/s41467-019-08853-3,DOI:10.1371/journal.pgen.1009776,4
DOI:10.1038/s41467-019-08853-3,"LIU Y, 2020, LANCET INFECT DIS, V20, P656, DOI [10.1016/S1473-3099(15)00424-7, 10.1016/S1473-3099(20)30232-2, 10.1007/978-981-15-7749-9_1]",7
DOI:10.1038/s41467-019-08853-3,"LUDDEN C, 2019, MBIO, V10, DOI [10.1128/MBIO.02693-18, 10.1128/MBIO.02693-18]",4
DOI:10.1038/s41467-019-08853-3,"CHEN WY, 2024, HELIYON, V10, DOI [10.1016/J.HELIYON.2024.E38723, 10.1016/J.HELIYON.2024.E38723]",3
DOI:10.1038/s41467-019-08853-3,DOI:10.1016/j.onehlt.2025.101139,3
DOI:10.1038/s41467-019-08853-3,DOI:10.1038/s41467-021-25096-3,4
DOI:10.1038/s41467-019-08853-3,DOI:10.1038/s41467-025-62455-w,3
DOI:10.1038/s41467-019-08853-3,DOI:10.1038/s41545-020-0059-5,3
DOI:10.1038/s41467-019-08853-3,DOI:10.1038/s41576-023-00649-y,6
DOI:10.1038/s41467-019-08853-3,DOI:10.1016/s2542-5196(21)00280-1,3
DOI:10.1038/s41467-019-08853-3,DOI:10.1016/s2542-5196(23)00213-9,3
DOI:10.1038/s41467-019-08853-3,DOI:10.1098/rstb.2014.0083,6
DOI:10.1038/s41467-019-08853-3,DOI:10.1126/science.aba3432,7
DOI:10.1038/s41467-019-08853-3,"O'NEILL J., 2016, REVIEW ON ANTIMICROBIAL RESISTANCE: TACKLING DRUG-RESISTANT INFECTIONS GLOBALLY: FINAL REPORT AND RECOMMENDATIONS",8
DOI:10.1038/s41467-019-08853-3,DOI:10.1016/j.envint.2020.105689,5
DOI:10.1038/s41467-019-08853-3,DOI:10.1016/s2666-5247(24)00047-8,3
DOI:10.1038/s41467-019-08853-3,DOI:10.1021/acsinfecdis.2c00649,3
DOI:10.1038/s41467-019-08853-3,DOI:10.1038/s41564-019-0503-9,3
DOI:10.1038/s41467-019-08853-3,DOI:10.1093/bioinformatics/btab681,3
DOI:10.1038/s41467-019-08853-3,DOI:10.1126/science.aaw1944,3
DOI:10.1038/s41467-019-08853-3,DOI:10.1371/journal.pgph.0001305,5
DOI:10.1038/s41467-019-08853-3,DOI:10.1371/journal.pone.0297921,3
DOI:10.1038/s41467-019-08853-3,DOI:10.14202/vetworld.2022.743-749,4
DOI:10.1038/s41467-019-08853-3,DOI:10.2166/wh.2022.021,3
DOI:10.1038/s41467-019-08853-3,DOI:10.3389/bjbs.2023.11387,5
DOI:10.1038/s41467-019-08853-3,DOI:10.3390/antibiotics12030523,3
DOI:10.1038/s41467-019-08853-3,DOI:10.1016/s0140-6736(15)00473-0,3
DOI:10.1038/s41467-019-08853-3,DOI:10.1016/s2542-5196(23)00135-3,3
DOI:10.1038/s41467-019-08853-3,DOI:10.1016/s2542-5196(23)00278-4,4
DOI:10.1038/s41467-019-08853-3,DOI:10.1038/nature13377,4
DOI:10.1038/s41467-019-08853-3,DOI:10.1038/nature17672,6
DOI:10.1038/s41467-019-08853-3,DOI:10.1038/nrmicro3439,8
DOI:10.1038/s41467-019-08853-3,DOI:10.1038/s41467-018-02828-6,3
DOI:10.1038/s41467-019-08853-3,DOI:10.1038/s41564-022-01089-w,4
DOI:10.1038/s41467-019-08853-3,DOI:10.1080/10643389.2021.2024739,3
DOI:10.1038/s41467-019-08853-3,DOI:10.1093/femsmc/xtad008,3
DOI:10.1038/s41467-019-08853-3,DOI:10.1126/sciadv.aau9124,10
DOI:10.1038/s41467-019-08853-3,DOI:10.1128/mmbr.00016-10,4
DOI:10.1038/s41467-019-08853-3,DOI:10.4060/cb5545-n],6
DOI:10.1038/s41467-019-08853-3,"MULOI DM, 2023, LANCET MICROBE, V4, PE1056, DOI [10.1016/S2666-5247(23)00284-7, 10.1016/S2666-5247(23)00284]",3
DOI:10.1038/s41467-019-08853-3,DOI:10.1016/j.scitotenv.2013.01.032,4
DOI:10.1038/s41467-019-08853-3,DOI:10.1016/j.tim.2016.11.014,4
DOI:10.1038/s41467-019-08853-3,DOI:10.1016/j.tim.2017.09.005,4
DOI:10.1038/s41467-019-08853-3,DOI:10.1021/es502615e,3
DOI:10.1038/s41467-019-08853-3,DOI:10.1038/nrmicro3270,5
DOI:10.1038/s41467-019-08853-3,DOI:10.1128/mbio.01918-14,3
DOI:10.1038/s41467-019-08853-3,"[ANONYMOUS], 2014, ANT RES GLOB REP SUR",4
DOI:10.1038/s41467-019-08853-3,DOI:10.1016/j.cmi.2016.11.012,3
DOI:10.1038/s41467-019-08853-3,DOI:10.1038/s41467-020-16322-5,3
DOI:10.1038/s41467-019-08853-3,DOI:10.1186/s13756-021-00931-w,3
DOI:10.1038/s41467-019-08853-3,DOI:10.1038/s41467-020-17278-2,3
DOI:10.1038/s41467-019-08853-3,DOI:10.1128/jcm.01260-20,4
DOI:10.1038/s41467-019-08853-3,DOI:10.1128/msphere.00525-20,3
DOI:10.1038/s41467-019-08853-3,DOI:10.1186/s13073-022-01020-2,3
DOI:10.1038/s41467-019-08853-3,DOI:10.1073/pnas.1222743110,3
DOI:10.1038/s41467-019-08853-3,"CLARKE LM, 2024, J ENVIRON EXPO ASSES, V3, DOI [10.20517/JEEA.2023.29, 10.20517/JEEA.2023.29]",3
DOI:10.1038/s41467-019-08853-3,DOI:10.1038/s41545-020-0051-0,5
DOI:10.1038/s41467-019-08853-3,DOI:10.1021/acs.est.4c09663,6
DOI:10.1038/s41467-019-08853-3,DOI:10.1038/s41598-020-65031-y,3
DOI:10.1038/s41467-019-08853-3,DOI:10.1093/nar/gkac920,4
DOI:10.1038/s41467-019-08853-3,DOI:10.1126/science.1220761,3
DOI:10.1038/s41467-019-08853-3,DOI:10.1128/aac.01082-24,3
DOI:10.1038/s41467-019-08853-3,DOI:10.1371/journal.pcbi.1010018,3
DOI:10.1038/s41467-019-08853-3,DOI:10.1371/journal.ppat.1010537,3
DOI:10.1038/s41467-019-08853-3,DOI:10.3389/fsci.2024.1298248],4
DOI:10.1038/s41467-019-08853-3,DOI:10.3390/antibiotics12030452,3
DOI:10.1038/s41467-019-08853-3,DOI:10.1016/j.envint.2019.105270,3
DOI:10.1038/s41467-019-08853-3,DOI:10.1016/j.envint.2022.107171,6
DOI:10.1038/s41467-019-08853-3,DOI:10.1016/j.envint.2022.107185,4
DOI:10.1038/s41467-019-08853-3,DOI:10.1016/j.scitotenv.2021.151433,3
DOI:10.1038/s41467-019-08853-3,DOI:10.1016/j.scitotenv.2023.162031,3
DOI:10.1038/s41467-019-08853-3,DOI:10.1016/j.watres.2019.06.039,3
DOI:10.1038/s41467-019-08853-3,DOI:10.1016/j.watres.2023.120830,3
DOI:10.1038/s41467-019-08853-3,DOI:10.1021/acs.est.1c08673,3
DOI:10.1038/s41467-019-08853-3,DOI:10.1038/s41579-022-00835-5,3
DOI:10.1038/s41467-019-08853-3,DOI:10.1179/2047773215y.0000000030,4
DOI:10.1038/s41467-019-08853-3,DOI:10.1186/s40168-019-0663-0,6
DOI:10.1038/s41467-019-08853-3,DOI:10.3389/fmicb.2021.657954,4
DOI:10.1038/s41467-019-08853-3,DOI:10.3389/fmicb.2022.977106,3
DOI:10.1038/s41467-019-08853-3,DOI:10.1186/s40168-017-0298-y,6
DOI:10.1038/s41467-019-08853-3,DOI:10.1016/s2542-5196(18)30186-4,4
DOI:10.1038/s41467-019-08853-3,DOI:10.1038/nrmicro3399,3
DOI:10.1038/s41467-019-08853-3,DOI:10.1016/j.eururo.2022.08.023,3
DOI:10.1038/s41467-019-08853-3,DOI:10.1016/j.tig.2014.07.003,3
DOI:10.1038/s41467-019-08853-3,DOI:10.1016/s1473-3099(13)70318-9,4
DOI:10.1038/s41467-019-08853-3,DOI:10.1016/s1473-3099(15)00424-7,3
DOI:10.1038/s41467-019-08853-3,DOI:10.1016/s1473-3099(20)30149-3,3
DOI:10.1038/s41467-019-08853-3,DOI:10.1016/s2542-5196(17)30141-9,4
DOI:10.1038/s41467-019-08853-3,DOI:10.1038/nrmicro3380,3
DOI:10.1038/s41467-019-08853-3,DOI:10.1080/14787210.2021.1951705,3
DOI:10.1038/s41467-019-08853-3,DOI:10.1093/femsre/fux053,4
DOI:10.1038/s41467-019-08853-3,DOI:10.24911/ijmdc.51-1549060699,3
DOI:10.1038/s41467-019-08853-3,DOI:10.3389/fmicb.2022.841289,3
DOI:10.1038/s41467-019-08853-3,DOI:10.1016/j.mib.2011.04.009,3
DOI:10.1038/s41467-019-08853-3,DOI:10.1016/j.mib.2021.09.013,3
DOI:10.1038/s41467-019-08853-3,DOI:10.1099/mgen.0.000748,3
DOI:10.1038/s41467-019-08853-3,DOI:10.1016/j.trac.2018.06.004,3
DOI:10.1038/s41467-019-08853-3,DOI:10.1016/s1473-3099(17)30485-1,4
DOI:10.1038/s41467-019-08853-3,DOI:10.1093/nar/gkac1047,3
DOI:10.1038/s41467-019-08853-3,DOI:10.1016/j.envpol.2020.114200,3
DOI:10.1038/s41467-019-08853-3,DOI:10.1016/j.scitotenv.2020.138764,3
DOI:10.1038/s41467-019-08853-3,DOI:10.1038/nrmicro1614,3
DOI:10.1038/s41467-019-08853-3,DOI:10.1099/mgen.0.000267,4
DOI:10.1038/s41467-019-08853-3,DOI:10.1128/mbio.02574-14,3
DOI:10.1038/s41467-019-08853-3,DOI:10.1371/journal.pone.0222531,4
DOI:10.1038/s41467-019-08853-3,DOI:10.1038/s41576-019-0108-4,5
DOI:10.1038/s41467-019-08853-3,DOI:10.3390/molecules24010163,3
DOI:10.1038/s41467-019-08853-3,DOI:10.1101/gr.186072.114,3
DOI:10.1038/s41467-019-08853-3,DOI:10.1128/msystems.01185-20,3
DOI:10.1038/s41467-019-08853-3,DOI:10.1186/s13059-019-1891-0,4
DOI:10.1038/s41467-019-08853-3,DOI:10.1186/s40168-018-0401-z,7
DOI:10.1038/s41467-019-08853-3,DOI:10.1016/s1473-3099(12)70317-1,3
DOI:10.1038/s41467-019-08853-3,DOI:10.1038/s41564-019-0445-2,3
DOI:10.1038/s41467-019-08853-3,DOI:10.1093/femsec/fiy079,3
DOI:10.1038/s41467-021-25655-8,DOI:10.1038/s41564-022-01079-y,3
DOI:10.1038/s41467-021-25655-8,DOI:10.1038/s41564-022-01124-w,4
DOI:10.1038/s41467-021-25655-8,DOI:10.1038/s41579-021-00649-x,6
DOI:10.1038/s41467-021-25655-8,DOI:10.1038/s41592-022-01431-4,3
DOI:10.1038/s41467-021-25655-8,DOI:10.1073/pnas.1503141112,6
DOI:10.1038/s41467-021-25655-8,DOI:10.1073/pnas.1717295115,3
DOI:10.1038/s41467-021-25655-8,DOI:10.1093/molbev/msw163,3
DOI:10.1038/s41467-021-25655-8,DOI:10.1111/nyas.13213,3
DOI:10.1038/s41467-021-25655-8,DOI:10.1128/aac.00419-13,3
DOI:10.1038/s41467-021-25655-8,DOI:10.1128/cmr.00088-17,4
DOI:10.1038/s41467-021-25655-8,DOI:10.1128/msphere.00238-22,3
DOI:10.1038/s41467-021-25655-8,DOI:10.1186/s13756-021-01040-4,3
DOI:10.1038/s41467-021-25655-8,DOI:10.2807/1560-7917.es.2020.25.45.1900414,3
DOI:10.1038/s41467-021-25655-8,DOI:10.3389/fmicb.2013.00086,3
DOI:10.1038/s41467-021-25655-8,DOI:10.3389/fmicb.2016.00173,4
DOI:10.1038/s41467-021-25655-8,DOI:10.3389/fmicb.2019.03050,3
DOI:10.1038/s41467-021-25655-8,DOI:10.3390/antibiotics9120918,6
DOI:10.1038/s41467-021-25655-8,DOI:10.3390/ijerph19084758,3
DOI:10.1038/s41467-021-25655-8,DOI:10.3390/tropicalmed4010022,3
DOI:10.1038/s41467-021-25655-8,"MCEWEN SA, 2018, MICROBIOL SPECTR, V6, DOI [10.1128/MICROBIOLSPEC.ARBA-0009-2017, 10.1128/9781555819804.CH24]",5
DOI:10.1038/s41467-021-25655-8,"TACCONELLI E, 2018, LANCET INFECT DIS, V18, P318, DOI [10.1016/S1473-3099(17)30753-3, 10.1016/S1473-3099(17)30753-3]",3
DOI:10.1038/s41467-021-25655-8,DOI:10.1016/s0140-6736(15)00473-0,4
DOI:10.1038/s41467-021-25655-8,DOI:10.1038/nrmicro3439,3
DOI:10.1038/s41467-021-25655-8,DOI:10.1038/s41576-023-00649-y,3
DOI:10.1038/s41467-021-25655-8,DOI:10.4060/cb5545-n],5
DOI:10.1038/s41467-021-25655-8,DOI:10.1016/j.scitotenv.2023.167942,3
DOI:10.1038/s41467-021-25655-8,DOI:10.1038/s41467-020-15735-6,3
DOI:10.1038/s41467-021-25655-8,DOI:10.1038/s41598-020-78849-3,3
DOI:10.1038/s41467-021-25655-8,DOI:10.1093/trstmh/trw048,3
DOI:10.1038/s41467-021-25655-8,DOI:10.1111/1462-2920.12134,3
DOI:10.1038/s41467-021-25655-8,DOI:10.1111/raq.12741,3
DOI:10.1038/s41467-021-25655-8,DOI:10.3390/ijerph18115723,3
DOI:10.1038/s41467-021-25655-8,DOI:10.3390/microorganisms11020450,3
DOI:10.1038/s41467-021-25655-8,DOI:10.1179/2047773215y.0000000030,3
DOI:10.1038/s41467-021-25655-8,DOI:10.15252/embr.202051034,3
DOI:10.1038/s41467-021-25655-8,DOI:10.1016/j.eururo.2022.08.023,3
DOI:10.1038/s41467-021-25655-8,DOI:10.1111/j.1462-2920.2006.01054.x,3
DOI:10.1038/s41467-022-28342-4,DOI:10.1186/s12859-018-2336-6,3
DOI:10.1038/s41467-022-34312-7,DOI:10.1038/s41564-022-01079-y,3
DOI:10.1038/s41467-022-34312-7,DOI:10.1038/s41564-022-01124-w,4
DOI:10.1038/s41467-022-34312-7,DOI:10.1038/s41564-022-01263-0,3
DOI:10.1038/s41467-022-34312-7,DOI:10.1038/s41579-021-00649-x,5
DOI:10.1038/s41467-022-34312-7,DOI:10.1073/pnas.1717295115,3
DOI:10.1038/s41467-022-34312-7,DOI:10.1073/pnas.2204993119,3
DOI:10.1038/s41467-022-34312-7,DOI:10.1086/533452,3
DOI:10.1038/s41467-022-34312-7,DOI:10.1093/jac/dkx217,3
DOI:10.1038/s41467-022-34312-7,DOI:10.1099/mgen.0.000131,3
DOI:10.1038/s41467-022-34312-7,DOI:10.1099/mgen.0.001000,3
DOI:10.1038/s41467-022-34312-7,DOI:10.1128/aac.00419-13,3
DOI:10.1038/s41467-022-34312-7,DOI:10.1128/cmr.00088-17,5
DOI:10.1038/s41467-022-34312-7,DOI:10.1128/cmr.00179-21,4
DOI:10.1038/s41467-022-34312-7,DOI:10.1186/s12859-018-2336-6,4
DOI:10.1038/s41467-022-34312-7,DOI:10.1186/s13073-022-01150-7,3
DOI:10.1038/s41467-022-34312-7,DOI:10.1186/s40168-023-01479-0,3
DOI:10.1038/s41467-022-34312-7,DOI:10.3389/fmicb.2012.00110,3
DOI:10.1038/s41467-022-34312-7,DOI:10.3389/fmicb.2016.00173,3
DOI:10.1038/s41467-022-34312-7,"MCEWEN SA, 2018, MICROBIOL SPECTR, V6, DOI [10.1128/MICROBIOLSPEC.ARBA-0009-2017, 10.1128/9781555819804.CH24]",4
DOI:10.1038/s41467-022-34312-7,"TACCONELLI E, 2018, LANCET INFECT DIS, V18, P318, DOI [10.1016/S1473-3099(17)30753-3, 10.1016/S1473-3099(17)30753-3]",3
DOI:10.1038/s41467-022-34312-7,DOI:10.1016/s2542-5196(21)00280-1,3
DOI:10.1038/s41467-022-34312-7,DOI:10.1016/s2542-5196(23)00213-9,3
DOI:10.1038/s41467-022-34312-7,DOI:10.1098/rstb.2014.0083,3
DOI:10.1038/s41467-022-34312-7,DOI:10.1126/science.aba3432,3
DOI:10.1038/s41467-022-34312-7,"O'NEILL J., 2016, REVIEW ON ANTIMICROBIAL RESISTANCE: TACKLING DRUG-RESISTANT INFECTIONS GLOBALLY: FINAL REPORT AND RECOMMENDATIONS",4
DOI:10.1038/s41467-022-34312-7,DOI:10.1186/s13756-021-00931-w,3
DOI:10.1038/s41467-022-34312-7,DOI:10.1038/s41467-022-29283-8,3
DOI:10.1038/s41467-022-34312-7,DOI:10.1038/s41576-023-00649-y,3
DOI:10.1038/s41467-022-34312-7,DOI:10.1016/j.envint.2022.107171,4
DOI:10.1038/s41467-022-34312-7,DOI:10.1016/j.mib.2021.09.013,4
DOI:10.1038/s41467-022-34312-7,DOI:10.1016/s1473-3099(17)30485-1,3
DOI:10.1038/s41467-022-34312-7,DOI:10.1038/s41467-021-25096-3,4
DOI:10.1038/s41467-022-34312-7,DOI:10.1186/s40168-017-0298-y,3
DOI:10.1038/s41467-022-34312-7,DOI:10.1038/s41576-019-0108-4,3
DOI:10.1038/s41467-022-34312-7,DOI:10.1093/femsmc/xtad008,3
DOI:10.1038/s41467-022-34312-7,DOI:10.1101/gr.186072.114,3
DOI:10.1038/s41467-022-34312-7,DOI:10.1186/s13059-019-1891-0,4
DOI:10.1038/s41467-022-34312-7,"LANGMEAD B, 2012, NAT METHODS, V9, P357, DOI [10.1038/NMETH.1923, 10.1038/NMETH.1923]",3
DOI:10.1038/s41467-022-34312-7,DOI:10.1021/es405348h,3
DOI:10.1038/s41467-022-34312-7,DOI:10.1093/bioinformatics/btv033,3
DOI:10.1038/s41467-022-34312-7,DOI:10.1126/sciadv.aau9124,4
DOI:10.1038/s41467-022-35713-4,DOI:10.1038/s41579-021-00649-x,3
DOI:10.1038/s41467-022-35713-4,DOI:10.1093/jac/dks261,3
DOI:10.1038/s41467-022-35713-4,DOI:10.3389/fpubh.2019.00242,3
DOI:10.1038/s41558-018-0161-6,DOI:10.1038/s41579-019-0222-5,3
DOI:10.1038/s41558-018-0161-6,DOI:10.1038/s41579-021-00649-x,5
DOI:10.1038/s41558-018-0161-6,DOI:10.1073/pnas.1503141112,4
DOI:10.1038/s41558-018-0161-6,DOI:10.1093/jac/dks261,3
DOI:10.1038/s41558-018-0161-6,DOI:10.1128/cmr.00088-17,4
DOI:10.1038/s41558-018-0161-6,DOI:10.1371/journal.pone.0116746,3
DOI:10.1038/s41558-018-0161-6,DOI:10.2807/1560-7917.es.2020.25.45.1900414,4
DOI:10.1038/s41558-018-0161-6,DOI:10.7554/elife.85302,3
DOI:10.1038/s41558-018-0161-6,DOI:10.1016/s2542-5196(18)30186-4,3
DOI:10.1038/s41558-018-0161-6,DOI:10.1016/s2542-5196(17)30141-9,3
DOI:10.1038/s41558-018-0161-6,DOI:10.1016/j.isci.2020.101024,3
DOI:10.1038/s41558-018-0161-6,DOI:10.1016/s0140-6736(15)00473-0,3
DOI:10.1038/s41558-018-0161-6,DOI:10.1179/2047773215y.0000000030,3
DOI:10.1038/s41558-018-0161-6,DOI:10.1016/j.ijheh.2019.09.008,3
DOI:10.1038/s41564-019-0492-8,DOI:10.1038/s41564-022-01124-w,3
DOI:10.1038/s41564-019-0492-8,DOI:10.1038/s41564-022-01263-0,3
DOI:10.1038/s41564-019-0492-8,DOI:10.1093/jac/dks261,3
DOI:10.1038/s41564-019-0492-8,DOI:10.1099/mgen.0.000131,3
DOI:10.1038/s41564-019-0492-8,DOI:10.1126/science.aar3777,3
DOI:10.1038/s41564-019-0492-8,"TACCONELLI E, 2018, LANCET INFECT DIS, V18, P318, DOI [10.1016/S1473-3099(17)30753-3, 10.1016/S1473-3099(17)30753-3]",3
DOI:10.1038/s41564-022-01079-y,DOI:10.1038/s41564-022-01124-w,3
DOI:10.1038/s41564-022-01079-y,DOI:10.1038/s41564-022-01263-0,4
DOI:10.1038/s41564-022-01079-y,DOI:10.1038/s41579-021-00649-x,4
DOI:10.1038/s41564-022-01079-y,DOI:10.1038/s41592-022-01431-4,3
DOI:10.1038/s41564-022-01079-y,DOI:10.1093/jac/dks261,3
DOI:10.1038/s41564-022-01079-y,DOI:10.1093/jac/dkx217,5
DOI:10.1038/s41564-022-01079-y,DOI:10.1111/nyas.13213,3
DOI:10.1038/s41564-022-01079-y,DOI:10.1126/science.aar3777,3
DOI:10.1038/s41564-022-01079-y,DOI:10.1128/cmr.00088-17,3
DOI:10.1038/s41564-022-01079-y,DOI:10.1128/msphere.00238-22,3
DOI:10.1038/s41564-022-01079-y,DOI:10.1186/s12859-018-2336-6,3
DOI:10.1038/s41564-022-01079-y,DOI:10.3389/fmicb.2013.00086,3
DOI:10.1038/s41564-022-01079-y,DOI:10.3389/fmicb.2019.03050,3
DOI:10.1038/s41564-022-01079-y,DOI:10.3390/antibiotics9120918,3
DOI:10.1038/s41564-022-01079-y,DOI:10.3390/ijerph19084758,3
DOI:10.1038/s41564-022-01079-y,DOI:10.3390/microorganisms10020292,3
DOI:10.1038/s41564-022-01079-y,"MCEWEN SA, 2018, MICROBIOL SPECTR, V6, DOI [10.1128/MICROBIOLSPEC.ARBA-0009-2017, 10.1128/9781555819804.CH24]",4
DOI:10.1038/s41564-022-01079-y,"[ANONYMOUS], 2021, WHO INTEGRATED GLOBAL SURVEILLANCE ON ESBL-PRODUCING E. COLI USING A ""ONE HEALTH"" APPROACH: IMPLEMENTATION AND OPPORTUNITIES. P.^, P76",3
DOI:10.1038/s41564-022-01079-y,DOI:10.1016/s2542-5196(19)30083-x,3
DOI:10.1038/s41564-022-01079-y,DOI:10.1089/fpd.2017.2411,3
DOI:10.1038/s41564-022-01079-y,DOI:10.1093/jac/dky506,3
DOI:10.1038/s41564-022-01079-y,DOI:10.1093/trstmh/trw048,3
DOI:10.1038/s41564-022-01079-y,"LUDDEN C, 2019, MBIO, V10, DOI [10.1128/MBIO.02693-18, 10.1128/MBIO.02693-18]",3
DOI:10.1038/s41564-022-01124-w,DOI:10.1038/s41564-022-01263-0,3
DOI:10.1038/s41564-022-01124-w,DOI:10.1038/s41579-021-00649-x,5
DOI:10.1038/s41564-022-01124-w,DOI:10.1038/s41592-022-01431-4,3
DOI:10.1038/s41564-022-01124-w,DOI:10.1073/pnas.1503141112,3
DOI:10.1038/s41564-022-01124-w,DOI:10.1111/nyas.13213,3
DOI:10.1038/s41564-022-01124-w,DOI:10.1128/aac.00419-13,3
DOI:10.1038/s41564-022-01124-w,DOI:10.1128/cmr.00088-17,4
DOI:10.1038/s41564-022-01124-w,DOI:10.1128/msphere.00238-22,3
DOI:10.1038/s41564-022-01124-w,DOI:10.1186/s13756-021-01040-4,3
DOI:10.1038/s41564-022-01124-w,DOI:10.3389/fmicb.2013.00086,3
DOI:10.1038/s41564-022-01124-w,DOI:10.3389/fmicb.2019.03050,3
DOI:10.1038/s41564-022-01124-w,DOI:10.3389/fpubh.2019.00242,3
DOI:10.1038/s41564-022-01124-w,DOI:10.3390/antibiotics9120918,4
DOI:10.1038/s41564-022-01124-w,DOI:10.3390/ijerph19084758,3
DOI:10.1038/s41564-022-01124-w,"MCEWEN SA, 2018, MICROBIOL SPECTR, V6, DOI [10.1128/MICROBIOLSPEC.ARBA-0009-2017, 10.1128/9781555819804.CH24]",3
DOI:10.1038/s41564-022-01124-w,"TACCONELLI E, 2018, LANCET INFECT DIS, V18, P318, DOI [10.1016/S1473-3099(17)30753-3, 10.1016/S1473-3099(17)30753-3]",4
DOI:10.1038/s41564-022-01124-w,DOI:10.1038/s41576-023-00649-y,3
DOI:10.1038/s41564-022-01263-0,DOI:10.1038/s41579-021-00649-x,4
DOI:10.1038/s41564-022-01263-0,DOI:10.1073/pnas.2204993119,3
DOI:10.1038/s41564-022-01263-0,DOI:10.1093/jac/dkx217,3
DOI:10.1038/s41564-022-01263-0,DOI:10.1099/mgen.0.000131,3
DOI:10.1038/s41564-022-01263-0,DOI:10.1099/mgen.0.001000,3
DOI:10.1038/s41564-022-01263-0,DOI:10.1128/cmr.00088-17,3
DOI:10.1038/s41564-022-01263-0,DOI:10.1128/cmr.00179-21,3
DOI:10.1038/s41564-022-01263-0,DOI:10.1186/s12859-018-2336-6,3
DOI:10.1038/s41564-022-01263-0,DOI:10.1186/s13073-022-01150-7,3
DOI:10.1038/s41564-022-01263-0,DOI:10.3389/fmicb.2012.00110,3
DOI:10.1038/s41564-022-01263-0,"MCEWEN SA, 2018, MICROBIOL SPECTR, V6, DOI [10.1128/MICROBIOLSPEC.ARBA-0009-2017, 10.1128/9781555819804.CH24]",4
DOI:10.1038/s41564-022-01263-0,"TACCONELLI E, 2018, LANCET INFECT DIS, V18, P318, DOI [10.1016/S1473-3099(17)30753-3, 10.1016/S1473-3099(17)30753-3]",3
DOI:10.1038/s41564-022-01263-0,"LUDDEN C, 2019, MBIO, V10, DOI [10.1128/MBIO.02693-18, 10.1128/MBIO.02693-18]",4
DOI:10.1038/s41564-022-01263-0,DOI:10.1038/s41598-021-91456-0,3
DOI:10.1038/s41564-022-01263-0,DOI:10.1093/bioinformatics/btu153,4
DOI:10.1038/s41564-022-01263-0,DOI:10.1093/molbev/msaa015,3
DOI:10.1038/s41564-022-01263-0,DOI:10.1101/gr.241455.118,3
DOI:10.1038/s41564-022-01263-0,DOI:10.1038/s41564-018-0208-5,3
DOI:10.1038/s41564-022-01263-0,"NGUYEN LT, 2015, MOL BIOL EVOL, V32, P268, DOI [10.1093/MOLBEV/MSU300, 10.1186/S13059-020-02090-4, 10.3390/MA15041530]",3
DOI:10.1038/s41579-019-0222-5,DOI:10.1038/s41579-021-00649-x,3
DOI:10.1038/s41579-021-00649-x,DOI:10.1038/s41592-022-01431-4,3
DOI:10.1038/s41579-021-00649-x,DOI:10.1073/pnas.1503141112,6
DOI:10.1038/s41579-021-00649-x,DOI:10.1073/pnas.1717295115,3
DOI:10.1038/s41579-021-00649-x,DOI:10.1073/pnas.2204993119,3
DOI:10.1038/s41579-021-00649-x,DOI:10.1086/533452,3
DOI:10.1038/s41579-021-00649-x,DOI:10.1086/595011,3
DOI:10.1038/s41579-021-00649-x,DOI:10.1093/jac/dkx217,3
DOI:10.1038/s41579-021-00649-x,DOI:10.1099/mgen.0.000131,3
DOI:10.1038/s41579-021-00649-x,DOI:10.1099/mgen.0.001000,3
DOI:10.1038/s41579-021-00649-x,DOI:10.1111/nyas.13213,3
DOI:10.1038/s41579-021-00649-x,DOI:10.1126/science.aar3777,5
DOI:10.1038/s41579-021-00649-x,DOI:10.1128/cmr.00088-17,12
DOI:10.1038/s41579-021-00649-x,DOI:10.1128/cmr.00179-21,5
DOI:10.1038/s41579-021-00649-x,DOI:10.1128/msphere.00238-22,3
DOI:10.1038/s41579-021-00649-x,DOI:10.1186/s12199-021-01023-2,4
DOI:10.1038/s41579-021-00649-x,DOI:10.1186/s12859-018-2336-6,3
DOI:10.1038/s41579-021-00649-x,DOI:10.1186/s13073-022-01150-7,3
DOI:10.1038/s41579-021-00649-x,DOI:10.1186/s40168-023-01479-0,3
DOI:10.1038/s41579-021-00649-x,DOI:10.2807/1560-7917.es.2020.25.45.1900414,3
DOI:10.1038/s41579-021-00649-x,DOI:10.3389/fmicb.2012.00110,3
DOI:10.1038/s41579-021-00649-x,DOI:10.3389/fmicb.2013.00086,3
DOI:10.1038/s41579-021-00649-x,DOI:10.3389/fmicb.2016.00173,5
DOI:10.1038/s41579-021-00649-x,DOI:10.3389/fmicb.2019.03050,3
DOI:10.1038/s41579-021-00649-x,DOI:10.3389/fmicb.2022.965132,3
DOI:10.1038/s41579-021-00649-x,DOI:10.3390/antibiotics9080497,3
DOI:10.1038/s41579-021-00649-x,DOI:10.3390/antibiotics9120918,4
DOI:10.1038/s41579-021-00649-x,DOI:10.3390/ijerph19084758,3
DOI:10.1038/s41579-021-00649-x,DOI:10.3390/tropicalmed4010022,4
DOI:10.1038/s41579-021-00649-x,DOI:10.7554/elife.85302,3
DOI:10.1038/s41579-021-00649-x,"MCEWEN SA, 2018, MICROBIOL SPECTR, V6, DOI [10.1128/MICROBIOLSPEC.ARBA-0009-2017, 10.1128/9781555819804.CH24]",11
DOI:10.1038/s41579-021-00649-x,"TACCONELLI E, 2018, LANCET INFECT DIS, V18, P318, DOI [10.1016/S1473-3099(17)30753-3, 10.1016/S1473-3099(17)30753-3]",6
DOI:10.1038/s41579-021-00649-x,"O'NEILL J., 2016, REV ANTIMICROBIAL RE",3
DOI:10.1038/s41579-021-00649-x,"[ANONYMOUS], 2021, WHO INTEGRATED GLOBAL SURVEILLANCE ON ESBL-PRODUCING E. COLI USING A ""ONE HEALTH"" APPROACH: IMPLEMENTATION AND OPPORTUNITIES. P.^, P76",3
DOI:10.1038/s41579-021-00649-x,DOI:10.1016/j.envint.2019.05.074,3
DOI:10.1038/s41579-021-00649-x,DOI:10.1016/j.mib.2021.09.011,7
DOI:10.1038/s41579-021-00649-x,DOI:10.1016/s2666-5247(23)00283-5,4
DOI:10.1038/s41579-021-00649-x,DOI:10.1016/s2666-5247(23)00285-9,5
DOI:10.1038/s41579-021-00649-x,DOI:10.1093/trstmh/trw048,3
DOI:10.1038/s41579-021-00649-x,"LIU Y, 2020, LANCET INFECT DIS, V20, P656, DOI [10.1016/S1473-3099(15)00424-7, 10.1016/S1473-3099(20)30232-2, 10.1007/978-981-15-7749-9_1]",4
DOI:10.1038/s41579-021-00649-x,DOI:10.1016/j.envint.2018.04.041,4
DOI:10.1038/s41579-021-00649-x,DOI:10.1016/s2542-5196(23)00278-4,8
DOI:10.1038/s41579-021-00649-x,DOI:10.1179/2047773215y.0000000030,5
DOI:10.1038/s41579-021-00649-x,DOI:10.14202/vetworld.2022.743-749,7
DOI:10.1038/s41579-021-00649-x,DOI:10.4060/cc2289en,3
DOI:10.1038/s41579-021-00649-x,"O'NEILL J., 2016, REVIEW ON ANTIMICROBIAL RESISTANCE: TACKLING DRUG-RESISTANT INFECTIONS GLOBALLY: FINAL REPORT AND RECOMMENDATIONS",7
DOI:10.1038/s41579-021-00649-x,DOI:10.1016/j.envint.2023.108089,5
DOI:10.1038/s41579-021-00649-x,DOI:10.1016/j.mib.2011.04.009,3
DOI:10.1038/s41579-021-00649-x,DOI:10.1016/j.mib.2021.09.013,6
DOI:10.1038/s41579-021-00649-x,DOI:10.1016/j.scitotenv.2013.01.032,3
DOI:10.1038/s41579-021-00649-x,DOI:10.1016/s2542-5196(17)30141-9,3
DOI:10.1038/s41579-021-00649-x,DOI:10.1021/es901221x,4
DOI:10.1038/s41579-021-00649-x,DOI:10.1038/nrmicro1614,3
DOI:10.1038/s41579-021-00649-x,DOI:10.1038/nrmicro2312,3
DOI:10.1038/s41579-021-00649-x,DOI:10.1038/nrmicro3439,12
DOI:10.1038/s41579-021-00649-x,DOI:10.1038/s41396-020-00832-7,3
DOI:10.1038/s41579-021-00649-x,DOI:10.1093/femsre/fux053,7
DOI:10.1038/s41579-021-00649-x,DOI:10.1098/rstb.2014.0083,4
DOI:10.1038/s41579-021-00649-x,DOI:10.1111/1365-2664.12596,3
DOI:10.1038/s41579-021-00649-x,DOI:10.1128/mmbr.00016-10,3
DOI:10.1038/s41579-021-00649-x,DOI:10.1186/s13750-022-00262-2,4
DOI:10.1038/s41579-021-00649-x,DOI:10.1371/journal.ppat.1010537,9
DOI:10.1038/s41579-021-00649-x,DOI:10.2807/1560-7917.es.2019.24.32.1900149,3
DOI:10.1038/s41579-021-00649-x,DOI:10.3389/fcimb.2022.873989,3
DOI:10.1038/s41579-021-00649-x,DOI:10.3389/fmicb.2011.00158,4
DOI:10.1038/s41579-021-00649-x,DOI:10.3389/fmicb.2019.02892,3
DOI:10.1038/s41579-021-00649-x,DOI:10.3389/fmicb.2021.703886,3
DOI:10.1038/s41579-021-00649-x,DOI:10.3390/healthcare11131946,4
DOI:10.1038/s41579-021-00649-x,DOI:10.3390/molecules23040795,6
DOI:10.1038/s41579-021-00649-x,DOI:10.4060/cb5545-n],9
DOI:10.1038/s41579-021-00649-x,DOI:10.1016/j.envint.2021.106927,3
DOI:10.1038/s41579-021-00649-x,DOI:10.1016/j.envint.2023.108084,3
DOI:10.1038/s41579-021-00649-x,DOI:10.1016/j.scitotenv.2020.140997,3
DOI:10.1038/s41579-021-00649-x,DOI:10.1016/s0140-6736(15)00473-0,4
DOI:10.1038/s41579-021-00649-x,DOI:10.1016/s2542-5196(23)00026-8,4
DOI:10.1038/s41579-021-00649-x,DOI:10.1016/s2542-5196(23)00135-3,4
DOI:10.1038/s41579-021-00649-x,DOI:10.1038/s41396-022-01315-7,3
DOI:10.1038/s41579-021-00649-x,DOI:10.1038/s41467-018-02828-6,3
DOI:10.1038/s41579-021-00649-x,DOI:10.1038/s41467-022-29283-8,4
DOI:10.1038/s41579-021-00649-x,DOI:10.1038/s41467-025-61606-3,3
DOI:10.1038/s41579-021-00649-x,DOI:10.1038/s41564-019-0503-9,8
DOI:10.1038/s41579-021-00649-x,DOI:10.1038/s41564-022-01089-w,3
DOI:10.1038/s41579-021-00649-x,DOI:10.1038/s41576-023-00649-y,5
DOI:10.1038/s41579-021-00649-x,DOI:10.1126/sciadv.aau9124,4
DOI:10.1038/s41579-021-00649-x,DOI:10.3390/agriculture12020289,3
DOI:10.1038/s41579-021-00649-x,"LEE K, 2020, MICROBIOME, V8, DOI [10.1186/S40168-019-0774-7, 10.1186/S40168-020-00881-2]",3
DOI:10.1038/s41579-021-00649-x,"MULOI DM, 2023, LANCET MICROBE, V4, PE1056, DOI [10.1016/S2666-5247(23)00284-7, 10.1016/S2666-5247(23)00284]",3
DOI:10.1038/s41579-021-00649-x,"[ANONYMOUS], 2023, BRACING FOR SUPERBUGS: STRENGTHENING ENVIRONMENTAL ACTION IN THE ONE HEALTH RESPONSE TO ANTIMICROBIAL RESISTANCE",4
DOI:10.1038/s41579-021-00649-x,DOI:10.1186/s13756-020-00847-x,3
DOI:10.1038/s41579-021-00649-x,DOI:10.7860/jcdr/2014/8925.4529,3
DOI:10.1038/s41579-021-00649-x,DOI:10.1021/acs.est.4c09663,3
DOI:10.1038/s41579-021-00649-x,DOI:10.1038/s41467-024-53057-z,3
DOI:10.1038/s41579-021-00649-x,DOI:10.1038/s41467-025-57825-3,3
DOI:10.1038/s41579-021-00649-x,DOI:10.1038/s41545-020-0051-0,3
DOI:10.1038/s41579-021-00649-x,DOI:10.1093/nar/gkac920,6
DOI:10.1038/s41579-021-00649-x,DOI:10.1111/nyas.14036,5
DOI:10.1038/s41579-021-00649-x,DOI:10.1126/science.1220761,3
DOI:10.1038/s41579-021-00649-x,DOI:10.1128/aac.01082-24,4
DOI:10.1038/s41579-021-00649-x,DOI:10.1371/journal.pone.0297921,3
DOI:10.1038/s41579-021-00649-x,DOI:10.3389/fpubh.2022.816943,3
DOI:10.1038/s41579-021-00649-x,DOI:10.5187/jast.2023.e129,3
DOI:10.1038/s41579-021-00649-x,"MURRAY LM, 2024, NPJ ANTIMICROB RESIS, V2, DOI [10.1038/S44259-024-00026-7, 10.1038/S44259-024-00026-7]",4
DOI:10.1038/s41579-021-00649-x,"ALEXANDER J, 2020, SCI REP-UK, V10, DOI [10.1186/S42055-020-00032-3, 10.1038/S41598-020-65635-4]",3
DOI:10.1038/s41579-021-00649-x,DOI:10.1002/mbo3.1197,3
DOI:10.1038/s41579-021-00649-x,DOI:10.1016/j.envint.2022.107171,5
DOI:10.1038/s41579-021-00649-x,DOI:10.1016/j.ijheh.2019.01.004,4
DOI:10.1038/s41579-021-00649-x,DOI:10.1016/j.scitotenv.2023.168056,3
DOI:10.1038/s41579-021-00649-x,DOI:10.1016/j.watres.2017.07.002,3
DOI:10.1038/s41579-021-00649-x,DOI:10.1016/j.watres.2019.06.039,4
DOI:10.1038/s41579-021-00649-x,DOI:10.1186/s40168-019-0663-0,3
DOI:10.1038/s41579-021-00649-x,DOI:10.1016/j.tim.2013.11.001,3
DOI:10.1038/s41579-021-00649-x,DOI:10.1016/s2542-5196(18)30186-4,5
DOI:10.1038/s41579-021-00649-x,DOI:10.1038/nrmicro3270,3
DOI:10.1038/s41579-021-00649-x,DOI:10.1038/s41396-019-0483-z,3
DOI:10.1038/s41579-021-00649-x,DOI:10.1093/femsec/fiy101,3
DOI:10.1038/s41579-021-00649-x,DOI:10.1128/cmr.00116-14,3
DOI:10.1038/s41579-021-00649-x,DOI:10.3390/tropicalmed4020088,4
DOI:10.1038/s41579-021-00649-x,DOI:10.3390/foods11192966,3
DOI:10.1038/s41579-021-00649-x,"POLIANCIUC SVETLANA IULIANA, 2020, MED PHARM REP, V93, P231, DOI [10.15386/MPR-1742, 10.15386/MPR-1742, 10.15386/MPR-1742]",3
DOI:10.1038/s41579-021-00649-x,DOI:10.1002/mlf2.12101,3
DOI:10.1038/s41579-021-00649-x,"SAMREEN, 2021, J GLOB ANTIMICROB RE, V27, P101, DOI [10.1016/J.JGAR.2021.08.001, 10.1097/JS9.0000000000001165]",5
DOI:10.1038/s41579-021-00649-x,DOI:10.1038/s41564-023-01351-9,3
DOI:10.1038/s41579-021-00649-x,DOI:10.3390/ijerph20031681,3
DOI:10.1038/s41579-021-00649-x,DOI:10.3934/microbiol.2018.3.482,3
DOI:10.1038/s41579-021-00649-x,DOI:10.1016/j.envint.2017.11.003,3
DOI:10.1038/s41579-021-00649-x,DOI:10.1177/003335491212700103,3
DOI:10.1038/s41579-021-00649-x,DOI:10.1016/j.jiph.2021.10.020,3
DOI:10.1038/s41579-021-00649-x,DOI:10.1016/j.onehlt.2023.100647,3
DOI:10.1038/s41579-021-00649-x,DOI:10.1016/j.tim.2018.12.010,3
DOI:10.1038/s41579-021-00649-x,DOI:10.3389/bjbs.2023.11387,5
DOI:10.1038/s41579-021-00649-x,DOI:10.3390/ijms21061914,3
DOI:10.1038/s41579-021-00649-x,DOI:10.3390/pathogens10101310,3
DOI:10.1038/s41579-021-00649-x,DOI:10.1016/bs.ampbs.2017.02.001,3
DOI:10.1038/s41579-021-00649-x,DOI:10.1093/jac/dkaa345,3
DOI:10.1038/s41579-021-00649-x,DOI:10.1186/s40168-018-0401-z,5
DOI:10.1038/s41579-021-00649-x,DOI:10.1016/s1473-3099(15)00424-7,3
DOI:10.1038/s41579-021-00649-x,DOI:10.2147/idr.s234610,3
DOI:10.1038/s41579-021-00649-x,DOI:10.3389/fmicb.2015.00034,4
DOI:10.1038/s41579-021-00649-x,DOI:10.3390/antibiotics5040037,3
DOI:10.1038/s41579-021-00649-x,DOI:10.1073/pnas.1222743110,4
DOI:10.1038/s41579-021-00649-x,DOI:10.1016/s2542-5196(18)30124-4,3
DOI:10.1038/s41579-021-00649-x,DOI:10.1126/science.aaw1944,4
DOI:10.1038/s41579-021-00649-x,DOI:10.1186/s13756-017-0208-x,4
DOI:10.1038/s41579-021-00649-x,DOI:10.1093/nar/gkac1047,3
DOI:10.1038/s41579-021-00649-x,DOI:10.1186/s40793-023-00482-0,3
DOI:10.1038/s41579-021-00649-x,DOI:10.1186/s12879-023-08585-2,4
DOI:10.1038/s41579-021-00649-x,DOI:10.1038/s41579-018-0147-4,3
DOI:10.1038/s41579-021-00649-x,DOI:10.2147/idr.s290835,3
DOI:10.1038/s41579-021-00649-x,DOI:10.3389/fcimb.2021.771510,3
DOI:10.1038/s41579-021-00649-x,DOI:10.1186/s13059-019-1891-0,3
DOI:10.1038/s41579-021-00649-x,"LANGMEAD B, 2012, NAT METHODS, V9, P357, DOI [10.1038/NMETH.1923, 10.1038/NMETH.1923]",3
DOI:10.1038/s41579-021-00649-x,"WORLD HEALTH ORGANIZATION, 2015, GLOBAL ACTION PLAN A",3
DOI:10.1038/s41579-021-00649-x,DOI:10.1016/j.ejps.2021.106103,3
DOI:10.1038/s41579-021-00649-x,DOI:10.1016/j.eururo.2022.08.023,3
DOI:10.1038/s41579-022-00779-w,DOI:10.1073/pnas.1503141112,3
DOI:10.1038/s41579-022-00779-w,DOI:10.3390/antibiotics9120918,3
DOI:10.1038/s41592-020-00971-x,DOI:10.1099/mgen.0.000725,4
DOI:10.1038/s41592-020-00971-x,DOI:10.3389/fpubh.2019.00242,3
DOI:10.1038/s41592-022-01431-4,DOI:10.1111/nyas.13213,3
DOI:10.1038/s41592-022-01431-4,DOI:10.1128/cmr.00088-17,3
DOI:10.1038/s41592-022-01431-4,DOI:10.1128/msphere.00238-22,3
DOI:10.1038/s41592-022-01431-4,DOI:10.3389/fmicb.2013.00086,3
DOI:10.1038/s41592-022-01431-4,DOI:10.3389/fmicb.2019.03050,3
DOI:10.1038/s41592-022-01431-4,DOI:10.3390/antibiotics9120918,3
DOI:10.1038/s41592-022-01431-4,DOI:10.3390/ijerph19084758,3
DOI:10.1038/s41592-022-01431-4,"MCEWEN SA, 2018, MICROBIOL SPECTR, V6, DOI [10.1128/MICROBIOLSPEC.ARBA-0009-2017, 10.1128/9781555819804.CH24]",3
DOI:10.1073/pnas.1503141112,DOI:10.1073/pnas.1717295115,10
DOI:10.1073/pnas.1503141112,DOI:10.1086/595011,3
DOI:10.1073/pnas.1503141112,DOI:10.1093/jac/dks261,3
DOI:10.1073/pnas.1503141112,DOI:10.1126/science.aar3777,4
DOI:10.1073/pnas.1503141112,DOI:10.1128/aac.49.8.3523-3525.2005,3
DOI:10.1073/pnas.1503141112,DOI:10.1128/cmr.00088-17,10
DOI:10.1073/pnas.1503141112,DOI:10.1371/journal.pone.0116746,4
DOI:10.1073/pnas.1503141112,DOI:10.2807/1560-7917.es.2020.25.45.1900414,4
DOI:10.1073/pnas.1503141112,DOI:10.3389/fmicb.2016.00173,6
DOI:10.1073/pnas.1503141112,DOI:10.3389/fpubh.2019.00242,4
DOI:10.1073/pnas.1503141112,DOI:10.3390/antibiotics9120918,14
DOI:10.1073/pnas.1503141112,DOI:10.3390/pathogens11060691,3
DOI:10.1073/pnas.1503141112,DOI:10.3390/tropicalmed4010022,8
DOI:10.1073/pnas.1503141112,"MCEWEN SA, 2018, MICROBIOL SPECTR, V6, DOI [10.1128/MICROBIOLSPEC.ARBA-0009-2017, 10.1128/9781555819804.CH24]",11
DOI:10.1073/pnas.1503141112,"TACCONELLI E, 2018, LANCET INFECT DIS, V18, P318, DOI [10.1016/S1473-3099(17)30753-3, 10.1016/S1473-3099(17)30753-3]",8
DOI:10.1073/pnas.1503141112,"O'NEILL J., 2016, REV ANTIMICROBIAL RE",4
DOI:10.1073/pnas.1503141112,DOI:10.1016/s1473-3099(15)00424-7,13
DOI:10.1073/pnas.1503141112,DOI:10.1016/s2542-5196(18)30186-4,10
DOI:10.1073/pnas.1503141112,DOI:10.1128/aac.01298-16,4
DOI:10.1073/pnas.1503141112,DOI:10.1128/cmr.00002-11,6
DOI:10.1073/pnas.1503141112,DOI:10.1016/j.aninu.2018.03.002,3
DOI:10.1073/pnas.1503141112,DOI:10.1016/j.cmi.2017.01.013,3
DOI:10.1073/pnas.1503141112,DOI:10.1016/s0167-5877(96)01119-1,3
DOI:10.1073/pnas.1503141112,DOI:10.1016/s1473-3099(13)70318-9,10
DOI:10.1073/pnas.1503141112,DOI:10.1016/s2542-5196(19)30130-5,3
DOI:10.1073/pnas.1503141112,DOI:10.1086/512369,4
DOI:10.1073/pnas.1503141112,DOI:10.1146/annurev-phyto-080417-045946,4
DOI:10.1073/pnas.1503141112,DOI:10.1186/cc3995,3
DOI:10.1073/pnas.1503141112,DOI:10.1371/journal.pone.0159863,3
DOI:10.1073/pnas.1503141112,DOI:10.2807/1560-7917.es.2016.21.17.30214,3
DOI:10.1073/pnas.1503141112,DOI:10.3201/eid1601.090729,7
DOI:10.1073/pnas.1503141112,DOI:10.3389/fmicb.2018.00362,4
DOI:10.1073/pnas.1503141112,DOI:10.3389/fvets.2017.00237,4
DOI:10.1073/pnas.1503141112,DOI:10.3390/md15060158,3
DOI:10.1073/pnas.1503141112,DOI:10.4060/cb5545-n],19
DOI:10.1073/pnas.1503141112,DOI:10.4103/2045-080x.186181],3
DOI:10.1073/pnas.1503141112,"WALL B A., 2016, DRIVERS, DYNAMICS AND EPIDEMIOLOGY OF ANTIMICROBIAL RESISTANCE IN ANIMAL PRODUCTION",4
DOI:10.1073/pnas.1503141112,"WHO, 2017, INTEGRATED SURVEILLANCE OF ANTIMICROBIAL RESISTANCE IN FOODBORNE BACTERIA: APPLICATION OF A ONE HEALTH APPROACH INTERNET",3
DOI:10.1073/pnas.1503141112,DOI:10.1016/j.scitotenv.2013.01.032,9
DOI:10.1073/pnas.1503141112,DOI:10.1016/j.tim.2013.11.001,5
DOI:10.1073/pnas.1503141112,DOI:10.1016/s0140-6736(15)00473-0,20
DOI:10.1073/pnas.1503141112,DOI:10.1016/s1473-3099(12)70317-1,4
DOI:10.1073/pnas.1503141112,DOI:10.1016/s1473-3099(16)00100-6,6
DOI:10.1073/pnas.1503141112,DOI:10.1021/acs.est.5b00729,4
DOI:10.1073/pnas.1503141112,DOI:10.1021/acs.est.5b02566,3
DOI:10.1073/pnas.1503141112,DOI:10.1086/340246,4
DOI:10.1073/pnas.1503141112,DOI:10.1086/340247,3
DOI:10.1073/pnas.1503141112,DOI:10.1089/fpd.2011.0950,3
DOI:10.1073/pnas.1503141112,DOI:10.1089/fpd.2013.1533,3
DOI:10.1073/pnas.1503141112,DOI:10.1089/fpd.2015.1960,4
DOI:10.1073/pnas.1503141112,DOI:10.1093/cid/cit355,4
DOI:10.1073/pnas.1503141112,DOI:10.1093/cid/ciu785,4
DOI:10.1073/pnas.1503141112,DOI:10.1093/jac/dku180,3
DOI:10.1073/pnas.1503141112,DOI:10.1093/trstmh/trw048,16
DOI:10.1073/pnas.1503141112,DOI:10.1126/science.1243444,3
DOI:10.1073/pnas.1503141112,DOI:10.1128/aac.00066-16,3
DOI:10.1073/pnas.1503141112,DOI:10.1371/journal.pgen.1004776,3
DOI:10.1073/pnas.1503141112,DOI:10.1586/14787210.6.5.733,5
DOI:10.1073/pnas.1503141112,DOI:10.2807/1560-7917.es.2015.20.49.30085,3
DOI:10.1073/pnas.1503141112,DOI:10.2903/j.efsa.2015.4006,4
DOI:10.1073/pnas.1503141112,DOI:10.2903/j.efsa.2017.4872,3
DOI:10.1073/pnas.1503141112,DOI:10.3201/eid2106.140706,3
DOI:10.1073/pnas.1503141112,DOI:10.3389/fmicb.2016.01728,4
DOI:10.1073/pnas.1503141112,"SWANN MM., 1969, USE ANTIBIOTICS ANIM",3
DOI:10.1073/pnas.1503141112,"WORLD ORGANIZATION FOR ANIMAL HEALTH, 2016, PROMOTING PRUDENT USE OF BIOLOGICAL RESOURCES. THEORETICAL",3
DOI:10.1073/pnas.1503141112,"[ANONYMOUS], 2014, ANT RES GLOB REP SUR",4
DOI:10.1073/pnas.1503141112,"[ANONYMOUS], 2016, CRITICALLY IMPORTANT ANTIMICROBIALS FOR HUMAN MEDICINE",3
DOI:10.1073/pnas.1503141112,"[ANONYMOUS], 2017, WHO GUIDELINES ON USE OF MEDICALLY IMPORTANT ANTIMICROBIALS IN FOOD-PRODUCING ANIMALS",4
DOI:10.1073/pnas.1503141112,DOI:10.1038/nrmicro3439,12
DOI:10.1073/pnas.1503141112,DOI:10.3399/bjgp14x682561,4
DOI:10.1073/pnas.1503141112,DOI:10.1098/rstb.2014.0083,6
DOI:10.1073/pnas.1503141112,DOI:10.1128/aac.01082-24,3
DOI:10.1073/pnas.1503141112,DOI:10.1371/journal.ppat.1010537,3
DOI:10.1073/pnas.1503141112,DOI:10.24911/ijmdc.51-1549060699,5
DOI:10.1073/pnas.1503141112,DOI:10.3389/fcimb.2021.771510,3
DOI:10.1073/pnas.1503141112,DOI:10.3390/antibiotics9070372,4
DOI:10.1073/pnas.1503141112,DOI:10.3390/ijms21061914,3
DOI:10.1073/pnas.1503141112,DOI:10.1128/mbio.00305-11,5
DOI:10.1073/pnas.1503141112,DOI:10.1186/1744-8603-9-48,4
DOI:10.1073/pnas.1503141112,DOI:10.1016/j.eururo.2022.08.023,10
DOI:10.1073/pnas.1503141112,DOI:10.1038/509555a,3
DOI:10.1073/pnas.1503141112,DOI:10.1016/j.chemosphere.2008.11.086,3
DOI:10.1073/pnas.1503141112,DOI:10.1016/j.cmi.2017.08.026,3
DOI:10.1073/pnas.1503141112,DOI:10.1016/j.tim.2006.02.006,3
DOI:10.1073/pnas.1503141112,DOI:10.1016/s0065-2113(05)87001-4,3
DOI:10.1073/pnas.1503141112,DOI:10.1073/pnas.1222743110,6
DOI:10.1073/pnas.1503141112,DOI:10.1128/mmbr.00016-10,5
DOI:10.1073/pnas.1503141112,DOI:10.1136/bmjgh-2019-001710,3
DOI:10.1073/pnas.1503141112,DOI:10.1177/003335491212700103,3
DOI:10.1073/pnas.1503141112,DOI:10.1186/s13756-017-0294-9,7
DOI:10.1073/pnas.1503141112,DOI:10.1371/journal.pmed.1001974,4
DOI:10.1073/pnas.1503141112,"GANGULY NK, 2011, INDIAN J MED RES, V134, P281",3
DOI:10.1073/pnas.1503141112,DOI:10.1007/s42770-021-00635-8,3
DOI:10.1073/pnas.1503141112,DOI:10.1016/j.envpol.2009.05.051,4
DOI:10.1073/pnas.1503141112,DOI:10.1057/s41599-018-0152-2,3
DOI:10.1073/pnas.1503141112,DOI:10.1126/science.aao1495,11
DOI:10.1073/pnas.1503141112,DOI:10.1128/mmbr.65.2.232-260.2001,4
DOI:10.1073/pnas.1503141112,DOI:10.2807/1560-7917.es.2023.28.22.2200804,3
DOI:10.1073/pnas.1503141112,DOI:10.3389/fmicb.2016.01983,3
DOI:10.1073/pnas.1503141112,DOI:10.3390/molecules23040795,9
DOI:10.1073/pnas.1503141112,DOI:10.1016/s2542-5196(17)30141-9,11
DOI:10.1073/pnas.1503141112,"O'NEILL J., REV ANTIMICROBIAL RE",6
DOI:10.1073/pnas.1503141112,DOI:10.1007/s11625-017-0511-8,4
DOI:10.1073/pnas.1503141112,DOI:10.1016/j.envpol.2017.01.003,3
DOI:10.1073/pnas.1503141112,DOI:10.1038/nrmicro3380,3
DOI:10.1073/pnas.1503141112,DOI:10.1038/s41545-020-0051-0,3
DOI:10.1073/pnas.1503141112,DOI:10.1038/s41598-020-78849-3,4
DOI:10.1073/pnas.1503141112,DOI:10.1093/femsre/fux053,5
DOI:10.1073/pnas.1503141112,DOI:10.1111/1462-2920.12134,5
DOI:10.1073/pnas.1503141112,DOI:10.1093/cid/ciw475,4
DOI:10.1073/pnas.1503141112,DOI:10.4103/ijmr.ijmr_2_18,3
DOI:10.1073/pnas.1503141112,"[ANONYMOUS], 2015, GLOBAL ACTION PLAN ON ANTIMICROBIAL RESISTANCE",5
DOI:10.1073/pnas.1503141112,DOI:10.1016/j.meegid.2016.07.032,3
DOI:10.1073/pnas.1503141112,DOI:10.1080/01652176.2014.984365,4
DOI:10.1073/pnas.1503141112,DOI:10.1179/2047773215y.0000000030,4
DOI:10.1073/pnas.1503141112,"O'NEILL J., 2016, REVIEW ON ANTIMICROBIAL RESISTANCE: TACKLING DRUG-RESISTANT INFECTIONS GLOBALLY: FINAL REPORT AND RECOMMENDATIONS",8
DOI:10.1073/pnas.1503141112,DOI:10.1016/s1473-3099(14)70780-7,3
DOI:10.1073/pnas.1503141112,DOI:10.1111/eva.12185,4
DOI:10.1073/pnas.1503141112,DOI:10.1146/annurev.phyto.40.120301.093927,3
DOI:10.1073/pnas.1503141112,DOI:10.1186/s13756-020-00847-x,4
DOI:10.1073/pnas.1503141112,DOI:10.3389/fmicb.2016.01789,3
DOI:10.1073/pnas.1503141112,DOI:10.1016/j.jgar.2021.10.007,3
DOI:10.1073/pnas.1503141112,DOI:10.1016/j.jhazmat.2007.07.008,3
DOI:10.1073/pnas.1503141112,DOI:10.1016/s1473-3099(20)30149-3,3
DOI:10.1073/pnas.1503141112,DOI:10.1128/cmr.00047-19,3
DOI:10.1073/pnas.1503141112,DOI:10.1186/s13620-019-0154-4,3
DOI:10.1073/pnas.1503141112,DOI:10.3390/antibiotics5040037,3
DOI:10.1073/pnas.1503141112,DOI:10.4103/jgid.jgid_110_18,3
DOI:10.1073/pnas.1503141112,DOI:10.1007/s10393-019-01415-5,5
DOI:10.1073/pnas.1503141112,DOI:10.1016/j.jiph.2021.10.020,3
DOI:10.1073/pnas.1503141112,DOI:10.1016/j.mib.2019.10.008,4
DOI:10.1073/pnas.1503141112,DOI:10.14202/vetworld.2022.743-749,6
DOI:10.1073/pnas.1503141112,DOI:10.2147/idr.s234610,4
DOI:10.1073/pnas.1503141112,DOI:10.3389/bjbs.2023.11387,3
DOI:10.1073/pnas.1503141112,DOI:10.3389/fpubh.2014.00145,3
DOI:10.1073/pnas.1503141112,DOI:10.3389/fpubh.2021.726484,3
DOI:10.1073/pnas.1503141112,DOI:10.3390/healthcare11131946,4
DOI:10.1073/pnas.1503141112,DOI:10.1016/j.mib.2011.04.009,5
DOI:10.1073/pnas.1503141112,DOI:10.3389/fmicb.2015.00034,3
DOI:10.1073/pnas.1503141112,DOI:10.3389/fvets.2017.00126,5
DOI:10.1073/pnas.1503141112,"SAMREEN, 2021, J GLOB ANTIMICROB RE, V27, P101, DOI [10.1016/J.JGAR.2021.08.001, 10.1097/JS9.0000000000001165]",5
DOI:10.1073/pnas.1503141112,DOI:10.1016/s1473-3099(20)30392-3,5
DOI:10.1073/pnas.1503141112,DOI:10.1038/s41564-019-0445-2,4
DOI:10.1073/pnas.1503141112,"KIRK MD, 2015, PLOS MED, V12, DOI [10.1371/JOURNAL.PMED.1001921, 10.1371/JOURNAL.PMED.1001940]",5
DOI:10.1073/pnas.1503141112,DOI:10.1093/jac/dkt443,4
DOI:10.1073/pnas.1503141112,DOI:10.3390/antibiotics9020052,3
DOI:10.1073/pnas.1503141112,DOI:10.1136/bmj.j2440,3
DOI:10.1073/pnas.1503141112,DOI:10.1098/rspb.2018.0332,3
DOI:10.1073/pnas.1503141112,DOI:10.1186/s13756-022-01130-x,3
DOI:10.1073/pnas.1503141112,DOI:10.1371/journal.pgph.0001305,3
DOI:10.1073/pnas.1503141112,DOI:10.3390/antibiotics11101362,3
DOI:10.1073/pnas.1503141112,DOI:10.1016/s2542-5196(19)30083-x,3
DOI:10.1073/pnas.1503141112,DOI:10.1038/nrmicro2312,3
DOI:10.1073/pnas.1503141112,DOI:10.1128/cmr.00006-15,3
DOI:10.1073/pnas.1503141112,"LIU Y, 2020, LANCET INFECT DIS, V20, P656, DOI [10.1016/S1473-3099(15)00424-7, 10.1016/S1473-3099(20)30232-2, 10.1007/978-981-15-7749-9_1]",3
DOI:10.1073/pnas.1503141112,"MULOI DM, 2023, LANCET MICROBE, V4, PE1056, DOI [10.1016/S2666-5247(23)00284-7, 10.1016/S2666-5247(23)00284]",3
DOI:10.1073/pnas.1503141112,DOI:10.1098/rstb.2014.0085,4
DOI:10.1073/pnas.1503141112,DOI:10.1111/j.1462-2920.2006.01054.x,3
DOI:10.1073/pnas.1503141112,DOI:10.1126/science.aaw1944,12
DOI:10.1073/pnas.1503141112,DOI:10.1136/bmj.j3544,3
DOI:10.1073/pnas.1503141112,DOI:10.1371/journal.pmed.1002378,3
DOI:10.1073/pnas.1503141112,DOI:10.1016/j.ijfoodmicro.2017.12.015,3
DOI:10.1073/pnas.1503141112,"BROWER CH, 2017, ENVIRON HEALTH PERSP, V125, DOI [10.1289/EHP292, 10.1289/EHP292]",3
DOI:10.1073/pnas.1503141112,DOI:10.1016/j.ijmm.2013.02.001,3
DOI:10.1073/pnas.1503141112,DOI:10.1089/fpd.2017.2283,3
DOI:10.1073/pnas.1503141112,DOI:10.1111/zph.12192,3
DOI:10.1073/pnas.1503141112,DOI:10.1111/j.1469-0691.2011.03570.x,3
DOI:10.1073/pnas.1503141112,DOI:10.1093/jtm/taz036,5
DOI:10.1073/pnas.1503141112,DOI:10.1038/s41467-020-17278-2,3
DOI:10.1073/pnas.1503141112,DOI:10.1038/s41564-018-0205-8,3
DOI:10.1073/pnas.1503141112,DOI:10.1128/cmr.00116-14,3
DOI:10.1073/pnas.1503141112,DOI:10.1016/s1473-3099(20)30003-7,3
DOI:10.1073/pnas.1503141112,DOI:10.1186/s40249-018-0459-7,3
DOI:10.1073/pnas.1503141112,"KIM DH., 1994, SYSTEMS THINKING TOO",3
DOI:10.1073/pnas.1503141112,"MAJOWICZ SHANNON E, 2018, BMC RES NOTES, V11, P170, DOI [10.1186/S13104-018-3279-8, 10.1186/S13104-018-3279-8]",4
DOI:10.1073/pnas.1503141112,DOI:10.1007/s13280-016-0800-y,3
DOI:10.1073/pnas.1503141112,DOI:10.1126/science.aaf9286,3
DOI:10.1073/pnas.1717295115,DOI:10.1093/jac/dkab451,3
DOI:10.1073/pnas.1717295115,DOI:10.1126/science.aar3777,4
DOI:10.1073/pnas.1717295115,DOI:10.1128/cmr.00088-17,4
DOI:10.1073/pnas.1717295115,DOI:10.1128/cmr.00179-21,3
DOI:10.1073/pnas.1717295115,DOI:10.1186/s13756-021-01040-4,3
DOI:10.1073/pnas.1717295115,DOI:10.2807/1560-7917.es.2020.25.45.1900414,3
DOI:10.1073/pnas.1717295115,DOI:10.3389/fmicb.2016.00173,4
DOI:10.1073/pnas.1717295115,DOI:10.3389/fpubh.2019.00242,3
DOI:10.1073/pnas.1717295115,DOI:10.3390/antibiotics9120918,4
DOI:10.1073/pnas.1717295115,DOI:10.3390/tropicalmed4010022,3
DOI:10.1073/pnas.1717295115,DOI:10.3390/tropicalmed4010054,3
DOI:10.1073/pnas.1717295115,"MCEWEN SA, 2018, MICROBIOL SPECTR, V6, DOI [10.1128/MICROBIOLSPEC.ARBA-0009-2017, 10.1128/9781555819804.CH24]",3
DOI:10.1073/pnas.1717295115,"TACCONELLI E, 2018, LANCET INFECT DIS, V18, P318, DOI [10.1016/S1473-3099(17)30753-3, 10.1016/S1473-3099(17)30753-3]",6
DOI:10.1073/pnas.1717295115,DOI:10.1016/s1473-3099(15)00424-7,3
DOI:10.1073/pnas.1717295115,DOI:10.1128/cmr.00002-11,3
DOI:10.1073/pnas.1717295115,DOI:10.14202/vetworld.2022.743-749,3
DOI:10.1073/pnas.1717295115,DOI:10.3389/bjbs.2023.11387,4
DOI:10.1073/pnas.1717295115,DOI:10.3389/fcimb.2021.771510,3
DOI:10.1073/pnas.1717295115,DOI:10.3390/pathogens12091074,3
DOI:10.1073/pnas.1717295115,DOI:10.4060/cb5545-n],4
DOI:10.1073/pnas.1717295115,DOI:10.1016/s1473-3099(16)00100-6,3
DOI:10.1073/pnas.1717295115,DOI:10.1093/trstmh/trw048,3
DOI:10.1073/pnas.1717295115,"[ANONYMOUS], 2015, GLOBAL ACTION PLAN ON ANTIMICROBIAL RESISTANCE",4
DOI:10.1073/pnas.1717295115,DOI:10.1016/s1473-3099(14)70780-7,4
DOI:10.1073/pnas.1717295115,DOI:10.3390/molecules23040795,3
DOI:10.1073/pnas.1717295115,DOI:10.1016/j.eururo.2022.08.023,5
DOI:10.1073/pnas.1717295115,DOI:10.1016/s0140-6736(15)00473-0,3
DOI:10.1073/pnas.1717295115,"O'NEILL J., 2016, REVIEW ON ANTIMICROBIAL RESISTANCE: TACKLING DRUG-RESISTANT INFECTIONS GLOBALLY: FINAL REPORT AND RECOMMENDATIONS",4
DOI:10.1073/pnas.2204993119,DOI:10.1093/jac/dkx217,3
DOI:10.1073/pnas.2204993119,DOI:10.1099/mgen.0.000131,3
DOI:10.1073/pnas.2204993119,DOI:10.1099/mgen.0.001000,3
DOI:10.1073/pnas.2204993119,DOI:10.1128/cmr.00088-17,3
DOI:10.1073/pnas.2204993119,DOI:10.1128/cmr.00179-21,3
DOI:10.1073/pnas.2204993119,DOI:10.1186/s12859-018-2336-6,3
DOI:10.1073/pnas.2204993119,DOI:10.1186/s13073-022-01150-7,3
DOI:10.1073/pnas.2204993119,DOI:10.3389/fmicb.2012.00110,3
DOI:10.1073/pnas.2204993119,"MCEWEN SA, 2018, MICROBIOL SPECTR, V6, DOI [10.1128/MICROBIOLSPEC.ARBA-0009-2017, 10.1128/9781555819804.CH24]",3
DOI:10.1080/19490976.2022.2055944,DOI:10.1086/533452,3
DOI:10.1080/19490976.2022.2055944,DOI:10.1128/cmr.00088-17,3
DOI:10.1080/19490976.2022.2055944,DOI:10.1186/s12859-018-2336-6,3
DOI:10.1080/19490976.2022.2055944,DOI:10.3389/fmicb.2016.00173,3
DOI:10.1080/19490976.2022.2055944,"PENDLETON JN, 2013, EXPERT REV ANTI-INFE, V11, P297, DOI [10.1586/ERI.13.12, 10.1586/ERI.13.12]",3
DOI:10.1080/19490976.2022.2055944,"TACCONELLI E, 2018, LANCET INFECT DIS, V18, P318, DOI [10.1016/S1473-3099(17)30753-3, 10.1016/S1473-3099(17)30753-3]",3
DOI:10.1086/533452,DOI:10.1086/595011,3
DOI:10.1086/533452,DOI:10.1128/cmr.00088-17,3
DOI:10.1086/533452,DOI:10.3389/fmicb.2016.00173,3
DOI:10.1086/533452,"MCEWEN SA, 2018, MICROBIOL SPECTR, V6, DOI [10.1128/MICROBIOLSPEC.ARBA-0009-2017, 10.1128/9781555819804.CH24]",3
DOI:10.1086/533452,"PENDLETON JN, 2013, EXPERT REV ANTI-INFE, V11, P297, DOI [10.1586/ERI.13.12, 10.1586/ERI.13.12]",3
DOI:10.1086/533452,"TACCONELLI E, 2018, LANCET INFECT DIS, V18, P318, DOI [10.1016/S1473-3099(17)30753-3, 10.1016/S1473-3099(17)30753-3]",4
DOI:10.1086/533452,DOI:10.1016/s1473-3099(13)70318-9,3
DOI:10.1086/533452,DOI:10.1128/cmr.00181-19,3
DOI:10.1086/595011,DOI:10.1128/cmr.00179-21,3
DOI:10.1086/595011,DOI:10.1186/s12859-018-2336-6,6
DOI:10.1086/595011,DOI:10.3389/fmicb.2016.00173,3
DOI:10.1086/595011,DOI:10.3389/fpubh.2019.00242,3
DOI:10.1086/595011,"MCEWEN SA, 2018, MICROBIOL SPECTR, V6, DOI [10.1128/MICROBIOLSPEC.ARBA-0009-2017, 10.1128/9781555819804.CH24]",4
DOI:10.1086/595011,"COOMBS GW, 2014, COMMUN DIS INTELL, V38, PE309, DOI [10.33321/CDI.2014.38.51, 10.33321/CDI.2014.38.51]",3
DOI:10.1086/595011,"COOMBS GW, 2016, COMMUN DIS INTELL, V40, PE244, DOI [10.33321/CDI.2016.40.20, 10.33321/CDI.2016.40.20]",3
DOI:10.1086/595011,"COOMBS GW, 2020, COMMUN DIS INTELL, V44, DOI [10.33321/CDI.2020.44.19, 10.33321/CDI.2020.44.71]",4
DOI:10.1086/595011,DOI:10.1007/s10096-010-0995-y,3
DOI:10.1086/595011,DOI:10.1016/j.ajic.2012.12.018,3
DOI:10.1086/595011,DOI:10.1016/s1473-3099(10)70285-1,3
DOI:10.1086/595011,DOI:10.1086/605921,3
DOI:10.1086/595011,DOI:10.1093/jac/dki266,3
DOI:10.1086/595011,DOI:10.1093/jac/dkr561,3
DOI:10.1086/595011,DOI:10.1111/1469-0691.12144,3
DOI:10.1086/595011,DOI:10.1128/aac.00579-09,3
DOI:10.1086/595011,DOI:10.1128/cmr.05022-11,3
DOI:10.1086/595011,DOI:10.1128/jcm.02452-13,3
DOI:10.1086/595011,DOI:10.1128/jcm.02981-13,3
DOI:10.1086/595011,DOI:10.1136/bmjopen-2011-000797,3
DOI:10.1086/595011,DOI:10.1371/journal.pmed.1001104,3
DOI:10.1086/595011,DOI:10.3201/eid1104.040772,3
DOI:10.1086/595011,DOI:10.33321/cdi.2019.43.43,3
DOI:10.1086/595011,DOI:10.33321/cdi.2020.44.18,3
DOI:10.1086/595011,DOI:10.5694/j.1326-5377.2008.tb01820.x,3
DOI:10.1086/595011,DOI:10.5694/j.1326-5377.2009.tb02841.x,3
DOI:10.1086/595011,"NIMMO GRAEME R, 2003, COMMUN DIS INTELL Q REP, V27 SUPPL, PS47, DOI [10.33321/CDI.2003.27.21, 10.33321/CDI.2003.27.21]",3
DOI:10.1086/595011,"O'BRIEN FG, 1999, J CLIN MICROBIOL, V37, P2858",3
DOI:10.1086/595011,"SEEMANN T, NULLARBOR",3
DOI:10.1086/595011,"ECDC, 2023, SURVEILLANCE ATLAS OF INFECTIOUS DISEASES",4
DOI:10.1086/655995,"TACCONELLI E, 2018, LANCET INFECT DIS, V18, P318, DOI [10.1016/S1473-3099(17)30753-3, 10.1016/S1473-3099(17)30753-3]",3
DOI:10.1093/bioinformatics/btaa095,DOI:10.1099/mgen.0.000131,3
DOI:10.1093/bioinformatics/btaa095,DOI:10.1099/mgen.0.000832,3
DOI:10.1093/bioinformatics/btaa095,DOI:10.3389/fmicb.2022.804627,3
DOI:10.1093/bioinformatics/btaa095,DOI:10.3390/antibiotics11030339,3
DOI:10.1093/cid/ciaa972,DOI:10.1093/jac/dks261,3
DOI:10.1093/cid/ciaa972,DOI:10.1099/mgen.0.000725,3
DOI:10.1093/cid/ciaa972,DOI:10.1128/aac.00419-13,3
DOI:10.1093/cid/ciaa972,DOI:10.3390/tropicalmed4010022,3
DOI:10.1093/jac/dks261,DOI:10.1093/jac/dkx217,4
DOI:10.1093/jac/dks261,DOI:10.1099/mgen.0.000131,6
DOI:10.1093/jac/dks261,DOI:10.1099/mgen.0.000725,3
DOI:10.1093/jac/dks261,DOI:10.1126/science.aar3777,4
DOI:10.1093/jac/dks261,DOI:10.1128/aac.00419-13,8
DOI:10.1093/jac/dks261,DOI:10.1128/cmr.00088-17,3
DOI:10.1093/jac/dks261,DOI:10.3389/fmicb.2012.00110,3
DOI:10.1093/jac/dks261,DOI:10.3389/fpubh.2019.00242,4
DOI:10.1093/jac/dks261,DOI:10.3390/antibiotics11030339,3
DOI:10.1093/jac/dks261,DOI:10.3390/antibiotics9120918,3
DOI:10.1093/jac/dks261,DOI:10.3390/microorganisms10020292,4
DOI:10.1093/jac/dks261,"MCEWEN SA, 2018, MICROBIOL SPECTR, V6, DOI [10.1128/MICROBIOLSPEC.ARBA-0009-2017, 10.1128/9781555819804.CH24]",3
DOI:10.1093/jac/dks261,DOI:10.1016/s1473-3099(15)00424-7,4
DOI:10.1093/jac/dks261,DOI:10.1089/cmb.2012.0021,6
DOI:10.1093/jac/dks261,DOI:10.1128/aac.01310-13,4
DOI:10.1093/jac/dks261,DOI:10.1128/aac.02412-14,9
DOI:10.1093/jac/dks261,DOI:10.1016/j.tig.2014.07.003,4
DOI:10.1093/jac/dks261,DOI:10.1093/nar/gkz935,3
DOI:10.1093/jac/dks261,DOI:10.1128/aac.00483-19,4
DOI:10.1093/jac/dks261,DOI:10.1093/jac/dks496,4
DOI:10.1093/jac/dks261,DOI:10.1101/gr.074492.107,3
DOI:10.1093/jac/dks261,DOI:10.1016/j.cmi.2016.11.012,4
DOI:10.1093/jac/dks261,DOI:10.1093/jac/dkaa345,3
DOI:10.1093/jac/dks261,DOI:10.4060/cb5545-n],3
DOI:10.1093/jac/dks261,DOI:10.1101/gr.251678.119,3
DOI:10.1093/jac/dkx217,DOI:10.1099/mgen.0.000131,4
DOI:10.1093/jac/dkx217,DOI:10.1099/mgen.0.001000,3
DOI:10.1093/jac/dkx217,DOI:10.1126/science.aar3777,3
DOI:10.1093/jac/dkx217,DOI:10.1128/cmr.00088-17,3
DOI:10.1093/jac/dkx217,DOI:10.1128/cmr.00179-21,3
DOI:10.1093/jac/dkx217,DOI:10.1186/s12859-018-2336-6,4
DOI:10.1093/jac/dkx217,DOI:10.1186/s13073-022-01150-7,3
DOI:10.1093/jac/dkx217,DOI:10.3389/fmicb.2012.00110,3
DOI:10.1093/jac/dkx217,DOI:10.3389/fmicb.2013.00086,3
DOI:10.1093/jac/dkx217,DOI:10.3389/fpubh.2019.00242,3
DOI:10.1093/jac/dkx217,DOI:10.3390/antibiotics11030339,3
DOI:10.1093/jac/dkx217,DOI:10.3390/microorganisms10020292,4
DOI:10.1093/jac/dkx217,"MCEWEN SA, 2018, MICROBIOL SPECTR, V6, DOI [10.1128/MICROBIOLSPEC.ARBA-0009-2017, 10.1128/9781555819804.CH24]",4
DOI:10.1093/jac/dkx217,DOI:10.1093/bioinformatics/btu153,4
DOI:10.1093/jac/dkx217,DOI:10.1371/journal.pcbi.1005595,4
DOI:10.1093/jac/dkx217,DOI:10.1093/jac/dkaa345,5
DOI:10.1093/jac/dkx217,DOI:10.1093/molbev/msaa015,3
DOI:10.1093/jac/dkx217,DOI:10.1093/nar/gkab301,3
DOI:10.1093/jac/dkx217,DOI:10.1099/mgen.0.000206,3
DOI:10.1093/jac/dkx217,DOI:10.1128/aac.02412-14,3
DOI:10.1093/jac/dkx217,DOI:10.1186/1471-2105-10-421,4
DOI:10.1093/jac/dkx217,"PRJIBELSKI ANDREY, 2020, CURR PROTOC BIOINFORMATICS, V70, PE102, DOI [10.1002/CPBI.102, 10.1002/CPBI.102]",3
DOI:10.1093/molbev/msw163,DOI:10.1128/aac.00419-13,3
DOI:10.1093/molbev/msw163,DOI:10.1128/cmr.00088-17,3
DOI:10.1093/molbev/msw163,DOI:10.3390/tropicalmed4010022,3
DOI:10.1093/molbev/msw163,"MCEWEN SA, 2018, MICROBIOL SPECTR, V6, DOI [10.1128/MICROBIOLSPEC.ARBA-0009-2017, 10.1128/9781555819804.CH24]",3
DOI:10.1099/mgen.0.000131,DOI:10.1099/mgen.0.000832,3
DOI:10.1099/mgen.0.000131,DOI:10.1099/mgen.0.001000,3
DOI:10.1099/mgen.0.000131,DOI:10.1126/science.aar3777,3
DOI:10.1099/mgen.0.000131,DOI:10.1128/aac.00419-13,3
DOI:10.1099/mgen.0.000131,DOI:10.1128/cmr.00088-17,3
DOI:10.1099/mgen.0.000131,DOI:10.1128/cmr.00179-21,3
DOI:10.1099/mgen.0.000131,DOI:10.1186/s12859-018-2336-6,3
DOI:10.1099/mgen.0.000131,DOI:10.1186/s13073-022-01150-7,3
DOI:10.1099/mgen.0.000131,DOI:10.3389/fmicb.2012.00110,3
DOI:10.1099/mgen.0.000131,DOI:10.3389/fmicb.2022.804627,3
DOI:10.1099/mgen.0.000131,DOI:10.3389/fpubh.2019.00242,3
DOI:10.1099/mgen.0.000131,DOI:10.3390/antibiotics11030339,4
DOI:10.1099/mgen.0.000131,DOI:10.3390/microorganisms10020292,3
DOI:10.1099/mgen.0.000131,"MCEWEN SA, 2018, MICROBIOL SPECTR, V6, DOI [10.1128/MICROBIOLSPEC.ARBA-0009-2017, 10.1128/9781555819804.CH24]",3
DOI:10.1099/mgen.0.000131,DOI:10.1038/s41598-021-91456-0,3
DOI:10.1099/mgen.0.000131,DOI:10.1093/jac/dkaa345,6
DOI:10.1099/mgen.0.000131,DOI:10.1093/nar/gkac920,3
DOI:10.1099/mgen.0.000131,DOI:10.1111/j.1469-0691.2011.03570.x,5
DOI:10.1099/mgen.0.000131,DOI:10.1038/ng.3281,3
DOI:10.1099/mgen.0.000131,DOI:10.1038/s41467-021-24448-3,3
DOI:10.1099/mgen.0.000131,DOI:10.1093/bioinformatics/btu153,4
DOI:10.1099/mgen.0.000131,DOI:10.1093/bioinformatics/btv421,4
DOI:10.1099/mgen.0.000131,DOI:10.1093/jac/dkw093,3
DOI:10.1099/mgen.0.000131,DOI:10.1093/jac/dkx379,3
DOI:10.1099/mgen.0.000131,DOI:10.1093/nar/gku1196,3
DOI:10.1099/mgen.0.000131,DOI:10.1099/mgen.0.000206,3
DOI:10.1099/mgen.0.000131,DOI:10.1128/aac.02412-14,4
DOI:10.1099/mgen.0.000131,DOI:10.1371/journal.pcbi.1005595,3
DOI:10.1099/mgen.0.000131,DOI:10.1093/nar/gkz935,4
DOI:10.1099/mgen.0.000131,DOI:10.1128/aac.00971-12,3
DOI:10.1099/mgen.0.000131,"NATIONAL CENTER FOR BIOTECHNOLOGY INFORMATION (NCBI), 2020, AMRFINDERPLUS",3
DOI:10.1099/mgen.0.000131,"SEEMANN T, 2020, NULLARBOR",3
DOI:10.1099/mgen.0.000131,DOI:10.1128/aac.00483-19,3
DOI:10.1099/mgen.0.000131,DOI:10.1128/aac.00573-20,3
DOI:10.1099/mgen.0.000725,DOI:10.1128/aac.00419-13,3
DOI:10.1099/mgen.0.000725,DOI:10.3389/fpubh.2019.00242,3
DOI:10.1099/mgen.0.000725,DOI:10.1093/jac/dkaa345,3
DOI:10.1099/mgen.0.000832,DOI:10.3389/fmicb.2022.804627,3
DOI:10.1099/mgen.0.000832,DOI:10.3390/antibiotics11030339,3
DOI:10.1099/mgen.0.001000,DOI:10.1128/cmr.00088-17,3
DOI:10.1099/mgen.0.001000,DOI:10.1128/cmr.00179-21,3
DOI:10.1099/mgen.0.001000,DOI:10.1186/s12859-018-2336-6,3
DOI:10.1099/mgen.0.001000,DOI:10.1186/s13073-022-01150-7,3
DOI:10.1099/mgen.0.001000,DOI:10.3389/fmicb.2012.00110,3
DOI:10.1099/mgen.0.001000,"MCEWEN SA, 2018, MICROBIOL SPECTR, V6, DOI [10.1128/MICROBIOLSPEC.ARBA-0009-2017, 10.1128/9781555819804.CH24]",3
DOI:10.1111/nyas.13213,DOI:10.1128/cmr.00088-17,3
DOI:10.1111/nyas.13213,DOI:10.1128/msphere.00238-22,3
DOI:10.1111/nyas.13213,DOI:10.3389/fmicb.2013.00086,3
DOI:10.1111/nyas.13213,DOI:10.3389/fmicb.2019.03050,3
DOI:10.1111/nyas.13213,DOI:10.3390/antibiotics9120918,3
DOI:10.1111/nyas.13213,DOI:10.3390/ijerph19084758,3
DOI:10.1111/nyas.13213,"MCEWEN SA, 2018, MICROBIOL SPECTR, V6, DOI [10.1128/MICROBIOLSPEC.ARBA-0009-2017, 10.1128/9781555819804.CH24]",3
DOI:10.1126/science.aar3777,DOI:10.1128/aac.00419-13,3
DOI:10.1126/science.aar3777,DOI:10.1128/cmr.00088-17,4
DOI:10.1126/science.aar3777,DOI:10.1128/cmr.00179-21,3
DOI:10.1126/science.aar3777,DOI:10.1186/s12199-021-01023-2,3
DOI:10.1126/science.aar3777,DOI:10.3389/fmicb.2022.965132,3
DOI:10.1126/science.aar3777,DOI:10.3389/fpubh.2019.00242,5
DOI:10.1126/science.aar3777,DOI:10.3390/antibiotics11030339,3
DOI:10.1126/science.aar3777,DOI:10.3390/microorganisms10020292,3
DOI:10.1126/science.aar3777,DOI:10.3390/tropicalmed4010022,3
DOI:10.1126/science.aar3777,DOI:10.7554/elife.85302,3
DOI:10.1126/science.aar3777,"MCEWEN SA, 2018, MICROBIOL SPECTR, V6, DOI [10.1128/MICROBIOLSPEC.ARBA-0009-2017, 10.1128/9781555819804.CH24]",5
DOI:10.1126/science.aar3777,"TACCONELLI E, 2018, LANCET INFECT DIS, V18, P318, DOI [10.1016/S1473-3099(17)30753-3, 10.1016/S1473-3099(17)30753-3]",5
DOI:10.1126/science.aar3777,DOI:10.1136/bmjgh-2019-002244,3
DOI:10.1126/science.aar3777,DOI:10.4060/cb5545-n],4
DOI:10.1126/science.aar3777,"BANK W., 2017, DRUG RESISTANT INFEC",3
DOI:10.1126/science.aar3777,DOI:10.1186/s13756-021-00931-w,3
DOI:10.1126/science.aar3777,DOI:10.1099/mgen.0.000093,3
DOI:10.1128/aac.00419-13,DOI:10.1128/cmr.00088-17,5
DOI:10.1128/aac.00419-13,DOI:10.3390/antibiotics9120918,3
DOI:10.1128/aac.00419-13,DOI:10.3390/tropicalmed4010022,3
DOI:10.1128/aac.00419-13,"MCEWEN SA, 2018, MICROBIOL SPECTR, V6, DOI [10.1128/MICROBIOLSPEC.ARBA-0009-2017, 10.1128/9781555819804.CH24]",3
DOI:10.1128/aac.00419-13,"TACCONELLI E, 2018, LANCET INFECT DIS, V18, P318, DOI [10.1016/S1473-3099(17)30753-3, 10.1016/S1473-3099(17)30753-3]",3
DOI:10.1128/aac.00419-13,DOI:10.1038/nmeth.3176,3
DOI:10.1128/aac.00419-13,DOI:10.1089/cmb.2012.0021,4
DOI:10.1128/aac.00419-13,DOI:10.1128/aac.02412-14,4
DOI:10.1128/aac.00573-19,DOI:10.3390/tropicalmed4010022,3
DOI:10.1128/aac.00573-19,"MCEWEN SA, 2018, MICROBIOL SPECTR, V6, DOI [10.1128/MICROBIOLSPEC.ARBA-0009-2017, 10.1128/9781555819804.CH24]",3
DOI:10.1128/aac.49.8.3523-3525.2005,DOI:10.3390/tropicalmed4010022,3
DOI:10.1128/cmr.00088-17,DOI:10.1128/cmr.00179-21,3
DOI:10.1128/cmr.00088-17,DOI:10.1128/msphere.00238-22,3
DOI:10.1128/cmr.00088-17,DOI:10.1128/msystems.00158-22,3
DOI:10.1128/cmr.00088-17,DOI:10.1186/s12859-018-2336-6,3
DOI:10.1128/cmr.00088-17,DOI:10.1186/s13073-022-01150-7,3
DOI:10.1128/cmr.00088-17,DOI:10.1186/s40168-023-01479-0,3
DOI:10.1128/cmr.00088-17,DOI:10.2807/1560-7917.es.2020.25.45.1900414,4
DOI:10.1128/cmr.00088-17,DOI:10.3389/fmicb.2012.00110,5
DOI:10.1128/cmr.00088-17,DOI:10.3389/fmicb.2013.00086,4
DOI:10.1128/cmr.00088-17,DOI:10.3389/fmicb.2016.00173,8
DOI:10.1128/cmr.00088-17,DOI:10.3389/fmicb.2019.03050,3
DOI:10.1128/cmr.00088-17,DOI:10.3389/fmicb.2022.965132,3
DOI:10.1128/cmr.00088-17,DOI:10.3390/antibiotics9120918,5
DOI:10.1128/cmr.00088-17,DOI:10.3390/ijerph19084758,3
DOI:10.1128/cmr.00088-17,DOI:10.3390/ijerph20010243,3
DOI:10.1128/cmr.00088-17,DOI:10.3390/tropicalmed4010022,5
DOI:10.1128/cmr.00088-17,DOI:10.7554/elife.85302,4
DOI:10.1128/cmr.00088-17,"MCEWEN SA, 2018, MICROBIOL SPECTR, V6, DOI [10.1128/MICROBIOLSPEC.ARBA-0009-2017, 10.1128/9781555819804.CH24]",10
DOI:10.1128/cmr.00088-17,"PENDLETON JN, 2013, EXPERT REV ANTI-INFE, V11, P297, DOI [10.1586/ERI.13.12, 10.1586/ERI.13.12]",3
DOI:10.1128/cmr.00088-17,"TACCONELLI E, 2018, LANCET INFECT DIS, V18, P318, DOI [10.1016/S1473-3099(17)30753-3, 10.1016/S1473-3099(17)30753-3]",7
DOI:10.1128/cmr.00088-17,DOI:10.1016/j.onehlt.2025.101139,3
DOI:10.1128/cmr.00088-17,DOI:10.1038/s41467-021-25096-3,3
DOI:10.1128/cmr.00088-17,DOI:10.1038/s41576-023-00649-y,6
DOI:10.1128/cmr.00088-17,DOI:10.1093/jac/dkx488,4
DOI:10.1128/cmr.00088-17,DOI:10.1016/j.mib.2011.04.009,6
DOI:10.1128/cmr.00088-17,DOI:10.1016/j.mib.2021.09.011,4
DOI:10.1128/cmr.00088-17,DOI:10.1016/j.mib.2021.09.013,3
DOI:10.1128/cmr.00088-17,DOI:10.1016/j.scitotenv.2013.01.032,4
DOI:10.1128/cmr.00088-17,DOI:10.1016/s0065-2113(05)87001-4,3
DOI:10.1128/cmr.00088-17,DOI:10.1016/s1473-3099(12)70317-1,6
DOI:10.1128/cmr.00088-17,DOI:10.1016/s2542-5196(23)00278-4,4
DOI:10.1128/cmr.00088-17,DOI:10.1021/es901221x,4
DOI:10.1128/cmr.00088-17,DOI:10.1038/nrmicro1614,5
DOI:10.1128/cmr.00088-17,DOI:10.1038/nrmicro2312,6
DOI:10.1128/cmr.00088-17,DOI:10.1038/nrmicro3439,12
DOI:10.1128/cmr.00088-17,DOI:10.1038/s41396-020-00832-7,4
DOI:10.1128/cmr.00088-17,DOI:10.1093/femsre/fux053,4
DOI:10.1128/cmr.00088-17,DOI:10.1093/trstmh/trw048,5
DOI:10.1128/cmr.00088-17,DOI:10.1098/rstb.2014.0083,8
DOI:10.1128/cmr.00088-17,DOI:10.1128/aem.00600-14,3
DOI:10.1128/cmr.00088-17,DOI:10.1128/cmr.00002-11,3
DOI:10.1128/cmr.00088-17,DOI:10.1128/mmbr.00016-10,4
DOI:10.1128/cmr.00088-17,DOI:10.1186/s13756-022-01130-x,3
DOI:10.1128/cmr.00088-17,DOI:10.1186/s40168-022-01405-w,4
DOI:10.1128/cmr.00088-17,DOI:10.3389/fmicb.2011.00158,5
DOI:10.1128/cmr.00088-17,DOI:10.3390/healthcare11131946,3
DOI:10.1128/cmr.00088-17,DOI:10.3390/molecules23040795,8
DOI:10.1128/cmr.00088-17,DOI:10.4060/cb5545-n],5
DOI:10.1128/cmr.00088-17,"O'NEILL J., 2016, REVIEW ON ANTIMICROBIAL RESISTANCE: TACKLING DRUG-RESISTANT INFECTIONS GLOBALLY: FINAL REPORT AND RECOMMENDATIONS",7
DOI:10.1128/cmr.00088-17,DOI:10.1016/j.femsle.2005.02.034,3
DOI:10.1128/cmr.00088-17,DOI:10.1089/cmb.2012.0021,3
DOI:10.1128/cmr.00088-17,DOI:10.1093/bioinformatics/btu153,4
DOI:10.1128/cmr.00088-17,DOI:10.1128/aac.02412-14,6
DOI:10.1128/cmr.00088-17,"CHE Y, 2021, P NATL ACAD SCI USA, V118, DOI [10.1073/PNAS.2008731118, 10.1073/PNAS.2104557118]",3
DOI:10.1128/cmr.00088-17,DOI:10.1016/j.scitotenv.2020.140997,3
DOI:10.1128/cmr.00088-17,DOI:10.1016/j.tim.2020.05.011,3
DOI:10.1128/cmr.00088-17,DOI:10.1016/s0140-6736(15)00473-0,7
DOI:10.1128/cmr.00088-17,DOI:10.1038/nature13377,3
DOI:10.1128/cmr.00088-17,DOI:10.1038/nrmicro2319,3
DOI:10.1128/cmr.00088-17,DOI:10.1038/s41467-018-02828-6,3
DOI:10.1128/cmr.00088-17,DOI:10.1038/s41564-019-0503-9,4
DOI:10.1128/cmr.00088-17,DOI:10.1093/femsmc/xtad008,3
DOI:10.1128/cmr.00088-17,DOI:10.1126/sciadv.aau9124,5
DOI:10.1128/cmr.00088-17,DOI:10.14202/vetworld.2022.743-749,5
DOI:10.1128/cmr.00088-17,DOI:10.3390/antibiotics4040567,3
DOI:10.1128/cmr.00088-17,"LIU Y, 2020, LANCET INFECT DIS, V20, P656, DOI [10.1016/S1473-3099(15)00424-7, 10.1016/S1473-3099(20)30232-2, 10.1007/978-981-15-7749-9_1]",8
DOI:10.1128/cmr.00088-17,DOI:10.1016/j.eururo.2022.08.023,8
DOI:10.1128/cmr.00088-17,DOI:10.1016/j.glmedi.2024.100081,3
DOI:10.1128/cmr.00088-17,DOI:10.1016/j.ijmm.2013.02.001,5
DOI:10.1128/cmr.00088-17,DOI:10.1016/s1473-3099(15)00424-7,4
DOI:10.1128/cmr.00088-17,DOI:10.1128/cmr.00050-19,4
DOI:10.1128/cmr.00088-17,DOI:10.1128/cmr.00148-22,3
DOI:10.1128/cmr.00088-17,DOI:10.1128/mmbr.00056-13,3
DOI:10.1128/cmr.00088-17,DOI:10.3389/bjbs.2023.11387,5
DOI:10.1128/cmr.00088-17,DOI:10.1016/s2542-5196(18)30186-4,4
DOI:10.1128/cmr.00088-17,DOI:10.1038/nrmicro3270,3
DOI:10.1128/cmr.00088-17,DOI:10.1038/s41396-019-0483-z,3
DOI:10.1128/cmr.00088-17,DOI:10.1038/s41467-017-01532-1,3
DOI:10.1128/cmr.00088-17,DOI:10.1038/s41467-020-17278-2,4
DOI:10.1128/cmr.00088-17,DOI:10.1038/s41545-020-0051-0,3
DOI:10.1128/cmr.00088-17,DOI:10.1038/s41579-020-00497-1,3
DOI:10.1128/cmr.00088-17,DOI:10.1093/jac/dkab450,3
DOI:10.1128/cmr.00088-17,DOI:10.1093/jac/dkx146,3
DOI:10.1128/cmr.00088-17,DOI:10.1128/aac.00464-16,3
DOI:10.1128/cmr.00088-17,DOI:10.1128/cmr.00116-14,5
DOI:10.1128/cmr.00088-17,DOI:10.1128/mmbr.00020-10,3
DOI:10.1128/cmr.00088-17,DOI:10.1186/s40168-019-0663-0,3
DOI:10.1128/cmr.00088-17,DOI:10.3390/tropicalmed4020088,3
DOI:10.1128/cmr.00088-17,DOI:10.1016/s2542-5196(21)00280-1,3
DOI:10.1128/cmr.00088-17,DOI:10.1038/nature02241,3
DOI:10.1128/cmr.00088-17,DOI:10.1038/nrmicro1235,3
DOI:10.1128/cmr.00088-17,DOI:10.1371/journal.pbio.3001225,3
DOI:10.1128/cmr.00088-17,DOI:10.3389/fmicb.2021.717809,3
DOI:10.1128/cmr.00088-17,"MURRAY LM, 2024, NPJ ANTIMICROB RESIS, V2, DOI [10.1038/S44259-024-00026-7, 10.1038/S44259-024-00026-7]",4
DOI:10.1128/cmr.00088-17,DOI:10.1186/s12864-015-2153-5,3
DOI:10.1128/cmr.00088-17,DOI:10.1186/s12889-024-19158-6,3
DOI:10.1128/cmr.00088-17,DOI:10.3389/fmicb.2015.00034,4
DOI:10.1128/cmr.00088-17,DOI:10.1038/nrg3226,3
DOI:10.1128/cmr.00088-17,DOI:10.1186/s13756-021-00931-w,3
DOI:10.1128/cmr.00088-17,DOI:10.1371/journal.pgph.0001305,3
DOI:10.1128/cmr.00088-17,DOI:10.3389/frwa.2024.1359109,3
DOI:10.1128/cmr.00088-17,DOI:10.3390/antibiotics12020328,4
DOI:10.1128/cmr.00088-17,DOI:10.3390/pathogens12091074,3
DOI:10.1128/cmr.00088-17,DOI:10.3390/vetsci7030110,3
DOI:10.1128/cmr.00088-17,DOI:10.1016/j.watres.2019.06.039,3
DOI:10.1128/cmr.00088-17,"SAMREEN, 2021, J GLOB ANTIMICROB RE, V27, P101, DOI [10.1016/J.JGAR.2021.08.001, 10.1097/JS9.0000000000001165]",4
DOI:10.1128/cmr.00088-17,DOI:10.1038/s41564-019-0445-2,4
DOI:10.1128/cmr.00088-17,"JACOBY GA, 2014, MICROBIOL SPECTR, V2, DOI [10.1128/MICROBIOLSPEC.PLAS-0006.2013, 10.1128/MICROBIOLSPEC.PLAS-0006-2013]",4
DOI:10.1128/cmr.00088-17,"KIRK MD, 2015, PLOS MED, V12, DOI [10.1371/JOURNAL.PMED.1001921, 10.1371/JOURNAL.PMED.1001940]",3
DOI:10.1128/cmr.00088-17,DOI:10.1093/nar/gkac920,4
DOI:10.1128/cmr.00088-17,DOI:10.1099/mgen.0.000748,3
DOI:10.1128/cmr.00088-17,"WORLD HEALTH ORGANIZATION, 2015, GLOBAL ACTION PLAN A",5
DOI:10.1128/cmr.00088-17,DOI:10.3201/eid1710.110655,4
DOI:10.1128/cmr.00088-17,"WORLD HEALTH ORGANIZATION, 2024, WHO BACTERIAL PRIORI",3
DOI:10.1128/cmr.00088-17,DOI:10.1101/cshperspect.a025387,3
DOI:10.1128/cmr.00088-17,DOI:10.1038/s41576-019-0108-4,3
DOI:10.1128/cmr.00088-17,DOI:10.1099/mgen.0.000365,3
DOI:10.1128/cmr.00088-17,DOI:10.1111/1462-2920.12351,3
DOI:10.1128/cmr.00088-17,DOI:10.1128/cmr.00064-16,3
DOI:10.1128/cmr.00088-17,DOI:10.1186/s13756-021-00930-x,3
DOI:10.1128/cmr.00088-17,"GEIGER A, 2012, PROC CVPR IEEE, P3354, DOI [10.1093/BIOINFORMATICS/BTT086, 10.1109/CVPR.2012.6248074]",3
DOI:10.1128/cmr.00088-17,DOI:10.1038/s41598-023-35402-2,3
DOI:10.1128/cmr.00088-17,DOI:10.1126/science.aaw1944,3
DOI:10.1128/cmr.00179-21,DOI:10.1186/s12859-018-2336-6,4
DOI:10.1128/cmr.00179-21,DOI:10.1186/s13073-022-01150-7,3
DOI:10.1128/cmr.00179-21,DOI:10.3389/fmicb.2012.00110,3
DOI:10.1128/cmr.00179-21,DOI:10.3389/fpubh.2019.00242,3
DOI:10.1128/cmr.00179-21,DOI:10.3390/antibiotics11030339,3
DOI:10.1128/cmr.00179-21,DOI:10.3390/antibiotics9120918,3
DOI:10.1128/cmr.00179-21,DOI:10.3390/microorganisms10020292,3
DOI:10.1128/cmr.00179-21,DOI:10.7883/yoken.jjid.2020.499,3
DOI:10.1128/cmr.00179-21,"MCEWEN SA, 2018, MICROBIOL SPECTR, V6, DOI [10.1128/MICROBIOLSPEC.ARBA-0009-2017, 10.1128/9781555819804.CH24]",5
DOI:10.1128/cmr.00179-21,DOI:10.1371/journal.pone.0297921,3
DOI:10.1128/cmr.00179-21,DOI:10.1016/s2666-5247(23)00283-5,3
DOI:10.1128/cmr.00179-21,DOI:10.1073/pnas.2003407117,3
DOI:10.1128/cmr.00179-21,DOI:10.1099/mgen.0.000206,3
DOI:10.1128/cmr.00179-21,DOI:10.1128/jcm.01260-20,4
DOI:10.1128/cmr.00179-21,"MULOI DM, 2023, LANCET MICROBE, V4, PE1056, DOI [10.1016/S2666-5247(23)00284-7, 10.1016/S2666-5247(23)00284]",3
DOI:10.1128/cmr.00179-21,DOI:10.1038/s41576-023-00649-y,3
DOI:10.1128/cmr.00179-21,DOI:10.3390/antibiotics12030452,4
DOI:10.1128/cmr.00179-21,DOI:10.1038/s41467-020-16322-5,3
DOI:10.1128/cmr.00179-21,DOI:10.1186/s40168-018-0401-z,3
DOI:10.1128/msphere.00238-22,DOI:10.3389/fmicb.2013.00086,3
DOI:10.1128/msphere.00238-22,DOI:10.3389/fmicb.2019.03050,3
DOI:10.1128/msphere.00238-22,DOI:10.3390/antibiotics9120918,3
DOI:10.1128/msphere.00238-22,DOI:10.3390/ijerph19084758,3
DOI:10.1128/msphere.00238-22,"MCEWEN SA, 2018, MICROBIOL SPECTR, V6, DOI [10.1128/MICROBIOLSPEC.ARBA-0009-2017, 10.1128/9781555819804.CH24]",3
DOI:10.1128/msystems.00158-22,DOI:10.3390/ijerph20010243,3
DOI:10.1186/s12199-021-01023-2,DOI:10.3389/fmicb.2022.965132,3
DOI:10.1186/s12199-021-01023-2,DOI:10.3390/antibiotics9080497,3
DOI:10.1186/s12199-021-01023-2,DOI:10.3390/antibiotics9120918,3
DOI:10.1186/s12199-021-01023-2,DOI:10.3390/tropicalmed4010022,3
DOI:10.1186/s12199-021-01023-2,"MCEWEN SA, 2018, MICROBIOL SPECTR, V6, DOI [10.1128/MICROBIOLSPEC.ARBA-0009-2017, 10.1128/9781555819804.CH24]",4
DOI:10.1186/s12199-021-01023-2,"TACCONELLI E, 2018, LANCET INFECT DIS, V18, P318, DOI [10.1016/S1473-3099(17)30753-3, 10.1016/S1473-3099(17)30753-3]",4
DOI:10.1186/s12859-018-2336-6,DOI:10.1186/s13073-022-01150-7,3
DOI:10.1186/s12859-018-2336-6,DOI:10.3389/fmicb.2012.00110,3
DOI:10.1186/s12859-018-2336-6,DOI:10.3389/fmicb.2023.1121564,3
DOI:10.1186/s12859-018-2336-6,DOI:10.3389/fpubh.2019.00242,3
DOI:10.1186/s12859-018-2336-6,"MCEWEN SA, 2018, MICROBIOL SPECTR, V6, DOI [10.1128/MICROBIOLSPEC.ARBA-0009-2017, 10.1128/9781555819804.CH24]",4
DOI:10.1186/s12859-018-2336-6,DOI:10.1038/s41576-023-00649-y,3
DOI:10.1186/s12859-018-2336-6,DOI:10.1093/bioinformatics/btw354,3
DOI:10.1186/s12859-018-2336-6,DOI:10.1093/jac/dkaa345,4
DOI:10.1186/s12859-018-2336-6,DOI:10.1128/aac.02412-14,4
DOI:10.1186/s12859-018-2336-6,"LI H, 2009, BIOINFORMATICS, V25, P2078, DOI [10.1016/J.CHEMOSPHERE.2024.143287, 10.1093/BIOINFORMATICS/BTP352]",3
DOI:10.1186/s12859-018-2336-6,"COOMBS GW, 2014, COMMUN DIS INTELL, V38, PE309, DOI [10.33321/CDI.2014.38.51, 10.33321/CDI.2014.38.51]",3
DOI:10.1186/s12859-018-2336-6,"COOMBS GW, 2016, COMMUN DIS INTELL, V40, PE244, DOI [10.33321/CDI.2016.40.20, 10.33321/CDI.2016.40.20]",3
DOI:10.1186/s12859-018-2336-6,"COOMBS GW, 2020, COMMUN DIS INTELL, V44, DOI [10.33321/CDI.2020.44.19, 10.33321/CDI.2020.44.71]",3
DOI:10.1186/s12859-018-2336-6,DOI:10.1007/s10096-010-0995-y,3
DOI:10.1186/s12859-018-2336-6,DOI:10.1016/j.ajic.2012.12.018,3
DOI:10.1186/s12859-018-2336-6,DOI:10.1016/s1473-3099(10)70285-1,3
DOI:10.1186/s12859-018-2336-6,DOI:10.1086/605921,3
DOI:10.1186/s12859-018-2336-6,DOI:10.1093/jac/dki266,3
DOI:10.1186/s12859-018-2336-6,DOI:10.1093/jac/dkr561,3
DOI:10.1186/s12859-018-2336-6,DOI:10.1111/1469-0691.12144,3
DOI:10.1186/s12859-018-2336-6,DOI:10.1128/aac.00579-09,3
DOI:10.1186/s12859-018-2336-6,DOI:10.1128/cmr.05022-11,3
DOI:10.1186/s12859-018-2336-6,DOI:10.1128/jcm.02452-13,4
DOI:10.1186/s12859-018-2336-6,DOI:10.1128/jcm.02981-13,4
DOI:10.1186/s12859-018-2336-6,DOI:10.1136/bmjopen-2011-000797,3
DOI:10.1186/s12859-018-2336-6,DOI:10.1371/journal.pmed.1001104,3
DOI:10.1186/s12859-018-2336-6,DOI:10.3201/eid1104.040772,3
DOI:10.1186/s12859-018-2336-6,DOI:10.33321/cdi.2019.43.43,3
DOI:10.1186/s12859-018-2336-6,DOI:10.33321/cdi.2020.44.18,3
DOI:10.1186/s12859-018-2336-6,DOI:10.5694/j.1326-5377.2008.tb01820.x,3
DOI:10.1186/s12859-018-2336-6,DOI:10.5694/j.1326-5377.2009.tb02841.x,3
DOI:10.1186/s12859-018-2336-6,"NIMMO GRAEME R, 2003, COMMUN DIS INTELL Q REP, V27 SUPPL, PS47, DOI [10.33321/CDI.2003.27.21, 10.33321/CDI.2003.27.21]",3
DOI:10.1186/s12859-018-2336-6,"O'BRIEN FG, 1999, J CLIN MICROBIOL, V37, P2858",3
DOI:10.1186/s12859-018-2336-6,"SEEMANN T, NULLARBOR",3
DOI:10.1186/s13073-022-01150-7,DOI:10.3389/fmicb.2012.00110,3
DOI:10.1186/s13073-022-01150-7,"MCEWEN SA, 2018, MICROBIOL SPECTR, V6, DOI [10.1128/MICROBIOLSPEC.ARBA-0009-2017, 10.1128/9781555819804.CH24]",3
DOI:10.1186/s13756-021-01040-4,DOI:10.1016/s1473-3099(19)30415-3,3
DOI:10.1186/s40168-023-01479-0,"MCEWEN SA, 2018, MICROBIOL SPECTR, V6, DOI [10.1128/MICROBIOLSPEC.ARBA-0009-2017, 10.1128/9781555819804.CH24]",4
DOI:10.1371/journal.pone.0116746,DOI:10.3390/tropicalmed4010022,3
DOI:10.2807/1560-7917.es.2020.25.45.1900414,DOI:10.3389/fmicb.2016.00173,3
DOI:10.2807/1560-7917.es.2020.25.45.1900414,DOI:10.3390/antibiotics9120918,3
DOI:10.3389/fmicb.2012.00110,"MCEWEN SA, 2018, MICROBIOL SPECTR, V6, DOI [10.1128/MICROBIOLSPEC.ARBA-0009-2017, 10.1128/9781555819804.CH24]",3
DOI:10.3389/fmicb.2012.00110,"TACCONELLI E, 2018, LANCET INFECT DIS, V18, P318, DOI [10.1016/S1473-3099(17)30753-3, 10.1016/S1473-3099(17)30753-3]",3
DOI:10.3389/fmicb.2012.00110,DOI:10.1093/jac/dkp498,3
DOI:10.3389/fmicb.2012.00110,DOI:10.1128/aac.02412-14,4
DOI:10.3389/fmicb.2013.00086,DOI:10.3389/fmicb.2019.03050,3
DOI:10.3389/fmicb.2013.00086,DOI:10.3390/antibiotics9120918,3
DOI:10.3389/fmicb.2013.00086,DOI:10.3390/ijerph19084758,3
DOI:10.3389/fmicb.2013.00086,"MCEWEN SA, 2018, MICROBIOL SPECTR, V6, DOI [10.1128/MICROBIOLSPEC.ARBA-0009-2017, 10.1128/9781555819804.CH24]",3
DOI:10.3389/fmicb.2016.00173,DOI:10.3390/antibiotics9120918,3
DOI:10.3389/fmicb.2016.00173,DOI:10.3390/tropicalmed4010022,3
DOI:10.3389/fmicb.2016.00173,"MCEWEN SA, 2018, MICROBIOL SPECTR, V6, DOI [10.1128/MICROBIOLSPEC.ARBA-0009-2017, 10.1128/9781555819804.CH24]",3
DOI:10.3389/fmicb.2016.00173,"PENDLETON JN, 2013, EXPERT REV ANTI-INFE, V11, P297, DOI [10.1586/ERI.13.12, 10.1586/ERI.13.12]",3
DOI:10.3389/fmicb.2016.00173,"TACCONELLI E, 2018, LANCET INFECT DIS, V18, P318, DOI [10.1016/S1473-3099(17)30753-3, 10.1016/S1473-3099(17)30753-3]",4
DOI:10.3389/fmicb.2016.00173,DOI:10.1128/mmbr.00016-10,3
DOI:10.3389/fmicb.2016.00173,DOI:10.3389/fmicb.2015.00034,3
DOI:10.3389/fmicb.2016.00173,DOI:10.1038/nrmicro3380,4
DOI:10.3389/fmicb.2016.00173,DOI:10.1038/nrmicro3439,7
DOI:10.3389/fmicb.2016.00173,DOI:10.1093/femsec/fiaa031,3
DOI:10.3389/fmicb.2016.00173,DOI:10.1093/femsre/fux053,3
DOI:10.3389/fmicb.2016.00173,DOI:10.1093/trstmh/trw048,3
DOI:10.3389/fmicb.2016.00173,DOI:10.1016/j.eururo.2022.08.023,3
DOI:10.3389/fmicb.2016.00173,DOI:10.1016/s0140-6736(15)00473-0,3
DOI:10.3389/fmicb.2016.00173,DOI:10.1179/2047773215y.0000000030,5
DOI:10.3389/fmicb.2016.00173,DOI:10.3389/bjbs.2023.11387,3
DOI:10.3389/fmicb.2016.00173,DOI:10.3389/fmicb.2011.00158,3
DOI:10.3389/fmicb.2016.00173,"O'NEILL J., 2016, REVIEW ON ANTIMICROBIAL RESISTANCE: TACKLING DRUG-RESISTANT INFECTIONS GLOBALLY: FINAL REPORT AND RECOMMENDATIONS",5
DOI:10.3389/fmicb.2016.00173,"[ANONYMOUS], 2014, ANT RES GLOB REP SUR",3
DOI:10.3389/fmicb.2016.00173,DOI:10.1016/j.scitotenv.2013.01.032,3
DOI:10.3389/fmicb.2019.03050,DOI:10.3390/antibiotics9120918,3
DOI:10.3389/fmicb.2019.03050,DOI:10.3390/ijerph19084758,3
DOI:10.3389/fmicb.2019.03050,"MCEWEN SA, 2018, MICROBIOL SPECTR, V6, DOI [10.1128/MICROBIOLSPEC.ARBA-0009-2017, 10.1128/9781555819804.CH24]",3
DOI:10.3389/fmicb.2022.804627,DOI:10.3390/antibiotics11030339,3
DOI:10.3389/fmicb.2022.965132,"MCEWEN SA, 2018, MICROBIOL SPECTR, V6, DOI [10.1128/MICROBIOLSPEC.ARBA-0009-2017, 10.1128/9781555819804.CH24]",3
DOI:10.3389/fmicb.2022.965132,"TACCONELLI E, 2018, LANCET INFECT DIS, V18, P318, DOI [10.1016/S1473-3099(17)30753-3, 10.1016/S1473-3099(17)30753-3]",3
DOI:10.3389/fpubh.2019.00242,DOI:10.3390/antibiotics11030339,3
DOI:10.3389/fpubh.2019.00242,DOI:10.3390/antibiotics9120918,3
DOI:10.3389/fpubh.2019.00242,DOI:10.3390/microorganisms10020292,3
DOI:10.3389/fpubh.2019.00242,DOI:10.3390/tropicalmed4010022,3
DOI:10.3389/fpubh.2019.00242,"MCEWEN SA, 2018, MICROBIOL SPECTR, V6, DOI [10.1128/MICROBIOLSPEC.ARBA-0009-2017, 10.1128/9781555819804.CH24]",5
DOI:10.3389/fpubh.2019.00242,"TACCONELLI E, 2018, LANCET INFECT DIS, V18, P318, DOI [10.1016/S1473-3099(17)30753-3, 10.1016/S1473-3099(17)30753-3]",3
DOI:10.3389/fpubh.2019.00242,DOI:10.1111/nyas.14036,3
DOI:10.3389/fpubh.2019.00242,DOI:10.1126/science.aaw1944,3
DOI:10.3389/fpubh.2019.00242,DOI:10.4060/cb5545-n],7
DOI:10.3389/fpubh.2019.00242,DOI:10.1016/j.cmi.2016.11.012,5
DOI:10.3389/fpubh.2019.00242,DOI:10.1038/s41598-021-91456-0,4
DOI:10.3389/fpubh.2019.00242,DOI:10.1093/nar/gkac920,3
DOI:10.3389/fpubh.2019.00242,DOI:10.1099/mgen.0.000748,3
DOI:10.3389/fpubh.2019.00242,DOI:10.1128/aac.00483-19,3
DOI:10.3389/fpubh.2019.00242,DOI:10.1038/nature17672,3
DOI:10.3389/fpubh.2019.00242,DOI:10.1098/rspb.2018.0332,3
DOI:10.3389/fpubh.2019.00242,DOI:10.1016/j.envint.2019.05.074,3
DOI:10.3389/fpubh.2019.00242,DOI:10.1038/s41598-017-18972-w,3
DOI:10.3389/fpubh.2019.00242,DOI:10.1093/cid/cix417,3
DOI:10.3389/fpubh.2019.00242,DOI:10.1128/aac.01030-16,3
DOI:10.3389/fpubh.2019.00242,DOI:10.1128/jcm.01260-18,5
DOI:10.3389/fpubh.2019.00242,DOI:10.1128/jcm.03117-13,3
DOI:10.3389/fpubh.2019.00242,DOI:10.3389/fmicb.2019.01107,5
DOI:10.3389/fpubh.2019.00242,"O'NEILL J., 2016, REVIEW ON ANTIMICROBIAL RESISTANCE: TACKLING DRUG-RESISTANT INFECTIONS GLOBALLY: FINAL REPORT AND RECOMMENDATIONS",3
DOI:10.3389/fpubh.2019.00242,DOI:10.1016/j.tig.2014.07.003,3
DOI:10.3389/fpubh.2019.00242,DOI:10.1038/s41576-023-00649-y,3
DOI:10.3389/fpubh.2019.00242,DOI:10.1111/nyas.13310,3
DOI:10.3389/fpubh.2019.00242,DOI:10.3389/fmicb.2018.00592,3
DOI:10.3389/fpubh.2019.00242,DOI:10.3390/antibiotics12030523,3
DOI:10.3389/fpubh.2019.00242,"NGUYEN M, 2020, PLOS COMPUT BIOL, V16, DOI [10.1101/2020.04.29.068254, 10.1371/JOURNAL.PCBI.1008319]",3
DOI:10.3389/fpubh.2019.00242,"[ANONYMOUS], 2020, GLASS WHOLE-GENOME SEQUENCING FOR SURVEILLANCE OF ANTIMICROBIAL RESISTANCE",3
DOI:10.3389/fpubh.2019.00242,DOI:10.1093/jac/dkaa345,4
DOI:10.3389/fpubh.2019.00242,DOI:10.2903/j.efsa.2019.5709,3
DOI:10.3389/fpubh.2019.00242,DOI:10.1038/nrg.2017.88,3
DOI:10.3389/fpubh.2019.00242,DOI:10.1038/s41467-020-16322-5,3
DOI:10.3389/fpubh.2019.00242,DOI:10.1093/cid/ciab796,3
DOI:10.3389/fpubh.2019.00242,DOI:10.1136/bmjgh-2019-002244,3
DOI:10.3389/fpubh.2019.00242,DOI:10.1128/aac.01082-24,3
DOI:10.3390/antibiotics11030339,DOI:10.3390/microorganisms10020292,3
DOI:10.3390/antibiotics11030339,DOI:10.1099/mgen.0.000206,3
DOI:10.3390/antibiotics11030339,DOI:10.1093/nar/gkac920,3
DOI:10.3390/antibiotics9080497,"MCEWEN SA, 2018, MICROBIOL SPECTR, V6, DOI [10.1128/MICROBIOLSPEC.ARBA-0009-2017, 10.1128/9781555819804.CH24]",3
DOI:10.3390/antibiotics9080497,"TACCONELLI E, 2018, LANCET INFECT DIS, V18, P318, DOI [10.1016/S1473-3099(17)30753-3, 10.1016/S1473-3099(17)30753-3]",3
DOI:10.3390/antibiotics9120918,DOI:10.3390/ijerph19084758,3
DOI:10.3390/antibiotics9120918,DOI:10.3390/tropicalmed4010022,5
DOI:10.3390/antibiotics9120918,"MCEWEN SA, 2018, MICROBIOL SPECTR, V6, DOI [10.1128/MICROBIOLSPEC.ARBA-0009-2017, 10.1128/9781555819804.CH24]",9
DOI:10.3390/antibiotics9120918,"TACCONELLI E, 2018, LANCET INFECT DIS, V18, P318, DOI [10.1016/S1473-3099(17)30753-3, 10.1016/S1473-3099(17)30753-3]",3
DOI:10.3390/antibiotics9120918,DOI:10.1016/s0140-6736(15)00473-0,6
DOI:10.3390/antibiotics9120918,DOI:10.1038/nrmicro3439,4
DOI:10.3390/antibiotics9120918,DOI:10.1098/rstb.2014.0085,3
DOI:10.3390/antibiotics9120918,DOI:10.1128/mmbr.00016-10,3
DOI:10.3390/antibiotics9120918,DOI:10.4060/cb5545-n],7
DOI:10.3390/antibiotics9120918,DOI:10.1016/j.scitotenv.2013.01.032,3
DOI:10.3390/antibiotics9120918,DOI:10.1016/j.scitotenv.2016.04.140,3
DOI:10.3390/antibiotics9120918,DOI:10.1098/rstb.2014.0083,3
DOI:10.3390/antibiotics9120918,DOI:10.1126/science.aao1495,5
DOI:10.3390/antibiotics9120918,DOI:10.1186/s13756-017-0294-9,5
DOI:10.3390/antibiotics9120918,DOI:10.3390/molecules23040795,5
DOI:10.3390/antibiotics9120918,DOI:10.1016/j.envpol.2017.01.003,3
DOI:10.3390/antibiotics9120918,DOI:10.1038/s41545-020-0051-0,3
DOI:10.3390/antibiotics9120918,DOI:10.1093/trstmh/trw048,4
DOI:10.3390/antibiotics9120918,DOI:10.1016/s2542-5196(17)30141-9,3
DOI:10.3390/antibiotics9120918,DOI:10.1186/s13756-020-00847-x,3
DOI:10.3390/antibiotics9120918,"O'NEILL J., 2016, REVIEW ON ANTIMICROBIAL RESISTANCE: TACKLING DRUG-RESISTANT INFECTIONS GLOBALLY: FINAL REPORT AND RECOMMENDATIONS",5
DOI:10.3390/antibiotics9120918,DOI:10.3389/fpubh.2021.726484,3
DOI:10.3390/antibiotics9120918,DOI:10.3390/healthcare11131946,3
DOI:10.3390/antibiotics9120918,DOI:10.1016/s1473-3099(15)00424-7,3
DOI:10.3390/antibiotics9120918,DOI:10.1038/s41564-019-0445-2,3
DOI:10.3390/antibiotics9120918,DOI:10.1371/journal.pgph.0001305,3
DOI:10.3390/antibiotics9120918,DOI:10.1016/j.eururo.2022.08.023,4
DOI:10.3390/antibiotics9120918,DOI:10.1126/science.aaw1944,4
DOI:10.3390/ijerph19084758,"MCEWEN SA, 2018, MICROBIOL SPECTR, V6, DOI [10.1128/MICROBIOLSPEC.ARBA-0009-2017, 10.1128/9781555819804.CH24]",3
DOI:10.3390/microorganisms10020292,DOI:10.7883/yoken.jjid.2020.499,3
DOI:10.3390/pathogens11060691,"MCEWEN SA, 2018, MICROBIOL SPECTR, V6, DOI [10.1128/MICROBIOLSPEC.ARBA-0009-2017, 10.1128/9781555819804.CH24]",3
DOI:10.3390/tropicalmed4010022,"MCEWEN SA, 2018, MICROBIOL SPECTR, V6, DOI [10.1128/MICROBIOLSPEC.ARBA-0009-2017, 10.1128/9781555819804.CH24]",13
DOI:10.3390/tropicalmed4010022,"TACCONELLI E, 2018, LANCET INFECT DIS, V18, P318, DOI [10.1016/S1473-3099(17)30753-3, 10.1016/S1473-3099(17)30753-3]",4
DOI:10.3390/tropicalmed4010022,"O'NEILL J., 2016, REV ANTIMICROBIAL RE",3
DOI:10.3390/tropicalmed4010022,DOI:10.3201/eid1601.090729,5
DOI:10.3390/tropicalmed4010022,DOI:10.1016/s1473-3099(15)00424-7,3
DOI:10.3390/tropicalmed4010022,DOI:10.1016/s2542-5196(18)30186-4,3
DOI:10.3390/tropicalmed4010022,DOI:10.3389/fvets.2017.00237,3
DOI:10.3390/tropicalmed4010022,DOI:10.4060/cb5545-n],6
DOI:10.3390/tropicalmed4010022,DOI:10.1098/rstb.2014.0083,4
DOI:10.3390/tropicalmed4010022,"POLIANCIUC SVETLANA IULIANA, 2020, MED PHARM REP, V93, P231, DOI [10.15386/MPR-1742, 10.15386/MPR-1742, 10.15386/MPR-1742]",3
DOI:10.3390/tropicalmed4010022,DOI:10.1179/2047773215y.0000000030,3
DOI:10.3390/tropicalmed4010022,DOI:10.3390/tropicalmed4020088,3
DOI:10.3390/tropicalmed4010022,DOI:10.3389/fvets.2018.00014,3
DOI:10.3390/tropicalmed4010022,DOI:10.3390/molecules23040795,6
DOI:10.3390/tropicalmed4010022,DOI:10.1016/j.ijantimicag.2016.04.008,3
DOI:10.3390/tropicalmed4010022,DOI:10.1016/j.ijantimicag.2016.09.016,3
DOI:10.3390/tropicalmed4010022,DOI:10.1016/s0140-6736(15)00473-0,5
DOI:10.3390/tropicalmed4010022,DOI:10.1016/s1473-3099(20)30149-3,3
DOI:10.3390/tropicalmed4010022,DOI:10.1186/s13620-019-0154-4,3
DOI:10.3390/tropicalmed4010022,DOI:10.3389/fmicb.2016.01789,3
DOI:10.3390/tropicalmed4010022,DOI:10.1007/s10393-019-01415-5,5
DOI:10.3390/tropicalmed4010022,DOI:10.1093/cid/cit355,4
DOI:10.3390/tropicalmed4010022,DOI:10.14202/vetworld.2022.743-749,4
DOI:10.3390/tropicalmed4010022,DOI:10.3389/fcimb.2022.1065796,3
DOI:10.3390/tropicalmed4010022,DOI:10.3390/antibiotics9020052,3
DOI:10.3390/tropicalmed4010022,"O'NEILL J., REV ANTIMICROBIAL RE",3
DOI:10.3390/tropicalmed4010022,DOI:10.1016/j.envint.2019.05.074,3
DOI:10.3390/tropicalmed4010022,"O'NEILL J., 2016, REVIEW ON ANTIMICROBIAL RESISTANCE: TACKLING DRUG-RESISTANT INFECTIONS GLOBALLY: FINAL REPORT AND RECOMMENDATIONS",3
DOI:10.3390/tropicalmed4010022,DOI:10.1038/s41564-019-0503-9,3
DOI:10.3390/tropicalmed4010022,DOI:10.1098/rspb.2018.0332,3
DOI:10.3390/tropicalmed4010022,DOI:10.15620/cdc:82532,3
DOI:10.3390/tropicalmed4010022,DOI:10.1126/science.aao1495,3
"MCEWEN SA, 2018, MICROBIOL SPECTR, V6, DOI [10.1128/MICROBIOLSPEC.ARBA-0009-2017, 10.1128/9781555819804.CH24]","TACCONELLI E, 2018, LANCET INFECT DIS, V18, P318, DOI [10.1016/S1473-3099(17)30753-3, 10.1016/S1473-3099(17)30753-3]",5
"MCEWEN SA, 2018, MICROBIOL SPECTR, V6, DOI [10.1128/MICROBIOLSPEC.ARBA-0009-2017, 10.1128/9781555819804.CH24]","O'NEILL J., 2016, REV ANTIMICROBIAL RE",3
"MCEWEN SA, 2018, MICROBIOL SPECTR, V6, DOI [10.1128/MICROBIOLSPEC.ARBA-0009-2017, 10.1128/9781555819804.CH24]",DOI:10.1016/s0140-6736(15)00473-0,8
"MCEWEN SA, 2018, MICROBIOL SPECTR, V6, DOI [10.1128/MICROBIOLSPEC.ARBA-0009-2017, 10.1128/9781555819804.CH24]",DOI:10.1111/nyas.14036,3
"MCEWEN SA, 2018, MICROBIOL SPECTR, V6, DOI [10.1128/MICROBIOLSPEC.ARBA-0009-2017, 10.1128/9781555819804.CH24]",DOI:10.1016/j.envint.2018.04.041,3
"MCEWEN SA, 2018, MICROBIOL SPECTR, V6, DOI [10.1128/MICROBIOLSPEC.ARBA-0009-2017, 10.1128/9781555819804.CH24]",DOI:10.1016/j.envint.2023.108089,4
"MCEWEN SA, 2018, MICROBIOL SPECTR, V6, DOI [10.1128/MICROBIOLSPEC.ARBA-0009-2017, 10.1128/9781555819804.CH24]",DOI:10.1016/j.mib.2021.09.011,6
"MCEWEN SA, 2018, MICROBIOL SPECTR, V6, DOI [10.1128/MICROBIOLSPEC.ARBA-0009-2017, 10.1128/9781555819804.CH24]",DOI:10.1016/j.mib.2021.09.013,4
"MCEWEN SA, 2018, MICROBIOL SPECTR, V6, DOI [10.1128/MICROBIOLSPEC.ARBA-0009-2017, 10.1128/9781555819804.CH24]",DOI:10.1016/j.scitotenv.2013.01.032,3
"MCEWEN SA, 2018, MICROBIOL SPECTR, V6, DOI [10.1128/MICROBIOLSPEC.ARBA-0009-2017, 10.1128/9781555819804.CH24]",DOI:10.1016/s0065-2113(05)87001-4,3
"MCEWEN SA, 2018, MICROBIOL SPECTR, V6, DOI [10.1128/MICROBIOLSPEC.ARBA-0009-2017, 10.1128/9781555819804.CH24]",DOI:10.1016/s2542-5196(17)30141-9,3
"MCEWEN SA, 2018, MICROBIOL SPECTR, V6, DOI [10.1128/MICROBIOLSPEC.ARBA-0009-2017, 10.1128/9781555819804.CH24]",DOI:10.1016/s2542-5196(23)00278-4,4
"MCEWEN SA, 2018, MICROBIOL SPECTR, V6, DOI [10.1128/MICROBIOLSPEC.ARBA-0009-2017, 10.1128/9781555819804.CH24]",DOI:10.1038/nrmicro3439,5
"MCEWEN SA, 2018, MICROBIOL SPECTR, V6, DOI [10.1128/MICROBIOLSPEC.ARBA-0009-2017, 10.1128/9781555819804.CH24]",DOI:10.1093/femsre/fux053,4
"MCEWEN SA, 2018, MICROBIOL SPECTR, V6, DOI [10.1128/MICROBIOLSPEC.ARBA-0009-2017, 10.1128/9781555819804.CH24]",DOI:10.1093/jac/dkt443,3
"MCEWEN SA, 2018, MICROBIOL SPECTR, V6, DOI [10.1128/MICROBIOLSPEC.ARBA-0009-2017, 10.1128/9781555819804.CH24]",DOI:10.1093/trstmh/trw048,4
"MCEWEN SA, 2018, MICROBIOL SPECTR, V6, DOI [10.1128/MICROBIOLSPEC.ARBA-0009-2017, 10.1128/9781555819804.CH24]",DOI:10.1098/rstb.2014.0083,7
"MCEWEN SA, 2018, MICROBIOL SPECTR, V6, DOI [10.1128/MICROBIOLSPEC.ARBA-0009-2017, 10.1128/9781555819804.CH24]",DOI:10.1128/aem.00600-14,3
"MCEWEN SA, 2018, MICROBIOL SPECTR, V6, DOI [10.1128/MICROBIOLSPEC.ARBA-0009-2017, 10.1128/9781555819804.CH24]",DOI:10.1128/aem.03366-14,3
"MCEWEN SA, 2018, MICROBIOL SPECTR, V6, DOI [10.1128/MICROBIOLSPEC.ARBA-0009-2017, 10.1128/9781555819804.CH24]",DOI:10.1186/s13750-022-00262-2,4
"MCEWEN SA, 2018, MICROBIOL SPECTR, V6, DOI [10.1128/MICROBIOLSPEC.ARBA-0009-2017, 10.1128/9781555819804.CH24]",DOI:10.1186/s40168-022-01405-w,3
"MCEWEN SA, 2018, MICROBIOL SPECTR, V6, DOI [10.1128/MICROBIOLSPEC.ARBA-0009-2017, 10.1128/9781555819804.CH24]",DOI:10.1371/journal.ppat.1010537,5
"MCEWEN SA, 2018, MICROBIOL SPECTR, V6, DOI [10.1128/MICROBIOLSPEC.ARBA-0009-2017, 10.1128/9781555819804.CH24]",DOI:10.3389/fcimb.2022.1065796,6
"MCEWEN SA, 2018, MICROBIOL SPECTR, V6, DOI [10.1128/MICROBIOLSPEC.ARBA-0009-2017, 10.1128/9781555819804.CH24]",DOI:10.3389/fmicb.2011.00158,3
"MCEWEN SA, 2018, MICROBIOL SPECTR, V6, DOI [10.1128/MICROBIOLSPEC.ARBA-0009-2017, 10.1128/9781555819804.CH24]",DOI:10.3389/fpubh.2021.726484,3
"MCEWEN SA, 2018, MICROBIOL SPECTR, V6, DOI [10.1128/MICROBIOLSPEC.ARBA-0009-2017, 10.1128/9781555819804.CH24]",DOI:10.3390/healthcare11131946,6
"MCEWEN SA, 2018, MICROBIOL SPECTR, V6, DOI [10.1128/MICROBIOLSPEC.ARBA-0009-2017, 10.1128/9781555819804.CH24]",DOI:10.3390/molecules23040795,8
"MCEWEN SA, 2018, MICROBIOL SPECTR, V6, DOI [10.1128/MICROBIOLSPEC.ARBA-0009-2017, 10.1128/9781555819804.CH24]",DOI:10.4060/cb5545-n],12
"MCEWEN SA, 2018, MICROBIOL SPECTR, V6, DOI [10.1128/MICROBIOLSPEC.ARBA-0009-2017, 10.1128/9781555819804.CH24]","O'NEILL J., 2016, REVIEW ON ANTIMICROBIAL RESISTANCE: TACKLING DRUG-RESISTANT INFECTIONS GLOBALLY: FINAL REPORT AND RECOMMENDATIONS",10
"MCEWEN SA, 2018, MICROBIOL SPECTR, V6, DOI [10.1128/MICROBIOLSPEC.ARBA-0009-2017, 10.1128/9781555819804.CH24]",DOI:10.1038/s41467-022-29283-8,4
"MCEWEN SA, 2018, MICROBIOL SPECTR, V6, DOI [10.1128/MICROBIOLSPEC.ARBA-0009-2017, 10.1128/9781555819804.CH24]",DOI:10.1038/s41564-019-0503-9,3
"MCEWEN SA, 2018, MICROBIOL SPECTR, V6, DOI [10.1128/MICROBIOLSPEC.ARBA-0009-2017, 10.1128/9781555819804.CH24]",DOI:10.1038/s41576-023-00649-y,5
"MCEWEN SA, 2018, MICROBIOL SPECTR, V6, DOI [10.1128/MICROBIOLSPEC.ARBA-0009-2017, 10.1128/9781555819804.CH24]",DOI:10.1093/femsmc/xtad008,3
"MCEWEN SA, 2018, MICROBIOL SPECTR, V6, DOI [10.1128/MICROBIOLSPEC.ARBA-0009-2017, 10.1128/9781555819804.CH24]",DOI:10.1126/sciadv.aau9124,5
"MCEWEN SA, 2018, MICROBIOL SPECTR, V6, DOI [10.1128/MICROBIOLSPEC.ARBA-0009-2017, 10.1128/9781555819804.CH24]",DOI:10.14202/vetworld.2022.743-749,8
"MCEWEN SA, 2018, MICROBIOL SPECTR, V6, DOI [10.1128/MICROBIOLSPEC.ARBA-0009-2017, 10.1128/9781555819804.CH24]","LIU Y, 2020, LANCET INFECT DIS, V20, P656, DOI [10.1016/S1473-3099(15)00424-7, 10.1016/S1473-3099(20)30232-2, 10.1007/978-981-15-7749-9_1]",3
"MCEWEN SA, 2018, MICROBIOL SPECTR, V6, DOI [10.1128/MICROBIOLSPEC.ARBA-0009-2017, 10.1128/9781555819804.CH24]",DOI:10.1128/aac.01082-24,4
"MCEWEN SA, 2018, MICROBIOL SPECTR, V6, DOI [10.1128/MICROBIOLSPEC.ARBA-0009-2017, 10.1128/9781555819804.CH24]",DOI:10.3389/fcimb.2021.771510,7
"MCEWEN SA, 2018, MICROBIOL SPECTR, V6, DOI [10.1128/MICROBIOLSPEC.ARBA-0009-2017, 10.1128/9781555819804.CH24]",DOI:10.3390/ijms21061914,4
"MCEWEN SA, 2018, MICROBIOL SPECTR, V6, DOI [10.1128/MICROBIOLSPEC.ARBA-0009-2017, 10.1128/9781555819804.CH24]",DOI:10.1016/s2666-5247(23)00283-5,3
"MCEWEN SA, 2018, MICROBIOL SPECTR, V6, DOI [10.1128/MICROBIOLSPEC.ARBA-0009-2017, 10.1128/9781555819804.CH24]",DOI:10.1038/s41545-020-0051-0,4
"MCEWEN SA, 2018, MICROBIOL SPECTR, V6, DOI [10.1128/MICROBIOLSPEC.ARBA-0009-2017, 10.1128/9781555819804.CH24]",DOI:10.1093/femsec/fiw052,3
"MCEWEN SA, 2018, MICROBIOL SPECTR, V6, DOI [10.1128/MICROBIOLSPEC.ARBA-0009-2017, 10.1128/9781555819804.CH24]",DOI:10.1093/nar/gkac920,4
"MCEWEN SA, 2018, MICROBIOL SPECTR, V6, DOI [10.1128/MICROBIOLSPEC.ARBA-0009-2017, 10.1128/9781555819804.CH24]",DOI:10.1016/j.envint.2022.107171,4
"MCEWEN SA, 2018, MICROBIOL SPECTR, V6, DOI [10.1128/MICROBIOLSPEC.ARBA-0009-2017, 10.1128/9781555819804.CH24]",DOI:10.1093/femsec/fiy087,3
"MCEWEN SA, 2018, MICROBIOL SPECTR, V6, DOI [10.1128/MICROBIOLSPEC.ARBA-0009-2017, 10.1128/9781555819804.CH24]",DOI:10.1179/2047773215y.0000000030,4
"MCEWEN SA, 2018, MICROBIOL SPECTR, V6, DOI [10.1128/MICROBIOLSPEC.ARBA-0009-2017, 10.1128/9781555819804.CH24]",DOI:10.1093/bioinformatics/btu170,3
"MCEWEN SA, 2018, MICROBIOL SPECTR, V6, DOI [10.1128/MICROBIOLSPEC.ARBA-0009-2017, 10.1128/9781555819804.CH24]",DOI:10.1093/nar/gkab301,4
"MCEWEN SA, 2018, MICROBIOL SPECTR, V6, DOI [10.1128/MICROBIOLSPEC.ARBA-0009-2017, 10.1128/9781555819804.CH24]",DOI:10.1099/mgen.0.000748,3
"MCEWEN SA, 2018, MICROBIOL SPECTR, V6, DOI [10.1128/MICROBIOLSPEC.ARBA-0009-2017, 10.1128/9781555819804.CH24]",DOI:10.1111/j.1469-0691.2011.03570.x,7
"MCEWEN SA, 2018, MICROBIOL SPECTR, V6, DOI [10.1128/MICROBIOLSPEC.ARBA-0009-2017, 10.1128/9781555819804.CH24]",DOI:10.1177/003335491212700103,3
"MCEWEN SA, 2018, MICROBIOL SPECTR, V6, DOI [10.1128/MICROBIOLSPEC.ARBA-0009-2017, 10.1128/9781555819804.CH24]",DOI:10.3389/fmicb.2015.00034,4
"MCEWEN SA, 2018, MICROBIOL SPECTR, V6, DOI [10.1128/MICROBIOLSPEC.ARBA-0009-2017, 10.1128/9781555819804.CH24]",DOI:10.3390/pathogens12091074,4
"MCEWEN SA, 2018, MICROBIOL SPECTR, V6, DOI [10.1128/MICROBIOLSPEC.ARBA-0009-2017, 10.1128/9781555819804.CH24]","POLIANCIUC SVETLANA IULIANA, 2020, MED PHARM REP, V93, P231, DOI [10.15386/MPR-1742, 10.15386/MPR-1742, 10.15386/MPR-1742]",3
"MCEWEN SA, 2018, MICROBIOL SPECTR, V6, DOI [10.1128/MICROBIOLSPEC.ARBA-0009-2017, 10.1128/9781555819804.CH24]",DOI:10.1016/s1473-3099(21)00615-0,3
"MCEWEN SA, 2018, MICROBIOL SPECTR, V6, DOI [10.1128/MICROBIOLSPEC.ARBA-0009-2017, 10.1128/9781555819804.CH24]",DOI:10.1126/science.aao1495,4
"MCEWEN SA, 2018, MICROBIOL SPECTR, V6, DOI [10.1128/MICROBIOLSPEC.ARBA-0009-2017, 10.1128/9781555819804.CH24]",DOI:10.1128/jcm.00790-16,3
"MCEWEN SA, 2018, MICROBIOL SPECTR, V6, DOI [10.1128/MICROBIOLSPEC.ARBA-0009-2017, 10.1128/9781555819804.CH24]",DOI:10.1186/s13756-017-0294-9,4
"MCEWEN SA, 2018, MICROBIOL SPECTR, V6, DOI [10.1128/MICROBIOLSPEC.ARBA-0009-2017, 10.1128/9781555819804.CH24]",DOI:10.1186/s13756-020-00847-x,3
"MCEWEN SA, 2018, MICROBIOL SPECTR, V6, DOI [10.1128/MICROBIOLSPEC.ARBA-0009-2017, 10.1128/9781555819804.CH24]",DOI:10.3389/fmicb.2016.01789,3
"MCEWEN SA, 2018, MICROBIOL SPECTR, V6, DOI [10.1128/MICROBIOLSPEC.ARBA-0009-2017, 10.1128/9781555819804.CH24]",DOI:10.1128/jcm.02026-14,3
"MCEWEN SA, 2018, MICROBIOL SPECTR, V6, DOI [10.1128/MICROBIOLSPEC.ARBA-0009-2017, 10.1128/9781555819804.CH24]",DOI:10.1186/s13756-021-00931-w,3
"MCEWEN SA, 2018, MICROBIOL SPECTR, V6, DOI [10.1128/MICROBIOLSPEC.ARBA-0009-2017, 10.1128/9781555819804.CH24]",DOI:10.3390/tropicalmed4020088,4
"MCEWEN SA, 2018, MICROBIOL SPECTR, V6, DOI [10.1128/MICROBIOLSPEC.ARBA-0009-2017, 10.1128/9781555819804.CH24]","[ANONYMOUS], 2018, GLOBAL ACTION PLAN P",3
"MCEWEN SA, 2018, MICROBIOL SPECTR, V6, DOI [10.1128/MICROBIOLSPEC.ARBA-0009-2017, 10.1128/9781555819804.CH24]","NGUYEN LT, 2015, MOL BIOL EVOL, V32, P268, DOI [10.1093/MOLBEV/MSU300, 10.1186/S13059-020-02090-4, 10.3390/MA15041530]",3
"MCEWEN SA, 2018, MICROBIOL SPECTR, V6, DOI [10.1128/MICROBIOLSPEC.ARBA-0009-2017, 10.1128/9781555819804.CH24]",DOI:10.1016/j.ijantimicag.2016.09.016,3
"MCEWEN SA, 2018, MICROBIOL SPECTR, V6, DOI [10.1128/MICROBIOLSPEC.ARBA-0009-2017, 10.1128/9781555819804.CH24]",DOI:10.1016/j.ijantimicag.2016.11.026,3
"MCEWEN SA, 2018, MICROBIOL SPECTR, V6, DOI [10.1128/MICROBIOLSPEC.ARBA-0009-2017, 10.1128/9781555819804.CH24]",DOI:10.1016/s1473-3099(20)30149-3,3
"MCEWEN SA, 2018, MICROBIOL SPECTR, V6, DOI [10.1128/MICROBIOLSPEC.ARBA-0009-2017, 10.1128/9781555819804.CH24]",DOI:10.1186/s13620-019-0154-4,3
"MCEWEN SA, 2018, MICROBIOL SPECTR, V6, DOI [10.1128/MICROBIOLSPEC.ARBA-0009-2017, 10.1128/9781555819804.CH24]","SHEN C, 2020, LANCET MICROBE, V1, PE34, DOI [10.1016/S2666-5247(20)30005-7, 10.1016/S2666-5247(20)30005-7]",3
"MCEWEN SA, 2018, MICROBIOL SPECTR, V6, DOI [10.1128/MICROBIOLSPEC.ARBA-0009-2017, 10.1128/9781555819804.CH24]",DOI:10.1016/j.envint.2019.05.074,4
"MCEWEN SA, 2018, MICROBIOL SPECTR, V6, DOI [10.1128/MICROBIOLSPEC.ARBA-0009-2017, 10.1128/9781555819804.CH24]",DOI:10.1016/j.jgar.2020.10.009,3
"MCEWEN SA, 2018, MICROBIOL SPECTR, V6, DOI [10.1128/MICROBIOLSPEC.ARBA-0009-2017, 10.1128/9781555819804.CH24]",DOI:10.1089/fpd.2017.2283,3
"MCEWEN SA, 2018, MICROBIOL SPECTR, V6, DOI [10.1128/MICROBIOLSPEC.ARBA-0009-2017, 10.1128/9781555819804.CH24]",DOI:10.1093/jac/dkaa345,3
"MCEWEN SA, 2018, MICROBIOL SPECTR, V6, DOI [10.1128/MICROBIOLSPEC.ARBA-0009-2017, 10.1128/9781555819804.CH24]",DOI:10.2134/jeq2016.01.0023,3
"MCEWEN SA, 2018, MICROBIOL SPECTR, V6, DOI [10.1128/MICROBIOLSPEC.ARBA-0009-2017, 10.1128/9781555819804.CH24]",DOI:10.1007/s10393-019-01415-5,5
"MCEWEN SA, 2018, MICROBIOL SPECTR, V6, DOI [10.1128/MICROBIOLSPEC.ARBA-0009-2017, 10.1128/9781555819804.CH24]",DOI:10.2147/idr.s234610,3
"MCEWEN SA, 2018, MICROBIOL SPECTR, V6, DOI [10.1128/MICROBIOLSPEC.ARBA-0009-2017, 10.1128/9781555819804.CH24]","SAMREEN, 2021, J GLOB ANTIMICROB RE, V27, P101, DOI [10.1016/J.JGAR.2021.08.001, 10.1097/JS9.0000000000001165]",3
"MCEWEN SA, 2018, MICROBIOL SPECTR, V6, DOI [10.1128/MICROBIOLSPEC.ARBA-0009-2017, 10.1128/9781555819804.CH24]",DOI:10.1016/j.eururo.2022.08.023,3
"MCEWEN SA, 2018, MICROBIOL SPECTR, V6, DOI [10.1128/MICROBIOLSPEC.ARBA-0009-2017, 10.1128/9781555819804.CH24]",DOI:10.1093/bioinformatics/btu153,4
"MCEWEN SA, 2018, MICROBIOL SPECTR, V6, DOI [10.1128/MICROBIOLSPEC.ARBA-0009-2017, 10.1128/9781555819804.CH24]",DOI:10.3390/antibiotics9020052,3
"MCEWEN SA, 2018, MICROBIOL SPECTR, V6, DOI [10.1128/MICROBIOLSPEC.ARBA-0009-2017, 10.1128/9781555819804.CH24]",DOI:10.1126/science.aaw1944,3
"MCEWEN SA, 2018, MICROBIOL SPECTR, V6, DOI [10.1128/MICROBIOLSPEC.ARBA-0009-2017, 10.1128/9781555819804.CH24]",DOI:10.15252/embr.202051034,3
"MCEWEN SA, 2018, MICROBIOL SPECTR, V6, DOI [10.1128/MICROBIOLSPEC.ARBA-0009-2017, 10.1128/9781555819804.CH24]",DOI:10.1016/j.envint.2020.105667,3
"MCEWEN SA, 2018, MICROBIOL SPECTR, V6, DOI [10.1128/MICROBIOLSPEC.ARBA-0009-2017, 10.1128/9781555819804.CH24]",DOI:10.1128/aac.02412-14,3
"MCEWEN SA, 2018, MICROBIOL SPECTR, V6, DOI [10.1128/MICROBIOLSPEC.ARBA-0009-2017, 10.1128/9781555819804.CH24]",DOI:10.1016/j.cmi.2017.11.001,3
"MCEWEN SA, 2018, MICROBIOL SPECTR, V6, DOI [10.1128/MICROBIOLSPEC.ARBA-0009-2017, 10.1128/9781555819804.CH24]",DOI:10.1093/molbev/msaa015,3
"MCEWEN SA, 2018, MICROBIOL SPECTR, V6, DOI [10.1128/MICROBIOLSPEC.ARBA-0009-2017, 10.1128/9781555819804.CH24]",DOI:10.1101/gr.186072.114,3
"MCEWEN SA, 2018, MICROBIOL SPECTR, V6, DOI [10.1128/MICROBIOLSPEC.ARBA-0009-2017, 10.1128/9781555819804.CH24]",DOI:10.1128/aac.01030-16,3
"MCEWEN SA, 2018, MICROBIOL SPECTR, V6, DOI [10.1128/MICROBIOLSPEC.ARBA-0009-2017, 10.1128/9781555819804.CH24]",DOI:10.1128/jcm.01260-18,3
"MCEWEN SA, 2018, MICROBIOL SPECTR, V6, DOI [10.1128/MICROBIOLSPEC.ARBA-0009-2017, 10.1128/9781555819804.CH24]",DOI:10.1186/s13059-017-1252-9,3
"MCEWEN SA, 2018, MICROBIOL SPECTR, V6, DOI [10.1128/MICROBIOLSPEC.ARBA-0009-2017, 10.1128/9781555819804.CH24]",DOI:10.3389/fmicb.2017.00182,3
"MCEWEN SA, 2018, MICROBIOL SPECTR, V6, DOI [10.1128/MICROBIOLSPEC.ARBA-0009-2017, 10.1128/9781555819804.CH24]","LUDDEN C, 2019, MBIO, V10, DOI [10.1128/MBIO.02693-18, 10.1128/MBIO.02693-18]",3
"MCEWEN SA, 2018, MICROBIOL SPECTR, V6, DOI [10.1128/MICROBIOLSPEC.ARBA-0009-2017, 10.1128/9781555819804.CH24]","MCDERMOTT PF, 2018, ANTIMICROBIAL RESISTANCE IN BACTERIA FROM LIVESTOCK AND COMPANION ANIMALS, P261, DOI [10.1128/MICROBIOLSPEC.ARBA-0014-2017, 10.1128/MICROBIOLSPEC.ARBA-0014-2017, 10.1128/9781555819804.CH12]",3
"MCEWEN SA, 2018, MICROBIOL SPECTR, V6, DOI [10.1128/MICROBIOLSPEC.ARBA-0009-2017, 10.1128/9781555819804.CH24]",DOI:10.3389/fmicb.2019.01107,3
"PENDLETON JN, 2013, EXPERT REV ANTI-INFE, V11, P297, DOI [10.1586/ERI.13.12, 10.1586/ERI.13.12]","TACCONELLI E, 2018, LANCET INFECT DIS, V18, P318, DOI [10.1016/S1473-3099(17)30753-3, 10.1016/S1473-3099(17)30753-3]",3
"TACCONELLI E, 2018, LANCET INFECT DIS, V18, P318, DOI [10.1016/S1473-3099(17)30753-3, 10.1016/S1473-3099(17)30753-3]","O'NEILL J., 2016, REV ANTIMICROBIAL RE",3
"TACCONELLI E, 2018, LANCET INFECT DIS, V18, P318, DOI [10.1016/S1473-3099(17)30753-3, 10.1016/S1473-3099(17)30753-3]",DOI:10.1016/s1473-3099(17)30485-1,3
"TACCONELLI E, 2018, LANCET INFECT DIS, V18, P318, DOI [10.1016/S1473-3099(17)30753-3, 10.1016/S1473-3099(17)30753-3]",DOI:10.1093/trstmh/trw048,3
"TACCONELLI E, 2018, LANCET INFECT DIS, V18, P318, DOI [10.1016/S1473-3099(17)30753-3, 10.1016/S1473-3099(17)30753-3]",DOI:10.1111/j.1469-0691.2011.03570.x,5
"TACCONELLI E, 2018, LANCET INFECT DIS, V18, P318, DOI [10.1016/S1473-3099(17)30753-3, 10.1016/S1473-3099(17)30753-3]",DOI:10.2903/j.efsa.2017.4872,3
"TACCONELLI E, 2018, LANCET INFECT DIS, V18, P318, DOI [10.1016/S1473-3099(17)30753-3, 10.1016/S1473-3099(17)30753-3]","[ANONYMOUS], 2015, GLOBAL ACTION PLAN ON ANTIMICROBIAL RESISTANCE",3
"TACCONELLI E, 2018, LANCET INFECT DIS, V18, P318, DOI [10.1016/S1473-3099(17)30753-3, 10.1016/S1473-3099(17)30753-3]",DOI:10.1093/nar/gkab301,3
"TACCONELLI E, 2018, LANCET INFECT DIS, V18, P318, DOI [10.1016/S1473-3099(17)30753-3, 10.1016/S1473-3099(17)30753-3]",DOI:10.1016/s1473-3099(15)00424-7,4
"TACCONELLI E, 2018, LANCET INFECT DIS, V18, P318, DOI [10.1016/S1473-3099(17)30753-3, 10.1016/S1473-3099(17)30753-3]",DOI:10.7860/jcdr/2014/8925.4529,3
"TACCONELLI E, 2018, LANCET INFECT DIS, V18, P318, DOI [10.1016/S1473-3099(17)30753-3, 10.1016/S1473-3099(17)30753-3]",DOI:10.1016/j.eururo.2022.08.023,5
"TACCONELLI E, 2018, LANCET INFECT DIS, V18, P318, DOI [10.1016/S1473-3099(17)30753-3, 10.1016/S1473-3099(17)30753-3]",DOI:10.1016/s0140-6736(15)00473-0,5
"TACCONELLI E, 2018, LANCET INFECT DIS, V18, P318, DOI [10.1016/S1473-3099(17)30753-3, 10.1016/S1473-3099(17)30753-3]",DOI:10.1016/s0140-6736(15)00474-2,3
"TACCONELLI E, 2018, LANCET INFECT DIS, V18, P318, DOI [10.1016/S1473-3099(17)30753-3, 10.1016/S1473-3099(17)30753-3]",DOI:10.1016/s1473-3099(13)70318-9,3
"TACCONELLI E, 2018, LANCET INFECT DIS, V18, P318, DOI [10.1016/S1473-3099(17)30753-3, 10.1016/S1473-3099(17)30753-3]",DOI:10.1038/nrmicro1614,3
"TACCONELLI E, 2018, LANCET INFECT DIS, V18, P318, DOI [10.1016/S1473-3099(17)30753-3, 10.1016/S1473-3099(17)30753-3]","O'NEILL J., 2016, REVIEW ON ANTIMICROBIAL RESISTANCE: TACKLING DRUG-RESISTANT INFECTIONS GLOBALLY: FINAL REPORT AND RECOMMENDATIONS",4
"TACCONELLI E, 2018, LANCET INFECT DIS, V18, P318, DOI [10.1016/S1473-3099(17)30753-3, 10.1016/S1473-3099(17)30753-3]",DOI:10.1016/s2542-5196(17)30141-9,4
"TACCONELLI E, 2018, LANCET INFECT DIS, V18, P318, DOI [10.1016/S1473-3099(17)30753-3, 10.1016/S1473-3099(17)30753-3]",DOI:10.1016/s2542-5196(18)30186-4,3
"TACCONELLI E, 2018, LANCET INFECT DIS, V18, P318, DOI [10.1016/S1473-3099(17)30753-3, 10.1016/S1473-3099(17)30753-3]",DOI:10.1038/s41564-019-0503-9,4
"TACCONELLI E, 2018, LANCET INFECT DIS, V18, P318, DOI [10.1016/S1473-3099(17)30753-3, 10.1016/S1473-3099(17)30753-3]",DOI:10.1371/journal.pmed.1002378,3
"TACCONELLI E, 2018, LANCET INFECT DIS, V18, P318, DOI [10.1016/S1473-3099(17)30753-3, 10.1016/S1473-3099(17)30753-3]",DOI:10.2471/blt.17.203448,3
"TACCONELLI E, 2018, LANCET INFECT DIS, V18, P318, DOI [10.1016/S1473-3099(17)30753-3, 10.1016/S1473-3099(17)30753-3]",DOI:10.4060/cb5545-n],3
"TACCONELLI E, 2018, LANCET INFECT DIS, V18, P318, DOI [10.1016/S1473-3099(17)30753-3, 10.1016/S1473-3099(17)30753-3]",DOI:10.1021/acs.est.5b02566,3
"TACCONELLI E, 2018, LANCET INFECT DIS, V18, P318, DOI [10.1016/S1473-3099(17)30753-3, 10.1016/S1473-3099(17)30753-3]",DOI:10.1093/jtm/taz036,3
"TACCONELLI E, 2018, LANCET INFECT DIS, V18, P318, DOI [10.1016/S1473-3099(17)30753-3, 10.1016/S1473-3099(17)30753-3]",DOI:10.1126/science.aaw1944,3
"TACCONELLI E, 2018, LANCET INFECT DIS, V18, P318, DOI [10.1016/S1473-3099(17)30753-3, 10.1016/S1473-3099(17)30753-3]",DOI:10.1016/s1473-3099(20)30003-7,3
"TACCONELLI E, 2018, LANCET INFECT DIS, V18, P318, DOI [10.1016/S1473-3099(17)30753-3, 10.1016/S1473-3099(17)30753-3]",DOI:10.1126/science.aao1495,3
"O'NEILL J., 2016, REV ANTIMICROBIAL RE",DOI:10.1016/s0140-6736(15)00473-0,3
"O'NEILL J., 2016, REV ANTIMICROBIAL RE",DOI:10.1016/s1473-3099(13)70318-9,3
"O'NEILL J., 2016, REV ANTIMICROBIAL RE",DOI:10.2903/j.efsa.2017.4872,3
"O'NEILL J., 2016, REV ANTIMICROBIAL RE",DOI:10.3201/eid1601.090729,3
"O'NEILL J., 2016, REV ANTIMICROBIAL RE",DOI:10.4060/cb5545-n],9
"[ANONYMOUS], 2021, WHO INTEGRATED GLOBAL SURVEILLANCE ON ESBL-PRODUCING E. COLI USING A ""ONE HEALTH"" APPROACH: IMPLEMENTATION AND OPPORTUNITIES. P.^, P76",DOI:10.4060/cb5545-n],3
DOI:10.3201/eid1601.090729,DOI:10.1016/s0167-5877(96)01119-1,4
DOI:10.3201/eid1601.090729,DOI:10.1016/s1473-3099(13)70318-9,5
DOI:10.3201/eid1601.090729,DOI:10.1016/s1473-3099(15)00424-7,3
DOI:10.3201/eid1601.090729,DOI:10.1016/s2542-5196(18)30186-4,3
DOI:10.3201/eid1601.090729,DOI:10.1086/512369,3
DOI:10.3201/eid1601.090729,DOI:10.1128/aac.01298-16,3
DOI:10.3201/eid1601.090729,DOI:10.1186/cc3995,3
DOI:10.3201/eid1601.090729,DOI:10.1371/journal.pone.0159863,3
DOI:10.3201/eid1601.090729,DOI:10.2807/1560-7917.es.2016.21.17.30214,3
DOI:10.3201/eid1601.090729,DOI:10.4060/cb5545-n],3
DOI:10.3201/eid1601.090729,"WALL B A., 2016, DRIVERS, DYNAMICS AND EPIDEMIOLOGY OF ANTIMICROBIAL RESISTANCE IN ANIMAL PRODUCTION",3
DOI:10.3201/eid1601.090729,DOI:10.1016/s0140-6736(15)00473-0,5
DOI:10.3201/eid1601.090729,DOI:10.1089/fpd.2015.1960,4
DOI:10.3201/eid1601.090729,DOI:10.1093/cid/ciu785,3
DOI:10.3201/eid1601.090729,DOI:10.1093/jac/dku180,3
DOI:10.3201/eid1601.090729,DOI:10.2134/jeq2015.05.0250,3
DOI:10.3201/eid1601.090729,DOI:10.3201/eid2106.140706,3
DOI:10.3201/eid1601.090729,"WORLD ORGANIZATION FOR ANIMAL HEALTH, 2016, PROMOTING PRUDENT USE OF BIOLOGICAL RESOURCES. THEORETICAL",3
DOI:10.3201/eid1601.090729,"[ANONYMOUS], 2014, ANT RES GLOB REP SUR",3
DOI:10.3201/eid1601.090729,"[ANONYMOUS], 2017, WHO GUIDELINES ON USE OF MEDICALLY IMPORTANT ANTIMICROBIALS IN FOOD-PRODUCING ANIMALS",3
DOI:10.3201/eid1601.090729,DOI:10.1126/science.aao1495,3
DOI:10.3201/eid1601.090729,DOI:10.2903/j.efsa.2021.6490,3
DOI:10.3201/eid1601.090729,DOI:10.1016/s2542-5196(17)30141-9,3
DOI:10.3201/eid1601.090729,DOI:10.1289/ehp.10050,3
DOI:10.1016/j.envint.2019.05.074,DOI:10.1016/j.mib.2021.09.011,3
DOI:10.1016/j.envint.2019.05.074,DOI:10.1038/s41467-022-29283-8,3
DOI:10.1016/j.envint.2019.05.074,DOI:10.1038/nature17672,3
DOI:10.1016/j.envint.2019.05.074,DOI:10.1038/nrmicro3399,3
DOI:10.1016/j.envint.2019.05.074,DOI:10.1038/s41545-020-0051-0,4
DOI:10.1016/j.envint.2019.05.074,DOI:10.1038/nrmicro3439,4
DOI:10.1016/j.envint.2019.05.074,DOI:10.1126/sciadv.aau9124,4
DOI:10.1016/j.envint.2019.05.074,DOI:10.4060/cb5545-n],4
DOI:10.1016/j.mib.2021.09.011,DOI:10.1016/s2542-5196(19)30083-x,3
DOI:10.1016/j.mib.2021.09.011,DOI:10.1016/s2666-5247(23)00283-5,3
DOI:10.1016/j.mib.2021.09.011,DOI:10.1093/trstmh/trw048,3
DOI:10.1016/j.mib.2021.09.011,DOI:10.1371/journal.pgen.1009776,3
DOI:10.1016/j.mib.2021.09.011,"LIU Y, 2020, LANCET INFECT DIS, V20, P656, DOI [10.1016/S1473-3099(15)00424-7, 10.1016/S1473-3099(20)30232-2, 10.1007/978-981-15-7749-9_1]",4
DOI:10.1016/j.mib.2021.09.011,DOI:10.1016/j.envint.2018.04.041,3
DOI:10.1016/j.mib.2021.09.011,DOI:10.1038/nrmicro2312,3
DOI:10.1016/j.mib.2021.09.011,DOI:10.1038/nrmicro3439,4
DOI:10.1016/j.mib.2021.09.011,DOI:10.1128/aem.03366-14,4
DOI:10.1016/j.mib.2021.09.011,DOI:10.1186/s13750-022-00262-2,4
DOI:10.1016/j.mib.2021.09.011,DOI:10.4060/cb5545-n],4
DOI:10.1016/j.mib.2021.09.011,DOI:10.1016/s0140-6736(15)00473-0,3
DOI:10.1016/j.mib.2021.09.011,DOI:10.1038/s41467-018-02828-6,3
DOI:10.1016/j.mib.2021.09.011,DOI:10.1038/s41564-019-0503-9,3
DOI:10.1016/j.mib.2021.09.011,DOI:10.1080/1040841x.2020.1812510,3
DOI:10.1016/j.mib.2021.09.011,DOI:10.1093/nar/gkac920,3
DOI:10.1016/s2542-5196(19)30083-x,DOI:10.1038/s41467-019-13995-5,3
DOI:10.1016/s2542-5196(19)30083-x,DOI:10.1089/fpd.2017.2411,3
DOI:10.1016/s2542-5196(19)30083-x,DOI:10.1093/trstmh/trw048,5
DOI:10.1016/s2542-5196(19)30083-x,DOI:10.1016/j.scitotenv.2019.135001,3
DOI:10.1016/s2542-5196(19)30083-x,DOI:10.1016/s2542-5196(17)30141-9,4
DOI:10.1016/s2542-5196(19)30083-x,DOI:10.1038/nrmicro2312,4
DOI:10.1016/s2542-5196(19)30083-x,DOI:10.1038/nrmicro3439,3
DOI:10.1016/s2542-5196(19)30083-x,DOI:10.1098/rstb.2014.0083,5
DOI:10.1016/s2542-5196(19)30083-x,DOI:10.1111/1365-2664.12596,3
DOI:10.1016/s2542-5196(19)30083-x,DOI:10.1292/jvms.19-0554,3
DOI:10.1016/s2542-5196(19)30083-x,DOI:10.3389/fmicb.2011.00246,3
DOI:10.1016/s2542-5196(19)30083-x,"O'NEILL J., 2016, REVIEW ON ANTIMICROBIAL RESISTANCE: TACKLING DRUG-RESISTANT INFECTIONS GLOBALLY: FINAL REPORT AND RECOMMENDATIONS",4
DOI:10.1016/s2542-5196(19)30083-x,DOI:10.1016/s0140-6736(15)00473-0,3
DOI:10.1016/s2542-5196(19)30083-x,DOI:10.1179/2047773215y.0000000030,3
DOI:10.1016/s2542-5196(19)30083-x,DOI:10.2147/idr.s234610,3
DOI:10.1016/s2542-5196(19)30083-x,DOI:10.3390/antibiotics10030238,3
DOI:10.1016/s2542-5196(19)30083-x,DOI:10.1016/j.ijantimicag.2019.08.014,4
DOI:10.1016/s2666-5247(23)00281-1,DOI:10.1016/s2666-5247(23)00282-3,5
DOI:10.1016/s2666-5247(23)00281-1,DOI:10.1016/s2666-5247(23)00283-5,4
DOI:10.1016/s2666-5247(23)00281-1,DOI:10.1016/s2666-5247(23)00285-9,4
DOI:10.1016/s2666-5247(23)00281-1,DOI:10.1136/bmjgh-2019-002244,3
DOI:10.1016/s2666-5247(23)00281-1,"MULOI DM, 2023, LANCET MICROBE, V4, PE1056, DOI [10.1016/S2666-5247(23)00284-7, 10.1016/S2666-5247(23)00284]",4
DOI:10.1016/s2666-5247(23)00281-1,DOI:10.1093/cid/ciab796,3
DOI:10.1016/s2666-5247(23)00282-3,DOI:10.1016/s2666-5247(23)00283-5,4
DOI:10.1016/s2666-5247(23)00282-3,DOI:10.1016/s2666-5247(23)00285-9,4
DOI:10.1016/s2666-5247(23)00282-3,DOI:10.1038/s41598-022-16760-9,3
DOI:10.1016/s2666-5247(23)00282-3,DOI:10.3389/fmicb.2019.01107,3
DOI:10.1016/s2666-5247(23)00282-3,DOI:10.1136/bmjgh-2019-002244,3
DOI:10.1016/s2666-5247(23)00282-3,"MULOI DM, 2023, LANCET MICROBE, V4, PE1056, DOI [10.1016/S2666-5247(23)00284-7, 10.1016/S2666-5247(23)00284]",5
DOI:10.1016/s2666-5247(23)00282-3,"NGUYEN M, 2020, PLOS COMPUT BIOL, V16, DOI [10.1101/2020.04.29.068254, 10.1371/JOURNAL.PCBI.1008319]",3
DOI:10.1016/s2666-5247(23)00282-3,DOI:10.4060/cb5545-n],3
DOI:10.1016/s2666-5247(23)00282-3,DOI:10.1038/s41467-020-16322-5,3
DOI:10.1016/s2666-5247(23)00283-5,DOI:10.1016/s2666-5247(23)00285-9,5
DOI:10.1016/s2666-5247(23)00283-5,DOI:10.1136/bmjgh-2019-002244,3
DOI:10.1016/s2666-5247(23)00283-5,"MULOI DM, 2023, LANCET MICROBE, V4, PE1056, DOI [10.1016/S2666-5247(23)00284-7, 10.1016/S2666-5247(23)00284]",4
DOI:10.1016/s2666-5247(23)00283-5,DOI:10.1016/j.cmi.2020.09.019,3
DOI:10.1016/s2666-5247(23)00283-5,DOI:10.1038/s41576-023-00649-y,3
DOI:10.1016/s2666-5247(23)00283-5,DOI:10.1128/aac.01082-24,3
DOI:10.1016/s2666-5247(23)00283-5,DOI:10.1093/jac/dkaa345,3
DOI:10.1016/s2666-5247(23)00285-9,DOI:10.1016/s2542-5196(23)00278-4,3
DOI:10.1016/s2666-5247(23)00285-9,DOI:10.1038/nrmicro3439,3
DOI:10.1016/s2666-5247(23)00285-9,DOI:10.1371/journal.ppat.1010537,3
DOI:10.1016/s2666-5247(23)00285-9,DOI:10.4060/cb5545-n],5
DOI:10.1016/s2666-5247(23)00285-9,DOI:10.3389/fsci.2024.1298248],3
DOI:10.1016/s2666-5247(23)00285-9,"MULOI DM, 2023, LANCET MICROBE, V4, PE1056, DOI [10.1016/S2666-5247(23)00284-7, 10.1016/S2666-5247(23)00284]",5
DOI:10.1038/s41598-022-16760-9,DOI:10.1093/jac/dkaa407,3
DOI:10.1038/s42003-020-01439-6,DOI:10.1126/sciadv.aau9124,3
DOI:10.1038/s42003-020-01439-6,DOI:10.4060/cb5545-n],3
DOI:10.1089/fpd.2017.2411,DOI:10.1093/trstmh/trw048,4
DOI:10.1089/fpd.2017.2411,DOI:10.1098/rstb.2014.0083,3
DOI:10.1089/fpd.2017.2411,DOI:10.1016/s2542-5196(17)30141-9,4
DOI:10.1089/fpd.2017.2411,DOI:10.4060/cb5545-n],3
DOI:10.1093/jac/dkaa407,DOI:10.1038/s41598-020-76877-7,3
DOI:10.1093/jac/dkaa407,DOI:10.2903/j.efsa.2019.5709,3
DOI:10.1093/trstmh/trw048,"LIU Y, 2020, LANCET INFECT DIS, V20, P656, DOI [10.1016/S1473-3099(15)00424-7, 10.1016/S1473-3099(20)30232-2, 10.1007/978-981-15-7749-9_1]",3
DOI:10.1093/trstmh/trw048,"LUDDEN C, 2019, MBIO, V10, DOI [10.1128/MBIO.02693-18, 10.1128/MBIO.02693-18]",3
DOI:10.1093/trstmh/trw048,DOI:10.1016/j.scitotenv.2013.01.032,7
DOI:10.1093/trstmh/trw048,DOI:10.1016/j.tim.2013.11.001,3
DOI:10.1093/trstmh/trw048,DOI:10.1016/s0140-6736(15)00473-0,13
DOI:10.1093/trstmh/trw048,DOI:10.1016/s1473-3099(12)70317-1,4
DOI:10.1093/trstmh/trw048,DOI:10.1016/s1473-3099(13)70318-9,7
DOI:10.1093/trstmh/trw048,DOI:10.1016/s1473-3099(15)00424-7,8
DOI:10.1093/trstmh/trw048,DOI:10.1016/s1473-3099(16)00100-6,6
DOI:10.1093/trstmh/trw048,DOI:10.1021/acs.est.5b00729,3
DOI:10.1093/trstmh/trw048,DOI:10.1021/acs.est.5b02566,3
DOI:10.1093/trstmh/trw048,DOI:10.1086/340246,3
DOI:10.1093/trstmh/trw048,DOI:10.1086/605667,3
DOI:10.1093/trstmh/trw048,DOI:10.1093/cid/cit355,4
DOI:10.1093/trstmh/trw048,DOI:10.1093/jac/dku180,3
DOI:10.1093/trstmh/trw048,DOI:10.1586/14787210.6.5.733,3
DOI:10.1093/trstmh/trw048,DOI:10.2903/j.efsa.2017.4872,3
DOI:10.1093/trstmh/trw048,DOI:10.3389/fmicb.2016.01728,3
DOI:10.1093/trstmh/trw048,DOI:10.4060/cb5545-n],12
DOI:10.1093/trstmh/trw048,"FAO (FOOD AND AGRICULTURE ORGANIZATION OF THE UNITED NATIONS), 2016, THE FAO ACTION PLAN ON ANTIMICROBIAL RESISTANCE 2016-2020",3
DOI:10.1093/trstmh/trw048,"WALL B A., 2016, DRIVERS, DYNAMICS AND EPIDEMIOLOGY OF ANTIMICROBIAL RESISTANCE IN ANIMAL PRODUCTION",4
DOI:10.1093/trstmh/trw048,"[ANONYMOUS], 2016, CRITICALLY IMPORTANT ANTIMICROBIALS FOR HUMAN MEDICINE",3
DOI:10.1093/trstmh/trw048,"[ANONYMOUS], 2017, WHO GUIDELINES ON USE OF MEDICALLY IMPORTANT ANTIMICROBIALS IN FOOD-PRODUCING ANIMALS",3
DOI:10.1093/trstmh/trw048,DOI:10.1016/j.mib.2011.04.009,3
DOI:10.1093/trstmh/trw048,DOI:10.1016/s2542-5196(17)30141-9,7
DOI:10.1093/trstmh/trw048,DOI:10.1038/nrmicro3439,8
DOI:10.1093/trstmh/trw048,DOI:10.1093/femsre/fux053,5
DOI:10.1093/trstmh/trw048,DOI:10.1093/jac/dkt443,3
DOI:10.1093/trstmh/trw048,DOI:10.1098/rsbl.2016.0137,3
DOI:10.1093/trstmh/trw048,DOI:10.1098/rstb.2014.0083,5
DOI:10.1093/trstmh/trw048,DOI:10.1128/mmbr.00016-10,4
DOI:10.1093/trstmh/trw048,DOI:10.3390/molecules23040795,3
DOI:10.1093/trstmh/trw048,"O'NEILL J., 2016, REVIEW ON ANTIMICROBIAL RESISTANCE: TACKLING DRUG-RESISTANT INFECTIONS GLOBALLY: FINAL REPORT AND RECOMMENDATIONS",5
DOI:10.1093/trstmh/trw048,DOI:10.24911/ijmdc.51-1549060699,4
DOI:10.1093/trstmh/trw048,DOI:10.3390/antibiotics9070372,3
DOI:10.1093/trstmh/trw048,DOI:10.3390/ijms21061914,3
DOI:10.1093/trstmh/trw048,DOI:10.1111/j.1469-0691.2011.03570.x,3
DOI:10.1093/trstmh/trw048,"[ANONYMOUS], 2015, GLOBAL ACTION PLAN ON ANTIMICROBIAL RESISTANCE",5
DOI:10.1093/trstmh/trw048,DOI:10.1186/s12917-017-1131-3,3
DOI:10.1093/trstmh/trw048,DOI:10.1016/j.eururo.2022.08.023,7
DOI:10.1093/trstmh/trw048,DOI:10.1016/s2542-5196(18)30186-4,8
DOI:10.1093/trstmh/trw048,"O'NEILL J., REV ANTIMICROBIAL RE",4
DOI:10.1093/trstmh/trw048,DOI:10.1007/s11625-017-0511-8,3
DOI:10.1093/trstmh/trw048,DOI:10.1038/nrmicro3380,4
DOI:10.1093/trstmh/trw048,DOI:10.1038/s41598-020-78849-3,3
DOI:10.1093/trstmh/trw048,DOI:10.1111/1462-2920.12134,4
DOI:10.1093/trstmh/trw048,DOI:10.1038/nrdp.2018.33,3
DOI:10.1093/trstmh/trw048,DOI:10.1179/2047773215y.0000000030,3
DOI:10.1093/trstmh/trw048,DOI:10.1128/cmr.00048-19,3
DOI:10.1093/trstmh/trw048,DOI:10.3389/fvets.2021.611931,3
DOI:10.1093/trstmh/trw048,DOI:10.7326/m18-0850,3
DOI:10.1093/trstmh/trw048,"MENDELSON M, 2015, SAMJ S AFR MED J, V105, P325, DOI [10.7196/SAMJ.9644, 10.7196/SAMJ.9644]",3
DOI:10.1093/trstmh/trw048,DOI:10.1038/s41564-019-0503-9,3
DOI:10.1093/trstmh/trw048,DOI:10.3109/03009734.2014.905663,4
DOI:10.1093/trstmh/trw048,DOI:10.3389/fmicb.2015.00034,3
DOI:10.1093/trstmh/trw048,DOI:10.1371/journal.pmed.1002378,3
DOI:10.1093/trstmh/trw048,DOI:10.1016/s1473-3099(20)30392-3,3
DOI:10.1093/trstmh/trw048,DOI:10.1093/jtm/taz036,3
DOI:10.1093/trstmh/trw048,DOI:10.1186/s40249-018-0459-7,3
DOI:10.1093/trstmh/trw048,"KIM DH., 1994, SYSTEMS THINKING TOO",3
DOI:10.1093/trstmh/trw048,"MAJOWICZ SHANNON E, 2018, BMC RES NOTES, V11, P170, DOI [10.1186/S13104-018-3279-8, 10.1186/S13104-018-3279-8]",3
DOI:10.3389/fmicb.2019.01107,DOI:10.1038/s41467-020-16322-5,4
DOI:10.3389/fmicb.2019.01107,"SEALE ANNA C, 2017, WELLCOME OPEN RES, V2, P92, DOI [10.12688/WELLCOMEOPENRES.12527.1, 10.12688/WELLCOMEOPENRES.12527.1]",3
DOI:10.3389/fmicb.2019.01107,DOI:10.1136/bmjgh-2019-002244,4
DOI:10.3389/fmicb.2019.01107,DOI:10.1093/cid/cix417,3
DOI:10.3389/fmicb.2019.01107,DOI:10.1128/aac.01030-16,3
DOI:10.3389/fmicb.2019.01107,DOI:10.1128/jcm.01260-18,3
DOI:10.3389/fmicb.2019.01107,DOI:10.4060/cb5545-n],4
"LIU Y, 2020, LANCET INFECT DIS, V20, P656, DOI [10.1016/S1473-3099(15)00424-7, 10.1016/S1473-3099(20)30232-2, 10.1007/978-981-15-7749-9_1]",DOI:10.1016/s0140-6736(15)00473-0,3
"LIU Y, 2020, LANCET INFECT DIS, V20, P656, DOI [10.1016/S1473-3099(15)00424-7, 10.1016/S1473-3099(20)30232-2, 10.1007/978-981-15-7749-9_1]",DOI:10.1038/nrmicro3439,4
"LIU Y, 2020, LANCET INFECT DIS, V20, P656, DOI [10.1016/S1473-3099(15)00424-7, 10.1016/S1473-3099(20)30232-2, 10.1007/978-981-15-7749-9_1]",DOI:10.1038/s41467-018-02828-6,3
"LIU Y, 2020, LANCET INFECT DIS, V20, P656, DOI [10.1016/S1473-3099(15)00424-7, 10.1016/S1473-3099(20)30232-2, 10.1007/978-981-15-7749-9_1]",DOI:10.1038/s41564-019-0503-9,4
"LIU Y, 2020, LANCET INFECT DIS, V20, P656, DOI [10.1016/S1473-3099(15)00424-7, 10.1016/S1473-3099(20)30232-2, 10.1007/978-981-15-7749-9_1]",DOI:10.1038/s41576-023-00649-y,4
"LIU Y, 2020, LANCET INFECT DIS, V20, P656, DOI [10.1016/S1473-3099(15)00424-7, 10.1016/S1473-3099(20)30232-2, 10.1007/978-981-15-7749-9_1]",DOI:10.14202/vetworld.2022.743-749,3
"LIU Y, 2020, LANCET INFECT DIS, V20, P656, DOI [10.1016/S1473-3099(15)00424-7, 10.1016/S1473-3099(20)30232-2, 10.1007/978-981-15-7749-9_1]",DOI:10.4060/cb5545-n],3
"LIU Y, 2020, LANCET INFECT DIS, V20, P656, DOI [10.1016/S1473-3099(15)00424-7, 10.1016/S1473-3099(20)30232-2, 10.1007/978-981-15-7749-9_1]",DOI:10.1038/nrmicro1234,3
"LIU Y, 2020, LANCET INFECT DIS, V20, P656, DOI [10.1016/S1473-3099(15)00424-7, 10.1016/S1473-3099(20)30232-2, 10.1007/978-981-15-7749-9_1]",DOI:10.1073/pnas.1222743110,3
"LIU Y, 2020, LANCET INFECT DIS, V20, P656, DOI [10.1016/S1473-3099(15)00424-7, 10.1016/S1473-3099(20)30232-2, 10.1007/978-981-15-7749-9_1]",DOI:10.1128/mmbr.00020-10,3
"LIU Y, 2020, LANCET INFECT DIS, V20, P656, DOI [10.1016/S1473-3099(15)00424-7, 10.1016/S1473-3099(20)30232-2, 10.1007/978-981-15-7749-9_1]",DOI:10.3389/bjbs.2023.11387,3
"LIU Y, 2020, LANCET INFECT DIS, V20, P656, DOI [10.1016/S1473-3099(15)00424-7, 10.1016/S1473-3099(20)30232-2, 10.1007/978-981-15-7749-9_1]",DOI:10.1016/s1473-3099(13)70190-7,3
"LIU Y, 2020, LANCET INFECT DIS, V20, P656, DOI [10.1016/S1473-3099(15)00424-7, 10.1016/S1473-3099(20)30232-2, 10.1007/978-981-15-7749-9_1]",DOI:10.1038/nrmicro2312,3
"LIU Y, 2020, LANCET INFECT DIS, V20, P656, DOI [10.1016/S1473-3099(15)00424-7, 10.1016/S1473-3099(20)30232-2, 10.1007/978-981-15-7749-9_1]",DOI:10.1038/s41467-020-17278-2,3
"LIU Y, 2020, LANCET INFECT DIS, V20, P656, DOI [10.1016/S1473-3099(15)00424-7, 10.1016/S1473-3099(20)30232-2, 10.1007/978-981-15-7749-9_1]",DOI:10.1128/aac.00464-16,3
"LIU Y, 2020, LANCET INFECT DIS, V20, P656, DOI [10.1016/S1473-3099(15)00424-7, 10.1016/S1473-3099(20)30232-2, 10.1007/978-981-15-7749-9_1]",DOI:10.1128/cmr.00116-14,4
"LIU Y, 2020, LANCET INFECT DIS, V20, P656, DOI [10.1016/S1473-3099(15)00424-7, 10.1016/S1473-3099(20)30232-2, 10.1007/978-981-15-7749-9_1]",DOI:10.1016/s1473-3099(20)30149-3,3
"LIU Y, 2020, LANCET INFECT DIS, V20, P656, DOI [10.1016/S1473-3099(15)00424-7, 10.1016/S1473-3099(20)30232-2, 10.1007/978-981-15-7749-9_1]",DOI:10.1016/s1473-3099(12)70317-1,3
"LIU Y, 2020, LANCET INFECT DIS, V20, P656, DOI [10.1016/S1473-3099(15)00424-7, 10.1016/S1473-3099(20)30232-2, 10.1007/978-981-15-7749-9_1]",DOI:10.3201/eid1710.110655,4
"LIU Y, 2020, LANCET INFECT DIS, V20, P656, DOI [10.1016/S1473-3099(15)00424-7, 10.1016/S1473-3099(20)30232-2, 10.1007/978-981-15-7749-9_1]",DOI:10.1128/aac.02412-14,3
"LIU Y, 2020, LANCET INFECT DIS, V20, P656, DOI [10.1016/S1473-3099(15)00424-7, 10.1016/S1473-3099(20)30232-2, 10.1007/978-981-15-7749-9_1]",DOI:10.1038/s41564-019-0445-2,3
"LUDDEN C, 2019, MBIO, V10, DOI [10.1128/MBIO.02693-18, 10.1128/MBIO.02693-18]",DOI:10.1093/jac/dkac054,3
"LUDDEN C, 2019, MBIO, V10, DOI [10.1128/MBIO.02693-18, 10.1128/MBIO.02693-18]",DOI:10.1016/s1473-3099(20)30149-3,4
"LUDDEN C, 2019, MBIO, V10, DOI [10.1128/MBIO.02693-18, 10.1128/MBIO.02693-18]","SHEN C, 2020, LANCET MICROBE, V1, PE34, DOI [10.1016/S2666-5247(20)30005-7, 10.1016/S2666-5247(20)30005-7]",3
"LUDDEN C, 2019, MBIO, V10, DOI [10.1128/MBIO.02693-18, 10.1128/MBIO.02693-18]",DOI:10.1093/bioinformatics/btu153,3
"LUDDEN C, 2019, MBIO, V10, DOI [10.1128/MBIO.02693-18, 10.1128/MBIO.02693-18]",DOI:10.1093/jac/dkaa345,3
"LUDDEN C, 2019, MBIO, V10, DOI [10.1128/MBIO.02693-18, 10.1128/MBIO.02693-18]",DOI:10.1093/molbev/msaa015,3
"LUDDEN C, 2019, MBIO, V10, DOI [10.1128/MBIO.02693-18, 10.1128/MBIO.02693-18]",DOI:10.1101/gr.241455.118,3
"LUDDEN C, 2019, MBIO, V10, DOI [10.1128/MBIO.02693-18, 10.1128/MBIO.02693-18]",DOI:10.1126/sciadv.abe3868,3
"LUDDEN C, 2019, MBIO, V10, DOI [10.1128/MBIO.02693-18, 10.1128/MBIO.02693-18]","PRJIBELSKI ANDREY, 2020, CURR PROTOC BIOINFORMATICS, V70, PE102, DOI [10.1002/CPBI.102, 10.1002/CPBI.102]",3
"LUDDEN C, 2019, MBIO, V10, DOI [10.1128/MBIO.02693-18, 10.1128/MBIO.02693-18]","NGUYEN LT, 2015, MOL BIOL EVOL, V32, P268, DOI [10.1093/MOLBEV/MSU300, 10.1186/S13059-020-02090-4, 10.3390/MA15041530]",3
DOI:10.1016/s1473-3099(15)00424-7,DOI:10.1086/340246,4
DOI:10.1016/s1473-3099(15)00424-7,DOI:10.1093/cid/ciu785,3
DOI:10.1016/s1473-3099(15)00424-7,DOI:10.4060/cb5545-n],10
DOI:10.1016/s1473-3099(15)00424-7,"O'NEILL J., REV ANTIMICROBIAL RE",4
DOI:10.1016/s1473-3099(15)00424-7,DOI:10.1016/s1473-3099(10)70143-2,3
DOI:10.1016/s1473-3099(15)00424-7,DOI:10.1016/s2542-5196(18)30186-4,4
DOI:10.1016/s1473-3099(15)00424-7,DOI:10.1128/aac.01298-16,4
DOI:10.1016/s1473-3099(15)00424-7,DOI:10.1128/aem.01802-16,4
DOI:10.1016/s1473-3099(15)00424-7,DOI:10.1128/cmr.00002-11,5
DOI:10.1016/s1473-3099(15)00424-7,DOI:10.1016/j.aninu.2018.03.002,3
DOI:10.1016/s1473-3099(15)00424-7,DOI:10.1016/s0167-5877(96)01119-1,3
DOI:10.1016/s1473-3099(15)00424-7,DOI:10.1016/s1473-3099(13)70318-9,8
DOI:10.1016/s1473-3099(15)00424-7,DOI:10.1086/512369,5
DOI:10.1016/s1473-3099(15)00424-7,DOI:10.1146/annurev-phyto-080417-045946,3
DOI:10.1016/s1473-3099(15)00424-7,DOI:10.1186/cc3995,3
DOI:10.1016/s1473-3099(15)00424-7,DOI:10.1371/journal.pone.0159863,3
DOI:10.1016/s1473-3099(15)00424-7,DOI:10.2807/1560-7917.es.2016.21.17.30214,4
DOI:10.1016/s1473-3099(15)00424-7,DOI:10.3390/md15060158,3
DOI:10.1016/s1473-3099(15)00424-7,"WALL B A., 2016, DRIVERS, DYNAMICS AND EPIDEMIOLOGY OF ANTIMICROBIAL RESISTANCE IN ANIMAL PRODUCTION",4
DOI:10.1016/s1473-3099(15)00424-7,DOI:10.1002/bies.201400128,3
DOI:10.1016/s1473-3099(15)00424-7,DOI:10.1016/j.scitotenv.2013.01.032,5
DOI:10.1016/s1473-3099(15)00424-7,DOI:10.1016/j.tim.2013.11.001,6
DOI:10.1016/s1473-3099(15)00424-7,DOI:10.1016/s0140-6736(15)00473-0,9
DOI:10.1016/s1473-3099(15)00424-7,DOI:10.1016/s1473-3099(16)00100-6,4
DOI:10.1016/s1473-3099(15)00424-7,DOI:10.1021/acs.est.5b00729,3
DOI:10.1016/s1473-3099(15)00424-7,DOI:10.1021/acs.est.5b02566,4
DOI:10.1016/s1473-3099(15)00424-7,DOI:10.1086/605667,3
DOI:10.1016/s1473-3099(15)00424-7,DOI:10.1089/fpd.2015.1960,3
DOI:10.1016/s1473-3099(15)00424-7,DOI:10.1093/cid/cit355,5
DOI:10.1016/s1473-3099(15)00424-7,DOI:10.1093/jac/dku180,3
DOI:10.1016/s1473-3099(15)00424-7,DOI:10.1136/bmj.3.5614.333,3
DOI:10.1016/s1473-3099(15)00424-7,DOI:10.1289/ehp.1206316,3
DOI:10.1016/s1473-3099(15)00424-7,DOI:10.1371/journal.pgen.1004776,4
DOI:10.1016/s1473-3099(15)00424-7,DOI:10.2807/1560-7917.es.2015.20.49.30085,3
DOI:10.1016/s1473-3099(15)00424-7,DOI:10.2807/1560-7917.es.2016.21.27.30280,3
DOI:10.1016/s1473-3099(15)00424-7,"FAO (FOOD AND AGRICULTURE ORGANIZATION OF THE UNITED NATIONS), 2016, THE FAO ACTION PLAN ON ANTIMICROBIAL RESISTANCE 2016-2020",3
DOI:10.1016/s1473-3099(15)00424-7,"GOULD LH., 2013, MMWR, V62, P1",3
DOI:10.1016/s1473-3099(15)00424-7,"[ANONYMOUS], 2014, ANT RES GLOB REP SUR",6
DOI:10.1016/s1473-3099(15)00424-7,"[ANONYMOUS], 2017, WHO GUIDELINES ON USE OF MEDICALLY IMPORTANT ANTIMICROBIALS IN FOOD-PRODUCING ANIMALS",3
DOI:10.1016/s1473-3099(15)00424-7,DOI:10.1038/nmicrobiol.2016.260,3
DOI:10.1016/s1473-3099(15)00424-7,DOI:10.1038/s41564-018-0192-9,4
DOI:10.1016/s1473-3099(15)00424-7,DOI:10.1016/s0065-2113(05)87001-4,3
DOI:10.1016/s1473-3099(15)00424-7,DOI:10.1038/nrmicro3439,5
DOI:10.1016/s1473-3099(15)00424-7,DOI:10.1073/pnas.1222743110,4
DOI:10.1016/s1473-3099(15)00424-7,DOI:10.1126/science.1220761,4
DOI:10.1016/s1473-3099(15)00424-7,DOI:10.1128/mmbr.00016-10,3
DOI:10.1016/s1473-3099(15)00424-7,DOI:10.1038/nrmicro3270,3
DOI:10.1016/s1473-3099(15)00424-7,DOI:10.1111/zph.12182,3
DOI:10.1016/s1473-3099(15)00424-7,DOI:10.1128/aac.00774-09,4
DOI:10.1016/s1473-3099(15)00424-7,DOI:10.1128/aac.02412-14,5
DOI:10.1016/s1473-3099(15)00424-7,DOI:10.1038/ncomms3151,3
DOI:10.1016/s1473-3099(15)00424-7,DOI:10.1016/s1473-3099(16)00061-x,4
DOI:10.1016/s1473-3099(15)00424-7,DOI:10.1016/j.ijmm.2013.02.001,3
DOI:10.1016/s1473-3099(15)00424-7,DOI:10.1038/nrdp.2018.33,3
DOI:10.1016/s1473-3099(15)00424-7,DOI:10.1038/nrmicro1614,4
DOI:10.1016/s1473-3099(15)00424-7,DOI:10.1128/mmbr.00056-13,3
DOI:10.1016/s1473-3099(15)00424-7,DOI:10.1179/2047773215y.0000000030,3
DOI:10.1016/s1473-3099(15)00424-7,DOI:10.1038/nature17672,4
DOI:10.1016/s1473-3099(15)00424-7,DOI:10.1038/s41564-019-0445-2,5
DOI:10.1016/s1473-3099(15)00424-7,DOI:10.1038/s41564-019-0503-9,3
DOI:10.1016/s1473-3099(15)00424-7,DOI:10.1098/rstb.2014.0083,3
DOI:10.1016/s1473-3099(15)00424-7,DOI:10.1016/j.tim.2017.09.005,4
DOI:10.1016/s1473-3099(15)00424-7,DOI:10.1016/s1473-3099(20)30149-3,4
DOI:10.1016/s1473-3099(15)00424-7,DOI:10.1093/nar/gkz935,3
DOI:10.1016/s1473-3099(15)00424-7,"MA ZX, 2019, J MICROBIOL BIOTECHN, V29, P1683, DOI [10.4014/JMB.1909.9030, 10.4014/JMB.1909.09030]",3
DOI:10.1016/s1473-3099(15)00424-7,DOI:10.1038/s41564-018-0205-8,3
DOI:10.1016/s1473-3099(15)00424-7,DOI:10.1128/aac.01030-16,3
DOI:10.1016/s1473-3099(15)00424-7,DOI:10.3389/fpubh.2014.00145,3
DOI:10.1016/s1473-3099(15)00424-7,DOI:10.1093/jac/dkt443,3
DOI:10.1016/s1473-3099(15)00424-7,DOI:10.1016/j.ijantimicag.2012.11.004,3
DOI:10.1016/s1473-3099(15)00424-7,DOI:10.1016/s1473-3099(16)30527-8,3
DOI:10.1086/340246,DOI:10.1093/cid/ciu785,3
DOI:10.1086/340246,DOI:10.4060/cb5545-n],5
DOI:10.1086/340246,DOI:10.1016/j.scitotenv.2013.01.032,3
DOI:10.1086/340246,DOI:10.1016/s0140-6736(15)00473-0,3
DOI:10.1086/340246,DOI:10.1016/s1473-3099(13)70318-9,3
DOI:10.1086/340246,DOI:10.1128/cmr.00002-11,3
DOI:10.1093/cid/ciu785,DOI:10.4060/cb5545-n],4
DOI:10.1093/cid/ciu785,DOI:10.1016/s0140-6736(15)00473-0,5
DOI:10.1093/cid/ciu785,DOI:10.1089/fpd.2011.0950,3
DOI:10.1093/cid/ciu785,DOI:10.1089/fpd.2015.1960,3
DOI:10.1093/cid/ciu785,DOI:10.2903/j.efsa.2015.4006,3
DOI:10.1093/cid/ciu785,DOI:10.3201/eid2106.140706,3
DOI:10.1093/cid/ciu785,"[ANONYMOUS], 2014, ANT RES GLOB REP SUR",3
DOI:10.4060/cb5545-n],DOI:10.7554/elife.18082,3
DOI:10.4060/cb5545-n],"O'NEILL J., REV ANTIMICROBIAL RE",8
DOI:10.4060/cb5545-n],DOI:10.1016/s0167-5877(96)01119-1,3
DOI:10.4060/cb5545-n],DOI:10.1016/s1473-3099(13)70318-9,12
DOI:10.4060/cb5545-n],DOI:10.1016/s2214-109x(18)30278-x,3
DOI:10.4060/cb5545-n],DOI:10.1016/s2542-5196(18)30186-4,9
DOI:10.4060/cb5545-n],DOI:10.1086/512369,3
DOI:10.4060/cb5545-n],DOI:10.1093/femsec/fiy101,3
DOI:10.4060/cb5545-n],DOI:10.1128/aac.01298-16,3
DOI:10.4060/cb5545-n],DOI:10.1146/annurev-phyto-080417-045946,3
DOI:10.4060/cb5545-n],DOI:10.1186/cc3995,3
DOI:10.4060/cb5545-n],DOI:10.1371/journal.pone.0159863,3
DOI:10.4060/cb5545-n],DOI:10.2807/1560-7917.es.2016.21.17.30214,3
DOI:10.4060/cb5545-n],DOI:10.3389/fmicb.2018.00362,4
DOI:10.4060/cb5545-n],DOI:10.3389/fvets.2017.00237,3
DOI:10.4060/cb5545-n],DOI:10.4103/2045-080x.186181],6
DOI:10.4060/cb5545-n],"WALL B A., 2016, DRIVERS, DYNAMICS AND EPIDEMIOLOGY OF ANTIMICROBIAL RESISTANCE IN ANIMAL PRODUCTION",4
DOI:10.4060/cb5545-n],"WHO, 2017, INTEGRATED SURVEILLANCE OF ANTIMICROBIAL RESISTANCE IN FOODBORNE BACTERIA: APPLICATION OF A ONE HEALTH APPROACH INTERNET",5
DOI:10.4060/cb5545-n],DOI:10.1016/j.scitotenv.2013.01.032,6
DOI:10.4060/cb5545-n],DOI:10.1016/j.tim.2013.11.001,4
DOI:10.4060/cb5545-n],DOI:10.1016/s0140-6736(15)00473-0,15
DOI:10.4060/cb5545-n],DOI:10.1016/s1473-3099(12)70317-1,6
DOI:10.4060/cb5545-n],DOI:10.1016/s1473-3099(16)00100-6,4
DOI:10.4060/cb5545-n],DOI:10.1021/acs.est.5b00729,5
DOI:10.4060/cb5545-n],DOI:10.1021/acs.est.5b02566,5
DOI:10.4060/cb5545-n],DOI:10.1089/fpd.2011.0950,3
DOI:10.4060/cb5545-n],DOI:10.1093/cid/cit355,7
DOI:10.4060/cb5545-n],DOI:10.1111/jlme.12273,3
DOI:10.4060/cb5545-n],DOI:10.1126/science.1243444,3
DOI:10.4060/cb5545-n],DOI:10.12774/eod_cr.june2015.graced,4
DOI:10.4060/cb5545-n],DOI:10.1289/ehp.1206316,4
DOI:10.4060/cb5545-n],DOI:10.1586/14787210.6.5.733,4
DOI:10.4060/cb5545-n],DOI:10.2807/1560-7917.es.2015.20.49.30085,3
DOI:10.4060/cb5545-n],DOI:10.2903/j.efsa.2015.4006,3
DOI:10.4060/cb5545-n],DOI:10.3389/fmicb.2016.01728,5
DOI:10.4060/cb5545-n],DOI:10.3390/antibiotics4040567,3
DOI:10.4060/cb5545-n],"SWANN MM., 1969, USE ANTIBIOTICS ANIM",3
DOI:10.4060/cb5545-n],"[ANONYMOUS], 2014, ANT RES GLOB REP SUR",18
DOI:10.4060/cb5545-n],"[ANONYMOUS], 2016, CRITICALLY IMPORTANT ANTIMICROBIALS FOR HUMAN MEDICINE",4
DOI:10.4060/cb5545-n],"[ANONYMOUS], 2017, WHO GUIDELINES ON USE OF MEDICALLY IMPORTANT ANTIMICROBIALS IN FOOD-PRODUCING ANIMALS",4
DOI:10.4060/cb5545-n],DOI:10.1016/j.artmed.2021.102216,3
DOI:10.4060/cb5545-n],DOI:10.1016/j.envint.2018.04.041,4
DOI:10.4060/cb5545-n],DOI:10.1016/j.envint.2023.108089,3
DOI:10.4060/cb5545-n],DOI:10.1016/j.mib.2011.04.009,3
DOI:10.4060/cb5545-n],DOI:10.1016/s2542-5196(17)30141-9,7
DOI:10.4060/cb5545-n],DOI:10.1016/s2542-5196(23)00278-4,5
DOI:10.4060/cb5545-n],DOI:10.1038/nrmicro3439,10
DOI:10.4060/cb5545-n],DOI:10.1093/femsre/fux053,4
DOI:10.4060/cb5545-n],DOI:10.1093/jac/dkt443,5
DOI:10.4060/cb5545-n],DOI:10.1098/rsbl.2016.0137,3
DOI:10.4060/cb5545-n],DOI:10.1098/rstb.2014.0083,7
DOI:10.4060/cb5545-n],DOI:10.1128/cmr.00002-11,5
DOI:10.4060/cb5545-n],DOI:10.1128/mmbr.00016-10,3
DOI:10.4060/cb5545-n],DOI:10.1186/s13756-022-01130-x,4
DOI:10.4060/cb5545-n],DOI:10.1186/s40168-022-01405-w,3
DOI:10.4060/cb5545-n],DOI:10.1371/journal.ppat.1010537,5
DOI:10.4060/cb5545-n],DOI:10.2807/1560-7917.es.2021.26.4.2001359,4
DOI:10.4060/cb5545-n],DOI:10.3389/fcimb.2022.1065796,3
DOI:10.4060/cb5545-n],DOI:10.3390/healthcare11131946,3
DOI:10.4060/cb5545-n],DOI:10.3390/ijerph10072643,3
DOI:10.4060/cb5545-n],DOI:10.3390/molecules23040795,8
DOI:10.4060/cb5545-n],DOI:10.3390/w12123313,3
DOI:10.4060/cb5545-n],"O'NEILL J., 2016, REVIEW ON ANTIMICROBIAL RESISTANCE: TACKLING DRUG-RESISTANT INFECTIONS GLOBALLY: FINAL REPORT AND RECOMMENDATIONS",12
DOI:10.4060/cb5545-n],"[ANONYMOUS], 2017, WHO PUBLISHES LIST OF BACTERIA FOR WHICH NEW ANTIBIOTICS ARE URGENTLY NEEDED",3
DOI:10.4060/cb5545-n],DOI:10.1016/s2542-5196(23)00026-8,4
DOI:10.4060/cb5545-n],DOI:10.1016/s2542-5196(23)00135-3,3
DOI:10.4060/cb5545-n],DOI:10.1038/s41467-022-29283-8,3
DOI:10.4060/cb5545-n],DOI:10.1038/s41564-019-0503-9,5
DOI:10.4060/cb5545-n],DOI:10.1038/s41576-023-00649-y,3
DOI:10.4060/cb5545-n],DOI:10.1126/sciadv.aau9124,5
DOI:10.4060/cb5545-n],DOI:10.14202/vetworld.2022.743-749,3
DOI:10.4060/cb5545-n],"MULOI DM, 2023, LANCET MICROBE, V4, PE1056, DOI [10.1016/S2666-5247(23)00284-7, 10.1016/S2666-5247(23)00284]",5
DOI:10.4060/cb5545-n],"[ANONYMOUS], 2023, BRACING FOR SUPERBUGS: STRENGTHENING ENVIRONMENTAL ACTION IN THE ONE HEALTH RESPONSE TO ANTIMICROBIAL RESISTANCE",3
DOI:10.4060/cb5545-n],DOI:10.1177/2049936121991374,3
DOI:10.4060/cb5545-n],DOI:10.24911/ijmdc.51-1549060699,3
DOI:10.4060/cb5545-n],DOI:10.3389/fcimb.2021.771510,3
DOI:10.4060/cb5545-n],DOI:10.3390/antibiotics9070372,3
DOI:10.4060/cb5545-n],DOI:10.3390/ijms21061914,3
DOI:10.4060/cb5545-n],DOI:10.1016/j.jgar.2019.07.031,3
DOI:10.4060/cb5545-n],DOI:10.1186/1471-2458-14-269,3
DOI:10.4060/cb5545-n],DOI:10.1186/s12916-019-1412-8,3
DOI:10.4060/cb5545-n],DOI:10.1016/j.clinthera.2020.07.004,3
DOI:10.4060/cb5545-n],DOI:10.1186/s13756-017-0294-9,4
DOI:10.4060/cb5545-n],DOI:10.3389/fmicb.2016.01983,3
DOI:10.4060/cb5545-n],"SEALE ANNA C, 2017, WELLCOME OPEN RES, V2, P91, DOI [10.12688/WELLCOMEOPENRES.12523.1, 10.12688/WELLCOMEOPENRES.12523.1]",3
DOI:10.4060/cb5545-n],DOI:10.1016/j.envint.2022.107171,4
DOI:10.4060/cb5545-n],DOI:10.1093/femsec/fiy087,3
DOI:10.4060/cb5545-n],DOI:10.1179/2047773215y.0000000030,4
DOI:10.4060/cb5545-n],"VERSPORTEN A, 2018, LANCET GLOB HEALTH, V6, PE619, DOI [10.1016/S2214-109X(18)30186-4, 10.1016/S2214-109X(18)30186-4]",3
DOI:10.4060/cb5545-n],DOI:10.3389/fvets.2018.00023,3
DOI:10.4060/cb5545-n],DOI:10.1111/1462-2920.12134,3
DOI:10.4060/cb5545-n],DOI:10.2471/blt.20.280644,3
DOI:10.4060/cb5545-n],DOI:10.7554/elife.64139,3
DOI:10.4060/cb5545-n],"[ANONYMOUS], 2020, ANTIMICROBIAL RESISTANCE",3
DOI:10.4060/cb5545-n],DOI:10.1136/bmj.n71,3
DOI:10.4060/cb5545-n],DOI:10.1016/j.glmedi.2024.100081,4
DOI:10.4060/cb5545-n],DOI:10.1186/s13756-020-0697-x,3
DOI:10.4060/cb5545-n],DOI:10.1371/journal.pmed.1002378,3
DOI:10.4060/cb5545-n],DOI:10.3389/bjbs.2023.11387,3
DOI:10.4060/cb5545-n],DOI:10.1007/s10393-019-01415-5,4
DOI:10.4060/cb5545-n],DOI:10.1016/j.lanwpc.2020.100084,7
DOI:10.4060/cb5545-n],DOI:10.1016/s0140-6736(24)00862-6,3
DOI:10.4060/cb5545-n],DOI:10.1016/s1473-3099(22)00796-4,5
DOI:10.4060/cb5545-n],DOI:10.1016/s2214-109x(21)00024-3,3
DOI:10.4060/cb5545-n],DOI:10.1016/s2214-109x(23)00019-0,5
DOI:10.4060/cb5545-n],DOI:10.1016/s2666-5247(24)00134-4,3
DOI:10.4060/cb5545-n],DOI:10.1136/bmjgh-2019-002104,7
DOI:10.4060/cb5545-n],DOI:10.1186/s12879-023-08585-2,3
DOI:10.4060/cb5545-n],DOI:10.3389/fvets.2021.611931,3
DOI:10.4060/cb5545-n],DOI:10.7326/m18-0850,3
DOI:10.4060/cb5545-n],DOI:10.1016/j.tim.2016.11.014,3
DOI:10.4060/cb5545-n],DOI:10.3389/fvets.2017.00126,3
DOI:10.4060/cb5545-n],DOI:10.1038/s41467-020-16322-5,3
DOI:10.4060/cb5545-n],DOI:10.1093/cid/ciab796,3
DOI:10.4060/cb5545-n],DOI:10.1126/science.aaw1944,5
DOI:10.4060/cb5545-n],DOI:10.1016/j.jgar.2020.10.009,3
DOI:10.4060/cb5545-n],DOI:10.1038/s41598-021-91456-0,4
DOI:10.4060/cb5545-n],DOI:10.1093/jac/dkaa345,3
DOI:10.4060/cb5545-n],DOI:10.1093/nar/gkac920,3
DOI:10.4060/cb5545-n],DOI:10.2134/jeq2016.01.0023,3
DOI:10.4060/cb5545-n],DOI:10.1371/journal.pgph.0001305,3
DOI:10.4060/cb5545-n],DOI:10.1016/s1473-3099(19)30415-3,7
DOI:10.4060/cb5545-n],DOI:10.1111/j.1469-0691.2011.03570.x,6
DOI:10.4060/cb5545-n],DOI:10.25011/cim.v30i4.1777,3
DOI:10.4060/cb5545-n],"WORLD HEALTH ORGANIZATION, 2002, SURV STAND ANT RES",3
DOI:10.4060/cb5545-n],DOI:10.1016/s1473-3099(17)30485-1,5
DOI:10.4060/cb5545-n],DOI:10.1128/cmr.00048-19,3
DOI:10.4060/cb5545-n],DOI:10.1186/s13756-021-00931-w,7
DOI:10.4060/cb5545-n],DOI:10.3390/antibiotics11040427,3
DOI:10.4060/cb5545-n],"[ANONYMOUS], 2015, GLOBAL ACTION PLAN ON ANTIMICROBIAL RESISTANCE",3
DOI:10.4060/cb5545-n],"[ANONYMOUS], 2021, GLOBAL ANTIMICROBIAL RESISTANCE AND USE SURVEILLANCE SYSTEM (GLASS)",7
DOI:10.4060/cb5545-n],DOI:10.1016/j.onehlt.2017.03.004,4
DOI:10.4060/cb5545-n],DOI:10.1016/s0140-6736(15)00474-2,3
DOI:10.4060/cb5545-n],DOI:10.1186/s13756-018-0336-y,3
DOI:10.4060/cb5545-n],DOI:10.3389/fvets.2018.00014,3
DOI:10.4060/cb5545-n],DOI:10.1016/j.eururo.2022.08.023,5
DOI:10.4060/cb5545-n],DOI:10.1111/1469-0691.12028,3
DOI:10.4060/cb5545-n],DOI:10.1016/s1473-3099(05)70189-4,3
DOI:10.4060/cb5545-n],DOI:10.1016/s1473-3099(11)70054-8,3
DOI:10.4060/cb5545-n],DOI:10.3389/fmicb.2022.838490,3
DOI:10.4060/cb5545-n],DOI:10.3390/antibiotics12081313,3
DOI:10.4060/cb5545-n],"THOMPSON TOSIN, 2022, NATURE, DOI [10.1038/D41586-022-00228-X, 10.1038/D41586-022-00228-X]",3
DOI:10.4060/cb5545-n],"[ANONYMOUS], 2017, GLOBAL ANTIMICROBIAL RESISTANCE SURVEILLANCE SYSTEM (GLASS)",3
DOI:10.4060/cb5545-n],DOI:10.1016/s1473-3099(18)30060-4,3
DOI:10.4060/cb5545-n],DOI:10.1017/s0950268809990100,3
DOI:10.4060/cb5545-n],DOI:10.1128/mbio.02227-15,3
DOI:10.4060/cb5545-n],DOI:10.1021/acs.est.7b03623,3
DOI:10.4060/cb5545-n],DOI:10.1186/s40545-021-00309-8,3
DOI:10.4060/cb5545-n],DOI:10.1038/s41564-018-0208-5,3
DOI:10.4060/cb5545-n],DOI:10.3389/fmed.2019.00205,3
DOI:10.4060/cb5545-n],DOI:10.15620/cdc:82532,3
DOI:10.4060/cb5545-n],DOI:10.1136/bmjgh-2019-002244,3
DOI:10.4060/cb5545-n],DOI:10.3390/tropicalmed4040144,3
DOI:10.4060/cb5545-n],DOI:10.1016/j.cmi.2016.11.012,3
DOI:10.4060/cb5545-n],DOI:10.1111/j.1198-743x.2004.00887.x,3
DOI:10.4060/cb5545-n],"WORLD HEALTH ORGANIZATION, 2015, CALL PART GLOB ANT R",3
DOI:10.4060/cb5545-n],"ACAR JF, 2013, REV SCI TECH OIE, V32, P383",3
DOI:10.4060/cb5545-n],"[ANONYMOUS], 2019, CRITICALLY IMPORTANT ANTIMICROBIALS FOR HUMAN MEDICINE, 6TH REVISION",3
DOI:10.4060/cb5545-n],DOI:10.1093/cid/cix417,3
DOI:10.4060/cb5545-n],DOI:10.1128/jcm.01260-18,3
DOI:10.4060/cb5545-n],DOI:10.1186/s12992-023-00913-0,3
DOI:10.4060/cb5545-n],DOI:10.1080/14787210.2021.1951705,3
DOI:10.4060/cb5545-n],DOI:10.1098/rspb.2018.0332,3
DOI:10.4060/cb5545-n],DOI:10.2147/idr.s234610,3
DOI:10.4060/cb5545-n],"SEALE ANNA C, 2017, WELLCOME OPEN RES, V2, P92, DOI [10.12688/WELLCOMEOPENRES.12527.1, 10.12688/WELLCOMEOPENRES.12527.1]",4
DOI:10.4060/cb5545-n],"BANK W., 2017, DRUG RESISTANT INFEC",3
DOI:10.4060/cb5545-n],DOI:10.1093/jtm/taz036,3
DOI:10.4060/cb5545-n],DOI:10.3399/bjgp14x682561,3
DOI:10.4060/cb5545-n],DOI:10.1186/s13073-021-00858-2,3
DOI:10.4060/cb5545-n],DOI:10.1099/mgen.0.000093,3
DOI:10.4060/cb5545-n],DOI:10.1093/intqhc/mzm042,3
DOI:10.4060/cb5545-n],DOI:10.1186/s40249-018-0459-7,3
DOI:10.4060/cb5545-n],DOI:10.1093/jac/dky026,4
DOI:10.4060/cb5545-n],DOI:10.2147/idr.s237038,3
DOI:10.4060/cb5545-n],DOI:10.3201/eid2313.170949,3
DOI:10.4060/cb5545-n],DOI:10.3389/fvets.2021.620998,3
DOI:10.4060/cb5545-n],DOI:10.1016/s0924-8579(00)00148-5,3
DOI:10.4060/cb5545-n],DOI:10.1186/s12575-022-00182-y,3
DOI:10.4060/cb5545-n],DOI:10.1371/journal.pmed.1004265,3
DOI:10.4060/cb5545-n],DOI:10.2147/idr.s290835,3
"O'NEILL J., REV ANTIMICROBIAL RE",DOI:10.1016/s1473-3099(17)30485-1,3
"O'NEILL J., REV ANTIMICROBIAL RE","[ANONYMOUS], 2014, ANT RES GLOB REP SUR",4
"O'NEILL J., REV ANTIMICROBIAL RE","[ANONYMOUS], 2016, CRITICALLY IMPORTANT ANTIMICROBIALS FOR HUMAN MEDICINE",4
"O'NEILL J., REV ANTIMICROBIAL RE",DOI:10.1016/s0140-6736(15)00473-0,5
"O'NEILL J., REV ANTIMICROBIAL RE",DOI:10.1016/s1473-3099(13)70318-9,4
"O'NEILL J., REV ANTIMICROBIAL RE",DOI:10.1016/s2542-5196(18)30186-4,7
"O'NEILL J., REV ANTIMICROBIAL RE",DOI:10.1021/acs.est.5b02566,3
"O'NEILL J., REV ANTIMICROBIAL RE",DOI:10.1093/cid/cit355,3
"O'NEILL J., REV ANTIMICROBIAL RE",DOI:10.1586/14787210.6.5.733,3
"O'NEILL J., REV ANTIMICROBIAL RE",DOI:10.3389/fmicb.2016.01728,3
"O'NEILL J., REV ANTIMICROBIAL RE",DOI:10.1016/s2542-5196(17)30141-9,3
"O'NEILL J., REV ANTIMICROBIAL RE",DOI:10.1093/cid/ciaa530,3
"O'NEILL J., REV ANTIMICROBIAL RE",DOI:10.1093/jtm/taz036,3
DOI:10.1016/s1473-3099(18)30060-4,DOI:10.1016/s1473-3099(17)30485-1,3
DOI:10.1016/s2542-5196(18)30186-4,DOI:10.1128/aac.01298-16,3
DOI:10.1016/s2542-5196(18)30186-4,DOI:10.1016/s1473-3099(13)70318-9,7
DOI:10.1016/s2542-5196(18)30186-4,DOI:10.1093/femsec/fiy101,4
DOI:10.1016/s2542-5196(18)30186-4,DOI:10.1093/jac/dkx260,3
DOI:10.1016/s2542-5196(18)30186-4,DOI:10.1016/j.eururo.2022.08.023,3
DOI:10.1016/s2542-5196(18)30186-4,DOI:10.1093/jtm/taz036,5
DOI:10.1016/s2542-5196(18)30186-4,DOI:10.1016/s0140-6736(15)00473-0,7
DOI:10.1016/s2542-5196(18)30186-4,DOI:10.1016/s1473-3099(12)70317-1,3
DOI:10.1016/s2542-5196(18)30186-4,DOI:10.1016/s1473-3099(16)00100-6,3
DOI:10.1016/s2542-5196(18)30186-4,DOI:10.1021/acs.est.5b02566,3
DOI:10.1016/s2542-5196(18)30186-4,DOI:10.1093/cid/cit355,3
DOI:10.1016/s2542-5196(18)30186-4,DOI:10.1586/14787210.6.5.733,3
DOI:10.1016/s2542-5196(18)30186-4,DOI:10.1038/nrmicro2312,3
DOI:10.1016/s2542-5196(18)30186-4,DOI:10.1038/s41564-019-0503-9,6
DOI:10.1016/s2542-5196(18)30186-4,"[ANONYMOUS], 2015, GLOBAL ACTION PLAN ON ANTIMICROBIAL RESISTANCE",4
DOI:10.1016/s2542-5196(18)30186-4,DOI:10.1038/nrmicro3439,6
DOI:10.1016/s2542-5196(18)30186-4,DOI:10.1038/s42003-020-01545-5,3
DOI:10.1016/s2542-5196(18)30186-4,DOI:10.1126/sciadv.aau9124,3
DOI:10.1016/s2542-5196(18)30186-4,DOI:10.1038/537159a,3
DOI:10.1016/s2542-5196(18)30186-4,DOI:10.1080/16549716.2018.1483637,3
DOI:10.1016/s2542-5196(18)30186-4,"MAJOWICZ SHANNON E, 2018, BMC RES NOTES, V11, P170, DOI [10.1186/S13104-018-3279-8, 10.1186/S13104-018-3279-8]",4
DOI:10.1016/s2542-5196(18)30186-4,DOI:10.1016/j.tim.2016.11.014,3
DOI:10.1016/s2542-5196(18)30186-4,DOI:10.1016/s1473-3099(20)30392-3,3
DOI:10.1016/s2542-5196(18)30186-4,DOI:10.1186/s40249-018-0459-7,3
DOI:10.1016/s2542-5196(18)30186-4,"KIM DH., 1994, SYSTEMS THINKING TOO",3
DOI:10.1128/aac.01298-16,DOI:10.1016/s0167-5877(96)01119-1,3
DOI:10.1128/aac.01298-16,DOI:10.1016/s1473-3099(13)70318-9,3
DOI:10.1128/aac.01298-16,DOI:10.1086/512369,3
DOI:10.1128/aac.01298-16,DOI:10.1186/cc3995,3
DOI:10.1128/aac.01298-16,DOI:10.1371/journal.pone.0159863,3
DOI:10.1128/aac.01298-16,DOI:10.2807/1560-7917.es.2016.21.17.30214,3
DOI:10.1128/aac.01298-16,"WALL B A., 2016, DRIVERS, DYNAMICS AND EPIDEMIOLOGY OF ANTIMICROBIAL RESISTANCE IN ANIMAL PRODUCTION",3
DOI:10.1128/aac.01298-16,DOI:10.2807/1560-7917.es.2015.20.49.30085,3
DOI:10.1128/aem.01802-16,DOI:10.1038/nature17672,4
DOI:10.1128/aem.01802-16,DOI:10.1038/nrmicro3399,4
DOI:10.1128/aem.01802-16,DOI:10.1038/nrmicro3439,3
DOI:10.1128/aem.01802-16,DOI:10.1126/science.1220761,3
DOI:10.1128/cmr.00002-11,DOI:10.1016/j.scitotenv.2013.01.032,3
DOI:10.1128/cmr.00002-11,DOI:10.1038/nrmicro3439,5
DOI:10.1128/cmr.00002-11,DOI:10.1093/jac/dkt443,3
DOI:10.1128/cmr.00002-11,DOI:10.3390/healthcare11131946,3
DOI:10.1128/cmr.00002-11,DOI:10.3390/molecules23040795,4
DOI:10.1128/cmr.00002-11,DOI:10.1093/cid/ciw475,3
DOI:10.1128/cmr.00002-11,DOI:10.3389/fmicb.2015.00034,3
DOI:10.1128/cmr.00002-11,DOI:10.1007/s42770-021-00635-8,3
DOI:10.1128/cmr.00002-11,DOI:10.1128/aac.44.7.1771-1777.2000,4
DOI:10.1128/cmr.00002-11,DOI:10.3389/fmicb.2016.01881,3
DOI:10.1016/s0140-6736(15)00473-0,DOI:10.1111/nyas.14036,4
DOI:10.1016/s0140-6736(15)00473-0,DOI:10.4103/jgid.jgid_110_18,3
DOI:10.1016/s0140-6736(15)00473-0,"[ANONYMOUS], 2017, WHO PUBLISHES LIST OF BACTERIA FOR WHICH NEW ANTIBIOTICS ARE URGENTLY NEEDED",3
DOI:10.1016/s0140-6736(15)00473-0,DOI:10.1016/j.scitotenv.2013.01.032,6
DOI:10.1016/s0140-6736(15)00473-0,DOI:10.1016/j.tim.2013.11.001,4
DOI:10.1016/s0140-6736(15)00473-0,DOI:10.1016/s1473-3099(12)70317-1,4
DOI:10.1016/s0140-6736(15)00473-0,DOI:10.1016/s1473-3099(13)70318-9,6
DOI:10.1016/s0140-6736(15)00473-0,DOI:10.1016/s1473-3099(16)00100-6,4
DOI:10.1016/s0140-6736(15)00473-0,DOI:10.1021/acs.est.5b00729,4
DOI:10.1016/s0140-6736(15)00473-0,DOI:10.1021/acs.est.5b02566,5
DOI:10.1016/s0140-6736(15)00473-0,DOI:10.1089/fpd.2011.0950,3
DOI:10.1016/s0140-6736(15)00473-0,DOI:10.1089/fpd.2015.1960,3
DOI:10.1016/s0140-6736(15)00473-0,DOI:10.1093/cid/cit355,4
DOI:10.1016/s0140-6736(15)00473-0,DOI:10.1093/jac/dku180,3
DOI:10.1016/s0140-6736(15)00473-0,DOI:10.1111/jlme.12273,3
DOI:10.1016/s0140-6736(15)00473-0,DOI:10.1128/aac.00066-16,3
DOI:10.1016/s0140-6736(15)00473-0,DOI:10.1289/ehp.1206316,3
DOI:10.1016/s0140-6736(15)00473-0,DOI:10.1371/journal.pone.0080575,3
DOI:10.1016/s0140-6736(15)00473-0,DOI:10.1586/14787210.6.5.733,3
DOI:10.1016/s0140-6736(15)00473-0,DOI:10.2134/jeq2015.05.0250,3
DOI:10.1016/s0140-6736(15)00473-0,DOI:10.2807/1560-7917.es.2016.21.17.30214,3
DOI:10.1016/s0140-6736(15)00473-0,DOI:10.2807/1560-7917.es.2016.21.27.30280,3
DOI:10.1016/s0140-6736(15)00473-0,DOI:10.3201/eid2106.140706,3
DOI:10.1016/s0140-6736(15)00473-0,DOI:10.3389/fmicb.2016.01728,5
DOI:10.1016/s0140-6736(15)00473-0,"WALL B A., 2016, DRIVERS, DYNAMICS AND EPIDEMIOLOGY OF ANTIMICROBIAL RESISTANCE IN ANIMAL PRODUCTION",4
DOI:10.1016/s0140-6736(15)00473-0,"[ANONYMOUS], 2014, ANT RES GLOB REP SUR",4
DOI:10.1016/s0140-6736(15)00473-0,"[ANONYMOUS], 2016, CRITICALLY IMPORTANT ANTIMICROBIALS FOR HUMAN MEDICINE",3
DOI:10.1016/s0140-6736(15)00473-0,DOI:10.1016/j.tim.2006.02.006,4
DOI:10.1016/s0140-6736(15)00473-0,DOI:10.1016/s2542-5196(23)00026-8,3
DOI:10.1016/s0140-6736(15)00473-0,DOI:10.1038/nrmicro2319,3
DOI:10.1016/s0140-6736(15)00473-0,DOI:10.1038/nrmicro3439,6
DOI:10.1016/s0140-6736(15)00473-0,DOI:10.1038/s41396-022-01315-7,3
DOI:10.1016/s0140-6736(15)00473-0,DOI:10.1098/rstb.2014.0085,3
DOI:10.1016/s0140-6736(15)00473-0,DOI:10.1128/mmbr.00016-10,4
DOI:10.1016/s0140-6736(15)00473-0,DOI:10.14202/vetworld.2022.743-749,4
DOI:10.1016/s0140-6736(15)00473-0,"MULOI DM, 2023, LANCET MICROBE, V4, PE1056, DOI [10.1016/S2666-5247(23)00284-7, 10.1016/S2666-5247(23)00284]",3
DOI:10.1016/s0140-6736(15)00473-0,DOI:10.1016/s2542-5196(17)30141-9,7
DOI:10.1016/s0140-6736(15)00473-0,DOI:10.1128/mbio.00305-11,4
DOI:10.1016/s0140-6736(15)00473-0,DOI:10.1126/science.aao1495,7
DOI:10.1016/s0140-6736(15)00473-0,DOI:10.1016/j.eururo.2022.08.023,7
DOI:10.1016/s0140-6736(15)00473-0,DOI:10.1016/j.glmedi.2024.100081,3
DOI:10.1016/s0140-6736(15)00473-0,DOI:10.1016/j.ijmm.2013.02.001,3
DOI:10.1016/s0140-6736(15)00473-0,DOI:10.1016/s0140-6736(15)00474-2,3
DOI:10.1016/s0140-6736(15)00473-0,DOI:10.1038/nrmicro1614,3
DOI:10.1016/s0140-6736(15)00473-0,DOI:10.1111/nyas.12830,3
DOI:10.1016/s0140-6736(15)00473-0,DOI:10.1128/cmr.00050-19,3
DOI:10.1016/s0140-6736(15)00473-0,DOI:10.1179/2047773215y.0000000030,5
DOI:10.1016/s0140-6736(15)00473-0,DOI:10.24911/ijmdc.51-1549060699,3
DOI:10.1016/s0140-6736(15)00473-0,DOI:10.3389/bjbs.2023.11387,3
DOI:10.1016/s0140-6736(15)00473-0,"O'NEILL J., 2016, REVIEW ON ANTIMICROBIAL RESISTANCE: TACKLING DRUG-RESISTANT INFECTIONS GLOBALLY: FINAL REPORT AND RECOMMENDATIONS",8
DOI:10.1016/s0140-6736(15)00473-0,DOI:10.1038/nrmicro2312,4
DOI:10.1016/s0140-6736(15)00473-0,DOI:10.1128/aem.03366-14,3
DOI:10.1016/s0140-6736(15)00473-0,DOI:10.1186/1471-2334-14-13,3
DOI:10.1016/s0140-6736(15)00473-0,DOI:10.2147/idr.s234610,3
DOI:10.1016/s0140-6736(15)00473-0,DOI:10.3109/03009734.2014.905663,3
DOI:10.1016/s0140-6736(15)00473-0,DOI:10.1016/j.ijantimicag.2016.09.016,3
DOI:10.1016/s0140-6736(15)00473-0,DOI:10.1038/s41564-018-0205-8,4
DOI:10.1016/s0140-6736(15)00473-0,DOI:10.1186/s13620-019-0154-4,3
DOI:10.1016/s0140-6736(15)00473-0,DOI:10.1016/j.mib.2011.04.009,4
DOI:10.1016/s0140-6736(15)00473-0,DOI:10.3389/fmicb.2015.00034,4
DOI:10.1016/s0140-6736(15)00473-0,DOI:10.3389/fvets.2017.00126,3
DOI:10.1016/s0140-6736(15)00473-0,"SAMREEN, 2021, J GLOB ANTIMICROB RE, V27, P101, DOI [10.1016/J.JGAR.2021.08.001, 10.1097/JS9.0000000000001165]",3
DOI:10.1016/s0140-6736(15)00473-0,DOI:10.1016/j.ijantimicag.2018.09.022,3
DOI:10.1016/s0140-6736(15)00473-0,DOI:10.1080/16549716.2019.1599560,3
DOI:10.1016/s0140-6736(15)00473-0,DOI:10.1016/s1473-3099(20)30392-3,4
DOI:10.1016/s0140-6736(15)00473-0,DOI:10.1093/jac/dkt443,4
DOI:10.1016/s0140-6736(15)00473-0,DOI:10.3390/antibiotics5040037,3
DOI:10.1016/s0140-6736(15)00473-0,DOI:10.3390/antibiotics8010033,3
DOI:10.1016/s0140-6736(15)00473-0,DOI:10.3390/ijms21061914,3
DOI:10.1016/s0140-6736(15)00473-0,DOI:10.3390/molecules23040795,4
DOI:10.1016/s0140-6736(15)00473-0,DOI:10.1098/rstb.2014.0083,3
DOI:10.1016/s0140-6736(15)00473-0,DOI:10.1126/science.aaw1944,6
DOI:10.1016/s0140-6736(15)00473-0,DOI:10.1021/acs.est.7b03623,3
DOI:10.1016/s0140-6736(15)00473-0,DOI:10.1098/rspb.2018.0332,4
DOI:10.1016/s0140-6736(15)00473-0,DOI:10.3389/fcimb.2021.771510,4
DOI:10.1016/s0140-6736(15)00473-0,DOI:10.3390/antibiotics11101362,3
DOI:10.1016/s0140-6736(15)00473-0,DOI:10.1016/s1473-3099(18)30296-2,4
DOI:10.1016/s0140-6736(15)00473-0,DOI:10.1016/s2542-5196(19)30130-5,3
DOI:10.1016/s0140-6736(15)00473-0,DOI:10.1186/s40249-018-0459-7,3
DOI:10.1016/s0140-6736(15)00473-0,DOI:10.3390/antibiotics9070372,3
DOI:10.1016/s0140-6736(15)00473-0,DOI:10.3390/healthcare11131946,3
DOI:10.1016/s0140-6736(15)00473-0,DOI:10.1136/bmj.n71,3
DOI:10.1016/s0140-6736(15)00473-0,DOI:10.15620/cdc:82532,3
DOI:10.1016/s0140-6736(15)00473-0,DOI:10.1111/1348-0421.12462,3
DOI:10.1016/s0140-6736(15)00473-0,DOI:10.1111/j.1469-0691.2011.03570.x,5
DOI:10.1016/s0140-6736(15)00473-0,DOI:10.1186/s12889-018-6022-4,3
DOI:10.1016/s0140-6736(15)00473-0,DOI:10.3399/bjgp14x682561,4
DOI:10.1016/s0140-6736(15)00473-0,DOI:10.1016/j.lanwpc.2020.100084,3
DOI:10.1016/s0140-6736(15)00473-0,DOI:10.1093/jtm/taz036,4
DOI:10.1016/s0140-6736(15)00473-0,DOI:10.1007/s13280-016-0800-y,3
DOI:10.1016/s0140-6736(15)00473-0,"MAJOWICZ SHANNON E, 2018, BMC RES NOTES, V11, P170, DOI [10.1186/S13104-018-3279-8, 10.1186/S13104-018-3279-8]",3
DOI:10.1111/nyas.14036,DOI:10.1126/science.aaw1944,3
DOI:10.1111/nyas.14036,DOI:10.1371/journal.ppat.1010537,3
DOI:10.1111/nyas.14036,DOI:10.1016/s2542-5196(18)30124-4,3
DOI:10.1111/nyas.14036,DOI:10.3390/antibiotics5040037,3
DOI:10.1111/nyas.14036,DOI:10.1111/j.1469-0691.2011.03570.x,3
DOI:10.1111/nyas.14036,DOI:10.2903/j.efsa.2019.5709,3
DOI:10.4103/jgid.jgid_110_18,DOI:10.24911/ijmdc.51-1549060699,4
DOI:10.4103/jgid.jgid_110_18,DOI:10.2147/idr.s234610,4
DOI:10.4103/jgid.jgid_110_18,DOI:10.3390/molecules23040795,3
"[ANONYMOUS], 2017, WHO PUBLISHES LIST OF BACTERIA FOR WHICH NEW ANTIBIOTICS ARE URGENTLY NEEDED",DOI:10.1093/jac/dkaa345,3
DOI:10.1016/j.eururo.2022.08.023,DOI:10.1016/j.femsle.2005.02.034,3
DOI:10.1016/j.eururo.2022.08.023,DOI:10.1016/j.glmedi.2024.100081,4
DOI:10.1016/j.eururo.2022.08.023,DOI:10.1016/s1473-3099(13)70318-9,4
DOI:10.1016/j.eururo.2022.08.023,DOI:10.1038/nrmicro3380,3
DOI:10.1016/j.eururo.2022.08.023,DOI:10.1101/cshperspect.a025247,3
DOI:10.1016/j.eururo.2022.08.023,DOI:10.1128/aac.01009-09,3
DOI:10.1016/j.eururo.2022.08.023,"HALL CW, 2017, FEMS MICROBIOL REV, V41, P276, DOI [10.1093/FEMSRE/F, 10.1093/FEMSRE/FUX010]",3
DOI:10.1016/j.eururo.2022.08.023,"O'NEILL J., 2016, REVIEW ON ANTIMICROBIAL RESISTANCE: TACKLING DRUG-RESISTANT INFECTIONS GLOBALLY: FINAL REPORT AND RECOMMENDATIONS",7
DOI:10.1016/j.eururo.2022.08.023,DOI:10.1016/j.scitotenv.2013.01.032,4
DOI:10.1016/j.eururo.2022.08.023,DOI:10.1016/s2542-5196(17)30141-9,3
DOI:10.1016/j.eururo.2022.08.023,DOI:10.1038/nrmicro.2016.94,3
DOI:10.1016/j.eururo.2022.08.023,DOI:10.1038/nrmicro3439,7
DOI:10.1016/j.eururo.2022.08.023,DOI:10.1080/14787210.2021.1951705,3
DOI:10.1016/j.eururo.2022.08.023,DOI:10.1111/1462-2920.12134,4
DOI:10.1016/j.eururo.2022.08.023,DOI:10.3390/foods13152448,3
DOI:10.1016/j.eururo.2022.08.023,DOI:10.1016/s2214-109x(23)00539-9,4
DOI:10.1016/j.eururo.2022.08.023,"WORLD HEALTH ORGANIZATION, 2015, GLOBAL ACTION PLAN A",5
DOI:10.1016/j.eururo.2022.08.023,DOI:10.1186/s40168-018-0401-z,3
DOI:10.1016/j.eururo.2022.08.023,DOI:10.1016/j.idnow.2024.104895,3
DOI:10.1016/j.eururo.2022.08.023,DOI:10.1371/journal.pgph.0001305,3
DOI:10.1016/j.eururo.2022.08.023,DOI:10.3390/molecules23040795,4
DOI:10.1016/j.eururo.2022.08.023,DOI:10.14202/vetworld.2022.743-749,4
DOI:10.1016/j.eururo.2022.08.023,DOI:10.1007/s42770-021-00624-x,3
DOI:10.1016/j.eururo.2022.08.023,"SAMREEN, 2021, J GLOB ANTIMICROB RE, V27, P101, DOI [10.1016/J.JGAR.2021.08.001, 10.1097/JS9.0000000000001165]",4
DOI:10.1016/j.eururo.2022.08.023,DOI:10.1186/s12889-024-19158-6,3
DOI:10.1016/j.eururo.2022.08.023,DOI:10.1016/j.chemosphere.2008.11.086,3
DOI:10.1016/j.eururo.2022.08.023,DOI:10.1126/science.aao1495,3
DOI:10.1016/j.eururo.2022.08.023,DOI:10.1126/science.aaw1944,4
DOI:10.1016/j.eururo.2022.08.023,DOI:10.1098/rstb.2014.0083,3
DOI:10.1016/j.eururo.2022.08.023,DOI:10.1080/1364557032000119616,3
DOI:10.1016/j.eururo.2022.08.023,"KIRK MD, 2015, PLOS MED, V12, DOI [10.1371/JOURNAL.PMED.1001921, 10.1371/JOURNAL.PMED.1001940]",3
DOI:10.1016/s0167-5877(96)01119-1,DOI:10.1016/s1473-3099(13)70318-9,3
DOI:10.1016/s0167-5877(96)01119-1,DOI:10.1086/512369,3
DOI:10.1016/s0167-5877(96)01119-1,DOI:10.1186/cc3995,3
DOI:10.1016/s0167-5877(96)01119-1,DOI:10.1371/journal.pone.0159863,3
DOI:10.1016/s0167-5877(96)01119-1,DOI:10.2807/1560-7917.es.2016.21.17.30214,3
DOI:10.1016/s0167-5877(96)01119-1,"WALL B A., 2016, DRIVERS, DYNAMICS AND EPIDEMIOLOGY OF ANTIMICROBIAL RESISTANCE IN ANIMAL PRODUCTION",3
DOI:10.1016/s1473-3099(13)70318-9,DOI:10.1086/512369,3
DOI:10.1016/s1473-3099(13)70318-9,DOI:10.1146/annurev-phyto-080417-045946,3
DOI:10.1016/s1473-3099(13)70318-9,DOI:10.1186/cc3995,3
DOI:10.1016/s1473-3099(13)70318-9,DOI:10.1371/journal.pone.0159863,3
DOI:10.1016/s1473-3099(13)70318-9,DOI:10.2807/1560-7917.es.2016.21.17.30214,3
DOI:10.1016/s1473-3099(13)70318-9,"WALL B A., 2016, DRIVERS, DYNAMICS AND EPIDEMIOLOGY OF ANTIMICROBIAL RESISTANCE IN ANIMAL PRODUCTION",3
DOI:10.1016/s1473-3099(13)70318-9,"WHO, 2017, INTEGRATED SURVEILLANCE OF ANTIMICROBIAL RESISTANCE IN FOODBORNE BACTERIA: APPLICATION OF A ONE HEALTH APPROACH INTERNET",4
DOI:10.1016/s1473-3099(13)70318-9,DOI:10.1016/j.scitotenv.2013.01.032,4
DOI:10.1016/s1473-3099(13)70318-9,DOI:10.1016/s1473-3099(12)70317-1,3
DOI:10.1016/s1473-3099(13)70318-9,DOI:10.1016/s1473-3099(16)00100-6,3
DOI:10.1016/s1473-3099(13)70318-9,DOI:10.1021/acs.est.5b02566,3
DOI:10.1016/s1473-3099(13)70318-9,DOI:10.1086/340247,3
DOI:10.1016/s1473-3099(13)70318-9,DOI:10.1086/429323,3
DOI:10.1016/s1473-3099(13)70318-9,DOI:10.1093/cid/cit355,3
DOI:10.1016/s1473-3099(13)70318-9,DOI:10.1126/science.1243444,3
DOI:10.1016/s1473-3099(13)70318-9,DOI:10.1289/ehp.1206316,4
DOI:10.1016/s1473-3099(13)70318-9,"[ANONYMOUS], 2014, ANT RES GLOB REP SUR",4
DOI:10.1016/s1473-3099(13)70318-9,"[ANONYMOUS], 2016, CRITICALLY IMPORTANT ANTIMICROBIALS FOR HUMAN MEDICINE",3
DOI:10.1016/s1473-3099(13)70318-9,DOI:10.1016/j.giec.2020.06.004,4
DOI:10.1016/s1473-3099(13)70318-9,DOI:10.1038/nrmicro3380,3
DOI:10.1016/s1473-3099(13)70318-9,DOI:10.1128/mmbr.00016-10,3
DOI:10.1016/s1473-3099(13)70318-9,DOI:10.1179/2047773215y.0000000030,4
DOI:10.1016/s1473-3099(13)70318-9,"O'NEILL J., 2016, REVIEW ON ANTIMICROBIAL RESISTANCE: TACKLING DRUG-RESISTANT INFECTIONS GLOBALLY: FINAL REPORT AND RECOMMENDATIONS",5
DOI:10.1016/s1473-3099(13)70318-9,DOI:10.1016/s2542-5196(17)30141-9,3
DOI:10.1016/s1473-3099(13)70318-9,DOI:10.1126/science.aao1495,3
DOI:10.1016/s1473-3099(13)70318-9,DOI:10.1098/rstb.2014.0083,4
DOI:10.1016/s1473-3099(13)70318-9,DOI:10.1016/j.cmi.2017.07.010,3
DOI:10.1016/s1473-3099(13)70318-9,DOI:10.1016/j.tim.2016.11.014,3
DOI:10.1016/s1473-3099(13)70318-9,DOI:10.1038/nrmicro3439,4
DOI:10.1016/s1473-3099(13)70318-9,"MENDELSON M, 2015, SAMJ S AFR MED J, V105, P325, DOI [10.7196/SAMJ.9644, 10.7196/SAMJ.9644]",3
DOI:10.1016/s1473-3099(13)70318-9,DOI:10.1093/jac/dkx260,3
DOI:10.1016/s1473-3099(13)70318-9,DOI:10.3389/fmicb.2016.01881,3
DOI:10.1016/s1473-3099(13)70318-9,DOI:10.1186/s13756-017-0208-x,3
DOI:10.1016/s1473-3099(13)70318-9,DOI:10.1016/j.ijantimicag.2021.106411,3
DOI:10.1016/s1473-3099(13)70318-9,DOI:10.1080/16549716.2019.1599560,3
DOI:10.1016/s1473-3099(13)70318-9,DOI:10.1016/j.lanwpc.2020.100084,3
DOI:10.1016/s1473-3099(13)70318-9,"[ANONYMOUS], 2015, GLOBAL ACTION PLAN ON ANTIMICROBIAL RESISTANCE",3
DOI:10.1086/512369,DOI:10.1186/cc3995,3
DOI:10.1086/512369,DOI:10.1371/journal.pone.0159863,3
DOI:10.1086/512369,DOI:10.2807/1560-7917.es.2016.21.17.30214,3
DOI:10.1086/512369,"WALL B A., 2016, DRIVERS, DYNAMICS AND EPIDEMIOLOGY OF ANTIMICROBIAL RESISTANCE IN ANIMAL PRODUCTION",3
DOI:10.1086/512369,DOI:10.1016/j.tim.2013.11.001,3
DOI:10.1086/512369,DOI:10.1089/fpd.2015.1960,3
DOI:10.1086/512369,DOI:10.1093/cid/cit355,3
DOI:10.1086/512369,DOI:10.1371/journal.pgen.1004776,3
DOI:10.1186/cc3995,DOI:10.1371/journal.pone.0159863,3
DOI:10.1186/cc3995,DOI:10.2807/1560-7917.es.2016.21.17.30214,3
DOI:10.1186/cc3995,"WALL B A., 2016, DRIVERS, DYNAMICS AND EPIDEMIOLOGY OF ANTIMICROBIAL RESISTANCE IN ANIMAL PRODUCTION",3
DOI:10.1371/journal.pone.0159863,DOI:10.2807/1560-7917.es.2016.21.17.30214,3
DOI:10.1371/journal.pone.0159863,"WALL B A., 2016, DRIVERS, DYNAMICS AND EPIDEMIOLOGY OF ANTIMICROBIAL RESISTANCE IN ANIMAL PRODUCTION",3
DOI:10.2807/1560-7917.es.2016.21.17.30214,"WALL B A., 2016, DRIVERS, DYNAMICS AND EPIDEMIOLOGY OF ANTIMICROBIAL RESISTANCE IN ANIMAL PRODUCTION",3
DOI:10.2807/1560-7917.es.2016.21.17.30214,DOI:10.1016/j.tim.2013.11.001,3
DOI:10.2807/1560-7917.es.2016.21.17.30214,DOI:10.1016/s1473-3099(12)70317-1,3
DOI:10.2807/1560-7917.es.2016.21.17.30214,DOI:10.1021/acs.est.5b02566,3
DOI:10.3389/fmicb.2018.00362,DOI:10.3389/fcimb.2021.771510,3
DOI:10.3389/fmicb.2018.00362,DOI:10.3390/ijms20071535,3
DOI:10.3389/fmicb.2018.00362,DOI:10.3389/fmicb.2019.02892,3
DOI:10.3389/fvets.2017.00237,DOI:10.14202/vetworld.2022.743-749,3
DOI:10.3389/fvets.2017.00237,DOI:10.1016/j.mib.2019.10.008,3
DOI:10.3390/md15060158,DOI:10.1016/j.ijantimicag.2018.03.010,3
DOI:10.3390/md15060158,DOI:10.1016/s1473-3099(16)00100-6,5
DOI:10.3390/md15060158,DOI:10.1093/jac/dkw481,4
DOI:10.3390/md15060158,DOI:10.3390/antibiotics10010068,3
DOI:10.3390/md15060158,"O'NEILL J., 2016, REVIEW ON ANTIMICROBIAL RESISTANCE: TACKLING DRUG-RESISTANT INFECTIONS GLOBALLY: FINAL REPORT AND RECOMMENDATIONS",3
DOI:10.3390/md15060158,DOI:10.1111/j.1462-2920.2006.01054.x,4
DOI:10.3390/md15060158,DOI:10.1371/journal.pone.0042724,3
DOI:10.3390/md15060158,DOI:10.1038/nrmicro3439,3
DOI:10.3390/md15060158,DOI:10.1111/1462-2920.12134,4
DOI:10.3390/md15060158,DOI:10.1111/1462-2920.12421,3
DOI:10.4103/2045-080x.186181],"WORLD HEALTH ORGANIZATION, GLOBAL ACTION PLAN ON ANTIMICROBIAL RESISTANCE",3
DOI:10.4103/2045-080x.186181],DOI:10.1126/science.aaw1944,3
DOI:10.4103/2045-080x.186181],DOI:10.1016/s2542-5196(17)30141-9,3
"WALL B A., 2016, DRIVERS, DYNAMICS AND EPIDEMIOLOGY OF ANTIMICROBIAL RESISTANCE IN ANIMAL PRODUCTION",DOI:10.1021/acs.est.5b00729,3
"WHO, 2017, INTEGRATED SURVEILLANCE OF ANTIMICROBIAL RESISTANCE IN FOODBORNE BACTERIA: APPLICATION OF A ONE HEALTH APPROACH INTERNET","[ANONYMOUS], 2014, ANT RES GLOB REP SUR",4
"WHO, 2017, INTEGRATED SURVEILLANCE OF ANTIMICROBIAL RESISTANCE IN FOODBORNE BACTERIA: APPLICATION OF A ONE HEALTH APPROACH INTERNET",DOI:10.1016/j.lanwpc.2020.100084,3
DOI:10.1128/msystems.01019-21,DOI:10.1016/j.envint.2022.107171,3
DOI:10.1038/s41467-021-25096-3,DOI:10.1038/s41467-022-29283-8,3
DOI:10.1038/s41467-021-25096-3,DOI:10.1126/sciadv.aau9124,3
DOI:10.1038/s41467-021-25096-3,DOI:10.1016/j.mib.2021.09.013,3
DOI:10.1038/s41467-021-25096-3,DOI:10.1093/femsec/fiy130,3
DOI:10.1038/s41467-021-25096-3,DOI:10.3389/fmicb.2016.02137,3
DOI:10.1038/s41467-025-62455-w,DOI:10.1038/s41576-023-00649-y,3
DOI:10.1038/s41576-023-00649-y,DOI:10.1038/s44221-025-00514-8,3
DOI:10.1038/s41576-023-00649-y,DOI:10.1016/s2542-5196(23)00278-4,3
DOI:10.1038/s41576-023-00649-y,DOI:10.1038/nrmicro3439,3
DOI:10.1038/s41576-023-00649-y,DOI:10.1038/s41467-022-29096-9,3
DOI:10.1038/s41576-023-00649-y,DOI:10.1038/s41467-022-29283-8,5
DOI:10.1038/s41576-023-00649-y,DOI:10.1038/s41564-019-0503-9,4
DOI:10.1038/s41576-023-00649-y,DOI:10.1126/sciadv.aau9124,5
DOI:10.1038/s41576-023-00649-y,DOI:10.14202/vetworld.2022.743-749,4
DOI:10.1038/s41576-023-00649-y,"MULOI DM, 2023, LANCET MICROBE, V4, PE1056, DOI [10.1016/S2666-5247(23)00284-7, 10.1016/S2666-5247(23)00284]",4
DOI:10.1038/s41576-023-00649-y,DOI:10.1038/s41545-020-0051-0,3
DOI:10.1038/s41576-023-00649-y,DOI:10.1093/nar/gkac920,6
DOI:10.1038/s41576-023-00649-y,DOI:10.1128/aac.01082-24,3
DOI:10.1038/s41576-023-00649-y,DOI:10.1128/jcm.01260-20,4
DOI:10.1038/s41576-023-00649-y,DOI:10.1371/journal.ppat.1010537,3
DOI:10.1038/s41576-023-00649-y,DOI:10.3389/fsci.2024.1298248],3
DOI:10.1038/s41576-023-00649-y,"MURRAY LM, 2024, NPJ ANTIMICROB RESIS, V2, DOI [10.1038/S44259-024-00026-7, 10.1038/S44259-024-00026-7]",5
DOI:10.1038/s41576-023-00649-y,DOI:10.1093/molbev/msaa015,3
DOI:10.1038/s41576-023-00649-y,DOI:10.1101/gr.186072.114,4
DOI:10.1038/s41576-023-00649-y,DOI:10.1186/s40168-018-0401-z,4
DOI:10.1038/s41576-023-00649-y,DOI:10.1371/journal.pcbi.1005595,4
DOI:10.1038/s41576-023-00649-y,DOI:10.1038/s41579-024-01076-4,3
DOI:10.1038/s41576-023-00649-y,DOI:10.1016/s0140-6736(24)00876-6,3
DOI:10.1038/s41576-023-00649-y,DOI:10.3390/antibiotics12030523,3
DOI:10.1038/s41576-023-00649-y,DOI:10.1016/j.cmi.2016.11.012,4
DOI:10.1038/s41576-023-00649-y,DOI:10.1016/s1473-3099(20)30149-3,3
DOI:10.1038/s41576-023-00649-y,DOI:10.1038/s41467-020-16322-5,3
DOI:10.1038/s41576-023-00649-y,DOI:10.1128/aac.01030-16,3
DOI:10.1038/s41576-023-00649-y,"GEIGER A, 2012, PROC CVPR IEEE, P3354, DOI [10.1093/BIOINFORMATICS/BTT086, 10.1109/CVPR.2012.6248074]",3
DOI:10.1038/s41576-023-00649-y,DOI:10.1099/mgen.0.000748,3
DOI:10.1038/s41576-023-00649-y,"NGUYEN M, 2020, PLOS COMPUT BIOL, V16, DOI [10.1101/2020.04.29.068254, 10.1371/JOURNAL.PCBI.1008319]",3
DOI:10.1038/s41576-023-00649-y,DOI:10.1136/bmjgh-2019-002244,3
DOI:10.1093/jac/dkx488,DOI:10.1128/aac.02412-14,3
DOI:10.1093/jac/dkx488,DOI:10.1093/bioinformatics/btu153,3
DOI:10.1289/ehp7670,DOI:10.1038/nature17672,3
DOI:10.1016/j.envint.2018.04.041,DOI:10.1016/j.mib.2021.09.013,3
DOI:10.1016/j.envint.2018.04.041,DOI:10.1021/acs.est.5b02566,5
DOI:10.1016/j.envint.2018.04.041,DOI:10.1038/nrmicro3439,7
DOI:10.1016/j.envint.2018.04.041,DOI:10.1093/femsre/fux053,4
DOI:10.1016/j.envint.2018.04.041,DOI:10.1098/rstb.2014.0083,3
DOI:10.1016/j.envint.2018.04.041,DOI:10.1186/s13750-022-00262-2,3
DOI:10.1016/j.envint.2018.04.041,"O'NEILL J., 2016, REVIEW ON ANTIMICROBIAL RESISTANCE: TACKLING DRUG-RESISTANT INFECTIONS GLOBALLY: FINAL REPORT AND RECOMMENDATIONS",3
DOI:10.1016/j.envint.2018.04.041,DOI:10.3389/fmicb.2016.01728,3
DOI:10.1016/s2542-5196(23)00278-4,DOI:10.1038/nrmicro3439,4
DOI:10.1016/s2542-5196(23)00278-4,DOI:10.1371/journal.ppat.1010537,3
DOI:10.1016/s2542-5196(23)00278-4,"O'NEILL J., 2016, REVIEW ON ANTIMICROBIAL RESISTANCE: TACKLING DRUG-RESISTANT INFECTIONS GLOBALLY: FINAL REPORT AND RECOMMENDATIONS",3
DOI:10.1016/s2542-5196(23)00278-4,DOI:10.1016/j.envint.2024.108680,3
DOI:10.1016/s2542-5196(23)00278-4,DOI:10.1038/s41467-022-29283-8,3
DOI:10.1016/s2542-5196(23)00278-4,"MULOI DM, 2023, LANCET MICROBE, V4, PE1056, DOI [10.1016/S2666-5247(23)00284-7, 10.1016/S2666-5247(23)00284]",3
DOI:10.1016/s2542-5196(23)00278-4,DOI:10.3390/antibiotics12030452,3
DOI:10.1016/s2542-5196(23)00278-4,DOI:10.3389/frwa.2024.1359109,3
DOI:10.1002/bies.201400128,DOI:10.1016/s1473-3099(16)00100-6,3
DOI:10.1002/bies.201400128,DOI:10.1093/cid/cit355,3
DOI:10.1007/82_2012_224,DOI:10.1289/ehp.1206316,3
DOI:10.1007/s10096-010-1031-y,DOI:10.1021/acs.est.5b02566,3
DOI:10.1016/j.scitotenv.2013.01.032,DOI:10.1016/j.tim.2013.11.001,4
DOI:10.1016/j.scitotenv.2013.01.032,DOI:10.1016/s1473-3099(12)70317-1,5
DOI:10.1016/j.scitotenv.2013.01.032,DOI:10.1016/s1473-3099(16)00100-6,3
DOI:10.1016/j.scitotenv.2013.01.032,DOI:10.1021/acs.est.5b02566,4
DOI:10.1016/j.scitotenv.2013.01.032,DOI:10.1086/340247,3
DOI:10.1016/j.scitotenv.2013.01.032,DOI:10.1086/605667,3
DOI:10.1016/j.scitotenv.2013.01.032,DOI:10.1093/cid/cit355,3
DOI:10.1016/j.scitotenv.2013.01.032,DOI:10.1128/aac.00066-16,3
DOI:10.1016/j.scitotenv.2013.01.032,DOI:10.3389/fmicb.2016.01728,4
DOI:10.1016/j.scitotenv.2013.01.032,DOI:10.1016/j.mib.2011.04.009,5
DOI:10.1016/j.scitotenv.2013.01.032,DOI:10.1016/s2542-5196(17)30141-9,5
DOI:10.1016/j.scitotenv.2013.01.032,DOI:10.1038/nrmicro2312,3
DOI:10.1016/j.scitotenv.2013.01.032,DOI:10.1038/nrmicro3439,8
DOI:10.1016/j.scitotenv.2013.01.032,DOI:10.1093/femsre/fux053,4
DOI:10.1016/j.scitotenv.2013.01.032,DOI:10.1098/rsbl.2016.0137,3
DOI:10.1016/j.scitotenv.2013.01.032,DOI:10.1098/rstb.2014.0083,3
DOI:10.1016/j.scitotenv.2013.01.032,DOI:10.1128/mmbr.00016-10,3
DOI:10.1016/j.scitotenv.2013.01.032,DOI:10.3389/fmicb.2021.703886,3
DOI:10.1016/j.scitotenv.2013.01.032,DOI:10.3390/healthcare11131946,3
DOI:10.1016/j.scitotenv.2013.01.032,"O'NEILL J., 2016, REVIEW ON ANTIMICROBIAL RESISTANCE: TACKLING DRUG-RESISTANT INFECTIONS GLOBALLY: FINAL REPORT AND RECOMMENDATIONS",5
DOI:10.1016/j.scitotenv.2013.01.032,DOI:10.1016/j.tim.2016.11.014,3
DOI:10.1016/j.scitotenv.2013.01.032,DOI:10.1016/j.tim.2017.09.005,4
DOI:10.1016/j.scitotenv.2013.01.032,DOI:10.1021/es502615e,3
DOI:10.1016/j.scitotenv.2013.01.032,DOI:10.1038/nrmicro3270,4
DOI:10.1016/j.scitotenv.2013.01.032,DOI:10.1038/s41396-018-0277-8,3
DOI:10.1016/j.scitotenv.2013.01.032,DOI:10.3389/fmicb.2021.717809,3
DOI:10.1016/j.scitotenv.2013.01.032,DOI:10.1016/j.watres.2014.11.021,3
DOI:10.1016/j.scitotenv.2013.01.032,DOI:10.1038/nrmicro3380,3
DOI:10.1016/j.scitotenv.2013.01.032,DOI:10.1073/pnas.1222743110,5
DOI:10.1016/j.scitotenv.2013.01.032,DOI:10.1093/nar/gkz935,3
DOI:10.1016/j.scitotenv.2013.01.032,DOI:10.1111/1462-2920.12134,4
DOI:10.1016/j.scitotenv.2013.01.032,DOI:10.3390/foods13152448,3
DOI:10.1016/j.scitotenv.2013.01.032,"SAMREEN, 2021, J GLOB ANTIMICROB RE, V27, P101, DOI [10.1016/J.JGAR.2021.08.001, 10.1097/JS9.0000000000001165]",4
DOI:10.1016/j.scitotenv.2013.01.032,DOI:10.1016/s1473-3099(13)70190-7,3
DOI:10.1016/j.scitotenv.2013.01.032,DOI:10.1126/science.aaw1944,3
DOI:10.1016/j.tim.2013.11.001,DOI:10.1021/acs.est.5b02566,3
DOI:10.1016/j.tim.2013.11.001,DOI:10.1089/fpd.2015.1960,3
DOI:10.1016/j.tim.2013.11.001,DOI:10.1371/journal.pgen.1004776,3
DOI:10.1016/j.tim.2013.11.001,"CENTERS FOR DISEASE CONTROL AND PREVENTION, 2019, ANTIBIOTIC RESISTANC",3
DOI:10.1016/j.tim.2013.11.001,DOI:10.1038/nrmicro3270,4
DOI:10.1016/j.tim.2013.11.001,DOI:10.1038/s41564-019-0503-9,3
DOI:10.1016/j.tim.2013.11.001,DOI:10.7860/jcdr/2014/8925.4529,3
DOI:10.1016/j.tim.2013.11.001,DOI:10.1038/nrmicro3439,3
DOI:10.1016/j.tim.2013.11.001,DOI:10.1126/science.1220761,3
DOI:10.1016/j.tim.2013.11.001,DOI:10.1128/cmr.00116-14,3
DOI:10.1016/j.tim.2013.11.001,"O'NEILL J., 2016, REVIEW ON ANTIMICROBIAL RESISTANCE: TACKLING DRUG-RESISTANT INFECTIONS GLOBALLY: FINAL REPORT AND RECOMMENDATIONS",3
DOI:10.1016/j.vetmic.2009.01.039,DOI:10.1016/s1473-3099(16)00100-6,3
DOI:10.1016/j.vetmic.2009.01.039,DOI:10.3201/eid1112.050428,3
DOI:10.1016/s1473-3099(12)70317-1,DOI:10.1016/s1473-3099(16)00100-6,3
DOI:10.1016/s1473-3099(12)70317-1,DOI:10.1021/acs.est.5b02566,3
DOI:10.1016/s1473-3099(12)70317-1,DOI:10.1128/aac.00066-16,3
DOI:10.1016/s1473-3099(12)70317-1,DOI:10.1289/ehp.1206316,3
DOI:10.1016/s1473-3099(12)70317-1,DOI:10.3389/fmicb.2016.01728,3
DOI:10.1016/s1473-3099(12)70317-1,DOI:10.1016/j.mib.2011.04.009,3
DOI:10.1016/s1473-3099(12)70317-1,DOI:10.1038/nrmicro2312,3
DOI:10.1016/s1473-3099(12)70317-1,DOI:10.1038/nrmicro3439,3
DOI:10.1016/s1473-3099(12)70317-1,DOI:10.1098/rsbl.2016.0137,3
DOI:10.1016/s1473-3099(12)70317-1,DOI:10.3390/healthcare11131946,3
DOI:10.1016/s1473-3099(12)70317-1,"O'NEILL J., 2016, REVIEW ON ANTIMICROBIAL RESISTANCE: TACKLING DRUG-RESISTANT INFECTIONS GLOBALLY: FINAL REPORT AND RECOMMENDATIONS",3
DOI:10.1016/s1473-3099(12)70317-1,DOI:10.1038/s41545-020-0051-0,3
DOI:10.1016/s1473-3099(12)70317-1,DOI:10.3201/eid1710.110655,3
DOI:10.1016/s1473-3099(12)70317-1,DOI:10.1128/aac.02412-14,3
DOI:10.1016/s1473-3099(16)00100-6,DOI:10.1086/605667,3
DOI:10.1016/s1473-3099(16)00100-6,DOI:10.1093/cid/cit355,5
DOI:10.1016/s1473-3099(16)00100-6,"[ANONYMOUS], 2017, WHO GUIDELINES ON USE OF MEDICALLY IMPORTANT ANTIMICROBIALS IN FOOD-PRODUCING ANIMALS",3
DOI:10.1016/s1473-3099(16)00100-6,DOI:10.1016/j.ijantimicag.2018.03.010,3
DOI:10.1016/s1473-3099(16)00100-6,DOI:10.1093/jac/dkw481,3
DOI:10.1016/s1473-3099(16)00100-6,DOI:10.1038/nrmicro3439,4
DOI:10.1016/s1473-3099(16)00100-6,DOI:10.1038/s41598-020-78849-3,3
DOI:10.1016/s1473-3099(16)00100-6,DOI:10.1111/1462-2920.12134,3
DOI:10.1021/acs.est.5b00729,DOI:10.1021/acs.est.5b02566,4
DOI:10.1021/acs.est.5b02566,DOI:10.1093/cid/cit355,3
DOI:10.1021/acs.est.5b02566,"[ANONYMOUS], 2014, ANT RES GLOB REP SUR",3
DOI:10.1021/acs.est.5b02566,DOI:10.1038/nrmicro2312,3
DOI:10.1021/acs.est.5b02566,DOI:10.1038/nrmicro3439,4
DOI:10.1021/acs.est.5b02566,DOI:10.1098/rstb.2014.0083,3
DOI:10.1021/acs.est.5b02566,DOI:10.1080/10408398.2015.1077192,3
DOI:10.1021/acs.est.5b02566,DOI:10.3389/fcimb.2021.771510,4
DOI:10.1086/340249,DOI:10.3201/eid1409.071576,3
DOI:10.1089/fpd.2015.1960,DOI:10.1371/journal.pgen.1004776,3
DOI:10.1089/fpd.2015.1960,DOI:10.3201/eid2106.140706,3
DOI:10.1093/cid/cit355,DOI:10.1289/ehp.1206316,3
DOI:10.1093/cid/cit355,DOI:10.1586/14787210.6.5.733,3
DOI:10.1093/cid/cit355,DOI:10.3389/fmicb.2016.01728,3
DOI:10.1093/cid/cit355,DOI:10.1126/science.1220761,3
DOI:10.1093/jac/dku180,DOI:10.2903/j.efsa.2015.4006,3
DOI:10.1093/jac/dkw093,DOI:10.1038/ng.3281,3
DOI:10.1093/jac/dkw093,DOI:10.1128/aac.02412-14,3
DOI:10.1093/jac/dkx327,DOI:10.2807/1560-7917.es.2017.22.31.30589,3
DOI:10.1126/science.1243444,DOI:10.2903/j.efsa.2015.4006,3
DOI:10.1126/science.1243444,"SWANN MM., 1969, USE ANTIBIOTICS ANIM",3
DOI:10.1128/aac.00066-16,DOI:10.3389/fmicb.2016.01728,3
DOI:10.1136/bmj.3.5614.333,DOI:10.1371/journal.pgen.1004776,3
DOI:10.1136/bmj.3.5614.333,DOI:10.2807/1560-7917.es.2015.20.49.30085,3
DOI:10.12774/eod_cr.june2015.graced,DOI:10.3390/molecules23040795,3
DOI:10.1289/ehp.1206316,DOI:10.3389/fmicb.2016.01728,4
DOI:10.1289/ehp.1206316,DOI:10.3390/antibiotics4040567,3
DOI:10.1289/ehp.1206316,DOI:10.1038/nrmicro3399,3
DOI:10.1371/journal.pgen.1004776,DOI:10.2807/1560-7917.es.2015.20.49.30085,3
DOI:10.1586/14787210.6.5.733,DOI:10.2807/1560-7917.es.2015.20.49.30085,3
DOI:10.1586/14787210.6.5.733,DOI:10.3389/fmicb.2016.01728,3
DOI:10.2903/j.efsa.2015.4006,DOI:10.2903/j.efsa.2017.4872,3
DOI:10.2903/j.efsa.2015.4006,"SWANN MM., 1969, USE ANTIBIOTICS ANIM",3
DOI:10.2903/j.efsa.2015.4006,"[ANONYMOUS], 2014, ANT RES GLOB REP SUR",3
DOI:10.2903/j.efsa.2017.4872,DOI:10.14202/vetworld.2022.743-749,3
DOI:10.3389/fmicb.2016.01728,"[ANONYMOUS], 2014, ANT RES GLOB REP SUR",3
DOI:10.3389/fmicb.2016.01728,DOI:10.1186/s13756-021-00931-w,3
DOI:10.3389/fmicb.2016.01728,DOI:10.7326/m18-0850,3
DOI:10.3389/fmicb.2016.01728,DOI:10.1098/rstb.2014.0083,3
DOI:10.3389/fmicb.2016.01728,DOI:10.1126/science.aaw1944,3
"O'NEILL J., 2015, REVIEW ON ANTIMICROBIAL RESISTANCE","[ANONYMOUS], 2014, ANT RES GLOB REP SUR",3
"[ANONYMOUS], 2014, ANT RES GLOB REP SUR","[ANONYMOUS], 2016, CRITICALLY IMPORTANT ANTIMICROBIALS FOR HUMAN MEDICINE",3
"[ANONYMOUS], 2014, ANT RES GLOB REP SUR",DOI:10.1016/s1473-3099(14)70780-7,4
"[ANONYMOUS], 2014, ANT RES GLOB REP SUR","WORLD HEALTH ORGANIZATION, GLOBAL ACTION PLAN ON ANTIMICROBIAL RESISTANCE",3
"[ANONYMOUS], 2014, ANT RES GLOB REP SUR",DOI:10.1016/j.drup.2011.02.007,3
"[ANONYMOUS], 2014, ANT RES GLOB REP SUR",DOI:10.1038/nrmicro3439,3
"[ANONYMOUS], 2014, ANT RES GLOB REP SUR",DOI:10.3399/bjgp14x682561,3
"[ANONYMOUS], 2014, ANT RES GLOB REP SUR",DOI:10.1016/s1473-3099(17)30485-1,7
"[ANONYMOUS], 2014, ANT RES GLOB REP SUR","[ANONYMOUS], 2017, GLOBAL ANTIMICROBIAL RESISTANCE SURVEILLANCE SYSTEM (GLASS)",6
"[ANONYMOUS], 2014, ANT RES GLOB REP SUR",DOI:10.1098/rstb.2014.0083,4
"[ANONYMOUS], 2014, ANT RES GLOB REP SUR",DOI:10.1128/mmbr.00016-10,3
"[ANONYMOUS], 2014, ANT RES GLOB REP SUR","[ANONYMOUS], 2015, GLOBAL ACTION PLAN ON ANTIMICROBIAL RESISTANCE",4
"[ANONYMOUS], 2014, ANT RES GLOB REP SUR",DOI:10.1371/journal.pmed.1002184,3
"[ANONYMOUS], 2014, ANT RES GLOB REP SUR",DOI:10.1146/annurev-food-041715-033251,3
"[ANONYMOUS], 2014, ANT RES GLOB REP SUR",DOI:10.1016/j.jgar.2020.10.009,3
"[ANONYMOUS], 2014, ANT RES GLOB REP SUR",DOI:10.1128/cmr.00048-19,3
"[ANONYMOUS], 2014, ANT RES GLOB REP SUR",DOI:10.1136/bmjgh-2019-002104,3
"[ANONYMOUS], 2014, ANT RES GLOB REP SUR",DOI:10.1186/1471-2458-14-269,3
"[ANONYMOUS], 2014, ANT RES GLOB REP SUR",DOI:10.1186/s13756-021-00931-w,3
"[ANONYMOUS], 2014, ANT RES GLOB REP SUR",DOI:10.4102/ajlm.v5i3.482,4
"[ANONYMOUS], 2014, ANT RES GLOB REP SUR","SEALE ANNA C, 2017, WELLCOME OPEN RES, V2, P91, DOI [10.12688/WELLCOMEOPENRES.12523.1, 10.12688/WELLCOMEOPENRES.12523.1]",4
"[ANONYMOUS], 2014, ANT RES GLOB REP SUR",DOI:10.1016/s0140-6736(12)61728-0,3
"[ANONYMOUS], 2014, ANT RES GLOB REP SUR",DOI:10.1111/1469-0691.12028,6
"[ANONYMOUS], 2014, ANT RES GLOB REP SUR",DOI:10.1093/jac/dkv186,3
"[ANONYMOUS], 2014, ANT RES GLOB REP SUR","[ANONYMOUS], 2021, GLOBAL ANTIMICROBIAL RESISTANCE AND USE SURVEILLANCE SYSTEM (GLASS)",3
"[ANONYMOUS], 2014, ANT RES GLOB REP SUR",DOI:10.1111/j.1469-0691.2011.03570.x,8
"[ANONYMOUS], 2014, ANT RES GLOB REP SUR",DOI:10.1186/s12879-017-2713-1,3
"[ANONYMOUS], 2014, ANT RES GLOB REP SUR",DOI:10.1017/s0950268809990100,3
"[ANONYMOUS], 2014, ANT RES GLOB REP SUR",DOI:10.1093/jac/dku176,3
"[ANONYMOUS], 2014, ANT RES GLOB REP SUR",DOI:10.2147/idr.s234610,3
"[ANONYMOUS], 2017, WHO GUIDELINES ON USE OF MEDICALLY IMPORTANT ANTIMICROBIALS IN FOOD-PRODUCING ANIMALS",DOI:10.1038/nrmicro3270,3
DOI:10.1016/j.mib.2011.04.009,DOI:10.1016/s2542-5196(17)30141-9,3
DOI:10.1016/j.mib.2011.04.009,DOI:10.1038/nrmicro2312,4
DOI:10.1016/j.mib.2011.04.009,DOI:10.1038/nrmicro3439,6
DOI:10.1016/j.mib.2011.04.009,DOI:10.1093/femsre/fux053,3
DOI:10.1016/j.mib.2011.04.009,DOI:10.1098/rsbl.2016.0137,3
DOI:10.1016/j.mib.2011.04.009,DOI:10.1098/rstb.2014.0083,4
DOI:10.1016/j.mib.2011.04.009,DOI:10.3389/fmicb.2011.00158,3
DOI:10.1016/j.mib.2011.04.009,DOI:10.3390/molecules23040795,4
DOI:10.1016/j.mib.2011.04.009,"O'NEILL J., 2016, REVIEW ON ANTIMICROBIAL RESISTANCE: TACKLING DRUG-RESISTANT INFECTIONS GLOBALLY: FINAL REPORT AND RECOMMENDATIONS",5
DOI:10.1016/j.mib.2011.04.009,DOI:10.1038/nrmicro3270,3
DOI:10.1016/j.mib.2011.04.009,DOI:10.1897/09-073.1,3
DOI:10.1016/j.mib.2011.04.009,"SAMREEN, 2021, J GLOB ANTIMICROB RE, V27, P101, DOI [10.1016/J.JGAR.2021.08.001, 10.1097/JS9.0000000000001165]",3
DOI:10.1016/j.mib.2011.04.009,DOI:10.1126/science.aaw1944,3
DOI:10.1016/j.tig.2014.07.003,DOI:10.1038/s41598-017-18972-w,3
DOI:10.1016/j.tig.2014.07.003,DOI:10.1038/nrg.2017.88,3
DOI:10.1016/j.tig.2014.07.003,DOI:10.1093/cid/civ318,3
DOI:10.1016/j.tig.2014.07.003,DOI:10.3389/fmicb.2015.00034,3
DOI:10.1016/j.tig.2014.07.003,DOI:10.3390/antibiotics12030523,3
DOI:10.1016/j.tig.2014.07.003,DOI:10.1093/jac/dks496,3
DOI:10.1016/j.tig.2014.07.003,DOI:10.1128/jcm.03117-13,3
DOI:10.1016/j.tig.2014.07.003,DOI:10.1016/j.cmi.2017.11.001,4
DOI:10.1016/j.tig.2014.07.003,DOI:10.1111/nyas.13310,3
DOI:10.1016/j.tig.2014.07.003,DOI:10.3389/fmicb.2018.00592,3
"GANGULY NK, 2011, INDIAN J MED RES, V134, P281",DOI:10.1177/003335491212700103,3
"GANGULY NK, 2011, INDIAN J MED RES, V134, P281",DOI:10.1371/journal.pmed.1001974,4
DOI:10.1016/j.cmi.2016.01.001,DOI:10.1007/s10096-019-03673-1,3
DOI:10.1016/j.cmi.2021.05.037,DOI:10.1016/j.jgar.2020.10.009,3
DOI:10.1016/j.cmi.2021.05.037,DOI:10.1186/s13756-021-00931-w,5
DOI:10.1016/j.cmi.2021.05.037,DOI:10.1186/s12879-017-2713-1,3
DOI:10.1016/j.cmi.2021.05.037,DOI:10.1186/s13756-020-00800-y,3
DOI:10.1016/j.cmi.2021.05.037,"SEALE ANNA C, 2017, WELLCOME OPEN RES, V2, P91, DOI [10.12688/WELLCOMEOPENRES.12523.1, 10.12688/WELLCOMEOPENRES.12523.1]",3
DOI:10.1016/j.cmi.2021.05.037,"SEALE ANNA C, 2017, WELLCOME OPEN RES, V2, P92, DOI [10.12688/WELLCOMEOPENRES.12527.1, 10.12688/WELLCOMEOPENRES.12527.1]",4
DOI:10.1016/j.cmi.2021.05.037,DOI:10.3390/antibiotics12081313,3
DOI:10.1016/j.cmi.2021.05.037,DOI:10.3390/antibiotics11040427,3
DOI:10.1016/j.envpol.2017.01.003,DOI:10.1126/science.aaw1944,3
DOI:10.1016/j.jgar.2018.12.016,DOI:10.1093/cid/ciy657,3
DOI:10.1016/j.jgar.2018.12.016,DOI:10.4103/0366-6999.213407,3
DOI:10.1016/j.jgar.2020.10.009,DOI:10.1016/s1473-3099(17)30485-1,5
DOI:10.1016/j.jgar.2020.10.009,DOI:10.1186/s13756-021-00931-w,3
DOI:10.1016/j.jgar.2020.10.009,DOI:10.1038/s41467-020-16322-5,3
DOI:10.1016/j.jgar.2020.10.009,DOI:10.1007/s10096-021-04308-0,3
DOI:10.1016/s1473-3099(17)30485-1,DOI:10.1186/s13756-021-00931-w,4
DOI:10.1016/s1473-3099(17)30485-1,DOI:10.1016/j.cmi.2017.09.013,3
DOI:10.1016/s1473-3099(17)30485-1,"[ANONYMOUS], 2017, GLOBAL ANTIMICROBIAL RESISTANCE SURVEILLANCE SYSTEM (GLASS)",3
DOI:10.1016/s1473-3099(17)30485-1,DOI:10.1111/1469-0691.12427,3
DOI:10.1016/s1473-3099(17)30485-1,DOI:10.1111/j.1469-0691.2011.03570.x,4
DOI:10.1016/s1473-3099(17)30485-1,"[ANONYMOUS], 2015, GLOBAL ACTION PLAN ON ANTIMICROBIAL RESISTANCE",3
DOI:10.1016/s1473-3099(17)30485-1,DOI:10.1007/s10393-019-01415-5,3
DOI:10.1016/s1473-3099(17)30485-1,DOI:10.1016/j.jgar.2021.03.016,3
DOI:10.1016/s1473-3099(17)30485-1,DOI:10.1038/s41467-020-16322-5,3
DOI:10.1016/s1473-3099(17)30485-1,DOI:10.1098/rstb.2014.0083,3
DOI:10.1016/s1473-3099(17)30485-1,DOI:10.1128/cmr.00048-19,4
DOI:10.1016/s1473-3099(17)30485-1,DOI:10.1155/2011/276017,3
DOI:10.1016/s1473-3099(17)30485-1,DOI:10.1371/journal.pmed.1002184,4
DOI:10.1016/s1473-3099(17)30485-1,"SEALE ANNA C, 2017, WELLCOME OPEN RES, V2, P91, DOI [10.12688/WELLCOMEOPENRES.12523.1, 10.12688/WELLCOMEOPENRES.12523.1]",3
DOI:10.1016/s1473-3099(17)30485-1,DOI:10.1186/s12916-018-1073-z,3
DOI:10.1016/s1473-3099(17)30485-1,DOI:10.1093/jac/dky026,3
DOI:10.1016/s1473-3099(17)30485-1,DOI:10.1016/j.cmi.2016.11.012,3
DOI:10.1016/s1473-3099(17)30485-1,DOI:10.1128/jcm.01405-18,3
DOI:10.1016/s1473-3099(19)30297-x,DOI:10.1128/aac.00483-19,3
DOI:10.1016/s1473-3099(19)30297-x,DOI:10.1016/j.ebiom.2019.04.021,4
DOI:10.1016/s1473-3099(19)30297-x,DOI:10.1128/cmr.00058-15,3
DOI:10.1016/s1473-3099(20)30149-3,DOI:10.1073/pnas.1222743110,3
DOI:10.1016/s1473-3099(20)30149-3,DOI:10.1186/s13620-019-0154-4,3
DOI:10.1016/s1473-3099(20)30149-3,"SHEN C, 2020, LANCET MICROBE, V1, PE34, DOI [10.1016/S2666-5247(20)30005-7, 10.1016/S2666-5247(20)30005-7]",5
DOI:10.1016/s1473-3099(20)30149-3,DOI:10.1016/j.ijantimicag.2016.11.026,3
DOI:10.1016/s2542-5196(18)30084-6,DOI:10.1016/s2542-5196(18)30124-4,3
DOI:10.1038/s41467-020-15735-6,DOI:10.1126/science.aaw1944,4
DOI:10.1038/s41467-020-15735-6,DOI:10.1128/mbio.02227-15,4
DOI:10.1038/s41597-021-00978-9,DOI:10.1126/science.aaw1944,3
DOI:10.1080/1364557032000119616,DOI:10.7326/m18-0850,5
DOI:10.1080/1364557032000119616,DOI:10.1186/1748-5908-5-69,3
DOI:10.1093/cid/ciy657,DOI:10.4103/0366-6999.213407,3
DOI:10.1093/cid/ciy657,"YANG WW, 2023, ONE HEALTH ADV, V1, DOI [10.1186/S44280-023-00009-9, 10.1186/S44280-023-00009-9]",3
DOI:10.1093/cid/ciy657,DOI:10.2807/1560-7917.es.2016.21.33.30319,3
DOI:10.1093/cid/ciy657,DOI:10.3201/eid2007.121004,3
DOI:10.1093/cid/ciy657,DOI:10.1007/s10096-019-03673-1,3
DOI:10.1126/science.aaw1944,DOI:10.1186/s13756-021-00931-w,4
DOI:10.1126/science.aaw1944,DOI:10.1038/nature13377,3
DOI:10.1126/science.aaw1944,DOI:10.1073/pnas.1222743110,3
DOI:10.1126/science.aaw1944,DOI:10.1128/mbio.02227-15,3
DOI:10.1126/science.aaw1944,DOI:10.1038/s41564-019-0503-9,3
DOI:10.1126/science.aaw1944,DOI:10.1177/11786302241246420,4
DOI:10.1126/science.aaw1944,DOI:10.1371/journal.pgph.0001305,4
DOI:10.1126/science.aaw1944,DOI:10.3389/bjbs.2023.11387,4
DOI:10.1126/science.aaw1944,DOI:10.3389/fcimb.2021.771510,3
DOI:10.1126/science.aaw1944,DOI:10.1093/femsre/fux053,3
DOI:10.1126/science.aaw1944,DOI:10.1179/2047773215y.0000000030,3
DOI:10.1126/science.aaw1944,DOI:10.1371/journal.pmed.1002184,3
DOI:10.1126/science.aaw1944,DOI:10.1021/es901221x,3
DOI:10.1126/science.aaw1944,DOI:10.1038/nrmicro3439,5
DOI:10.1126/science.aaw1944,DOI:10.1186/s13756-022-01130-x,3
DOI:10.1126/science.aaw1944,"[ANONYMOUS], 2023, BRACING FOR SUPERBUGS: STRENGTHENING ENVIRONMENTAL ACTION IN THE ONE HEALTH RESPONSE TO ANTIMICROBIAL RESISTANCE",3
DOI:10.1126/science.aaw1944,DOI:10.1016/s2542-5196(21)00280-1,3
DOI:10.1126/science.aaw1944,DOI:10.1098/rspb.2018.0332,4
DOI:10.1126/science.aaw1944,DOI:10.1126/science.aao1495,6
DOI:10.1126/science.aaw1944,"SAMREEN, 2021, J GLOB ANTIMICROB RE, V27, P101, DOI [10.1016/J.JGAR.2021.08.001, 10.1097/JS9.0000000000001165]",6
DOI:10.1126/science.aaw1944,DOI:10.1186/s13756-017-0208-x,3
DOI:10.1126/science.aaw1944,DOI:10.1098/rstb.2014.0083,5
DOI:10.1126/science.aaw1944,DOI:10.1016/j.envpol.2009.05.051,3
DOI:10.1126/science.aaw1944,DOI:10.1098/rstb.2014.0085,4
DOI:10.1126/science.aaw1944,DOI:10.3389/fvets.2017.00126,3
DOI:10.1126/science.aaw1944,DOI:10.3390/healthcare11131946,3
DOI:10.1126/science.aaw1944,DOI:10.3390/molecules23040795,6
DOI:10.1126/science.aaw1944,"O'NEILL J., 2016, REVIEW ON ANTIMICROBIAL RESISTANCE: TACKLING DRUG-RESISTANT INFECTIONS GLOBALLY: FINAL REPORT AND RECOMMENDATIONS",4
DOI:10.1126/science.aaw1944,DOI:10.1038/s41564-019-0445-2,3
DOI:10.1126/science.aaw1944,DOI:10.1146/annurev.publhealth.29.020907.090904,4
DOI:10.1126/science.aaw1944,DOI:10.1038/s41467-020-17278-2,3
DOI:10.1126/science.aaw1944,DOI:10.1016/s2542-5196(17)30141-9,3
DOI:10.1126/science.aaw1944,"KIRK MD, 2015, PLOS MED, V12, DOI [10.1371/JOURNAL.PMED.1001921, 10.1371/JOURNAL.PMED.1001940]",3
DOI:10.1186/s13756-021-00931-w,DOI:10.1016/j.lanwpc.2020.100084,4
DOI:10.1186/s13756-021-00931-w,DOI:10.1371/journal.pone.0227947,3
DOI:10.1186/s13756-021-00931-w,DOI:10.1038/s41467-020-16322-5,3
DOI:10.1186/s13756-021-00931-w,DOI:10.1093/cid/ciad561,3
DOI:10.1186/s13756-021-00931-w,DOI:10.1136/bmjgh-2019-002244,4
DOI:10.1186/s13756-021-00931-w,DOI:10.1371/journal.pgph.0001305,4
DOI:10.1186/s13756-021-00931-w,DOI:10.2147/idr.s342753,3
DOI:10.1186/s13756-021-00931-w,DOI:10.3389/bjbs.2023.11387,5
DOI:10.1186/s13756-021-00931-w,"O'NEILL J., 2016, REVIEW ON ANTIMICROBIAL RESISTANCE: TACKLING DRUG-RESISTANT INFECTIONS GLOBALLY: FINAL REPORT AND RECOMMENDATIONS",5
DOI:10.1186/s13756-021-00931-w,DOI:10.1016/s2542-5196(21)00280-1,3
DOI:10.1186/s13756-021-00931-w,DOI:10.1179/2047773215y.0000000030,6
DOI:10.1186/s13756-021-00931-w,DOI:10.1186/s12879-017-2713-1,3
DOI:10.1186/s13756-021-00931-w,"AENISHAENSLIN C, 2019, B WORLD HEALTH ORGAN, V97, P283, DOI [10.2471/BLT.18.218917, 10.2471/BLT.18.218917]",3
DOI:10.1186/s13756-021-00931-w,DOI:10.1016/j.cmi.2021.05.027,3
DOI:10.1186/s13756-021-00931-w,DOI:10.1098/rstb.2014.0083,4
DOI:10.1186/s13756-021-00931-w,DOI:10.1128/cmr.00048-19,7
DOI:10.1186/s13756-021-00931-w,DOI:10.1136/bmjgh-2019-002104,3
DOI:10.1186/s13756-021-00931-w,DOI:10.3389/fvets.2021.611931,3
DOI:10.1186/s13756-021-00931-w,DOI:10.4102/ajlm.v5i3.482,3
DOI:10.1186/s13756-021-00931-w,DOI:10.4102/ajlm.v7i2.770,3
DOI:10.1186/s13756-021-00931-w,"SEALE ANNA C, 2017, WELLCOME OPEN RES, V2, P91, DOI [10.12688/WELLCOMEOPENRES.12523.1, 10.12688/WELLCOMEOPENRES.12523.1]",4
DOI:10.1186/s13756-021-00931-w,"SEALE ANNA C, 2017, WELLCOME OPEN RES, V2, P92, DOI [10.12688/WELLCOMEOPENRES.12527.1, 10.12688/WELLCOMEOPENRES.12527.1]",6
DOI:10.1186/s13756-021-00931-w,DOI:10.1080/14787210.2021.1951705,5
DOI:10.1186/s13756-021-00931-w,DOI:10.1186/s13756-024-01472-8,3
DOI:10.1186/s13756-021-00931-w,DOI:10.3390/healthcare11131946,3
DOI:10.1186/s13756-021-00931-w,DOI:10.3390/molecules23040795,4
DOI:10.1186/s13756-021-00931-w,DOI:10.3390/w12123313,3
DOI:10.1186/s13756-021-00931-w,"[ANONYMOUS], 2021, GLOBAL ANTIMICROBIAL RESISTANCE AND USE SURVEILLANCE SYSTEM (GLASS)",5
DOI:10.1186/s13756-021-00931-w,DOI:10.1093/jac/dkac342,5
DOI:10.1186/s13756-021-00931-w,DOI:10.3390/antibiotics11040427,4
DOI:10.1186/s13756-021-00931-w,DOI:10.1016/j.jiph.2021.12.008,4
DOI:10.1186/s13756-021-00931-w,DOI:10.1186/s12575-022-00182-y,5
DOI:10.1186/s13756-021-00931-w,DOI:10.14202/vetworld.2022.743-749,4
DOI:10.1186/s13756-021-00931-w,DOI:10.2147/idr.s290835,3
DOI:10.1186/s13756-021-00931-w,DOI:10.4102/ajlm.v11i1.1570,3
DOI:10.1186/s13756-021-00931-w,DOI:10.1371/journal.pmed.1004265,3
DOI:10.1186/s13756-021-00931-w,DOI:10.1093/pubmed/fdw015,3
DOI:10.1186/s13756-021-00931-w,DOI:10.1016/s2214-109x(23)00539-9,3
DOI:10.1186/s13756-021-00931-w,DOI:10.3390/antibiotics12081313,4
DOI:10.1186/s13756-021-00931-w,DOI:10.1186/s12879-023-08585-2,3
DOI:10.15585/mmwr.mm7312a2,DOI:10.1016/j.lanwpc.2024.101125,4
DOI:10.15585/mmwr.mm7312a2,DOI:10.1093/jac/dkae369,4
DOI:10.15585/mmwr.mm7312a2,DOI:10.1097/im9.0000000000000113,3
DOI:10.15585/mmwr.mm7312a2,DOI:10.2807/1560-7917.es.2022.27.24.2200455,3
DOI:10.15585/mmwr.mm7312a2,DOI:10.3201/eid3007.240354,3
DOI:10.15585/mmwr.mm7312a2,DOI:10.1016/s2666-5247(21)00171-3,3
DOI:10.15585/mmwr.mm7312a2,DOI:10.1093/jacamr/dlae053,4
DOI:10.3389/frwa.2024.1359109,DOI:10.14202/vetworld.2022.743-749,4
DOI:10.3389/frwa.2024.1359109,"O'NEILL J., 2016, REVIEW ON ANTIMICROBIAL RESISTANCE: TACKLING DRUG-RESISTANT INFECTIONS GLOBALLY: FINAL REPORT AND RECOMMENDATIONS",3
DOI:10.1016/j.lanwpc.2020.100084,DOI:10.7326/m18-0850,4
DOI:10.1016/j.lanwpc.2020.100084,"[ANONYMOUS], 2020, ANTIMICROBIAL RESIST",3
DOI:10.1016/j.lanwpc.2020.100084,DOI:10.1186/s13756-020-00847-x,3
DOI:10.1016/j.lanwpc.2020.100084,DOI:10.1016/s0140-6736(24)00862-6,3
DOI:10.1016/j.lanwpc.2020.100084,DOI:10.1016/s2666-5247(24)00134-4,3
DOI:10.1016/j.lanwpc.2020.100084,DOI:10.3390/antibiotics11050690,3
DOI:10.1016/j.lanwpc.2020.100084,DOI:10.1186/s12889-018-6022-4,3
DOI:10.1016/j.lanwpc.2020.100084,DOI:10.2471/blt.20.280644,3
DOI:10.1016/j.lanwpc.2020.100084,DOI:10.1016/s1473-3099(19)30415-3,3
DOI:10.1017/s0950268809990884,DOI:10.1371/journal.pmed.1000238,4
DOI:10.1017/s0950268809990884,DOI:10.3201/eid0102.950209,3
DOI:10.1089/fpd.2017.2283,DOI:10.1093/cid/ciab796,3
DOI:10.1186/s12889-020-8383-8,DOI:10.1186/s12889-015-1791-5,3
DOI:10.12688/wellcomeopenres.15681.1,DOI:10.2196/19762,3
DOI:10.12688/wellcomeopenres.15681.1,DOI:10.3201/eid2405.171830,3
DOI:10.2147/idr.s237038,DOI:10.2807/1560-7917.es.2021.26.4.2001359,3
DOI:10.2196/19762,DOI:10.1128/cmr.00048-19,3
DOI:10.2196/19762,DOI:10.1016/j.jinf.2020.10.040,4
DOI:10.2196/19762,DOI:10.1016/j.jinf.2024.106249,3
DOI:10.2196/19762,DOI:10.1016/s1473-3099(18)30093-8,3
DOI:10.2196/19762,DOI:10.1093/jacamr/dlad088,3
DOI:10.2807/1560-7917.es.2017.22.46.17-00062,DOI:10.1186/s13756-017-0260-6,3
DOI:10.2807/1560-7917.es.2021.26.4.2001359,DOI:10.1098/rstb.2014.0083,3
DOI:10.2807/1560-7917.es.2021.26.4.2001359,DOI:10.3389/fmicb.2022.838490,4
DOI:10.3389/fvets.2021.620998,DOI:10.1016/j.cmi.2020.03.015,3
DOI:10.3389/fvets.2021.620998,DOI:10.1186/s12889-015-1791-5,4
DOI:10.3389/fvets.2021.620998,DOI:10.3389/fvets.2021.611931,7
DOI:10.3389/fvets.2021.620998,DOI:10.3389/fpubh.2023.1053986,3
DOI:10.3389/fvets.2021.620998,DOI:10.3389/fvets.2023.1107122,3
DOI:10.3389/fvets.2021.620998,"RÜEGG SR, 2022, CABI ONE HEALTH, V2022, DOI [10.1079/CABIONEHEALTH.2022.0007, 10.1079/CABIONEHEALTH.2022.0007]",4
DOI:10.3389/fvets.2021.620998,"AENISHAENSLIN C, 2019, B WORLD HEALTH ORGAN, V97, P283, DOI [10.2471/BLT.18.218917, 10.2471/BLT.18.218917]",4
DOI:10.7326/m18-0850,DOI:10.1136/bmjgh-2019-002104,3
DOI:10.7326/m18-0850,DOI:10.3389/fvets.2021.611931,3
DOI:10.7326/m18-0850,DOI:10.1097/xeb.0000000000000050,3
DOI:10.7326/m18-0850,DOI:10.1186/1748-5908-5-69,3
DOI:10.7326/m18-0850,DOI:10.1016/j.onehlt.2016.10.004,3
"[ANONYMOUS], 2020, ANTIMICROBIAL RESIST",DOI:10.1186/s13756-020-00847-x,3
"[ANONYMOUS], 2020, ANTIMICROBIAL RESIST",DOI:10.24911/ijmdc.51-1549060699,3
"[ANONYMOUS], 2020, ANTIMICROBIAL RESIST",DOI:10.3390/molecules23040795,3
DOI:10.1016/j.mib.2020.09.013,DOI:10.1186/s12916-018-1073-z,3
DOI:10.1016/s0140-6736(22)02185-7,DOI:10.1179/2047773215y.0000000030,3
DOI:10.1016/s0140-6736(22)02185-7,DOI:10.14202/vetworld.2022.743-749,3
DOI:10.1016/s0140-6736(22)02185-7,"O'NEILL J., 2016, REVIEW ON ANTIMICROBIAL RESISTANCE: TACKLING DRUG-RESISTANT INFECTIONS GLOBALLY: FINAL REPORT AND RECOMMENDATIONS",3
DOI:10.1016/s0140-6736(22)02185-7,DOI:10.1093/jacamr/dlac126,3
DOI:10.1016/s0140-6736(22)02185-7,DOI:10.1186/s12879-017-2232-0,3
DOI:10.1016/s0140-6736(22)02185-7,DOI:10.1371/journal.pgph.0001414,3
DOI:10.1016/s0140-6736(22)02185-7,DOI:10.3390/life11060528,3
DOI:10.1016/s0140-6736(22)02185-7,DOI:10.3390/microorganisms10081684,3
DOI:10.1136/bmjgh-2021-007388,"O'NEILL J., 2016, REVIEW ON ANTIMICROBIAL RESISTANCE: TACKLING DRUG-RESISTANT INFECTIONS GLOBALLY: FINAL REPORT AND RECOMMENDATIONS",3
DOI:10.1179/2047773215y.0000000030,DOI:10.14202/vetworld.2022.743-749,5
DOI:10.1179/2047773215y.0000000030,DOI:10.3389/fpubh.2022.1003178,3
DOI:10.1179/2047773215y.0000000030,"O'NEILL J., 2016, REVIEW ON ANTIMICROBIAL RESISTANCE: TACKLING DRUG-RESISTANT INFECTIONS GLOBALLY: FINAL REPORT AND RECOMMENDATIONS",8
DOI:10.1179/2047773215y.0000000030,DOI:10.1098/rstb.2014.0083,4
DOI:10.1179/2047773215y.0000000030,DOI:10.1126/science.aao1495,3
DOI:10.1179/2047773215y.0000000030,DOI:10.1128/mmbr.00016-10,3
DOI:10.1179/2047773215y.0000000030,DOI:10.1101/cshperspect.a025247,3
DOI:10.1179/2047773215y.0000000030,DOI:10.1128/cmr.00181-19,3
DOI:10.1179/2047773215y.0000000030,DOI:10.3389/bjbs.2023.11387,4
DOI:10.1179/2047773215y.0000000030,DOI:10.4236/pp.2023.148020,3
DOI:10.1179/2047773215y.0000000030,DOI:10.1186/s12879-017-2232-0,3
DOI:10.1179/2047773215y.0000000030,DOI:10.1093/femsre/fux053,4
DOI:10.1179/2047773215y.0000000030,DOI:10.1371/journal.pmed.1002184,4
DOI:10.1179/2047773215y.0000000030,DOI:10.3934/microbiol.2018.3.482,3
DOI:10.1179/2047773215y.0000000030,DOI:10.1038/nrmicro2312,3
DOI:10.1179/2047773215y.0000000030,DOI:10.1186/s13756-015-0091-2,3
DOI:10.1179/2047773215y.0000000030,DOI:10.2147/idr.s234610,6
DOI:10.1179/2047773215y.0000000030,DOI:10.3390/antibiotics10030238,3
DOI:10.1179/2047773215y.0000000030,DOI:10.1016/s2542-5196(17)30141-9,3
DOI:10.1179/2047773215y.0000000030,DOI:10.1177/2042098614554919,3
DOI:10.1179/2047773215y.0000000030,DOI:10.3389/fmicb.2016.01881,4
DOI:10.1179/2047773215y.0000000030,DOI:10.1111/j.1469-0691.2011.03570.x,4
DOI:10.1179/2047773215y.0000000030,DOI:10.3389/fmicb.2015.00034,3
DOI:10.1179/2047773215y.0000000030,DOI:10.3390/healthcare11131946,7
DOI:10.1179/2047773215y.0000000030,DOI:10.1128/cmr.00048-19,3
DOI:10.1179/2047773215y.0000000030,DOI:10.15252/embr.202051034,3
DOI:10.1179/2047773215y.0000000030,DOI:10.1038/nrmicro3439,3
DOI:10.1179/2047773215y.0000000030,"SEALE ANNA C, 2017, WELLCOME OPEN RES, V2, P91, DOI [10.12688/WELLCOMEOPENRES.12523.1, 10.12688/WELLCOMEOPENRES.12523.1]",3
DOI:10.1179/2047773215y.0000000030,DOI:10.1093/jac/dkac342,3
DOI:10.1179/2047773215y.0000000030,DOI:10.3390/antibiotics11040427,3
DOI:10.1179/2047773215y.0000000030,DOI:10.1186/s12879-023-08585-2,3
DOI:10.1179/2047773215y.0000000030,DOI:10.1186/s13756-020-00847-x,3
DOI:10.1179/2047773215y.0000000030,DOI:10.2147/idr.s290835,3
DOI:10.1179/2047773215y.0000000030,"SAMREEN, 2021, J GLOB ANTIMICROB RE, V27, P101, DOI [10.1016/J.JGAR.2021.08.001, 10.1097/JS9.0000000000001165]",3
DOI:10.1179/2047773215y.0000000030,DOI:10.1016/s2214-109x(23)00539-9,3
DOI:10.1179/2047773215y.0000000030,DOI:10.1186/s12575-022-00182-y,3
DOI:10.1179/2047773215y.0000000030,DOI:10.1016/j.jhin.2022.07.031,3
DOI:10.1179/2047773215y.0000000030,DOI:10.1371/journal.pgph.0001414,3
DOI:10.1179/2047773215y.0000000030,DOI:10.3390/microorganisms10081684,3
DOI:10.1179/2047773215y.0000000030,DOI:10.3390/antibiotics12081313,3
DOI:10.1186/s12916-018-1073-z,"[ANONYMOUS], 2020, GLOBAL ANTIMICROBIAL RESISTANCE AND USE SURVEILLANCE SYSTEM (GLASS) REPORT",3
DOI:10.1186/s12916-018-1073-z,DOI:10.1186/s12916-019-1412-8,4
DOI:10.1186/s12916-018-1073-z,DOI:10.1016/s1473-3099(18)30093-8,3
DOI:10.1186/s12916-018-1073-z,"SEALE ANNA C, 2017, WELLCOME OPEN RES, V2, P91, DOI [10.12688/WELLCOMEOPENRES.12523.1, 10.12688/WELLCOMEOPENRES.12523.1]",3
DOI:10.1186/s12916-018-1073-z,DOI:10.1371/journal.pone.0190132,3
DOI:10.14202/vetworld.2022.743-749,"O'NEILL J., 2016, REVIEW ON ANTIMICROBIAL RESISTANCE: TACKLING DRUG-RESISTANT INFECTIONS GLOBALLY: FINAL REPORT AND RECOMMENDATIONS",3
DOI:10.14202/vetworld.2022.743-749,DOI:10.2147/idr.s428837,3
DOI:10.14202/vetworld.2022.743-749,DOI:10.3390/healthcare11131946,6
DOI:10.14202/vetworld.2022.743-749,DOI:10.3390/microorganisms10081599,3
DOI:10.14202/vetworld.2022.743-749,DOI:10.3390/pathogens12091074,8
DOI:10.14202/vetworld.2022.743-749,DOI:10.3390/ph16111615,3
DOI:10.14202/vetworld.2022.743-749,DOI:10.1038/s41564-019-0503-9,7
DOI:10.14202/vetworld.2022.743-749,DOI:10.1186/s12992-024-01046-8,4
DOI:10.14202/vetworld.2022.743-749,DOI:10.3389/bjbs.2023.11387,5
DOI:10.14202/vetworld.2022.743-749,DOI:10.3389/fcimb.2021.771510,4
DOI:10.14202/vetworld.2022.743-749,DOI:10.3390/antibiotics12030523,3
DOI:10.14202/vetworld.2022.743-749,"TESEMA MISGANU YADESA, 2024, BULLETIN OF THE NATIONAL RESEARCH CENTRE, V48, DOI [10.1186/S42269-024-01176-4, 10.1186/S42269-024-01176-4]",3
DOI:10.14202/vetworld.2022.743-749,DOI:10.1038/nrmicro3439,7
DOI:10.14202/vetworld.2022.743-749,DOI:10.3390/agriculture12020289,3
DOI:10.14202/vetworld.2022.743-749,DOI:10.3390/antibiotics12061061,3
DOI:10.14202/vetworld.2022.743-749,DOI:10.1136/bmjgh-2019-002104,4
DOI:10.14202/vetworld.2022.743-749,DOI:10.1186/s13756-020-00847-x,4
DOI:10.14202/vetworld.2022.743-749,DOI:10.1007/s10393-019-01415-5,3
DOI:10.14202/vetworld.2022.743-749,DOI:10.1016/j.jiph.2021.10.020,3
DOI:10.14202/vetworld.2022.743-749,DOI:10.1186/s13756-018-0384-3,3
DOI:10.14202/vetworld.2022.743-749,DOI:10.2147/idr.s234610,3
DOI:10.14202/vetworld.2022.743-749,DOI:10.2147/idr.s290835,3
DOI:10.14202/vetworld.2022.743-749,DOI:10.24911/ijmdc.51-1549060699,3
DOI:10.14202/vetworld.2022.743-749,DOI:10.3390/molecules23040795,6
DOI:10.14202/vetworld.2022.743-749,DOI:10.1098/rstb.2014.0083,3
DOI:10.14202/vetworld.2022.743-749,"SAMREEN, 2021, J GLOB ANTIMICROB RE, V27, P101, DOI [10.1016/J.JGAR.2021.08.001, 10.1097/JS9.0000000000001165]",4
DOI:10.14202/vetworld.2022.743-749,DOI:10.1016/j.idc.2016.02.004,3
DOI:10.14202/vetworld.2022.743-749,DOI:10.3389/fmicb.2015.00034,3
DOI:10.14202/vetworld.2022.743-749,DOI:10.3389/fmicb.2018.02928,3
DOI:10.14202/vetworld.2022.743-749,DOI:10.1016/j.cmi.2017.08.026,4
DOI:10.14202/vetworld.2022.743-749,DOI:10.1186/s12866-016-0870-9,3
DOI:10.14202/vetworld.2022.743-749,"BANK W., 2017, DRUG RESISTANT INFEC",3
DOI:10.14202/vetworld.2022.743-749,DOI:10.3390/tropicalmed4020088,4
DOI:10.14202/vetworld.2022.743-749,DOI:10.1016/j.ejps.2021.106103,3
DOI:10.14202/vetworld.2022.743-749,DOI:10.1111/j.1469-0691.2011.03570.x,4
DOI:10.3389/fpubh.2022.1003178,DOI:10.1186/s12575-022-00182-y,3
"O'NEILL J., 2016, REVIEW ON ANTIMICROBIAL RESISTANCE: TACKLING DRUG-RESISTANT INFECTIONS GLOBALLY: FINAL REPORT AND RECOMMENDATIONS",DOI:10.1016/j.envint.2023.108089,3
"O'NEILL J., 2016, REVIEW ON ANTIMICROBIAL RESISTANCE: TACKLING DRUG-RESISTANT INFECTIONS GLOBALLY: FINAL REPORT AND RECOMMENDATIONS",DOI:10.1016/j.jgar.2021.08.001,3
"O'NEILL J., 2016, REVIEW ON ANTIMICROBIAL RESISTANCE: TACKLING DRUG-RESISTANT INFECTIONS GLOBALLY: FINAL REPORT AND RECOMMENDATIONS",DOI:10.1016/s0065-2113(05)87001-4,3
"O'NEILL J., 2016, REVIEW ON ANTIMICROBIAL RESISTANCE: TACKLING DRUG-RESISTANT INFECTIONS GLOBALLY: FINAL REPORT AND RECOMMENDATIONS",DOI:10.1016/s2542-5196(17)30141-9,7
"O'NEILL J., 2016, REVIEW ON ANTIMICROBIAL RESISTANCE: TACKLING DRUG-RESISTANT INFECTIONS GLOBALLY: FINAL REPORT AND RECOMMENDATIONS",DOI:10.1038/nrmicro1614,3
"O'NEILL J., 2016, REVIEW ON ANTIMICROBIAL RESISTANCE: TACKLING DRUG-RESISTANT INFECTIONS GLOBALLY: FINAL REPORT AND RECOMMENDATIONS",DOI:10.1038/nrmicro3439,8
"O'NEILL J., 2016, REVIEW ON ANTIMICROBIAL RESISTANCE: TACKLING DRUG-RESISTANT INFECTIONS GLOBALLY: FINAL REPORT AND RECOMMENDATIONS",DOI:10.1093/femsre/fux053,6
"O'NEILL J., 2016, REVIEW ON ANTIMICROBIAL RESISTANCE: TACKLING DRUG-RESISTANT INFECTIONS GLOBALLY: FINAL REPORT AND RECOMMENDATIONS",DOI:10.1098/rsbl.2016.0137,3
"O'NEILL J., 2016, REVIEW ON ANTIMICROBIAL RESISTANCE: TACKLING DRUG-RESISTANT INFECTIONS GLOBALLY: FINAL REPORT AND RECOMMENDATIONS",DOI:10.1098/rstb.2014.0083,7
"O'NEILL J., 2016, REVIEW ON ANTIMICROBIAL RESISTANCE: TACKLING DRUG-RESISTANT INFECTIONS GLOBALLY: FINAL REPORT AND RECOMMENDATIONS",DOI:10.1128/mmbr.00016-10,4
"O'NEILL J., 2016, REVIEW ON ANTIMICROBIAL RESISTANCE: TACKLING DRUG-RESISTANT INFECTIONS GLOBALLY: FINAL REPORT AND RECOMMENDATIONS",DOI:10.1186/s13750-022-00262-2,3
"O'NEILL J., 2016, REVIEW ON ANTIMICROBIAL RESISTANCE: TACKLING DRUG-RESISTANT INFECTIONS GLOBALLY: FINAL REPORT AND RECOMMENDATIONS",DOI:10.3389/fmicb.2011.00158,3
"O'NEILL J., 2016, REVIEW ON ANTIMICROBIAL RESISTANCE: TACKLING DRUG-RESISTANT INFECTIONS GLOBALLY: FINAL REPORT AND RECOMMENDATIONS",DOI:10.3390/healthcare11131946,4
"O'NEILL J., 2016, REVIEW ON ANTIMICROBIAL RESISTANCE: TACKLING DRUG-RESISTANT INFECTIONS GLOBALLY: FINAL REPORT AND RECOMMENDATIONS",DOI:10.3390/ijerph19010360,3
"O'NEILL J., 2016, REVIEW ON ANTIMICROBIAL RESISTANCE: TACKLING DRUG-RESISTANT INFECTIONS GLOBALLY: FINAL REPORT AND RECOMMENDATIONS",DOI:10.3390/molecules23040795,6
"O'NEILL J., 2016, REVIEW ON ANTIMICROBIAL RESISTANCE: TACKLING DRUG-RESISTANT INFECTIONS GLOBALLY: FINAL REPORT AND RECOMMENDATIONS",DOI:10.3390/w12123313,4
"O'NEILL J., 2016, REVIEW ON ANTIMICROBIAL RESISTANCE: TACKLING DRUG-RESISTANT INFECTIONS GLOBALLY: FINAL REPORT AND RECOMMENDATIONS",DOI:10.1093/cid/ciad561,3
"O'NEILL J., 2016, REVIEW ON ANTIMICROBIAL RESISTANCE: TACKLING DRUG-RESISTANT INFECTIONS GLOBALLY: FINAL REPORT AND RECOMMENDATIONS",DOI:10.1371/journal.pgph.0001305,4
"O'NEILL J., 2016, REVIEW ON ANTIMICROBIAL RESISTANCE: TACKLING DRUG-RESISTANT INFECTIONS GLOBALLY: FINAL REPORT AND RECOMMENDATIONS",DOI:10.3389/bjbs.2023.11387,4
"O'NEILL J., 2016, REVIEW ON ANTIMICROBIAL RESISTANCE: TACKLING DRUG-RESISTANT INFECTIONS GLOBALLY: FINAL REPORT AND RECOMMENDATIONS",DOI:10.1016/j.envint.2022.107171,4
"O'NEILL J., 2016, REVIEW ON ANTIMICROBIAL RESISTANCE: TACKLING DRUG-RESISTANT INFECTIONS GLOBALLY: FINAL REPORT AND RECOMMENDATIONS",DOI:10.1126/sciadv.aau9124,3
"O'NEILL J., 2016, REVIEW ON ANTIMICROBIAL RESISTANCE: TACKLING DRUG-RESISTANT INFECTIONS GLOBALLY: FINAL REPORT AND RECOMMENDATIONS",DOI:10.3390/antibiotics10111362,3
"O'NEILL J., 2016, REVIEW ON ANTIMICROBIAL RESISTANCE: TACKLING DRUG-RESISTANT INFECTIONS GLOBALLY: FINAL REPORT AND RECOMMENDATIONS",DOI:10.1126/science.aao1495,3
"O'NEILL J., 2016, REVIEW ON ANTIMICROBIAL RESISTANCE: TACKLING DRUG-RESISTANT INFECTIONS GLOBALLY: FINAL REPORT AND RECOMMENDATIONS",DOI:10.3390/microorganisms7060180,3
"O'NEILL J., 2016, REVIEW ON ANTIMICROBIAL RESISTANCE: TACKLING DRUG-RESISTANT INFECTIONS GLOBALLY: FINAL REPORT AND RECOMMENDATIONS","[ANONYMOUS], 2020, ANTIMICROBIAL RESISTANCE",4
"O'NEILL J., 2016, REVIEW ON ANTIMICROBIAL RESISTANCE: TACKLING DRUG-RESISTANT INFECTIONS GLOBALLY: FINAL REPORT AND RECOMMENDATIONS",DOI:10.1016/j.glmedi.2024.100081,3
"O'NEILL J., 2016, REVIEW ON ANTIMICROBIAL RESISTANCE: TACKLING DRUG-RESISTANT INFECTIONS GLOBALLY: FINAL REPORT AND RECOMMENDATIONS",DOI:10.1016/s0140-6736(15)00474-2,3
"O'NEILL J., 2016, REVIEW ON ANTIMICROBIAL RESISTANCE: TACKLING DRUG-RESISTANT INFECTIONS GLOBALLY: FINAL REPORT AND RECOMMENDATIONS",DOI:10.1038/nrmicro3380,3
"O'NEILL J., 2016, REVIEW ON ANTIMICROBIAL RESISTANCE: TACKLING DRUG-RESISTANT INFECTIONS GLOBALLY: FINAL REPORT AND RECOMMENDATIONS",DOI:10.1128/aac.01009-09,3
"O'NEILL J., 2016, REVIEW ON ANTIMICROBIAL RESISTANCE: TACKLING DRUG-RESISTANT INFECTIONS GLOBALLY: FINAL REPORT AND RECOMMENDATIONS",DOI:10.1016/j.watres.2014.11.021,3
"O'NEILL J., 2016, REVIEW ON ANTIMICROBIAL RESISTANCE: TACKLING DRUG-RESISTANT INFECTIONS GLOBALLY: FINAL REPORT AND RECOMMENDATIONS",DOI:10.1186/s13756-020-00847-x,3
"O'NEILL J., 2016, REVIEW ON ANTIMICROBIAL RESISTANCE: TACKLING DRUG-RESISTANT INFECTIONS GLOBALLY: FINAL REPORT AND RECOMMENDATIONS",DOI:10.3390/microorganisms11092127,3
"O'NEILL J., 2016, REVIEW ON ANTIMICROBIAL RESISTANCE: TACKLING DRUG-RESISTANT INFECTIONS GLOBALLY: FINAL REPORT AND RECOMMENDATIONS",DOI:10.1371/journal.pmed.1002184,3
"O'NEILL J., 2016, REVIEW ON ANTIMICROBIAL RESISTANCE: TACKLING DRUG-RESISTANT INFECTIONS GLOBALLY: FINAL REPORT AND RECOMMENDATIONS",DOI:10.1080/14787210.2021.1951705,3
"O'NEILL J., 2016, REVIEW ON ANTIMICROBIAL RESISTANCE: TACKLING DRUG-RESISTANT INFECTIONS GLOBALLY: FINAL REPORT AND RECOMMENDATIONS","[ANONYMOUS], 2021, GLOBAL ANTIMICROBIAL RESISTANCE AND USE SURVEILLANCE SYSTEM (GLASS)",3
"O'NEILL J., 2016, REVIEW ON ANTIMICROBIAL RESISTANCE: TACKLING DRUG-RESISTANT INFECTIONS GLOBALLY: FINAL REPORT AND RECOMMENDATIONS","SAMREEN, 2021, J GLOB ANTIMICROB RE, V27, P101, DOI [10.1016/J.JGAR.2021.08.001, 10.1097/JS9.0000000000001165]",4
"O'NEILL J., 2016, REVIEW ON ANTIMICROBIAL RESISTANCE: TACKLING DRUG-RESISTANT INFECTIONS GLOBALLY: FINAL REPORT AND RECOMMENDATIONS",DOI:10.1016/j.envint.2017.11.003,3
"O'NEILL J., 2016, REVIEW ON ANTIMICROBIAL RESISTANCE: TACKLING DRUG-RESISTANT INFECTIONS GLOBALLY: FINAL REPORT AND RECOMMENDATIONS",DOI:10.1038/s41598-021-91456-0,3
"O'NEILL J., 2016, REVIEW ON ANTIMICROBIAL RESISTANCE: TACKLING DRUG-RESISTANT INFECTIONS GLOBALLY: FINAL REPORT AND RECOMMENDATIONS",DOI:10.1093/jac/dkaa345,4
"O'NEILL J., 2016, REVIEW ON ANTIMICROBIAL RESISTANCE: TACKLING DRUG-RESISTANT INFECTIONS GLOBALLY: FINAL REPORT AND RECOMMENDATIONS",DOI:10.1128/aac.00483-19,3
"O'NEILL J., 2016, REVIEW ON ANTIMICROBIAL RESISTANCE: TACKLING DRUG-RESISTANT INFECTIONS GLOBALLY: FINAL REPORT AND RECOMMENDATIONS","TOPP E, 2017, CAN COMMUN DIS REP, V43, P224, DOI [10.14745/CCDR.V43I11A03, 10.14745/CCDR.V43I11A03]",3
"O'NEILL J., 2016, REVIEW ON ANTIMICROBIAL RESISTANCE: TACKLING DRUG-RESISTANT INFECTIONS GLOBALLY: FINAL REPORT AND RECOMMENDATIONS",DOI:10.3389/fvets.2020.00620,3
"O'NEILL J., 2016, REVIEW ON ANTIMICROBIAL RESISTANCE: TACKLING DRUG-RESISTANT INFECTIONS GLOBALLY: FINAL REPORT AND RECOMMENDATIONS",DOI:10.2147/idr.s234610,4
"O'NEILL J., 2016, REVIEW ON ANTIMICROBIAL RESISTANCE: TACKLING DRUG-RESISTANT INFECTIONS GLOBALLY: FINAL REPORT AND RECOMMENDATIONS",DOI:10.1016/j.ejps.2021.106103,3
"O'NEILL J., 2016, REVIEW ON ANTIMICROBIAL RESISTANCE: TACKLING DRUG-RESISTANT INFECTIONS GLOBALLY: FINAL REPORT AND RECOMMENDATIONS",DOI:10.1111/j.1469-0691.2011.03570.x,5
"O'NEILL J., 2016, REVIEW ON ANTIMICROBIAL RESISTANCE: TACKLING DRUG-RESISTANT INFECTIONS GLOBALLY: FINAL REPORT AND RECOMMENDATIONS",DOI:10.1007/s10393-019-01415-5,3
"O'NEILL J., 2016, REVIEW ON ANTIMICROBIAL RESISTANCE: TACKLING DRUG-RESISTANT INFECTIONS GLOBALLY: FINAL REPORT AND RECOMMENDATIONS",DOI:10.1177/003335491212700103,3
"O'NEILL J., 2016, REVIEW ON ANTIMICROBIAL RESISTANCE: TACKLING DRUG-RESISTANT INFECTIONS GLOBALLY: FINAL REPORT AND RECOMMENDATIONS",DOI:10.1186/s13756-020-0697-x,3
"O'NEILL J., 2016, REVIEW ON ANTIMICROBIAL RESISTANCE: TACKLING DRUG-RESISTANT INFECTIONS GLOBALLY: FINAL REPORT AND RECOMMENDATIONS",DOI:10.1016/j.onehlt.2021.100220,3
"O'NEILL J., 2016, REVIEW ON ANTIMICROBIAL RESISTANCE: TACKLING DRUG-RESISTANT INFECTIONS GLOBALLY: FINAL REPORT AND RECOMMENDATIONS",DOI:10.3390/antibiotics11081079,3
"O'NEILL J., 2016, REVIEW ON ANTIMICROBIAL RESISTANCE: TACKLING DRUG-RESISTANT INFECTIONS GLOBALLY: FINAL REPORT AND RECOMMENDATIONS",DOI:10.1128/aac.02412-14,4
DOI:10.1016/j.cmi.2020.03.015,DOI:10.1186/s12889-015-1791-5,3
DOI:10.1016/j.cmi.2020.03.015,DOI:10.1093/jac/dky026,3
DOI:10.1016/j.cmi.2020.03.015,DOI:10.1093/jacamr/dlz070,3
DOI:10.1016/j.cmi.2020.03.015,DOI:10.1128/cmr.00048-19,3
DOI:10.1136/bmj.j3808,DOI:10.1186/1748-5908-8-15,3
DOI:10.1136/bmj.j3808,DOI:10.3389/fvets.2020.596042,3
DOI:10.1186/1748-5908-8-15,DOI:10.3389/fvets.2020.596042,3
DOI:10.3389/fvets.2021.611931,DOI:10.3389/fpubh.2023.1053986,3
DOI:10.3389/fvets.2021.611931,DOI:10.3389/fvets.2023.1107122,3
DOI:10.3389/fvets.2021.611931,"RÜEGG SR, 2022, CABI ONE HEALTH, V2022, DOI [10.1079/CABIONEHEALTH.2022.0007, 10.1079/CABIONEHEALTH.2022.0007]",4
DOI:10.3389/fvets.2021.611931,"AENISHAENSLIN C, 2019, B WORLD HEALTH ORGAN, V97, P283, DOI [10.2471/BLT.18.218917, 10.2471/BLT.18.218917]",6
DOI:10.3389/fvets.2021.611931,DOI:10.1093/trstmh/trx050,3
DOI:10.3389/fvets.2021.611931,DOI:10.1128/cmr.00048-19,3
DOI:10.3389/fvets.2021.611931,DOI:10.1136/bmjgh-2019-002104,4
DOI:10.3389/fvets.2021.611931,DOI:10.3390/ani10081264,4
DOI:10.3389/fvets.2021.611931,DOI:10.1016/j.glmedi.2024.100081,3
DOI:10.3389/fvets.2021.611931,DOI:10.3390/healthcare11131946,4
DOI:10.1002/hsr2.71077,DOI:10.3390/healthcare11131946,3
DOI:10.1002/hsr2.71077,DOI:10.1016/j.glmedi.2024.100081,3
DOI:10.1002/hsr2.71077,"WORLD HEALTH ORGANIZATION, 2015, GLOBAL ACTION PLAN A",3
DOI:10.1002/mbo3.1035,DOI:10.3389/fmicb.2019.00338,3
DOI:10.1007/s10123-023-00462-x,DOI:10.3390/healthcare11131946,3
DOI:10.1016/j.jgar.2023.05.010,DOI:10.1016/j.envint.2022.107171,3
DOI:10.1016/j.jgar.2023.05.010,DOI:10.1016/j.watres.2024.121989,3
DOI:10.1016/j.jgar.2023.05.010,DOI:10.1126/sciadv.aau9124,4
DOI:10.1016/j.onehlt.2025.101008,DOI:10.2147/idr.s428837,3
DOI:10.1371/journal.pone.0297921,DOI:10.2147/idr.s428837,3
DOI:10.1371/journal.pone.0297921,DOI:10.3390/ph16111615,3
DOI:10.1371/journal.pone.0297921,DOI:10.3389/bjbs.2023.11387,3
DOI:10.1371/journal.pone.0297921,DOI:10.1016/j.jgar.2021.03.016,3
DOI:10.1371/journal.pone.0297921,DOI:10.1093/jacamr/dlaf031,3
DOI:10.2147/idr.s428837,DOI:10.3390/healthcare11131946,6
DOI:10.2147/idr.s428837,DOI:10.3390/ph16111615,4
DOI:10.2147/idr.s428837,DOI:10.1038/s41564-019-0503-9,4
DOI:10.2147/idr.s428837,DOI:10.3390/pathogens10101310,4
DOI:10.2147/idr.s428837,DOI:10.2903/j.efsa.2021.6651,3
DOI:10.2147/idr.s428837,DOI:10.3389/fmicb.2016.01881,3
DOI:10.2147/idr.s428837,DOI:10.3389/bjbs.2023.11387,4
DOI:10.2147/idr.s428837,DOI:10.3389/fcimb.2021.771510,4
DOI:10.3390/healthcare11131946,DOI:10.3390/microorganisms12091920,4
DOI:10.3390/healthcare11131946,DOI:10.3390/pathogens12091074,4
DOI:10.3390/healthcare11131946,DOI:10.3390/ph16111615,3
DOI:10.3390/healthcare11131946,DOI:10.1038/nrmicro2312,3
DOI:10.3390/healthcare11131946,DOI:10.1038/nrmicro3439,3
DOI:10.3390/healthcare11131946,DOI:10.1093/femsre/fux053,5
DOI:10.3390/healthcare11131946,DOI:10.3389/fcimb.2022.1065796,5
DOI:10.3390/healthcare11131946,DOI:10.3390/molecules23040795,6
DOI:10.3390/healthcare11131946,DOI:10.3390/w12123313,3
DOI:10.3390/healthcare11131946,DOI:10.1007/s12088-020-00860-z,3
DOI:10.3390/healthcare11131946,DOI:10.1186/s13756-020-00751-4,4
DOI:10.3390/healthcare11131946,DOI:10.2147/idr.s290835,6
DOI:10.3390/healthcare11131946,DOI:10.3389/fmicb.2015.00034,4
DOI:10.3390/healthcare11131946,DOI:10.3390/microorganisms11041050,3
DOI:10.3390/healthcare11131946,DOI:10.3390/pathogens10101310,3
DOI:10.3390/healthcare11131946,DOI:10.1016/j.jiph.2021.10.020,4
DOI:10.3390/healthcare11131946,DOI:10.1186/s13756-017-0208-x,3
DOI:10.3390/healthcare11131946,DOI:10.1371/journal.pone.0189621,3
DOI:10.3390/healthcare11131946,DOI:10.3389/bjbs.2023.11387,8
DOI:10.3390/healthcare11131946,DOI:10.5187/jast.2023.e129,3
DOI:10.3390/healthcare11131946,DOI:10.1007/s11259-024-10360-w,3
DOI:10.3390/healthcare11131946,DOI:10.3389/fcimb.2021.771510,6
DOI:10.3390/healthcare11131946,DOI:10.1016/j.glmedi.2024.100081,5
DOI:10.3390/healthcare11131946,DOI:10.1016/j.onehlt.2024.100748,3
DOI:10.3390/healthcare11131946,DOI:10.3390/antibiotics11101362,3
DOI:10.3390/healthcare11131946,DOI:10.1111/1751-7915.14408,3
DOI:10.3390/healthcare11131946,DOI:10.3390/antibiotics12020328,3
DOI:10.3390/healthcare11131946,DOI:10.1016/j.cmi.2019.08.007,3
DOI:10.3390/healthcare11131946,DOI:10.15252/embr.202051034,3
DOI:10.3390/healthcare11131946,DOI:10.3389/fmicb.2016.01881,3
DOI:10.3390/healthcare11131946,DOI:10.1093/jac/dkac342,3
DOI:10.3390/healthcare11131946,DOI:10.1093/jacamr/dlae061,4
DOI:10.3390/healthcare11131946,DOI:10.1186/s12879-023-08585-2,3
DOI:10.3390/healthcare11131946,"SAMREEN, 2021, J GLOB ANTIMICROB RE, V27, P101, DOI [10.1016/J.JGAR.2021.08.001, 10.1097/JS9.0000000000001165]",3
DOI:10.3390/healthcare11131946,DOI:10.3390/microorganisms11081951,3
DOI:10.3390/healthcare11131946,DOI:10.3390/antibiotics14060543,3
DOI:10.3390/healthcare11131946,DOI:10.3390/antibiotics11040427,3
DOI:10.3390/microorganisms10081599,DOI:10.3390/molecules23040795,3
DOI:10.3390/microorganisms12091920,DOI:10.3390/pathogens12091074,3
DOI:10.3390/microorganisms12091920,DOI:10.1016/j.onehlt.2024.100748,3
DOI:10.3390/microorganisms12091920,DOI:10.3389/bjbs.2023.11387,3
DOI:10.3390/pathogens12091074,DOI:10.1016/j.onehlt.2024.100748,3
DOI:10.3390/pathogens12091074,DOI:10.3389/bjbs.2023.11387,3
DOI:10.3390/pathogens12091074,DOI:10.3390/molecules23040795,3
DOI:10.3390/ph16111615,DOI:10.1038/s41564-019-0503-9,3
DOI:10.3390/ph16111615,DOI:10.1186/s12992-024-01046-8,3
DOI:10.3390/ph16111615,DOI:10.3389/bjbs.2023.11387,4
DOI:10.3390/ph16111615,DOI:10.3389/fcimb.2021.771510,3
DOI:10.3390/ph16111615,DOI:10.2903/j.efsa.2021.6651,4
DOI:10.3390/ph16111615,DOI:10.3390/antibiotics11050667,3
DOI:10.1101/cshperspect.a025197,DOI:10.1038/s41545-020-0051-0,3
DOI:10.3390/molecules23040795,DOI:10.1016/s0065-2113(05)87001-4,3
DOI:10.3390/molecules23040795,DOI:10.1038/nrmicro3439,4
DOI:10.3390/molecules23040795,DOI:10.1093/femsre/fux053,6
DOI:10.3390/molecules23040795,DOI:10.1093/jac/dkt443,3
DOI:10.3390/molecules23040795,DOI:10.1098/rstb.2014.0083,5
DOI:10.3390/molecules23040795,DOI:10.1186/s13756-022-01130-x,4
DOI:10.3390/molecules23040795,DOI:10.1371/journal.ppat.1010537,3
DOI:10.3390/molecules23040795,DOI:10.3389/fcimb.2022.1065796,4
DOI:10.3390/molecules23040795,DOI:10.3389/fpubh.2021.726484,3
DOI:10.3390/molecules23040795,DOI:10.3390/w12123313,4
DOI:10.3390/molecules23040795,DOI:10.1007/s42770-021-00635-8,3
DOI:10.3390/molecules23040795,DOI:10.1016/j.clinthera.2020.07.004,4
DOI:10.3390/molecules23040795,DOI:10.1007/s10393-019-01415-5,4
DOI:10.3390/molecules23040795,DOI:10.1186/s13756-017-0208-x,3
DOI:10.3390/molecules23040795,DOI:10.2147/idr.s234610,5
DOI:10.3390/molecules23040795,DOI:10.2147/idr.s290835,3
DOI:10.3390/molecules23040795,DOI:10.3389/bjbs.2023.11387,4
DOI:10.3390/molecules23040795,DOI:10.3389/fpubh.2014.00145,3
DOI:10.3390/molecules23040795,DOI:10.3390/microorganisms11041050,3
DOI:10.3390/molecules23040795,DOI:10.3389/fvets.2018.00014,4
DOI:10.3390/molecules23040795,DOI:10.1136/bmjgh-2019-002104,3
DOI:10.3390/molecules23040795,DOI:10.1186/s13756-020-00847-x,3
DOI:10.3390/molecules23040795,DOI:10.3389/fcimb.2021.771510,5
DOI:10.3390/molecules23040795,DOI:10.1080/14787210.2021.1951705,3
DOI:10.3390/molecules23040795,DOI:10.1101/gr.251678.119,3
DOI:10.3390/molecules23040795,DOI:10.1371/journal.pgph.0001305,3
DOI:10.3390/molecules23040795,DOI:10.3389/fmicb.2015.00034,3
DOI:10.3390/molecules23040795,DOI:10.3390/antibiotics12020328,3
DOI:10.3390/molecules23040795,"[ANONYMOUS], 2021, GLOBAL ANTIMICROBIAL RESISTANCE AND USE SURVEILLANCE SYSTEM (GLASS)",3
DOI:10.3390/molecules23040795,DOI:10.1177/003335491212700103,3
DOI:10.3390/molecules23040795,DOI:10.1098/rspb.2018.0332,5
DOI:10.3390/molecules23040795,DOI:10.15620/cdc:82532,3
DOI:10.3390/molecules23040795,DOI:10.3390/tropicalmed4020088,3
DOI:10.3390/molecules23040795,DOI:10.1016/j.onehlt.2021.100286,3
DOI:10.3390/molecules23040795,DOI:10.1128/aac.02412-14,5
DOI:10.3390/molecules23040795,DOI:10.1099/mgen.0.000192,3
DOI:10.3390/molecules23040795,DOI:10.1093/nar/gkab301,3
DOI:10.1016/j.envint.2023.108089,DOI:10.1016/j.mib.2021.09.013,3
DOI:10.1016/j.envint.2023.108089,DOI:10.1038/nrmicro3439,3
DOI:10.1016/j.envint.2023.108089,DOI:10.1371/journal.ppat.1010537,3
DOI:10.1016/j.envint.2023.108089,DOI:10.1177/2042098614554919,3
DOI:10.1016/j.envpol.2022.119116,DOI:10.3389/fvets.2020.627821,3
DOI:10.1016/j.jgar.2021.08.001,DOI:10.1098/rstb.2014.0083,3
DOI:10.1016/j.jgar.2021.08.001,DOI:10.3390/w12123313,5
DOI:10.1016/j.mib.2021.09.013,DOI:10.1038/nrmicro3439,4
DOI:10.1016/j.mib.2021.09.013,"CLARKE LM, 2024, J ENVIRON EXPO ASSES, V3, DOI [10.20517/JEEA.2023.29, 10.20517/JEEA.2023.29]",3
DOI:10.1016/j.mib.2021.09.013,DOI:10.1126/sciadv.aau9124,4
DOI:10.1016/j.mib.2021.09.013,DOI:10.1016/j.envint.2022.107171,4
DOI:10.1016/j.mib.2021.09.013,DOI:10.1093/femsec/fiy130,3
DOI:10.1016/j.mib.2021.09.013,DOI:10.3389/fmicb.2016.02137,3
DOI:10.1016/j.onehlt.2020.100198,DOI:10.1016/j.scitotenv.2018.08.180,3
DOI:10.1016/j.onehlt.2020.100198,DOI:10.1111/1365-2664.12596,3
DOI:10.1016/j.onehlt.2020.100198,DOI:10.1371/journal.ppat.1010537,3
DOI:10.1016/j.scitotenv.2018.08.180,DOI:10.1016/j.scitotenv.2020.144551,3
DOI:10.1016/j.scitotenv.2018.08.180,DOI:10.1111/1365-2664.12596,3
DOI:10.1016/j.scitotenv.2018.08.180,DOI:10.1111/zph.12182,3
DOI:10.1016/j.scitotenv.2018.08.180,DOI:10.12834/vetit.2013.492.201.208,3
DOI:10.1016/j.scitotenv.2018.08.180,DOI:10.3389/fmicb.2020.601317,3
DOI:10.1016/j.scitotenv.2019.135001,DOI:10.1038/nrmicro2312,3
DOI:10.1016/j.scitotenv.2019.135001,DOI:10.1128/aac.01167-19,3
DOI:10.1016/j.scitotenv.2019.135001,DOI:10.1292/jvms.19-0554,3
DOI:10.1016/j.scitotenv.2019.135001,DOI:10.3389/fvets.2020.627821,3
DOI:10.1016/j.scitotenv.2020.144551,DOI:10.12834/vetit.2013.492.201.208,3
DOI:10.1016/j.scitotenv.2020.144551,DOI:10.3389/fmicb.2020.601317,3
DOI:10.1016/j.scitotenv.2022.153632,DOI:10.1186/s13756-019-0657-5,3
DOI:10.1016/j.scitotenv.2022.153632,DOI:10.3389/fmicb.2020.601317,3
DOI:10.1016/s0065-2113(05)87001-4,DOI:10.1177/003335491212700103,3
DOI:10.1016/s0065-2113(05)87001-4,"TAKELE BEYENE TAKELE BEYENE, 2016, JOURNAL OF VETERINARY SCIENCE AND TECHNOLOGY, V7, P285",3
DOI:10.1016/s2542-5196(17)30141-9,DOI:10.1038/nrmicro3439,6
DOI:10.1016/s2542-5196(17)30141-9,DOI:10.1093/femsre/fux053,3
DOI:10.1016/s2542-5196(17)30141-9,DOI:10.1098/rstb.2014.0083,4
DOI:10.1016/s2542-5196(17)30141-9,DOI:10.1111/1365-2664.12596,3
DOI:10.1016/s2542-5196(17)30141-9,DOI:10.2903/j.efsa.2021.6490,3
DOI:10.1016/s2542-5196(17)30141-9,DOI:10.1038/nrmicro3270,3
DOI:10.1016/s2542-5196(17)30141-9,DOI:10.1146/annurev-food-041715-033251,4
DOI:10.1016/s2542-5196(17)30141-9,DOI:10.1897/09-073.1,3
DOI:10.1016/s2542-5196(17)30141-9,"[ANONYMOUS], 2015, GLOBAL ACTION PLAN ON ANTIMICROBIAL RESISTANCE",4
DOI:10.1016/s2542-5196(17)30141-9,DOI:10.1126/science.aao1495,3
DOI:10.1016/s2542-5196(17)30141-9,DOI:10.3389/fmicb.2016.01789,3
DOI:10.1016/s2542-5196(17)30141-9,DOI:10.3390/antibiotics9020049,3
DOI:10.1016/s2542-5196(17)30141-9,"ROCA I., 2015, NEW MICROBES AND NEW INFECTIONS, V6, P22, DOI [10.1016/J.NMNI.2015.02.007, 10.1016/J.NMNI.2015.02.007]",3
DOI:10.1016/s2542-5196(17)30141-9,"SAMREEN, 2021, J GLOB ANTIMICROB RE, V27, P101, DOI [10.1016/J.JGAR.2021.08.001, 10.1097/JS9.0000000000001165]",3
DOI:10.1016/s2542-5196(17)30141-9,DOI:10.1038/s41564-019-0503-9,3
DOI:10.1016/s2542-5196(17)30141-9,DOI:10.1371/journal.pmed.1002378,3
DOI:10.1016/s2542-5196(17)30141-9,"MAJOWICZ SHANNON E, 2018, BMC RES NOTES, V11, P170, DOI [10.1186/S13104-018-3279-8, 10.1186/S13104-018-3279-8]",3
DOI:10.1016/s2542-5196(17)30141-9,DOI:10.1016/s1473-3099(20)30003-7,4
DOI:10.1016/s2542-5196(17)30141-9,DOI:10.1146/annurev.publhealth.29.020907.090904,3
DOI:10.1021/es901221x,DOI:10.1038/nrmicro3439,4
DOI:10.1021/es901221x,DOI:10.1038/nature13377,3
DOI:10.1021/es901221x,"[ANONYMOUS], 2023, BRACING FOR SUPERBUGS: STRENGTHENING ENVIRONMENTAL ACTION IN THE ONE HEALTH RESPONSE TO ANTIMICROBIAL RESISTANCE",3
DOI:10.1038/nbt.3935,DOI:10.1038/nrmicro3439,3
DOI:10.1038/nbt.3935,DOI:10.1098/rstb.2014.0083,3
DOI:10.1038/nbt.3935,DOI:10.1186/s40168-018-0401-z,3
DOI:10.1038/nrmicro1614,DOI:10.1038/nrmicro2312,4
DOI:10.1038/nrmicro1614,DOI:10.1038/nrmicro3439,3
DOI:10.1038/nrmicro1614,DOI:10.1098/rstb.2014.0083,3
DOI:10.1038/nrmicro1614,DOI:10.1111/j.1365-2672.2006.03241.x,3
DOI:10.1038/nrmicro1614,DOI:10.1128/mmbr.00016-10,4
DOI:10.1038/nrmicro1614,DOI:10.3389/fcimb.2022.873989,3
DOI:10.1038/nrmicro1614,DOI:10.3389/fmicb.2011.00158,3
DOI:10.1038/nrmicro1614,DOI:10.3389/fmicb.2011.00246,3
DOI:10.1038/nrmicro1614,DOI:10.1038/nrmicro3270,3
DOI:10.1038/nrmicro1614,DOI:10.1186/s40168-019-0781-8,3
DOI:10.1038/nrmicro1614,DOI:10.1038/nature17672,3
DOI:10.1038/nrmicro1614,DOI:10.1126/science.1220761,3
DOI:10.1038/nrmicro1614,DOI:10.1186/s40168-019-0710-x,3
DOI:10.1038/nrmicro1614,DOI:10.1099/jmm.0.052555-0,3
DOI:10.1038/nrmicro2312,DOI:10.1038/nrmicro3439,5
DOI:10.1038/nrmicro2312,DOI:10.1093/jac/dkl415,3
DOI:10.1038/nrmicro2312,DOI:10.1098/rstb.2014.0083,3
DOI:10.1038/nrmicro2312,DOI:10.1111/zph.12182,4
DOI:10.1038/nrmicro2312,DOI:10.1126/science.1159483,3
DOI:10.1038/nrmicro2312,DOI:10.1128/aem.03366-14,3
DOI:10.1038/nrmicro2312,DOI:10.1128/mmbr.00016-10,3
DOI:10.1038/nrmicro2312,DOI:10.1292/jvms.19-0554,3
DOI:10.1038/nrmicro2312,DOI:10.3389/fmicb.2011.00246,3
DOI:10.1038/nrmicro2312,DOI:10.3389/fmicb.2014.00023,3
DOI:10.1038/nrmicro2312,DOI:10.1038/nrmicro3270,3
DOI:10.1038/nrmicro2312,DOI:10.1038/s41564-019-0503-9,5
DOI:10.1038/nrmicro2312,DOI:10.1126/science.1120800,3
DOI:10.1038/nrmicro2312,"BERGLUND BJORN, 2015, INFECTION ECOLOGY & EPIDEMIOLOGY, V5, P28564, DOI [10.3402/IEE.V5.28564, 10.3402/IEE.V5.28564]",3
DOI:10.1038/nrmicro2312,"SAMREEN, 2021, J GLOB ANTIMICROB RE, V27, P101, DOI [10.1016/J.JGAR.2021.08.001, 10.1097/JS9.0000000000001165]",3
DOI:10.1038/nrmicro3439,DOI:10.1093/femsre/fux053,8
DOI:10.1038/nrmicro3439,DOI:10.1098/rsbl.2016.0137,3
DOI:10.1038/nrmicro3439,DOI:10.1098/rstb.2014.0083,9
DOI:10.1038/nrmicro3439,DOI:10.1126/science.1159483,3
DOI:10.1038/nrmicro3439,DOI:10.1128/mmbr.00016-10,6
DOI:10.1038/nrmicro3439,DOI:10.1371/journal.ppat.1010537,3
DOI:10.1038/nrmicro3439,DOI:10.3389/fmicb.2011.00158,3
DOI:10.1038/nrmicro3439,DOI:10.3389/fmicb.2021.703886,3
DOI:10.1038/nrmicro3439,DOI:10.1016/j.scitotenv.2020.140997,3
DOI:10.1038/nrmicro3439,DOI:10.1016/j.tim.2006.02.006,3
DOI:10.1038/nrmicro3439,DOI:10.1016/s2542-5196(23)00135-3,3
DOI:10.1038/nrmicro3439,DOI:10.1038/ismej.2014.226,6
DOI:10.1038/nrmicro3439,DOI:10.1038/nature13377,4
DOI:10.1038/nrmicro3439,DOI:10.1038/nature17672,5
DOI:10.1038/nrmicro3439,DOI:10.1038/s41564-019-0503-9,9
DOI:10.1038/nrmicro3439,DOI:10.1126/sciadv.aau9124,5
DOI:10.1038/nrmicro3439,DOI:10.1126/science.1120800,3
DOI:10.1038/nrmicro3439,DOI:10.1126/science.aba3432,5
DOI:10.1038/nrmicro3439,"LEE K, 2020, MICROBIOME, V8, DOI [10.1186/S40168-019-0774-7, 10.1186/S40168-020-00881-2]",4
DOI:10.1038/nrmicro3439,"MULOI DM, 2023, LANCET MICROBE, V4, PE1056, DOI [10.1016/S2666-5247(23)00284-7, 10.1016/S2666-5247(23)00284]",3
DOI:10.1038/nrmicro3439,DOI:10.1016/j.cmi.2017.08.026,3
DOI:10.1038/nrmicro3439,DOI:10.1016/j.watres.2019.06.039,4
DOI:10.1038/nrmicro3439,DOI:10.1073/pnas.1222743110,9
DOI:10.1038/nrmicro3439,DOI:10.1126/science.1220761,4
DOI:10.1038/nrmicro3439,DOI:10.3389/fmicb.2012.00399,3
DOI:10.1038/nrmicro3439,DOI:10.1128/mmbr.00020-10,3
DOI:10.1038/nrmicro3439,DOI:10.3390/antibiotics12061061,3
DOI:10.1038/nrmicro3439,DOI:10.1016/j.copbio.2008.05.006,4
DOI:10.1038/nrmicro3439,DOI:10.1038/nrmicro3380,4
DOI:10.1038/nrmicro3439,DOI:10.1038/s41545-020-0051-0,3
DOI:10.1038/nrmicro3439,DOI:10.1111/1462-2920.12134,5
DOI:10.1038/nrmicro3439,DOI:10.3389/fmicb.2018.02928,3
DOI:10.1038/nrmicro3439,DOI:10.1021/acs.est.8b02204,3
DOI:10.1038/nrmicro3439,DOI:10.1016/j.jhazmat.2007.07.008,3
DOI:10.1038/nrmicro3439,DOI:10.1016/j.tim.2016.11.014,5
DOI:10.1038/nrmicro3439,DOI:10.1016/j.tim.2017.09.005,4
DOI:10.1038/nrmicro3439,DOI:10.1038/nrmicro3399,6
DOI:10.1038/nrmicro3439,DOI:10.1093/nar/gkz935,3
DOI:10.1038/nrmicro3439,DOI:10.1128/cmr.00047-19,3
DOI:10.1038/nrmicro3439,DOI:10.24911/ijmdc.51-1549060699,3
DOI:10.1038/nrmicro3439,DOI:10.3389/fmicb.2010.00134,3
DOI:10.1038/nrmicro3439,DOI:10.1021/es403818e,3
DOI:10.1038/nrmicro3439,DOI:10.1021/es502615e,3
DOI:10.1038/nrmicro3439,DOI:10.1038/nmicrobiol.2016.270,3
DOI:10.1038/nrmicro3439,DOI:10.1038/nrmicro3270,4
DOI:10.1038/nrmicro3439,DOI:10.1186/s40168-019-0663-0,3
DOI:10.1038/nrmicro3439,DOI:10.1371/journal.pone.0017038,3
DOI:10.1038/nrmicro3439,DOI:10.1016/j.envpol.2009.05.051,4
DOI:10.1038/nrmicro3439,DOI:10.3389/fmicb.2015.00034,5
DOI:10.1038/nrmicro3439,DOI:10.1038/nrmicro1235,4
DOI:10.1038/nrmicro3439,DOI:10.1038/s42003-020-01545-5,3
DOI:10.1038/nrmicro3439,"SAMREEN, 2021, J GLOB ANTIMICROB RE, V27, P101, DOI [10.1016/J.JGAR.2021.08.001, 10.1097/JS9.0000000000001165]",8
DOI:10.1038/nrmicro3439,DOI:10.1016/j.watres.2014.11.021,3
DOI:10.1038/nrmicro3439,DOI:10.1897/09-073.1,3
DOI:10.1038/nrmicro3439,DOI:10.3390/antibiotics14080764,3
DOI:10.1038/nrmicro3439,DOI:10.3390/ijms21061914,3
DOI:10.1038/nrmicro3439,DOI:10.1016/j.envint.2017.11.003,3
DOI:10.1038/nrmicro3439,DOI:10.1186/s40168-018-0401-z,4
DOI:10.1038/nrmicro3439,DOI:10.1128/aac.44.7.1771-1777.2000,3
DOI:10.1038/nrmicro3439,DOI:10.3389/fmicb.2019.00338,3
DOI:10.1038/s41396-020-00832-7,DOI:10.1038/s41396-019-0483-z,3
DOI:10.1038/s42003-022-03520-8,DOI:10.1111/zph.12182,3
DOI:10.1073/pnas.1208059110,DOI:10.1371/journal.ppat.1010537,3
DOI:10.1093/femsre/fux053,DOI:10.1098/rstb.2014.0083,3
DOI:10.1093/femsre/fux053,DOI:10.1128/mmbr.00016-10,3
DOI:10.1093/femsre/fux053,DOI:10.1371/journal.ppat.1010537,3
DOI:10.1093/femsre/fux053,DOI:10.3389/fmicb.2021.703886,3
DOI:10.1093/femsre/fux053,DOI:10.1289/ehp.1206446,3
DOI:10.1093/femsre/fux053,DOI:10.1038/s41545-020-0051-0,3
DOI:10.1093/femsre/fux053,DOI:10.3934/microbiol.2018.3.482,3
DOI:10.1093/femsre/fux053,DOI:10.1038/nrmicro3399,3
DOI:10.1093/femsre/fux053,DOI:10.1073/pnas.1222743110,3
DOI:10.1093/femsre/fux053,DOI:10.3389/fmicb.2015.00034,3
DOI:10.1093/femsre/fux053,"[ANONYMOUS], 2017, GLOBAL PRIORITY LIST",3
DOI:10.1093/femsre/fux053,DOI:10.1111/j.1469-0691.2011.03570.x,3
DOI:10.1093/jac/dkl415,DOI:10.3389/fmicb.2014.00023,3
DOI:10.1093/jac/dkt443,DOI:10.1098/rstb.2014.0083,4
DOI:10.1093/jac/dkt443,DOI:10.1128/mmbr.00016-10,3
DOI:10.1093/jac/dkt443,DOI:10.2903/j.efsa.2021.6490,3
DOI:10.1093/jac/dkt443,DOI:10.1126/science.aao1495,3
DOI:10.1093/jac/dkt443,DOI:10.1093/jac/dkw481,3
DOI:10.1093/jac/dkt443,DOI:10.2147/idr.s234610,3
DOI:10.1093/jac/dkt443,DOI:10.1111/zph.12298,3
DOI:10.1093/jac/dkv306,DOI:10.1093/jac/dkw262,3
DOI:10.1093/jac/dkv306,DOI:10.1111/zph.12182,3
DOI:10.1093/jac/dkv306,DOI:10.1128/aac.01167-19,3
DOI:10.1093/jac/dkw262,DOI:10.1111/zph.12182,3
DOI:10.1093/jac/dkw262,DOI:10.1128/aac.01167-19,3
DOI:10.1093/jac/dkw262,DOI:10.7589/2019-04-099,3
DOI:10.1098/rsbl.2016.0137,DOI:10.1111/1365-2664.12596,3
DOI:10.1098/rstb.2014.0083,DOI:10.1128/mmbr.00016-10,4
DOI:10.1098/rstb.2014.0083,DOI:10.3389/fcimb.2022.1065796,3
DOI:10.1098/rstb.2014.0083,DOI:10.3389/fmicb.2011.00158,3
DOI:10.1098/rstb.2014.0083,DOI:10.3390/w12123313,4
DOI:10.1098/rstb.2014.0083,DOI:10.1016/s1473-3099(18)30648-0,3
DOI:10.1098/rstb.2014.0083,DOI:10.1038/nrmicro3270,3
DOI:10.1098/rstb.2014.0083,DOI:10.1371/journal.pmed.1002184,3
DOI:10.1098/rstb.2014.0083,DOI:10.1126/science.1220761,3
DOI:10.1098/rstb.2014.0083,DOI:10.1128/cmr.00116-14,3
DOI:10.1098/rstb.2014.0083,DOI:10.2147/idr.s234610,3
DOI:10.1098/rstb.2014.0083,DOI:10.1016/j.ijantimicag.2019.08.014,4
DOI:10.1111/zph.12147,DOI:10.1128/aem.00465-22,3
DOI:10.1111/zph.12182,DOI:10.1128/aac.01167-19,3
DOI:10.1111/zph.12182,DOI:10.3389/fmicb.2011.00246,3
DOI:10.1111/zph.12182,DOI:10.3389/fmicb.2014.00023,3
DOI:10.1111/zph.12182,DOI:10.1016/j.envres.2016.12.014,4
DOI:10.1111/zph.12182,DOI:10.1128/aem.01632-18,3
DOI:10.1111/zph.12182,DOI:10.7589/2014-11-257,3
DOI:10.1126/science.1159483,DOI:10.1038/nmicrobiol.2016.270,3
DOI:10.1128/aac.01167-19,DOI:10.1371/journal.pone.0190380,3
DOI:10.1128/aac.01167-19,DOI:10.3389/fvets.2020.627821,3
DOI:10.1128/aem.01821-08,DOI:10.1128/aem.03366-14,3
DOI:10.1128/aem.03366-14,DOI:10.1093/jac/dkx260,3
DOI:10.1128/mmbr.00016-10,DOI:10.2134/jeq2008.0128,3
DOI:10.1128/mmbr.00016-10,DOI:10.1038/s41564-019-0503-9,3
DOI:10.1128/mmbr.00016-10,DOI:10.1016/j.watres.2017.09.019,3
DOI:10.1128/mmbr.00016-10,DOI:10.1289/ehp.1206446,3
DOI:10.1128/mmbr.00016-10,DOI:10.1038/nrmicro3380,3
DOI:10.1128/mmbr.00016-10,DOI:10.1038/s41598-020-78849-3,3
DOI:10.1128/mmbr.00016-10,DOI:10.24911/ijmdc.51-1549060699,4
DOI:10.1186/s13750-022-00262-2,DOI:10.2807/1560-7917.es.2019.24.32.1900149,3
DOI:10.1186/s13750-022-00262-2,DOI:10.3389/fmicb.2019.02892,3
DOI:10.1186/s13750-022-00262-2,DOI:10.1016/j.envint.2017.11.003,3
DOI:10.1186/s13756-019-0657-5,DOI:10.3389/fmicb.2020.601317,3
DOI:10.1186/s13756-022-01130-x,DOI:10.1080/14787210.2021.1951705,3
DOI:10.12834/vetit.2013.492.201.208,DOI:10.3389/fmicb.2020.601317,3
DOI:10.1371/journal.ppat.1010537,DOI:10.3389/fcimb.2022.1065796,3
DOI:10.1371/journal.ppat.1010537,DOI:10.3389/fmicb.2019.02892,3
DOI:10.1371/journal.ppat.1010537,DOI:10.24911/ijmdc.51-1549060699,3
DOI:10.1371/journal.ppat.1010537,DOI:10.1038/s41545-020-0051-0,5
DOI:10.1371/journal.ppat.1010537,DOI:10.1093/nar/gkac920,3
DOI:10.1371/journal.ppat.1010537,DOI:10.1038/s41564-019-0503-9,4
DOI:10.1371/journal.ppat.1010537,DOI:10.1016/j.onehlt.2019.100085,3
DOI:10.1371/journal.ppat.1010537,DOI:10.3390/ijerph20031681,3
DOI:10.2807/1560-7917.es.2019.24.32.1900149,DOI:10.3389/fmicb.2019.02892,3
DOI:10.2903/j.efsa.2021.6490,"GOVERNMENT OF CANADA, CAN INT PROGR ANT RE",3
DOI:10.3389/fcimb.2022.1065796,DOI:10.3389/fcimb.2021.771510,4
DOI:10.3389/fmicb.2011.00158,"POLIANCIUC SVETLANA IULIANA, 2020, MED PHARM REP, V93, P231, DOI [10.15386/MPR-1742, 10.15386/MPR-1742, 10.15386/MPR-1742]",3
DOI:10.3389/fmicb.2019.02892,DOI:10.3390/w12123313,3
DOI:10.3389/fmicb.2019.02892,DOI:10.1038/s41564-019-0503-9,3
DOI:10.3389/fmicb.2019.02892,DOI:10.1093/femsre/fuaa001,3
DOI:10.3389/fmicb.2020.601317,DOI:10.3390/antibiotics10121556,3
DOI:10.3390/w12123313,DOI:10.1007/s42770-021-00635-8,3
DOI:10.3390/w12123313,"KASIMANICKAM VANMATHY, 2021, MED SCI (BASEL), V9, DOI [10.3390/MEDSCI9010014, 10.3390/MEDSCI9010014]",3
"MCDOUGALL FIONA K, 2021, MICROB GENOM, V7, DOI [10.1099/MGEN.0.000571, 10.1099/MGEN.0.000571]",DOI:10.1007/s00284-020-02095-z,3
"MCDOUGALL FIONA K, 2021, MICROB GENOM, V7, DOI [10.1099/MGEN.0.000571, 10.1099/MGEN.0.000571]",DOI:10.1016/j.rvsc.2019.10.017,3
DOI:10.1016/s0140-6736(24)00876-6,DOI:10.1093/jac/dkac342,3
DOI:10.1016/s2542-5196(21)00280-1,"MURRAY LM, 2024, NPJ ANTIMICROB RESIS, V2, DOI [10.1038/S44259-024-00026-7, 10.1038/S44259-024-00026-7]",3
DOI:10.1126/science.aba3432,DOI:10.1126/sciadv.aau9124,6
DOI:10.1126/science.aba3432,DOI:10.1186/s40168-017-0298-y,3
DOI:10.3389/fpubh.2023.1053986,DOI:10.3389/fvets.2023.1107122,3
DOI:10.1016/j.cmi.2017.08.026,DOI:10.1093/cid/ciu392,3
DOI:10.1016/j.cmi.2017.08.026,DOI:10.2147/idr.s234610,3
DOI:10.1016/j.cmi.2017.08.026,DOI:10.1111/j.1469-0691.2011.03570.x,3
DOI:10.1016/j.cmi.2017.08.026,DOI:10.1371/journal.pgph.0001414,3
DOI:10.1016/j.cmi.2017.08.026,DOI:10.3390/microorganisms10081684,3
DOI:10.1038/nature17672,DOI:10.1098/rspb.2018.0332,4
DOI:10.1038/nature17672,DOI:10.1038/nature13377,3
DOI:10.1038/nature17672,DOI:10.1038/s41564-019-0503-9,5
DOI:10.1038/nature17672,DOI:10.1093/cid/cix879,4
DOI:10.1038/nature17672,DOI:10.1126/sciadv.aau9124,3
DOI:10.1038/nature17672,DOI:10.1126/science.1120800,3
DOI:10.1038/nature17672,DOI:10.1038/s41545-020-0051-0,3
DOI:10.1038/nature17672,DOI:10.1038/nature10571,3
DOI:10.1038/nature17672,DOI:10.1038/nrmicro3270,3
DOI:10.1038/nature17672,DOI:10.1038/nrmicro3399,4
DOI:10.1038/nature17672,DOI:10.1126/science.1220761,4
DOI:10.1038/nature17672,DOI:10.1007/s11684-017-0531-x,3
DOI:10.1038/nature17672,DOI:10.1038/ncomms3151,3
DOI:10.1098/rspb.2018.0332,DOI:10.1093/cid/cix879,5
DOI:10.1098/rspb.2018.0332,DOI:10.1126/science.aao1495,4
DOI:10.1098/rspb.2018.0332,DOI:10.15620/cdc:82532,5
DOI:10.1371/journal.pmed.1002184,DOI:10.4102/ajlm.v5i3.482,3
DOI:10.1371/journal.pmed.1002184,"SEALE ANNA C, 2017, WELLCOME OPEN RES, V2, P92, DOI [10.12688/WELLCOMEOPENRES.12527.1, 10.12688/WELLCOMEOPENRES.12527.1]",4
DOI:10.1371/journal.pmed.1002184,DOI:10.1016/j.cmi.2017.07.014,3
DOI:10.1371/journal.pmed.1002184,DOI:10.1089/hs.2018.0052,3
DOI:10.1371/journal.pmed.1002184,DOI:10.1093/jac/dky487,3
DOI:10.1371/journal.pmed.1002184,DOI:10.3390/ani10081264,3
DOI:10.1371/journal.pmed.1002184,"SEALE ANNA C, 2017, WELLCOME OPEN RES, V2, P91, DOI [10.12688/WELLCOMEOPENRES.12523.1, 10.12688/WELLCOMEOPENRES.12523.1]",3
DOI:10.1371/journal.pmed.1002184,"[ANONYMOUS], 2015, GLOBAL ACTION PLAN ON ANTIMICROBIAL RESISTANCE",3
DOI:10.1371/journal.pmed.1002184,DOI:10.1186/s12917-021-02938-2,3
DOI:10.1371/journal.pmed.1002184,DOI:10.1016/s1473-3099(18)30093-8,3
DOI:10.1371/journal.pmed.1002184,DOI:10.1016/j.prevetmed.2018.04.001,3
DOI:10.1371/journal.pmed.1002184,DOI:10.3389/fvets.2017.00126,3
DOI:10.1371/journal.pmed.1002184,DOI:10.3390/antibiotics10030238,3
DOI:10.1371/journal.pmed.1002184,DOI:10.1016/s1473-3099(19)30276-2,3
DOI:10.4102/ajlm.v5i3.482,"SEALE ANNA C, 2017, WELLCOME OPEN RES, V2, P92, DOI [10.12688/WELLCOMEOPENRES.12527.1, 10.12688/WELLCOMEOPENRES.12527.1]",4
DOI:10.4102/ajlm.v5i3.482,"SEALE ANNA C, 2017, WELLCOME OPEN RES, V2, P91, DOI [10.12688/WELLCOMEOPENRES.12523.1, 10.12688/WELLCOMEOPENRES.12523.1]",3
"SEALE ANNA C, 2017, WELLCOME OPEN RES, V2, P92, DOI [10.12688/WELLCOMEOPENRES.12527.1, 10.12688/WELLCOMEOPENRES.12527.1]",DOI:10.1128/cmr.00048-19,4
"SEALE ANNA C, 2017, WELLCOME OPEN RES, V2, P92, DOI [10.12688/WELLCOMEOPENRES.12527.1, 10.12688/WELLCOMEOPENRES.12527.1]",DOI:10.1136/bmjgh-2019-002104,3
"SEALE ANNA C, 2017, WELLCOME OPEN RES, V2, P92, DOI [10.12688/WELLCOMEOPENRES.12527.1, 10.12688/WELLCOMEOPENRES.12527.1]",DOI:10.1136/sextrans-2020-054581,3
"SEALE ANNA C, 2017, WELLCOME OPEN RES, V2, P92, DOI [10.12688/WELLCOMEOPENRES.12527.1, 10.12688/WELLCOMEOPENRES.12527.1]",DOI:10.1186/1471-2458-14-269,3
"SEALE ANNA C, 2017, WELLCOME OPEN RES, V2, P92, DOI [10.12688/WELLCOMEOPENRES.12527.1, 10.12688/WELLCOMEOPENRES.12527.1]",DOI:10.1186/s13756-017-0260-6,4
"SEALE ANNA C, 2017, WELLCOME OPEN RES, V2, P92, DOI [10.12688/WELLCOMEOPENRES.12527.1, 10.12688/WELLCOMEOPENRES.12527.1]","SEALE ANNA C, 2017, WELLCOME OPEN RES, V2, P91, DOI [10.12688/WELLCOMEOPENRES.12523.1, 10.12688/WELLCOMEOPENRES.12523.1]",8
"SEALE ANNA C, 2017, WELLCOME OPEN RES, V2, P92, DOI [10.12688/WELLCOMEOPENRES.12527.1, 10.12688/WELLCOMEOPENRES.12527.1]","VERNET G, 2014, EMERG INFECT DIS, V20, P434, DOI [10.3201/EID2003.121157, 10.3201/EID2003.121157]",3
"SEALE ANNA C, 2017, WELLCOME OPEN RES, V2, P92, DOI [10.12688/WELLCOMEOPENRES.12527.1, 10.12688/WELLCOMEOPENRES.12527.1]",DOI:10.1186/s13756-020-00800-y,3
"SEALE ANNA C, 2017, WELLCOME OPEN RES, V2, P92, DOI [10.12688/WELLCOMEOPENRES.12527.1, 10.12688/WELLCOMEOPENRES.12527.1]",DOI:10.1111/j.1365-3156.2010.02696.x,3
"SEALE ANNA C, 2017, WELLCOME OPEN RES, V2, P92, DOI [10.12688/WELLCOMEOPENRES.12527.1, 10.12688/WELLCOMEOPENRES.12527.1]",DOI:10.4103/ijmr.ijmr_226_18,4
"SEALE ANNA C, 2017, WELLCOME OPEN RES, V2, P92, DOI [10.12688/WELLCOMEOPENRES.12527.1, 10.12688/WELLCOMEOPENRES.12527.1]",DOI:10.1016/s1473-3099(05)70189-4,3
"SEALE ANNA C, 2017, WELLCOME OPEN RES, V2, P92, DOI [10.12688/WELLCOMEOPENRES.12527.1, 10.12688/WELLCOMEOPENRES.12527.1]",DOI:10.1093/jac/dky026,4
"SEALE ANNA C, 2017, WELLCOME OPEN RES, V2, P92, DOI [10.12688/WELLCOMEOPENRES.12527.1, 10.12688/WELLCOMEOPENRES.12527.1]",DOI:10.1093/jacamr/dlz070,3
"SEALE ANNA C, 2017, WELLCOME OPEN RES, V2, P92, DOI [10.12688/WELLCOMEOPENRES.12527.1, 10.12688/WELLCOMEOPENRES.12527.1]","WORLD HEALTH ORGANIZATION, 2022, GLOBAL ANTIMICROBIAL RESISTANCE AND USE SURVEILLANCE SYSTEM (GLASS) REPORT: 2022",3
"SEALE ANNA C, 2017, WELLCOME OPEN RES, V2, P92, DOI [10.12688/WELLCOMEOPENRES.12527.1, 10.12688/WELLCOMEOPENRES.12527.1]","[ANONYMOUS], 2018, WORLD HEALTH ORGANIZATION",3
"SEALE ANNA C, 2017, WELLCOME OPEN RES, V2, P92, DOI [10.12688/WELLCOMEOPENRES.12527.1, 10.12688/WELLCOMEOPENRES.12527.1]","[ANONYMOUS], 2021, GLOBAL ANTIMICROBIAL RESISTANCE AND USE SURVEILLANCE SYSTEM (GLASS)",3
"SEALE ANNA C, 2017, WELLCOME OPEN RES, V2, P92, DOI [10.12688/WELLCOMEOPENRES.12527.1, 10.12688/WELLCOMEOPENRES.12527.1]",DOI:10.1186/s12879-017-2713-1,4
"SEALE ANNA C, 2017, WELLCOME OPEN RES, V2, P92, DOI [10.12688/WELLCOMEOPENRES.12527.1, 10.12688/WELLCOMEOPENRES.12527.1]",DOI:10.1016/s1473-3099(18)30093-8,3
DOI:10.2903/j.efsa.2019.5709,DOI:10.1038/s41598-020-76877-7,3
DOI:10.2903/j.efsa.2019.5709,DOI:10.1093/jac/dky518,3
DOI:10.3389/fmicb.2022.838490,DOI:10.3389/fmicb.2023.1188423,3
DOI:10.1007/s10393-019-01415-5,DOI:10.1016/j.jiph.2021.10.020,3
DOI:10.1007/s10393-019-01415-5,DOI:10.2147/idr.s234610,3
DOI:10.1007/s10393-019-01415-5,DOI:10.1016/j.onehlt.2021.100286,3
DOI:10.1038/nature13377,DOI:10.1126/science.1220761,3
DOI:10.1038/nature13377,DOI:10.1038/s41564-019-0503-9,3
DOI:10.1038/nature13377,DOI:10.1126/sciadv.aau9124,3
DOI:10.1038/nature13377,DOI:10.1126/science.1120800,3
DOI:10.1038/nature13377,DOI:10.1016/j.copbio.2008.05.006,3
DOI:10.1073/pnas.1222743110,DOI:10.1126/science.1220761,3
DOI:10.1073/pnas.1222743110,DOI:10.1371/journal.pone.0017549,3
DOI:10.1073/pnas.1222743110,DOI:10.1016/j.watres.2019.06.039,3
DOI:10.1073/pnas.1222743110,DOI:10.1016/j.tim.2016.11.014,3
DOI:10.1073/pnas.1222743110,DOI:10.1021/acs.est.8b02204,3
DOI:10.1126/science.1220761,DOI:10.1186/s40168-019-0663-0,3
DOI:10.1128/mbio.02227-15,"TOPP E, 2017, CAN COMMUN DIS REP, V43, P224, DOI [10.14745/CCDR.V43I11A03, 10.14745/CCDR.V43I11A03]",3
DOI:10.2147/idr.s173867,DOI:10.24911/ijmdc.51-1549060699,3
DOI:10.2147/idr.s173867,DOI:10.3389/fpubh.2014.00145,3
DOI:10.24911/ijmdc.51-1549060699,DOI:10.1038/nrmicro3380,3
DOI:10.24911/ijmdc.51-1549060699,"HALL CW, 2017, FEMS MICROBIOL REV, V41, P276, DOI [10.1093/FEMSRE/F, 10.1093/FEMSRE/FUX010]",3
DOI:10.24911/ijmdc.51-1549060699,DOI:10.1093/nar/gkz935,3
DOI:10.24911/ijmdc.51-1549060699,DOI:10.3389/fmicb.2015.00034,3
DOI:10.3389/fmicb.2019.00338,DOI:10.1038/nrmicro3270,3
DOI:10.3389/fmicb.2019.00338,DOI:10.1289/ehp.1206446,3
DOI:10.3390/antibiotics9020049,"ROCA I., 2015, NEW MICROBES AND NEW INFECTIONS, V6, P22, DOI [10.1016/J.NMNI.2015.02.007, 10.1016/J.NMNI.2015.02.007]",3
DOI:10.3399/bjgp14x682561,DOI:10.1093/jtm/taz036,3
DOI:10.1016/j.cmi.2020.07.012,DOI:10.1111/j.1469-0691.2011.03570.x,3
DOI:10.1016/j.vetmic.2016.05.017,DOI:10.3390/antibiotics9020087,3
DOI:10.1093/bioinformatics/btw354,DOI:10.1186/s13059-019-1891-0,3
DOI:10.1093/jac/dkaa345,DOI:10.1111/j.1469-0691.2011.03570.x,5
DOI:10.1093/jac/dkaa345,DOI:10.1128/aac.02412-14,8
DOI:10.1093/jac/dkaa345,DOI:10.1006/jmbi.1990.9999,3
DOI:10.1093/jac/dkaa345,DOI:10.1038/s41576-019-0108-4,3
DOI:10.1093/jac/dkaa345,DOI:10.1038/s41598-021-91456-0,8
DOI:10.1093/jac/dkaa345,DOI:10.1093/nar/gkac920,6
DOI:10.1093/jac/dkaa345,DOI:10.1016/j.envint.2022.107171,4
DOI:10.1093/jac/dkaa345,DOI:10.1093/bioinformatics/btu170,5
DOI:10.1093/jac/dkaa345,DOI:10.1128/aac.00483-19,7
DOI:10.1093/jac/dkaa345,DOI:10.1186/s40168-018-0401-z,4
DOI:10.1093/jac/dkaa345,DOI:10.1093/nar/gkab301,4
DOI:10.1093/jac/dkaa345,DOI:10.1101/gr.186072.114,3
DOI:10.1093/jac/dkaa345,"LANGMEAD B, 2012, NAT METHODS, V9, P357, DOI [10.1038/NMETH.1923, 10.1038/NMETH.1923]",4
DOI:10.1093/jac/dkaa345,DOI:10.1016/j.cmi.2020.09.019,3
DOI:10.1093/jac/dkaa345,DOI:10.1038/s41587-019-0072-8,5
DOI:10.1093/jac/dkaa345,DOI:10.1128/jcm.06094-11,3
DOI:10.1093/jac/dkaa345,"DAVIS SL, 2020, INVEST NEW DRUG, V38, P821, DOI [10.1007/S10637-019-00824-1, 10.1038/S41564-019-0492-8]",3
DOI:10.1093/jac/dkaa345,DOI:10.1016/j.cmi.2016.11.012,4
DOI:10.1093/jac/dkaa345,DOI:10.1038/s41467-020-16322-5,3
DOI:10.1093/jac/dkaa345,DOI:10.1073/pnas.2003407117,3
DOI:10.1093/jac/dkaa345,DOI:10.1093/bioinformatics/btu153,4
DOI:10.1093/jac/dkaa345,DOI:10.1093/bioinformatics/btv421,3
DOI:10.1093/jac/dkaa345,DOI:10.1093/bioinformatics/bty560,4
DOI:10.1093/jac/dkaa345,DOI:10.1093/jac/dkx379,3
DOI:10.1093/jac/dkaa345,DOI:10.1093/molbev/msaa015,4
DOI:10.1093/jac/dkaa345,DOI:10.1093/nar/gku1196,3
DOI:10.1093/jac/dkaa345,DOI:10.1099/mgen.0.000206,5
DOI:10.1093/jac/dkaa345,DOI:10.1126/sciadv.abe3868,3
DOI:10.1093/jac/dkaa345,DOI:10.1186/1471-2105-10-421,8
DOI:10.1093/jac/dkaa345,DOI:10.1186/s13059-018-1540-z,3
DOI:10.1093/jac/dkaa345,DOI:10.1186/s13059-019-1891-0,5
DOI:10.1093/jac/dkaa345,DOI:10.1371/journal.pcbi.1005595,4
DOI:10.1093/jac/dkaa345,DOI:10.2903/j.efsa.2023.7867,3
DOI:10.1093/jac/dkaa345,"GEIGER A, 2012, PROC CVPR IEEE, P3354, DOI [10.1093/BIOINFORMATICS/BTT086, 10.1109/CVPR.2012.6248074]",3
DOI:10.1093/jac/dkaa345,"PRJIBELSKI ANDREY, 2020, CURR PROTOC BIOINFORMATICS, V70, PE102, DOI [10.1002/CPBI.102, 10.1002/CPBI.102]",4
DOI:10.1093/jac/dkaa345,DOI:10.1089/cmb.2012.0021,4
DOI:10.1093/jac/dkaa345,DOI:10.1093/nar/gkz935,4
DOI:10.1093/jac/dkaa345,DOI:10.1101/gr.251678.119,5
DOI:10.1093/jac/dkaa345,DOI:10.1093/cid/ciab796,4
DOI:10.1093/jac/dkaa345,DOI:10.1099/mgen.0.000093,3
DOI:10.1093/jac/dkaa345,DOI:10.12688/wellcomeopenres.14826.1],3
DOI:10.1093/jac/dkaa345,DOI:10.1186/s13059-016-0997-x,3
DOI:10.1111/j.1469-0691.2011.03570.x,DOI:10.1128/aac.02412-14,6
DOI:10.1111/j.1469-0691.2011.03570.x,DOI:10.3390/antibiotics9020087,3
DOI:10.1111/j.1469-0691.2011.03570.x,"[ANONYMOUS], 2015, GLOBAL ACTION PLAN ON ANTIMICROBIAL RESISTANCE",3
DOI:10.1111/j.1469-0691.2011.03570.x,DOI:10.1016/j.onehlt.2021.100236,4
DOI:10.1111/j.1469-0691.2011.03570.x,DOI:10.1016/j.onehlt.2023.100593,3
DOI:10.1111/j.1469-0691.2011.03570.x,DOI:10.1093/jac/dkw481,3
DOI:10.1111/j.1469-0691.2011.03570.x,DOI:10.3389/fmicb.2015.00034,3
DOI:10.1111/j.1469-0691.2011.03570.x,DOI:10.3390/pathogens10101310,4
DOI:10.1111/j.1469-0691.2011.03570.x,"CLSI, 2024, CLSI SUPPLEMENT M100",3
DOI:10.1111/j.1469-0691.2011.03570.x,DOI:10.3109/03009734.2014.905663,3
DOI:10.1111/j.1469-0691.2011.03570.x,"MURRAY LM, 2024, NPJ ANTIMICROB RESIS, V2, DOI [10.1038/S44259-024-00026-7, 10.1038/S44259-024-00026-7]",3
DOI:10.1111/j.1469-0691.2011.03570.x,DOI:10.1093/jac/dku176,3
DOI:10.1111/j.1469-0691.2011.03570.x,"[ANONYMOUS], 2024, WHO BACTERIAL PRIORI",3
DOI:10.1111/j.1469-0691.2011.03570.x,DOI:10.1089/cmb.2012.0021,5
DOI:10.1111/j.1469-0691.2011.03570.x,DOI:10.1093/bioinformatics/btu153,3
DOI:10.1111/j.1469-0691.2011.03570.x,DOI:10.1093/bioinformatics/btu170,4
DOI:10.1111/j.1469-0691.2011.03570.x,DOI:10.1017/s0950268815000102,3
DOI:10.1111/j.1469-0691.2011.03570.x,DOI:10.1128/aem.00337-16,3
DOI:10.1111/j.1469-0691.2011.03570.x,DOI:10.3390/antibiotics5040037,3
DOI:10.1111/j.1469-0691.2011.03570.x,DOI:10.2903/j.efsa.2023.7867,3
DOI:10.1111/j.1469-0691.2011.03570.x,"BAUER AW, 1966, AM J CLIN PATHOL, V45, P493",4
DOI:10.1111/j.1469-0691.2011.03570.x,DOI:10.1186/s42522-023-00079-0,3
DOI:10.1111/j.1469-0691.2011.03570.x,DOI:10.3390/antibiotics11030383,4
DOI:10.1111/j.1469-0691.2011.03570.x,"MUDENDA STEWARD, 2022, PHARMACOLOGY AND PHARMACY, V13, P379, DOI [10.4236/PP.2022.1310029, 10.4236/PP.2022.1310029]",3
DOI:10.1111/j.1469-0691.2011.03570.x,DOI:10.1016/j.anaerobe.2016.11.003,3
DOI:10.1111/j.1469-0691.2011.03570.x,DOI:10.1093/nar/gkz935,3
DOI:10.1111/j.1469-0691.2011.03570.x,DOI:10.1128/aac.00971-12,3
DOI:10.1111/j.1469-0691.2011.03570.x,"NATIONAL CENTER FOR BIOTECHNOLOGY INFORMATION (NCBI), 2020, AMRFINDERPLUS",3
DOI:10.1111/j.1469-0691.2011.03570.x,"SEEMANN T, 2020, NULLARBOR",3
DOI:10.1111/j.1469-0691.2011.03570.x,"[ANONYMOUS], 2020, PERFORMANCE STANDARD, V30TH",4
DOI:10.1111/j.1469-0691.2011.03570.x,DOI:10.1016/s1473-3099(18)30648-0,4
DOI:10.1111/j.1469-0691.2011.03570.x,DOI:10.1155/2017/1315497,3
DOI:10.1111/j.1469-0691.2011.03570.x,DOI:10.1186/s12917-021-02938-2,3
DOI:10.1111/j.1469-0691.2011.03570.x,DOI:10.3390/antibiotics11091210,3
DOI:10.1111/j.1469-0691.2011.03570.x,DOI:10.5430/jer.v6n1p13,3
DOI:10.1111/j.1469-0691.2011.03570.x,DOI:10.5430/jer.v6n1p35],3
DOI:10.1111/j.1469-0691.2011.03570.x,"POIREL L, 2018, ANTIMICROBIAL RESISTANCE IN BACTERIA FROM LIVESTOCK AND COMPANION ANIMALS, P289, DOI [10.1128/9781555819804.CH13, 10.1128/MICROBIOLSPEC.ARBA-0026-2017]",3
DOI:10.1111/j.1469-0691.2011.03570.x,DOI:10.1016/j.sjbs.2014.08.002,3
DOI:10.1111/j.1469-0691.2011.03570.x,DOI:10.1186/s13756-018-0336-y,5
DOI:10.1111/j.1469-0691.2011.03570.x,DOI:10.2147/idr.s234610,4
DOI:10.1111/j.1469-0691.2011.03570.x,DOI:10.1128/aac.00573-20,3
DOI:10.1111/j.1469-0691.2011.03570.x,DOI:10.1128/aac.00965-19,3
DOI:10.1111/j.1469-0691.2011.03570.x,DOI:10.3390/antibiotics9030119,3
DOI:10.1111/j.1469-0691.2011.03570.x,"[ANONYMOUS], 2014, PERFORMANCE STANDARD, V24TH",3
DOI:10.1111/j.1469-0691.2011.03570.x,DOI:10.1017/ice.2016.174,4
DOI:10.1111/j.1469-0691.2011.03570.x,DOI:10.1086/529198,3
DOI:10.1111/j.1469-0691.2011.03570.x,DOI:10.1093/jac/dkl499,3
DOI:10.1111/j.1469-0691.2011.03570.x,DOI:10.1038/s41467-021-24448-3,3
DOI:10.1111/j.1469-0691.2011.03570.x,DOI:10.1016/s1473-3099(16)30257-2,3
DOI:10.1111/j.1469-0691.2011.03570.x,DOI:10.1128/aac.00483-19,3
DOI:10.1111/j.1469-0691.2011.03570.x,DOI:10.1093/jac/dkm310,3
DOI:10.1111/j.1469-0691.2011.03570.x,DOI:10.1128/aac.01464-06,4
DOI:10.1111/j.1469-0691.2011.03570.x,DOI:10.1128/cmr.00058-07,3
DOI:10.1111/j.1469-0691.2011.03570.x,DOI:10.12998/wjcc.v2.i12.787,3
DOI:10.1128/aac.02412-14,DOI:10.1186/gb-2014-15-3-r46,3
DOI:10.1128/aac.02412-14,DOI:10.1089/cmb.2012.0021,8
DOI:10.1128/aac.02412-14,DOI:10.1093/bioinformatics/btu153,10
DOI:10.1128/aac.02412-14,DOI:10.12688/wellcomeopenres.14826.1],3
DOI:10.1128/aac.02412-14,DOI:10.1006/jmbi.1990.9999,3
DOI:10.1128/aac.02412-14,DOI:10.1038/nrg3226,3
DOI:10.1128/aac.02412-14,DOI:10.1093/nar/gkv1239,4
DOI:10.1128/aac.02412-14,DOI:10.1128/aac.01310-13,7
DOI:10.1128/aac.02412-14,DOI:10.1186/1471-2105-10-421,5
DOI:10.1128/aac.02412-14,DOI:10.1186/s13073-014-0090-6,5
DOI:10.1128/aac.02412-14,"LANGMEAD B, 2012, NAT METHODS, V9, P357, DOI [10.1038/NMETH.1923, 10.1038/NMETH.1923]",4
DOI:10.1128/aac.02412-14,"LI H, 2009, BIOINFORMATICS, V25, P1094, DOI [10.1093/BIOINFORMATICS/BTP100, 10.1093/BIOINFORMATICS/BTP324, 10.1093/BIOINFORMATICS/BTP698]",4
DOI:10.1128/aac.02412-14,DOI:10.1016/j.envint.2022.107171,3
DOI:10.1128/aac.02412-14,DOI:10.1093/nar/gkw1004,3
DOI:10.1128/aac.02412-14,DOI:10.1093/jac/dks496,4
DOI:10.1128/aac.02412-14,DOI:10.1093/jac/dkt180,3
DOI:10.1128/aac.02412-14,DOI:10.1128/aac.01030-16,3
DOI:10.1128/aac.02412-14,DOI:10.1016/j.micinf.2005.12.028,3
DOI:10.1128/aac.02412-14,DOI:10.1038/ncomms12827,3
DOI:10.1128/aac.02412-14,DOI:10.1038/ng.195,3
DOI:10.1128/aac.02412-14,DOI:10.1038/ng.3281,4
DOI:10.1128/aac.02412-14,DOI:10.1038/s41467-018-07370-z,3
DOI:10.1128/aac.02412-14,DOI:10.1038/s41587-019-0072-8,4
DOI:10.1128/aac.02412-14,DOI:10.1038/s41598-021-91456-0,4
DOI:10.1128/aac.02412-14,DOI:10.1093/bioinformatics/btv421,4
DOI:10.1128/aac.02412-14,DOI:10.1093/jac/dkp498,3
DOI:10.1128/aac.02412-14,DOI:10.1093/jac/dkx379,4
DOI:10.1128/aac.02412-14,DOI:10.1093/molbev/msaa015,3
DOI:10.1128/aac.02412-14,DOI:10.1093/nar/gkab301,4
DOI:10.1128/aac.02412-14,DOI:10.1093/nar/gkac920,3
DOI:10.1128/aac.02412-14,DOI:10.1093/nar/gku1196,3
DOI:10.1128/aac.02412-14,DOI:10.1099/mgen.0.000206,3
DOI:10.1128/aac.02412-14,DOI:10.1128/cmr.00002-15,3
DOI:10.1128/aac.02412-14,DOI:10.1128/jcm.02026-14,3
DOI:10.1128/aac.02412-14,DOI:10.1128/mbio.00105-18,3
DOI:10.1128/aac.02412-14,DOI:10.1371/journal.pcbi.1005595,5
DOI:10.1128/aac.02412-14,DOI:10.1371/journal.pntd.0006408,3
DOI:10.1128/aac.02412-14,DOI:10.1371/journal.pntd.0007868,3
DOI:10.1128/aac.02412-14,DOI:10.3201/eid1710.110655,3
DOI:10.1128/aac.02412-14,"GEIGER A, 2012, PROC CVPR IEEE, P3354, DOI [10.1093/BIOINFORMATICS/BTT086, 10.1109/CVPR.2012.6248074]",3
DOI:10.1128/aac.02412-14,"JOLLEY KEITH A, 2018, WELLCOME OPEN RES, V3, P124, DOI [10.12688/WELLCOMEOPENRES.14826.1, 10.12688/WELLCOMEOPENRES.14826.1]",3
DOI:10.1128/aac.02412-14,DOI:10.1093/jac/dkaa390,4
DOI:10.1128/aac.02412-14,DOI:10.1099/mgen.0.000192,4
DOI:10.1128/aac.02412-14,DOI:10.1128/jcm.00008-15,4
DOI:10.1128/aac.02412-14,DOI:10.1128/jcm.01269-20,3
DOI:10.1128/aac.02412-14,DOI:10.1371/journal.pone.0104984,3
DOI:10.1128/aac.02412-14,DOI:10.1146/annurev-food-041715-033259,3
DOI:10.1128/aac.02412-14,DOI:10.7717/peerj.1752,4
DOI:10.1128/aac.02412-14,DOI:10.1038/s41564-019-0445-2,3
DOI:10.1128/aac.02412-14,DOI:10.1128/mbio.00853-19,3
DOI:10.1128/aac.02412-14,DOI:10.1101/gr.251678.119,5
DOI:10.1128/aac.02412-14,DOI:10.1371/journal.pone.0147101,4
DOI:10.1128/aac.02412-14,"NGUYEN LT, 2015, MOL BIOL EVOL, V32, P268, DOI [10.1093/MOLBEV/MSU300, 10.1186/S13059-020-02090-4, 10.3390/MA15041530]",3
DOI:10.1128/aac.02412-14,DOI:10.1128/aac.00483-19,4
DOI:10.1128/aac.02412-14,DOI:10.1186/s13059-014-0524-x,4
DOI:10.1128/aac.02412-14,DOI:10.1093/bioinformatics/btu170,3
DOI:10.1186/gb-2014-15-3-r46,DOI:10.1093/bioinformatics/btu153,3
DOI:10.1186/gb-2014-15-3-r46,DOI:10.1089/cmb.2012.0021,3
DOI:10.3390/antibiotics9020087,DOI:10.1016/j.onehlt.2021.100236,3
DOI:10.3390/antibiotics9020087,DOI:10.1016/j.onehlt.2023.100593,3
DOI:10.3390/antibiotics9020087,DOI:10.1093/jac/dkw481,3
DOI:10.3390/antibiotics9020087,DOI:10.3390/antibiotics11040533,3
DOI:10.3390/antibiotics9020087,DOI:10.3390/ijms21061914,3
DOI:10.3390/antibiotics9020087,DOI:10.3390/pathogens10101310,4
DOI:10.1038/nmicrobiol.2016.260,DOI:10.1038/s41564-018-0192-9,3
DOI:10.1038/s41564-018-0192-9,DOI:10.1038/s41564-019-0503-9,3
DOI:10.1038/s41564-018-0192-9,DOI:10.1093/jac/dky518,3
DOI:10.1038/s41396-018-0200-3,DOI:10.1093/jac/dkz242,3
"[ANONYMOUS], 2014, PERFORMANCE STANDARD, V24TH",DOI:10.1093/cid/ciz173,3
"[ANONYMOUS], 2014, PERFORMANCE STANDARD, V24TH",DOI:10.1128/cmr.00036-08,3
"[ANONYMOUS], 2017, GLOBAL ANTIMICROBIAL RESISTANCE SURVEILLANCE SYSTEM (GLASS)",DOI:10.1016/s1473-3099(11)70054-8,3
"[ANONYMOUS], 2017, GLOBAL ANTIMICROBIAL RESISTANCE SURVEILLANCE SYSTEM (GLASS)",DOI:10.1186/s12879-017-2713-1,3
DOI:10.1007/s11625-017-0511-8,DOI:10.1007/s00248-014-0409-2,3
DOI:10.1007/s11625-017-0511-8,DOI:10.1016/j.ijantimicag.2018.03.010,3
DOI:10.1007/s11625-017-0511-8,DOI:10.1038/s41598-020-78849-3,4
DOI:10.1007/s11625-017-0511-8,DOI:10.1111/1462-2920.12134,3
DOI:10.1007/s11625-017-0511-8,DOI:10.1111/raq.12786,3
DOI:10.1007/s11625-017-0511-8,DOI:10.1007/s00248-017-1016-9,3
DOI:10.1007/s11625-017-0511-8,DOI:10.1111/1462-2920.12421,3
DOI:10.1007/s11625-017-0511-8,DOI:10.1111/j.1462-2920.2006.01054.x,3
DOI:10.1007/s11625-017-0511-8,DOI:10.1016/s1473-3099(20)30392-3,3
DOI:10.1007/s11625-017-0511-8,DOI:10.1093/jtm/taz036,3
DOI:10.1007/s11625-017-0511-8,"MAJOWICZ SHANNON E, 2018, BMC RES NOTES, V11, P170, DOI [10.1186/S13104-018-3279-8, 10.1186/S13104-018-3279-8]",3
DOI:10.1016/j.envint.2020.105689,DOI:10.1016/j.envint.2022.107171,4
DOI:10.1016/j.onehlt.2024.100748,DOI:10.3389/bjbs.2023.11387,5
DOI:10.1017/one.2023.13],DOI:10.1016/s1473-3099(19)30415-3,3
DOI:10.1038/s41564-019-0503-9,DOI:10.3389/bjbs.2023.11387,5
DOI:10.1038/s41564-019-0503-9,"CHE Y, 2021, P NATL ACAD SCI USA, V118, DOI [10.1073/PNAS.2008731118, 10.1073/PNAS.2104557118]",3
DOI:10.1038/s41564-019-0503-9,DOI:10.1038/ismej.2014.226,3
DOI:10.1038/s41564-019-0503-9,DOI:10.1126/sciadv.aau9124,4
DOI:10.1038/s41564-019-0503-9,DOI:10.1126/science.1120800,3
DOI:10.1038/s41564-019-0503-9,DOI:10.3390/agriculture12020289,3
DOI:10.1038/s41564-019-0503-9,DOI:10.3389/fvets.2018.00014,3
DOI:10.1038/s41564-019-0503-9,DOI:10.1016/j.mib.2023.102291,3
DOI:10.1038/s41564-019-0503-9,DOI:10.1038/nature10571,3
DOI:10.1038/s41564-019-0503-9,DOI:10.1038/nrmicro3270,3
DOI:10.1038/s41564-019-0503-9,DOI:10.3390/pathogens10101310,4
DOI:10.1038/s41564-019-0503-9,DOI:10.1038/nrmicro3399,3
DOI:10.1038/s41564-019-0503-9,DOI:10.1038/s41396-019-0483-z,3
DOI:10.1038/s41564-019-0503-9,DOI:10.1093/femsre/fuaa001,3
DOI:10.1038/s41564-019-0503-9,DOI:10.1007/s11684-017-0531-x,4
DOI:10.1038/s41564-019-0503-9,"SAMREEN, 2021, J GLOB ANTIMICROB RE, V27, P101, DOI [10.1016/J.JGAR.2021.08.001, 10.1097/JS9.0000000000001165]",3
DOI:10.1038/s41564-019-0503-9,DOI:10.3390/antibiotics11050667,3
DOI:10.1038/s41564-019-0503-9,DOI:10.1016/s0140-6736(15)00474-2,3
DOI:10.1038/s41564-019-0503-9,DOI:10.3109/03009734.2014.905663,3
DOI:10.1038/s41564-019-0503-9,DOI:10.3389/fmicb.2017.01133,3
DOI:10.1186/s12992-024-01046-8,DOI:10.3389/bjbs.2023.11387,4
DOI:10.1186/s12992-024-01046-8,DOI:10.3390/ijerph20031681,3
DOI:10.1186/s40249-023-01113-z,DOI:10.1371/journal.pgph.0001305,3
DOI:10.1371/journal.pgph.0001305,DOI:10.3389/bjbs.2023.11387,4
DOI:10.1371/journal.pgph.0001305,DOI:10.1016/j.glmedi.2024.100081,3
DOI:10.1371/journal.pgph.0001305,DOI:10.1080/14787210.2021.1951705,3
DOI:10.3389/bjbs.2023.11387,DOI:10.3389/fcimb.2021.771510,4
DOI:10.3389/bjbs.2023.11387,DOI:10.3389/fitd.2021.694082],3
DOI:10.3389/bjbs.2023.11387,DOI:10.3390/microorganisms11041050,3
DOI:10.3389/bjbs.2023.11387,DOI:10.1080/03009734.2016.1195900,3
DOI:10.3389/bjbs.2023.11387,DOI:10.1016/j.glmedi.2024.100081,5
DOI:10.3389/bjbs.2023.11387,DOI:10.3389/fsci.2024.1298248],3
DOI:10.3389/bjbs.2023.11387,DOI:10.4236/pp.2023.148020,3
DOI:10.3389/bjbs.2023.11387,DOI:10.1016/j.jiph.2021.10.020,5
DOI:10.3389/bjbs.2023.11387,DOI:10.1371/journal.pone.0189621,4
DOI:10.3389/bjbs.2023.11387,DOI:10.2147/idr.s290835,4
DOI:10.3389/bjbs.2023.11387,DOI:10.3389/fpubh.2014.00145,3
DOI:10.3389/bjbs.2023.11387,DOI:10.5187/jast.2023.e129,3
DOI:10.3389/bjbs.2023.11387,DOI:10.1186/s13756-020-00751-4,3
DOI:10.3389/bjbs.2023.11387,DOI:10.3390/antibiotics11101362,3
DOI:10.3389/bjbs.2023.11387,DOI:10.3390/antibiotics12020328,4
DOI:10.3389/bjbs.2023.11387,DOI:10.3390/pathogens10101310,3
DOI:10.3389/bjbs.2023.11387,DOI:10.1093/jac/dkac342,3
DOI:10.3389/bjbs.2023.11387,"KASIMANICKAM VANMATHY, 2021, MED SCI (BASEL), V9, DOI [10.3390/MEDSCI9010014, 10.3390/MEDSCI9010014]",3
DOI:10.3389/bjbs.2023.11387,DOI:10.1186/s12879-023-08585-2,4
DOI:10.3389/bjbs.2023.11387,"SAMREEN, 2021, J GLOB ANTIMICROB RE, V27, P101, DOI [10.1016/J.JGAR.2021.08.001, 10.1097/JS9.0000000000001165]",3
DOI:10.3389/fcimb.2021.771510,DOI:10.1016/j.ejps.2021.106103,3
DOI:10.3389/fcimb.2021.771510,DOI:10.1080/10408398.2015.1077192,3
DOI:10.3389/fcimb.2021.771510,DOI:10.3390/antibiotics11101362,4
DOI:10.3389/fcimb.2021.771510,DOI:10.2903/j.efsa.2021.6651,3
DOI:10.3389/fcimb.2021.771510,DOI:10.1126/science.aao1495,3
DOI:10.3390/antibiotics12030523,DOI:10.3390/antibiotics13060502,3
DOI:10.3390/antibiotics12030523,DOI:10.1128/jcm.01260-20,3
DOI:10.1089/cmb.2012.0021,DOI:10.1093/bioinformatics/btu153,11
DOI:10.1089/cmb.2012.0021,DOI:10.1128/aac.01310-13,3
DOI:10.1089/cmb.2012.0021,DOI:10.1186/1471-2105-10-421,3
DOI:10.1089/cmb.2012.0021,"LANGMEAD B, 2012, NAT METHODS, V9, P357, DOI [10.1038/NMETH.1923, 10.1038/NMETH.1923]",3
DOI:10.1089/cmb.2012.0021,"LI H, 2009, BIOINFORMATICS, V25, P1094, DOI [10.1093/BIOINFORMATICS/BTP100, 10.1093/BIOINFORMATICS/BTP324, 10.1093/BIOINFORMATICS/BTP698]",3
DOI:10.1089/cmb.2012.0021,DOI:10.1093/bioinformatics/btu170,10
DOI:10.1089/cmb.2012.0021,DOI:10.1093/nar/gkab301,4
DOI:10.1089/cmb.2012.0021,DOI:10.1093/bioinformatics/btv421,3
DOI:10.1089/cmb.2012.0021,DOI:10.1093/bioinformatics/bty560,3
DOI:10.1089/cmb.2012.0021,DOI:10.1101/gr.186072.114,3
DOI:10.1089/cmb.2012.0021,DOI:10.1371/journal.pone.0009490,3
DOI:10.1089/cmb.2012.0021,DOI:10.1016/j.cmi.2016.11.012,3
DOI:10.1089/cmb.2012.0021,DOI:10.1038/s41598-021-91456-0,4
DOI:10.1089/cmb.2012.0021,"BAUER AW, 1966, AM J CLIN PATHOL, V45, P493",3
DOI:10.1089/cmb.2012.0021,"GEIGER A, 2012, PROC CVPR IEEE, P3354, DOI [10.1093/BIOINFORMATICS/BTT086, 10.1109/CVPR.2012.6248074]",5
DOI:10.1089/cmb.2012.0021,DOI:10.1111/2041-210x.12628,3
DOI:10.1089/cmb.2012.0021,DOI:10.1128/aac.00483-19,4
DOI:10.1089/cmb.2012.0021,"NGUYEN LT, 2015, MOL BIOL EVOL, V32, P268, DOI [10.1093/MOLBEV/MSU300, 10.1186/S13059-020-02090-4, 10.3390/MA15041530]",4
DOI:10.1089/cmb.2012.0021,DOI:10.1038/s41587-019-0072-8,3
DOI:10.1089/cmb.2012.0021,DOI:10.1093/molbev/msaa015,3
DOI:10.1089/cmb.2012.0021,DOI:10.1093/molbev/mst010,3
DOI:10.1089/cmb.2012.0021,DOI:10.1371/journal.pone.0147101,4
DOI:10.1089/cmb.2012.0021,DOI:10.1186/s13059-014-0524-x,3
DOI:10.1089/cmb.2012.0021,DOI:10.1038/s41467-021-24448-3,4
DOI:10.1089/cmb.2012.0021,DOI:10.1099/mgen.0.000166,3
DOI:10.1089/cmb.2012.0021,DOI:10.1186/s13059-016-0997-x,3
DOI:10.1089/cmb.2012.0021,DOI:10.1093/nar/gku1196,5
DOI:10.1089/cmb.2012.0021,DOI:10.1099/mgen.0.000206,3
DOI:10.1093/bioinformatics/btu153,DOI:10.12688/wellcomeopenres.14826.1],5
DOI:10.1093/bioinformatics/btu153,DOI:10.1093/molbev/msaa015,7
DOI:10.1093/bioinformatics/btu153,DOI:10.1093/nar/gkab301,5
DOI:10.1093/bioinformatics/btu153,DOI:10.1093/nar/gkac920,5
DOI:10.1093/bioinformatics/btu153,DOI:10.1101/gr.186072.114,6
DOI:10.1093/bioinformatics/btu153,DOI:10.1186/s13059-016-0997-x,3
DOI:10.1093/bioinformatics/btu153,DOI:10.1186/s40168-018-0401-z,3
DOI:10.1093/bioinformatics/btu153,DOI:10.1371/journal.pcbi.1005595,7
DOI:10.1093/bioinformatics/btu153,"LANGMEAD B, 2012, NAT METHODS, V9, P357, DOI [10.1038/NMETH.1923, 10.1038/NMETH.1923]",5
DOI:10.1093/bioinformatics/btu153,DOI:10.1093/bioinformatics/btv421,7
DOI:10.1093/bioinformatics/btu153,DOI:10.1093/bioinformatics/bty560,4
DOI:10.1093/bioinformatics/btu153,DOI:10.1099/mgen.0.000192,4
DOI:10.1093/bioinformatics/btu153,DOI:10.1093/bioinformatics/btv383,3
DOI:10.1093/bioinformatics/btu153,DOI:10.1093/nar/gkv1239,3
DOI:10.1093/bioinformatics/btu153,DOI:10.1093/bioinformatics/btu170,7
DOI:10.1093/bioinformatics/btu153,DOI:10.1093/bioinformatics/btx610,3
DOI:10.1093/bioinformatics/btu153,DOI:10.1093/nar/gkw1004,3
DOI:10.1093/bioinformatics/btu153,DOI:10.1038/s41587-019-0072-8,4
DOI:10.1093/bioinformatics/btu153,DOI:10.1038/s41598-021-91456-0,4
DOI:10.1093/bioinformatics/btu153,DOI:10.1073/pnas.95.6.3140,3
DOI:10.1093/bioinformatics/btu153,DOI:10.1093/nar/gku1196,5
DOI:10.1093/bioinformatics/btu153,DOI:10.1099/mgen.0.000206,5
DOI:10.1093/bioinformatics/btu153,DOI:10.1101/gr.241455.118,4
DOI:10.1093/bioinformatics/btu153,DOI:10.1128/aac.01310-13,4
DOI:10.1093/bioinformatics/btu153,DOI:10.1186/1471-2105-10-421,4
DOI:10.1093/bioinformatics/btu153,"GEIGER A, 2012, PROC CVPR IEEE, P3354, DOI [10.1093/BIOINFORMATICS/BTT086, 10.1109/CVPR.2012.6248074]",6
DOI:10.1093/bioinformatics/btu153,"LI H, 2009, BIOINFORMATICS, V25, P1094, DOI [10.1093/BIOINFORMATICS/BTP100, 10.1093/BIOINFORMATICS/BTP324, 10.1093/BIOINFORMATICS/BTP698]",4
DOI:10.1093/bioinformatics/btu153,"PRJIBELSKI ANDREY, 2020, CURR PROTOC BIOINFORMATICS, V70, PE102, DOI [10.1002/CPBI.102, 10.1002/CPBI.102]",4
DOI:10.1093/bioinformatics/btu153,"ANDREWS S., 2010, FASTQC: A QUALITY CONTROL TOOL FOR HIGH THROUGHPUT SEQUENCE DATA",3
DOI:10.1093/bioinformatics/btu153,DOI:10.1093/molbev/mst010,3
DOI:10.1093/bioinformatics/btu153,DOI:10.1101/gr.251678.119,3
DOI:10.1093/bioinformatics/btu153,DOI:10.1186/1471-2105-11-595,4
DOI:10.1093/bioinformatics/btu153,"NGUYEN LT, 2015, MOL BIOL EVOL, V32, P268, DOI [10.1093/MOLBEV/MSU300, 10.1186/S13059-020-02090-4, 10.3390/MA15041530]",7
DOI:10.1093/bioinformatics/btu153,DOI:10.1186/s13059-014-0524-x,3
DOI:10.1128/aac.46.6.1845-1850.2002,DOI:10.1128/mmbr.00023-12,3
DOI:10.1128/mbio.02574-14,DOI:10.1126/sciadv.aau9124,3
DOI:10.1128/mbio.02574-14,DOI:10.1186/s40168-017-0298-y,3
DOI:10.1093/jac/dkw481,DOI:10.1016/j.onehlt.2021.100236,3
DOI:10.1093/jac/dkw481,DOI:10.1093/jac/dkq078,3
DOI:10.1093/jac/dkw481,DOI:10.3390/antibiotics10010068,3
DOI:10.1093/jac/dkw481,DOI:10.3390/ijms21061914,3
DOI:10.1093/jac/dkw481,DOI:10.3390/pathogens10101310,3
DOI:10.1111/jvim.16038,DOI:10.2807/1560-7917.es.2018.23.27.1700497,3
"CHE Y, 2021, P NATL ACAD SCI USA, V118, DOI [10.1073/PNAS.2008731118, 10.1073/PNAS.2104557118]",DOI:10.3390/tropicalmed4020088,3
DOI:10.1016/j.envint.2021.106927,DOI:10.3390/agriculture12020289,3
DOI:10.1016/j.mib.2010.08.005,DOI:10.1126/science.1120800,3
DOI:10.1016/j.scitotenv.2020.140997,DOI:10.1080/10643389.2019.1692611,3
DOI:10.1016/j.tim.2006.02.006,DOI:10.1038/nrmicro2319,3
DOI:10.1016/s2542-5196(23)00026-8,DOI:10.1016/s2542-5196(23)00135-3,3
DOI:10.1016/s2542-5196(23)00026-8,DOI:10.1186/s12992-023-00913-0,3
DOI:10.1038/ismej.2014.226,DOI:10.1080/10643389.2021.2024739,3
DOI:10.1038/ismej.2014.226,DOI:10.1126/sciadv.aau9124,3
DOI:10.1038/ismej.2014.226,DOI:10.1126/science.1120800,3
DOI:10.1038/ismej.2014.226,DOI:10.1021/es403818e,3
DOI:10.1038/s41467-022-29283-8,DOI:10.1126/sciadv.aau9124,3
DOI:10.1038/s41467-022-29283-8,"MULOI DM, 2023, LANCET MICROBE, V4, PE1056, DOI [10.1016/S2666-5247(23)00284-7, 10.1016/S2666-5247(23)00284]",3
DOI:10.1038/s41467-022-29283-8,DOI:10.1093/nar/gkac920,3
DOI:10.1038/s41467-022-29283-8,DOI:10.1093/bioinformatics/btv033,3
DOI:10.1080/10643389.2021.2024739,DOI:10.1126/sciadv.aau9124,4
DOI:10.1093/cid/cix879,DOI:10.15620/cdc:82532,3
DOI:10.1093/femsmc/xtad008,DOI:10.1126/sciadv.aau9124,4
DOI:10.1093/femsmc/xtad008,DOI:10.1186/s13059-019-1891-0,3
DOI:10.1098/rstb.2014.0085,DOI:10.1126/science.aao1495,3
DOI:10.1126/sciadv.aau9124,DOI:10.1126/science.1120800,3
DOI:10.1126/sciadv.aau9124,"ALEXANDER J, 2020, SCI REP-UK, V10, DOI [10.1186/S42055-020-00032-3, 10.1038/S41598-020-65635-4]",3
DOI:10.1126/sciadv.aau9124,DOI:10.1016/j.envint.2019.105270,3
DOI:10.1126/sciadv.aau9124,DOI:10.1016/j.envint.2022.107171,5
DOI:10.1126/sciadv.aau9124,DOI:10.1016/j.envint.2022.107185,4
DOI:10.1126/sciadv.aau9124,DOI:10.1016/j.envpol.2023.122020,3
DOI:10.1126/sciadv.aau9124,DOI:10.1016/j.scitotenv.2021.151433,4
DOI:10.1126/sciadv.aau9124,DOI:10.1016/j.scitotenv.2023.162031,3
DOI:10.1126/sciadv.aau9124,DOI:10.1016/j.watres.2024.121989,3
DOI:10.1126/sciadv.aau9124,DOI:10.1038/s41579-022-00835-5,4
DOI:10.1126/sciadv.aau9124,DOI:10.1128/spectrum.02711-21,3
DOI:10.1126/sciadv.aau9124,DOI:10.1186/s40168-019-0663-0,3
DOI:10.1126/sciadv.aau9124,DOI:10.3389/fmicb.2021.657954,4
DOI:10.1126/sciadv.aau9124,DOI:10.3389/fmicb.2022.977106,5
DOI:10.1126/sciadv.aau9124,DOI:10.3390/antibiotics10111362,3
DOI:10.1126/sciadv.aau9124,DOI:10.1186/s40168-017-0298-y,5
DOI:10.1126/sciadv.aau9124,DOI:10.1093/nar/gkac920,3
DOI:10.1126/sciadv.aau9124,DOI:10.1186/s40168-018-0401-z,5
DOI:10.1126/sciadv.aau9124,DOI:10.1016/j.envpol.2020.114200,3
DOI:10.1126/sciadv.aau9124,DOI:10.1186/s13059-019-1891-0,3
DOI:10.1126/sciadv.aau9124,DOI:10.1093/femsec/fiy079,3
"LEE K, 2020, MICROBIOME, V8, DOI [10.1186/S40168-019-0774-7, 10.1186/S40168-020-00881-2]",DOI:10.3389/fmicb.2015.00034,3
DOI:10.1016/s1473-3099(18)30648-0,DOI:10.1186/s13756-018-0336-y,3
DOI:10.1128/aac.01082-24,DOI:10.1186/s13073-022-01020-2,3
DOI:10.1128/aac.01082-24,DOI:10.3389/fsci.2024.1298248],4
DOI:10.1128/aac.01082-24,DOI:10.1038/s41467-020-16322-5,3
DOI:10.1128/aac.01082-24,DOI:10.3389/fmicb.2025.1596720,3
DOI:10.1186/s13073-022-01020-2,DOI:10.1186/s13756-024-01472-8,3
DOI:10.1186/s13073-022-01020-2,DOI:10.3389/fsci.2024.1298248],3
DOI:10.3390/antibiotics9070372,DOI:10.1186/s40249-018-0459-7,3
DOI:10.3390/antibiotics9070372,DOI:10.1093/jtm/taz036,3
DOI:10.3390/ijms21061914,DOI:10.3389/fmicb.2015.00034,3
DOI:10.3390/ijms21061914,DOI:10.3390/pathogens10101310,3
DOI:10.3390/ijms21061914,DOI:10.3390/antibiotics9020052,3
"[ANONYMOUS], 2015, GLOBAL ACTION PLAN ON ANTIMICROBIAL RESISTANCE",DOI:10.1186/s12917-017-1131-3,3
"[ANONYMOUS], 2015, GLOBAL ACTION PLAN ON ANTIMICROBIAL RESISTANCE",DOI:10.4103/ijmr.ijmr_226_18,3
"[ANONYMOUS], 2015, GLOBAL ACTION PLAN ON ANTIMICROBIAL RESISTANCE","[ANONYMOUS], 2018, WORLD HEALTH ORGANIZATION",3
"[ANONYMOUS], 2015, GLOBAL ACTION PLAN ON ANTIMICROBIAL RESISTANCE",DOI:10.1371/journal.pmed.1002378,3
"[ANONYMOUS], 2015, GLOBAL ACTION PLAN ON ANTIMICROBIAL RESISTANCE",DOI:10.1371/journal.pone.0190132,3
"[ANONYMOUS], 2015, GLOBAL ACTION PLAN ON ANTIMICROBIAL RESISTANCE",DOI:10.1126/science.aao1495,3
"[ANONYMOUS], 2015, GLOBAL ACTION PLAN ON ANTIMICROBIAL RESISTANCE",DOI:10.1186/s13756-017-0260-6,3
DOI:10.1038/nrmicro3270,DOI:10.3389/fmicb.2012.00399,3
DOI:10.1038/nrmicro3270,DOI:10.1016/j.envint.2015.10.015,3
DOI:10.1038/nrmicro3270,DOI:10.1016/j.tim.2017.09.005,3
DOI:10.1038/nrmicro3270,DOI:10.1021/es502615e,3
DOI:10.1038/nrmicro3270,DOI:10.1128/mbio.01918-14,3
DOI:10.1038/nrmicro3270,DOI:10.1371/journal.pone.0017038,4
DOI:10.1038/nrmicro3270,DOI:10.1897/09-073.1,4
DOI:10.1038/nrmicro3270,"SAMREEN, 2021, J GLOB ANTIMICROB RE, V27, P101, DOI [10.1016/J.JGAR.2021.08.001, 10.1097/JS9.0000000000001165]",3
DOI:10.1186/s13756-020-00751-4,DOI:10.2147/idr.s290835,3
DOI:10.2147/idr.s290835,DOI:10.3390/pathogens10101310,3
DOI:10.2147/idr.s290835,DOI:10.1038/s41545-020-0051-0,3
DOI:10.2147/idr.s290835,DOI:10.3390/antibiotics12020328,3
DOI:10.2147/idr.s290835,DOI:10.1016/j.idc.2016.02.004,3
DOI:10.3389/fmicb.2015.00034,DOI:10.3390/pathogens10101310,4
DOI:10.3389/fmicb.2015.00034,"AENISHAENSLIN C, 2019, B WORLD HEALTH ORGAN, V97, P283, DOI [10.2471/BLT.18.218917, 10.2471/BLT.18.218917]",3
DOI:10.3389/fmicb.2015.00034,DOI:10.1177/003335491212700103,3
DOI:10.3389/fmicb.2015.00034,DOI:10.2903/j.efsa.2021.6651,3
DOI:10.3389/fmicb.2015.00034,"POLIANCIUC SVETLANA IULIANA, 2020, MED PHARM REP, V93, P231, DOI [10.15386/MPR-1742, 10.15386/MPR-1742, 10.15386/MPR-1742]",3
DOI:10.3389/fmicb.2015.00034,DOI:10.3390/antibiotics12020328,3
DOI:10.3390/pathogens10101310,DOI:10.2903/j.efsa.2021.6651,3
DOI:10.3390/pathogens10101310,DOI:10.3390/antibiotics11050667,3
DOI:10.4103/ijmr.ijmr_226_18,"SEALE ANNA C, 2017, WELLCOME OPEN RES, V2, P91, DOI [10.12688/WELLCOMEOPENRES.12523.1, 10.12688/WELLCOMEOPENRES.12523.1]",4
DOI:10.1038/s41598-020-61002-5,DOI:10.1093/jac/dkaa075,3
DOI:10.1093/nar/gkab301,DOI:10.1093/molbev/msaa015,4
DOI:10.1093/nar/gkab301,DOI:10.1101/gr.186072.114,6
DOI:10.1093/nar/gkab301,DOI:10.1371/journal.pcbi.1005595,3
DOI:10.1093/nar/gkab301,"LANGMEAD B, 2012, NAT METHODS, V9, P357, DOI [10.1038/NMETH.1923, 10.1038/NMETH.1923]",3
DOI:10.1093/nar/gkab301,DOI:10.1038/s41587-019-0072-8,3
DOI:10.1093/nar/gkab301,DOI:10.1099/mgen.0.000206,3
DOI:10.1093/nar/gkab301,"GEIGER A, 2012, PROC CVPR IEEE, P3354, DOI [10.1093/BIOINFORMATICS/BTT086, 10.1109/CVPR.2012.6248074]",4
DOI:10.1093/nar/gkab301,"PRJIBELSKI ANDREY, 2020, CURR PROTOC BIOINFORMATICS, V70, PE102, DOI [10.1002/CPBI.102, 10.1002/CPBI.102]",3
DOI:10.1093/nar/gkab301,DOI:10.1093/molbev/mst010,3
DOI:10.1093/nar/gkab301,DOI:10.1099/mgen.0.000192,3
DOI:10.1128/mmbr.65.2.232-260.2001,DOI:10.1126/science.aao1495,3
DOI:10.1128/mmbr.65.2.232-260.2001,"[ANONYMOUS], 2024, WHO BACTERIAL PRIORI",3
DOI:10.1016/j.envint.2015.10.015,DOI:10.1128/mbio.01918-14,3
DOI:10.1016/j.tim.2017.09.005,DOI:10.1016/j.watres.2012.11.027,3
DOI:10.1016/j.tim.2017.09.005,DOI:10.1038/s41396-018-0277-8,3
DOI:10.1016/j.tim.2017.09.005,DOI:10.1371/journal.pone.0017038,3
DOI:10.1016/j.tim.2017.09.005,DOI:10.1038/nrmicro3399,3
DOI:10.1016/j.tim.2017.09.005,DOI:10.1093/femsec/fiy130,3
DOI:10.1093/femsec/fiw014,DOI:10.1093/femsec/fiy087,3
DOI:10.1111/raq.12344,DOI:10.1016/j.ijantimicag.2018.03.010,3
DOI:10.1111/raq.12344,DOI:10.1038/s41598-020-78849-3,3
DOI:10.1111/raq.12344,DOI:10.1111/1462-2920.12134,4
DOI:10.1111/raq.12344,DOI:10.1111/raq.12741,3
DOI:10.1128/cmr.00036-08,DOI:10.1093/cid/ciz173,3
"POLIANCIUC SVETLANA IULIANA, 2020, MED PHARM REP, V93, P231, DOI [10.15386/MPR-1742, 10.15386/MPR-1742, 10.15386/MPR-1742]",DOI:10.2903/j.efsa.2021.6651,3
"POLIANCIUC SVETLANA IULIANA, 2020, MED PHARM REP, V93, P231, DOI [10.15386/MPR-1742, 10.15386/MPR-1742, 10.15386/MPR-1742]",DOI:10.3390/antibiotics12030487,3
DOI:10.1016/j.ijantimicag.2021.106411,DOI:10.1016/j.giec.2020.06.004,3
DOI:10.1016/j.cmi.2016.11.012,DOI:10.1038/s41467-020-16322-5,3
DOI:10.1016/j.cmi.2016.11.012,DOI:10.1136/bmjgh-2019-002244,4
DOI:10.1016/j.cmi.2016.11.012,DOI:10.1038/s41598-021-91456-0,4
DOI:10.1016/j.cmi.2016.11.012,DOI:10.1093/nar/gkac920,3
DOI:10.1016/j.cmi.2016.11.012,DOI:10.1099/mgen.0.000748,3
DOI:10.1016/j.cmi.2016.11.012,DOI:10.1128/aac.00483-19,4
DOI:10.1016/j.cmi.2016.11.012,"TYSON GH, 2017, ANTIMICROB AGENTS CH, V61, DOI [10.1128/AAC.02140-16, 10.1128/AAC.02140-16]",3
DOI:10.1016/j.cmi.2016.11.012,DOI:10.3389/fmicb.2018.00592,3
DOI:10.1016/j.cmi.2016.11.012,DOI:10.1016/j.cmi.2017.11.001,3
DOI:10.1016/j.cmi.2016.11.012,DOI:10.1038/ncomms10063,3
DOI:10.1016/j.cmi.2016.11.012,DOI:10.1038/s41576-019-0108-4,3
DOI:10.1016/j.cmi.2016.11.012,DOI:10.1093/jac/dks496,3
DOI:10.1016/j.cmi.2016.11.012,DOI:10.1128/aac.01030-16,4
DOI:10.1016/j.cmi.2016.11.012,DOI:10.1128/jcm.01260-18,4
DOI:10.1016/j.cmi.2016.11.012,DOI:10.1128/jcm.01405-18,4
DOI:10.1016/j.cmi.2016.11.012,DOI:10.1128/jcm.01805-22,3
DOI:10.1016/j.cmi.2016.11.012,DOI:10.1186/s40168-018-0401-z,4
DOI:10.1016/j.cmi.2016.11.012,DOI:10.1099/mgen.0.000335,3
DOI:10.1016/j.cmi.2016.11.012,DOI:10.1128/jcm.03117-13,3
DOI:10.1016/s0140-6736(24)00862-6,DOI:10.9745/ghsp-d-20-00502,3
DOI:10.1016/s0140-6736(24)00862-6,DOI:10.1016/s2666-5247(24)00134-4,3
DOI:10.1038/s41467-020-16322-5,DOI:10.1136/bmjgh-2019-002244,4
DOI:10.1038/s41467-020-16322-5,DOI:10.1093/cid/ciab796,4
DOI:10.1038/s41467-020-16322-5,DOI:10.3389/fmicb.2025.1596720,3
DOI:10.1038/s41467-020-16322-5,DOI:10.3389/fsci.2024.1298248],3
DOI:10.1038/s41467-020-16322-5,DOI:10.1016/j.cmi.2017.11.001,3
DOI:10.1038/s41467-020-16322-5,DOI:10.1038/s41598-021-91456-0,4
DOI:10.1038/s41467-020-16322-5,DOI:10.1093/jac/dks496,3
DOI:10.1038/s41467-020-16322-5,DOI:10.1099/mgen.0.000206,3
DOI:10.1038/s41467-020-16322-5,DOI:10.1128/aac.01030-16,3
DOI:10.1038/s41467-020-16322-5,DOI:10.1371/journal.pcbi.1005595,3
DOI:10.1093/cid/ciab776,DOI:10.1093/cid/ciab769,3
DOI:10.1093/cid/ciad487,DOI:10.1093/cid/ciad561,4
DOI:10.1093/cid/ciad487,DOI:10.1186/s12879-023-08585-2,3
DOI:10.1136/bmjgh-2019-002244,DOI:10.1136/bmjgh-2020-003622,3
DOI:10.1136/bmjgh-2019-002244,DOI:10.1371/journal.pbio.3000547,3
DOI:10.1136/bmjgh-2019-002244,"NGUYEN M, 2020, PLOS COMPUT BIOL, V16, DOI [10.1101/2020.04.29.068254, 10.1371/JOURNAL.PCBI.1008319]",3
DOI:10.1136/bmjgh-2019-002244,DOI:10.1093/cid/ciab796,3
DOI:10.1136/bmjgh-2019-002244,DOI:10.1099/mgen.0.000335,3
DOI:10.2147/idr.s342753,DOI:10.1186/s13756-017-0208-x,3
DOI:10.1186/1471-2458-14-269,DOI:10.1186/s12916-019-1412-8,3
DOI:10.1186/1471-2458-14-269,DOI:10.1186/s13756-019-0654-8,3
DOI:10.1186/1471-2458-14-269,DOI:10.3390/tropicalmed6020060,3
DOI:10.1186/1471-2458-14-269,DOI:10.1089/hs.2018.0052,3
DOI:10.1186/1471-2458-14-269,DOI:10.1128/cmr.00048-19,3
DOI:10.1186/1471-2458-14-269,DOI:10.4102/ajlm.v7i2.770,3
DOI:10.1186/1471-2458-14-269,"SEALE ANNA C, 2017, WELLCOME OPEN RES, V2, P91, DOI [10.12688/WELLCOMEOPENRES.12523.1, 10.12688/WELLCOMEOPENRES.12523.1]",3
DOI:10.1186/1471-2458-14-269,"VERNET G, 2014, EMERG INFECT DIS, V20, P434, DOI [10.3201/EID2003.121157, 10.3201/EID2003.121157]",3
DOI:10.1186/s12916-019-1412-8,DOI:10.3390/tropicalmed6020060,3
DOI:10.1111/j.1198-743x.2004.00887.x,DOI:10.20506/rst.20.3.1315,3
DOI:10.1111/j.1198-743x.2004.00887.x,DOI:10.1017/s0950268809990100,4
DOI:10.1111/j.1198-743x.2004.00887.x,DOI:10.1016/s0924-8579(00)00148-5,3
DOI:10.1016/j.cmi.2017.07.014,DOI:10.1371/journal.pone.0190132,3
DOI:10.1016/j.cmi.2017.07.014,DOI:10.1038/s41576-019-0108-4,3
DOI:10.1016/j.cmi.2017.07.014,"SEALE ANNA C, 2017, WELLCOME OPEN RES, V2, P91, DOI [10.12688/WELLCOMEOPENRES.12523.1, 10.12688/WELLCOMEOPENRES.12523.1]",3
DOI:10.1093/cid/ciw118,DOI:10.1086/510393,3
DOI:10.1007/978-1-4939-9877-7_20,DOI:10.1099/mgen.0.000206,3
DOI:10.1038/s41467-020-17278-2,DOI:10.1128/cmr.00116-14,3
DOI:10.1099/mgen.0.000206,DOI:10.1038/s41587-019-0072-8,4
DOI:10.1099/mgen.0.000206,DOI:10.1038/s41598-021-91456-0,6
DOI:10.1099/mgen.0.000206,DOI:10.1093/bioinformatics/bty560,3
DOI:10.1099/mgen.0.000206,DOI:10.1093/molbev/msaa015,5
DOI:10.1099/mgen.0.000206,DOI:10.1093/nar/gkab1107,3
DOI:10.1099/mgen.0.000206,DOI:10.1093/nar/gkac920,4
DOI:10.1099/mgen.0.000206,DOI:10.1186/1471-2105-10-421,3
DOI:10.1099/mgen.0.000206,DOI:10.1371/journal.pcbi.1005595,5
DOI:10.1099/mgen.0.000206,"GEIGER A, 2012, PROC CVPR IEEE, P3354, DOI [10.1093/BIOINFORMATICS/BTT086, 10.1109/CVPR.2012.6248074]",3
DOI:10.1099/mgen.0.000206,DOI:10.1186/1471-2105-11-595,3
DOI:10.1128/jcm.01260-20,"NGUYEN M, 2020, PLOS COMPUT BIOL, V16, DOI [10.1101/2020.04.29.068254, 10.1371/JOURNAL.PCBI.1008319]",3
DOI:10.1128/jcm.01260-20,DOI:10.3390/antibiotics12030452,3
DOI:10.1128/jcm.01260-20,DOI:10.1007/s10916-024-02089-5,3
DOI:10.1128/jcm.01260-20,DOI:10.3390/antibiotics14020134,3
DOI:10.3389/fcimb.2020.00308,DOI:10.1039/c9lc01212e,3
DOI:10.3389/fcimb.2020.00308,DOI:10.3390/antibiotics10020209,3
DOI:10.1186/s12879-017-2713-1,DOI:10.1186/s13756-020-00800-y,3
DOI:10.1186/s12879-017-2713-1,DOI:10.1016/s2214-109x(23)00539-9,3
DOI:10.1186/s12879-017-2713-1,DOI:10.1093/jac/dku176,4
DOI:10.1186/s12879-017-2713-1,DOI:10.4102/ajlm.v5i1.432,3
DOI:10.1186/s12879-017-2713-1,DOI:10.1016/j.ijantimicag.2017.07.002,3
DOI:10.1186/s13756-017-0294-9,DOI:10.1126/science.aao1495,4
DOI:10.1111/1758-2229.12327,DOI:10.1007/s00248-014-0409-2,3
DOI:10.1111/1758-2229.12327,DOI:10.1111/1462-2920.12421,3
DOI:10.1111/1758-2229.12327,DOI:10.1371/journal.pone.0042724,3
DOI:10.1897/09-073.1,"SAMREEN, 2021, J GLOB ANTIMICROB RE, V27, P101, DOI [10.1016/J.JGAR.2021.08.001, 10.1097/JS9.0000000000001165]",3
DOI:10.1038/nrmicro1234,DOI:10.1128/mmbr.00020-10,3
DOI:10.1038/nrmicro1234,DOI:10.1016/s1473-3099(13)70190-7,3
"MURRAY LM, 2024, NPJ ANTIMICROB RESIS, V2, DOI [10.1038/S44259-024-00026-7, 10.1038/S44259-024-00026-7]",DOI:10.1038/s41545-020-0051-0,3
"MURRAY LM, 2024, NPJ ANTIMICROB RESIS, V2, DOI [10.1038/S44259-024-00026-7, 10.1038/S44259-024-00026-7]",DOI:10.1093/nar/gkac920,3
DOI:10.2903/j.efsa.2021.6651,DOI:10.1007/s42770-021-00635-8,3
DOI:10.2903/j.efsa.2021.6651,DOI:10.3389/fmicb.2016.01881,4
DOI:10.2903/j.efsa.2021.6651,DOI:10.1111/1348-0421.12462,3
DOI:10.2903/j.efsa.2021.6651,DOI:10.3390/antibiotics11050667,3
DOI:10.1038/nrmicro.2016.94,"HALL CW, 2017, FEMS MICROBIOL REV, V41, P276, DOI [10.1093/FEMSRE/F, 10.1093/FEMSRE/FUX010]",3
DOI:10.1038/s41545-020-0051-0,DOI:10.1038/nrmicro3399,4
DOI:10.1038/s41545-020-0051-0,DOI:10.1093/femsec/fiw052,3
DOI:10.1093/femsec/fiaa031,"LIU HY, 2024, NPJ ANTIMICROB RESIS, V2, DOI [10.1038/S44259-024-00046-3, 10.1038/S44259-024-00046-3]",3
DOI:10.1128/cmr.00117-14,"HALL CW, 2017, FEMS MICROBIOL REV, V41, P276, DOI [10.1093/FEMSRE/F, 10.1093/FEMSRE/FUX010]",3
DOI:10.1080/14787210.2021.1951705,DOI:10.1016/j.glmedi.2024.100081,3
DOI:10.1080/14787210.2021.1951705,"[ANONYMOUS], 2021, GLOBAL ANTIMICROBIAL RESISTANCE AND USE SURVEILLANCE SYSTEM (GLASS)",3
DOI:10.1186/s13756-020-00847-x,DOI:10.4103/ijmr.ijmr_331_18,3
DOI:10.1186/s13756-020-00847-x,DOI:10.1016/j.jiph.2021.10.020,3
DOI:10.1186/s13756-020-00847-x,DOI:10.1186/s13756-020-0697-x,3
DOI:10.1186/s13756-020-00847-x,DOI:10.2147/idr.s234610,4
DOI:10.3389/fvets.2020.00540,DOI:10.1099/jmm.0.001176,3
DOI:10.1038/ismej.2015.59,DOI:10.1186/s40168-016-0199-5,3
DOI:10.1038/s41576-019-0108-4,DOI:10.1038/ncomms10063,3
DOI:10.1038/s41576-019-0108-4,DOI:10.1038/s41598-021-91456-0,3
DOI:10.3934/microbiol.2018.3.482,DOI:10.3389/fmicb.2018.02928,3
DOI:10.3934/microbiol.2018.3.482,DOI:10.1093/nar/gkac920,3
DOI:10.1038/nrmicro3399,DOI:10.1128/mbio.01300-18,3
DOI:10.1038/nrmicro3399,DOI:10.1186/s40168-019-0663-0,3
DOI:10.1126/science.aao1495,"SAMREEN, 2021, J GLOB ANTIMICROB RE, V27, P101, DOI [10.1016/J.JGAR.2021.08.001, 10.1097/JS9.0000000000001165]",3
DOI:10.1126/science.aao1495,DOI:10.3390/microorganisms7060180,3
DOI:10.1126/science.aao1495,DOI:10.1016/j.meegid.2016.07.032,3
DOI:10.1126/science.aao1495,DOI:10.1080/01652176.2014.984365,3
DOI:10.1126/science.aao1495,DOI:10.1186/s13620-019-0154-4,3
DOI:10.3390/antibiotics10020209,DOI:10.3390/microorganisms9050923,3
"SAMREEN, 2021, J GLOB ANTIMICROB RE, V27, P101, DOI [10.1016/J.JGAR.2021.08.001, 10.1097/JS9.0000000000001165]",DOI:10.1111/1462-2920.12134,4
"SAMREEN, 2021, J GLOB ANTIMICROB RE, V27, P101, DOI [10.1016/J.JGAR.2021.08.001, 10.1097/JS9.0000000000001165]",DOI:10.3389/fvets.2017.00126,3
"SAMREEN, 2021, J GLOB ANTIMICROB RE, V27, P101, DOI [10.1016/J.JGAR.2021.08.001, 10.1097/JS9.0000000000001165]",DOI:10.3390/antibiotics14080764,3
DOI:10.1007/s42770-021-00635-8,DOI:10.3389/fmicb.2016.01881,3
DOI:10.1007/s42770-021-00635-8,DOI:10.3390/antibiotics9090594,3
DOI:10.1128/msystems.01185-20,DOI:10.1186/s40168-018-0401-z,3
DOI:10.3390/foods11192966,DOI:10.2903/j.efsa.2008.765,3
DOI:10.3390/foods11192966,DOI:10.2903/j.efsa.2013.3025,3
DOI:10.3390/foods11192966,DOI:10.3389/fmicb.2022.928509,3
DOI:10.1016/j.cmi.2020.09.019,DOI:10.1093/nar/gkac920,3
DOI:10.1016/j.cmi.2020.09.019,DOI:10.2903/j.efsa.2023.7867,3
DOI:10.1016/s1473-3099(22)00796-4,DOI:10.1016/s2214-109x(23)00019-0,4
DOI:10.1016/s1473-3099(22)00796-4,DOI:10.1016/j.phrs.2024.107188,3
DOI:10.1016/s1473-3099(22)00796-4,DOI:10.1016/s1473-3099(19)30415-3,3
DOI:10.1093/femsec/fiw052,DOI:10.1093/femsec/fiy130,3
DOI:10.1093/nar/gkac920,DOI:10.1371/journal.pcbi.1010018,3
DOI:10.1093/nar/gkac920,DOI:10.1038/ncomms10063,3
DOI:10.1093/nar/gkac920,DOI:10.1038/s41598-021-91456-0,6
DOI:10.1093/nar/gkac920,DOI:10.1093/molbev/msaa015,3
DOI:10.1093/nar/gkac920,DOI:10.1101/gr.186072.114,3
DOI:10.1093/nar/gkac920,DOI:10.1186/s40168-018-0401-z,5
DOI:10.1093/nar/gkac920,DOI:10.1371/journal.pcbi.1005595,4
DOI:10.1093/nar/gkac920,"LANGMEAD B, 2012, NAT METHODS, V9, P357, DOI [10.1038/NMETH.1923, 10.1038/NMETH.1923]",3
DOI:10.1093/nar/gkac920,DOI:10.1099/mgen.0.000748,5
DOI:10.1093/nar/gkac920,DOI:10.1128/aac.00483-19,4
DOI:10.1093/nar/gkac920,DOI:10.1016/j.envint.2022.107171,4
DOI:10.1093/nar/gkac920,DOI:10.1038/s41587-019-0072-8,3
DOI:10.1093/nar/gkac920,DOI:10.1016/s2666-5247(22)00093-3,3
DOI:10.1093/nar/gkac920,DOI:10.1093/nar/gkw569,3
DOI:10.1093/nar/gkac920,DOI:10.1128/jcm.01260-18,3
DOI:10.1093/nar/gkac920,DOI:10.1186/1471-2105-10-421,3
DOI:10.1093/nar/gkac920,DOI:10.1186/s13059-019-1891-0,3
DOI:10.1093/nar/gkac920,"GEIGER A, 2012, PROC CVPR IEEE, P3354, DOI [10.1093/BIOINFORMATICS/BTT086, 10.1109/CVPR.2012.6248074]",5
DOI:10.3389/fsci.2024.1298248],DOI:10.1186/s13756-024-01472-8,3
DOI:10.3389/fsci.2024.1298248],DOI:10.3389/fmicb.2025.1596720,3
DOI:10.3390/antibiotics12030452,DOI:10.3389/fmicb.2022.841289,3
DOI:10.5187/jast.2023.e129,DOI:10.1016/j.jiph.2021.10.020,3
DOI:10.3390/diagnostics13203246,DOI:10.3390/microorganisms9050923,3
DOI:10.3390/microorganisms9050923,DOI:10.3390/antibiotics11040427,3
DOI:10.1136/bmjgh-2019-002104,DOI:10.1186/s13756-017-0260-6,3
DOI:10.1136/bmjgh-2019-002104,"[ANONYMOUS], 2021, GLOBAL ANTIMICROBIAL RESISTANCE AND USE SURVEILLANCE SYSTEM (GLASS)",3
DOI:10.1136/bmjgh-2019-002104,DOI:10.2147/idr.s234610,3
DOI:10.1371/journal.pmed.1002819,DOI:10.1016/s1473-3099(19)30415-3,3
DOI:10.1371/journal.pmed.1002819,DOI:10.1371/journal.pmed.1002378,3
"[ANONYMOUS], 2016, TACKLING DRUG-RESISTANT INFECTIONS GLOBALLY: FINAL REPORT AND RECOMMENDATIONS",DOI:10.1016/j.envint.2017.11.003,3
DOI:10.1093/jacamr/dlz070,"[ANONYMOUS], 2018, WORLD HEALTH ORGANIZATION",3
DOI:10.1093/jacamr/dlz070,DOI:10.1093/jac/dky026,4
DOI:10.3201/eid2405.171830,"[ANONYMOUS], 2018, WORLD HEALTH ORGANIZATION",3
DOI:10.3201/eid2405.171830,DOI:10.1016/s1473-3099(18)30093-8,3
"SEALE ANNA C, 2017, WELLCOME OPEN RES, V2, P91, DOI [10.12688/WELLCOMEOPENRES.12523.1, 10.12688/WELLCOMEOPENRES.12523.1]",DOI:10.1128/cmr.00048-19,6
"SEALE ANNA C, 2017, WELLCOME OPEN RES, V2, P91, DOI [10.12688/WELLCOMEOPENRES.12523.1, 10.12688/WELLCOMEOPENRES.12523.1]","VERNET G, 2014, EMERG INFECT DIS, V20, P434, DOI [10.3201/EID2003.121157, 10.3201/EID2003.121157]",3
"SEALE ANNA C, 2017, WELLCOME OPEN RES, V2, P91, DOI [10.12688/WELLCOMEOPENRES.12523.1, 10.12688/WELLCOMEOPENRES.12523.1]",DOI:10.1016/s1473-3099(18)30093-8,5
"SEALE ANNA C, 2017, WELLCOME OPEN RES, V2, P91, DOI [10.12688/WELLCOMEOPENRES.12523.1, 10.12688/WELLCOMEOPENRES.12523.1]",DOI:10.1111/j.1365-3156.2010.02696.x,3
"SEALE ANNA C, 2017, WELLCOME OPEN RES, V2, P91, DOI [10.12688/WELLCOMEOPENRES.12523.1, 10.12688/WELLCOMEOPENRES.12523.1]",DOI:10.3390/antibiotics12081313,3
"[ANONYMOUS], 2018, WORLD HEALTH ORGANIZATION",DOI:10.1186/s12913-018-3604-x,3
"[ANONYMOUS], 2018, WORLD HEALTH ORGANIZATION",DOI:10.1136/bmj.j3781,3
"[ANONYMOUS], 2018, WORLD HEALTH ORGANIZATION","WORLD HEALTH ORGANIZATION, 2022, GLOBAL ANTIMICROBIAL RESISTANCE AND USE SURVEILLANCE SYSTEM (GLASS) REPORT: 2022",3
DOI:10.1038/ncomms10063,DOI:10.1128/jcm.01260-18,3
DOI:10.1038/ncomms10063,DOI:10.1186/s40168-018-0401-z,3
DOI:10.1038/s41598-021-91456-0,DOI:10.1099/mgen.0.000748,4
DOI:10.1038/s41598-021-91456-0,DOI:10.1128/aac.00483-19,3
DOI:10.1038/s41598-021-91456-0,DOI:10.1016/j.envint.2022.107171,3
DOI:10.1038/s41598-021-91456-0,DOI:10.1093/bioinformatics/btu170,3
DOI:10.1038/s41598-021-91456-0,DOI:10.1038/s41587-019-0072-8,3
DOI:10.1038/s41598-021-91456-0,DOI:10.1093/molbev/msaa015,5
DOI:10.1038/s41598-021-91456-0,DOI:10.1128/aac.01310-13,3
DOI:10.1038/s41598-021-91456-0,DOI:10.1186/s13059-019-1891-0,3
DOI:10.1038/s41598-021-91456-0,DOI:10.1371/journal.pcbi.1005595,3
DOI:10.1038/s41598-021-91456-0,"GEIGER A, 2012, PROC CVPR IEEE, P3354, DOI [10.1093/BIOINFORMATICS/BTT086, 10.1109/CVPR.2012.6248074]",3
DOI:10.1038/s41598-021-91456-0,"PRJIBELSKI ANDREY, 2020, CURR PROTOC BIOINFORMATICS, V70, PE102, DOI [10.1002/CPBI.102, 10.1002/CPBI.102]",3
DOI:10.1016/j.ijid.2016.08.002,DOI:10.18203/2394-6040.ijcmph20150478],3
DOI:10.1016/j.ijid.2016.08.002,DOI:10.2217/fmb.16.17,3
DOI:10.1093/jac/46.suppl_2.53,DOI:10.1046/j.1198-743x.2001.00239.x,3
DOI:10.1186/s13756-020-00800-y,DOI:10.1016/s2214-109x(23)00539-9,3
DOI:10.1371/journal.pone.0222531,DOI:10.1186/s40168-017-0298-y,3
"ALEXANDER J, 2020, SCI REP-UK, V10, DOI [10.1186/S42055-020-00032-3, 10.1038/S41598-020-65635-4]",DOI:10.1016/j.watres.2017.07.002,3
DOI:10.1016/j.envint.2019.105270,DOI:10.1186/s40168-019-0663-0,4
DOI:10.1016/j.envint.2019.105270,DOI:10.3389/fmicb.2021.657954,3
DOI:10.1016/j.envint.2022.107171,DOI:10.1016/j.scitotenv.2021.151433,3
DOI:10.1016/j.envint.2022.107171,DOI:10.1038/s41579-022-00835-5,3
DOI:10.1016/j.envint.2022.107171,DOI:10.3389/fmicb.2022.977106,5
DOI:10.1016/j.envint.2022.107171,DOI:10.3389/fpubh.2024.1445961,3
DOI:10.1016/j.envint.2022.107185,DOI:10.3389/fmicb.2021.657954,3
DOI:10.1016/j.envpol.2023.122020,DOI:10.1016/j.jhin.2021.09.008,3
DOI:10.1016/j.envpol.2023.122020,DOI:10.3389/fmicb.2021.703560,3
DOI:10.1016/j.scitotenv.2021.151433,DOI:10.1016/j.watres.2024.121989,3
DOI:10.1016/j.scitotenv.2021.151433,DOI:10.1128/spectrum.02711-21,3
DOI:10.1016/j.scitotenv.2021.151433,DOI:10.3389/fmicb.2022.977106,4
DOI:10.1016/j.scitotenv.2023.162031,DOI:10.1038/s41579-022-00835-5,3
DOI:10.1016/j.watres.2024.121989,DOI:10.1128/spectrum.02711-21,3
DOI:10.1016/j.watres.2024.121989,DOI:10.3389/fmicb.2022.977106,3
DOI:10.1016/j.watres.2024.121989,DOI:10.1371/journal.pone.0298325,3
DOI:10.1128/spectrum.02711-21,DOI:10.3389/fmicb.2022.977106,3
DOI:10.1186/s40168-019-0663-0,DOI:10.3389/fmicb.2021.657954,3
DOI:10.3389/fmicb.2022.977106,DOI:10.3389/fpubh.2024.1445961,3
DOI:10.3389/fmicb.2022.977106,DOI:10.1093/aje/kwac175,3
DOI:10.4102/ajlm.v7i2.770,DOI:10.1089/hs.2018.0052,3
DOI:10.4102/ajlm.v7i2.770,DOI:10.1128/cmr.00048-19,4
DOI:10.4102/ajlm.v7i2.770,"VERNET G, 2014, EMERG INFECT DIS, V20, P434, DOI [10.3201/EID2003.121157, 10.3201/EID2003.121157]",3
DOI:10.1016/s0924-8579(99)00135-1,DOI:10.1046/j.1469-0691.2001.00071.x,3
DOI:10.1371/journal.pmed.1001104,"COOMBS GW, 2014, COMMUN DIS INTELL, V38, PE309, DOI [10.33321/CDI.2014.38.51, 10.33321/CDI.2014.38.51]",3
DOI:10.1371/journal.pmed.1001104,"COOMBS GW, 2016, COMMUN DIS INTELL, V40, PE244, DOI [10.33321/CDI.2016.40.20, 10.33321/CDI.2016.40.20]",3
DOI:10.1371/journal.pmed.1001104,"COOMBS GW, 2020, COMMUN DIS INTELL, V44, DOI [10.33321/CDI.2020.44.19, 10.33321/CDI.2020.44.71]",3
DOI:10.1371/journal.pmed.1001104,DOI:10.1007/s10096-010-0995-y,3
DOI:10.1371/journal.pmed.1001104,DOI:10.1016/j.ajic.2012.12.018,3
DOI:10.1371/journal.pmed.1001104,DOI:10.1016/s1473-3099(10)70285-1,3
DOI:10.1371/journal.pmed.1001104,DOI:10.1086/605921,3
DOI:10.1371/journal.pmed.1001104,DOI:10.1093/jac/dki266,3
DOI:10.1371/journal.pmed.1001104,DOI:10.1093/jac/dkr561,4
DOI:10.1371/journal.pmed.1001104,DOI:10.1111/1469-0691.12144,4
DOI:10.1371/journal.pmed.1001104,DOI:10.1128/aac.00579-09,3
DOI:10.1371/journal.pmed.1001104,DOI:10.1128/cmr.05022-11,3
DOI:10.1371/journal.pmed.1001104,DOI:10.1128/jcm.02452-13,3
DOI:10.1371/journal.pmed.1001104,DOI:10.1128/jcm.02981-13,3
DOI:10.1371/journal.pmed.1001104,DOI:10.1136/bmjopen-2011-000797,3
DOI:10.1371/journal.pmed.1001104,DOI:10.3201/eid1104.040772,3
DOI:10.1371/journal.pmed.1001104,DOI:10.33321/cdi.2019.43.43,3
DOI:10.1371/journal.pmed.1001104,DOI:10.33321/cdi.2020.44.18,3
DOI:10.1371/journal.pmed.1001104,DOI:10.5694/j.1326-5377.2008.tb01820.x,3
DOI:10.1371/journal.pmed.1001104,DOI:10.5694/j.1326-5377.2009.tb02841.x,3
DOI:10.1371/journal.pmed.1001104,"NIMMO GRAEME R, 2003, COMMUN DIS INTELL Q REP, V27 SUPPL, PS47, DOI [10.33321/CDI.2003.27.21, 10.33321/CDI.2003.27.21]",3
DOI:10.1371/journal.pmed.1001104,"O'BRIEN FG, 1999, J CLIN MICROBIOL, V37, P2858",3
DOI:10.1371/journal.pmed.1001104,"SEEMANN T, NULLARBOR",3
DOI:10.1186/s40168-017-0298-y,DOI:10.1016/j.envpol.2020.114200,3
DOI:10.2807/1560-7917.es.2019.24.37.1800497,DOI:10.1016/j.envpol.2020.114200,3
DOI:10.1101/gr.251678.119,"JOLLEY KEITH A, 2018, WELLCOME OPEN RES, V3, P124, DOI [10.12688/WELLCOMEOPENRES.14826.1, 10.12688/WELLCOMEOPENRES.14826.1]",3
DOI:10.1101/gr.251678.119,DOI:10.1099/mgen.0.000192,3
DOI:10.1371/journal.pone.0190132,DOI:10.1136/bmj.j3781,3
DOI:10.1038/nmeth.3176,DOI:10.1186/1471-2105-11-119,3
DOI:10.1093/bioinformatics/btu033,"LI H, 2009, BIOINFORMATICS, V25, P1094, DOI [10.1093/BIOINFORMATICS/BTP100, 10.1093/BIOINFORMATICS/BTP324, 10.1093/BIOINFORMATICS/BTP698]",3
DOI:10.1128/aac.01310-13,DOI:10.1186/1471-2105-10-421,3
DOI:10.1128/aac.01310-13,DOI:10.1186/s13073-014-0090-6,3
DOI:10.1128/aac.01310-13,"LANGMEAD B, 2012, NAT METHODS, V9, P357, DOI [10.1038/NMETH.1923, 10.1038/NMETH.1923]",3
DOI:10.1128/aac.01310-13,"LI H, 2009, BIOINFORMATICS, V25, P1094, DOI [10.1093/BIOINFORMATICS/BTP100, 10.1093/BIOINFORMATICS/BTP324, 10.1093/BIOINFORMATICS/BTP698]",4
DOI:10.1128/aac.01310-13,DOI:10.1093/jac/dks496,3
DOI:10.1128/aac.01310-13,DOI:10.1128/aac.01030-16,4
DOI:10.1128/aac.01310-13,DOI:10.1128/aem.02873-15,3
DOI:10.1128/aac.01310-13,DOI:10.1093/nar/gku1196,3
DOI:10.1128/aac.01310-13,DOI:10.1371/journal.pcbi.1005595,3
DOI:10.1186/1471-2105-10-421,DOI:10.1186/s13073-014-0090-6,3
DOI:10.1186/1471-2105-10-421,"LANGMEAD B, 2012, NAT METHODS, V9, P357, DOI [10.1038/NMETH.1923, 10.1038/NMETH.1923]",3
DOI:10.1186/1471-2105-10-421,DOI:10.1093/molbev/msaa015,4
DOI:10.1186/1471-2105-10-421,DOI:10.1093/nar/gku1196,3
DOI:10.1186/1471-2105-10-421,DOI:10.1186/s13059-019-1891-0,4
DOI:10.1186/1471-2105-10-421,DOI:10.1371/journal.pcbi.1005595,3
DOI:10.1186/1471-2105-10-421,"GEIGER A, 2012, PROC CVPR IEEE, P3354, DOI [10.1093/BIOINFORMATICS/BTT086, 10.1109/CVPR.2012.6248074]",3
DOI:10.1186/1471-2105-10-421,"PRJIBELSKI ANDREY, 2020, CURR PROTOC BIOINFORMATICS, V70, PE102, DOI [10.1002/CPBI.102, 10.1002/CPBI.102]",3
DOI:10.1186/1471-2105-10-421,DOI:10.1093/cid/ciab796,3
DOI:10.1186/1471-2105-10-421,DOI:10.1128/jcm.06094-11,3
DOI:10.1186/1471-2105-10-421,DOI:10.1093/bioinformatics/btu170,3
DOI:10.1186/s13073-014-0090-6,"LANGMEAD B, 2012, NAT METHODS, V9, P357, DOI [10.1038/NMETH.1923, 10.1038/NMETH.1923]",3
DOI:10.1186/s13073-014-0090-6,DOI:10.1128/aac.01030-16,3
"LANGMEAD B, 2012, NAT METHODS, V9, P357, DOI [10.1038/NMETH.1923, 10.1038/NMETH.1923]","LI H, 2009, BIOINFORMATICS, V25, P1094, DOI [10.1093/BIOINFORMATICS/BTP100, 10.1093/BIOINFORMATICS/BTP324, 10.1093/BIOINFORMATICS/BTP698]",3
"LANGMEAD B, 2012, NAT METHODS, V9, P357, DOI [10.1038/NMETH.1923, 10.1038/NMETH.1923]","ALNEBERG J, 2014, NAT METHODS, V11, P1144, DOI [10.1038/NMETH.3103, 10.1038/NMETH.3103]",3
"LANGMEAD B, 2012, NAT METHODS, V9, P357, DOI [10.1038/NMETH.1923, 10.1038/NMETH.1923]",DOI:10.1038/ismej.2017.126,3
"LANGMEAD B, 2012, NAT METHODS, V9, P357, DOI [10.1038/NMETH.1923, 10.1038/NMETH.1923]",DOI:10.1093/bioinformatics/btv033,3
"LANGMEAD B, 2012, NAT METHODS, V9, P357, DOI [10.1038/NMETH.1923, 10.1038/NMETH.1923]",DOI:10.1093/bioinformatics/btv638,3
"LANGMEAD B, 2012, NAT METHODS, V9, P357, DOI [10.1038/NMETH.1923, 10.1038/NMETH.1923]",DOI:10.1093/molbev/msaa015,4
"LANGMEAD B, 2012, NAT METHODS, V9, P357, DOI [10.1038/NMETH.1923, 10.1038/NMETH.1923]",DOI:10.1101/gr.186072.114,5
"LANGMEAD B, 2012, NAT METHODS, V9, P357, DOI [10.1038/NMETH.1923, 10.1038/NMETH.1923]",DOI:10.1186/s40168-018-0401-z,4
"LANGMEAD B, 2012, NAT METHODS, V9, P357, DOI [10.1038/NMETH.1923, 10.1038/NMETH.1923]",DOI:10.1186/s40168-018-0541-1,3
"LANGMEAD B, 2012, NAT METHODS, V9, P357, DOI [10.1038/NMETH.1923, 10.1038/NMETH.1923]",DOI:10.1371/journal.pcbi.1005595,4
"LANGMEAD B, 2012, NAT METHODS, V9, P357, DOI [10.1038/NMETH.1923, 10.1038/NMETH.1923]",DOI:10.7717/peerj.7359,4
"LANGMEAD B, 2012, NAT METHODS, V9, P357, DOI [10.1038/NMETH.1923, 10.1038/NMETH.1923]",DOI:10.1007/978-3-319-24277-4,3
"LANGMEAD B, 2012, NAT METHODS, V9, P357, DOI [10.1038/NMETH.1923, 10.1038/NMETH.1923]",DOI:10.1093/bioinformatics/btu170,3
"LANGMEAD B, 2012, NAT METHODS, V9, P357, DOI [10.1038/NMETH.1923, 10.1038/NMETH.1923]",DOI:10.1101/gr.213959.116,3
"LANGMEAD B, 2012, NAT METHODS, V9, P357, DOI [10.1038/NMETH.1923, 10.1038/NMETH.1923]",DOI:10.1038/ncomms12827,3
"LANGMEAD B, 2012, NAT METHODS, V9, P357, DOI [10.1038/NMETH.1923, 10.1038/NMETH.1923]",DOI:10.1093/bioinformatics/bty560,3
"LANGMEAD B, 2012, NAT METHODS, V9, P357, DOI [10.1038/NMETH.1923, 10.1038/NMETH.1923]",DOI:10.1093/nar/gku1196,4
"LANGMEAD B, 2012, NAT METHODS, V9, P357, DOI [10.1038/NMETH.1923, 10.1038/NMETH.1923]",DOI:10.1186/s13059-019-1891-0,5
"LANGMEAD B, 2012, NAT METHODS, V9, P357, DOI [10.1038/NMETH.1923, 10.1038/NMETH.1923]",DOI:10.1093/gigascience/giab008,3
"LI H, 2009, BIOINFORMATICS, V25, P1094, DOI [10.1093/BIOINFORMATICS/BTP100, 10.1093/BIOINFORMATICS/BTP324, 10.1093/BIOINFORMATICS/BTP698]",DOI:10.1093/nar/gku1196,4
"LI H, 2009, BIOINFORMATICS, V25, P1094, DOI [10.1093/BIOINFORMATICS/BTP100, 10.1093/BIOINFORMATICS/BTP324, 10.1093/BIOINFORMATICS/BTP698]",DOI:10.1371/journal.pcbi.1005595,4
"LI H, 2009, BIOINFORMATICS, V25, P1094, DOI [10.1093/BIOINFORMATICS/BTP100, 10.1093/BIOINFORMATICS/BTP324, 10.1093/BIOINFORMATICS/BTP698]","GEIGER A, 2012, PROC CVPR IEEE, P3354, DOI [10.1093/BIOINFORMATICS/BTT086, 10.1109/CVPR.2012.6248074]",3
DOI:10.1016/s1473-3099(05)70189-4,DOI:10.1016/s1473-3099(11)70054-8,3
DOI:10.1046/j.1198-743x.2001.00239.x,DOI:10.1017/s0950268809990100,3
DOI:10.1046/j.1198-743x.2001.00239.x,DOI:10.1093/jac/dkf807,3
DOI:10.1093/jtm/taz036,DOI:10.1016/s1473-3099(20)30392-3,4
DOI:10.1093/jtm/taz036,DOI:10.1186/s40249-018-0459-7,3
DOI:10.1093/jtm/taz036,"KIM DH., 1994, SYSTEMS THINKING TOO",3
DOI:10.1093/jtm/taz036,"MAJOWICZ SHANNON E, 2018, BMC RES NOTES, V11, P170, DOI [10.1186/S13104-018-3279-8, 10.1186/S13104-018-3279-8]",4
DOI:10.1093/jtm/taz036,DOI:10.1007/s13280-016-0800-y,3
DOI:10.1093/bioinformatics/btu170,DOI:10.1128/aac.00483-19,4
DOI:10.1093/bioinformatics/btu170,DOI:10.1101/gr.186072.114,3
DOI:10.1093/bioinformatics/btu170,DOI:10.7717/peerj.7359,3
DOI:10.1093/bioinformatics/btu170,DOI:10.1093/nar/gku1196,3
DOI:10.1093/bioinformatics/btu170,DOI:10.1186/s13059-019-1891-0,3
DOI:10.1111/1462-2920.12134,DOI:10.1007/s00248-014-0409-2,3
DOI:10.1111/1462-2920.12134,DOI:10.1016/j.ijantimicag.2018.03.010,4
DOI:10.1111/1462-2920.12134,DOI:10.1038/nrmicro3380,4
DOI:10.1111/1462-2920.12134,DOI:10.1038/s41598-020-71288-0,3
DOI:10.1111/1462-2920.12134,DOI:10.1038/s41598-020-78849-3,4
DOI:10.1111/1462-2920.12134,DOI:10.1111/raq.12741,4
DOI:10.1111/1462-2920.12134,DOI:10.3390/ijerph18115723,3
DOI:10.1111/1462-2920.12134,DOI:10.3390/microorganisms11020450,4
DOI:10.1111/1462-2920.12134,DOI:10.3390/foods13152448,3
DOI:10.1111/1462-2920.12134,DOI:10.1111/1462-2920.12421,3
DOI:10.1111/1462-2920.12134,DOI:10.1111/j.1462-2920.2006.01054.x,3
DOI:10.2471/blt.20.280644,DOI:10.1186/s12889-018-6022-4,3
DOI:10.3390/antibiotics8010033,DOI:10.3390/antibiotics5040037,3
DOI:10.1016/j.glmedi.2024.100081,DOI:10.3390/antibiotics11101362,3
DOI:10.1016/j.glmedi.2024.100081,"MATHEOU A, 2025, MICROORGANISMS, V13, DOI [10.3390/MICROORGANISMS13040779, 10.3390/MICROORGANISMS13040779]",3
DOI:10.2147/idr.s234610,DOI:10.1016/j.jiph.2021.10.020,3
DOI:10.2147/idr.s234610,DOI:10.1186/s13756-017-0208-x,3
DOI:10.2147/idr.s234610,DOI:10.1186/s13756-015-0091-2,3
DOI:10.2147/idr.s234610,DOI:10.3390/antibiotics10030238,3
DOI:10.2147/idr.s234610,"[ANONYMOUS], 2021, GLOBAL ANTIMICROBIAL RESISTANCE AND USE SURVEILLANCE SYSTEM (GLASS)",3
DOI:10.2147/idr.s234610,DOI:10.1186/s13756-020-0697-x,4
DOI:10.1016/j.ijantimicag.2018.03.010,DOI:10.1038/s41598-020-78849-3,4
DOI:10.1016/j.ijantimicag.2018.03.010,DOI:10.1111/raq.12741,3
DOI:10.1016/j.ijantimicag.2018.03.010,DOI:10.1111/raq.12786,3
DOI:10.1016/j.onehlt.2021.100236,DOI:10.1016/j.onehlt.2023.100593,3
DOI:10.1016/j.onehlt.2021.100236,DOI:10.3389/fvets.2019.00158,3
DOI:10.1016/j.onehlt.2021.100236,DOI:10.3390/antibiotics11040533,3
DOI:10.1016/j.onehlt.2021.100236,DOI:10.1155/2023/6695493,3
DOI:10.1016/j.onehlt.2021.100236,DOI:10.1186/s12917-016-0840-3,3
DOI:10.1128/cmr.00181-19,DOI:10.1080/21505594.2016.1159366,3
DOI:10.3389/fvets.2019.00158,DOI:10.3390/antibiotics11040533,3
DOI:10.1007/s00248-014-0409-2,DOI:10.1111/1462-2920.12421,3
DOI:10.1007/s00248-014-0409-2,DOI:10.1371/journal.pone.0042724,3
DOI:10.1016/j.scitotenv.2019.06.134,DOI:10.1038/s41598-020-78849-3,3
DOI:10.1016/j.scitotenv.2023.167942,DOI:10.1038/s41598-020-78849-3,3
DOI:10.1038/nrmicro3380,DOI:10.1038/s41598-020-78849-3,3
DOI:10.1038/s41598-020-71288-0,DOI:10.3390/ijerph18115723,3
DOI:10.1038/s41598-020-71288-0,DOI:10.3390/microorganisms11020450,3
DOI:10.1038/s41598-020-78849-3,DOI:10.1111/raq.12741,3
DOI:10.1038/s41598-020-78849-3,DOI:10.1111/raq.12786,3
DOI:10.1038/s41598-020-78849-3,DOI:10.1007/s11356-022-22319-y,3
DOI:10.1038/s41598-020-78849-3,DOI:10.3390/foods13152448,3
DOI:10.1111/raq.12741,DOI:10.3390/microorganisms11020450,3
DOI:10.3390/antibiotics11040427,"[ANONYMOUS], 2021, GLOBAL ANTIMICROBIAL RESISTANCE AND USE SURVEILLANCE SYSTEM (GLASS)",3
DOI:10.3390/antibiotics11040427,DOI:10.1186/s13756-022-01072-4,3
DOI:10.3390/antibiotics11040427,DOI:10.1016/j.cmi.2019.08.007,3
DOI:10.3390/antibiotics11040427,DOI:10.1093/jacamr/dlab060,3
DOI:10.3390/ijerph18115723,DOI:10.3390/microorganisms11020450,3
"[ANONYMOUS], 2020, ANTIMICROBIAL RESISTANCE",DOI:10.1186/s13756-017-0208-x,3
DOI:10.1016/j.meegid.2016.07.032,DOI:10.1080/01652176.2014.984365,3
DOI:10.1093/cid/ciaa1239,DOI:10.1093/jac/dkaa326,3
DOI:10.3389/fmicb.2016.01881,DOI:10.1016/j.foodcont.2019.106809,3
DOI:10.1071/sh19023,"DEMCZUK W, 2017, J CLIN MICROBIOL, V55, P1454, DOI [10.1128/JCM.00100-17, 10.1128/JCM.00100-17]",3
DOI:10.1071/sh19023,DOI:10.1016/s1473-3099(18)30225-1,5
DOI:10.1071/sh19023,DOI:10.1016/s2666-5247(21)00171-3,6
DOI:10.1071/sh19023,DOI:10.1056/nejmc1512757,4
DOI:10.1071/sh19023,DOI:10.1093/jac/dkaa318,3
DOI:10.1071/sh19023,DOI:10.1093/jac/dkab024,3
DOI:10.1071/sh19023,DOI:10.1093/jac/dkw288,5
DOI:10.1071/sh19023,DOI:10.1093/jac/dky162,3
DOI:10.1071/sh19023,DOI:10.1128/aac.01479-19,3
DOI:10.1071/sh19023,DOI:10.1128/cmr.00010-14,8
DOI:10.1071/sh19023,DOI:10.1177/0956462419886775,3
DOI:10.1071/sh19023,DOI:10.1186/s12864-020-6511-6,4
DOI:10.1071/sh19023,DOI:10.1186/s13073-021-00858-2,4
DOI:10.1071/sh19023,DOI:10.1371/journal.pmed.1002344,9
DOI:10.1071/sh19023,DOI:10.1371/journal.pone.0206419,3
DOI:10.1071/sh19023,DOI:10.2807/1560-7917.es.2018.23.27.1800323,5
DOI:10.1071/sh19023,DOI:10.2807/1560-7917.es.2019.24.8.1900118,7
DOI:10.1071/sh19023,DOI:10.3201/eid2404.171873,4
DOI:10.1071/sh19023,"SCANGARELLA-OMAN NE, 2018, ANTIMICROB AGENTS CH, V62, DOI [10.1128/AAC.01221-18, 10.1128/AAC.01221-18]",3
DOI:10.1071/sh19023,"UNEMO M, 2012, FUTURE MICROBIOL, V7, P1401, DOI [10.2217/FMB.12.117, 10.2217/FMB.12.117]",3
DOI:10.1071/sh19023,"UNEMO M, 2019, NAT REV DIS PRIMERS, V5, DOI [10.1038/S41572-019-0128-6, 10.1038/S41572-019-0136-6]",6
DOI:10.1071/sh19023,DOI:10.1080/14737159.2017.1360137,3
DOI:10.1071/sh19023,DOI:10.1136/sextrans-2020-054581,3
DOI:10.1071/sh19023,DOI:10.2471/blt.18.228486,4
DOI:10.1071/sh19023,"WORLD HEALTH ORGANIZATION (WHO), 2012, GLOBAL ACTION PLAN TO CONTROL THE SPREAD AND IMPACT OF ANTIMICROBIAL RESISTANCE IN NEISSERIA GONORRHOEAE",3
DOI:10.1071/sh19023,DOI:10.1016/s2666-5247(22)00044-1,3
DOI:10.1071/sh19023,DOI:10.1128/aac.00906-20,3
DOI:10.1071/sh19023,DOI:10.1136/sextrans-2013-051166,3
DOI:10.1071/sh19023,"WORKNEH MEKLIT, 2020, JMIR PUBLIC HEALTH SURVEILL, V6, PE17009, DOI [10.2196/17009, 10.2196/17009]",3
DOI:10.1071/sh19023,DOI:10.2807/1560-7917.es.2022.27.24.2200455,3
"BLASER MJ, 2008, CAMPYLOBACTER, 3RD EDITION, P99",DOI:10.1155/2013/340605,3
DOI:10.3389/fmicb.2016.01789,DOI:10.1016/j.ijantimicag.2016.04.008,3
DOI:10.3389/fmicb.2016.01789,DOI:10.3390/antibiotics9020052,3
DOI:10.1093/jac/dkl265,"YOKOI S, 2007, EMERG INFECT DIS, V13, P1275",3
DOI:10.1099/jmm.0.007641-0,"YOKOI S, 2007, EMERG INFECT DIS, V13, P1275",3
DOI:10.1099/jmm.0.007641-0,DOI:10.1128/aac.00325-11,3
DOI:10.1099/jmm.0.007641-0,"[ANONYMOUS], EURO SURVEILL",3
DOI:10.1136/sti.2007.029033,"YOKOI S, 2007, EMERG INFECT DIS, V13, P1275",3
"YOKOI S, 2007, EMERG INFECT DIS, V13, P1275",DOI:10.1001/jama.2012.176575,3
"YOKOI S, 2007, EMERG INFECT DIS, V13, P1275",DOI:10.1007/s10156-002-0204-8,3
"YOKOI S, 2007, EMERG INFECT DIS, V13, P1275",DOI:10.1093/jac/dkp098,3
"YOKOI S, 2007, EMERG INFECT DIS, V13, P1275",DOI:10.1093/jac/dks162,3
"YOKOI S, 2007, EMERG INFECT DIS, V13, P1275",DOI:10.1093/jac/dkt034,3
"YOKOI S, 2007, EMERG INFECT DIS, V13, P1275",DOI:10.1128/aac.00325-11,5
"YOKOI S, 2007, EMERG INFECT DIS, V13, P1275",DOI:10.1128/aac.05760-11,5
"YOKOI S, 2007, EMERG INFECT DIS, V13, P1275",DOI:10.1136/sextrans-2012-050674,3
"YOKOI S, 2007, EMERG INFECT DIS, V13, P1275",DOI:10.1586/eri.09.63,4
"YOKOI S, 2007, EMERG INFECT DIS, V13, P1275","[ANONYMOUS], EURO SURVEILL",5
DOI:10.1128/aac.00296-11,DOI:10.1093/jac/dkp498,3
DOI:10.1128/aac.00296-11,DOI:10.1371/journal.pcbi.1005595,3
DOI:10.1128/cmr.00116-14,DOI:10.1128/cmr.00064-16,3
DOI:10.3390/tropicalmed4020088,DOI:10.1038/nrmicro1235,3
DOI:10.1038/srep12439,DOI:10.1186/s12917-021-02938-2,3
DOI:10.1038/srep12439,DOI:10.3389/fvets.2020.00078,3
DOI:10.1038/srep12439,DOI:10.5772/intechopen.79371,3
DOI:10.1128/jcm.02026-14,DOI:10.1038/ncomms12827,4
DOI:10.1128/jcm.02026-14,DOI:10.1038/ng.195,3
DOI:10.1128/jcm.02026-14,DOI:10.1038/ng.3281,4
DOI:10.1128/jcm.02026-14,DOI:10.1038/s41467-018-07370-z,4
DOI:10.1128/jcm.02026-14,DOI:10.1093/jac/dkx379,3
DOI:10.1128/jcm.02026-14,DOI:10.1128/cmr.00002-15,3
DOI:10.1128/jcm.02026-14,DOI:10.1128/mbio.00105-18,3
DOI:10.1128/jcm.02026-14,DOI:10.1371/journal.pntd.0006408,3
DOI:10.1186/s12879-017-2232-0,DOI:10.1093/jacamr/dlac126,3
DOI:10.1186/s12879-017-2232-0,DOI:10.1371/journal.pgph.0001414,3
DOI:10.1186/s12879-017-2232-0,DOI:10.3390/life11060528,3
DOI:10.1186/s12879-017-2232-0,DOI:10.3390/microorganisms10081684,3
DOI:10.1016/s2214-109x(23)00539-9,DOI:10.1186/s12575-022-00182-y,4
DOI:10.1016/s2214-109x(23)00539-9,DOI:10.3390/antibiotics12111613,3
DOI:10.1186/s12575-022-00182-y,DOI:10.1093/jac/dkac342,3
DOI:10.1186/s12575-022-00182-y,DOI:10.1016/j.cmi.2021.05.027,3
DOI:10.1186/s12575-022-00182-y,DOI:10.3390/antibiotics12081313,3
DOI:10.1128/mbio.00105-18,DOI:10.1038/ncomms12827,3
DOI:10.1128/mbio.00105-18,DOI:10.1038/ng.195,3
DOI:10.1128/mbio.00105-18,DOI:10.1038/ng.3281,4
DOI:10.1128/mbio.00105-18,DOI:10.1038/s41467-018-07370-z,3
DOI:10.1128/mbio.00105-18,DOI:10.1093/jac/dkx379,3
DOI:10.1128/mbio.00105-18,DOI:10.1128/cmr.00002-15,3
DOI:10.1128/mbio.00105-18,DOI:10.1371/journal.pntd.0006408,4
DOI:10.1128/mbio.00105-18,DOI:10.1371/journal.pntd.0006779,3
DOI:10.1128/mbio.00105-18,DOI:10.1371/journal.pntd.0007868,3
DOI:10.1128/mbio.00105-18,DOI:10.7554/elife.14003,3
DOI:10.2903/j.efsa.2008.765,DOI:10.2903/j.efsa.2013.3025,3
DOI:10.2903/j.efsa.2008.765,DOI:10.3389/fmicb.2022.928509,3
DOI:10.2903/j.efsa.2013.3025,DOI:10.3389/fmicb.2022.928509,3
DOI:10.1093/jac/dky026,DOI:10.1128/cmr.00048-19,4
DOI:10.1093/jac/dky026,DOI:10.1016/s1473-3099(18)30093-8,3
DOI:10.1093/jac/dky026,DOI:10.1155/2011/276017,3
DOI:10.1016/j.cmi.2021.05.027,DOI:10.1089/hs.2018.0052,3
DOI:10.1016/j.cmi.2021.05.027,DOI:10.2147/idr.s88725,3
DOI:10.1016/j.cmi.2021.05.027,DOI:10.3390/antibiotics12081313,3
DOI:10.1016/s0924-8579(00)00148-5,DOI:10.1093/jac/dkf807,3
DOI:10.1128/cmr.00048-19,"VERNET G, 2014, EMERG INFECT DIS, V20, P434, DOI [10.3201/EID2003.121157, 10.3201/EID2003.121157]",3
DOI:10.1128/cmr.00048-19,DOI:10.3201/eid0102.950209,3
DOI:10.1128/cmr.00048-19,DOI:10.1016/s1473-3099(18)30093-8,3
DOI:10.1136/sextrans-2020-054581,DOI:10.1016/s1473-3099(18)30225-1,3
DOI:10.1136/sextrans-2020-054581,DOI:10.1093/jac/dkw288,3
DOI:10.1136/sextrans-2020-054581,DOI:10.1371/journal.pmed.1002344,3
DOI:10.1136/sextrans-2020-054581,DOI:10.2471/blt.18.228486,3
DOI:10.1136/sextrans-2020-054581,"UNEMO M, 2019, NAT REV DIS PRIMERS, V5, DOI [10.1038/S41572-019-0128-6, 10.1038/S41572-019-0136-6]",3
DOI:10.1136/sextrans-2020-054581,"WORKNEH MEKLIT, 2020, JMIR PUBLIC HEALTH SURVEILL, V6, PE17009, DOI [10.2196/17009, 10.2196/17009]",3
DOI:10.1186/s13756-017-0260-6,DOI:10.1016/s1473-3099(18)30093-8,3
DOI:10.1186/s13756-017-0260-6,DOI:10.3390/tropicalmed4040144,3
DOI:10.3390/ani10081264,DOI:10.3389/fvets.2017.00126,3
"ALNEBERG J, 2014, NAT METHODS, V11, P1144, DOI [10.1038/NMETH.3103, 10.1038/NMETH.3103]",DOI:10.1093/bioinformatics/btv033,3
"ALNEBERG J, 2014, NAT METHODS, V11, P1144, DOI [10.1038/NMETH.3103, 10.1038/NMETH.3103]",DOI:10.1093/bioinformatics/btv638,3
"ALNEBERG J, 2014, NAT METHODS, V11, P1144, DOI [10.1038/NMETH.3103, 10.1038/NMETH.3103]",DOI:10.1101/gr.186072.114,3
"ALNEBERG J, 2014, NAT METHODS, V11, P1144, DOI [10.1038/NMETH.3103, 10.1038/NMETH.3103]",DOI:10.1186/s40168-018-0541-1,3
"ALNEBERG J, 2014, NAT METHODS, V11, P1144, DOI [10.1038/NMETH.3103, 10.1038/NMETH.3103]",DOI:10.7717/peerj.7359,3
DOI:10.1038/ismej.2017.126,DOI:10.1101/gr.186072.114,3
DOI:10.1038/ismej.2017.126,DOI:10.7717/peerj.7359,3
DOI:10.1038/s41564-019-0445-2,DOI:10.1038/s41564-019-0496-4,3
DOI:10.1038/s41564-019-0445-2,DOI:10.1371/journal.pcbi.1005595,3
DOI:10.1038/s41564-019-0496-4,DOI:10.1101/gr.186072.114,3
DOI:10.1093/bioinformatics/btv033,DOI:10.1093/bioinformatics/btv638,3
DOI:10.1093/bioinformatics/btv033,DOI:10.1101/gr.186072.114,4
DOI:10.1093/bioinformatics/btv033,DOI:10.1186/s40168-018-0541-1,3
DOI:10.1093/bioinformatics/btv033,DOI:10.7717/peerj.7359,3
DOI:10.1093/bioinformatics/btv033,DOI:10.1186/1471-2105-11-119,3
DOI:10.1093/bioinformatics/btv033,DOI:10.1093/bioinformatics/btz848,4
DOI:10.1093/bioinformatics/btv638,DOI:10.1101/gr.186072.114,3
DOI:10.1093/bioinformatics/btv638,DOI:10.1186/s40168-018-0541-1,3
DOI:10.1093/bioinformatics/btv638,DOI:10.7717/peerj.7359,3
DOI:10.1093/bioinformatics/btx433,DOI:10.1101/gr.186072.114,3
DOI:10.1093/molbev/msaa015,DOI:10.1101/gr.186072.114,5
DOI:10.1093/molbev/msaa015,DOI:10.1186/s40168-018-0401-z,3
DOI:10.1093/molbev/msaa015,DOI:10.1371/journal.pcbi.1005595,3
DOI:10.1093/molbev/msaa015,"KALYAANAMOORTHY S, 2017, NAT METHODS, V14, P587, DOI [10.1038/NMETH.4285, 10.1038/NMETH.4285]",3
DOI:10.1093/molbev/msaa015,DOI:10.1038/s41587-019-0072-8,3
DOI:10.1093/molbev/msaa015,DOI:10.1093/bioinformatics/bty560,3
DOI:10.1093/molbev/msaa015,DOI:10.1093/nar/gkab1107,3
DOI:10.1093/molbev/msaa015,DOI:10.1093/nar/gku1196,4
DOI:10.1093/molbev/msaa015,DOI:10.1101/gr.241455.118,3
DOI:10.1093/molbev/msaa015,DOI:10.1186/s13059-019-1891-0,3
DOI:10.1093/molbev/msaa015,"GEIGER A, 2012, PROC CVPR IEEE, P3354, DOI [10.1093/BIOINFORMATICS/BTT086, 10.1109/CVPR.2012.6248074]",5
DOI:10.1093/molbev/msaa015,"PRJIBELSKI ANDREY, 2020, CURR PROTOC BIOINFORMATICS, V70, PE102, DOI [10.1002/CPBI.102, 10.1002/CPBI.102]",4
DOI:10.1093/molbev/msaa015,DOI:10.1099/mgen.0.000192,3
DOI:10.1093/molbev/msaa015,"NGUYEN LT, 2015, MOL BIOL EVOL, V32, P268, DOI [10.1093/MOLBEV/MSU300, 10.1186/S13059-020-02090-4, 10.3390/MA15041530]",4
DOI:10.1101/gr.186072.114,DOI:10.1186/s40168-018-0401-z,3
DOI:10.1101/gr.186072.114,DOI:10.1186/s40168-018-0541-1,3
DOI:10.1101/gr.186072.114,DOI:10.1371/journal.pcbi.1005595,3
DOI:10.1101/gr.186072.114,DOI:10.7717/peerj.7359,4
DOI:10.1101/gr.186072.114,DOI:10.1093/bioinformatics/bty560,4
DOI:10.1101/gr.186072.114,DOI:10.1099/mgen.0.000192,3
DOI:10.1101/gr.186072.114,DOI:10.1371/journal.pone.0009490,3
DOI:10.1101/gr.186072.114,DOI:10.1093/bioinformatics/btz848,3
DOI:10.1101/gr.186072.114,DOI:10.1038/s41587-019-0072-8,3
DOI:10.1101/gr.186072.114,DOI:10.1093/nar/gku1196,3
DOI:10.1101/gr.186072.114,DOI:10.1101/gr.241455.118,4
DOI:10.1101/gr.186072.114,"GEIGER A, 2012, PROC CVPR IEEE, P3354, DOI [10.1093/BIOINFORMATICS/BTT086, 10.1109/CVPR.2012.6248074]",5
DOI:10.1186/s13059-016-0997-x,DOI:10.1128/aac.00483-19,4
DOI:10.1186/s40168-018-0401-z,DOI:10.1128/aac.00483-19,4
DOI:10.1186/s40168-018-0401-z,DOI:10.1186/s13059-019-1891-0,5
DOI:10.1186/s40168-018-0401-z,DOI:10.1093/bioinformatics/bty560,4
DOI:10.1186/s40168-018-0401-z,DOI:10.1128/jcm.01260-18,3
DOI:10.1186/s40168-018-0401-z,"GEIGER A, 2012, PROC CVPR IEEE, P3354, DOI [10.1093/BIOINFORMATICS/BTT086, 10.1109/CVPR.2012.6248074]",3
DOI:10.1186/s40168-018-0401-z,DOI:10.3389/fmicb.2022.841289,3
DOI:10.1186/s40168-018-0541-1,DOI:10.7717/peerj.7359,3
DOI:10.1371/journal.pcbi.1005595,DOI:10.1038/ncomms12827,3
DOI:10.1371/journal.pcbi.1005595,DOI:10.1038/ng.3281,3
DOI:10.1371/journal.pcbi.1005595,DOI:10.1038/s41587-019-0072-8,3
DOI:10.1371/journal.pcbi.1005595,DOI:10.1093/bioinformatics/bty560,3
DOI:10.1371/journal.pcbi.1005595,DOI:10.1093/jac/dkx379,3
DOI:10.1371/journal.pcbi.1005595,DOI:10.1093/nar/gku1196,5
DOI:10.1371/journal.pcbi.1005595,"DURRANT MG, 2020, CELL HOST MICROBE, V27, P140, DOI [10.1016/J.CHOM.2019.10.022, 10.1016/J.CHOM.2020.09.015]",3
DOI:10.1371/journal.pcbi.1005595,"GEIGER A, 2012, PROC CVPR IEEE, P3354, DOI [10.1093/BIOINFORMATICS/BTT086, 10.1109/CVPR.2012.6248074]",3
DOI:10.1371/journal.pcbi.1005595,DOI:10.1099/mgen.0.000093,3
DOI:10.1016/j.foodcont.2013.03.041,DOI:10.3382/japr.2013-00929,3
DOI:10.1038/nature02241,DOI:10.1371/journal.pbio.3001225,3
DOI:10.1038/nrmicro1235,DOI:10.1128/aac.44.7.1771-1777.2000,3
DOI:10.1007/s11356-022-22319-y,DOI:10.3390/foods13152448,3
DOI:10.1093/jac/dkr561,"COOMBS GW, 2014, COMMUN DIS INTELL, V38, PE309, DOI [10.33321/CDI.2014.38.51, 10.33321/CDI.2014.38.51]",3
DOI:10.1093/jac/dkr561,"COOMBS GW, 2016, COMMUN DIS INTELL, V40, PE244, DOI [10.33321/CDI.2016.40.20, 10.33321/CDI.2016.40.20]",4
DOI:10.1093/jac/dkr561,"COOMBS GW, 2020, COMMUN DIS INTELL, V44, DOI [10.33321/CDI.2020.44.19, 10.33321/CDI.2020.44.71]",3
DOI:10.1093/jac/dkr561,DOI:10.1007/s10096-010-0995-y,3
DOI:10.1093/jac/dkr561,DOI:10.1016/j.ajic.2012.12.018,3
DOI:10.1093/jac/dkr561,DOI:10.1016/s1473-3099(10)70285-1,3
DOI:10.1093/jac/dkr561,DOI:10.1086/605921,3
DOI:10.1093/jac/dkr561,DOI:10.1093/jac/dki266,3
DOI:10.1093/jac/dkr561,DOI:10.1111/1469-0691.12144,3
DOI:10.1093/jac/dkr561,DOI:10.1128/aac.00579-09,3
DOI:10.1093/jac/dkr561,DOI:10.1128/cmr.05022-11,3
DOI:10.1093/jac/dkr561,DOI:10.1128/jcm.02452-13,3
DOI:10.1093/jac/dkr561,DOI:10.1128/jcm.02981-13,3
DOI:10.1093/jac/dkr561,DOI:10.1136/bmjopen-2011-000797,3
DOI:10.1093/jac/dkr561,DOI:10.3201/eid1104.040772,3
DOI:10.1093/jac/dkr561,DOI:10.33321/cdi.2019.43.43,3
DOI:10.1093/jac/dkr561,DOI:10.33321/cdi.2020.44.18,3
DOI:10.1093/jac/dkr561,DOI:10.5694/j.1326-5377.2008.tb01820.x,3
DOI:10.1093/jac/dkr561,DOI:10.5694/j.1326-5377.2009.tb02841.x,3
DOI:10.1093/jac/dkr561,"NIMMO GRAEME R, 2003, COMMUN DIS INTELL Q REP, V27 SUPPL, PS47, DOI [10.33321/CDI.2003.27.21, 10.33321/CDI.2003.27.21]",3
DOI:10.1093/jac/dkr561,"O'BRIEN FG, 1999, J CLIN MICROBIOL, V37, P2858",3
DOI:10.1093/jac/dkr561,"SEEMANN T, NULLARBOR",3
DOI:10.1093/nar/gkz935,DOI:10.1128/aac.00971-12,3
DOI:10.1093/nar/gkz935,"NATIONAL CENTER FOR BIOTECHNOLOGY INFORMATION (NCBI), 2020, AMRFINDERPLUS",3
DOI:10.1093/nar/gkz935,"SEEMANN T, 2020, NULLARBOR",3
DOI:10.1093/nar/gkz935,DOI:10.1128/aac.00483-19,3
DOI:10.1128/cmr.00047-19,DOI:10.1016/j.cmi.2019.10.031,3
DOI:10.1128/cmr.00047-19,DOI:10.1128/cmr.00031-19,3
DOI:10.1186/s13620-019-0154-4,"SHEN C, 2020, LANCET MICROBE, V1, PE34, DOI [10.1016/S2666-5247(20)30005-7, 10.1016/S2666-5247(20)30005-7]",3
DOI:10.3390/antibiotics5040037,DOI:10.1128/aem.00337-16,4
DOI:10.3390/antibiotics5040037,DOI:10.1016/j.ijfoodmicro.2017.12.015,3
DOI:10.3390/antibiotics5040037,DOI:10.1093/jac/dkv053,3
DOI:10.3390/antibiotics5040037,DOI:10.1017/s0950268815000102,3
DOI:10.3390/antibiotics5040037,DOI:10.1111/1348-0421.12462,3
DOI:10.3390/foods13152448,DOI:10.1111/j.1462-2920.2006.01054.x,3
DOI:10.3390/foods13152448,DOI:10.4060/cd0683en,3
"SHEN C, 2020, LANCET MICROBE, V1, PE34, DOI [10.1016/S2666-5247(20)30005-7, 10.1016/S2666-5247(20)30005-7]",DOI:10.1016/j.ijantimicag.2016.11.026,3
DOI:10.1111/j.1462-2920.2006.01054.x,DOI:10.1111/jfd.12427,3
DOI:10.1111/j.1462-2920.2006.01054.x,DOI:10.1371/journal.pone.0042724,3
DOI:10.1111/j.1462-2920.2006.01054.x,DOI:10.1007/s00248-017-1016-9,3
DOI:10.1111/j.1462-2920.2006.01054.x,DOI:10.1111/1462-2920.12421,3
DOI:10.1111/jfd.12427,DOI:10.1371/journal.pone.0042724,3
DOI:10.1371/journal.pone.0042724,DOI:10.1111/1462-2920.12421,3
DOI:10.2471/blt.20.268573,DOI:10.1093/cid/ciaa530,3
DOI:10.1093/bioinformatics/btv421,DOI:10.1093/bioinformatics/bty560,3
DOI:10.1093/bioinformatics/btv421,DOI:10.1099/mgen.0.000192,3
DOI:10.1093/bioinformatics/btv421,"GEIGER A, 2012, PROC CVPR IEEE, P3354, DOI [10.1093/BIOINFORMATICS/BTT086, 10.1109/CVPR.2012.6248074]",3
DOI:10.1093/bioinformatics/bty560,DOI:10.1371/journal.pone.0009490,3
DOI:10.1093/bioinformatics/bty560,DOI:10.1093/nar/gku1196,3
DOI:10.1093/bioinformatics/bty560,DOI:10.1186/s13059-019-1891-0,4
DOI:10.1093/bioinformatics/bty560,"GEIGER A, 2012, PROC CVPR IEEE, P3354, DOI [10.1093/BIOINFORMATICS/BTT086, 10.1109/CVPR.2012.6248074]",4
DOI:10.1099/mgen.0.000192,DOI:10.1128/jcm.00008-15,3
DOI:10.1099/mgen.0.000192,DOI:10.1128/jcm.01269-20,3
DOI:10.1186/s13059-019-1891-0,DOI:10.1093/nar/gku1196,3
DOI:10.1186/s13059-019-1891-0,"GEIGER A, 2012, PROC CVPR IEEE, P3354, DOI [10.1093/BIOINFORMATICS/BTT086, 10.1109/CVPR.2012.6248074]",3
DOI:10.1186/s13059-019-1891-0,DOI:10.7717/peerj-cs.104,3
DOI:10.1093/femsec/fiy130,DOI:10.1038/nprot.2008.73,3
DOI:10.1093/femsec/fiy130,DOI:10.3389/fmicb.2016.02137,3
DOI:10.1093/jac/dkz235,DOI:10.1093/jac/dky518,3
DOI:10.1111/nyas.13310,DOI:10.1128/jcm.01260-18,3
DOI:10.1111/nyas.13310,DOI:10.3389/fmicb.2018.00592,3
DOI:10.1007/s00284-020-02095-z,DOI:10.1016/j.rvsc.2019.10.017,3
DOI:10.1371/journal.pmed.1002378,DOI:10.1016/j.cosust.2017.07.008,3
DOI:10.1371/journal.pmed.1002378,"MAJOWICZ SHANNON E, 2018, BMC RES NOTES, V11, P170, DOI [10.1186/S13104-018-3279-8, 10.1186/S13104-018-3279-8]",3
DOI:10.1371/journal.pmed.1002378,DOI:10.1016/s1473-3099(20)30392-3,3
DOI:10.3390/antibiotics11101362,DOI:10.1016/j.chom.2023.03.017,3
DOI:10.3390/antibiotics11101362,DOI:10.1038/s41396-020-0679-2,3
DOI:10.1057/s41599-019-0263-4,DOI:10.1136/bmjgh-2019-001590,3
DOI:10.1057/s41599-019-0263-4,DOI:10.1136/bmjgh-2020-003091,3
DOI:10.1057/s41599-019-0263-4,DOI:10.1186/s12992-020-00639-3,3
DOI:10.1007/s00248-017-1016-9,DOI:10.1111/1462-2920.12421,3
DOI:10.1111/1462-2920.12421,DOI:10.4060/cd0683en,3
DOI:10.1093/nar/gkab1107,DOI:10.1093/nar/gku1196,3
"NGUYEN LT, 2015, MOL BIOL EVOL, V32, P268, DOI [10.1093/MOLBEV/MSU300, 10.1186/S13059-020-02090-4, 10.3390/MA15041530]",DOI:10.1101/gr.241455.118,3
DOI:10.1128/cmr.00002-19,DOI:10.3389/fmicb.2019.00044,3
DOI:10.1002/fsn3.2266,DOI:10.3389/fmicb.2018.02104,3
DOI:10.1016/j.foodcont.2019.106809,DOI:10.3389/fmicb.2018.02104,3
DOI:10.1186/1471-2334-14-13,DOI:10.1136/bmj.c2096,3
DOI:10.3390/antibiotics10030238,DOI:10.1016/j.prevetmed.2018.04.001,3
DOI:10.3390/antibiotics10030238,DOI:10.1093/jacamr/dlac126,3
DOI:10.3390/antibiotics10030238,DOI:10.3389/fpubh.2022.998860,3
DOI:10.3390/antibiotics10030238,DOI:10.3389/fvets.2017.00126,3
DOI:10.3390/antibiotics10030238,DOI:10.3390/antibiotics11030383,3
DOI:10.3390/antibiotics10030238,DOI:10.3390/antibiotics11091210,3
DOI:10.3390/antibiotics10030238,DOI:10.3390/antibiotics12040657,3
DOI:10.3390/antibiotics10030238,DOI:10.4236/ojas.2023.131005,3
DOI:10.3390/antibiotics10030238,DOI:10.5430/jer.v6n1p35],3
DOI:10.1073/pnas.1501049112,DOI:10.3389/fcimb.2018.00004,3
DOI:10.1186/s12879-023-08585-2,DOI:10.1038/s41579-018-0147-4,3
DOI:10.3389/fvets.2020.00078,DOI:10.1186/s12917-021-02938-2,3
DOI:10.3389/fvets.2020.00078,DOI:10.5772/intechopen.79371,3
DOI:10.3389/fvets.2017.00126,DOI:10.1016/j.prevetmed.2018.04.001,3
DOI:10.1093/jac/dku176,DOI:10.4102/ajlm.v5i1.432,3
DOI:10.1016/s1473-3099(18)30093-8,DOI:10.2217/fmb-2016-0170,3
DOI:10.1016/s1473-3099(18)30093-8,DOI:10.3389/fmed.2019.00205,4
DOI:10.1016/s1473-3099(18)30093-8,DOI:10.3390/antibiotics12081313,3
DOI:10.1016/s1473-3099(18)30093-8,DOI:10.3389/fpubh.2020.00258,3
DOI:10.1016/s2214-109x(13)70112-8,DOI:10.2217/fmb-2016-0170,4
DOI:10.1016/s2214-109x(13)70112-8,DOI:10.1017/s0950268809990100,3
DOI:10.1016/s2214-109x(13)70112-8,"GUPTA K, 2011, CLIN INFECT DIS, V52, PE103, DOI [10.1093/CID/CIQ257, 10.1093/CID/CIR102]",3
DOI:10.1093/aje/kwy276,DOI:10.2217/fmb-2016-0170,4
DOI:10.1097/ede.0b013e3182459455,DOI:10.1371/journal.pone.0154142,3
DOI:10.1097/ede.0b013e3182459455,DOI:10.2217/fmb-2016-0170,3
DOI:10.1371/journal.pone.0154142,DOI:10.2217/fmb-2016-0170,3
DOI:10.2217/fmb-2016-0170,DOI:10.1017/s0950268809990100,4
DOI:10.2217/fmb-2016-0170,DOI:10.25011/cim.v30i4.1777,3
DOI:10.2217/fmb-2016-0170,"GUPTA K, 2011, CLIN INFECT DIS, V52, PE103, DOI [10.1093/CID/CIQ257, 10.1093/CID/CIR102]",3
DOI:10.1093/cid/ciab796,DOI:10.1093/cid/ciab784,3
DOI:10.3390/antibiotics10060657,DOI:10.1111/1348-0421.12462,3
"BAUER AW, 1966, AM J CLIN PATHOL, V45, P493",DOI:10.3390/antibiotics11030383,3
DOI:10.1016/j.vetmic.2016.04.009,DOI:10.3389/fmicb.2016.00810,3
DOI:10.1093/jac/dkp498,DOI:10.1016/j.diagmicrobio.2010.12.002,4
"GUPTA K, 2011, CLIN INFECT DIS, V52, PE103, DOI [10.1093/CID/CIQ257, 10.1093/CID/CIR102]",DOI:10.1017/s0950268809990100,3
"GUPTA K, 2011, CLIN INFECT DIS, V52, PE103, DOI [10.1093/CID/CIQ257, 10.1093/CID/CIR102]",DOI:10.25011/cim.v30i4.1777,3
"GUPTA K, 2011, CLIN INFECT DIS, V52, PE103, DOI [10.1093/CID/CIQ257, 10.1093/CID/CIR102]",DOI:10.1093/jac/dkw223,3
DOI:10.1038/s41587-019-0072-8,DOI:10.1186/1471-2164-12-402,3
DOI:10.1038/s41587-019-0072-8,"DAVIS SL, 2020, INVEST NEW DRUG, V38, P821, DOI [10.1007/S10637-019-00824-1, 10.1038/S41564-019-0492-8]",3
DOI:10.1038/s41587-019-0072-8,DOI:10.1038/s41467-021-24448-3,3
DOI:10.1016/j.lanwpc.2024.101125,DOI:10.1093/jac/dkae369,4
DOI:10.1016/j.lanwpc.2024.101125,DOI:10.1097/im9.0000000000000113,4
DOI:10.1016/j.lanwpc.2024.101125,DOI:10.1186/s13073-021-00858-2,3
DOI:10.1016/j.lanwpc.2024.101125,DOI:10.2807/1560-7917.es.2022.27.24.2200455,3
DOI:10.1016/j.lanwpc.2024.101125,DOI:10.1093/jacamr/dlae053,3
DOI:10.1016/j.lanwpc.2024.101125,DOI:10.1016/s2666-5247(23)00370-1,3
DOI:10.1016/j.lanwpc.2024.101125,DOI:10.1038/s41579-024-01023-3,3
DOI:10.1093/jac/dkae369,DOI:10.1097/im9.0000000000000113,4
DOI:10.1093/jac/dkae369,DOI:10.1186/s13073-021-00858-2,3
DOI:10.1093/jac/dkae369,DOI:10.2807/1560-7917.es.2022.27.24.2200455,4
DOI:10.1093/jac/dkae369,DOI:10.1038/s41579-024-01023-3,4
DOI:10.1093/jac/dkae369,DOI:10.1093/jacamr/dlae053,4
DOI:10.1093/jac/dkae369,DOI:10.2807/1560-7917.es.2018.23.27.1800323,3
DOI:10.1093/jac/dkae369,DOI:10.1016/s2666-5247(23)00370-1,3
DOI:10.1093/nar/gku1196,DOI:10.1186/s13073-021-00858-2,3
DOI:10.1093/nar/gku1196,DOI:10.1016/s1473-3099(18)30225-1,3
DOI:10.1093/nar/gku1196,DOI:10.1038/ncomms12827,3
DOI:10.1093/nar/gku1196,DOI:10.1038/ng.3281,3
DOI:10.1093/nar/gku1196,DOI:10.1101/gr.241455.118,3
DOI:10.1093/nar/gku1196,"GEIGER A, 2012, PROC CVPR IEEE, P3354, DOI [10.1093/BIOINFORMATICS/BTT086, 10.1109/CVPR.2012.6248074]",5
DOI:10.1093/nar/gku1196,"DEMCZUK W, 2017, J CLIN MICROBIOL, V55, P1454, DOI [10.1128/JCM.00100-17, 10.1128/JCM.00100-17]",3
DOI:10.1093/nar/gku1196,DOI:10.1016/s1473-3099(16)30157-8,3
DOI:10.1093/nar/gku1196,DOI:10.1038/s41564-019-0501-y,3
DOI:10.1093/nar/gku1196,DOI:10.1093/jac/dkaa318,3
DOI:10.1093/nar/gku1196,DOI:10.1093/jac/dkw288,3
DOI:10.1093/nar/gku1196,DOI:10.1099/mgen.0.000093,3
DOI:10.1093/nar/gku1196,DOI:10.1128/aac.00504-16,3
DOI:10.1093/nar/gku1196,DOI:10.1128/cmr.00010-14,3
DOI:10.1093/nar/gku1196,DOI:10.1128/mbio.02281-18,3
DOI:10.1093/nar/gku1196,DOI:10.1371/journal.pmed.1002344,3
DOI:10.1097/im9.0000000000000113,DOI:10.1186/s13073-021-00858-2,3
DOI:10.1097/im9.0000000000000113,DOI:10.2807/1560-7917.es.2022.27.24.2200455,3
DOI:10.1097/im9.0000000000000113,DOI:10.1016/s2666-5247(23)00370-1,3
DOI:10.1097/im9.0000000000000113,DOI:10.1038/s41579-024-01023-3,3
DOI:10.1186/s13073-021-00858-2,DOI:10.2807/1560-7917.es.2022.27.24.2200455,3
DOI:10.1186/s13073-021-00858-2,DOI:10.1016/s1473-3099(18)30225-1,4
DOI:10.1186/s13073-021-00858-2,DOI:10.1016/s2666-5247(22)00044-1,3
DOI:10.1186/s13073-021-00858-2,DOI:10.1038/s41564-019-0501-y,3
DOI:10.1186/s13073-021-00858-2,DOI:10.1093/jac/dkab024,3
DOI:10.1186/s13073-021-00858-2,DOI:10.1186/s12864-020-6511-6,4
DOI:10.1186/s13073-021-00858-2,DOI:10.1016/s1473-3099(16)30157-8,3
DOI:10.1186/s13073-021-00858-2,DOI:10.1016/s2666-5247(21)00171-3,3
DOI:10.1186/s13073-021-00858-2,DOI:10.1093/jac/dkaa318,3
DOI:10.1186/s13073-021-00858-2,DOI:10.1093/jac/dkw288,3
DOI:10.1186/s13073-021-00858-2,DOI:10.1128/cmr.00010-14,3
DOI:10.1186/s13073-021-00858-2,DOI:10.1371/journal.pmed.1002344,4
DOI:10.1186/s13073-021-00858-2,DOI:10.2807/1560-7917.es.2018.23.27.1800323,3
DOI:10.1186/s13073-021-00858-2,DOI:10.2807/1560-7917.es.2019.24.8.1900118,4
DOI:10.1186/s13073-021-00858-2,DOI:10.3201/eid2404.171873,3
DOI:10.1186/s13073-021-00858-2,"UNEMO M, 2019, NAT REV DIS PRIMERS, V5, DOI [10.1038/S41572-019-0128-6, 10.1038/S41572-019-0136-6]",4
DOI:10.2807/1560-7917.es.2022.27.24.2200455,DOI:10.1038/s41579-024-01023-3,3
DOI:10.2807/1560-7917.es.2022.27.24.2200455,DOI:10.1093/jacamr/dlae053,3
DOI:10.2807/1560-7917.es.2022.27.24.2200455,DOI:10.1128/aac.00504-16,3
DOI:10.2807/1560-7917.es.2022.27.24.2200455,DOI:10.1128/cmr.00010-14,4
DOI:10.2807/1560-7917.es.2022.27.24.2200455,DOI:10.2807/1560-7917.es.2018.23.27.1800323,5
DOI:10.2807/1560-7917.es.2022.27.24.2200455,DOI:10.2807/1560-7917.es.2019.24.8.1900118,3
DOI:10.2807/1560-7917.es.2022.27.24.2200455,DOI:10.1016/s2666-5247(21)00171-3,4
DOI:10.2807/1560-7917.es.2022.27.24.2200455,DOI:10.1371/journal.pmed.1002344,3
"BARRY PM, 2009, EXPERT OPIN PHARMACO, V10, P555, DOI [10.1517/14656560902731993, 10.1517/14656560902731993 ]",DOI:10.1086/383047,3
"CHISHOLM SA, 2013, EUROSURVEILLANCE, V18, P14",DOI:10.1128/aac.05760-11,4
"CHISHOLM SA, 2013, EUROSURVEILLANCE, V18, P14","UNEMO M, 2012, FUTURE MICROBIOL, V7, P1401, DOI [10.2217/FMB.12.117, 10.2217/FMB.12.117]",3
"DEL RIO CARLOS, 2012, MORBIDITY AND MORTALITY WEEKLY REPORT, V61, P590",DOI:10.1128/aac.05760-11,3
DOI:10.1016/s1473-3099(13)70693-5,DOI:10.1128/aac.00325-11,3
DOI:10.1016/s1473-3099(13)70693-5,DOI:10.1128/aac.05760-11,4
DOI:10.1016/s1473-3099(13)70693-5,DOI:10.1177/0956462412472837,3
DOI:10.1016/s1473-3099(13)70693-5,DOI:10.1586/eri.09.63,3
DOI:10.1016/s1473-3099(13)70693-5,"DEMCZUK W, 2017, J CLIN MICROBIOL, V55, P1454, DOI [10.1128/JCM.00100-17, 10.1128/JCM.00100-17]",3
DOI:10.1016/s1473-3099(13)70693-5,DOI:10.1016/s1473-3099(16)30157-8,5
DOI:10.1016/s1473-3099(13)70693-5,DOI:10.1056/nejmc1512757,3
DOI:10.1016/s1473-3099(13)70693-5,DOI:10.1093/jac/dkw279,3
DOI:10.1016/s1473-3099(13)70693-5,DOI:10.1093/jac/dkw288,5
DOI:10.1016/s1473-3099(13)70693-5,DOI:10.1128/cmr.00010-14,3
DOI:10.1016/s1473-3099(13)70693-5,DOI:10.1371/journal.pmed.1002344,4
DOI:10.1086/383047,DOI:10.1093/jac/dkr332,3
DOI:10.1086/383047,DOI:10.1128/aac.00325-11,5
DOI:10.1086/383047,DOI:10.1128/aac.05760-11,3
DOI:10.1086/383047,DOI:10.1128/cmr.00040-10,4
DOI:10.1086/383047,DOI:10.1136/sti.2008.029694,4
DOI:10.1086/383047,DOI:10.1136/sti.2009.037689,4
DOI:10.1086/383047,DOI:10.1136/sti.2010.042648,4
DOI:10.1086/383047,DOI:10.1136/sti.2010.045377,3
DOI:10.1086/383047,"UNEMO M, 2012, FUTURE MICROBIOL, V7, P1401, DOI [10.2217/FMB.12.117, 10.2217/FMB.12.117]",3
DOI:10.1086/383047,DOI:10.1128/jcm.00577-08,3
DOI:10.1086/383047,"[ANONYMOUS], EURO SURVEILL",3
DOI:10.1086/383047,DOI:10.1128/aac.00306-07,3
DOI:10.1093/jac/dkr332,DOI:10.1128/aac.00325-11,3
DOI:10.1093/jac/dkr332,DOI:10.1128/aac.05760-11,3
DOI:10.1093/jac/dkr332,DOI:10.1136/sti.2008.029694,3
DOI:10.1093/jac/dkr332,DOI:10.1136/sti.2010.042648,3
DOI:10.1093/jac/dkr332,DOI:10.1136/sti.2010.045377,3
DOI:10.1093/jac/dks162,DOI:10.1128/aac.00325-11,5
DOI:10.1093/jac/dks162,DOI:10.1128/aac.05760-11,4
DOI:10.1093/jac/dks162,DOI:10.1136/sti.2010.042648,4
DOI:10.1093/jac/dks162,DOI:10.1586/eri.09.63,4
DOI:10.1093/jac/dks162,"UNEMO M, 2012, FUTURE MICROBIOL, V7, P1401, DOI [10.2217/FMB.12.117, 10.2217/FMB.12.117]",3
DOI:10.1093/jac/dks162,DOI:10.1001/jama.2012.176575,3
DOI:10.1093/jac/dks162,DOI:10.1093/jac/dkp098,3
DOI:10.1093/jac/dks162,DOI:10.1093/jac/dkt034,3
DOI:10.1093/jac/dks162,DOI:10.1136/sextrans-2012-050674,3
DOI:10.1093/jac/dks162,"[ANONYMOUS], EURO SURVEILL",3
DOI:10.1093/jac/dkt501,DOI:10.1128/jcm.02024-10,3
DOI:10.1128/aac.00325-11,DOI:10.1128/aac.05760-11,9
DOI:10.1128/aac.00325-11,DOI:10.1128/aac.46.12.3744-3749.2002,5
DOI:10.1128/aac.00325-11,DOI:10.1136/sti.2008.029694,3
DOI:10.1128/aac.00325-11,DOI:10.1136/sti.2010.042648,6
DOI:10.1128/aac.00325-11,DOI:10.1136/sti.2010.044164,3
DOI:10.1128/aac.00325-11,DOI:10.1136/sti.2010.045377,3
DOI:10.1128/aac.00325-11,DOI:10.1177/0956462412472837,3
DOI:10.1128/aac.00325-11,DOI:10.1586/eri.09.63,6
DOI:10.1128/aac.00325-11,"UNEMO M, 2012, FUTURE MICROBIOL, V7, P1401, DOI [10.2217/FMB.12.117, 10.2217/FMB.12.117]",5
DOI:10.1128/aac.00325-11,"ISON CA, 2011, EURO SURVEILL, V16",4
DOI:10.1128/aac.00325-11,"[ANONYMOUS], EURO SURVEILL",7
DOI:10.1128/aac.00325-11,"DEMCZUK W, 2017, J CLIN MICROBIOL, V55, P1454, DOI [10.1128/JCM.00100-17, 10.1128/JCM.00100-17]",3
DOI:10.1128/aac.00325-11,DOI:10.1016/s1473-3099(16)30157-8,3
DOI:10.1128/aac.00325-11,DOI:10.1056/nejmc1512757,3
DOI:10.1128/aac.00325-11,DOI:10.1093/jac/dkw288,3
DOI:10.1128/aac.00325-11,DOI:10.1128/cmr.00010-14,5
DOI:10.1128/aac.00325-11,DOI:10.1001/jama.2012.176575,3
DOI:10.1128/aac.00325-11,DOI:10.1007/s10156-002-0204-8,3
DOI:10.1128/aac.00325-11,DOI:10.1038/nrmicro3217,4
DOI:10.1128/aac.00325-11,DOI:10.1093/jac/dkp098,3
DOI:10.1128/aac.00325-11,DOI:10.1093/jac/dkt034,4
DOI:10.1128/aac.00325-11,DOI:10.1136/sextrans-2012-050674,3
DOI:10.1128/aac.00325-11,DOI:10.1371/journal.pone.0143304,3
DOI:10.1128/aac.00325-11,"WORKOWSKI KA, 2015, MMWR RECOMM REP, V64, P1",3
DOI:10.1128/aac.00325-11,"WORLD HEALTH ORGANIZATION (WHO), 2012, GLOBAL ACTION PLAN TO CONTROL THE SPREAD AND IMPACT OF ANTIMICROBIAL RESISTANCE IN NEISSERIA GONORRHOEAE",4
DOI:10.1128/aac.00325-11,"UNEMO M, 2011, EUROSURVEILLANCE, V16, P9",3
DOI:10.1128/aac.05760-11,DOI:10.1128/aac.46.12.3744-3749.2002,3
DOI:10.1128/aac.05760-11,DOI:10.1136/sti.2008.029694,3
DOI:10.1128/aac.05760-11,DOI:10.1136/sti.2010.042648,4
DOI:10.1128/aac.05760-11,DOI:10.1177/0956462412472837,3
DOI:10.1128/aac.05760-11,DOI:10.1586/eri.09.63,6
DOI:10.1128/aac.05760-11,"UNEMO M, 2012, FUTURE MICROBIOL, V7, P1401, DOI [10.2217/FMB.12.117, 10.2217/FMB.12.117]",4
DOI:10.1128/aac.05760-11,DOI:10.1038/nrmicro3217,3
DOI:10.1128/aac.05760-11,"LAHRA MM, 2015, COMMUN DIS INTELL, V39, PE347, DOI [10.33321/CDI.2015.39.39, 10.33321/CDI.2015.39.39]",3
DOI:10.1128/aac.05760-11,DOI:10.1001/jama.2012.176575,3
DOI:10.1128/aac.05760-11,DOI:10.1007/s10156-002-0204-8,3
DOI:10.1128/aac.05760-11,DOI:10.1093/jac/dkp098,3
DOI:10.1128/aac.05760-11,DOI:10.1093/jac/dkt034,3
DOI:10.1128/aac.05760-11,DOI:10.1128/cmr.00010-14,3
DOI:10.1128/aac.05760-11,DOI:10.1136/sextrans-2012-050674,4
DOI:10.1128/aac.05760-11,"ISON CA, 2011, EURO SURVEILL, V16",3
DOI:10.1128/aac.05760-11,"WORKOWSKI KA, 2015, MMWR RECOMM REP, V64, P1",3
DOI:10.1128/aac.05760-11,"WORLD HEALTH ORGANIZATION (WHO), 2012, GLOBAL ACTION PLAN TO CONTROL THE SPREAD AND IMPACT OF ANTIMICROBIAL RESISTANCE IN NEISSERIA GONORRHOEAE",3
DOI:10.1128/aac.05760-11,"[ANONYMOUS], EURO SURVEILL",6
DOI:10.1128/aac.05760-11,"UNEMO M, 2011, EUROSURVEILLANCE, V16, P9",3
DOI:10.1136/sti.2008.029694,DOI:10.1136/sti.2009.037689,4
DOI:10.1136/sti.2008.029694,DOI:10.1136/sti.2010.042648,3
DOI:10.1136/sti.2008.029694,DOI:10.1136/sti.2010.045377,3
DOI:10.1136/sti.2010.042648,DOI:10.1136/sti.2010.044164,3
DOI:10.1136/sti.2010.042648,DOI:10.1136/sti.2010.045377,3
DOI:10.1136/sti.2010.042648,DOI:10.1586/eri.09.63,4
DOI:10.1136/sti.2010.042648,"UNEMO M, 2012, FUTURE MICROBIOL, V7, P1401, DOI [10.2217/FMB.12.117, 10.2217/FMB.12.117]",3
DOI:10.1136/sti.2010.042648,"ISON CA, 2011, EURO SURVEILL, V16",3
DOI:10.1136/sti.2010.042648,"[ANONYMOUS], EURO SURVEILL",5
DOI:10.1136/sti.2010.042648,DOI:10.1093/jac/dkp098,3
DOI:10.1177/0956462412472837,DOI:10.1586/eri.09.63,3
DOI:10.1177/0956462412472837,"UNEMO M, 2012, FUTURE MICROBIOL, V7, P1401, DOI [10.2217/FMB.12.117, 10.2217/FMB.12.117]",3
DOI:10.1177/0956462412472837,DOI:10.1016/s1473-3099(18)30225-1,4
DOI:10.1177/0956462412472837,DOI:10.1186/s12879-017-2707-z,4
DOI:10.1177/0956462412472837,DOI:10.1056/nejmc1512757,3
DOI:10.1177/0956462412472837,DOI:10.1093/jac/dkw279,3
DOI:10.1177/0956462412472837,DOI:10.1093/jac/dkw288,4
DOI:10.1177/0956462412472837,DOI:10.1128/cmr.00010-14,3
DOI:10.1177/0956462412472837,DOI:10.1186/s12879-015-1029-2,3
DOI:10.1177/0956462412472837,"KIRKCALDY RD, 2016, MMWR SURVEILL SUMM, V65, P1, DOI [10.15585/MMWR.SS6507A1, 10.15585/MMWR.SS6507A1]",3
DOI:10.1177/0956462412472837,"WORLD HEALTH ORGANIZATION (WHO), 2012, GLOBAL ACTION PLAN TO CONTROL THE SPREAD AND IMPACT OF ANTIMICROBIAL RESISTANCE IN NEISSERIA GONORRHOEAE",3
DOI:10.1177/0956462412472837,DOI:10.1371/journal.pmed.1002344,4
DOI:10.1586/eri.09.63,"UNEMO M, 2012, FUTURE MICROBIOL, V7, P1401, DOI [10.2217/FMB.12.117, 10.2217/FMB.12.117]",4
DOI:10.1586/eri.09.63,DOI:10.1001/jama.2012.176575,3
DOI:10.1586/eri.09.63,DOI:10.1007/s10156-002-0204-8,3
DOI:10.1586/eri.09.63,DOI:10.1093/jac/dkp098,4
DOI:10.1586/eri.09.63,DOI:10.1093/jac/dkt034,3
DOI:10.1586/eri.09.63,DOI:10.1136/sextrans-2012-050674,3
DOI:10.1586/eri.09.63,"[ANONYMOUS], EURO SURVEILL",5
"UNEMO M, 2012, FUTURE MICROBIOL, V7, P1401, DOI [10.2217/FMB.12.117, 10.2217/FMB.12.117]",DOI:10.1056/nejmc1512757,3
"UNEMO M, 2012, FUTURE MICROBIOL, V7, P1401, DOI [10.2217/FMB.12.117, 10.2217/FMB.12.117]",DOI:10.1093/jac/dkw288,3
"UNEMO M, 2012, FUTURE MICROBIOL, V7, P1401, DOI [10.2217/FMB.12.117, 10.2217/FMB.12.117]",DOI:10.1128/cmr.00010-14,3
"UNEMO M, 2012, FUTURE MICROBIOL, V7, P1401, DOI [10.2217/FMB.12.117, 10.2217/FMB.12.117]",DOI:10.1186/s12864-020-6511-6,3
"UNEMO M, 2012, FUTURE MICROBIOL, V7, P1401, DOI [10.2217/FMB.12.117, 10.2217/FMB.12.117]",DOI:10.1371/journal.pmed.1002344,4
"UNEMO M, 2012, FUTURE MICROBIOL, V7, P1401, DOI [10.2217/FMB.12.117, 10.2217/FMB.12.117]",DOI:10.2807/1560-7917.es.2019.24.8.1900118,3
DOI:10.1093/jac/dkv186,DOI:10.1128/aac.01030-16,3
DOI:10.1128/aac.01030-16,DOI:10.1128/aem.02873-15,3
DOI:10.1128/aac.01030-16,DOI:10.2217/17460913.2.5.493,3
DOI:10.1128/aac.01030-16,DOI:10.1093/jac/dks496,4
DOI:10.1128/aac.01030-16,DOI:10.1093/jac/dkt180,3
DOI:10.1128/aac.01030-16,DOI:10.1128/jcm.03117-13,4
DOI:10.1128/aac.01030-16,DOI:10.1016/j.cmi.2017.11.001,3
DOI:10.1128/aac.01030-16,DOI:10.3389/fmicb.2017.00182,3
DOI:10.1128/aem.02873-15,DOI:10.1093/jac/dks496,3
DOI:10.1128/aem.02873-15,DOI:10.1128/jcm.03117-13,3
DOI:10.1057/s41599-019-0226-9,DOI:10.1093/heapol/czz022,3
DOI:10.1136/bmjgh-2019-001590,DOI:10.1080/09581596.2020.1725444,3
DOI:10.1016/s1473-3099(20)30392-3,DOI:10.1186/s40249-018-0459-7,3
DOI:10.1016/s1473-3099(20)30392-3,"KIM DH., 1994, SYSTEMS THINKING TOO",3
DOI:10.1016/s1473-3099(20)30392-3,"MAJOWICZ SHANNON E, 2018, BMC RES NOTES, V11, P170, DOI [10.1186/S13104-018-3279-8, 10.1186/S13104-018-3279-8]",4
DOI:10.1016/s1473-3099(20)30392-3,DOI:10.1007/s13280-016-0800-y,3
DOI:10.3389/fmicb.2014.00391,DOI:10.1016/s1473-3099(19)30418-9,3
DOI:10.1038/537159a,"MAJOWICZ SHANNON E, 2018, BMC RES NOTES, V11, P170, DOI [10.1186/S13104-018-3279-8, 10.1186/S13104-018-3279-8]",3
"MAJOWICZ SHANNON E, 2018, BMC RES NOTES, V11, P170, DOI [10.1186/S13104-018-3279-8, 10.1186/S13104-018-3279-8]",DOI:10.1186/s40249-018-0459-7,3
"MAJOWICZ SHANNON E, 2018, BMC RES NOTES, V11, P170, DOI [10.1186/S13104-018-3279-8, 10.1186/S13104-018-3279-8]","KIM DH., 1994, SYSTEMS THINKING TOO",3
"MAJOWICZ SHANNON E, 2018, BMC RES NOTES, V11, P170, DOI [10.1186/S13104-018-3279-8, 10.1186/S13104-018-3279-8]",DOI:10.1007/s13280-016-0800-y,3
DOI:10.1128/aac.00483-19,DOI:10.3389/fmicb.2018.00592,3
DOI:10.1128/aac.00483-19,DOI:10.1038/s41587-019-0156-5,3
DOI:10.1128/jcm.02483-16,DOI:10.1016/j.cmi.2017.11.001,3
DOI:10.3390/ijerph9030746,DOI:10.3390/ijerph14040386,3
DOI:10.1016/j.cmi.2019.08.007,DOI:10.1093/jacamr/dlab060,3
DOI:10.1016/j.prevetmed.2018.10.005,DOI:10.1111/zph.12433,3
DOI:10.1128/jmbe.v19i3.1603,DOI:10.1187/cbe.14-06-0099,3
DOI:10.1186/s12941-020-00405-8,DOI:10.1128/cmr.00006-15,3
DOI:10.1186/s12941-020-00405-8,DOI:10.1186/s40001-020-00474-7,3
DOI:10.1016/s1473-3099(18)30225-1,DOI:10.1016/s2666-5247(22)00044-1,4
DOI:10.1016/s1473-3099(18)30225-1,DOI:10.1038/s41564-019-0501-y,3
DOI:10.1016/s1473-3099(18)30225-1,DOI:10.1093/jac/dkab024,4
DOI:10.1016/s1473-3099(18)30225-1,DOI:10.1177/0956462419886775,3
DOI:10.1016/s1473-3099(18)30225-1,DOI:10.1186/s12864-020-6511-6,4
DOI:10.1016/s1473-3099(18)30225-1,DOI:10.1186/s12879-017-2707-z,4
DOI:10.1016/s1473-3099(18)30225-1,"DEMCZUK W, 2017, J CLIN MICROBIOL, V55, P1454, DOI [10.1128/JCM.00100-17, 10.1128/JCM.00100-17]",3
DOI:10.1016/s1473-3099(18)30225-1,DOI:10.1016/s1473-3099(16)30157-8,3
DOI:10.1016/s1473-3099(18)30225-1,DOI:10.1016/s2666-5247(21)00171-3,3
DOI:10.1016/s1473-3099(18)30225-1,DOI:10.1056/nejmc1512757,5
DOI:10.1016/s1473-3099(18)30225-1,DOI:10.1093/jac/dkaa318,3
DOI:10.1016/s1473-3099(18)30225-1,DOI:10.1093/jac/dkw288,7
DOI:10.1016/s1473-3099(18)30225-1,DOI:10.1093/jac/dky162,3
DOI:10.1016/s1473-3099(18)30225-1,DOI:10.1128/aac.01479-19,3
DOI:10.1016/s1473-3099(18)30225-1,DOI:10.1128/cmr.00010-14,5
DOI:10.1016/s1473-3099(18)30225-1,DOI:10.1371/journal.pmed.1002344,8
DOI:10.1016/s1473-3099(18)30225-1,DOI:10.2807/1560-7917.es.2018.23.27.1800323,3
DOI:10.1016/s1473-3099(18)30225-1,DOI:10.2807/1560-7917.es.2019.24.8.1900118,4
DOI:10.1016/s1473-3099(18)30225-1,DOI:10.3201/eid2404.171873,4
DOI:10.1016/s1473-3099(18)30225-1,"SCANGARELLA-OMAN NE, 2018, ANTIMICROB AGENTS CH, V62, DOI [10.1128/AAC.01221-18, 10.1128/AAC.01221-18]",3
DOI:10.1016/s1473-3099(18)30225-1,"UNEMO M, 2019, NAT REV DIS PRIMERS, V5, DOI [10.1038/S41572-019-0128-6, 10.1038/S41572-019-0136-6]",4
DOI:10.1016/s1473-3099(18)30225-1,DOI:10.1080/14737159.2017.1360137,3
DOI:10.1016/s1473-3099(18)30225-1,DOI:10.2471/blt.18.228486,3
DOI:10.1016/s1473-3099(18)30225-1,"WORLD HEALTH ORGANIZATION (WHO), 2012, GLOBAL ACTION PLAN TO CONTROL THE SPREAD AND IMPACT OF ANTIMICROBIAL RESISTANCE IN NEISSERIA GONORRHOEAE",3
DOI:10.1016/s1473-3099(18)30225-1,DOI:10.1128/aac.00906-20,3
DOI:10.1016/s1473-3099(18)30225-1,DOI:10.1186/s12879-015-1029-2,3
DOI:10.1016/s1473-3099(18)30225-1,"WORKNEH MEKLIT, 2020, JMIR PUBLIC HEALTH SURVEILL, V6, PE17009, DOI [10.2196/17009, 10.2196/17009]",3
DOI:10.1016/s2666-5247(22)00044-1,DOI:10.1093/jac/dkab024,3
DOI:10.1016/s2666-5247(22)00044-1,DOI:10.1186/s12864-020-6511-6,4
DOI:10.1016/s2666-5247(22)00044-1,DOI:10.1128/aac.00906-20,3
DOI:10.1016/s2666-5247(22)00044-1,DOI:10.1128/cmr.00010-14,3
DOI:10.1016/s2666-5247(22)00044-1,DOI:10.1371/journal.pmed.1002344,3
DOI:10.1016/s2666-5247(22)00044-1,"WORKNEH MEKLIT, 2020, JMIR PUBLIC HEALTH SURVEILL, V6, PE17009, DOI [10.2196/17009, 10.2196/17009]",3
DOI:10.1038/s41467-021-24448-3,DOI:10.1186/s13073-019-0706-y,3
DOI:10.1038/s41467-021-24448-3,"DAVIS SL, 2020, INVEST NEW DRUG, V38, P821, DOI [10.1007/S10637-019-00824-1, 10.1038/S41564-019-0492-8]",3
DOI:10.1038/s41467-021-24448-3,DOI:10.1093/cid/ciac726,3
DOI:10.1038/s41467-021-24448-3,DOI:10.1128/spectrum.01242-22,3
DOI:10.1038/s41564-019-0501-y,DOI:10.1093/jac/dkab024,3
DOI:10.1038/s41564-019-0501-y,DOI:10.1186/s12864-020-6511-6,3
DOI:10.1038/s41564-019-0501-y,DOI:10.15585/mmwr.mm6950a6,3
DOI:10.1038/s41564-019-0501-y,"DEMCZUK W, 2017, J CLIN MICROBIOL, V55, P1454, DOI [10.1128/JCM.00100-17, 10.1128/JCM.00100-17]",4
DOI:10.1038/s41564-019-0501-y,DOI:10.1016/s1473-3099(16)30157-8,3
DOI:10.1038/s41564-019-0501-y,DOI:10.1093/jac/dkaa318,3
DOI:10.1038/s41564-019-0501-y,DOI:10.1093/jac/dkw288,3
DOI:10.1038/s41564-019-0501-y,DOI:10.1128/cmr.00010-14,4
DOI:10.1038/s41564-019-0501-y,DOI:10.1128/mbio.01419-18,3
DOI:10.1038/s41564-019-0501-y,DOI:10.1128/mbio.02281-18,4
DOI:10.1038/s41564-019-0501-y,DOI:10.2807/1560-7917.es.2018.23.27.1800323,3
DOI:10.1038/s41564-019-0501-y,DOI:10.2807/1560-7917.es.2019.24.8.1900118,3
DOI:10.1038/s41564-019-0501-y,DOI:10.2471/blt.18.228486,3
DOI:10.1093/jac/dkab024,DOI:10.1186/s12864-020-6511-6,4
DOI:10.1093/jac/dkab024,"DEMCZUK W, 2017, J CLIN MICROBIOL, V55, P1454, DOI [10.1128/JCM.00100-17, 10.1128/JCM.00100-17]",3
DOI:10.1093/jac/dkab024,DOI:10.1056/nejmc1512757,3
DOI:10.1093/jac/dkab024,DOI:10.1093/jac/dky162,3
DOI:10.1093/jac/dkab024,DOI:10.1128/cmr.00010-14,3
DOI:10.1093/jac/dkab024,DOI:10.1371/journal.pmed.1002344,3
DOI:10.1093/jac/dkab024,DOI:10.2807/1560-7917.es.2019.24.8.1900118,3
DOI:10.1093/jac/dkab024,"SCANGARELLA-OMAN NE, 2018, ANTIMICROB AGENTS CH, V62, DOI [10.1128/AAC.01221-18, 10.1128/AAC.01221-18]",3
DOI:10.1177/0956462419886775,DOI:10.1177/0956462420949126,3
DOI:10.1177/0956462419886775,"UNEMO M, 2019, NAT REV DIS PRIMERS, V5, DOI [10.1038/S41572-019-0128-6, 10.1038/S41572-019-0136-6]",3
DOI:10.1177/0956462419886775,DOI:10.1016/s2666-5247(21)00171-3,3
DOI:10.1177/0956462419886775,DOI:10.1128/cmr.00010-14,3
DOI:10.1177/0956462419886775,DOI:10.1371/journal.pmed.1002344,3
DOI:10.1186/s12864-020-6511-6,"DEMCZUK W, 2017, J CLIN MICROBIOL, V55, P1454, DOI [10.1128/JCM.00100-17, 10.1128/JCM.00100-17]",3
DOI:10.1186/s12864-020-6511-6,DOI:10.1016/s1473-3099(16)30157-8,3
DOI:10.1186/s12864-020-6511-6,DOI:10.1016/s2666-5247(21)00171-3,3
DOI:10.1186/s12864-020-6511-6,DOI:10.1056/nejmc1512757,4
DOI:10.1186/s12864-020-6511-6,DOI:10.1093/jac/dkw288,3
DOI:10.1186/s12864-020-6511-6,DOI:10.1093/jac/dky162,3
DOI:10.1186/s12864-020-6511-6,DOI:10.1128/cmr.00010-14,4
DOI:10.1186/s12864-020-6511-6,DOI:10.1371/journal.pmed.1002344,4
DOI:10.1186/s12864-020-6511-6,DOI:10.2807/1560-7917.es.2018.23.27.1800323,3
DOI:10.1186/s12864-020-6511-6,DOI:10.2807/1560-7917.es.2019.24.8.1900118,4
DOI:10.1186/s12864-020-6511-6,"SCANGARELLA-OMAN NE, 2018, ANTIMICROB AGENTS CH, V62, DOI [10.1128/AAC.01221-18, 10.1128/AAC.01221-18]",3
DOI:10.1186/s12879-017-2707-z,DOI:10.1128/cmr.00010-14,3
DOI:10.1186/s12879-017-2707-z,DOI:10.1371/journal.pmed.1002344,4
DOI:10.1186/s12879-017-2707-z,"KIRKCALDY RD, 2016, MMWR SURVEILL SUMM, V65, P1, DOI [10.15585/MMWR.SS6507A1, 10.15585/MMWR.SS6507A1]",3
DOI:10.1371/journal.pone.0258262,DOI:10.1128/jcm.00081-16,3
DOI:10.15585/mmwr.mm6950a6,DOI:10.1128/cmr.00010-14,3
DOI:10.15585/mmwr.mm6950a6,DOI:10.2471/blt.18.228486,3
DOI:10.3389/fmicb.2018.00592,DOI:10.1128/jcm.01260-18,3
DOI:10.3389/fmicb.2018.00592,DOI:10.1093/cid/cix417,3
DOI:10.5772/intechopen.79371,DOI:10.1186/s12917-021-02938-2,3
DOI:10.1056/nejm198208193070802,DOI:10.1093/jac/dkg028,3
DOI:10.1371/journal.pmed.1002344,"DEMCZUK W, 2017, J CLIN MICROBIOL, V55, P1454, DOI [10.1128/JCM.00100-17, 10.1128/JCM.00100-17]",3
DOI:10.1371/journal.pmed.1002344,DOI:10.1016/s1473-3099(16)30157-8,4
DOI:10.1371/journal.pmed.1002344,DOI:10.1016/s2666-5247(21)00171-3,6
DOI:10.1371/journal.pmed.1002344,DOI:10.1056/nejmc1512757,6
DOI:10.1371/journal.pmed.1002344,DOI:10.1093/jac/dkaa318,3
DOI:10.1371/journal.pmed.1002344,DOI:10.1093/jac/dkw288,9
DOI:10.1371/journal.pmed.1002344,DOI:10.1093/jac/dky162,3
DOI:10.1371/journal.pmed.1002344,DOI:10.1128/aac.00504-16,3
DOI:10.1371/journal.pmed.1002344,DOI:10.1128/aac.01479-19,3
DOI:10.1371/journal.pmed.1002344,DOI:10.1128/cmr.00010-14,9
DOI:10.1371/journal.pmed.1002344,DOI:10.1371/journal.pone.0206419,3
DOI:10.1371/journal.pmed.1002344,DOI:10.2807/1560-7917.es.2018.23.27.1800323,6
DOI:10.1371/journal.pmed.1002344,DOI:10.2807/1560-7917.es.2019.24.8.1900118,7
DOI:10.1371/journal.pmed.1002344,DOI:10.3201/eid2404.171873,5
DOI:10.1371/journal.pmed.1002344,"SCANGARELLA-OMAN NE, 2018, ANTIMICROB AGENTS CH, V62, DOI [10.1128/AAC.01221-18, 10.1128/AAC.01221-18]",3
DOI:10.1371/journal.pmed.1002344,"UNEMO M, 2019, NAT REV DIS PRIMERS, V5, DOI [10.1038/S41572-019-0128-6, 10.1038/S41572-019-0136-6]",6
DOI:10.1371/journal.pmed.1002344,DOI:10.1080/14737159.2017.1360137,4
DOI:10.1371/journal.pmed.1002344,DOI:10.2471/blt.18.228486,4
DOI:10.1371/journal.pmed.1002344,"UNEMO M, 2017, LANCET INFECT DIS, V17, PE235, DOI [10.1016/S1473-3099(17)30310-9, 10.1016/S1473-3099(17)30310-9]",3
DOI:10.1371/journal.pmed.1002344,"WORLD HEALTH ORGANIZATION (WHO), 2012, GLOBAL ACTION PLAN TO CONTROL THE SPREAD AND IMPACT OF ANTIMICROBIAL RESISTANCE IN NEISSERIA GONORRHOEAE",5
DOI:10.1371/journal.pmed.1002344,DOI:10.1128/aac.00906-20,3
DOI:10.1371/journal.pmed.1002344,DOI:10.1136/sextrans-2013-051166,3
DOI:10.1371/journal.pmed.1002344,DOI:10.1186/s12879-015-1029-2,3
DOI:10.1371/journal.pmed.1002344,"KIRKCALDY RD, 2016, MMWR SURVEILL SUMM, V65, P1, DOI [10.15585/MMWR.SS6507A1, 10.15585/MMWR.SS6507A1]",3
DOI:10.1371/journal.pmed.1002344,"WORKNEH MEKLIT, 2020, JMIR PUBLIC HEALTH SURVEILL, V6, PE17009, DOI [10.2196/17009, 10.2196/17009]",3
DOI:10.1371/journal.pmed.1002344,DOI:10.1093/jac/dkw279,3
DOI:10.1371/journal.pmed.1002344,DOI:10.1371/journal.pone.0143304,3
DOI:10.1371/journal.pmed.1002344,"WORKOWSKI KA, 2015, MMWR RECOMM REP, V64, P1",3
DOI:10.1016/j.jinf.2020.10.040,DOI:10.1016/j.jinf.2024.106249,3
DOI:10.1016/j.jinf.2020.10.040,DOI:10.1093/jacamr/dlad088,3
DOI:10.1016/j.jinf.2024.106249,DOI:10.1093/jacamr/dlad088,3
DOI:10.3390/antibiotics12081313,DOI:10.1093/jac/dkac342,4
DOI:10.25011/cim.v30i4.1777,DOI:10.1017/s0950268809990100,5
DOI:10.1038/nrmicro3217,DOI:10.1056/nejmc1512757,3
DOI:10.1038/nrmicro3217,DOI:10.1128/cmr.00010-14,3
DOI:10.1038/nrmicro3217,DOI:10.1371/journal.pone.0143304,4
DOI:10.1038/nrmicro3217,"WORKOWSKI KA, 2015, MMWR RECOMM REP, V64, P1",3
DOI:10.1038/nrmicro3217,"WORLD HEALTH ORGANIZATION (WHO), 2012, GLOBAL ACTION PLAN TO CONTROL THE SPREAD AND IMPACT OF ANTIMICROBIAL RESISTANCE IN NEISSERIA GONORRHOEAE",5
DOI:10.1056/nejmc1512757,DOI:10.1128/aac.00504-16,3
DOI:10.1056/nejmc1512757,DOI:10.3201/eid2404.171873,4
DOI:10.1056/nejmc1512757,"UNEMO M, 2019, NAT REV DIS PRIMERS, V5, DOI [10.1038/S41572-019-0128-6, 10.1038/S41572-019-0136-6]",3
DOI:10.1056/nejmc1512757,"DEMCZUK W, 2017, J CLIN MICROBIOL, V55, P1454, DOI [10.1128/JCM.00100-17, 10.1128/JCM.00100-17]",4
DOI:10.1056/nejmc1512757,DOI:10.1016/s1473-3099(16)30157-8,4
DOI:10.1056/nejmc1512757,DOI:10.1016/s2666-5247(21)00171-3,3
DOI:10.1056/nejmc1512757,DOI:10.1093/jac/dkw288,6
DOI:10.1056/nejmc1512757,DOI:10.1093/jac/dky162,3
DOI:10.1056/nejmc1512757,DOI:10.1128/cmr.00010-14,7
DOI:10.1056/nejmc1512757,DOI:10.2807/1560-7917.es.2018.23.27.1800323,4
DOI:10.1056/nejmc1512757,DOI:10.2807/1560-7917.es.2019.24.8.1900118,4
DOI:10.1056/nejmc1512757,"SCANGARELLA-OMAN NE, 2018, ANTIMICROB AGENTS CH, V62, DOI [10.1128/AAC.01221-18, 10.1128/AAC.01221-18]",3
DOI:10.1056/nejmc1512757,DOI:10.1186/s12879-015-1029-2,3
DOI:10.1056/nejmc1512757,"WORLD HEALTH ORGANIZATION (WHO), 2012, GLOBAL ACTION PLAN TO CONTROL THE SPREAD AND IMPACT OF ANTIMICROBIAL RESISTANCE IN NEISSERIA GONORRHOEAE",3
DOI:10.1017/s0950268809990100,DOI:10.1093/jac/49.1.201,3
DOI:10.3390/antibiotics11121824,DOI:10.3390/life11060528,3
DOI:10.3390/life11060528,DOI:10.1093/jacamr/dlac126,3
DOI:10.3390/life11060528,DOI:10.1371/journal.pgph.0001414,3
DOI:10.3390/life11060528,DOI:10.3390/microorganisms10081684,3
DOI:10.1007/s10916-024-02089-5,DOI:10.3390/antibiotics14020134,3
DOI:10.1080/21553769.2015.1051243,DOI:10.1007/s44197-023-00160-x,3
DOI:10.1080/21553769.2015.1051243,DOI:10.3390/ani13233666,3
DOI:10.1128/cmr.00006-15,DOI:10.3389/fmicb.2011.00200,3
DOI:10.1128/cmr.00006-15,DOI:10.1186/s40001-020-00474-7,3
DOI:10.1128/cmr.00006-15,DOI:10.3389/fmicb.2018.01014,3
DOI:10.1128/cmr.00002-15,DOI:10.1038/ncomms12827,3
DOI:10.1128/cmr.00002-15,DOI:10.1038/ng.195,3
DOI:10.1128/cmr.00002-15,DOI:10.1038/ng.3281,3
DOI:10.1128/cmr.00002-15,DOI:10.1038/s41467-018-07370-z,3
DOI:10.1128/cmr.00002-15,DOI:10.1093/jac/dkx379,3
DOI:10.1128/cmr.00002-15,DOI:10.1371/journal.pntd.0006408,3
DOI:10.1128/cmr.00002-15,DOI:10.1086/649541,3
DOI:10.1093/jacamr/dlae061,DOI:10.3390/microorganisms11081951,3
DOI:10.1016/s2666-5247(21)00171-3,DOI:10.1093/jac/dkw288,5
DOI:10.1016/s2666-5247(21)00171-3,DOI:10.1371/journal.pone.0206419,3
DOI:10.1016/s2666-5247(21)00171-3,"DEMCZUK W, 2017, J CLIN MICROBIOL, V55, P1454, DOI [10.1128/JCM.00100-17, 10.1128/JCM.00100-17]",3
DOI:10.1016/s2666-5247(21)00171-3,DOI:10.1128/aac.00504-16,3
DOI:10.1016/s2666-5247(21)00171-3,DOI:10.1128/aac.01479-19,3
DOI:10.1016/s2666-5247(21)00171-3,DOI:10.1128/cmr.00010-14,8
DOI:10.1016/s2666-5247(21)00171-3,DOI:10.1177/0956462420949126,3
DOI:10.1016/s2666-5247(21)00171-3,DOI:10.2807/1560-7917.es.2017.22.42.17-00659,3
DOI:10.1016/s2666-5247(21)00171-3,DOI:10.2807/1560-7917.es.2018.23.27.1800323,7
DOI:10.1016/s2666-5247(21)00171-3,DOI:10.2807/1560-7917.es.2018.23.47.1800617,3
DOI:10.1016/s2666-5247(21)00171-3,DOI:10.2807/1560-7917.es.2019.24.8.1900118,4
DOI:10.1016/s2666-5247(21)00171-3,"UNEMO M, 2019, NAT REV DIS PRIMERS, V5, DOI [10.1038/S41572-019-0128-6, 10.1038/S41572-019-0136-6]",4
DOI:10.1016/s2666-5247(21)00171-3,"WORKNEH MEKLIT, 2020, JMIR PUBLIC HEALTH SURVEILL, V6, PE17009, DOI [10.2196/17009, 10.2196/17009]",3
DOI:10.1016/s2666-5247(21)00171-3,DOI:10.2471/blt.18.228486,3
DOI:10.1093/jac/dkw288,DOI:10.1371/journal.pone.0206419,3
DOI:10.1093/jac/dkw288,"DEMCZUK W, 2017, J CLIN MICROBIOL, V55, P1454, DOI [10.1128/JCM.00100-17, 10.1128/JCM.00100-17]",4
DOI:10.1093/jac/dkw288,DOI:10.1016/s1473-3099(16)30157-8,6
DOI:10.1093/jac/dkw288,DOI:10.1093/jac/dkaa318,3
DOI:10.1093/jac/dkw288,DOI:10.1128/aac.00504-16,3
DOI:10.1093/jac/dkw288,DOI:10.1128/aac.01479-19,3
DOI:10.1093/jac/dkw288,DOI:10.1128/cmr.00010-14,6
DOI:10.1093/jac/dkw288,DOI:10.2807/1560-7917.es.2018.23.27.1800323,4
DOI:10.1093/jac/dkw288,DOI:10.2807/1560-7917.es.2019.24.8.1900118,5
DOI:10.1093/jac/dkw288,DOI:10.3201/eid2404.171873,4
DOI:10.1093/jac/dkw288,"UNEMO M, 2019, NAT REV DIS PRIMERS, V5, DOI [10.1038/S41572-019-0128-6, 10.1038/S41572-019-0136-6]",4
DOI:10.1093/jac/dkw288,DOI:10.1080/14737159.2017.1360137,4
DOI:10.1093/jac/dkw288,DOI:10.1128/jcm.03195-15,3
DOI:10.1093/jac/dkw288,DOI:10.2471/blt.18.228486,4
DOI:10.1093/jac/dkw288,"WORLD HEALTH ORGANIZATION (WHO), 2012, GLOBAL ACTION PLAN TO CONTROL THE SPREAD AND IMPACT OF ANTIMICROBIAL RESISTANCE IN NEISSERIA GONORRHOEAE",5
DOI:10.1093/jac/dkw288,DOI:10.1093/jac/dkw279,4
DOI:10.1093/jac/dkw288,DOI:10.1186/s12879-015-1029-2,3
DOI:10.1093/jac/dkw288,"WORKOWSKI KA, 2015, MMWR RECOMM REP, V64, P1",3
DOI:10.1093/jac/dkw288,DOI:10.1093/infdis/jiw420,3
DOI:10.1371/journal.pone.0206419,DOI:10.1128/cmr.00010-14,3
DOI:10.1371/journal.pone.0206419,DOI:10.2807/1560-7917.es.2019.24.8.1900118,3
DOI:10.1371/journal.pone.0206419,DOI:10.3201/eid2404.171873,3
DOI:10.1371/journal.pone.0206419,"UNEMO M, 2019, NAT REV DIS PRIMERS, V5, DOI [10.1038/S41572-019-0128-6, 10.1038/S41572-019-0136-6]",3
DOI:10.3390/ph6111335,DOI:10.1016/j.diagmicrobio.2015.03.025,3
DOI:10.3390/ph6111335,DOI:10.1179/1973947814y.0000000164,4
DOI:10.1093/jac/dks496,DOI:10.1128/jcm.03117-13,5
DOI:10.1093/jac/dks496,DOI:10.1093/jac/dkt180,5
DOI:10.1093/jac/dks496,DOI:10.1016/j.cmi.2017.11.001,3
DOI:10.1093/jac/dks496,DOI:10.1186/s40246-015-0037-z,3
DOI:10.1128/jcm.03117-13,DOI:10.1093/jac/dkt180,3
"ISON CA, 2011, EURO SURVEILL, V16","[ANONYMOUS], EURO SURVEILL",5
"[ANONYMOUS], EURO SURVEILL",DOI:10.1001/jama.2012.176575,3
"[ANONYMOUS], EURO SURVEILL",DOI:10.1007/s10156-002-0204-8,3
"[ANONYMOUS], EURO SURVEILL",DOI:10.1093/jac/dkp098,4
"[ANONYMOUS], EURO SURVEILL",DOI:10.1093/jac/dkt034,3
"[ANONYMOUS], EURO SURVEILL",DOI:10.1136/sextrans-2012-050674,3
"[ANONYMOUS], EURO SURVEILL","UNEMO M, 2011, EUROSURVEILLANCE, V16, P9",3
DOI:10.1093/cid/ciaa530,DOI:10.2807/1560-7917.es.2020.25.45.2001886,3
DOI:10.1093/cid/ciaa530,DOI:10.1016/j.cmi.2020.12.018,3
DOI:10.1093/jac/dkm310,DOI:10.1128/aac.01464-06,3
DOI:10.3201/eid2402.171756,"UNEMO M, 2019, NAT REV DIS PRIMERS, V5, DOI [10.1038/S41572-019-0128-6, 10.1038/S41572-019-0136-6]",3
"KIRKCALDY RD, 2016, MMWR SURVEILL SUMM, V65, P1, DOI [10.15585/MMWR.SS6507A1, 10.15585/MMWR.SS6507A1]",DOI:10.1128/cmr.00010-14,3
"KIRKCALDY RD, 2016, MMWR SURVEILL SUMM, V65, P1, DOI [10.15585/MMWR.SS6507A1, 10.15585/MMWR.SS6507A1]",DOI:10.3201/eid2201.151247,3
"KIRKCALDY RD, 2016, MMWR SURVEILL SUMM, V65, P1, DOI [10.15585/MMWR.SS6507A1, 10.15585/MMWR.SS6507A1]","WORLD HEALTH ORGANIZATION (WHO), 2012, GLOBAL ACTION PLAN TO CONTROL THE SPREAD AND IMPACT OF ANTIMICROBIAL RESISTANCE IN NEISSERIA GONORRHOEAE",3
DOI:10.1128/aem.00337-16,DOI:10.1017/s0950268815000102,3
DOI:10.1186/s40249-018-0459-7,"KIM DH., 1994, SYSTEMS THINKING TOO",3
DOI:10.1016/j.ijfoodmicro.2017.12.015,DOI:10.1093/jac/dkv053,3
DOI:10.1016/j.ijfoodmicro.2017.12.015,DOI:10.1111/tmi.13054,3
DOI:10.1007/s44197-023-00160-x,DOI:10.3390/ani13233666,3
DOI:10.1038/s41598-018-23962-7,DOI:10.3389/fmicb.2017.02120,3
DOI:10.1128/cmr.00058-07,"AYOBAMI OLANIYI, 2019, EMERG MICROBES INFECT, V8, P1747, DOI [10.1080/22221751.2019.1698273, 10.1080/22221751.2019.1698273]",3
DOI:10.1128/cmr.00058-07,DOI:10.4161/viru.19700,3
DOI:10.1128/cmr.00058-07,DOI:10.1038/nrmicro1789,6
DOI:10.1128/cmr.00058-07,DOI:10.1128/aac.01464-06,3
DOI:10.1128/cmr.00058-07,DOI:10.1186/s13756-020-0678-0,3
DOI:10.1128/cmr.00058-07,DOI:10.1093/jac/dkr239,3
DOI:10.1038/s41579-024-01023-3,DOI:10.1093/jacamr/dlae053,3
DOI:10.1038/s41579-024-01023-3,DOI:10.2807/1560-7917.es.2018.23.27.1800323,3
DOI:10.1038/s41579-024-01023-3,DOI:10.1016/s2666-5247(23)00370-1,3
DOI:10.1128/jcm.02981-13,"COOMBS GW, 2014, COMMUN DIS INTELL, V38, PE309, DOI [10.33321/CDI.2014.38.51, 10.33321/CDI.2014.38.51]",3
DOI:10.1128/jcm.02981-13,"COOMBS GW, 2016, COMMUN DIS INTELL, V40, PE244, DOI [10.33321/CDI.2016.40.20, 10.33321/CDI.2016.40.20]",3
DOI:10.1128/jcm.02981-13,"COOMBS GW, 2020, COMMUN DIS INTELL, V44, DOI [10.33321/CDI.2020.44.19, 10.33321/CDI.2020.44.71]",3
DOI:10.1128/jcm.02981-13,DOI:10.1007/s10096-010-0995-y,3
DOI:10.1128/jcm.02981-13,DOI:10.1016/j.ajic.2012.12.018,3
DOI:10.1128/jcm.02981-13,DOI:10.1016/s1473-3099(10)70285-1,3
DOI:10.1128/jcm.02981-13,DOI:10.1086/605921,3
DOI:10.1128/jcm.02981-13,DOI:10.1093/jac/dki266,3
DOI:10.1128/jcm.02981-13,DOI:10.1111/1469-0691.12144,3
DOI:10.1128/jcm.02981-13,DOI:10.1128/aac.00579-09,3
DOI:10.1128/jcm.02981-13,DOI:10.1128/cmr.05022-11,3
DOI:10.1128/jcm.02981-13,DOI:10.1128/jcm.02452-13,4
DOI:10.1128/jcm.02981-13,DOI:10.1136/bmjopen-2011-000797,3
DOI:10.1128/jcm.02981-13,DOI:10.3201/eid1104.040772,3
DOI:10.1128/jcm.02981-13,DOI:10.33321/cdi.2019.43.43,3
DOI:10.1128/jcm.02981-13,DOI:10.33321/cdi.2020.44.18,3
DOI:10.1128/jcm.02981-13,DOI:10.5694/j.1326-5377.2008.tb01820.x,3
DOI:10.1128/jcm.02981-13,DOI:10.5694/j.1326-5377.2009.tb02841.x,3
DOI:10.1128/jcm.02981-13,"NIMMO GRAEME R, 2003, COMMUN DIS INTELL Q REP, V27 SUPPL, PS47, DOI [10.33321/CDI.2003.27.21, 10.33321/CDI.2003.27.21]",3
DOI:10.1128/jcm.02981-13,"O'BRIEN FG, 1999, J CLIN MICROBIOL, V37, P2858",3
DOI:10.1128/jcm.02981-13,"SEEMANN T, NULLARBOR",3
DOI:10.1016/s0140-6736(11)61752-2,DOI:10.1016/s1473-3099(19)30418-9,3
DOI:10.1038/ncomms12827,DOI:10.1038/ng.195,3
DOI:10.1038/ncomms12827,DOI:10.1038/ng.3281,4
DOI:10.1038/ncomms12827,DOI:10.1038/s41467-018-07370-z,4
DOI:10.1038/ncomms12827,DOI:10.1093/jac/dkx379,3
DOI:10.1038/ncomms12827,DOI:10.1371/journal.pntd.0006408,3
DOI:10.1038/ncomms12827,DOI:10.1038/35101607,3
DOI:10.1038/ncomms12827,DOI:10.7554/elife.14003,3
DOI:10.1038/ng.195,DOI:10.1038/ng.3281,3
DOI:10.1038/ng.195,DOI:10.1038/s41467-018-07370-z,3
DOI:10.1038/ng.195,DOI:10.1093/jac/dkx379,3
DOI:10.1038/ng.195,DOI:10.1371/journal.pntd.0006408,3
DOI:10.1038/ng.3281,DOI:10.1038/s41467-018-07370-z,4
DOI:10.1038/ng.3281,DOI:10.1093/jac/dkx379,3
DOI:10.1038/ng.3281,DOI:10.1371/journal.pntd.0006408,3
DOI:10.1038/ng.3281,DOI:10.7717/peerj.1752,3
DOI:10.1038/ng.3281,DOI:10.7554/elife.14003,3
DOI:10.1038/s41467-018-07370-z,DOI:10.1093/jac/dkx379,3
DOI:10.1038/s41467-018-07370-z,DOI:10.1371/journal.pntd.0006408,3
DOI:10.1093/jac/dkx379,DOI:10.1128/jcm.01260-18,3
DOI:10.1093/jac/dkx379,DOI:10.1371/journal.pntd.0006408,3
DOI:10.1099/mgen.0.000365,DOI:10.1111/1462-2920.12351,3
DOI:10.1101/gr.241455.118,"PRJIBELSKI ANDREY, 2020, CURR PROTOC BIOINFORMATICS, V70, PE102, DOI [10.1002/CPBI.102, 10.1002/CPBI.102]",3
DOI:10.1128/jcm.01260-18,DOI:10.1093/cid/cix417,3
DOI:10.1371/journal.pntd.0006408,DOI:10.1371/journal.pntd.0007868,3
DOI:10.3389/fmicb.2022.835403,"KARIUKI S, 2021, ELIFE, V10, DOI [10.7554/ELIFE.67852, 10.7554/ELIFE.67852.SA1, 10.7554/ELIFE.67852.SA2]",3
"GEIGER A, 2012, PROC CVPR IEEE, P3354, DOI [10.1093/BIOINFORMATICS/BTT086, 10.1109/CVPR.2012.6248074]","PRJIBELSKI ANDREY, 2020, CURR PROTOC BIOINFORMATICS, V70, PE102, DOI [10.1002/CPBI.102, 10.1002/CPBI.102]",3
DOI:10.2807/1560-7917.es.2020.25.45.2001886,DOI:10.1016/j.cmi.2020.12.018,3
"DANCHAIVIJITR SOMWANG, 2007, JOURNAL OF THE MEDICAL ASSOCIATION OF THAILAND, V90, P1524","RONGRUNGRUANG YONG, 2013, JOURNAL OF THE MEDICAL ASSOCIATION OF THAILAND, V96, PS117",3
DOI:10.1093/jacamr/dlae053,DOI:10.1128/aac.00504-16,3
DOI:10.1093/jacamr/dlae053,DOI:10.2807/1560-7917.es.2018.23.27.1800323,3
DOI:10.1128/aac.00504-16,DOI:10.1177/0956462420949126,3
DOI:10.1128/aac.00504-16,DOI:10.3201/eid2404.171873,3
DOI:10.1128/aac.00504-16,"UNEMO M, 2019, NAT REV DIS PRIMERS, V5, DOI [10.1038/S41572-019-0128-6, 10.1038/S41572-019-0136-6]",3
DOI:10.1128/aac.00504-16,DOI:10.1093/infdis/jis277,3
DOI:10.1128/aac.00504-16,DOI:10.1128/cmr.00010-14,3
DOI:10.1128/aac.00504-16,DOI:10.2807/1560-7917.es.2018.23.27.1800323,4
DOI:10.1128/aac.00504-16,DOI:10.2807/1560-7917.es.2019.24.8.1900118,3
DOI:10.1128/aac.00504-16,DOI:10.1016/s1473-3099(16)30157-8,3
DOI:10.1128/aac.00504-16,DOI:10.2807/1560-7917.es.2017.22.42.17-00659,3
DOI:10.1128/aac.00504-16,DOI:10.2807/1560-7917.es.2018.23.47.1800617,3
DOI:10.1177/0956462420949126,"UNEMO M, 2019, NAT REV DIS PRIMERS, V5, DOI [10.1038/S41572-019-0128-6, 10.1038/S41572-019-0136-6]",3
DOI:10.3201/eid2404.171873,"UNEMO M, 2019, NAT REV DIS PRIMERS, V5, DOI [10.1038/S41572-019-0128-6, 10.1038/S41572-019-0136-6]",5
DOI:10.3201/eid2404.171873,DOI:10.1093/jac/dkaa318,3
DOI:10.3201/eid2404.171873,DOI:10.1128/cmr.00010-14,4
DOI:10.3201/eid2404.171873,DOI:10.2807/1560-7917.es.2018.23.27.1800323,3
DOI:10.3201/eid2404.171873,DOI:10.2807/1560-7917.es.2019.24.8.1900118,4
DOI:10.3201/eid2404.171873,"WORLD HEALTH ORGANIZATION (WHO), 2012, GLOBAL ACTION PLAN TO CONTROL THE SPREAD AND IMPACT OF ANTIMICROBIAL RESISTANCE IN NEISSERIA GONORRHOEAE",3
"TAYLOR SN, 2018, NEW ENGL J MED, V379, P1835, DOI [10.1056/NEJMOA1706988, 10.1056/NEJMOA1706988]","UNEMO M, 2019, NAT REV DIS PRIMERS, V5, DOI [10.1038/S41572-019-0128-6, 10.1038/S41572-019-0136-6]",3
"UNEMO M, 2019, NAT REV DIS PRIMERS, V5, DOI [10.1038/S41572-019-0128-6, 10.1038/S41572-019-0136-6]",DOI:10.1093/jac/dkaa318,3
"UNEMO M, 2019, NAT REV DIS PRIMERS, V5, DOI [10.1038/S41572-019-0128-6, 10.1038/S41572-019-0136-6]",DOI:10.1128/aac.01479-19,3
"UNEMO M, 2019, NAT REV DIS PRIMERS, V5, DOI [10.1038/S41572-019-0128-6, 10.1038/S41572-019-0136-6]",DOI:10.1128/cmr.00010-14,5
"UNEMO M, 2019, NAT REV DIS PRIMERS, V5, DOI [10.1038/S41572-019-0128-6, 10.1038/S41572-019-0136-6]",DOI:10.2807/1560-7917.es.2018.23.27.1800323,3
"UNEMO M, 2019, NAT REV DIS PRIMERS, V5, DOI [10.1038/S41572-019-0128-6, 10.1038/S41572-019-0136-6]",DOI:10.2807/1560-7917.es.2019.24.8.1900118,5
"UNEMO M, 2019, NAT REV DIS PRIMERS, V5, DOI [10.1038/S41572-019-0128-6, 10.1038/S41572-019-0136-6]",DOI:10.2471/blt.18.228486,3
"UNEMO M, 2019, NAT REV DIS PRIMERS, V5, DOI [10.1038/S41572-019-0128-6, 10.1038/S41572-019-0136-6]","WORLD HEALTH ORGANIZATION (WHO), 2012, GLOBAL ACTION PLAN TO CONTROL THE SPREAD AND IMPACT OF ANTIMICROBIAL RESISTANCE IN NEISSERIA GONORRHOEAE",4
DOI:10.3390/antibiotics12040657,DOI:10.1093/jacamr/dlac126,3
DOI:10.3390/antibiotics12040657,DOI:10.3389/fpubh.2022.998860,3
DOI:10.3390/antibiotics12040657,DOI:10.3390/antibiotics11030383,3
DOI:10.3390/antibiotics12040657,DOI:10.3390/antibiotics11091210,3
DOI:10.3390/antibiotics12040657,DOI:10.4236/ojas.2023.131005,3
DOI:10.3390/antibiotics12040657,DOI:10.5430/jer.v6n1p35],3
DOI:10.1038/s41598-021-00617-8,DOI:10.1186/s12917-021-02938-2,3
DOI:10.1128/jcm.00008-15,DOI:10.1371/journal.pone.0104984,3
DOI:10.1093/jacamr/dlad060,DOI:10.3390/antibiotics11030383,3
DOI:10.1093/jacamr/dlad060,DOI:10.1093/jacamr/dlac126,3
DOI:10.3390/antibiotics11030383,"MUDENDA STEWARD, 2022, PHARMACOLOGY AND PHARMACY, V13, P379, DOI [10.4236/PP.2022.1310029, 10.4236/PP.2022.1310029]",3
DOI:10.3390/antibiotics11030383,DOI:10.1093/jacamr/dlac126,3
DOI:10.3390/antibiotics11030383,DOI:10.1186/s12917-021-03056-9,3
DOI:10.3390/antibiotics11030383,DOI:10.3389/fpubh.2022.998860,3
DOI:10.3390/antibiotics11030383,DOI:10.3390/antibiotics11091210,4
DOI:10.3390/antibiotics11030383,DOI:10.4236/ojas.2023.131005,3
DOI:10.3390/antibiotics11030383,DOI:10.5430/jer.v6n1p13,3
DOI:10.3390/antibiotics11030383,DOI:10.5430/jer.v6n1p35],4
DOI:10.1128/jcm.02040-08,"TAMANG M D, 2005, KATHMANDU UNIV MED J (KUMJ), V3, P138",3
"COOMBS GW, 2014, COMMUN DIS INTELL, V38, PE309, DOI [10.33321/CDI.2014.38.51, 10.33321/CDI.2014.38.51]","COOMBS GW, 2016, COMMUN DIS INTELL, V40, PE244, DOI [10.33321/CDI.2016.40.20, 10.33321/CDI.2016.40.20]",3
"COOMBS GW, 2014, COMMUN DIS INTELL, V38, PE309, DOI [10.33321/CDI.2014.38.51, 10.33321/CDI.2014.38.51]","COOMBS GW, 2020, COMMUN DIS INTELL, V44, DOI [10.33321/CDI.2020.44.19, 10.33321/CDI.2020.44.71]",3
"COOMBS GW, 2014, COMMUN DIS INTELL, V38, PE309, DOI [10.33321/CDI.2014.38.51, 10.33321/CDI.2014.38.51]",DOI:10.1007/s10096-010-0995-y,3
"COOMBS GW, 2014, COMMUN DIS INTELL, V38, PE309, DOI [10.33321/CDI.2014.38.51, 10.33321/CDI.2014.38.51]",DOI:10.1016/j.ajic.2012.12.018,3
"COOMBS GW, 2014, COMMUN DIS INTELL, V38, PE309, DOI [10.33321/CDI.2014.38.51, 10.33321/CDI.2014.38.51]",DOI:10.1016/s1473-3099(10)70285-1,3
"COOMBS GW, 2014, COMMUN DIS INTELL, V38, PE309, DOI [10.33321/CDI.2014.38.51, 10.33321/CDI.2014.38.51]",DOI:10.1086/605921,3
"COOMBS GW, 2014, COMMUN DIS INTELL, V38, PE309, DOI [10.33321/CDI.2014.38.51, 10.33321/CDI.2014.38.51]",DOI:10.1093/jac/dki266,3
"COOMBS GW, 2014, COMMUN DIS INTELL, V38, PE309, DOI [10.33321/CDI.2014.38.51, 10.33321/CDI.2014.38.51]",DOI:10.1111/1469-0691.12144,3
"COOMBS GW, 2014, COMMUN DIS INTELL, V38, PE309, DOI [10.33321/CDI.2014.38.51, 10.33321/CDI.2014.38.51]",DOI:10.1128/aac.00579-09,3
"COOMBS GW, 2014, COMMUN DIS INTELL, V38, PE309, DOI [10.33321/CDI.2014.38.51, 10.33321/CDI.2014.38.51]",DOI:10.1128/cmr.05022-11,3
"COOMBS GW, 2014, COMMUN DIS INTELL, V38, PE309, DOI [10.33321/CDI.2014.38.51, 10.33321/CDI.2014.38.51]",DOI:10.1128/jcm.02452-13,3
"COOMBS GW, 2014, COMMUN DIS INTELL, V38, PE309, DOI [10.33321/CDI.2014.38.51, 10.33321/CDI.2014.38.51]",DOI:10.1136/bmjopen-2011-000797,3
"COOMBS GW, 2014, COMMUN DIS INTELL, V38, PE309, DOI [10.33321/CDI.2014.38.51, 10.33321/CDI.2014.38.51]",DOI:10.3201/eid1104.040772,3
"COOMBS GW, 2014, COMMUN DIS INTELL, V38, PE309, DOI [10.33321/CDI.2014.38.51, 10.33321/CDI.2014.38.51]",DOI:10.33321/cdi.2019.43.43,3
"COOMBS GW, 2014, COMMUN DIS INTELL, V38, PE309, DOI [10.33321/CDI.2014.38.51, 10.33321/CDI.2014.38.51]",DOI:10.33321/cdi.2020.44.18,3
"COOMBS GW, 2014, COMMUN DIS INTELL, V38, PE309, DOI [10.33321/CDI.2014.38.51, 10.33321/CDI.2014.38.51]",DOI:10.5694/j.1326-5377.2008.tb01820.x,3
"COOMBS GW, 2014, COMMUN DIS INTELL, V38, PE309, DOI [10.33321/CDI.2014.38.51, 10.33321/CDI.2014.38.51]",DOI:10.5694/j.1326-5377.2009.tb02841.x,3
"COOMBS GW, 2014, COMMUN DIS INTELL, V38, PE309, DOI [10.33321/CDI.2014.38.51, 10.33321/CDI.2014.38.51]","NIMMO GRAEME R, 2003, COMMUN DIS INTELL Q REP, V27 SUPPL, PS47, DOI [10.33321/CDI.2003.27.21, 10.33321/CDI.2003.27.21]",3
"COOMBS GW, 2014, COMMUN DIS INTELL, V38, PE309, DOI [10.33321/CDI.2014.38.51, 10.33321/CDI.2014.38.51]","O'BRIEN FG, 1999, J CLIN MICROBIOL, V37, P2858",3
"COOMBS GW, 2014, COMMUN DIS INTELL, V38, PE309, DOI [10.33321/CDI.2014.38.51, 10.33321/CDI.2014.38.51]","SEEMANN T, NULLARBOR",3
"COOMBS GW, 2016, COMMUN DIS INTELL, V40, PE244, DOI [10.33321/CDI.2016.40.20, 10.33321/CDI.2016.40.20]","COOMBS GW, 2020, COMMUN DIS INTELL, V44, DOI [10.33321/CDI.2020.44.19, 10.33321/CDI.2020.44.71]",3
"COOMBS GW, 2016, COMMUN DIS INTELL, V40, PE244, DOI [10.33321/CDI.2016.40.20, 10.33321/CDI.2016.40.20]",DOI:10.1007/s10096-010-0995-y,3
"COOMBS GW, 2016, COMMUN DIS INTELL, V40, PE244, DOI [10.33321/CDI.2016.40.20, 10.33321/CDI.2016.40.20]",DOI:10.1016/j.ajic.2012.12.018,3
"COOMBS GW, 2016, COMMUN DIS INTELL, V40, PE244, DOI [10.33321/CDI.2016.40.20, 10.33321/CDI.2016.40.20]",DOI:10.1016/s1473-3099(10)70285-1,3
"COOMBS GW, 2016, COMMUN DIS INTELL, V40, PE244, DOI [10.33321/CDI.2016.40.20, 10.33321/CDI.2016.40.20]",DOI:10.1086/605921,3
"COOMBS GW, 2016, COMMUN DIS INTELL, V40, PE244, DOI [10.33321/CDI.2016.40.20, 10.33321/CDI.2016.40.20]",DOI:10.1093/jac/dki266,3
"COOMBS GW, 2016, COMMUN DIS INTELL, V40, PE244, DOI [10.33321/CDI.2016.40.20, 10.33321/CDI.2016.40.20]",DOI:10.1111/1469-0691.12144,3
"COOMBS GW, 2016, COMMUN DIS INTELL, V40, PE244, DOI [10.33321/CDI.2016.40.20, 10.33321/CDI.2016.40.20]",DOI:10.1128/aac.00579-09,3
"COOMBS GW, 2016, COMMUN DIS INTELL, V40, PE244, DOI [10.33321/CDI.2016.40.20, 10.33321/CDI.2016.40.20]",DOI:10.1128/cmr.05022-11,3
"COOMBS GW, 2016, COMMUN DIS INTELL, V40, PE244, DOI [10.33321/CDI.2016.40.20, 10.33321/CDI.2016.40.20]",DOI:10.1128/jcm.02452-13,3
"COOMBS GW, 2016, COMMUN DIS INTELL, V40, PE244, DOI [10.33321/CDI.2016.40.20, 10.33321/CDI.2016.40.20]",DOI:10.1136/bmjopen-2011-000797,3
"COOMBS GW, 2016, COMMUN DIS INTELL, V40, PE244, DOI [10.33321/CDI.2016.40.20, 10.33321/CDI.2016.40.20]",DOI:10.3201/eid1104.040772,3
"COOMBS GW, 2016, COMMUN DIS INTELL, V40, PE244, DOI [10.33321/CDI.2016.40.20, 10.33321/CDI.2016.40.20]",DOI:10.33321/cdi.2019.43.43,3
"COOMBS GW, 2016, COMMUN DIS INTELL, V40, PE244, DOI [10.33321/CDI.2016.40.20, 10.33321/CDI.2016.40.20]",DOI:10.33321/cdi.2020.44.18,3
"COOMBS GW, 2016, COMMUN DIS INTELL, V40, PE244, DOI [10.33321/CDI.2016.40.20, 10.33321/CDI.2016.40.20]",DOI:10.5694/j.1326-5377.2008.tb01820.x,3
"COOMBS GW, 2016, COMMUN DIS INTELL, V40, PE244, DOI [10.33321/CDI.2016.40.20, 10.33321/CDI.2016.40.20]",DOI:10.5694/j.1326-5377.2009.tb02841.x,3
"COOMBS GW, 2016, COMMUN DIS INTELL, V40, PE244, DOI [10.33321/CDI.2016.40.20, 10.33321/CDI.2016.40.20]","NIMMO GRAEME R, 2003, COMMUN DIS INTELL Q REP, V27 SUPPL, PS47, DOI [10.33321/CDI.2003.27.21, 10.33321/CDI.2003.27.21]",3
"COOMBS GW, 2016, COMMUN DIS INTELL, V40, PE244, DOI [10.33321/CDI.2016.40.20, 10.33321/CDI.2016.40.20]","O'BRIEN FG, 1999, J CLIN MICROBIOL, V37, P2858",3
"COOMBS GW, 2016, COMMUN DIS INTELL, V40, PE244, DOI [10.33321/CDI.2016.40.20, 10.33321/CDI.2016.40.20]","SEEMANN T, NULLARBOR",3
"COOMBS GW, 2020, COMMUN DIS INTELL, V44, DOI [10.33321/CDI.2020.44.19, 10.33321/CDI.2020.44.71]",DOI:10.1007/s10096-010-0995-y,3
"COOMBS GW, 2020, COMMUN DIS INTELL, V44, DOI [10.33321/CDI.2020.44.19, 10.33321/CDI.2020.44.71]",DOI:10.1016/j.ajic.2012.12.018,3
"COOMBS GW, 2020, COMMUN DIS INTELL, V44, DOI [10.33321/CDI.2020.44.19, 10.33321/CDI.2020.44.71]",DOI:10.1016/s1473-3099(10)70285-1,3
"COOMBS GW, 2020, COMMUN DIS INTELL, V44, DOI [10.33321/CDI.2020.44.19, 10.33321/CDI.2020.44.71]",DOI:10.1086/605921,3
"COOMBS GW, 2020, COMMUN DIS INTELL, V44, DOI [10.33321/CDI.2020.44.19, 10.33321/CDI.2020.44.71]",DOI:10.1093/jac/dki266,3
"COOMBS GW, 2020, COMMUN DIS INTELL, V44, DOI [10.33321/CDI.2020.44.19, 10.33321/CDI.2020.44.71]",DOI:10.1111/1469-0691.12144,3
"COOMBS GW, 2020, COMMUN DIS INTELL, V44, DOI [10.33321/CDI.2020.44.19, 10.33321/CDI.2020.44.71]",DOI:10.1128/aac.00579-09,3
"COOMBS GW, 2020, COMMUN DIS INTELL, V44, DOI [10.33321/CDI.2020.44.19, 10.33321/CDI.2020.44.71]",DOI:10.1128/cmr.05022-11,3
"COOMBS GW, 2020, COMMUN DIS INTELL, V44, DOI [10.33321/CDI.2020.44.19, 10.33321/CDI.2020.44.71]",DOI:10.1128/jcm.02452-13,3
"COOMBS GW, 2020, COMMUN DIS INTELL, V44, DOI [10.33321/CDI.2020.44.19, 10.33321/CDI.2020.44.71]",DOI:10.1136/bmjopen-2011-000797,3
"COOMBS GW, 2020, COMMUN DIS INTELL, V44, DOI [10.33321/CDI.2020.44.19, 10.33321/CDI.2020.44.71]",DOI:10.3201/eid1104.040772,3
"COOMBS GW, 2020, COMMUN DIS INTELL, V44, DOI [10.33321/CDI.2020.44.19, 10.33321/CDI.2020.44.71]",DOI:10.33321/cdi.2019.43.43,3
"COOMBS GW, 2020, COMMUN DIS INTELL, V44, DOI [10.33321/CDI.2020.44.19, 10.33321/CDI.2020.44.71]",DOI:10.33321/cdi.2020.44.18,3
"COOMBS GW, 2020, COMMUN DIS INTELL, V44, DOI [10.33321/CDI.2020.44.19, 10.33321/CDI.2020.44.71]",DOI:10.5694/j.1326-5377.2008.tb01820.x,3
"COOMBS GW, 2020, COMMUN DIS INTELL, V44, DOI [10.33321/CDI.2020.44.19, 10.33321/CDI.2020.44.71]",DOI:10.5694/j.1326-5377.2009.tb02841.x,3
"COOMBS GW, 2020, COMMUN DIS INTELL, V44, DOI [10.33321/CDI.2020.44.19, 10.33321/CDI.2020.44.71]","NIMMO GRAEME R, 2003, COMMUN DIS INTELL Q REP, V27 SUPPL, PS47, DOI [10.33321/CDI.2003.27.21, 10.33321/CDI.2003.27.21]",3
"COOMBS GW, 2020, COMMUN DIS INTELL, V44, DOI [10.33321/CDI.2020.44.19, 10.33321/CDI.2020.44.71]","O'BRIEN FG, 1999, J CLIN MICROBIOL, V37, P2858",3
"COOMBS GW, 2020, COMMUN DIS INTELL, V44, DOI [10.33321/CDI.2020.44.19, 10.33321/CDI.2020.44.71]","SEEMANN T, NULLARBOR",3
"COOMBS GW, 2020, COMMUN DIS INTELL, V44, DOI [10.33321/CDI.2020.44.19, 10.33321/CDI.2020.44.71]","ECDC, 2023, SURVEILLANCE ATLAS OF INFECTIOUS DISEASES",3
DOI:10.1007/s10096-010-0995-y,DOI:10.1016/j.ajic.2012.12.018,3
DOI:10.1007/s10096-010-0995-y,DOI:10.1016/s1473-3099(10)70285-1,3
DOI:10.1007/s10096-010-0995-y,DOI:10.1086/605921,3
DOI:10.1007/s10096-010-0995-y,DOI:10.1093/jac/dki266,3
DOI:10.1007/s10096-010-0995-y,DOI:10.1111/1469-0691.12144,3
DOI:10.1007/s10096-010-0995-y,DOI:10.1128/aac.00579-09,3
DOI:10.1007/s10096-010-0995-y,DOI:10.1128/cmr.05022-11,3
DOI:10.1007/s10096-010-0995-y,DOI:10.1128/jcm.02452-13,3
DOI:10.1007/s10096-010-0995-y,DOI:10.1136/bmjopen-2011-000797,4
DOI:10.1007/s10096-010-0995-y,DOI:10.3201/eid1104.040772,3
DOI:10.1007/s10096-010-0995-y,DOI:10.33321/cdi.2019.43.43,3
DOI:10.1007/s10096-010-0995-y,DOI:10.33321/cdi.2020.44.18,3
DOI:10.1007/s10096-010-0995-y,DOI:10.5694/j.1326-5377.2008.tb01820.x,3
DOI:10.1007/s10096-010-0995-y,DOI:10.5694/j.1326-5377.2009.tb02841.x,3
DOI:10.1007/s10096-010-0995-y,"NIMMO GRAEME R, 2003, COMMUN DIS INTELL Q REP, V27 SUPPL, PS47, DOI [10.33321/CDI.2003.27.21, 10.33321/CDI.2003.27.21]",4
DOI:10.1007/s10096-010-0995-y,"O'BRIEN FG, 1999, J CLIN MICROBIOL, V37, P2858",4
DOI:10.1007/s10096-010-0995-y,"SEEMANN T, NULLARBOR",3
DOI:10.1016/j.ajic.2012.12.018,DOI:10.1016/s1473-3099(10)70285-1,3
DOI:10.1016/j.ajic.2012.12.018,DOI:10.1086/605921,3
DOI:10.1016/j.ajic.2012.12.018,DOI:10.1093/jac/dki266,3
DOI:10.1016/j.ajic.2012.12.018,DOI:10.1111/1469-0691.12144,3
DOI:10.1016/j.ajic.2012.12.018,DOI:10.1128/aac.00579-09,3
DOI:10.1016/j.ajic.2012.12.018,DOI:10.1128/cmr.05022-11,3
DOI:10.1016/j.ajic.2012.12.018,DOI:10.1128/jcm.02452-13,3
DOI:10.1016/j.ajic.2012.12.018,DOI:10.1136/bmjopen-2011-000797,3
DOI:10.1016/j.ajic.2012.12.018,DOI:10.3201/eid1104.040772,3
DOI:10.1016/j.ajic.2012.12.018,DOI:10.33321/cdi.2019.43.43,3
DOI:10.1016/j.ajic.2012.12.018,DOI:10.33321/cdi.2020.44.18,3
DOI:10.1016/j.ajic.2012.12.018,DOI:10.5694/j.1326-5377.2008.tb01820.x,3
DOI:10.1016/j.ajic.2012.12.018,DOI:10.5694/j.1326-5377.2009.tb02841.x,3
DOI:10.1016/j.ajic.2012.12.018,"NIMMO GRAEME R, 2003, COMMUN DIS INTELL Q REP, V27 SUPPL, PS47, DOI [10.33321/CDI.2003.27.21, 10.33321/CDI.2003.27.21]",3
DOI:10.1016/j.ajic.2012.12.018,"O'BRIEN FG, 1999, J CLIN MICROBIOL, V37, P2858",3
DOI:10.1016/j.ajic.2012.12.018,"SEEMANN T, NULLARBOR",3
DOI:10.1016/s1473-3099(10)70285-1,DOI:10.1086/605921,3
DOI:10.1016/s1473-3099(10)70285-1,DOI:10.1093/jac/dki266,3
DOI:10.1016/s1473-3099(10)70285-1,DOI:10.1111/1469-0691.12144,3
DOI:10.1016/s1473-3099(10)70285-1,DOI:10.1128/aac.00579-09,3
DOI:10.1016/s1473-3099(10)70285-1,DOI:10.1128/cmr.05022-11,3
DOI:10.1016/s1473-3099(10)70285-1,DOI:10.1128/jcm.02452-13,3
DOI:10.1016/s1473-3099(10)70285-1,DOI:10.1136/bmjopen-2011-000797,3
DOI:10.1016/s1473-3099(10)70285-1,DOI:10.3201/eid1104.040772,3
DOI:10.1016/s1473-3099(10)70285-1,DOI:10.33321/cdi.2019.43.43,3
DOI:10.1016/s1473-3099(10)70285-1,DOI:10.33321/cdi.2020.44.18,3
DOI:10.1016/s1473-3099(10)70285-1,DOI:10.5694/j.1326-5377.2008.tb01820.x,3
DOI:10.1016/s1473-3099(10)70285-1,DOI:10.5694/j.1326-5377.2009.tb02841.x,3
DOI:10.1016/s1473-3099(10)70285-1,"NIMMO GRAEME R, 2003, COMMUN DIS INTELL Q REP, V27 SUPPL, PS47, DOI [10.33321/CDI.2003.27.21, 10.33321/CDI.2003.27.21]",3
DOI:10.1016/s1473-3099(10)70285-1,"O'BRIEN FG, 1999, J CLIN MICROBIOL, V37, P2858",3
DOI:10.1016/s1473-3099(10)70285-1,"SEEMANN T, NULLARBOR",3
DOI:10.1086/605921,DOI:10.1093/jac/dki266,3
DOI:10.1086/605921,DOI:10.1111/1469-0691.12144,3
DOI:10.1086/605921,DOI:10.1128/aac.00579-09,3
DOI:10.1086/605921,DOI:10.1128/cmr.05022-11,3
DOI:10.1086/605921,DOI:10.1128/jcm.02452-13,3
DOI:10.1086/605921,DOI:10.1136/bmjopen-2011-000797,3
DOI:10.1086/605921,DOI:10.3201/eid1104.040772,3
DOI:10.1086/605921,DOI:10.33321/cdi.2019.43.43,3
DOI:10.1086/605921,DOI:10.33321/cdi.2020.44.18,3
DOI:10.1086/605921,DOI:10.5694/j.1326-5377.2008.tb01820.x,3
DOI:10.1086/605921,DOI:10.5694/j.1326-5377.2009.tb02841.x,3
DOI:10.1086/605921,"NIMMO GRAEME R, 2003, COMMUN DIS INTELL Q REP, V27 SUPPL, PS47, DOI [10.33321/CDI.2003.27.21, 10.33321/CDI.2003.27.21]",3
DOI:10.1086/605921,"O'BRIEN FG, 1999, J CLIN MICROBIOL, V37, P2858",3
DOI:10.1086/605921,"SEEMANN T, NULLARBOR",3
DOI:10.1093/jac/dki266,DOI:10.1111/1469-0691.12144,3
DOI:10.1093/jac/dki266,DOI:10.1128/aac.00579-09,3
DOI:10.1093/jac/dki266,DOI:10.1128/cmr.05022-11,3
DOI:10.1093/jac/dki266,DOI:10.1128/jcm.02452-13,3
DOI:10.1093/jac/dki266,DOI:10.1136/bmjopen-2011-000797,3
DOI:10.1093/jac/dki266,DOI:10.3201/eid1104.040772,3
DOI:10.1093/jac/dki266,DOI:10.33321/cdi.2019.43.43,3
DOI:10.1093/jac/dki266,DOI:10.33321/cdi.2020.44.18,3
DOI:10.1093/jac/dki266,DOI:10.5694/j.1326-5377.2008.tb01820.x,3
DOI:10.1093/jac/dki266,DOI:10.5694/j.1326-5377.2009.tb02841.x,3
DOI:10.1093/jac/dki266,"NIMMO GRAEME R, 2003, COMMUN DIS INTELL Q REP, V27 SUPPL, PS47, DOI [10.33321/CDI.2003.27.21, 10.33321/CDI.2003.27.21]",3
DOI:10.1093/jac/dki266,"O'BRIEN FG, 1999, J CLIN MICROBIOL, V37, P2858",3
DOI:10.1093/jac/dki266,"SEEMANN T, NULLARBOR",3
DOI:10.1111/1469-0691.12144,DOI:10.1128/aac.00579-09,3
DOI:10.1111/1469-0691.12144,DOI:10.1128/cmr.05022-11,3
DOI:10.1111/1469-0691.12144,DOI:10.1128/jcm.02452-13,3
DOI:10.1111/1469-0691.12144,DOI:10.1136/bmjopen-2011-000797,3
DOI:10.1111/1469-0691.12144,DOI:10.3201/eid1104.040772,3
DOI:10.1111/1469-0691.12144,DOI:10.33321/cdi.2019.43.43,3
DOI:10.1111/1469-0691.12144,DOI:10.33321/cdi.2020.44.18,3
DOI:10.1111/1469-0691.12144,DOI:10.5694/j.1326-5377.2008.tb01820.x,3
DOI:10.1111/1469-0691.12144,DOI:10.5694/j.1326-5377.2009.tb02841.x,3
DOI:10.1111/1469-0691.12144,"NIMMO GRAEME R, 2003, COMMUN DIS INTELL Q REP, V27 SUPPL, PS47, DOI [10.33321/CDI.2003.27.21, 10.33321/CDI.2003.27.21]",3
DOI:10.1111/1469-0691.12144,"O'BRIEN FG, 1999, J CLIN MICROBIOL, V37, P2858",3
DOI:10.1111/1469-0691.12144,"SEEMANN T, NULLARBOR",3
DOI:10.1128/aac.00579-09,DOI:10.1128/cmr.05022-11,3
DOI:10.1128/aac.00579-09,DOI:10.1128/jcm.02452-13,3
DOI:10.1128/aac.00579-09,DOI:10.1136/bmjopen-2011-000797,4
DOI:10.1128/aac.00579-09,DOI:10.3201/eid1104.040772,3
DOI:10.1128/aac.00579-09,DOI:10.33321/cdi.2019.43.43,3
DOI:10.1128/aac.00579-09,DOI:10.33321/cdi.2020.44.18,3
DOI:10.1128/aac.00579-09,DOI:10.5694/j.1326-5377.2008.tb01820.x,3
DOI:10.1128/aac.00579-09,DOI:10.5694/j.1326-5377.2009.tb02841.x,4
DOI:10.1128/aac.00579-09,"NIMMO GRAEME R, 2003, COMMUN DIS INTELL Q REP, V27 SUPPL, PS47, DOI [10.33321/CDI.2003.27.21, 10.33321/CDI.2003.27.21]",4
DOI:10.1128/aac.00579-09,"O'BRIEN FG, 1999, J CLIN MICROBIOL, V37, P2858",4
DOI:10.1128/aac.00579-09,"SEEMANN T, NULLARBOR",3
DOI:10.1128/cmr.05022-11,DOI:10.1128/jcm.02452-13,3
DOI:10.1128/cmr.05022-11,DOI:10.1136/bmjopen-2011-000797,3
DOI:10.1128/cmr.05022-11,DOI:10.3201/eid1104.040772,3
DOI:10.1128/cmr.05022-11,DOI:10.33321/cdi.2019.43.43,3
DOI:10.1128/cmr.05022-11,DOI:10.33321/cdi.2020.44.18,3
DOI:10.1128/cmr.05022-11,DOI:10.5694/j.1326-5377.2008.tb01820.x,3
DOI:10.1128/cmr.05022-11,DOI:10.5694/j.1326-5377.2009.tb02841.x,3
DOI:10.1128/cmr.05022-11,"NIMMO GRAEME R, 2003, COMMUN DIS INTELL Q REP, V27 SUPPL, PS47, DOI [10.33321/CDI.2003.27.21, 10.33321/CDI.2003.27.21]",3
DOI:10.1128/cmr.05022-11,"O'BRIEN FG, 1999, J CLIN MICROBIOL, V37, P2858",3
DOI:10.1128/cmr.05022-11,"SEEMANN T, NULLARBOR",3
DOI:10.1128/jcm.02452-13,DOI:10.1136/bmjopen-2011-000797,3
DOI:10.1128/jcm.02452-13,DOI:10.3201/eid1104.040772,3
DOI:10.1128/jcm.02452-13,DOI:10.33321/cdi.2019.43.43,3
DOI:10.1128/jcm.02452-13,DOI:10.33321/cdi.2020.44.18,3
DOI:10.1128/jcm.02452-13,DOI:10.5694/j.1326-5377.2008.tb01820.x,3
DOI:10.1128/jcm.02452-13,DOI:10.5694/j.1326-5377.2009.tb02841.x,3
DOI:10.1128/jcm.02452-13,"NIMMO GRAEME R, 2003, COMMUN DIS INTELL Q REP, V27 SUPPL, PS47, DOI [10.33321/CDI.2003.27.21, 10.33321/CDI.2003.27.21]",3
DOI:10.1128/jcm.02452-13,"O'BRIEN FG, 1999, J CLIN MICROBIOL, V37, P2858",3
DOI:10.1128/jcm.02452-13,"SEEMANN T, NULLARBOR",3
DOI:10.1136/bmjopen-2011-000797,DOI:10.3201/eid1104.040772,3
DOI:10.1136/bmjopen-2011-000797,DOI:10.33321/cdi.2019.43.43,3
DOI:10.1136/bmjopen-2011-000797,DOI:10.33321/cdi.2020.44.18,3
DOI:10.1136/bmjopen-2011-000797,DOI:10.5694/j.1326-5377.2008.tb01820.x,3
DOI:10.1136/bmjopen-2011-000797,DOI:10.5694/j.1326-5377.2009.tb02841.x,4
DOI:10.1136/bmjopen-2011-000797,"NIMMO GRAEME R, 2003, COMMUN DIS INTELL Q REP, V27 SUPPL, PS47, DOI [10.33321/CDI.2003.27.21, 10.33321/CDI.2003.27.21]",5
DOI:10.1136/bmjopen-2011-000797,"O'BRIEN FG, 1999, J CLIN MICROBIOL, V37, P2858",5
DOI:10.1136/bmjopen-2011-000797,"SEEMANN T, NULLARBOR",3
DOI:10.3201/eid1104.040772,DOI:10.33321/cdi.2019.43.43,3
DOI:10.3201/eid1104.040772,DOI:10.33321/cdi.2020.44.18,3
DOI:10.3201/eid1104.040772,DOI:10.5694/j.1326-5377.2008.tb01820.x,3
DOI:10.3201/eid1104.040772,DOI:10.5694/j.1326-5377.2009.tb02841.x,3
DOI:10.3201/eid1104.040772,"NIMMO GRAEME R, 2003, COMMUN DIS INTELL Q REP, V27 SUPPL, PS47, DOI [10.33321/CDI.2003.27.21, 10.33321/CDI.2003.27.21]",3
DOI:10.3201/eid1104.040772,"O'BRIEN FG, 1999, J CLIN MICROBIOL, V37, P2858",3
DOI:10.3201/eid1104.040772,"SEEMANN T, NULLARBOR",3
DOI:10.33321/cdi.2019.43.43,DOI:10.33321/cdi.2020.44.18,3
DOI:10.33321/cdi.2019.43.43,DOI:10.5694/j.1326-5377.2008.tb01820.x,3
DOI:10.33321/cdi.2019.43.43,DOI:10.5694/j.1326-5377.2009.tb02841.x,3
DOI:10.33321/cdi.2019.43.43,"NIMMO GRAEME R, 2003, COMMUN DIS INTELL Q REP, V27 SUPPL, PS47, DOI [10.33321/CDI.2003.27.21, 10.33321/CDI.2003.27.21]",3
DOI:10.33321/cdi.2019.43.43,"O'BRIEN FG, 1999, J CLIN MICROBIOL, V37, P2858",3
DOI:10.33321/cdi.2019.43.43,"SEEMANN T, NULLARBOR",3
DOI:10.33321/cdi.2020.44.18,DOI:10.5694/j.1326-5377.2008.tb01820.x,3
DOI:10.33321/cdi.2020.44.18,DOI:10.5694/j.1326-5377.2009.tb02841.x,3
DOI:10.33321/cdi.2020.44.18,"NIMMO GRAEME R, 2003, COMMUN DIS INTELL Q REP, V27 SUPPL, PS47, DOI [10.33321/CDI.2003.27.21, 10.33321/CDI.2003.27.21]",3
DOI:10.33321/cdi.2020.44.18,"O'BRIEN FG, 1999, J CLIN MICROBIOL, V37, P2858",3
DOI:10.33321/cdi.2020.44.18,"SEEMANN T, NULLARBOR",3
DOI:10.5694/j.1326-5377.2008.tb01820.x,DOI:10.5694/j.1326-5377.2009.tb02841.x,3
DOI:10.5694/j.1326-5377.2008.tb01820.x,"NIMMO GRAEME R, 2003, COMMUN DIS INTELL Q REP, V27 SUPPL, PS47, DOI [10.33321/CDI.2003.27.21, 10.33321/CDI.2003.27.21]",3
DOI:10.5694/j.1326-5377.2008.tb01820.x,"O'BRIEN FG, 1999, J CLIN MICROBIOL, V37, P2858",3
DOI:10.5694/j.1326-5377.2008.tb01820.x,"SEEMANN T, NULLARBOR",3
DOI:10.5694/j.1326-5377.2009.tb02841.x,"NIMMO GRAEME R, 2003, COMMUN DIS INTELL Q REP, V27 SUPPL, PS47, DOI [10.33321/CDI.2003.27.21, 10.33321/CDI.2003.27.21]",4
DOI:10.5694/j.1326-5377.2009.tb02841.x,"O'BRIEN FG, 1999, J CLIN MICROBIOL, V37, P2858",4
DOI:10.5694/j.1326-5377.2009.tb02841.x,"SEEMANN T, NULLARBOR",3
"NIMMO GRAEME R, 2003, COMMUN DIS INTELL Q REP, V27 SUPPL, PS47, DOI [10.33321/CDI.2003.27.21, 10.33321/CDI.2003.27.21]","O'BRIEN FG, 1999, J CLIN MICROBIOL, V37, P2858",5
"NIMMO GRAEME R, 2003, COMMUN DIS INTELL Q REP, V27 SUPPL, PS47, DOI [10.33321/CDI.2003.27.21, 10.33321/CDI.2003.27.21]","SEEMANN T, NULLARBOR",3
"O'BRIEN FG, 1999, J CLIN MICROBIOL, V37, P2858","SEEMANN T, NULLARBOR",3
DOI:10.1128/aac.00971-12,"NATIONAL CENTER FOR BIOTECHNOLOGY INFORMATION (NCBI), 2020, AMRFINDERPLUS",3
DOI:10.1128/aac.00971-12,"SEEMANN T, 2020, NULLARBOR",3
"NATIONAL CENTER FOR BIOTECHNOLOGY INFORMATION (NCBI), 2020, AMRFINDERPLUS","SEEMANN T, 2020, NULLARBOR",3
DOI:10.1086/313805,DOI:10.1086/647940,3
DOI:10.1086/313805,DOI:10.1099/jmm.0.05452-0,3
DOI:10.1086/647940,DOI:10.1099/jmm.0.05452-0,3
DOI:10.1007/s10096-019-03673-1,DOI:10.1128/cmr.00031-19,3
"AYOBAMI OLANIYI, 2019, EMERG MICROBES INFECT, V8, P1747, DOI [10.1080/22221751.2019.1698273, 10.1080/22221751.2019.1698273]",DOI:10.4161/viru.19700,3
DOI:10.3389/fpubh.2022.998860,DOI:10.1093/jacamr/dlac126,3
DOI:10.3389/fpubh.2022.998860,DOI:10.3390/antibiotics11091210,3
DOI:10.3389/fpubh.2022.998860,DOI:10.4236/ojas.2023.131005,3
DOI:10.3389/fpubh.2022.998860,DOI:10.5430/jer.v6n1p35],3
DOI:10.1093/jacamr/dlac126,DOI:10.1371/journal.pgph.0001414,3
DOI:10.1093/jacamr/dlac126,DOI:10.3390/antibiotics11091210,3
DOI:10.1093/jacamr/dlac126,DOI:10.3390/microorganisms10081684,3
DOI:10.1093/jacamr/dlac126,DOI:10.4236/ojas.2023.131005,3
DOI:10.1093/jacamr/dlac126,DOI:10.5430/jer.v6n1p35],3
DOI:10.1371/journal.pgph.0001414,DOI:10.3390/microorganisms10081684,4
DOI:10.1371/journal.pgph.0001414,DOI:10.1016/j.jhin.2022.07.031,3
DOI:10.3390/antibiotics11091210,DOI:10.4236/ojas.2023.131005,3
DOI:10.3390/antibiotics11091210,DOI:10.5430/jer.v6n1p13,3
DOI:10.3390/antibiotics11091210,DOI:10.5430/jer.v6n1p35],4
DOI:10.3390/microorganisms10081684,DOI:10.1016/j.jhin.2022.07.031,3
DOI:10.4236/ojas.2023.131005,DOI:10.5430/jer.v6n1p35],3
DOI:10.5430/jer.v6n1p13,DOI:10.5430/jer.v6n1p35],3
DOI:10.1128/cmr.00010-14,DOI:10.2807/1560-7917.es.2018.23.27.1800323,9
DOI:10.1128/cmr.00010-14,DOI:10.2807/1560-7917.es.2019.24.8.1900118,7
DOI:10.1128/cmr.00010-14,DOI:10.2807/1560-7917.es.2022.27.46.2200803,4
DOI:10.1128/cmr.00010-14,"DEMCZUK W, 2017, J CLIN MICROBIOL, V55, P1454, DOI [10.1128/JCM.00100-17, 10.1128/JCM.00100-17]",6
DOI:10.1128/cmr.00010-14,DOI:10.1016/s1473-3099(16)30157-8,3
DOI:10.1128/cmr.00010-14,DOI:10.1093/jac/dkaa318,3
DOI:10.1128/cmr.00010-14,DOI:10.1093/jac/dky162,3
DOI:10.1128/cmr.00010-14,DOI:10.1128/aac.01479-19,3
DOI:10.1128/cmr.00010-14,DOI:10.1128/mbio.01419-18,4
DOI:10.1128/cmr.00010-14,DOI:10.1128/mbio.02281-18,4
DOI:10.1128/cmr.00010-14,"SCANGARELLA-OMAN NE, 2018, ANTIMICROB AGENTS CH, V62, DOI [10.1128/AAC.01221-18, 10.1128/AAC.01221-18]",3
DOI:10.1128/cmr.00010-14,DOI:10.1186/s12879-015-1029-2,4
DOI:10.1128/cmr.00010-14,DOI:10.1371/journal.pone.0143304,4
DOI:10.1128/cmr.00010-14,DOI:10.3201/eid2201.151247,3
DOI:10.1128/cmr.00010-14,"WORKOWSKI KA, 2015, MMWR RECOMM REP, V64, P1",4
DOI:10.1128/cmr.00010-14,"WORLD HEALTH ORGANIZATION (WHO), 2012, GLOBAL ACTION PLAN TO CONTROL THE SPREAD AND IMPACT OF ANTIMICROBIAL RESISTANCE IN NEISSERIA GONORRHOEAE",5
DOI:10.1128/cmr.00010-14,DOI:10.1016/s1473-3099(18)30340-2,3
DOI:10.1128/cmr.00010-14,DOI:10.1128/aac.00906-20,3
DOI:10.1128/cmr.00010-14,DOI:10.1136/sextrans-2013-051166,3
DOI:10.1128/cmr.00010-14,"WORKNEH MEKLIT, 2020, JMIR PUBLIC HEALTH SURVEILL, V6, PE17009, DOI [10.2196/17009, 10.2196/17009]",4
DOI:10.1128/cmr.00010-14,DOI:10.1080/14737159.2022.2015329,3
DOI:10.1128/cmr.00010-14,DOI:10.2471/blt.18.228486,5
DOI:10.1128/cmr.00010-14,DOI:10.1128/jcm.01461-19,3
DOI:10.2807/1560-7917.es.2018.23.27.1800323,DOI:10.2807/1560-7917.es.2019.24.8.1900118,5
DOI:10.2807/1560-7917.es.2018.23.27.1800323,"DEMCZUK W, 2017, J CLIN MICROBIOL, V55, P1454, DOI [10.1128/JCM.00100-17, 10.1128/JCM.00100-17]",3
DOI:10.2807/1560-7917.es.2018.23.27.1800323,DOI:10.1128/mbio.01419-18,3
DOI:10.2807/1560-7917.es.2018.23.27.1800323,DOI:10.1128/mbio.02281-18,3
DOI:10.2807/1560-7917.es.2018.23.27.1800323,DOI:10.2807/1560-7917.es.2017.22.42.17-00659,3
DOI:10.2807/1560-7917.es.2018.23.27.1800323,DOI:10.2807/1560-7917.es.2018.23.47.1800617,3
DOI:10.2807/1560-7917.es.2018.23.27.1800323,DOI:10.2471/blt.18.228486,3
DOI:10.2807/1560-7917.es.2019.24.8.1900118,"DEMCZUK W, 2017, J CLIN MICROBIOL, V55, P1454, DOI [10.1128/JCM.00100-17, 10.1128/JCM.00100-17]",4
DOI:10.2807/1560-7917.es.2019.24.8.1900118,DOI:10.1016/s1473-3099(16)30157-8,3
DOI:10.2807/1560-7917.es.2019.24.8.1900118,DOI:10.1093/jac/dkaa318,3
DOI:10.2807/1560-7917.es.2019.24.8.1900118,DOI:10.1093/jac/dky162,3
DOI:10.2807/1560-7917.es.2019.24.8.1900118,"SCANGARELLA-OMAN NE, 2018, ANTIMICROB AGENTS CH, V62, DOI [10.1128/AAC.01221-18, 10.1128/AAC.01221-18]",3
DOI:10.2807/1560-7917.es.2019.24.8.1900118,DOI:10.2471/blt.18.228486,3
"DEMCZUK W, 2017, J CLIN MICROBIOL, V55, P1454, DOI [10.1128/JCM.00100-17, 10.1128/JCM.00100-17]",DOI:10.1016/s1473-3099(16)30157-8,4
"DEMCZUK W, 2017, J CLIN MICROBIOL, V55, P1454, DOI [10.1128/JCM.00100-17, 10.1128/JCM.00100-17]",DOI:10.1093/jac/dkaa318,3
"DEMCZUK W, 2017, J CLIN MICROBIOL, V55, P1454, DOI [10.1128/JCM.00100-17, 10.1128/JCM.00100-17]",DOI:10.1093/jac/dky162,3
"DEMCZUK W, 2017, J CLIN MICROBIOL, V55, P1454, DOI [10.1128/JCM.00100-17, 10.1128/JCM.00100-17]",DOI:10.1128/mbio.01419-18,3
"DEMCZUK W, 2017, J CLIN MICROBIOL, V55, P1454, DOI [10.1128/JCM.00100-17, 10.1128/JCM.00100-17]",DOI:10.1128/mbio.02281-18,3
"DEMCZUK W, 2017, J CLIN MICROBIOL, V55, P1454, DOI [10.1128/JCM.00100-17, 10.1128/JCM.00100-17]","SCANGARELLA-OMAN NE, 2018, ANTIMICROB AGENTS CH, V62, DOI [10.1128/AAC.01221-18, 10.1128/AAC.01221-18]",3
"DEMCZUK W, 2017, J CLIN MICROBIOL, V55, P1454, DOI [10.1128/JCM.00100-17, 10.1128/JCM.00100-17]",DOI:10.1186/1741-7007-5-35,3
DOI:10.1016/s1473-3099(16)30157-8,DOI:10.1093/jac/dkw279,3
DOI:10.1093/jac/dkaa318,DOI:10.1128/mbio.02281-18,3
DOI:10.1093/jac/dkaa318,DOI:10.2471/blt.18.228486,3
DOI:10.1093/jac/dky162,"SCANGARELLA-OMAN NE, 2018, ANTIMICROB AGENTS CH, V62, DOI [10.1128/AAC.01221-18, 10.1128/AAC.01221-18]",3
DOI:10.1128/mbio.01419-18,DOI:10.1128/mbio.02281-18,3
DOI:10.1128/mbio.02281-18,DOI:10.2471/blt.18.228486,3
DOI:10.2807/1560-7917.es.2017.22.42.17-00659,DOI:10.2807/1560-7917.es.2018.23.47.1800617,3
DOI:10.1080/14737159.2017.1360137,DOI:10.2471/blt.18.228486,3
DOI:10.1128/jcm.01461-19,DOI:10.2471/blt.18.228486,3
DOI:10.1128/jcm.03195-15,"WORLD HEALTH ORGANIZATION (WHO), 2012, GLOBAL ACTION PLAN TO CONTROL THE SPREAD AND IMPACT OF ANTIMICROBIAL RESISTANCE IN NEISSERIA GONORRHOEAE",3
DOI:10.1136/sextrans-2014-051731,"WORLD HEALTH ORGANIZATION (WHO), 2012, GLOBAL ACTION PLAN TO CONTROL THE SPREAD AND IMPACT OF ANTIMICROBIAL RESISTANCE IN NEISSERIA GONORRHOEAE",3
DOI:10.2471/blt.18.228486,DOI:10.1080/14737159.2022.2015329,3
"WORLD HEALTH ORGANIZATION (WHO), 2012, GLOBAL ACTION PLAN TO CONTROL THE SPREAD AND IMPACT OF ANTIMICROBIAL RESISTANCE IN NEISSERIA GONORRHOEAE",DOI:10.1186/s12879-015-1029-2,3
"WORLD HEALTH ORGANIZATION (WHO), 2012, GLOBAL ACTION PLAN TO CONTROL THE SPREAD AND IMPACT OF ANTIMICROBIAL RESISTANCE IN NEISSERIA GONORRHOEAE",DOI:10.1371/journal.pone.0143304,4
"WORLD HEALTH ORGANIZATION (WHO), 2012, GLOBAL ACTION PLAN TO CONTROL THE SPREAD AND IMPACT OF ANTIMICROBIAL RESISTANCE IN NEISSERIA GONORRHOEAE","WORKOWSKI KA, 2015, MMWR RECOMM REP, V64, P1",3
"WORLD HEALTH ORGANIZATION (WHO), 2012, GLOBAL ACTION PLAN TO CONTROL THE SPREAD AND IMPACT OF ANTIMICROBIAL RESISTANCE IN NEISSERIA GONORRHOEAE",DOI:10.1186/s12879-015-0755-9,3
DOI:10.1001/jama.2012.176575,DOI:10.1093/jac/dkp098,3
DOI:10.1001/jama.2012.176575,DOI:10.1093/jac/dkt034,3
DOI:10.1001/jama.2012.176575,DOI:10.1136/sextrans-2012-050674,3
DOI:10.1093/jac/dkp098,DOI:10.1093/jac/dkt034,3
DOI:10.1093/jac/dkp098,DOI:10.1136/sextrans-2012-050674,3
DOI:10.1093/jac/dkt034,DOI:10.1136/sextrans-2012-050674,3
DOI:10.1371/journal.pone.0143304,"WORKOWSKI KA, 2015, MMWR RECOMM REP, V64, P1",3
DOI:10.7554/elife.14003,DOI:10.1038/35101607,3
DOI:10.1128/aac.00906-20,"WORKNEH MEKLIT, 2020, JMIR PUBLIC HEALTH SURVEILL, V6, PE17009, DOI [10.2196/17009, 10.2196/17009]",3
DOI:10.1128/jcm.06561-11,DOI:10.1371/journal.pntd.0005041,3
DOI:10.1128/aac.00573-20,DOI:10.1128/aac.00965-19,3
DOI:10.1111/zph.12298,DOI:10.1371/journal.pone.0104905,3
DOI:10.1111/zph.12298,DOI:10.1371/journal.pone.0179384,3
DOI:10.1086/520192,DOI:10.1086/421946,3
DOI:10.1016/j.diagmicrobio.2013.11.025,DOI:10.1016/j.ijantimicag.2013.02.001,3
DOI:10.1371/journal.pone.0179384,DOI:10.1371/journal.pone.0104905,3
DOI:10.1016/j.cmi.2019.10.031,DOI:10.1128/cmr.00031-19,3
DOI:10.1016/j.diagmicrobio.2015.03.025,DOI:10.1179/1973947814y.0000000164,3
DOI:10.1086/529198,"SOULI M, 2008, EURO SURVEILL, V13",3
