source,target,weight
"ANGLIN TM, 1996, PEDIATRICS, V97, P318",DOI:10.1097/00004583-200206000-00013,3
"ANGLIN TM, 1996, PEDIATRICS, V97, P318","KAPLAN DW, 1998, ARCH PEDIAT ADOL MED, V152, P25",3
"ANGLIN TM, 1996, PEDIATRICS, V97, P318",DOI:10.1016/s1054-139x(03)00073-9,3
DOI:10.1007/s11020-005-5787-0,DOI:10.1176/appi.ps.54.1.60,3
DOI:10.1016/j.jaac.2010.10.006,DOI:10.1097/00004583-199607000-00014,3
DOI:10.1016/j.jaac.2010.10.006,DOI:10.1176/appi.ps.54.1.60,4
DOI:10.1016/j.jaac.2010.10.006,DOI:10.1377/hlthaff.14.3.147,5
DOI:10.1016/j.jaac.2010.10.006,DOI:10.1037/0003-066x.61.7.671,3
DOI:10.1016/j.jaac.2010.10.006,DOI:10.1176/appi.ps.201100518,4
DOI:10.1176/appi.ajp.159.9.1548,DOI:10.1176/appi.ps.54.1.60,4
DOI:10.1176/appi.ajp.159.9.1548,DOI:10.1377/hlthaff.14.3.147,3
DOI:10.1176/appi.ajp.159.9.1548,DOI:10.1016/j.jaac.2010.05.017,3
DOI:10.1176/appi.ajp.159.9.1548,DOI:10.1007/s12310-013-9108-2,3
DOI:10.1176/appi.ps.54.1.60,DOI:10.1377/hlthaff.14.3.147,3
DOI:10.1176/appi.ps.54.1.60,DOI:10.1176/appi.ps.201100518,4
DOI:10.1016/s2215-0366(14)70312-8,DOI:10.1001/archpsyc.62.6.593,6
DOI:10.1016/s2215-0366(14)70312-8,DOI:10.1186/1471-244x-10-113,3
DOI:10.1016/s2215-0366(14)70312-8,DOI:10.1016/j.cpr.2009.01.002,3
DOI:10.1016/s2215-0366(14)70312-8,DOI:10.1016/j.cpr.2016.10.005,4
DOI:10.1016/s2215-0366(14)70312-8,DOI:10.1016/s0140-6736(07)60368-7,3
DOI:10.1016/s2215-0366(14)70312-8,DOI:10.1093/heapro/dat001,3
DOI:10.1016/s2215-0366(14)70312-8,DOI:10.1111/j.1467-8624.2010.01564.x,3
DOI:10.1016/s2215-0366(14)70312-8,DOI:10.1017/s0033291713001785,3
DOI:10.1016/s2215-0366(14)70312-8,DOI:10.1016/j.ypmed.2020.106317,4
DOI:10.1016/s2215-0366(14)70312-8,DOI:10.1016/s2215-0366(14)70357-8,4
DOI:10.1016/s2215-0366(14)70312-8,DOI:10.1371/journal.pone.0089359,3
DOI:10.1016/s2215-0366(14)70312-8,DOI:10.1186/1471-2458-13-835,3
DOI:10.1111/j.1469-7610.2007.01855.x,DOI:10.1016/j.jadohealth.2016.06.020,3
DOI:10.1111/j.1469-7610.2007.01855.x,DOI:10.1016/s0140-6736(07)60368-7,4
DOI:10.3238/arztebl.2016.0183,DOI:10.1016/s0140-6736(11)60827-1,3
"MERIKANGAS KATHLEEN RIES, 2009, DIALOGUES CLIN NEUROSCI, V11, P7",DOI:10.1007/s007870050057,3
"MERIKANGAS KATHLEEN RIES, 2009, DIALOGUES CLIN NEUROSCI, V11, P7",DOI:10.1016/j.jaac.2010.05.017,3
"MERIKANGAS KATHLEEN RIES, 2009, DIALOGUES CLIN NEUROSCI, V11, P7",DOI:10.1016/s0140-6736(11)60827-1,5
"MERIKANGAS KATHLEEN RIES, 2009, DIALOGUES CLIN NEUROSCI, V11, P7",DOI:10.1097/yco.0b013e32816ebc8c,3
DOI:10.1093/heapro/dar075,DOI:10.1111/j.1467-8624.2010.01564.x,10
DOI:10.1093/heapro/dar075,DOI:10.1111/j.1475-3588.2012.00677.x,3
DOI:10.1093/heapro/dar075,DOI:10.1023/a:1024654026646,3
DOI:10.1093/heapro/dar075,DOI:10.1080/1754730x.2013.811952,3
DOI:10.1093/heapro/dar075,DOI:10.1097/01.chi.0000172552.41596.6f,3
DOI:10.1093/heapro/dar075,DOI:10.1016/s0140-6736(11)60512-6,3
DOI:10.1093/heapro/dar075,DOI:10.1017/jgc.2013.20,3
DOI:10.1093/heapro/dar075,DOI:10.1017/s0033291714002888,3
DOI:10.1093/heapro/dar075,"[ANONYMOUS], 2013, MENTAL HEALTH LAW",3
DOI:10.1093/heapro/dar075,DOI:10.1001/archpsyc.62.6.593,3
DOI:10.1093/heapro/dar075,DOI:10.1037/a0025957,4
DOI:10.1093/heapro/dar075,DOI:10.1186/1753-2000-2-18,3
DOI:10.1093/heapro/dar075,DOI:10.1192/bjp.bp.108.053058,3
DOI:10.1093/heapro/dar075,DOI:10.5694/j.1326-5377.1997.tb140071.x,3
DOI:10.1093/heapro/dar075,DOI:10.1111/eip.12010,3
DOI:10.1093/heapro/dar075,DOI:10.1177/0706743715616609,3
DOI:10.1093/heapro/dar075,DOI:10.1186/1471-244x-10-113,3
DOI:10.1093/heapro/dar075,DOI:10.1186/s12888-014-0379-4,3
DOI:10.1111/j.1467-8624.2010.01564.x,DOI:10.1023/a:1024654026646,3
DOI:10.1111/j.1467-8624.2010.01564.x,"WEIST MD, 2008, ADV SCH MENT HEALTH, V1, P2",3
DOI:10.1111/j.1467-8624.2010.01564.x,DOI:10.1080/1754730x.2013.811952,3
DOI:10.1111/j.1467-8624.2010.01564.x,DOI:10.1111/cdev.12864,5
DOI:10.1111/j.1467-8624.2010.01564.x,DOI:10.1016/j.jaac.2013.03.002,4
DOI:10.1111/j.1467-8624.2010.01564.x,DOI:10.1016/s0140-6736(11)60827-1,7
DOI:10.1111/j.1467-8624.2010.01564.x,DOI:10.1542/peds.2011-2248,4
DOI:10.1111/j.1467-8624.2010.01564.x,DOI:10.1111/j.1532-7795.2010.00725.x,4
DOI:10.1111/j.1467-8624.2010.01564.x,DOI:10.1016/j.cpr.2016.10.005,4
DOI:10.1111/j.1467-8624.2010.01564.x,DOI:10.1016/j.jaac.2010.05.017,3
DOI:10.1111/j.1467-8624.2010.01564.x,DOI:10.1016/s0140-6736(07)60368-7,4
DOI:10.1111/j.1467-8624.2010.01564.x,DOI:10.1002/pits.21641,3
DOI:10.1111/j.1467-8624.2010.01564.x,DOI:10.1001/archpsyc.62.6.593,4
DOI:10.1111/j.1467-8624.2010.01564.x,DOI:10.1371/journal.pmed.1000097,3
DOI:10.1111/j.1467-8624.2010.01564.x,"HERRMAN H., 2005, PROMOTING MENTAL HEALTH: CONCEPTS, EMERGING EVIDENCE, PRACTICE: A REPORT OF THE WORLD HEALTH ORGANIZATION, DEPARTMENT OF MENTAL HEALTH AND SUBSTANCE ABUSE IN COLLABORATION WITH THE VICTORIAN HEALTH PROMOTION FOUNDATION AND THE UNIVERSITY OF MELBOURNE",3
DOI:10.1111/j.1467-8624.2010.01564.x,DOI:10.1186/1471-2458-13-835,3
DOI:10.1111/j.1467-8624.2010.01564.x,DOI:10.1007/s00127-018-1530-1,4
DOI:10.1111/j.1467-8624.2010.01564.x,DOI:10.1111/j.1469-7610.1997.tb01545.x,4
DOI:10.1111/j.1467-8624.2010.01564.x,DOI:10.1002/pits.22487,3
DOI:10.1111/j.1467-8624.2010.01564.x,DOI:10.1017/s0033291714002888,3
DOI:10.1111/j.1467-8624.2010.01564.x,DOI:10.1111/jocn.14078,3
DOI:10.1001/archpsyc.62.6.593,DOI:10.1007/s00127-018-1530-1,3
DOI:10.1001/archpsyc.62.6.593,DOI:10.1017/s0033291714000129,4
DOI:10.1001/archpsyc.62.6.593,DOI:10.1097/yco.0b013e32816ebc8c,7
DOI:10.1001/archpsyc.62.6.593,DOI:10.1111/jcpp.12381,3
DOI:10.1001/archpsyc.62.6.593,DOI:10.1186/1471-244x-10-113,6
DOI:10.1001/archpsyc.62.6.593,DOI:10.1016/j.jaac.2016.02.018,5
DOI:10.1001/archpsyc.62.6.593,DOI:10.1016/s0140-6736(07)60368-7,7
DOI:10.1001/archpsyc.62.6.593,DOI:10.1016/s0140-6736(11)60512-6,6
DOI:10.1001/archpsyc.62.6.593,DOI:10.1016/s0140-6736(14)61213-7,5
DOI:10.1001/archpsyc.62.6.593,DOI:10.1080/j.1440-1614.2000.00748.x,4
DOI:10.1001/archpsyc.62.6.593,DOI:10.1111/eip.12010,5
DOI:10.1001/archpsyc.62.6.593,DOI:10.1136/bmjopen-2015-009435,4
DOI:10.1001/archpsyc.62.6.593,DOI:10.1177/070674371506001209,3
DOI:10.1001/archpsyc.62.6.593,DOI:10.1177/0706743715616609,6
DOI:10.1001/archpsyc.62.6.593,DOI:10.1186/s12888-014-0379-4,3
DOI:10.1001/archpsyc.62.6.593,DOI:10.1192/bjp.bp.108.053058,4
DOI:10.1001/archpsyc.62.6.593,DOI:10.5172/jamh.4.3.218,6
DOI:10.1001/archpsyc.62.6.593,DOI:10.5694/j.1326-5377.1997.tb140071.x,5
DOI:10.1001/archpsyc.62.6.593,DOI:10.1001/jamapediatrics.2018.5399,3
DOI:10.1001/archpsyc.62.6.593,DOI:10.1002/1520-6807(199301)30:1<79::aid-pits2310300113>3.0.co;2-x,3
DOI:10.1001/archpsyc.62.6.593,DOI:10.1007/s00787-003-0298-2,3
DOI:10.1001/archpsyc.62.6.593,DOI:10.1007/s007870050057,8
DOI:10.1001/archpsyc.62.6.593,DOI:10.1037/0003-066x.56.3.227,3
DOI:10.1001/archpsyc.62.6.593,DOI:10.1038/nrn2513,3
DOI:10.1001/archpsyc.62.6.593,DOI:10.1080/10705519909540118,3
DOI:10.1001/archpsyc.62.6.593,DOI:10.1097/00004583-200111000-00015,4
DOI:10.1001/archpsyc.62.6.593,DOI:10.1111/j.1469-7610.1997.tb01545.x,8
DOI:10.1001/archpsyc.62.6.593,DOI:10.1136/archdischild-2018-316702,3
DOI:10.1001/archpsyc.62.6.593,DOI:10.1186/1477-7525-5-63,3
DOI:10.1001/archpsyc.62.6.593,DOI:10.1186/1477-7525-7-15,3
DOI:10.1001/archpsyc.62.6.593,DOI:10.2196/jmir.4329,3
DOI:10.1001/archpsyc.62.6.593,DOI:10.1016/j.jaac.2013.03.002,3
DOI:10.1001/archpsyc.62.6.593,DOI:10.1016/s0140-6736(11)60827-1,7
DOI:10.1001/archpsyc.62.6.593,DOI:10.1037/13620-004,3
DOI:10.1001/archpsyc.62.6.593,DOI:10.1371/journal.pmed.1000097,3
DOI:10.1001/archpsyc.62.6.593,DOI:10.1007/s00787-019-01469-4,4
DOI:10.1001/archpsyc.62.6.593,DOI:10.1007/s00787-020-01583-8,3
DOI:10.1001/archpsyc.62.6.593,DOI:10.1016/j.jaac.2020.05.009,7
DOI:10.1001/archpsyc.62.6.593,DOI:10.1016/j.psychres.2020.113429,3
DOI:10.1001/archpsyc.62.6.593,DOI:10.1016/s2352-4642(20)30109-7,4
DOI:10.1001/archpsyc.62.6.593,DOI:10.1177/0734282912465570,3
DOI:10.1001/archpsyc.62.6.593,DOI:10.23736/s0026-4946.20.05887-9,4
DOI:10.1001/archpsyc.62.6.593,"WIDNALL E., 2020, YOUNG PEOPLES MENTAL HEALTH DURING THE COVID-19 PANDEMIC",4
DOI:10.1001/archpsyc.62.6.593,"[ANONYMOUS], 2020, MENTAL HEALTH OF CHILDREN AND YOUNG PEOPLE IN ENGLAND, 2020: WAVE 1 FOLLOW UP TO THE 2017 SURVEY",3
DOI:10.1001/archpsyc.62.6.593,DOI:10.1001/archpsyc.60.7.709,5
DOI:10.1001/archpsyc.62.6.593,DOI:10.1016/s0140-6736(21)02143-7,3
DOI:10.1001/archpsyc.62.6.593,DOI:10.1016/s2352-4642(18)30022-1,3
DOI:10.1001/archpsyc.62.6.593,DOI:10.1037/a0025957,5
DOI:10.1001/archpsyc.62.6.593,DOI:10.1186/s13034-020-00329-3,6
DOI:10.1001/archpsyc.62.6.593,"[ANONYMOUS], 2012, ADOLESCENT MENTAL HEALTH",3
DOI:10.1001/archpsyc.62.6.593,DOI:10.1016/j.adolescence.2005.05.004,3
DOI:10.1001/archpsyc.62.6.593,"SADLER K, 2018, MENTAL HEALTH OF CHILDREN AND YOUNG PEOPLE IN ENGLAND 2017",4
DOI:10.1001/archpsyc.62.6.593,DOI:10.1016/0005-7967(94)00075-u,3
DOI:10.1001/archpsyc.62.6.593,DOI:10.1037/t42876-000,3
DOI:10.1001/archpsyc.62.6.593,DOI:10.1146/annurev-psych-010213-115202,3
DOI:10.1001/archpsyc.62.6.593,DOI:10.1146/annurev.publhealth.26.021304.144357,3
DOI:10.1001/archpsyc.62.6.593,DOI:10.1186/s12888-020-02659-0,3
DOI:10.1001/archpsyc.62.6.593,DOI:10.1016/s0140-6736(11)60871-4,3
DOI:10.1001/archpsyc.62.6.593,DOI:10.1016/j.jaac.2010.05.017,7
DOI:10.1001/archpsyc.62.6.593,DOI:10.1016/j.neubiorev.2010.10.011,3
DOI:10.1001/archpsyc.62.6.593,DOI:10.1176/appi.ps.201100529,3
DOI:10.1001/archpsyc.62.6.593,DOI:10.2307/3090197,3
DOI:10.1001/archpsyc.62.6.593,DOI:10.1080/0954026021000046155,3
DOI:10.1001/archpsyc.62.6.593,DOI:10.1186/1471-2458-6-34,3
DOI:10.1001/archpsyc.62.6.593,DOI:10.1016/s2352-4642(20)30186-3,3
DOI:10.1001/archpsyc.62.6.593,DOI:10.3390/ijerph18052470,5
DOI:10.1001/archpsyc.62.6.593,DOI:10.1016/s0140-6736(12)60149-4,3
DOI:10.1001/archpsyc.62.6.593,DOI:10.1001/jamapediatrics.2020.1619,5
DOI:10.1001/archpsyc.62.6.593,DOI:10.1007/s10964-020-01332-9,8
DOI:10.1001/archpsyc.62.6.593,DOI:10.1016/j.psychres.2020.113307,4
DOI:10.1001/archpsyc.62.6.593,DOI:10.1016/s2215-0366(20)30168-1,3
DOI:10.1001/archpsyc.62.6.593,DOI:10.1016/s2468-2667(17)30011-7,3
DOI:10.1001/archpsyc.62.6.593,DOI:10.1111/jcv2.12009,3
DOI:10.1001/archpsyc.62.6.593,DOI:10.1192/bjp.bp.112.119164,3
DOI:10.1001/archpsyc.62.6.593,"BROOKS SAMANTHA K, 2020, LANCET, V395, P912, DOI [10.1016/S0140-6736(20)30460-8., 10.1016/S0140-6736(20)30460-8]",4
DOI:10.1001/archpsyc.62.6.593,DOI:10.1007/s00787-020-01541-4,6
DOI:10.1001/archpsyc.62.6.593,DOI:10.1007/s00787-021-01744-3,3
DOI:10.1001/archpsyc.62.6.593,DOI:10.1007/s12098-020-03347-3,3
DOI:10.1001/archpsyc.62.6.593,DOI:10.1016/j.jpeds.2020.03.013,5
DOI:10.1001/archpsyc.62.6.593,DOI:10.1016/s0140-6736(20)30547-x,3
DOI:10.1001/archpsyc.62.6.593,DOI:10.1017/dmp.2013.22,5
DOI:10.1001/archpsyc.62.6.593,DOI:10.3390/ijerph18073432,3
DOI:10.1001/archpsyc.62.6.593,DOI:10.1016/j.psychres.2020.113264,3
DOI:10.1001/archpsyc.62.6.593,DOI:10.1001/jamapediatrics.2021.2482,5
DOI:10.1001/archpsyc.62.6.593,DOI:10.1007/s00787-021-01856-w,3
DOI:10.1001/archpsyc.62.6.593,DOI:10.1007/s11920-021-01279-z,3
DOI:10.1001/archpsyc.62.6.593,DOI:10.1093/tropej/fmaa122,3
DOI:10.1001/archpsyc.62.6.593,DOI:10.1371/journal.pone.0255294,3
DOI:10.1001/archpsyc.62.6.593,DOI:10.3390/children8020098,3
DOI:10.1001/archpsyc.62.6.593,DOI:10.1016/j.bbi.2020.05.061,3
DOI:10.1001/archpsyc.62.6.593,DOI:10.1016/s0140-6736(20)30460-8,4
DOI:10.1001/archpsyc.62.6.593,DOI:10.1037/cbs0000215,3
DOI:10.1007/s00127-018-1530-1,DOI:10.1016/s0140-6736(11)60827-1,3
DOI:10.1007/s00127-018-1530-1,DOI:10.1111/j.1469-7610.1997.tb01545.x,3
DOI:10.1007/s00127-018-1530-1,"CALDWELL DM, 2019, LANCET PSYCHIAT, V6, P1011, DOI [10.1016/S2215-0366(20)30352-7, 10.1016/S2215-0366(19)30403-1]",3
DOI:10.1007/s00127-018-1530-1,DOI:10.1016/j.jadohealth.2016.06.020,3
DOI:10.1007/s00127-018-1530-1,DOI:10.1186/s12889-017-4733-6,3
DOI:10.1016/j.childyouth.2012.01.027,DOI:10.1097/yco.0b013e32816ebc8c,3
DOI:10.1016/j.childyouth.2012.01.027,DOI:10.1007/s12310-018-9291-2,3
DOI:10.1016/j.childyouth.2012.01.027,DOI:10.1111/eip.12793,3
DOI:10.1016/j.childyouth.2012.01.027,DOI:10.1177/0829573512468852,3
DOI:10.1016/j.childyouth.2012.01.027,DOI:10.1186/1471-244x-10-51,3
DOI:10.1016/j.jad.2018.07.023,DOI:10.1186/1471-244x-10-113,3
DOI:10.1017/s0033291714000129,DOI:10.1186/1471-244x-10-113,3
DOI:10.1017/s0033291714000129,DOI:10.1016/j.adolescence.2018.05.003,3
DOI:10.1017/s0033291714000129,DOI:10.1186/s12888-020-02659-0,3
DOI:10.1017/s0033291714000129,DOI:10.5694/j.1326-5377.1997.tb140071.x,3
DOI:10.1017/s0033291714000129,DOI:10.1016/j.jaac.2010.05.017,3
DOI:10.1097/yco.0b013e32816ebc8c,DOI:10.1186/1471-244x-10-113,3
DOI:10.1097/yco.0b013e32816ebc8c,DOI:10.1111/j.1469-7610.1997.tb01545.x,4
DOI:10.1097/yco.0b013e32816ebc8c,DOI:10.1016/j.jaac.2010.05.017,5
DOI:10.1097/yco.0b013e32816ebc8c,DOI:10.1016/j.jaac.2016.02.018,3
DOI:10.1097/yco.0b013e32816ebc8c,DOI:10.1038/s41380-021-01161-7,3
DOI:10.1097/yco.0b013e32816ebc8c,DOI:10.1177/0706743715616609,3
DOI:10.1097/yco.0b013e32816ebc8c,DOI:10.1016/s1054-139x(01)00333-0,3
DOI:10.1097/yco.0b013e32816ebc8c,DOI:10.1111/eip.12010,3
DOI:10.1097/yco.0b013e32816ebc8c,DOI:10.1192/bjp.177.6.534,4
DOI:10.1097/yco.0b013e32816ebc8c,DOI:10.1192/bjp.bp.112.119164,3
DOI:10.1097/yco.0b013e32816ebc8c,DOI:10.1007/978-3-319-89842-1_9,3
DOI:10.1097/yco.0b013e32816ebc8c,DOI:10.1007/s12310-018-9291-2,3
DOI:10.1097/yco.0b013e32816ebc8c,DOI:10.1016/j.jclinepi.2015.10.005,3
DOI:10.1097/yco.0b013e32816ebc8c,DOI:10.1017/s0033291717002835,3
DOI:10.1097/yco.0b013e32816ebc8c,DOI:10.1037/a0022714,3
DOI:10.1097/yco.0b013e32816ebc8c,DOI:10.1097/jom.0000000000001597,3
DOI:10.1097/yco.0b013e32816ebc8c,DOI:10.1111/eip.12793,3
DOI:10.1097/yco.0b013e32816ebc8c,DOI:10.1177/070674371005500707,3
DOI:10.1097/yco.0b013e32816ebc8c,DOI:10.1177/0829573512468852,4
DOI:10.1097/yco.0b013e32816ebc8c,DOI:10.1186/1471-244x-10-51,3
DOI:10.1097/yco.0b013e32816ebc8c,DOI:10.1192/bjp.185.4.342,3
DOI:10.1097/yco.0b013e32816ebc8c,DOI:10.3389/fpsyg.2016.00911,3
DOI:10.1097/yco.0b013e32816ebc8c,DOI:10.1016/j.brat.2019.103501,4
DOI:10.1097/yco.0b013e32816ebc8c,"LAWRENCE D., 2015, MENTAL HLTH CHILDREN",4
DOI:10.1097/yco.0b013e32816ebc8c,DOI:10.1001/archinte.166.10.1092,3
DOI:10.1097/yco.0b013e32816ebc8c,DOI:10.1016/s2352-4642(20)30186-3,5
DOI:10.1097/yco.0b013e32816ebc8c,DOI:10.1001/jamapediatrics.2021.2482,5
DOI:10.1097/yco.0b013e32816ebc8c,DOI:10.1007/s10964-020-01332-9,5
DOI:10.1097/yco.0b013e32816ebc8c,DOI:10.1016/j.jadohealth.2020.09.039,3
DOI:10.1097/yco.0b013e32816ebc8c,DOI:10.1016/s2215-0366(21)00156-5,3
DOI:10.1111/jcpp.12381,DOI:10.1111/j.1469-7610.1997.tb01545.x,3
DOI:10.1111/jcpp.12381,DOI:10.1001/archinte.166.10.1092,4
DOI:10.1111/jcpp.12381,DOI:10.1186/s12888-020-02659-0,3
DOI:10.1111/jcpp.12381,DOI:10.1037/t42876-000,3
DOI:10.1111/jcpp.12381,DOI:10.1001/jamapediatrics.2021.2482,3
DOI:10.1111/jcpp.12381,DOI:10.1016/j.jaac.2020.05.009,4
DOI:10.1111/jcpp.12381,DOI:10.1016/j.jpeds.2020.03.013,3
DOI:10.1111/jcpp.12381,DOI:10.1016/j.pnpbp.2020.110171,3
DOI:10.1111/jcpp.12381,DOI:10.3390/ijerph18052470,3
DOI:10.1111/jcpp.12381,DOI:10.1007/s10964-020-01332-9,3
DOI:10.1186/1471-244x-10-113,DOI:10.1016/j.jaac.2016.02.018,5
DOI:10.1186/1471-244x-10-113,DOI:10.1016/s0140-6736(07)60368-7,5
DOI:10.1186/1471-244x-10-113,DOI:10.1111/eip.12010,5
DOI:10.1186/1471-244x-10-113,DOI:10.1136/bmjopen-2015-009435,4
DOI:10.1186/1471-244x-10-113,DOI:10.1177/0706743715616609,5
DOI:10.1186/1471-244x-10-113,DOI:10.1186/s12888-014-0379-4,6
DOI:10.1186/1471-244x-10-113,DOI:10.5172/jamh.4.3.218,8
DOI:10.1186/1471-244x-10-113,DOI:10.5694/j.1326-5377.1997.tb140071.x,10
DOI:10.1186/1471-244x-10-113,DOI:10.1016/s0140-6736(11)60827-1,4
DOI:10.1186/1471-244x-10-113,DOI:10.1016/s0140-6736(16)00579-1,3
DOI:10.1186/1471-244x-10-113,DOI:10.1016/j.chc.2014.11.007,3
DOI:10.1186/1471-244x-10-113,DOI:10.1016/j.psychres.2015.05.064,3
DOI:10.1186/1471-244x-10-113,DOI:10.1097/nmd.0000000000000488,3
DOI:10.1186/1471-244x-10-113,DOI:10.1007/s10488-020-01080-9,5
DOI:10.1186/1471-244x-10-113,DOI:10.1007/s10826-012-9668-z,3
DOI:10.1186/1471-244x-10-113,DOI:10.1016/j.chc.2014.11.002,3
DOI:10.1186/1471-244x-10-113,DOI:10.1177/1557988312441520,3
DOI:10.1186/1471-244x-10-113,DOI:10.1016/j.jaac.2010.05.017,3
DOI:10.1186/1471-244x-10-113,DOI:10.1186/s12888-015-0681-9,3
DOI:10.1186/1471-244x-10-113,"KELLY CM, 2007, MED J AUSTRALIA, V187, PS26",4
DOI:10.1186/1471-244x-10-113,DOI:10.1037/a0025957,8
DOI:10.1186/1471-244x-10-113,DOI:10.1037/13620-004,3
DOI:10.1186/1471-244x-10-113,DOI:10.1186/s12888-020-02659-0,4
DOI:10.1186/1471-244x-10-113,DOI:10.1002/jcad.12178,3
DOI:10.1186/1471-244x-10-113,DOI:10.1007/s12310-012-9097-6,3
DOI:10.1186/1471-244x-10-113,DOI:10.1023/a:1023286210205,3
DOI:10.1186/1471-244x-10-113,DOI:10.1037//0022-006x.70.1.44,4
DOI:10.1186/1471-244x-10-113,DOI:10.1111/cfs.12078,3
DOI:10.1186/1471-244x-10-113,DOI:10.1176/appi.ps.201100529,3
DOI:10.1186/1471-244x-10-113,"MANGANELLO J.A., 2013, HANDBOOK OF ADOLESCENT HEALTH PSYCHOLOGY, P143",3
DOI:10.1186/1471-244x-10-113,DOI:10.1007/s00787-019-01469-4,7
DOI:10.1186/1471-244x-10-113,DOI:10.1080/02667363.2022.2051441,4
DOI:10.1186/1471-244x-10-113,DOI:10.1080/09638237.2017.1340630,3
DOI:10.1186/1471-244x-10-113,"SEN BISAKHA, 2004, J MENT HEALTH POLICY ECON, V7, P133",3
"ACHENBACH T.M., 2001, MANUAL ASEBA SCH AGE",DOI:10.1001/archinte.166.10.1092,3
"ACHENBACH T.M., 2001, MANUAL ASEBA SCH AGE",DOI:10.1176/appi.books.9780890425596],3
"ACHENBACH T.M., 2001, MANUAL ASEBA SCH AGE",DOI:10.1542/peds.2020-016824,3
"ACHENBACH T.M., 2001, MANUAL ASEBA SCH AGE",DOI:10.1046/j.1525-1497.2001.016009606.x,3
"ACHENBACH T.M., 2001, MANUAL ASEBA SCH AGE",DOI:10.1007/s00787-022-02060-0,3
DOI:10.1007/s10964-008-9312-9,DOI:10.1207/s15374424jccp3502_1,3
DOI:10.1007/s10964-008-9312-9,DOI:10.1037//0022-0663.94.4.795,3
DOI:10.1007/s10964-008-9312-9,DOI:10.1111/j.1746-1561.2004.tb08284.x,3
DOI:10.1111/j.1532-7795.2009.00632.x,DOI:10.1207/s15374424jccp3502_1,3
DOI:10.1111/j.1532-7795.2010.00725.x,DOI:10.1177/014662167700100306,3
DOI:10.1111/j.1532-7795.2010.00725.x,DOI:10.1002/1520-6807(199301)30:1<79::aid-pits2310300113>3.0.co;2-x,5
DOI:10.1111/j.1532-7795.2010.00725.x,DOI:10.1016/j.childyouth.2014.02.005,3
DOI:10.1111/j.1532-7795.2010.00725.x,DOI:10.1111/j.1939-0025.2010.01049.x,3
DOI:10.1111/j.1532-7795.2010.00725.x,DOI:10.1037/0003-066x.48.2.90,3
DOI:10.1111/j.1532-7795.2010.00725.x,DOI:10.1007/s10648-015-9319-1,3
DOI:10.1111/j.1532-7795.2010.00725.x,DOI:10.1016/s0140-6736(11)60827-1,3
DOI:10.1111/j.1532-7795.2010.00725.x,DOI:10.1080/10705510701575396,3
DOI:10.1111/j.1532-7795.2010.00725.x,"SULDO SM, 2008, SCHOOL PSYCHOL REV, V37, P52",3
DOI:10.1111/j.1746-1561.2002.tb06533.x,DOI:10.1177/0272431611435117,3
DOI:10.1111/j.1746-1561.2002.tb06533.x,DOI:10.1207/s15374424jccp3502_1,3
DOI:10.1111/j.1746-1561.2002.tb06533.x,DOI:10.1001/jama.278.10.823,3
DOI:10.1111/j.1746-1561.2002.tb06533.x,DOI:10.1186/s12889-022-14364-6,3
DOI:10.1177/014662167700100306,DOI:10.1037/0022-006x.73.3.539,3
DOI:10.1177/014662167700100306,DOI:10.1207/s15327752jpa4901_13,3
DOI:10.1177/070674371506000604,DOI:10.1207/s15374424jccp3502_1,4
DOI:10.1177/070674371506000604,DOI:10.1016/j.jadohealth.2006.10.013,3
DOI:10.1177/070674371506000604,DOI:10.1111/j.1746-1561.2004.tb08284.x,3
DOI:10.1207/s15374424jccp3502_1,DOI:10.1007/s10648-013-9216-4,3
DOI:10.1207/s15374424jccp3502_1,DOI:10.1016/j.childyouth.2017.08.011,3
DOI:10.1207/s15374424jccp3502_1,DOI:10.1111/j.1746-1561.2004.tb08284.x,7
DOI:10.1207/s15374424jccp3502_1,"MCNEELY CLEA A, 2002, J SCH HEALTH, V72, P138",4
DOI:10.1207/s15374424jccp3502_1,DOI:10.1007/s10648-016-9389-8,4
DOI:10.1207/s15374424jccp3502_1,DOI:10.1016/j.jadohealth.2006.10.013,7
DOI:10.1207/s15374424jccp3502_1,DOI:10.1017/jgc.2013.20,4
DOI:10.1207/s15374424jccp3502_1,DOI:10.1080/00050060701668637,3
DOI:10.1207/s15374424jccp3502_1,DOI:10.1080/10705519909540118,5
DOI:10.1207/s15374424jccp3502_1,DOI:10.1111/j.1469-7610.1997.tb01545.x,4
DOI:10.1207/s15374424jccp3502_1,DOI:10.1111/j.1746-1561.2009.00443.x,3
DOI:10.1207/s15374424jccp3502_1,DOI:10.1542/peds.2011-2248,4
DOI:10.1207/s15374424jccp3502_1,DOI:10.1001/jama.278.10.823,7
DOI:10.1207/s15374424jccp3502_1,DOI:10.1002/1520-6807(199301)30:1<79::aid-pits2310300113>3.0.co;2-x,6
DOI:10.1207/s15374424jccp3502_1,DOI:10.1016/s0022-4405(01)00059-0,3
DOI:10.1207/s15374424jccp3502_1,DOI:10.1016/s0749-7423(03)13002-6,3
DOI:10.1207/s15374424jccp3502_1,DOI:10.1037//0022-0663.94.4.795,5
DOI:10.1207/s15374424jccp3502_1,DOI:10.1080/15374410802148053,3
DOI:10.1207/s15374424jccp3502_1,DOI:10.1111/j.1532-7795.2012.00783.x,4
DOI:10.1207/s15374424jccp3502_1,DOI:10.1348/000709909x484479,3
DOI:10.1207/s15374424jccp3502_1,DOI:10.3102/00346543070003323,3
DOI:10.1111/j.1475-3588.2011.00615.x,DOI:10.1016/j.cbpra.2018.03.006,3
DOI:10.1111/j.1475-3588.2011.00615.x,DOI:10.1097/00004583-200111000-00015,3
DOI:10.1016/j.jaac.2016.02.018,DOI:10.1016/s0140-6736(07)60368-7,3
DOI:10.1016/j.jaac.2016.02.018,DOI:10.1080/j.1440-1614.2000.00748.x,3
DOI:10.1016/j.jaac.2016.02.018,DOI:10.1111/eip.12010,5
DOI:10.1016/j.jaac.2016.02.018,DOI:10.1136/bmjopen-2015-009435,3
DOI:10.1016/j.jaac.2016.02.018,DOI:10.1177/070674371506001209,3
DOI:10.1016/j.jaac.2016.02.018,DOI:10.1177/0706743715616609,5
DOI:10.1016/j.jaac.2016.02.018,DOI:10.1186/1471-2458-13-873,3
DOI:10.1016/j.jaac.2016.02.018,DOI:10.1186/s12888-014-0379-4,4
DOI:10.1016/j.jaac.2016.02.018,DOI:10.1192/bjp.bp.108.053058,3
DOI:10.1016/j.jaac.2016.02.018,DOI:10.5172/jamh.4.3.218,3
DOI:10.1016/j.jaac.2016.02.018,DOI:10.5694/j.1326-5377.1997.tb140071.x,3
DOI:10.1016/j.jaac.2016.02.018,DOI:10.1016/j.chc.2014.11.007,3
DOI:10.1016/j.jaac.2016.02.018,DOI:10.1038/s41380-021-01161-7,3
DOI:10.1016/j.jaac.2016.02.018,DOI:10.1037/a0025957,3
DOI:10.1016/j.jaac.2016.02.018,DOI:10.1176/appi.ps.201100529,3
DOI:10.1016/s0140-6736(07)60368-7,DOI:10.1016/s0140-6736(11)60512-6,5
DOI:10.1016/s0140-6736(07)60368-7,DOI:10.1016/s0140-6736(14)61213-7,3
DOI:10.1016/s0140-6736(07)60368-7,DOI:10.1177/0706743715616609,3
DOI:10.1016/s0140-6736(07)60368-7,DOI:10.1186/1471-2458-13-873,3
DOI:10.1016/s0140-6736(07)60368-7,DOI:10.5694/j.1326-5377.1997.tb140071.x,4
DOI:10.1016/s0140-6736(07)60368-7,"KESSLER RC, 2007, WORLD PSYCHIATRY, V6, P168",3
DOI:10.1016/s0140-6736(07)60368-7,"PATTON GC, 2014, LANCET, V383, P1404, DOI [10.1016/S0140-6736(13)62116-9, 10.1016/S0140-6736(13)62116-9]",4
DOI:10.1016/s0140-6736(07)60368-7,DOI:10.1016/j.cpr.2016.10.005,3
DOI:10.1016/s0140-6736(07)60368-7,DOI:10.1016/s0140-6736(11)60827-1,6
DOI:10.1016/s0140-6736(07)60368-7,DOI:10.1097/00004583-200405000-00007,4
DOI:10.1016/s0140-6736(07)60368-7,DOI:10.1111/j.1475-3588.2010.00584.x,3
DOI:10.1016/s0140-6736(07)60368-7,DOI:10.1207/s15374424jccp3003_3,3
DOI:10.1016/s0140-6736(07)60368-7,DOI:10.1111/j.1469-7610.1997.tb01545.x,3
DOI:10.1016/s0140-6736(07)60368-7,DOI:10.1146/annurev.publhealth.26.021304.144357,4
DOI:10.1016/s0140-6736(07)60368-7,DOI:10.1016/j.brat.2019.103439,3
DOI:10.1016/s0140-6736(07)60368-7,DOI:10.1001/archpsyc.60.7.709,4
DOI:10.1016/s0140-6736(07)60368-7,DOI:10.1001/archpsyc.59.3.225,4
DOI:10.1016/s0140-6736(07)60368-7,DOI:10.1002/cpp.719,3
DOI:10.1016/s0140-6736(07)60368-7,DOI:10.1016/j.cpr.2010.03.003,3
DOI:10.1016/s0140-6736(07)60368-7,DOI:10.1037/0003-066x.60.6.628,3
DOI:10.1016/s0140-6736(07)60368-7,DOI:10.1111/1467-8624.00164,4
DOI:10.1016/s0140-6736(07)60368-7,DOI:10.1111/josh.12096,3
DOI:10.1016/s0140-6736(07)60368-7,DOI:10.1136/bmj.a1655,3
DOI:10.1016/s0140-6736(11)60512-6,DOI:10.1016/s0140-6736(14)61213-7,3
DOI:10.1016/s0140-6736(11)60512-6,"KESSLER RC, 2007, WORLD PSYCHIATRY, V6, P168",3
DOI:10.1016/s0140-6736(11)60512-6,DOI:10.1017/s0033291714002888,3
DOI:10.1016/s0140-6736(11)60512-6,DOI:10.1007/s10802-010-9434-x,3
DOI:10.1016/s0140-6736(14)61213-7,DOI:10.1016/s2215-0366(18)30057-9,4
DOI:10.1016/s0140-6736(14)61213-7,DOI:10.1192/bjp.124.5.460,3
DOI:10.1016/s0140-6736(14)61213-7,DOI:10.1186/1471-2458-10-192,3
DOI:10.1016/s0140-6736(14)61213-7,DOI:10.1186/1471-2458-7-161,3
DOI:10.1016/s0140-6736(14)61213-7,DOI:10.1080/09638237.2017.1340630,3
DOI:10.1016/s0140-6736(14)61213-7,DOI:10.1186/1471-2458-12-776,3
DOI:10.1016/s0140-6736(14)61213-7,DOI:10.1016/s2215-0366(16)30030-x,3
DOI:10.1016/s0140-6736(14)61213-7,DOI:10.1027/0227-5910/a000168,4
DOI:10.1016/s0140-6736(14)61213-7,DOI:10.1186/1471-2458-13-479,3
DOI:10.1080/j.1440-1614.2000.00748.x,DOI:10.1111/eip.12010,3
DOI:10.1080/j.1440-1614.2000.00748.x,DOI:10.1136/bmjopen-2015-009435,3
DOI:10.1080/j.1440-1614.2000.00748.x,DOI:10.1177/0706743715616609,3
DOI:10.1080/j.1440-1614.2000.00748.x,DOI:10.1016/s0140-6736(11)60827-1,3
DOI:10.1080/j.1440-1614.2000.00748.x,DOI:10.1007/s007870050057,3
DOI:10.1080/j.1440-1614.2000.00748.x,DOI:10.1111/j.1469-7610.1997.tb01545.x,3
DOI:10.1111/eip.12010,DOI:10.1136/bmjopen-2015-009435,4
DOI:10.1111/eip.12010,DOI:10.1177/0706743715616609,7
DOI:10.1111/eip.12010,DOI:10.1177/1059840517732125,3
DOI:10.1111/eip.12010,DOI:10.1186/1471-2458-13-873,3
DOI:10.1111/eip.12010,DOI:10.1186/1753-2000-8-26,4
DOI:10.1111/eip.12010,DOI:10.1186/s12888-014-0379-4,4
DOI:10.1111/eip.12010,DOI:10.1192/bjp.bp.108.053058,4
DOI:10.1111/eip.12010,DOI:10.5694/j.1326-5377.1997.tb140071.x,5
DOI:10.1111/eip.12010,DOI:10.1016/j.adolescence.2005.05.004,3
DOI:10.1111/eip.12010,DOI:10.1037/a0025957,7
DOI:10.1111/eip.12010,DOI:10.1111/j.1440-1614.2006.01885.x,3
DOI:10.1111/eip.12010,DOI:10.1176/appi.ps.201100529,4
DOI:10.1111/eip.12010,DOI:10.1177/0829573512468852,4
DOI:10.1111/eip.12010,DOI:10.1515/ijamh-2013-0301,3
DOI:10.1111/eip.12010,DOI:10.4324/9780203771587],3
DOI:10.1111/eip.12010,DOI:10.1007/s00787-016-0867-9,3
DOI:10.1111/eip.12010,DOI:10.1016/j.chc.2014.11.007,3
DOI:10.1111/eip.12010,DOI:10.1016/s0140-6736(11)60871-4,3
DOI:10.1136/bmjopen-2015-009435,DOI:10.1177/0706743715616609,7
DOI:10.1136/bmjopen-2015-009435,DOI:10.1186/1471-2458-13-873,4
DOI:10.1136/bmjopen-2015-009435,DOI:10.1186/1753-2000-8-26,3
DOI:10.1136/bmjopen-2015-009435,DOI:10.1192/bjp.bp.108.053058,3
DOI:10.1136/bmjopen-2015-009435,DOI:10.5694/j.1326-5377.1997.tb140071.x,8
DOI:10.1136/bmjopen-2015-009435,DOI:10.1016/j.socscimed.2011.04.006,3
DOI:10.1136/bmjopen-2015-009435,DOI:10.1037/a0025957,7
DOI:10.1136/bmjopen-2015-009435,DOI:10.1176/appi.ps.201100529,3
DOI:10.1136/bmjopen-2015-009435,DOI:10.1016/j.adolescence.2014.08.001,5
DOI:10.1136/bmjopen-2015-009435,DOI:10.1186/1471-244x-12-81,3
DOI:10.1136/bmjopen-2015-009435,DOI:10.1186/s12889-017-4733-6,3
DOI:10.1136/bmjopen-2015-009435,DOI:10.1111/jocn.14078,3
DOI:10.1136/bmjopen-2015-009435,DOI:10.1111/tmi.13449,4
DOI:10.1136/bmjopen-2015-009435,DOI:10.3390/ijerph15071426,3
DOI:10.1136/bmjopen-2015-009435,"FISHBEIN M, 2011, PREDICTING AND CHANGING BEHAVIOR: THE REASONED ACTION APPROACH, P1",3
DOI:10.1136/bmjopen-2015-009435,DOI:10.1186/s12889-018-5855-1,3
DOI:10.1177/070674371506001209,DOI:10.5694/j.1326-5377.1997.tb140071.x,3
DOI:10.1177/0706743715616609,DOI:10.1177/1059840517732125,4
DOI:10.1177/0706743715616609,DOI:10.1186/1471-2458-13-873,5
DOI:10.1177/0706743715616609,DOI:10.1186/1753-2000-8-26,3
DOI:10.1177/0706743715616609,DOI:10.1186/s12888-014-0379-4,5
DOI:10.1177/0706743715616609,DOI:10.1192/bjp.bp.108.053058,4
DOI:10.1177/0706743715616609,DOI:10.5172/jamh.4.3.218,4
DOI:10.1177/0706743715616609,DOI:10.5694/j.1326-5377.1997.tb140071.x,12
DOI:10.1177/0706743715616609,DOI:10.1007/s00787-019-01469-4,4
DOI:10.1177/0706743715616609,DOI:10.1016/j.adolescence.2005.05.004,4
DOI:10.1177/0706743715616609,DOI:10.1037/a0025957,11
DOI:10.1177/0706743715616609,DOI:10.1038/s41380-021-01161-7,5
DOI:10.1177/0706743715616609,DOI:10.1080/09638237.2018.1437613,3
DOI:10.1177/0706743715616609,DOI:10.1111/eip.13109,4
DOI:10.1177/0706743715616609,DOI:10.1111/j.1440-1614.2006.01885.x,3
DOI:10.1177/0706743715616609,DOI:10.1176/appi.ps.201100529,3
DOI:10.1177/0706743715616609,DOI:10.1186/s12888-020-02659-0,3
DOI:10.1177/0706743715616609,DOI:10.1515/ijamh-2013-0301,3
DOI:10.1177/0706743715616609,DOI:10.3389/ijph.2021.1604072,3
DOI:10.1177/0706743715616609,DOI:10.4324/9780203771587],3
DOI:10.1177/0706743715616609,DOI:10.1016/j.chc.2014.11.007,4
DOI:10.1177/0706743715616609,DOI:10.1111/tmi.13449,5
DOI:10.1177/0706743715616609,DOI:10.1186/s12888-015-0681-9,3
DOI:10.1177/0706743715616609,"KELLY CM, 2007, MED J AUSTRALIA, V187, PS26",3
DOI:10.1177/0706743715616609,DOI:10.3390/ijerph18189500,3
DOI:10.1177/0706743715616609,DOI:10.1186/s12889-020-08734-1,3
DOI:10.1177/0706743715616609,"CAIRNS K., 2019, INT HDB HLTH LITERAC, P291",3
DOI:10.1177/0706743715616609,DOI:10.1016/j.adolescence.2014.08.001,5
DOI:10.1177/0706743715616609,DOI:10.1016/j.jadohealth.2016.06.020,3
DOI:10.1177/0706743715616609,DOI:10.1016/j.socscimed.2008.09.050,3
DOI:10.1177/0706743715616609,DOI:10.1093/heapro/15.3.259,5
DOI:10.1177/0706743715616609,DOI:10.1111/jocn.14078,3
DOI:10.1177/0706743715616609,DOI:10.1136/bmj.a1655,3
DOI:10.1177/0706743715616609,DOI:10.1186/1471-2458-12-80,4
DOI:10.1177/0706743715616609,DOI:10.1186/s12889-017-4733-6,4
DOI:10.1177/0706743715616609,DOI:10.1186/s13034-020-00329-3,3
DOI:10.1177/0706743715616609,DOI:10.1186/s43045-020-00075-4,3
DOI:10.1177/0706743715616609,DOI:10.3390/ijerph15071426,3
DOI:10.1177/0706743715616609,DOI:10.51952/9781447344520.007,3
DOI:10.1177/0706743715616609,"JORM A. F., 2014, MENTAL HLTH LITERACY, P27",3
DOI:10.1177/0706743715616609,"MORGADO TÂNIA, 2014, REVISTA PORTUGUESA DE ENFERMAGEM DE SAÚDE MENTAL, P90",3
DOI:10.1177/0706743715616609,DOI:10.1080/10410236.2015.1037423,3
DOI:10.1177/0706743715616609,"[ANONYMOUS], 2013, HLTH LIT SOL FACTS",3
DOI:10.1177/0706743715616609,"[ANONYMOUS], 2013, MENTAL HEALTH LAW",4
DOI:10.1177/0706743715616609,DOI:10.1186/s12889-018-5855-1,3
DOI:10.1177/1059840517732125,DOI:10.1186/1471-2458-13-873,3
DOI:10.1177/1059840517732125,DOI:10.1186/s12888-014-0379-4,3
DOI:10.1177/1059840517732125,DOI:10.1192/bjp.bp.108.053058,3
DOI:10.1177/1059840517732125,DOI:10.5694/j.1326-5377.1997.tb140071.x,4
DOI:10.1177/1059840517732125,DOI:10.1016/j.chc.2014.11.007,3
DOI:10.1186/1471-2458-13-873,DOI:10.1186/1753-2000-8-26,3
DOI:10.1186/1471-2458-13-873,DOI:10.5694/j.1326-5377.1997.tb140071.x,6
DOI:10.1186/1471-2458-13-873,DOI:10.1037/a0025957,4
DOI:10.1186/1471-2458-13-873,DOI:10.1016/j.chc.2014.11.007,4
DOI:10.1186/1471-2458-13-873,DOI:10.1111/tmi.13449,4
DOI:10.1186/1471-2458-13-873,DOI:10.1093/heapro/15.3.259,3
DOI:10.1186/1471-2458-13-873,DOI:10.1186/s12889-017-4733-6,3
DOI:10.1186/1471-2458-13-873,DOI:10.1007/s00787-016-0867-9,3
DOI:10.1186/1753-2000-8-26,DOI:10.5694/j.1326-5377.1997.tb140071.x,4
DOI:10.1186/1753-2000-8-26,DOI:10.1007/s00787-016-0867-9,3
DOI:10.1186/s12888-014-0379-4,DOI:10.1192/bjp.bp.108.053058,3
DOI:10.1186/s12888-014-0379-4,DOI:10.5172/jamh.4.3.218,4
DOI:10.1186/s12888-014-0379-4,DOI:10.5694/j.1326-5377.1997.tb140071.x,5
DOI:10.1186/s12888-014-0379-4,DOI:10.1016/j.chc.2014.11.007,3
DOI:10.1186/s12888-014-0379-4,DOI:10.1186/s12888-015-0681-9,3
DOI:10.1186/s12888-014-0379-4,"KELLY CM, 2007, MED J AUSTRALIA, V187, PS26",3
DOI:10.1186/s12888-014-0379-4,DOI:10.1037/a0025957,3
DOI:10.1186/s12888-014-0379-4,DOI:10.1080/1754730x.2013.784615,3
DOI:10.1186/s12888-014-0379-4,DOI:10.1016/j.adolescence.2014.08.001,3
DOI:10.1192/bjp.bp.108.053058,DOI:10.5694/j.1326-5377.1997.tb140071.x,4
DOI:10.1192/bjp.bp.108.053058,DOI:10.1111/tmi.13449,3
DOI:10.1192/bjp.bp.108.053058,DOI:10.1037/a0025957,3
DOI:10.1371/journal.pone.0197102,DOI:10.1177/0004867419885450,3
DOI:10.1371/journal.pone.0197102,DOI:10.1186/s13033-016-0034-1,4
DOI:10.1371/journal.pone.0197102,"KITCHENER B.A., 2017, MENTAL HEALTH FIRST AID MANUAL, V4TH",3
DOI:10.5172/jamh.4.3.218,DOI:10.5694/j.1326-5377.1997.tb140071.x,6
DOI:10.5172/jamh.4.3.218,DOI:10.1016/j.jaac.2010.05.017,3
DOI:10.5172/jamh.4.3.218,DOI:10.1111/tmi.13449,4
DOI:10.5172/jamh.4.3.218,DOI:10.1186/s12888-020-02659-0,5
DOI:10.5172/jamh.4.3.218,DOI:10.1037//0022-006x.70.1.44,4
DOI:10.5172/jamh.4.3.218,DOI:10.1007/s00787-019-01469-4,8
DOI:10.5172/jamh.4.3.218,DOI:10.1007/s10488-020-01080-9,3
DOI:10.5172/jamh.4.3.218,DOI:10.2147/prbm.s38707,3
DOI:10.5172/jamh.4.3.218,DOI:10.1037/t42876-000,3
DOI:10.5694/j.1326-5377.1997.tb140071.x,DOI:10.1002/ajcp.12085,3
DOI:10.5694/j.1326-5377.1997.tb140071.x,DOI:10.1002/jclp.20708,3
DOI:10.5694/j.1326-5377.1997.tb140071.x,DOI:10.1007/s00787-019-01469-4,7
DOI:10.5694/j.1326-5377.1997.tb140071.x,DOI:10.1007/s12310-013-9108-2,4
DOI:10.5694/j.1326-5377.1997.tb140071.x,DOI:10.1007/s12310-018-9285-0,4
DOI:10.5694/j.1326-5377.1997.tb140071.x,DOI:10.1016/j.jaac.2010.05.017,3
DOI:10.5694/j.1326-5377.1997.tb140071.x,DOI:10.1016/j.jadohealth.2015.09.017,4
DOI:10.5694/j.1326-5377.1997.tb140071.x,DOI:10.1023/a:1023286210205,3
DOI:10.5694/j.1326-5377.1997.tb140071.x,DOI:10.1037/a0035300,3
DOI:10.5694/j.1326-5377.1997.tb140071.x,DOI:10.1080/00048670701449179,3
DOI:10.5694/j.1326-5377.1997.tb140071.x,DOI:10.1192/bjp.177.5.396,5
DOI:10.5694/j.1326-5377.1997.tb140071.x,DOI:10.1016/j.adolescence.2005.05.004,4
DOI:10.5694/j.1326-5377.1997.tb140071.x,DOI:10.1037/a0025957,13
DOI:10.5694/j.1326-5377.1997.tb140071.x,DOI:10.1038/s41380-021-01161-7,4
DOI:10.5694/j.1326-5377.1997.tb140071.x,DOI:10.1080/02667363.2022.2051441,3
DOI:10.5694/j.1326-5377.1997.tb140071.x,DOI:10.1111/camh.12609,3
DOI:10.5694/j.1326-5377.1997.tb140071.x,DOI:10.1111/eip.13109,3
DOI:10.5694/j.1326-5377.1997.tb140071.x,DOI:10.1111/j.1440-1614.2006.01885.x,3
DOI:10.5694/j.1326-5377.1997.tb140071.x,DOI:10.1176/appi.ps.201100529,3
DOI:10.5694/j.1326-5377.1997.tb140071.x,DOI:10.1186/s12888-020-02659-0,4
DOI:10.5694/j.1326-5377.1997.tb140071.x,DOI:10.1515/ijamh-2013-0301,3
DOI:10.5694/j.1326-5377.1997.tb140071.x,DOI:10.3389/ijph.2021.1604072,3
DOI:10.5694/j.1326-5377.1997.tb140071.x,DOI:10.4324/9780203771587],3
DOI:10.5694/j.1326-5377.1997.tb140071.x,DOI:10.1007/s00787-016-0867-9,3
DOI:10.5694/j.1326-5377.1997.tb140071.x,DOI:10.1016/b978-0-12-804394-3.00008-5,3
DOI:10.5694/j.1326-5377.1997.tb140071.x,DOI:10.1016/j.adolescence.2014.08.001,6
DOI:10.5694/j.1326-5377.1997.tb140071.x,DOI:10.1016/j.chc.2014.11.007,4
DOI:10.5694/j.1326-5377.1997.tb140071.x,DOI:10.1016/j.socscimed.2011.04.006,3
DOI:10.5694/j.1326-5377.1997.tb140071.x,DOI:10.1017/s2045796011000308,3
DOI:10.5694/j.1326-5377.1997.tb140071.x,DOI:10.1097/nmd.0000000000000488,4
DOI:10.5694/j.1326-5377.1997.tb140071.x,DOI:10.1186/1471-244x-12-81,3
DOI:10.5694/j.1326-5377.1997.tb140071.x,DOI:10.1186/s12889-017-4733-6,5
DOI:10.5694/j.1326-5377.1997.tb140071.x,DOI:10.1016/s2215-0366(15)00505-2,3
DOI:10.5694/j.1326-5377.1997.tb140071.x,DOI:10.1111/tmi.13449,7
DOI:10.5694/j.1326-5377.1997.tb140071.x,DOI:10.1186/s12888-015-0681-9,4
DOI:10.5694/j.1326-5377.1997.tb140071.x,DOI:10.1016/j.jad.2010.03.011,3
DOI:10.5694/j.1326-5377.1997.tb140071.x,DOI:10.1037/13620-004,3
DOI:10.5694/j.1326-5377.1997.tb140071.x,DOI:10.1111/j.1751-7893.2010.00196.x,4
DOI:10.5694/j.1326-5377.1997.tb140071.x,DOI:10.1371/journal.pone.0079476,3
DOI:10.5694/j.1326-5377.1997.tb140071.x,DOI:10.1002/jcad.12178,3
DOI:10.5694/j.1326-5377.1997.tb140071.x,DOI:10.1111/cfs.12078,3
DOI:10.5694/j.1326-5377.1997.tb140071.x,"CAIRNS K., 2019, INT HDB HLTH LITERAC, P291",3
DOI:10.5694/j.1326-5377.1997.tb140071.x,DOI:10.1016/j.socscimed.2008.09.050,3
DOI:10.5694/j.1326-5377.1997.tb140071.x,DOI:10.1093/heapro/15.3.259,5
DOI:10.5694/j.1326-5377.1997.tb140071.x,DOI:10.1136/bmj.a1655,3
DOI:10.5694/j.1326-5377.1997.tb140071.x,DOI:10.1186/1471-2458-12-80,4
DOI:10.5694/j.1326-5377.1997.tb140071.x,DOI:10.1186/s13034-020-00329-3,3
DOI:10.5694/j.1326-5377.1997.tb140071.x,DOI:10.1186/s43045-020-00075-4,3
DOI:10.5694/j.1326-5377.1997.tb140071.x,DOI:10.3390/ijerph15071426,4
DOI:10.5694/j.1326-5377.1997.tb140071.x,DOI:10.51952/9781447344520.007,3
DOI:10.5694/j.1326-5377.1997.tb140071.x,"FISHBEIN M, 2011, PREDICTING AND CHANGING BEHAVIOR: THE REASONED ACTION APPROACH, P1",3
DOI:10.5694/j.1326-5377.1997.tb140071.x,"JORM A. F., 2014, MENTAL HLTH LITERACY, P27",3
DOI:10.5694/j.1326-5377.1997.tb140071.x,"MORGADO TÂNIA, 2014, REVISTA PORTUGUESA DE ENFERMAGEM DE SAÚDE MENTAL, P90",3
DOI:10.5694/j.1326-5377.1997.tb140071.x,DOI:10.1080/10410236.2015.1037423,3
DOI:10.5694/j.1326-5377.1997.tb140071.x,"[ANONYMOUS], 2013, MENTAL HEALTH LAW",4
DOI:10.5694/j.1326-5377.1997.tb140071.x,DOI:10.1186/s12889-018-5855-1,3
"KESSLER RC, 2007, WORLD PSYCHIATRY, V6, P168","PATTON GC, 2014, LANCET, V383, P1404, DOI [10.1016/S0140-6736(13)62116-9, 10.1016/S0140-6736(13)62116-9]",3
"KESSLER RC, 2007, WORLD PSYCHIATRY, V6, P168",DOI:10.1007/s007870050057,3
"KESSLER RC, 2007, WORLD PSYCHIATRY, V6, P168",DOI:10.1016/s0140-6736(11)60827-1,4
"KESSLER RC, 2007, WORLD PSYCHIATRY, V6, P168",DOI:10.1007/s00787-020-01541-4,3
"KESSLER RC, 2007, WORLD PSYCHIATRY, V6, P168",DOI:10.1016/s2352-4642(18)30022-1,3
"KESSLER RC, 2007, WORLD PSYCHIATRY, V6, P168",DOI:10.1001/archpsyc.60.7.709,3
"KESSLER RC, 2007, WORLD PSYCHIATRY, V6, P168",DOI:10.12669/pjms.36.5.3088,3
"BRONFENBRENNER U., 1979, ECOLOGY HUMAN DEV EX",DOI:10.1016/j.jaac.2018.07.896,3
"BRONFENBRENNER U., 1979, ECOLOGY HUMAN DEV EX",DOI:10.1016/s0140-6736(11)60827-1,3
DOI:10.1016/j.ijer.2018.01.012,DOI:10.1007/s10648-015-9319-1,5
DOI:10.1016/j.ijer.2018.01.012,DOI:10.1016/s0140-6736(16)00579-1,5
DOI:10.1016/j.ijer.2018.01.012,DOI:10.1186/s13612-015-0037-8,3
DOI:10.1016/j.ijer.2018.01.012,DOI:10.3102/0034654313483907,6
DOI:10.1016/j.ijer.2018.01.012,DOI:10.1016/s0140-6736(11)60827-1,4
DOI:10.1016/j.ijer.2018.01.012,DOI:10.1016/s0140-6736(18)31615-5,6
DOI:10.1016/j.ijer.2018.01.012,DOI:10.1016/s0140-6736(18)31782-3,4
DOI:10.1016/j.ijer.2018.01.012,DOI:10.1016/j.healthplace.2014.12.001,3
DOI:10.1016/j.ijer.2018.01.012,DOI:10.1186/1471-2458-11-487,3
DOI:10.1016/j.ijer.2018.01.012,"COHEN J, 2009, TEACH COLL REC, V111, P180",4
DOI:10.1016/j.ijer.2018.01.012,DOI:10.1037/0003-066x.32.7.513,3
DOI:10.1016/j.ijer.2018.01.012,DOI:10.1177/0143034300212006,3
DOI:10.1016/j.ijer.2018.01.012,DOI:10.1016/j.ssmph.2021.100742,3
DOI:10.1016/j.ijer.2018.01.012,DOI:10.1111/j.1469-7610.2009.02136.x,4
DOI:10.1016/j.ijer.2018.01.012,"RUTTER M., 1979, 15000 HOURS SECONDAR",3
DOI:10.1016/j.ijer.2018.01.012,DOI:10.1038/s41380-021-01161-7,3
DOI:10.1016/j.ijer.2018.01.012,DOI:10.1016/j.jadohealth.2020.09.030,4
DOI:10.1016/j.ijer.2018.01.012,DOI:10.1136/jech.2003.009449,3
DOI:10.1016/j.ijer.2018.01.012,DOI:10.1542/peds.2011-2248,4
DOI:10.1016/j.ijer.2018.01.012,DOI:10.1002/1520-6807(199301)30:1<79::aid-pits2310300113>3.0.co;2-x,3
DOI:10.1016/s1054-139x(01)00333-0,DOI:10.1037/t42876-000,4
DOI:10.1016/s1054-139x(01)00333-0,DOI:10.1097/chi.0b013e3181985068,3
DOI:10.1016/s1054-139x(01)00333-0,DOI:10.1001/archinte.166.10.1092,7
DOI:10.1016/s1054-139x(01)00333-0,DOI:10.1046/j.1525-1497.2001.016009606.x,3
DOI:10.1016/s1054-139x(01)00333-0,DOI:10.1542/peds.2010-0852,3
DOI:10.1016/s1054-139x(01)00333-0,DOI:10.1001/jamapediatrics.2021.2482,3
DOI:10.1037/t42876-000,DOI:10.1001/archinte.166.10.1092,3
DOI:10.1037/t42876-000,DOI:10.1186/s12888-020-02659-0,3
DOI:10.1037/t42876-000,DOI:10.1023/a:1022367807715,3
DOI:10.1146/annurev-clinpsy-021815-093153,DOI:10.1037/0033-2909.129.5.674,3
DOI:10.1037/a0025957,DOI:10.1186/1471-244x-13-129,3
DOI:10.1037/a0025957,DOI:10.1186/s13033-016-0034-1,4
DOI:10.1037/a0025957,DOI:10.1192/bjp.177.5.396,3
DOI:10.1037/a0025957,DOI:10.1007/s00787-019-01469-4,4
DOI:10.1037/a0025957,DOI:10.1016/j.adolescence.2005.05.004,4
DOI:10.1037/a0025957,DOI:10.1080/09638237.2018.1437613,3
DOI:10.1037/a0025957,DOI:10.1111/j.1440-1614.2006.01885.x,3
DOI:10.1037/a0025957,DOI:10.1176/appi.ps.201100529,4
DOI:10.1037/a0025957,DOI:10.1186/s12888-020-02659-0,4
DOI:10.1037/a0025957,DOI:10.1515/ijamh-2013-0301,3
DOI:10.1037/a0025957,DOI:10.4324/9780203771587],3
DOI:10.1037/a0025957,DOI:10.1016/j.nedt.2003.10.001,3
DOI:10.1037/a0025957,DOI:10.1016/j.nedt.2017.06.002,3
DOI:10.1037/a0025957,DOI:10.1093/intqhc/mzm042,3
DOI:10.1037/a0025957,"KRUEGER R.A., 2015, FOCUS GROUP: A PRACTICAL GUIDE FOR APPLIED RESEARCH",3
DOI:10.1037/a0025957,DOI:10.1186/s12888-015-0681-9,3
DOI:10.1037/a0025957,"CAIRNS K., 2019, INT HDB HLTH LITERAC, P291",3
DOI:10.1037/a0025957,DOI:10.1016/j.adolescence.2014.08.001,5
DOI:10.1037/a0025957,DOI:10.1016/j.jadohealth.2016.06.020,3
DOI:10.1037/a0025957,DOI:10.1016/j.socscimed.2008.09.050,3
DOI:10.1037/a0025957,DOI:10.1093/heapro/15.3.259,5
DOI:10.1037/a0025957,DOI:10.1111/tmi.13449,4
DOI:10.1037/a0025957,DOI:10.1136/bmj.a1655,3
DOI:10.1037/a0025957,DOI:10.1186/1471-2458-12-80,4
DOI:10.1037/a0025957,DOI:10.1186/s12889-017-4733-6,4
DOI:10.1037/a0025957,DOI:10.1186/s13034-020-00329-3,3
DOI:10.1037/a0025957,DOI:10.1186/s43045-020-00075-4,3
DOI:10.1037/a0025957,DOI:10.3390/ijerph15071426,3
DOI:10.1037/a0025957,DOI:10.51952/9781447344520.007,3
DOI:10.1037/a0025957,"JORM A. F., 2014, MENTAL HLTH LITERACY, P27",3
DOI:10.1037/a0025957,"MELEIS A., 2010, TRANSITIONS THEORY: MIDDLE RANGE AND SITUATION SPECIFIC THEORIES IN NURSING PRACTICE",3
DOI:10.1037/a0025957,"MORGADO TÂNIA, 2014, REVISTA PORTUGUESA DE ENFERMAGEM DE SAÚDE MENTAL, P90",3
DOI:10.1037/a0025957,"[ANONYMOUS], 2013, MENTAL HEALTH LAW",5
DOI:10.1037/a0025957,DOI:10.1186/s12889-018-5855-1,3
DOI:10.1037/a0025957,DOI:10.1016/s0140-6736(11)60871-4,3
DOI:10.1186/1471-244x-13-129,DOI:10.1186/s13033-016-0034-1,3
DOI:10.1186/s13033-016-0034-1,DOI:10.1177/0004867417753552,4
DOI:10.1186/s13033-016-0034-1,DOI:10.1111/j.1751-7893.2011.00331.x,3
DOI:10.1186/s13033-016-0034-1,DOI:10.1177/0004867419885450,3
DOI:10.1186/s13033-016-0034-1,"KITCHENER B.A., 2017, MENTAL HEALTH FIRST AID MANUAL, V4TH",3
DOI:10.1192/bjp.177.5.396,DOI:10.1007/s00787-019-01469-4,3
DOI:10.1002/rev3.3043,DOI:10.1007/s10648-015-9319-1,3
DOI:10.1002/rev3.3043,DOI:10.3102/0034654313483907,3
DOI:10.1007/s10648-015-9319-1,DOI:10.1016/s0140-6736(16)00579-1,3
DOI:10.1007/s10648-015-9319-1,DOI:10.1186/s13612-015-0037-8,3
DOI:10.1007/s10648-015-9319-1,DOI:10.3102/0034654313483907,5
DOI:10.1007/s10648-015-9319-1,DOI:10.1016/j.ssmph.2021.100742,3
DOI:10.1016/s0140-6736(16)00579-1,DOI:10.1186/s13612-015-0037-8,3
DOI:10.1016/s0140-6736(16)00579-1,DOI:10.3102/0034654313483907,3
DOI:10.1016/s0140-6736(16)00579-1,DOI:10.1007/s00127-018-1647-2,3
DOI:10.1016/s0140-6736(16)00579-1,DOI:10.1016/j.jadohealth.2016.06.020,4
DOI:10.1016/s0140-6736(16)00579-1,DOI:10.1016/s0140-6736(11)60827-1,5
DOI:10.1016/s0140-6736(16)00579-1,DOI:10.1016/s0140-6736(18)31615-5,7
DOI:10.1016/s0140-6736(16)00579-1,DOI:10.1016/s2215-0366(14)70357-8,3
DOI:10.1016/s0140-6736(16)00579-1,DOI:10.1186/1471-2458-13-835,3
DOI:10.1016/s0140-6736(16)00579-1,DOI:10.4103/0019-5545.74310,4
DOI:10.1016/s0140-6736(16)00579-1,DOI:10.4103/aip.aip_14_17,3
DOI:10.1016/s0140-6736(16)00579-1,"[ANONYMOUS], 2017, GLOBAL ACCELERATED A",5
DOI:10.1016/s0140-6736(16)00579-1,"CALDWELL DM, 2019, LANCET PSYCHIAT, V6, P1011, DOI [10.1016/S2215-0366(20)30352-7, 10.1016/S2215-0366(19)30403-1]",3
DOI:10.1016/s0140-6736(16)00579-1,DOI:10.1016/j.brat.2020.103698,4
DOI:10.1016/s0140-6736(16)00579-1,DOI:10.1016/j.jaac.2017.07.780,3
DOI:10.1016/s0140-6736(16)00579-1,DOI:10.1186/1471-2288-13-117,3
DOI:10.1016/s0140-6736(16)00579-1,DOI:10.1186/1472-6963-12-127,3
DOI:10.1016/s0140-6736(16)00579-1,DOI:10.1371/journal.pmed.1003021,3
DOI:10.1016/s0140-6736(16)00579-1,DOI:10.1542/peds.2018-3488,3
DOI:10.1016/s0140-6736(16)00579-1,"HOFFMANN TC, 2014, BMJ-BRIT MED J, V348, DOI [10.1136/BMJ.G1687, 10.1055/S-0041-111066]",3
DOI:10.1016/s0140-6736(16)00579-1,DOI:10.1136/bmj.a1655,3
DOI:10.1016/s0140-6736(16)00579-1,DOI:10.1007/s00787-019-01469-4,3
DOI:10.1016/s0140-6736(16)00579-1,DOI:10.1111/j.1469-7610.2007.01824.x,3
DOI:10.1016/s0140-6736(16)00579-1,DOI:10.1192/bjp.177.6.534,3
DOI:10.1016/s0140-6736(16)00579-1,DOI:10.1016/s2352-4642(20)30173-5,4
DOI:10.1016/s0140-6736(16)00579-1,DOI:10.1016/j.jaac.2020.05.009,3
DOI:10.1016/s0140-6736(16)00579-1,DOI:10.1016/j.adolescence.2015.09.011,3
DOI:10.1108/17596591111132873,DOI:10.1002/pits.20308,3
DOI:10.1108/17596591111132873,DOI:10.1016/j.jadohealth.2009.03.021,3
DOI:10.1108/17596591111132873,DOI:10.1542/peds.112.6.1231,3
DOI:10.1186/s13612-015-0037-8,DOI:10.3102/0034654313483907,4
DOI:10.1186/s13612-015-0037-8,"COHEN J, 2009, TEACH COLL REC, V111, P180",3
DOI:10.1186/s13612-015-0037-8,DOI:10.1017/jgc.2013.20,3
DOI:10.3102/0034654313483907,DOI:10.1016/j.jadohealth.2006.10.013,3
DOI:10.3102/0034654313483907,DOI:10.1016/s0140-6736(11)60827-1,5
DOI:10.3102/0034654313483907,"COHEN J, 2009, TEACH COLL REC, V111, P180",3
DOI:10.3102/0034654313483907,DOI:10.1016/s0140-6736(18)31615-5,3
DOI:10.1007/s00127-018-1647-2,DOI:10.4103/0019-5545.74310,3
DOI:10.1007/s10488-014-0541-9,DOI:10.1016/j.jadohealth.2016.06.020,3
DOI:10.1007/s10488-014-0541-9,DOI:10.1016/s0140-6736(16)31589-6,3
DOI:10.1007/s10488-014-0541-9,DOI:10.1016/s0140-6736(16)31590-2,3
DOI:10.1007/s10488-014-0541-9,DOI:10.1186/s12888-016-0938-y,3
DOI:10.1007/s10488-014-0541-9,DOI:10.1186/s40359-019-0306-z,3
DOI:10.1007/s10488-014-0541-9,"BHOLA POORNIMA, 2016, INDIAN J COMMUNITY MED, V41, P146, DOI [10.4103/0970-0218.177536, 10.4103/0970-0218.177536]",3
DOI:10.1007/s10488-014-0541-9,DOI:10.1037/a0023307,3
DOI:10.1007/s10488-014-0541-9,DOI:10.1111/camh.12080,3
DOI:10.1007/s12310-017-9216-5,DOI:10.1080/15377903.2017.1317143,3
DOI:10.1007/s12310-017-9216-5,DOI:10.1111/josh.12753,3
DOI:10.1016/j.jadohealth.2016.06.020,DOI:10.1186/s40359-019-0306-z,3
DOI:10.1016/j.jadohealth.2016.06.020,DOI:10.1186/s12889-017-4733-6,3
DOI:10.1016/j.jadohealth.2016.06.020,DOI:10.1186/1471-2458-11-487,3
DOI:10.1016/s0140-6736(11)60827-1,DOI:10.1016/s0140-6736(18)31615-5,3
DOI:10.1016/s0140-6736(11)60827-1,DOI:10.1111/j.1469-7610.2007.01824.x,3
DOI:10.1016/s0140-6736(11)60827-1,DOI:10.1007/s13312-012-0218-y,3
DOI:10.1016/s0140-6736(11)60827-1,DOI:10.1186/1753-2000-4-10,3
DOI:10.1016/s0140-6736(11)60827-1,DOI:10.1016/j.jadohealth.2006.10.013,3
DOI:10.1016/s0140-6736(11)60827-1,DOI:10.1097/chi.0b013e3181985068,4
DOI:10.1016/s0140-6736(11)60827-1,DOI:10.1542/peds.2011-2248,3
DOI:10.1016/s0140-6736(11)60827-1,DOI:10.1037/0003-066x.60.6.628,4
DOI:10.1016/s0140-6736(11)60827-1,DOI:10.1037/a0017671,4
DOI:10.1016/s0140-6736(11)60827-1,DOI:10.1016/j.chc.2014.11.007,3
DOI:10.1016/s0140-6736(11)60827-1,DOI:10.1016/j.cpr.2016.10.005,6
DOI:10.1016/s0140-6736(11)60827-1,DOI:10.1016/j.jaac.2010.05.017,7
DOI:10.1016/s0140-6736(11)60827-1,DOI:10.1016/s0140-6736(11)60871-4,3
DOI:10.1016/s0140-6736(11)60827-1,DOI:10.1080/10705519909540118,3
DOI:10.1016/s0140-6736(11)60827-1,DOI:10.1146/annurev.publhealth.26.021304.144357,5
DOI:10.1016/s0140-6736(11)60827-1,DOI:10.1097/00004583-200111000-00015,3
DOI:10.1016/s0140-6736(11)60827-1,DOI:10.1111/j.1469-7610.1997.tb01545.x,6
DOI:10.1016/s0140-6736(11)60827-1,DOI:10.1001/archpsyc.60.7.709,5
DOI:10.1016/s0140-6736(11)60827-1,DOI:10.1037/0003-066x.56.3.227,3
DOI:10.1016/s0140-6736(11)60827-1,DOI:10.1038/475027a,3
DOI:10.1016/s0140-6736(11)60827-1,DOI:10.1136/jech.2003.009449,3
DOI:10.1016/s0140-6736(11)60827-1,"[ANONYMOUS], 2014, HLTH WORLDS ADOLESCE",3
DOI:10.1016/s0140-6736(11)60827-1,DOI:10.1001/archgenpsychiatry.2011.160,4
DOI:10.1016/s0140-6736(11)60827-1,DOI:10.1371/journal.pone.0079476,3
DOI:10.1016/s0140-6736(11)60827-1,DOI:10.1007/s10802-010-9434-x,4
DOI:10.1016/s0140-6736(11)60827-1,DOI:10.1001/archpsyc.59.3.225,6
DOI:10.1016/s0140-6736(11)60827-1,"PATTON GC, 2014, LANCET, V383, P1404, DOI [10.1016/S0140-6736(13)62116-9, 10.1016/S0140-6736(13)62116-9]",4
DOI:10.1016/s0140-6736(11)60827-1,DOI:10.1016/j.jadohealth.2012.12.016,3
DOI:10.1016/s0140-6736(11)60827-1,DOI:10.1002/cpp.719,5
DOI:10.1016/s0140-6736(11)60827-1,DOI:10.1007/978-90-481-8675-4_25],3
DOI:10.1016/s0140-6736(11)60827-1,DOI:10.1016/j.cpr.2010.03.003,3
DOI:10.1016/s0140-6736(11)60827-1,DOI:10.1017/s0954579400004156,3
DOI:10.1016/s0140-6736(11)60827-1,DOI:10.1080/00050060500243475,3
DOI:10.1016/s0140-6736(11)60827-1,DOI:10.1111/1467-8624.00164,3
DOI:10.1016/s0140-6736(11)60827-1,DOI:10.1111/josh.12096,3
DOI:10.1016/s0140-6736(11)60827-1,DOI:10.1177/1359104507071062,3
DOI:10.1016/s0140-6736(11)60827-1,"DOLL B, 1998, SCHOOL PSYCHOL REV, V27, P348",3
DOI:10.1016/s0140-6736(11)60827-1,"MCGINNITY A., 2005, MENTAL HEALTH OF CHILDREN AND YOUNG PEOPLE IN GREAT BRITAIN 2004",3
DOI:10.1016/s0140-6736(11)60827-1,DOI:10.1016/j.socscimed.2013.04.026,3
DOI:10.1016/s0140-6736(11)60827-1,DOI:10.1001/archpediatrics.2011.592,4
DOI:10.1016/s0140-6736(11)60827-1,DOI:10.1007/s007870050057,3
DOI:10.1016/s0140-6736(11)60827-1,DOI:10.1007/s00787-021-01856-w,3
DOI:10.1016/s0140-6736(11)60827-1,DOI:10.1016/j.jaac.2018.07.896,3
DOI:10.1016/s0140-6736(11)60827-1,DOI:10.1001/archinte.166.10.1092,3
DOI:10.1016/s0140-6736(16)31589-6,DOI:10.1016/s0140-6736(16)31590-2,4
DOI:10.1016/s0140-6736(16)31589-6,DOI:10.1186/1471-2458-13-835,3
DOI:10.1016/s0140-6736(16)31589-6,DOI:10.1186/s12888-016-0938-y,3
DOI:10.1016/s0140-6736(16)31589-6,DOI:10.1037/a0014565,3
DOI:10.1016/s0140-6736(16)31589-6,DOI:10.1371/journal.pone.0134189,3
DOI:10.1016/s0140-6736(16)31590-2,DOI:10.1186/s12888-016-0938-y,3
DOI:10.1016/s0140-6736(16)31590-2,DOI:10.1371/journal.pone.0134189,3
DOI:10.1016/s0140-6736(18)31615-5,DOI:10.1186/1471-2458-13-835,4
DOI:10.1016/s0140-6736(18)31615-5,DOI:10.4103/0019-5545.74310,4
DOI:10.1016/s0140-6736(18)31615-5,DOI:10.4103/aip.aip_14_17,3
DOI:10.1016/s0140-6736(18)31615-5,"[ANONYMOUS], 2017, GLOBAL ACCELERATED A",3
DOI:10.1016/s0140-6736(18)31615-5,DOI:10.1016/s0140-6736(18)31782-3,6
DOI:10.1016/s0140-6736(18)31615-5,DOI:10.1016/s0277-9536(02)00120-x,3
DOI:10.1016/s0140-6736(18)31615-5,DOI:10.1136/bmj.n2061,3
DOI:10.1016/s0140-6736(18)31615-5,DOI:10.1186/1472-6963-12-127,3
DOI:10.1016/s0140-6736(18)31615-5,DOI:10.1371/journal.pmed.1003021,4
DOI:10.1016/s0140-6736(18)31615-5,DOI:10.1542/peds.2018-3488,4
DOI:10.1016/s0140-6736(18)31615-5,DOI:10.3389/fpsyt.2023.1112710,3
DOI:10.1016/s0140-6736(18)31615-5,DOI:10.1111/j.1469-7610.2009.02136.x,5
DOI:10.1016/s0140-6736(18)31615-5,"RUTTER M., 1979, 15000 HOURS SECONDAR",3
DOI:10.1016/s0140-6736(18)31615-5,DOI:10.1136/jech.2003.009449,3
DOI:10.1016/s2215-0366(14)70357-8,DOI:10.1186/1471-2458-13-835,5
DOI:10.1016/s2215-0366(14)70357-8,DOI:10.1016/j.ypmed.2020.106317,3
DOI:10.1016/s2215-0366(14)70357-8,"CALDWELL DM, 2019, LANCET PSYCHIAT, V6, P1011, DOI [10.1016/S2215-0366(20)30352-7, 10.1016/S2215-0366(19)30403-1]",3
DOI:10.1016/s2215-0366(14)70357-8,DOI:10.3389/fpsyt.2022.1012257,3
DOI:10.1016/s2215-0366(14)70357-8,"PATTON GC, 2014, LANCET, V383, P1404, DOI [10.1016/S0140-6736(13)62116-9, 10.1016/S0140-6736(13)62116-9]",3
DOI:10.1016/s2215-0366(14)70357-8,DOI:10.1016/j.cpr.2016.10.005,3
DOI:10.1093/intqhc/mzm042,DOI:10.1016/j.nedt.2003.10.001,3
DOI:10.1093/intqhc/mzm042,DOI:10.1016/j.nedt.2017.06.002,3
DOI:10.1186/1471-2458-13-835,DOI:10.1037/0022-006x.73.3.539,3
DOI:10.1186/1471-2458-13-835,DOI:10.1016/j.ypmed.2020.106317,3
DOI:10.1186/1471-2458-13-835,DOI:10.3389/fpsyt.2022.1012257,3
DOI:10.1186/1471-2458-13-835,DOI:10.1016/j.cpr.2016.10.005,3
DOI:10.4103/0019-5545.74310,DOI:10.4103/aip.aip_14_17,3
DOI:10.4103/0019-5545.74310,DOI:10.1111/j.1469-7610.2007.01824.x,3
DOI:10.4103/0019-5545.74310,DOI:10.1186/1472-6963-12-127,3
"[ANONYMOUS], 2017, GLOBAL ACCELERATED A",DOI:10.1001/archpediatrics.2011.592,3
"[ANONYMOUS], 2017, GLOBAL ACCELERATED A",DOI:10.1007/s007870050057,3
"[ANONYMOUS], 2017, GLOBAL ACCELERATED A","[ANONYMOUS], 2018, ADOLESCENT MENTAL HEALTH",3
DOI:10.1186/s13034-019-0283-2,"[刘恒 LIU HENG], 2004, [中国心理卫生杂志, CHINESE MENTAL HEALTH JOURNAL], V18, P88",3
DOI:10.1001/jamapsychiatry.2013.504,DOI:10.5498/wjp.v7.i1.60,3
DOI:10.1007/s00787-021-01726-5,DOI:10.1001/jamapediatrics.2021.2482,12
DOI:10.1007/s00787-021-01726-5,DOI:10.1007/s10802-020-00623-w,3
DOI:10.1007/s00787-021-01726-5,DOI:10.1016/j.ajp.2020.102077,4
DOI:10.1007/s00787-021-01726-5,DOI:10.1016/j.jad.2021.09.052,3
DOI:10.1007/s00787-021-01726-5,DOI:10.1016/j.socscimed.2013.04.026,8
DOI:10.1007/s00787-021-01726-5,DOI:10.1111/pcn.13102,3
DOI:10.1007/s00787-021-01726-5,DOI:10.4324/9780203771587],5
DOI:10.1007/s00787-021-01726-5,DOI:10.1001/jamanetworkopen.2021.27892,3
DOI:10.1007/s00787-021-01726-5,DOI:10.1001/jamapediatrics.2021.5840,5
DOI:10.1007/s00787-021-01726-5,DOI:10.1016/j.jad.2020.06.029,14
DOI:10.1007/s00787-021-01726-5,DOI:10.1016/j.psychres.2020.113429,12
DOI:10.1007/s00787-021-01726-5,DOI:10.1620/tjem.253.203,3
DOI:10.1007/s00787-021-01726-5,"BROOKS SAMANTHA K, 2020, LANCET, V395, P912, DOI [10.1016/S0140-6736(20)30460-8., 10.1016/S0140-6736(20)30460-8]",6
DOI:10.1007/s00787-021-01726-5,DOI:10.1007/s10802-021-00821-0,3
DOI:10.1007/s00787-021-01726-5,DOI:10.1007/s10964-020-01332-9,16
DOI:10.1007/s00787-021-01726-5,DOI:10.1016/j.jaac.2020.05.009,15
DOI:10.1007/s00787-021-01726-5,DOI:10.1016/s2352-4642(20)30186-3,8
DOI:10.1007/s00787-021-01726-5,DOI:10.1037/cbs0000215,6
DOI:10.1007/s00787-021-01726-5,DOI:10.1111/j.1469-7610.1997.tb01545.x,15
DOI:10.1007/s00787-021-01726-5,DOI:10.1111/j.2517-6161.1995.tb02031.x,3
DOI:10.1007/s00787-021-01726-5,DOI:10.1111/jcpp.13292,3
DOI:10.1007/s00787-021-01726-5,DOI:10.1111/jcpp.13382,6
DOI:10.1007/s00787-021-01726-5,DOI:10.3390/brainsci10060341,5
DOI:10.1007/s00787-021-01726-5,DOI:10.1016/s0140-6736(21)02143-7,3
DOI:10.1007/s00787-021-01726-5,DOI:10.7759/cureus.10051,3
DOI:10.1007/s00787-021-01726-5,DOI:10.1001/jamapediatrics.2020.1619,15
DOI:10.1007/s00787-021-01726-5,DOI:10.1016/j.jad.2021.03.009,3
DOI:10.1007/s00787-021-01726-5,DOI:10.1016/j.jpeds.2020.03.013,12
DOI:10.1007/s00787-021-01726-5,DOI:10.1017/dmp.2013.22,3
DOI:10.1007/s00787-021-01726-5,DOI:10.3389/fpsyg.2020.579038,8
DOI:10.1007/s00787-021-01726-5,DOI:10.3390/ijerph17051729,4
DOI:10.1007/s00787-021-01726-5,DOI:10.3390/ijerph17197327,8
DOI:10.1007/s00787-021-01726-5,DOI:10.3390/ijerph17228297,5
DOI:10.1007/s00787-021-01726-5,DOI:10.1007/978-1-4419-9186-711,5
DOI:10.1007/s00787-021-01726-5,DOI:10.1007/s00038-009-5406-8,3
DOI:10.1007/s00787-021-01726-5,DOI:10.1007/s00787-021-01889-1,9
DOI:10.1007/s00787-021-01726-5,DOI:10.1007/s00787-023-02206-8,5
DOI:10.1007/s00787-021-01726-5,DOI:10.1007/s10578-021-01230-6,3
DOI:10.1007/s00787-021-01726-5,DOI:10.1007/s10578-021-01297-1,3
DOI:10.1007/s00787-021-01726-5,DOI:10.1007/s11136-013-0428-3,7
DOI:10.1007/s00787-021-01726-5,DOI:10.1016/s2352-4642(23)00022-6,3
DOI:10.1007/s00787-021-01726-5,DOI:10.1093/eurpub/11.1.4,3
DOI:10.1007/s00787-021-01726-5,DOI:10.1097/00004583-199910000-00011,6
DOI:10.1007/s00787-021-01726-5,DOI:10.1097/01.mlr.0000093487.78664.3c,6
DOI:10.1007/s00787-021-01726-5,DOI:10.1111/nyas.14947,3
DOI:10.1007/s00787-021-01726-5,DOI:10.1177/20503121221086712,5
DOI:10.1007/s00787-021-01726-5,DOI:10.1186/1753-2000-4-19,3
DOI:10.1007/s00787-021-01726-5,DOI:10.3389/fpsyt.2021.691659,4
DOI:10.1007/s00787-021-01726-5,DOI:10.3389/fpubh.2023.1129073,5
DOI:10.1007/s00787-021-01726-5,DOI:10.1016/j.childyouth.2020.105277,4
DOI:10.1007/s00787-021-01726-5,DOI:10.1016/j.jad.2020.10.016,7
DOI:10.1007/s00787-021-01726-5,DOI:10.1016/j.psychres.2020.113307,6
DOI:10.1007/s00787-021-01726-5,DOI:10.1037/amp0000660,5
DOI:10.1007/s00787-021-01726-5,DOI:10.1542/peds.2020-016824,9
DOI:10.1007/s00787-021-01726-5,DOI:10.1007/s00103-021-03291-3,3
DOI:10.1007/s00787-021-01726-5,DOI:10.1007/s00787-004-2002-6,5
DOI:10.1007/s00787-021-01726-5,DOI:10.1007/s11136-010-9706-5,5
DOI:10.1007/s00787-021-01726-5,DOI:10.1024/1422-4917/a000589,3
DOI:10.1007/s00787-021-01726-5,DOI:10.1371/journal.pone.0213700,3
DOI:10.1007/s00787-021-01726-5,DOI:10.1001/archinte.166.10.1092,6
DOI:10.1007/s00787-021-01726-5,DOI:10.1001/jama.2013.281053,3
DOI:10.1007/s00787-021-01726-5,DOI:10.1016/s2215-0366(20)30308-4,5
DOI:10.1007/s00787-021-01726-5,DOI:10.1093/ije/dyw070,3
DOI:10.1007/s00787-021-01726-5,DOI:10.1542/peds.2020-007294,7
DOI:10.1007/s00787-021-01726-5,DOI:10.1016/j.psychres.2020.113172,3
DOI:10.1007/s00787-021-01726-5,DOI:10.1186/s13034-020-00329-3,5
DOI:10.1007/s00787-021-01726-5,DOI:10.1007/s00787-021-01856-w,4
DOI:10.1007/s00787-021-01726-5,DOI:10.1016/j.ijdrr.2020.101845,7
DOI:10.1007/s00787-021-01726-5,DOI:10.1016/j.lanepe.2021.100093,3
DOI:10.1007/s00787-021-01726-5,DOI:10.3390/ijerph18052470,9
DOI:10.1007/s00787-021-01726-5,DOI:10.1016/s2215-0366(20)30168-1,6
DOI:10.1007/s00787-021-01726-5,DOI:10.1093/jpepsy/jsaa093,3
DOI:10.1007/s00787-021-01726-5,DOI:10.1093/tropej/fmaa122,7
DOI:10.1007/s00787-021-01726-5,DOI:10.1097/00004583-200111000-00015,4
DOI:10.1007/s00787-021-01726-5,DOI:10.12669/pjms.36.5.3088,3
DOI:10.1007/s00787-021-01726-5,DOI:10.3390/ijerph18073432,7
DOI:10.1007/s00787-021-01726-5,DOI:10.1016/j.jad.2021.06.021,7
DOI:10.1007/s00787-021-01726-5,DOI:10.1111/camh.12501,8
DOI:10.1007/s00787-021-01726-5,DOI:10.1001/jamanetworkopen.2020.21482,3
DOI:10.1007/s00787-021-01726-5,DOI:10.1007/s00787-020-01541-4,18
DOI:10.1007/s00787-021-01726-5,DOI:10.1007/s00787-021-01744-3,12
DOI:10.1007/s00787-021-01726-5,DOI:10.1016/j.bbi.2020.05.061,7
DOI:10.1007/s00787-021-01726-5,DOI:10.1016/j.chiabu.2020.104680,3
DOI:10.1007/s00787-021-01726-5,DOI:10.1016/j.jadohealth.2020.08.026,3
DOI:10.1007/s00787-021-01726-5,DOI:10.1016/j.jadohealth.2020.09.039,6
DOI:10.1007/s00787-021-01726-5,DOI:10.1016/s2352-4642(20)30109-7,8
DOI:10.1007/s00787-021-01726-5,DOI:10.1111/appy.12406,4
DOI:10.1007/s00787-021-01726-5,DOI:10.1186/s12887-021-02550-1,4
DOI:10.1007/s00787-021-01726-5,DOI:10.3390/ijerph18031062,4
DOI:10.1007/s00787-021-01726-5,DOI:10.1503/cmaj.75399,3
DOI:10.1007/s00787-021-01726-5,DOI:10.1001/jamapediatrics.2020.1456,6
DOI:10.1007/s00787-021-01726-5,DOI:10.1007/s11126-020-09744-3,4
DOI:10.1007/s00787-021-01726-5,DOI:10.1016/j.bbi.2020.05.048,4
DOI:10.1007/s00787-021-01726-5,DOI:10.1016/j.jadohealth.2021.04.005,3
DOI:10.1007/s00787-021-01726-5,DOI:10.1056/nejmp2008017,3
DOI:10.1007/s00787-021-01726-5,DOI:10.1007/s00787-020-01672-8,3
DOI:10.1007/s00787-021-01726-5,DOI:10.1016/j.jadohealth.2020.05.004,3
DOI:10.1007/s00787-021-01726-5,DOI:10.1016/j.psychres.2020.113143,4
DOI:10.1007/s00787-021-01726-5,DOI:10.1007/s12098-020-03347-3,4
DOI:10.1007/s00787-021-01726-5,DOI:10.1016/j.jad.2021.09.098,3
DOI:10.1007/s00787-021-01726-5,DOI:10.1016/s0140-6736(20)30547-x,3
DOI:10.1007/s00787-021-01726-5,DOI:10.1111/jcv2.12009,4
DOI:10.1007/s00787-021-01726-5,DOI:10.1016/j.pnpbp.2020.110171,5
DOI:10.1007/s00787-021-01726-5,DOI:10.1016/s2352-4642(20)30096-1,4
DOI:10.1007/s00787-021-01726-5,DOI:10.12669/pjms.36.covid19-s4.2759,3
DOI:10.1007/s00787-021-01726-5,DOI:10.1016/s0140-6736(20)30460-8,9
DOI:10.1007/s00787-021-01726-5,DOI:10.1046/j.1525-1497.2001.016009606.x,3
DOI:10.1007/s00787-021-01726-5,DOI:10.2196/21279,3
DOI:10.1007/s00787-021-01726-5,DOI:10.1016/j.jadohealth.2022.06.022,7
DOI:10.1007/s00787-021-01726-5,DOI:10.1136/archdischild-2020-320372,9
DOI:10.1007/s00787-021-01726-5,DOI:10.1038/s41598-021-91299-9,3
DOI:10.1007/s00787-021-01726-5,DOI:10.21134/rpcna.2020.mon.2037,3
DOI:10.1007/s00787-021-01726-5,DOI:10.3389/fpsyt.2021.728278,3
DOI:10.1007/s00787-021-01726-5,DOI:10.3390/ijerph17228479,8
DOI:10.1007/s00787-021-01726-5,DOI:10.1006/jado.2000.0393,3
DOI:10.1007/s00787-021-01726-5,DOI:10.1007/s00787-020-01630-4,6
DOI:10.1007/s00787-021-01726-5,DOI:10.1016/j.psychres.2021.113778,3
DOI:10.1007/s00787-021-01726-5,DOI:10.1016/s2215-0366(20)30356-4,4
DOI:10.1007/s00787-021-01726-5,DOI:10.3238/arztebl.2020.0828,4
DOI:10.1007/s00787-021-01726-5,"RAVENS-SIEBERER U., 2006, KIDSCREEN QUESTIONNA",5
DOI:10.1007/s00787-021-01726-5,DOI:10.1007/s00787-022-02060-0,8
DOI:10.1007/s00787-021-01726-5,DOI:10.18637/jss.v067.i01,3
DOI:10.1007/s00787-021-01726-5,"[ANONYMOUS], 1985, FAMILIENKLIMA-SKALEN. BERICHT 8.1 UND 8.2. INSTITUT FR PSYCHOLOGIEPERSNLICHKEITSPSYCHOLOGIE UND PSYCHODIAGNOSTIK",3
DOI:10.1007/s00787-021-01726-5,DOI:10.1542/peds.2016-1642,3
DOI:10.1007/s00787-021-01726-5,"ZHANG YF, 2020, INT J ENV RES PUB HE, V17, DOI [10.3390/IJERPH17072381, 10.3390/IJERPH17103722]",3
DOI:10.1007/s00787-021-01726-5,"CASPERSEN CJ, 1985, PUBLIC HEALTH REP, V100, P126, DOI [10.1016/J.JCLINEPI.2013.11.007, 10.1016/S1470-2045(15)00223-5]",3
DOI:10.1007/s00787-021-01726-5,DOI:10.1037/hea0000653,3
DOI:10.1007/s00787-021-01726-5,DOI:10.1016/s2214-109x(20)30238-2,3
DOI:10.1007/s00787-021-01726-5,DOI:10.1007/s00787-008-1013-0,4
DOI:10.1007/s00787-021-01726-5,DOI:10.1007/s00787-014-0638-4,3
DOI:10.1007/s00787-021-01726-5,DOI:10.3390/ijerph17165757,3
DOI:10.1007/s00787-021-01726-5,"LI SY, 2021, ELECTRON J QUAL THEO, P1, DOI [10.14232/EJQTDE.2021.1.64, 10.1007/S00787-021-01790-X]",3
DOI:10.1016/j.ajp.2022.103043,DOI:10.5498/wjp.v7.i1.60,3
DOI:10.5498/wjp.v7.i1.60,DOI:10.1037/a0020149,4
DOI:10.5498/wjp.v7.i1.60,DOI:10.1007/s007870050057,3
DOI:10.1016/j.socscimed.2020.113616,DOI:10.1177/0004867414533834,4
DOI:10.1111/1469-7610.00130,DOI:10.1371/journal.pone.0188374,3
DOI:10.1371/journal.pone.0188374,DOI:10.1016/j.socscimed.2010.08.012,3
DOI:10.1371/journal.pone.0188374,DOI:10.1177/0004867414533834,3
DOI:10.5694/j.1326-5377.2007.tb01334.x,DOI:10.1007/s00787-019-01469-4,4
DOI:10.5694/j.1326-5377.2007.tb01334.x,DOI:10.1186/s12888-020-02659-0,4
DOI:10.5694/j.1326-5377.2007.tb01334.x,DOI:10.2147/prbm.s38707,3
DOI:10.5694/j.1326-5377.2007.tb01334.x,DOI:10.1007/s00787-015-0676-6,3
DOI:10.1007/s13312-012-0218-y,DOI:10.1016/j.cpr.2016.10.003,3
DOI:10.1007/s13312-012-0218-y,DOI:10.1080/14623730.2016.1194305,3
DOI:10.1007/s13312-012-0218-y,DOI:10.7727/wimj.2012.212,4
DOI:10.1007/s13312-012-0218-y,DOI:10.1080/1754730x.2012.728095,4
DOI:10.1002/ajcp.12085,DOI:10.1007/s12310-018-9285-0,3
DOI:10.1002/jclp.20708,DOI:10.1007/s12310-013-9108-2,3
DOI:10.1002/jclp.20708,DOI:10.1080/00048670701449179,3
DOI:10.1007/s00787-019-01469-4,DOI:10.1001/archinte.166.10.1092,3
DOI:10.1007/s00787-019-01469-4,DOI:10.1186/s12888-020-02659-0,8
DOI:10.1007/s00787-019-01469-4,DOI:10.1038/s41380-021-01161-7,3
DOI:10.1007/s00787-019-01469-4,DOI:10.1080/02667363.2022.2051441,6
DOI:10.1007/s00787-019-01469-4,DOI:10.1111/camh.12609,3
DOI:10.1007/s00787-019-01469-4,DOI:10.1186/s12889-020-08734-1,3
DOI:10.1007/s00787-019-01469-4,DOI:10.1371/journal.pone.0251689,4
DOI:10.1007/s00787-019-01469-4,DOI:10.1111/tmi.13449,3
DOI:10.1007/s00787-019-01469-4,DOI:10.1177/0004867414555718,3
DOI:10.1007/s00787-019-01469-4,DOI:10.1016/j.jaac.2020.05.009,3
DOI:10.1007/s00787-019-01469-4,DOI:10.1016/j.psychres.2020.113429,3
DOI:10.1007/s00787-019-01469-4,DOI:10.1007/s10488-020-01080-9,5
DOI:10.1007/s00787-019-01469-4,DOI:10.1007/s10826-022-02498-5,3
DOI:10.1007/s00787-019-01469-4,DOI:10.1080/09638237.2017.1340630,4
DOI:10.1007/s00787-019-01469-4,DOI:10.2147/prbm.s38707,3
DOI:10.1007/s00787-019-01469-4,DOI:10.1037/abn0000410,3
DOI:10.1007/s00787-019-01469-4,DOI:10.1176/appi.ps.201100518,3
DOI:10.1007/s00787-019-01469-4,DOI:10.1046/j.1525-1497.2001.016009606.x,3
DOI:10.1007/s00787-019-01469-4,DOI:10.1007/s00787-015-0676-6,3
DOI:10.1007/s12310-013-9108-2,DOI:10.1007/s12310-018-9285-0,3
DOI:10.1007/s12310-013-9108-2,DOI:10.1080/00048670701449179,3
DOI:10.1016/j.jaac.2010.05.017,DOI:10.1080/00048670701449179,3
DOI:10.1016/j.jaac.2010.05.017,DOI:10.1016/j.jaac.2016.05.012,3
DOI:10.1016/j.jaac.2010.05.017,DOI:10.1037/0022-006x.73.3.539,3
DOI:10.1016/j.jaac.2010.05.017,"CASEY BJ, 2008, DEV REV, V28, P62, DOI [10.1016/J.DR.2007.08.003, 10.1196/ANNALS.1440.010]",3
DOI:10.1016/j.jaac.2010.05.017,DOI:10.1016/j.tics.2004.12.005,3
DOI:10.1016/j.jaac.2010.05.017,DOI:10.1016/j.jadohealth.2005.08.011,3
DOI:10.1016/j.jaac.2010.05.017,DOI:10.1371/journal.pone.0079476,3
DOI:10.1016/j.jaac.2010.05.017,DOI:10.1001/archpsyc.60.8.837,4
DOI:10.1016/j.jaac.2010.05.017,DOI:10.1097/00004583-200111000-00015,3
DOI:10.1016/j.jaac.2010.05.017,DOI:10.1001/jamapediatrics.2021.2482,5
DOI:10.1016/j.jaac.2010.05.017,DOI:10.1016/s2352-4642(20)30186-3,3
DOI:10.1016/j.jaac.2010.05.017,DOI:10.1016/s2352-4642(20)30109-7,3
DOI:10.1016/j.jaac.2010.05.017,DOI:10.1001/jamapediatrics.2020.1619,3
DOI:10.1016/j.jaac.2010.05.017,DOI:10.1007/s00787-020-01541-4,3
DOI:10.1016/j.jaac.2010.05.017,DOI:10.1017/dmp.2013.22,3
DOI:10.1016/j.jaac.2010.05.017,DOI:10.1007/s10964-020-01332-9,5
DOI:10.1016/j.jaac.2010.05.017,DOI:10.1016/j.psychres.2020.113264,4
DOI:10.1016/j.jaac.2010.05.017,DOI:10.1001/archinte.166.10.1092,5
DOI:10.1016/j.jaac.2010.05.017,DOI:10.1001/jamapediatrics.2021.5840,3
DOI:10.1016/j.jaac.2010.05.017,DOI:10.1016/j.jaac.2020.05.009,4
DOI:10.1016/j.jaac.2010.05.017,DOI:10.1016/j.psychres.2018.12.004,4
DOI:10.1016/j.jaac.2010.05.017,DOI:10.1007/s00787-021-01856-w,3
DOI:10.1023/a:1023286210205,DOI:10.1037/a0035300,3
DOI:10.1023/a:1023286210205,DOI:10.1007/s12310-012-9097-6,3
DOI:10.1037/a0035300,DOI:10.1007/s12310-012-9097-6,3
DOI:10.1080/00048670701449179,DOI:10.1177/0004867417753552,3
DOI:10.1177/0004867417753552,DOI:10.1038/s41380-021-01161-7,3
DOI:10.1177/0004867417753552,DOI:10.1186/s40359-023-01228-w,3
DOI:10.1177/0004867417753552,DOI:10.1111/j.1751-7893.2011.00331.x,3
DOI:10.1191/1478088706qp063oa,DOI:10.1007/s10964-020-01332-9,3
DOI:10.1542/peds.2020-021816,DOI:10.1007/s10964-020-01332-9,4
DOI:10.1542/peds.2020-021816,DOI:10.1037/cdp0000498,3
DOI:10.1542/peds.2020-021816,DOI:10.1016/j.jaac.2020.05.009,3
DOI:10.1542/peds.2020-021816,DOI:10.1177/0706743720940562,3
DOI:10.1542/peds.2020-021816,DOI:10.15585/mmwr.mm6945a3,4
DOI:10.1542/peds.2020-021816,DOI:10.1016/j.jad.2020.06.029,3
DOI:10.1016/s0140-6736(11)60051-2,DOI:10.1371/journal.pone.0089359,4
DOI:10.1016/s0140-6736(11)60051-2,DOI:10.1177/1359104507071052,3
DOI:10.1371/journal.pone.0089359,DOI:10.1016/j.cpr.2009.01.002,3
DOI:10.1371/journal.pone.0089359,DOI:10.1177/1359104507071052,4
DOI:10.1371/journal.pone.0089359,DOI:10.3102/0034654315609419,3
DOI:10.1097/01.chi.0000172552.41596.6f,DOI:10.1097/00004583-200111000-00015,3
DOI:10.1136/bmjpo-2017-000139,DOI:10.1016/j.ajp.2017.08.021,3
DOI:10.1136/bmjpo-2017-000139,DOI:10.1186/1753-2000-8-22,4
DOI:10.1136/bmjpo-2017-000139,DOI:10.4103/psychiatry.indianjpsychiatry_102_17,3
DOI:10.1371/journal.pone.0079476,DOI:10.1186/s13034-020-00329-3,3
DOI:10.1001/archinte.166.10.1092,DOI:10.1007/s10964-020-01332-9,13
DOI:10.1001/archinte.166.10.1092,DOI:10.1016/j.bbi.2020.05.061,4
DOI:10.1001/archinte.166.10.1092,DOI:10.1016/j.jad.2014.02.009,6
DOI:10.1001/archinte.166.10.1092,DOI:10.1016/j.psychres.2018.12.004,11
DOI:10.1001/archinte.166.10.1092,DOI:10.1016/s0140-6736(11)60871-4,5
DOI:10.1001/archinte.166.10.1092,DOI:10.1093/jpepsy/jsab119,6
DOI:10.1001/archinte.166.10.1092,DOI:10.1111/josh.13007,3
DOI:10.1001/archinte.166.10.1092,DOI:10.1186/1471-2458-14-331,10
DOI:10.1001/archinte.166.10.1092,DOI:10.1186/s12888-020-02659-0,3
DOI:10.1001/archinte.166.10.1092,"MOSSMAN SA, 2017, ANN CLIN PSYCHIATRY, V29, P227",12
DOI:10.1001/archinte.166.10.1092,DOI:10.1001/jamapsychiatry.2022.3109,3
DOI:10.1001/archinte.166.10.1092,DOI:10.1016/j.jaac.2020.05.009,11
DOI:10.1001/archinte.166.10.1092,DOI:10.1159/000376585,6
DOI:10.1001/archinte.166.10.1092,DOI:10.3390/ijerph18052470,4
DOI:10.1001/archinte.166.10.1092,DOI:10.4269/ajtmh.20-1620,3
DOI:10.1001/archinte.166.10.1092,DOI:10.1007/s00572-011-0408-9,3
DOI:10.1001/archinte.166.10.1092,DOI:10.1016/j.socscimed.2013.04.026,5
DOI:10.1001/archinte.166.10.1092,DOI:10.1038/s41380-021-01161-7,4
DOI:10.1001/archinte.166.10.1092,DOI:10.1097/01.mlr.0000093487.78664.3c,3
DOI:10.1001/archinte.166.10.1092,DOI:10.1046/j.1525-1497.2001.016009606.x,31
DOI:10.1001/archinte.166.10.1092,DOI:10.1542/peds.2010-0852,5
DOI:10.1001/archinte.166.10.1092,DOI:10.1016/j.psychres.2010.08.018,5
DOI:10.1001/archinte.166.10.1092,DOI:10.1001/jama.282.18.1737,7
DOI:10.1001/archinte.166.10.1092,DOI:10.3928/0048-5713-20020901-06,4
DOI:10.1001/archinte.166.10.1092,DOI:10.7326/0003-4819-146-5-200703060-00004,5
DOI:10.1001/archinte.166.10.1092,DOI:10.1371/journal.pone.0251689,4
DOI:10.1001/archinte.166.10.1092,DOI:10.1016/j.brat.2019.103501,5
DOI:10.1001/archinte.166.10.1092,DOI:10.1037/0033-295x.84.2.191,3
DOI:10.1001/archinte.166.10.1092,DOI:10.1016/j.copsyc.2016.05.008,3
DOI:10.1001/archinte.166.10.1092,DOI:10.1016/s2352-4642(20)30186-3,5
DOI:10.1001/archinte.166.10.1092,DOI:10.1007/s00787-021-01856-w,3
DOI:10.1001/archinte.166.10.1092,DOI:10.1007/s10964-020-01374-z,3
DOI:10.1001/archinte.166.10.1092,DOI:10.1016/j.jadohealth.2020.06.018,3
DOI:10.1001/archinte.166.10.1092,DOI:10.1016/s2215-0366(21)00156-5,3
DOI:10.1001/archinte.166.10.1092,DOI:10.1111/camh.12501,5
DOI:10.1001/archinte.166.10.1092,DOI:10.1177/0706743720940562,3
DOI:10.1001/archinte.166.10.1092,DOI:10.3389/fpsyt.2022.937723,4
DOI:10.1001/archinte.166.10.1092,DOI:10.1016/j.jad.2008.06.026,5
DOI:10.1001/archinte.166.10.1092,DOI:10.1001/jamapediatrics.2020.1456,4
DOI:10.1001/archinte.166.10.1092,DOI:10.1001/jamapediatrics.2021.2482,15
DOI:10.1001/archinte.166.10.1092,DOI:10.1001/jamapediatrics.2021.5840,3
DOI:10.1001/archinte.166.10.1092,DOI:10.1002/ab.21986,3
DOI:10.1001/archinte.166.10.1092,DOI:10.1002/jcv2.12027,3
DOI:10.1001/archinte.166.10.1092,DOI:10.1007/s11205-009-9493-y,5
DOI:10.1001/archinte.166.10.1092,DOI:10.1016/j.jadohealth.2021.07.039,3
DOI:10.1001/archinte.166.10.1092,DOI:10.1016/s0749-3797(18)30622-6,8
DOI:10.1001/archinte.166.10.1092,DOI:10.1016/s2352-4642(20)30109-7,5
DOI:10.1001/archinte.166.10.1092,DOI:10.1097/mlr.0b013e318160d093,8
DOI:10.1001/archinte.166.10.1092,DOI:10.1111/j.1746-1561.2007.00278.x,4
DOI:10.1001/archinte.166.10.1092,DOI:10.1177/0734282916655504,3
DOI:10.1001/archinte.166.10.1092,DOI:10.3109/01612840903484105,5
DOI:10.1001/archinte.166.10.1092,DOI:10.3390/ijerph17217800,4
DOI:10.1001/archinte.166.10.1092,"THOMPSON-HAILE A., 2013, COMPASS TECHNICAL REPORT SERIES, V1, P1",5
DOI:10.1001/archinte.166.10.1092,DOI:10.1037/t01038-000,3
DOI:10.1001/archinte.166.10.1092,"SULDO SM, 2008, SCHOOL PSYCHOL REV, V37, P52",4
DOI:10.1001/archinte.166.10.1092,DOI:10.1093/ije/dyw070,3
DOI:10.1001/archinte.166.10.1092,DOI:10.1111/jcpp.13278,3
DOI:10.1001/archinte.166.10.1092,DOI:10.1001/jamapediatrics.2020.1619,5
DOI:10.1001/archinte.166.10.1092,DOI:10.1016/s2215-0366(20)30308-4,3
DOI:10.1001/archinte.166.10.1092,DOI:10.1037/amp0000660,7
DOI:10.1001/archinte.166.10.1092,DOI:10.1542/peds.2020-007294,3
DOI:10.1001/archinte.166.10.1092,DOI:10.1542/peds.2020-016824,5
DOI:10.1001/archinte.166.10.1092,DOI:10.1016/j.jbi.2008.08.010,3
DOI:10.1001/archinte.166.10.1092,DOI:10.1023/b:joba.0000007455.08539.94,3
DOI:10.1001/archinte.166.10.1092,DOI:10.1002/hec.3885,3
DOI:10.1001/archinte.166.10.1092,DOI:10.1007/s00787-020-01541-4,13
DOI:10.1001/archinte.166.10.1092,DOI:10.1007/s00787-021-01744-3,5
DOI:10.1001/archinte.166.10.1092,DOI:10.1016/j.jadohealth.2020.06.002,3
DOI:10.1001/archinte.166.10.1092,DOI:10.1016/j.ijchp.2020.100218,3
DOI:10.1001/archinte.166.10.1092,DOI:10.1542/peds.2016-1642,4
DOI:10.1001/archinte.166.10.1092,DOI:10.3390/ijerph18073432,3
DOI:10.1001/archinte.166.10.1092,"BROOKS SAMANTHA K, 2020, LANCET, V395, P912, DOI [10.1016/S0140-6736(20)30460-8., 10.1016/S0140-6736(20)30460-8]",3
DOI:10.1001/archinte.166.10.1092,DOI:10.1007/s10578-020-01037-x,3
DOI:10.1001/archinte.166.10.1092,DOI:10.1007/s11126-020-09744-3,4
DOI:10.1001/archinte.166.10.1092,DOI:10.1016/j.jpeds.2020.03.013,3
DOI:10.1001/archinte.166.10.1092,DOI:10.1016/j.psychres.2020.113264,3
DOI:10.1001/archinte.166.10.1092,DOI:10.1016/s2215-0366(20)30168-1,3
DOI:10.1001/archinte.166.10.1092,DOI:10.1136/gpsych-2020-100213,3
DOI:10.1001/archinte.166.10.1092,DOI:10.1186/s13034-020-00329-3,6
DOI:10.1001/archinte.166.10.1092,DOI:10.3390/ijerph17051729,3
DOI:10.1001/archinte.166.10.1092,DOI:10.1016/j.sleep.2020.06.001,4
DOI:10.1001/archinte.166.10.1092,DOI:10.1007/s00787-021-01739-0,3
DOI:10.1001/archinte.166.10.1092,DOI:10.1037/amp0000707,4
DOI:10.1001/archinte.166.10.1092,DOI:10.1016/j.heliyon.2020.e04315,3
DOI:10.1001/archinte.166.10.1092,DOI:10.1080/10705519909540118,3
DOI:10.1001/archinte.166.10.1092,DOI:10.1001/jamanetworkopen.2020.14053,4
DOI:10.1001/archinte.166.10.1092,DOI:10.1001/jamanetworkopen.2021.24092,3
DOI:10.1001/archinte.166.10.1092,DOI:10.1016/j.ijdrr.2020.101845,5
DOI:10.1001/archinte.166.10.1092,DOI:10.1016/j.jadohealth.2022.06.022,3
DOI:10.1001/archinte.166.10.1092,DOI:10.1017/s003329172000241x,3
DOI:10.1001/archinte.166.10.1092,DOI:10.3390/ijerph17228479,4
DOI:10.1001/archinte.166.10.1092,DOI:10.1007/s00127-018-1511-4,3
DOI:10.1001/archinte.166.10.1092,DOI:10.1037/dev0001221,3
DOI:10.1001/archinte.166.10.1092,DOI:10.1016/j.psychres.2020.113429,4
DOI:10.1001/archinte.166.10.1092,DOI:10.1016/j.jad.2021.06.021,3
DOI:10.1001/archinte.166.10.1092,DOI:10.3389/fpsyt.2021.650759,3
DOI:10.1001/archinte.166.10.1092,DOI:10.1007/s11999-013-3429-1,3
DOI:10.1001/archinte.166.10.1092,DOI:10.1177/0363546518756349,3
DOI:10.1001/archinte.166.10.1092,DOI:10.1002/jts.22059,4
DOI:10.1001/archinte.166.10.1092,DOI:10.1017/s0033291720005358,4
DOI:10.1001/jamahealthforum.2021.1701,DOI:10.1007/s10964-020-01332-9,4
DOI:10.1001/jamahealthforum.2021.1701,DOI:10.1111/josh.13007,3
DOI:10.1007/s10964-020-01332-9,DOI:10.1016/j.bbi.2020.05.061,15
DOI:10.1007/s10964-020-01332-9,DOI:10.1016/j.brat.2022.104169,4
DOI:10.1007/s10964-020-01332-9,DOI:10.1016/j.jad.2014.02.009,6
DOI:10.1007/s10964-020-01332-9,DOI:10.1016/j.psychres.2018.12.004,7
DOI:10.1007/s10964-020-01332-9,DOI:10.1093/jpepsy/jsab119,5
DOI:10.1007/s10964-020-01332-9,DOI:10.1111/josh.13007,6
DOI:10.1007/s10964-020-01332-9,DOI:10.1186/1471-2458-14-331,7
DOI:10.1007/s10964-020-01332-9,DOI:10.1371/journal.pone.0239696,3
DOI:10.1007/s10964-020-01332-9,"MOSSMAN SA, 2017, ANN CLIN PSYCHIATRY, V29, P227",5
DOI:10.1007/s10964-020-01332-9,DOI:10.1001/jamanetworkopen.2020.21482,4
DOI:10.1007/s10964-020-01332-9,DOI:10.1016/j.chiabu.2020.104667,3
DOI:10.1007/s10964-020-01332-9,DOI:10.1016/j.psychres.2020.113264,10
DOI:10.1007/s10964-020-01332-9,DOI:10.1016/j.psychres.2020.113307,10
DOI:10.1007/s10964-020-01332-9,DOI:10.1016/j.psychres.2020.113429,19
DOI:10.1007/s10964-020-01332-9,DOI:10.3390/ijerph17228479,12
DOI:10.1007/s10964-020-01332-9,"BROOKS SAMANTHA K, 2020, LANCET, V395, P912, DOI [10.1016/S0140-6736(20)30460-8., 10.1016/S0140-6736(20)30460-8]",8
DOI:10.1007/s10964-020-01332-9,DOI:10.1001/jamapediatrics.2020.1619,13
DOI:10.1007/s10964-020-01332-9,DOI:10.1002/jcop.22453,8
DOI:10.1007/s10964-020-01332-9,DOI:10.1007/s00787-021-01744-3,16
DOI:10.1007/s10964-020-01332-9,DOI:10.1007/s10802-010-9434-x,3
DOI:10.1007/s10964-020-01332-9,DOI:10.1007/s10802-021-00821-0,8
DOI:10.1007/s10964-020-01332-9,DOI:10.1016/j.bbi.2020.04.028,4
DOI:10.1007/s10964-020-01332-9,DOI:10.1016/j.childyouth.2020.105277,8
DOI:10.1007/s10964-020-01332-9,DOI:10.1016/j.jaac.2020.05.009,32
DOI:10.1007/s10964-020-01332-9,DOI:10.1016/j.jaac.2020.06.007,4
DOI:10.1007/s10964-020-01332-9,DOI:10.1016/j.jad.2020.10.016,17
DOI:10.1007/s10964-020-01332-9,DOI:10.1016/j.ssmph.2021.100742,4
DOI:10.1007/s10964-020-01332-9,DOI:10.1016/j.worlddev.2020.105225,7
DOI:10.1007/s10964-020-01332-9,DOI:10.1016/s2352-4642(20)30186-3,18
DOI:10.1007/s10964-020-01332-9,DOI:10.1037/cbs0000215,26
DOI:10.1007/s10964-020-01332-9,DOI:10.1111/cdep.12248,4
DOI:10.1007/s10964-020-01332-9,DOI:10.1111/j.1469-7610.1997.tb01545.x,6
DOI:10.1007/s10964-020-01332-9,DOI:10.1111/jcpp.13382,10
DOI:10.1007/s10964-020-01332-9,DOI:10.1177/1094428103254673,3
DOI:10.1007/s10964-020-01332-9,DOI:10.1186/s12888-018-1591-4,3
DOI:10.1007/s10964-020-01332-9,DOI:10.3390/ijerph17165757,5
DOI:10.1007/s10964-020-01332-9,"LI SY, 2021, ELECTRON J QUAL THEO, P1, DOI [10.14232/EJQTDE.2021.1.64, 10.1007/S00787-021-01790-X]",5
DOI:10.1007/s10964-020-01332-9,DOI:10.1007/s00787-021-01889-1,9
DOI:10.1007/s10964-020-01332-9,DOI:10.1007/s10566-021-09655-9,3
DOI:10.1007/s10964-020-01332-9,DOI:10.1007/s10802-020-00732-6,3
DOI:10.1007/s10964-020-01332-9,DOI:10.1016/j.jaac.2020.12.027,9
DOI:10.1007/s10964-020-01332-9,DOI:10.1016/j.jadohealth.2021.06.012,3
DOI:10.1007/s10964-020-01332-9,DOI:10.1037/amp0000660,13
DOI:10.1007/s10964-020-01332-9,DOI:10.1037/amp0000838,5
DOI:10.1007/s10964-020-01332-9,DOI:10.1037/dev0001221,3
DOI:10.1007/s10964-020-01332-9,DOI:10.1111/jora.12647,4
DOI:10.1007/s10964-020-01332-9,DOI:10.1111/jora.12648,3
DOI:10.1007/s10964-020-01332-9,DOI:10.1111/jora.12662,4
DOI:10.1007/s10964-020-01332-9,DOI:10.1111/jora.12663,4
DOI:10.1007/s10964-020-01332-9,DOI:10.1111/jora.12667,3
DOI:10.1007/s10964-020-01332-9,DOI:10.1001/jamanetworkopen.2020.35487,3
DOI:10.1007/s10964-020-01332-9,DOI:10.1001/jamanetworkopen.2021.21934,5
DOI:10.1007/s10964-020-01332-9,DOI:10.1002/eat.23374,3
DOI:10.1007/s10964-020-01332-9,DOI:10.1007/s00787-020-01541-4,26
DOI:10.1007/s10964-020-01332-9,DOI:10.1007/s00787-021-01856-w,19
DOI:10.1007/s10964-020-01332-9,DOI:10.1016/j.ijchp.2020.100218,3
DOI:10.1007/s10964-020-01332-9,DOI:10.1016/j.jad.2021.06.021,14
DOI:10.1007/s10964-020-01332-9,DOI:10.1016/j.jadohealth.2020.08.026,9
DOI:10.1007/s10964-020-01332-9,DOI:10.1016/j.jadohealth.2020.11.010,7
DOI:10.1007/s10964-020-01332-9,DOI:10.1016/j.psychres.2020.112934,6
DOI:10.1007/s10964-020-01332-9,DOI:10.1016/j.psychres.2020.113560,6
DOI:10.1007/s10964-020-01332-9,DOI:10.1016/j.sleep.2020.06.001,6
DOI:10.1007/s10964-020-01332-9,DOI:10.1016/s2215-0366(21)00156-5,11
DOI:10.1007/s10964-020-01332-9,DOI:10.1016/s2352-4642(20)30097-3,3
DOI:10.1007/s10964-020-01332-9,DOI:10.1016/s2352-4642(20)30109-7,15
DOI:10.1007/s10964-020-01332-9,DOI:10.1111/camh.12501,13
DOI:10.1007/s10964-020-01332-9,DOI:10.1177/08295735211001653,4
DOI:10.1007/s10964-020-01332-9,DOI:10.1186/s43045-020-00075-4,3
DOI:10.1007/s10964-020-01332-9,DOI:10.3390/ijerph18052470,16
DOI:10.1007/s10964-020-01332-9,DOI:10.5664/jcsm.9196,7
DOI:10.1007/s10964-020-01332-9,DOI:10.1001/jamanetworkopen.2020.19686,3
DOI:10.1007/s10964-020-01332-9,DOI:10.1097/00004583-199704000-00018,4
DOI:10.1007/s10964-020-01332-9,DOI:10.1111/jora.12668,7
DOI:10.1007/s10964-020-01332-9,DOI:10.1111/jora.12781,4
DOI:10.1007/s10964-020-01332-9,DOI:10.3389/fpsyg.2020.586074,3
DOI:10.1007/s10964-020-01332-9,"JONES SHERRY EVERETT, 2022, MMWR SUPPL, V71, P16, DOI [10.15585/MMWR.SU7103A3, 10.15585/MMWR.SU7103A3]",7
DOI:10.1007/s10964-020-01332-9,"SULDO SM, 2008, SCHOOL PSYCHOL REV, V37, P52",4
DOI:10.1007/s10964-020-01332-9,DOI:10.1016/j.brat.2019.103501,5
DOI:10.1007/s10964-020-01332-9,DOI:10.1016/j.childyouth.2020.105355,3
DOI:10.1007/s10964-020-01332-9,DOI:10.1016/j.jadohealth.2020.06.002,5
DOI:10.1007/s10964-020-01332-9,DOI:10.1016/j.jadohealth.2020.09.002,4
DOI:10.1007/s10964-020-01332-9,DOI:10.1037/0033-2909.110.3.406,3
DOI:10.1007/s10964-020-01332-9,DOI:10.1046/j.1525-1497.2001.016009606.x,8
DOI:10.1007/s10964-020-01332-9,DOI:10.1016/j.neuron.2021.07.027,3
DOI:10.1007/s10964-020-01332-9,DOI:10.1016/j.psychres.2020.113692,3
DOI:10.1007/s10964-020-01332-9,DOI:10.1089/cyber.2020.0478,11
DOI:10.1007/s10964-020-01332-9,DOI:10.1111/j.2517-6161.1995.tb02031.x,3
DOI:10.1007/s10964-020-01332-9,DOI:10.1111/jora.12666,3
DOI:10.1007/s10964-020-01332-9,DOI:10.3390/brainsci10060341,4
DOI:10.1007/s10964-020-01332-9,DOI:10.1001/jamapediatrics.2020.1456,10
DOI:10.1007/s10964-020-01332-9,DOI:10.1001/jamapediatrics.2021.2482,21
DOI:10.1007/s10964-020-01332-9,DOI:10.1001/jamapediatrics.2021.5840,9
DOI:10.1007/s10964-020-01332-9,DOI:10.1002/ab.21986,3
DOI:10.1007/s10964-020-01332-9,DOI:10.1002/jcv2.12027,4
DOI:10.1007/s10964-020-01332-9,DOI:10.1007/s11205-009-9493-y,5
DOI:10.1007/s10964-020-01332-9,DOI:10.1016/j.jadohealth.2021.07.039,4
DOI:10.1007/s10964-020-01332-9,DOI:10.1016/j.psychres.2010.08.018,3
DOI:10.1007/s10964-020-01332-9,DOI:10.1016/s0749-3797(18)30622-6,6
DOI:10.1007/s10964-020-01332-9,DOI:10.1016/s2214-109x(20)30116-9,3
DOI:10.1007/s10964-020-01332-9,DOI:10.1016/s2352-4642(21)00177-2,3
DOI:10.1007/s10964-020-01332-9,DOI:10.1089/lgbt.2021.0238,3
DOI:10.1007/s10964-020-01332-9,DOI:10.1097/mlr.0b013e318160d093,4
DOI:10.1007/s10964-020-01332-9,DOI:10.1111/j.1746-1561.2007.00278.x,3
DOI:10.1007/s10964-020-01332-9,DOI:10.1139/facets-2021-0078,3
DOI:10.1007/s10964-020-01332-9,DOI:10.1176/appi.ps.201100518,3
DOI:10.1007/s10964-020-01332-9,DOI:10.3109/01612840903484105,4
DOI:10.1007/s10964-020-01332-9,DOI:10.3390/ijerph17217800,4
DOI:10.1007/s10964-020-01332-9,"THOMPSON-HAILE A., 2013, COMPASS TECHNICAL REPORT SERIES, V1, P1",4
DOI:10.1007/s10964-020-01332-9,DOI:10.1002/9780470479193.adlpsy002004,3
DOI:10.1007/s10964-020-01332-9,DOI:10.1007/s11205-013-0373-0,3
DOI:10.1007/s10964-020-01332-9,DOI:10.1023/a:1007219227883,3
DOI:10.1007/s10964-020-01332-9,DOI:10.1080/10705510701575396,3
DOI:10.1007/s10964-020-01332-9,DOI:10.1016/s2215-0366(20)30168-1,6
DOI:10.1007/s10964-020-01332-9,DOI:10.1016/s2215-0366(20)30570-8,5
DOI:10.1007/s10964-020-01332-9,DOI:10.1017/s1352465805002419,3
DOI:10.1007/s10964-020-01332-9,DOI:10.3389/fpsyg.2020.599531,4
DOI:10.1007/s10964-020-01332-9,DOI:10.3389/fpsyt.2021.692853,3
DOI:10.1007/s10964-020-01332-9,DOI:10.1001/jamapediatrics.2021.6298,8
DOI:10.1007/s10964-020-01332-9,DOI:10.1016/s0140-6736(21)02143-7,7
DOI:10.1007/s10964-020-01332-9,DOI:10.15585/mmwr.mm6945a3,7
DOI:10.1007/s10964-020-01332-9,DOI:10.3389/fpsyt.2021.655481,3
DOI:10.1007/s10964-020-01332-9,DOI:10.1016/j.jadohealth.2021.04.005,7
DOI:10.1007/s10964-020-01332-9,DOI:10.1016/j.jbi.2008.08.010,3
DOI:10.1007/s10964-020-01332-9,DOI:10.1016/j.neubiorev.2017.05.010,3
DOI:10.1007/s10964-020-01332-9,DOI:10.1016/j.pnpbp.2021.110330,3
DOI:10.1007/s10964-020-01332-9,DOI:10.1038/s41562-021-01079-8,4
DOI:10.1007/s10964-020-01332-9,DOI:10.1038/s41598-020-78438-4,4
DOI:10.1007/s10964-020-01332-9,DOI:10.1136/gpsych-2020-100213,3
DOI:10.1007/s10964-020-01332-9,DOI:10.1007/s00787-023-02206-8,6
DOI:10.1007/s10964-020-01332-9,DOI:10.1016/j.pcl.2021.05.003,4
DOI:10.1007/s10964-020-01332-9,DOI:10.1017/s0033291720005358,11
DOI:10.1007/s10964-020-01332-9,DOI:10.1111/nyas.14947,4
DOI:10.1007/s10964-020-01332-9,DOI:10.1111/wvn.12566,3
DOI:10.1007/s10964-020-01332-9,DOI:10.1136/bmjopen-2021-053676,3
DOI:10.1007/s10964-020-01332-9,DOI:10.1177/20503121221086712,6
DOI:10.1007/s10964-020-01332-9,DOI:10.1186/s13034-022-00546-y,4
DOI:10.1007/s10964-020-01332-9,DOI:10.1186/s13034-023-00560-8,3
DOI:10.1007/s10964-020-01332-9,DOI:10.3390/ijerph18158074,4
DOI:10.1007/s10964-020-01332-9,DOI:10.3390/ijerph19095220,3
DOI:10.1007/s10964-020-01332-9,DOI:10.4045/tidsskr.20.0437,3
DOI:10.1007/s10964-020-01332-9,DOI:10.1016/j.socscimed.2013.04.026,3
DOI:10.1007/s10964-020-01332-9,DOI:10.1016/j.jad.2020.06.029,19
DOI:10.1007/s10964-020-01332-9,DOI:10.1186/s12992-020-00589-w,3
DOI:10.1007/s10964-020-01332-9,DOI:10.1542/peds.2020-016824,7
DOI:10.1007/s10964-020-01332-9,DOI:10.1007/s11126-020-09744-3,11
DOI:10.1007/s10964-020-01332-9,DOI:10.1016/j.jadohealth.2020.09.039,17
DOI:10.1007/s10964-020-01332-9,DOI:10.1186/s13034-020-00329-3,17
DOI:10.1007/s10964-020-01332-9,DOI:10.12669/pjms.36.covid19-s4.2759,8
DOI:10.1007/s10964-020-01332-9,DOI:10.3390/ijerph17051729,7
DOI:10.1007/s10964-020-01332-9,DOI:10.1002/erv.2763,4
DOI:10.1007/s10964-020-01332-9,DOI:10.1007/s00787-020-01631-3,3
DOI:10.1007/s10964-020-01332-9,DOI:10.1016/j.ajp.2020.102066,3
DOI:10.1007/s10964-020-01332-9,DOI:10.1016/j.jad.2021.04.016,6
DOI:10.1007/s10964-020-01332-9,DOI:10.1016/j.jpeds.2020.03.013,12
DOI:10.1007/s10964-020-01332-9,DOI:10.1016/j.pnpbp.2020.110171,7
DOI:10.1007/s10964-020-01332-9,DOI:10.1111/cch.12816,3
DOI:10.1007/s10964-020-01332-9,DOI:10.1111/cob.12412,4
DOI:10.1007/s10964-020-01332-9,DOI:10.1136/archdischild-2020-320372,13
DOI:10.1007/s10964-020-01332-9,DOI:10.1177/0020764020972439,3
DOI:10.1007/s10964-020-01332-9,DOI:10.1186/s12992-020-00627-7,5
DOI:10.1007/s10964-020-01332-9,DOI:10.23736/s0026-4946.20.05887-9,3
DOI:10.1007/s10964-020-01332-9,DOI:10.33588/rn.7108.2020381,3
DOI:10.1007/s10964-020-01332-9,DOI:10.3389/fpsyg.2020.579038,11
DOI:10.1007/s10964-020-01332-9,DOI:10.3390/brainsci10120918,3
DOI:10.1007/s10964-020-01332-9,DOI:10.3390/healthcare8040472,3
DOI:10.1007/s10964-020-01332-9,DOI:10.3390/ijerph18031062,7
DOI:10.1007/s10964-020-01332-9,"[ANONYMOUS], 2021, WHITE HOUSE",3
DOI:10.1007/s10964-020-01332-9,DOI:10.1001/jamapediatrics.2023.0846,4
DOI:10.1007/s10964-020-01332-9,DOI:10.1016/j.jad.2021.09.098,6
DOI:10.1007/s10964-020-01332-9,DOI:10.1037/tra0001188,5
DOI:10.1007/s10964-020-01332-9,DOI:10.1192/bjo.2021.49,4
DOI:10.1007/s10964-020-01332-9,DOI:10.4324/9780203771587],4
DOI:10.1007/s10964-020-01332-9,DOI:10.1007/s12098-020-03347-3,4
DOI:10.1007/s10964-020-01332-9,DOI:10.1016/j.encep.2020.05.011,3
DOI:10.1007/s10964-020-01332-9,DOI:10.1016/j.ijdrr.2020.101845,8
DOI:10.1007/s10964-020-01332-9,DOI:10.1016/j.jad.2020.08.001,5
DOI:10.1007/s10964-020-01332-9,DOI:10.1016/j.jadohealth.2020.05.004,8
DOI:10.1007/s10964-020-01332-9,DOI:10.1016/s0140-6736(20)30547-x,8
DOI:10.1007/s10964-020-01332-9,DOI:10.1038/nrn2513,3
DOI:10.1007/s10964-020-01332-9,DOI:10.1038/s41598-021-91299-9,3
DOI:10.1007/s10964-020-01332-9,DOI:10.1111/appy.12406,7
DOI:10.1007/s10964-020-01332-9,DOI:10.1136/bmj.n71,3
DOI:10.1007/s10964-020-01332-9,DOI:10.1177/0706743720940562,12
DOI:10.1007/s10964-020-01332-9,DOI:10.1186/s12887-021-02550-1,5
DOI:10.1007/s10964-020-01332-9,DOI:10.12688/f1000research.24457.1,4
DOI:10.1007/s10964-020-01332-9,DOI:10.1371/journal.pone.0236562,3
DOI:10.1007/s10964-020-01332-9,DOI:10.2991/jegh.k.200908.001,7
DOI:10.1007/s10964-020-01332-9,DOI:10.3390/ijerph17197327,8
DOI:10.1007/s10964-020-01332-9,DOI:10.3390/ijerph17207666,6
DOI:10.1007/s10964-020-01332-9,DOI:10.3390/ijerph17228297,4
DOI:10.1007/s10964-020-01332-9,DOI:10.3390/ijerph18052506,4
DOI:10.1007/s10964-020-01332-9,DOI:10.3390/ijerph18073432,8
DOI:10.1007/s10964-020-01332-9,DOI:10.3390/ijerph18094668,6
DOI:10.1007/s10964-020-01332-9,DOI:10.1007/s00787-021-01790-x,3
DOI:10.1007/s10964-020-01332-9,DOI:10.1016/0005-7967(94)00075-u,4
DOI:10.1007/s10964-020-01332-9,DOI:10.1111/jcpp.13490,7
DOI:10.1007/s10964-020-01332-9,DOI:10.1111/jcv2.12009,3
DOI:10.1007/s10964-020-01332-9,DOI:10.31234/osf.io/ag2r7,3
DOI:10.1007/s10964-020-01332-9,DOI:10.31234/osf.io/hn7us,5
DOI:10.1007/s10964-020-01332-9,"LAWRENCE D., 2015, MENTAL HLTH CHILDREN",3
DOI:10.1007/s10964-020-01332-9,DOI:10.1016/j.chiabu.2020.104680,5
DOI:10.1007/s10964-020-01332-9,DOI:10.1016/j.jadohealth.2020.06.018,7
DOI:10.1007/s10964-020-01332-9,DOI:10.1016/j.jadohealth.2020.07.001,5
DOI:10.1007/s10964-020-01332-9,DOI:10.1111/bjhp.12470,4
DOI:10.1007/s10964-020-01332-9,DOI:10.1111/pcn.13102,3
DOI:10.1007/s10964-020-01332-9,DOI:10.1016/j.cppeds.2021.100949,3
DOI:10.1007/s10964-020-01332-9,DOI:10.1038/s41562-021-01235-0,4
DOI:10.1007/s10964-020-01332-9,DOI:10.1371/journal.pone.0255294,8
DOI:10.1007/s10964-020-01332-9,DOI:10.1016/s0140-6736(12)60149-4,3
DOI:10.1007/s10964-020-01332-9,DOI:10.1111/hex.12795,3
DOI:10.1007/s10964-020-01332-9,DOI:10.1186/s13034-021-00433-y,3
DOI:10.1007/s10964-020-01332-9,DOI:10.1186/s13034-022-00457-y,3
DOI:10.1007/s10964-020-01332-9,DOI:10.1186/s13034-023-00563-5,3
DOI:10.1007/s10964-020-01332-9,DOI:10.1016/j.chiabu.2020.104699,3
DOI:10.1007/s10964-020-01332-9,DOI:10.1016/j.jadohealth.2022.05.020,3
DOI:10.1007/s10964-020-01332-9,DOI:10.1111/ped.14718,3
DOI:10.1007/s10964-020-01332-9,DOI:10.1136/injuryprev-2020-044050,3
DOI:10.1007/s10964-020-01332-9,"WIDNALL E., 2020, YOUNG PEOPLES MENTAL HEALTH DURING THE COVID-19 PANDEMIC",3
DOI:10.1007/s10964-020-01332-9,DOI:10.1038/s41598-021-81720-8,6
DOI:10.1007/s10964-020-01332-9,DOI:10.1111/jcv2.12008,4
DOI:10.1007/s10964-020-01332-9,DOI:10.1136/bmj.n614,4
DOI:10.1007/s10964-020-01332-9,DOI:10.1177/17456916211029964,4
DOI:10.1007/s10964-020-01332-9,DOI:10.1016/j.jadohealth.2022.06.022,4
DOI:10.1007/s10964-020-01332-9,DOI:10.1111/1467-8624.00381,3
DOI:10.1007/s10964-020-01332-9,DOI:10.1016/j.jadohealth.2020.09.026,3
DOI:10.1007/s10964-020-01332-9,DOI:10.1017/dmp.2013.22,5
DOI:10.1007/s10964-020-01332-9,DOI:10.3389/fpsyg.2020.01713,4
DOI:10.1007/s10964-020-01332-9,DOI:10.3389/fpsyg.2020.559951,4
DOI:10.1007/s10964-020-01332-9,DOI:10.3389/fpsyg.2020.590463,3
DOI:10.1007/s10964-020-01332-9,DOI:10.3389/fpsyt.2020.570164,3
DOI:10.1007/s10964-020-01332-9,DOI:10.3390/jcm9103064,3
DOI:10.1007/s10964-020-01332-9,DOI:10.1007/s12187-015-9339-x,5
DOI:10.1007/s10964-020-01332-9,DOI:10.1016/j.pcad.2020.04.013,7
DOI:10.1007/s10964-020-01332-9,DOI:10.1186/s12966-020-00987-8,4
DOI:10.1007/s10964-020-01332-9,DOI:10.1001/jamainternmed.2020.1562,3
DOI:10.1007/s10964-020-01332-9,DOI:10.3238/arztebl.2020.0828,5
DOI:10.1007/s10964-020-01332-9,DOI:10.1016/j.jadohealth.2021.07.013,3
DOI:10.1007/s10964-020-01332-9,DOI:10.1016/j.psychres.2020.113143,3
DOI:10.1007/s10964-020-01332-9,DOI:10.1016/j.sleep.2021.07.008,3
DOI:10.1007/s10964-020-01332-9,DOI:10.1037/sgd0000467,4
DOI:10.1007/s10964-020-01332-9,DOI:10.1037/trm0000345,4
DOI:10.1007/s10964-020-01332-9,DOI:10.1371/journal.pone.0240962,4
DOI:10.1007/s10964-020-01332-9,DOI:10.3389/fped.2021.622608,5
DOI:10.1007/s10964-020-01332-9,DOI:10.1007/s11136-021-02861-x,5
DOI:10.1007/s10964-020-01332-9,DOI:10.1016/j.lanepe.2021.100093,7
DOI:10.1007/s10964-020-01332-9,DOI:10.1017/s0033291721000015,3
DOI:10.1007/s10964-020-01332-9,DOI:10.1093/tropej/fmaa122,6
DOI:10.1007/s10964-020-01332-9,DOI:10.1556/2006.2021.00016,3
DOI:10.1007/s10964-020-01332-9,DOI:10.3389/fpsyt.2021.711791,3
DOI:10.1007/s10964-020-01332-9,DOI:10.1007/s40894-022-00185-6,4
DOI:10.1007/s10964-020-01332-9,DOI:10.1016/j.psychres.2021.113778,5
DOI:10.1007/s10964-020-01332-9,DOI:10.1017/s003329172000241x,3
DOI:10.1007/s10964-020-01332-9,DOI:10.1521/jscp.2010.29.6.624,3
DOI:10.1007/s10964-020-01332-9,DOI:10.1007/s007870050057,3
DOI:10.1007/s10964-020-01332-9,DOI:10.1186/1753-2000-2-8,3
DOI:10.1007/s10964-020-01332-9,DOI:10.1016/j.tics.2004.12.005,3
DOI:10.1007/s10964-020-01332-9,DOI:10.1037/dev0001208,3
DOI:10.1007/s10964-020-01332-9,DOI:10.1056/nejmp2008017,5
DOI:10.1007/s10964-020-01332-9,DOI:10.1196/annals.1308.001,3
DOI:10.1007/s10964-020-01332-9,DOI:10.1016/j.jadohealth.2020.08.009,3
DOI:10.1007/s10964-020-01332-9,DOI:10.1016/j.psychres.2020.113596,3
DOI:10.1007/s10964-020-01332-9,DOI:10.1023/b:joba.0000007455.08539.94,4
DOI:10.1007/s10964-020-01332-9,"[胡月琴 HU YUEQIN], 2008, [心理学报, ACTA PSYCHOLOGICA SINICA], V40, P902",3
DOI:10.1007/s10964-020-01332-9,DOI:10.1037/apl0000857,3
DOI:10.1007/s10964-020-01332-9,DOI:10.2307/2136404,4
DOI:10.1007/s10964-020-01332-9,DOI:10.1007/s00787-022-02060-0,6
DOI:10.1007/s10964-020-01332-9,DOI:10.1080/02673843.2019.1590851,3
DOI:10.1007/s10964-020-01332-9,DOI:10.1007/s00127-020-01896-8,3
DOI:10.1007/s10964-020-01332-9,DOI:10.1037/amp0000707,8
DOI:10.1007/s10964-020-01332-9,DOI:10.1542/peds.2020-007294,5
DOI:10.1007/s10964-020-01332-9,DOI:10.1176/appi.books.9780890425596],3
DOI:10.1007/s10964-020-01332-9,DOI:10.1016/j.bbi.2020.05.048,3
DOI:10.1007/s10964-020-01332-9,DOI:10.1371/journal.pone.0236337,4
DOI:10.1007/s10964-020-01332-9,DOI:10.1016/s0140-6736(19)31013-x,3
DOI:10.1007/s10964-020-01332-9,DOI:10.1016/j.chb.2013.10.059,3
DOI:10.1007/s10964-020-01332-9,DOI:10.1016/s0140-6736(20)30460-8,12
DOI:10.1007/s10964-020-01332-9,DOI:10.1016/s2215-0366(20)30308-4,4
DOI:10.1007/s10964-020-01332-9,DOI:10.3390/children8050415,3
DOI:10.1007/s10964-020-01332-9,DOI:10.1007/s11469-020-00322-z,3
DOI:10.1007/s10964-020-01332-9,DOI:10.1007/s12144-020-01191-4,3
DOI:10.1007/s10964-020-01332-9,DOI:10.3389/fpsyt.2020.00751,3
DOI:10.1007/s10964-020-01332-9,DOI:10.1016/j.jadohealth.2020.08.008,3
DOI:10.1007/s10964-020-01332-9,DOI:10.1136/bmj.327.7414.557,3
DOI:10.1007/s10964-020-01332-9,DOI:10.1016/j.pnpbp.2020.110236,3
DOI:10.1007/s10964-020-01332-9,DOI:10.1017/s0033291720004432,3
DOI:10.1007/s10964-020-01332-9,DOI:10.18637/jss.v067.i01,3
DOI:10.1007/s10964-020-01332-9,DOI:10.3390/ijerph17114065,3
DOI:10.1007/s10964-020-01332-9,DOI:10.1111/jcpp.13586,3
DOI:10.1007/s10964-020-01332-9,DOI:10.1016/j.jadohealth.2022.05.025,4
DOI:10.1007/s10964-020-01332-9,DOI:10.1016/s2352-4642(20)30095-x,3
DOI:10.1007/s10964-020-01332-9,DOI:10.1007/s40279-019-01099-5,3
DOI:10.1007/s10964-020-01332-9,DOI:10.1037/a0016669,3
DOI:10.1007/s10964-020-01332-9,DOI:10.3390/adolescents1010002,3
DOI:10.1007/s10964-020-01332-9,DOI:10.3389/fpsyt.2020.00803,3
DOI:10.1007/s10964-020-01332-9,DOI:10.1371/journal.pone.0213700,3
DOI:10.1007/s10964-020-01332-9,DOI:10.1542/peds.2020-039628,3
DOI:10.1007/s10964-020-01332-9,DOI:10.1111/jcpp.13478,3
DOI:10.1007/s10964-020-01332-9,DOI:10.1001/jamanetworkopen.2020.25591,3
DOI:10.1007/s10964-020-01332-9,DOI:10.1016/s2214-109x(20)30238-2,3
DOI:10.1007/s10964-020-01332-9,DOI:10.1016/j.psychres.2023.115082,3
DOI:10.1007/s10964-020-01332-9,DOI:10.1001/jamanetworkopen.2021.24092,3
DOI:10.1007/s10964-020-01332-9,DOI:10.1007/s00787-020-01680-8,3
DOI:10.1007/s10964-020-01332-9,DOI:10.1007/s00787-021-01935-y,3
DOI:10.1007/s10964-020-01332-9,DOI:10.1001/jamanetworkopen.2020.14053,3
DOI:10.1016/j.bbi.2020.05.061,"MOSSMAN SA, 2017, ANN CLIN PSYCHIATRY, V29, P227",3
DOI:10.1016/j.bbi.2020.05.061,DOI:10.1002/jcop.22453,3
DOI:10.1016/j.bbi.2020.05.061,DOI:10.1007/s10802-021-00821-0,3
DOI:10.1016/j.bbi.2020.05.061,DOI:10.1007/s11126-020-09744-3,7
DOI:10.1016/j.bbi.2020.05.061,DOI:10.1016/j.jaac.2020.05.009,13
DOI:10.1016/j.bbi.2020.05.061,DOI:10.1016/j.jad.2020.10.016,11
DOI:10.1016/j.bbi.2020.05.061,DOI:10.1016/j.jadohealth.2020.09.039,5
DOI:10.1016/j.bbi.2020.05.061,DOI:10.1186/s13034-020-00329-3,12
DOI:10.1016/j.bbi.2020.05.061,DOI:10.3390/ijerph17051729,7
DOI:10.1016/j.bbi.2020.05.061,DOI:10.1001/jamapediatrics.2020.1456,7
DOI:10.1016/j.bbi.2020.05.061,DOI:10.1001/jamapediatrics.2020.1619,15
DOI:10.1016/j.bbi.2020.05.061,DOI:10.1001/jamapediatrics.2021.2482,9
DOI:10.1016/j.bbi.2020.05.061,DOI:10.1007/s00787-020-01541-4,23
DOI:10.1016/j.bbi.2020.05.061,DOI:10.1007/s00787-021-01889-1,4
DOI:10.1016/j.bbi.2020.05.061,DOI:10.1007/s10578-020-01089-z,3
DOI:10.1016/j.bbi.2020.05.061,DOI:10.1007/s12098-020-03347-3,9
DOI:10.1016/j.bbi.2020.05.061,DOI:10.1007/s40279-019-01099-5,3
DOI:10.1016/j.bbi.2020.05.061,DOI:10.1016/j.jad.2020.06.029,19
DOI:10.1016/j.bbi.2020.05.061,DOI:10.1016/j.jadohealth.2020.05.004,9
DOI:10.1016/j.bbi.2020.05.061,DOI:10.1016/j.jpeds.2020.03.013,16
DOI:10.1016/j.bbi.2020.05.061,DOI:10.1016/j.pnpbp.2020.110171,6
DOI:10.1016/j.bbi.2020.05.061,DOI:10.1016/j.psychres.2020.113070,7
DOI:10.1016/j.bbi.2020.05.061,DOI:10.1016/j.sleep.2020.05.018,3
DOI:10.1016/j.bbi.2020.05.061,DOI:10.1016/s0140-6736(20)30460-8,6
DOI:10.1016/j.bbi.2020.05.061,DOI:10.1017/dmp.2013.22,7
DOI:10.1016/j.bbi.2020.05.061,DOI:10.1089/cyber.2020.0478,4
DOI:10.1016/j.bbi.2020.05.061,DOI:10.1146/annurev.psych.58.110405.085605,3
DOI:10.1016/j.bbi.2020.05.061,DOI:10.1186/s12992-021-00693-5,4
DOI:10.1016/j.bbi.2020.05.061,DOI:10.1542/peds.2020-007294,5
DOI:10.1016/j.bbi.2020.05.061,DOI:10.3389/fpsyg.2020.579038,7
DOI:10.1016/j.bbi.2020.05.061,DOI:10.3390/brainsci10060341,4
DOI:10.1016/j.bbi.2020.05.061,DOI:10.3390/ijerph18073432,7
DOI:10.1016/j.bbi.2020.05.061,DOI:10.1001/jamanetworkopen.2020.21482,6
DOI:10.1016/j.bbi.2020.05.061,DOI:10.1002/erv.2763,3
DOI:10.1016/j.bbi.2020.05.061,DOI:10.1007/s00787-020-01631-3,3
DOI:10.1016/j.bbi.2020.05.061,DOI:10.1016/j.bbi.2020.04.028,5
DOI:10.1016/j.bbi.2020.05.061,DOI:10.1016/j.psychres.2020.113560,4
DOI:10.1016/j.bbi.2020.05.061,DOI:10.1111/cch.12816,4
DOI:10.1016/j.bbi.2020.05.061,DOI:10.1111/cob.12412,3
DOI:10.1016/j.bbi.2020.05.061,DOI:10.1136/archdischild-2020-320372,3
DOI:10.1016/j.bbi.2020.05.061,DOI:10.1186/s12992-020-00627-7,5
DOI:10.1016/j.bbi.2020.05.061,DOI:10.33588/rn.7108.2020381,3
DOI:10.1016/j.bbi.2020.05.061,DOI:10.3390/ijerph18031062,7
DOI:10.1016/j.bbi.2020.05.061,DOI:10.1001/jamanetworkopen.2020.35487,3
DOI:10.1016/j.bbi.2020.05.061,DOI:10.1001/jamapediatrics.2020.5499,3
DOI:10.1016/j.bbi.2020.05.061,DOI:10.1016/j.childyouth.2020.105277,8
DOI:10.1016/j.bbi.2020.05.061,DOI:10.1016/j.ijdrr.2020.101845,6
DOI:10.1016/j.bbi.2020.05.061,DOI:10.1016/j.jad.2020.08.001,5
DOI:10.1016/j.bbi.2020.05.061,DOI:10.1016/j.jadohealth.2020.08.026,6
DOI:10.1016/j.bbi.2020.05.061,DOI:10.1016/j.sleep.2020.06.001,3
DOI:10.1016/j.bbi.2020.05.061,DOI:10.1016/s0140-6736(20)30547-x,9
DOI:10.1016/j.bbi.2020.05.061,DOI:10.1038/s41398-021-01271-4,3
DOI:10.1016/j.bbi.2020.05.061,DOI:10.1111/appy.12406,5
DOI:10.1016/j.bbi.2020.05.061,DOI:10.1177/0706743720940562,5
DOI:10.1016/j.bbi.2020.05.061,DOI:10.1186/s12887-021-02550-1,4
DOI:10.1016/j.bbi.2020.05.061,DOI:10.1186/s13052-021-01036-1,3
DOI:10.1016/j.bbi.2020.05.061,DOI:10.12688/f1000research.24457.1,3
DOI:10.1016/j.bbi.2020.05.061,DOI:10.3390/ijerph17165757,5
DOI:10.1016/j.bbi.2020.05.061,DOI:10.3390/ijerph17197327,4
DOI:10.1016/j.bbi.2020.05.061,DOI:10.3390/ijerph17228297,3
DOI:10.1016/j.bbi.2020.05.061,DOI:10.3390/ijerph17228479,3
DOI:10.1016/j.bbi.2020.05.061,DOI:10.3390/ijerph18094668,3
DOI:10.1016/j.bbi.2020.05.061,DOI:10.1016/j.ajp.2020.102077,3
DOI:10.1016/j.bbi.2020.05.061,DOI:10.1016/s2215-0366(20)30168-1,4
DOI:10.1016/j.bbi.2020.05.061,DOI:10.1016/s2352-4642(20)30096-1,3
DOI:10.1016/j.bbi.2020.05.061,DOI:10.1016/s2352-4642(20)30109-7,12
DOI:10.1016/j.bbi.2020.05.061,DOI:10.1186/s13034-020-00324-8,3
DOI:10.1016/j.bbi.2020.05.061,DOI:10.1016/j.chiabu.2020.104680,3
DOI:10.1016/j.bbi.2020.05.061,DOI:10.1016/j.jadohealth.2020.06.002,3
DOI:10.1016/j.bbi.2020.05.061,DOI:10.1016/j.jadohealth.2020.07.001,6
DOI:10.1016/j.bbi.2020.05.061,DOI:10.1037/cbs0000215,13
DOI:10.1016/j.bbi.2020.05.061,DOI:10.1111/pcn.13102,5
DOI:10.1016/j.bbi.2020.05.061,DOI:10.1007/s00787-021-01744-3,5
DOI:10.1016/j.bbi.2020.05.061,DOI:10.1016/j.chiabu.2020.104699,4
DOI:10.1016/j.bbi.2020.05.061,DOI:10.1111/camh.12501,4
DOI:10.1016/j.bbi.2020.05.061,DOI:10.1016/j.psychres.2020.113429,4
DOI:10.1016/j.bbi.2020.05.061,DOI:10.1093/tropej/fmaa122,3
DOI:10.1016/j.bbi.2020.05.061,DOI:10.1136/ebmental-2021-300277,3
DOI:10.1016/j.bbi.2020.05.061,DOI:10.1177/00048674221090174,4
DOI:10.1016/j.bbi.2020.05.061,DOI:10.3390/ijerph18052470,4
DOI:10.1016/j.bbi.2020.05.061,DOI:10.1002/hec.3885,3
DOI:10.1016/j.bbi.2020.05.061,DOI:10.1007/s11136-021-02861-x,3
DOI:10.1016/j.bbi.2020.05.061,"BROOKS SAMANTHA K, 2020, LANCET, V395, P912, DOI [10.1016/S0140-6736(20)30460-8., 10.1016/S0140-6736(20)30460-8]",7
DOI:10.1016/j.bbi.2020.05.061,DOI:10.1016/j.jad.2020.10.008,3
DOI:10.1016/j.bbi.2020.05.061,DOI:10.1016/j.psychres.2020.113264,5
DOI:10.1016/j.bbi.2020.05.061,DOI:10.3389/fpsyg.2020.01713,3
DOI:10.1016/j.bbi.2020.05.061,DOI:10.3390/ijerph17196975,3
DOI:10.1016/j.bbi.2020.05.061,DOI:10.1016/j.pcad.2020.04.013,4
DOI:10.1016/j.bbi.2020.05.061,DOI:10.1016/j.psychres.2020.113307,7
DOI:10.1016/j.bbi.2020.05.061,DOI:10.3389/fpsyt.2020.00751,3
DOI:10.1016/j.bbi.2020.05.061,DOI:10.3389/fpsyg.2020.586074,3
DOI:10.1016/j.bbi.2020.05.061,"PAPPA S, 2020, BRAIN BEHAV IMMUN, V88, P901, DOI [10.1016/J.BBI.2020.05.026, 10.1016/J.BBI.2020.11.023]",4
DOI:10.1016/j.bbi.2020.05.061,DOI:10.1007/s12144-020-01191-4,4
DOI:10.1016/j.bbi.2020.05.061,DOI:10.1016/j.psychres.2020.112954,3
DOI:10.1016/j.bbi.2020.05.061,DOI:10.1016/j.ajp.2020.102305,3
DOI:10.1016/j.bbi.2020.05.061,DOI:10.1186/s12992-020-00601-3,3
DOI:10.1016/j.bbi.2020.05.061,DOI:10.1186/s40249-020-00678-3,3
DOI:10.1016/j.bbi.2020.05.061,DOI:10.1016/j.chiabu.2020.104709,3
DOI:10.1016/j.bbi.2020.05.061,DOI:10.1542/peds.2020-029280,3
DOI:10.1016/j.bbi.2020.05.061,DOI:10.1016/j.bbi.2020.05.048,4
DOI:10.1016/j.bbi.2020.05.061,DOI:10.1080/07420528.2020.1792485,3
DOI:10.1016/j.bbi.2020.05.061,DOI:10.1016/j.jad.2021.06.021,5
DOI:10.1016/j.bbi.2020.05.061,DOI:10.1017/s0033291720005358,3
DOI:10.1016/j.jad.2014.02.009,DOI:10.1016/j.psychres.2018.12.004,6
DOI:10.1016/j.jad.2014.02.009,DOI:10.1093/jpepsy/jsab119,5
DOI:10.1016/j.jad.2014.02.009,DOI:10.1186/1471-2458-14-331,6
DOI:10.1016/j.jad.2014.02.009,"MOSSMAN SA, 2017, ANN CLIN PSYCHIATRY, V29, P227",5
DOI:10.1016/j.jad.2014.02.009,DOI:10.1001/jamapediatrics.2020.1456,3
DOI:10.1016/j.jad.2014.02.009,DOI:10.1007/s11205-009-9493-y,4
DOI:10.1016/j.jad.2014.02.009,DOI:10.1016/j.jaac.2020.05.009,3
DOI:10.1016/j.jad.2014.02.009,DOI:10.1016/s0749-3797(18)30622-6,5
DOI:10.1016/j.jad.2014.02.009,DOI:10.1097/mlr.0b013e318160d093,3
DOI:10.1016/j.jad.2014.02.009,DOI:10.1111/j.1746-1561.2007.00278.x,3
DOI:10.1016/j.jad.2014.02.009,DOI:10.3109/01612840903484105,3
DOI:10.1016/j.jad.2014.02.009,DOI:10.3390/ijerph17217800,4
DOI:10.1016/j.jad.2014.02.009,"THOMPSON-HAILE A., 2013, COMPASS TECHNICAL REPORT SERIES, V1, P1",3
DOI:10.1016/j.psychres.2018.12.004,DOI:10.1093/jpepsy/jsab119,5
DOI:10.1016/j.psychres.2018.12.004,DOI:10.1186/1471-2458-14-331,6
DOI:10.1016/j.psychres.2018.12.004,"MOSSMAN SA, 2017, ANN CLIN PSYCHIATRY, V29, P227",7
DOI:10.1016/j.psychres.2018.12.004,DOI:10.1001/jamapediatrics.2020.1456,3
DOI:10.1016/j.psychres.2018.12.004,DOI:10.1001/jamapediatrics.2021.2482,5
DOI:10.1016/j.psychres.2018.12.004,DOI:10.1007/s11205-009-9493-y,4
DOI:10.1016/j.psychres.2018.12.004,DOI:10.1016/j.jaac.2020.05.009,4
DOI:10.1016/j.psychres.2018.12.004,DOI:10.1016/s0749-3797(18)30622-6,6
DOI:10.1016/j.psychres.2018.12.004,DOI:10.1016/s2352-4642(20)30109-7,3
DOI:10.1016/j.psychres.2018.12.004,DOI:10.1097/mlr.0b013e318160d093,3
DOI:10.1016/j.psychres.2018.12.004,DOI:10.1111/j.1746-1561.2007.00278.x,3
DOI:10.1016/j.psychres.2018.12.004,DOI:10.3109/01612840903484105,3
DOI:10.1016/j.psychres.2018.12.004,DOI:10.3390/ijerph17217800,4
DOI:10.1016/j.psychres.2018.12.004,"THOMPSON-HAILE A., 2013, COMPASS TECHNICAL REPORT SERIES, V1, P1",3
DOI:10.1016/j.psychres.2018.12.004,DOI:10.1007/s00787-020-01541-4,3
DOI:10.1016/s0140-6736(11)60871-4,DOI:10.1016/j.cpr.2016.10.005,5
DOI:10.1016/s0140-6736(11)60871-4,DOI:10.1016/s2352-4642(20)30186-3,3
DOI:10.1037/cbs0000305,DOI:10.1001/jamapediatrics.2021.2482,3
DOI:10.1093/jpepsy/jsab119,DOI:10.1186/1471-2458-14-331,6
DOI:10.1093/jpepsy/jsab119,"MOSSMAN SA, 2017, ANN CLIN PSYCHIATRY, V29, P227",5
DOI:10.1093/jpepsy/jsab119,DOI:10.1001/jamapediatrics.2021.2482,3
DOI:10.1093/jpepsy/jsab119,DOI:10.1007/s11205-009-9493-y,3
DOI:10.1093/jpepsy/jsab119,DOI:10.1016/s0749-3797(18)30622-6,5
DOI:10.1093/jpepsy/jsab119,DOI:10.1097/mlr.0b013e318160d093,3
DOI:10.1093/jpepsy/jsab119,DOI:10.3109/01612840903484105,4
DOI:10.1093/jpepsy/jsab119,DOI:10.3390/ijerph17217800,3
DOI:10.1093/jpepsy/jsab119,"THOMPSON-HAILE A., 2013, COMPASS TECHNICAL REPORT SERIES, V1, P1",4
DOI:10.1186/1471-2458-14-331,"MOSSMAN SA, 2017, ANN CLIN PSYCHIATRY, V29, P227",5
DOI:10.1186/1471-2458-14-331,DOI:10.1016/j.psychres.2010.08.018,5
DOI:10.1186/1471-2458-14-331,DOI:10.1001/jamapediatrics.2020.1456,3
DOI:10.1186/1471-2458-14-331,DOI:10.1001/jamapediatrics.2021.2482,3
DOI:10.1186/1471-2458-14-331,DOI:10.1007/s11205-009-9493-y,5
DOI:10.1186/1471-2458-14-331,DOI:10.1016/j.jaac.2020.05.009,3
DOI:10.1186/1471-2458-14-331,DOI:10.1016/j.jadohealth.2021.07.039,3
DOI:10.1186/1471-2458-14-331,DOI:10.1016/s0749-3797(18)30622-6,6
DOI:10.1186/1471-2458-14-331,DOI:10.1097/mlr.0b013e318160d093,4
DOI:10.1186/1471-2458-14-331,DOI:10.1111/j.1746-1561.2007.00278.x,4
DOI:10.1186/1471-2458-14-331,DOI:10.1177/0734282916655504,3
DOI:10.1186/1471-2458-14-331,DOI:10.3109/01612840903484105,5
DOI:10.1186/1471-2458-14-331,DOI:10.3390/ijerph17217800,4
DOI:10.1186/1471-2458-14-331,"THOMPSON-HAILE A., 2013, COMPASS TECHNICAL REPORT SERIES, V1, P1",5
DOI:10.1186/s12888-020-02659-0,DOI:10.1080/02667363.2022.2051441,4
DOI:10.1186/s12888-020-02659-0,DOI:10.1111/camh.12609,4
DOI:10.1186/s12888-020-02659-0,DOI:10.4324/9780203771587],3
DOI:10.1186/s12888-020-02659-0,DOI:10.1007/s10488-020-01080-9,5
DOI:10.1186/s12888-020-02659-0,DOI:10.2147/prbm.s38707,5
DOI:10.1186/s12888-020-02659-0,DOI:10.1111/tmi.13449,3
"MOSSMAN SA, 2017, ANN CLIN PSYCHIATRY, V29, P227",DOI:10.1046/j.1525-1497.2001.016009606.x,6
"MOSSMAN SA, 2017, ANN CLIN PSYCHIATRY, V29, P227",DOI:10.1001/jamapediatrics.2020.1456,4
"MOSSMAN SA, 2017, ANN CLIN PSYCHIATRY, V29, P227",DOI:10.1001/jamapediatrics.2021.2482,5
"MOSSMAN SA, 2017, ANN CLIN PSYCHIATRY, V29, P227",DOI:10.1007/s00787-020-01549-w,3
"MOSSMAN SA, 2017, ANN CLIN PSYCHIATRY, V29, P227",DOI:10.1007/s11205-009-9493-y,3
"MOSSMAN SA, 2017, ANN CLIN PSYCHIATRY, V29, P227",DOI:10.1016/j.jaac.2020.05.009,3
"MOSSMAN SA, 2017, ANN CLIN PSYCHIATRY, V29, P227",DOI:10.1016/s0749-3797(18)30622-6,4
"MOSSMAN SA, 2017, ANN CLIN PSYCHIATRY, V29, P227",DOI:10.1016/s2352-4642(20)30109-7,3
"MOSSMAN SA, 2017, ANN CLIN PSYCHIATRY, V29, P227",DOI:10.1097/mlr.0b013e318160d093,6
"MOSSMAN SA, 2017, ANN CLIN PSYCHIATRY, V29, P227",DOI:10.3109/01612840903484105,3
"MOSSMAN SA, 2017, ANN CLIN PSYCHIATRY, V29, P227",DOI:10.3390/ijerph17217800,3
"MOSSMAN SA, 2017, ANN CLIN PSYCHIATRY, V29, P227","THOMPSON-HAILE A., 2013, COMPASS TECHNICAL REPORT SERIES, V1, P1",3
"MOSSMAN SA, 2017, ANN CLIN PSYCHIATRY, V29, P227",DOI:10.1016/j.jad.2020.06.029,4
"MOSSMAN SA, 2017, ANN CLIN PSYCHIATRY, V29, P227",DOI:10.1542/peds.2010-0852,6
"MOSSMAN SA, 2017, ANN CLIN PSYCHIATRY, V29, P227",DOI:10.1001/jamapediatrics.2020.1619,3
"MOSSMAN SA, 2017, ANN CLIN PSYCHIATRY, V29, P227",DOI:10.1016/s2215-0366(20)30308-4,3
"MOSSMAN SA, 2017, ANN CLIN PSYCHIATRY, V29, P227",DOI:10.1037/amp0000660,3
"MOSSMAN SA, 2017, ANN CLIN PSYCHIATRY, V29, P227",DOI:10.1007/s00787-020-01541-4,3
"MOSSMAN SA, 2017, ANN CLIN PSYCHIATRY, V29, P227",DOI:10.1016/j.ijdrr.2020.101845,3
DOI:10.1007/s11126-020-09744-3,DOI:10.1016/j.jaac.2020.05.009,10
DOI:10.1007/s11126-020-09744-3,DOI:10.1001/jamapediatrics.2020.1456,4
DOI:10.1007/s11126-020-09744-3,DOI:10.1007/s00787-020-01541-4,16
DOI:10.1007/s11126-020-09744-3,DOI:10.1016/j.psychres.2020.113264,7
DOI:10.1007/s11126-020-09744-3,DOI:10.1016/s0140-6736(20)30547-x,6
DOI:10.1007/s11126-020-09744-3,DOI:10.1016/s2352-4642(20)30109-7,8
DOI:10.1007/s11126-020-09744-3,DOI:10.3390/ijerph17051729,5
DOI:10.1007/s11126-020-09744-3,DOI:10.1016/s2352-4642(20)30095-x,4
DOI:10.1007/s11126-020-09744-3,DOI:10.1002/jcop.22453,3
DOI:10.1007/s11126-020-09744-3,DOI:10.1007/s10802-021-00821-0,5
DOI:10.1007/s11126-020-09744-3,DOI:10.1016/j.jad.2020.10.016,5
DOI:10.1007/s11126-020-09744-3,DOI:10.1016/j.jadohealth.2020.09.039,5
DOI:10.1007/s11126-020-09744-3,DOI:10.1186/s13034-020-00329-3,12
DOI:10.1007/s11126-020-09744-3,DOI:10.12669/pjms.36.covid19-s4.2759,5
DOI:10.1007/s11126-020-09744-3,DOI:10.1007/s00787-020-01548-x,3
DOI:10.1007/s11126-020-09744-3,DOI:10.1037/amp0000660,8
DOI:10.1007/s11126-020-09744-3,DOI:10.1007/s00787-020-01549-w,3
DOI:10.1007/s11126-020-09744-3,DOI:10.1016/j.ajp.2020.102092,3
DOI:10.1007/s11126-020-09744-3,DOI:10.1016/j.jadohealth.2020.05.004,5
DOI:10.1007/s11126-020-09744-3,DOI:10.1016/j.jpeds.2020.03.013,9
DOI:10.1007/s11126-020-09744-3,DOI:10.1016/j.psychres.2020.113070,4
DOI:10.1007/s11126-020-09744-3,DOI:10.1016/s0140-6736(20)30460-8,5
DOI:10.1007/s11126-020-09744-3,DOI:10.1016/s2215-0366(20)30168-1,4
DOI:10.1007/s11126-020-09744-3,DOI:10.1056/nejmp2008017,4
DOI:10.1007/s11126-020-09744-3,DOI:10.1016/j.bbi.2020.05.048,3
DOI:10.1007/s11126-020-09744-3,DOI:10.1016/j.jad.2020.06.029,12
DOI:10.1007/s11126-020-09744-3,DOI:10.1016/j.jadohealth.2020.07.001,3
DOI:10.1007/s11126-020-09744-3,DOI:10.1016/j.psychres.2020.113307,3
DOI:10.1007/s11126-020-09744-3,DOI:10.1111/camh.12501,3
DOI:10.1007/s11126-020-09744-3,DOI:10.3389/fpsyg.2020.559951,4
DOI:10.1007/s11126-020-09744-3,DOI:10.3389/fpsyt.2020.00751,3
DOI:10.1007/s11126-020-09744-3,DOI:10.1016/s2352-4642(20)30097-3,3
DOI:10.1007/s11126-020-09744-3,DOI:10.5944/rppc.28107,3
DOI:10.1007/s11126-020-09744-3,DOI:10.1001/jamapediatrics.2021.5840,3
DOI:10.1007/s11126-020-09744-3,DOI:10.1017/s0033291720005358,3
DOI:10.1007/s11126-020-09744-3,DOI:10.1001/jamapediatrics.2020.1619,7
DOI:10.1007/s11126-020-09744-3,DOI:10.1007/s12098-020-03347-3,4
DOI:10.1007/s11126-020-09744-3,DOI:10.1016/j.pcad.2020.04.013,3
DOI:10.1007/s11126-020-09744-3,DOI:10.3389/fpsyg.2020.577763,3
DOI:10.1007/s11126-020-09744-3,DOI:10.3389/fpsyg.2020.579038,3
DOI:10.1007/s11126-020-09744-3,DOI:10.1007/s10578-020-01037-x,3
DOI:10.1007/s11126-020-09744-3,DOI:10.1046/j.1525-1497.2001.016009606.x,4
DOI:10.1007/s11126-020-09744-3,DOI:10.1016/j.psychres.2020.113429,6
DOI:10.1007/s11126-020-09744-3,DOI:10.1017/dmp.2013.22,3
DOI:10.1007/s11126-020-09744-3,DOI:10.1037/cbs0000215,4
DOI:10.1007/s11126-020-09744-3,DOI:10.1001/jamapediatrics.2021.2482,3
DOI:10.1007/s11126-020-09744-3,DOI:10.1007/s11136-021-02861-x,3
DOI:10.1007/s11126-020-09744-3,DOI:10.1016/j.pnpbp.2020.110171,3
DOI:10.1007/s11126-020-09744-3,DOI:10.3238/arztebl.2020.0828,3
DOI:10.1007/s11126-020-09744-3,DOI:10.3390/ijerph18052470,6
DOI:10.1016/j.jaac.2020.05.009,DOI:10.1111/josh.12753,5
DOI:10.1016/j.jaac.2020.05.009,DOI:10.1007/s12098-020-03347-3,9
DOI:10.1016/j.jaac.2020.05.009,DOI:10.1016/j.ajp.2021.102554,3
DOI:10.1016/j.jaac.2020.05.009,DOI:10.1073/pnas.2022376118,3
DOI:10.1016/j.jaac.2020.05.009,DOI:10.1159/000376585,4
DOI:10.1016/j.jaac.2020.05.009,DOI:10.3390/ijerph17165757,8
DOI:10.1016/j.jaac.2020.05.009,DOI:10.3390/ijerph18052470,12
DOI:10.1016/j.jaac.2020.05.009,"BROOKS SAMANTHA K, 2020, LANCET, V395, P912, DOI [10.1016/S0140-6736(20)30460-8., 10.1016/S0140-6736(20)30460-8]",10
DOI:10.1016/j.jaac.2020.05.009,DOI:10.1001/jamapediatrics.2020.1619,20
DOI:10.1016/j.jaac.2020.05.009,DOI:10.1002/jcop.22453,7
DOI:10.1016/j.jaac.2020.05.009,DOI:10.1007/s00787-009-0059-y,5
DOI:10.1016/j.jaac.2020.05.009,DOI:10.1007/s00787-021-01744-3,14
DOI:10.1016/j.jaac.2020.05.009,DOI:10.1007/s10802-021-00821-0,8
DOI:10.1016/j.jaac.2020.05.009,DOI:10.1016/j.bbi.2020.04.028,5
DOI:10.1016/j.jaac.2020.05.009,DOI:10.1016/j.childyouth.2020.105277,8
DOI:10.1016/j.jaac.2020.05.009,DOI:10.1016/j.jaac.2020.06.007,3
DOI:10.1016/j.jaac.2020.05.009,DOI:10.1016/j.jad.2020.10.016,11
DOI:10.1016/j.jaac.2020.05.009,DOI:10.1016/j.ssmph.2021.100742,4
DOI:10.1016/j.jaac.2020.05.009,DOI:10.1016/j.worlddev.2020.105225,3
DOI:10.1016/j.jaac.2020.05.009,DOI:10.1016/s2215-0366(20)30203-0,4
DOI:10.1016/j.jaac.2020.05.009,DOI:10.1016/s2352-4642(20)30186-3,22
DOI:10.1016/j.jaac.2020.05.009,DOI:10.1017/s0033291718000788,3
DOI:10.1016/j.jaac.2020.05.009,DOI:10.1037/cbs0000215,21
DOI:10.1016/j.jaac.2020.05.009,DOI:10.1111/cdep.12248,4
DOI:10.1016/j.jaac.2020.05.009,DOI:10.1111/j.1469-7610.1997.tb01545.x,12
DOI:10.1016/j.jaac.2020.05.009,DOI:10.1111/jcpp.13382,5
DOI:10.1016/j.jaac.2020.05.009,DOI:10.1186/1477-7525-5-63,3
DOI:10.1016/j.jaac.2020.05.009,"LI SY, 2021, ELECTRON J QUAL THEO, P1, DOI [10.14232/EJQTDE.2021.1.64, 10.1007/S00787-021-01790-X]",5
DOI:10.1016/j.jaac.2020.05.009,DOI:10.1001/jamapediatrics.2021.5840,10
DOI:10.1016/j.jaac.2020.05.009,DOI:10.1016/j.socscimed.2013.04.026,3
DOI:10.1016/j.jaac.2020.05.009,DOI:10.1037/0003-066x.41.2.229,3
DOI:10.1016/j.jaac.2020.05.009,DOI:10.1037/bul0000102,3
DOI:10.1016/j.jaac.2020.05.009,DOI:10.1177/1403494819865429,3
DOI:10.1016/j.jaac.2020.05.009,DOI:10.1007/s00787-020-01549-w,4
DOI:10.1016/j.jaac.2020.05.009,DOI:10.1007/s00787-020-01583-8,6
DOI:10.1016/j.jaac.2020.05.009,DOI:10.1007/s11136-016-1454-8,3
DOI:10.1016/j.jaac.2020.05.009,DOI:10.1016/j.psychres.2020.113429,14
DOI:10.1016/j.jaac.2020.05.009,DOI:10.1016/s2214-109x(20)30116-9,3
DOI:10.1016/j.jaac.2020.05.009,DOI:10.1016/s2352-4642(20)30109-7,26
DOI:10.1016/j.jaac.2020.05.009,DOI:10.1111/camh.12405,3
DOI:10.1016/j.jaac.2020.05.009,DOI:10.1136/archdischild-2020-320372,6
DOI:10.1016/j.jaac.2020.05.009,DOI:10.1177/02724316211052088,3
DOI:10.1016/j.jaac.2020.05.009,DOI:10.23736/s0026-4946.20.05887-9,3
DOI:10.1016/j.jaac.2020.05.009,"WIDNALL E., 2020, YOUNG PEOPLES MENTAL HEALTH DURING THE COVID-19 PANDEMIC",5
DOI:10.1016/j.jaac.2020.05.009,DOI:10.1001/jamapediatrics.2018.5399,3
DOI:10.1016/j.jaac.2020.05.009,DOI:10.1016/j.neuron.2021.07.027,3
DOI:10.1016/j.jaac.2020.05.009,DOI:10.1089/cyber.2020.0478,5
DOI:10.1016/j.jaac.2020.05.009,DOI:10.1111/jcpp.13292,5
DOI:10.1016/j.jaac.2020.05.009,DOI:10.3390/brainsci10060341,5
DOI:10.1016/j.jaac.2020.05.009,DOI:10.1001/jamapediatrics.2020.1456,15
DOI:10.1016/j.jaac.2020.05.009,DOI:10.1001/jamapediatrics.2021.2482,16
DOI:10.1016/j.jaac.2020.05.009,DOI:10.1002/jcv2.12027,4
DOI:10.1016/j.jaac.2020.05.009,DOI:10.1007/s00787-021-01889-1,7
DOI:10.1016/j.jaac.2020.05.009,DOI:10.1007/s11205-009-9493-y,3
DOI:10.1016/j.jaac.2020.05.009,DOI:10.1016/j.jadohealth.2021.07.039,3
DOI:10.1016/j.jaac.2020.05.009,DOI:10.1016/s0749-3797(18)30622-6,3
DOI:10.1016/j.jaac.2020.05.009,DOI:10.1016/s2352-4642(21)00177-2,4
DOI:10.1016/j.jaac.2020.05.009,DOI:10.3390/ijerph17217800,3
DOI:10.1016/j.jaac.2020.05.009,DOI:10.1016/s2215-0366(20)30168-1,11
DOI:10.1016/j.jaac.2020.05.009,DOI:10.1016/s2215-0366(20)30570-8,7
DOI:10.1016/j.jaac.2020.05.009,DOI:10.1001/jamanetworkopen.2021.24092,4
DOI:10.1016/j.jaac.2020.05.009,DOI:10.1007/s007870050057,3
DOI:10.1016/j.jaac.2020.05.009,DOI:10.1016/j.jadohealth.2020.07.001,3
DOI:10.1016/j.jaac.2020.05.009,DOI:10.1016/s0140-6736(20)30547-x,11
DOI:10.1016/j.jaac.2020.05.009,DOI:10.1016/s0140-6736(21)02143-7,7
DOI:10.1016/j.jaac.2020.05.009,DOI:10.1016/s2215-0366(21)00156-5,9
DOI:10.1016/j.jaac.2020.05.009,DOI:10.1001/jamanetworkopen.2020.21482,4
DOI:10.1016/j.jaac.2020.05.009,DOI:10.1007/s00787-020-01541-4,26
DOI:10.1016/j.jaac.2020.05.009,DOI:10.1007/s00787-020-01631-3,3
DOI:10.1016/j.jaac.2020.05.009,DOI:10.1007/s10578-020-01037-x,7
DOI:10.1016/j.jaac.2020.05.009,DOI:10.1016/j.jad.2020.06.029,20
DOI:10.1016/j.jaac.2020.05.009,DOI:10.1016/s2352-4642(20)30095-x,5
DOI:10.1016/j.jaac.2020.05.009,DOI:10.1056/nejmp2008017,3
DOI:10.1016/j.jaac.2020.05.009,DOI:10.1111/appy.12406,5
DOI:10.1016/j.jaac.2020.05.009,DOI:10.1111/pcn.13102,4
DOI:10.1016/j.jaac.2020.05.009,DOI:10.1186/s12992-020-00601-3,5
DOI:10.1016/j.jaac.2020.05.009,DOI:10.31234/osf.io/hn7us,3
DOI:10.1016/j.jaac.2020.05.009,"VIZARD T., 2020, NHS DIGITAL",4
DOI:10.1016/j.jaac.2020.05.009,"ANGOLD A, 1995, INT J METHOD PSYCH, V5, P237",3
DOI:10.1016/j.jaac.2020.05.009,DOI:10.1016/j.jad.2021.06.021,7
DOI:10.1016/j.jaac.2020.05.009,DOI:10.1016/j.jadohealth.2021.04.005,3
DOI:10.1016/j.jaac.2020.05.009,DOI:10.1016/j.jbi.2008.08.010,4
DOI:10.1016/j.jaac.2020.05.009,DOI:10.1016/j.pnpbp.2021.110330,3
DOI:10.1016/j.jaac.2020.05.009,DOI:10.1016/j.psychres.2020.113307,12
DOI:10.1016/j.jaac.2020.05.009,DOI:10.1016/s2215-0366(20)30237-6,5
DOI:10.1016/j.jaac.2020.05.009,DOI:10.1038/s41562-021-01079-8,3
DOI:10.1016/j.jaac.2020.05.009,DOI:10.1111/apa.15270,3
DOI:10.1016/j.jaac.2020.05.009,DOI:10.1136/gpsych-2020-100213,3
DOI:10.1016/j.jaac.2020.05.009,DOI:10.1146/annurev-psych-010213-115202,4
DOI:10.1016/j.jaac.2020.05.009,DOI:10.3390/ijerph17228479,9
DOI:10.1016/j.jaac.2020.05.009,"JONES SHERRY EVERETT, 2022, MMWR SUPPL, V71, P16, DOI [10.15585/MMWR.SU7103A3, 10.15585/MMWR.SU7103A3]",3
DOI:10.1016/j.jaac.2020.05.009,DOI:10.1016/j.jaac.2020.12.027,7
DOI:10.1016/j.jaac.2020.05.009,DOI:10.1016/j.jadohealth.2020.09.039,7
DOI:10.1016/j.jaac.2020.05.009,DOI:10.1017/s003329172000241x,4
DOI:10.1016/j.jaac.2020.05.009,DOI:10.1017/s0033291720005358,12
DOI:10.1016/j.jaac.2020.05.009,DOI:10.1111/jcv2.12009,7
DOI:10.1016/j.jaac.2020.05.009,DOI:10.1136/bmjopen-2021-053676,4
DOI:10.1016/j.jaac.2020.05.009,DOI:10.3390/ijerph18031062,3
DOI:10.1016/j.jaac.2020.05.009,DOI:10.1007/s00787-023-02206-8,6
DOI:10.1016/j.jaac.2020.05.009,DOI:10.1007/s10578-021-01297-1,3
DOI:10.1016/j.jaac.2020.05.009,DOI:10.1016/j.pcl.2021.05.003,5
DOI:10.1016/j.jaac.2020.05.009,DOI:10.1111/jora.12668,4
DOI:10.1016/j.jaac.2020.05.009,DOI:10.1111/nyas.14947,3
DOI:10.1016/j.jaac.2020.05.009,DOI:10.1111/wvn.12566,3
DOI:10.1016/j.jaac.2020.05.009,DOI:10.1177/20503121221086712,6
DOI:10.1016/j.jaac.2020.05.009,DOI:10.1186/s13034-022-00546-y,4
DOI:10.1016/j.jaac.2020.05.009,DOI:10.3389/fpsyt.2021.691659,4
DOI:10.1016/j.jaac.2020.05.009,DOI:10.3389/fpubh.2023.1129073,3
DOI:10.1016/j.jaac.2020.05.009,DOI:10.3390/life11111188,3
DOI:10.1016/j.jaac.2020.05.009,DOI:10.1007/s11469-020-00322-z,3
DOI:10.1016/j.jaac.2020.05.009,DOI:10.1016/j.jadohealth.2020.05.004,13
DOI:10.1016/j.jaac.2020.05.009,DOI:10.1016/j.jpeds.2020.03.013,19
DOI:10.1016/j.jaac.2020.05.009,DOI:10.12669/pjms.36.5.3088,4
DOI:10.1016/j.jaac.2020.05.009,DOI:10.12669/pjms.36.covid19-s4.2759,3
DOI:10.1016/j.jaac.2020.05.009,DOI:10.3390/ijerph17051729,9
DOI:10.1016/j.jaac.2020.05.009,DOI:10.1186/s13034-020-00329-3,17
DOI:10.1016/j.jaac.2020.05.009,DOI:10.1007/s10578-020-01089-z,6
DOI:10.1016/j.jaac.2020.05.009,DOI:10.1016/j.jad.2021.04.016,5
DOI:10.1016/j.jaac.2020.05.009,DOI:10.1016/j.pnpbp.2020.110171,8
DOI:10.1016/j.jaac.2020.05.009,DOI:10.1016/j.psychres.2020.113070,7
DOI:10.1016/j.jaac.2020.05.009,DOI:10.1016/s0005-7967(98)00034-5,3
DOI:10.1016/j.jaac.2020.05.009,DOI:10.1016/s0140-6736(20)30460-8,11
DOI:10.1016/j.jaac.2020.05.009,DOI:10.1017/dmp.2013.22,9
DOI:10.1016/j.jaac.2020.05.009,DOI:10.1093/jpepsy/jsaa092,3
DOI:10.1016/j.jaac.2020.05.009,DOI:10.1177/07067437211070648,4
DOI:10.1016/j.jaac.2020.05.009,DOI:10.1186/s12992-021-00693-5,3
DOI:10.1016/j.jaac.2020.05.009,DOI:10.1542/peds.2020-007294,10
DOI:10.1016/j.jaac.2020.05.009,DOI:10.3389/fpsyg.2020.579038,12
DOI:10.1016/j.jaac.2020.05.009,DOI:10.3389/fpsyt.2021.572997,3
DOI:10.1016/j.jaac.2020.05.009,DOI:10.3390/ijerph18073432,11
DOI:10.1016/j.jaac.2020.05.009,DOI:10.1007/s00787-020-01570-z,3
DOI:10.1016/j.jaac.2020.05.009,DOI:10.1016/j.ajp.2020.102077,4
DOI:10.1016/j.jaac.2020.05.009,DOI:10.1016/s2352-4642(20)30097-3,8
DOI:10.1016/j.jaac.2020.05.009,DOI:10.1037/0033-2909.112.1.155,4
DOI:10.1016/j.jaac.2020.05.009,DOI:10.1097/00004583-200111000-00015,5
DOI:10.1016/j.jaac.2020.05.009,DOI:10.4324/9780203771587],3
DOI:10.1016/j.jaac.2020.05.009,DOI:10.1007/s00787-021-01856-w,5
DOI:10.1016/j.jaac.2020.05.009,DOI:10.1016/j.ijdrr.2020.101845,13
DOI:10.1016/j.jaac.2020.05.009,DOI:10.1016/j.jaac.2021.02.006,3
DOI:10.1016/j.jaac.2020.05.009,DOI:10.1016/j.lanepe.2021.100093,4
DOI:10.1016/j.jaac.2020.05.009,DOI:10.1136/bmj.n614,6
DOI:10.1016/j.jaac.2020.05.009,DOI:10.1542/peds.2020-029280,5
DOI:10.1016/j.jaac.2020.05.009,DOI:10.15585/mmwr.mm6945a3,7
DOI:10.1016/j.jaac.2020.05.009,DOI:10.1111/jcpp.13278,3
DOI:10.1016/j.jaac.2020.05.009,DOI:10.1007/s00787-021-01758-x,3
DOI:10.1016/j.jaac.2020.05.009,DOI:10.1007/s00787-022-02060-0,6
DOI:10.1016/j.jaac.2020.05.009,DOI:10.15585/mmwr.mm7024e1,3
DOI:10.1016/j.jaac.2020.05.009,DOI:10.1016/0005-7967(94)00075-u,4
DOI:10.1016/j.jaac.2020.05.009,DOI:10.1111/jcpp.13490,5
DOI:10.1016/j.jaac.2020.05.009,DOI:10.1186/1471-244x-10-56,5
DOI:10.1016/j.jaac.2020.05.009,DOI:10.1093/tropej/fmaa122,7
DOI:10.1016/j.jaac.2020.05.009,DOI:10.3390/ijerph17228297,5
DOI:10.1016/j.jaac.2020.05.009,DOI:10.1136/archdischild-2020-320338,3
DOI:10.1016/j.jaac.2020.05.009,DOI:10.1001/jamapediatrics.2021.6298,6
DOI:10.1016/j.jaac.2020.05.009,DOI:10.1016/j.cppeds.2021.100949,3
DOI:10.1016/j.jaac.2020.05.009,DOI:10.1038/s41562-021-01235-0,4
DOI:10.1016/j.jaac.2020.05.009,DOI:10.1371/journal.pone.0255294,3
DOI:10.1016/j.jaac.2020.05.009,DOI:10.1016/s2352-4642(20)30096-1,4
DOI:10.1016/j.jaac.2020.05.009,DOI:10.1037/amp0000660,6
DOI:10.1016/j.jaac.2020.05.009,DOI:10.3389/fpsyg.2020.584645,3
DOI:10.1016/j.jaac.2020.05.009,DOI:10.1001/jamanetworkopen.2021.8533,3
DOI:10.1016/j.jaac.2020.05.009,DOI:10.1016/j.ajp.2020.102066,3
DOI:10.1016/j.jaac.2020.05.009,DOI:10.1136/injuryprev-2020-044050,3
DOI:10.1016/j.jaac.2020.05.009,DOI:10.1542/peds.2020-016824,8
DOI:10.1016/j.jaac.2020.05.009,DOI:10.1111/camh.12501,6
DOI:10.1016/j.jaac.2020.05.009,DOI:10.1177/0706743720940562,7
DOI:10.1016/j.jaac.2020.05.009,DOI:10.1002/hec.3885,3
DOI:10.1016/j.jaac.2020.05.009,DOI:10.1016/s2352-4642(20)30110-3,5
DOI:10.1016/j.jaac.2020.05.009,DOI:10.1016/j.pcad.2020.04.013,6
DOI:10.1016/j.jaac.2020.05.009,DOI:10.1016/j.psychres.2020.113143,4
DOI:10.1016/j.jaac.2020.05.009,DOI:10.1016/s2215-0366(20)30308-4,5
DOI:10.1016/j.jaac.2020.05.009,DOI:10.1207/s15327752jpa6601_2,3
DOI:10.1016/j.jaac.2020.05.009,DOI:10.1037/amp0000838,3
DOI:10.1016/j.jaac.2020.05.009,DOI:10.1371/journal.pone.0240962,4
DOI:10.1016/j.jaac.2020.05.009,DOI:10.3389/fped.2021.622608,3
DOI:10.1016/j.jaac.2020.05.009,DOI:10.3390/ijerph17197327,4
DOI:10.1016/j.jaac.2020.05.009,DOI:10.1016/j.jad.2021.09.098,3
DOI:10.1016/j.jaac.2020.05.009,DOI:10.1146/annurev.clinpsy.3.022806.091358,3
DOI:10.1016/j.jaac.2020.05.009,DOI:10.3389/fpsyg.2020.01713,3
DOI:10.1016/j.jaac.2020.05.009,DOI:10.3389/fpsyt.2020.00751,3
DOI:10.1016/j.jaac.2020.05.009,DOI:10.3390/ijerph17196975,3
DOI:10.1016/j.jaac.2020.05.009,DOI:10.1001/jamanetworkopen.2020.19686,3
DOI:10.1016/j.jaac.2020.05.009,DOI:10.1016/j.psychres.2020.112934,4
DOI:10.1016/j.jaac.2020.05.009,DOI:10.1016/j.brat.2019.103501,4
DOI:10.1016/j.jaac.2020.05.009,DOI:10.1016/j.psychres.2020.113264,5
DOI:10.1016/j.jaac.2020.05.009,DOI:10.1046/j.1525-1497.2001.016009606.x,5
DOI:10.1016/j.jaac.2020.05.009,DOI:10.4178/epih.e2020038,3
DOI:10.1016/j.jaac.2020.05.009,DOI:10.2991/jegh.k.200908.001,4
DOI:10.1016/j.jaac.2020.05.009,DOI:10.1111/bjhp.12470,6
DOI:10.1016/j.jaac.2020.05.009,DOI:10.1186/s12887-021-02550-1,3
DOI:10.1016/j.jaac.2020.05.009,DOI:10.1016/j.chiabu.2020.104709,5
DOI:10.1016/j.jaac.2020.05.009,DOI:10.1192/bjp.2020.242,4
DOI:10.1016/j.jaac.2020.05.009,DOI:10.1016/j.jped.2020.08.008,3
DOI:10.1016/j.jaac.2020.05.009,DOI:10.1016/j.jad.2020.10.008,4
DOI:10.1016/j.jaac.2020.05.009,DOI:10.1016/j.jadohealth.2020.06.002,3
DOI:10.1016/j.jaac.2020.05.009,DOI:10.1111/jir.12769,3
DOI:10.1016/j.jaac.2020.05.009,DOI:10.1186/s40249-020-00678-3,3
DOI:10.1016/j.jaac.2020.05.009,DOI:10.1007/s00787-022-02006-6,4
DOI:10.1016/j.jaac.2020.05.009,DOI:10.1037/amp0000707,4
DOI:10.1016/j.jaac.2020.05.009,DOI:10.1207/s15327752jpa4203_11,3
DOI:10.1016/j.jaac.2020.05.009,DOI:10.1007/s12144-020-01191-4,4
DOI:10.1016/j.jaac.2020.05.009,DOI:10.1016/j.chiabu.2020.104680,3
DOI:10.1016/j.jaac.2020.05.009,DOI:10.1016/j.chiabu.2020.104699,3
DOI:10.1016/j.jaac.2020.05.009,DOI:10.1016/j.jadohealth.2020.08.009,4
DOI:10.1016/j.jaac.2020.05.009,DOI:10.1007/s10803-020-04577-2,4
DOI:10.1016/j.jaac.2020.05.009,DOI:10.1037/tra0001188,3
DOI:10.1016/j.jaac.2020.05.009,DOI:10.3390/children7090128,3
DOI:10.1016/j.jaac.2020.05.009,DOI:10.3390/adolescents1010002,3
DOI:10.1016/j.jaac.2020.05.009,DOI:10.3389/fpsyt.2020.00803,3
DOI:10.1016/j.jaac.2020.05.009,DOI:10.1016/j.jadohealth.2022.06.022,3
DOI:10.1016/j.jaac.2020.05.009,DOI:10.1542/peds.2021-051507,3
DOI:10.1016/j.jaac.2020.05.009,DOI:10.3390/ijerph17207666,3
DOI:10.1016/j.jaac.2020.05.009,DOI:10.1007/s00787-021-01934-z,3
DOI:10.1016/j.jaac.2020.05.009,DOI:10.1016/j.jadohealth.2020.08.026,3
DOI:10.1111/cdev.12864,DOI:10.1017/s0033291714002888,3
DOI:10.1111/josh.12753,DOI:10.1111/josh.12823,3
DOI:10.1111/josh.12753,DOI:10.15585/mmwr.mm6945a3,3
DOI:10.1111/josh.12753,DOI:10.1001/jamapediatrics.2018.5399,5
DOI:10.1111/josh.12753,DOI:10.1176/appi.ps.201100518,3
DOI:10.15585/mmwr.su6901a6,DOI:10.1007/s11121-021-01295-8,3
DOI:10.1001/archpediatrics.2011.592,"QUARSHIE ENB, 2020, BMC PSYCHIATRY, V20, DOI [10.1186/S12888-020-02587-Z, 10.1186/S12888-020-02599-9]",3
DOI:10.1001/archpediatrics.2011.592,DOI:10.1007/s007870050057,3
DOI:10.1001/archpediatrics.2011.592,DOI:10.1016/j.socscimed.2013.04.026,3
DOI:10.1001/archpediatrics.2011.592,"[ANONYMOUS], 2018, ADOLESCENT MENTAL HEALTH",3
DOI:10.1001/archpediatrics.2011.592,DOI:10.4314/njpsyc.v6i1.39904,3
DOI:10.1001/archpediatrics.2011.592,DOI:10.4314/ajpsy.v15i2.14,3
DOI:10.1001/archpediatrics.2011.592,DOI:10.1007/s00127-018-1511-4,3
DOI:10.1007/s00787-020-01549-w,DOI:10.1016/s2215-0366(20)30168-1,5
DOI:10.1007/s00787-020-01549-w,DOI:10.1016/s2352-4642(20)30109-7,7
DOI:10.1007/s00787-020-01549-w,DOI:10.1007/s00787-020-01583-8,5
DOI:10.1007/s00787-020-01549-w,DOI:10.1016/s2214-109x(20)30116-9,4
DOI:10.1007/s00787-020-01549-w,DOI:10.1001/jamapediatrics.2020.1456,6
DOI:10.1007/s00787-020-01549-w,DOI:10.1016/s2352-4642(20)30186-3,3
DOI:10.1007/s00787-020-01549-w,DOI:10.1136/bmjpo-2020-000701,3
DOI:10.1007/s00787-020-01549-w,DOI:10.1542/peds.2020-007294,3
DOI:10.1007/s00787-020-01549-w,DOI:10.1007/s00787-020-01541-4,5
DOI:10.1007/s00787-020-01549-w,DOI:10.1016/j.jpeds.2020.03.013,3
DOI:10.1007/s00787-020-01549-w,DOI:10.1007/s00787-020-01578-5,3
DOI:10.1016/s0140-6736(12)60149-4,DOI:10.1016/j.jaac.2020.12.027,3
DOI:10.1016/s0140-6736(12)60149-4,DOI:10.1016/s0140-6736(12)60072-5,4
DOI:10.1016/s2215-0366(20)30168-1,DOI:10.1016/s2352-4642(20)30109-7,14
DOI:10.1016/s2215-0366(20)30168-1,DOI:10.1001/jamapediatrics.2020.1456,9
DOI:10.1016/s2215-0366(20)30168-1,DOI:10.1016/s0140-6736(20)30460-8,7
DOI:10.1016/s2215-0366(20)30168-1,DOI:10.1016/s2215-0366(20)30237-6,5
DOI:10.1016/s2215-0366(20)30168-1,DOI:10.1016/s2352-4642(20)30095-x,3
DOI:10.1016/s2215-0366(20)30168-1,DOI:10.1016/s2352-4642(20)30186-3,9
DOI:10.1016/s2215-0366(20)30168-1,DOI:10.1016/s2468-2667(20)30084-0,3
DOI:10.1016/s2215-0366(20)30168-1,DOI:10.1136/bmjpo-2020-000701,3
DOI:10.1016/s2215-0366(20)30168-1,DOI:10.1177/0706743720935646,3
DOI:10.1016/s2215-0366(20)30168-1,DOI:10.1001/jamapediatrics.2020.1619,10
DOI:10.1016/s2215-0366(20)30168-1,DOI:10.1016/j.psychres.2020.113429,5
DOI:10.1016/s2215-0366(20)30168-1,DOI:10.1186/s12889-020-09429-3,3
DOI:10.1016/s2215-0366(20)30168-1,DOI:10.1016/j.lanepe.2021.100093,3
DOI:10.1016/s2215-0366(20)30168-1,DOI:10.1016/s2215-0366(21)00156-5,3
DOI:10.1016/s2215-0366(20)30168-1,DOI:10.1037/abn0000410,3
DOI:10.1016/s2215-0366(20)30168-1,DOI:10.1136/archdischild-2020-320372,3
DOI:10.1016/s2215-0366(20)30168-1,DOI:10.1016/j.jad.2021.06.021,4
DOI:10.1016/s2215-0366(20)30168-1,DOI:10.1016/j.jbi.2008.08.010,5
DOI:10.1016/s2215-0366(20)30168-1,DOI:10.1016/j.jbi.2019.103208,3
DOI:10.1016/s2215-0366(20)30168-1,DOI:10.1016/j.psychres.2020.113307,6
DOI:10.1016/s2215-0366(20)30168-1,DOI:10.1016/s0140-6736(21)02143-7,5
DOI:10.1016/s2215-0366(20)30168-1,DOI:10.1136/gpsych-2020-100213,4
DOI:10.1016/s2215-0366(20)30168-1,DOI:10.3390/ijerph17228479,6
DOI:10.1016/s2215-0366(20)30168-1,DOI:10.3390/ijerph18052470,3
DOI:10.1016/s2215-0366(20)30168-1,"LI SY, 2021, ELECTRON J QUAL THEO, P1, DOI [10.14232/EJQTDE.2021.1.64, 10.1007/S00787-021-01790-X]",3
DOI:10.1016/s2215-0366(20)30168-1,DOI:10.1007/s00787-020-01541-4,10
DOI:10.1016/s2215-0366(20)30168-1,DOI:10.1007/s00787-020-01548-x,3
DOI:10.1016/s2215-0366(20)30168-1,DOI:10.1016/j.jadohealth.2020.05.004,5
DOI:10.1016/s2215-0366(20)30168-1,DOI:10.1016/j.jpeds.2020.03.013,6
DOI:10.1016/s2215-0366(20)30168-1,DOI:10.1016/j.psychres.2020.113143,5
DOI:10.1016/s2215-0366(20)30168-1,DOI:10.1016/s0140-6736(20)30547-x,6
DOI:10.1016/s2215-0366(20)30168-1,DOI:10.1016/s2352-4642(20)30110-3,3
DOI:10.1016/s2215-0366(20)30168-1,DOI:10.1017/ipm.2020.53,3
DOI:10.1016/s2215-0366(20)30168-1,DOI:10.1037/amp0000660,3
DOI:10.1016/s2215-0366(20)30168-1,DOI:10.1186/s13034-020-00329-3,7
DOI:10.1016/s2215-0366(20)30168-1,DOI:10.3390/ijerph17051729,5
DOI:10.1016/s2215-0366(20)30168-1,DOI:10.1111/j.1469-7610.1997.tb01545.x,7
DOI:10.1016/s2215-0366(20)30168-1,DOI:10.1186/1471-244x-10-56,3
DOI:10.1016/s2215-0366(20)30168-1,DOI:10.1001/jamapediatrics.2021.2482,6
DOI:10.1016/s2215-0366(20)30168-1,DOI:10.1097/00004583-200111000-00015,3
DOI:10.1016/s2215-0366(20)30168-1,DOI:10.1017/dmp.2013.22,5
DOI:10.1016/s2215-0366(20)30168-1,DOI:10.1016/s2352-4642(20)30097-3,3
DOI:10.1016/s2215-0366(20)30168-1,DOI:10.1016/j.jad.2020.06.029,6
DOI:10.1016/s2215-0366(20)30168-1,DOI:10.1016/j.pcad.2020.04.013,3
DOI:10.1016/s2215-0366(20)30168-1,DOI:10.1111/j.1524-4733.2007.00291.x,3
DOI:10.1016/s2215-0366(20)30168-1,DOI:10.1186/s12966-020-00987-8,3
DOI:10.1016/s2215-0366(20)30168-1,DOI:10.1007/s00787-021-01744-3,3
DOI:10.1016/s2215-0366(20)30168-1,DOI:10.1007/s00787-020-01583-8,3
DOI:10.1016/s2215-0366(20)30168-1,DOI:10.1016/s2215-0366(21)00179-6,3
DOI:10.1016/s2215-0366(20)30168-1,DOI:10.1016/j.jadohealth.2020.07.001,3
DOI:10.1016/s2215-0366(20)30168-1,DOI:10.1016/j.psychres.2020.113264,3
DOI:10.1016/s2215-0366(20)30168-1,DOI:10.1111/jcpp.13278,3
DOI:10.1016/s2215-0366(20)30168-1,DOI:10.1016/j.psychres.2020.112954,3
DOI:10.1016/s2215-0366(20)30168-1,DOI:10.15585/mmwr.mm6945a3,3
DOI:10.1016/s2215-0366(20)30168-1,DOI:10.1037/cbs0000215,3
DOI:10.1016/s2215-0366(20)30168-1,DOI:10.1016/j.jad.2020.10.016,3
DOI:10.1016/s2352-4642(20)30109-7,"[ANONYMOUS], 2020, COVID-19 EDUCATIONAL DISRUPTION AND RESPONSE",3
DOI:10.1016/s2352-4642(20)30109-7,DOI:10.1016/s2352-4642(20)30097-3,8
DOI:10.1016/s2352-4642(20)30109-7,"BROOKS SAMANTHA K, 2020, LANCET, V395, P912, DOI [10.1016/S0140-6736(20)30460-8., 10.1016/S0140-6736(20)30460-8]",4
DOI:10.1016/s2352-4642(20)30109-7,DOI:10.1002/eat.23374,4
DOI:10.1016/s2352-4642(20)30109-7,DOI:10.1007/s00787-020-01541-4,16
DOI:10.1016/s2352-4642(20)30109-7,DOI:10.1007/s00787-021-01856-w,6
DOI:10.1016/s2352-4642(20)30109-7,DOI:10.1016/j.ajp.2020.102305,3
DOI:10.1016/s2352-4642(20)30109-7,DOI:10.1016/j.jad.2020.10.016,5
DOI:10.1016/s2352-4642(20)30109-7,DOI:10.1016/j.jad.2021.06.021,6
DOI:10.1016/s2352-4642(20)30109-7,DOI:10.1016/j.jadohealth.2020.08.026,5
DOI:10.1016/s2352-4642(20)30109-7,DOI:10.1016/j.jadohealth.2020.11.010,4
DOI:10.1016/s2352-4642(20)30109-7,DOI:10.1016/j.jadohealth.2021.07.023,4
DOI:10.1016/s2352-4642(20)30109-7,DOI:10.1016/j.psychres.2020.112934,3
DOI:10.1016/s2352-4642(20)30109-7,DOI:10.1016/j.psychres.2020.113429,8
DOI:10.1016/s2352-4642(20)30109-7,DOI:10.1016/j.sleep.2020.06.001,3
DOI:10.1016/s2352-4642(20)30109-7,DOI:10.1016/s2215-0366(21)00156-5,5
DOI:10.1016/s2352-4642(20)30109-7,DOI:10.1111/camh.12501,6
DOI:10.1016/s2352-4642(20)30109-7,DOI:10.1186/s43045-020-00075-4,4
DOI:10.1016/s2352-4642(20)30109-7,DOI:10.3390/ijerph18052470,7
DOI:10.1016/s2352-4642(20)30109-7,DOI:10.1001/jamapediatrics.2020.1456,19
DOI:10.1016/s2352-4642(20)30109-7,DOI:10.1016/s0140-6736(20)30460-8,13
DOI:10.1016/s2352-4642(20)30109-7,DOI:10.1016/s2214-109x(20)30116-9,4
DOI:10.1016/s2352-4642(20)30109-7,DOI:10.1016/s2352-4642(20)30095-x,11
DOI:10.1016/s2352-4642(20)30109-7,DOI:10.1177/0020764020915212,3
DOI:10.1016/s2352-4642(20)30109-7,DOI:10.1007/s00787-020-01583-8,4
DOI:10.1016/s2352-4642(20)30109-7,DOI:10.1111/camh.12428,3
DOI:10.1016/s2352-4642(20)30109-7,DOI:10.1136/archdischild-2020-320372,9
DOI:10.1016/s2352-4642(20)30109-7,DOI:10.1177/02724316211052088,3
DOI:10.1016/s2352-4642(20)30109-7,DOI:10.1192/bjp.2019.244,3
DOI:10.1016/s2352-4642(20)30109-7,DOI:10.23736/s0026-4946.20.05887-9,3
DOI:10.1016/s2352-4642(20)30109-7,"WIDNALL E., 2020, YOUNG PEOPLES MENTAL HEALTH DURING THE COVID-19 PANDEMIC",5
DOI:10.1016/s2352-4642(20)30109-7,DOI:10.1002/hec.3885,3
DOI:10.1016/s2352-4642(20)30109-7,DOI:10.1016/s2352-4642(20)30096-1,8
DOI:10.1016/s2352-4642(20)30109-7,DOI:10.1017/dmp.2013.22,11
DOI:10.1016/s2352-4642(20)30109-7,DOI:10.1186/s12966-017-0555-2,3
DOI:10.1016/s2352-4642(20)30109-7,DOI:10.1001/jamapediatrics.2021.5840,9
DOI:10.1016/s2352-4642(20)30109-7,DOI:10.1016/j.jadohealth.2020.05.004,8
DOI:10.1016/s2352-4642(20)30109-7,DOI:10.1016/j.jadohealth.2020.09.011,3
DOI:10.1016/s2352-4642(20)30109-7,DOI:10.3758/brm.41.4.1149,3
DOI:10.1016/s2352-4642(20)30109-7,DOI:10.4324/9780203771587],4
DOI:10.1016/s2352-4642(20)30109-7,DOI:10.1001/jamapediatrics.2021.2482,14
DOI:10.1016/s2352-4642(20)30109-7,DOI:10.1007/s00787-021-01889-1,3
DOI:10.1016/s2352-4642(20)30109-7,DOI:10.1016/s2352-4642(20)30186-3,13
DOI:10.1016/s2352-4642(20)30109-7,DOI:10.1016/s2352-4642(21)00177-2,3
DOI:10.1016/s2352-4642(20)30109-7,DOI:10.1016/s2468-2667(20)30084-0,6
DOI:10.1016/s2352-4642(20)30109-7,DOI:10.1136/bmjpo-2020-000701,3
DOI:10.1016/s2352-4642(20)30109-7,DOI:10.1177/0706743720935646,4
DOI:10.1016/s2352-4642(20)30109-7,DOI:10.1001/jamapediatrics.2020.1619,10
DOI:10.1016/s2352-4642(20)30109-7,DOI:10.1007/s10802-021-00821-0,3
DOI:10.1016/s2352-4642(20)30109-7,DOI:10.1016/j.jaac.2020.12.027,3
DOI:10.1016/s2352-4642(20)30109-7,DOI:10.1016/j.jadohealth.2020.09.039,7
DOI:10.1016/s2352-4642(20)30109-7,DOI:10.1016/j.psychres.2020.113143,5
DOI:10.1016/s2352-4642(20)30109-7,DOI:10.1016/j.psychres.2021.113778,3
DOI:10.1016/s2352-4642(20)30109-7,DOI:10.1017/s0033291720005358,9
DOI:10.1016/s2352-4642(20)30109-7,DOI:10.1111/jcv2.12009,5
DOI:10.1016/s2352-4642(20)30109-7,DOI:10.1177/0963721413476512,3
DOI:10.1016/s2352-4642(20)30109-7,DOI:10.1016/j.psychres.2020.113264,11
DOI:10.1016/s2352-4642(20)30109-7,DOI:10.1016/s0140-6736(20)30547-x,11
DOI:10.1016/s2352-4642(20)30109-7,DOI:10.1111/appy.12406,4
DOI:10.1016/s2352-4642(20)30109-7,DOI:10.3390/ijerph17051729,8
DOI:10.1016/s2352-4642(20)30109-7,DOI:10.3390/ijerph17062032,3
DOI:10.1016/s2352-4642(20)30109-7,DOI:10.1016/j.jadohealth.2020.07.001,4
DOI:10.1016/s2352-4642(20)30109-7,DOI:10.1037/cbs0000215,13
DOI:10.1016/s2352-4642(20)30109-7,DOI:10.1056/nejmp2008017,5
DOI:10.1016/s2352-4642(20)30109-7,DOI:10.1542/peds.2020-016824,6
DOI:10.1016/s2352-4642(20)30109-7,DOI:10.1016/j.jpeds.2020.03.013,18
DOI:10.1016/s2352-4642(20)30109-7,DOI:10.1001/jamanetworkopen.2020.21482,5
DOI:10.1016/s2352-4642(20)30109-7,DOI:10.1002/oby.22861,3
DOI:10.1016/s2352-4642(20)30109-7,DOI:10.1007/s10578-020-01037-x,4
DOI:10.1016/s2352-4642(20)30109-7,DOI:10.1016/j.jad.2020.06.029,10
DOI:10.1016/s2352-4642(20)30109-7,DOI:10.1111/pcn.13102,4
DOI:10.1016/s2352-4642(20)30109-7,DOI:10.1186/s12992-020-00601-3,4
DOI:10.1016/s2352-4642(20)30109-7,DOI:10.3390/ijerph17165757,3
DOI:10.1016/s2352-4642(20)30109-7,DOI:10.1002/jcop.22453,3
DOI:10.1016/s2352-4642(20)30109-7,DOI:10.1016/j.jad.2020.08.001,5
DOI:10.1016/s2352-4642(20)30109-7,DOI:10.1017/s003329172000241x,3
DOI:10.1016/s2352-4642(20)30109-7,DOI:10.1136/bmjopen-2021-053676,3
DOI:10.1016/s2352-4642(20)30109-7,DOI:10.1146/annurev-psych-010213-115202,3
DOI:10.1016/s2352-4642(20)30109-7,DOI:10.3390/ijerph18031062,3
DOI:10.1016/s2352-4642(20)30109-7,"CZEISLER MÉ, 2020, MMWR-MORBID MORTAL W, V69, P1049, DOI [10.1101/2020.04.22.20076141V1, 10.15585/MMWR.MM6932A1]",3
DOI:10.1016/s2352-4642(20)30109-7,DOI:10.1542/peds.2020-007294,4
DOI:10.1016/s2352-4642(20)30109-7,DOI:10.1001/jamainternmed.2020.1562,3
DOI:10.1016/s2352-4642(20)30109-7,DOI:10.1016/s2352-4642(20)30110-3,5
DOI:10.1016/s2352-4642(20)30109-7,DOI:10.12669/pjms.36.covid19-s4.2759,4
DOI:10.1016/s2352-4642(20)30109-7,DOI:10.7759/cureus.8821,3
DOI:10.1016/s2352-4642(20)30109-7,DOI:10.1111/jcpp.13278,5
DOI:10.1016/s2352-4642(20)30109-7,DOI:10.1016/j.ajp.2020.102077,4
DOI:10.1016/s2352-4642(20)30109-7,DOI:10.1016/j.bbi.2020.04.028,4
DOI:10.1016/s2352-4642(20)30109-7,DOI:10.1016/j.psychres.2020.113070,3
DOI:10.1016/s2352-4642(20)30109-7,DOI:10.1136/gpsych-2020-100213,5
DOI:10.1016/s2352-4642(20)30109-7,DOI:10.1186/s13034-020-00324-8,3
DOI:10.1016/s2352-4642(20)30109-7,DOI:10.1186/s13034-020-00329-3,14
DOI:10.1016/s2352-4642(20)30109-7,DOI:10.1007/s00787-021-01758-x,3
DOI:10.1016/s2352-4642(20)30109-7,DOI:10.1016/j.chiabu.2020.104667,3
DOI:10.1016/s2352-4642(20)30109-7,DOI:10.1016/j.chiabu.2020.104680,3
DOI:10.1016/s2352-4642(20)30109-7,DOI:10.1016/j.jadohealth.2020.06.018,5
DOI:10.1016/s2352-4642(20)30109-7,DOI:10.1590/1516-4446-2020-0008,3
DOI:10.1016/s2352-4642(20)30109-7,DOI:10.1007/s00787-021-01744-3,6
DOI:10.1016/s2352-4642(20)30109-7,DOI:10.1016/j.pnpbp.2020.110171,3
DOI:10.1016/s2352-4642(20)30109-7,DOI:10.1016/s2215-0366(16)30348-0,3
DOI:10.1016/s2352-4642(20)30109-7,DOI:10.3390/ijerph18073432,8
DOI:10.1016/s2352-4642(20)30109-7,DOI:10.1001/jamapediatrics.2021.6298,4
DOI:10.1016/s2352-4642(20)30109-7,DOI:10.1371/journal.pone.0255294,3
DOI:10.1016/s2352-4642(20)30109-7,"JONES SHERRY EVERETT, 2022, MMWR SUPPL, V71, P16, DOI [10.15585/MMWR.SU7103A3, 10.15585/MMWR.SU7103A3]",3
DOI:10.1016/s2352-4642(20)30109-7,DOI:10.1001/jamanetworkopen.2023.14838,3
DOI:10.1016/s2352-4642(20)30109-7,DOI:10.1001/jamapediatrics.2021.0541,3
DOI:10.1016/s2352-4642(20)30109-7,DOI:10.1016/s2215-0366(21)00091-2,3
DOI:10.1016/s2352-4642(20)30109-7,DOI:10.1037/dev0001211,3
DOI:10.1016/s2352-4642(20)30109-7,DOI:10.3389/fpsyg.2020.579038,6
DOI:10.1016/s2352-4642(20)30109-7,DOI:10.3389/fpsyt.2020.00751,3
DOI:10.1016/s2352-4642(20)30109-7,DOI:10.3389/fpsyt.2021.692853,3
DOI:10.1016/s2352-4642(20)30109-7,DOI:10.3390/ijerph17228479,4
DOI:10.1016/s2352-4642(20)30109-7,DOI:10.1016/j.jadohealth.2022.05.020,3
DOI:10.1016/s2352-4642(20)30109-7,DOI:10.1136/injuryprev-2020-044050,3
DOI:10.1016/s2352-4642(20)30109-7,DOI:10.1177/20503121221086712,4
DOI:10.1016/s2352-4642(20)30109-7,DOI:10.3390/brainsci10060341,3
DOI:10.1016/s2352-4642(20)30109-7,DOI:10.1542/peds.2021-051507,4
DOI:10.1016/s2352-4642(20)30109-7,DOI:10.1016/j.jadohealth.2021.04.005,3
DOI:10.1016/s2352-4642(20)30109-7,DOI:10.1017/s0033291720004432,3
DOI:10.1016/s2352-4642(20)30109-7,DOI:10.1093/ije/dyw070,4
DOI:10.1016/s2352-4642(20)30109-7,DOI:10.1016/j.bbi.2020.05.048,4
DOI:10.1016/s2352-4642(20)30109-7,DOI:10.1046/j.1525-1497.2001.016009606.x,3
DOI:10.1016/s2352-4642(20)30109-7,DOI:10.1111/jpc.15285,3
DOI:10.1016/s2352-4642(20)30109-7,DOI:10.15585/mmwr.mm6945a3,4
DOI:10.1016/s2352-4642(20)30109-7,DOI:10.1111/j.1469-7610.1997.tb01545.x,3
DOI:10.1016/s2352-4642(20)30109-7,DOI:10.3238/arztebl.2020.0828,5
DOI:10.1016/s2352-4642(20)30109-7,DOI:10.3389/fped.2021.622608,3
DOI:10.1016/s2352-4642(20)30109-7,DOI:10.1093/tropej/fmaa122,4
DOI:10.1016/s2352-4642(20)30109-7,DOI:10.1001/jamanetworkopen.2020.19686,3
DOI:10.1016/s2352-4642(20)30109-7,DOI:10.1016/j.ijdrr.2020.101845,5
DOI:10.1016/s2352-4642(20)30109-7,DOI:10.1007/s11126-020-09808-4,3
DOI:10.1016/s2352-4642(20)30109-7,DOI:10.1007/s12098-020-03347-3,6
DOI:10.1016/s2352-4642(20)30109-7,DOI:10.1080/02673843.2019.1590851,3
DOI:10.1016/s2352-4642(20)30109-7,"PAPPA S, 2020, BRAIN BEHAV IMMUN, V88, P901, DOI [10.1016/J.BBI.2020.05.026, 10.1016/J.BBI.2020.11.023]",3
DOI:10.1016/s2352-4642(20)30109-7,DOI:10.1016/s0140-6736(21)02143-7,3
DOI:10.1016/s2352-4642(20)30109-7,DOI:10.1007/s00787-020-01630-4,3
DOI:10.1016/s2352-4642(20)30109-7,DOI:10.1016/j.lanepe.2021.100093,4
DOI:10.1016/s2352-4642(20)30109-7,DOI:10.1002/eat.23318,3
DOI:10.1016/s2352-4642(20)30109-7,DOI:10.1177/0706743720940562,3
DOI:10.1016/s2352-4642(20)30109-7,DOI:10.1016/s2468-2667(20)30288-7,3
DOI:10.1001/jamanetworkopen.2020.21482,DOI:10.1016/j.psychres.2020.113264,3
DOI:10.1001/jamanetworkopen.2020.21482,DOI:10.3390/ijerph17228479,3
DOI:10.1001/jamanetworkopen.2020.21482,DOI:10.1001/jamapediatrics.2020.1619,5
DOI:10.1001/jamanetworkopen.2020.21482,DOI:10.1007/s00787-020-01541-4,9
DOI:10.1001/jamanetworkopen.2020.21482,DOI:10.1016/j.childyouth.2020.105277,4
DOI:10.1001/jamanetworkopen.2020.21482,DOI:10.1016/j.jad.2020.06.029,5
DOI:10.1001/jamanetworkopen.2020.21482,DOI:10.1016/j.sleep.2020.06.001,3
DOI:10.1001/jamanetworkopen.2020.21482,DOI:10.1037/cbs0000215,3
DOI:10.1001/jamanetworkopen.2020.21482,DOI:10.1111/appy.12406,4
DOI:10.1001/jamanetworkopen.2020.21482,DOI:10.1111/pcn.13102,3
DOI:10.1001/jamanetworkopen.2020.21482,DOI:10.1186/s12992-020-00601-3,4
DOI:10.1001/jamanetworkopen.2020.21482,DOI:10.1186/s12992-020-00627-7,4
DOI:10.1001/jamanetworkopen.2020.21482,DOI:10.3390/ijerph17165757,4
DOI:10.1001/jamanetworkopen.2020.21482,DOI:10.1016/j.jadohealth.2020.09.039,3
DOI:10.1001/jamanetworkopen.2020.21482,DOI:10.1016/j.jpeds.2020.03.013,4
DOI:10.1001/jamanetworkopen.2020.21482,DOI:10.1111/cch.12816,3
DOI:10.1001/jamanetworkopen.2020.21482,DOI:10.1001/jamapediatrics.2020.5499,3
DOI:10.1001/jamanetworkopen.2020.21482,DOI:10.1007/s12098-020-03347-3,3
DOI:10.1001/jamanetworkopen.2020.21482,DOI:10.1016/j.jad.2020.10.016,6
DOI:10.1001/jamanetworkopen.2020.21482,DOI:10.1016/j.jadohealth.2020.08.026,5
DOI:10.1001/jamanetworkopen.2020.21482,DOI:10.1038/s41398-021-01271-4,3
DOI:10.1001/jamanetworkopen.2020.21482,DOI:10.1186/s12887-021-02550-1,4
DOI:10.1001/jamanetworkopen.2020.21482,DOI:10.1016/j.jadohealth.2020.07.001,3
DOI:10.1001/jamanetworkopen.2020.21482,DOI:10.1016/j.bbi.2020.05.048,3
DOI:10.1001/jamanetworkopen.2020.21482,DOI:10.1001/jamapediatrics.2021.2482,3
DOI:10.1001/jamanetworkopen.2020.21482,DOI:10.1007/s00787-021-01889-1,3
DOI:10.1001/jamanetworkopen.2020.21482,DOI:10.1016/j.jad.2020.12.113,3
DOI:10.1001/jamanetworkopen.2020.21482,DOI:10.1111/nyas.14506,3
DOI:10.1016/j.chiabu.2020.104667,DOI:10.1001/jamapediatrics.2021.2482,3
DOI:10.1016/j.psychres.2020.113264,DOI:10.1016/j.psychres.2020.113307,5
DOI:10.1016/j.psychres.2020.113264,DOI:10.1016/j.psychres.2020.113429,9
DOI:10.1016/j.psychres.2020.113264,DOI:10.15585/mmwr.mm7024e1,3
DOI:10.1016/j.psychres.2020.113264,DOI:10.3390/ijerph17228479,6
DOI:10.1016/j.psychres.2020.113264,DOI:10.1016/j.ijdrr.2020.101845,4
DOI:10.1016/j.psychres.2020.113264,DOI:10.1016/j.pnpbp.2020.110171,4
DOI:10.1016/j.psychres.2020.113264,DOI:10.1186/s13034-020-00329-3,17
DOI:10.1016/j.psychres.2020.113264,DOI:10.1186/s43045-020-00075-4,3
DOI:10.1016/j.psychres.2020.113264,DOI:10.3389/fpsyt.2020.570164,4
DOI:10.1016/j.psychres.2020.113264,DOI:10.7334/psicothema2020.287,3
DOI:10.1016/j.psychres.2020.113264,DOI:10.1016/s2352-4642(18)30022-1,3
DOI:10.1016/j.psychres.2020.113264,DOI:10.1001/jamapediatrics.2020.1456,7
DOI:10.1016/j.psychres.2020.113264,DOI:10.1007/s00787-020-01541-4,13
DOI:10.1016/j.psychres.2020.113264,DOI:10.1016/s0140-6736(20)30547-x,11
DOI:10.1016/j.psychres.2020.113264,DOI:10.1111/appy.12406,3
DOI:10.1016/j.psychres.2020.113264,DOI:10.1177/0706743720935646,3
DOI:10.1016/j.psychres.2020.113264,DOI:10.3390/ijerph17051729,3
DOI:10.1016/j.psychres.2020.113264,"BUZZI C, 2020, ITAL J PEDIATR, V46, DOI [10.1186/S13052-020-00833-4, 10.1186/S13052-020-00833]",5
DOI:10.1016/j.psychres.2020.113264,DOI:10.1037/dev0001211,3
DOI:10.1016/j.psychres.2020.113264,DOI:10.3390/ijerph18052470,4
DOI:10.1016/j.psychres.2020.113264,DOI:10.3390/ijerph18073432,4
DOI:10.1016/j.psychres.2020.113264,DOI:10.1016/j.jadohealth.2020.05.004,4
DOI:10.1016/j.psychres.2020.113264,DOI:10.1016/j.jadohealth.2020.07.001,7
DOI:10.1016/j.psychres.2020.113264,DOI:10.1016/j.jadohealth.2020.09.039,5
DOI:10.1016/j.psychres.2020.113264,DOI:10.1037/cbs0000215,4
DOI:10.1016/j.psychres.2020.113264,DOI:10.1056/nejmp2008017,3
DOI:10.1016/j.psychres.2020.113264,DOI:10.1542/peds.2020-016824,4
DOI:10.1016/j.psychres.2020.113264,DOI:10.1016/j.bbi.2020.05.048,3
DOI:10.1016/j.psychres.2020.113264,DOI:10.1016/j.jad.2020.06.029,11
DOI:10.1016/j.psychres.2020.113264,DOI:10.1016/j.jad.2021.06.021,3
DOI:10.1016/j.psychres.2020.113264,DOI:10.1017/dmp.2013.22,7
DOI:10.1016/j.psychres.2020.113264,DOI:10.12669/pjms.36.5.3088,5
DOI:10.1016/j.psychres.2020.113264,"BROOKS SAMANTHA K, 2020, LANCET, V395, P912, DOI [10.1016/S0140-6736(20)30460-8., 10.1016/S0140-6736(20)30460-8]",8
DOI:10.1016/j.psychres.2020.113264,DOI:10.1001/jamanetworkopen.2020.3976,3
DOI:10.1016/j.psychres.2020.113264,DOI:10.1001/jamapediatrics.2020.1619,7
DOI:10.1016/j.psychres.2020.113264,DOI:10.1002/da.23120,3
DOI:10.1016/j.psychres.2020.113264,DOI:10.1016/s2352-4642(20)30096-1,3
DOI:10.1016/j.psychres.2020.113264,DOI:10.1017/s0033291720005358,3
DOI:10.1016/j.psychres.2020.113264,DOI:10.1111/camh.12405,4
DOI:10.1016/j.psychres.2020.113264,DOI:10.1371/journal.pone.0236562,3
DOI:10.1016/j.psychres.2020.113264,DOI:10.3389/fpsyg.2020.579038,4
DOI:10.1016/j.psychres.2020.113264,DOI:10.4045/tidsskr.20.0437,3
DOI:10.1016/j.psychres.2020.113264,DOI:10.1001/jamapediatrics.2021.2482,6
DOI:10.1016/j.psychres.2020.113264,DOI:10.1016/j.jad.2020.10.016,4
DOI:10.1016/j.psychres.2020.113264,DOI:10.1016/j.jadohealth.2020.06.018,3
DOI:10.1016/j.psychres.2020.113264,DOI:10.23736/s0026-4946.20.05887-9,3
DOI:10.1016/j.psychres.2020.113264,DOI:10.3389/fpsyt.2020.00751,4
DOI:10.1016/j.psychres.2020.113264,DOI:10.3928/19382359-20220317-02,3
DOI:10.1016/j.psychres.2020.113264,DOI:10.1007/s00787-021-01889-1,3
DOI:10.1016/j.psychres.2020.113264,DOI:10.1016/j.ijchp.2020.100218,3
DOI:10.1016/j.psychres.2020.113264,DOI:10.1016/j.jadohealth.2020.08.026,4
DOI:10.1016/j.psychres.2020.113264,DOI:10.3389/fpsyg.2020.559951,4
DOI:10.1016/j.psychres.2020.113264,DOI:10.1016/j.jpeds.2020.03.013,7
DOI:10.1016/j.psychres.2020.113264,DOI:10.1016/s0140-6736(20)30183-5,3
DOI:10.1016/j.psychres.2020.113264,DOI:10.1007/s12098-020-03347-3,4
DOI:10.1016/j.psychres.2020.113264,DOI:10.1016/j.psychres.2020.113560,3
DOI:10.1016/j.psychres.2020.113264,DOI:10.1089/cyber.2020.0478,3
DOI:10.1016/j.psychres.2020.113264,DOI:10.1001/jamapediatrics.2021.5840,3
DOI:10.1016/j.psychres.2020.113264,DOI:10.1016/s0140-6736(20)30460-8,4
DOI:10.1016/j.psychres.2020.113264,DOI:10.1016/s2352-4642(20)30097-3,3
DOI:10.1016/j.psychres.2020.113264,DOI:10.4324/9780203771587],3
DOI:10.1016/j.psychres.2020.113264,DOI:10.1007/s00787-021-01744-3,5
DOI:10.1016/j.psychres.2020.113264,DOI:10.3389/fped.2020.628072,3
DOI:10.1016/j.psychres.2020.113264,DOI:10.15585/mmwr.mm6945a3,3
DOI:10.1016/j.psychres.2020.113264,DOI:10.12669/pjms.36.covid19-s4.2759,3
DOI:10.1016/j.psychres.2020.113264,DOI:10.1016/j.pcad.2020.04.013,3
DOI:10.1016/j.psychres.2020.113264,"LI SY, 2021, ELECTRON J QUAL THEO, P1, DOI [10.14232/EJQTDE.2021.1.64, 10.1007/S00787-021-01790-X]",4
DOI:10.1016/j.psychres.2020.113264,DOI:10.3390/healthcare8040472,3
DOI:10.1016/j.psychres.2020.113264,DOI:10.1002/eat.23318,3
DOI:10.1016/j.psychres.2020.113264,DOI:10.1016/s2352-4642(20)30186-3,3
DOI:10.1016/j.psychres.2020.113264,DOI:10.1016/j.psychres.2020.112934,3
DOI:10.1016/j.psychres.2020.113264,DOI:10.1016/s2215-0366(21)00156-5,3
DOI:10.1016/j.psychres.2020.113264,DOI:10.1177/0706743720940562,3
DOI:10.1016/j.psychres.2020.113307,DOI:10.1016/j.psychres.2020.113429,7
DOI:10.1016/j.psychres.2020.113307,DOI:10.3390/ijerph17228479,3
DOI:10.1016/j.psychres.2020.113307,DOI:10.1007/s00787-020-01541-4,12
DOI:10.1016/j.psychres.2020.113307,DOI:10.1016/s0140-6736(21)02143-7,3
DOI:10.1016/j.psychres.2020.113307,"[ANONYMOUS], 2020, DEAFNESS AND HEARING LOSS",3
DOI:10.1016/j.psychres.2020.113307,DOI:10.1111/j.1469-7610.1997.tb01545.x,5
DOI:10.1016/j.psychres.2020.113307,DOI:10.1016/s0140-6736(20)30460-8,3
DOI:10.1016/j.psychres.2020.113307,DOI:10.1016/s2352-4642(20)30096-1,3
DOI:10.1016/j.psychres.2020.113307,DOI:10.1016/j.jad.2021.06.021,4
DOI:10.1016/j.psychres.2020.113307,DOI:10.1016/j.jadohealth.2021.04.005,4
DOI:10.1016/j.psychres.2020.113307,DOI:10.1016/s2215-0366(20)30237-6,3
DOI:10.1016/j.psychres.2020.113307,DOI:10.1016/s2352-4642(20)30186-3,5
DOI:10.1016/j.psychres.2020.113307,DOI:10.3390/ijerph18052470,3
DOI:10.1016/j.psychres.2020.113307,DOI:10.1001/jamapediatrics.2018.5399,3
DOI:10.1016/j.psychres.2020.113307,DOI:10.1001/jamapediatrics.2020.1456,3
DOI:10.1016/j.psychres.2020.113307,DOI:10.1186/s13034-020-00329-3,6
DOI:10.1016/j.psychres.2020.113307,DOI:10.1016/j.childyouth.2020.105277,4
DOI:10.1016/j.psychres.2020.113307,DOI:10.1016/j.jaac.2020.12.027,3
DOI:10.1016/j.psychres.2020.113307,DOI:10.1016/j.jad.2020.06.029,11
DOI:10.1016/j.psychres.2020.113307,DOI:10.1016/j.jad.2020.10.016,6
DOI:10.1016/j.psychres.2020.113307,DOI:10.1037/amp0000660,4
DOI:10.1016/j.psychres.2020.113307,DOI:10.1186/s12992-020-00589-w,3
DOI:10.1016/j.psychres.2020.113307,DOI:10.1542/peds.2020-016824,6
DOI:10.1016/j.psychres.2020.113307,DOI:10.3390/children7090128,3
DOI:10.1016/j.psychres.2020.113307,DOI:10.1001/jamapediatrics.2020.1619,9
DOI:10.1016/j.psychres.2020.113307,DOI:10.1016/j.ijdrr.2020.101845,8
DOI:10.1016/j.psychres.2020.113307,DOI:10.1136/bmj.n614,4
DOI:10.1016/j.psychres.2020.113307,DOI:10.1542/peds.2020-029280,4
DOI:10.1016/j.psychres.2020.113307,DOI:10.15585/mmwr.mm6945a3,4
DOI:10.1016/j.psychres.2020.113307,DOI:10.1111/jcv2.12009,3
DOI:10.1016/j.psychres.2020.113307,"BROOKS SAMANTHA K, 2020, LANCET, V395, P912, DOI [10.1016/S0140-6736(20)30460-8., 10.1016/S0140-6736(20)30460-8]",3
DOI:10.1016/j.psychres.2020.113307,DOI:10.1007/s00787-021-01744-3,3
DOI:10.1016/j.psychres.2020.113307,DOI:10.1016/j.ajp.2020.102066,3
DOI:10.1016/j.psychres.2020.113307,DOI:10.1016/j.jpeds.2020.03.013,7
DOI:10.1016/j.psychres.2020.113307,DOI:10.1016/s0140-6736(20)30547-x,5
DOI:10.1016/j.psychres.2020.113307,DOI:10.1016/s2215-0366(20)30570-8,3
DOI:10.1016/j.psychres.2020.113307,DOI:10.1016/s2352-4642(20)30097-3,3
DOI:10.1016/j.psychres.2020.113307,DOI:10.1017/dmp.2013.22,3
DOI:10.1016/j.psychres.2020.113307,DOI:10.1016/j.bbi.2020.05.048,4
DOI:10.1016/j.psychres.2020.113307,DOI:10.1016/j.jadohealth.2020.07.001,3
DOI:10.1016/j.psychres.2020.113307,DOI:10.1016/j.jadohealth.2020.09.039,4
DOI:10.1016/j.psychres.2020.113307,DOI:10.1016/j.pcad.2020.04.013,4
DOI:10.1016/j.psychres.2020.113307,DOI:10.1016/j.jadohealth.2020.05.004,3
DOI:10.1016/j.psychres.2020.113307,DOI:10.1016/j.psychres.2020.113070,3
DOI:10.1016/j.psychres.2020.113307,DOI:10.1037/cbs0000215,4
DOI:10.1016/j.psychres.2020.113307,DOI:10.3390/ijerph18073432,3
DOI:10.1016/j.psychres.2020.113307,DOI:10.1007/s00787-022-02060-0,3
DOI:10.1016/j.psychres.2020.113307,DOI:10.1089/cyber.2020.0478,4
DOI:10.1016/j.psychres.2020.113429,DOI:10.1542/peds.2010-0852,3
DOI:10.1016/j.psychres.2020.113429,DOI:10.3390/ijerph17228479,11
DOI:10.1016/j.psychres.2020.113429,"BROOKS SAMANTHA K, 2020, LANCET, V395, P912, DOI [10.1016/S0140-6736(20)30460-8., 10.1016/S0140-6736(20)30460-8]",3
DOI:10.1016/j.psychres.2020.113429,DOI:10.1007/s00787-020-01541-4,9
DOI:10.1016/j.psychres.2020.113429,DOI:10.1007/s00787-021-01856-w,9
DOI:10.1016/j.psychres.2020.113429,DOI:10.1016/j.jad.2020.10.016,6
DOI:10.1016/j.psychres.2020.113429,DOI:10.1016/j.jad.2021.06.021,9
DOI:10.1016/j.psychres.2020.113429,DOI:10.1016/j.jadohealth.2021.07.023,3
DOI:10.1016/j.psychres.2020.113429,DOI:10.1016/j.psychres.2020.112934,3
DOI:10.1016/j.psychres.2020.113429,DOI:10.1016/s2215-0366(21)00156-5,3
DOI:10.1016/j.psychres.2020.113429,DOI:10.1016/s2352-4642(20)30097-3,5
DOI:10.1016/j.psychres.2020.113429,DOI:10.1111/camh.12501,8
DOI:10.1016/j.psychres.2020.113429,DOI:10.1186/s43045-020-00075-4,5
DOI:10.1016/j.psychres.2020.113429,DOI:10.3390/ijerph18052470,8
DOI:10.1016/j.psychres.2020.113429,"HOSSAIN MD MAHBUB, 2020, F1000RES, V9, P636, DOI [10.12688/F1000RESEARCH.24457.1, 10.12688/F1000RESEARCH.24457.1]",3
DOI:10.1016/j.psychres.2020.113429,DOI:10.1002/jcop.22453,3
DOI:10.1016/j.psychres.2020.113429,DOI:10.1016/j.ijdrr.2020.101845,9
DOI:10.1016/j.psychres.2020.113429,DOI:10.1016/j.pnpbp.2020.110171,9
DOI:10.1016/j.psychres.2020.113429,DOI:10.1186/s13034-020-00329-3,10
DOI:10.1016/j.psychres.2020.113429,DOI:10.1016/j.childyouth.2020.105277,4
DOI:10.1016/j.psychres.2020.113429,DOI:10.1016/s2352-4642(20)30096-1,5
DOI:10.1016/j.psychres.2020.113429,DOI:10.1136/archdischild-2020-320372,5
DOI:10.1016/j.psychres.2020.113429,DOI:10.1001/jamapediatrics.2021.2482,13
DOI:10.1016/j.psychres.2020.113429,DOI:10.1001/jamapediatrics.2021.5840,6
DOI:10.1016/j.psychres.2020.113429,DOI:10.1016/j.jad.2020.06.029,9
DOI:10.1016/j.psychres.2020.113429,DOI:10.1620/tjem.253.203,3
DOI:10.1016/j.psychres.2020.113429,DOI:10.2991/jegh.k.200908.001,4
DOI:10.1016/j.psychres.2020.113429,DOI:10.1001/jamapediatrics.2020.1619,5
DOI:10.1016/j.psychres.2020.113429,DOI:10.1016/s2215-0366(20)30570-8,4
DOI:10.1016/j.psychres.2020.113429,DOI:10.1016/s2352-4642(20)30186-3,6
DOI:10.1016/j.psychres.2020.113429,DOI:10.3389/fpsyt.2021.692853,3
DOI:10.1016/j.psychres.2020.113429,DOI:10.3390/ijerph18073432,11
DOI:10.1016/j.psychres.2020.113429,DOI:10.1016/j.jbi.2008.08.010,3
DOI:10.1016/j.psychres.2020.113429,DOI:10.1016/j.jpeds.2020.03.013,10
DOI:10.1016/j.psychres.2020.113429,DOI:10.1016/s2352-4642(20)30095-x,6
DOI:10.1016/j.psychres.2020.113429,DOI:10.1017/dmp.2013.22,5
DOI:10.1016/j.psychres.2020.113429,DOI:10.1111/j.1469-7610.1997.tb01545.x,5
DOI:10.1016/j.psychres.2020.113429,DOI:10.3389/fpsyg.2020.579038,6
DOI:10.1016/j.psychres.2020.113429,DOI:10.3390/ijerph17051729,3
DOI:10.1016/j.psychres.2020.113429,DOI:10.3390/ijerph17197327,3
DOI:10.1016/j.psychres.2020.113429,DOI:10.3390/ijerph17228297,4
DOI:10.1016/j.psychres.2020.113429,DOI:10.1001/jamapediatrics.2020.1456,4
DOI:10.1016/j.psychres.2020.113429,DOI:10.12669/pjms.36.covid19-s4.2759,6
DOI:10.1016/j.psychres.2020.113429,DOI:10.1542/peds.2020-016824,5
DOI:10.1016/j.psychres.2020.113429,DOI:10.1007/s00787-021-01889-1,4
DOI:10.1016/j.psychres.2020.113429,DOI:10.1093/tropej/fmaa122,7
DOI:10.1016/j.psychres.2020.113429,DOI:10.1016/s0140-6736(21)02143-7,3
DOI:10.1016/j.psychres.2020.113429,DOI:10.1111/nyas.14947,3
DOI:10.1016/j.psychres.2020.113429,DOI:10.1007/s00787-021-01744-3,6
DOI:10.1016/j.psychres.2020.113429,DOI:10.1016/j.jaac.2020.12.027,3
DOI:10.1016/j.psychres.2020.113429,DOI:10.1016/s0140-6736(20)30547-x,6
DOI:10.1016/j.psychres.2020.113429,DOI:10.3390/ijerph17165757,3
DOI:10.1016/j.psychres.2020.113429,DOI:10.1016/j.jadohealth.2020.09.002,3
DOI:10.1016/j.psychres.2020.113429,DOI:10.1017/s0033291720005358,7
DOI:10.1016/j.psychres.2020.113429,DOI:10.3389/fpsyt.2022.917552,3
DOI:10.1016/j.psychres.2020.113429,DOI:10.1177/00048674221090174,3
DOI:10.1016/j.psychres.2020.113429,DOI:10.1016/j.jadohealth.2020.09.039,7
DOI:10.1016/j.psychres.2020.113429,DOI:10.1016/j.pcad.2020.04.013,3
DOI:10.1016/j.psychres.2020.113429,DOI:10.1186/s12966-020-00987-8,3
DOI:10.1016/j.psychres.2020.113429,DOI:10.1016/j.jad.2021.04.016,3
DOI:10.1016/j.psychres.2020.113429,DOI:10.15585/mmwr.mm6945a3,4
DOI:10.1016/j.psychres.2020.113429,DOI:10.3390/ijerph18094668,3
DOI:10.1016/j.psychres.2020.113429,DOI:10.1037/cbs0000215,6
DOI:10.1016/j.psychres.2020.113429,DOI:10.1016/s0140-6736(20)30460-8,6
DOI:10.1016/j.psychres.2020.113429,DOI:10.3390/ijerph18031062,4
DOI:10.1016/j.psychres.2020.113429,DOI:10.1016/j.jadohealth.2020.07.001,3
DOI:10.1016/j.psychres.2020.113429,DOI:10.1016/s2215-0366(20)30307-2,3
DOI:10.1016/j.psychres.2020.113429,DOI:10.1089/cyber.2020.0478,3
DOI:10.1016/j.psychres.2020.113429,DOI:10.3390/ijerph18094563,3
DOI:10.1016/j.psychres.2020.113429,DOI:10.1016/j.jad.2020.08.001,3
DOI:10.1016/j.psychres.2020.113429,DOI:10.1016/j.chiabu.2020.104680,3
DOI:10.1016/j.psychres.2020.113429,DOI:10.1007/s10578-020-01037-x,3
DOI:10.1016/j.psychres.2020.113429,DOI:10.1037/amp0000660,3
DOI:10.1016/j.psychres.2020.113429,DOI:10.1016/j.bbi.2020.05.048,3
DOI:10.1016/j.psychres.2020.113429,DOI:10.3238/arztebl.2020.0828,3
DOI:10.1016/j.psychres.2020.113429,DOI:10.1046/j.1525-1497.2001.016009606.x,3
DOI:10.1111/j.1746-1561.2004.tb08284.x,DOI:10.1542/peds.2018-3766,4
DOI:10.1111/j.1746-1561.2004.tb08284.x,"MCNEELY CLEA A, 2002, J SCH HEALTH, V72, P138",3
DOI:10.1111/j.1746-1561.2004.tb08284.x,DOI:10.1016/j.jadohealth.2006.10.013,6
DOI:10.1111/j.1746-1561.2004.tb08284.x,DOI:10.1017/jgc.2013.20,4
DOI:10.1111/j.1746-1561.2004.tb08284.x,DOI:10.1080/10705519909540118,4
DOI:10.1111/j.1746-1561.2004.tb08284.x,DOI:10.1111/j.1469-7610.1997.tb01545.x,5
DOI:10.1111/j.1746-1561.2004.tb08284.x,DOI:10.1177/0044118x13504419,3
DOI:10.1111/j.1746-1561.2004.tb08284.x,DOI:10.1001/jama.278.10.823,6
DOI:10.1111/j.1746-1561.2004.tb08284.x,DOI:10.1002/1520-6807(199301)30:1<79::aid-pits2310300113>3.0.co;2-x,4
DOI:10.1111/j.1746-1561.2004.tb08284.x,DOI:10.1016/s0022-4405(01)00059-0,4
DOI:10.1111/j.1746-1561.2004.tb08284.x,DOI:10.1016/s0749-7423(03)13002-6,4
DOI:10.1111/j.1746-1561.2004.tb08284.x,DOI:10.1037//0022-0663.94.4.795,4
DOI:10.1111/j.1746-1561.2004.tb08284.x,DOI:10.1016/j.childyouth.2014.02.005,3
DOI:10.1111/j.1746-1561.2004.tb08284.x,DOI:10.1177/0272431610366244,3
DOI:10.1111/j.1746-1561.2004.tb08284.x,DOI:10.3102/00346543070003323,3
DOI:10.1111/j.1746-1561.2004.tb08284.x,DOI:10.1007/s10648-016-9389-8,3
DOI:10.1111/j.1746-1561.2004.tb08284.x,DOI:10.1007/s12187-020-09721-z,3
DOI:10.1111/j.1746-1561.2004.tb08284.x,DOI:10.1016/j.jsp.2012.03.002,3
DOI:10.1542/peds.2010-0852,DOI:10.1046/j.1525-1497.2001.016009606.x,8
DOI:10.1542/peds.2010-0852,DOI:10.1001/jamapediatrics.2020.1456,3
DOI:10.1542/peds.2010-0852,DOI:10.1016/j.jad.2020.06.029,5
DOI:10.1542/peds.2010-0852,DOI:10.1001/jama.282.18.1737,3
DOI:10.1542/peds.2010-0852,DOI:10.1001/jamapediatrics.2020.1619,3
DOI:10.1542/peds.2010-0852,DOI:10.1001/jamapediatrics.2021.2482,4
DOI:10.1542/peds.2010-0852,DOI:10.1007/s00787-020-01541-4,4
DOI:10.1542/peds.2010-0852,DOI:10.1186/s13034-020-00329-3,3
DOI:10.1542/peds.2010-0852,DOI:10.1097/mlr.0b013e318160d093,3
DOI:10.1542/peds.2018-3766,DOI:10.1016/j.jadohealth.2006.10.013,3
DOI:10.15585/mmwr.mm7024e1,DOI:10.1001/jamapsychiatry.2020.4402,3
DOI:10.15585/mmwr.mm7024e1,DOI:10.1001/jamapediatrics.2021.2482,4
DOI:10.15585/mmwr.mm7024e1,DOI:10.1136/bmjopen-2020-042871,3
DOI:10.15585/mmwr.mm7024e1,DOI:10.1542/peds.2020-016824,3
DOI:10.15585/mmwr.mm7024e1,DOI:10.15585/mmwr.mm6945a3,5
DOI:10.15585/mmwr.mm7024e1,DOI:10.1001/jamanetworkopen.2021.8533,3
DOI:10.15585/mmwr.mm7024e1,DOI:10.1186/s13034-020-00329-3,5
DOI:10.15585/mmwr.mm7024e1,DOI:10.1542/peds.2020-029280,3
DOI:10.3390/ijerph17228479,DOI:10.1007/s10578-020-01037-x,3
DOI:10.3390/ijerph17228479,DOI:10.1016/j.childyouth.2020.105277,3
DOI:10.3390/ijerph17228479,DOI:10.1016/j.ijdrr.2020.101845,6
DOI:10.3390/ijerph17228479,DOI:10.1016/j.jad.2020.10.016,7
DOI:10.3390/ijerph17228479,DOI:10.3389/fpsyg.2020.01713,4
DOI:10.3390/ijerph17228479,DOI:10.1016/j.jad.2021.06.021,8
DOI:10.3390/ijerph17228479,DOI:10.1016/j.jbi.2008.08.010,3
DOI:10.3390/ijerph17228479,DOI:10.1016/s0140-6736(21)02143-7,5
DOI:10.3390/ijerph17228479,DOI:10.1016/s2352-4642(20)30186-3,4
DOI:10.3390/ijerph17228479,DOI:10.1038/s41562-021-01079-8,4
DOI:10.3390/ijerph17228479,DOI:10.3390/ijerph18052470,12
DOI:10.3390/ijerph17228479,DOI:10.1007/s00787-020-01541-4,9
DOI:10.3390/ijerph17228479,DOI:10.1016/j.jad.2020.06.029,6
DOI:10.3390/ijerph17228479,DOI:10.1111/nyas.14947,3
DOI:10.3390/ijerph17228479,DOI:10.3390/ijerph18073432,9
DOI:10.3390/ijerph17228479,DOI:10.4324/9780203771587],3
DOI:10.3390/ijerph17228479,DOI:10.1001/jamanetworkopen.2020.35487,3
DOI:10.3390/ijerph17228479,DOI:10.1001/jamapediatrics.2020.1619,7
DOI:10.3390/ijerph17228479,DOI:10.1016/j.jad.2020.08.001,4
DOI:10.3390/ijerph17228479,DOI:10.1016/j.jadohealth.2020.05.004,5
DOI:10.3390/ijerph17228479,DOI:10.1016/j.jadohealth.2020.09.039,5
DOI:10.3390/ijerph17228479,DOI:10.1016/s0140-6736(20)30547-x,3
DOI:10.3390/ijerph17228479,DOI:10.1038/s41598-021-91299-9,4
DOI:10.3390/ijerph17228479,DOI:10.1136/bmj.n71,3
DOI:10.3390/ijerph17228479,DOI:10.1192/bjp.2019.244,3
DOI:10.3390/ijerph17228479,DOI:10.12688/f1000research.24457.1,3
DOI:10.3390/ijerph17228479,DOI:10.23736/s0026-4946.20.05887-9,5
DOI:10.3390/ijerph17228479,DOI:10.3390/ijerph17165757,3
DOI:10.3390/ijerph17228479,DOI:10.3390/ijerph17197327,5
DOI:10.3390/ijerph17228479,DOI:10.3390/ijerph17228297,3
DOI:10.3390/ijerph17228479,DOI:10.3390/ijerph18094668,4
DOI:10.3390/ijerph17228479,DOI:10.1001/jamapediatrics.2021.2482,11
DOI:10.3390/ijerph17228479,DOI:10.3389/fpsyg.2020.579038,4
DOI:10.3390/ijerph17228479,DOI:10.1001/jamapediatrics.2021.5840,5
DOI:10.3390/ijerph17228479,"BROOKS SAMANTHA K, 2020, LANCET, V395, P912, DOI [10.1016/S0140-6736(20)30460-8., 10.1016/S0140-6736(20)30460-8]",4
DOI:10.3390/ijerph17228479,DOI:10.1007/s00787-021-01856-w,6
DOI:10.3390/ijerph17228479,DOI:10.1016/j.jaac.2020.12.027,3
DOI:10.3390/ijerph17228479,DOI:10.1016/j.jad.2021.09.098,4
DOI:10.3390/ijerph17228479,DOI:10.1093/tropej/fmaa122,6
DOI:10.3390/ijerph17228479,DOI:10.1111/jcpp.13382,3
DOI:10.3390/ijerph17228479,DOI:10.1136/archdischild-2020-320372,3
DOI:10.3390/ijerph17228479,DOI:10.1186/s13034-020-00329-3,4
DOI:10.3390/ijerph17228479,DOI:10.3390/ijerph18052361,3
DOI:10.3390/ijerph17228479,DOI:10.1007/s00787-020-01583-8,3
DOI:10.3390/ijerph17228479,DOI:10.1016/j.jpeds.2020.03.013,3
DOI:10.3390/ijerph17228479,DOI:10.1016/j.psychres.2020.113070,3
DOI:10.3390/ijerph17228479,DOI:10.1037/cbs0000215,3
DOI:10.3390/ijerph17228479,DOI:10.1111/camh.12501,6
DOI:10.3390/ijerph17228479,DOI:10.1016/s0140-6736(20)30460-8,4
DOI:10.3390/ijerph17228479,DOI:10.3390/ijerph17051729,3
DOI:10.3390/ijerph17228479,DOI:10.3389/fpsyt.2021.691659,3
DOI:10.3390/ijerph17228479,DOI:10.1016/j.jadohealth.2020.07.001,3
DOI:10.3390/ijerph17228479,DOI:10.1016/j.bbi.2020.05.048,4
DOI:10.3390/ijerph17228479,DOI:10.1046/j.1525-1497.2001.016009606.x,3
DOI:10.3390/ijerph17228479,DOI:10.1007/s00787-021-01744-3,3
DOI:10.3390/ijerph17228479,DOI:10.1007/s10578-021-01297-1,3
DOI:10.3390/ijerph17228479,DOI:10.1016/j.pnpbp.2020.110171,4
DOI:10.3390/ijerph17228479,DOI:10.3390/ijerph18031062,3
DOI:10.3390/ijerph17228479,DOI:10.1007/s00787-022-02060-0,3
"MCNEELY CLEA A, 2002, J SCH HEALTH, V72, P138","[ANONYMOUS], 2009, SCH CONNECTEDNESS ST",3
"MCNEELY CLEA A, 2002, J SCH HEALTH, V72, P138",DOI:10.3102/00346543070003323,3
"MCNEELY CLEA A, 2002, J SCH HEALTH, V72, P138",DOI:10.1001/jama.278.10.823,3
"MCNEELY CLEA A, 2002, J SCH HEALTH, V72, P138",DOI:10.1002/1520-6807(199301)30:1<79::aid-pits2310300113>3.0.co;2-x,3
DOI:10.1007/s00787-014-0638-4,DOI:10.3389/fpubh.2023.1129073,3
DOI:10.1007/s00787-014-0638-4,DOI:10.1007/s11136-013-0428-3,5
DOI:10.1007/s00787-014-0638-4,DOI:10.1093/eurpub/11.1.4,4
DOI:10.1007/s00787-014-0638-4,DOI:10.1097/00004583-199910000-00011,4
DOI:10.1007/s00787-014-0638-4,DOI:10.1111/j.1469-7610.1997.tb01545.x,5
DOI:10.1007/s00787-014-0638-4,DOI:10.1001/jamapediatrics.2020.1619,3
DOI:10.1007/s00787-014-0638-4,DOI:10.1007/s00787-008-1013-0,4
DOI:10.1007/s00787-014-0638-4,DOI:10.1007/s00787-020-01630-4,4
DOI:10.1007/s00787-014-0638-4,DOI:10.1007/s12098-020-03347-3,3
DOI:10.1007/s00787-014-0638-4,DOI:10.1016/j.jpeds.2020.03.013,3
DOI:10.1007/s00787-014-0638-4,DOI:10.1186/s13034-020-00329-3,3
DOI:10.1007/s00787-014-0638-4,DOI:10.3389/fpsyg.2020.579038,3
DOI:10.1016/j.adolescence.2005.05.004,DOI:10.1176/appi.ps.201100529,3
DOI:10.1016/s2215-0366(23)00193-1,DOI:10.1080/02667363.2022.2051441,3
DOI:10.1038/s41380-021-01161-7,DOI:10.1111/eip.13109,3
DOI:10.1038/s41380-021-01161-7,DOI:10.3389/ijph.2021.1604072,3
DOI:10.1038/s41380-021-01161-7,DOI:10.1016/j.socscimed.2013.04.026,3
DOI:10.1038/s41380-021-01161-7,DOI:10.18637/jss.v067.i01,3
DOI:10.1038/s41380-021-01161-7,DOI:10.1037/0022-006x.73.3.539,4
DOI:10.1038/s41380-021-01161-7,DOI:10.1016/j.rpsm.2015.02.002,3
DOI:10.1038/s41380-021-01161-7,DOI:10.1186/s40359-023-01228-w,3
DOI:10.1038/s41380-021-01161-7,DOI:10.1001/jamapediatrics.2021.2482,3
DOI:10.1038/s41380-021-01161-7,DOI:10.1111/camh.12501,3
DOI:10.1080/02667363.2022.2051441,DOI:10.1111/camh.12609,3
DOI:10.1080/02667363.2022.2051441,DOI:10.1007/s10488-020-01080-9,3
DOI:10.1080/02667363.2022.2051441,DOI:10.1080/09638237.2017.1340630,3
DOI:10.1176/appi.ps.201100529,DOI:10.1177/0829573512468852,3
DOI:10.1177/0829573512468852,DOI:10.1007/978-3-319-89842-1_9,3
DOI:10.1177/0829573512468852,DOI:10.1007/s12310-018-9291-2,3
DOI:10.1177/0829573512468852,DOI:10.1016/j.jclinepi.2015.10.005,3
DOI:10.1177/0829573512468852,DOI:10.1017/s0033291717002835,3
DOI:10.1177/0829573512468852,DOI:10.1037/a0022714,3
DOI:10.1177/0829573512468852,DOI:10.1097/jom.0000000000001597,3
DOI:10.1177/0829573512468852,DOI:10.1111/eip.12793,3
DOI:10.1177/0829573512468852,DOI:10.1177/070674371005500707,3
DOI:10.1177/0829573512468852,DOI:10.1186/1471-244x-10-51,4
DOI:10.1177/0829573512468852,DOI:10.1192/bjp.185.4.342,3
DOI:10.1177/0829573512468852,DOI:10.3389/fpsyg.2016.00911,3
DOI:10.3389/fpubh.2023.1129073,DOI:10.1007/s00787-021-01889-1,6
DOI:10.3389/fpubh.2023.1129073,DOI:10.1007/s00787-023-02206-8,6
DOI:10.3389/fpubh.2023.1129073,DOI:10.1016/s0140-6736(20)30460-8,3
DOI:10.3389/fpubh.2023.1129073,DOI:10.1007/978-1-4419-9186-711,4
DOI:10.3389/fpubh.2023.1129073,DOI:10.1007/s11136-013-0428-3,5
DOI:10.3389/fpubh.2023.1129073,DOI:10.1093/eurpub/11.1.4,3
DOI:10.3389/fpubh.2023.1129073,DOI:10.1097/00004583-199910000-00011,3
DOI:10.3389/fpubh.2023.1129073,DOI:10.1177/20503121221086712,3
DOI:10.3389/fpubh.2023.1129073,DOI:10.1007/s00787-004-2002-6,3
DOI:10.3389/fpubh.2023.1129073,DOI:10.1016/j.socscimed.2013.04.026,4
DOI:10.3389/fpubh.2023.1129073,DOI:10.1111/j.1469-7610.1997.tb01545.x,5
DOI:10.3389/fpubh.2023.1129073,DOI:10.1186/s12874-022-01698-3,3
DOI:10.3389/fpubh.2023.1129073,DOI:10.3389/fpubh.2023.1275917,4
DOI:10.3389/fpubh.2023.1129073,DOI:10.1007/s00787-022-02060-0,4
DOI:10.3389/fpubh.2023.1129073,DOI:10.1016/j.jadohealth.2022.06.022,3
DOI:10.3389/fpubh.2023.1129073,DOI:10.3390/ijerph191610103,3
DOI:10.3389/fpubh.2023.1129073,DOI:10.1007/s00787-020-01630-4,3
DOI:10.4324/9780203771587],DOI:10.1111/j.2517-6161.1995.tb02031.x,3
DOI:10.4324/9780203771587],DOI:10.1001/jamapediatrics.2021.2482,3
DOI:10.4324/9780203771587],DOI:10.1097/00004583-200111000-00015,4
DOI:10.4324/9780203771587],DOI:10.1111/j.1469-7610.1997.tb01545.x,3
DOI:10.4324/9780203771587],DOI:10.1016/j.jadohealth.2020.05.004,3
DOI:10.4324/9780203771587],DOI:10.1001/jamapediatrics.2020.1619,4
DOI:10.4324/9780203771587],DOI:10.1007/s00787-020-01541-4,6
DOI:10.4324/9780203771587],DOI:10.1007/s12098-020-03347-3,3
DOI:10.4324/9780203771587],DOI:10.1016/j.jpeds.2020.03.013,4
DOI:10.4324/9780203771587],DOI:10.1016/j.jad.2020.06.029,3
DOI:10.4324/9780203771587],DOI:10.1046/j.1525-1497.2001.016009606.x,3
DOI:10.4324/9780203771587],DOI:10.1186/s13034-020-00329-3,3
DOI:10.1007/s10902-012-9374-y,DOI:10.1080/03054980902934563,4
DOI:10.1007/s10902-012-9374-y,"PETERSON C., 2004, CHARACTER STRENGTHS AND VIRTUES: A HANDBOOK AND CLASSIFICATION",3
DOI:10.1016/j.jadohealth.2021.03.002,DOI:10.1037/a0021307,3
DOI:10.1037/0003-066x.56.3.227,DOI:10.1111/1467-8624.00164,3
DOI:10.1037/0003-066x.56.3.227,DOI:10.1007/s007870050057,4
DOI:10.1037/0003-066x.56.3.227,DOI:10.1017/s0954579407000442,3
DOI:10.1037/0003-066x.56.3.227,DOI:10.1111/j.1469-7610.1997.tb01545.x,3
DOI:10.1037/0003-066x.56.3.227,DOI:10.1002/cpp.719,3
DOI:10.1037/0003-066x.56.3.227,DOI:10.1146/annurev.publhealth.26.021304.144357,3
DOI:10.1037/0003-066x.56.3.227,DOI:10.1007/s00787-020-01541-4,3
DOI:10.1080/10705510701575396,DOI:10.1093/biomet/88.3.767,5
DOI:10.1080/10705510701575396,DOI:10.1111/j.1751-9004.2007.00054.x,3
DOI:10.1080/10705510701575396,DOI:10.1214/aos/1176344136,4
DOI:10.1080/10705510701575396,DOI:10.1023/a:1007219227883,4
DOI:10.1080/10705510701575396,DOI:10.1037/0022-006x.73.3.539,3
DOI:10.1080/10705510701575396,DOI:10.1111/j.1939-0025.2010.01049.x,3
DOI:10.1080/10705510701575396,DOI:10.2307/2290157,3
DOI:10.1080/10705510701575396,"SULDO SM, 2008, SCHOOL PSYCHOL REV, V37, P52",4
DOI:10.1080/10705510701575396,DOI:10.1007/bf02294359,3
DOI:10.1080/10705510701575396,DOI:10.1080/10705511.2014.915181,3
DOI:10.1093/biomet/88.3.767,DOI:10.1111/j.1751-9004.2007.00054.x,3
DOI:10.1093/biomet/88.3.767,DOI:10.1214/aos/1176344136,5
DOI:10.1093/biomet/88.3.767,DOI:10.1111/j.1469-7610.1997.tb01545.x,3
DOI:10.1111/1467-8624.00164,DOI:10.1111/j.1469-7610.1997.tb01545.x,4
DOI:10.1111/1467-8624.00164,DOI:10.1001/archpsyc.59.3.225,3
DOI:10.1111/1467-8624.00164,DOI:10.1002/cpp.719,4
DOI:10.1111/1467-8624.00164,DOI:10.1016/j.cpr.2010.03.003,5
DOI:10.1111/1467-8624.00164,DOI:10.1017/s0954579400004156,3
DOI:10.1111/1467-8624.00164,DOI:10.1037/0003-066x.60.6.628,3
DOI:10.1111/1467-8624.00164,DOI:10.1097/00004583-200405000-00007,4
DOI:10.1111/1467-8624.00164,DOI:10.1111/josh.12096,3
DOI:10.1111/1467-8624.00164,DOI:10.1146/annurev.publhealth.26.021304.144357,6
DOI:10.1111/1467-8624.00164,DOI:10.1207/s15374424jccp3003_3,3
DOI:10.1111/1467-8624.00164,DOI:10.1002/da.10113,3
DOI:10.1007/s00787-004-2002-6,DOI:10.1007/s00787-021-01889-1,4
DOI:10.1007/s00787-004-2002-6,DOI:10.1016/j.socscimed.2013.04.026,4
DOI:10.1007/s00787-004-2002-6,DOI:10.1111/j.1469-7610.1997.tb01545.x,6
DOI:10.1007/s00787-004-2002-6,DOI:10.1001/jamapediatrics.2021.2482,3
DOI:10.1007/s00787-004-2002-6,DOI:10.1007/s00787-020-01630-4,4
DOI:10.1007/s00787-004-2002-6,DOI:10.1097/00004583-199910000-00011,3
DOI:10.1007/s00787-004-2002-6,DOI:10.1111/jcv2.12009,3
DOI:10.1007/s00787-004-2002-6,"RAVENS-SIEBERER U., 2006, KIDSCREEN QUESTIONNA",3
DOI:10.1007/s00787-004-2002-6,DOI:10.1007/978-1-4419-9186-711,3
DOI:10.1016/j.childyouth.2014.02.005,DOI:10.1016/j.jadohealth.2006.10.013,4
DOI:10.1016/j.childyouth.2014.02.005,DOI:10.1016/s0022-4405(01)00059-0,3
DOI:10.1016/j.childyouth.2014.02.005,DOI:10.1542/peds.2011-2248,3
DOI:10.1016/j.jadohealth.2006.10.013,DOI:10.1016/s0022-4405(01)00059-0,4
DOI:10.1016/j.jadohealth.2006.10.013,DOI:10.1542/peds.2011-2248,4
DOI:10.1016/j.jadohealth.2006.10.013,DOI:10.1007/s10648-016-9389-8,6
DOI:10.1016/j.jadohealth.2006.10.013,DOI:10.1080/00050060701668637,3
DOI:10.1016/j.jadohealth.2006.10.013,DOI:10.1080/10705519909540118,3
DOI:10.1016/j.jadohealth.2006.10.013,DOI:10.1111/j.1746-1561.2009.00443.x,3
DOI:10.1016/j.jadohealth.2006.10.013,DOI:10.1001/jama.278.10.823,4
DOI:10.1016/j.jadohealth.2006.10.013,DOI:10.1002/1520-6807(199301)30:1<79::aid-pits2310300113>3.0.co;2-x,3
DOI:10.1016/j.jadohealth.2006.10.013,DOI:10.1111/j.1532-7795.2012.00783.x,5
DOI:10.1016/j.jadohealth.2006.10.013,DOI:10.1037//0022-0663.94.4.795,4
DOI:10.1016/j.jadohealth.2006.10.013,DOI:10.1017/edp.2016.5,3
DOI:10.1016/s0022-4405(01)00059-0,DOI:10.1001/jama.278.10.823,5
DOI:10.1016/s0022-4405(01)00059-0,DOI:10.1016/s0749-7423(03)13002-6,3
DOI:10.1016/s0022-4405(01)00059-0,DOI:10.1037//0022-0663.94.4.795,4
DOI:10.1097/chi.0b013e3181985068,DOI:10.1192/bjp.177.6.534,3
DOI:10.1097/chi.0b013e3181985068,DOI:10.1111/j.1469-7610.1997.tb01545.x,3
DOI:10.1097/chi.0b013e3181985068,DOI:10.1007/s007870050057,4
DOI:10.1097/chi.0b013e3181985068,DOI:10.1007/s10802-010-9434-x,3
DOI:10.1192/bjp.177.6.534,DOI:10.1007/s007870050057,3
DOI:10.1192/bjp.177.6.534,DOI:10.1186/1471-2458-11-487,3
DOI:10.1192/bjp.177.6.534,"BHOLA POORNIMA, 2016, INDIAN J COMMUNITY MED, V41, P146, DOI [10.4103/0970-0218.177536, 10.4103/0970-0218.177536]",3
DOI:10.1192/bjp.177.6.534,DOI:10.1016/s2215-0366(17)30513-8,3
DOI:10.1192/bjp.177.6.534,DOI:10.1037/a0023307,3
DOI:10.1192/bjp.177.6.534,DOI:10.1111/camh.12080,3
DOI:10.1192/bjp.177.6.534,DOI:10.1007/s10802-010-9434-x,3
DOI:10.1192/bjp.177.6.534,DOI:10.1016/j.socscimed.2013.04.026,3
DOI:10.1542/peds.2011-2248,DOI:10.1177/1541204009338252,3
DOI:10.1542/peds.2011-2248,DOI:10.1186/s12888-016-0919-1,3
DOI:10.1542/peds.2011-2248,DOI:10.1080/00050060701668637,3
DOI:10.1542/peds.2011-2248,DOI:10.1111/j.1469-7610.1997.tb01545.x,3
DOI:10.1542/peds.2011-2248,DOI:10.1111/j.1746-1561.2009.00443.x,3
DOI:10.1542/peds.2011-2248,DOI:10.1001/archpsyc.60.8.837,3
DOI:10.1542/peds.2011-2248,DOI:10.1136/jech.2003.009449,3
DOI:10.1542/peds.2011-2248,DOI:10.1002/1520-6807(199301)30:1<79::aid-pits2310300113>3.0.co;2-x,3
"CAVIONI V, 2020, INT J EMOT EDUC, V12, P65",DOI:10.1017/s0033291714002888,3
"CAVIONI V, 2020, INT J EMOT EDUC, V12, P65",DOI:10.1080/02643944.2018.1479224,3
DOI:10.1002/1520-6807(199301)30:1<79::aid-pits2310300113>3.0.co;2-x,DOI:10.1017/jgc.2013.20,3
DOI:10.1002/1520-6807(199301)30:1<79::aid-pits2310300113>3.0.co;2-x,DOI:10.1007/s00572-011-0408-9,4
DOI:10.1002/1520-6807(199301)30:1<79::aid-pits2310300113>3.0.co;2-x,DOI:10.1007/s10648-016-9389-8,3
DOI:10.1002/1520-6807(199301)30:1<79::aid-pits2310300113>3.0.co;2-x,DOI:10.1097/00004583-200111000-00015,4
DOI:10.1002/1520-6807(199301)30:1<79::aid-pits2310300113>3.0.co;2-x,DOI:10.1001/jama.278.10.823,5
DOI:10.1002/1520-6807(199301)30:1<79::aid-pits2310300113>3.0.co;2-x,DOI:10.1017/s0954579424001184,3
DOI:10.1002/1520-6807(199301)30:1<79::aid-pits2310300113>3.0.co;2-x,DOI:10.1111/camh.12108,3
DOI:10.1002/1520-6807(199301)30:1<79::aid-pits2310300113>3.0.co;2-x,DOI:10.1111/j.1532-7795.2012.00783.x,3
DOI:10.1002/1520-6807(199301)30:1<79::aid-pits2310300113>3.0.co;2-x,DOI:10.1186/s12889-022-14364-6,4
DOI:10.1002/1520-6807(199301)30:1<79::aid-pits2310300113>3.0.co;2-x,DOI:10.1016/s0749-7423(03)13002-6,3
DOI:10.1002/1520-6807(199301)30:1<79::aid-pits2310300113>3.0.co;2-x,DOI:10.1037//0022-0663.94.4.795,4
DOI:10.1002/1520-6807(199301)30:1<79::aid-pits2310300113>3.0.co;2-x,DOI:10.1080/15374410802148053,4
DOI:10.1002/1520-6807(199301)30:1<79::aid-pits2310300113>3.0.co;2-x,DOI:10.1037/0003-066x.48.2.90,3
DOI:10.1002/1520-6807(199301)30:1<79::aid-pits2310300113>3.0.co;2-x,DOI:10.1111/j.1469-7610.1997.tb01545.x,8
DOI:10.1002/1520-6807(199301)30:1<79::aid-pits2310300113>3.0.co;2-x,DOI:10.1186/1471-2458-11-487,3
DOI:10.1002/1520-6807(199301)30:1<79::aid-pits2310300113>3.0.co;2-x,DOI:10.3102/00346543070003323,5
DOI:10.1002/1520-6807(199301)30:1<79::aid-pits2310300113>3.0.co;2-x,DOI:10.1016/j.jadohealth.2020.09.030,3
DOI:10.1007/s10597-013-9599-1,DOI:10.1111/camh.12200,3
DOI:10.1016/j.copsyc.2019.06.036,DOI:10.1177/2167702617723376,3
DOI:10.1017/jgc.2013.20,DOI:10.1080/10705519909540118,3
DOI:10.1017/jgc.2013.20,DOI:10.1111/j.1469-7610.1997.tb01545.x,3
DOI:10.1017/jgc.2013.20,DOI:10.1001/jama.278.10.823,3
DOI:10.1017/s0033291714002888,DOI:10.1080/02643944.2018.1479224,3
DOI:10.1017/s0033291714002888,DOI:10.1111/j.1469-7610.1997.tb01545.x,4
DOI:10.1038/nrn2513,DOI:10.1111/j.1469-7610.1997.tb01545.x,3
DOI:10.1038/nrn2513,DOI:10.1016/s0140-6736(12)60072-5,3
DOI:10.1080/10705510701301834,DOI:10.1080/10705519909540118,4
DOI:10.1111/j.1939-0025.2010.01049.x,DOI:10.2307/3090197,3
DOI:10.1111/j.1939-0025.2010.01049.x,DOI:10.1007/s10964-017-0723-3,4
DOI:10.1111/j.1939-0025.2010.01049.x,DOI:10.1037/0022-006x.73.3.539,6
DOI:10.1111/j.1939-0025.2010.01049.x,"SULDO SM, 2008, SCHOOL PSYCHOL REV, V37, P52",7
DOI:10.1111/j.1939-0025.2010.01049.x,DOI:10.1023/a:1007219227883,8
DOI:10.1111/j.1939-0025.2010.01049.x,DOI:10.1037/0002-9432.76.3.395,3
DOI:10.1111/j.1939-0025.2010.01049.x,DOI:10.1146/annurev.psych.52.1.141,3
DOI:10.1111/j.1939-0025.2010.01049.x,DOI:10.1016/j.ssmph.2021.100742,3
DOI:10.1111/j.1939-0025.2010.01049.x,DOI:10.1016/j.jsp.2019.03.003,4
DOI:10.1111/j.1939-0025.2010.01049.x,DOI:10.1177/0143034317689970,4
DOI:10.1111/j.1939-0025.2010.01049.x,DOI:10.17105/spr45-4.434-457,5
DOI:10.1111/j.1939-0025.2010.01049.x,DOI:10.2307/2290157,3
DOI:10.2307/3090197,DOI:10.1037/0022-006x.73.3.539,3
DOI:10.2307/3090197,DOI:10.1016/j.jsp.2019.03.003,3
DOI:10.2307/3090197,DOI:10.17105/spr45-4.434-457,3
"PATTON GC, 2014, LANCET, V383, P1404, DOI [10.1016/S0140-6736(13)62116-9, 10.1016/S0140-6736(13)62116-9]",DOI:10.1001/archpsyc.60.7.709,3
"PATTON GC, 2014, LANCET, V383, P1404, DOI [10.1016/S0140-6736(13)62116-9, 10.1016/S0140-6736(13)62116-9]",DOI:10.1097/00004583-200111000-00015,3
"PATTON GC, 2014, LANCET, V383, P1404, DOI [10.1016/S0140-6736(13)62116-9, 10.1016/S0140-6736(13)62116-9]",DOI:10.1111/j.1475-3588.2006.00414.x,3
"PATTON GC, 2014, LANCET, V383, P1404, DOI [10.1016/S0140-6736(13)62116-9, 10.1016/S0140-6736(13)62116-9]",DOI:10.1016/j.cpr.2016.10.005,3
DOI:10.1007/s11121-020-01095-6,"ANDERSON JK, 2019, PSYCHOL MED, V49, P9, DOI [10.1017/S0033291718002490, 10.1017/S0033291718002490]",3
DOI:10.1001/jama.278.10.823,DOI:10.1002/pits.20609,3
DOI:10.1001/jama.278.10.823,DOI:10.1186/s12889-022-14364-6,3
DOI:10.1001/jama.278.10.823,DOI:10.1016/s0749-7423(03)13002-6,4
DOI:10.1001/jama.278.10.823,DOI:10.1037//0022-0663.94.4.795,4
DOI:10.1001/jama.278.10.823,DOI:10.1037/0003-066x.48.2.90,3
DOI:10.1001/jama.278.10.823,DOI:10.1111/j.1469-7610.1997.tb01545.x,3
DOI:10.1001/jama.278.10.823,DOI:10.3102/00346543070003323,3
DOI:10.1007/s00572-011-0408-9,DOI:10.1007/s12187-021-09813-4,3
DOI:10.1007/s00572-011-0408-9,DOI:10.1016/j.jadohealth.2020.09.030,3
DOI:10.1007/s00572-011-0408-9,DOI:10.3102/00346543070003323,4
DOI:10.1007/s00572-011-0408-9,DOI:10.1007/s10648-016-9389-8,4
DOI:10.1007/s00572-011-0408-9,DOI:10.1007/s10902-017-9856-z,3
DOI:10.1007/s00572-011-0408-9,DOI:10.1007/s12144-015-9329-7,3
DOI:10.1007/s00572-011-0408-9,DOI:10.1007/s12187-016-9414-y,5
DOI:10.1007/s00572-011-0408-9,DOI:10.1016/j.paid.2008.03.020,3
DOI:10.1007/s00572-011-0408-9,DOI:10.1016/j.paid.2011.10.027,4
DOI:10.1007/s00572-011-0408-9,DOI:10.1016/s0022-1031(03)00064-7,3
DOI:10.1007/s00572-011-0408-9,DOI:10.1023/b:soci.0000007498.62080.1e,3
DOI:10.1007/s00572-011-0408-9,DOI:10.1037/a0012632,3
DOI:10.1007/s00572-011-0408-9,DOI:10.1037/a0030913,3
DOI:10.1007/s00572-011-0408-9,DOI:10.1080/00220970309600877,3
DOI:10.1007/s00572-011-0408-9,DOI:10.1080/00220973.1993.9943831,6
DOI:10.1007/s00572-011-0408-9,DOI:10.1080/15374416.2011.581616,5
DOI:10.1007/s00572-011-0408-9,DOI:10.1080/21683603.2018.1466747,3
DOI:10.1007/s00572-011-0408-9,DOI:10.1177/0146167202239051,3
DOI:10.1007/s00572-011-0408-9,DOI:10.1207/s15327752jpa4901_13,4
DOI:10.1007/s00572-011-0408-9,DOI:10.1521/jscp.1990.9.2.165,3
DOI:10.1007/s00572-011-0408-9,DOI:10.1521/jscp.1990.9.2.221,3
DOI:10.1007/s00572-011-0408-9,DOI:10.15345/iojes.2017.03.011],3
DOI:10.1007/s00572-011-0408-9,DOI:10.17583/ijep.2018.3117,4
DOI:10.1007/s00572-011-0408-9,DOI:10.3200/jexe.75.4.270-292,3
DOI:10.1007/s00572-011-0408-9,DOI:10.4135/9781446249222.n32,4
DOI:10.1007/s00572-011-0408-9,DOI:10.5350/dajpn2014270302,3
DOI:10.1007/s00572-011-0408-9,"LADD G.W., 2016, SOCIAL EXCLUSION: PSYCHOLOGICAL APPROACHES TO UNDERSTANDING AND REDUCING ITS IMPACT, P109",3
DOI:10.1007/s00572-011-0408-9,"RIVA P., 2016, SOCIAL EXCLUSION PSY",3
DOI:10.1007/s00572-011-0408-9,DOI:10.1111/j.1532-7795.2012.00783.x,3
DOI:10.1007/s00572-011-0408-9,DOI:10.1046/j.1525-1497.2001.016009606.x,3
DOI:10.1023/a:1007219227883,DOI:10.1037/0002-9432.76.3.395,3
DOI:10.1023/a:1007219227883,"SULDO SM, 2008, SCHOOL PSYCHOL REV, V37, P52",8
DOI:10.1023/a:1007219227883,DOI:10.1146/annurev.psych.52.1.141,3
DOI:10.1023/a:1007219227883,DOI:10.1007/s10964-017-0723-3,3
DOI:10.1023/a:1007219227883,DOI:10.1016/j.jsp.2019.03.003,3
DOI:10.1023/a:1007219227883,DOI:10.1037/0022-006x.73.3.539,5
DOI:10.1023/a:1007219227883,DOI:10.1177/0143034317689970,4
DOI:10.1023/a:1007219227883,DOI:10.17105/spr45-4.434-457,4
DOI:10.1023/a:1007219227883,DOI:10.2307/2290157,3
DOI:10.1023/a:1007219227883,DOI:10.1007/s10804-009-9082-y,3
DOI:10.1037/0002-9432.76.3.395,DOI:10.1037/0003-066x.55.1.34,3
DOI:10.1037/0002-9432.76.3.395,"SULDO SM, 2008, SCHOOL PSYCHOL REV, V37, P52",3
DOI:10.1037/0002-9432.76.3.395,DOI:10.1037/0022-006x.73.3.539,3
"SULDO SM, 2008, SCHOOL PSYCHOL REV, V37, P52",DOI:10.1007/s10964-017-0723-3,3
"SULDO SM, 2008, SCHOOL PSYCHOL REV, V37, P52",DOI:10.1007/s12310-019-09311-7,3
"SULDO SM, 2008, SCHOOL PSYCHOL REV, V37, P52",DOI:10.1037/0022-006x.73.3.539,7
"SULDO SM, 2008, SCHOOL PSYCHOL REV, V37, P52",DOI:10.21307/eb-2020-001],3
"SULDO SM, 2008, SCHOOL PSYCHOL REV, V37, P52",DOI:10.1016/j.ssmph.2021.100742,3
"SULDO SM, 2008, SCHOOL PSYCHOL REV, V37, P52",DOI:10.1097/00004583-199704000-00018,3
"SULDO SM, 2008, SCHOOL PSYCHOL REV, V37, P52",DOI:10.1016/j.jsp.2019.03.003,4
"SULDO SM, 2008, SCHOOL PSYCHOL REV, V37, P52",DOI:10.1177/0143034317689970,4
"SULDO SM, 2008, SCHOOL PSYCHOL REV, V37, P52",DOI:10.17105/spr45-4.434-457,5
"SULDO SM, 2008, SCHOOL PSYCHOL REV, V37, P52",DOI:10.1007/s10804-009-9082-y,3
DOI:10.1007/s10648-016-9389-8,DOI:10.1111/j.1532-7795.2012.00783.x,5
DOI:10.1007/s10648-016-9389-8,DOI:10.1007/s12187-020-09721-z,4
DOI:10.1007/s10648-016-9389-8,DOI:10.1017/edp.2016.5,5
DOI:10.1007/s10648-016-9389-8,DOI:10.1080/00220973.1993.9943831,3
DOI:10.1007/s10648-016-9389-8,DOI:10.1080/10705519909540118,3
DOI:10.1007/s10964-017-0723-3,DOI:10.1037/0022-006x.73.3.539,3
DOI:10.1007/s12310-019-09311-7,DOI:10.1037/0022-006x.73.3.539,3
DOI:10.1007/s12310-019-09311-7,DOI:10.21307/eb-2020-001],3
DOI:10.1037/0022-006x.73.3.539,DOI:10.21307/eb-2020-001],3
DOI:10.1037/0022-006x.73.3.539,DOI:10.17105/spr45-4.434-457,5
DOI:10.1037/0022-006x.73.3.539,DOI:10.1016/j.socscimed.2013.04.026,3
DOI:10.1037/0022-006x.73.3.539,DOI:10.1007/s11205-013-0342-7,3
DOI:10.1037/0022-006x.73.3.539,DOI:10.1016/j.jsp.2019.03.003,4
DOI:10.1037/0022-006x.73.3.539,DOI:10.1016/j.ssmph.2021.100742,3
DOI:10.1037/0022-006x.73.3.539,DOI:10.1177/0143034317689970,3
DOI:10.1037/0022-006x.73.3.539,DOI:10.1007/s10804-009-9082-y,4
DOI:10.1037/0022-006x.73.3.539,DOI:10.1146/annurev.psych.52.1.141,4
DOI:10.1037/0022-0663.95.1.148,DOI:10.3102/00346543070003323,3
DOI:10.3102/00346543070003323,DOI:10.1007/s12144-015-9329-7,3
DOI:10.3102/00346543070003323,DOI:10.1007/s12187-016-9414-y,5
DOI:10.3102/00346543070003323,DOI:10.1016/j.paid.2008.03.020,3
DOI:10.3102/00346543070003323,DOI:10.1016/j.paid.2011.10.027,3
DOI:10.3102/00346543070003323,DOI:10.1016/s0022-1031(03)00064-7,3
DOI:10.3102/00346543070003323,DOI:10.1037/a0012632,3
DOI:10.3102/00346543070003323,DOI:10.1037/a0030913,3
DOI:10.3102/00346543070003323,DOI:10.1080/00220970309600877,3
DOI:10.3102/00346543070003323,DOI:10.1080/00220973.1993.9943831,4
DOI:10.3102/00346543070003323,DOI:10.1080/15374416.2011.581616,3
DOI:10.3102/00346543070003323,DOI:10.1177/0146167202239051,3
DOI:10.3102/00346543070003323,DOI:10.1177/0265407514567837,3
DOI:10.3102/00346543070003323,DOI:10.1207/s15327752jpa6601_2,3
DOI:10.3102/00346543070003323,DOI:10.1521/jscp.1990.9.2.165,3
DOI:10.3102/00346543070003323,DOI:10.1521/jscp.1990.9.2.221,3
DOI:10.3102/00346543070003323,DOI:10.15345/iojes.2017.03.011],3
DOI:10.3102/00346543070003323,DOI:10.17583/ijep.2018.3117,3
DOI:10.3102/00346543070003323,DOI:10.3200/jexe.75.4.270-292,3
DOI:10.3102/00346543070003323,DOI:10.4236/ojd.2014.34019],3
DOI:10.3102/00346543070003323,DOI:10.5350/dajpn2014270302,3
DOI:10.3102/00346543070003323,"LADD G.W., 2016, SOCIAL EXCLUSION: PSYCHOLOGICAL APPROACHES TO UNDERSTANDING AND REDUCING ITS IMPACT, P109",3
DOI:10.3102/00346543070003323,"RIVA P., 2016, SOCIAL EXCLUSION PSY",3
DOI:10.3102/00346543070003323,DOI:10.1016/s0749-7423(03)13002-6,3
DOI:10.3102/00346543070003323,DOI:10.1111/j.1746-1561.2004.tb08285.x,3
DOI:10.3102/00346543070003323,DOI:10.1007/s12187-020-09721-z,3
DOI:10.1006/jado.1999.0289,DOI:10.1006/jado.2000.0351,3
DOI:10.1007/s00787-003-0298-2,DOI:10.1007/s00787-003-0341-3,3
DOI:10.1007/s00787-003-0298-2,DOI:10.1007/s007870050057,8
DOI:10.1007/s00787-003-0298-2,DOI:10.2105/ajph.79.3.340,3
DOI:10.1007/s00787-003-0298-2,DOI:10.1111/j.1469-7610.1997.tb01545.x,6
DOI:10.1007/s00787-003-0298-2,DOI:10.1097/00004583-200111000-00015,4
DOI:10.1007/s00787-003-0298-2,DOI:10.1111/j.1467-9450.2008.00668.x,3
DOI:10.1007/s007870050057,DOI:10.2105/ajph.79.3.340,3
DOI:10.1007/s007870050057,DOI:10.1192/bjp.2019.19,3
DOI:10.1007/s007870050057,DOI:10.1097/00004583-200111000-00015,3
DOI:10.1007/s007870050057,DOI:10.1111/j.1467-9450.2008.00668.x,3
DOI:10.1007/s007870050057,DOI:10.1111/j.1469-7610.1997.tb01545.x,8
DOI:10.1007/s007870050057,DOI:10.1080/0954026021000046128,3
DOI:10.1007/s007870050057,"[ANONYMOUS], 2018, ADOLESCENT MENTAL HEALTH",5
DOI:10.1007/s007870050057,DOI:10.1007/s10802-010-9434-x,6
DOI:10.1007/s007870050057,DOI:10.1002/cpp.719,3
DOI:10.1007/s007870050057,DOI:10.1146/annurev.publhealth.26.021304.144357,3
DOI:10.1007/s007870050057,DOI:10.1007/s11136-015-1218-x,3
DOI:10.1007/s007870050057,DOI:10.1080/0954026021000046155,4
DOI:10.1007/s007870050057,DOI:10.1016/s2352-4642(20)30186-3,3
DOI:10.1007/s007870050057,DOI:10.1007/s00787-020-01541-4,3
DOI:10.1007/s007870050057,DOI:10.1186/1753-2000-2-8,3
DOI:10.1001/archpedi.158.8.730,DOI:10.1016/j.jadohealth.2009.03.021,3
DOI:10.1001/archpedi.158.8.730,DOI:10.1001/jama.285.16.2094,3
DOI:10.1002/ab.10047,DOI:10.1037/a0020149,3
DOI:10.1016/j.jadohealth.2009.03.021,DOI:10.1002/pits.20308,3
DOI:10.1016/j.jadohealth.2009.03.021,DOI:10.1542/peds.112.6.1231,3
DOI:10.1007/s10567-010-0071-2,DOI:10.1097/00004583-200111000-00015,3
DOI:10.1007/s00787-021-01741-6,DOI:10.1016/j.jaac.2022.11.016,3
DOI:10.1007/s00787-021-01741-6,DOI:10.1016/s2215-0366(20)30171-1,3
DOI:10.1007/s00787-021-01741-6,DOI:10.1192/bjo.2021.48,3
DOI:10.1007/s00787-021-01741-6,DOI:10.1007/s00787-021-01856-w,4
DOI:10.1007/s00787-021-01741-6,DOI:10.15585/mmwr.mm6945a3,4
DOI:10.1007/s00787-021-01741-6,DOI:10.1192/bjo.2021.976,3
DOI:10.1016/j.jadohealth.2020.02.010,DOI:10.1006/jado.2000.0393,3
DOI:10.1016/j.jadohealth.2020.02.010,DOI:10.1007/s12187-015-9339-x,3
DOI:10.1016/j.jadohealth.2020.02.010,DOI:10.1007/s12187-015-9299-1,3
DOI:10.1016/j.jadohealth.2020.02.010,DOI:10.1016/j.socscimed.2020.112890,5
DOI:10.1016/j.jadohealth.2020.02.010,DOI:10.1177/0004867414533834,4
DOI:10.1016/j.jadohealth.2020.02.010,DOI:10.1007/s00787-020-01630-4,3
DOI:10.1016/j.jadohealth.2020.02.010,DOI:10.1016/j.jadohealth.2022.06.022,3
DOI:10.1016/s2215-0366(23)00036-6,DOI:10.1016/s2352-4642(23)00126-8,3
DOI:10.1016/s2215-0366(23)00036-6,DOI:10.1001/jamapediatrics.2021.2482,5
DOI:10.1016/s2215-0366(23)00036-6,DOI:10.1016/s0140-6736(21)02143-7,3
DOI:10.1016/s2215-0366(23)00036-6,DOI:10.1016/s2352-4642(23)00022-6,3
DOI:10.1016/s2215-0366(23)00036-6,DOI:10.1136/bmj-2022-074224,3
DOI:10.1016/s2215-0366(23)00036-6,DOI:10.1007/s00787-023-02206-8,3
DOI:10.1016/s2215-0366(23)00036-6,DOI:10.1001/jamapediatrics.2023.0846,5
DOI:10.1016/s2215-0366(23)00036-6,DOI:10.1007/s00787-022-02060-0,4
DOI:10.1016/s2352-4642(23)00126-8,DOI:10.1007/s00787-021-01856-w,3
DOI:10.1001/archpediatrics.2010.96,DOI:10.1097/dbp.0000000000000018,3
DOI:10.1016/j.pcl.2011.03.003,DOI:10.1093/sleep/16.3.258,3
DOI:10.1016/j.pcl.2011.03.003,DOI:10.1016/j.adolescence.2018.06.001,3
DOI:10.1111/josh.12388,DOI:10.1542/peds.2014-1696,3
DOI:10.1007/s10902-009-9180-3,DOI:10.1080/03054980902934563,3
DOI:10.1080/03054980902934563,DOI:10.1375/aedp.28.2.75,3
DOI:10.1080/03054980902934563,"PETERSON C., 2004, CHARACTER STRENGTHS AND VIRTUES: A HANDBOOK AND CLASSIFICATION",3
DOI:10.1080/03054980902934563,DOI:10.1007/s10902-013-9476-1,3
DOI:10.1207/s15327752jpa4901_13,DOI:10.1007/s12187-016-9414-y,3
DOI:10.1207/s15327752jpa4901_13,DOI:10.1023/b:soci.0000007498.62080.1e,3
DOI:10.1207/s15327752jpa4901_13,DOI:10.1080/00220970309600877,3
DOI:10.1207/s15327752jpa4901_13,DOI:10.1080/00220973.1993.9943831,3
DOI:10.1207/s15327752jpa4901_13,DOI:10.1080/15374416.2011.581616,3
DOI:10.1207/s15327752jpa4901_13,DOI:10.1080/21683603.2018.1466747,3
DOI:10.1207/s15327752jpa4901_13,DOI:10.17583/ijep.2018.3117,3
DOI:10.1207/s15327752jpa4901_13,DOI:10.3200/jexe.75.4.270-292,3
DOI:10.1207/s15327752jpa4901_13,DOI:10.4135/9781446249222.n32,3
DOI:10.1016/j.jaac.2017.07.780,DOI:10.1037/a0016401,3
DOI:10.1016/j.jaac.2017.07.780,"CALDWELL DM, 2019, LANCET PSYCHIAT, V6, P1011, DOI [10.1016/S2215-0366(20)30352-7, 10.1016/S2215-0366(19)30403-1]",4
DOI:10.1016/j.jaac.2017.07.780,DOI:10.1001/jamapsychiatry.2021.1129,3
DOI:10.1037/0003-066x.60.6.628,DOI:10.1037/a0017671,3
DOI:10.1037/0003-066x.60.6.628,DOI:10.1001/archpsyc.59.3.225,3
DOI:10.1037/0003-066x.60.6.628,DOI:10.1002/cpp.719,3
DOI:10.1037/0003-066x.60.6.628,DOI:10.1016/j.cpr.2010.03.003,3
DOI:10.1037/0003-066x.60.6.628,DOI:10.1111/josh.12096,3
DOI:10.1037/0003-066x.60.6.628,DOI:10.1146/annurev.publhealth.26.021304.144357,3
DOI:10.1037/a0017671,DOI:10.1002/cpp.719,3
DOI:10.1037/a0017671,DOI:10.1017/s0954579400004156,3
DOI:10.1037/a0017671,DOI:10.1146/annurev.publhealth.26.021304.144357,3
DOI:10.1037/a0017671,DOI:10.1177/1359104507071062,3
DOI:10.1037/a0017671,"DOLL B, 1998, SCHOOL PSYCHOL REV, V27, P348",3
DOI:10.1007/s00787-016-0867-9,DOI:10.1016/j.chc.2014.11.007,4
DOI:10.1016/j.adolescence.2014.08.001,DOI:10.1186/1471-244x-12-81,3
DOI:10.1016/j.adolescence.2014.08.001,DOI:10.1186/s12889-017-4733-6,3
DOI:10.1016/j.adolescence.2014.08.001,DOI:10.1111/tmi.13449,4
DOI:10.1016/j.adolescence.2014.08.001,DOI:10.3390/ijerph15071426,3
DOI:10.1016/j.adolescence.2014.08.001,DOI:10.1186/s12889-018-5855-1,3
DOI:10.1016/j.chc.2014.11.007,DOI:10.1080/1754730x.2013.784615,3
DOI:10.1016/j.chc.2014.11.007,DOI:10.7202/1006436ar,3
DOI:10.1186/s12889-017-4733-6,"CAIRNS K., 2019, INT HDB HLTH LITERAC, P291",3
DOI:10.1186/s12889-017-4733-6,"CALDWELL DM, 2019, LANCET PSYCHIAT, V6, P1011, DOI [10.1016/S2215-0366(20)30352-7, 10.1016/S2215-0366(19)30403-1]",3
DOI:10.1186/s12889-017-4733-6,DOI:10.1016/j.socscimed.2008.09.050,3
DOI:10.1186/s12889-017-4733-6,DOI:10.1093/heapro/15.3.259,4
DOI:10.1186/s12889-017-4733-6,DOI:10.1136/bmj.a1655,3
DOI:10.1186/s12889-017-4733-6,DOI:10.1186/1471-2458-12-80,3
DOI:10.1186/s12889-017-4733-6,DOI:10.1186/s43045-020-00075-4,3
DOI:10.1186/s12889-017-4733-6,DOI:10.51952/9781447344520.007,3
DOI:10.1186/s12889-017-4733-6,"JORM A. F., 2014, MENTAL HLTH LITERACY, P27",3
DOI:10.1186/s12889-017-4733-6,"MORGADO TÂNIA, 2014, REVISTA PORTUGUESA DE ENFERMAGEM DE SAÚDE MENTAL, P90",3
DOI:10.1007/s12098-020-03347-3,DOI:10.1016/j.ajp.2021.102554,3
DOI:10.1007/s12098-020-03347-3,DOI:10.3390/ijerph17165757,9
DOI:10.1007/s12098-020-03347-3,DOI:10.1001/jamapediatrics.2020.1619,12
DOI:10.1007/s12098-020-03347-3,DOI:10.1016/j.childyouth.2020.105277,9
DOI:10.1007/s12098-020-03347-3,DOI:10.1016/j.jpeds.2020.03.013,18
DOI:10.1007/s12098-020-03347-3,DOI:10.1016/j.socscimed.2013.04.026,3
DOI:10.1007/s12098-020-03347-3,DOI:10.1016/s0140-6736(19)31013-x,3
DOI:10.1007/s12098-020-03347-3,DOI:10.1371/journal.pone.0213700,3
DOI:10.1007/s12098-020-03347-3,DOI:10.1542/peds.2020-007294,7
DOI:10.1007/s12098-020-03347-3,DOI:10.1542/peds.2020-016824,6
DOI:10.1007/s12098-020-03347-3,DOI:10.3389/fpsyg.2020.579038,7
DOI:10.1007/s12098-020-03347-3,DOI:10.3390/ijerph17197327,6
DOI:10.1007/s12098-020-03347-3,DOI:10.1007/s00787-020-01541-4,14
DOI:10.1007/s12098-020-03347-3,DOI:10.1007/s00787-021-01889-1,3
DOI:10.1007/s12098-020-03347-3,DOI:10.1016/j.jad.2020.06.029,10
DOI:10.1007/s12098-020-03347-3,DOI:10.1016/j.jadohealth.2020.05.004,6
DOI:10.1007/s12098-020-03347-3,DOI:10.1016/j.pnpbp.2020.110171,3
DOI:10.1007/s12098-020-03347-3,DOI:10.1016/j.psychres.2020.113070,3
DOI:10.1007/s12098-020-03347-3,DOI:10.1016/s0140-6736(20)30460-8,4
DOI:10.1007/s12098-020-03347-3,DOI:10.1017/dmp.2013.22,7
DOI:10.1007/s12098-020-03347-3,DOI:10.1089/cyber.2020.0478,3
DOI:10.1007/s12098-020-03347-3,DOI:10.1186/s12992-021-00693-5,3
DOI:10.1007/s12098-020-03347-3,DOI:10.1186/s13034-020-00329-3,8
DOI:10.1007/s12098-020-03347-3,DOI:10.3390/brainsci10060341,3
DOI:10.1007/s12098-020-03347-3,DOI:10.3390/ijerph17051729,3
DOI:10.1007/s12098-020-03347-3,DOI:10.3390/ijerph18073432,4
DOI:10.1007/s12098-020-03347-3,DOI:10.3390/jcm9103064,3
DOI:10.1007/s12098-020-03347-3,DOI:10.1016/j.ajp.2020.102077,3
DOI:10.1007/s12098-020-03347-3,DOI:10.1016/s0140-6736(20)30547-x,7
DOI:10.1007/s12098-020-03347-3,DOI:10.1016/s2352-4642(20)30097-3,6
DOI:10.1007/s12098-020-03347-3,DOI:10.1016/j.jad.2020.10.016,6
DOI:10.1007/s12098-020-03347-3,DOI:10.1016/j.jadohealth.2020.09.039,3
DOI:10.1007/s12098-020-03347-3,DOI:10.1111/appy.12406,4
DOI:10.1007/s12098-020-03347-3,DOI:10.1111/cob.12412,3
DOI:10.1007/s12098-020-03347-3,DOI:10.1186/s12992-020-00627-7,3
DOI:10.1007/s12098-020-03347-3,DOI:10.3390/ijerph17228297,3
DOI:10.1007/s12098-020-03347-3,"BROOKS SAMANTHA K, 2020, LANCET, V395, P912, DOI [10.1016/S0140-6736(20)30460-8., 10.1016/S0140-6736(20)30460-8]",6
DOI:10.1007/s12098-020-03347-3,DOI:10.1016/s2352-4642(20)30096-1,4
DOI:10.1007/s12098-020-03347-3,DOI:10.3390/ijerph17093165,3
DOI:10.1007/s12098-020-03347-3,DOI:10.1016/j.worlddev.2020.105225,3
DOI:10.1007/s12098-020-03347-3,DOI:10.1037/cbs0000215,7
DOI:10.1007/s12098-020-03347-3,DOI:10.3389/fpsyg.2020.01713,4
DOI:10.1007/s12098-020-03347-3,DOI:10.3390/ijerph17196975,3
DOI:10.1007/s12098-020-03347-3,DOI:10.3238/arztebl.2020.0828,3
DOI:10.1007/s12098-020-03347-3,DOI:10.3389/fpsyt.2020.00751,3
DOI:10.1007/s12098-020-03347-3,DOI:10.1111/j.1469-7610.1997.tb01545.x,3
DOI:10.1007/s12098-020-03347-3,DOI:10.1007/s00787-008-1013-0,3
DOI:10.1007/s12098-020-03347-3,DOI:10.1007/s00787-020-01630-4,3
DOI:10.1016/j.ajp.2021.102554,DOI:10.3390/ijerph18052470,3
DOI:10.1016/j.ajp.2021.102554,DOI:10.1016/j.childyouth.2020.105277,3
DOI:10.1159/000376585,DOI:10.1016/j.socscimed.2007.11.024,3
DOI:10.1159/000376585,DOI:10.1046/j.1525-1497.2001.016009606.x,3
DOI:10.3389/fpsyt.2020.598756,DOI:10.3390/ijerph17165757,3
DOI:10.3389/fpsyt.2020.598756,DOI:10.1007/s00787-021-01856-w,3
DOI:10.3389/fpsyt.2020.598756,DOI:10.1016/j.pnpbp.2020.110171,3
DOI:10.3390/ijerph17165757,"BROOKS SAMANTHA K, 2020, LANCET, V395, P912, DOI [10.1016/S0140-6736(20)30460-8., 10.1016/S0140-6736(20)30460-8]",5
DOI:10.3390/ijerph17165757,DOI:10.1001/jamapediatrics.2020.1619,9
DOI:10.3390/ijerph17165757,DOI:10.1007/s00787-021-01744-3,3
DOI:10.3390/ijerph17165757,DOI:10.1016/j.childyouth.2020.105277,11
DOI:10.3390/ijerph17165757,DOI:10.1016/j.jad.2020.10.016,7
DOI:10.3390/ijerph17165757,DOI:10.1016/j.worlddev.2020.105225,4
DOI:10.3390/ijerph17165757,DOI:10.1016/s2352-4642(20)30186-3,3
DOI:10.3390/ijerph17165757,DOI:10.1037/cbs0000215,5
DOI:10.3390/ijerph17165757,DOI:10.1111/j.1469-7610.1997.tb01545.x,4
DOI:10.3390/ijerph17165757,"LI SY, 2021, ELECTRON J QUAL THEO, P1, DOI [10.14232/EJQTDE.2021.1.64, 10.1007/S00787-021-01790-X]",3
DOI:10.3390/ijerph17165757,DOI:10.1016/j.jpeds.2020.03.013,7
DOI:10.3390/ijerph17165757,DOI:10.1371/journal.pone.0213700,4
DOI:10.3390/ijerph17165757,DOI:10.1542/peds.2020-007294,6
DOI:10.3390/ijerph17165757,DOI:10.1542/peds.2020-016824,6
DOI:10.3390/ijerph17165757,DOI:10.3389/fpsyg.2020.579038,6
DOI:10.3390/ijerph17165757,DOI:10.3390/ijerph17197327,6
DOI:10.3390/ijerph17165757,DOI:10.1007/s00787-020-01541-4,11
DOI:10.3390/ijerph17165757,DOI:10.1007/s00787-020-01631-3,3
DOI:10.3390/ijerph17165757,DOI:10.1016/j.jad.2020.06.029,10
DOI:10.3390/ijerph17165757,DOI:10.1016/j.sleep.2020.06.001,3
DOI:10.3390/ijerph17165757,DOI:10.1111/appy.12406,4
DOI:10.3390/ijerph17165757,DOI:10.1186/s12992-020-00601-3,4
DOI:10.3390/ijerph17165757,DOI:10.1186/s12992-020-00627-7,5
DOI:10.3390/ijerph17165757,DOI:10.1016/j.jadohealth.2020.05.004,4
DOI:10.3390/ijerph17165757,DOI:10.1016/j.jadohealth.2020.08.026,4
DOI:10.3390/ijerph17165757,DOI:10.1016/j.jadohealth.2020.09.039,3
DOI:10.3390/ijerph17165757,DOI:10.1016/s0140-6736(20)30547-x,3
DOI:10.3390/ijerph17165757,DOI:10.1186/s12887-021-02550-1,3
DOI:10.3390/ijerph17165757,DOI:10.2991/jegh.k.200908.001,3
DOI:10.3390/ijerph17165757,DOI:10.3390/ijerph17207666,3
DOI:10.3390/ijerph17165757,DOI:10.3390/ijerph17228297,4
DOI:10.3390/ijerph17165757,DOI:10.1016/s2352-4642(20)30096-1,4
DOI:10.3390/ijerph17165757,DOI:10.1016/s2352-4642(20)30097-3,3
DOI:10.3390/ijerph17165757,DOI:10.1186/s13034-020-00329-3,3
DOI:10.3390/ijerph17165757,DOI:10.3390/ijerph17093165,3
DOI:10.3390/ijerph17165757,DOI:10.1001/jamapediatrics.2021.2482,3
DOI:10.3390/ijerph17165757,DOI:10.3389/fpsyt.2020.00751,6
DOI:10.3390/ijerph17165757,DOI:10.3389/fpsyg.2020.01713,3
DOI:10.3390/ijerph17165757,DOI:10.3390/ijerph17196975,3
DOI:10.3390/ijerph17165757,DOI:10.1016/j.jadohealth.2020.07.001,4
DOI:10.3390/ijerph17165757,DOI:10.1007/s12144-020-01191-4,3
DOI:10.3390/ijerph17165757,DOI:10.1136/archdischild-2020-320372,4
DOI:10.3390/ijerph18052470,"BROOKS SAMANTHA K, 2020, LANCET, V395, P912, DOI [10.1016/S0140-6736(20)30460-8., 10.1016/S0140-6736(20)30460-8]",3
DOI:10.3390/ijerph18052470,DOI:10.1007/s00787-020-01541-4,11
DOI:10.3390/ijerph18052470,DOI:10.1007/s00787-021-01856-w,15
DOI:10.3390/ijerph18052470,DOI:10.1016/j.jad.2020.10.016,7
DOI:10.3390/ijerph18052470,DOI:10.1016/j.jad.2021.06.021,10
DOI:10.3390/ijerph18052470,DOI:10.1016/j.jadohealth.2020.08.026,5
DOI:10.3390/ijerph18052470,DOI:10.1016/j.jadohealth.2020.11.010,3
DOI:10.3390/ijerph18052470,DOI:10.1016/s2215-0366(21)00156-5,4
DOI:10.3390/ijerph18052470,DOI:10.1038/s41398-021-01271-4,3
DOI:10.3390/ijerph18052470,DOI:10.1111/camh.12501,12
DOI:10.3390/ijerph18052470,DOI:10.1186/s43045-020-00075-4,4
DOI:10.3390/ijerph18052470,DOI:10.1007/s00787-022-02060-0,7
DOI:10.3390/ijerph18052470,DOI:10.1016/j.jadohealth.2020.06.018,7
DOI:10.3390/ijerph18052470,DOI:10.1016/j.jadohealth.2022.05.025,3
DOI:10.3390/ijerph18052470,DOI:10.1016/j.pcl.2021.05.005,3
DOI:10.3390/ijerph18052470,DOI:10.1177/0706743720940562,5
DOI:10.3390/ijerph18052470,DOI:10.1037/dev0001211,3
DOI:10.3390/ijerph18052470,DOI:10.1186/s13034-020-00329-3,4
DOI:10.3390/ijerph18052470,DOI:10.3390/ijerph18073432,16
DOI:10.3390/ijerph18052470,DOI:10.1016/s2352-4642(20)30186-3,9
DOI:10.3390/ijerph18052470,DOI:10.1111/j.1600-0447.1983.tb09716.x,3
DOI:10.3390/ijerph18052470,DOI:10.1016/j.jadohealth.2021.04.005,3
DOI:10.3390/ijerph18052470,DOI:10.1016/j.jbi.2008.08.010,4
DOI:10.3390/ijerph18052470,DOI:10.1016/s0140-6736(21)02143-7,3
DOI:10.3390/ijerph18052470,DOI:10.1038/s41562-021-01079-8,3
DOI:10.3390/ijerph18052470,DOI:10.1038/s41598-020-78438-4,4
DOI:10.3390/ijerph18052470,"JONES SHERRY EVERETT, 2022, MMWR SUPPL, V71, P16, DOI [10.15585/MMWR.SU7103A3, 10.15585/MMWR.SU7103A3]",3
DOI:10.3390/ijerph18052470,"LI SY, 2021, ELECTRON J QUAL THEO, P1, DOI [10.14232/EJQTDE.2021.1.64, 10.1007/S00787-021-01790-X]",3
DOI:10.3390/ijerph18052470,DOI:10.1016/j.pcl.2021.05.003,5
DOI:10.3390/ijerph18052470,DOI:10.1016/j.jad.2020.06.029,10
DOI:10.3390/ijerph18052470,DOI:10.1111/nyas.14947,3
DOI:10.3390/ijerph18052470,DOI:10.3389/fpsyg.2020.551113,3
DOI:10.3390/ijerph18052470,DOI:10.1001/jamapediatrics.2020.1619,7
DOI:10.3390/ijerph18052470,DOI:10.1016/j.ijdrr.2020.101845,3
DOI:10.3390/ijerph18052470,DOI:10.1016/j.lanepe.2021.100093,6
DOI:10.3390/ijerph18052470,DOI:10.1001/jamapediatrics.2021.2482,11
DOI:10.3390/ijerph18052470,DOI:10.1017/s0033291720005358,5
DOI:10.3390/ijerph18052470,DOI:10.1111/wvn.12566,4
DOI:10.3390/ijerph18052470,DOI:10.3389/fpsyg.2020.579038,4
DOI:10.3390/ijerph18052470,DOI:10.3389/fpsyt.2021.692853,3
DOI:10.3390/ijerph18052470,DOI:10.1016/j.pnpbp.2020.110171,4
DOI:10.3390/ijerph18052470,DOI:10.1093/tropej/fmaa122,7
DOI:10.3390/ijerph18052470,DOI:10.1139/facets-2021-0078,3
DOI:10.3390/ijerph18052470,DOI:10.1001/jamapediatrics.2023.0846,5
DOI:10.3390/ijerph18052470,DOI:10.3389/fpubh.2021.793868,3
DOI:10.3390/ijerph18052470,DOI:10.1001/jamapediatrics.2021.5840,7
DOI:10.3390/ijerph18052470,DOI:10.1016/j.jpeds.2020.03.013,4
DOI:10.3390/ijerph18052470,DOI:10.1016/j.sleep.2021.06.002,3
DOI:10.3390/ijerph18052470,DOI:10.1016/s0140-6736(20)30460-8,6
DOI:10.3390/ijerph18052470,DOI:10.3389/fpsyt.2021.691659,4
DOI:10.3390/ijerph18052470,DOI:10.1177/20503121221086712,5
DOI:10.3390/ijerph18052470,DOI:10.1001/jamapediatrics.2020.1456,6
DOI:10.3390/ijerph18052470,DOI:10.1016/s0140-6736(20)30547-x,3
DOI:10.3390/ijerph18052470,DOI:10.1056/nejmp2008017,3
DOI:10.3390/ijerph18052470,DOI:10.1037/amp0000660,3
DOI:10.3390/ijerph18052470,DOI:10.1037/cbs0000215,7
DOI:10.3390/ijerph18052470,DOI:10.1111/jora.12668,3
DOI:10.3390/ijerph18052470,DOI:10.1136/archdischild-2020-320372,4
DOI:10.3390/ijerph18052470,DOI:10.1016/j.jad.2021.09.098,4
DOI:10.3390/ijerph18052470,DOI:10.1016/j.jadohealth.2020.09.039,4
DOI:10.3390/ijerph18052470,DOI:10.3390/ijerph17051729,5
DOI:10.3390/ijerph18052470,DOI:10.1007/s00787-021-01744-3,5
DOI:10.3390/ijerph18052470,DOI:10.1007/s00787-023-02206-8,3
DOI:10.3390/ijerph18052470,DOI:10.1016/j.jad.2020.08.001,4
DOI:10.3390/ijerph18052470,DOI:10.1007/s12187-015-9339-x,3
DOI:10.3390/ijerph18052470,DOI:10.1016/j.econlet.2022.110458,3
DOI:10.3390/ijerph18052470,DOI:10.1016/j.jadohealth.2020.05.004,3
DOI:10.4269/ajtmh.20-1620,DOI:10.1002/hpm.3059,3
DOI:10.4269/ajtmh.20-1620,DOI:10.1371/journal.pone.0251689,3
DOI:10.4269/ajtmh.20-1620,DOI:10.1111/camh.12501,3
DOI:10.1016/j.socscimed.2007.11.024,DOI:10.1016/j.socscimed.2020.112890,3
DOI:10.1016/j.socscimed.2007.11.024,DOI:10.1016/j.socscimed.2013.04.026,5
DOI:10.1016/j.socscimed.2007.11.024,DOI:10.1007/s11205-013-0507-4,4
DOI:10.1016/j.socscimed.2007.11.024,DOI:10.1016/j.jadohealth.2012.07.012,3
DOI:10.1016/j.socscimed.2007.11.024,DOI:10.5114/aoms.2016.60718,3
DOI:10.1016/j.socscimed.2010.08.012,DOI:10.1016/j.socscimed.2020.112890,3
DOI:10.1016/j.socscimed.2010.08.012,DOI:10.1177/0004867414533834,3
DOI:10.1016/j.socscimed.2020.112890,DOI:10.1007/s12187-015-9299-1,3
DOI:10.1016/j.socscimed.2020.112890,DOI:10.1177/0004867414533834,3
DOI:10.1016/j.socscimed.2020.112890,DOI:10.1016/j.socscimed.2013.04.026,4
DOI:10.1080/01612840.2018.1496498,DOI:10.1037/cbs0000215,3
"[ANONYMOUS], 2018, ADOLESCENT MENTAL HEALTH",DOI:10.1007/s10802-010-9434-x,3
"[ANONYMOUS], 2018, ADOLESCENT MENTAL HEALTH",DOI:10.1007/s11136-015-1218-x,3
"[ANONYMOUS], 2018, ADOLESCENT MENTAL HEALTH",DOI:10.1080/0954026021000046155,3
DOI:10.1016/j.socscimed.2013.04.026,DOI:10.1097/01.mlr.0000093487.78664.3c,3
DOI:10.1016/j.socscimed.2013.04.026,DOI:10.1177/0143034300212006,4
DOI:10.1016/j.socscimed.2013.04.026,DOI:10.18637/jss.v067.i01,4
DOI:10.1016/j.socscimed.2013.04.026,DOI:10.1016/j.ssmph.2021.100742,4
DOI:10.1016/j.socscimed.2013.04.026,DOI:10.1001/jamapediatrics.2021.2482,5
DOI:10.1016/j.socscimed.2013.04.026,DOI:10.1007/s11205-013-0507-4,5
DOI:10.1016/j.socscimed.2013.04.026,DOI:10.1037/bul0000102,3
DOI:10.1016/j.socscimed.2013.04.026,DOI:10.1177/0004867414533834,3
DOI:10.1016/j.socscimed.2013.04.026,DOI:10.1207/s15327752jpa5201_2,3
DOI:10.1016/j.socscimed.2013.04.026,DOI:10.1006/jado.2000.0393,3
DOI:10.1016/j.socscimed.2013.04.026,DOI:10.1007/s00127-020-01934-5,3
DOI:10.1016/j.socscimed.2013.04.026,"SILVA M, 2016, EUR J PSYCHIAT, V30, P259",3
DOI:10.1016/j.socscimed.2013.04.026,DOI:10.1007/s00787-021-01856-w,4
DOI:10.1016/j.socscimed.2013.04.026,DOI:10.1001/jamapediatrics.2020.1619,4
DOI:10.1016/j.socscimed.2013.04.026,DOI:10.1016/j.jpeds.2020.03.013,3
DOI:10.1016/j.socscimed.2013.04.026,DOI:10.1371/journal.pone.0213700,4
DOI:10.1016/j.socscimed.2013.04.026,DOI:10.1542/peds.2020-007294,3
DOI:10.1016/j.socscimed.2013.04.026,DOI:10.1542/peds.2020-016824,3
DOI:10.1016/j.socscimed.2013.04.026,DOI:10.1007/s00787-020-01630-4,5
DOI:10.1016/j.socscimed.2013.04.026,DOI:10.1007/s00787-023-02206-8,3
DOI:10.1016/j.socscimed.2013.04.026,DOI:10.1111/j.1469-7610.1997.tb01545.x,5
DOI:10.1016/j.socscimed.2013.04.026,DOI:10.1093/ije/dyw070,3
DOI:10.1016/j.socscimed.2013.04.026,DOI:10.1016/j.jadohealth.2021.04.005,3
DOI:10.1016/j.socscimed.2013.04.026,DOI:10.1111/camh.12501,4
DOI:10.1016/j.socscimed.2013.04.026,DOI:10.1007/s12187-015-9339-x,3
DOI:10.1016/j.socscimed.2013.04.026,DOI:10.2307/588624,3
DOI:10.1016/j.socscimed.2013.04.026,DOI:10.1016/j.jad.2021.09.098,3
DOI:10.1016/j.socscimed.2013.04.026,DOI:10.1016/s2352-4642(20)30186-3,4
DOI:10.1016/j.socscimed.2013.04.026,DOI:10.1136/archdischild-2020-320372,3
DOI:10.1016/j.socscimed.2013.04.026,DOI:10.1007/s00787-020-01541-4,4
DOI:10.1016/j.socscimed.2013.04.026,DOI:10.1111/jcv2.12009,3
DOI:10.1016/j.socscimed.2013.04.026,DOI:10.1007/s00787-022-02060-0,3
DOI:10.1016/j.socscimed.2013.04.026,DOI:10.1016/j.jad.2021.06.021,3
DOI:10.1016/j.socscimed.2013.04.026,DOI:10.1016/j.jad.2023.08.070,3
DOI:10.1016/j.socscimed.2013.04.026,DOI:10.1097/00004583-199910000-00011,3
DOI:10.1016/j.socscimed.2013.04.026,"RAVENS-SIEBERER U., 2006, KIDSCREEN QUESTIONNA",3
DOI:10.1016/j.socscimed.2013.04.026,DOI:10.1007/978-1-4419-9186-711,3
DOI:10.1097/00004583-200111000-00015,DOI:10.1097/01.mlr.0000093487.78664.3c,3
DOI:10.1097/00004583-200111000-00015,DOI:10.1001/archpsyc.60.7.709,5
DOI:10.1097/00004583-200111000-00015,DOI:10.1007/s00127-008-0456-4,3
DOI:10.1097/00004583-200111000-00015,DOI:10.1017/s0021963099005909,4
DOI:10.1097/00004583-200111000-00015,DOI:10.1071/he10012,3
DOI:10.1097/00004583-200111000-00015,DOI:10.1108/jcs-03-2015-0014,3
DOI:10.1097/00004583-200111000-00015,DOI:10.1111/j.1475-3588.2006.00414.x,4
DOI:10.1097/00004583-200111000-00015,DOI:10.1192/bjp.bp.108.053751,3
DOI:10.1097/00004583-200111000-00015,DOI:10.1080/10705519909540118,3
DOI:10.1097/00004583-200111000-00015,DOI:10.1111/j.1469-7610.1997.tb01545.x,15
DOI:10.1097/00004583-200111000-00015,DOI:10.1186/1477-7525-5-63,4
DOI:10.1097/00004583-200111000-00015,DOI:10.1007/s00787-005-0420-8,3
DOI:10.1097/00004583-200111000-00015,DOI:10.1007/s00787-017-1095-7,3
DOI:10.1097/00004583-200111000-00015,DOI:10.1037/0033-2909.112.1.155,3
DOI:10.1097/00004583-200111000-00015,DOI:10.1016/j.jad.2018.11.055,3
DOI:10.1097/00004583-200111000-00015,DOI:10.1017/s003329171700215x,4
DOI:10.1097/00004583-200111000-00015,DOI:10.1111/jcv2.12009,3
DOI:10.1097/00004583-200111000-00015,DOI:10.1016/j.jpeds.2020.03.013,3
DOI:10.1097/00004583-200111000-00015,DOI:10.1001/jamapediatrics.2021.2482,4
DOI:10.1097/00004583-200111000-00015,DOI:10.1186/1471-244x-10-56,3
DOI:10.1097/00004583-200111000-00015,DOI:10.1007/978-1-4419-9186-711,3
DOI:10.1097/00004583-200111000-00015,DOI:10.1097/00004583-199910000-00011,3
DOI:10.1097/00004583-200111000-00015,DOI:10.1111/bjhp.12470,3
DOI:10.1097/01.mlr.0000093487.78664.3c,DOI:10.1001/jamapediatrics.2021.2482,5
DOI:10.1097/01.mlr.0000093487.78664.3c,DOI:10.1007/978-1-4419-9186-711,3
DOI:10.1097/01.mlr.0000093487.78664.3c,DOI:10.1097/00004583-199910000-00011,4
DOI:10.1097/01.mlr.0000093487.78664.3c,DOI:10.1111/jcpp.13382,3
DOI:10.1097/01.mlr.0000093487.78664.3c,DOI:10.1046/j.1525-1497.2001.016009606.x,3
DOI:10.1097/01.mlr.0000093487.78664.3c,DOI:10.1016/s2215-0366(20)30356-4,3
DOI:10.1097/01.mlr.0000093487.78664.3c,DOI:10.1111/j.1469-7610.1997.tb01545.x,3
DOI:10.1177/0143034300212006,DOI:10.1207/s15327752jpa5201_2,4
DOI:10.18637/jss.v067.i01,DOI:10.1007/s00787-021-01744-3,3
DOI:10.18637/jss.v067.i01,DOI:10.1186/s13034-020-00329-3,3
DOI:10.1007/s10488-020-01080-9,"IJADI-MAGHSOODI R, 2018, ETHNIC DIS, V28, P437, DOI [10.18865/ED.28.S2.437, 10.18865/ED.28.S2.437]",3
DOI:10.1007/s10488-020-01080-9,DOI:10.1001/jamapediatrics.2018.5399,3
DOI:10.1007/s10488-020-01080-9,DOI:10.1007/s12310-012-9097-6,3
DOI:10.1007/s10488-020-01080-9,DOI:10.1176/appi.ps.201100518,5
DOI:10.1007/s10488-020-01080-9,DOI:10.3389/fpubh.2021.641605,3
DOI:10.1007/s10488-020-01080-9,DOI:10.1176/appi.ps.201900575,3
DOI:10.1007/s10560-014-0357-1,DOI:10.1007/s10826-012-9668-z,3
DOI:10.1007/s10560-014-0357-1,DOI:10.1093/sw/51.1.49,3
DOI:10.1007/s10560-014-0357-1,DOI:10.1177/0095798409355796,3
DOI:10.1007/s10826-012-9668-z,DOI:10.1093/sw/51.1.49,4
DOI:10.1007/s10826-012-9668-z,DOI:10.1177/0095798409355796,3
DOI:10.1007/s10826-012-9668-z,DOI:10.1177/1557988312441520,3
DOI:10.1016/j.chc.2014.11.002,DOI:10.1177/1557988312441520,3
DOI:10.1046/j.1525-1497.2001.016009606.x,DOI:10.1001/jama.282.18.1737,5
DOI:10.1046/j.1525-1497.2001.016009606.x,DOI:10.1371/journal.pone.0251689,4
DOI:10.1046/j.1525-1497.2001.016009606.x,DOI:10.1016/j.brat.2019.103501,3
DOI:10.1046/j.1525-1497.2001.016009606.x,DOI:10.1016/j.jadohealth.2020.09.002,3
DOI:10.1046/j.1525-1497.2001.016009606.x,DOI:10.1007/s00787-021-01856-w,3
DOI:10.1046/j.1525-1497.2001.016009606.x,DOI:10.1016/s2215-0366(21)00156-5,4
DOI:10.1046/j.1525-1497.2001.016009606.x,DOI:10.1111/camh.12501,3
DOI:10.1046/j.1525-1497.2001.016009606.x,DOI:10.3389/fpsyt.2022.937723,4
DOI:10.1046/j.1525-1497.2001.016009606.x,DOI:10.1001/jamapediatrics.2021.2482,8
DOI:10.1046/j.1525-1497.2001.016009606.x,DOI:10.1016/j.jad.2021.06.021,3
DOI:10.1046/j.1525-1497.2001.016009606.x,DOI:10.1016/j.lanepe.2021.100093,3
DOI:10.1046/j.1525-1497.2001.016009606.x,DOI:10.1007/s00787-021-01744-3,4
DOI:10.1046/j.1525-1497.2001.016009606.x,DOI:10.1542/peds.2020-016824,3
DOI:10.1046/j.1525-1497.2001.016009606.x,DOI:10.1542/peds.2016-1642,3
DOI:10.1046/j.1525-1497.2001.016009606.x,DOI:10.1001/jamapediatrics.2020.1619,5
DOI:10.1046/j.1525-1497.2001.016009606.x,DOI:10.1016/j.jadohealth.2021.07.023,3
DOI:10.1046/j.1525-1497.2001.016009606.x,DOI:10.1016/j.jpeds.2020.03.013,4
DOI:10.1046/j.1525-1497.2001.016009606.x,DOI:10.1007/s00787-020-01541-4,9
DOI:10.1046/j.1525-1497.2001.016009606.x,DOI:10.1037/amp0000660,4
DOI:10.1046/j.1525-1497.2001.016009606.x,DOI:10.1186/s13034-020-00329-3,6
DOI:10.1046/j.1525-1497.2001.016009606.x,DOI:10.1097/mlr.0b013e318160d093,5
DOI:10.1046/j.1525-1497.2001.016009606.x,DOI:10.1016/j.sleep.2020.06.001,3
DOI:10.1046/j.1525-1497.2001.016009606.x,DOI:10.1001/jamanetworkopen.2020.14053,4
DOI:10.1046/j.1525-1497.2001.016009606.x,DOI:10.1016/j.bbi.2020.05.048,3
DOI:10.1046/j.1525-1497.2001.016009606.x,DOI:10.1016/j.ijdrr.2020.101845,3
DOI:10.1046/j.1525-1497.2001.016009606.x,DOI:10.1007/s00127-018-1511-4,3
DOI:10.1046/j.1525-1497.2001.016009606.x,DOI:10.1016/j.jad.2020.06.029,4
DOI:10.1046/j.1525-1497.2001.016009606.x,DOI:10.1037/pas0000570,3
DOI:10.1046/j.1525-1497.2001.016009606.x,DOI:10.1002/jts.22059,3
DOI:10.1093/sw/51.1.49,DOI:10.1177/0095798409355796,3
DOI:10.1093/sw/51.1.49,DOI:10.1177/1557988312441520,3
DOI:10.1111/jocn.14078,DOI:10.1002/pits.22487,3
DOI:10.1542/peds.2019-1187,DOI:10.1007/s11121-021-01295-8,3
"BHOLA POORNIMA, 2016, INDIAN J COMMUNITY MED, V41, P146, DOI [10.4103/0970-0218.177536, 10.4103/0970-0218.177536]",DOI:10.1016/j.brat.2019.103439,3
"BHOLA POORNIMA, 2016, INDIAN J COMMUNITY MED, V41, P146, DOI [10.4103/0970-0218.177536, 10.4103/0970-0218.177536]",DOI:10.1037/a0023307,5
"BHOLA POORNIMA, 2016, INDIAN J COMMUNITY MED, V41, P146, DOI [10.4103/0970-0218.177536, 10.4103/0970-0218.177536]",DOI:10.1186/1471-2458-11-487,4
"BHOLA POORNIMA, 2016, INDIAN J COMMUNITY MED, V41, P146, DOI [10.4103/0970-0218.177536, 10.4103/0970-0218.177536]",DOI:10.2307/2136404,4
"BHOLA POORNIMA, 2016, INDIAN J COMMUNITY MED, V41, P146, DOI [10.4103/0970-0218.177536, 10.4103/0970-0218.177536]",DOI:10.1016/s2215-0366(17)30513-8,3
"BHOLA POORNIMA, 2016, INDIAN J COMMUNITY MED, V41, P146, DOI [10.4103/0970-0218.177536, 10.4103/0970-0218.177536]",DOI:10.1111/camh.12080,4
"BHOLA POORNIMA, 2016, INDIAN J COMMUNITY MED, V41, P146, DOI [10.4103/0970-0218.177536, 10.4103/0970-0218.177536]",DOI:10.1186/s13063-019-3573-3,3
DOI:10.1007/s00787-005-0521-4,DOI:10.1111/j.1469-7610.1997.tb01545.x,3
DOI:10.1111/j.1467-9450.2008.00668.x,DOI:10.1111/j.1469-7610.1997.tb01545.x,3
DOI:10.1111/j.1469-7610.1997.tb01545.x,DOI:10.1136/bjsports-2011-090185,5
DOI:10.1111/j.1469-7610.1997.tb01545.x,DOI:10.1006/jado.2000.0393,5
DOI:10.1111/j.1469-7610.1997.tb01545.x,DOI:10.1080/10705519909540118,4
DOI:10.1111/j.1469-7610.1997.tb01545.x,DOI:10.1177/0743558401164006,3
DOI:10.1111/j.1469-7610.1997.tb01545.x,"LAWRENCE D., 2015, MENTAL HLTH CHILDREN",3
DOI:10.1111/j.1469-7610.1997.tb01545.x,"BROOKS SAMANTHA K, 2020, LANCET, V395, P912, DOI [10.1016/S0140-6736(20)30460-8., 10.1016/S0140-6736(20)30460-8]",4
DOI:10.1111/j.1469-7610.1997.tb01545.x,DOI:10.1001/jamapediatrics.2020.1619,9
DOI:10.1111/j.1469-7610.1997.tb01545.x,DOI:10.1007/s00787-021-01744-3,5
DOI:10.1111/j.1469-7610.1997.tb01545.x,DOI:10.1007/s10802-010-9434-x,6
DOI:10.1111/j.1469-7610.1997.tb01545.x,DOI:10.1007/s10802-021-00821-0,4
DOI:10.1111/j.1469-7610.1997.tb01545.x,DOI:10.1016/j.bbi.2020.04.028,4
DOI:10.1111/j.1469-7610.1997.tb01545.x,DOI:10.1016/j.worlddev.2020.105225,3
DOI:10.1111/j.1469-7610.1997.tb01545.x,DOI:10.1016/s2352-4642(20)30186-3,6
DOI:10.1111/j.1469-7610.1997.tb01545.x,DOI:10.1017/s0033291718000788,3
DOI:10.1111/j.1469-7610.1997.tb01545.x,DOI:10.1037/cbs0000215,3
DOI:10.1111/j.1469-7610.1997.tb01545.x,DOI:10.1111/jcpp.13382,4
DOI:10.1111/j.1469-7610.1997.tb01545.x,DOI:10.1177/1745691615568999,3
DOI:10.1111/j.1469-7610.1997.tb01545.x,DOI:10.1186/1477-7525-5-63,4
DOI:10.1111/j.1469-7610.1997.tb01545.x,DOI:10.1023/a:1022658222914,3
DOI:10.1111/j.1469-7610.1997.tb01545.x,DOI:10.1001/jamapediatrics.2023.0846,4
DOI:10.1111/j.1469-7610.1997.tb01545.x,DOI:10.1016/j.psychres.2021.113778,4
DOI:10.1111/j.1469-7610.1997.tb01545.x,DOI:10.1024/1422-4917/a000589,4
DOI:10.1111/j.1469-7610.1997.tb01545.x,DOI:10.1007/s00112-017-0270-8,3
DOI:10.1111/j.1469-7610.1997.tb01545.x,DOI:10.1037//0022-0663.94.4.795,3
DOI:10.1111/j.1469-7610.1997.tb01545.x,DOI:10.1037/0033-2909.112.1.155,4
DOI:10.1111/j.1469-7610.1997.tb01545.x,DOI:10.1080/0954026021000046128,4
DOI:10.1111/j.1469-7610.1997.tb01545.x,DOI:10.1016/s2352-4642(20)30096-1,3
DOI:10.1111/j.1469-7610.1997.tb01545.x,DOI:10.1111/camh.12501,4
DOI:10.1111/j.1469-7610.1997.tb01545.x,DOI:10.3389/fpsyg.2021.720628,3
DOI:10.1111/j.1469-7610.1997.tb01545.x,DOI:10.3390/brainsci10060341,3
DOI:10.1111/j.1469-7610.1997.tb01545.x,DOI:10.1002/cpp.719,3
DOI:10.1111/j.1469-7610.1997.tb01545.x,DOI:10.1146/annurev.publhealth.26.021304.144357,4
DOI:10.1111/j.1469-7610.1997.tb01545.x,DOI:10.1001/jamanetworkopen.2021.24092,3
DOI:10.1111/j.1469-7610.1997.tb01545.x,DOI:10.1016/j.jbi.2008.08.010,3
DOI:10.1111/j.1469-7610.1997.tb01545.x,DOI:10.1016/j.jpeds.2020.03.013,9
DOI:10.1111/j.1469-7610.1997.tb01545.x,DOI:10.1016/s2352-4642(20)30095-x,3
DOI:10.1111/j.1469-7610.1997.tb01545.x,DOI:10.1017/dmp.2013.22,3
DOI:10.1111/j.1469-7610.1997.tb01545.x,DOI:10.3389/fpsyg.2020.579038,5
DOI:10.1111/j.1469-7610.1997.tb01545.x,DOI:10.3390/ijerph17197327,8
DOI:10.1111/j.1469-7610.1997.tb01545.x,DOI:10.3390/ijerph17228297,5
DOI:10.1111/j.1469-7610.1997.tb01545.x,DOI:10.1007/s00103-021-03291-3,4
DOI:10.1111/j.1469-7610.1997.tb01545.x,DOI:10.1007/s00787-021-01889-1,8
DOI:10.1111/j.1469-7610.1997.tb01545.x,DOI:10.1007/s00787-023-02206-8,5
DOI:10.1111/j.1469-7610.1997.tb01545.x,DOI:10.1007/s11136-013-0428-3,8
DOI:10.1111/j.1469-7610.1997.tb01545.x,DOI:10.1371/journal.pone.0213700,4
DOI:10.1111/j.1469-7610.1997.tb01545.x,DOI:10.1016/0005-7967(94)00075-u,3
DOI:10.1111/j.1469-7610.1997.tb01545.x,DOI:10.1016/s2468-2667(17)30011-7,3
DOI:10.1111/j.1469-7610.1997.tb01545.x,DOI:10.1111/jcpp.13490,4
DOI:10.1111/j.1469-7610.1997.tb01545.x,DOI:10.1111/jcv2.12009,8
DOI:10.1111/j.1469-7610.1997.tb01545.x,DOI:10.1186/1471-244x-10-56,4
DOI:10.1111/j.1469-7610.1997.tb01545.x,DOI:10.1001/jamapediatrics.2021.2482,9
DOI:10.1111/j.1469-7610.1997.tb01545.x,DOI:10.1093/jpepsy/jsaa093,3
DOI:10.1111/j.1469-7610.1997.tb01545.x,DOI:10.12669/pjms.36.5.3088,3
DOI:10.1111/j.1469-7610.1997.tb01545.x,DOI:10.1017/s0021963099004096,4
DOI:10.1111/j.1469-7610.1997.tb01545.x,DOI:10.1016/s0140-6736(20)30547-x,3
DOI:10.1111/j.1469-7610.1997.tb01545.x,DOI:10.1007/s00787-020-01541-4,7
DOI:10.1111/j.1469-7610.1997.tb01545.x,DOI:10.1007/s00787-020-01578-5,3
DOI:10.1111/j.1469-7610.1997.tb01545.x,DOI:10.1542/peds.2020-007294,6
DOI:10.1111/j.1469-7610.1997.tb01545.x,DOI:10.1542/peds.2020-016824,5
DOI:10.1111/j.1469-7610.1997.tb01545.x,DOI:10.1093/eurpub/11.1.4,4
DOI:10.1111/j.1469-7610.1997.tb01545.x,DOI:10.1037/amp0000838,3
DOI:10.1111/j.1469-7610.1997.tb01545.x,DOI:10.1177/20503121221086712,3
DOI:10.1111/j.1469-7610.1997.tb01545.x,DOI:10.1016/j.jad.2021.06.021,7
DOI:10.1111/j.1469-7610.1997.tb01545.x,DOI:10.1016/j.jadohealth.2021.04.005,4
DOI:10.1111/j.1469-7610.1997.tb01545.x,DOI:10.1097/00004583-199910000-00011,8
DOI:10.1111/j.1469-7610.1997.tb01545.x,DOI:10.1136/archdischild-2020-320372,5
DOI:10.1111/j.1469-7610.1997.tb01545.x,DOI:10.1007/s42844-020-00010-w,3
DOI:10.1111/j.1469-7610.1997.tb01545.x,DOI:10.1111/jcpp.13586,3
DOI:10.1111/j.1469-7610.1997.tb01545.x,DOI:10.1016/s0140-6736(20)30460-8,3
DOI:10.1111/j.1469-7610.1997.tb01545.x,DOI:10.3389/fpsyg.2020.01713,3
DOI:10.1111/j.1469-7610.1997.tb01545.x,DOI:10.1007/s00787-022-02060-0,6
DOI:10.1111/j.1469-7610.1997.tb01545.x,DOI:10.1007/s00787-020-01630-4,8
DOI:10.1111/j.1469-7610.1997.tb01545.x,DOI:10.1016/s2215-0366(20)30356-4,4
DOI:10.1111/j.1469-7610.1997.tb01545.x,DOI:10.3238/arztebl.2020.0828,3
DOI:10.1111/j.1469-7610.1997.tb01545.x,"RAVENS-SIEBERER U., 2006, KIDSCREEN QUESTIONNA",5
DOI:10.1111/j.1469-7610.1997.tb01545.x,DOI:10.1007/978-1-4419-9186-711,6
DOI:10.1111/j.1469-7610.1997.tb01545.x,DOI:10.3389/fpubh.2023.1275917,6
DOI:10.1111/j.1469-7610.1997.tb01545.x,DOI:10.1007/s10803-020-04577-2,4
DOI:10.1111/j.1469-7610.1997.tb01545.x,DOI:10.3390/children7090128,5
DOI:10.1111/j.1469-7610.1997.tb01545.x,DOI:10.1016/j.jadohealth.2022.06.022,4
DOI:10.1111/j.1469-7610.1997.tb01545.x,"[ANONYMOUS], 1985, FAMILIENKLIMA-SKALEN. BERICHT 8.1 UND 8.2. INSTITUT FR PSYCHOLOGIEPERSNLICHKEITSPSYCHOLOGIE UND PSYCHODIAGNOSTIK",3
DOI:10.1111/j.1469-7610.1997.tb01545.x,DOI:10.1186/s13034-020-00329-3,4
DOI:10.1111/j.1469-7610.1997.tb01545.x,DOI:10.1007/s00787-008-1013-0,4
DOI:10.1111/j.1469-7610.1997.tb01545.x,DOI:10.3390/ijerph17165973,3
DOI:10.1111/j.1469-7610.1997.tb01545.x,DOI:10.1016/j.pnpbp.2020.110171,3
DOI:10.1111/j.1469-7610.1997.tb01545.x,DOI:10.3389/fpsyt.2021.691659,3
DOI:10.1136/bjsports-2011-090185,DOI:10.1016/j.ypmed.2011.09.002,3
DOI:10.1136/bjsports-2011-090185,DOI:10.1016/j.ypmed.2015.01.029,3
DOI:10.1136/bjsports-2011-090185,DOI:10.1007/s40279-019-01099-5,4
DOI:10.1136/bjsports-2011-090185,DOI:10.1016/j.psychsport.2018.08.011,3
DOI:10.1136/bjsports-2011-090185,DOI:10.1186/1479-5868-8-98,3
DOI:10.1136/bjsports-2011-090185,DOI:10.1207/s15324796abm2901_2,3
DOI:10.1136/bjsports-2011-090185,DOI:10.1016/j.cpr.2016.03.006,3
DOI:10.1136/bjsports-2011-090185,DOI:10.1186/1479-5868-7-40,3
DOI:10.1136/bjsports-2011-090185,DOI:10.1542/peds.2016-1642,3
DOI:10.1136/bjsports-2011-090185,DOI:10.1249/mss.0000000000000993,4
DOI:10.1136/bjsports-2011-090185,DOI:10.1007/s00787-016-0875-9,3
DOI:10.1136/bjsports-2011-090185,DOI:10.1001/jamapediatrics.2021.2482,5
DOI:10.1136/bjsports-2011-090185,DOI:10.1007/s00787-021-01856-w,3
DOI:10.1136/bjsports-2011-090185,DOI:10.7334/psicothema2020.287,3
DOI:10.1136/bjsports-2011-090185,DOI:10.3390/ijerph17197327,3
DOI:10.1136/bjsports-2011-090185,DOI:10.1007/s00787-020-01541-4,4
DOI:10.1136/bjsports-2011-090185,DOI:10.1007/s00787-021-01744-3,3
DOI:10.1136/bjsports-2011-090185,DOI:10.1016/j.pcad.2020.04.013,4
DOI:10.1136/bjsports-2011-090185,DOI:10.1001/jamapediatrics.2020.1456,3
DOI:10.1136/bjsports-2011-090185,DOI:10.1186/s12966-017-0555-2,3
DOI:10.1186/1753-2000-8-22,DOI:10.4103/psychiatry.indianjpsychiatry_102_17,3
DOI:10.1186/1753-2000-8-22,DOI:10.4103/ijcm.ijcm_451_20,3
DOI:10.4103/psychiatry.indianjpsychiatry_102_17,"MUZAMMIL K, 2009, INDIAN J PUBLIC HEALTH, V53, P18",3
DOI:10.1176/appi.books.9780890425596.x00diagnosticclassification,DOI:10.1001/jamapediatrics.2020.1619,3
DOI:10.1037/0033-2909.112.1.155,DOI:10.1001/jamapediatrics.2020.1619,3
DOI:10.1037/0033-2909.112.1.155,DOI:10.1007/s00787-020-01541-4,3
DOI:10.1007/s00787-022-01961-4,DOI:10.1016/j.ssmph.2021.100742,3
DOI:10.1016/j.ssmph.2021.100742,DOI:10.1177/1094428103254673,3
DOI:10.1016/j.ssmph.2021.100742,DOI:10.1177/0044118x20970232,3
DOI:10.1080/10705519909540118,DOI:10.1177/0044118x13504419,3
DOI:10.1080/10705519909540118,DOI:10.18637/jss.v048.i02,3
DOI:10.1080/10705519909540118,DOI:10.1111/j.1532-7795.2012.00783.x,3
DOI:10.1080/10705519909540118,DOI:10.1007/s12187-020-09721-z,3
DOI:10.1080/10705519909540118,DOI:10.1037/cbs0000215,3
DOI:10.1080/10705519909540118,DOI:10.1542/peds.2016-1642,3
DOI:10.1080/10705519909540118,DOI:10.1016/j.chiabu.2020.104699,3
DOI:10.1016/j.cpr.2021.102079,"CALDWELL DM, 2019, LANCET PSYCHIAT, V6, P1011, DOI [10.1016/S2215-0366(20)30352-7, 10.1016/S2215-0366(19)30403-1]",3
DOI:10.1016/j.cpr.2021.102079,DOI:10.1111/camh.12749,3
DOI:10.1006/jado.2000.0393,DOI:10.1007/s12187-015-9339-x,3
DOI:10.1006/jado.2000.0393,DOI:10.1093/eurpub/ckn001,3
DOI:10.1006/jado.2000.0393,DOI:10.1016/j.jad.2021.06.021,4
DOI:10.1006/jado.2000.0393,DOI:10.1001/jamapediatrics.2021.2482,3
DOI:10.1006/jado.2000.0393,"RAVENS-SIEBERER U., 2006, KIDSCREEN QUESTIONNA",3
DOI:10.1007/s10964-008-9389-1,DOI:10.1016/j.jadohealth.2011.02.005,4
DOI:10.1007/s10964-008-9389-1,DOI:10.1037/0033-2909.129.5.674,3
DOI:10.1007/s12187-015-9339-x,DOI:10.2307/588624,5
DOI:10.1007/s12187-015-9339-x,DOI:10.1007/s11205-013-0507-4,5
DOI:10.1007/s12187-015-9339-x,DOI:10.1007/s00787-021-01856-w,4
DOI:10.1016/j.jadohealth.2011.02.005,DOI:10.1037/0033-2909.129.5.674,4
DOI:10.1037/0033-2909.129.5.674,DOI:10.1037/a0016441,3
DOI:10.1037/0033-2909.129.5.674,DOI:10.1037/sgd0000467,3
DOI:10.1093/eurpub/ckn001,DOI:10.3238/arztebl.2020.0828,3
DOI:10.1111/j.2517-6161.1995.tb02031.x,DOI:10.1001/jamapediatrics.2020.1619,3
DOI:10.1111/j.2517-6161.1995.tb02031.x,DOI:10.1186/s13034-020-00329-3,3
DOI:10.2307/588624,DOI:10.5114/aoms.2016.60718,3
DOI:10.2307/588624,DOI:10.1007/s11205-013-0507-4,5
DOI:10.5114/aoms.2016.60718,DOI:10.1007/s11205-013-0507-4,3
DOI:10.1001/jamapediatrics.2013.2361,DOI:10.1016/j.ypmed.2020.106317,3
DOI:10.1001/jamapediatrics.2013.2361,DOI:10.1097/00004583-200405000-00007,3
DOI:10.1016/j.ypmed.2020.106317,DOI:10.1016/j.cpr.2016.10.005,3
DOI:10.1038/s41562-021-01235-0,DOI:10.1001/jamapediatrics.2021.2482,4
DOI:10.1038/s41562-021-01235-0,DOI:10.1017/s0033291720005358,3
DOI:10.1371/journal.pone.0251689,DOI:10.3389/fpsyt.2022.937723,5
"COHEN J, 2009, TEACH COLL REC, V111, P180",DOI:10.1177/0734282909344205,3
DOI:10.1016/j.cpr.2016.10.005,"CALDWELL DM, 2019, LANCET PSYCHIAT, V6, P1011, DOI [10.1016/S2215-0366(20)30352-7, 10.1016/S2215-0366(19)30403-1]",5
DOI:10.1016/j.cpr.2016.10.005,DOI:10.1016/j.jadohealth.2012.12.016,3
DOI:10.1016/j.tics.2004.12.005,DOI:10.1016/j.jad.2020.06.029,3
DOI:10.1016/j.tics.2004.12.005,DOI:10.1016/j.jad.2021.06.021,3
DOI:10.1111/tmi.13449,DOI:10.1111/camh.12543,3
DOI:10.1111/tmi.13449,"CALDWELL DM, 2019, LANCET PSYCHIAT, V6, P1011, DOI [10.1016/S2215-0366(20)30352-7, 10.1016/S2215-0366(19)30403-1]",3
DOI:10.1111/tmi.13449,DOI:10.3390/ijerph15071426,3
DOI:10.1111/tmi.13449,DOI:10.1186/s12889-018-5855-1,3
DOI:10.1111/tmi.13449,DOI:10.2147/prbm.s38707,3
DOI:10.1177/0963721413476512,DOI:10.1037/cbs0000215,3
DOI:10.1191/1478088706qp063oa],DOI:10.12669/pjms.36.covid19-s4.2759,3
DOI:10.1016/j.psc.2010.11.015,DOI:10.1097/00004583-200405000-00007,3
DOI:10.1016/j.psc.2010.11.015,DOI:10.1207/s15374424jccp3003_3,3
DOI:10.1097/00004583-200405000-00007,DOI:10.1111/j.1475-3588.2010.00584.x,4
DOI:10.1097/00004583-200405000-00007,DOI:10.1186/1471-2458-13-1195,3
DOI:10.1097/00004583-200405000-00007,DOI:10.1207/s15374424jccp3003_3,5
DOI:10.1097/00004583-200405000-00007,DOI:10.1348/014466501163887,3
DOI:10.1097/00004583-200405000-00007,"[ANONYMOUS], 2015, RESOURCEFUL ADOLESCENT PROGRAM: GROUP LEADERS MANUAL",4
DOI:10.1097/00004583-200405000-00007,DOI:10.1348/135910705x53155,3
DOI:10.1097/00004583-200405000-00007,DOI:10.1007/s10802-015-0080-1,3
DOI:10.1097/00004583-200405000-00007,DOI:10.1016/j.brat.2009.09.002,3
DOI:10.1097/00004583-200405000-00007,DOI:10.1177/0272431605282655,3
DOI:10.1097/00004583-200405000-00007,DOI:10.1146/annurev.publhealth.26.021304.144357,3
DOI:10.1111/j.1475-3588.2010.00584.x,DOI:10.1186/1471-2458-13-1195,3
DOI:10.1111/j.1475-3588.2010.00584.x,DOI:10.1207/s15374424jccp3003_3,3
DOI:10.1111/j.1475-3588.2010.00584.x,"[ANONYMOUS], 2015, RESOURCEFUL ADOLESCENT PROGRAM: GROUP LEADERS MANUAL",3
DOI:10.1186/1471-2458-13-1195,DOI:10.1207/s15374424jccp3003_3,3
DOI:10.1186/1471-2458-13-1195,"[ANONYMOUS], 2015, RESOURCEFUL ADOLESCENT PROGRAM: GROUP LEADERS MANUAL",3
DOI:10.1207/s15374424jccp3003_3,"[ANONYMOUS], 2015, RESOURCEFUL ADOLESCENT PROGRAM: GROUP LEADERS MANUAL",4
DOI:10.1207/s15374424jccp3003_3,DOI:10.1348/135910705x53155,3
"[ANONYMOUS], 2015, RESOURCEFUL ADOLESCENT PROGRAM: GROUP LEADERS MANUAL",DOI:10.1348/135910705x53155,3
DOI:10.1080/00050060701668637,DOI:10.1111/j.1746-1561.2009.00443.x,3
"[ANONYMOUS], 2013, MENTAL HEALTH LAW",DOI:10.1093/heapro/15.3.259,3
"[ANONYMOUS], 2013, MENTAL HEALTH LAW",DOI:10.1186/1471-2458-12-80,3
"[ANONYMOUS], 2013, MENTAL HEALTH LAW",DOI:10.1186/s43045-020-00075-4,3
DOI:10.1017/edp.2016.5,DOI:10.1007/s12187-020-09721-z,4
DOI:10.1017/edp.2016.5,DOI:10.17583/ijep.2018.3117,3
DOI:10.1186/s12889-022-14364-6,DOI:10.1017/s0954579424001184,3
"BROOKS SAMANTHA K, 2020, LANCET, V395, P912, DOI [10.1016/S0140-6736(20)30460-8., 10.1016/S0140-6736(20)30460-8]",DOI:10.1001/jamapediatrics.2020.1619,16
"BROOKS SAMANTHA K, 2020, LANCET, V395, P912, DOI [10.1016/S0140-6736(20)30460-8., 10.1016/S0140-6736(20)30460-8]",DOI:10.1007/s00787-021-01744-3,4
"BROOKS SAMANTHA K, 2020, LANCET, V395, P912, DOI [10.1016/S0140-6736(20)30460-8., 10.1016/S0140-6736(20)30460-8]",DOI:10.1007/s10802-021-00821-0,4
"BROOKS SAMANTHA K, 2020, LANCET, V395, P912, DOI [10.1016/S0140-6736(20)30460-8., 10.1016/S0140-6736(20)30460-8]",DOI:10.1016/j.childyouth.2020.105277,5
"BROOKS SAMANTHA K, 2020, LANCET, V395, P912, DOI [10.1016/S0140-6736(20)30460-8., 10.1016/S0140-6736(20)30460-8]",DOI:10.1016/j.jad.2020.10.016,7
"BROOKS SAMANTHA K, 2020, LANCET, V395, P912, DOI [10.1016/S0140-6736(20)30460-8., 10.1016/S0140-6736(20)30460-8]",DOI:10.1016/j.worlddev.2020.105225,4
"BROOKS SAMANTHA K, 2020, LANCET, V395, P912, DOI [10.1016/S0140-6736(20)30460-8., 10.1016/S0140-6736(20)30460-8]",DOI:10.1016/s2215-0366(20)30203-0,4
"BROOKS SAMANTHA K, 2020, LANCET, V395, P912, DOI [10.1016/S0140-6736(20)30460-8., 10.1016/S0140-6736(20)30460-8]",DOI:10.1016/s2352-4642(20)30186-3,4
"BROOKS SAMANTHA K, 2020, LANCET, V395, P912, DOI [10.1016/S0140-6736(20)30460-8., 10.1016/S0140-6736(20)30460-8]",DOI:10.1037/cbs0000215,10
"BROOKS SAMANTHA K, 2020, LANCET, V395, P912, DOI [10.1016/S0140-6736(20)30460-8., 10.1016/S0140-6736(20)30460-8]",DOI:10.1111/cdep.12248,3
"BROOKS SAMANTHA K, 2020, LANCET, V395, P912, DOI [10.1016/S0140-6736(20)30460-8., 10.1016/S0140-6736(20)30460-8]",DOI:10.1111/jcpp.13382,4
"BROOKS SAMANTHA K, 2020, LANCET, V395, P912, DOI [10.1016/S0140-6736(20)30460-8., 10.1016/S0140-6736(20)30460-8]",DOI:10.1007/s00787-020-01541-4,14
"BROOKS SAMANTHA K, 2020, LANCET, V395, P912, DOI [10.1016/S0140-6736(20)30460-8., 10.1016/S0140-6736(20)30460-8]",DOI:10.1007/s00787-021-01856-w,4
"BROOKS SAMANTHA K, 2020, LANCET, V395, P912, DOI [10.1016/S0140-6736(20)30460-8., 10.1016/S0140-6736(20)30460-8]",DOI:10.1016/j.ijchp.2020.100218,3
"BROOKS SAMANTHA K, 2020, LANCET, V395, P912, DOI [10.1016/S0140-6736(20)30460-8., 10.1016/S0140-6736(20)30460-8]",DOI:10.1016/j.jad.2021.06.021,4
"BROOKS SAMANTHA K, 2020, LANCET, V395, P912, DOI [10.1016/S0140-6736(20)30460-8., 10.1016/S0140-6736(20)30460-8]",DOI:10.1016/j.jadohealth.2020.08.026,3
"BROOKS SAMANTHA K, 2020, LANCET, V395, P912, DOI [10.1016/S0140-6736(20)30460-8., 10.1016/S0140-6736(20)30460-8]",DOI:10.1016/j.psychres.2020.113560,4
"BROOKS SAMANTHA K, 2020, LANCET, V395, P912, DOI [10.1016/S0140-6736(20)30460-8., 10.1016/S0140-6736(20)30460-8]",DOI:10.1016/j.sleep.2020.06.001,3
"BROOKS SAMANTHA K, 2020, LANCET, V395, P912, DOI [10.1016/S0140-6736(20)30460-8., 10.1016/S0140-6736(20)30460-8]",DOI:10.1016/s2215-0366(21)00156-5,3
"BROOKS SAMANTHA K, 2020, LANCET, V395, P912, DOI [10.1016/S0140-6736(20)30460-8., 10.1016/S0140-6736(20)30460-8]",DOI:10.1016/s2352-4642(20)30097-3,6
"BROOKS SAMANTHA K, 2020, LANCET, V395, P912, DOI [10.1016/S0140-6736(20)30460-8., 10.1016/S0140-6736(20)30460-8]",DOI:10.1001/jamapediatrics.2020.1456,6
"BROOKS SAMANTHA K, 2020, LANCET, V395, P912, DOI [10.1016/S0140-6736(20)30460-8., 10.1016/S0140-6736(20)30460-8]",DOI:10.1016/s0140-6736(20)30547-x,11
"BROOKS SAMANTHA K, 2020, LANCET, V395, P912, DOI [10.1016/S0140-6736(20)30460-8., 10.1016/S0140-6736(20)30460-8]",DOI:10.1016/s2352-4642(20)30095-x,4
"BROOKS SAMANTHA K, 2020, LANCET, V395, P912, DOI [10.1016/S0140-6736(20)30460-8., 10.1016/S0140-6736(20)30460-8]",DOI:10.1017/dmp.2013.22,7
"BROOKS SAMANTHA K, 2020, LANCET, V395, P912, DOI [10.1016/S0140-6736(20)30460-8., 10.1016/S0140-6736(20)30460-8]",DOI:10.1016/j.jad.2020.06.029,12
"BROOKS SAMANTHA K, 2020, LANCET, V395, P912, DOI [10.1016/S0140-6736(20)30460-8., 10.1016/S0140-6736(20)30460-8]",DOI:10.1016/j.jpeds.2020.03.013,9
"BROOKS SAMANTHA K, 2020, LANCET, V395, P912, DOI [10.1016/S0140-6736(20)30460-8., 10.1016/S0140-6736(20)30460-8]",DOI:10.3389/fpsyg.2020.579038,6
"BROOKS SAMANTHA K, 2020, LANCET, V395, P912, DOI [10.1016/S0140-6736(20)30460-8., 10.1016/S0140-6736(20)30460-8]",DOI:10.3390/ijerph17051729,10
"BROOKS SAMANTHA K, 2020, LANCET, V395, P912, DOI [10.1016/S0140-6736(20)30460-8., 10.1016/S0140-6736(20)30460-8]",DOI:10.3390/ijerph17197327,4
"BROOKS SAMANTHA K, 2020, LANCET, V395, P912, DOI [10.1016/S0140-6736(20)30460-8., 10.1016/S0140-6736(20)30460-8]",DOI:10.3390/ijerph17228297,4
"BROOKS SAMANTHA K, 2020, LANCET, V395, P912, DOI [10.1016/S0140-6736(20)30460-8., 10.1016/S0140-6736(20)30460-8]",DOI:10.1371/journal.pone.0236337,3
"BROOKS SAMANTHA K, 2020, LANCET, V395, P912, DOI [10.1016/S0140-6736(20)30460-8., 10.1016/S0140-6736(20)30460-8]",DOI:10.1016/s2352-4642(20)30096-1,5
"BROOKS SAMANTHA K, 2020, LANCET, V395, P912, DOI [10.1016/S0140-6736(20)30460-8., 10.1016/S0140-6736(20)30460-8]",DOI:10.1186/s13034-020-00329-3,6
"BROOKS SAMANTHA K, 2020, LANCET, V395, P912, DOI [10.1016/S0140-6736(20)30460-8., 10.1016/S0140-6736(20)30460-8]",DOI:10.3390/ijerph18073432,5
"BROOKS SAMANTHA K, 2020, LANCET, V395, P912, DOI [10.1016/S0140-6736(20)30460-8., 10.1016/S0140-6736(20)30460-8]",DOI:10.1016/j.ijdrr.2020.101845,3
"BROOKS SAMANTHA K, 2020, LANCET, V395, P912, DOI [10.1016/S0140-6736(20)30460-8., 10.1016/S0140-6736(20)30460-8]",DOI:10.3390/ijerph17093165,3
"BROOKS SAMANTHA K, 2020, LANCET, V395, P912, DOI [10.1016/S0140-6736(20)30460-8., 10.1016/S0140-6736(20)30460-8]",DOI:10.1111/appy.12406,3
"BROOKS SAMANTHA K, 2020, LANCET, V395, P912, DOI [10.1016/S0140-6736(20)30460-8., 10.1016/S0140-6736(20)30460-8]",DOI:10.3389/fpsyg.2020.01713,3
"BROOKS SAMANTHA K, 2020, LANCET, V395, P912, DOI [10.1016/S0140-6736(20)30460-8., 10.1016/S0140-6736(20)30460-8]",DOI:10.1001/jamapediatrics.2021.2482,4
"BROOKS SAMANTHA K, 2020, LANCET, V395, P912, DOI [10.1016/S0140-6736(20)30460-8., 10.1016/S0140-6736(20)30460-8]",DOI:10.1007/s11136-021-02861-x,3
"BROOKS SAMANTHA K, 2020, LANCET, V395, P912, DOI [10.1016/S0140-6736(20)30460-8., 10.1016/S0140-6736(20)30460-8]",DOI:10.1016/j.jad.2021.09.098,3
"BROOKS SAMANTHA K, 2020, LANCET, V395, P912, DOI [10.1016/S0140-6736(20)30460-8., 10.1016/S0140-6736(20)30460-8]",DOI:10.1016/j.jadohealth.2020.09.039,3
"BROOKS SAMANTHA K, 2020, LANCET, V395, P912, DOI [10.1016/S0140-6736(20)30460-8., 10.1016/S0140-6736(20)30460-8]",DOI:10.1016/s0140-6736(21)02143-7,3
"BROOKS SAMANTHA K, 2020, LANCET, V395, P912, DOI [10.1016/S0140-6736(20)30460-8., 10.1016/S0140-6736(20)30460-8]",DOI:10.1017/s0033291721000015,3
"BROOKS SAMANTHA K, 2020, LANCET, V395, P912, DOI [10.1016/S0140-6736(20)30460-8., 10.1016/S0140-6736(20)30460-8]",DOI:10.1111/jora.12662,3
"BROOKS SAMANTHA K, 2020, LANCET, V395, P912, DOI [10.1016/S0140-6736(20)30460-8., 10.1016/S0140-6736(20)30460-8]",DOI:10.1136/archdischild-2020-320372,4
"BROOKS SAMANTHA K, 2020, LANCET, V395, P912, DOI [10.1016/S0140-6736(20)30460-8., 10.1016/S0140-6736(20)30460-8]",DOI:10.23736/s0026-4946.20.05887-9,3
"BROOKS SAMANTHA K, 2020, LANCET, V395, P912, DOI [10.1016/S0140-6736(20)30460-8., 10.1016/S0140-6736(20)30460-8]",DOI:10.1016/j.jadohealth.2020.05.004,3
"BROOKS SAMANTHA K, 2020, LANCET, V395, P912, DOI [10.1016/S0140-6736(20)30460-8., 10.1016/S0140-6736(20)30460-8]",DOI:10.1186/s13034-020-00324-8,3
"BROOKS SAMANTHA K, 2020, LANCET, V395, P912, DOI [10.1016/S0140-6736(20)30460-8., 10.1016/S0140-6736(20)30460-8]",DOI:10.3389/fpsyt.2020.00751,3
"BROOKS SAMANTHA K, 2020, LANCET, V395, P912, DOI [10.1016/S0140-6736(20)30460-8., 10.1016/S0140-6736(20)30460-8]",DOI:10.1136/gpsych-2020-100213,3
"BROOKS SAMANTHA K, 2020, LANCET, V395, P912, DOI [10.1016/S0140-6736(20)30460-8., 10.1016/S0140-6736(20)30460-8]",DOI:10.1016/j.brat.2019.103501,3
"BROOKS SAMANTHA K, 2020, LANCET, V395, P912, DOI [10.1016/S0140-6736(20)30460-8., 10.1016/S0140-6736(20)30460-8]",DOI:10.1007/s00787-020-01583-8,3
"BROOKS SAMANTHA K, 2020, LANCET, V395, P912, DOI [10.1016/S0140-6736(20)30460-8., 10.1016/S0140-6736(20)30460-8]",DOI:10.1016/j.childyouth.2016.10.016,3
DOI:10.1001/jamapediatrics.2020.1619,DOI:10.1002/jcop.22453,4
DOI:10.1001/jamapediatrics.2020.1619,DOI:10.1007/s00787-021-01744-3,6
DOI:10.1001/jamapediatrics.2020.1619,DOI:10.1007/s10802-021-00821-0,4
DOI:10.1001/jamapediatrics.2020.1619,DOI:10.1016/j.childyouth.2020.105277,12
DOI:10.1001/jamapediatrics.2020.1619,DOI:10.1016/j.jaac.2020.06.007,4
DOI:10.1001/jamapediatrics.2020.1619,DOI:10.1016/j.jad.2020.10.016,11
DOI:10.1001/jamapediatrics.2020.1619,DOI:10.1016/j.worlddev.2020.105225,3
DOI:10.1001/jamapediatrics.2020.1619,DOI:10.1016/s2215-0366(20)30203-0,4
DOI:10.1001/jamapediatrics.2020.1619,DOI:10.1016/s2352-4642(20)30186-3,10
DOI:10.1001/jamapediatrics.2020.1619,DOI:10.1037/cbs0000215,10
DOI:10.1001/jamapediatrics.2020.1619,DOI:10.1111/jcpp.13382,3
DOI:10.1001/jamapediatrics.2020.1619,"LI SY, 2021, ELECTRON J QUAL THEO, P1, DOI [10.14232/EJQTDE.2021.1.64, 10.1007/S00787-021-01790-X]",4
DOI:10.1001/jamapediatrics.2020.1619,DOI:10.1001/jamapediatrics.2020.1456,14
DOI:10.1001/jamapediatrics.2020.1619,DOI:10.1016/s0140-6736(20)30547-x,18
DOI:10.1001/jamapediatrics.2020.1619,DOI:10.1016/s2352-4642(20)30095-x,4
DOI:10.1001/jamapediatrics.2020.1619,DOI:10.1017/dmp.2013.22,13
DOI:10.1001/jamapediatrics.2020.1619,DOI:10.1016/j.jadohealth.2020.09.039,3
DOI:10.1001/jamapediatrics.2020.1619,DOI:10.1016/j.psychres.2020.113143,4
DOI:10.1001/jamapediatrics.2020.1619,DOI:10.1016/s2215-0366(20)30237-6,4
DOI:10.1001/jamapediatrics.2020.1619,DOI:10.1017/s0033291720005358,4
DOI:10.1001/jamapediatrics.2020.1619,DOI:10.1111/jcv2.12009,3
DOI:10.1001/jamapediatrics.2020.1619,DOI:10.1136/archdischild-2020-320372,7
DOI:10.1001/jamapediatrics.2020.1619,DOI:10.3390/healthcare8040472,3
DOI:10.1001/jamapediatrics.2020.1619,"WIDNALL E., 2020, YOUNG PEOPLES MENTAL HEALTH DURING THE COVID-19 PANDEMIC",4
DOI:10.1001/jamapediatrics.2020.1619,DOI:10.1016/j.tics.2020.05.001,3
DOI:10.1001/jamapediatrics.2020.1619,DOI:10.1186/s12889-020-09429-3,3
DOI:10.1001/jamapediatrics.2020.1619,DOI:10.1016/j.jpeds.2020.03.013,28
DOI:10.1001/jamapediatrics.2020.1619,DOI:10.1371/journal.pone.0213700,5
DOI:10.1001/jamapediatrics.2020.1619,DOI:10.1542/peds.2020-007294,12
DOI:10.1001/jamapediatrics.2020.1619,DOI:10.1542/peds.2020-016824,11
DOI:10.1001/jamapediatrics.2020.1619,DOI:10.3389/fpsyg.2020.579038,11
DOI:10.1001/jamapediatrics.2020.1619,DOI:10.3390/ijerph17197327,9
DOI:10.1001/jamapediatrics.2020.1619,DOI:10.1007/s00787-020-01541-4,37
DOI:10.1001/jamapediatrics.2020.1619,DOI:10.1007/s00787-020-01631-3,3
DOI:10.1001/jamapediatrics.2020.1619,DOI:10.1007/s10578-020-01037-x,4
DOI:10.1001/jamapediatrics.2020.1619,DOI:10.1016/j.jad.2020.06.029,23
DOI:10.1001/jamapediatrics.2020.1619,DOI:10.1016/j.sleep.2020.06.001,3
DOI:10.1001/jamapediatrics.2020.1619,DOI:10.1056/nejmp2008017,4
DOI:10.1001/jamapediatrics.2020.1619,DOI:10.1111/appy.12406,5
DOI:10.1001/jamapediatrics.2020.1619,DOI:10.1111/pcn.13102,4
DOI:10.1001/jamapediatrics.2020.1619,DOI:10.1186/s12992-020-00601-3,4
DOI:10.1001/jamapediatrics.2020.1619,DOI:10.1186/s12992-020-00627-7,5
DOI:10.1001/jamapediatrics.2020.1619,DOI:10.31234/osf.io/hn7us,3
DOI:10.1001/jamapediatrics.2020.1619,DOI:10.1016/j.jad.2020.10.008,5
DOI:10.1001/jamapediatrics.2020.1619,DOI:10.1016/j.jad.2021.03.009,4
DOI:10.1001/jamapediatrics.2020.1619,DOI:10.1016/j.jbi.2008.08.010,3
DOI:10.1001/jamapediatrics.2020.1619,DOI:10.1177/1073191120918929,3
DOI:10.1001/jamapediatrics.2020.1619,DOI:10.3390/ijerph17051729,9
DOI:10.1001/jamapediatrics.2020.1619,DOI:10.3390/ijerph17228297,4
DOI:10.1001/jamapediatrics.2020.1619,DOI:10.1001/jamapediatrics.2021.2482,12
DOI:10.1001/jamapediatrics.2020.1619,DOI:10.1007/s00787-021-01889-1,4
DOI:10.1001/jamapediatrics.2020.1619,DOI:10.1007/s10578-020-01089-z,4
DOI:10.1001/jamapediatrics.2020.1619,DOI:10.1016/j.jadohealth.2020.05.004,9
DOI:10.1001/jamapediatrics.2020.1619,DOI:10.1016/j.pnpbp.2020.110171,5
DOI:10.1001/jamapediatrics.2020.1619,DOI:10.1016/j.psychres.2020.113070,9
DOI:10.1001/jamapediatrics.2020.1619,DOI:10.1016/s0140-6736(20)30460-8,6
DOI:10.1001/jamapediatrics.2020.1619,DOI:10.1089/cyber.2020.0478,3
DOI:10.1001/jamapediatrics.2020.1619,DOI:10.1097/00004583-199704000-00018,3
DOI:10.1001/jamapediatrics.2020.1619,DOI:10.1111/jsr.13142,3
DOI:10.1001/jamapediatrics.2020.1619,DOI:10.1186/s12992-021-00693-5,4
DOI:10.1001/jamapediatrics.2020.1619,DOI:10.1186/s13034-020-00329-3,17
DOI:10.1001/jamapediatrics.2020.1619,DOI:10.3390/brainsci10060341,6
DOI:10.1001/jamapediatrics.2020.1619,DOI:10.3390/ijerph18073432,8
DOI:10.1001/jamapediatrics.2020.1619,DOI:10.1037/amp0000660,7
DOI:10.1001/jamapediatrics.2020.1619,DOI:10.1016/j.ajp.2020.102077,3
DOI:10.1001/jamapediatrics.2020.1619,DOI:10.1016/s2352-4642(20)30097-3,7
DOI:10.1001/jamapediatrics.2020.1619,DOI:10.1016/j.jad.2020.08.001,5
DOI:10.1001/jamapediatrics.2020.1619,DOI:10.3928/19382359-20200922-05,3
DOI:10.1001/jamapediatrics.2020.1619,DOI:10.1016/j.encep.2020.05.011,4
DOI:10.1001/jamapediatrics.2020.1619,DOI:10.1016/j.ijdrr.2020.101845,8
DOI:10.1001/jamapediatrics.2020.1619,DOI:10.1016/j.jadohealth.2021.01.011,3
DOI:10.1001/jamapediatrics.2020.1619,DOI:10.1038/s41398-021-01271-4,4
DOI:10.1001/jamapediatrics.2020.1619,DOI:10.1038/s41598-021-91299-9,3
DOI:10.1001/jamapediatrics.2020.1619,DOI:10.1111/cch.12816,3
DOI:10.1001/jamapediatrics.2020.1619,DOI:10.1111/cob.12412,3
DOI:10.1001/jamapediatrics.2020.1619,DOI:10.1177/0706743720940562,3
DOI:10.1001/jamapediatrics.2020.1619,DOI:10.1186/s12887-021-02550-1,5
DOI:10.1001/jamapediatrics.2020.1619,DOI:10.12688/f1000research.24457.1,3
DOI:10.1001/jamapediatrics.2020.1619,DOI:10.23736/s0026-4946.20.05887-9,3
DOI:10.1001/jamapediatrics.2020.1619,DOI:10.2991/jegh.k.200908.001,4
DOI:10.1001/jamapediatrics.2020.1619,DOI:10.3390/ijerph17207666,3
DOI:10.1001/jamapediatrics.2020.1619,DOI:10.3390/ijerph18094668,3
DOI:10.1001/jamapediatrics.2020.1619,DOI:10.1542/peds.2020-029280,5
DOI:10.1001/jamapediatrics.2020.1619,DOI:10.1016/s0140-6736(21)02143-7,3
DOI:10.1001/jamapediatrics.2020.1619,DOI:10.1111/jcpp.13490,3
DOI:10.1001/jamapediatrics.2020.1619,DOI:10.1016/s2352-4642(20)30096-1,7
DOI:10.1001/jamapediatrics.2020.1619,DOI:10.1097/00004583-199910000-00011,3
DOI:10.1001/jamapediatrics.2020.1619,DOI:10.1016/j.psychres.2020.112934,4
DOI:10.1001/jamapediatrics.2020.1619,DOI:10.1146/annurev.psych.57.102904.190124,3
DOI:10.1001/jamapediatrics.2020.1619,DOI:10.1016/j.psychres.2020.113560,3
DOI:10.1001/jamapediatrics.2020.1619,DOI:10.3389/fpsyg.2020.01713,3
DOI:10.1001/jamapediatrics.2020.1619,DOI:10.3389/fpsyg.2020.01952,3
DOI:10.1001/jamapediatrics.2020.1619,DOI:10.3389/fpsyt.2020.570164,3
DOI:10.1001/jamapediatrics.2020.1619,DOI:10.3390/children7090128,3
DOI:10.1001/jamapediatrics.2020.1619,DOI:10.1007/s00787-020-01583-8,5
DOI:10.1001/jamapediatrics.2020.1619,DOI:10.1186/s12966-017-0555-2,5
DOI:10.1001/jamapediatrics.2020.1619,DOI:10.1016/j.psychres.2020.112992,3
DOI:10.1001/jamapediatrics.2020.1619,DOI:10.1186/s40249-020-00678-3,5
DOI:10.1001/jamapediatrics.2020.1619,DOI:10.1002/hec.3885,4
DOI:10.1001/jamapediatrics.2020.1619,DOI:10.1016/j.childyouth.2016.10.016,3
DOI:10.1001/jamapediatrics.2020.1619,DOI:10.1136/bmjopen-2020-042871,3
DOI:10.1001/jamapediatrics.2020.1619,DOI:10.1016/j.jad.2021.09.098,3
DOI:10.1001/jamapediatrics.2020.1619,DOI:10.1016/j.pcad.2020.04.013,3
DOI:10.1001/jamapediatrics.2020.1619,DOI:10.1016/j.psychres.2020.113172,3
DOI:10.1001/jamapediatrics.2020.1619,DOI:10.1016/j.psychres.2020.113190,3
DOI:10.1001/jamapediatrics.2020.1619,DOI:10.1093/tropej/fmaa122,3
DOI:10.1001/jamapediatrics.2020.1619,DOI:10.1136/gpsych-2020-100213,3
DOI:10.1001/jamapediatrics.2020.1619,DOI:10.1016/j.jad.2021.09.052,3
DOI:10.1001/jamapediatrics.2020.1619,DOI:10.3389/fpubh.2021.793868,3
DOI:10.1001/jamapediatrics.2020.1619,"BUZZI C, 2020, ITAL J PEDIATR, V46, DOI [10.1186/S13052-020-00833-4, 10.1186/S13052-020-00833]",4
DOI:10.1001/jamapediatrics.2020.1619,DOI:10.1001/jamapediatrics.2020.1876,3
DOI:10.1001/jamapediatrics.2020.1619,DOI:10.1111/jcpp.13278,3
DOI:10.1001/jamapediatrics.2020.1619,DOI:10.1001/jamapediatrics.2021.5840,4
DOI:10.1001/jamapediatrics.2020.1619,DOI:10.1016/j.jad.2021.06.021,5
DOI:10.1001/jamapediatrics.2020.1619,DOI:10.3238/arztebl.2020.0828,3
DOI:10.1001/jamapediatrics.2020.1619,DOI:10.1016/j.bbi.2020.05.048,4
DOI:10.1001/jamapediatrics.2020.1619,DOI:10.1017/s003329172000241x,3
DOI:10.1001/jamapediatrics.2020.1619,DOI:10.1016/j.chiabu.2020.104699,4
DOI:10.1001/jamapediatrics.2020.1619,DOI:10.1111/camh.12501,3
DOI:10.1001/jamapediatrics.2020.1619,DOI:10.1111/jir.12769,4
DOI:10.1001/jamapediatrics.2020.1619,DOI:10.1007/s11136-021-02861-x,4
DOI:10.1001/jamapediatrics.2020.1619,DOI:10.1007/s12144-020-01191-4,3
DOI:10.1001/jamapediatrics.2020.1619,DOI:10.1016/j.jadohealth.2020.07.001,3
DOI:10.1001/jamapediatrics.2020.1619,DOI:10.1177/00048674221090174,3
DOI:10.1001/jamapediatrics.2020.1619,"PAPPA S, 2020, BRAIN BEHAV IMMUN, V88, P901, DOI [10.1016/J.BBI.2020.05.026, 10.1016/J.BBI.2020.11.023]",3
DOI:10.1001/jamapediatrics.2020.1619,DOI:10.1016/j.chiabu.2020.104680,3
DOI:10.1001/jamapediatrics.2020.1619,DOI:10.1016/j.psychres.2020.112954,3
DOI:10.1001/jamapediatrics.2020.1619,DOI:10.1016/s2352-4642(20)30110-3,3
DOI:10.1001/jamapediatrics.2020.1619,DOI:10.1007/s00787-020-01630-4,3
DOI:10.1001/jamapediatrics.2020.1619,DOI:10.3390/ijerph17093165,3
DOI:10.1002/jcop.22453,DOI:10.1007/s10802-021-00821-0,3
DOI:10.1002/jcop.22453,DOI:10.1016/j.jad.2020.10.016,3
DOI:10.1002/jcop.22453,DOI:10.1016/s2352-4642(20)30186-3,3
DOI:10.1002/jcop.22453,DOI:10.1037/cbs0000215,3
DOI:10.1002/jcop.22453,DOI:10.1016/j.ijdrr.2020.101845,5
DOI:10.1002/jcop.22453,DOI:10.1016/j.pnpbp.2020.110171,3
DOI:10.1002/jcop.22453,DOI:10.1186/s13034-020-00329-3,6
DOI:10.1002/jcop.22453,DOI:10.1186/s43045-020-00075-4,3
DOI:10.1002/jcop.22453,DOI:10.1016/j.jadohealth.2020.09.039,3
DOI:10.1002/jcop.22453,DOI:10.1017/s003329172000241x,3
DOI:10.1002/jcop.22453,DOI:10.3390/ijerph18031062,3
DOI:10.1002/jcop.22453,DOI:10.12669/pjms.36.covid19-s4.2759,3
DOI:10.1002/jcop.22453,DOI:10.1007/s00787-020-01541-4,3
DOI:10.1007/s00787-009-0059-y,DOI:10.1037/0882-7974.21.1.140,4
DOI:10.1007/s00787-009-0059-y,DOI:10.1007/bf02088307,3
DOI:10.1007/s00787-009-0059-y,DOI:10.1017/s0954579409000261,3
DOI:10.1007/s00787-009-0059-y,DOI:10.1177/0265407514567837,3
DOI:10.1007/s00787-009-0059-y,DOI:10.1521/jscp.1990.9.2.221,3
DOI:10.1007/s00787-009-0059-y,DOI:10.1037/0003-066x.41.2.229,3
DOI:10.1007/s00787-009-0059-y,DOI:10.1037/dev0000719,3
DOI:10.1007/s00787-009-0059-y,DOI:10.1177/1403494819865429,3
DOI:10.1007/s00787-009-0059-y,DOI:10.1016/j.jpeds.2020.03.013,3
DOI:10.1007/s00787-009-0059-y,DOI:10.1016/s0140-6736(20)30460-8,3
DOI:10.1007/s00787-021-01744-3,DOI:10.1016/j.bbi.2020.04.028,3
DOI:10.1007/s00787-021-01744-3,DOI:10.1016/j.childyouth.2020.105277,4
DOI:10.1007/s00787-021-01744-3,DOI:10.1016/j.jad.2020.10.016,5
DOI:10.1007/s00787-021-01744-3,DOI:10.1037/cbs0000215,5
DOI:10.1007/s00787-021-01744-3,DOI:10.1111/jcpp.13382,5
DOI:10.1007/s00787-021-01744-3,"LI SY, 2021, ELECTRON J QUAL THEO, P1, DOI [10.14232/EJQTDE.2021.1.64, 10.1007/S00787-021-01790-X]",4
DOI:10.1007/s00787-021-01744-3,DOI:10.1001/jamapediatrics.2021.2482,10
DOI:10.1007/s00787-021-01744-3,DOI:10.1016/s0140-6736(20)30460-8,3
DOI:10.1007/s00787-021-01744-3,DOI:10.1016/s2215-0366(21)00156-5,5
DOI:10.1007/s00787-021-01744-3,DOI:10.3390/ijerph18073432,4
DOI:10.1007/s00787-021-01744-3,DOI:10.1007/s00787-020-01541-4,12
DOI:10.1007/s00787-021-01744-3,DOI:10.1016/j.ijdrr.2020.101845,5
DOI:10.1007/s00787-021-01744-3,DOI:10.1016/j.jaac.2020.12.027,4
DOI:10.1007/s00787-021-01744-3,DOI:10.1016/j.jad.2020.06.029,5
DOI:10.1007/s00787-021-01744-3,DOI:10.1016/j.jpeds.2020.03.013,8
DOI:10.1007/s00787-021-01744-3,DOI:10.1111/jcv2.12009,3
DOI:10.1007/s00787-021-01744-3,DOI:10.1136/bmjopen-2020-042871,4
DOI:10.1007/s00787-021-01744-3,DOI:10.1186/s13034-020-00329-3,8
DOI:10.1007/s00787-021-01744-3,DOI:10.1542/peds.2020-016824,6
DOI:10.1007/s00787-021-01744-3,"WIDNALL E., 2020, YOUNG PEOPLES MENTAL HEALTH DURING THE COVID-19 PANDEMIC",3
DOI:10.1007/s00787-021-01744-3,DOI:10.1007/s00787-021-01739-0,3
DOI:10.1007/s00787-021-01744-3,DOI:10.1111/jcpp.13490,4
DOI:10.1007/s00787-021-01744-3,DOI:10.1111/camh.12501,5
DOI:10.1007/s00787-021-01744-3,DOI:10.1177/0706743720940562,6
DOI:10.1007/s00787-021-01744-3,DOI:10.1016/j.ajp.2020.102077,3
DOI:10.1007/s00787-021-01744-3,DOI:10.1016/j.jadohealth.2020.08.026,3
DOI:10.1007/s00787-021-01744-3,DOI:10.1111/appy.12406,3
DOI:10.1007/s00787-021-01744-3,DOI:10.1177/20503121221086712,3
DOI:10.1007/s00787-021-01744-3,DOI:10.1186/s12887-021-02550-1,3
DOI:10.1007/s00787-021-01744-3,DOI:10.3390/brainsci10060341,5
DOI:10.1007/s00787-021-01744-3,DOI:10.3390/ijerph18031062,4
DOI:10.1007/s00787-021-01744-3,DOI:10.1001/jamapediatrics.2020.1456,7
DOI:10.1007/s00787-021-01744-3,DOI:10.1007/s00787-020-01578-5,6
DOI:10.1007/s00787-021-01744-3,DOI:10.1007/s00787-020-01583-8,4
DOI:10.1007/s00787-021-01744-3,DOI:10.1111/jpc.15285,3
DOI:10.1007/s00787-021-01744-3,DOI:10.15585/mmwr.mm6945a3,4
DOI:10.1007/s00787-021-01744-3,DOI:10.1016/j.jad.2008.06.026,3
DOI:10.1007/s00787-021-01744-3,DOI:10.1037/amp0000660,4
DOI:10.1007/s00787-021-01744-3,DOI:10.1186/s12966-020-00987-8,4
DOI:10.1007/s00787-021-01744-3,DOI:10.1542/peds.2020-007294,3
DOI:10.1007/s00787-021-01744-3,DOI:10.3390/ijerph17197327,3
DOI:10.1007/s00787-021-01744-3,DOI:10.3389/fpsyg.2020.579038,3
DOI:10.1007/s00787-021-01744-3,DOI:10.1002/jcv2.12027,3
DOI:10.1007/s00787-021-01744-3,DOI:10.1007/s00787-021-01856-w,7
DOI:10.1007/s00787-021-01744-3,DOI:10.1016/j.encep.2020.05.011,3
DOI:10.1007/s00787-021-01744-3,DOI:10.1016/j.jad.2021.06.021,5
DOI:10.1007/s00787-021-01744-3,DOI:10.3390/ijerph18094668,3
DOI:10.1007/s00787-021-01744-3,DOI:10.1016/j.genhosppsych.2015.11.005,4
DOI:10.1007/s00787-021-01744-3,DOI:10.3390/ijerph17207666,3
DOI:10.1007/s00787-021-01744-3,DOI:10.1093/tropej/fmaa122,3
DOI:10.1007/s00787-021-01744-3,DOI:10.2991/jegh.k.200908.001,3
DOI:10.1007/s00787-021-01744-3,DOI:10.1136/archdischild-2020-320372,5
DOI:10.1007/s00787-021-01744-3,DOI:10.1007/s00787-022-01991-y,3
DOI:10.1007/s00787-021-01744-3,DOI:10.1007/s00787-022-02060-0,6
DOI:10.1007/s00787-021-01744-3,DOI:10.1007/s00787-021-01934-z,3
DOI:10.1007/s00787-021-01744-3,DOI:10.1007/s00787-023-02206-8,3
DOI:10.1007/s00787-021-01744-3,DOI:10.1038/s41562-021-01079-8,3
DOI:10.1007/s00787-021-01744-3,"VAN BUUREN S, 2011, J STAT SOFTW, V45, P1",3
DOI:10.1007/s00787-021-01744-3,DOI:10.1001/jamanetworkopen.2020.19686,3
DOI:10.1007/s00787-021-01744-3,DOI:10.1007/s00787-021-01889-1,3
DOI:10.1007/s00787-021-01744-3,DOI:10.1001/jamapediatrics.2021.6298,6
DOI:10.1007/s00787-021-01744-3,DOI:10.1097/00005650-200410000-00004,4
DOI:10.1007/s10802-010-9434-x,DOI:10.1001/jamapediatrics.2021.2482,4
DOI:10.1007/s10802-010-9434-x,DOI:10.1186/s13034-020-00329-3,3
DOI:10.1007/s10802-021-00821-0,DOI:10.1016/j.jad.2020.10.016,4
DOI:10.1007/s10802-021-00821-0,DOI:10.1016/s2352-4642(20)30186-3,7
DOI:10.1007/s10802-021-00821-0,DOI:10.1037/cbs0000215,4
DOI:10.1007/s10802-021-00821-0,DOI:10.1111/jcpp.13382,4
DOI:10.1007/s10802-021-00821-0,DOI:10.1007/s00787-021-01843-1,3
DOI:10.1007/s10802-021-00821-0,DOI:10.1016/j.neuron.2021.07.027,3
DOI:10.1007/s10802-021-00821-0,DOI:10.1016/j.jaac.2020.12.027,5
DOI:10.1007/s10802-021-00821-0,DOI:10.1016/j.jadohealth.2020.09.039,5
DOI:10.1007/s10802-021-00821-0,DOI:10.1016/j.psychres.2020.113143,3
DOI:10.1007/s10802-021-00821-0,DOI:10.1016/j.psychres.2021.113778,3
DOI:10.1007/s10802-021-00821-0,DOI:10.1016/s2352-4642(21)00177-2,3
DOI:10.1007/s10802-021-00821-0,DOI:10.1017/s0033291720005358,4
DOI:10.1007/s10802-021-00821-0,DOI:10.1111/jcv2.12009,3
DOI:10.1007/s10802-021-00821-0,DOI:10.1136/archdischild-2020-320372,3
DOI:10.1007/s10802-021-00821-0,DOI:10.1186/s13034-020-00329-3,4
DOI:10.1007/s10802-021-00821-0,DOI:10.1016/j.jadohealth.2021.04.005,3
DOI:10.1007/s10802-021-00821-0,DOI:10.1016/s2215-0366(21)00156-5,3
DOI:10.1007/s10802-021-00821-0,DOI:10.1371/journal.pone.0255294,3
DOI:10.1007/s10802-021-00821-0,DOI:10.3390/ijerph18073432,3
DOI:10.1007/s10802-021-00821-0,DOI:10.1001/jamapediatrics.2021.2482,3
DOI:10.1007/s10802-021-00821-0,DOI:10.1016/j.jad.2021.06.021,3
DOI:10.1007/s10802-021-00821-0,DOI:10.1016/j.lanepe.2021.100093,3
DOI:10.1007/s10802-021-00821-0,DOI:10.1016/j.ssmph.2021.100942,3
DOI:10.1007/s10802-021-00821-0,DOI:10.3390/ijerph18094668,3
DOI:10.1007/s10802-021-00821-0,DOI:10.1016/j.jad.2020.06.029,4
DOI:10.1007/s10802-021-00821-0,DOI:10.1016/j.jadohealth.2020.05.004,3
DOI:10.1007/s10802-021-00821-0,DOI:10.3389/fpsyg.2020.577763,3
DOI:10.1016/j.bbi.2020.04.028,DOI:10.1016/s2352-4642(20)30186-3,3
DOI:10.1016/j.bbi.2020.04.028,DOI:10.1037/cbs0000215,3
DOI:10.1016/j.bbi.2020.04.028,DOI:10.1016/j.jpeds.2020.03.013,5
DOI:10.1016/j.bbi.2020.04.028,DOI:10.1007/s00787-020-01541-4,5
DOI:10.1016/j.bbi.2020.04.028,DOI:10.1016/j.jadohealth.2020.05.004,3
DOI:10.1016/j.bbi.2020.04.028,DOI:10.1186/s13034-020-00329-3,4
DOI:10.1016/j.childyouth.2020.105277,DOI:10.1016/j.jad.2020.10.016,12
DOI:10.1016/j.childyouth.2020.105277,DOI:10.1016/j.worlddev.2020.105225,4
DOI:10.1016/j.childyouth.2020.105277,DOI:10.1016/s2352-4642(20)30186-3,4
DOI:10.1016/j.childyouth.2020.105277,DOI:10.1037/cbs0000215,7
DOI:10.1016/j.childyouth.2020.105277,"LI SY, 2021, ELECTRON J QUAL THEO, P1, DOI [10.14232/EJQTDE.2021.1.64, 10.1007/S00787-021-01790-X]",3
DOI:10.1016/j.childyouth.2020.105277,DOI:10.1016/s2352-4642(20)30096-1,6
DOI:10.1016/j.childyouth.2020.105277,DOI:10.1016/s2352-4642(20)30097-3,3
DOI:10.1016/j.childyouth.2020.105277,DOI:10.1007/s10578-020-01037-x,3
DOI:10.1016/j.childyouth.2020.105277,DOI:10.1016/j.chiabu.2020.104680,3
DOI:10.1016/j.childyouth.2020.105277,DOI:10.1016/j.ijdrr.2020.101845,4
DOI:10.1016/j.childyouth.2020.105277,DOI:10.3389/fpsyg.2020.01713,4
DOI:10.1016/j.childyouth.2020.105277,DOI:10.1016/j.jpeds.2020.03.013,9
DOI:10.1016/j.childyouth.2020.105277,DOI:10.1371/journal.pone.0213700,3
DOI:10.1016/j.childyouth.2020.105277,DOI:10.1542/peds.2020-007294,7
DOI:10.1016/j.childyouth.2020.105277,DOI:10.1542/peds.2020-016824,9
DOI:10.1016/j.childyouth.2020.105277,DOI:10.3389/fpsyg.2020.579038,7
DOI:10.1016/j.childyouth.2020.105277,DOI:10.3390/ijerph17197327,6
DOI:10.1016/j.childyouth.2020.105277,DOI:10.1007/s00787-020-01541-4,13
DOI:10.1016/j.childyouth.2020.105277,DOI:10.1007/s00787-020-01631-3,4
DOI:10.1016/j.childyouth.2020.105277,DOI:10.1016/j.jad.2020.06.029,13
DOI:10.1016/j.childyouth.2020.105277,DOI:10.1016/j.sleep.2020.06.001,3
DOI:10.1016/j.childyouth.2020.105277,DOI:10.1111/appy.12406,4
DOI:10.1016/j.childyouth.2020.105277,DOI:10.1186/s12992-020-00601-3,4
DOI:10.1016/j.childyouth.2020.105277,DOI:10.1186/s12992-020-00627-7,6
DOI:10.1016/j.childyouth.2020.105277,DOI:10.1016/j.jaac.2020.12.027,3
DOI:10.1016/j.childyouth.2020.105277,DOI:10.1016/j.psychres.2020.113560,3
DOI:10.1016/j.childyouth.2020.105277,DOI:10.1016/j.jadohealth.2020.05.004,4
DOI:10.1016/j.childyouth.2020.105277,DOI:10.1016/j.jadohealth.2020.08.026,3
DOI:10.1016/j.childyouth.2020.105277,DOI:10.1016/j.jadohealth.2020.09.039,3
DOI:10.1016/j.childyouth.2020.105277,DOI:10.1016/s0140-6736(20)30547-x,4
DOI:10.1016/j.childyouth.2020.105277,DOI:10.1111/cch.12816,3
DOI:10.1016/j.childyouth.2020.105277,DOI:10.1177/0706743720940562,3
DOI:10.1016/j.childyouth.2020.105277,DOI:10.2991/jegh.k.200908.001,3
DOI:10.1016/j.childyouth.2020.105277,DOI:10.3390/ijerph17228297,4
DOI:10.1016/j.childyouth.2020.105277,DOI:10.3390/ijerph18073432,3
DOI:10.1016/j.childyouth.2020.105277,DOI:10.1017/dmp.2013.22,3
DOI:10.1016/j.childyouth.2020.105277,DOI:10.1186/s13034-020-00329-3,6
DOI:10.1016/j.childyouth.2020.105277,DOI:10.1542/peds.2020-029280,3
DOI:10.1016/j.childyouth.2020.105277,DOI:10.1016/j.jad.2020.10.008,3
DOI:10.1016/j.childyouth.2020.105277,DOI:10.3390/ijerph17196975,4
DOI:10.1016/j.childyouth.2020.105277,DOI:10.1093/tropej/fmaa122,3
DOI:10.1016/j.childyouth.2020.105277,DOI:10.1016/j.psychres.2020.113070,3
DOI:10.1016/j.childyouth.2020.105277,DOI:10.3389/fpsyt.2020.00751,4
DOI:10.1016/j.childyouth.2020.105277,DOI:10.1016/j.jadohealth.2020.07.001,3
DOI:10.1016/j.childyouth.2020.105277,DOI:10.1001/jamapediatrics.2021.2482,4
DOI:10.1016/j.childyouth.2020.105277,DOI:10.1007/s12144-020-01191-4,4
DOI:10.1016/j.childyouth.2020.105277,DOI:10.3389/fpsyg.2020.586074,3
DOI:10.1016/j.childyouth.2020.105277,DOI:10.1007/s10578-020-01089-z,3
DOI:10.1016/j.childyouth.2020.105277,DOI:10.1016/s2214-109x(20)30238-2,3
DOI:10.1016/j.jaac.2020.06.007,DOI:10.1016/j.worlddev.2020.105225,3
DOI:10.1016/j.jaac.2020.06.007,DOI:10.1016/s0140-6736(20)30547-x,3
DOI:10.1016/j.jaac.2020.06.007,DOI:10.1017/dmp.2013.22,3
DOI:10.1016/j.jad.2020.10.016,DOI:10.1016/j.worlddev.2020.105225,5
DOI:10.1016/j.jad.2020.10.016,DOI:10.1016/s2352-4642(20)30186-3,4
DOI:10.1016/j.jad.2020.10.016,DOI:10.1037/cbs0000215,11
DOI:10.1016/j.jad.2020.10.016,"LI SY, 2021, ELECTRON J QUAL THEO, P1, DOI [10.14232/EJQTDE.2021.1.64, 10.1007/S00787-021-01790-X]",3
DOI:10.1016/j.jad.2020.10.016,DOI:10.1002/eat.23374,3
DOI:10.1016/j.jad.2020.10.016,DOI:10.1007/s00787-020-01541-4,16
DOI:10.1016/j.jad.2020.10.016,DOI:10.1007/s00787-021-01856-w,6
DOI:10.1016/j.jad.2020.10.016,DOI:10.1016/j.ijchp.2020.100218,4
DOI:10.1016/j.jad.2020.10.016,DOI:10.1016/j.jad.2021.06.021,5
DOI:10.1016/j.jad.2020.10.016,DOI:10.1016/j.jadohealth.2020.08.026,10
DOI:10.1016/j.jad.2020.10.016,DOI:10.1016/j.psychres.2020.113560,5
DOI:10.1016/j.jad.2020.10.016,DOI:10.1016/j.sleep.2020.06.001,4
DOI:10.1016/j.jad.2020.10.016,DOI:10.1016/s2352-4642(20)30097-3,4
DOI:10.1016/j.jad.2020.10.016,DOI:10.1038/s41398-021-01271-4,5
DOI:10.1016/j.jad.2020.10.016,DOI:10.1111/camh.12501,7
DOI:10.1016/j.jad.2020.10.016,DOI:10.3389/fped.2020.628072,3
DOI:10.1016/j.jad.2020.10.016,DOI:10.3390/ijerph18094977,3
DOI:10.1016/j.jad.2020.10.016,DOI:10.1007/s10578-020-01037-x,3
DOI:10.1016/j.jad.2020.10.016,DOI:10.1016/0005-7967(94)00075-u,3
DOI:10.1016/j.jad.2020.10.016,DOI:10.1016/j.chiabu.2020.104680,5
DOI:10.1016/j.jad.2020.10.016,DOI:10.1016/j.chiabu.2020.104699,4
DOI:10.1016/j.jad.2020.10.016,DOI:10.1016/j.ijdrr.2020.101845,6
DOI:10.1016/j.jad.2020.10.016,DOI:10.3389/fpsyg.2020.01713,4
DOI:10.1016/j.jad.2020.10.016,DOI:10.1001/jamapediatrics.2021.2482,9
DOI:10.1016/j.jad.2020.10.016,DOI:10.1001/jamapediatrics.2021.5840,3
DOI:10.1016/j.jad.2020.10.016,DOI:10.1007/s10578-021-01297-1,4
DOI:10.1016/j.jad.2020.10.016,DOI:10.1177/20503121221086712,4
DOI:10.1016/j.jad.2020.10.016,DOI:10.1016/j.jaac.2020.12.027,4
DOI:10.1016/j.jad.2020.10.016,DOI:10.1016/j.jad.2020.06.029,14
DOI:10.1016/j.jad.2020.10.016,DOI:10.1016/j.jad.2021.03.009,4
DOI:10.1016/j.jad.2020.10.016,DOI:10.1037/amp0000660,5
DOI:10.1016/j.jad.2020.10.016,DOI:10.1542/peds.2020-016824,5
DOI:10.1016/j.jad.2020.10.016,DOI:10.3390/brainsci10060341,3
DOI:10.1016/j.jad.2020.10.016,DOI:10.1016/j.jadohealth.2020.09.039,6
DOI:10.1016/j.jad.2020.10.016,DOI:10.1186/s13034-020-00329-3,7
DOI:10.1016/j.jad.2020.10.016,DOI:10.12669/pjms.36.covid19-s4.2759,4
DOI:10.1016/j.jad.2020.10.016,DOI:10.3390/ijerph17051729,3
DOI:10.1016/j.jad.2020.10.016,DOI:10.1001/jama.2013.281053,3
DOI:10.1016/j.jad.2020.10.016,DOI:10.1542/peds.2020-007294,4
DOI:10.1016/j.jad.2020.10.016,DOI:10.1001/jamapediatrics.2020.5499,3
DOI:10.1016/j.jad.2020.10.016,DOI:10.1016/j.jad.2020.08.001,3
DOI:10.1016/j.jad.2020.10.016,DOI:10.1016/j.jadohealth.2020.05.004,6
DOI:10.1016/j.jad.2020.10.016,DOI:10.1016/s0140-6736(20)30547-x,6
DOI:10.1016/j.jad.2020.10.016,DOI:10.1038/s41598-021-91299-9,3
DOI:10.1016/j.jad.2020.10.016,DOI:10.1111/appy.12406,5
DOI:10.1016/j.jad.2020.10.016,DOI:10.1111/cch.12816,3
DOI:10.1016/j.jad.2020.10.016,DOI:10.1186/s12887-021-02550-1,4
DOI:10.1016/j.jad.2020.10.016,DOI:10.1186/s12992-020-00627-7,5
DOI:10.1016/j.jad.2020.10.016,DOI:10.1186/s12992-021-00693-5,3
DOI:10.1016/j.jad.2020.10.016,DOI:10.12688/f1000research.24457.1,4
DOI:10.1016/j.jad.2020.10.016,DOI:10.23736/s0026-4946.20.05887-9,3
DOI:10.1016/j.jad.2020.10.016,DOI:10.2991/jegh.k.200908.001,3
DOI:10.1016/j.jad.2020.10.016,DOI:10.3390/ijerph17197327,4
DOI:10.1016/j.jad.2020.10.016,DOI:10.3390/ijerph17207666,4
DOI:10.1016/j.jad.2020.10.016,DOI:10.3390/ijerph17228297,4
DOI:10.1016/j.jad.2020.10.016,DOI:10.3390/ijerph18073432,3
DOI:10.1016/j.jad.2020.10.016,DOI:10.3390/ijerph18094668,4
DOI:10.1016/j.jad.2020.10.016,DOI:10.1016/j.jadohealth.2020.06.002,4
DOI:10.1016/j.jad.2020.10.016,DOI:10.1016/j.jadohealth.2020.07.001,6
DOI:10.1016/j.jad.2020.10.016,DOI:10.1111/pcn.13102,3
DOI:10.1016/j.jad.2020.10.016,DOI:10.1016/j.ajp.2020.102066,3
DOI:10.1016/j.jad.2020.10.016,DOI:10.1016/j.jpeds.2020.03.013,6
DOI:10.1016/j.jad.2020.10.016,DOI:10.1016/s2352-4642(20)30096-1,3
DOI:10.1016/j.jad.2020.10.016,DOI:10.1542/peds.2020-029280,3
DOI:10.1016/j.jad.2020.10.016,DOI:10.1111/ijcp.14880,3
DOI:10.1016/j.jad.2020.10.016,DOI:10.1111/wvn.12566,4
DOI:10.1016/j.jad.2020.10.016,DOI:10.3389/fpsyg.2020.579038,4
DOI:10.1016/j.jad.2020.10.016,DOI:10.3389/fpsyt.2020.00751,4
DOI:10.1016/j.jad.2020.10.016,DOI:10.1016/j.jadohealth.2022.05.020,3
DOI:10.1016/j.jad.2020.10.016,DOI:10.3390/ijerph191811491,3
DOI:10.1016/j.jad.2020.10.016,DOI:10.1007/s00787-020-01631-3,3
DOI:10.1016/j.jad.2020.10.016,DOI:10.1007/s10803-020-04577-2,3
DOI:10.1016/j.jad.2020.10.016,DOI:10.1016/j.childyouth.2020.105595,3
DOI:10.1016/j.jad.2020.10.016,DOI:10.1016/j.jad.2020.10.008,3
DOI:10.1016/j.jad.2020.10.016,DOI:10.1089/cyber.2020.0478,5
DOI:10.1016/j.jad.2020.10.016,DOI:10.3390/ijerph17196975,3
DOI:10.1016/j.jad.2020.10.016,DOI:10.3238/arztebl.2020.0828,3
DOI:10.1016/j.jad.2020.10.016,DOI:10.1007/s00787-021-01889-1,3
DOI:10.1016/j.jad.2020.10.016,DOI:10.1016/j.pcad.2020.04.013,4
DOI:10.1016/j.jad.2020.10.016,DOI:10.1016/j.psychres.2020.113070,5
DOI:10.1016/j.jad.2020.10.016,DOI:10.1001/jamapediatrics.2020.1456,4
DOI:10.1016/j.jad.2020.10.016,DOI:10.1093/tropej/fmaa122,3
DOI:10.1016/j.jad.2020.10.016,DOI:10.1007/s12144-020-01191-4,5
DOI:10.1016/j.jad.2020.10.016,DOI:10.1016/j.jad.2020.12.113,3
DOI:10.1016/j.jad.2020.10.016,DOI:10.1186/s12992-020-00601-3,3
DOI:10.1016/j.jad.2020.10.016,DOI:10.21134/rpcna.2020.mon.2037,3
DOI:10.1016/j.jad.2020.10.016,DOI:10.3389/fpsyg.2020.586074,3
DOI:10.1016/j.jad.2020.10.016,DOI:10.1007/s10578-020-01089-z,3
DOI:10.1016/j.jad.2020.10.016,DOI:10.1016/s0140-6736(20)30460-8,3
DOI:10.1016/j.worlddev.2020.105225,DOI:10.1037/cbs0000215,6
DOI:10.1016/j.worlddev.2020.105225,DOI:10.1111/jcpp.13382,3
DOI:10.1016/j.worlddev.2020.105225,DOI:10.1089/cyber.2020.0478,4
DOI:10.1016/j.worlddev.2020.105225,DOI:10.1038/s41598-021-81720-8,3
DOI:10.1016/j.worlddev.2020.105225,DOI:10.1111/appy.12406,4
DOI:10.1016/j.worlddev.2020.105225,DOI:10.1186/s12992-020-00627-7,4
DOI:10.1016/j.worlddev.2020.105225,DOI:10.3389/fpsyg.2020.579038,3
DOI:10.1016/j.worlddev.2020.105225,DOI:10.3390/ijerph17197327,3
DOI:10.1016/j.worlddev.2020.105225,DOI:10.1007/s00787-020-01541-4,4
DOI:10.1016/j.worlddev.2020.105225,DOI:10.1136/archdischild-2020-320372,3
DOI:10.1016/j.worlddev.2020.105225,DOI:10.1007/s12144-020-01191-4,3
DOI:10.1016/j.worlddev.2020.105225,DOI:10.1016/j.jad.2020.06.029,3
DOI:10.1016/j.worlddev.2020.105225,DOI:10.1016/j.jadohealth.2020.07.001,3
DOI:10.1016/j.worlddev.2020.105225,DOI:10.1016/j.jadohealth.2020.08.026,3
DOI:10.1016/j.worlddev.2020.105225,DOI:10.3389/fpsyt.2020.00751,3
DOI:10.1016/s2215-0366(20)30203-0,DOI:10.1037/cbs0000215,3
DOI:10.1016/s2215-0366(20)30203-0,DOI:10.1007/s00787-020-01541-4,3
DOI:10.1016/s2352-4642(20)30186-3,DOI:10.1037/cbs0000215,12
DOI:10.1016/s2352-4642(20)30186-3,DOI:10.1111/jcpp.13382,4
DOI:10.1016/s2352-4642(20)30186-3,DOI:10.1186/1477-7525-5-63,3
DOI:10.1016/s2352-4642(20)30186-3,"LI SY, 2021, ELECTRON J QUAL THEO, P1, DOI [10.14232/EJQTDE.2021.1.64, 10.1007/S00787-021-01790-X]",4
DOI:10.1016/s2352-4642(20)30186-3,DOI:10.1016/j.jaac.2020.12.027,4
DOI:10.1016/s2352-4642(20)30186-3,DOI:10.1037/amp0000660,4
DOI:10.1016/s2352-4642(20)30186-3,DOI:10.1037/amp0000838,3
DOI:10.1016/s2352-4642(20)30186-3,DOI:10.1111/jora.12647,3
DOI:10.1016/s2352-4642(20)30186-3,DOI:10.1111/jora.12657,3
DOI:10.1016/s2352-4642(20)30186-3,DOI:10.1111/jora.12663,3
DOI:10.1016/s2352-4642(20)30186-3,DOI:10.1016/j.neuron.2021.07.027,4
DOI:10.1016/s2352-4642(20)30186-3,DOI:10.1089/cyber.2020.0478,4
DOI:10.1016/s2352-4642(20)30186-3,DOI:10.1111/jora.12666,3
DOI:10.1016/s2352-4642(20)30186-3,DOI:10.1001/jamapediatrics.2020.1456,6
DOI:10.1016/s2352-4642(20)30186-3,DOI:10.1001/jamapediatrics.2021.2482,5
DOI:10.1016/s2352-4642(20)30186-3,DOI:10.1001/jamapediatrics.2021.5840,5
DOI:10.1016/s2352-4642(20)30186-3,DOI:10.1016/s2214-109x(20)30116-9,3
DOI:10.1016/s2352-4642(20)30186-3,DOI:10.1016/s2352-4642(21)00177-2,7
DOI:10.1016/s2352-4642(20)30186-3,DOI:10.1016/s0140-6736(20)30460-8,4
DOI:10.1016/s2352-4642(20)30186-3,DOI:10.1016/s2215-0366(20)30237-6,5
DOI:10.1016/s2352-4642(20)30186-3,DOI:10.1016/s2352-4642(20)30095-x,3
DOI:10.1016/s2352-4642(20)30186-3,DOI:10.1016/j.jadohealth.2020.09.039,4
DOI:10.1016/s2352-4642(20)30186-3,DOI:10.1016/j.psychres.2020.113143,5
DOI:10.1016/s2352-4642(20)30186-3,DOI:10.1016/j.psychres.2021.113778,4
DOI:10.1016/s2352-4642(20)30186-3,DOI:10.1017/s0033291717000836,3
DOI:10.1016/s2352-4642(20)30186-3,DOI:10.1017/s0033291720005358,8
DOI:10.1016/s2352-4642(20)30186-3,DOI:10.1111/jcv2.12009,4
DOI:10.1016/s2352-4642(20)30186-3,DOI:10.1136/archdischild-2020-320372,7
DOI:10.1016/s2352-4642(20)30186-3,DOI:10.1177/0963721412471347,3
DOI:10.1016/s2352-4642(20)30186-3,DOI:10.3390/healthcare8040472,3
DOI:10.1016/s2352-4642(20)30186-3,"WIDNALL E., 2020, YOUNG PEOPLES MENTAL HEALTH DURING THE COVID-19 PANDEMIC",3
DOI:10.1016/s2352-4642(20)30186-3,DOI:10.1016/s0140-6736(21)02143-7,7
DOI:10.1016/s2352-4642(20)30186-3,DOI:10.3389/fpsyt.2021.692853,3
DOI:10.1016/s2352-4642(20)30186-3,DOI:10.1016/s2215-0366(21)00156-5,5
DOI:10.1016/s2352-4642(20)30186-3,DOI:10.1007/s00787-020-01541-4,11
DOI:10.1016/s2352-4642(20)30186-3,DOI:10.1016/j.jad.2020.06.029,7
DOI:10.1016/s2352-4642(20)30186-3,DOI:10.31234/osf.io/hn7us,5
DOI:10.1016/s2352-4642(20)30186-3,DOI:10.1016/j.jad.2021.06.021,7
DOI:10.1016/s2352-4642(20)30186-3,DOI:10.1016/j.jadohealth.2021.04.005,4
DOI:10.1016/s2352-4642(20)30186-3,DOI:10.1016/j.jbi.2008.08.010,3
DOI:10.1016/s2352-4642(20)30186-3,DOI:10.1038/s41598-020-78438-4,3
DOI:10.1016/s2352-4642(20)30186-3,DOI:10.1146/annurev-psych-010213-115202,3
DOI:10.1016/s2352-4642(20)30186-3,DOI:10.1016/j.jad.2020.08.001,3
DOI:10.1016/s2352-4642(20)30186-3,DOI:10.1017/s003329172000241x,3
DOI:10.1016/s2352-4642(20)30186-3,DOI:10.1016/j.jadohealth.2020.05.004,5
DOI:10.1016/s2352-4642(20)30186-3,DOI:10.1016/j.jpeds.2020.03.013,4
DOI:10.1016/s2352-4642(20)30186-3,DOI:10.3390/ijerph17051729,3
DOI:10.1016/s2352-4642(20)30186-3,DOI:10.1016/s2215-0366(20)30308-4,4
DOI:10.1016/s2352-4642(20)30186-3,DOI:10.1186/s13034-020-00329-3,7
DOI:10.1016/s2352-4642(20)30186-3,DOI:10.1007/s00787-022-02060-0,5
DOI:10.1016/s2352-4642(20)30186-3,DOI:10.1111/jcpp.13490,3
DOI:10.1016/s2352-4642(20)30186-3,DOI:10.1136/bmj.n614,3
DOI:10.1016/s2352-4642(20)30186-3,DOI:10.1177/0706743720940562,3
DOI:10.1016/s2352-4642(20)30186-3,DOI:10.1016/j.pcad.2020.04.013,4
DOI:10.1016/s2352-4642(20)30186-3,DOI:10.15585/mmwr.mm6945a3,3
DOI:10.1016/s2352-4642(20)30186-3,DOI:10.3390/ijerph17197327,3
DOI:10.1016/s2352-4642(20)30186-3,DOI:10.1007/s00787-021-01856-w,4
DOI:10.1016/s2352-4642(20)30186-3,DOI:10.1016/j.jad.2021.09.098,3
DOI:10.1016/s2352-4642(20)30186-3,DOI:10.1111/camh.12501,5
DOI:10.1016/s2352-4642(20)30186-3,DOI:10.3389/fpsyg.2021.620739,3
DOI:10.1016/s2352-4642(20)30186-3,DOI:10.3389/fpubh.2021.793868,3
DOI:10.1016/s2352-4642(20)30186-3,DOI:10.1192/bjp.2020.242,3
DOI:10.1016/s2352-4642(20)30186-3,DOI:10.1093/tropej/fmaa122,3
DOI:10.1016/s2352-4642(20)30186-3,DOI:10.1016/j.chb.2013.10.059,3
DOI:10.1016/s2352-4642(20)30186-3,DOI:10.3389/fpsyg.2020.579038,4
DOI:10.1016/s2352-4642(20)30186-3,DOI:10.1542/peds.2020-007294,3
DOI:10.1016/s2352-4642(20)30186-3,DOI:10.1001/jamapediatrics.2020.1467,3
DOI:10.1016/s2352-4642(20)30186-3,DOI:10.1016/s2214-109x(20)30238-2,3
DOI:10.1016/s2352-4642(20)30186-3,DOI:10.1542/peds.2020-016824,3
DOI:10.1016/s2352-4642(20)30186-3,DOI:10.1037/amp0000707,3
DOI:10.1037/cbs0000215,DOI:10.1111/cdep.12248,5
DOI:10.1037/cbs0000215,DOI:10.1111/jcpp.13382,4
DOI:10.1037/cbs0000215,DOI:10.1186/s12888-018-1591-4,3
DOI:10.1037/cbs0000215,"LI SY, 2021, ELECTRON J QUAL THEO, P1, DOI [10.14232/EJQTDE.2021.1.64, 10.1007/S00787-021-01790-X]",3
DOI:10.1037/cbs0000215,DOI:10.1089/cyber.2020.0478,9
DOI:10.1037/cbs0000215,DOI:10.1111/jora.12666,3
DOI:10.1037/cbs0000215,DOI:10.3390/brainsci10060341,3
DOI:10.1037/cbs0000215,DOI:10.1016/j.jadohealth.2020.05.004,11
DOI:10.1037/cbs0000215,DOI:10.1016/j.jadohealth.2020.07.001,7
DOI:10.1037/cbs0000215,DOI:10.1016/j.jadohealth.2020.09.039,5
DOI:10.1037/cbs0000215,DOI:10.1056/nejmp2008017,4
DOI:10.1037/cbs0000215,DOI:10.1542/peds.2020-016824,5
DOI:10.1037/cbs0000215,DOI:10.1007/s00787-020-01541-4,17
DOI:10.1037/cbs0000215,DOI:10.1007/s00787-020-01631-3,3
DOI:10.1037/cbs0000215,DOI:10.1007/s10578-020-01037-x,3
DOI:10.1037/cbs0000215,DOI:10.1016/j.jad.2020.06.029,16
DOI:10.1037/cbs0000215,DOI:10.1016/j.sleep.2020.06.001,3
DOI:10.1037/cbs0000215,DOI:10.1016/s2352-4642(20)30095-x,3
DOI:10.1037/cbs0000215,DOI:10.1111/appy.12406,6
DOI:10.1037/cbs0000215,DOI:10.1111/pcn.13102,3
DOI:10.1037/cbs0000215,DOI:10.1186/s12992-020-00601-3,4
DOI:10.1037/cbs0000215,DOI:10.1186/s12992-020-00627-7,4
DOI:10.1037/cbs0000215,DOI:10.1007/s00787-020-01583-8,4
DOI:10.1037/cbs0000215,DOI:10.1016/j.jaac.2020.12.027,3
DOI:10.1037/cbs0000215,DOI:10.1016/j.jad.2020.08.001,5
DOI:10.1037/cbs0000215,DOI:10.1017/s0033291720005358,5
DOI:10.1037/cbs0000215,DOI:10.1111/jcv2.12009,3
DOI:10.1037/cbs0000215,DOI:10.3390/ijerph18031062,3
DOI:10.1037/cbs0000215,DOI:10.3390/ijerph17051729,7
DOI:10.1037/cbs0000215,DOI:10.1016/j.chiabu.2020.104680,3
DOI:10.1037/cbs0000215,DOI:10.1016/j.jadohealth.2020.08.026,6
DOI:10.1037/cbs0000215,DOI:10.1016/j.psychres.2020.113560,3
DOI:10.1037/cbs0000215,DOI:10.1371/journal.pmed.1000097,3
DOI:10.1037/cbs0000215,DOI:10.1016/s2352-4642(20)30096-1,4
DOI:10.1037/cbs0000215,DOI:10.1037/amp0000660,5
DOI:10.1037/cbs0000215,DOI:10.1371/journal.pone.0231924,4
DOI:10.1037/cbs0000215,DOI:10.1016/j.brat.2019.103501,5
DOI:10.1037/cbs0000215,DOI:10.1038/s41598-021-81720-8,3
DOI:10.1037/cbs0000215,DOI:10.1111/camh.12501,5
DOI:10.1037/cbs0000215,DOI:10.1016/j.jad.2020.10.008,3
DOI:10.1037/cbs0000215,DOI:10.1016/s0140-6736(20)30547-x,6
DOI:10.1037/cbs0000215,DOI:10.1017/dmp.2013.22,7
DOI:10.1037/cbs0000215,DOI:10.3389/fpsyg.2020.01713,3
DOI:10.1037/cbs0000215,DOI:10.3389/fpsyg.2020.559951,3
DOI:10.1037/cbs0000215,DOI:10.3389/fpsyg.2020.579038,7
DOI:10.1037/cbs0000215,DOI:10.3390/ijerph17196975,3
DOI:10.1037/cbs0000215,DOI:10.3390/ijerph17197327,3
DOI:10.1037/cbs0000215,DOI:10.3390/ijerph17228297,3
DOI:10.1037/cbs0000215,DOI:10.3238/arztebl.2020.0828,3
DOI:10.1037/cbs0000215,DOI:10.1016/j.jpeds.2020.03.013,12
DOI:10.1037/cbs0000215,DOI:10.1016/j.pcad.2020.04.013,5
DOI:10.1037/cbs0000215,DOI:10.1186/1471-2458-8-347,3
DOI:10.1037/cbs0000215,DOI:10.1186/s13034-020-00329-3,8
DOI:10.1037/cbs0000215,"PAPPA S, 2020, BRAIN BEHAV IMMUN, V88, P901, DOI [10.1016/J.BBI.2020.05.026, 10.1016/J.BBI.2020.11.023]",4
DOI:10.1037/cbs0000215,DOI:10.1093/tropej/fmaa122,4
DOI:10.1037/cbs0000215,DOI:10.1186/s12966-020-00987-8,3
DOI:10.1037/cbs0000215,DOI:10.2991/jegh.k.200908.001,5
DOI:10.1037/cbs0000215,DOI:10.1016/j.psychres.2020.112954,3
DOI:10.1037/cbs0000215,DOI:10.1177/0706743720940562,4
DOI:10.1037/cbs0000215,DOI:10.1016/j.psychres.2020.113070,4
DOI:10.1037/cbs0000215,DOI:10.1037/apl0000857,3
DOI:10.1037/cbs0000215,DOI:10.1111/jora.12647,3
DOI:10.1037/cbs0000215,DOI:10.1111/jora.12668,4
DOI:10.1037/cbs0000215,DOI:10.1542/peds.2020-007294,3
DOI:10.1037/cbs0000215,DOI:10.3389/fpsyt.2020.00751,4
DOI:10.1037/cbs0000215,DOI:10.1001/jamapediatrics.2020.1456,3
DOI:10.1037/cbs0000215,DOI:10.1016/s0140-6736(20)30460-8,5
DOI:10.1037/cbs0000215,DOI:10.1080/02673843.2019.1590851,3
DOI:10.1037/cbs0000215,DOI:10.1136/archdischild-2020-320372,4
DOI:10.1037/cbs0000215,DOI:10.12669/pjms.36.covid19-s4.2759,4
DOI:10.1037/cbs0000215,DOI:10.3390/ijerph18073432,5
DOI:10.1037/cbs0000215,DOI:10.1007/s00787-021-01856-w,4
DOI:10.1037/cbs0000215,DOI:10.1007/s00787-022-02060-0,4
DOI:10.1037/cbs0000215,DOI:10.1016/j.jad.2021.06.021,4
DOI:10.1037/cbs0000215,DOI:10.1207/s15327752jpa5201_2,4
DOI:10.1037/cbs0000215,DOI:10.3389/fpsyt.2021.626456,3
DOI:10.1037/cbs0000215,DOI:10.1016/j.chiabu.2012.09.015,3
DOI:10.1037/cbs0000215,DOI:10.1177/0706743718808250,3
DOI:10.1037/cbs0000215,DOI:10.25318/82-003-x202000400003-eng,3
DOI:10.1037/cbs0000215,DOI:10.1186/s40249-020-00678-3,3
DOI:10.1037/cbs0000215,DOI:10.1007/s11469-020-00322-z,3
DOI:10.1037/cbs0000215,DOI:10.3390/ijerph17207666,3
DOI:10.1037/cbs0000215,DOI:10.3928/02793695-20201104-04,3
DOI:10.1037/cbs0000215,DOI:10.1016/j.jadohealth.2020.08.008,3
DOI:10.1037/cbs0000215,DOI:10.1016/j.jbi.2008.08.010,3
DOI:10.1037/cbs0000215,DOI:10.1016/j.ijdrr.2020.101845,3
DOI:10.1037/cbs0000215,DOI:10.1001/jamapediatrics.2021.2482,9
DOI:10.1037/cbs0000215,DOI:10.1136/gpsych-2020-100213,3
DOI:10.1111/jcpp.13382,DOI:10.3390/brainsci10060341,3
DOI:10.1111/jcpp.13382,DOI:10.1001/jamanetworkopen.2021.21934,3
DOI:10.1111/jcpp.13382,DOI:10.1038/s41598-021-81720-8,3
DOI:10.1111/jcpp.13382,DOI:10.1001/jamapediatrics.2021.2482,3
DOI:10.1111/jcpp.13382,DOI:10.1007/s00787-021-01856-w,4
DOI:10.1111/jcpp.13382,DOI:10.1016/j.jad.2021.06.021,3
DOI:10.1111/jcpp.13382,DOI:10.1016/j.jadohealth.2020.09.039,3
DOI:10.1111/jcpp.13382,DOI:10.1016/j.lanepe.2021.100093,3
DOI:10.1111/jcpp.13382,DOI:10.1136/archdischild-2020-320372,4
DOI:10.1111/jcpp.13382,DOI:10.1186/s13034-020-00329-3,4
DOI:10.1111/jcpp.13382,DOI:10.1007/s00787-020-01541-4,3
DOI:10.1111/jcpp.13382,DOI:10.1016/j.jpeds.2020.03.013,3
DOI:10.1111/jcpp.13382,DOI:10.1001/jamanetworkopen.2020.19686,3
DOI:10.1111/jcpp.13382,DOI:10.1017/s0033291709992121,3
DOI:10.1186/1477-7525-5-63,DOI:10.1007/s40279-019-01099-5,3
DOI:10.1186/s12888-018-1591-4,DOI:10.1007/s00787-020-01541-4,3
DOI:10.1186/s12888-018-1591-4,DOI:10.1016/j.sleep.2020.06.001,3
DOI:10.1186/s12888-018-1591-4,DOI:10.1001/jamapediatrics.2021.2482,3
"LI SY, 2021, ELECTRON J QUAL THEO, P1, DOI [10.14232/EJQTDE.2021.1.64, 10.1007/S00787-021-01790-X]",DOI:10.1001/jamapediatrics.2021.2482,4
"LI SY, 2021, ELECTRON J QUAL THEO, P1, DOI [10.14232/EJQTDE.2021.1.64, 10.1007/S00787-021-01790-X]",DOI:10.1007/s00787-020-01541-4,3
"LI SY, 2021, ELECTRON J QUAL THEO, P1, DOI [10.14232/EJQTDE.2021.1.64, 10.1007/S00787-021-01790-X]",DOI:10.1016/j.jad.2020.06.029,3
DOI:10.1007/s00787-021-01889-1,DOI:10.1007/s10566-021-09655-9,3
DOI:10.1007/s00787-021-01889-1,DOI:10.1037/amp0000660,4
DOI:10.1007/s00787-021-01889-1,DOI:10.1001/jamapediatrics.2020.1456,5
DOI:10.1007/s00787-021-01889-1,DOI:10.1001/jamapediatrics.2021.2482,12
DOI:10.1007/s00787-021-01889-1,DOI:10.1001/jamapediatrics.2021.5840,4
DOI:10.1007/s00787-021-01889-1,DOI:10.1176/appi.ps.201100518,3
DOI:10.1007/s00787-021-01889-1,DOI:10.1007/s00787-023-02206-8,7
DOI:10.1007/s00787-021-01889-1,DOI:10.1007/s11136-021-02861-x,4
DOI:10.1007/s00787-021-01889-1,DOI:10.1016/s0140-6736(20)30460-8,4
DOI:10.1007/s00787-021-01889-1,DOI:10.1038/s41598-021-81720-8,3
DOI:10.1007/s00787-021-01889-1,DOI:10.3389/fpsyg.2020.579038,3
DOI:10.1007/s00787-021-01889-1,DOI:10.3390/ijerph18158074,4
DOI:10.1007/s00787-021-01889-1,DOI:10.1007/978-1-4419-9186-711,3
DOI:10.1007/s00787-021-01889-1,DOI:10.1007/s11136-013-0428-3,7
DOI:10.1007/s00787-021-01889-1,DOI:10.1016/j.pcl.2021.05.003,3
DOI:10.1007/s00787-021-01889-1,DOI:10.1111/nyas.14947,3
DOI:10.1007/s00787-021-01889-1,DOI:10.3389/fpsyt.2021.691659,3
DOI:10.1007/s00787-021-01889-1,DOI:10.1007/s00787-020-01541-4,3
DOI:10.1007/s00787-021-01889-1,DOI:10.1016/j.jad.2020.06.029,3
DOI:10.1007/s00787-021-01889-1,DOI:10.1016/j.jpeds.2020.03.013,5
DOI:10.1007/s00787-021-01889-1,DOI:10.1016/j.pnpbp.2020.110171,5
DOI:10.1007/s00787-021-01889-1,DOI:10.1186/s13034-020-00329-3,5
DOI:10.1007/s00787-021-01889-1,DOI:10.3390/ijerph18073432,5
DOI:10.1007/s00787-021-01889-1,DOI:10.1007/s00103-021-03291-3,4
DOI:10.1007/s00787-021-01889-1,DOI:10.1007/s11136-010-9706-5,3
DOI:10.1007/s00787-021-01889-1,DOI:10.1024/1422-4917/a000589,3
DOI:10.1007/s00787-021-01889-1,DOI:10.1192/bjo.2021.49,4
DOI:10.1007/s00787-021-01889-1,DOI:10.1093/tropej/fmaa122,3
DOI:10.1007/s00787-021-01889-1,DOI:10.3238/arztebl.2020.0828,4
DOI:10.1007/s00787-021-01889-1,DOI:10.1007/s00787-021-01856-w,4
DOI:10.1007/s00787-021-01889-1,DOI:10.1016/j.jad.2021.06.021,6
DOI:10.1007/s00787-021-01889-1,DOI:10.1016/j.jadohealth.2022.06.022,6
DOI:10.1007/s00787-021-01889-1,DOI:10.1037/trm0000345,3
DOI:10.1007/s00787-021-01889-1,DOI:10.3390/ijerph18094668,3
DOI:10.1007/s00787-021-01889-1,DOI:10.1111/camh.12501,4
DOI:10.1007/s00787-021-01889-1,DOI:10.1016/s0140-6736(20)30547-x,3
DOI:10.1007/s00787-021-01889-1,DOI:10.1007/s00787-020-01630-4,5
DOI:10.1007/s00787-021-01889-1,"RAVENS-SIEBERER U., 2006, KIDSCREEN QUESTIONNA",3
DOI:10.1007/s00787-021-01889-1,DOI:10.1007/s00787-022-02060-0,4
DOI:10.1007/s00787-021-01889-1,DOI:10.3389/fpubh.2023.1275917,3
DOI:10.1007/s00787-021-01889-1,DOI:10.1016/j.jad.2008.06.026,3
DOI:10.1007/s10566-021-09655-9,DOI:10.1016/j.jaac.2020.12.027,3
DOI:10.1007/s10802-020-00732-6,DOI:10.1111/camh.12501,3
DOI:10.1016/j.jaac.2020.12.027,DOI:10.1037/amp0000660,4
DOI:10.1016/j.jaac.2020.12.027,DOI:10.1001/jamanetworkopen.2021.24092,4
DOI:10.1016/j.jaac.2020.12.027,DOI:10.1016/j.jad.2009.06.019,3
DOI:10.1016/j.jaac.2020.12.027,"JONES SHERRY EVERETT, 2022, MMWR SUPPL, V71, P16, DOI [10.15585/MMWR.SU7103A3, 10.15585/MMWR.SU7103A3]",3
DOI:10.1016/j.jaac.2020.12.027,DOI:10.1016/j.jadohealth.2020.09.039,9
DOI:10.1016/j.jaac.2020.12.027,DOI:10.1016/j.psychres.2021.113778,4
DOI:10.1016/j.jaac.2020.12.027,DOI:10.1016/s2352-4642(21)00177-2,3
DOI:10.1016/j.jaac.2020.12.027,DOI:10.1017/s0033291720005358,6
DOI:10.1016/j.jaac.2020.12.027,DOI:10.1111/jcv2.12009,3
DOI:10.1016/j.jaac.2020.12.027,DOI:10.1136/archdischild-2020-320372,5
DOI:10.1016/j.jaac.2020.12.027,"WIDNALL E., 2020, YOUNG PEOPLES MENTAL HEALTH DURING THE COVID-19 PANDEMIC",3
DOI:10.1016/j.jaac.2020.12.027,DOI:10.1007/s00787-020-01583-8,3
DOI:10.1016/j.jaac.2020.12.027,DOI:10.1146/annurev-psych-010213-115202,4
DOI:10.1016/j.jaac.2020.12.027,DOI:10.1016/j.jad.2020.06.029,4
DOI:10.1016/j.jaac.2020.12.027,DOI:10.1097/00004583-199704000-00018,3
DOI:10.1016/j.jaac.2020.12.027,DOI:10.1542/peds.2020-016824,7
DOI:10.1016/j.jaac.2020.12.027,DOI:10.1007/s00787-020-01541-4,6
DOI:10.1016/j.jaac.2020.12.027,DOI:10.1136/bmj.n614,3
DOI:10.1016/j.jaac.2020.12.027,DOI:10.1186/s13034-020-00329-3,4
DOI:10.1016/j.jaac.2020.12.027,DOI:10.1542/peds.2020-029280,3
DOI:10.1016/j.jaac.2020.12.027,DOI:10.15585/mmwr.mm6945a3,4
DOI:10.1016/j.jaac.2020.12.027,DOI:10.1016/j.jad.2021.09.098,3
DOI:10.1016/j.jaac.2020.12.027,DOI:10.1016/j.jadohealth.2021.04.005,3
DOI:10.1016/j.jaac.2020.12.027,DOI:10.1016/j.jadohealth.2021.07.039,3
DOI:10.1016/j.jaac.2020.12.027,DOI:10.1016/s0140-6736(21)02143-7,3
DOI:10.1016/j.jaac.2020.12.027,DOI:10.1038/s41598-021-81720-8,3
DOI:10.1016/j.jaac.2020.12.027,DOI:10.1192/bjo.2021.49,3
DOI:10.1016/j.jaac.2020.12.027,DOI:10.3390/ijerph18073432,3
DOI:10.1016/j.jaac.2020.12.027,DOI:10.1007/s10964-022-01603-7,3
DOI:10.1016/j.jaac.2020.12.027,DOI:10.1016/j.jad.2021.04.016,3
DOI:10.1016/j.jaac.2020.12.027,DOI:10.1007/s10578-020-01037-x,3
DOI:10.1016/j.jaac.2020.12.027,DOI:10.1016/j.jadohealth.2020.05.004,3
DOI:10.1016/j.jaac.2020.12.027,DOI:10.1542/peds.2020-007294,3
DOI:10.1016/j.jaac.2020.12.027,DOI:10.1001/jamapediatrics.2021.5840,3
DOI:10.1016/j.jaac.2020.12.027,DOI:10.1177/1359104520972453,3
DOI:10.1016/j.jad.2021.06.082,DOI:10.1037/amp0000660,3
DOI:10.1037/amp0000660,DOI:10.1037/dev0001221,3
DOI:10.1037/amp0000660,DOI:10.1111/jora.12647,4
DOI:10.1037/amp0000660,DOI:10.1111/jora.12662,3
DOI:10.1037/amp0000660,DOI:10.1111/jora.12663,3
DOI:10.1037/amp0000660,DOI:10.1001/jamapediatrics.2021.2482,10
DOI:10.1037/amp0000660,DOI:10.1001/jamapediatrics.2021.5840,4
DOI:10.1037/amp0000660,DOI:10.1016/j.chiabu.2020.104680,3
DOI:10.1037/amp0000660,DOI:10.1007/s00787-020-01578-5,3
DOI:10.1037/amp0000660,DOI:10.1016/j.ijdrr.2020.101845,5
DOI:10.1037/amp0000660,DOI:10.1016/s0140-6736(20)30460-8,6
DOI:10.1037/amp0000660,DOI:10.3389/fpsyg.2020.579038,3
DOI:10.1037/amp0000660,DOI:10.1016/j.jad.2020.06.029,4
DOI:10.1037/amp0000660,DOI:10.1542/peds.2020-016824,4
DOI:10.1037/amp0000660,DOI:10.1007/s00787-020-01541-4,11
DOI:10.1037/amp0000660,DOI:10.1016/s2215-0366(20)30308-4,3
DOI:10.1037/amp0000660,DOI:10.1001/jamapediatrics.2020.1456,4
DOI:10.1037/amp0000660,DOI:10.1016/j.jpeds.2020.03.013,8
DOI:10.1037/amp0000660,DOI:10.1016/s0140-6736(20)30547-x,3
DOI:10.1037/amp0000660,DOI:10.1016/s2352-4642(20)30096-1,4
DOI:10.1037/amp0000660,DOI:10.1056/nejmp2008017,3
DOI:10.1037/amp0000660,DOI:10.1136/gpsych-2020-100213,4
DOI:10.1037/amp0000660,DOI:10.1186/s13034-020-00329-3,6
DOI:10.1037/amp0000660,DOI:10.3390/ijerph17051729,4
DOI:10.1037/amp0000660,DOI:10.1007/s00787-021-01856-w,5
DOI:10.1037/amp0000660,DOI:10.1007/s00787-021-01935-y,3
DOI:10.1037/amp0000660,DOI:10.1007/s40894-022-00185-6,3
DOI:10.1037/amp0000660,DOI:10.1007/s42844-020-00010-w,4
DOI:10.1037/amp0000660,DOI:10.1016/j.jadohealth.2022.06.022,4
DOI:10.1037/amp0000660,DOI:10.1111/camh.12501,4
DOI:10.1037/amp0000660,DOI:10.1111/jora.12668,3
DOI:10.1037/amp0000660,DOI:10.1016/j.brat.2019.103501,3
DOI:10.1037/amp0000660,DOI:10.1016/j.psychres.2020.112934,4
DOI:10.1037/amp0000660,DOI:10.3389/fpsyg.2020.01713,3
DOI:10.1037/amp0000660,DOI:10.1037/apl0000857,3
DOI:10.1037/amp0000660,DOI:10.1177/20503121221086712,3
DOI:10.1037/amp0000660,DOI:10.1001/jamanetworkopen.2021.24092,3
DOI:10.1037/amp0000660,DOI:10.1016/j.chiabu.2020.104699,4
DOI:10.1037/amp0000838,DOI:10.1111/jora.12663,4
DOI:10.1037/amp0000838,DOI:10.1001/jamapediatrics.2021.2482,5
DOI:10.1037/amp0000838,DOI:10.1007/s00787-021-01856-w,3
DOI:10.1037/amp0000838,DOI:10.1016/j.jad.2021.06.021,3
DOI:10.1037/amp0000838,DOI:10.1016/s2215-0366(21)00156-5,4
DOI:10.1037/dev0001221,DOI:10.1037/dev0001236,3
DOI:10.1111/jora.12647,DOI:10.1111/jora.12657,3
DOI:10.1111/jora.12647,DOI:10.1111/jora.12662,3
DOI:10.1111/jora.12647,DOI:10.1111/jora.12663,3
DOI:10.1111/jora.12647,DOI:10.1111/jora.12668,3
DOI:10.1111/jora.12648,DOI:10.1111/jora.12662,3
DOI:10.1111/jora.12662,DOI:10.1111/jora.12663,3
DOI:10.1111/jora.12662,DOI:10.1111/jora.12667,4
DOI:10.1111/jora.12662,DOI:10.1007/s00787-021-01856-w,3
DOI:10.1111/jora.12663,DOI:10.1111/jora.12667,3
DOI:10.1111/jora.12663,DOI:10.1007/s00787-021-01856-w,3
DOI:10.1111/jora.12663,DOI:10.1016/j.lanepe.2021.100093,3
DOI:10.1111/jora.12663,DOI:10.1016/j.schres.2021.08.020,3
DOI:10.1111/jora.12663,DOI:10.1016/s2215-0366(21)00156-5,3
DOI:10.1111/jora.12663,DOI:10.1111/jcv2.12008,3
DOI:10.15585/mmwr.mm6945a3,DOI:10.1001/jamapediatrics.2021.6298,4
DOI:10.15585/mmwr.mm6945a3,"RADHAKRISHNAN L, 2022, MMWR-MORBID MORTAL W, V71, P319, DOI [10.15585/MMWR.MM7108E2, 10.15585/MMWR.MM7108E1, 10.15585/MMWR.MM7108E2EXTERNALICON]",3
DOI:10.15585/mmwr.mm6945a3,DOI:10.1001/jamapediatrics.2021.2482,3
DOI:10.15585/mmwr.mm6945a3,DOI:10.1542/peds.2020-016824,7
DOI:10.15585/mmwr.mm6945a3,DOI:10.1007/s00787-021-01856-w,4
DOI:10.15585/mmwr.mm6945a3,DOI:10.1016/j.ijdrr.2020.101845,5
DOI:10.15585/mmwr.mm6945a3,DOI:10.1016/j.jaac.2021.02.006,3
DOI:10.15585/mmwr.mm6945a3,DOI:10.1136/bmj.n614,3
DOI:10.15585/mmwr.mm6945a3,DOI:10.1177/13591045211030666,3
DOI:10.15585/mmwr.mm6945a3,DOI:10.1542/peds.2020-029280,6
DOI:10.15585/mmwr.mm6945a3,DOI:10.3389/fped.2021.622608,3
DOI:10.15585/mmwr.mm6945a3,DOI:10.1001/jamanetworkopen.2021.8533,6
DOI:10.15585/mmwr.mm6945a3,DOI:10.1017/s0033291720005358,4
DOI:10.15585/mmwr.mm6945a3,DOI:10.1177/0706743720940562,5
DOI:10.15585/mmwr.mm6945a3,DOI:10.1016/j.jadohealth.2021.07.036,3
DOI:10.15585/mmwr.mm6945a3,DOI:10.1177/1077559520982066,3
DOI:10.15585/mmwr.mm6945a3,DOI:10.1001/jamapediatrics.2020.1456,3
DOI:10.15585/mmwr.mm6945a3,DOI:10.1186/s13034-020-00329-3,5
DOI:10.15585/mmwr.mm6945a3,DOI:10.1016/j.chiabu.2020.104699,3
DOI:10.15585/mmwr.mm6945a3,DOI:10.1016/j.chiabu.2020.104709,4
DOI:10.15585/mmwr.mm6945a3,DOI:10.1016/j.jad.2020.06.029,3
DOI:10.15585/mmwr.mm6945a3,DOI:10.1542/peds.2020-007294,4
DOI:10.15585/mmwr.mm6945a3,DOI:10.1177/1359104520972453,3
DOI:10.15585/mmwr.mm6945a3,DOI:10.1016/j.jadohealth.2020.05.004,3
DOI:10.1001/jamapediatrics.2018.5399,DOI:10.1001/jamapediatrics.2021.2482,3
DOI:10.1001/jamapediatrics.2018.5399,DOI:10.1016/j.jad.2020.06.029,3
DOI:10.1001/jamapediatrics.2018.5399,DOI:10.1542/peds.2020-016824,4
DOI:10.1001/jamapediatrics.2018.5399,DOI:10.1542/peds.2020-029280,4
DOI:10.1007/s10964-019-01085-0,DOI:10.1007/s10964-020-01201-5,3
DOI:10.1007/s12310-012-9097-6,DOI:10.1176/appi.ps.201100518,4
DOI:10.1176/appi.ps.201100518,DOI:10.1001/jamapediatrics.2020.1456,3
DOI:10.1186/s13033-020-00356-9,DOI:10.1007/s00787-021-01856-w,3
DOI:10.3389/fped.2021.622608,DOI:10.3390/ijerph17051729,3
DOI:10.3389/fped.2021.622608,DOI:10.3390/ijerph18073432,4
DOI:10.3389/fped.2021.622608,DOI:10.1016/j.jadohealth.2021.04.005,3
DOI:10.3389/fped.2021.622608,DOI:10.1111/jcpp.13490,3
DOI:10.3389/fped.2021.622608,DOI:10.1037/tra0001188,3
DOI:10.3389/fped.2021.622608,DOI:10.1186/s13034-020-00329-3,3
DOI:10.1007/s12310-018-9291-2,DOI:10.1111/eip.12793,4
DOI:10.1007/s12310-018-9291-2,DOI:10.1007/978-3-319-89842-1_9,3
DOI:10.1007/s12310-018-9291-2,DOI:10.1016/j.jclinepi.2015.10.005,3
DOI:10.1007/s12310-018-9291-2,DOI:10.1017/s0033291717002835,3
DOI:10.1007/s12310-018-9291-2,DOI:10.1037/a0022714,3
DOI:10.1007/s12310-018-9291-2,DOI:10.1097/jom.0000000000001597,3
DOI:10.1007/s12310-018-9291-2,DOI:10.1177/070674371005500707,3
DOI:10.1007/s12310-018-9291-2,DOI:10.1186/1471-244x-10-51,3
DOI:10.1007/s12310-018-9291-2,DOI:10.1192/bjp.185.4.342,3
DOI:10.1007/s12310-018-9291-2,DOI:10.3389/fpsyg.2016.00911,3
DOI:10.1080/1754730x.2013.784615,DOI:10.7202/1006436ar,3
DOI:10.17105/spr45-4.434-457,DOI:10.1016/j.jsp.2019.03.003,5
DOI:10.17105/spr45-4.434-457,DOI:10.1177/0143034317689970,4
DOI:10.1016/j.cpr.2016.10.003,DOI:10.1080/14623730.2016.1194305,3
DOI:10.1016/j.cpr.2016.10.003,DOI:10.7727/wimj.2012.212,3
DOI:10.1080/14623730.2016.1194305,DOI:10.7727/wimj.2012.212,3
DOI:10.1080/15374410802148053,DOI:10.1037//0022-0663.94.4.795,3
DOI:10.1016/s0140-6736(18)31782-3,DOI:10.1136/jech.2003.009449,3
DOI:10.1146/annurev.publhealth.26.021304.144357,DOI:10.1001/archpsyc.59.3.225,3
DOI:10.1146/annurev.publhealth.26.021304.144357,DOI:10.1002/cpp.719,5
DOI:10.1146/annurev.publhealth.26.021304.144357,DOI:10.1007/978-90-481-8675-4_25],3
DOI:10.1146/annurev.publhealth.26.021304.144357,DOI:10.1016/j.cpr.2010.03.003,4
DOI:10.1146/annurev.publhealth.26.021304.144357,DOI:10.1017/s0954579400004156,4
DOI:10.1146/annurev.publhealth.26.021304.144357,DOI:10.1080/00050060500243475,3
DOI:10.1146/annurev.publhealth.26.021304.144357,DOI:10.1111/josh.12096,3
DOI:10.1146/annurev.publhealth.26.021304.144357,DOI:10.1177/1359104507071062,3
DOI:10.1146/annurev.publhealth.26.021304.144357,"DOLL B, 1998, SCHOOL PSYCHOL REV, V27, P348",3
DOI:10.1016/j.ypmed.2011.09.002,DOI:10.1016/j.ypmed.2015.01.029,3
"[ANONYMOUS], 2020, MENTAL HEALTH OF CHILDREN AND YOUNG PEOPLE IN ENGLAND, 2020: WAVE 1 FOLLOW UP TO THE 2017 SURVEY","WIDNALL E., 2020, YOUNG PEOPLES MENTAL HEALTH DURING THE COVID-19 PANDEMIC",3
DOI:10.1016/s1054-139x(03)00073-9,DOI:10.1111/j.1746-1561.2010.00572.x,3
DOI:10.1016/s1054-139x(03)00073-9,DOI:10.1177/003335490812300613,3
DOI:10.1111/j.1746-1561.2010.00572.x,DOI:10.1177/003335490812300613,3
DOI:10.1001/jama.285.16.2094,DOI:10.1016/j.jpeds.2003.09.025,3
DOI:10.1001/jama.285.16.2094,DOI:10.1136/bmj.319.7206.348,3
DOI:10.1136/bmj.319.7206.348,DOI:10.1007/s10964-006-9153-3,3
DOI:10.1016/j.nedt.2003.10.001,DOI:10.1016/j.nedt.2017.06.002,3
DOI:10.1016/s2352-4642(20)30097-3,DOI:10.1007/s00787-020-01541-4,11
DOI:10.1016/s2352-4642(20)30097-3,DOI:10.1016/s2352-4642(20)30096-1,7
DOI:10.1016/s2352-4642(20)30097-3,DOI:10.1186/s12966-017-0555-2,3
DOI:10.1016/s2352-4642(20)30097-3,DOI:10.1016/j.chiabu.2020.104393,3
DOI:10.1016/s2352-4642(20)30097-3,DOI:10.1016/j.jpeds.2020.03.013,8
DOI:10.1016/s2352-4642(20)30097-3,DOI:10.1016/s0140-6736(20)30460-8,3
DOI:10.1016/s2352-4642(20)30097-3,DOI:10.1016/s0145-2134(00)00176-9,3
DOI:10.1016/s2352-4642(20)30097-3,DOI:10.1017/dmp.2013.22,5
DOI:10.1016/s2352-4642(20)30097-3,DOI:10.1001/jamapediatrics.2020.1456,6
DOI:10.1016/s2352-4642(20)30097-3,DOI:10.1016/s2352-4642(20)30110-3,4
DOI:10.1016/s2352-4642(20)30097-3,DOI:10.1542/peds.2020-016824,3
DOI:10.1016/s2352-4642(20)30097-3,DOI:10.1016/s0140-6736(20)30547-x,7
DOI:10.1016/s2352-4642(20)30097-3,DOI:10.1016/j.jad.2020.06.029,4
DOI:10.1016/s2352-4642(20)30097-3,DOI:10.1016/s2215-0366(20)30570-8,3
DOI:10.1016/s2352-4642(20)30097-3,DOI:10.1186/s13034-020-00329-3,4
DOI:10.1016/s2352-4642(20)30097-3,DOI:10.1016/s2352-4642(20)30095-x,4
DOI:10.1016/s2352-4642(20)30097-3,DOI:10.1056/nejmp2008017,4
DOI:10.1016/s2352-4642(20)30097-3,DOI:10.3390/ijerph18073432,3
DOI:10.1016/s2352-4642(20)30097-3,DOI:10.1001/jamapediatrics.2021.2482,3
DOI:10.1017/gmh.2019.16,DOI:10.1016/j.brat.2019.103439,3
DOI:10.1017/gmh.2019.16,DOI:10.1037/a0023307,3
DOI:10.1371/journal.pmed.1000097,DOI:10.1192/bjp.2019.19,3
DOI:10.1371/journal.pmed.1000097,DOI:10.1016/j.jpeds.2020.03.013,3
DOI:10.1371/journal.pmed.1000097,DOI:10.1016/s0140-6736(20)30547-x,3
DOI:10.1371/journal.pmed.1000097,DOI:10.1017/dmp.2013.22,3
DOI:10.1037/a0023307,DOI:10.1016/j.brat.2019.103439,6
DOI:10.1037/a0023307,DOI:10.1016/j.brat.2020.103698,4
DOI:10.1037/a0023307,DOI:10.1016/s2352-4642(20)30173-5,5
DOI:10.1037/a0023307,DOI:10.1192/bjp.186.1.11,4
DOI:10.1037/a0023307,DOI:10.1186/1471-2458-11-487,4
DOI:10.1037/a0023307,DOI:10.2307/2136404,4
DOI:10.1037/a0023307,DOI:10.1016/s2215-0366(17)30513-8,3
DOI:10.1037/a0023307,DOI:10.1111/camh.12080,4
DOI:10.1037/a0023307,DOI:10.1186/s13063-019-3573-3,4
DOI:10.1037/abn0000410,DOI:10.1001/jamapediatrics.2021.2482,3
DOI:10.1016/s0749-7423(03)13002-6,DOI:10.1037//0022-0663.94.4.795,3
DOI:10.1037//0022-0663.94.4.795,DOI:10.1111/j.1746-1561.2004.tb08281.x,3
DOI:10.1016/j.psychres.2022.114814,DOI:10.1001/jamapediatrics.2021.5840,3
DOI:10.1016/j.psychres.2022.114814,DOI:10.1007/s10578-021-01297-1,3
DOI:10.1016/j.psychres.2022.114814,DOI:10.1111/camh.12501,3
DOI:10.1016/j.psychres.2022.114814,DOI:10.1017/s0033291720005358,3
DOI:10.1016/j.psychres.2022.114814,DOI:10.1111/nyas.14947,3
DOI:10.1016/j.psychres.2022.114814,DOI:10.1186/s13034-022-00546-y,3
DOI:10.1016/j.psychres.2022.114814,DOI:10.1001/jamapediatrics.2023.0846,3
DOI:10.1111/eip.12793,DOI:10.1007/978-3-319-89842-1_9,3
DOI:10.1111/eip.12793,DOI:10.1016/j.jclinepi.2015.10.005,3
DOI:10.1111/eip.12793,DOI:10.1017/s0033291717002835,3
DOI:10.1111/eip.12793,DOI:10.1037/a0022714,4
DOI:10.1111/eip.12793,DOI:10.1097/jom.0000000000001597,3
DOI:10.1111/eip.12793,DOI:10.1177/070674371005500707,3
DOI:10.1111/eip.12793,DOI:10.1186/1471-244x-10-51,3
DOI:10.1111/eip.12793,DOI:10.1192/bjp.185.4.342,3
DOI:10.1111/eip.12793,DOI:10.3389/fpsyg.2016.00911,3
DOI:10.1002/da.10113,DOI:10.1016/j.cpr.2010.03.003,3
DOI:10.1016/j.chiabu.2016.11.005,DOI:10.1016/s0749-3797(98)00017-8,3
DOI:10.1016/s0749-3797(98)00017-8,DOI:10.1377/hlthaff.2014.0914,3
DOI:10.1016/s0749-3797(98)00017-8,DOI:10.1001/archgenpsychiatry.2011.2277,4
DOI:10.1016/s0749-3797(98)00017-8,DOI:10.1001/jamapediatrics.2019.3007,3
DOI:10.1016/s0749-3797(98)00017-8,DOI:10.1016/j.chiabu.2015.07.011,3
DOI:10.1001/jamapediatrics.2021.2479,DOI:10.1001/jamapediatrics.2021.2482,4
DOI:10.1016/j.healthplace.2020.102425,DOI:10.1016/j.socscimed.2020.113542,3
DOI:10.1016/j.socscimed.2020.113542,DOI:10.1016/j.socscimed.2013.02.012,3
DOI:10.3390/ijerph18189500,DOI:10.1007/s00787-022-01997-6,3
DOI:10.3390/ijerph18189500,DOI:10.1186/s12889-020-08734-1,3
DOI:10.1023/b:joba.0000007455.08539.94,DOI:10.1007/s00787-020-01541-4,3
DOI:10.1023/b:joba.0000007455.08539.94,DOI:10.1056/nejmp2008017,3
DOI:10.1023/b:joba.0000007455.08539.94,DOI:10.1037/a0016669,3
DOI:10.1097/00004583-199704000-00018,DOI:10.1542/peds.2020-016824,3
DOI:10.1097/00004583-199704000-00018,DOI:10.3390/brainsci10060341,3
DOI:10.1097/00004583-199704000-00018,DOI:10.1016/j.jpeds.2020.03.013,3
DOI:10.1097/00004583-199704000-00018,DOI:10.1542/peds.2020-007294,3
DOI:10.1111/jcpp.13190,DOI:10.1177/2167702619859336,3
DOI:10.1111/jcpp.13190,DOI:10.3389/fpubh.2021.793868,3
DOI:10.1111/jcpp.13190,DOI:10.1007/s00787-021-01856-w,3
DOI:10.1001/archpsyc.60.7.709,DOI:10.1071/he10012,3
DOI:10.1001/archpsyc.60.7.709,DOI:10.1108/jcs-03-2015-0014,3
DOI:10.1001/archpsyc.60.7.709,DOI:10.1111/j.1475-3588.2006.00414.x,3
DOI:10.1001/archpsyc.60.7.709,DOI:10.1192/bjp.bp.108.053751,3
DOI:10.1007/s00127-008-0456-4,DOI:10.1017/s0021963099005909,3
DOI:10.1007/s00127-008-0456-4,DOI:10.1111/j.1475-3588.2006.00414.x,3
DOI:10.1017/s0021963099005909,DOI:10.1111/j.1475-3588.2006.00414.x,3
DOI:10.1071/he10012,DOI:10.1108/jcs-03-2015-0014,3
DOI:10.1071/he10012,DOI:10.1111/j.1475-3588.2006.00414.x,3
DOI:10.1071/he10012,DOI:10.1192/bjp.bp.108.053751,3
DOI:10.1108/jcs-03-2015-0014,DOI:10.1111/j.1475-3588.2006.00414.x,3
DOI:10.1108/jcs-03-2015-0014,DOI:10.1192/bjp.bp.108.053751,3
DOI:10.1111/j.1475-3588.2006.00414.x,DOI:10.1192/bjp.bp.108.053751,3
DOI:10.1111/j.1475-3588.2006.00414.x,"ANDERSON JK, 2019, PSYCHOL MED, V49, P9, DOI [10.1017/S0033291718002490, 10.1017/S0033291718002490]",3
DOI:10.1111/j.1475-3588.2006.00414.x,DOI:10.1017/s003329171700215x,3
DOI:10.1001/jamanetworkopen.2021.24092,DOI:10.1016/j.jad.2009.06.019,3
DOI:10.1001/jamanetworkopen.2021.24092,DOI:10.1016/j.jadohealth.2021.10.021,4
DOI:10.1001/jamanetworkopen.2021.24092,DOI:10.15585/mmwr.mm7011a1,3
DOI:10.1001/jamanetworkopen.2021.24092,"JONES SHERRY EVERETT, 2022, MMWR SUPPL, V71, P16, DOI [10.15585/MMWR.SU7103A3, 10.15585/MMWR.SU7103A3]",3
DOI:10.1001/jamanetworkopen.2021.24092,DOI:10.1001/jamapediatrics.2021.5840,5
DOI:10.1001/jamanetworkopen.2021.24092,DOI:10.1016/s0140-6736(20)30547-x,3
DOI:10.1001/jamanetworkopen.2021.24092,DOI:10.1542/peds.2020-016824,3
DOI:10.1016/j.jad.2009.06.019,"JONES SHERRY EVERETT, 2022, MMWR SUPPL, V71, P16, DOI [10.15585/MMWR.SU7103A3, 10.15585/MMWR.SU7103A3]",3
DOI:10.1016/j.jadohealth.2021.10.021,DOI:10.15585/mmwr.mm7011a1,6
DOI:10.1016/j.jadohealth.2021.10.021,"JONES SHERRY EVERETT, 2022, MMWR SUPPL, V71, P16, DOI [10.15585/MMWR.SU7103A3, 10.15585/MMWR.SU7103A3]",6
DOI:10.1016/j.jadohealth.2021.10.021,DOI:10.1111/camh.12501,3
DOI:10.1016/j.jadohealth.2021.10.021,DOI:10.1001/jamanetworkopen.2021.14866,3
DOI:10.1016/j.jadohealth.2021.10.021,DOI:10.1001/jamapediatrics.2021.5840,3
DOI:10.1016/j.jadohealth.2021.10.021,DOI:10.1111/ped.14718,3
DOI:10.1016/j.jadohealth.2021.10.021,DOI:10.1017/s0033291720005358,3
DOI:10.15585/mmwr.mm7011a1,"JONES SHERRY EVERETT, 2022, MMWR SUPPL, V71, P16, DOI [10.15585/MMWR.SU7103A3, 10.15585/MMWR.SU7103A3]",5
DOI:10.19191/ep22.5-6.a542.089,DOI:10.1017/s0033291720005358,3
"JONES SHERRY EVERETT, 2022, MMWR SUPPL, V71, P16, DOI [10.15585/MMWR.SU7103A3, 10.15585/MMWR.SU7103A3]",DOI:10.1016/j.jadohealth.2022.05.025,3
"JONES SHERRY EVERETT, 2022, MMWR SUPPL, V71, P16, DOI [10.15585/MMWR.SU7103A3, 10.15585/MMWR.SU7103A3]",DOI:10.15585/mmwr.mm7141a2,4
"JONES SHERRY EVERETT, 2022, MMWR SUPPL, V71, P16, DOI [10.15585/MMWR.SU7103A3, 10.15585/MMWR.SU7103A3]",DOI:10.1001/jamapediatrics.2021.2482,4
"JONES SHERRY EVERETT, 2022, MMWR SUPPL, V71, P16, DOI [10.15585/MMWR.SU7103A3, 10.15585/MMWR.SU7103A3]",DOI:10.1017/s0033291720005358,3
"JONES SHERRY EVERETT, 2022, MMWR SUPPL, V71, P16, DOI [10.15585/MMWR.SU7103A3, 10.15585/MMWR.SU7103A3]","KRAUSE KATHLEEN H, 2022, MMWR SUPPL, V71, P28, DOI [10.15585/MMWR.SU7103A5, 10.15585/MMWR.SU7103A5]",5
"JONES SHERRY EVERETT, 2022, MMWR SUPPL, V71, P16, DOI [10.15585/MMWR.SU7103A3, 10.15585/MMWR.SU7103A3]","[ANONYMOUS], 2019, ADVERSE CHILDHOOD EX",3
DOI:10.1007/s10802-018-0425-7,DOI:10.1016/j.jad.2019.08.087,3
DOI:10.1016/j.jaac.2019.12.003,"CALDWELL DM, 2019, LANCET PSYCHIAT, V6, P1011, DOI [10.1016/S2215-0366(20)30352-7, 10.1016/S2215-0366(19)30403-1]",3
DOI:10.1037/sgd0000467,DOI:10.1001/jamapediatrics.2021.6298,3
DOI:10.1037/sgd0000467,DOI:10.1037/trm0000345,3
DOI:10.1037/sgd0000467,DOI:10.1177/0706743720940562,3
DOI:10.1037/sgd0000467,DOI:10.1007/s00787-021-01856-w,4
DOI:10.1016/j.jad.2010.03.011,DOI:10.1037/13620-004,3
DOI:10.1016/j.jad.2010.03.011,DOI:10.1111/j.1751-7893.2010.00196.x,3
DOI:10.1037/13620-004,DOI:10.1111/j.1751-7893.2010.00196.x,3
DOI:10.1007/bf02088307,DOI:10.1017/s0954579409000261,3
DOI:10.1007/bf02088307,DOI:10.1521/jscp.1990.9.2.221,3
DOI:10.1007/s10902-017-9856-z,DOI:10.1007/s12187-016-9414-y,3
DOI:10.1007/s10902-017-9856-z,DOI:10.1016/j.paid.2011.10.027,3
DOI:10.1007/s10902-017-9856-z,DOI:10.4135/9781446249222.n32,3
DOI:10.1007/s12144-015-9329-7,DOI:10.1007/s12187-016-9414-y,3
DOI:10.1007/s12144-015-9329-7,DOI:10.1016/j.paid.2008.03.020,3
DOI:10.1007/s12144-015-9329-7,DOI:10.1016/j.paid.2011.10.027,3
DOI:10.1007/s12144-015-9329-7,DOI:10.1016/s0022-1031(03)00064-7,3
DOI:10.1007/s12144-015-9329-7,DOI:10.1037/a0012632,3
DOI:10.1007/s12144-015-9329-7,DOI:10.1037/a0030913,3
DOI:10.1007/s12144-015-9329-7,DOI:10.1080/00220973.1993.9943831,3
DOI:10.1007/s12144-015-9329-7,DOI:10.1080/15374416.2011.581616,3
DOI:10.1007/s12144-015-9329-7,DOI:10.1177/0146167202239051,3
DOI:10.1007/s12144-015-9329-7,DOI:10.1521/jscp.1990.9.2.165,3
DOI:10.1007/s12144-015-9329-7,DOI:10.1521/jscp.1990.9.2.221,3
DOI:10.1007/s12144-015-9329-7,DOI:10.15345/iojes.2017.03.011],3
DOI:10.1007/s12144-015-9329-7,DOI:10.5350/dajpn2014270302,3
DOI:10.1007/s12144-015-9329-7,"LADD G.W., 2016, SOCIAL EXCLUSION: PSYCHOLOGICAL APPROACHES TO UNDERSTANDING AND REDUCING ITS IMPACT, P109",3
DOI:10.1007/s12144-015-9329-7,"RIVA P., 2016, SOCIAL EXCLUSION PSY",3
DOI:10.1007/s12187-016-9414-y,DOI:10.1016/j.paid.2008.03.020,3
DOI:10.1007/s12187-016-9414-y,DOI:10.1016/j.paid.2011.10.027,4
DOI:10.1007/s12187-016-9414-y,DOI:10.1016/s0022-1031(03)00064-7,3
DOI:10.1007/s12187-016-9414-y,DOI:10.1023/b:soci.0000007498.62080.1e,3
DOI:10.1007/s12187-016-9414-y,DOI:10.1037/a0012632,3
DOI:10.1007/s12187-016-9414-y,DOI:10.1037/a0030913,3
DOI:10.1007/s12187-016-9414-y,DOI:10.1080/00220970309600877,3
DOI:10.1007/s12187-016-9414-y,DOI:10.1080/00220973.1993.9943831,4
DOI:10.1007/s12187-016-9414-y,DOI:10.1080/15374416.2011.581616,4
DOI:10.1007/s12187-016-9414-y,DOI:10.1080/21683603.2018.1466747,3
DOI:10.1007/s12187-016-9414-y,DOI:10.1177/0146167202239051,3
DOI:10.1007/s12187-016-9414-y,DOI:10.1521/jscp.1990.9.2.165,3
DOI:10.1007/s12187-016-9414-y,DOI:10.1521/jscp.1990.9.2.221,3
DOI:10.1007/s12187-016-9414-y,DOI:10.15345/iojes.2017.03.011],3
DOI:10.1007/s12187-016-9414-y,DOI:10.17583/ijep.2018.3117,4
DOI:10.1007/s12187-016-9414-y,DOI:10.3200/jexe.75.4.270-292,3
DOI:10.1007/s12187-016-9414-y,DOI:10.4135/9781446249222.n32,4
DOI:10.1007/s12187-016-9414-y,DOI:10.5350/dajpn2014270302,3
DOI:10.1007/s12187-016-9414-y,"LADD G.W., 2016, SOCIAL EXCLUSION: PSYCHOLOGICAL APPROACHES TO UNDERSTANDING AND REDUCING ITS IMPACT, P109",3
DOI:10.1007/s12187-016-9414-y,"RIVA P., 2016, SOCIAL EXCLUSION PSY",3
DOI:10.1007/s12187-017-9451-1,DOI:10.1080/21683603.2018.1466747,3
DOI:10.1016/j.paid.2008.03.020,DOI:10.1016/j.paid.2011.10.027,3
DOI:10.1016/j.paid.2008.03.020,DOI:10.1016/s0022-1031(03)00064-7,3
DOI:10.1016/j.paid.2008.03.020,DOI:10.1037/a0012632,3
DOI:10.1016/j.paid.2008.03.020,DOI:10.1037/a0030913,3
DOI:10.1016/j.paid.2008.03.020,DOI:10.1080/00220973.1993.9943831,3
DOI:10.1016/j.paid.2008.03.020,DOI:10.1080/15374416.2011.581616,3
DOI:10.1016/j.paid.2008.03.020,DOI:10.1177/0146167202239051,3
DOI:10.1016/j.paid.2008.03.020,DOI:10.1521/jscp.1990.9.2.165,3
DOI:10.1016/j.paid.2008.03.020,DOI:10.1521/jscp.1990.9.2.221,3
DOI:10.1016/j.paid.2008.03.020,DOI:10.15345/iojes.2017.03.011],3
DOI:10.1016/j.paid.2008.03.020,DOI:10.5350/dajpn2014270302,3
DOI:10.1016/j.paid.2008.03.020,"LADD G.W., 2016, SOCIAL EXCLUSION: PSYCHOLOGICAL APPROACHES TO UNDERSTANDING AND REDUCING ITS IMPACT, P109",3
DOI:10.1016/j.paid.2008.03.020,"RIVA P., 2016, SOCIAL EXCLUSION PSY",3
DOI:10.1016/j.paid.2011.10.027,DOI:10.1016/s0022-1031(03)00064-7,3
DOI:10.1016/j.paid.2011.10.027,DOI:10.1037/a0012632,3
DOI:10.1016/j.paid.2011.10.027,DOI:10.1037/a0030913,3
DOI:10.1016/j.paid.2011.10.027,DOI:10.1080/00220973.1993.9943831,3
DOI:10.1016/j.paid.2011.10.027,DOI:10.1080/15374416.2011.581616,3
DOI:10.1016/j.paid.2011.10.027,DOI:10.1177/0146167202239051,3
DOI:10.1016/j.paid.2011.10.027,DOI:10.1521/jscp.1990.9.2.165,3
DOI:10.1016/j.paid.2011.10.027,DOI:10.1521/jscp.1990.9.2.221,3
DOI:10.1016/j.paid.2011.10.027,DOI:10.15345/iojes.2017.03.011],3
DOI:10.1016/j.paid.2011.10.027,DOI:10.4135/9781446249222.n32,3
DOI:10.1016/j.paid.2011.10.027,DOI:10.5350/dajpn2014270302,3
DOI:10.1016/j.paid.2011.10.027,"LADD G.W., 2016, SOCIAL EXCLUSION: PSYCHOLOGICAL APPROACHES TO UNDERSTANDING AND REDUCING ITS IMPACT, P109",3
DOI:10.1016/j.paid.2011.10.027,"RIVA P., 2016, SOCIAL EXCLUSION PSY",3
DOI:10.1016/s0022-1031(03)00064-7,DOI:10.1037/a0012632,3
DOI:10.1016/s0022-1031(03)00064-7,DOI:10.1037/a0030913,3
DOI:10.1016/s0022-1031(03)00064-7,DOI:10.1080/00220973.1993.9943831,3
DOI:10.1016/s0022-1031(03)00064-7,DOI:10.1080/15374416.2011.581616,3
DOI:10.1016/s0022-1031(03)00064-7,DOI:10.1177/0146167202239051,3
DOI:10.1016/s0022-1031(03)00064-7,DOI:10.1521/jscp.1990.9.2.165,3
DOI:10.1016/s0022-1031(03)00064-7,DOI:10.1521/jscp.1990.9.2.221,3
DOI:10.1016/s0022-1031(03)00064-7,DOI:10.15345/iojes.2017.03.011],3
DOI:10.1016/s0022-1031(03)00064-7,DOI:10.5350/dajpn2014270302,3
DOI:10.1016/s0022-1031(03)00064-7,"LADD G.W., 2016, SOCIAL EXCLUSION: PSYCHOLOGICAL APPROACHES TO UNDERSTANDING AND REDUCING ITS IMPACT, P109",3
DOI:10.1016/s0022-1031(03)00064-7,"RIVA P., 2016, SOCIAL EXCLUSION PSY",3
DOI:10.1017/s0954579409000261,DOI:10.1521/jscp.1990.9.2.221,3
DOI:10.1023/b:soci.0000007498.62080.1e,DOI:10.1080/00220970309600877,3
DOI:10.1023/b:soci.0000007498.62080.1e,DOI:10.1080/00220973.1993.9943831,3
DOI:10.1023/b:soci.0000007498.62080.1e,DOI:10.1080/15374416.2011.581616,3
DOI:10.1023/b:soci.0000007498.62080.1e,DOI:10.1080/21683603.2018.1466747,3
DOI:10.1023/b:soci.0000007498.62080.1e,DOI:10.17583/ijep.2018.3117,3
DOI:10.1023/b:soci.0000007498.62080.1e,DOI:10.3200/jexe.75.4.270-292,3
DOI:10.1023/b:soci.0000007498.62080.1e,DOI:10.4135/9781446249222.n32,3
DOI:10.1037/a0012632,DOI:10.1037/a0030913,3
DOI:10.1037/a0012632,DOI:10.1080/00220973.1993.9943831,3
DOI:10.1037/a0012632,DOI:10.1080/15374416.2011.581616,3
DOI:10.1037/a0012632,DOI:10.1177/0146167202239051,3
DOI:10.1037/a0012632,DOI:10.1521/jscp.1990.9.2.165,3
DOI:10.1037/a0012632,DOI:10.1521/jscp.1990.9.2.221,3
DOI:10.1037/a0012632,DOI:10.15345/iojes.2017.03.011],3
DOI:10.1037/a0012632,DOI:10.5350/dajpn2014270302,3
DOI:10.1037/a0012632,"LADD G.W., 2016, SOCIAL EXCLUSION: PSYCHOLOGICAL APPROACHES TO UNDERSTANDING AND REDUCING ITS IMPACT, P109",3
DOI:10.1037/a0012632,"RIVA P., 2016, SOCIAL EXCLUSION PSY",3
DOI:10.1037/a0030913,DOI:10.1080/00220973.1993.9943831,3
DOI:10.1037/a0030913,DOI:10.1080/15374416.2011.581616,3
DOI:10.1037/a0030913,DOI:10.1177/0146167202239051,3
DOI:10.1037/a0030913,DOI:10.1521/jscp.1990.9.2.165,3
DOI:10.1037/a0030913,DOI:10.1521/jscp.1990.9.2.221,3
DOI:10.1037/a0030913,DOI:10.15345/iojes.2017.03.011],3
DOI:10.1037/a0030913,DOI:10.5350/dajpn2014270302,3
DOI:10.1037/a0030913,"LADD G.W., 2016, SOCIAL EXCLUSION: PSYCHOLOGICAL APPROACHES TO UNDERSTANDING AND REDUCING ITS IMPACT, P109",3
DOI:10.1037/a0030913,"RIVA P., 2016, SOCIAL EXCLUSION PSY",3
DOI:10.1080/00220970309600877,DOI:10.1080/00220973.1993.9943831,4
DOI:10.1080/00220970309600877,DOI:10.1080/15374416.2011.581616,3
DOI:10.1080/00220970309600877,DOI:10.1080/21683603.2018.1466747,3
DOI:10.1080/00220970309600877,DOI:10.17583/ijep.2018.3117,3
DOI:10.1080/00220970309600877,DOI:10.3200/jexe.75.4.270-292,3
DOI:10.1080/00220970309600877,DOI:10.4135/9781446249222.n32,3
DOI:10.1080/00220973.1993.9943831,DOI:10.1080/15374416.2011.581616,6
DOI:10.1080/00220973.1993.9943831,DOI:10.1080/21683603.2018.1466747,3
DOI:10.1080/00220973.1993.9943831,DOI:10.1177/0146167202239051,3
DOI:10.1080/00220973.1993.9943831,DOI:10.1521/jscp.1990.9.2.165,3
DOI:10.1080/00220973.1993.9943831,DOI:10.1521/jscp.1990.9.2.221,3
DOI:10.1080/00220973.1993.9943831,DOI:10.15345/iojes.2017.03.011],3
DOI:10.1080/00220973.1993.9943831,DOI:10.17583/ijep.2018.3117,4
DOI:10.1080/00220973.1993.9943831,DOI:10.3200/jexe.75.4.270-292,3
DOI:10.1080/00220973.1993.9943831,DOI:10.4135/9781446249222.n32,3
DOI:10.1080/00220973.1993.9943831,DOI:10.5350/dajpn2014270302,3
DOI:10.1080/00220973.1993.9943831,"LADD G.W., 2016, SOCIAL EXCLUSION: PSYCHOLOGICAL APPROACHES TO UNDERSTANDING AND REDUCING ITS IMPACT, P109",3
DOI:10.1080/00220973.1993.9943831,"RIVA P., 2016, SOCIAL EXCLUSION PSY",3
DOI:10.1080/15374416.2011.581616,DOI:10.1080/21683603.2018.1466747,3
DOI:10.1080/15374416.2011.581616,DOI:10.1177/0146167202239051,3
DOI:10.1080/15374416.2011.581616,DOI:10.1521/jscp.1990.9.2.165,3
DOI:10.1080/15374416.2011.581616,DOI:10.1521/jscp.1990.9.2.221,3
DOI:10.1080/15374416.2011.581616,DOI:10.15345/iojes.2017.03.011],3
DOI:10.1080/15374416.2011.581616,DOI:10.17583/ijep.2018.3117,4
DOI:10.1080/15374416.2011.581616,DOI:10.3200/jexe.75.4.270-292,3
DOI:10.1080/15374416.2011.581616,DOI:10.4135/9781446249222.n32,3
DOI:10.1080/15374416.2011.581616,DOI:10.5350/dajpn2014270302,3
DOI:10.1080/15374416.2011.581616,"LADD G.W., 2016, SOCIAL EXCLUSION: PSYCHOLOGICAL APPROACHES TO UNDERSTANDING AND REDUCING ITS IMPACT, P109",3
DOI:10.1080/15374416.2011.581616,"RIVA P., 2016, SOCIAL EXCLUSION PSY",3
DOI:10.1080/21683603.2018.1466747,DOI:10.17583/ijep.2018.3117,3
DOI:10.1080/21683603.2018.1466747,DOI:10.3200/jexe.75.4.270-292,3
DOI:10.1080/21683603.2018.1466747,DOI:10.4135/9781446249222.n32,3
DOI:10.1177/0146167202239051,DOI:10.1521/jscp.1990.9.2.165,3
DOI:10.1177/0146167202239051,DOI:10.1521/jscp.1990.9.2.221,3
DOI:10.1177/0146167202239051,DOI:10.15345/iojes.2017.03.011],3
DOI:10.1177/0146167202239051,DOI:10.5350/dajpn2014270302,3
DOI:10.1177/0146167202239051,"LADD G.W., 2016, SOCIAL EXCLUSION: PSYCHOLOGICAL APPROACHES TO UNDERSTANDING AND REDUCING ITS IMPACT, P109",3
DOI:10.1177/0146167202239051,"RIVA P., 2016, SOCIAL EXCLUSION PSY",3
DOI:10.1177/0265407514567837,DOI:10.4236/ojd.2014.34019],3
DOI:10.1521/jscp.1990.9.2.165,DOI:10.1521/jscp.1990.9.2.221,3
DOI:10.1521/jscp.1990.9.2.165,DOI:10.15345/iojes.2017.03.011],3
DOI:10.1521/jscp.1990.9.2.165,DOI:10.5350/dajpn2014270302,3
DOI:10.1521/jscp.1990.9.2.165,"LADD G.W., 2016, SOCIAL EXCLUSION: PSYCHOLOGICAL APPROACHES TO UNDERSTANDING AND REDUCING ITS IMPACT, P109",3
DOI:10.1521/jscp.1990.9.2.165,"RIVA P., 2016, SOCIAL EXCLUSION PSY",3
DOI:10.1521/jscp.1990.9.2.221,DOI:10.15345/iojes.2017.03.011],3
DOI:10.1521/jscp.1990.9.2.221,DOI:10.5350/dajpn2014270302,3
DOI:10.1521/jscp.1990.9.2.221,"LADD G.W., 2016, SOCIAL EXCLUSION: PSYCHOLOGICAL APPROACHES TO UNDERSTANDING AND REDUCING ITS IMPACT, P109",3
DOI:10.1521/jscp.1990.9.2.221,"RIVA P., 2016, SOCIAL EXCLUSION PSY",3
DOI:10.15345/iojes.2017.03.011],DOI:10.5350/dajpn2014270302,3
DOI:10.15345/iojes.2017.03.011],"LADD G.W., 2016, SOCIAL EXCLUSION: PSYCHOLOGICAL APPROACHES TO UNDERSTANDING AND REDUCING ITS IMPACT, P109",3
DOI:10.15345/iojes.2017.03.011],"RIVA P., 2016, SOCIAL EXCLUSION PSY",3
DOI:10.17583/ijep.2018.3117,DOI:10.3200/jexe.75.4.270-292,3
DOI:10.17583/ijep.2018.3117,DOI:10.4135/9781446249222.n32,3
DOI:10.3200/jexe.75.4.270-292,DOI:10.4135/9781446249222.n32,3
DOI:10.5350/dajpn2014270302,"LADD G.W., 2016, SOCIAL EXCLUSION: PSYCHOLOGICAL APPROACHES TO UNDERSTANDING AND REDUCING ITS IMPACT, P109",3
DOI:10.5350/dajpn2014270302,"RIVA P., 2016, SOCIAL EXCLUSION PSY",3
"LADD G.W., 2016, SOCIAL EXCLUSION: PSYCHOLOGICAL APPROACHES TO UNDERSTANDING AND REDUCING ITS IMPACT, P109","RIVA P., 2016, SOCIAL EXCLUSION PSY",3
DOI:10.1111/jcpp.12372,DOI:10.1007/s12187-014-9245-7,3
DOI:10.1111/jcpp.12372,DOI:10.1177/0004867414533834,4
DOI:10.1186/s43045-020-00075-4,DOI:10.1007/s00787-021-01856-w,4
DOI:10.1186/s43045-020-00075-4,DOI:10.1016/j.jad.2021.06.021,3
DOI:10.1186/s43045-020-00075-4,DOI:10.1016/j.jadohealth.2020.11.010,3
DOI:10.1186/s43045-020-00075-4,DOI:10.1016/j.jadohealth.2021.07.023,3
DOI:10.1186/s43045-020-00075-4,DOI:10.1111/camh.12501,3
DOI:10.1186/s43045-020-00075-4,"CAIRNS K., 2019, INT HDB HLTH LITERAC, P291",3
DOI:10.1186/s43045-020-00075-4,DOI:10.1016/j.ijdrr.2020.101845,5
DOI:10.1186/s43045-020-00075-4,DOI:10.1016/j.pnpbp.2020.110171,4
DOI:10.1186/s43045-020-00075-4,DOI:10.1016/j.socscimed.2008.09.050,3
DOI:10.1186/s43045-020-00075-4,DOI:10.1093/heapro/15.3.259,3
DOI:10.1186/s43045-020-00075-4,DOI:10.1136/bmj.a1655,3
DOI:10.1186/s43045-020-00075-4,DOI:10.1186/1471-2458-12-80,3
DOI:10.1186/s43045-020-00075-4,DOI:10.1186/s13034-020-00329-3,4
DOI:10.1186/s43045-020-00075-4,DOI:10.51952/9781447344520.007,3
DOI:10.1186/s43045-020-00075-4,"JORM A. F., 2014, MENTAL HLTH LITERACY, P27",3
DOI:10.1186/s43045-020-00075-4,"MORGADO TÂNIA, 2014, REVISTA PORTUGUESA DE ENFERMAGEM DE SAÚDE MENTAL, P90",3
DOI:10.1186/s43045-020-00075-4,DOI:10.1016/j.jad.2020.06.029,3
DOI:10.1186/s43045-020-00075-4,DOI:10.1093/tropej/fmaa122,3
DOI:10.1186/s43045-020-00075-4,DOI:10.3390/ijerph18073432,3
DOI:10.1186/s43045-020-00075-4,DOI:10.1001/jamapediatrics.2021.2482,3
"DEMARAY MK, 2003, SCHOOL PSYCHOL REV, V32, P471",DOI:10.1007/s10964-012-9848-6,3
DOI:10.1007/s00787-020-01541-4,DOI:10.1007/s00787-021-01856-w,6
DOI:10.1007/s00787-020-01541-4,DOI:10.1016/j.ajp.2020.102305,4
DOI:10.1007/s00787-020-01541-4,DOI:10.1016/j.ijchp.2020.100218,5
DOI:10.1007/s00787-020-01541-4,DOI:10.1016/j.jad.2021.02.020,3
DOI:10.1007/s00787-020-01541-4,DOI:10.1016/j.jad.2021.06.021,6
DOI:10.1007/s00787-020-01541-4,DOI:10.1016/j.jadohealth.2020.08.026,12
DOI:10.1007/s00787-020-01541-4,DOI:10.1016/j.jadohealth.2021.07.023,3
DOI:10.1007/s00787-020-01541-4,DOI:10.1016/j.psychres.2020.112934,9
DOI:10.1007/s00787-020-01541-4,DOI:10.1016/j.psychres.2020.113560,4
DOI:10.1007/s00787-020-01541-4,DOI:10.1016/j.sleep.2020.06.001,9
DOI:10.1007/s00787-020-01541-4,DOI:10.1016/s2215-0366(21)00156-5,3
DOI:10.1007/s00787-020-01541-4,DOI:10.1038/s41398-021-01271-4,4
DOI:10.1007/s00787-020-01541-4,DOI:10.1111/camh.12501,5
DOI:10.1007/s00787-020-01541-4,DOI:10.3390/ijerph18094977,3
DOI:10.1007/s00787-020-01541-4,DOI:10.1016/s0140-6736(21)02143-7,3
DOI:10.1007/s00787-020-01541-4,DOI:10.1016/s2352-4642(18)30022-1,3
DOI:10.1007/s00787-020-01541-4,DOI:10.1037/a0015362,3
DOI:10.1007/s00787-020-01541-4,DOI:10.1001/jamapediatrics.2020.1456,15
DOI:10.1007/s00787-020-01541-4,DOI:10.1016/s0140-6736(20)30547-x,16
DOI:10.1007/s00787-020-01541-4,DOI:10.1111/apa.15270,3
DOI:10.1007/s00787-020-01541-4,DOI:10.1111/appy.12406,12
DOI:10.1007/s00787-020-01541-4,DOI:10.2471/blt.15.158543,3
DOI:10.1007/s00787-020-01541-4,DOI:10.3390/ijerph17051729,11
DOI:10.1007/s00787-020-01541-4,DOI:10.7759/cureus.10051,3
DOI:10.1007/s00787-020-01541-4,"[ANONYMOUS], 2020, WHO CORONAVIRUS DIS",3
DOI:10.1007/s00787-020-01541-4,DOI:10.1007/s00787-020-01631-3,3
DOI:10.1007/s00787-020-01541-4,DOI:10.1007/s10578-020-01037-x,5
DOI:10.1007/s00787-020-01541-4,DOI:10.1016/j.jad.2020.06.029,35
DOI:10.1007/s00787-020-01541-4,DOI:10.1016/s2352-4642(20)30095-x,5
DOI:10.1007/s00787-020-01541-4,DOI:10.1056/nejmp2008017,6
DOI:10.1007/s00787-020-01541-4,DOI:10.1111/pcn.13102,5
DOI:10.1007/s00787-020-01541-4,DOI:10.1186/s12992-020-00601-3,8
DOI:10.1007/s00787-020-01541-4,DOI:10.1186/s12992-020-00627-7,6
DOI:10.1007/s00787-020-01541-4,DOI:10.31234/osf.io/hn7us,3
DOI:10.1007/s00787-020-01541-4,"VIZARD T., 2020, NHS DIGITAL",3
DOI:10.1007/s00787-020-01541-4,"WIDNALL E., 2020, YOUNG PEOPLES MENTAL HEALTH DURING THE COVID-19 PANDEMIC",4
DOI:10.1007/s00787-020-01541-4,DOI:10.1007/s11205-009-9493-y,3
DOI:10.1007/s00787-020-01541-4,DOI:10.1007/s40279-019-01099-5,5
DOI:10.1007/s00787-020-01541-4,DOI:10.1016/0005-7967(94)00075-u,3
DOI:10.1007/s00787-020-01541-4,DOI:10.1016/j.psychsport.2018.08.011,5
DOI:10.1007/s00787-020-01541-4,DOI:10.1542/peds.2016-1642,3
DOI:10.1007/s00787-020-01541-4,DOI:10.1007/s00787-020-01548-x,5
DOI:10.1007/s00787-020-01541-4,DOI:10.1007/s11469-020-00322-z,5
DOI:10.1007/s00787-020-01541-4,DOI:10.1016/j.jadohealth.2020.05.004,16
DOI:10.1007/s00787-020-01541-4,DOI:10.1016/j.jpeds.2020.03.013,32
DOI:10.1007/s00787-020-01541-4,DOI:10.12669/pjms.36.5.3088,3
DOI:10.1007/s00787-020-01541-4,DOI:10.12669/pjms.36.covid19-s4.2759,5
DOI:10.1007/s00787-020-01541-4,DOI:10.1001/jamapediatrics.2021.2482,11
DOI:10.1007/s00787-020-01541-4,DOI:10.1007/s10578-020-01089-z,5
DOI:10.1007/s00787-020-01541-4,DOI:10.1016/j.jad.2021.04.016,5
DOI:10.1007/s00787-020-01541-4,DOI:10.1016/j.pcl.2021.05.003,4
DOI:10.1007/s00787-020-01541-4,DOI:10.1016/j.pnpbp.2020.110171,4
DOI:10.1007/s00787-020-01541-4,DOI:10.1016/j.psychres.2020.113070,10
DOI:10.1007/s00787-020-01541-4,DOI:10.1016/j.sleep.2020.05.018,3
DOI:10.1007/s00787-020-01541-4,DOI:10.1016/s0140-6736(20)30460-8,10
DOI:10.1007/s00787-020-01541-4,DOI:10.1017/dmp.2013.22,12
DOI:10.1007/s00787-020-01541-4,DOI:10.1089/cyber.2020.0478,7
DOI:10.1007/s00787-020-01541-4,DOI:10.1097/00004583-199704000-00019,3
DOI:10.1007/s00787-020-01541-4,DOI:10.1111/camh.12405,3
DOI:10.1007/s00787-020-01541-4,DOI:10.1111/jsr.13142,3
DOI:10.1007/s00787-020-01541-4,DOI:10.1186/s12992-021-00693-5,4
DOI:10.1007/s00787-020-01541-4,DOI:10.1186/s13034-020-00329-3,25
DOI:10.1007/s00787-020-01541-4,DOI:10.1542/peds.2020-007294,12
DOI:10.1007/s00787-020-01541-4,DOI:10.3389/fpsyg.2020.579038,13
DOI:10.1007/s00787-020-01541-4,DOI:10.3390/brainsci10060341,8
DOI:10.1007/s00787-020-01541-4,DOI:10.3390/ijerph18073432,9
DOI:10.1007/s00787-020-01541-4,DOI:10.1016/j.ajp.2020.102066,6
DOI:10.1007/s00787-020-01541-4,DOI:10.1016/j.ajp.2020.102077,7
DOI:10.1007/s00787-020-01541-4,DOI:10.3389/fpsyt.2021.650759,3
DOI:10.1007/s00787-020-01541-4,DOI:10.1001/jamapediatrics.2020.5499,3
DOI:10.1007/s00787-020-01541-4,DOI:10.1002/jts.20004,3
DOI:10.1007/s00787-020-01541-4,DOI:10.1002/ppul.24900,3
DOI:10.1007/s00787-020-01541-4,DOI:10.1016/j.heliyon.2020.e04315,3
DOI:10.1007/s00787-020-01541-4,DOI:10.1016/j.ijdrr.2020.101845,9
DOI:10.1007/s00787-020-01541-4,DOI:10.1016/j.jad.2020.08.001,5
DOI:10.1007/s00787-020-01541-4,DOI:10.1016/j.jadohealth.2020.09.039,10
DOI:10.1007/s00787-020-01541-4,DOI:10.1016/j.jadohealth.2021.01.011,3
DOI:10.1007/s00787-020-01541-4,DOI:10.1038/s41598-021-91299-9,4
DOI:10.1007/s00787-020-01541-4,DOI:10.1177/0706743720940562,5
DOI:10.1007/s00787-020-01541-4,DOI:10.1186/s12887-021-02550-1,6
DOI:10.1007/s00787-020-01541-4,DOI:10.12688/f1000research.24457.1,4
DOI:10.1007/s00787-020-01541-4,DOI:10.1371/journal.pone.0236562,3
DOI:10.1007/s00787-020-01541-4,DOI:10.23736/s0026-4946.20.05887-9,4
DOI:10.1007/s00787-020-01541-4,DOI:10.2991/jegh.k.200908.001,5
DOI:10.1007/s00787-020-01541-4,DOI:10.3390/ijerph17197327,10
DOI:10.1007/s00787-020-01541-4,DOI:10.3390/ijerph17207666,6
DOI:10.1007/s00787-020-01541-4,DOI:10.3390/ijerph17228297,4
DOI:10.1007/s00787-020-01541-4,DOI:10.3390/ijerph18094668,3
DOI:10.1007/s00787-020-01541-4,DOI:10.1016/j.ajp.2020.102092,3
DOI:10.1007/s00787-020-01541-4,DOI:10.1016/j.jadohealth.2020.04.006,3
DOI:10.1007/s00787-020-01541-4,DOI:10.1016/j.psychres.2020.113143,6
DOI:10.1007/s00787-020-01541-4,DOI:10.1016/s2352-4642(20)30096-1,11
DOI:10.1007/s00787-020-01541-4,DOI:10.1016/s2352-4642(20)30110-3,5
DOI:10.1007/s00787-020-01541-4,DOI:10.1136/bmjpo-2020-000701,3
DOI:10.1007/s00787-020-01541-4,DOI:10.1136/gpsych-2020-100213,5
DOI:10.1007/s00787-020-01541-4,DOI:10.1186/s13034-020-00324-8,4
DOI:10.1007/s00787-020-01541-4,DOI:10.1001/jamanetworkopen.2020.3976,3
DOI:10.1007/s00787-020-01541-4,DOI:10.1002/da.23120,3
DOI:10.1007/s00787-020-01541-4,DOI:10.1017/s0033291720005358,8
DOI:10.1007/s00787-020-01541-4,DOI:10.1097/00004583-199910000-00011,4
DOI:10.1007/s00787-020-01541-4,DOI:10.3389/fpubh.2021.793868,3
DOI:10.1007/s00787-020-01541-4,DOI:10.1007/s00787-020-01583-8,8
DOI:10.1007/s00787-020-01541-4,DOI:10.1016/j.jadohealth.2020.07.001,10
DOI:10.1007/s00787-020-01541-4,DOI:10.4045/tidsskr.20.0437,4
DOI:10.1007/s00787-020-01541-4,DOI:10.1001/jamanetworkopen.2021.8533,3
DOI:10.1007/s00787-020-01541-4,DOI:10.1037/tra0000889,3
DOI:10.1007/s00787-020-01541-4,DOI:10.1111/jcv2.12009,4
DOI:10.1007/s00787-020-01541-4,DOI:10.1136/bmjopen-2020-042871,3
DOI:10.1007/s00787-020-01541-4,DOI:10.1136/injuryprev-2020-044050,3
DOI:10.1007/s00787-020-01541-4,DOI:10.1542/peds.2020-016824,11
DOI:10.1007/s00787-020-01541-4,DOI:10.1542/peds.2020-029280,5
DOI:10.1007/s00787-020-01541-4,DOI:10.3390/ijerph17093165,6
DOI:10.1007/s00787-020-01541-4,DOI:10.1126/science.1260497,3
DOI:10.1007/s00787-020-01541-4,DOI:10.1146/annurev.psych.57.102904.190124,4
DOI:10.1007/s00787-020-01541-4,DOI:10.1016/j.jpsychires.2020.09.020,3
DOI:10.1007/s00787-020-01541-4,DOI:10.1136/archdischild-2020-320372,10
DOI:10.1007/s00787-020-01541-4,DOI:10.1192/bjo.2021.48,3
DOI:10.1007/s00787-020-01541-4,DOI:10.1016/j.chiabu.2020.104680,4
DOI:10.1007/s00787-020-01541-4,DOI:10.1016/j.chiabu.2020.104699,4
DOI:10.1007/s00787-020-01541-4,DOI:10.1016/j.jad.2021.12.123,3
DOI:10.1007/s00787-020-01541-4,DOI:10.1177/20503121221086712,3
DOI:10.1007/s00787-020-01541-4,DOI:10.3390/ijerph18031062,6
DOI:10.1007/s00787-020-01541-4,DOI:10.1002/hec.3885,4
DOI:10.1007/s00787-020-01541-4,DOI:10.1037/a0013674,3
DOI:10.1007/s00787-020-01541-4,DOI:10.1371/journal.pone.0231924,5
DOI:10.1007/s00787-020-01541-4,DOI:10.1503/cmaj.75399,3
DOI:10.1007/s00787-020-01541-4,DOI:10.3346/jkms.2021.36.e321,3
DOI:10.1007/s00787-020-01541-4,DOI:10.1007/s11136-021-02861-x,5
DOI:10.1007/s00787-020-01541-4,DOI:10.1016/j.pcad.2020.04.013,7
DOI:10.1007/s00787-020-01541-4,DOI:10.1016/s2215-0366(20)30237-6,4
DOI:10.1007/s00787-020-01541-4,DOI:10.1016/s2215-0366(20)30308-4,3
DOI:10.1007/s00787-020-01541-4,DOI:10.1007/s00787-020-01578-5,3
DOI:10.1007/s00787-020-01541-4,DOI:10.1186/s12966-017-0555-2,5
DOI:10.1007/s00787-020-01541-4,DOI:10.1016/j.psychres.2020.112992,3
DOI:10.1007/s00787-020-01541-4,DOI:10.1186/s40249-020-00678-3,6
DOI:10.1007/s00787-020-01541-4,DOI:10.3389/fpsyt.2020.570164,4
DOI:10.1007/s00787-020-01541-4,DOI:10.1001/jamapediatrics.2021.5840,3
DOI:10.1007/s00787-020-01541-4,DOI:10.1016/j.childyouth.2016.10.016,3
DOI:10.1007/s00787-020-01541-4,DOI:10.1016/j.jad.2021.09.098,3
DOI:10.1007/s00787-020-01541-4,DOI:10.1016/j.psychres.2020.113172,4
DOI:10.1007/s00787-020-01541-4,DOI:10.1016/j.psychres.2020.113190,3
DOI:10.1007/s00787-020-01541-4,DOI:10.1111/jcpp.13490,3
DOI:10.1007/s00787-020-01541-4,DOI:10.3389/fpsyg.2020.01713,6
DOI:10.1007/s00787-020-01541-4,DOI:10.3389/fpsyt.2020.00751,6
DOI:10.1007/s00787-020-01541-4,DOI:10.3390/ijerph17196975,3
DOI:10.1007/s00787-020-01541-4,"BUZZI C, 2020, ITAL J PEDIATR, V46, DOI [10.1186/S13052-020-00833-4, 10.1186/S13052-020-00833]",3
DOI:10.1007/s00787-020-01541-4,DOI:10.1016/j.brat.2019.103501,4
DOI:10.1007/s00787-020-01541-4,DOI:10.1007/s12144-020-01191-4,8
DOI:10.1007/s00787-020-01541-4,DOI:10.1017/s0033291721000015,3
DOI:10.1007/s00787-020-01541-4,DOI:10.1371/journal.pone.0236337,4
DOI:10.1007/s00787-020-01541-4,DOI:10.3390/ijerph17228547,3
DOI:10.1007/s00787-020-01541-4,DOI:10.1037/1040-3590.10.2.176,3
DOI:10.1007/s00787-020-01541-4,DOI:10.1016/j.jadohealth.2021.04.005,3
DOI:10.1007/s00787-020-01541-4,DOI:10.1111/jedm.12050,3
DOI:10.1007/s00787-020-01541-4,DOI:10.3389/fpsyg.2020.584645,3
DOI:10.1007/s00787-020-01541-4,DOI:10.1192/bjp.2020.242,3
DOI:10.1007/s00787-020-01541-4,DOI:10.2307/2136404,3
DOI:10.1007/s00787-020-01541-4,DOI:10.1016/j.jad.2020.10.008,3
DOI:10.1007/s00787-020-01541-4,DOI:10.1111/appy.12381,3
DOI:10.1007/s00787-020-01541-4,DOI:10.1016/j.bbi.2020.05.048,5
DOI:10.1007/s00787-020-01541-4,DOI:10.1017/s003329172000241x,4
DOI:10.1007/s00787-020-01541-4,DOI:10.1111/jir.12769,3
DOI:10.1007/s00787-020-01541-4,DOI:10.1016/j.jad.2020.12.113,3
DOI:10.1007/s00787-020-01541-4,DOI:10.1371/journal.pone.0213700,5
DOI:10.1007/s00787-020-01541-4,DOI:10.1542/peds.2016-2266,3
DOI:10.1007/s00787-020-01541-4,DOI:10.3389/fpsyg.2020.586074,3
DOI:10.1007/s00787-020-01541-4,DOI:10.3969/j.issn.2096-2266.2020.07.019],3
DOI:10.1007/s00787-020-01541-4,"PAPPA S, 2020, BRAIN BEHAV IMMUN, V88, P901, DOI [10.1016/J.BBI.2020.05.026, 10.1016/J.BBI.2020.11.023]",3
DOI:10.1007/s00787-020-01541-4,DOI:10.1016/j.lanepe.2021.100093,4
DOI:10.1007/s00787-020-01541-4,DOI:10.1016/j.psychres.2020.112954,3
DOI:10.1007/s00787-020-01541-4,DOI:10.1007/s00787-021-01790-x,3
DOI:10.1007/s00787-020-01541-4,DOI:10.3389/fpsyg.2020.559951,3
DOI:10.1007/s00787-020-01541-4,DOI:10.1007/s00787-020-01630-4,3
DOI:10.1007/s00787-020-01541-4,DOI:10.1016/s2214-109x(20)30238-2,3
DOI:10.1007/s00787-020-01541-4,DOI:10.3390/healthcare8040472,3
DOI:10.1007/s00787-020-01541-4,DOI:10.3238/arztebl.2020.0828,3
DOI:10.1177/1754073918768878,DOI:10.1016/j.brat.2019.103501,3
DOI:10.1007/s12187-014-9245-7,DOI:10.1177/0004867414533834,3
DOI:10.1177/0004867414533834,DOI:10.1007/s11205-013-0507-4,3
DOI:10.1002/pits.20308,DOI:10.1542/peds.112.6.1231,3
DOI:10.1007/s12187-020-09721-z,DOI:10.1007/s12310-020-09371-0,3
DOI:10.1016/j.jadohealth.2014.06.007,DOI:10.1037/a0020149,3
DOI:10.1007/s40279-019-01099-5,DOI:10.1016/j.psychsport.2018.08.011,5
DOI:10.1007/s40279-019-01099-5,DOI:10.1016/s2352-4642(19)30323-2,3
DOI:10.1007/s40279-019-01099-5,DOI:10.1016/j.cpr.2016.03.006,3
DOI:10.1007/s40279-019-01099-5,DOI:10.1016/s0140-6736(21)01259-9,4
DOI:10.1007/s40279-019-01099-5,DOI:10.1186/s40798-020-00254-x,3
DOI:10.1007/s40279-019-01099-5,DOI:10.1186/s12889-020-09102-9,3
DOI:10.1007/s40279-019-01099-5,"[ANONYMOUS], 2010, GLOB REC PHYS ACT HL",3
DOI:10.1007/s40279-019-01099-5,DOI:10.1007/s00787-016-0875-9,3
DOI:10.1007/s40279-019-01099-5,DOI:10.1186/s12966-016-0432-4,3
DOI:10.1007/s40279-019-01099-5,DOI:10.1542/peds.2016-1642,5
DOI:10.1007/s40279-019-01099-5,DOI:10.1016/j.jad.2020.06.029,4
DOI:10.1007/s40279-019-01099-5,DOI:10.1016/j.jadohealth.2020.05.004,3
DOI:10.1007/s40279-019-01099-5,DOI:10.1016/s0140-6736(20)30460-8,5
DOI:10.1007/s40279-019-01099-5,DOI:10.1089/cyber.2020.0478,3
DOI:10.1007/s40279-019-01099-5,DOI:10.3390/ijerph18073432,3
DOI:10.1007/s40279-019-01099-5,DOI:10.1093/jpepsy/jsq107,3
DOI:10.1007/s40279-019-01099-5,DOI:10.3390/ijerph17114065,3
DOI:10.1007/s40279-019-01099-5,DOI:10.1016/j.jadohealth.2020.07.001,3
DOI:10.1007/s40279-019-01099-5,DOI:10.2991/jegh.k.200908.001,3
DOI:10.1007/s40279-019-01099-5,DOI:10.1016/j.pcad.2020.04.013,3
DOI:10.1016/j.psychsport.2018.08.011,DOI:10.1016/s2352-4642(19)30323-2,4
DOI:10.1016/j.psychsport.2018.08.011,DOI:10.1542/peds.2016-1642,4
DOI:10.1016/j.psychsport.2018.08.011,DOI:10.1001/jamapediatrics.2022.5090,3
DOI:10.1016/j.psychsport.2018.08.011,DOI:10.1136/bjsports-2020-102955,5
DOI:10.1016/j.psychsport.2018.08.011,DOI:10.1016/j.pcad.2020.04.013,3
DOI:10.1016/s2352-4642(19)30323-2,DOI:10.1136/bjsports-2020-102955,3
DOI:10.1016/s2352-4642(19)30323-2,DOI:10.1186/s40798-020-00254-x,3
DOI:10.1016/s2352-4642(19)30323-2,DOI:10.1007/s00787-016-0875-9,3
DOI:10.1016/s2352-4642(19)30323-2,DOI:10.1186/s12966-020-01037-z,5
DOI:10.1016/j.brat.2019.103439,DOI:10.1016/j.brat.2020.103698,4
DOI:10.1016/j.brat.2019.103439,DOI:10.1016/s2352-4642(20)30173-5,5
DOI:10.1016/j.brat.2019.103439,DOI:10.1192/bjp.186.1.11,3
DOI:10.1016/j.brat.2019.103439,DOI:10.1186/1471-2458-11-487,3
DOI:10.1016/j.brat.2019.103439,DOI:10.2307/2136404,3
DOI:10.1016/j.brat.2019.103439,DOI:10.1186/s13063-019-3573-3,3
DOI:10.1016/j.brat.2020.103698,DOI:10.1016/s2352-4642(20)30173-5,5
DOI:10.1016/j.brat.2020.103698,DOI:10.1080/16549716.2020.1775062,3
DOI:10.1016/j.brat.2020.103698,DOI:10.1192/bjp.186.1.11,3
DOI:10.1016/s2352-4642(20)30173-5,DOI:10.1080/16549716.2020.1775062,3
DOI:10.1016/s2352-4642(20)30173-5,DOI:10.1192/bjp.186.1.11,3
DOI:10.1016/s2352-4642(20)30173-5,DOI:10.1371/journal.pmed.1003778,3
DOI:10.1080/16549716.2020.1775062,DOI:10.1192/bjp.186.1.11,3
DOI:10.1192/bjp.186.1.11,DOI:10.1186/s13063-019-3573-3,3
DOI:10.1002/wps.20399,DOI:10.1186/s13033-019-0291-x,3
DOI:10.1192/bjp.2019.19,DOI:10.1016/s0140-6736(20)30547-x,4
DOI:10.1016/s2215-0366(20)30308-4,DOI:10.1016/j.jad.2020.06.029,3
DOI:10.1016/s2215-0366(20)30308-4,DOI:10.1186/s13034-020-00329-3,5
DOI:10.1016/s2215-0366(20)30308-4,DOI:10.1016/j.jad.2021.09.098,3
DOI:10.1016/s2215-0366(20)30308-4,DOI:10.1001/jamapediatrics.2021.2482,4
DOI:10.1016/s2215-0366(20)30308-4,DOI:10.1016/s0140-6736(20)30460-8,3
DOI:10.1186/1471-2458-11-487,DOI:10.2307/2136404,4
DOI:10.1186/1471-2458-11-487,DOI:10.1111/camh.12080,3
"VIZARD T., 2020, NHS DIGITAL",DOI:10.1016/j.jad.2020.06.029,3
"VIZARD T., 2020, NHS DIGITAL",DOI:10.31234/osf.io/hn7us,3
"VIZARD T., 2020, NHS DIGITAL","WIDNALL E., 2020, YOUNG PEOPLES MENTAL HEALTH DURING THE COVID-19 PANDEMIC",5
"VIZARD T., 2020, NHS DIGITAL",DOI:10.1111/jcv2.12009,4
"VIZARD T., 2020, NHS DIGITAL",DOI:10.1136/bmj.n614,3
DOI:10.1016/j.psychres.2010.08.018,DOI:10.1007/s11205-009-9493-y,3
DOI:10.1016/j.psychres.2010.08.018,DOI:10.1016/j.jadohealth.2021.07.039,3
DOI:10.1016/j.psychres.2010.08.018,DOI:10.1097/mlr.0b013e318160d093,3
DOI:10.1016/j.psychres.2010.08.018,DOI:10.3109/01612840903484105,3
DOI:10.1016/j.psychres.2010.08.018,"THOMPSON-HAILE A., 2013, COMPASS TECHNICAL REPORT SERIES, V1, P1",3
DOI:10.1111/jcpp.12584,"CALDWELL DM, 2019, LANCET PSYCHIAT, V6, P1011, DOI [10.1016/S2215-0366(20)30352-7, 10.1016/S2215-0366(19)30403-1]",3
DOI:10.1080/19361521.2011.545047,DOI:10.1177/1359104508100128,3
DOI:10.1186/1471-2288-13-117,"HOFFMANN TC, 2014, BMJ-BRIT MED J, V348, DOI [10.1136/BMJ.G1687, 10.1055/S-0041-111066]",3
DOI:10.1016/s1054-139x(00)00155-5,DOI:10.1002/cpp.572,3
DOI:10.1037/amp0000556,DOI:10.1080/15427609.2018.1541376,3
DOI:10.1037/amp0000556,DOI:10.3390/ijerph15122668,3
"CALDWELL DM, 2019, LANCET PSYCHIAT, V6, P1011, DOI [10.1016/S2215-0366(20)30352-7, 10.1016/S2215-0366(19)30403-1]",DOI:10.1136/bmjopen-2018-022560,3
"CALDWELL DM, 2019, LANCET PSYCHIAT, V6, P1011, DOI [10.1016/S2215-0366(20)30352-7, 10.1016/S2215-0366(19)30403-1]",DOI:10.1001/jamapsychiatry.2021.1129,3
"CALDWELL DM, 2019, LANCET PSYCHIAT, V6, P1011, DOI [10.1016/S2215-0366(20)30352-7, 10.1016/S2215-0366(19)30403-1]",DOI:10.1192/bjb.2023.9,3
DOI:10.1016/s0277-9536(02)00120-x,DOI:10.1136/jech.2003.009449,3
DOI:10.1038/s41380-023-02202-z,DOI:10.1001/jamapediatrics.2021.2482,3
DOI:10.1542/peds.2018-3488,DOI:10.1017/gmh.2022.58,3
DOI:10.1542/peds.2018-3488,DOI:10.3389/fpsyt.2022.1012257,3
DOI:10.1542/peds.2018-3488,DOI:10.1111/j.1469-7610.2009.02136.x,3
DOI:10.1186/s13063-018-3156-8,DOI:10.1186/s13063-018-3157-7,3
DOI:10.1186/s13063-018-3156-8,DOI:10.1186/s13063-018-3159-5,3
DOI:10.1186/s13063-018-3156-8,DOI:10.1186/s13063-018-3160-z,3
DOI:10.1186/s13063-018-3156-8,DOI:10.1186/s13063-018-3161-y,3
DOI:10.1186/s13063-018-3156-8,DOI:10.1186/s13063-018-3162-x,3
DOI:10.1186/s13063-018-3157-7,DOI:10.1186/s13063-018-3159-5,3
DOI:10.1186/s13063-018-3157-7,DOI:10.1186/s13063-018-3160-z,3
DOI:10.1186/s13063-018-3157-7,DOI:10.1186/s13063-018-3161-y,3
DOI:10.1186/s13063-018-3157-7,DOI:10.1186/s13063-018-3162-x,3
DOI:10.1186/s13063-018-3159-5,DOI:10.1186/s13063-018-3160-z,3
DOI:10.1186/s13063-018-3159-5,DOI:10.1186/s13063-018-3161-y,3
DOI:10.1186/s13063-018-3159-5,DOI:10.1186/s13063-018-3162-x,3
DOI:10.1186/s13063-018-3160-z,DOI:10.1186/s13063-018-3161-y,3
DOI:10.1186/s13063-018-3160-z,DOI:10.1186/s13063-018-3162-x,3
DOI:10.1186/s13063-018-3161-y,DOI:10.1186/s13063-018-3162-x,3
DOI:10.1016/j.cpr.2016.03.006,DOI:10.1542/peds.2016-1642,5
DOI:10.1016/j.cpr.2016.03.006,DOI:10.1186/s40798-020-00254-x,5
DOI:10.1016/j.cpr.2016.03.006,DOI:10.1016/s0140-6736(21)01259-9,3
DOI:10.1016/j.cpr.2016.03.006,DOI:10.1186/1479-5868-7-40,3
DOI:10.1016/j.jadohealth.2015.10.010,DOI:10.1016/j.mhpa.2018.08.002,4
DOI:10.1016/j.jadohealth.2015.10.010,DOI:10.1016/j.psychsport.2016.05.008,3
DOI:10.1016/j.jadohealth.2015.10.010,DOI:10.1249/mss.0000000000000993,3
DOI:10.1016/j.mhpa.2018.08.002,DOI:10.1016/j.psychsport.2016.05.008,3
DOI:10.1016/j.mhpa.2018.08.002,DOI:10.1249/mss.0000000000000993,3
DOI:10.1093/jpepsy/jsq107,DOI:10.1007/s00127-007-0232-x,3
DOI:10.1136/bmj.a1655,"CAIRNS K., 2019, INT HDB HLTH LITERAC, P291",3
DOI:10.1136/bmj.a1655,DOI:10.1016/j.socscimed.2008.09.050,3
DOI:10.1136/bmj.a1655,DOI:10.1093/heapro/15.3.259,3
DOI:10.1136/bmj.a1655,DOI:10.1186/1471-2458-12-80,3
DOI:10.1136/bmj.a1655,DOI:10.51952/9781447344520.007,3
DOI:10.1136/bmj.a1655,"JORM A. F., 2014, MENTAL HLTH LITERACY, P27",3
DOI:10.1136/bmj.a1655,"MORGADO TÂNIA, 2014, REVISTA PORTUGUESA DE ENFERMAGEM DE SAÚDE MENTAL, P90",3
DOI:10.1542/peds.2016-1642,DOI:10.1186/1479-5868-7-40,3
DOI:10.1542/peds.2016-1642,DOI:10.1016/j.ridd.2019.03.004,3
DOI:10.1542/peds.2016-1642,DOI:10.1016/s0140-6736(21)01164-8,3
DOI:10.1001/jamanetworkopen.2020.35487,DOI:10.1016/j.jad.2021.02.020,3
DOI:10.1001/jamanetworkopen.2020.35487,DOI:10.1016/j.jad.2021.06.021,4
DOI:10.1001/jamanetworkopen.2020.35487,DOI:10.1038/s41398-021-01271-4,3
DOI:10.1001/jamanetworkopen.2020.35487,DOI:10.1111/camh.12501,3
DOI:10.1001/jamanetworkopen.2020.35487,DOI:10.1016/j.ijdrr.2020.101845,4
DOI:10.1001/jamanetworkopen.2020.35487,DOI:10.1016/s0140-6736(20)30547-x,3
DOI:10.1001/jamanetworkopen.2020.35487,DOI:10.1192/bjp.2019.244,3
DOI:10.1001/jamanetworkopen.2021.21934,DOI:10.1016/j.jad.2021.06.021,3
DOI:10.1001/jamanetworkopen.2021.21934,DOI:10.5664/jcsm.9196,4
DOI:10.1007/s00787-021-01856-w,DOI:10.1016/j.ijchp.2020.100218,3
DOI:10.1007/s00787-021-01856-w,DOI:10.1016/j.jad.2021.06.021,14
DOI:10.1007/s00787-021-01856-w,DOI:10.1016/j.jadohealth.2020.08.026,4
DOI:10.1007/s00787-021-01856-w,DOI:10.1016/j.jadohealth.2020.11.010,3
DOI:10.1007/s00787-021-01856-w,DOI:10.1016/s2215-0366(21)00156-5,6
DOI:10.1007/s00787-021-01856-w,DOI:10.1111/camh.12501,18
DOI:10.1007/s00787-021-01856-w,DOI:10.1007/s00787-022-02060-0,8
DOI:10.1007/s00787-021-01856-w,DOI:10.1016/j.jadohealth.2020.06.018,3
DOI:10.1007/s00787-021-01856-w,DOI:10.1016/j.jadohealth.2022.05.025,3
DOI:10.1007/s00787-021-01856-w,DOI:10.1136/bmjgh-2022-010713,3
DOI:10.1007/s00787-021-01856-w,DOI:10.1177/0706743720940562,4
DOI:10.1007/s00787-021-01856-w,DOI:10.1016/j.sleep.2021.06.002,3
DOI:10.1007/s00787-021-01856-w,DOI:10.1371/journal.pone.0255294,3
DOI:10.1007/s00787-021-01856-w,DOI:10.1001/jamapediatrics.2021.2482,17
DOI:10.1007/s00787-021-01856-w,DOI:10.1001/jamapediatrics.2023.0846,8
DOI:10.1007/s00787-021-01856-w,DOI:10.1007/s00787-021-01935-y,4
DOI:10.1007/s00787-021-01856-w,DOI:10.1016/j.lanepe.2021.100093,5
DOI:10.1007/s00787-021-01856-w,DOI:10.1016/s0140-6736(20)30460-8,6
DOI:10.1007/s00787-021-01856-w,DOI:10.1017/s0033291720005358,3
DOI:10.1007/s00787-021-01856-w,DOI:10.1038/s41562-021-01079-8,4
DOI:10.1007/s00787-021-01856-w,DOI:10.7326/m22-1507,3
DOI:10.1007/s00787-021-01856-w,DOI:10.1002/erv.2763,3
DOI:10.1007/s00787-021-01856-w,DOI:10.1016/j.jad.2021.04.016,3
DOI:10.1007/s00787-021-01856-w,DOI:10.1016/j.jadohealth.2020.09.039,5
DOI:10.1007/s00787-021-01856-w,DOI:10.1016/j.jpeds.2020.03.013,3
DOI:10.1007/s00787-021-01856-w,DOI:10.1016/j.pnpbp.2020.110171,7
DOI:10.1007/s00787-021-01856-w,DOI:10.1136/archdischild-2020-320372,7
DOI:10.1007/s00787-021-01856-w,DOI:10.1186/s12992-020-00627-7,3
DOI:10.1007/s00787-021-01856-w,DOI:10.12669/pjms.36.covid19-s4.2759,6
DOI:10.1007/s00787-021-01856-w,DOI:10.3389/fpsyg.2020.579038,4
DOI:10.1007/s00787-021-01856-w,DOI:10.3390/brainsci10120918,3
DOI:10.1007/s00787-021-01856-w,"[ANONYMOUS], 2021, WHITE HOUSE",3
DOI:10.1007/s00787-021-01856-w,DOI:10.1016/j.ijdrr.2020.101845,7
DOI:10.1007/s00787-021-01856-w,DOI:10.1136/bmj.n614,3
DOI:10.1007/s00787-021-01856-w,DOI:10.1001/jamapediatrics.2021.5840,8
DOI:10.1007/s00787-021-01856-w,DOI:10.1007/s11920-022-01313-8,4
DOI:10.1007/s00787-021-01856-w,DOI:10.1016/s0140-6736(21)02143-7,5
DOI:10.1007/s00787-021-01856-w,DOI:10.1016/s2352-4642(23)00022-6,6
DOI:10.1007/s00787-021-01856-w,DOI:10.1017/dmp.2013.22,4
DOI:10.1007/s00787-021-01856-w,DOI:10.1111/nyas.14947,7
DOI:10.1007/s00787-021-01856-w,DOI:10.1136/bmj-2022-074224,3
DOI:10.1007/s00787-021-01856-w,DOI:10.3389/fpubh.2021.793868,4
DOI:10.1007/s00787-021-01856-w,DOI:10.1093/tropej/fmaa122,9
DOI:10.1007/s00787-021-01856-w,DOI:10.1007/s40894-022-00185-6,3
DOI:10.1007/s00787-021-01856-w,DOI:10.1016/j.jadohealth.2022.06.022,3
DOI:10.1007/s00787-021-01856-w,DOI:10.1111/jcpp.13586,3
DOI:10.1007/s00787-021-01856-w,DOI:10.1111/jcpp.13716,4
DOI:10.1007/s00787-021-01856-w,DOI:10.1111/jora.12668,4
DOI:10.1007/s00787-021-01856-w,DOI:10.1007/s00787-021-01758-x,3
DOI:10.1007/s00787-021-01856-w,DOI:10.1016/j.jad.2021.09.098,5
DOI:10.1007/s00787-021-01856-w,DOI:10.1016/j.jadohealth.2021.04.005,5
DOI:10.1007/s00787-021-01856-w,DOI:10.1016/j.pcl.2021.05.003,4
DOI:10.1007/s00787-021-01856-w,DOI:10.1037/trm0000345,3
DOI:10.1007/s00787-021-01856-w,DOI:10.1111/jcpp.13490,3
DOI:10.1007/s00787-021-01856-w,DOI:10.1186/s13034-020-00329-3,6
DOI:10.1007/s00787-021-01856-w,DOI:10.3390/children8020098,3
DOI:10.1007/s00787-021-01856-w,DOI:10.3390/ijerph18073432,4
DOI:10.1007/s00787-021-01856-w,DOI:10.3390/ijerph18094668,3
DOI:10.1007/s00787-021-01856-w,DOI:10.1016/j.copsyc.2023.101656,3
DOI:10.1007/s00787-021-01856-w,DOI:10.1177/20503121221086712,6
DOI:10.1007/s00787-021-01856-w,DOI:10.1016/s0140-6736(20)30547-x,3
DOI:10.1007/s00787-021-01856-w,DOI:10.1007/s00702-021-02332-0,3
DOI:10.1007/s00787-021-01856-w,DOI:10.1016/j.encep.2020.05.011,4
DOI:10.1007/s00787-021-01856-w,DOI:10.1016/s0140-6736(12)60072-5,3
DOI:10.1007/s00787-021-01856-w,DOI:10.3389/fpsyt.2021.691659,4
DOI:10.1007/s00787-021-01856-w,DOI:10.1080/02673843.2019.1590851,3
DOI:10.1007/s00787-021-01856-w,DOI:10.1007/s00787-023-02206-8,4
DOI:10.1007/s00787-021-01856-w,DOI:10.1007/s00787-023-02263-z,3
DOI:10.1007/s00787-021-01856-w,DOI:10.1007/s10578-021-01297-1,4
DOI:10.1007/s00787-021-01856-w,DOI:10.1111/wvn.12566,3
DOI:10.1007/s00787-021-01856-w,DOI:10.1136/bmj.n71,4
DOI:10.1007/s00787-021-01856-w,DOI:10.1016/j.pcad.2020.04.013,3
DOI:10.1007/s00787-021-01856-w,DOI:10.1038/s41598-020-78438-4,3
DOI:10.1007/s00787-021-01856-w,DOI:10.1016/j.ajp.2020.102077,3
DOI:10.1007/s00787-021-01856-w,DOI:10.3389/fpsyt.2020.00751,3
DOI:10.1007/s00787-021-01856-w,DOI:10.1001/jamapediatrics.2020.1456,3
DOI:10.1007/s00787-021-01856-w,DOI:10.1111/jcpp.13478,3
DOI:10.1007/s00787-021-01856-w,DOI:10.3389/fpsyg.2020.01713,3
DOI:10.1016/j.ajp.2020.102305,DOI:10.1016/j.jad.2020.06.029,3
DOI:10.1016/j.ajp.2020.102305,DOI:10.1016/j.jadohealth.2020.07.001,3
DOI:10.1016/j.ajp.2020.102305,DOI:10.1186/s12992-020-00601-3,3
DOI:10.1016/j.ijchp.2020.100218,DOI:10.1016/j.jadohealth.2020.08.026,4
DOI:10.1016/j.ijchp.2020.100218,DOI:10.1016/j.sleep.2020.06.001,4
DOI:10.1016/j.ijchp.2020.100218,DOI:10.1001/jamapediatrics.2021.2482,3
DOI:10.1016/j.ijchp.2020.100218,DOI:10.1001/jamapediatrics.2020.1456,3
DOI:10.1016/j.ijchp.2020.100218,DOI:10.3390/ijerph17207666,3
DOI:10.1016/j.ijchp.2020.100218,DOI:10.3390/nu13051449,3
DOI:10.1016/j.ijchp.2020.100218,DOI:10.1007/s11136-021-02861-x,3
DOI:10.1016/j.jad.2021.02.020,DOI:10.1016/j.jadohealth.2020.08.026,3
DOI:10.1016/j.jad.2021.06.021,DOI:10.1016/s2215-0366(21)00156-5,5
DOI:10.1016/j.jad.2021.06.021,DOI:10.1111/camh.12501,12
DOI:10.1016/j.jad.2021.06.021,DOI:10.5664/jcsm.9196,3
DOI:10.1016/j.jad.2021.06.021,DOI:10.1016/j.jad.2020.06.029,7
DOI:10.1016/j.jad.2021.06.021,DOI:10.1016/j.jadohealth.2021.04.005,7
DOI:10.1016/j.jad.2021.06.021,DOI:10.1016/s0140-6736(21)02143-7,7
DOI:10.1016/j.jad.2021.06.021,DOI:10.1111/apa.15270,3
DOI:10.1016/j.jad.2021.06.021,DOI:10.1016/s0140-6736(20)30736-4,3
DOI:10.1016/j.jad.2021.06.021,DOI:10.1017/dmp.2013.22,3
DOI:10.1016/j.jad.2021.06.021,DOI:10.1093/tropej/fmaa122,9
DOI:10.1016/j.jad.2021.06.021,DOI:10.1186/s13034-020-00329-3,7
DOI:10.1016/j.jad.2021.06.021,DOI:10.1192/bjo.2021.49,3
DOI:10.1016/j.jad.2021.06.021,DOI:10.12669/pjms.36.5.3088,3
DOI:10.1016/j.jad.2021.06.021,DOI:10.1001/jamapediatrics.2021.2482,20
DOI:10.1016/j.jad.2021.06.021,DOI:10.1001/jamapediatrics.2021.5840,9
DOI:10.1016/j.jad.2021.06.021,DOI:10.1371/journal.pone.0255440,3
DOI:10.1016/j.jad.2021.06.021,DOI:10.1016/j.lanepe.2021.100093,4
DOI:10.1016/j.jad.2021.06.021,DOI:10.1136/archdischild-2020-320372,6
DOI:10.1016/j.jad.2021.06.021,DOI:10.1007/s00787-021-01758-x,3
DOI:10.1016/j.jad.2021.06.021,DOI:10.1016/j.jad.2021.09.098,4
DOI:10.1016/j.jad.2021.06.021,DOI:10.1016/j.jadohealth.2022.06.022,6
DOI:10.1016/j.jad.2021.06.021,DOI:10.1037/tra0001188,3
DOI:10.1016/j.jad.2021.06.021,DOI:10.1038/s41598-021-81720-8,3
DOI:10.1016/j.jad.2021.06.021,DOI:10.1371/journal.pone.0255294,3
DOI:10.1016/j.jad.2021.06.021,DOI:10.3390/ijerph18073432,7
DOI:10.1016/j.jad.2021.06.021,DOI:10.3390/ijerph18094668,3
DOI:10.1016/j.jad.2021.06.021,DOI:10.1001/jamapediatrics.2023.0846,3
DOI:10.1016/j.jad.2021.06.021,DOI:10.1017/s0033291720005358,5
DOI:10.1016/j.jad.2021.06.021,DOI:10.1111/wvn.12566,3
DOI:10.1016/j.jad.2021.06.021,DOI:10.1186/s13034-022-00546-y,3
DOI:10.1016/j.jad.2021.06.021,DOI:10.1001/jamapediatrics.2020.1456,3
DOI:10.1016/j.jad.2021.06.021,DOI:10.1016/j.psychres.2021.113778,3
DOI:10.1016/j.jad.2021.06.021,DOI:10.1016/s0140-6736(20)30460-8,4
DOI:10.1016/j.jad.2021.06.021,DOI:10.1016/s0140-6736(20)30547-x,5
DOI:10.1016/j.jad.2021.06.021,DOI:10.1038/s41598-021-91299-9,3
DOI:10.1016/j.jad.2021.06.021,DOI:10.3390/ijerph17051729,3
DOI:10.1016/j.jad.2021.06.021,DOI:10.4178/epih.e2020038,3
DOI:10.1016/j.jad.2021.06.021,DOI:10.1016/j.ijdrr.2020.101845,4
DOI:10.1016/j.jad.2021.06.021,DOI:10.1016/j.jpeds.2020.03.013,4
DOI:10.1016/j.jad.2021.06.021,DOI:10.1016/j.sleep.2021.06.002,3
DOI:10.1016/j.jad.2021.06.021,DOI:10.3389/fped.2021.661796,3
DOI:10.1016/j.jad.2021.06.021,DOI:10.3389/fpsyt.2021.691659,7
DOI:10.1016/j.jad.2021.06.021,DOI:10.1186/s12887-021-02550-1,3
DOI:10.1016/j.jad.2021.06.021,DOI:10.1097/00004583-199910000-00011,4
DOI:10.1016/j.jad.2021.06.021,DOI:10.1111/jcv2.12009,3
DOI:10.1016/j.jad.2021.06.021,DOI:10.1007/s00787-022-02060-0,5
DOI:10.1016/j.jad.2021.06.021,DOI:10.1089/cyber.2020.0478,3
DOI:10.1016/j.jad.2021.06.021,DOI:10.1007/s10578-021-01297-1,3
DOI:10.1016/j.jad.2021.06.021,DOI:10.1016/j.pnpbp.2020.110171,5
DOI:10.1016/j.jad.2021.06.021,DOI:10.1001/jamapediatrics.2020.1467,3
DOI:10.1016/j.jad.2021.06.021,DOI:10.1007/s00787-020-01630-4,6
DOI:10.1016/j.jad.2021.06.021,DOI:10.3238/arztebl.2020.0828,3
DOI:10.1016/j.jad.2021.06.021,"RAVENS-SIEBERER U., 2006, KIDSCREEN QUESTIONNA",3
DOI:10.1016/j.jad.2021.06.021,DOI:10.1007/s00787-023-02206-8,4
DOI:10.1016/j.jad.2021.06.021,"[ANONYMOUS], 1985, FAMILIENKLIMA-SKALEN. BERICHT 8.1 UND 8.2. INSTITUT FR PSYCHOLOGIEPERSNLICHKEITSPSYCHOLOGIE UND PSYCHODIAGNOSTIK",3
DOI:10.1016/j.jad.2021.06.021,DOI:10.1016/j.jad.2020.08.001,3
DOI:10.1016/j.jad.2021.06.021,DOI:10.1001/jamanetworkopen.2020.14053,3
DOI:10.1016/j.jad.2021.06.021,DOI:10.1016/j.jped.2020.08.008,3
DOI:10.1016/j.jadohealth.2020.08.026,DOI:10.1016/j.psychres.2020.113560,3
DOI:10.1016/j.jadohealth.2020.08.026,DOI:10.1016/j.sleep.2020.06.001,5
DOI:10.1016/j.jadohealth.2020.08.026,DOI:10.1038/s41398-021-01271-4,3
DOI:10.1016/j.jadohealth.2020.08.026,DOI:10.1111/camh.12501,4
DOI:10.1016/j.jadohealth.2020.08.026,DOI:10.3390/ijerph18094977,3
DOI:10.1016/j.jadohealth.2020.08.026,DOI:10.1001/jamapediatrics.2020.5499,4
DOI:10.1016/j.jadohealth.2020.08.026,DOI:10.1016/j.jad.2020.06.029,9
DOI:10.1016/j.jadohealth.2020.08.026,DOI:10.1016/j.jadohealth.2020.05.004,6
DOI:10.1016/j.jadohealth.2020.08.026,DOI:10.1016/j.jadohealth.2020.09.039,6
DOI:10.1016/j.jadohealth.2020.08.026,DOI:10.1038/s41598-021-91299-9,3
DOI:10.1016/j.jadohealth.2020.08.026,DOI:10.1111/appy.12406,4
DOI:10.1016/j.jadohealth.2020.08.026,DOI:10.1186/s12887-021-02550-1,4
DOI:10.1016/j.jadohealth.2020.08.026,DOI:10.1186/s12992-020-00627-7,4
DOI:10.1016/j.jadohealth.2020.08.026,DOI:10.12688/f1000research.24457.1,3
DOI:10.1016/j.jadohealth.2020.08.026,DOI:10.2991/jegh.k.200908.001,3
DOI:10.1016/j.jadohealth.2020.08.026,DOI:10.3390/ijerph17207666,4
DOI:10.1016/j.jadohealth.2020.08.026,DOI:10.1016/j.jadohealth.2020.07.001,8
DOI:10.1016/j.jadohealth.2020.08.026,DOI:10.1111/pcn.13102,4
DOI:10.1016/j.jadohealth.2020.08.026,DOI:10.1016/j.ajp.2020.102077,3
DOI:10.1016/j.jadohealth.2020.08.026,DOI:10.3390/ijerph18031062,4
DOI:10.1016/j.jadohealth.2020.08.026,DOI:10.1001/jamapediatrics.2020.1456,3
DOI:10.1016/j.jadohealth.2020.08.026,DOI:10.1016/j.jpeds.2020.03.013,3
DOI:10.1016/j.jadohealth.2020.08.026,DOI:10.3389/fpsyt.2020.00751,4
DOI:10.1016/j.jadohealth.2020.08.026,DOI:10.1017/s0033291720005358,3
DOI:10.1016/j.jadohealth.2020.08.026,DOI:10.1186/s13034-020-00329-3,3
DOI:10.1016/j.jadohealth.2020.08.026,DOI:10.3390/ijerph17051729,3
DOI:10.1016/j.jadohealth.2020.08.026,DOI:10.3390/ijerph17228547,3
DOI:10.1016/j.jadohealth.2020.08.026,DOI:10.1136/archdischild-2020-320372,3
DOI:10.1016/j.jadohealth.2020.08.026,DOI:10.1007/s12144-020-01191-4,3
DOI:10.1016/j.jadohealth.2020.08.026,DOI:10.1016/s0140-6736(20)30460-8,3
DOI:10.1016/j.jadohealth.2020.11.010,DOI:10.1016/s2215-0366(21)00156-5,3
DOI:10.1016/j.jadohealth.2020.11.010,DOI:10.1016/j.ajp.2020.102066,3
DOI:10.1016/j.jadohealth.2020.11.010,DOI:10.1016/j.jadohealth.2020.09.039,3
DOI:10.1016/j.jadohealth.2020.11.010,DOI:10.1089/cyber.2020.0478,3
DOI:10.1016/j.jadohealth.2021.07.023,DOI:10.1111/camh.12501,3
DOI:10.1016/j.jadohealth.2021.07.023,DOI:10.1001/jamapediatrics.2021.2482,3
DOI:10.1016/j.psychres.2020.112934,DOI:10.3390/ijerph17051729,4
DOI:10.1016/j.psychres.2020.112934,DOI:10.1016/j.encep.2020.05.011,3
DOI:10.1016/j.psychres.2020.112934,DOI:10.1016/s0140-6736(20)30460-8,4
DOI:10.1016/j.psychres.2020.112934,DOI:10.1016/s0140-6736(20)30547-x,4
DOI:10.1016/j.psychres.2020.112934,DOI:10.1016/s2352-4642(20)30096-1,3
DOI:10.1016/j.psychres.2020.112934,DOI:10.3389/fpsyg.2020.579038,3
DOI:10.1016/j.psychres.2020.112934,DOI:10.1016/j.jpeds.2020.03.013,6
DOI:10.1016/j.psychres.2020.112934,DOI:10.1017/dmp.2013.22,4
DOI:10.1016/j.psychres.2020.113560,DOI:10.1016/s2215-0366(21)00156-5,3
DOI:10.1016/j.psychres.2020.113560,DOI:10.1016/j.jadohealth.2020.07.001,3
DOI:10.1016/j.psychres.2020.113560,DOI:10.1016/s0140-6736(20)30547-x,4
DOI:10.1016/j.psychres.2020.113560,DOI:10.1016/j.jad.2020.06.029,5
DOI:10.1016/j.psychres.2020.113560,DOI:10.1111/cch.12816,3
DOI:10.1016/j.psychres.2020.113560,DOI:10.1186/s12992-020-00627-7,3
DOI:10.1016/j.sleep.2020.06.001,DOI:10.1038/s41398-021-01271-4,3
DOI:10.1016/j.sleep.2020.06.001,DOI:10.3390/ijerph18094977,3
DOI:10.1016/j.sleep.2020.06.001,DOI:10.5664/jcsm.9196,3
DOI:10.1016/j.sleep.2020.06.001,DOI:10.1016/j.jad.2020.06.029,5
DOI:10.1016/j.sleep.2020.06.001,DOI:10.1111/appy.12406,3
DOI:10.1016/j.sleep.2020.06.001,DOI:10.1186/s12992-020-00627-7,3
DOI:10.1016/j.sleep.2020.06.001,DOI:10.3390/ijerph17207666,3
DOI:10.1016/s2215-0366(21)00156-5,DOI:10.1111/camh.12501,5
DOI:10.1016/s2215-0366(21)00156-5,DOI:10.1016/j.pcl.2021.05.005,3
DOI:10.1016/s2215-0366(21)00156-5,DOI:10.1136/bmjopen-2021-053676,3
DOI:10.1016/s2215-0366(21)00156-5,DOI:10.1177/0706743720940562,3
DOI:10.1016/s2215-0366(21)00156-5,DOI:10.1016/j.lanepe.2021.100093,6
DOI:10.1016/s2215-0366(21)00156-5,DOI:10.1136/archdischild-2020-320372,7
DOI:10.1016/s2215-0366(21)00156-5,DOI:10.1001/jamapediatrics.2021.2482,6
DOI:10.1016/s2215-0366(21)00156-5,DOI:10.3390/ijerph18073432,3
DOI:10.1016/s2215-0366(21)00156-5,DOI:10.1038/s41562-021-01255-w,3
DOI:10.1016/s2215-0366(21)00156-5,DOI:10.1111/jcv2.12008,3
DOI:10.1016/s2215-0366(21)00156-5,DOI:10.1016/s2215-0366(21)00179-6,3
DOI:10.1016/s2215-0366(21)00156-5,DOI:10.3390/ijerph17197327,3
DOI:10.1016/s2215-0366(21)00156-5,DOI:10.1016/j.jadohealth.2021.04.005,3
DOI:10.1016/s2215-0366(21)00156-5,DOI:10.1111/jcpp.13490,3
DOI:10.1016/s2215-0366(21)00156-5,DOI:10.1186/s13034-020-00329-3,4
DOI:10.1016/s2215-0366(21)00156-5,DOI:10.1002/jcv2.12027,3
DOI:10.1038/s41398-021-01271-4,DOI:10.3390/ijerph18094977,3
DOI:10.1038/s41398-021-01271-4,DOI:10.1016/j.jad.2020.06.029,4
DOI:10.1038/s41398-021-01271-4,DOI:10.1016/s0140-6736(20)30547-x,4
DOI:10.1038/s41398-021-01271-4,DOI:10.1186/s12887-021-02550-1,3
DOI:10.1038/s41398-021-01271-4,DOI:10.1001/jamapediatrics.2021.2482,3
DOI:10.1038/s41398-021-01271-4,DOI:10.1016/j.jad.2021.02.001,3
DOI:10.1038/s41398-021-01271-4,"PAPPA S, 2020, BRAIN BEHAV IMMUN, V88, P901, DOI [10.1016/J.BBI.2020.05.026, 10.1016/J.BBI.2020.11.023]",3
DOI:10.1111/camh.12501,DOI:10.1016/j.jadohealth.2022.05.025,4
DOI:10.1111/camh.12501,"ALAMOLHODA SEIDEH HANIEH, 2023, INT J ADOLESC MED HEALTH, V35, P41, DOI [10.1515/IJAMH-2022-0058, 10.1515/IJAMH-2022-0058]",3
DOI:10.1111/camh.12501,DOI:10.1007/s00787-022-02060-0,9
DOI:10.1111/camh.12501,DOI:10.1016/j.jadohealth.2020.06.018,4
DOI:10.1111/camh.12501,DOI:10.1136/bmjgh-2022-010713,4
DOI:10.1111/camh.12501,DOI:10.1001/jamapediatrics.2021.2482,15
DOI:10.1111/camh.12501,DOI:10.1001/jamapediatrics.2021.5840,12
DOI:10.1111/camh.12501,DOI:10.1002/jad.12017,3
DOI:10.1111/camh.12501,DOI:10.1007/s10578-021-01297-1,4
DOI:10.1111/camh.12501,DOI:10.1007/s40894-022-00185-6,5
DOI:10.1111/camh.12501,DOI:10.1177/20503121221086712,7
DOI:10.1111/camh.12501,DOI:10.3390/children8050415,4
DOI:10.1111/camh.12501,DOI:10.1016/j.pcad.2020.04.013,3
DOI:10.1111/camh.12501,DOI:10.1093/ije/dyw070,3
DOI:10.1111/camh.12501,DOI:10.12669/pjms.36.covid19-s4.2759,4
DOI:10.1111/camh.12501,DOI:10.1016/s0140-6736(21)02143-7,5
DOI:10.1111/camh.12501,DOI:10.1016/s2352-4642(23)00022-6,4
DOI:10.1111/camh.12501,DOI:10.1111/nyas.14947,6
DOI:10.1111/camh.12501,DOI:10.1371/journal.pone.0255440,3
DOI:10.1111/camh.12501,DOI:10.1186/s13034-022-00546-y,4
DOI:10.1111/camh.12501,DOI:10.3390/ijerph18073432,7
DOI:10.1111/camh.12501,DOI:10.1016/j.chiabu.2020.104699,3
DOI:10.1111/camh.12501,DOI:10.1016/j.jadohealth.2020.09.039,4
DOI:10.1111/camh.12501,DOI:10.1016/j.jadohealth.2022.05.020,3
DOI:10.1111/camh.12501,DOI:10.1371/journal.pone.0255294,3
DOI:10.1111/camh.12501,DOI:10.3390/ijerph18031062,3
DOI:10.1111/camh.12501,DOI:10.1016/j.jad.2020.06.029,5
DOI:10.1111/camh.12501,DOI:10.1016/j.jadohealth.2021.04.005,3
DOI:10.1111/camh.12501,DOI:10.1016/j.jadohealth.2022.06.022,8
DOI:10.1111/camh.12501,DOI:10.1007/s00787-020-01578-5,3
DOI:10.1111/camh.12501,DOI:10.1007/s00787-022-01991-y,3
DOI:10.1111/camh.12501,DOI:10.1111/jcpp.13716,3
DOI:10.1111/camh.12501,DOI:10.1111/jora.12668,4
DOI:10.1111/camh.12501,DOI:10.1007/s00787-023-02206-8,7
DOI:10.1111/camh.12501,DOI:10.3389/fpsyt.2021.711791,3
DOI:10.1111/camh.12501,DOI:10.1016/j.jad.2021.09.098,4
DOI:10.1111/camh.12501,DOI:10.1016/s2215-0366(21)00179-6,3
DOI:10.1111/camh.12501,DOI:10.1038/s41562-021-01079-8,4
DOI:10.1111/camh.12501,DOI:10.1186/s13034-020-00329-3,5
DOI:10.1111/camh.12501,DOI:10.1007/s00787-021-01739-0,3
DOI:10.1111/camh.12501,DOI:10.1007/s10578-021-01230-6,3
DOI:10.1111/camh.12501,DOI:10.1016/j.ijdrr.2020.101845,5
DOI:10.1111/camh.12501,DOI:10.1016/j.jpeds.2020.03.013,3
DOI:10.1111/camh.12501,DOI:10.1016/s0140-6736(20)30460-8,4
DOI:10.1111/camh.12501,DOI:10.1093/tropej/fmaa122,6
DOI:10.1111/camh.12501,DOI:10.3389/fpsyt.2021.691659,6
DOI:10.1111/camh.12501,DOI:10.1177/00048674221090174,4
DOI:10.1111/camh.12501,DOI:10.1016/j.pnpbp.2020.110171,5
DOI:10.1111/camh.12501,DOI:10.1016/s0140-6736(20)30547-x,4
DOI:10.1111/camh.12501,DOI:10.1001/jamapediatrics.2023.0846,4
DOI:10.1111/camh.12501,DOI:10.3389/fpsyg.2020.01713,4
DOI:10.1111/camh.12501,DOI:10.1111/wvn.12566,6
DOI:10.1111/camh.12501,DOI:10.1016/j.jad.2023.08.070,4
DOI:10.1111/camh.12501,DOI:10.1016/j.lanepe.2021.100093,3
DOI:10.1111/camh.12501,DOI:10.1007/s11136-021-02861-x,3
DOI:10.3390/ijerph18094977,DOI:10.1001/jamapediatrics.2021.2482,3
DOI:10.5664/jcsm.9196,DOI:10.1016/j.lanepe.2021.100093,3
DOI:10.5664/jcsm.9196,DOI:10.1037/tra0001188,3
DOI:10.1001/jamapediatrics.2021.2482,DOI:10.1016/j.jad.2021.09.052,3
DOI:10.1001/jamapediatrics.2021.2482,DOI:10.1136/bmjopen-2018-023191,3
DOI:10.1001/jamapediatrics.2021.2482,"[ANONYMOUS], 2021, PROTECTING YOUTH MENTAL HEALTH: THE U.S. SURGEON GENERAL'S ADVISORY [PRESS RELEASE]",3
DOI:10.1001/jamapediatrics.2021.2482,DOI:10.1001/jamapediatrics.2021.5840,19
DOI:10.1001/jamapediatrics.2021.2482,DOI:10.1007/s12144-020-01191-4,5
DOI:10.1001/jamapediatrics.2021.2482,DOI:10.1016/j.jad.2020.06.029,10
DOI:10.1001/jamapediatrics.2021.2482,DOI:10.2991/jegh.k.200908.001,4
DOI:10.1001/jamapediatrics.2021.2482,DOI:10.1001/jamapediatrics.2020.1456,8
DOI:10.1001/jamapediatrics.2021.2482,DOI:10.1007/s11205-009-9493-y,3
DOI:10.1001/jamapediatrics.2021.2482,DOI:10.1016/s0749-3797(18)30622-6,5
DOI:10.1001/jamapediatrics.2021.2482,DOI:10.1038/s41562-021-01255-w,4
DOI:10.1001/jamapediatrics.2021.2482,DOI:10.1139/facets-2021-0078,4
DOI:10.1001/jamapediatrics.2021.2482,DOI:10.3109/01612840903484105,4
DOI:10.1001/jamapediatrics.2021.2482,"THOMPSON-HAILE A., 2013, COMPASS TECHNICAL REPORT SERIES, V1, P1",3
DOI:10.1001/jamapediatrics.2021.2482,DOI:10.1542/peds.2009-2712,3
DOI:10.1001/jamapediatrics.2021.2482,"SILVA M, 2016, EUR J PSYCHIAT, V30, P259",3
DOI:10.1001/jamapediatrics.2021.2482,DOI:10.1007/s10578-021-01297-1,5
DOI:10.1001/jamapediatrics.2021.2482,DOI:10.1017/s0033291721000015,3
DOI:10.1001/jamapediatrics.2021.2482,DOI:10.1177/20503121221086712,4
DOI:10.1001/jamapediatrics.2021.2482,DOI:10.3390/children8050415,3
DOI:10.1001/jamapediatrics.2021.2482,DOI:10.1007/s00787-020-01630-4,5
DOI:10.1001/jamapediatrics.2021.2482,DOI:10.1136/bmjopen-2020-042871,4
DOI:10.1001/jamapediatrics.2021.2482,DOI:10.1542/peds.2020-016824,7
DOI:10.1001/jamapediatrics.2021.2482,DOI:10.1001/jamapediatrics.2023.0846,8
DOI:10.1001/jamapediatrics.2021.2482,DOI:10.1007/s00787-021-01935-y,5
DOI:10.1001/jamapediatrics.2021.2482,DOI:10.1016/j.jadohealth.2022.05.009],3
DOI:10.1001/jamapediatrics.2021.2482,DOI:10.1016/j.lanepe.2021.100093,7
DOI:10.1001/jamapediatrics.2021.2482,DOI:10.1016/s0140-6736(20)30460-8,12
DOI:10.1001/jamapediatrics.2021.2482,DOI:10.1017/s0033291720005358,9
DOI:10.1001/jamapediatrics.2021.2482,DOI:10.1007/s10578-020-01089-z,3
DOI:10.1001/jamapediatrics.2021.2482,DOI:10.1016/j.jpeds.2020.03.013,11
DOI:10.1001/jamapediatrics.2021.2482,DOI:10.1016/j.pcl.2021.05.003,6
DOI:10.1001/jamapediatrics.2021.2482,DOI:10.1016/j.pnpbp.2020.110171,9
DOI:10.1001/jamapediatrics.2021.2482,DOI:10.1016/j.psychres.2020.113070,3
DOI:10.1001/jamapediatrics.2021.2482,DOI:10.1017/dmp.2013.22,3
DOI:10.1001/jamapediatrics.2021.2482,DOI:10.1093/jpepsy/jsaa092,3
DOI:10.1001/jamapediatrics.2021.2482,DOI:10.1177/07067437211070648,3
DOI:10.1001/jamapediatrics.2021.2482,DOI:10.1186/s13034-020-00329-3,14
DOI:10.1001/jamapediatrics.2021.2482,DOI:10.1542/peds.2020-007294,6
DOI:10.1001/jamapediatrics.2021.2482,DOI:10.3389/fpsyg.2020.579038,4
DOI:10.1001/jamapediatrics.2021.2482,DOI:10.3390/ijerph17051729,5
DOI:10.1001/jamapediatrics.2021.2482,DOI:10.3390/ijerph18052361,4
DOI:10.1001/jamapediatrics.2021.2482,DOI:10.3390/ijerph18073432,12
DOI:10.1001/jamapediatrics.2021.2482,DOI:10.3390/life11111188,3
DOI:10.1001/jamapediatrics.2021.2482,"WHO, 2020, HELPING CHILDREN COPE WITH STRESS DURING THE 2019-NCOV OUTBREAK",3
DOI:10.1001/jamapediatrics.2021.2482,DOI:10.1093/tropej/fmaa122,13
DOI:10.1001/jamapediatrics.2021.2482,DOI:10.12669/pjms.36.5.3088,3
DOI:10.1001/jamapediatrics.2021.2482,DOI:10.3390/ijerph17228297,3
DOI:10.1001/jamapediatrics.2021.2482,DOI:10.1016/s2215-0366(16)30348-0,4
DOI:10.1001/jamapediatrics.2021.2482,DOI:10.1111/bjc.12331,3
DOI:10.1001/jamapediatrics.2021.2482,DOI:10.3389/fhumd.2021.684137,3
DOI:10.1001/jamapediatrics.2021.2482,DOI:10.1007/s11920-022-01313-8,3
DOI:10.1001/jamapediatrics.2021.2482,DOI:10.1016/s0140-6736(21)02143-7,14
DOI:10.1001/jamapediatrics.2021.2482,DOI:10.1111/nyas.14947,5
DOI:10.1001/jamapediatrics.2021.2482,DOI:10.1371/journal.pone.0255440,4
DOI:10.1001/jamapediatrics.2021.2482,DOI:10.1001/jamapediatrics.2021.6298,5
DOI:10.1001/jamapediatrics.2021.2482,DOI:10.1007/s00787-023-02206-8,5
DOI:10.1001/jamapediatrics.2021.2482,DOI:10.1371/journal.pone.0255294,7
DOI:10.1001/jamapediatrics.2021.2482,DOI:10.1503/jpn.150205,3
DOI:10.1001/jamapediatrics.2021.2482,DOI:10.1111/jcv2.12008,3
DOI:10.1001/jamapediatrics.2021.2482,DOI:10.1136/archdischild-2020-320372,8
DOI:10.1001/jamapediatrics.2021.2482,DOI:10.1016/j.jadohealth.2020.06.018,4
DOI:10.1001/jamapediatrics.2021.2482,DOI:10.1016/s2215-0366(21)00091-2,3
DOI:10.1001/jamapediatrics.2021.2482,DOI:10.1111/ijcp.14880,4
DOI:10.1001/jamapediatrics.2021.2482,DOI:10.1111/wvn.12566,6
DOI:10.1001/jamapediatrics.2021.2482,DOI:10.23736/s0026-4946.20.05887-9,3
DOI:10.1001/jamapediatrics.2021.2482,DOI:10.1016/j.ijdrr.2020.101845,9
DOI:10.1001/jamapediatrics.2021.2482,DOI:10.1136/ebmental-2021-300277,3
DOI:10.1001/jamapediatrics.2021.2482,DOI:10.1177/00048674221090174,4
DOI:10.1001/jamapediatrics.2021.2482,DOI:10.1186/s13034-021-00397-z,3
DOI:10.1001/jamapediatrics.2021.2482,"BERGER G, 2022, SWISS MED WKLY, V152, DOI [10.4414/SMW.2022.W30142, 10.4414/SMW.2022.W30142]",3
DOI:10.1001/jamapediatrics.2021.2482,DOI:10.1007/s00787-021-01843-1,3
DOI:10.1001/jamapediatrics.2021.2482,DOI:10.1542/peds.2020-029280,5
DOI:10.1001/jamapediatrics.2021.2482,DOI:10.1542/peds.2021-051507,5
DOI:10.1001/jamapediatrics.2021.2482,DOI:10.3390/ijerph18094668,5
DOI:10.1001/jamapediatrics.2021.2482,DOI:10.3238/arztebl.2020.0828,3
DOI:10.1001/jamapediatrics.2021.2482,DOI:10.1007/s00787-021-01739-0,3
DOI:10.1001/jamapediatrics.2021.2482,DOI:10.1007/s10896-020-00200-1,3
DOI:10.1001/jamapediatrics.2021.2482,DOI:10.1007/s42844-020-00010-w,4
DOI:10.1001/jamapediatrics.2021.2482,DOI:10.1016/j.chiabu.2020.104699,5
DOI:10.1001/jamapediatrics.2021.2482,DOI:10.1016/j.chiabu.2020.104709,3
DOI:10.1001/jamapediatrics.2021.2482,DOI:10.1177/15248380211038690,3
DOI:10.1001/jamapediatrics.2021.2482,DOI:10.1177/0706743720935646,3
DOI:10.1001/jamapediatrics.2021.2482,DOI:10.1007/s00787-021-01758-x,4
DOI:10.1001/jamapediatrics.2021.2482,DOI:10.1007/s10578-021-01216-4,3
DOI:10.1001/jamapediatrics.2021.2482,DOI:10.1007/s11136-021-02861-x,6
DOI:10.1001/jamapediatrics.2021.2482,DOI:10.1016/j.jad.2021.09.098,4
DOI:10.1001/jamapediatrics.2021.2482,DOI:10.1016/j.jadohealth.2021.04.005,4
DOI:10.1001/jamapediatrics.2021.2482,DOI:10.1016/j.jadohealth.2022.06.022,9
DOI:10.1001/jamapediatrics.2021.2482,DOI:10.1111/jcpp.13490,4
DOI:10.1001/jamapediatrics.2021.2482,DOI:10.3390/ijerph18158074,3
DOI:10.1001/jamapediatrics.2021.2482,DOI:10.1001/jamapsychiatry.2020.4402,3
DOI:10.1001/jamapediatrics.2021.2482,DOI:10.1002/hec.3885,5
DOI:10.1001/jamapediatrics.2021.2482,DOI:10.1001/jamanetworkopen.2021.37395,4
DOI:10.1001/jamapediatrics.2021.2482,DOI:10.1001/jamanetworkopen.2021.43144,3
DOI:10.1001/jamapediatrics.2021.2482,DOI:10.1016/j.jadohealth.2021.09.025,4
DOI:10.1001/jamapediatrics.2021.2482,DOI:10.1007/s10578-020-01037-x,4
DOI:10.1001/jamapediatrics.2021.2482,DOI:10.1016/s0140-6736(20)30547-x,6
DOI:10.1001/jamapediatrics.2021.2482,DOI:10.1016/j.jad.2020.08.001,3
DOI:10.1001/jamapediatrics.2021.2482,DOI:10.1016/j.sleep.2021.06.002,4
DOI:10.1001/jamapediatrics.2021.2482,DOI:10.1186/s13034-020-00347-1,3
DOI:10.1001/jamapediatrics.2021.2482,DOI:10.3389/fped.2021.661796,3
DOI:10.1001/jamapediatrics.2021.2482,DOI:10.3389/fpsyt.2021.691659,8
DOI:10.1001/jamapediatrics.2021.2482,DOI:10.1111/jcpp.13586,3
DOI:10.1001/jamapediatrics.2021.2482,DOI:10.1111/jcv2.12009,3
DOI:10.1001/jamapediatrics.2021.2482,DOI:10.1001/jamanetworkopen.2021.14866,3
DOI:10.1001/jamapediatrics.2021.2482,DOI:10.1007/s00787-022-02032-4,3
DOI:10.1001/jamapediatrics.2021.2482,DOI:10.1016/j.jad.2020.11.117,3
DOI:10.1001/jamapediatrics.2021.2482,DOI:10.1016/j.jped.2020.08.008,3
DOI:10.1001/jamapediatrics.2021.2482,DOI:10.1007/s10578-021-01230-6,3
DOI:10.1001/jamapediatrics.2021.2482,DOI:10.1016/j.brat.2019.103501,4
DOI:10.1001/jamapediatrics.2021.2482,DOI:10.1007/s00787-022-01991-y,4
DOI:10.1001/jamapediatrics.2021.2482,DOI:10.1186/s12887-021-02550-1,3
DOI:10.1001/jamapediatrics.2021.2482,DOI:10.1186/s12992-020-00627-7,3
DOI:10.1001/jamapediatrics.2021.2482,DOI:10.1371/journal.pone.0264951,3
DOI:10.1001/jamapediatrics.2021.2482,DOI:10.3389/fpsyg.2020.586074,3
DOI:10.1001/jamapediatrics.2021.2482,DOI:10.1136/bmj.n71,3
DOI:10.1001/jamapediatrics.2021.2482,DOI:10.3389/fpsyt.2021.711791,3
DOI:10.1001/jamapediatrics.2021.2482,DOI:10.3390/ijerph18031062,3
DOI:10.1001/jamapediatrics.2021.2482,DOI:10.1016/j.pcad.2020.04.013,3
DOI:10.1001/jamapediatrics.2021.2482,DOI:10.1038/s41598-020-78438-4,3
DOI:10.1001/jamapediatrics.2021.2482,DOI:10.1016/j.psychres.2021.113778,3
DOI:10.1001/jamapediatrics.2021.2482,DOI:10.1016/s2215-0366(20)30356-4,3
DOI:10.1001/jamapediatrics.2021.2482,DOI:10.1097/00004583-199910000-00011,3
DOI:10.1001/jamapediatrics.2021.2482,"RAVENS-SIEBERER U., 2006, KIDSCREEN QUESTIONNA",3
DOI:10.1001/jamapediatrics.2021.2482,DOI:10.1007/s10964-016-0585-0,3
DOI:10.1001/jamapediatrics.2021.2482,DOI:10.1016/j.econlet.2022.110458,4
DOI:10.1001/jamapediatrics.2021.2482,DOI:10.1016/j.jad.2023.08.070,3
DOI:10.1001/jamapediatrics.2021.2482,DOI:10.1007/s00787-022-02060-0,7
DOI:10.1001/jamapediatrics.2021.2482,DOI:10.1016/j.jpsychires.2021.12.058,3
DOI:10.1001/jamapediatrics.2021.2482,"[ANONYMOUS], 1985, FAMILIENKLIMA-SKALEN. BERICHT 8.1 UND 8.2. INSTITUT FR PSYCHOLOGIEPERSNLICHKEITSPSYCHOLOGIE UND PSYCHODIAGNOSTIK",3
DOI:10.1001/jamapediatrics.2021.2482,DOI:10.1001/jamanetworkopen.2020.25591,3
DOI:10.1001/jamapediatrics.2021.2482,DOI:10.1177/17456916211029964,3
DOI:10.1001/jamapediatrics.2021.2482,DOI:10.1177/0706743720940562,4
DOI:10.1001/jamapediatrics.2021.2482,DOI:10.1007/s11136-013-0428-3,3
DOI:10.1001/jamapediatrics.2021.2482,DOI:10.3390/ijerph18094563,5
DOI:10.1001/jamapediatrics.2021.2482,DOI:10.1016/s2468-2667(20)30288-7,3
DOI:10.1001/jamapediatrics.2021.2482,DOI:10.1186/s13034-022-00546-y,3
DOI:10.1001/jamapediatrics.2021.2482,DOI:10.1111/jora.12668,3
DOI:10.1001/jamapediatrics.2021.2482,DOI:10.1007/978-1-4419-9186-711,3
DOI:10.1016/j.ajp.2020.102077,DOI:10.1111/pcn.13102,3
DOI:10.1016/j.ajp.2020.102077,DOI:10.1016/j.jpeds.2020.03.013,6
DOI:10.1016/j.ajp.2020.102077,DOI:10.1016/s0140-6736(20)30547-x,3
DOI:10.1016/j.ajp.2020.102077,DOI:10.3390/brainsci10060341,6
DOI:10.1016/j.ajp.2020.102077,DOI:10.1001/jamapediatrics.2020.1456,3
DOI:10.1016/j.ajp.2020.102077,DOI:10.1016/s0140-6736(20)30460-8,4
DOI:10.1016/j.ajp.2020.102077,DOI:10.1016/s2352-4642(20)30110-3,4
DOI:10.1016/j.ajp.2020.102077,DOI:10.1186/s13034-020-00329-3,5
DOI:10.1016/j.ajp.2020.102077,DOI:10.1016/j.encep.2020.05.011,4
DOI:10.1016/j.ajp.2020.102077,DOI:10.3389/fpsyg.2020.579038,3
DOI:10.1016/j.ajp.2020.102077,DOI:10.1017/dmp.2013.22,3
DOI:10.1111/pcn.13102,DOI:10.1016/j.jad.2020.06.029,6
DOI:10.1111/pcn.13102,DOI:10.1111/appy.12406,3
DOI:10.1111/pcn.13102,DOI:10.1186/s12992-020-00601-3,3
DOI:10.1111/pcn.13102,DOI:10.1016/j.jadohealth.2020.05.004,3
DOI:10.1111/pcn.13102,DOI:10.1016/j.jadohealth.2020.07.001,3
DOI:10.1111/pcn.13102,DOI:10.1001/jamapediatrics.2020.1456,4
DOI:10.1111/pcn.13102,DOI:10.3389/fpsyg.2020.579038,3
DOI:10.1186/s40798-020-00254-x,DOI:10.1016/s0140-6736(21)01259-9,3
DOI:10.1186/s40798-020-00254-x,DOI:10.1136/bjsports-2020-102955,3
DOI:10.1186/s40798-020-00254-x,DOI:10.1186/s12966-020-01037-z,3
DOI:10.1001/jamapsychiatry.2020.4402,DOI:10.1542/peds.2020-016824,3
DOI:10.1016/j.jadohealth.2022.05.025,DOI:10.1016/j.jadohealth.2020.06.018,3
DOI:10.1001/jamapediatrics.2021.5840,DOI:10.1038/s41562-020-01042-z,3
DOI:10.1001/jamapediatrics.2021.5840,DOI:10.1016/j.jad.2020.06.029,4
DOI:10.1001/jamapediatrics.2021.5840,DOI:10.2991/jegh.k.200908.001,3
DOI:10.1001/jamapediatrics.2021.5840,DOI:10.1037/amp0000707,3
DOI:10.1001/jamapediatrics.2021.5840,DOI:10.1001/jamapediatrics.2020.1456,3
DOI:10.1001/jamapediatrics.2021.5840,"[ANONYMOUS], COVID-19 AND SCHOOL CLOSURES: ONE YEAR OF EDUCATION DISRUPTION",3
DOI:10.1001/jamapediatrics.2021.5840,DOI:10.1007/s10578-021-01297-1,4
DOI:10.1001/jamapediatrics.2021.5840,DOI:10.1016/j.jad.2020.11.117,3
DOI:10.1001/jamapediatrics.2021.5840,DOI:10.1136/bmj.n71,3
DOI:10.1001/jamapediatrics.2021.5840,DOI:10.3390/children8050415,4
DOI:10.1001/jamapediatrics.2021.5840,DOI:10.1016/s0140-6736(20)30547-x,5
DOI:10.1001/jamapediatrics.2021.5840,DOI:10.1016/s0140-6736(21)02143-7,6
DOI:10.1001/jamapediatrics.2021.5840,DOI:10.1177/20503121221086712,6
DOI:10.1001/jamapediatrics.2021.5840,DOI:10.1007/s00787-023-02206-8,5
DOI:10.1001/jamapediatrics.2021.5840,DOI:10.1016/j.pcl.2021.05.003,3
DOI:10.1001/jamapediatrics.2021.5840,DOI:10.1017/s0033291720005358,3
DOI:10.1001/jamapediatrics.2021.5840,DOI:10.1111/jcpp.13716,3
DOI:10.1001/jamapediatrics.2021.5840,DOI:10.1111/nyas.14947,5
DOI:10.1001/jamapediatrics.2021.5840,DOI:10.1111/wvn.12566,4
DOI:10.1001/jamapediatrics.2021.5840,DOI:10.3389/fped.2021.661796,4
DOI:10.1001/jamapediatrics.2021.5840,DOI:10.3389/fpsyt.2021.691659,6
DOI:10.1001/jamapediatrics.2021.5840,DOI:10.1017/dmp.2013.22,3
DOI:10.1001/jamapediatrics.2021.5840,DOI:10.1016/j.jpeds.2020.03.013,6
DOI:10.1001/jamapediatrics.2021.5840,DOI:10.1038/s41598-021-91299-9,3
DOI:10.1001/jamapediatrics.2021.5840,DOI:10.1186/s13034-020-00329-3,4
DOI:10.1001/jamapediatrics.2021.5840,DOI:10.3390/ijerph17051729,3
DOI:10.1001/jamapediatrics.2021.5840,DOI:10.1007/s10578-020-01037-x,3
DOI:10.1001/jamapediatrics.2021.5840,DOI:10.1016/s0140-6736(20)30460-8,8
DOI:10.1001/jamapediatrics.2021.5840,DOI:10.1016/j.ijdrr.2020.101845,5
DOI:10.1001/jamapediatrics.2021.5840,DOI:10.1093/tropej/fmaa122,5
DOI:10.1001/jamapediatrics.2021.5840,DOI:10.3390/ijerph18073432,4
DOI:10.1001/jamapediatrics.2021.5840,DOI:10.1016/j.jped.2020.08.008,3
DOI:10.1001/jamapediatrics.2021.5840,DOI:10.1016/j.jad.2021.09.098,3
DOI:10.1001/jamapediatrics.2021.5840,DOI:10.1016/j.pnpbp.2020.110171,5
DOI:10.1001/jamapediatrics.2021.5840,DOI:10.1542/peds.2021-051507,3
DOI:10.1001/jamapediatrics.2021.5840,DOI:10.1016/j.lanepe.2021.100093,3
DOI:10.1001/jamapediatrics.2021.5840,DOI:10.1001/jamanetworkopen.2021.37395,3
DOI:10.1001/jamapediatrics.2021.5840,DOI:10.1542/peds.2020-016824,3
DOI:10.1001/jamapediatrics.2021.5840,DOI:10.1007/s00787-022-02060-0,5
DOI:10.1001/jamapediatrics.2021.5840,DOI:10.1016/j.jadohealth.2021.09.025,3
DOI:10.1001/jamapediatrics.2021.5840,DOI:10.1016/j.jadohealth.2020.09.039,3
DOI:10.1016/j.chiabu.2020.104680,DOI:10.1038/s41562-020-01042-z,4
DOI:10.1016/j.chiabu.2020.104680,DOI:10.1016/j.chiabu.2020.104699,4
DOI:10.1016/j.chiabu.2020.104680,DOI:10.1016/j.ijdrr.2020.101845,3
DOI:10.1016/j.chiabu.2020.104680,DOI:10.1016/j.jad.2020.06.029,3
DOI:10.1016/j.chiabu.2020.104680,DOI:10.1016/j.jadohealth.2020.06.002,3
DOI:10.1016/j.chiabu.2020.104680,DOI:10.1016/j.chiabu.2020.104709,4
DOI:10.1016/j.chiabu.2020.104680,DOI:10.1542/peds.2020-016824,4
DOI:10.1016/s2215-0366(20)30570-8,DOI:10.1136/bmj.n614,3
DOI:10.1016/s2215-0366(20)30570-8,DOI:10.1016/j.ijdrr.2020.101845,3
DOI:10.1016/s2215-0366(20)30570-8,DOI:10.1016/s0140-6736(20)30547-x,3
DOI:10.1016/s2215-0366(20)30570-8,DOI:10.1542/peds.2020-016824,3
DOI:10.1016/s2215-0366(20)30570-8,DOI:10.1016/0005-7967(94)00075-u,3
DOI:10.1016/s2215-0366(20)30570-8,DOI:10.1016/s0140-6736(20)30460-8,3
DOI:10.1038/s41562-020-01042-z,DOI:10.1016/j.psychres.2021.114276,3
DOI:10.1001/jama.2013.281053,DOI:10.1016/j.ijdrr.2020.101845,3
DOI:10.1001/jama.2013.281053,DOI:10.1016/0005-7967(94)00075-u,3
DOI:10.1001/jama.2013.281053,DOI:10.1023/a:1016014818163,3
DOI:10.1001/jama.2013.281053,"FONSECA-PEDRERO E., 2010, ANSIEDAD Y ESTRES, V16, P215",3
DOI:10.1037/a0022714,DOI:10.1007/s12310-018-9263-6,3
DOI:10.1037/a0022714,DOI:10.1007/978-3-319-89842-1_9,3
DOI:10.1037/a0022714,DOI:10.1016/j.jclinepi.2015.10.005,3
DOI:10.1037/a0022714,DOI:10.1017/s0033291717002835,3
DOI:10.1037/a0022714,DOI:10.1097/jom.0000000000001597,3
DOI:10.1037/a0022714,DOI:10.1177/070674371005500707,3
DOI:10.1037/a0022714,DOI:10.1186/1471-244x-10-51,3
DOI:10.1037/a0022714,DOI:10.1192/bjp.185.4.342,3
DOI:10.1037/a0022714,DOI:10.3389/fpsyg.2016.00911,3
DOI:10.1001/jamapediatrics.2020.1456,DOI:10.1016/s0140-6736(20)30460-8,8
DOI:10.1001/jamapediatrics.2020.1456,DOI:10.1016/s2214-109x(20)30116-9,4
DOI:10.1001/jamapediatrics.2020.1456,DOI:10.1016/s2352-4642(20)30095-x,4
DOI:10.1001/jamapediatrics.2020.1456,DOI:10.1016/s0140-6736(20)30547-x,9
DOI:10.1001/jamapediatrics.2020.1456,DOI:10.1017/dmp.2013.22,7
DOI:10.1001/jamapediatrics.2020.1456,DOI:10.1007/s11205-009-9493-y,3
DOI:10.1001/jamapediatrics.2020.1456,DOI:10.1016/s0749-3797(18)30622-6,3
DOI:10.1001/jamapediatrics.2020.1456,DOI:10.3390/ijerph17217800,3
DOI:10.1001/jamapediatrics.2020.1456,DOI:10.1016/s2468-2667(20)30084-0,5
DOI:10.1001/jamapediatrics.2020.1456,DOI:10.1136/bmjpo-2020-000701,4
DOI:10.1001/jamapediatrics.2020.1456,DOI:10.1177/0706743720935646,4
DOI:10.1001/jamapediatrics.2020.1456,DOI:10.1111/appy.12406,3
DOI:10.1001/jamapediatrics.2020.1456,DOI:10.3390/ijerph17051729,8
DOI:10.1001/jamapediatrics.2020.1456,DOI:10.1186/s13034-020-00329-3,11
DOI:10.1001/jamapediatrics.2020.1456,DOI:10.1016/j.jad.2020.06.029,11
DOI:10.1001/jamapediatrics.2020.1456,DOI:10.1542/peds.2020-007294,3
DOI:10.1001/jamapediatrics.2020.1456,DOI:10.1016/s2352-4642(20)30110-3,4
DOI:10.1001/jamapediatrics.2020.1456,DOI:10.1080/13548506.2016.1153679,3
DOI:10.1001/jamapediatrics.2020.1456,DOI:10.12669/pjms.36.covid19-s4.2759,3
DOI:10.1001/jamapediatrics.2020.1456,DOI:10.1542/peds.2020-016824,5
DOI:10.1001/jamapediatrics.2020.1456,DOI:10.1016/j.jadohealth.2020.05.004,5
DOI:10.1001/jamapediatrics.2020.1456,DOI:10.1016/j.jpeds.2020.03.013,7
DOI:10.1001/jamapediatrics.2020.1456,DOI:10.1016/j.pnpbp.2020.110171,3
DOI:10.1001/jamapediatrics.2020.1456,DOI:10.1111/jsr.13142,3
DOI:10.1001/jamapediatrics.2020.1456,DOI:10.3389/fpsyg.2020.579038,6
DOI:10.1001/jamapediatrics.2020.1456,DOI:10.3390/brainsci10060341,4
DOI:10.1001/jamapediatrics.2020.1456,DOI:10.3390/ijerph18073432,5
DOI:10.1001/jamapediatrics.2020.1456,DOI:10.1016/s2215-0366(20)30197-8,3
DOI:10.1001/jamapediatrics.2020.1456,DOI:10.1111/jcpp.13278,4
DOI:10.1001/jamapediatrics.2020.1456,DOI:10.1016/j.ajp.2020.102092,3
DOI:10.1001/jamapediatrics.2020.1456,DOI:10.1016/j.psychres.2020.113143,3
DOI:10.1001/jamapediatrics.2020.1456,DOI:10.1016/s2215-0366(20)30090-0,3
DOI:10.1001/jamapediatrics.2020.1456,DOI:10.1016/s2352-4642(20)30096-1,4
DOI:10.1001/jamapediatrics.2020.1456,DOI:10.1136/gpsych-2020-100213,3
DOI:10.1001/jamapediatrics.2020.1456,DOI:10.1007/s11136-021-02861-x,4
DOI:10.1001/jamapediatrics.2020.1456,DOI:10.1186/s12887-021-02550-1,4
DOI:10.1001/jamapediatrics.2020.1456,DOI:10.1016/s0140-6736(21)02143-7,3
DOI:10.1001/jamapediatrics.2020.1456,DOI:10.1007/s00787-020-01583-8,3
DOI:10.1001/jamapediatrics.2020.1456,DOI:10.1016/j.jad.2008.06.026,3
DOI:10.1001/jamapediatrics.2020.1456,DOI:10.1186/s12966-017-0555-2,3
DOI:10.1001/jamapediatrics.2020.1456,DOI:10.1186/s12966-020-00987-8,3
DOI:10.1001/jamapediatrics.2020.1456,DOI:10.1016/j.ijdrr.2020.101845,6
DOI:10.1001/jamapediatrics.2020.1456,DOI:10.1136/archdischild-2020-320372,4
DOI:10.1001/jamapediatrics.2020.1456,DOI:10.1016/j.jadohealth.2020.06.018,4
DOI:10.1001/jamapediatrics.2020.1456,DOI:10.1017/s0033291720005358,4
DOI:10.1001/jamapediatrics.2020.1456,DOI:10.1186/s12992-020-00601-3,4
DOI:10.1001/jamapediatrics.2020.1456,"PAPPA S, 2020, BRAIN BEHAV IMMUN, V88, P901, DOI [10.1016/J.BBI.2020.05.026, 10.1016/J.BBI.2020.11.023]",3
DOI:10.1001/jamapediatrics.2020.1456,DOI:10.1001/jamapediatrics.2021.6298,3
DOI:10.1001/jamapediatrics.2020.1456,DOI:10.1177/0706743720940562,4
DOI:10.1016/s0140-6736(20)30460-8,DOI:10.1016/s2352-4642(20)30095-x,6
DOI:10.1016/s0140-6736(20)30460-8,DOI:10.1177/0020764020915212,3
DOI:10.1016/s0140-6736(20)30460-8,"CAMPBELL ANDREW M, 2020, FORENSIC SCI INT REP, V2, P100089, DOI [10.1016/J.FSIR.2020.100089, 10.1016/J.FSIR.2020.100089]",3
DOI:10.1016/s0140-6736(20)30460-8,DOI:10.1016/s2352-4642(20)30096-1,6
DOI:10.1016/s0140-6736(20)30460-8,DOI:10.1017/dmp.2013.22,10
DOI:10.1016/s0140-6736(20)30460-8,DOI:10.1186/s12966-017-0555-2,3
DOI:10.1016/s0140-6736(20)30460-8,DOI:10.1016/s0140-6736(20)30736-4,3
DOI:10.1016/s0140-6736(20)30460-8,DOI:10.1016/s2468-2667(20)30084-0,4
DOI:10.1016/s0140-6736(20)30460-8,DOI:10.1016/j.ijdrr.2020.101845,7
DOI:10.1016/s0140-6736(20)30460-8,DOI:10.1016/j.psychres.2020.112954,3
DOI:10.1016/s0140-6736(20)30460-8,DOI:10.1016/s0140-6736(20)30547-x,12
DOI:10.1016/s0140-6736(20)30460-8,DOI:10.3390/ijerph17051729,8
DOI:10.1016/s0140-6736(20)30460-8,DOI:10.3390/ijerph17114065,3
DOI:10.1016/s0140-6736(20)30460-8,DOI:10.1007/s00787-020-01631-3,3
DOI:10.1016/s0140-6736(20)30460-8,DOI:10.1016/j.sleep.2021.06.002,3
DOI:10.1016/s0140-6736(20)30460-8,DOI:10.3389/fpsyg.2020.579038,9
DOI:10.1016/s0140-6736(20)30460-8,DOI:10.1016/j.jpeds.2020.03.013,12
DOI:10.1016/s0140-6736(20)30460-8,DOI:10.1016/j.ajp.2020.102092,3
DOI:10.1016/s0140-6736(20)30460-8,DOI:10.1001/jamapediatrics.2023.0846,3
DOI:10.1016/s0140-6736(20)30460-8,DOI:10.1016/j.lanepe.2021.100093,3
DOI:10.1016/s0140-6736(20)30460-8,DOI:10.1017/s0033291720005358,3
DOI:10.1016/s0140-6736(20)30460-8,DOI:10.1038/s41562-021-01079-8,3
DOI:10.1016/s0140-6736(20)30460-8,DOI:10.1007/s00127-017-1446-1,3
DOI:10.1016/s0140-6736(20)30460-8,DOI:10.1016/j.jad.2020.06.029,7
DOI:10.1016/s0140-6736(20)30460-8,DOI:10.1016/j.jadohealth.2020.05.004,6
DOI:10.1016/s0140-6736(20)30460-8,DOI:10.1016/j.pnpbp.2020.110171,7
DOI:10.1016/s0140-6736(20)30460-8,DOI:10.1016/j.psychres.2020.113070,3
DOI:10.1016/s0140-6736(20)30460-8,DOI:10.1089/cyber.2020.0478,3
DOI:10.1016/s0140-6736(20)30460-8,DOI:10.1146/annurev.psych.58.110405.085605,4
DOI:10.1016/s0140-6736(20)30460-8,DOI:10.1186/s13034-020-00329-3,9
DOI:10.1016/s0140-6736(20)30460-8,DOI:10.1542/peds.2020-007294,3
DOI:10.1016/s0140-6736(20)30460-8,DOI:10.3390/ijerph18073432,5
DOI:10.1016/s0140-6736(20)30460-8,DOI:10.3390/jcm9103064,3
DOI:10.1016/s0140-6736(20)30460-8,DOI:10.1093/tropej/fmaa122,5
DOI:10.1016/s0140-6736(20)30460-8,DOI:10.3389/fpsyt.2020.00751,3
DOI:10.1016/s0140-6736(20)30460-8,DOI:10.1542/peds.2020-016824,4
DOI:10.1016/s0140-6736(20)30460-8,DOI:10.1016/s0140-6736(21)02143-7,4
DOI:10.1016/s0140-6736(20)30460-8,DOI:10.1038/s41598-021-91299-9,3
DOI:10.1016/s0140-6736(20)30460-8,DOI:10.4178/epih.e2020038,4
DOI:10.1016/s0140-6736(20)30460-8,DOI:10.1016/0005-7967(94)00075-u,3
DOI:10.1016/s0140-6736(20)30460-8,DOI:10.1136/archdischild-2020-320372,3
DOI:10.1016/s0140-6736(20)30460-8,DOI:10.1007/s00787-022-02032-4,3
DOI:10.1016/s0140-6736(20)30460-8,DOI:10.12688/f1000research.24457.1,3
DOI:10.1016/s0140-6736(20)30460-8,DOI:10.1016/j.pcad.2020.04.013,5
DOI:10.1016/s0140-6736(20)30460-8,DOI:10.1177/20503121221086712,5
DOI:10.1016/s0140-6736(20)30460-8,DOI:10.1007/s12144-020-01191-4,3
DOI:10.1016/s0140-6736(20)30460-8,DOI:10.1016/j.jadohealth.2020.07.001,3
DOI:10.1016/s0140-6736(20)30460-8,DOI:10.1016/j.jadohealth.2020.09.039,4
DOI:10.1016/s0140-6736(20)30460-8,DOI:10.1111/appy.12406,3
DOI:10.1016/s0140-6736(20)30460-8,DOI:10.1186/s12992-020-00627-7,3
DOI:10.1016/s0140-6736(20)30460-8,DOI:10.2991/jegh.k.200908.001,3
DOI:10.1016/s0140-6736(20)30460-8,DOI:10.3390/ijerph17207666,3
DOI:10.1016/s0140-6736(20)30460-8,DOI:10.1111/j.1467-7717.2010.01219.x,3
DOI:10.1016/s0140-6736(20)30460-8,DOI:10.3390/ijerph17197327,3
DOI:10.1016/s0140-6736(20)30460-8,DOI:10.1037/amp0000707,3
DOI:10.1016/s0140-6736(20)30460-8,DOI:10.1016/j.psychres.2020.112921,3
DOI:10.1016/s0140-6736(20)30460-8,DOI:10.1007/s00787-022-02060-0,3
DOI:10.1016/s0140-6736(20)30460-8,DOI:10.1111/nyas.14947,3
DOI:10.1016/s2352-4642(20)30095-x,DOI:10.1016/s0140-6736(20)30547-x,7
DOI:10.1016/s2352-4642(20)30095-x,DOI:10.1017/dmp.2013.22,6
DOI:10.1016/s2352-4642(20)30095-x,DOI:10.1016/s2352-4642(20)30096-1,3
DOI:10.1016/s2352-4642(20)30095-x,DOI:10.1186/s12966-017-0555-2,3
DOI:10.1016/s2352-4642(20)30095-x,DOI:10.1016/s2468-2667(20)30084-0,3
DOI:10.1016/s2352-4642(20)30095-x,DOI:10.1016/j.jad.2020.06.029,3
DOI:10.1016/s2352-4642(20)30095-x,DOI:10.1056/nejmp2008017,3
DOI:10.1016/s2352-4642(20)30095-x,DOI:10.1016/j.jpeds.2020.03.013,4
DOI:10.1016/s2352-4642(20)30095-x,DOI:10.3389/fpsyg.2020.579038,3
DOI:10.1016/s2352-4642(20)30095-x,DOI:10.3390/ijerph17051729,3
DOI:10.1016/s2352-4642(20)30095-x,DOI:10.3390/ijerph17228297,3
DOI:10.1016/s2352-4642(20)30095-x,DOI:10.1016/j.jad.2020.08.001,3
DOI:10.1016/s2352-4642(20)30095-x,DOI:10.1186/s13034-020-00329-3,5
DOI:10.1016/s2352-4642(20)30095-x,DOI:10.23736/s0026-4946.20.05887-9,3
DOI:10.1016/s2352-4642(20)30095-x,DOI:10.3390/brainsci10060341,3
DOI:10.1016/s2352-4642(20)30095-x,DOI:10.1016/j.jadohealth.2020.05.004,3
"DOLL B, 1998, SCHOOL PSYCHOL REV, V27, P348",DOI:10.1002/cpp.719,3
"DOLL B, 1998, SCHOOL PSYCHOL REV, V27, P348",DOI:10.1017/s0954579400004156,3
"DOLL B, 1998, SCHOOL PSYCHOL REV, V27, P348",DOI:10.1177/1359104507071062,3
DOI:10.1007/s40894-022-00185-6,DOI:10.1002/jad.12017,3
DOI:10.1007/s40894-022-00185-6,DOI:10.3390/children8050415,3
DOI:10.1023/a:1013177014788,DOI:10.2105/ajph.2006.098541,3
DOI:10.1111/j.1469-7610.2011.02446.x,DOI:10.3389/fpsyg.2020.579038,3
DOI:10.1186/1471-244x-10-51,DOI:10.1007/978-3-319-89842-1_9,3
DOI:10.1186/1471-244x-10-51,DOI:10.1016/j.jclinepi.2015.10.005,3
DOI:10.1186/1471-244x-10-51,DOI:10.1017/s0033291717002835,3
DOI:10.1186/1471-244x-10-51,DOI:10.1097/jom.0000000000001597,3
DOI:10.1186/1471-244x-10-51,DOI:10.1177/070674371005500707,3
DOI:10.1186/1471-244x-10-51,DOI:10.1192/bjp.185.4.342,3
DOI:10.1186/1471-244x-10-51,DOI:10.3389/fpsyg.2016.00911,3
DOI:10.1016/j.chb.2019.106160,DOI:10.1038/s41598-020-67727-7,3
DOI:10.1016/j.chb.2019.106160,DOI:10.1080/02673843.2019.1590851,3
DOI:10.1016/s0140-6736(19)31013-x,DOI:10.1016/j.jad.2020.08.001,3
DOI:10.1016/s0140-6736(21)02143-7,DOI:10.1186/s13034-020-00329-3,6
DOI:10.1016/s0140-6736(21)02143-7,"FERRARI AJ, 2022, LANCET PSYCHIAT, V9, P137, DOI [10.1016/S2215-0366(21)00395-3, 10.1016/S2468-1253(22)00124-8]",3
DOI:10.1016/s0140-6736(21)02143-7,DOI:10.1016/j.neuron.2021.07.027,3
DOI:10.1016/s0140-6736(21)02143-7,DOI:10.1001/jamapediatrics.2021.6298,3
DOI:10.1016/s0140-6736(21)02143-7,DOI:10.1001/jamanetworkopen.2021.14866,3
DOI:10.1016/s0140-6736(21)02143-7,DOI:10.1016/s0140-6736(20)30547-x,3
DOI:10.1016/s0140-6736(21)02143-7,DOI:10.1016/j.jadohealth.2021.04.005,3
DOI:10.1016/s0140-6736(21)02143-7,DOI:10.1038/s41562-021-01079-8,3
DOI:10.1016/s0140-6736(21)02143-7,DOI:10.1136/bmj-2022-074224,3
DOI:10.1016/s0140-6736(21)02143-7,DOI:10.1007/s11136-021-02861-x,3
DOI:10.1016/s0140-6736(21)02143-7,DOI:10.1016/j.jad.2021.09.098,4
DOI:10.1016/s0140-6736(21)02143-7,DOI:10.1016/j.jadohealth.2022.06.022,3
DOI:10.1016/s0140-6736(21)02143-7,DOI:10.1017/s0033291721000015,3
DOI:10.1016/s0140-6736(21)02143-7,DOI:10.1093/tropej/fmaa122,3
DOI:10.1016/s0140-6736(21)02143-7,DOI:10.1136/archdischild-2020-320372,3
DOI:10.1016/s0140-6736(21)02143-7,DOI:10.3390/ijerph18073432,5
DOI:10.1016/s0140-6736(21)02143-7,DOI:10.1002/hec.3885,3
DOI:10.1016/s0140-6736(21)02143-7,DOI:10.1016/s2215-0366(16)30348-0,3
DOI:10.1016/s0140-6736(21)02143-7,DOI:10.1038/s41591-022-02028-2,3
DOI:10.1016/s2352-4642(18)30022-1,DOI:10.1186/s13034-020-00329-3,5
DOI:10.1016/s2352-4642(18)30022-1,DOI:10.12669/pjms.36.5.3088,3
DOI:10.1207/s15327752jpa5201_2,DOI:10.1177/1403494819865429,3
DOI:10.1207/s15327752jpa5201_2,DOI:10.1016/j.jadohealth.2022.06.022,3
"CAIRNS K., 2019, INT HDB HLTH LITERAC, P291",DOI:10.1016/j.socscimed.2008.09.050,3
"CAIRNS K., 2019, INT HDB HLTH LITERAC, P291",DOI:10.1093/heapro/15.3.259,3
"CAIRNS K., 2019, INT HDB HLTH LITERAC, P291",DOI:10.1186/1471-2458-12-80,3
"CAIRNS K., 2019, INT HDB HLTH LITERAC, P291",DOI:10.51952/9781447344520.007,3
"CAIRNS K., 2019, INT HDB HLTH LITERAC, P291","JORM A. F., 2014, MENTAL HLTH LITERACY, P27",3
"CAIRNS K., 2019, INT HDB HLTH LITERAC, P291","MORGADO TÂNIA, 2014, REVISTA PORTUGUESA DE ENFERMAGEM DE SAÚDE MENTAL, P90",3
DOI:10.1016/j.ijdrr.2020.101845,DOI:10.1016/j.pnpbp.2020.110171,3
DOI:10.1016/j.ijdrr.2020.101845,DOI:10.1186/s13034-020-00329-3,8
DOI:10.1016/j.ijdrr.2020.101845,DOI:10.3389/fpsyt.2020.570164,3
DOI:10.1016/j.ijdrr.2020.101845,DOI:10.7334/psicothema2020.287,3
DOI:10.1016/j.ijdrr.2020.101845,DOI:10.1016/0005-7967(94)00075-u,3
DOI:10.1016/j.ijdrr.2020.101845,DOI:10.1016/j.chiabu.2020.104699,3
DOI:10.1016/j.ijdrr.2020.101845,DOI:10.1111/jcv2.12009,4
DOI:10.1016/j.ijdrr.2020.101845,DOI:10.1016/s0140-6736(20)30547-x,5
DOI:10.1016/j.ijdrr.2020.101845,DOI:10.1017/dmp.2013.22,3
DOI:10.1016/j.ijdrr.2020.101845,DOI:10.3390/ijerph17051729,4
DOI:10.1016/j.ijdrr.2020.101845,DOI:10.3390/ijerph17093165,3
DOI:10.1016/j.ijdrr.2020.101845,DOI:10.3389/fpsyg.2020.579038,7
DOI:10.1016/j.ijdrr.2020.101845,DOI:10.1016/j.jad.2020.06.029,7
DOI:10.1016/j.ijdrr.2020.101845,DOI:10.1016/j.jadohealth.2020.09.039,3
DOI:10.1016/j.ijdrr.2020.101845,DOI:10.1111/appy.12406,3
DOI:10.1016/j.ijdrr.2020.101845,DOI:10.1111/cob.12412,3
DOI:10.1016/j.ijdrr.2020.101845,DOI:10.1177/0706743720940562,3
DOI:10.1016/j.ijdrr.2020.101845,DOI:10.2991/jegh.k.200908.001,3
DOI:10.1016/j.ijdrr.2020.101845,DOI:10.3390/ijerph18073432,6
DOI:10.1016/j.ijdrr.2020.101845,DOI:10.3390/ijerph18094668,3
DOI:10.1016/j.ijdrr.2020.101845,DOI:10.1136/bmj.n614,3
DOI:10.1016/j.ijdrr.2020.101845,DOI:10.1542/peds.2020-029280,4
DOI:10.1016/j.ijdrr.2020.101845,DOI:10.1016/j.ajp.2020.102066,3
DOI:10.1016/j.ijdrr.2020.101845,DOI:10.1016/j.jpeds.2020.03.013,7
DOI:10.1016/j.ijdrr.2020.101845,"ZHANG YF, 2020, INT J ENV RES PUB HE, V17, DOI [10.3390/IJERPH17072381, 10.3390/IJERPH17103722]",3
DOI:10.1016/j.ijdrr.2020.101845,DOI:10.1017/s0033291720005358,3
DOI:10.1016/j.ijdrr.2020.101845,DOI:10.1093/tropej/fmaa122,3
DOI:10.1016/j.ijdrr.2020.101845,DOI:10.3389/fpsyt.2021.691659,3
DOI:10.1016/j.ijdrr.2020.101845,DOI:10.1016/j.brat.2019.103501,3
DOI:10.1016/j.ijdrr.2020.101845,DOI:10.1016/j.jadohealth.2020.08.009,3
DOI:10.1016/j.ijdrr.2020.101845,DOI:10.1016/j.jped.2020.08.008,3
DOI:10.1016/j.ijdrr.2020.101845,DOI:10.1016/j.bbi.2020.05.048,3
DOI:10.1016/j.ijdrr.2020.101845,DOI:10.3389/fpsyt.2020.00803,3
DOI:10.1016/j.ijdrr.2020.101845,DOI:10.1186/s12966-020-00987-8,3
DOI:10.1016/j.pnpbp.2020.110171,DOI:10.1186/s13034-020-00329-3,8
DOI:10.1016/j.pnpbp.2020.110171,DOI:10.7334/psicothema2020.287,3
DOI:10.1016/j.pnpbp.2020.110171,DOI:10.1016/j.jad.2020.06.029,6
DOI:10.1016/j.pnpbp.2020.110171,DOI:10.1016/j.jad.2021.04.016,3
DOI:10.1016/j.pnpbp.2020.110171,DOI:10.1016/j.jpeds.2020.03.013,8
DOI:10.1016/j.pnpbp.2020.110171,DOI:10.1017/dmp.2013.22,3
DOI:10.1016/j.pnpbp.2020.110171,DOI:10.1093/jpepsy/jsaa092,3
DOI:10.1016/j.pnpbp.2020.110171,DOI:10.1542/peds.2020-007294,3
DOI:10.1016/j.pnpbp.2020.110171,DOI:10.3389/fpsyg.2020.579038,4
DOI:10.1016/j.pnpbp.2020.110171,DOI:10.3389/fpsyg.2021.628707,3
DOI:10.1016/j.pnpbp.2020.110171,DOI:10.3390/ijerph17051729,3
DOI:10.1016/j.pnpbp.2020.110171,DOI:10.3390/ijerph18073432,8
DOI:10.1016/j.pnpbp.2020.110171,DOI:10.12669/pjms.36.covid19-s4.2759,5
DOI:10.1016/j.pnpbp.2020.110171,"[ANONYMOUS], 2021, WHITE HOUSE",3
DOI:10.1016/j.pnpbp.2020.110171,DOI:10.1136/archdischild-2020-320338,3
DOI:10.1016/j.pnpbp.2020.110171,"ALAMOLHODA SEIDEH HANIEH, 2022, J MED LIFE, V15, P675, DOI [10.25122/JML-2021-0287, 10.25122/JML-2021-0287]",3
DOI:10.1016/j.pnpbp.2020.110171,DOI:10.1093/tropej/fmaa122,7
DOI:10.1016/j.pnpbp.2020.110171,DOI:10.1542/peds.2020-016824,4
DOI:10.1016/j.pnpbp.2020.110171,DOI:10.1016/s0140-6736(20)30547-x,6
DOI:10.1016/j.pnpbp.2020.110171,DOI:10.1007/s10803-020-04577-2,3
DOI:10.1016/j.pnpbp.2020.110171,DOI:10.3389/fpsyg.2020.01713,3
DOI:10.1016/j.socscimed.2008.09.050,DOI:10.1093/heapro/15.3.259,3
DOI:10.1016/j.socscimed.2008.09.050,DOI:10.1186/1471-2458-12-80,3
DOI:10.1016/j.socscimed.2008.09.050,DOI:10.51952/9781447344520.007,3
DOI:10.1016/j.socscimed.2008.09.050,"JORM A. F., 2014, MENTAL HLTH LITERACY, P27",3
DOI:10.1016/j.socscimed.2008.09.050,"MORGADO TÂNIA, 2014, REVISTA PORTUGUESA DE ENFERMAGEM DE SAÚDE MENTAL, P90",3
DOI:10.1093/heapro/15.3.259,DOI:10.1186/1471-2458-12-80,4
DOI:10.1093/heapro/15.3.259,DOI:10.51952/9781447344520.007,3
DOI:10.1093/heapro/15.3.259,"JORM A. F., 2014, MENTAL HLTH LITERACY, P27",3
DOI:10.1093/heapro/15.3.259,"MORGADO TÂNIA, 2014, REVISTA PORTUGUESA DE ENFERMAGEM DE SAÚDE MENTAL, P90",3
DOI:10.1186/1471-2458-12-80,DOI:10.51952/9781447344520.007,3
DOI:10.1186/1471-2458-12-80,"JORM A. F., 2014, MENTAL HLTH LITERACY, P27",3
DOI:10.1186/1471-2458-12-80,"MORGADO TÂNIA, 2014, REVISTA PORTUGUESA DE ENFERMAGEM DE SAÚDE MENTAL, P90",3
DOI:10.1186/s13034-020-00329-3,DOI:10.3389/fpsyt.2020.570164,5
DOI:10.1186/s13034-020-00329-3,DOI:10.7334/psicothema2020.287,3
DOI:10.1186/s13034-020-00329-3,DOI:10.1056/nejmp2008017,4
DOI:10.1186/s13034-020-00329-3,"BUZZI C, 2020, ITAL J PEDIATR, V46, DOI [10.1186/S13052-020-00833-4, 10.1186/S13052-020-00833]",4
DOI:10.1186/s13034-020-00329-3,DOI:10.3390/ijerph18073432,7
DOI:10.1186/s13034-020-00329-3,DOI:10.1016/j.bbi.2020.05.048,4
DOI:10.1186/s13034-020-00329-3,DOI:10.1016/j.jad.2020.06.029,17
DOI:10.1186/s13034-020-00329-3,DOI:10.1017/dmp.2013.22,14
DOI:10.1186/s13034-020-00329-3,DOI:10.1093/tropej/fmaa122,8
DOI:10.1186/s13034-020-00329-3,DOI:10.1192/bjo.2021.49,3
DOI:10.1186/s13034-020-00329-3,DOI:10.12669/pjms.36.5.3088,5
DOI:10.1186/s13034-020-00329-3,DOI:10.1016/j.jadohealth.2020.09.039,6
DOI:10.1186/s13034-020-00329-3,DOI:10.12669/pjms.36.covid19-s4.2759,4
DOI:10.1186/s13034-020-00329-3,DOI:10.3390/ijerph17051729,6
DOI:10.1186/s13034-020-00329-3,DOI:10.1001/jama.282.18.1737,3
DOI:10.1186/s13034-020-00329-3,DOI:10.1007/s10578-020-01089-z,4
DOI:10.1186/s13034-020-00329-3,DOI:10.1016/j.jadohealth.2020.05.004,8
DOI:10.1186/s13034-020-00329-3,DOI:10.1016/j.jpeds.2020.03.013,18
DOI:10.1186/s13034-020-00329-3,DOI:10.1016/j.pcl.2021.05.003,3
DOI:10.1186/s13034-020-00329-3,DOI:10.1016/j.psychres.2020.113070,6
DOI:10.1186/s13034-020-00329-3,DOI:10.1089/cyber.2020.0478,4
DOI:10.1186/s13034-020-00329-3,DOI:10.1111/camh.12405,3
DOI:10.1186/s13034-020-00329-3,DOI:10.1542/peds.2020-007294,6
DOI:10.1186/s13034-020-00329-3,DOI:10.3389/fpsyg.2020.579038,9
DOI:10.1186/s13034-020-00329-3,DOI:10.3390/brainsci10060341,5
DOI:10.1186/s13034-020-00329-3,DOI:10.1016/j.psychres.2020.113172,3
DOI:10.1186/s13034-020-00329-3,DOI:10.1016/j.jadohealth.2020.04.006,3
DOI:10.1186/s13034-020-00329-3,DOI:10.1016/j.psychres.2020.113143,3
DOI:10.1186/s13034-020-00329-3,DOI:10.1016/s0140-6736(20)30547-x,16
DOI:10.1186/s13034-020-00329-3,DOI:10.1016/s2352-4642(20)30096-1,5
DOI:10.1186/s13034-020-00329-3,DOI:10.1016/s2352-4642(20)30110-3,4
DOI:10.1186/s13034-020-00329-3,DOI:10.1016/s2468-2667(20)30084-0,6
DOI:10.1186/s13034-020-00329-3,DOI:10.1136/gpsych-2020-100213,3
DOI:10.1186/s13034-020-00329-3,DOI:10.1186/s13034-020-00324-8,4
DOI:10.1186/s13034-020-00329-3,DOI:10.1001/jamanetworkopen.2020.3976,3
DOI:10.1186/s13034-020-00329-3,DOI:10.1017/s0033291720005358,3
DOI:10.1186/s13034-020-00329-3,DOI:10.1007/s00787-020-01583-8,5
DOI:10.1186/s13034-020-00329-3,DOI:10.1007/s10578-020-01037-x,4
DOI:10.1186/s13034-020-00329-3,DOI:10.1016/j.jadohealth.2020.07.001,3
DOI:10.1186/s13034-020-00329-3,DOI:10.4045/tidsskr.20.0437,5
DOI:10.1186/s13034-020-00329-3,DOI:10.1001/jamanetworkopen.2021.8533,4
DOI:10.1186/s13034-020-00329-3,DOI:10.1037/tra0000889,4
DOI:10.1186/s13034-020-00329-3,DOI:10.1136/bmj.n614,3
DOI:10.1186/s13034-020-00329-3,DOI:10.1136/bmjopen-2020-042871,3
DOI:10.1186/s13034-020-00329-3,DOI:10.1542/peds.2020-016824,6
DOI:10.1186/s13034-020-00329-3,DOI:10.1542/peds.2020-029280,3
DOI:10.1186/s13034-020-00329-3,DOI:10.23736/s0026-4946.20.05887-9,3
DOI:10.1186/s13034-020-00329-3,DOI:10.1007/s00787-021-01758-x,3
DOI:10.1186/s13034-020-00329-3,DOI:10.1007/s11136-021-02861-x,3
DOI:10.1186/s13034-020-00329-3,DOI:10.1007/s12144-021-02476-y,3
DOI:10.1186/s13034-020-00329-3,DOI:10.1016/j.jad.2021.09.098,5
DOI:10.1186/s13034-020-00329-3,DOI:10.1016/j.jadohealth.2022.06.022,4
DOI:10.1186/s13034-020-00329-3,DOI:10.1016/j.lanepe.2021.100093,3
DOI:10.1186/s13034-020-00329-3,DOI:10.1017/s0033291721000015,6
DOI:10.1186/s13034-020-00329-3,DOI:10.1136/archdischild-2020-320372,4
DOI:10.1186/s13034-020-00329-3,DOI:10.3390/ijerph18094668,3
DOI:10.1186/s13034-020-00329-3,DOI:10.1192/bjp.2019.244,3
DOI:10.1186/s13034-020-00329-3,DOI:10.3389/fpsyg.2020.599531,3
DOI:10.1186/s13034-020-00329-3,DOI:10.3390/ijerph18031062,3
DOI:10.1186/s13034-020-00329-3,"VAN BUUREN S, 2011, J STAT SOFTW, V45, P1",3
DOI:10.1186/s13034-020-00329-3,DOI:10.1016/j.encep.2020.05.011,3
DOI:10.1186/s13034-020-00329-3,DOI:10.3389/fpsyt.2020.00751,3
DOI:10.1186/s13034-020-00329-3,DOI:10.1007/s11126-020-09808-4,3
DOI:10.1186/s13034-020-00329-3,DOI:10.3389/fpsyg.2020.586074,3
DOI:10.1186/s13034-020-00329-3,DOI:10.1016/j.brat.2019.103501,3
DOI:10.1186/s13034-020-00329-3,DOI:10.1037/a0038498,3
DOI:10.1186/s13034-020-00329-3,DOI:10.1111/jcpp.13278,3
DOI:10.1186/s13034-020-00329-3,DOI:10.1186/s13034-021-00363-9,4
DOI:10.1186/s13034-020-00329-3,DOI:10.3390/ijerph17207666,3
DOI:10.1186/s13034-020-00329-3,DOI:10.2991/jegh.k.200908.001,4
DOI:10.1186/s13034-020-00329-3,DOI:10.1016/j.chiabu.2020.104709,3
DOI:10.1186/s13034-020-00329-3,DOI:10.1016/s2215-0366(20)30482-x,3
DOI:10.1186/s13034-020-00329-3,DOI:10.1177/0706743720940562,5
DOI:10.1186/s13034-020-00329-3,DOI:10.1001/jamapediatrics.2020.1467,4
DOI:10.1186/s13034-020-00329-3,DOI:10.1007/s12144-020-01191-4,4
DOI:10.1186/s13034-020-00329-3,DOI:10.1016/j.chiabu.2020.104699,3
DOI:10.1186/s13034-020-00329-3,DOI:10.12688/f1000research.24457.1,3
DOI:10.1186/s13034-020-00329-3,DOI:10.1016/j.psychres.2020.112954,3
DOI:10.1186/s13034-020-00329-3,DOI:10.1007/s00787-022-02060-0,3
DOI:10.1186/s13034-020-00329-3,DOI:10.1186/s13034-020-00347-1,4
DOI:10.1186/s13034-020-00329-3,DOI:10.1007/s00787-020-01630-4,4
DOI:10.1186/s13034-020-00329-3,DOI:10.1007/s11136-013-0428-3,3
DOI:10.1186/s13034-020-00329-3,DOI:10.3389/fpsyt.2021.691659,3
DOI:10.1186/s13034-020-00329-3,DOI:10.3390/ijerph18094563,3
DOI:10.1186/s13034-020-00329-3,"CZEISLER MÉ, 2020, MMWR-MORBID MORTAL W, V69, P1049, DOI [10.1101/2020.04.22.20076141V1, 10.15585/MMWR.MM6932A1]",3
DOI:10.3389/fpsyt.2020.570164,DOI:10.1038/s41598-021-81720-8,3
DOI:10.3389/fpsyt.2020.570164,DOI:10.3389/fpsyg.2020.579038,3
DOI:10.3389/fpsyt.2020.570164,DOI:10.1016/j.jpeds.2020.03.013,3
DOI:10.51952/9781447344520.007,"JORM A. F., 2014, MENTAL HLTH LITERACY, P27",3
DOI:10.51952/9781447344520.007,"MORGADO TÂNIA, 2014, REVISTA PORTUGUESA DE ENFERMAGEM DE SAÚDE MENTAL, P90",3
"JORM A. F., 2014, MENTAL HLTH LITERACY, P27","MORGADO TÂNIA, 2014, REVISTA PORTUGUESA DE ENFERMAGEM DE SAÚDE MENTAL, P90",3
DOI:10.1001/jamapediatrics.2023.0846,DOI:10.1016/s2215-0366(24)00108-1,3
DOI:10.1001/jamapediatrics.2023.0846,DOI:10.1017/s0033291720005358,3
DOI:10.1001/jamapediatrics.2023.0846,DOI:10.1038/s41562-021-01079-8,3
DOI:10.1001/jamapediatrics.2023.0846,DOI:10.1007/s00787-023-02206-8,6
DOI:10.1001/jamapediatrics.2023.0846,DOI:10.1007/s00787-022-02060-0,5
DOI:10.1001/jamapediatrics.2023.0846,DOI:10.1016/s2352-4642(23)00022-6,5
DOI:10.1001/jamapediatrics.2023.0846,DOI:10.1111/nyas.14947,4
DOI:10.1007/s00787-019-01342-4,DOI:10.1016/j.cbpra.2018.03.006,3
DOI:10.1016/j.cbpra.2018.03.006,DOI:10.1097/01.chi.0000046865.56865.79,3
DOI:10.1016/j.psychres.2021.113778,DOI:10.1016/j.jadohealth.2020.09.039,4
DOI:10.1016/j.psychres.2021.113778,DOI:10.1017/s0033291720005358,3
DOI:10.1016/j.psychres.2021.113778,DOI:10.1111/jcv2.12009,3
DOI:10.1016/j.psychres.2021.113778,DOI:10.1136/archdischild-2020-320372,6
DOI:10.1016/j.psychres.2021.113778,DOI:10.1192/bjo.2021.49,3
DOI:10.1017/s003329171700215x,DOI:10.1016/j.jad.2018.11.055,3
DOI:10.1024/1422-4917/a000589,DOI:10.1007/s00103-021-03291-3,3
DOI:10.1007/s00787-005-0420-8,DOI:10.1007/s00787-017-1095-7,3
DOI:10.1037/a0038498,DOI:10.1016/s0140-6736(20)30547-x,3
DOI:10.1016/j.adolescence.2013.06.003,DOI:10.1177/1403494819865429,3
"HODGKINSON STACY, 2017, PEDIATRICS, V139, DOI [10.1542/PEDS.2015-1175, 10.1542/PEDS.2015-1175]",DOI:10.1017/s0033291720005358,3
DOI:10.1111/j.1469-7610.2009.02136.x,DOI:10.1111/j.1746-1561.2007.00170.x,3
DOI:10.1111/j.1469-7610.2009.02136.x,"RUTTER M., 1979, 15000 HOURS SECONDAR",3
DOI:10.1111/j.1469-7610.2009.02136.x,DOI:10.1016/j.ssmmh.2023.100289,3
"VAN BUUREN S, 2011, J STAT SOFTW, V45, P1",DOI:10.1038/s41562-021-01079-8,3
DOI:10.1016/s2352-4642(20)30096-1,DOI:10.1186/s12966-017-0555-2,4
DOI:10.1016/s2352-4642(20)30096-1,DOI:10.1002/hec.3885,3
DOI:10.1016/s2352-4642(20)30096-1,DOI:10.1017/dmp.2013.22,3
DOI:10.1016/s2352-4642(20)30096-1,DOI:10.1016/j.jpeds.2020.03.013,9
DOI:10.1016/s2352-4642(20)30096-1,DOI:10.1016/j.jadohealth.2020.05.004,4
DOI:10.1016/s2352-4642(20)30096-1,DOI:10.1016/s0140-6736(20)30547-x,7
DOI:10.1016/s2352-4642(20)30096-1,DOI:10.1016/s2352-4642(20)30110-3,3
DOI:10.1016/s2352-4642(20)30096-1,DOI:10.1016/j.jad.2020.06.029,7
DOI:10.1016/s2352-4642(20)30096-1,DOI:10.3390/ijerph18073432,3
DOI:10.1016/s2352-4642(20)30096-1,DOI:10.1542/peds.2020-016824,5
DOI:10.1016/s2352-4642(20)30096-1,DOI:10.3390/ijerph17093165,3
DOI:10.1016/s2352-4642(20)30096-1,DOI:10.3389/fpsyg.2020.579038,3
DOI:10.1016/s2352-4642(20)30096-1,DOI:10.3389/fpsyt.2020.00751,3
DOI:10.1016/s2352-4642(20)30096-1,DOI:10.1542/peds.2020-007294,3
DOI:10.1186/s12966-017-0555-2,DOI:10.1017/dmp.2013.22,3
DOI:10.1186/s12966-017-0555-2,DOI:10.5664/jcsm.7984,4
DOI:10.1186/s12966-017-0555-2,DOI:10.1016/j.jpeds.2020.03.013,5
DOI:10.1186/s12966-017-0555-2,DOI:10.3390/brainsci10060341,3
DOI:10.1186/s12966-017-0555-2,DOI:10.1016/s0140-6736(20)30547-x,4
DOI:10.1186/s12966-017-0555-2,DOI:10.3389/fpsyg.2020.579038,3
DOI:10.1007/s00787-020-01583-8,DOI:10.1177/02724316211052088,3
DOI:10.1007/s00787-020-01583-8,DOI:10.1017/s0033291720005358,3
DOI:10.1007/s00787-020-01583-8,DOI:10.1017/dmp.2013.22,3
DOI:10.1007/s00787-020-01583-8,DOI:10.1007/s00787-020-01578-5,4
DOI:10.1007/s00787-020-01583-8,DOI:10.1542/peds.2020-016824,3
DOI:10.1007/s00787-020-01583-8,DOI:10.1016/j.jbi.2008.08.010,3
DOI:10.1007/s00787-020-01583-8,DOI:10.1016/j.jpeds.2020.03.013,4
DOI:10.1007/s00787-020-01583-8,DOI:10.3390/ijerph17197327,3
DOI:10.1007/s00787-020-01583-8,DOI:10.1186/s40249-020-00678-3,3
DOI:10.1017/cbo9780511615788,DOI:10.1017/s0954579400004156,3
DOI:10.1017/s0954579400004156,DOI:10.1002/cpp.719,3
DOI:10.1017/s0954579400004156,DOI:10.1016/j.cpr.2010.03.003,3
DOI:10.1017/s0954579400004156,DOI:10.1177/1359104507071062,3
DOI:10.1111/camh.12405,DOI:10.1016/j.jad.2020.06.029,3
DOI:10.1111/camh.12405,DOI:10.3389/fpsyg.2020.579038,4
DOI:10.1136/archdischild-2020-320372,DOI:10.23736/s0026-4946.20.05887-9,3
DOI:10.1136/archdischild-2020-320372,"WIDNALL E., 2020, YOUNG PEOPLES MENTAL HEALTH DURING THE COVID-19 PANDEMIC",5
DOI:10.1136/archdischild-2020-320372,DOI:10.1016/j.jadohealth.2020.09.039,7
DOI:10.1136/archdischild-2020-320372,DOI:10.1016/j.psychres.2020.113143,3
DOI:10.1136/archdischild-2020-320372,DOI:10.1016/s2215-0366(20)30237-6,4
DOI:10.1136/archdischild-2020-320372,DOI:10.1017/s0033291720005358,5
DOI:10.1136/archdischild-2020-320372,DOI:10.1111/jcv2.12009,5
DOI:10.1136/archdischild-2020-320372,DOI:10.1016/j.lanepe.2021.100093,6
DOI:10.1136/archdischild-2020-320372,DOI:10.1016/j.jpeds.2020.03.013,4
DOI:10.1136/archdischild-2020-320372,DOI:10.1186/s12992-020-00627-7,3
DOI:10.1136/archdischild-2020-320372,DOI:10.12669/pjms.36.covid19-s4.2759,3
DOI:10.1136/archdischild-2020-320372,DOI:10.3389/fpsyg.2020.579038,4
DOI:10.1136/archdischild-2020-320372,DOI:10.1007/s11136-021-02861-x,3
DOI:10.1136/archdischild-2020-320372,DOI:10.1016/j.jad.2021.09.098,4
DOI:10.1136/archdischild-2020-320372,DOI:10.1016/j.jadohealth.2021.04.005,4
DOI:10.1136/archdischild-2020-320372,DOI:10.1017/s0033291721000015,3
DOI:10.1136/archdischild-2020-320372,DOI:10.1038/s41598-021-81720-8,4
DOI:10.1136/archdischild-2020-320372,DOI:10.1111/jcpp.13490,4
DOI:10.1136/archdischild-2020-320372,DOI:10.1192/bjo.2021.49,3
DOI:10.1136/archdischild-2020-320372,DOI:10.3390/ijerph17197327,5
DOI:10.1136/archdischild-2020-320372,DOI:10.31234/osf.io/hn7us,3
DOI:10.1136/archdischild-2020-320372,DOI:10.1017/s003329172000241x,3
DOI:10.1136/archdischild-2020-320372,DOI:10.1097/00004583-199910000-00011,4
DOI:10.1136/archdischild-2020-320372,DOI:10.1111/appy.12406,3
DOI:10.1136/archdischild-2020-320372,DOI:10.1016/j.jad.2020.06.029,7
DOI:10.1136/archdischild-2020-320372,DOI:10.1542/peds.2020-016824,5
DOI:10.1136/archdischild-2020-320372,DOI:10.1007/s00787-020-01630-4,3
DOI:10.1136/archdischild-2020-320372,DOI:10.1016/s2215-0366(20)30356-4,3
DOI:10.1136/archdischild-2020-320372,DOI:10.3238/arztebl.2020.0828,4
DOI:10.1136/archdischild-2020-320372,"RAVENS-SIEBERER U., 2006, KIDSCREEN QUESTIONNA",3
DOI:10.1136/archdischild-2020-320372,DOI:10.2991/jegh.k.200908.001,3
DOI:10.1136/archdischild-2020-320372,DOI:10.3390/ijerph17207666,3
DOI:10.1136/archdischild-2020-320372,DOI:10.1542/peds.2020-007294,4
DOI:10.23736/s0026-4946.20.05887-9,DOI:10.1016/j.jadohealth.2020.09.039,3
DOI:10.23736/s0026-4946.20.05887-9,DOI:10.1016/s0140-6736(20)30547-x,4
DOI:10.23736/s0026-4946.20.05887-9,DOI:10.3390/ijerph18073432,3
"WIDNALL E., 2020, YOUNG PEOPLES MENTAL HEALTH DURING THE COVID-19 PANDEMIC",DOI:10.1016/j.jadohealth.2020.09.039,4
"WIDNALL E., 2020, YOUNG PEOPLES MENTAL HEALTH DURING THE COVID-19 PANDEMIC",DOI:10.1016/s2352-4642(21)00177-2,4
"WIDNALL E., 2020, YOUNG PEOPLES MENTAL HEALTH DURING THE COVID-19 PANDEMIC",DOI:10.1111/jcv2.12009,4
"WIDNALL E., 2020, YOUNG PEOPLES MENTAL HEALTH DURING THE COVID-19 PANDEMIC",DOI:10.1016/j.jad.2020.06.029,3
"WIDNALL E., 2020, YOUNG PEOPLES MENTAL HEALTH DURING THE COVID-19 PANDEMIC",DOI:10.1111/jcv2.12008,3
DOI:10.1001/jamanetworkopen.2020.19686,DOI:10.1016/j.jpeds.2020.03.013,3
DOI:10.1111/jora.12668,DOI:10.1111/jcpp.13716,3
DOI:10.3389/fpsyg.2020.586074,DOI:10.1007/s12144-020-01191-4,3
DOI:10.3389/fpsyg.2020.586074,DOI:10.1016/j.jad.2020.06.029,4
DOI:10.3389/fpsyg.2020.586074,DOI:10.1186/s12992-020-00627-7,3
DOI:10.1007/s11205-009-9493-y,DOI:10.1016/j.jadohealth.2021.07.039,3
DOI:10.1007/s11205-009-9493-y,DOI:10.1016/s0749-3797(18)30622-6,4
DOI:10.1007/s11205-009-9493-y,DOI:10.1097/mlr.0b013e318160d093,4
DOI:10.1007/s11205-009-9493-y,DOI:10.1111/j.1746-1561.2007.00278.x,4
DOI:10.1007/s11205-009-9493-y,DOI:10.1177/0734282916655504,3
DOI:10.1007/s11205-009-9493-y,DOI:10.3109/01612840903484105,4
DOI:10.1007/s11205-009-9493-y,DOI:10.3390/ijerph17217800,4
DOI:10.1007/s11205-009-9493-y,"THOMPSON-HAILE A., 2013, COMPASS TECHNICAL REPORT SERIES, V1, P1",3
DOI:10.1016/j.jsp.2019.03.003,DOI:10.1177/0143034317689970,3
DOI:10.1056/nejmp2008017,DOI:10.1016/j.jadohealth.2020.05.004,4
DOI:10.1056/nejmp2008017,DOI:10.1016/j.jadohealth.2020.09.039,3
DOI:10.1056/nejmp2008017,DOI:10.1016/j.jad.2020.06.029,3
DOI:10.1056/nejmp2008017,DOI:10.1016/j.jpeds.2020.03.013,4
DOI:10.1056/nejmp2008017,DOI:10.1016/j.psychres.2020.113070,3
DOI:10.1056/nejmp2008017,DOI:10.1016/s0140-6736(20)30547-x,3
DOI:10.1056/nejmp2008017,DOI:10.3390/ijerph18073432,3
DOI:10.1056/nejmp2008017,DOI:10.1093/qjmed/hcaa110,3
DOI:10.1056/nejmp2008017,DOI:10.12669/pjms.36.covid19-s4.2759,4
DOI:10.1097/00004583-199910000-00011,DOI:10.1007/978-1-4419-9186-711,5
DOI:10.1097/00004583-199910000-00011,DOI:10.1007/s10578-021-01297-1,3
DOI:10.1097/00004583-199910000-00011,DOI:10.1007/s11136-013-0428-3,4
DOI:10.1097/00004583-199910000-00011,DOI:10.1016/j.jad.2018.02.037,3
DOI:10.1097/00004583-199910000-00011,DOI:10.1016/j.janxdis.2009.04.003,3
DOI:10.1097/00004583-199910000-00011,DOI:10.1093/eurpub/11.1.4,4
DOI:10.1097/00004583-199910000-00011,DOI:10.1186/1753-2000-4-19,3
DOI:10.1097/00004583-199910000-00011,DOI:10.1111/jcv2.12009,4
DOI:10.1097/00004583-199910000-00011,DOI:10.3389/fpsyg.2020.579038,3
DOI:10.1097/00004583-199910000-00011,DOI:10.3390/ijerph17197327,3
DOI:10.1097/00004583-199910000-00011,DOI:10.1007/s00787-020-01630-4,6
DOI:10.1097/00004583-199910000-00011,DOI:10.1016/s2215-0366(20)30356-4,4
DOI:10.1097/00004583-199910000-00011,DOI:10.3238/arztebl.2020.0828,3
DOI:10.1097/00004583-199910000-00011,"RAVENS-SIEBERER U., 2006, KIDSCREEN QUESTIONNA",3
DOI:10.1097/00004583-199910000-00011,DOI:10.1007/s00787-008-1013-0,5
DOI:10.1097/00004583-199910000-00011,DOI:10.3390/ijerph17165973,3
DOI:10.1097/00004583-199910000-00011,DOI:10.1111/j.1524-4733.2007.00291.x,3
DOI:10.1186/1479-5868-8-98,DOI:10.1207/s15324796abm2901_2,3
DOI:10.1016/0005-7967(94)00075-u,DOI:10.1111/jcv2.12009,3
DOI:10.1016/0005-7967(94)00075-u,DOI:10.1348/014466505x29657,4
DOI:10.1016/0005-7967(94)00075-u,DOI:10.1037/1040-3590.10.2.176,4
DOI:10.1016/0005-7967(94)00075-u,DOI:10.1023/a:1016014818163,3
DOI:10.1016/0005-7967(94)00075-u,DOI:10.21134/rpcna.2020.mon.2037,3
DOI:10.1016/0005-7967(94)00075-u,"FONSECA-PEDRERO E., 2010, ANSIEDAD Y ESTRES, V16, P215",3
DOI:10.1001/archpsyc.59.3.225,DOI:10.1002/cpp.719,3
DOI:10.1001/archpsyc.59.3.225,DOI:10.1016/j.cpr.2010.03.003,3
DOI:10.1001/archpsyc.59.3.225,DOI:10.1111/josh.12096,3
DOI:10.1080/02673843.2019.1590851,DOI:10.1016/j.adolescence.2016.05.008,5
DOI:10.1080/02673843.2019.1590851,DOI:10.1016/s0140-6736(20)30547-x,3
DOI:10.1080/02673843.2019.1590851,DOI:10.1016/j.jad.2020.06.029,3
DOI:10.1136/bmj.n614,DOI:10.1542/peds.2020-029280,3
DOI:10.1136/bmj.n614,DOI:10.1111/jcv2.12009,3
DOI:10.1016/s2215-0366(17)30513-8,DOI:10.1111/camh.12080,3
DOI:10.2196/jmir.7332,DOI:10.1111/jcpp.12663,3
DOI:10.1007/s10802-015-0080-1,DOI:10.1016/j.brat.2009.09.002,3
DOI:10.1007/s10802-015-0080-1,DOI:10.1177/0272431605282655,3
DOI:10.1016/j.brat.2009.09.002,DOI:10.1177/0272431605282655,3
DOI:10.1016/s0749-3797(18)30622-6,DOI:10.1097/mlr.0b013e318160d093,3
DOI:10.1016/s0749-3797(18)30622-6,DOI:10.1111/j.1746-1561.2007.00278.x,3
DOI:10.1016/s0749-3797(18)30622-6,DOI:10.3109/01612840903484105,4
DOI:10.1016/s0749-3797(18)30622-6,DOI:10.3390/ijerph17217800,4
DOI:10.1016/s0749-3797(18)30622-6,"THOMPSON-HAILE A., 2013, COMPASS TECHNICAL REPORT SERIES, V1, P1",4
DOI:10.1111/j.1600-0447.1983.tb09716.x,DOI:10.1192/bjp.175.5.452,4
DOI:10.1371/journal.pone.0213700,DOI:10.1016/j.jpeds.2020.03.013,3
DOI:10.1371/journal.pone.0213700,DOI:10.1542/peds.2020-007294,4
DOI:10.1371/journal.pone.0213700,DOI:10.1542/peds.2020-016824,3
DOI:10.1371/journal.pone.0213700,DOI:10.3389/fpsyg.2020.579038,4
DOI:10.1371/journal.pone.0213700,DOI:10.3390/ijerph17197327,3
DOI:10.1371/journal.pone.0213700,DOI:10.1007/s00787-020-01630-4,3
DOI:10.1371/journal.pone.0213700,DOI:10.1016/j.jad.2020.06.029,3
DOI:10.3109/01612840903484105,DOI:10.1016/j.jadohealth.2021.07.039,3
DOI:10.3109/01612840903484105,DOI:10.1097/mlr.0b013e318160d093,4
DOI:10.3109/01612840903484105,DOI:10.1111/j.1746-1561.2007.00278.x,3
DOI:10.3109/01612840903484105,DOI:10.1177/0734282916655504,3
DOI:10.3109/01612840903484105,DOI:10.3390/ijerph17217800,3
DOI:10.3109/01612840903484105,"THOMPSON-HAILE A., 2013, COMPASS TECHNICAL REPORT SERIES, V1, P1",4
DOI:10.1002/cpp.719,DOI:10.1007/978-90-481-8675-4_25],3
DOI:10.1002/cpp.719,DOI:10.1016/j.cpr.2010.03.003,4
DOI:10.1002/cpp.719,DOI:10.1080/00050060500243475,3
DOI:10.1002/cpp.719,DOI:10.1111/josh.12096,3
DOI:10.1002/cpp.719,DOI:10.1177/1359104507071062,3
DOI:10.1007/978-90-481-8675-4_25],DOI:10.1080/00050060500243475,3
DOI:10.1016/j.cpr.2010.03.003,DOI:10.1111/josh.12096,3
DOI:10.2307/2136404,DOI:10.1111/camh.12080,3
DOI:10.2307/2136404,DOI:10.1016/j.jpeds.2020.03.013,3
DOI:10.1001/jamanetworkopen.2020.3976,DOI:10.1016/j.jad.2016.12.056,3
DOI:10.1001/jamanetworkopen.2020.3976,DOI:10.1016/j.jad.2020.06.029,3
DOI:10.1001/jamanetworkopen.2020.3976,DOI:10.1016/s0140-6736(20)30547-x,3
DOI:10.1016/j.neuron.2021.07.027,DOI:10.1016/s2352-4642(21)00177-2,3
DOI:10.1023/a:1021326822957,DOI:10.1007/s10862-011-9273-2,3
DOI:10.1192/bjp.185.4.342,DOI:10.1007/978-3-319-89842-1_9,3
DOI:10.1192/bjp.185.4.342,DOI:10.1016/j.jclinepi.2015.10.005,3
DOI:10.1192/bjp.185.4.342,DOI:10.1017/s0033291717002835,3
DOI:10.1192/bjp.185.4.342,DOI:10.1097/jom.0000000000001597,3
DOI:10.1192/bjp.185.4.342,DOI:10.1177/070674371005500707,3
DOI:10.1192/bjp.185.4.342,DOI:10.3389/fpsyg.2016.00911,3
DOI:10.3390/ijerph18073432,DOI:10.1017/s0033291720005358,6
DOI:10.3390/ijerph18073432,DOI:10.1038/s41598-021-91299-9,3
DOI:10.3390/ijerph18073432,DOI:10.1016/j.jad.2020.06.029,10
DOI:10.3390/ijerph18073432,DOI:10.1016/j.jad.2021.04.016,3
DOI:10.3390/ijerph18073432,DOI:10.1016/j.jadohealth.2020.05.004,5
DOI:10.3390/ijerph18073432,DOI:10.1016/j.jpeds.2020.03.013,10
DOI:10.3390/ijerph18073432,DOI:10.1016/j.pcl.2021.05.003,3
DOI:10.3390/ijerph18073432,DOI:10.1089/cyber.2020.0478,3
DOI:10.3390/ijerph18073432,DOI:10.1093/jpepsy/jsaa092,3
DOI:10.3390/ijerph18073432,DOI:10.1186/s12992-021-00693-5,3
DOI:10.3390/ijerph18073432,DOI:10.3389/fpsyg.2020.579038,3
DOI:10.3390/ijerph18073432,DOI:10.3390/ijerph17051729,5
DOI:10.3390/ijerph18073432,"WHO, 2020, HELPING CHILDREN COPE WITH STRESS DURING THE 2019-NCOV OUTBREAK",3
DOI:10.3390/ijerph18073432,DOI:10.1016/j.jad.2020.08.001,3
DOI:10.3390/ijerph18073432,DOI:10.1016/j.jadohealth.2020.09.039,4
DOI:10.3390/ijerph18073432,DOI:10.1016/s0140-6736(20)30547-x,5
DOI:10.3390/ijerph18073432,DOI:10.1177/0706743720940562,4
DOI:10.3390/ijerph18073432,DOI:10.12688/f1000research.24457.1,4
DOI:10.3390/ijerph18073432,DOI:10.3390/ijerph17197327,4
DOI:10.3390/ijerph18073432,DOI:10.3390/ijerph18094668,4
DOI:10.3390/ijerph18073432,DOI:10.1093/tropej/fmaa122,7
DOI:10.3390/ijerph18073432,DOI:10.1111/bjc.12331,3
DOI:10.3390/ijerph18073432,DOI:10.1001/jamapediatrics.2021.0541,3
DOI:10.3390/ijerph18073432,DOI:10.1016/s2215-0366(21)00091-2,3
DOI:10.3390/ijerph18073432,DOI:10.1542/peds.2020-029280,4
DOI:10.3390/ijerph18073432,DOI:10.1542/peds.2021-051507,3
DOI:10.3390/ijerph18073432,DOI:10.1542/peds.2020-016824,3
DOI:10.3390/ijerph18073432,DOI:10.1001/jamapediatrics.2021.6298,4
DOI:10.3390/ijerph18073432,DOI:10.1016/j.jadohealth.2022.06.022,4
DOI:10.3390/ijerph18073432,DOI:10.1037/tra0001188,3
DOI:10.3390/ijerph18073432,DOI:10.12669/pjms.36.covid19-s4.2759,4
DOI:10.3390/ijerph18073432,DOI:10.1002/jad.12017,3
DOI:10.3390/ijerph18073432,DOI:10.3389/fpsyt.2021.691659,3
DOI:10.3390/ijerph18073432,DOI:10.1007/s00787-022-02060-0,5
DOI:10.1007/s00038-009-5413-9,DOI:10.1111/j.1469-7610.1994.tb01229.x,3
DOI:10.1111/j.1469-7610.1994.tb01229.x,DOI:10.1002/ab.90004.abs,3
DOI:10.1007/s00038-011-0255-7,DOI:10.1007/s10926-009-9224-x,3
DOI:10.1007/s00038-011-0255-7,DOI:10.1016/j.neuroimage.2005.02.048,3
DOI:10.1007/s10926-009-9224-x,DOI:10.1016/j.neuroimage.2005.02.048,3
DOI:10.1016/j.jadohealth.2020.06.002,DOI:10.1016/j.jad.2020.06.029,4
DOI:10.1016/j.jadohealth.2020.06.002,DOI:10.1016/j.jadohealth.2020.05.004,3
DOI:10.1016/j.jadohealth.2020.06.002,DOI:10.1016/j.jadohealth.2020.06.018,3
DOI:10.1016/j.jadohealth.2020.06.002,DOI:10.1016/j.jadohealth.2020.08.006,4
DOI:10.1001/jamanetworkopen.2021.27892,DOI:10.1016/j.jadohealth.2022.06.022,3
DOI:10.1007/s12144-020-01191-4,DOI:10.1016/j.jad.2020.06.029,7
DOI:10.1007/s12144-020-01191-4,DOI:10.2991/jegh.k.200908.001,3
DOI:10.1007/s12144-020-01191-4,DOI:10.1111/appy.12406,3
DOI:10.1007/s12144-020-01191-4,DOI:10.1111/ijcp.14880,3
DOI:10.1007/s12144-020-01191-4,DOI:10.1016/j.jadohealth.2020.07.001,3
DOI:10.1007/s12144-020-01191-4,DOI:10.1186/s12992-020-00627-7,4
DOI:10.1007/s12144-020-01191-4,DOI:10.3389/fpsyt.2020.00751,3
DOI:10.1007/s12144-020-01191-4,DOI:10.1007/s10578-020-01089-z,3
DOI:10.1007/s12144-020-01191-4,DOI:10.1016/j.psychres.2020.113070,3
DOI:10.1007/s12144-020-01191-4,DOI:10.1542/peds.2020-007294,3
DOI:10.1007/s12144-020-01191-4,DOI:10.1542/peds.2020-016824,3
DOI:10.1007/s12144-020-01191-4,DOI:10.1542/peds.2020-029280,3
DOI:10.1007/s12144-020-01191-4,DOI:10.1016/j.jadohealth.2020.05.004,4
DOI:10.1016/j.jaac.2020.08.003,DOI:10.1016/j.jad.2020.06.029,3
DOI:10.1016/j.jad.2020.06.029,DOI:10.2807/1560-7917.es.2020.25.13.2000188,3
DOI:10.1016/j.jad.2020.06.029,DOI:10.2991/jegh.k.200908.001,5
DOI:10.1016/j.jad.2020.06.029,DOI:10.1016/j.jad.2020.12.113,3
DOI:10.1016/j.jad.2020.06.029,DOI:10.1007/s00787-020-01631-3,3
DOI:10.1016/j.jad.2020.06.029,DOI:10.1007/s10578-020-01037-x,4
DOI:10.1016/j.jad.2020.06.029,DOI:10.1111/appy.12406,9
DOI:10.1016/j.jad.2020.06.029,DOI:10.1186/s12992-020-00601-3,7
DOI:10.1016/j.jad.2020.06.029,DOI:10.1186/s12992-020-00627-7,6
DOI:10.1016/j.jad.2020.06.029,DOI:10.31234/osf.io/hn7us,3
DOI:10.1016/j.jad.2020.06.029,DOI:10.1016/j.jad.2020.10.008,4
DOI:10.1016/j.jad.2020.06.029,DOI:10.1016/j.jad.2021.03.009,4
DOI:10.1016/j.jad.2020.06.029,DOI:10.1016/j.jpeds.2020.03.013,14
DOI:10.1016/j.jad.2020.06.029,DOI:10.1017/dmp.2013.22,10
DOI:10.1016/j.jad.2020.06.029,DOI:10.3389/fpsyg.2020.579038,9
DOI:10.1016/j.jad.2020.06.029,DOI:10.3389/fpsyg.2021.565516,3
DOI:10.1016/j.jad.2020.06.029,DOI:10.3390/ijerph17051729,5
DOI:10.1016/j.jad.2020.06.029,DOI:10.3390/ijerph17197327,5
DOI:10.1016/j.jad.2020.06.029,DOI:10.3390/ijerph17228297,4
DOI:10.1016/j.jad.2020.06.029,DOI:10.1542/peds.2020-007294,10
DOI:10.1016/j.jad.2020.06.029,DOI:10.1542/peds.2020-016824,9
DOI:10.1016/j.jad.2020.06.029,"BUZZI C, 2020, ITAL J PEDIATR, V46, DOI [10.1186/S13052-020-00833-4, 10.1186/S13052-020-00833]",3
DOI:10.1016/j.jad.2020.06.029,DOI:10.1016/j.bbi.2020.05.048,6
DOI:10.1016/j.jad.2020.06.029,DOI:10.1093/tropej/fmaa122,4
DOI:10.1016/j.jad.2020.06.029,DOI:10.1007/s10578-020-01089-z,4
DOI:10.1016/j.jad.2020.06.029,DOI:10.1016/j.jadohealth.2020.05.004,15
DOI:10.1016/j.jad.2020.06.029,DOI:10.1016/j.pcl.2021.05.003,4
DOI:10.1016/j.jad.2020.06.029,DOI:10.1016/j.psychres.2020.113070,6
DOI:10.1016/j.jad.2020.06.029,DOI:10.1016/j.sleep.2020.05.018,3
DOI:10.1016/j.jad.2020.06.029,DOI:10.1089/cyber.2020.0478,5
DOI:10.1016/j.jad.2020.06.029,DOI:10.1186/s12992-021-00693-5,4
DOI:10.1016/j.jad.2020.06.029,DOI:10.3390/jcm9103064,3
DOI:10.1016/j.jad.2020.06.029,DOI:10.1016/j.psychres.2020.113172,4
DOI:10.1016/j.jad.2020.06.029,DOI:10.1001/jamapediatrics.2020.5499,3
DOI:10.1016/j.jad.2020.06.029,DOI:10.1002/ppul.24900,3
DOI:10.1016/j.jad.2020.06.029,DOI:10.1016/j.jad.2020.08.001,5
DOI:10.1016/j.jad.2020.06.029,DOI:10.1016/j.jadohealth.2020.09.039,10
DOI:10.1016/j.jad.2020.06.029,DOI:10.1016/j.jadohealth.2021.01.011,3
DOI:10.1016/j.jad.2020.06.029,DOI:10.1016/s0140-6736(20)30547-x,12
DOI:10.1016/j.jad.2020.06.029,DOI:10.1177/0706743720940562,4
DOI:10.1016/j.jad.2020.06.029,DOI:10.1186/s12887-021-02550-1,5
DOI:10.1016/j.jad.2020.06.029,DOI:10.12688/f1000research.24457.1,4
DOI:10.1016/j.jad.2020.06.029,DOI:10.1371/journal.pone.0236562,3
DOI:10.1016/j.jad.2020.06.029,DOI:10.3390/ijerph17207666,4
DOI:10.1016/j.jad.2020.06.029,DOI:10.3390/ijerph18094668,4
DOI:10.1016/j.jad.2020.06.029,DOI:10.1016/j.jadohealth.2020.07.001,12
DOI:10.1016/j.jad.2020.06.029,DOI:10.1111/bjhp.12470,5
DOI:10.1016/j.jad.2020.06.029,DOI:10.1002/da.23120,4
DOI:10.1016/j.jad.2020.06.029,DOI:10.1017/s0033291720005358,4
DOI:10.1016/j.jad.2020.06.029,DOI:10.1001/jamanetworkopen.2021.8533,3
DOI:10.1016/j.jad.2020.06.029,DOI:10.1542/peds.2020-029280,4
DOI:10.1016/j.jad.2020.06.029,DOI:10.3390/ijerph17093165,4
DOI:10.1016/j.jad.2020.06.029,DOI:10.1016/j.childyouth.2020.105595,3
DOI:10.1016/j.jad.2020.06.029,DOI:10.1111/jcpp.13292,3
DOI:10.1016/j.jad.2020.06.029,DOI:10.3389/fpsyt.2020.00751,6
DOI:10.1016/j.jad.2020.06.029,DOI:10.1016/j.pcad.2020.04.013,7
DOI:10.1016/j.jad.2020.06.029,DOI:10.1007/s00787-020-01672-8,3
DOI:10.1016/j.jad.2020.06.029,DOI:10.1016/s2215-0366(20)30237-6,4
DOI:10.1016/j.jad.2020.06.029,DOI:10.1016/j.psychres.2020.113190,3
DOI:10.1016/j.jad.2020.06.029,DOI:10.12669/pjms.36.covid19-s4.2759,6
DOI:10.1016/j.jad.2020.06.029,DOI:10.3389/fpsyg.2020.577763,3
DOI:10.1016/j.jad.2020.06.029,DOI:10.3390/ijerph17196975,3
DOI:10.1016/j.jad.2020.06.029,DOI:10.1017/s0033291720004432,3
DOI:10.1016/j.jad.2020.06.029,DOI:10.3389/fpsyt.2021.728278,3
DOI:10.1016/j.jad.2020.06.029,DOI:10.1007/s11136-021-02861-x,3
DOI:10.1016/j.jad.2020.06.029,DOI:10.1177/00048674221090174,3
DOI:10.1016/j.jad.2020.06.029,DOI:10.21134/rpcna.2020.mon.2037,3
DOI:10.1016/j.jad.2020.06.029,"PAPPA S, 2020, BRAIN BEHAV IMMUN, V88, P901, DOI [10.1016/J.BBI.2020.05.026, 10.1016/J.BBI.2020.11.023]",3
DOI:10.1016/j.jad.2020.06.029,DOI:10.1016/j.chiabu.2020.104709,3
DOI:10.1016/j.jad.2020.06.029,DOI:10.1016/j.lanepe.2021.100093,5
DOI:10.1016/j.jad.2020.06.029,DOI:10.1080/07420528.2020.1792485,3
DOI:10.1016/j.jad.2020.06.029,DOI:10.3238/arztebl.2020.0828,3
DOI:10.1016/j.jad.2020.06.029,DOI:10.1016/s2214-109x(20)30238-2,3
DOI:10.1016/j.jad.2020.06.029,DOI:10.1037/amp0000707,3
DOI:10.1620/tjem.253.203,DOI:10.1016/j.pcad.2020.04.013,3
DOI:10.1620/tjem.253.203,DOI:10.12669/pjms.36.covid19-s4.2759,3
DOI:10.2991/jegh.k.200908.001,DOI:10.3928/02793695-20201104-04,3
DOI:10.2991/jegh.k.200908.001,DOI:10.1016/j.jadohealth.2020.05.004,4
DOI:10.2991/jegh.k.200908.001,DOI:10.1016/j.jadohealth.2020.09.039,4
DOI:10.2991/jegh.k.200908.001,DOI:10.1111/appy.12406,3
DOI:10.2991/jegh.k.200908.001,DOI:10.1111/cob.12412,3
DOI:10.2991/jegh.k.200908.001,DOI:10.1186/s12992-020-00627-7,3
DOI:10.2991/jegh.k.200908.001,DOI:10.12688/f1000research.24457.1,4
DOI:10.2991/jegh.k.200908.001,DOI:10.3390/ijerph17207666,5
DOI:10.2991/jegh.k.200908.001,DOI:10.1016/j.jpeds.2020.03.013,4
DOI:10.2991/jegh.k.200908.001,DOI:10.1017/dmp.2013.22,4
DOI:10.2991/jegh.k.200908.001,DOI:10.1186/s12966-020-00987-8,4
DOI:10.2991/jegh.k.200908.001,DOI:10.1016/j.jadohealth.2020.07.001,3
DOI:10.2991/jegh.k.200908.001,DOI:10.1089/cyber.2020.0478,3
DOI:10.1016/j.ridd.2019.03.004,DOI:10.1016/s0140-6736(21)01164-8,3
DOI:10.1111/jir.12769,DOI:10.1016/j.jpeds.2020.03.013,3
DOI:10.1016/s0140-6736(20)30547-x,DOI:10.1017/dmp.2013.22,11
DOI:10.1016/s0140-6736(20)30547-x,DOI:10.1027/1015-5759/a000218,3
DOI:10.1016/s0140-6736(20)30547-x,DOI:10.1136/bmj.m313,4
DOI:10.1016/s0140-6736(20)30547-x,DOI:10.3760/cma.j.issn.1674-6554.2016.01.017,3
DOI:10.1016/s0140-6736(20)30547-x,DOI:10.1111/appy.12406,5
DOI:10.1016/s0140-6736(20)30547-x,DOI:10.3390/ijerph17051729,8
DOI:10.1016/s0140-6736(20)30547-x,DOI:10.1016/j.jadohealth.2020.07.001,4
DOI:10.1016/s0140-6736(20)30547-x,DOI:10.1016/j.psychres.2020.112954,3
DOI:10.1016/s0140-6736(20)30547-x,DOI:10.1016/s0140-6736(20)30736-4,3
DOI:10.1016/s0140-6736(20)30547-x,DOI:10.3390/ijerph17093165,3
DOI:10.1016/s0140-6736(20)30547-x,DOI:10.1016/j.jpeds.2020.03.013,13
DOI:10.1016/s0140-6736(20)30547-x,DOI:10.1111/jcpp.13292,4
DOI:10.1016/s0140-6736(20)30547-x,DOI:10.3390/brainsci10060341,5
DOI:10.1016/s0140-6736(20)30547-x,DOI:10.1016/j.encep.2020.05.011,3
DOI:10.1016/s0140-6736(20)30547-x,DOI:10.1016/j.heliyon.2020.e04315,3
DOI:10.1016/s0140-6736(20)30547-x,DOI:10.1016/j.jad.2020.08.001,4
DOI:10.1016/s0140-6736(20)30547-x,DOI:10.1016/j.jadohealth.2020.05.004,5
DOI:10.1016/s0140-6736(20)30547-x,DOI:10.1038/s41598-021-91299-9,3
DOI:10.1016/s0140-6736(20)30547-x,DOI:10.1111/cch.12816,3
DOI:10.1016/s0140-6736(20)30547-x,DOI:10.1111/cob.12412,3
DOI:10.1016/s0140-6736(20)30547-x,DOI:10.1186/s12887-021-02550-1,4
DOI:10.1016/s0140-6736(20)30547-x,DOI:10.1186/s12992-020-00627-7,3
DOI:10.1016/s0140-6736(20)30547-x,DOI:10.3390/ijerph17197327,3
DOI:10.1016/s0140-6736(20)30547-x,DOI:10.3390/ijerph17207666,4
DOI:10.1016/s0140-6736(20)30547-x,DOI:10.3390/ijerph18094668,3
DOI:10.1016/s0140-6736(20)30547-x,DOI:10.1016/j.jadohealth.2020.04.006,3
DOI:10.1016/s0140-6736(20)30547-x,DOI:10.1016/j.psychres.2020.113070,3
DOI:10.1016/s0140-6736(20)30547-x,DOI:10.1016/s2468-2667(20)30084-0,4
DOI:10.1016/s0140-6736(20)30547-x,DOI:10.1542/peds.2020-016824,3
DOI:10.1016/s0140-6736(20)30547-x,DOI:10.1016/s2215-0366(20)30073-0,3
DOI:10.1016/s0140-6736(20)30547-x,DOI:10.1007/s10803-020-04577-2,3
DOI:10.1016/s0140-6736(20)30547-x,DOI:10.1016/j.ridd.2020.103840,3
DOI:10.1016/s0140-6736(20)30547-x,DOI:10.3389/fpsyg.2020.579038,3
DOI:10.1016/s0140-6736(20)30547-x,DOI:10.3390/jcm9103064,4
DOI:10.1016/s0140-6736(20)30547-x,DOI:10.1016/j.pcad.2020.04.013,4
DOI:10.1016/s0140-6736(20)30547-x,DOI:10.1016/j.psychres.2020.113172,3
DOI:10.1016/s0140-6736(20)30547-x,DOI:10.1016/s2215-0366(20)30237-6,3
DOI:10.1016/s0140-6736(20)30547-x,DOI:10.1093/tropej/fmaa122,3
DOI:10.1016/s0140-6736(20)30547-x,DOI:10.3389/fpsyt.2020.00751,3
DOI:10.1016/s0140-6736(20)30547-x,DOI:10.1186/s12966-020-00987-8,3
DOI:10.1016/s0140-6736(20)30547-x,DOI:10.1111/jcpp.13278,3
DOI:10.1016/s0140-6736(20)30547-x,DOI:10.1007/s10578-020-01037-x,3
DOI:10.1016/s0140-6736(20)30547-x,DOI:10.12669/pjms.36.covid19-s4.2759,3
DOI:10.1016/s0140-6736(20)30547-x,DOI:10.1007/s11136-021-02861-x,3
DOI:10.1016/s0140-6736(20)30547-x,DOI:10.1016/j.chiabu.2020.104699,3
DOI:10.1017/dmp.2013.22,DOI:10.5664/jcsm.7984,3
DOI:10.1017/dmp.2013.22,DOI:10.1016/j.psychres.2020.112954,4
DOI:10.1017/dmp.2013.22,DOI:10.1016/s0140-6736(20)30736-4,3
DOI:10.1017/dmp.2013.22,DOI:10.3390/ijerph17051729,9
DOI:10.1017/dmp.2013.22,DOI:10.1016/j.jpeds.2020.03.013,16
DOI:10.1017/dmp.2013.22,DOI:10.1016/j.encep.2020.04.007,3
DOI:10.1017/dmp.2013.22,DOI:10.3389/fpsyg.2020.579038,9
DOI:10.1017/dmp.2013.22,DOI:10.3390/ijerph17197327,3
DOI:10.1017/dmp.2013.22,DOI:10.12669/pjms.36.5.3088,4
DOI:10.1017/dmp.2013.22,DOI:10.1007/s00127-017-1446-1,3
DOI:10.1017/dmp.2013.22,DOI:10.1016/j.jadohealth.2020.05.004,7
DOI:10.1017/dmp.2013.22,DOI:10.1016/j.psychres.2020.113070,4
DOI:10.1017/dmp.2013.22,DOI:10.1089/cyber.2020.0478,3
DOI:10.1017/dmp.2013.22,DOI:10.1093/schbul/sbt114,3
DOI:10.1017/dmp.2013.22,DOI:10.1146/annurev.psych.58.110405.085605,3
DOI:10.1017/dmp.2013.22,DOI:10.3390/brainsci10060341,5
DOI:10.1017/dmp.2013.22,DOI:10.3390/jcm9103064,3
DOI:10.1017/dmp.2013.22,DOI:10.1016/j.jadohealth.2020.07.001,4
DOI:10.1017/dmp.2013.22,DOI:10.1016/s2352-4642(20)30110-3,3
DOI:10.1017/dmp.2013.22,DOI:10.1016/j.encep.2020.05.011,3
DOI:10.1017/dmp.2013.22,DOI:10.3389/fpsyg.2020.01713,3
DOI:10.1017/dmp.2013.22,DOI:10.1016/s2468-2667(20)30084-0,3
DOI:10.1017/dmp.2013.22,DOI:10.1007/s11469-020-00322-z,3
DOI:10.1017/dmp.2013.22,DOI:10.1016/j.psychres.2020.112992,3
DOI:10.1017/dmp.2013.22,DOI:10.1186/s40249-020-00678-3,4
DOI:10.1017/dmp.2013.22,DOI:10.1016/j.jadohealth.2020.09.039,3
DOI:10.1027/1015-5759/a000218,DOI:10.3760/cma.j.issn.1674-6554.2016.01.017,3
DOI:10.3389/fpsyt.2021.691659,DOI:10.1007/978-1-4419-9186-711,3
DOI:10.3389/fpsyt.2021.691659,DOI:10.1007/s00787-023-02206-8,3
DOI:10.3389/fpsyt.2021.691659,DOI:10.1007/s10578-021-01230-6,3
DOI:10.3389/fpsyt.2021.691659,DOI:10.1007/s10578-021-01297-1,3
DOI:10.3389/fpsyt.2021.691659,DOI:10.1007/s11136-013-0428-3,4
DOI:10.3389/fpsyt.2021.691659,DOI:10.1111/wvn.12566,3
DOI:10.3389/fpsyt.2021.691659,DOI:10.3389/fped.2021.661796,3
DOI:10.3389/fpsyt.2021.691659,DOI:10.1093/tropej/fmaa122,7
DOI:10.3389/fpsyt.2021.691659,DOI:10.3389/fpsyt.2021.711791,3
DOI:10.3389/fpsyt.2021.691659,DOI:10.1016/j.jadohealth.2022.06.022,3
DOI:10.3389/fpsyt.2021.691659,DOI:10.1007/s00787-022-02060-0,3
DOI:10.1111/camh.12080,DOI:10.1186/s13063-019-3573-3,3
"LAZARUS R.S., 1984, APPRAISAL AND COPING",DOI:10.1016/j.jadohealth.2020.06.018,3
"ANGOLD A, 1995, INT J METHOD PSYCH, V5, P237",DOI:10.1016/j.jbi.2008.08.010,3
DOI:10.1016/j.jad.2017.11.073,DOI:10.1186/s40479-014-0024-3,3
DOI:10.1016/s2215-0366(16)30030-x,DOI:10.1027/0227-5910/a000168,3
DOI:10.1027/0227-5910/a000168,DOI:10.1186/1471-2458-13-479,3
DOI:10.1016/j.jaac.2015.07.001,DOI:10.1017/s1049023x14000910,3
"CASPERSEN CJ, 1985, PUBLIC HEALTH REP, V100, P126, DOI [10.1016/J.JCLINEPI.2013.11.007, 10.1016/S1470-2045(15)00223-5]",DOI:10.1136/bjsports-2020-102955,3
"CASPERSEN CJ, 1985, PUBLIC HEALTH REP, V100, P126, DOI [10.1016/J.JCLINEPI.2013.11.007, 10.1016/S1470-2045(15)00223-5]",DOI:10.1037/hea0000653,3
DOI:10.1136/bjsports-2020-102955,DOI:10.1186/s12966-020-01037-z,4
DOI:10.1136/bjsports-2020-102955,"[ANONYMOUS], 2010, GLOB REC PHYS ACT HL",4
DOI:10.1177/070674371005500707,DOI:10.1007/978-3-319-89842-1_9,3
DOI:10.1177/070674371005500707,DOI:10.1016/j.jclinepi.2015.10.005,3
DOI:10.1177/070674371005500707,DOI:10.1017/s0033291717002835,3
DOI:10.1177/070674371005500707,DOI:10.1097/jom.0000000000001597,3
DOI:10.1177/070674371005500707,DOI:10.3389/fpsyg.2016.00911,3
DOI:10.1007/s10578-020-01037-x,DOI:10.3389/fpsyg.2020.01713,3
DOI:10.1007/s10578-020-01037-x,DOI:10.1186/s12992-020-00601-3,3
DOI:10.1007/s10578-020-01037-x,DOI:10.1007/s10578-020-01089-z,3
DOI:10.1007/s10578-020-01037-x,DOI:10.1542/peds.2020-007294,3
DOI:10.1007/s10578-020-01037-x,DOI:10.1016/j.jadohealth.2020.09.039,3
DOI:10.1016/j.chiabu.2020.104699,DOI:10.1542/peds.2020-016824,4
DOI:10.1016/j.chiabu.2020.104699,DOI:10.1007/s00787-021-01739-0,3
DOI:10.1016/j.chiabu.2020.104699,DOI:10.1007/s10896-020-00200-1,4
DOI:10.1016/j.chiabu.2020.104699,DOI:10.1016/j.chiabu.2020.104709,4
DOI:10.1016/j.chiabu.2020.104699,DOI:10.1542/peds.2020-007294,3
DOI:10.1016/j.chiabu.2020.104699,DOI:10.1016/j.jpeds.2020.03.013,3
DOI:10.1111/jcv2.12009,DOI:10.1016/s2215-0366(20)30237-6,3
DOI:10.1111/jcv2.12009,DOI:10.1016/s2352-4642(21)00177-2,4
DOI:10.1111/jcv2.12009,DOI:10.1111/jcpp.13490,5
DOI:10.1111/jcv2.12009,DOI:10.1016/j.jadohealth.2021.04.005,4
DOI:10.1111/jcv2.12009,DOI:10.1007/s00787-020-01630-4,3
DOI:10.3389/fpsyg.2020.01713,DOI:10.1007/s00787-020-01631-3,3
DOI:10.3389/fpsyg.2020.01713,DOI:10.3389/fpsyg.2020.579038,3
DOI:10.3389/fpsyg.2020.01713,DOI:10.3390/ijerph17196975,3
DOI:10.3389/fpsyg.2020.01713,DOI:10.3390/ijerph17197327,3
DOI:10.3389/fpsyg.2020.01713,DOI:10.3390/ijerph17228297,4
DOI:10.3389/fpsyg.2020.01713,DOI:10.1016/j.jpeds.2020.03.013,3
DOI:10.1007/s00787-022-02060-0,DOI:10.1016/j.jadohealth.2022.06.022,5
DOI:10.1007/s00787-022-02060-0,DOI:10.1093/tropej/fmaa122,3
DOI:10.1007/s00787-022-02060-0,DOI:10.1177/20503121221086712,4
DOI:10.1007/s00787-022-02060-0,DOI:10.1002/jcv2.12150,3
DOI:10.1007/s00787-022-02060-0,DOI:10.1007/s00787-022-01991-y,4
DOI:10.1007/s00787-022-02060-0,DOI:10.1111/nyas.14947,5
DOI:10.1007/s00787-022-02060-0,DOI:10.1186/s13034-022-00546-y,6
DOI:10.1007/s00787-022-02060-0,DOI:10.1186/s13034-023-00612-z,5
DOI:10.1007/s00787-022-02060-0,DOI:10.1186/s13034-022-00451-4,3
DOI:10.1007/s00787-022-02060-0,DOI:10.1007/s00787-023-02206-8,5
DOI:10.1007/s00787-022-02060-0,DOI:10.1038/s41562-021-01079-8,3
DOI:10.1007/s00787-022-02060-0,DOI:10.1186/s13034-022-00452-3,3
DOI:10.1007/s00787-022-02060-0,DOI:10.3389/fpubh.2023.1275917,3
DOI:10.1007/s00787-022-02060-0,DOI:10.3390/ijerph191610103,3
DOI:10.1007/s00787-022-02060-0,DOI:10.1002/jcv2.12027,3
DOI:10.1007/s00787-022-02060-0,DOI:10.1016/j.jad.2021.09.098,3
DOI:10.1007/s00787-022-02060-0,DOI:10.1111/jcpp.13716,4
DOI:10.1007/s00787-022-02060-0,DOI:10.1016/j.jad.2021.04.016,3
DOI:10.1007/s00787-022-02060-0,DOI:10.1016/j.jad.2023.08.070,3
DOI:10.1007/s00787-022-02060-0,DOI:10.1016/j.jadohealth.2020.09.039,4
DOI:10.1016/j.jadohealth.2020.06.018,DOI:10.1016/j.pcl.2021.05.005,3
DOI:10.1016/j.jadohealth.2020.06.018,DOI:10.1177/0706743720940562,5
DOI:10.1016/j.jadohealth.2020.06.018,DOI:10.1037/dev0001211,3
DOI:10.1016/j.jadohealth.2020.06.018,DOI:10.3390/ijerph18052506,3
DOI:10.1136/bmjgh-2022-010713,DOI:10.1007/s10578-021-01297-1,3
DOI:10.1136/bmjgh-2022-010713,DOI:10.1111/nyas.14947,4
DOI:10.1136/bmjgh-2022-010713,DOI:10.1186/s13034-022-00546-y,3
DOI:10.1136/bmjopen-2021-053676,DOI:10.1017/s0033291720005358,3
DOI:10.1136/bmjopen-2021-053676,DOI:10.3390/ijerph18031062,3
DOI:10.1177/0706743720940562,DOI:10.1016/j.jadohealth.2020.05.004,3
DOI:10.1177/0706743720940562,DOI:10.3390/ijerph17197327,3
DOI:10.1177/0706743720940562,DOI:10.3390/ijerph18052506,3
DOI:10.1177/0706743720940562,DOI:10.1001/jamapediatrics.2021.6298,4
DOI:10.1177/0706743720940562,DOI:10.1037/trm0000345,3
DOI:10.1177/0706743720940562,DOI:10.1542/peds.2020-016824,3
DOI:10.1177/0706743720940562,DOI:10.1016/j.jad.2008.06.026,3
DOI:10.1016/j.jadohealth.2020.05.004,DOI:10.1037/amp0000707,4
DOI:10.1016/j.jadohealth.2020.05.004,DOI:10.1016/j.jadohealth.2020.07.001,5
DOI:10.1016/j.jadohealth.2020.05.004,DOI:10.1016/j.jadohealth.2020.09.039,5
DOI:10.1016/j.jadohealth.2020.05.004,DOI:10.12968/hmed.2020.0321,3
DOI:10.1016/j.jadohealth.2020.05.004,DOI:10.1542/peds.2020-016824,5
DOI:10.1016/j.jadohealth.2020.05.004,DOI:10.1007/s00787-020-01548-x,4
DOI:10.1016/j.jadohealth.2020.05.004,DOI:10.1007/s11469-020-00322-z,5
DOI:10.1016/j.jadohealth.2020.05.004,DOI:10.1016/j.jpeds.2020.03.013,11
DOI:10.1016/j.jadohealth.2020.05.004,DOI:10.12669/pjms.36.covid19-s4.2759,3
DOI:10.1016/j.jadohealth.2020.05.004,DOI:10.3390/ijerph17051729,6
DOI:10.1016/j.jadohealth.2020.05.004,DOI:10.1007/s10578-020-01089-z,3
DOI:10.1016/j.jadohealth.2020.05.004,DOI:10.1016/j.psychres.2020.113070,8
DOI:10.1016/j.jadohealth.2020.05.004,DOI:10.1089/cyber.2020.0478,4
DOI:10.1016/j.jadohealth.2020.05.004,DOI:10.1186/s12889-021-10540-2,3
DOI:10.1016/j.jadohealth.2020.05.004,DOI:10.1186/s12992-021-00693-5,3
DOI:10.1016/j.jadohealth.2020.05.004,DOI:10.1542/peds.2020-007294,5
DOI:10.1016/j.jadohealth.2020.05.004,DOI:10.3389/fpsyg.2020.579038,6
DOI:10.1016/j.jadohealth.2020.05.004,DOI:10.3390/brainsci10060341,3
DOI:10.1016/j.jadohealth.2020.05.004,DOI:10.3390/jcm9103064,3
DOI:10.1016/j.jadohealth.2020.05.004,DOI:10.1016/j.jad.2020.08.001,4
DOI:10.1016/j.jadohealth.2020.05.004,DOI:10.1111/appy.12406,4
DOI:10.1016/j.jadohealth.2020.05.004,DOI:10.1186/s12992-020-00627-7,3
DOI:10.1016/j.jadohealth.2020.05.004,DOI:10.12688/f1000research.24457.1,3
DOI:10.1016/j.jadohealth.2020.05.004,DOI:10.3390/ijerph17197327,3
DOI:10.1016/j.jadohealth.2020.05.004,DOI:10.3390/ijerph17207666,3
DOI:10.1016/j.jadohealth.2020.05.004,DOI:10.3390/ijerph17228297,3
DOI:10.1016/j.jadohealth.2020.05.004,DOI:10.1016/j.psychres.2020.113143,4
DOI:10.1016/j.jadohealth.2020.05.004,DOI:10.3389/fpsyg.2021.580511,3
DOI:10.1016/j.jadohealth.2020.05.004,DOI:10.1016/j.pcad.2020.04.013,5
DOI:10.1016/j.jadohealth.2020.05.004,DOI:10.1016/j.psychres.2020.112992,3
DOI:10.1016/j.jadohealth.2020.05.004,DOI:10.1186/s40249-020-00678-3,4
DOI:10.1016/j.jadohealth.2020.05.004,DOI:10.3389/fpsyt.2020.00751,3
DOI:10.1016/j.jadohealth.2020.05.004,DOI:10.1007/s12519-020-00343-7,3
DOI:10.1016/j.jadohealth.2020.05.004,DOI:10.1017/s0033291720005358,3
DOI:10.1089/cyber.2020.0478,DOI:10.1111/jora.12666,3
DOI:10.1089/cyber.2020.0478,DOI:10.3390/brainsci10060341,3
DOI:10.1089/cyber.2020.0478,DOI:10.1016/j.jad.2021.04.016,4
DOI:10.1089/cyber.2020.0478,DOI:10.1016/j.jpeds.2020.03.013,4
DOI:10.1089/cyber.2020.0478,DOI:10.3389/fpsyg.2020.579038,3
DOI:10.1089/cyber.2020.0478,DOI:10.3390/jcm9103064,3
DOI:10.1089/cyber.2020.0478,DOI:10.1111/appy.12406,3
DOI:10.1089/cyber.2020.0478,DOI:10.1186/s12992-020-00627-7,3
DOI:10.1089/cyber.2020.0478,DOI:10.3390/ijerph17228297,3
DOI:10.1089/cyber.2020.0478,DOI:10.1007/s40429-015-0056-9],3
DOI:10.1089/cyber.2020.0478,DOI:10.1016/j.jadohealth.2020.07.001,3
DOI:10.1089/cyber.2020.0478,DOI:10.1016/j.jadohealth.2020.09.039,4
DOI:10.1089/cyber.2020.0478,DOI:10.3389/fpsyt.2020.00751,3
DOI:10.1089/cyber.2020.0478,DOI:10.1016/j.jadohealth.2020.08.008,3
DOI:10.3390/brainsci10060341,DOI:10.1016/j.rasd.2021.101757,3
DOI:10.3390/brainsci10060341,DOI:10.3390/children7090128,4
DOI:10.3390/brainsci10060341,DOI:10.1016/j.jpeds.2020.03.013,6
DOI:10.3390/brainsci10060341,DOI:10.1016/j.psychres.2020.113070,3
DOI:10.3390/brainsci10060341,DOI:10.3389/fpsyg.2020.579038,4
DOI:10.3390/brainsci10060341,DOI:10.3390/ijerph18031062,3
DOI:10.3390/brainsci10060341,DOI:10.1007/s10803-020-04577-2,3
DOI:10.3390/brainsci10060341,DOI:10.1016/j.encep.2020.05.011,3
DOI:10.3390/brainsci10060341,DOI:10.1016/j.ridd.2020.103840,3
DOI:10.3390/brainsci10060341,DOI:10.33588/rn.7108.2020381,4
DOI:10.1016/j.jad.2021.03.009,DOI:10.1016/j.jpeds.2020.03.013,3
DOI:10.1016/j.jad.2021.03.009,DOI:10.1542/peds.2020-016824,3
DOI:10.1016/j.jadohealth.2020.04.006,DOI:10.1016/j.jpeds.2020.03.013,3
DOI:10.1007/s00038-009-5406-8,DOI:10.1093/eurpub/11.1.4,3
DOI:10.1007/s00038-009-5406-8,DOI:10.1007/s11136-013-0428-3,3
DOI:10.1093/eurpub/11.1.4,DOI:10.1177/20503121221086712,3
DOI:10.1093/eurpub/11.1.4,DOI:10.1007/978-1-4419-9186-711,3
DOI:10.1093/eurpub/11.1.4,DOI:10.1007/s11136-013-0428-3,6
DOI:10.1093/eurpub/11.1.4,DOI:10.1016/j.jad.2018.02.037,3
DOI:10.1093/eurpub/11.1.4,DOI:10.1016/j.janxdis.2009.04.003,3
DOI:10.1093/eurpub/11.1.4,DOI:10.1186/1753-2000-4-19,3
DOI:10.1093/eurpub/11.1.4,DOI:10.1007/s00787-008-1013-0,3
DOI:10.1007/s11136-007-9240-2,DOI:10.1007/s00787-020-01630-4,3
DOI:10.1007/978-3-319-89842-1_9,DOI:10.1016/j.jclinepi.2015.10.005,3
DOI:10.1007/978-3-319-89842-1_9,DOI:10.1017/s0033291717002835,3
DOI:10.1007/978-3-319-89842-1_9,DOI:10.1097/jom.0000000000001597,3
DOI:10.1007/978-3-319-89842-1_9,DOI:10.3389/fpsyg.2016.00911,3
DOI:10.1016/j.jclinepi.2015.10.005,DOI:10.1017/s0033291717002835,3
DOI:10.1016/j.jclinepi.2015.10.005,DOI:10.1097/jom.0000000000001597,3
DOI:10.1016/j.jclinepi.2015.10.005,DOI:10.3389/fpsyg.2016.00911,3
DOI:10.1017/s0033291717002835,DOI:10.1097/jom.0000000000001597,3
DOI:10.1017/s0033291717002835,DOI:10.3389/fpsyg.2016.00911,3
DOI:10.1097/jom.0000000000001597,DOI:10.3389/fpsyg.2016.00911,3
DOI:10.1007/s00787-020-01578-5,DOI:10.1542/peds.2020-016824,3
DOI:10.1007/s00787-020-01578-5,DOI:10.1007/s00787-022-01991-y,3
DOI:10.1016/j.jadohealth.2021.07.039,DOI:10.1097/mlr.0b013e318160d093,3
DOI:10.1016/j.jadohealth.2021.07.039,DOI:10.1016/j.lanepe.2021.100093,3
DOI:10.1016/s2352-4642(21)00177-2,DOI:10.1017/s0033291720005358,3
DOI:10.1016/s2352-4642(21)00177-2,DOI:10.1111/jcpp.13490,3
DOI:10.1016/s2352-4642(21)00177-2,"[ANONYMOUS], 2021, MENTAL HEALTH OF CHILDREN AND YOUNG PEOPLE IN ENGLAND 2021 - WAVE 2 FOLLOW UP TO THE 2017 SURVEY",3
DOI:10.1097/mlr.0b013e318160d093,DOI:10.1111/j.1746-1561.2007.00278.x,3
DOI:10.1097/mlr.0b013e318160d093,DOI:10.1177/0734282916655504,3
DOI:10.1097/mlr.0b013e318160d093,DOI:10.3390/ijerph17217800,3
DOI:10.1097/mlr.0b013e318160d093,"THOMPSON-HAILE A., 2013, COMPASS TECHNICAL REPORT SERIES, V1, P1",3
DOI:10.1111/j.1746-1561.2007.00278.x,DOI:10.1177/0734282916655504,3
DOI:10.1111/j.1746-1561.2007.00278.x,DOI:10.3390/ijerph17217800,3
DOI:10.3390/ijerph17217800,"THOMPSON-HAILE A., 2013, COMPASS TECHNICAL REPORT SERIES, V1, P1",3
DOI:10.1016/s2215-0366(20)30237-6,DOI:10.1016/j.jad.2021.09.098,3
DOI:10.1016/s2468-2667(20)30084-0,DOI:10.1016/j.jpeds.2020.03.013,3
DOI:10.1016/s2468-2667(20)30084-0,DOI:10.3390/ijerph17051729,3
DOI:10.1016/s2468-2667(20)30084-0,DOI:10.1007/s10803-020-04577-2,3
DOI:10.1136/bmjpo-2020-000701,DOI:10.1016/j.jpeds.2020.03.013,3
DOI:10.1016/j.jadohealth.2020.09.039,DOI:10.1017/s0033291720005358,4
DOI:10.1016/j.jadohealth.2020.09.039,DOI:10.1016/j.jadohealth.2020.07.001,6
DOI:10.1016/j.jadohealth.2020.09.039,DOI:10.1542/peds.2020-016824,4
DOI:10.1016/j.jadohealth.2020.09.039,DOI:10.1111/cch.12998,3
DOI:10.1016/j.jadohealth.2020.09.039,DOI:10.3390/ijerph18031062,4
DOI:10.1016/j.jadohealth.2020.09.039,DOI:10.12669/pjms.36.covid19-s4.2759,3
DOI:10.1016/j.jadohealth.2020.09.039,DOI:10.3390/ijerph17051729,3
DOI:10.1016/j.jadohealth.2020.09.039,DOI:10.1016/j.jad.2021.04.016,3
DOI:10.1016/j.jadohealth.2020.09.039,DOI:10.1016/j.jpeds.2020.03.013,4
DOI:10.1016/j.jadohealth.2020.09.039,DOI:10.1111/cob.12412,3
DOI:10.1016/j.jadohealth.2020.09.039,DOI:10.1186/s12992-020-00627-7,4
DOI:10.1016/j.jadohealth.2020.09.039,DOI:10.3389/fpsyg.2020.579038,3
DOI:10.1016/j.jadohealth.2020.09.039,DOI:10.1001/jamapediatrics.2020.5499,3
DOI:10.1016/j.jadohealth.2020.09.039,DOI:10.1111/appy.12406,4
DOI:10.1016/j.jadohealth.2020.09.039,DOI:10.1186/s12887-021-02550-1,3
DOI:10.1016/j.jadohealth.2020.09.039,DOI:10.12688/f1000research.24457.1,4
DOI:10.1016/j.jadohealth.2020.09.039,DOI:10.3390/ijerph17197327,3
DOI:10.1016/j.jadohealth.2020.09.039,DOI:10.3390/ijerph17207666,3
DOI:10.1016/j.jadohealth.2020.09.039,DOI:10.1001/jamapediatrics.2021.0541,3
DOI:10.1016/j.jadohealth.2020.09.039,DOI:10.1016/j.jadohealth.2021.04.005,3
DOI:10.1016/j.jadohealth.2020.09.039,DOI:10.3389/fpsyt.2020.00751,3
DOI:10.1016/j.jadohealth.2020.09.039,DOI:10.1016/j.jad.2021.09.098,3
DOI:10.1016/j.jadohealth.2020.09.039,DOI:10.1093/tropej/fmaa122,3
DOI:10.1016/j.jadohealth.2020.09.039,DOI:10.1192/bjo.2021.49,3
DOI:10.1016/j.jadohealth.2020.09.039,DOI:10.1177/1359104520972453,3
DOI:10.1016/j.psychres.2020.113143,DOI:10.1017/s0033291720005358,3
DOI:10.1016/j.psychres.2020.113143,DOI:10.1016/j.jpeds.2020.03.013,3
DOI:10.1016/j.psychres.2020.113143,DOI:10.3390/ijerph17051729,4
DOI:10.1016/j.psychres.2020.113143,DOI:10.1017/s003329172000241x,3
DOI:10.1017/s0033291720005358,DOI:10.1017/s003329172000241x,4
DOI:10.1017/s0033291720005358,DOI:10.1007/s11136-021-02861-x,3
DOI:10.1017/s0033291720005358,DOI:10.1111/wvn.12566,4
DOI:10.1017/s0033291720005358,DOI:10.1007/s00787-023-02206-8,4
DOI:10.1017/s0033291720005358,DOI:10.1016/j.pcl.2021.05.003,3
DOI:10.1017/s0033291720005358,DOI:10.3389/fpsyt.2022.917552,3
DOI:10.1017/s0033291720005358,DOI:10.1016/j.lanepe.2021.100093,3
DOI:10.1017/s0033291720005358,DOI:10.1111/apa.15270,3
DOI:10.1017/s0033291720005358,DOI:10.1177/0033354920954511,3
DOI:10.1017/s0033291720005358,DOI:10.1371/journal.pone.0255294,3
DOI:10.1017/s0033291720005358,DOI:10.3389/fpsyg.2020.579038,4
DOI:10.1017/s0033291720005358,DOI:10.1016/j.jad.2021.04.016,3
DOI:10.1017/s0033291720005358,DOI:10.1016/j.jpeds.2020.03.013,4
DOI:10.1017/s0033291720005358,DOI:10.1007/s10578-020-01089-z,3
DOI:10.3390/healthcare8040472,DOI:10.1016/j.jpeds.2020.03.013,3
DOI:10.1001/archpsyc.1961.01710120031004,DOI:10.1186/s12889-018-5604-5,3
DOI:10.1016/j.jbi.2008.08.010,DOI:10.1016/j.jpeds.2020.03.013,3
DOI:10.1016/j.jbi.2008.08.010,DOI:10.3390/ijerph17197327,3
DOI:10.1016/j.jbi.2008.08.010,DOI:10.1016/j.jbi.2019.103208,4
DOI:10.1016/j.jbi.2008.08.010,DOI:10.1111/eip.13052,3
DOI:10.1016/j.jbi.2008.08.010,"NIKOLAIDIS AKI, 2020, MEDRXIV, DOI [10.1038/S41598-021-87270-3, 10.1101/2020.08.24.20181123]",4
DOI:10.2989/jcamh.2008.20.1.6.491,DOI:10.4314/ajpsy.v15i2.14,3
DOI:10.1017/s0021963099005569,DOI:10.1017/s0021963099006460,3
DOI:10.1186/s12966-021-01113-y,DOI:10.1249/mss.0000000000000993,3
DOI:10.1016/j.chc.2008.02.002,"ROUSSEAU CECILE, 2007, CLIN CHILD PSYCHOL PSYCHIATRY, V12, P451",3
DOI:10.1007/s11136-010-9706-5,DOI:10.1007/s11136-013-0428-3,4
DOI:10.1007/s11136-010-9706-5,DOI:10.1016/j.jadohealth.2022.06.022,3
DOI:10.1542/peds.2020-007294,DOI:10.1016/j.jpeds.2020.03.013,11
DOI:10.1542/peds.2020-007294,DOI:10.1542/peds.2020-016824,16
DOI:10.1542/peds.2020-007294,DOI:10.3389/fpsyg.2020.579038,6
DOI:10.1542/peds.2020-007294,DOI:10.3390/ijerph17197327,8
DOI:10.1542/peds.2020-007294,DOI:10.1007/s10578-020-01089-z,4
DOI:10.1542/peds.2020-007294,DOI:10.1016/j.psychres.2020.113070,3
DOI:10.1542/peds.2020-007294,DOI:10.1007/s00787-021-01739-0,3
DOI:10.1542/peds.2020-007294,DOI:10.1016/j.chiabu.2020.104709,5
DOI:10.1542/peds.2020-007294,DOI:10.1177/1077559520982066,3
DOI:10.1542/peds.2020-007294,DOI:10.1016/j.childyouth.2016.10.016,3
DOI:10.1542/peds.2020-007294,DOI:10.1136/bmjopen-2020-042871,3
DOI:10.1542/peds.2020-007294,DOI:10.1542/peds.2020-029280,4
DOI:10.1542/peds.2020-007294,DOI:10.1001/jamanetworkopen.2021.8533,3
DOI:10.1542/peds.2020-007294,DOI:10.1016/j.jad.2020.10.008,3
DOI:10.1016/j.jad.2020.11.117,DOI:10.1007/s10578-021-01297-1,3
DOI:10.1016/j.jad.2020.11.117,DOI:10.1136/bmj.n71,3
DOI:10.1016/s2215-0366(20)30307-2,DOI:10.1542/peds.2020-016824,3
DOI:10.1016/j.tics.2020.05.001,DOI:10.1016/j.socscimed.2020.113370,3
DOI:10.1186/s12889-020-09429-3,DOI:10.1016/j.jpeds.2020.03.013,3
DOI:10.1186/s12889-020-09429-3,DOI:10.1186/s12966-020-00987-8,5
DOI:10.1186/s12889-020-09429-3,DOI:10.3390/ijerph17051729,3
DOI:10.3389/fpsyg.2020.599531,DOI:10.3390/ijerph17051729,3
DOI:10.1016/j.lanepe.2021.100093,DOI:10.1007/s00787-021-01935-y,3
DOI:10.1016/j.lanepe.2021.100093,DOI:10.1186/s12889-022-12590-6,3
DOI:10.1016/j.lanepe.2021.100093,DOI:10.1016/j.schres.2021.08.020,3
DOI:10.1016/j.lanepe.2021.100093,DOI:10.1111/jcv2.12008,3
DOI:10.1016/j.lanepe.2021.100093,DOI:10.1016/j.jadohealth.2021.04.005,3
DOI:10.1016/j.lanepe.2021.100093,DOI:10.1016/j.pcl.2021.05.003,3
DOI:10.1111/apa.15270,DOI:10.3390/ijerph17051729,3
DOI:10.1111/appy.12406,DOI:10.1007/s00787-020-01631-3,3
DOI:10.1111/appy.12406,DOI:10.1186/s12992-020-00601-3,4
DOI:10.1111/appy.12406,DOI:10.1186/s12992-020-00627-7,5
DOI:10.1111/appy.12406,DOI:10.1016/j.jad.2020.08.001,3
DOI:10.1111/appy.12406,DOI:10.1111/cob.12412,3
DOI:10.1111/appy.12406,DOI:10.1186/s12887-021-02550-1,3
DOI:10.1111/appy.12406,DOI:10.12688/f1000research.24457.1,3
DOI:10.1111/appy.12406,DOI:10.3390/ijerph17197327,5
DOI:10.1111/appy.12406,DOI:10.3390/ijerph17207666,5
DOI:10.1111/appy.12406,DOI:10.3390/ijerph17228297,3
DOI:10.1111/appy.12406,DOI:10.1038/s41598-021-81720-8,3
DOI:10.1111/appy.12406,DOI:10.3389/fpsyg.2020.579038,4
DOI:10.1111/appy.12406,DOI:10.3390/jcm9103064,4
DOI:10.3390/ijerph17051729,DOI:10.1016/j.psychres.2020.112954,5
DOI:10.3390/ijerph17051729,"DONG YY, 2020, PEDIATRICS, V145, DOI [10.1016/J.JEMERMED.2020.04.006, 10.1542/PEDS.2020-0702]",4
DOI:10.3390/ijerph17051729,DOI:10.1016/j.jpeds.2020.03.013,13
DOI:10.3390/ijerph17051729,DOI:10.3389/fpsyg.2020.579038,6
DOI:10.3390/ijerph17051729,DOI:10.12669/pjms.36.covid19-s4.2759,4
DOI:10.3390/ijerph17051729,DOI:10.1016/j.chiabu.2013.05.005,3
DOI:10.3390/ijerph17051729,DOI:10.1016/j.psychres.2020.113070,3
DOI:10.3390/ijerph17051729,DOI:10.1080/13548506.2016.1153679,3
DOI:10.3390/ijerph17051729,DOI:10.3390/ijerph18031062,3
DOI:10.3390/ijerph17051729,DOI:10.1136/gpsych-2020-100213,7
DOI:10.3390/ijerph17051729,DOI:10.1038/s41598-021-91299-9,3
DOI:10.3390/ijerph17051729,DOI:10.3390/ijerph17207666,3
DOI:10.1001/jamapediatrics.2021.6298,DOI:10.1007/s00787-022-02046-y,4
DOI:10.1001/jamapediatrics.2021.6298,DOI:10.1037/trm0000345,3
DOI:10.1001/jamapediatrics.2021.6298,DOI:10.1542/peds.2020-039628,4
DOI:10.1001/jamapediatrics.2021.6298,DOI:10.1001/jamanetworkopen.2021.43144,3
DOI:10.1001/jamapediatrics.2021.6298,DOI:10.1016/j.jadohealth.2021.09.025,3
DOI:10.1001/jamapediatrics.2021.6298,DOI:10.1097/00005650-200410000-00004,3
"BUZZI C, 2020, ITAL J PEDIATR, V46, DOI [10.1186/S13052-020-00833-4, 10.1186/S13052-020-00833]",DOI:10.1016/j.jpeds.2020.03.013,3
DOI:10.3389/fpubh.2021.793868,DOI:10.3390/ijerph18094668,3
DOI:10.1007/s00127-018-1511-4,DOI:10.1371/journal.pone.0269044,3
DOI:10.1007/s11136-015-1218-x,DOI:10.1080/0954026021000046155,3
DOI:10.1016/j.jpeds.2020.03.013,DOI:10.1542/peds.2020-016824,10
DOI:10.1016/j.jpeds.2020.03.013,DOI:10.3389/fpsyg.2020.579038,12
DOI:10.1016/j.jpeds.2020.03.013,DOI:10.3390/ijerph17197327,7
DOI:10.1016/j.jpeds.2020.03.013,DOI:10.1016/j.encep.2020.04.007,3
DOI:10.1016/j.jpeds.2020.03.013,DOI:10.1016/j.jad.2020.10.008,4
DOI:10.1016/j.jpeds.2020.03.013,DOI:10.1177/1073191120918929,3
DOI:10.1016/j.jpeds.2020.03.013,DOI:10.3390/ijerph17228297,4
DOI:10.1016/j.jpeds.2020.03.013,DOI:10.1007/s00787-020-01548-x,3
DOI:10.1016/j.jpeds.2020.03.013,DOI:10.1007/s11469-020-00322-z,4
DOI:10.1016/j.jpeds.2020.03.013,DOI:10.12669/pjms.36.5.3088,4
DOI:10.1016/j.jpeds.2020.03.013,DOI:10.12669/pjms.36.covid19-s4.2759,6
DOI:10.1016/j.jpeds.2020.03.013,DOI:10.1007/s00127-017-1446-1,3
DOI:10.1016/j.jpeds.2020.03.013,DOI:10.1007/s10578-020-01089-z,3
DOI:10.1016/j.jpeds.2020.03.013,DOI:10.1016/j.jad.2021.04.016,3
DOI:10.1016/j.jpeds.2020.03.013,DOI:10.1016/j.psychres.2020.113070,8
DOI:10.1016/j.jpeds.2020.03.013,DOI:10.1093/jpepsy/jsaa092,3
DOI:10.1016/j.jpeds.2020.03.013,DOI:10.1097/00004583-199704000-00019,3
DOI:10.1016/j.jpeds.2020.03.013,DOI:10.1186/s12992-021-00693-5,3
DOI:10.1016/j.jpeds.2020.03.013,"WHO, 2020, HELPING CHILDREN COPE WITH STRESS DURING THE 2019-NCOV OUTBREAK",4
DOI:10.1016/j.jpeds.2020.03.013,DOI:10.1016/j.ajp.2020.102066,4
DOI:10.1016/j.jpeds.2020.03.013,DOI:10.3390/ijerph18031062,4
DOI:10.1016/j.jpeds.2020.03.013,DOI:10.1016/s2352-4642(20)30110-3,3
DOI:10.1016/j.jpeds.2020.03.013,DOI:10.1136/gpsych-2020-100213,5
DOI:10.1016/j.jpeds.2020.03.013,DOI:10.1186/s13034-020-00324-8,3
DOI:10.1016/j.jpeds.2020.03.013,DOI:10.1093/tropej/fmaa122,6
DOI:10.1016/j.jpeds.2020.03.013,DOI:10.1037/tra0000889,3
DOI:10.1016/j.jpeds.2020.03.013,DOI:10.1136/bmjopen-2020-042871,4
DOI:10.1016/j.jpeds.2020.03.013,DOI:10.1542/peds.2020-029280,3
DOI:10.1016/j.jpeds.2020.03.013,DOI:10.3390/ijerph17093165,4
DOI:10.1016/j.jpeds.2020.03.013,DOI:10.1007/s11136-021-02861-x,4
DOI:10.1016/j.jpeds.2020.03.013,DOI:10.3389/fpsyg.2020.01952,3
DOI:10.1016/j.jpeds.2020.03.013,DOI:10.3238/arztebl.2020.0828,3
DOI:10.1016/j.jpeds.2020.03.013,DOI:10.1186/s12966-020-00987-8,4
DOI:10.1016/j.jpeds.2020.03.013,DOI:10.1016/j.psychres.2020.112992,3
DOI:10.1016/j.jpeds.2020.03.013,DOI:10.1016/j.rmed.2017.03.024,3
DOI:10.1016/j.jpeds.2020.03.013,DOI:10.1186/s40249-020-00678-3,4
DOI:10.1016/j.jpeds.2020.03.013,DOI:10.1016/j.psychres.2020.113172,3
DOI:10.1016/j.jpeds.2020.03.013,DOI:10.3389/fpsyt.2020.00751,3
DOI:10.1016/j.jpeds.2020.03.013,DOI:10.1016/j.jped.2020.08.008,3
DOI:10.1016/j.jpeds.2020.03.013,DOI:10.12688/f1000research.24457.1,3
DOI:10.1016/j.jpeds.2020.03.013,DOI:10.3390/ijerph17207666,4
DOI:10.1016/j.jpeds.2020.03.013,DOI:10.1007/s00787-008-1013-0,3
DOI:10.1016/j.jpeds.2020.03.013,DOI:10.1007/s00787-020-01630-4,3
DOI:10.1542/peds.2020-016824,DOI:10.3389/fpsyg.2020.579038,6
DOI:10.1542/peds.2020-016824,DOI:10.3390/ijerph17197327,7
DOI:10.1542/peds.2020-016824,DOI:10.1007/s10578-020-01089-z,4
DOI:10.1542/peds.2020-016824,DOI:10.1136/bmjopen-2020-042871,5
DOI:10.1542/peds.2020-016824,DOI:10.1002/aur.2618,3
DOI:10.1542/peds.2020-016824,DOI:10.12669/pjms.36.covid19-s4.2759,3
DOI:10.1542/peds.2020-016824,DOI:10.1001/jamanetworkopen.2021.8533,6
DOI:10.1542/peds.2020-016824,DOI:10.1542/peds.2020-029280,6
DOI:10.1542/peds.2020-016824,DOI:10.3390/ijerph17093165,3
DOI:10.1542/peds.2020-016824,DOI:10.1007/s00787-021-01739-0,3
DOI:10.1542/peds.2020-016824,DOI:10.1016/j.chiabu.2020.104709,5
DOI:10.1542/peds.2020-016824,DOI:10.1177/1077559520982066,3
DOI:10.1542/peds.2020-016824,DOI:10.1016/j.childyouth.2016.10.016,3
DOI:10.1542/peds.2020-016824,DOI:10.1016/s2214-109x(20)30238-2,3
DOI:10.1542/peds.2020-016824,DOI:10.1177/1359104520972453,3
DOI:10.3389/fpsyg.2020.579038,DOI:10.3390/ijerph17197327,8
DOI:10.3389/fpsyg.2020.579038,DOI:10.1007/s00787-020-01631-3,6
DOI:10.3389/fpsyg.2020.579038,DOI:10.1038/s41598-021-81720-8,4
DOI:10.3389/fpsyg.2020.579038,DOI:10.3390/ijerph17228297,4
DOI:10.3389/fpsyg.2020.579038,DOI:10.3390/jcm9103064,3
DOI:10.3389/fpsyg.2020.579038,DOI:10.1016/j.ajp.2020.102066,3
DOI:10.3389/fpsyg.2020.579038,DOI:10.1186/s12992-020-00627-7,3
DOI:10.3389/fpsyg.2020.579038,DOI:10.33588/rn.7108.2020381,3
DOI:10.3389/fpsyg.2020.579038,DOI:10.1016/s2352-4642(20)30110-3,3
DOI:10.3389/fpsyg.2020.579038,DOI:10.3389/fpsyt.2020.00751,4
DOI:10.3389/fpsyg.2020.579038,DOI:10.1016/j.encep.2020.05.011,3
DOI:10.3389/fpsyg.2020.579038,DOI:10.1016/j.jad.2020.08.001,3
DOI:10.3389/fpsyg.2020.579038,DOI:10.1016/j.ridd.2020.103840,3
DOI:10.3389/fpsyg.2020.579038,DOI:10.12669/pjms.36.5.3088,3
DOI:10.3389/fpsyg.2020.579038,DOI:10.3390/ijerph17196975,3
DOI:10.3389/fpsyg.2020.579038,DOI:10.1093/tropej/fmaa122,5
DOI:10.3389/fpsyg.2020.579038,DOI:10.1016/j.pcad.2020.04.013,3
DOI:10.3389/fpsyg.2020.579038,DOI:10.1007/s00787-008-1013-0,3
DOI:10.3389/fpsyg.2020.579038,DOI:10.1007/s00787-020-01630-4,3
DOI:10.3389/fpsyg.2020.579038,DOI:10.4178/epih.e2020038,3
DOI:10.3390/ijerph17197327,DOI:10.3390/ijerph17228297,4
DOI:10.3390/ijerph17197327,DOI:10.1016/j.encep.2020.05.011,3
DOI:10.3390/ijerph17197327,DOI:10.1186/s12992-020-00627-7,3
DOI:10.3390/ijerph17197327,DOI:10.3390/ijerph17207666,3
DOI:10.3390/ijerph17197327,DOI:10.1038/s41598-021-81720-8,5
DOI:10.3390/ijerph17197327,DOI:10.3389/fpsyg.2020.590463,3
DOI:10.3390/ijerph17197327,DOI:10.1016/j.jadohealth.2021.04.005,4
DOI:10.3390/ijerph17197327,DOI:10.1111/jcpp.13490,3
DOI:10.3390/ijerph17197327,DOI:10.1037/cap0000273,3
DOI:10.1007/s10578-021-01297-1,DOI:10.1136/bmj.n71,3
DOI:10.1007/s10578-021-01297-1,DOI:10.1177/20503121221086712,3
DOI:10.1007/s10578-021-01297-1,DOI:10.1007/978-1-4419-9186-711,3
DOI:10.1007/s10578-021-01297-1,DOI:10.1007/s00787-023-02206-8,4
DOI:10.1007/s10578-021-01297-1,DOI:10.1111/nyas.14947,3
DOI:10.1007/s10578-021-01297-1,DOI:10.1007/s00787-020-01630-4,3
DOI:10.1136/bmj.n71,DOI:10.1016/j.jad.2021.09.098,3
DOI:10.1016/j.jadohealth.2020.07.001,DOI:10.1186/s12992-020-00601-3,5
DOI:10.1016/j.jadohealth.2020.07.001,DOI:10.1016/j.bbi.2020.05.048,3
DOI:10.1016/j.jadohealth.2020.07.001,DOI:10.3389/fpsyt.2020.00751,5
DOI:10.1016/j.jadohealth.2020.07.001,DOI:10.1186/s12992-020-00627-7,3
DOI:10.1016/j.jadohealth.2020.07.001,DOI:10.3969/j.issn.2096-2266.2020.07.019],3
DOI:10.1016/j.psychres.2020.112954,DOI:10.3390/ijerph17114065,3
DOI:10.25318/82-003-x202000400003-eng,DOI:10.1016/j.chiabu.2012.09.015,3
DOI:10.25318/82-003-x202000400003-eng,DOI:10.1177/0706743718808250,3
"DONG YY, 2020, PEDIATRICS, V145, DOI [10.1016/J.JEMERMED.2020.04.006, 10.1542/PEDS.2020-0702]",DOI:10.12669/pjms.36.covid19-s4.2759,3
DOI:10.1007/s00787-020-01631-3,DOI:10.1038/s41598-021-81720-8,3
DOI:10.1007/s00787-020-01631-3,DOI:10.1186/s12992-020-00627-7,5
DOI:10.1007/s00787-020-01631-3,DOI:10.3389/fped.2020.00573,3
DOI:10.1007/s00787-020-01631-3,DOI:10.3390/ijerph17196975,3
DOI:10.1007/s00787-020-01631-3,DOI:10.3390/ijerph17228297,4
DOI:10.1007/s00787-023-02206-8,DOI:10.1007/978-1-4419-9186-711,3
DOI:10.1007/s00787-023-02206-8,DOI:10.1007/s11136-013-0428-3,3
DOI:10.1007/s00787-023-02206-8,DOI:10.1016/s2352-4642(23)00022-6,3
DOI:10.1007/s00787-023-02206-8,DOI:10.1111/jcpp.13716,3
DOI:10.1007/s00787-023-02206-8,DOI:10.1111/nyas.14947,3
DOI:10.1007/s00787-023-02206-8,DOI:10.1177/20503121221086712,3
DOI:10.1007/s00787-023-02206-8,DOI:10.1016/j.jad.2021.09.098,3
DOI:10.1007/s00787-023-02206-8,DOI:10.1007/s00787-022-01991-y,3
DOI:10.1007/s00787-023-02206-8,DOI:10.1007/s00787-023-02269-7,3
DOI:10.1007/s00787-023-02206-8,DOI:10.1016/j.jad.2023.08.070,5
DOI:10.1007/s00787-023-02206-8,DOI:10.1016/j.jadohealth.2022.06.022,3
DOI:10.1007/s00787-023-02206-8,DOI:10.3390/ijerph191610103,4
DOI:10.1007/s11136-021-02861-x,DOI:10.1111/jcpp.13490,3
DOI:10.1007/s11136-021-02861-x,DOI:10.3390/ijerph18158074,3
DOI:10.1007/s11136-021-02861-x,DOI:10.1186/s12887-021-02550-1,3
DOI:10.1016/j.sleep.2021.06.002,DOI:10.1093/tropej/fmaa122,3
DOI:10.1016/s0140-6736(21)01253-8,DOI:10.1542/peds.2020-029280,3
DOI:10.1016/s0140-6736(21)01253-8,DOI:10.1016/s2352-4642(22)00005-0,3
DOI:10.1038/s41598-021-81720-8,DOI:10.1371/journal.pone.0255294,3
DOI:10.1038/s41598-021-81720-8,DOI:10.3389/fpsyg.2020.590463,3
DOI:10.1038/s41598-021-81720-8,DOI:10.1016/j.jadohealth.2021.04.005,3
DOI:10.1038/s41598-021-81720-8,DOI:10.1192/bjo.2021.49,3
DOI:10.1111/cdep.12387,DOI:10.1111/j.1467-8624.1998.tb06128.x,3
DOI:10.1111/jcpp.13490,DOI:10.3390/ijerph18158074,3
DOI:10.1111/jcpp.13490,DOI:10.31234/osf.io/hn7us,3
DOI:10.1111/jcpp.13490,DOI:10.1016/j.jadohealth.2021.04.005,5
DOI:10.1111/jcpp.13490,"[ANONYMOUS], 2021, MENTAL HEALTH OF CHILDREN AND YOUNG PEOPLE IN ENGLAND 2021 - WAVE 2 FOLLOW UP TO THE 2017 SURVEY",3
DOI:10.1111/jcpp.13490,DOI:10.1111/jcpp.13586,3
DOI:10.1186/s13034-023-00612-z,DOI:10.1186/s13034-022-00546-y,5
DOI:10.1007/s00103-021-03291-3,DOI:10.1007/s11136-013-0428-3,3
DOI:10.1371/journal.pone.0255294,DOI:10.1016/j.jadohealth.2021.04.005,3
DOI:10.1371/journal.pone.0255294,DOI:10.1016/j.pcl.2021.05.003,3
DOI:10.1016/j.chiabu.2020.104393,DOI:10.1016/s0145-2134(00)00176-9,3
DOI:10.1002/jad.12017,DOI:10.1016/j.jadohealth.2022.06.022,3
DOI:10.1017/s0033291721000015,DOI:10.1016/j.jad.2021.09.098,4
DOI:10.1017/s0033291721000015,DOI:10.31234/osf.io/hn7us,3
DOI:10.1177/14034948211021724,DOI:10.3390/adolescents1010002,3
DOI:10.1177/20503121221086712,DOI:10.1016/j.pcl.2021.05.003,3
DOI:10.1177/20503121221086712,DOI:10.1111/nyas.14947,4
DOI:10.1177/20503121221086712,DOI:10.1093/tropej/fmaa122,3
DOI:10.1177/20503121221086712,DOI:10.1016/j.jad.2021.09.098,3
DOI:10.1002/oby.22861,DOI:10.3238/arztebl.2020.0828,3
DOI:10.1186/s12992-020-00601-3,DOI:10.1186/s12992-020-00627-7,3
DOI:10.1186/s12992-020-00601-3,DOI:10.3390/ijerph17207666,3
DOI:10.1186/s12992-020-00601-3,DOI:10.3389/fpsyt.2020.00751,3
DOI:10.1186/s12992-020-00601-3,"PAPPA S, 2020, BRAIN BEHAV IMMUN, V88, P901, DOI [10.1016/J.BBI.2020.05.026, 10.1016/J.BBI.2020.11.023]",3
DOI:10.1186/s12992-020-00627-7,DOI:10.3389/fped.2020.00573,3
DOI:10.1186/s12992-020-00627-7,DOI:10.1111/cch.12816,4
DOI:10.1186/s12992-020-00627-7,DOI:10.1111/cob.12412,4
DOI:10.1186/s12992-020-00627-7,DOI:10.1177/0020764020972439,3
DOI:10.1186/s12992-020-00627-7,DOI:10.3390/ijerph17207666,3
DOI:10.1186/s12992-020-00627-7,DOI:10.3390/ijerph17228297,4
DOI:10.1186/s12992-020-00627-7,DOI:10.3389/fpsyt.2020.00751,3
DOI:10.3390/ijerph17228297,DOI:10.1093/tropej/fmaa122,3
DOI:10.3390/ijerph17228297,DOI:10.3390/ijerph17196975,3
DOI:10.3390/ijerph17228297,DOI:10.3389/fpsyt.2020.00751,3
DOI:10.1016/j.jadohealth.2021.04.005,DOI:10.1007/s00787-021-01758-x,3
DOI:10.1016/j.jadohealth.2021.04.005,DOI:10.1016/j.jadohealth.2022.06.022,3
DOI:10.1016/j.jadohealth.2021.04.005,DOI:10.1111/jcpp.13586,3
DOI:10.1038/s41598-020-78438-4,DOI:10.1016/j.pcad.2020.04.013,5
DOI:10.1016/j.jad.2020.08.001,DOI:10.1016/j.encep.2020.05.011,3
DOI:10.1016/j.jad.2020.08.001,DOI:10.1016/j.pcl.2021.05.003,3
DOI:10.1016/j.jad.2020.08.001,DOI:10.1016/j.bbi.2020.05.048,3
DOI:10.3390/ijerph18031062,DOI:10.33588/rn.7108.2020381,4
DOI:10.3390/ijerph18031062,DOI:10.12688/f1000research.24457.1,3
DOI:10.3390/ijerph18031062,DOI:10.1007/s10803-020-04577-2,3
DOI:10.1007/s00787-020-01630-4,DOI:10.1016/j.jadohealth.2022.06.022,4
DOI:10.1007/s00787-020-01630-4,DOI:10.1001/jamapediatrics.2020.1467,3
DOI:10.1007/s00787-020-01630-4,DOI:10.1016/s2215-0366(20)30356-4,3
DOI:10.1007/s00787-020-01630-4,DOI:10.3238/arztebl.2020.0828,5
DOI:10.1007/s00787-020-01630-4,"RAVENS-SIEBERER U., 2006, KIDSCREEN QUESTIONNA",4
DOI:10.1007/s00787-020-01630-4,DOI:10.1007/s00787-008-1013-0,5
DOI:10.1007/s00787-020-01630-4,DOI:10.1007/s11136-013-0428-3,5
DOI:10.1007/s00787-020-01630-4,DOI:10.1111/j.1524-4733.2007.00291.x,3
DOI:10.1007/s00787-020-01630-4,DOI:10.1007/978-1-4419-9186-711,4
DOI:10.1016/j.jadohealth.2022.06.022,DOI:10.3389/fpsyg.2022.901205,3
DOI:10.1016/j.jadohealth.2022.06.022,DOI:10.1007/s00787-022-01991-y,3
DOI:10.1016/j.jadohealth.2022.06.022,DOI:10.1093/tropej/fmaa122,5
DOI:10.1016/j.jadohealth.2022.06.022,DOI:10.1016/j.jpsychires.2021.12.058,3
DOI:10.1016/j.jadohealth.2022.06.022,DOI:10.3389/fpubh.2023.1275917,3
DOI:10.1016/j.jadohealth.2022.06.022,DOI:10.1007/s11136-013-0428-3,4
DOI:10.1007/s10578-020-01089-z,DOI:10.1016/j.psychres.2020.113070,3
DOI:10.1038/s41598-021-91299-9,DOI:10.1186/s12887-021-02550-1,3
"CZEISLER MÉ, 2020, MMWR-MORBID MORTAL W, V69, P1049, DOI [10.1101/2020.04.22.20076141V1, 10.15585/MMWR.MM6932A1]",DOI:10.12669/pjms.36.covid19-s4.2759,3
DOI:10.1007/s11999-013-3429-1,DOI:10.1177/0363546518756349,4
DOI:10.1007/978-1-4419-9186-711,DOI:10.1007/s10578-021-01230-6,3
DOI:10.1007/978-1-4419-9186-711,DOI:10.1007/s11136-013-0428-3,5
DOI:10.1007/978-1-4419-9186-711,DOI:10.1016/j.jad.2018.02.037,3
DOI:10.1007/978-1-4419-9186-711,DOI:10.1016/j.janxdis.2009.04.003,3
DOI:10.1007/978-1-4419-9186-711,DOI:10.1186/1753-2000-4-19,3
DOI:10.1007/978-1-4419-9186-711,DOI:10.3389/fpubh.2023.1275917,3
DOI:10.1007/s10578-021-01230-6,DOI:10.1007/s11136-013-0428-3,3
DOI:10.1007/s11136-013-0428-3,DOI:10.1016/j.jad.2018.02.037,3
DOI:10.1007/s11136-013-0428-3,DOI:10.1016/j.janxdis.2009.04.003,3
DOI:10.1007/s11136-013-0428-3,DOI:10.1186/1753-2000-4-19,3
DOI:10.1007/s11136-013-0428-3,DOI:10.1007/s00038-009-5407-7,3
DOI:10.1007/s11136-013-0428-3,DOI:10.1007/s00787-008-1013-0,3
DOI:10.1016/j.jad.2018.02.037,DOI:10.1016/j.janxdis.2009.04.003,3
DOI:10.1016/j.jad.2018.02.037,DOI:10.1186/1753-2000-4-19,3
DOI:10.1016/j.janxdis.2009.04.003,DOI:10.1186/1753-2000-4-19,3
DOI:10.1016/j.pcl.2021.05.003,DOI:10.3390/ijerph18052361,3
DOI:10.1016/j.pcl.2021.05.003,DOI:10.1093/tropej/fmaa122,3
DOI:10.1016/s2352-4642(23)00022-6,DOI:10.1111/nyas.14947,6
DOI:10.1016/s2352-4642(23)00022-6,DOI:10.1016/j.jad.2023.08.070,3
DOI:10.1111/jcpp.13716,DOI:10.1111/nyas.14947,4
DOI:10.1111/jcpp.13716,DOI:10.1186/s13034-022-00546-y,3
DOI:10.1111/jcpp.13716,DOI:10.1007/s00787-022-01991-y,3
DOI:10.1111/nyas.14947,DOI:10.1186/s13034-022-00546-y,3
DOI:10.1111/nyas.14947,DOI:10.1002/jcv2.12150,3
DOI:10.1111/nyas.14947,DOI:10.1016/j.jad.2023.08.070,3
DOI:10.1111/nyas.14947,DOI:10.1177/00048674221090174,3
DOI:10.1186/s13034-022-00546-y,DOI:10.1186/s13034-023-00560-8,3
DOI:10.1186/s13034-022-00546-y,DOI:10.1186/s13034-021-00433-y,3
DOI:10.1186/s13034-022-00546-y,DOI:10.1007/s00787-022-01991-y,3
DOI:10.1186/s13034-023-00560-8,DOI:10.1186/s13034-021-00432-z,3
DOI:10.1186/s13034-023-00560-8,DOI:10.1186/s13034-021-00433-y,3
DOI:10.1186/s13034-023-00560-8,DOI:10.1186/s13034-023-00563-5,3
DOI:10.1136/bmjopen-2020-042871,DOI:10.1007/s00787-021-01739-0,3
DOI:10.1001/jamanetworkopen.2021.42100,DOI:10.1093/sleep/zsab054,3
DOI:10.1016/j.jpeds.2016.11.007,DOI:10.1111/jcpp.13278,3
DOI:10.1016/j.pcad.2020.04.013,DOI:10.12669/pjms.36.covid19-s4.2759,4
DOI:10.1016/j.pcad.2020.04.013,DOI:10.1186/s12966-020-00987-8,3
DOI:10.1093/ije/dyw070,DOI:10.1007/s00787-020-01520-9,3
DOI:10.1093/ije/dyw070,DOI:10.1186/s13034-021-00407-0,3
DOI:10.1093/ije/dyw070,DOI:10.3390/ijerph17155405,3
DOI:10.1093/ije/dyw070,DOI:10.1016/j.jadohealth.2022.05.020,4
DOI:10.12669/pjms.36.covid19-s4.2759,DOI:10.1007/s00787-020-01548-x,3
DOI:10.12669/pjms.36.covid19-s4.2759,DOI:10.1016/j.ajp.2020.102066,3
DOI:10.12669/pjms.36.covid19-s4.2759,DOI:10.1016/j.jad.2021.04.016,3
DOI:10.12669/pjms.36.covid19-s4.2759,DOI:10.1093/qjmed/hcaa110,3
DOI:10.12669/pjms.36.5.3088,DOI:10.1093/tropej/fmaa122,4
DOI:10.1001/jamainternmed.2020.1562,DOI:10.1016/s2468-2667(20)30061-x,3
DOI:10.1016/j.rasd.2021.101757,DOI:10.3390/children7090128,3
DOI:10.3390/children7090128,DOI:10.1007/s10803-020-04577-2,5
DOI:10.3390/children7090128,DOI:10.33588/rn.7108.2020381,4
DOI:10.1016/s2352-4642(20)30110-3,DOI:10.1016/j.jadohealth.2020.03.037,3
DOI:10.1080/13548506.2016.1153679,DOI:10.1016/j.chiabu.2013.05.005,3
DOI:10.1016/j.bbi.2020.05.048,DOI:10.1093/tropej/fmaa122,3
DOI:10.1093/tropej/fmaa122,DOI:10.1186/s13034-021-00397-z,3
DOI:10.1093/tropej/fmaa122,DOI:10.1007/s00787-021-01758-x,3
DOI:10.1093/tropej/fmaa122,DOI:10.1016/j.jad.2021.09.098,3
DOI:10.1093/tropej/fmaa122,DOI:10.3389/fpsyt.2021.711791,3
DOI:10.1016/j.psychres.2020.113070,DOI:10.1016/j.psychres.2020.112992,3
DOI:10.1016/j.psychres.2020.113070,DOI:10.1186/s40249-020-00678-3,3
DOI:10.1016/j.psychres.2020.113070,DOI:10.1542/peds.2020-029280,3
DOI:10.1055/s-0040-1718645,DOI:10.3390/brainsci10120918,3
DOI:10.1111/cch.12816,DOI:10.1111/cob.12412,3
DOI:10.1111/cob.12412,DOI:10.1177/0020764020972439,3
DOI:10.33588/rn.7108.2020381,DOI:10.3390/brainsci10120918,3
DOI:10.33588/rn.7108.2020381,DOI:10.1007/s10803-020-04577-2,3
DOI:10.1001/jamapediatrics.2020.5499,DOI:10.1186/s12887-021-02550-1,3
DOI:10.1016/j.jad.2021.09.098,DOI:10.1007/s00787-021-01758-x,3
DOI:10.1016/j.jad.2021.09.098,DOI:10.1371/journal.pone.0236337,3
DOI:10.1037/tra0001188,DOI:10.1001/jamapediatrics.2021.0541,3
DOI:10.1016/j.encep.2020.05.011,DOI:10.1016/j.ridd.2020.103840,3
DOI:10.1016/j.heliyon.2020.e04315,DOI:10.3390/ijerph17207666,3
DOI:10.1016/j.heliyon.2020.e04315,DOI:10.1249/01.mss.0000078924.61453.fb,3
DOI:10.1016/j.jadohealth.2021.01.011,DOI:10.1186/s12887-021-02550-1,3
DOI:10.3390/ijerph18094668,"BERGER G, 2022, SWISS MED WKLY, V152, DOI [10.4414/SMW.2022.W30142, 10.4414/SMW.2022.W30142]",3
DOI:10.1542/peds.2020-029280,DOI:10.1001/jamanetworkopen.2021.8533,4
DOI:10.1542/peds.2020-029280,DOI:10.1542/peds.2021-051507,6
DOI:10.1542/peds.2020-029280,DOI:10.1542/peds.2019-1576,3
DOI:10.1542/peds.2020-029280,DOI:10.1016/j.chiabu.2020.104709,5
DOI:10.1016/j.schres.2021.08.020,DOI:10.1111/jcv2.12008,3
DOI:10.1001/jamanetworkopen.2021.8533,DOI:10.1542/peds.2020-039628,3
DOI:10.1007/s00787-021-01739-0,DOI:10.1016/s2215-0366(21)00179-6,3
DOI:10.1007/s00787-021-01739-0,DOI:10.1016/j.chiabu.2020.104709,3
DOI:10.1016/j.psychres.2020.112992,DOI:10.1186/s40249-020-00678-3,3
DOI:10.1192/bjo.2021.48,DOI:10.1192/bjo.2021.976,3
DOI:10.1186/s13034-021-00432-z,DOI:10.1186/s13034-021-00433-y,3
DOI:10.1186/s13034-021-00432-z,DOI:10.1186/s13034-023-00563-5,3
DOI:10.1186/s13034-021-00433-y,DOI:10.1186/s13034-023-00563-5,3
DOI:10.1001/jamanetworkopen.2023.14838,DOI:10.1016/j.ajp.2024.103911,3
DOI:10.3389/fpsyt.2020.00751,DOI:10.3390/ijerph17196975,3
"KRAUSE KATHLEEN H, 2022, MMWR SUPPL, V71, P28, DOI [10.15585/MMWR.SU7103A5, 10.15585/MMWR.SU7103A5]","[ANONYMOUS], 2019, ADVERSE CHILDHOOD EX",3
DOI:10.1016/j.jadohealth.2022.05.020,DOI:10.3390/ijerph191811491,3
DOI:10.1016/s2215-0366(20)30356-4,DOI:10.3238/arztebl.2020.0828,3
DOI:10.1016/s2215-0366(20)30356-4,"RAVENS-SIEBERER U., 2006, KIDSCREEN QUESTIONNA",3
DOI:10.1016/s2215-0366(20)30356-4,DOI:10.1007/s00787-008-1013-0,3
DOI:10.1542/peds.2021-051507,DOI:10.1542/peds.2021-053486,3
DOI:10.1016/j.puhe.2020.07.036,DOI:10.3389/fpsyg.2020.559951,3
DOI:10.1186/s13034-021-00407-0,DOI:10.3390/ijerph17155405,3
DOI:10.3238/arztebl.2020.0828,"RAVENS-SIEBERER U., 2006, KIDSCREEN QUESTIONNA",3
DOI:10.3238/arztebl.2020.0828,DOI:10.1007/s00787-008-1013-0,3
DOI:10.1016/j.chiabu.2020.104709,DOI:10.1177/1077559520982066,3
DOI:10.3390/nu12082289,DOI:10.3390/nu13051449,3
DOI:10.1007/s11136-010-9619-3,DOI:10.1007/s11136-021-02781-w,3
DOI:10.1007/s11136-010-9619-3,DOI:10.1007/s11136-021-02852-y,3
DOI:10.1007/s11136-010-9619-3,DOI:10.1037/pas0001051,3
DOI:10.1001/jamanetworkopen.2021.37395,DOI:10.1016/j.jadohealth.2021.09.025,3
DOI:10.1023/a:1016014818163,"FONSECA-PEDRERO E., 2010, ANSIEDAD Y ESTRES, V16, P215",3
DOI:10.1016/j.chiabu.2012.09.015,DOI:10.1177/0706743718808250,3
DOI:10.1007/s11136-021-02781-w,DOI:10.1007/s11136-021-02852-y,3
DOI:10.1007/s11136-021-02781-w,DOI:10.1037/pas0001051,3
DOI:10.1007/s11136-021-02852-y,DOI:10.1037/pas0001051,3
"MCGUINE TA, 2021, J ATHL TRAINING, V56, P836, DOI [10.4085/1062-6050-739-20, 10.4085/1062-6050-0739.20]","MCGUINE TIMOTHY A, 2020, J ATHL TRAIN, DOI [10.4085/478-20, 10.4085/1062-6050-0478.20, 10.4085/478-20]",3
DOI:10.1007/s00787-008-1013-0,DOI:10.3390/ijerph17165973,3
